"gene","rank_metric"
"TRBC2",984.313708367929
"CD3G",791.735860594706
"CD2",639.32267436769
"CXCR6",573.562567714255
"CD247",541.649472612427
"CD3E",508.93011399649
"CD8A",480.583134750971
"ETS1",446.464774528479
"ICOS",437.36288734149
"SH2D1A",418.350442245843
"CXCL13",415.992469539655
"TRAC",414.279432335074
"CD96",386.317071873859
"TIGIT",372.135415154214
"CD8B",367.542035085844
"TRAT1",361.886977240718
"IKZF3",355.994274217745
"CD6",347.813703215646
"TNFRSF25",335.766915602477
"CTLA4",334.995388292049
"IGLV3-19",334.910445812683
"GZMM",334.698955027967
"GZMB",333.654279641743
"P2RY10",318.665393426864
"SKAP1",309.18768358829
"IGHV3-20",304.817247718636
"TC2N",304.741043367967
"PPP1R16B",303.621121297015
"SPOCK2",303.182198951133
"CCR6",300.020909870752
"SLC38A1",297.693610235531
"IL2RB",295.624502162107
"ITM2A",295.298893661167
"JCHAIN",294.061573073931
"GZMH",293.347037184447
"GPR171",291.145671581245
"CD28",287.341252793265
"IGKV2-30",283.492341045137
"LCK",280.397522881722
"BICDL1",278.486225614988
"BCL11B",273.903250998602
"IGHM",273.669401711912
"CCR4",273.288022254799
"TRBC1",272.463205248257
"IGHV3-15",266.326647829819
"SIRPG",265.307998799794
"GZMK",263.095937132938
"IGLV2-8",261.969781860439
"KLRB1",259.074371696202
"TNFRSF18",258.264430204176
"CST7",256.997777808148
"ZAP70",251.094368167149
"GZMA",250.257205139892
"TBX21",250.025695670864
"IGHV3-43",249.088348433602
"ABLIM1",246.159577067609
"RORA",246.110040586677
"SH2D2A",243.011831083134
"FCMR",239.889580945967
"IFNG",239.523965526718
"IGHJ4",238.957663424162
"MIAT",232.757499920258
"CTSW",230.593362336981
"TOX",229.987843087551
"SCML4",228.572762468912
"SIT1",227.111443726279
"CD3D",225.920059194058
"LBH",225.659664757882
"SYNE2",222.392349384919
"TRBV20-1",220.891990509008
"EOMES",219.728517936078
"ZNF184",211.862597887531
"GRAP2",211.800938643504
"MPZL3",211.472230027932
"PDCD1",207.196963526166
"CPNE7",204.708577609528
"GNLY",204.077808008219
"ESPN",201.788298896054
"MS4A1",199.947166463442
"TRBV5-1",199.152501968574
"BIK",198.983241763806
"FAM83D",197.900829281514
"KLRK1",197.843613154671
"ZNF683",197.300234618688
"THEMIS",196.567646357889
"ITM2C",196.534671730462
"ZEB1",194.715109419487
"TRBV27",194.666946744396
"CAMK4",191.624489027127
"PRKCQ",191.052433891284
"LAX1",190.836627703437
"PYHIN1",190.559223826396
"CLEC2D",188.519554963242
"KRT86",184.277083330788
"LINC01871",182.292271380976
"ZNF48",181.800605343
"ZNF831",180.965843267749
"FASLG",180.119762795451
"ITPRIPL1",179.571535296985
"CD79A",178.083391279942
"RBM38-AS1",177.540490061726
"IL32",176.824143338014
"SYTL2",175.779876154985
"SAMD3",175.2539608889
"PRKCQ-AS1",174.211070049684
"AUTS2",173.802430456741
"LINC02446",173.610497027534
"FCRL3",173.00523878958
"CD40LG",172.896997913068
"ZBTB32",172.5691039528
"BTLA",172.233190725212
"UBC",171.809461417027
"TRBV7-9",169.863619638804
"IL18R1",169.510029340902
"ZNF250",169.048755663763
"RRAS2",167.663786397007
"TRBV4-1",167.361739455032
"ZNF14",165.96079000944
"NLRP6",165.520824688273
"TRBV19",163.575243989481
"RAB30",163.29425697642
"KLRC1",162.726941023448
"DAPK2",162.20602673232
"CD200R1",161.658913311288
"TRAV21",160.89516788824
"SEPTIN1",160.761014235516
"IGKC",160.71434769467
"GFPT2",159.514420620279
"MCAM",157.157455034946
"IGHV3-64",156.635763220292
"XCL2",156.570663579049
"GPR25",154.036386969108
"IGLV2-11",153.715321279388
"PPP2R2B",152.649448365379
"NPM1P20",152.290520566281
"TRAV12-3",151.76254295565
"TRBV6-2",151.590983090992
"KLRC2",151.329485511192
"LEF1",150.379760464627
"CXCR4",147.973266501085
"IL12RB2",147.13673032216
"SARAF",146.752252913911
"MT-CO1",146.704499080112
"LSR",146.044323957435
"GFI1",145.996268072884
"CXCR3",145.979029232128
"ANKRD55",145.86538488431
"SPRY1",145.585423971762
"TRBJ2-1",145.556396370171
"NDFIP2",145.276601002639
"TGFBR3",143.780621069161
"SIDT1",143.713232576923
"LCLAT1",143.362170333561
"S1PR1",142.325393962176
"INPP4B",141.999130850805
"IGKV3-20",141.26383653281
"TRBV28",140.568719333281
"LINC00852",138.843146254692
"CLNK",138.523353511353
"TRBV15",137.827119957894
"ZNF416",136.789486418268
"TRAV8-4",136.780590526038
"WNT10A",136.344018270138
"IL7R",135.924071642422
"FBXO32",135.880466702216
"TRBJ2-3",135.834151027038
"TRBV12-4",134.759663005789
"SLFN12L",134.02720082748
"MATK",133.888117565892
"AKAP5",133.488962475661
"LMCD1",132.961897062783
"TRAF5",132.865708087194
"ZNF567",132.718728434299
"BACH2",132.559383715044
"GPR22",131.819737991943
"LINC01550",131.527055254838
"ZFP36L2",131.297991605847
"SMIM43",131.048746049233
"IGHG2",130.746520906394
"TNFRSF13C",130.713194932404
"PLEKHF1",130.629749736928
"TMIGD2",129.819772964961
"CLIC5",129.25367574515
"FAM222A",128.778529513044
"TRDC",128.614088760004
"LINC00426",128.221514175641
"GOLGA8B",128.181174144492
"IL18RAP",128.088144470839
"GLCCI1",127.564104281844
"SLC27A2",127.387932592627
"LAYN",127.376789388365
"XCL1",127.371677477753
"PTPN22",127.105699436464
"TOX2",126.674963990286
"EPHX2",126.514783560169
"POU2AF1",126.208925204557
"RORA-AS1",125.389448647539
"PRKCH-AS1",125.381034256286
"WNT1",124.299704982152
"EEIG1",124.271637422144
"SEMA4C",124.257552409129
"F2R",124.015466239727
"MZB1",123.926908604122
"TRAV17",123.7571418309
"PASK",123.712632090947
"MARS2",122.940074256271
"CTH",122.513463086538
"YARS2",121.927480579275
"TRBV12-3",121.881117880623
"P2RX5",121.796018923754
"TRBV2",121.22528820579
"ZNF211",121.073308711303
"KIF9-AS1",121.021873488778
"NCAPH",120.924452876291
"AP3M2",120.788247634171
"TMPRSS3",120.705279765461
"DPP4",120.355604618946
"TRBV6-1",119.907677941726
"PLEKHB1",119.839405756055
"POU3F1",119.762805184111
"ITK",119.622786497247
"IGHV3-7",119.082380648016
"SLAMF6",118.411950080567
"TOGARAM2",118.2584734787
"CCR8",117.991905923125
"PRF1",117.988889541863
"KIF21A",117.723769832218
"SRGAP3",117.718670165992
"GCNT4",117.202673840607
"FBXO2",116.758490592211
"RASGRP1",116.400419375584
"HELLS",116.188342333598
"ZNF383",115.565446445823
"TRGV10",115.422509865638
"KRT8P33",115.381414474632
"ZNF571",114.898123388088
"TSPAN5",114.847716295544
"NELL2",114.784567582643
"C2CD4D-AS1",114.043352609039
"ZNF550",114.022906963985
"CENPF",113.701035329091
"KIR3DL2",113.185184268982
"HPGD",113.130337751693
"RORC",112.925434701001
"YWHAQP6",112.63581154103
"TRAV19",112.609531624539
"PTPN4",112.513276271667
"TRAV38-2DV8",112.215246260059
"KIF5C",111.654797690795
"AFAP1L2",111.620121842633
"TRAV8-2",111.55946764902
"PBX4",111.366282670136
"HPS6",111.349537427169
"FNDC4",110.653117747453
"KATNAL1",110.57630279692
"FAM184A",109.689616477479
"TOX-DT",109.680380390205
"GATA3",109.627862685565
"RYR2",109.534364938982
"MEGF6",109.236185088412
"NLRC3",109.029451341225
"IGKV2-28",108.841991489964
"RNF157",107.695500287201
"APBA2",107.611622983629
"ADAM12",107.597399303759
"SGPP2",107.09995724299
"CHN1",106.775888775249
"ZNF80",106.754286917804
"GPR18",106.696162581691
"IGLV8-61",106.627254982426
"CENPK",106.396685746948
"TRBV5-4",105.791217855461
"CD27",105.495822472714
"MXRA7",105.455597691989
"TRAV29DV5",104.891307451577
"ELAPOR1",104.854263783133
"NCALD",104.369413654395
"METTL18",104.176818888854
"FCRLA",104.16968758956
"ZNF540",103.848611187878
"XIST",103.201389971066
"ADGRG1",103.167222704488
"FUT10",103.019897199745
"LEF1-AS1",102.914642527386
"TSIX",102.892726014978
"PEX3",102.822109705034
"CD5",102.51457829613
"TMEM204",102.333004466772
"CD7",102.05232088359
"PDE3B",101.823751133211
"PRKCH",101.733584596386
"TRBV7-6",101.573798596113
"ZNF507",101.443602033692
"TTC39C",101.415925432185
"IGKV1-33",101.375346048515
"LINC00861",100.677483675131
"UBASH3A",100.565819939328
"TTC24",100.36497484882
"CD200",100.223973247075
"TRBV9",100.19625441595
"EXO5",99.9909040580926
"IGLJ3",99.6757369144332
"TNFRSF9",99.5612386288554
"HNRNPA1P21",99.3593932897428
"FSD1",99.1171139522128
"STIL",99.0838581394746
"ARMCX5",98.8363857032739
"EXD3",98.8266355390086
"FYN",98.7486282371141
"KIF2C",98.4730016424726
"NT5C3AP2",98.4178897476138
"CRTAM",98.345626405376
"RGPD2",98.2808098558907
"C12orf60",98.2672926193562
"ATG9B",98.2180021554474
"CDK5R1",98.2154091459025
"ZNF227",98.0867955193241
"NAP1L2",97.9155436239518
"KLRG1",97.9073242478858
"COQ10A",97.7236173744449
"ATP8A1",97.510090659424
"LINC00239",97.4335759372778
"TRBJ2-5",97.271224974679
"KLHL25",97.1842410851224
"ZNF256",97.1516757273357
"CNOT6L",97.0718499050574
"ZNF675",96.8570581724662
"SPIB",96.8394859425118
"TENT5C",96.8376977086212
"IDI2-AS1",96.6758113796787
"CASP2",96.656140542045
"RHD",96.5751483051999
"ERCC6L2-AS1",96.3781923050162
"ANKRD36",96.2826156349831
"TRBJ1-1",96.261697125876
"H2AC15",96.1818171959483
"ZNF573",96.0486122300276
"ELOVL6",95.9362274151574
"ADAM23",95.893853551678
"LAG3",95.5157820181491
"PTCSC1",95.4511340341824
"PIMREGP3",95.223682561529
"DOCK9",95.107801262453
"PLCXD2",94.9146069915084
"CDIN1",94.8599040332565
"BFSP2-AS1",94.625822718609
"IGHV4-59",94.6024253348397
"LARGE2",94.4513473277858
"BLK",94.3606850264758
"ZNF566",94.0265904967473
"SIDT1-AS1",93.8401812591244
"ZNF284",93.8150496102092
"TGFB3",93.7880385049442
"SYNM",93.7869054821563
"PARD6G",93.7569159331616
"DCTN6-DT",93.7562071285463
"LINC02273",93.6631935367406
"PEX6",93.2284095834236
"MBLAC2",93.1504126334858
"ZNF222",93.0614255183185
"C2CD4D",93.055371940085
"TRBV6-5",92.9349810365141
"RAB39B",92.8537923986689
"TRDV1",92.8363554802426
"BRDT",92.7625425254492
"SRP72P2",92.6143055524751
"C18orf54",92.5897423433909
"TRAV27",92.5798094557657
"CHPF",92.577724641014
"UCN",92.5690193495446
"FAM30A",92.5641988916374
"MAP1A",92.0308791308043
"RGL4",91.6675593759412
"ZNF599",91.6008487728945
"TRBV6-6",91.4609871227482
"FBLN7",91.2908936604382
"IL23R",91.1343285129003
"ZNF235",91.0737947084933
"TRBV13",91.051090743825
"EFCAB7",90.9130259582656
"CD19",90.8884465530674
"SNTA1",90.5837662747499
"STK17B",90.41502776133
"NTRK2",90.132248849993
"ZNF135",89.8098028593212
"TMEM200A",89.7299130316779
"LINC02694",89.586361206083
"GNG4",89.4817695855059
"DTHD1",89.4259070360427
"OSBPL7",89.3776196471923
"IL2RA",89.2857507521743
"ABCD2",89.2086565066887
"TRBV11-2",89.0612483304303
"BICD1",89.0500155383912
"ITGA6",89.0430728670837
"LINC02084",88.9823321092119
"KMT5C",88.9420392470331
"PIK3IP1",88.7600993295781
"TRBV30",88.5378563481091
"ZNF71",88.0970593834629
"ICA1",88.0841971099065
"LINC02195",88.0481318088249
"IGLV3-10",87.6359166347345
"RNF157-AS1",87.5686604558676
"TRD-AS1",87.4899417229657
"MIR7848",87.4530512598046
"FAM171B",87.3549275735863
"NUDT5P1",87.3163733304567
"TRBV7-2",87.3011321980177
"ZMYND19P1",87.1589648688788
"TRBJ1-5",87.0621882294025
"MAPK11",86.6742726581904
"CA5B",86.2920290852023
"ZNF133",86.2255837844531
"BTNL9",86.1567712124925
"ZNF460",86.0740532763261
"ABCA5",85.6260083687765
"FCRL6",85.5864598980577
"ST8SIA1",85.5286161758672
"OVOL1",85.5192898799434
"KIF3C",85.1150324143992
"DUSP4",84.8400064295692
"OTUB2",84.4975210285475
"TRBD1",84.3840199341985
"ZNF552",83.874545870117
"KIAA1671",83.2485027035315
"ATP8B2",83.147644605684
"TNFRSF13B",83.0418412738709
"LINC01229",82.9735496506644
"CCL5",82.9253435793869
"IGLV2-14",82.8320238040298
"WDR54",82.418596499311
"SPON1",82.404790981176
"IGKV1-5",82.3397606688707
"IGHD3-3",82.2939270269867
"OXCT1-AS1",82.2525503999799
"LANCL1",82.1762939579868
"ZNF286A",81.9461996160186
"TRAPPC12-AS1",81.9448859792127
"CD177",81.8621524074699
"LINC01727",81.8163195001583
"TMEM14A",81.7977411651495
"DMTN",81.7772432680385
"HSF2",81.7639160490807
"TRBV24-1",81.6498392918498
"ZNF484",81.5648734466264
"C10orf88",81.5262511659336
"OSER1-DT",81.381525369674
"TRAV26-2",81.3804472798658
"ANO9",81.366827571612
"ZXDA",81.3033045166121
"CSF2",81.1092110195546
"SPICE1",81.0652710519994
"B3GNT7",81.061974466553
"MMS22L",80.9232853832607
"ABCB1",80.6317885222097
"KRTAP16-1",80.2260095749782
"KBTBD6",80.1841223328835
"AGFG2",80.0412697761946
"AARSD1",79.5092924466902
"DDHD1-DT",79.4596824199403
"RNU6-1152P",79.4391002469394
"FBXO10",79.4143184757238
"TSSK6",79.3336189599469
"ZNF280C",79.2157579445399
"TTC39C-AS1",79.2030634967813
"CERNA1",78.8661773784349
"DPP4-DT",78.8600391671685
"LINC01934",78.5917793963282
"SEMA4F",78.1869326359134
"ZNF776",78.1819072411354
"ZNF66",78.1426464788686
"TRBV14",78.1211717396873
"GALR2",78.1182836838026
"CARD11",77.983909429172
"NKG7",77.8408496550912
"ANKHD1-DT",77.8392402913297
"TRBJ2-2",77.7496033803259
"LINC01126",77.6026790865447
"ACER1",77.5027839210389
"ASB15",77.3090114817104
"ALDH5A1",77.2440682994711
"RNF125",77.1735669910673
"ZNF829",76.8268829677181
"ZNF287",76.7144000831342
"FAAH2",76.6116449351844
"ZBED2",76.4057548333804
"TRGV4",76.1057951356021
"C1QTNF6",75.9458125619056
"TRBV5-6",75.9292064007254
"SLFNL1-AS1",75.9179985543723
"DNAAF2",75.8277839992406
"PBXIP1",75.6063447866142
"ZNF296",75.5361152684454
"TRBJ2-7",75.5250266027848
"NGFR",75.5134248534712
"MAP9",75.3732806083642
"FOXO3B",75.2756873101576
"TSPAN13",75.2111976274553
"IGHJ6",75.0450572889722
"GALNT12",74.7770670334941
"NOS3",74.6861886760031
"ANK3",74.585363307141
"KCNK1",74.5569822081982
"KLF12",74.4144532435815
"TRAV16",74.3978474138962
"CKAP2",74.2628225021911
"ZNF827",74.2363459997282
"PDCD4",74.2253996155974
"TRAV38-1",74.1691626070002
"CCDC102A",74.1355872471201
"LINC00892",74.050133046474
"TAF5LP1",74.0358695198753
"JAG2",73.9016426592666
"NBPF3",73.8224521589578
"TMOD1",73.6898846687655
"ZBTB3",73.6877819763507
"SAMD10",73.6192326760114
"HLF",73.6000920604048
"FBXW4P1",73.5983413185335
"LINC02964",73.2992097889434
"PLEKHG1",73.2521735978205
"LINC01801",73.2085767362512
"DERL3",73.1360603083773
"ZNF569",73.1216905055519
"TRGV9",72.9070272604256
"HSD17B8",72.8880121305788
"ZNF225-AS1",72.7781195399244
"DUSP14",72.6897526277032
"COL23A1",72.5405505138579
"AGAP1",72.5244790710144
"RFXAP",72.4789809477137
"PPP1R2C",72.4216905172779
"LINC00484",72.3796272470175
"ADRB1",72.3370878408818
"INE2",72.2155392061211
"LINC01882",72.139035843378
"ZNF777",72.1207838716294
"BLM",71.9067055645043
"ZNF17",71.7810816049218
"RN7SL749P",71.7517428742144
"SPATA6L",71.5954430045488
"SYBU",71.5413636861881
"ZNF283",71.5108826977307
"DBN1",71.4884104012393
"MAP3K9-DT",71.4060493727567
"SMIM35",71.368345572004
"KLRF1",71.003360591042
"NDUFAB1P1",70.8823048074167
"ZFP28",70.8813193207564
"CDR2",70.8162599972509
"LINC01012",70.8090617350018
"IGFBP3",70.5320838777572
"IFI27L1",70.4344164356154
"DOK6",70.2829492613975
"ZNF343",70.2703401156047
"CEP76",70.0585422207282
"TRAV5",70.0544962497644
"NPAS2",69.998666450377
"GFOD1",69.9886550668669
"CCNE1",69.8358652628517
"KIR2DL4",69.7521820516721
"CIT",69.7471369971133
"C14orf93",69.6828389011458
"SFMBT1",69.568106477887
"ADARB2",69.5534504471147
"KLRK1-AS1",69.5386441371305
"ITPK1P1",69.431141047959
"MIEF2",69.3430111056958
"CMTM8",69.3429210315083
"C18orf15",69.2933694022407
"DTL",69.2927751034247
"TRBJ2-6",69.1408077288662
"SEMA7A",68.9542496587674
"MIR4453HG",68.7957220179986
"TRBV18",68.7897323635973
"TRBJ2-2P",68.7679359321595
"CCNB1",68.6039469741195
"ABCA2",68.5119423437338
"C2orf49-DT",68.4368760201609
"DNAJC18",68.4246695717295
"KIR2DL3",68.3117892328111
"PARPBP",68.3048718051926
"PPP2R5C",68.27866844695
"TRAV4",68.2305901842806
"BEX2",68.1923967982762
"SLAIN1",68.1525058457491
"BRD7P3",68.1086238956529
"WWTR1-AS1",68.0991012154505
"ZNF420",68.0973690212309
"NPTXR",68.0836489929192
"CCDC141",68.0650609200377
"TTC22",68.0441939110676
"SLC4A10",68.0330573710375
"VPREB3",67.9474538536698
"SV2A",67.8508180822452
"PEX11A",67.8204897259688
"NSA2P1",67.8114957464021
"SYTL3",67.7353635702824
"PMCH",67.4873691822099
"MRTFB",67.4815192173081
"C12orf75",67.3387293577812
"KHDC1",67.3230803825773
"PDGFD",67.2598146585995
"LINC01281",67.0631183071842
"EMSY-DT",66.6842329584868
"DPF3",66.5651326738108
"SGO2",66.4677516843566
"NUGGC",66.3858245992979
"WDR76",66.2338334375942
"TRAV3",66.1013951063797
"FOXO1",65.9206647985635
"TPPP",65.7734165376707
"CLP1",65.728534563028
"ATP6V0A4",65.7176616514212
"ACTRT3",65.7140172349819
"VSIG1",65.4105477843115
"GAPDHP2",65.4012027965201
"FBF1",65.3925166116122
"CHD7",65.3193995596309
"TOB1",65.217041822856
"PPL",65.1721847872362
"GAS2",65.1636780373914
"LINC02361",65.1595927970059
"RASGRF2",65.136796516023
"RPL29P27",65.0163481610396
"LDOC1",64.8923695384467
"RBM34",64.8881339039997
"H2BC3",64.8441958795038
"LINC02937",64.8008055180078
"MRFAP1L2",64.7103942111255
"FGFRL1",64.6937714372436
"RPS6P25",64.6286697000549
"ZIK1",64.359165573466
"NCCRP1",64.2870348360971
"TCL1A",64.2846896552463
"TSC22D3",64.2703804674383
"STAG3",64.1830881705655
"NDC80",64.1247643923315
"DYRK1B",64.0786746494606
"LIX1-AS1",64.0528288431336
"EZR-AS1",63.9649379245053
"ZNF92",63.9494877780623
"PAIP2B",63.9040047909506
"TUBA4A",63.8746031296713
"IGHV1-3",63.7303226954367
"FGF9",63.6613992347666
"LIPT1",63.6087767717736
"PARP2",63.4990551577544
"COBLL1",63.4873784556214
"ZNF155",63.4486871759351
"CBX7",63.4108206132975
"CEP120",63.3420624780517
"CDC7",63.3151988440021
"ZNF793",63.3004009203022
"IL21",63.2781463828566
"LINC00402",63.2594828521551
"ZNF570",63.1987935771888
"IL17RE",63.1640058466214
"CXCR5",63.1463363493396
"AFAP1",63.1269823556938
"CDO1",63.0917113675807
"DBH-AS1",63.0786503400592
"CASC19",63.0409351839466
"ASCL1",62.9470355799884
"DPH5",62.8421652159696
"LINC00161",62.7177494711782
"IMMP1L",62.707168936322
"BFSP2",62.6658866548945
"TESPA1",62.6020842629563
"NMUR1",62.5156583142342
"KLHL11",62.449494502291
"TRAV41",62.4475686716891
"RHOD",62.4428391496189
"UFD1-AS1",62.3942487061571
"IGHV3-64D",62.3560065860977
"HLTF",62.3396891470186
"CEP70",62.309464443985
"NUDT19-DT",62.255485994935
"MID2",62.1049828446295
"PSMD10P1",61.9773698878206
"ZNF680",61.8968128776433
"CSRP1-AS1",61.892297862745
"PKIA",61.7503495014692
"TRBJ1-4",61.7429847690311
"SCRN3",61.723303938
"TRIM36-IT1",61.60480674528
"CPA5",61.5735966797265
"DNAJB7",61.4793818453927
"SSX2IP",61.4133112995546
"CHAF1B",61.3675427916125
"ZNF8",61.3670640826145
"SLFNL1",61.3568526007089
"PDXP",61.2430766488844
"CCR7",61.0649334251965
"PHF24",61.0401317180006
"ZNF571-AS1",60.9179818061748
"RCAN2",60.8964307688318
"MAP3K4-AS1",60.8293911050027
"RNF215",60.8272438453167
"TRGC2",60.8269661148199
"NEK10",60.8260720786686
"RAB19",60.6640483344616
"KIR2DL1",60.6229740208392
"SHLD3",60.5814103406757
"TP73",60.5650771664078
"JAKMIP1",60.5452710390865
"ASB16",60.5409035844961
"TRBV29-1",60.4674967084978
"TRIM59",60.4545461952064
"SYTL1",60.2802514821992
"NCK2",60.0093367660757
"ITGA1",59.9307504437875
"B3GALNT1P1",59.7288524715144
"TRGV7",59.6926998054037
"FBXL16",59.6567351480893
"PANK4",59.6422499423497
"CD24",59.5319294058603
"TMEM108",59.5017766203092
"SERPINI1",59.4964331318061
"S1PR5",59.4706421488775
"RUNDC1",59.450720721575
"PA2G4P6",59.3851825924473
"RBM38",59.3550437943699
"GLCCI1-DT",59.2396149669128
"HOPX",59.182185244731
"BUD13-DT",59.1363848289527
"C16orf96",59.074560975119
"LTB",59.0018873311532
"TENM1",58.9963791278013
"ODCP",58.9641488298697
"RPL7P52",58.9322777843145
"NIPA1",58.8512458443876
"TRBJ2-4",58.8128982604595
"TCTN2",58.8037272230979
"ZNF805",58.7945354900585
"NDRG4",58.7457641626339
"TRAV23DV6",58.6877699816702
"ABHD6",58.55037780191
"NIP7P3",58.4806167364231
"TENT5C-DT",58.4732986036822
"ELAPOR2",58.386128217764
"DELEC1",58.3519384200159
"ZBTB41",58.3191831103351
"TESC-AS1",58.2209458888008
"GRAMD1C",58.2050090432785
"SC5D",58.1910691677369
"GPR4",58.1631676851348
"PAX5",58.061150758003
"RAB11FIP5",58.0487322797749
"CRMP1",57.8474442093074
"LINC02498",57.8139139374199
"ANKS3",57.6827187873526
"SPATA33",57.6584076687189
"KIR2DS4",57.6183431405166
"ZNF492",57.6164278702282
"RTKN2",57.5739705693501
"H2BC15",57.5695915284312
"LINC02965",57.5646143353181
"PCSK1N",57.1400128923861
"PZP",57.1237244951444
"LINC00310",57.1009742959711
"ABCC6",57.0709413088491
"ZNF510",56.9800063884815
"H4C16",56.9602867002105
"TMEM256P2",56.9304278932543
"TNFRSF11B",56.8518985801672
"TRAV26-1",56.8317843845514
"CLEC17A",56.8290305074127
"IGHV3-23",56.8109311089475
"ZNF773",56.7190403554698
"SNORA73B",56.6816110508349
"CCNJL",56.6244378930064
"NIPAL3",56.6123564324395
"PIP5KL1",56.5891181172486
"ZNF461",56.5611288028636
"PCED1CP",56.5472668323177
"RPL23AP34",56.5159649847708
"IGKJ1",56.4410635687598
"MTCYBP14",56.3876408707021
"ZNF273",56.3518349319585
"FIGNL1",56.3265442873751
"FAHD2B",56.2255754229784
"LAPTM4B",56.2165052891662
"ZC3H12B",56.1924763528468
"LINC00612",56.0645439480568
"ALOX5AP",56.0605658526048
"DMPK",56.0322154049853
"TPSAB1",56.026560128482
"TET1",56.0080065323559
"CD27-AS1",55.9550255624408
"SH3BGRL2",55.9294465833808
"SH2D3A",55.8879397403166
"FANCF",55.8364285389011
"ZNF212",55.824940150174
"RAB37",55.812918183775
"HNRNPA3P11",55.7928653403386
"PLXNA4",55.7399376665532
"SH2D1B",55.692841024317
"ZNF616",55.6603324112731
"HECTD2",55.505487877327
"DCDC2B",55.4263312789187
"MAGEH1",55.303518847165
"NCAM1",55.2953897520187
"CFAP298-TCP10L",55.2153558503257
"CA10",55.1187891336293
"LCT-AS1",55.062076636201
"KLHL3",55.0503439485343
"DENND2C",54.9944857205453
"C3orf18",54.9634708579623
"MRPS9-AS2",54.9502325154767
"LDB2",54.877370867874
"ESR2",54.6617733465806
"CARNS1",54.5927982801002
"VANGL1",54.4939195065704
"IL21-AS1",54.4821428267946
"CADM1-AS1",54.447269817991
"ZNF816",54.4048432993722
"RPL21P137",54.3637537243843
"GRPEL2",54.3046872181747
"HROB",54.1648138316364
"ASPM",54.1135289148898
"TKTL2",54.0883726414357
"PATJ",54.0553503739082
"S1PR1-DT",54.0408997732741
"TMEM156",54.0036520101359
"TRAV22",53.9804716059461
"WWTR1",53.9058161199231
"IGHG1",53.8693140924075
"TXNDC5",53.811915135517
"CDCA7",53.7924422887721
"KLRC4",53.7807984992916
"PRELID2",53.7352861921595
"TRBV10-3",53.7108231913905
"EFCAB6-DT",53.6798664367006
"ALDH3A1",53.6198443173435
"EFR3B",53.5869596526836
"LINC00930",53.4938310097866
"ACTL10",53.3831237707056
"DOK4",53.3717810734407
"MSANTD7",53.3637928458836
"ST6GALNAC3",53.3485068124723
"ISM2",53.2254778449591
"THY1",53.1786364036872
"DPY19L4",53.1312013245574
"IQCC",53.0180517276523
"TSHR",53.0167179826126
"TNRC6C",52.9497774916489
"IGFBP4",52.8814097797618
"TCP11L2",52.8760735743092
"DDX31",52.853092767797
"HNRNPA1P76",52.8293139842843
"ECEL1",52.823532520517
"PLPP6",52.7412906813642
"GCLC-AS1",52.6888149759737
"CBLB",52.673369641318
"KANSL2",52.6031359362511
"TRAV9-2",52.5824669665152
"POU5F2",52.5315148338833
"ELOVL4",52.525909428159
"ARSK",52.4916681852973
"SAP30-DT",52.4423784860396
"ZCCHC18",52.4366211043009
"POMK",52.4198347885301
"ZNF121",52.3234726345261
"SVIL2P",52.3138749036683
"RN7SL16P",52.2794513716866
"WIPF3",52.2743114648233
"ACTG2",52.095279038813
"ST6GALNAC6",52.0054117276983
"EFNA5",51.9723432521372
"ZFP82",51.8855011867419
"CD70",51.8584981687155
"TRAV13-1",51.7663040446887
"ZNF345",51.5617870300007
"H2AZP2",51.4332697424399
"COL10A1",51.4212500022902
"PNMA1",51.3514426973283
"GAPDHP62",51.2313700445756
"B4GALT4",51.1766414449296
"BMERB1",51.0697287525765
"ACVR2B",51.000581935444
"TMC4",50.9770823607525
"TRBJ1-3",50.9311771590585
"BTG1-DT",50.7900770429006
"ASTE1",50.7830665083663
"TRBV7-3",50.7328226945946
"ZNF790",50.6856954775686
"RNF19A",50.6768196022076
"RDH10",50.5706355583223
"IL1R1-AS1",50.570445749199
"SLC12A2",50.5591029595193
"GRAMD2B",50.549527530142
"CARNMT1-AS1",50.5359728469681
"GPR19",50.4843731474585
"KRT81",50.4716506040679
"NLRX1",50.4614084352612
"DPH5-DT",50.4250539258992
"EPHA4",50.4238331235793
"HUS1B",50.4142979803648
"RPL4P1",50.411026699769
"METAP1D",50.4013889787576
"PRDX6-AS1",50.3879819059547
"ODF2L",50.3766577996036
"FBXO4",50.2708404414163
"ZDBF2",50.2464319206585
"MYO1B",50.2463973851279
"HOOK2",50.2297186793529
"NT5E",50.1673770327702
"SEC14L2",50.1488790132548
"ZNRF1",50.1440586628691
"TRDV2",50.0217298985878
"SYNGR3",50.0053185082588
"PXDN",49.9278367571017
"NTRK1",49.916491583693
"KNL1",49.9068352306566
"SERPIND1",49.8464976287812
"OGN",49.8454320384093
"PI16",49.8267896473234
"SHISA2",49.7136970171093
"TSHZ1",49.6644244880463
"ZUP1",49.6190743507431
"RN7SL589P",49.5804609656322
"RAD51D",49.4949725931986
"MAP10",49.4062799265129
"PPP1R9A",49.3113744200296
"SRSF8",49.1594952302134
"ZFYVE28",49.1518782729491
"ZDHHC15",49.1253916889539
"TPM3P6",49.0879829609182
"TRGV1",48.9904100983367
"MAP7-AS1",48.9886243385925
"TMEM178B",48.9572678297784
"PPIL6",48.951305461705
"H4C12",48.9264158522605
"HOOK1",48.9171277936827
"USP20",48.9169637853626
"MACC1",48.9055673095187
"STXBP4",48.9045204488488
"ARRDC5",48.8106160456648
"MYBL2",48.8042164404694
"CCDC87",48.758455635208
"CD320",48.7295803833831
"KDF1",48.6761312952656
"RGS1",48.590187023306
"ZNF254",48.5623828044414
"TRAJ37",48.5560047399978
"ERP27",48.4654126668173
"ALOX15",48.4152740324333
"ZNF85",48.3376675652256
"FAM171A1",48.3103323482131
"ZNF30",48.1589710694535
"LOXL1-AS1",48.143756294967
"IFT80",48.0756476645274
"DHH",48.0722274806634
"HNRNPA1P40",48.0403471626632
"SHISAL2A",47.9616755904328
"LIMA1",47.8939713700067
"EZR",47.8732712652331
"MSC-AS1",47.8702280062075
"OCIAD2",47.8487195062645
"FAM83F",47.8425654677903
"CD52",47.8183881229245
"ZC3HAV1L",47.8094225724255
"KHDC1-AS1",47.7868855092436
"TRAJ23",47.779937486653
"RFT1",47.775219309287
"TRBV10-2",47.7566794881366
"CENPV",47.7542852262999
"GPR160P1",47.6914598071339
"CNKSR2",47.6574961553525
"ZFP37",47.6031298051153
"MFSD4BP1",47.5704041283134
"CREM",47.5659216796697
"NKILA",47.4635662984174
"FAM111B",47.4189576900079
"SLC28A3",47.3977558081468
"MEOX1",47.3918546533156
"FCGBP",47.3387303409273
"HLTF-AS1",47.3331478984232
"ZNF483",47.3249653518541
"SLC18B1",47.2018416656834
"FKBP7",47.1932060560959
"TSEN54",47.1398127638549
"FOXM1",47.0536311044324
"RPL12P29",46.9975103867804
"PIK3R1",46.9529211795855
"SLC25A32",46.9249665526684
"SHC4",46.8689060209598
"DZANK1",46.86662740477
"CILP2",46.7762026830846
"TRAJ47",46.7597065400389
"ITGA11",46.7167409484922
"CSNK1E",46.7036347344854
"GFOD1-AS1",46.6981331208217
"KIF11",46.6315178288464
"FOSL1P1",46.5989731018217
"TMOD4",46.5424056929978
"ZNF329",46.4998709513112
"FAM117A",46.4310342703664
"B3GAT1",46.4237805424201
"NIPAL4",46.3514438882022
"EDARADD",46.2656415928635
"HMCES",46.2454961233656
"COL27A1",46.1827701511859
"ATP2A3",46.1609882419897
"SLC2A11",46.1521796561123
"RPL21P118",46.1464517483841
"IDI1",46.1418591343234
"CNR2",46.0750525361616
"EEPD1",46.0679448270911
"LINC02482",46.0493158133458
"NBPF20",45.9812264235954
"FYCO1",45.8666424046925
"E2F1",45.773407596079
"FAM169A",45.770306475031
"SRSF6",45.7469545434246
"YRDCP2",45.7038853241195
"MTA3",45.6872192752394
"ZBTB16",45.6170701414375
"TRBJ1-2",45.6142914615277
"GUCA1B",45.512159439663
"PKIA-AS1",45.4846427703416
"USP31",45.4670543008745
"GLB1L3",45.4616515603983
"CTBP2P2",45.4608408018291
"SLC25A6P3",45.4073433385761
"TDRD15",45.280595406415
"DLG3",45.2598801776326
"DHCR7",45.0828225647332
"COX7BP2",45.0675565863631
"KLHL13",45.0443320130132
"HOMER2P1",45.0422729526843
"SYT9-AS1",45.0111889364504
"ZNF737",44.9823987712495
"KLF8",44.9706535613853
"IGHV3-30",44.9290517843746
"PELO-AS1",44.912046354469
"TRBV3-1",44.8310845094783
"TLK1",44.7526045532349
"ZNF875",44.735415038622
"LINC02325",44.7319975407472
"MAF1P1",44.7087607459871
"NMT2",44.7018190436019
"BEND4",44.6907733735782
"HMX3",44.641309987645
"PLCG1",44.6279549427137
"LINC00598",44.5431384716395
"RN7SL442P",44.4750453723312
"STX1A",44.4714518978219
"TIGD1",44.431093033917
"PROX2",44.387340933533
"ZNF230",44.3519623898964
"SKAP1-AS1",44.3477722420964
"RCAN3",44.3458856674321
"FBXO3",44.3126829067531
"H1-12P",44.31086136483
"MYO15A",44.2627237876529
"SMC1B",44.2336063299867
"TRBV7-4",44.2270791166716
"SLBP",44.2003296873095
"HACE1",44.1841390844272
"ACP6",44.1693688150588
"ZNF782",44.07384708478
"CNNM3-DT",44.0088775754612
"MIR3661",43.9880722528885
"LINC01681",43.9580031088926
"NIPAL1",43.9272373250138
"ZDHHC13",43.913509418056
"TRBV4-2",43.9111756191763
"NINL",43.910688891003
"ZNF442",43.8606573116526
"WEE1",43.8224526825056
"CENPA",43.818871331561
"LINC02680",43.7838780561025
"SNRPN",43.7487034908415
"RB1-DT",43.7114474104783
"ZNF746",43.6893791422211
"SNORA66",43.6637747040552
"NPDC1",43.5847623499548
"TRBV7-5",43.5560316871078
"CRACDL",43.5153076294806
"TXLNG",43.4745852702722
"ZNF75A",43.4641046467781
"TSHZ2",43.4350927233889
"TRAV13-2",43.3618642402199
"TRAJ16",43.3325360731886
"OMD",43.3324346727129
"SMIM8",43.3224138195181
"CCDC136",43.3085458595866
"OSBP2",43.2824275906861
"LXN",43.2497388194123
"ZNF793-AS1",43.2236952462837
"KRT8P3",43.2236430288158
"UGT8",43.1999157885119
"ADHFE1",43.1580811701509
"ELN-AS1",43.1345516491674
"FZD3",43.1302534823182
"RABGGTBP1",43.0494069105088
"SNORA46",42.9601978595913
"TINAGL1",42.9489325247028
"TRIM61",42.9303489206596
"MYO6",42.9173216697933
"ROBO3",42.8554439950178
"IGFL2",42.814179680856
"MICAL3",42.780477218249
"P4HTM",42.7751464890274
"RAP2C-AS1",42.7225786828567
"PNOC",42.6206428246578
"ASAH2B",42.5770392564864
"TEX9",42.5731755024753
"ACOXL",42.5681985391423
"ZNF529",42.5618976907818
"CEP126",42.5414221081657
"SPON1-AS1",42.5133649098465
"SNHG14",42.5011146681462
"SYNE1",42.4484313211423
"ST7-AS2",42.4148874296891
"MDH1B",42.4085502908536
"PLEKHG7",42.3842386557796
"LINC02453",42.3258000245267
"EXO5-DT",42.3004164732986
"CDCA2",42.2194879530739
"GLS2",42.2169014395014
"KIAA1217",42.2076860041977
"KCNH4",42.152136185978
"HNRNPA3P2",42.148558148991
"PHLDA1-AS1",42.1473528294755
"ECI1-AS1",42.1436119450971
"CYFIP2",42.0513034939168
"C2CD4A",42.0310980345922
"KIF27",41.9814951558563
"ADPRM",41.894294536222
"ARHGAP15",41.8665764680714
"KCNK15-AS1",41.8338829059969
"ACBD7",41.8241332906892
"COL4A4",41.814122752538
"BORCS6",41.7714736645246
"AMER3",41.7596007439973
"IL1RL1",41.7422253489729
"TRAJ20",41.6792985440601
"RPL36AP25",41.6426146338733
"PCED1B",41.6409240792723
"MAL",41.638733949492
"LTK",41.6057692333904
"PPIAP2",41.5847741972588
"LINC00324",41.5727497254041
"PHF7",41.5694935834796
"CR2",41.5610245923446
"DDX11-AS1",41.5565056687539
"ZNF551",41.5156349390832
"ILDR2",41.4636779338484
"JUNB",41.4470015971392
"ZNF780B",41.4315852747958
"GOLGA5P1",41.418953882136
"ZKSCAN4",41.4020988777977
"BBIP1",41.37919575853
"ANKRD53",41.3704863520117
"SPATA2",41.3202128802619
"CTC1",41.3004416879361
"PPT2",41.2672927253686
"FBXO5",41.2549984379849
"STARD9",41.2148866329793
"ZNF408",41.1930445784254
"DIPK1A",41.181629199074
"ACBD4",41.1807643090383
"MIR573",41.1734127873129
"ZNF574",41.1723068704605
"TMEM30B",41.1719357943885
"PITPNC1",41.1627725114858
"EIF2S3B",41.149545814665
"LINC01507",41.1368283368133
"ZNF57",41.1343360256026
"CHIC1",41.0976123831573
"SOBP",41.0682626897522
"EIF5A2",41.0588355467879
"FMO3",41.0431933948773
"LINC02416",41.0425056489704
"JMJD1C-AS1",41.0396486984487
"TBCC",41.0219978881847
"MRFAP1L1",41.0188522512418
"HCFC1-AS1",41.0088310455427
"DNAH10OS",40.9154229594102
"TADA1",40.9118385949295
"ZNF607",40.9042307218207
"LETM2",40.9022700643325
"MACIR",40.8433031852511
"TRPC3",40.8429904458751
"RETREG1",40.7795718078274
"REG1A",40.6780616703055
"STK17A",40.6691189887672
"IL12B",40.6127012945862
"SWINGN",40.5788105146702
"TRAV2",40.5490219999189
"THAP11",40.5272166790503
"PANK1",40.5255467710149
"CLUAP1",40.5098207372288
"NSA2P6",40.382045877175
"ROR1",40.3664308369207
"ZFP30",40.2901693037224
"NOMO2",40.2598018572294
"PFKM",40.2434124401767
"LINC01962",40.2353549057453
"SPON2",40.2249539757574
"LINC02656",40.2142642078133
"TRAJ40",40.2098032940382
"NDNF",40.2023993170581
"SERP2",40.1653449968716
"PTPN13",40.1440893788397
"FCRL2",40.1015302461883
"TRAV12-1",40.0933253888375
"ZNF786",40.0117236503988
"ACOXL-AS1",39.9975272344885
"WDHD1",39.9260865118758
"MLLT3",39.9179157832511
"ZNF486",39.9032043100262
"FAM78B",39.8593145679053
"ZNF586",39.8378578858945
"LINC03082",39.7637522344862
"MAD2L1",39.7065021928098
"CCNF",39.6530868281213
"SRMP3",39.6450808998582
"IGKV1-39",39.5787861535825
"LINC02312",39.5489058849597
"RPL21P27",39.5488635913763
"LINC01303",39.5122045747652
"DLX4",39.5070085621276
"AGKP1",39.4363887022712
"STN1",39.4340583002108
"MAP9-AS1",39.4317796943905
"CD82-AS1",39.3857693784594
"TOP6BL",39.380097986847
"ZKSCAN5",39.2882573413438
"STX19",39.2628620189375
"ITGAE",39.237709979948
"PRR4",39.1964559338473
"MAP2K6",39.1687302939039
"TTC9",39.141568559014
"TCF7",39.1201963679666
"LRRC34",39.1082518483604
"SKAP1-AS2",39.0847716975146
"CENATAC-DT",39.0688966342889
"PCAT19",39.0336573814828
"STMN1",39.0167327327424
"ZNF8-DT",38.9869364740205
"THY1-AS1",38.9516471654105
"RHOH",38.8806227447449
"CCDC34",38.8606502293583
"PGAP1",38.813283259506
"MMRN1",38.7615243647329
"SERBP1P3",38.7441747551402
"SNAP25",38.7309443258127
"SNORA33",38.6538927662898
"IGHV3-21",38.642293039221
"TBX2",38.6136967893138
"SASS6",38.605108395282
"CLSTN3",38.5494495029471
"LIPT2-AS1",38.4968190712226
"LRRC2-AS1",38.4670069365694
"IMPDH2",38.4408593976578
"ZNF566-AS1",38.4263064971805
"B3GNT2",38.3688725133264
"ZNF554",38.362372228208
"ANXA9",38.3494872062719
"SLC38A5",38.3463768657837
"ZNF671",38.3249044610445
"COQ8A",38.3186392595036
"KRBA1",38.3174318214294
"GOLGA8A",38.3173765318422
"PIM2",38.2650524791233
"SUGT1-DT",38.2358224285871
"DOK5",38.2304786451057
"DNAH8-AS1",38.225729621115
"LINC00200",38.2089601859211
"ANKRD17-DT",38.1955296642969
"TRAJ27",38.178731213503
"CCL22",38.1140616981176
"ANKEF1",38.0830217988008
"GNAO1-DT",38.064851907103
"SMG8",38.0645107099854
"RN7SL738P",38.062423952068
"PKHD1L1",38.0542034857444
"PARD6B",38.005778597779
"RAB27B",37.9779507960615
"SLC12A3",37.9478250242292
"TRAV35",37.9325902748358
"ZC3H12D",37.9315285210393
"KDM2B-DT",37.8398054853102
"TRGV8",37.8393029518545
"ZBTB26",37.7826164494846
"CASK-AS1",37.779530137774
"MRM3",37.7787178731223
"PARP16",37.7478765926733
"ANKRD18EP",37.7398965969874
"COG6",37.7115837066211
"DIRAS2",37.6966516788358
"RIBC1",37.6871559703514
"ZNF792",37.6150395692392
"ATG16L1",37.5931928158996
"GCAT",37.5278245568342
"NCMAP-DT",37.4910893023503
"IGHV4-34",37.4112463713144
"SNAP47",37.3943366888542
"ORMDL3",37.3922668155905
"LINC00944",37.3643008742061
"KIF4CP",37.335786692032
"NSMCE3",37.3214197006966
"TRBV1",37.296167232756
"LRCH4",37.2872381392712
"ENO2",37.2818449610647
"ULBP2",37.2728258124352
"MRPS18AP1",37.2245218577321
"CHD1L",37.2201817070887
"SLC44A2",37.1565679637994
"LDAH",37.1097031444891
"TRAJ42",37.0852688286099
"CGN",37.0140560332161
"ACSL6",36.9325496882649
"OR3A1",36.9044810594222
"DGCR11",36.8450186248035
"DDIT4",36.843143843465
"IGLV1-40",36.8415862954315
"SMAD1-AS2",36.7966946777826
"DNA2",36.7664264431569
"SFXN2",36.7479496924193
"PAN3-AS1",36.7353011738758
"FLICR",36.7343819067428
"NUP37",36.7321003039912
"NXT1-AS1",36.7301893485174
"RELL1",36.7172111705023
"TRIM32",36.7132365215165
"ARHGEF35",36.7079121413472
"ACTG1P20",36.6957278441937
"FARS2",36.6846769004523
"RNU7-18P",36.6668361148437
"VMAC",36.6402031500056
"PAIP1P1",36.622884857595
"PARP15",36.5569815954778
"MYO5C",36.499823635621
"PARD6BP1",36.4930822505458
"CXXC5-AS1",36.4863200194431
"FCRL5",36.4738583101686
"DCAF4L1",36.4473065083458
"ADAD1P1",36.3837733750943
"LANCL3",36.2941982115106
"TIMD4",36.2547343213815
"C1GALT1P1",36.2329333129889
"NAE1",36.2275052494248
"GRK6P1",36.2240986651814
"DDX24",36.2187441910733
"ZNF626",36.1940698414567
"NAP1L3",36.1802348341931
"FKBP11",36.1778710881996
"STX18-AS1",36.1698225190626
"TNFRSF4",36.1654024514811
"GSTM2",36.0953485382498
"LINC02520",36.002789606789
"SPATA32",35.9923621287832
"ULBP3",35.9782049845712
"THNSL1",35.9705096812334
"DRAIC",35.9703859122783
"TRAV20",35.9687226935449
"MATR3",35.9653098134569
"MIR3918",35.9277799656168
"GLIPR1L2",35.9054568843212
"TRAJ5",35.8779107070958
"IMPG2",35.7540743706131
"RPS20P33",35.7509806178719
"BAG2",35.7374174823467
"RNU6-32P",35.6955954798249
"ZNF568",35.6926531543351
"SPANXA2-OT1",35.6635844983493
"ENPP7P10",35.6426484224541
"NTN4",35.6373781838369
"PTP4A3",35.6265798170977
"ADAM29",35.6018992748271
"RNU6-1153P",35.5935493216551
"RNU6-260P",35.5927065595134
"LINC01765",35.5869511282443
"ZNF778-DT",35.567235111083
"MAGEB2",35.5301206345537
"REEP2",35.4998973763382
"IKZF2",35.4958938089576
"NIP7",35.4940326547444
"PLXDC1",35.4786616030892
"NOP58",35.4224610039739
"B3GNT8",35.3003362408608
"ZNF154",35.2609847096916
"FRG1-DT",35.2448059639149
"LY9",35.1674862518075
"ZBTB6",35.1093560377284
"PHEX",35.101423694914
"TRAJ39",35.0757423070421
"CFAP161",35.0210647038351
"RRP8",34.9819522139832
"RPL13AP12",34.970958094668
"DENND2A",34.946291668281
"CNNM3",34.9165075387351
"EEF1B2P7",34.9119506953145
"KIF26B",34.9117178859503
"ZNF230-DT",34.9002963505052
"ITIH1",34.897220535869
"AGBL2",34.8861139794326
"GNG12",34.871123703939
"IGLL5",34.865791304543
"RPL7L1P12",34.8639174780626
"TMEM171",34.8542653220033
"SNORD46",34.8526343422177
"POLR3E",34.8426335461327
"ANKRD23",34.8355317821784
"IGHA1",34.8180203809375
"NMB",34.8002009162886
"OXCT1",34.7795210835182
"CDKN1B",34.7579673411039
"COL5A2",34.7527648558152
"NR3C2",34.74263487544
"DNAI4",34.7030318623426
"LRP2BP-AS1",34.687804956003
"EEF1A1",34.6873813986243
"A1BG",34.6255994733272
"GRPEL2-AS1",34.6196649503432
"PCAT1",34.6171103796006
"VWDE",34.6091448145985
"ZNF747",34.5707099299611
"MCF2L-AS1",34.5612603721528
"CENPQ",34.5416396468113
"ENOX1-AS1",34.5230547485585
"MSL3P3",34.4385469536316
"DPH2",34.4155126051063
"RPL21P89",34.3963458141628
"LINC01970",34.3807633826997
"GLMN",34.3653779956488
"F12",34.3573325610599
"L3MBTL3",34.356737085243
"CYP3A5",34.3451756312834
"CCDC74A",34.3196486722127
"ZBTB49",34.2937188050202
"CFL2",34.2880550017945
"GSPT1",34.2870039937332
"DDIT4L",34.2487473827845
"NAA40",34.2458078477642
"FAM66A",34.2236080105613
"FCSK",34.1881345593855
"ALKBH1",34.1482750170458
"RPP38-DT",34.1382877122535
"TNRC6B-DT",34.1135515824654
"FHL1",34.1050642673784
"ZNF639",34.0633349450082
"IGHG3",34.0455047884492
"ROM1",34.0424004968029
"GPR174",34.0271414306329
"LINC02332",33.9959695567614
"ANAPC1",33.9920194445013
"ERICH6-AS1",33.9230560448641
"FNDC7",33.9176083899288
"LZTS1-AS1",33.9145960052298
"SPAG1",33.8993567188055
"AP4B1-AS1",33.8898574404147
"SNX25",33.8445779720076
"DGKA",33.8335959010379
"PHLDA1-DT",33.8278650901328
"LNX2",33.7937162255716
"PLA2G2D",33.7850091599769
"VIPR2",33.7282983840885
"LINC02288",33.7131656264079
"BOK",33.6861383720834
"BIN1",33.6820366705211
"SMIM18",33.5501430948447
"PEX12",33.5354758778825
"KCNC4",33.5196695511686
"IGHG4",33.5038489232258
"ZNF845",33.5015949785873
"TRBV25-1",33.4803893460653
"EVA1C",33.4301245008764
"RNF32-DT",33.4099960203494
"TSPYL4",33.4055889311983
"PLPP1",33.3884536967956
"ZSCAN5A",33.372788652361
"SOCS2",33.3534092110387
"ZNF253",33.3212781890932
"GPR135",33.2915609520776
"LRRC32",33.1930018868676
"FOXO4",33.1928033049905
"ZSWIM5",33.1870570414591
"TUBG2",33.1752661569018
"NDUFAF6",33.1485100289006
"PPP4R3B-DT",33.1232098346059
"LINC01393",33.1025718245272
"BUB1",33.0635531508406
"CDKL4",33.0602541571478
"ZNF764",33.0376998532385
"REEP6",33.0179021795257
"POLN",32.987927663891
"RNU6-681P",32.9425355116806
"AK3P3",32.9331817005026
"CYP26C1-DT",32.9181923058432
"LINC02315",32.9034729385966
"FAM215A",32.8822397818629
"TCF19",32.8581573178227
"GOLPH3-DT",32.8567513241599
"IGLJ2",32.8522430543187
"RBM14-RBM4",32.8473473638238
"POU5F1P4",32.8174051910634
"TMEM267",32.7968237279987
"CASTOR2",32.7828716703736
"FCRL1",32.7767801519729
"YBX1P4",32.7325583218419
"BTBD8",32.7229994608448
"PRR5",32.6929840686964
"RANBP6",32.6730546875077
"DZIP3",32.625140934705
"MARK2P9",32.6127120293296
"STAT4",32.5544964640426
"PSMG3-AS1",32.5518856565229
"IFNLR1",32.5488836094242
"MIR5190",32.530907363304
"BIVM",32.5205103309166
"SMYD3",32.5182125386205
"TMA7B",32.4636143590716
"HOXA9",32.4460768517642
"TRPA1",32.4306218980443
"PHLDA1",32.3894548686582
"PAWR",32.3663423583141
"SYT4",32.3403692280607
"TRAJ3",32.2944813671759
"USP7-AS1",32.294208173627
"HJURP",32.2724983507739
"TRAJ24",32.2280704659796
"TMEM231",32.2059596806412
"H2BC11",32.2007694229888
"ANKRD44-AS1",32.193398702946
"HNRNPK-AS1",32.1847785656595
"CFAP97D2",32.1683425814392
"RRS1-DT",32.1036597370758
"RPL30P13",32.0670366229532
"PTPRN2",32.0623215305309
"TRBV6-4",32.0371133416736
"FEN1",32.0307602608216
"CDCA5",32.0151377201964
"RNA5SP483",32.0079884755217
"DDX6",31.99578891584
"DND1P1",31.9835661861733
"SKA3",31.9723628106456
"KPNA2",31.9330837161327
"ZFP14",31.8295156435159
"ASNSD1",31.8175799411653
"RASD2",31.7973124572706
"LIX1",31.7390964696575
"PPOX",31.731716724998
"TRAJ38",31.7068560555911
"PARP11-AS1",31.6794619843646
"NSRP1P1",31.6706343516433
"LOXL2",31.6631574657647
"GPAT2",31.6378609285172
"DCTN6",31.5933917812793
"CCDC30",31.5771340040553
"TCAP",31.5547740327003
"SLC9A3R1-AS1",31.5404815990159
"TBC1D10C",31.520644919679
"MT-TY",31.5203242424715
"ZKSCAN2",31.4724076045619
"LINC00544",31.4535166116105
"H2BC26",31.450654617062
"FZD9",31.4130743295868
"B3GALT9",31.3869980739732
"BTBD16",31.347420294617
"KRT8P48",31.3217893299851
"CRYBG2",31.2704628437888
"FRMD6-AS2",31.2688529436963
"CCR9",31.2452516214759
"LINC02320",31.2420849730302
"HABP4",31.237247847261
"RNU6-1316P",31.2207849717538
"PSMD6-AS2",31.1925891265344
"USP11",31.1558765301793
"EYA4",31.1475082584286
"ZFHX2",31.1370410138131
"ZBTB25",31.134121196769
"THBS1-AS1",31.1094589084942
"MXRA7P1",31.064679596622
"MSI2",31.0554247436682
"ZSCAN18",31.0479041033061
"TMEM263-DT",30.992244652731
"KLHDC1",30.9875795564436
"ZNF624",30.9830740973576
"CADM1",30.9721375604939
"HSPA8",30.9646567181555
"MT-CYB",30.9640975483249
"PLEKHH2",30.9562750749587
"MEGF11",30.9560760791411
"SLC43A1",30.948503500131
"PTPRK",30.9407678632147
"RPL18P10",30.9355738240268
"TRAV36DV7",30.9207041452856
"LINC00092",30.8703577298619
"PGM1",30.870067906335
"SMIM11",30.8661289584718
"MORN3",30.8599403529827
"WNT11",30.8019553086354
"ATP2B4",30.7793637877865
"WDR88",30.778937818067
"ADGRG3",30.7535213189054
"PGBD4",30.743973010036
"OFD1",30.741641221108
"TNFSF11",30.7348829703013
"SLC5A5",30.7281650164278
"LNCRNA-IUR",30.7176620942601
"PPWD1",30.7170151346159
"TRAV25",30.7083669690618
"MTHFD1P1",30.705293299426
"RAB23",30.698183801903
"CSGALNACT1",30.6923765606532
"EEF1DP7",30.6274345849051
"COPS8-DT",30.626841286899
"PLK4",30.6255580486076
"SNORD100",30.6173670374994
"SPATA17",30.6113085769709
"IGHA2",30.5825878741183
"NAV2",30.5065908194809
"GLI1",30.4863986331418
"LRIG1",30.4606706455405
"RPP38",30.4217351690041
"ADGRG5",30.386277579213
"MIR4280HG",30.3758361105887
"RPL35AP2",30.3708068611953
"ADGRV1",30.3292020972251
"VDAC2P2",30.2885405247256
"DNAJC30",30.2493951695839
"ZNF613",30.2418144005567
"AQP3",30.2396215620642
"HDC",30.2307342319248
"RBM48",30.2139296954173
"ARRDC3",30.210412354054
"SLC23A1",30.1774462949701
"SARDH",30.1748464614334
"RBM45",30.1655697392133
"ZNF525",30.1497085138955
"SNORA77",30.1264916553725
"NPTX2",30.1215494264951
"DENRP2",30.1162968979548
"LINC02348",30.1005224375469
"RUNX2",30.0971029573616
"RPL3",30.084033626424
"SLC25A38",30.0341435404067
"ZNF669",30.0184064855123
"VWA3A",30.0049463854376
"CUBN",29.9953145074208
"ZSCAN29",29.966862275015
"XKR6",29.9400698914728
"B3GLCT",29.9249930771488
"LINC01936",29.9239494228883
"RN7SL165P",29.9230512268542
"AK1",29.9022709439859
"NLRP14",29.8932470926254
"LINC01977",29.8428038440886
"LINC02357",29.8365110529632
"RGS9",29.8363185962541
"KCNC4-DT",29.8186252597592
"TUB",29.7860076239786
"SMG1P5",29.7856873177702
"SEMA3B",29.7425225258351
"DAB2IP",29.7250242948553
"RPL7AP82",29.7138573232492
"FAM88B",29.693172375227
"TASP1",29.6679343810962
"KCNG1",29.6605567349901
"LINC02422",29.6501192432814
"LMLN",29.6492929282657
"ZKSCAN7",29.6371914341695
"TERF2IP",29.6348426921096
"ELP2",29.6336199339623
"ACTR3BP4",29.6030698273182
"DIXDC1",29.5563628462598
"GTPBP8",29.5563504737945
"PPP1R26P1",29.5497534599337
"EPCIP-AS1",29.5250229188105
"PDE4D",29.5144164245356
"HYKK",29.4865614530234
"CEP128",29.4803422050114
"DPRXP3",29.4763710280722
"TMEM102",29.4607232336781
"MIR6090",29.4491205161215
"FAM66D",29.4329708357741
"SDR42E1",29.3869248555846
"SOX5",29.3773839499431
"PCED1B-AS1",29.3728647295611
"CD69",29.3413121533683
"RASSF1-AS1",29.2899409283285
"CD79B",29.283975348123
"PERP",29.2775606471849
"SNORA22B",29.2583683611011
"ZNF600",29.2445692341187
"TYW5",29.238543229424
"C8orf88",29.2327781574971
"MEIS3",29.2172550407962
"CBX3P5",29.2156048038728
"CDKL3",29.2092089777348
"EPHB4",29.1759276484944
"TPD52",29.1588543906766
"TOLLIP-DT",29.1535144063703
"PGAP3",29.1383169490656
"SLC25A1P5",29.1073153802259
"UBE2SP2",29.1009379175543
"SLC25A4",29.0941432191741
"CPLANE1",29.077349985737
"LEPROTL1",29.0379650153913
"ITPR3-AS1",28.941209160671
"KRTAP5-AS1",28.9410271058225
"SKP1",28.931708993416
"HCCS-DT",28.9210943491038
"ZNF839P1",28.9095367280469
"RN7SL503P",28.8969500536091
"IGKJ4",28.8966863085239
"LINC00885",28.8596216915056
"ZNF365",28.8595176892825
"L2HGDH",28.8372098794685
"TRBV21-1",28.7928491999506
"ATG9A",28.7848477667877
"C2orf88",28.7654404084355
"ZNF446",28.7538964590606
"MAP3K9",28.7432047997434
"SLC35G1",28.7425021797167
"IGHV1-24",28.7358710228499
"MVB12B",28.6788616052977
"PTCH1",28.6751345734293
"GASK1A",28.6664047961588
"TRAV39",28.6454253131745
"TLCD3A",28.5969198330192
"TRARG1",28.5809583390432
"CCDC183-AS1",28.5506629495699
"LINC00665",28.5465078589616
"LINC01465",28.5333404758766
"SCN11A",28.5256641834539
"KRT18",28.5174787909557
"NECAB1",28.5106886701662
"DUSP12",28.5086857839121
"MTRF1",28.4923340656368
"SLC35D1",28.4660589804811
"CCDC127",28.4660369501174
"FBXL4",28.4073266040065
"DDX5",28.3861298189842
"DHODH",28.3831537576993
"PRICKLE1",28.3608175672262
"PARD3B",28.354206119878
"MIR4422HG",28.3476838353211
"RLIG1",28.331820174154
"MMP11",28.3239142415818
"MORN1",28.3151190766968
"LINC02718",28.3081408502625
"C3orf52",28.3022963516742
"LTBP2",28.2976069148652
"CHRNG",28.271511193399
"ITGA2",28.2532532910378
"CCR10",28.248840764532
"CCT4P2",28.2163900857661
"ELMOD1",28.1963220054311
"TNIK",28.1833479326674
"NDFIP2-AS1",28.1574184342859
"VCAM1",28.1472115546376
"HELB",28.1277618620584
"TRAJ28",28.1138550810505
"CIP2A",28.083398432034
"CATSPERB",28.082015339242
"GAPDHP60",28.0563493342543
"IGHV1-18",28.0428067314688
"LINC03062",28.0086682872473
"PIK3C2B",28.0056000634444
"RIC8B",27.985827970733
"BRME1",27.965715174483
"KRTAP29-1",27.96315817164
"XPO4",27.9589382295619
"TIGD3",27.9504899357508
"ARL4C",27.9470359055184
"TRBJ1-6",27.9336015734487
"PLCXD2-AS1",27.926950668917
"TP53INP1",27.9261661724376
"PTPRF",27.9063882378092
"TTC39B",27.8967563528943
"IGKV6-21",27.8821588781835
"PTGER4",27.8765252437736
"TMX4-AS1",27.8738238415822
"PINK1",27.8678756766988
"CNBD2",27.8330336823061
"NEFH",27.8255064214419
"ZNF234",27.8018191948189
"SLC25A42",27.8013957171526
"TJP3",27.7983732038304
"LINC00663",27.7891225964816
"BCL2L15",27.7308589678014
"WFS1",27.7243043299322
"HASPIN",27.6987685857489
"PROSER3",27.6802804209604
"RNU6-790P",27.6771055503474
"MYLK4",27.672712929235
"DOCK6-AS1",27.6426907330084
"NPR2",27.602462558875
"GPR150",27.5994404921822
"CHKB-DT",27.5969060082663
"CLCA4-AS1",27.5373810581676
"MCM4",27.5225432771111
"DNM3",27.5207561609655
"TUBA4B",27.5050064094313
"CDHR3",27.4937021733256
"BBS4",27.4789047779413
"WNT7A",27.4687464944033
"TCERG1L",27.4510124807016
"RNU4-39P",27.4458403922242
"PABPC1L",27.4253710761881
"LY6G5B",27.4014493435553
"RPS23P1",27.3571245045525
"GPR75",27.3274782493414
"AMD1P3",27.3092265920614
"PIP4K2A",27.2910266304694
"ZNF75D",27.2816182351959
"IL1R1",27.281453522654
"RGS16",27.2789744544072
"CALM2P2",27.2702422881139
"CHRNA5",27.2646805510395
"MROH8",27.2263878286745
"ANXA6",27.1777465161661
"SIK1",27.1733844888095
"RN7SL556P",27.1548799183776
"ASF1A",27.132427700172
"LRRC2",27.11782125046
"UBE2D3P2",27.112466632197
"DYNLT2B",27.0954853741069
"NR1D1",27.0852121253606
"LINC02033",27.083211143383
"NR3C1",27.076917002504
"ZNF563",27.072671283074
"TTC36-AS1",27.049709575558
"CCDC171",27.0302190644797
"RN7SL180P",26.9910415928607
"TRBV6-8",26.9839301068653
"PCDH12",26.9716614286046
"POLRMT",26.953003942862
"SAP18P3",26.9448214283453
"FAM182B",26.9422126864053
"HSPE1P27",26.9165814501963
"CALCOCO1",26.881898679773
"TRAV30",26.8813375330996
"NUDT19",26.8736005794131
"TTLL1",26.8075086165079
"DSG2",26.8003112212077
"LNX1",26.786713493196
"RNU6-151P",26.785715380598
"ZNF711",26.7726498445622
"ZNF544",26.741212163528
"LINC01572",26.7379084685285
"CHRNA6",26.7317417367177
"LINC00539",26.7307645488207
"LINC01446",26.7099250646911
"PIMREGP4",26.7018430793548
"SIPA1L3",26.6683427041028
"ATG2B",26.6381897807751
"ALDH8A1",26.6123240611796
"PSIP1",26.5922073639683
"IGLC2",26.5890981662401
"TNRC6B",26.5768425754855
"GMDS-DT",26.5597179437422
"SLCO4A1-AS1",26.5465733294607
"ZNF589",26.5448500760821
"SRP14P3",26.5441512015632
"GGT7",26.4963859739593
"BCL9L",26.4807386565157
"LINC02693",26.4764661077186
"MED31",26.4618627005956
"ITPKB-IT1",26.459677662738
"HNRNPLL",26.4307424065864
"ZNF597",26.4215656517716
"BUB3",26.4153805518855
"SNX9-AS1",26.3965848331257
"ZBTB20-AS2",26.3827964346482
"TULP3",26.3744263317579
"NFATC2",26.3689828873202
"ZNF684",26.3451283308519
"FOXP1",26.3014289002072
"EEF1AKMT1",26.2633750515691
"MTARC2",26.2176111771491
"THEM5",26.205664565719
"MIR3679",26.1665590251103
"MKLN1-AS",26.1517490432965
"ZNF691",26.1481626107733
"USP44",26.130531480673
"ITPR3",26.1213089036998
"GPR82",26.1136468694828
"TRAJ57",26.0995272865934
"EEF1B2P1",26.0515282703336
"MYO5B",26.0076450190646
"GPR68",25.9856224137126
"KANTR",25.9446103250889
"RPL34P10",25.9417871382384
"BSPRY",25.925802082786
"NRBF2P5",25.8915180442935
"DOCK9-DT",25.8483507621045
"VWA3B",25.8225536296736
"PPP2R3A",25.8222797382025
"KLC1-AS1",25.8195788647496
"SNURF",25.8153548617038
"MYH11",25.8109756674495
"RN7SL681P",25.7551690572177
"SOX8",25.7516372213309
"MMADHCP2",25.7503408738739
"SLC22A5",25.7409397676882
"MRPS9-AS1",25.6998688361963
"GINS2",25.6915514631717
"TSPAN5-DT",25.6761027180355
"ANKRD33B",25.6635930275212
"TRAV1-2",25.6519989050909
"IGHV5-78",25.6519167259042
"UBE2G1",25.6241708022648
"LINC00630",25.5870780994383
"TRAJ6",25.5637085283813
"PITPNM2",25.5405029107668
"TSFM",25.532664544946
"SPTBN1-AS2",25.4872571783664
"LEO1",25.4842275355423
"SUPV3L1",25.4811404563008
"KCNJ9",25.4766807395252
"ZSCAN32",25.4715862307859
"PNMA8B",25.4682942319972
"IGHV1-46",25.4479488867641
"PPP1R14BP4",25.4375649427101
"MAPKAPK5",25.4241137842521
"FIGNL2",25.40805879085
"ASH1L-IT1",25.4038422565993
"MACROH2A2",25.4002312405605
"IGLV9-49",25.3870440583583
"ZNF107",25.3862123358742
"SLF1",25.37460989628
"NIF3L1",25.3699452028986
"DENND2D",25.3689034654046
"EEF1DP2",25.3590887952477
"POLR1E",25.3553666487953
"ICAM3",25.3453751831697
"ALG10B",25.3425226636678
"OLAH",25.3080875920249
"LINC02967",25.258629743389
"ZNF101",25.2585234137018
"IGHV3-11",25.2352015393912
"CENPS-CORT",25.2327469444216
"TTC9B",25.205474945517
"DACT1",25.1920617807003
"MIR581",25.1511371886822
"CBX3P3",25.1221475840821
"HECW2-AS1",25.080121745562
"SELENOI",25.0649732800361
"TRAV8-3",25.0640266207514
"TRAV8-1",25.0403037432768
"RPS3AP12",25.0321659149987
"OTUD7B",24.9956049546914
"PHF10P2",24.9597699434658
"KIF3A",24.9462291790473
"IGHJ3",24.9374080102719
"SAP30BP-AS1",24.9251076882149
"TRAJ21",24.8863825238659
"MXI1",24.8817771878712
"GPR34",24.8766452112489
"RPL23AP64",24.8697762863068
"GNAO1",24.8591547515564
"RN7SKP163",24.8457125480634
"RPS18P1",24.8353402835851
"AGBL5-IT1",24.8207045563099
"SLC38A4-AS1",24.802904103701
"TRAV12-2",24.7934266703911
"SENP5",24.7735065620737
"CEP55",24.762746098178
"RAD51",24.7614393244198
"PDGFA",24.7508640759222
"INO80D-AS1",24.7438916991139
"TMEM161A",24.7339733539236
"HSP90AB4P",24.7200445881361
"LINC00513",24.7079710882607
"MARCHF6",24.6794306242209
"RTN4IP1",24.6579325299576
"SPTBN1",24.6534823084144
"RINT1",24.6520230974544
"TEX48",24.6376516385128
"LINC02166",24.6314029788736
"CELF2-AS1",24.6165108976018
"RN7SL443P",24.6104457325271
"FGFR1",24.607848262079
"RPL13AP6",24.6006788799622
"RNU4-26P",24.5958195934925
"HLCS",24.5891477532875
"PPP2CA",24.5859207641966
"ERCC3",24.5834938353261
"ZNF165",24.5649585748206
"RHPN2",24.56067943958
"CASC11",24.5554106810856
"TTPAL",24.5426580576004
"PLET1",24.5286118250265
"UHRF1",24.5114326091936
"SORBS2-AS1",24.5091987257905
"MIR3677HG",24.5004922653821
"MFSD9",24.4868347662409
"RNU6-135P",24.4773943107361
"RHPN1",24.4723874514359
"IGSF9B",24.4432129721469
"TOMM22-DT",24.4240024971598
"EPB42",24.3984206236522
"ZNF257",24.3965565707125
"TAF1A",24.3942691141268
"ZNF295-AS1",24.3431895768207
"TSPYL2",24.3420558555994
"CHRM3-AS2",24.3378416022033
"MCM10",24.3362486597538
"PCOTH",24.3258036651959
"TSSK3",24.3249449000637
"FAM167A",24.2987662110709
"ASIC2",24.2956096298386
"ANLN",24.2907093664068
"PPP1R21-DT",24.2797086453113
"RNY1P15",24.2632192731692
"ZBTB20-AS1",24.2425890102707
"BCKDHA",24.2414677801267
"MBOAT4",24.2263893992866
"BCAS2P2",24.2087542812827
"DGKI",24.1843260411915
"NHERF1",24.1785026016606
"BTG1",24.1441262167614
"ABCF3",24.1104308715089
"MIR5690",24.0960250846897
"ZNF180",24.0958963018877
"ARID5B",24.0808239714225
"TIGD4",24.068453252788
"ERICH6B",24.0417820019754
"CALM1",24.0405857116969
"GPA33",24.0009727359688
"LRBA",23.9823974356798
"PM20D2",23.9794796840905
"PDE6B",23.9771132059604
"PLGLB2",23.944923986669
"NLRP2",23.936621339732
"TRAJ43",23.9146923588134
"SLC2A1",23.8975331701724
"PIGCP1",23.8866767775474
"LINC01967",23.8860626936328
"CDKN2AIP",23.881928592406
"ARL4D",23.869803190569
"FABP3",23.8543690967061
"GPR176",23.8527864629593
"ZNF862",23.8334446404986
"SMN2",23.8306697377274
"SNORD69",23.8160468070559
"ZNF775",23.8013133343964
"APPAT",23.789518483599
"ZNF232",23.7574600088374
"OLFM2",23.7539159786557
"C4orf50",23.7418184089251
"BFSP1",23.7404673794639
"MANSC4",23.7173670871746
"MCAT",23.7137915230645
"NUF2",23.7110409746736
"SVOPL",23.7063663873033
"ANKRD49P1",23.7044398357586
"TRAJ33",23.6972857287343
"AMT",23.6917439825446
"AMH",23.6679372231004
"SEPTIN7P10",23.6411684783035
"RLN3",23.6305343461453
"CASK",23.6297130883399
"LINC02754",23.6197608758052
"USP45",23.5854784915829
"BEGAIN",23.5434971005858
"PCBP1-AS1",23.5113267628038
"STX8P1",23.4932912587308
"ELMOD3",23.4641763505077
"CYGB",23.4547107888743
"VAPB",23.4399372212244
"ZNF324",23.4208300124869
"OIP5",23.4198780410645
"LINC01311",23.4112234788892
"TTC21B",23.4037376980639
"RYR1",23.3568772910937
"TAT-AS1",23.3224804021745
"ZNF747-DT",23.2880898106588
"CDHR5",23.2861407561234
"SLC38A2-AS1",23.2697782513561
"WWP1",23.2597581360148
"YPEL5",23.2595954270062
"GKAP1",23.2548852762968
"NTHL1",23.2046724995556
"NARF-IT1",23.1977107441077
"PTGIS",23.1930788490503
"RPL9P29",23.1886273101839
"MAP3K4",23.187496637603
"MYC",23.1859894005306
"IL16",23.1602742404961
"STAT4-AS1",23.1313818518297
"PRSS16",23.1237464587769
"TPBG",23.1195743076679
"MANEAL",23.1105235452546
"LINC02289",23.1031570885592
"SNHG12",23.0952653460068
"CCL28",23.0888476283617
"PHYHD1",23.083055223357
"SYN2",23.0801624709052
"ZNF260",23.0755383704256
"NPAS2-AS1",23.072836273428
"LINC03107",23.0685007527639
"CYP2R1",23.0554392979814
"MFSD5",23.0528927070777
"RPL32P11",23.0361770116161
"FITM1",23.0068362772278
"SPMIP3P1",22.9990918363011
"NTAN1P2",22.9700319475877
"NAP1L5",22.9633595479911
"ANKZF1",22.946304527074
"RPL21P121",22.9352006060425
"RPS13P5",22.9321186848361
"REST",22.9211316345842
"PRDX2",22.8772332437902
"PMPCA",22.8747957912725
"ATP5MC2P3",22.8625327923997
"RALGAPA1P1",22.8563407509274
"COL5A1",22.8548641007345
"DUSP16",22.8394264194833
"LARP4P",22.8370605296962
"TRAJ10",22.8349409248743
"CNR1",22.833476135165
"LINC02390",22.8146958491189
"SPRY2",22.8143999365244
"ZNF714",22.8070915305654
"RPL21P94",22.7891676147479
"GTF3C5",22.7831098356129
"CENPM",22.7744579329795
"DLGAP1",22.7727226882607
"RN7SKP4",22.7447460223578
"EPPK1",22.7338196065063
"ZFPM1",22.7271659176965
"FAM83A",22.6920640926247
"RHOV",22.6894868942498
"SLFN13",22.6800139585463
"CEP97",22.6617261983267
"DNAJC9",22.6508018744996
"GRAP",22.6481822760924
"PTGES3L",22.6106158263366
"TRAV24",22.6054252097553
"RIOK2",22.5961488474114
"NBL1",22.5953126004724
"IQSEC3",22.5531863278457
"ACSL3-AS1",22.5421624278063
"PCDHB2",22.5393062753439
"CDC42SE2",22.5225858573247
"TMED6",22.5160065960242
"WDR36",22.5068672221936
"ADAMTS17",22.4905973825296
"IGLV1-51",22.4682987486538
"VPS13A-AS1",22.4567384223192
"H1-2",22.4557821374802
"IGLV7-43",22.4375287233203
"RN7SL756P",22.4260619880891
"LIPT2",22.4242717454734
"TRAJ4",22.4052068454358
"MARCKSL1P2",22.3947217471766
"CHRNA1",22.3623748060286
"RASL11A",22.3333350919128
"SRSF10P1",22.3280104530421
"SNORD53",22.3180509378676
"TBCE",22.3019043663089
"MYO1D",22.2983816243935
"NPM1P46",22.2881593993033
"ANKRD34A",22.2818839690397
"ZSWIM3",22.2800874082354
"SLC22A23",22.2608426936598
"CACTIN",22.2556040562439
"TSPYL1",22.2379790771224
"MIR1302-2HG",22.229936824276
"CTBP1-DT",22.2134369705549
"GARIN2",22.2002114323327
"RABGAP1L-DT",22.1957332900643
"NCAPG2",22.1955899037225
"STC1",22.1900167033212
"KRT8P52",22.1867182677815
"CENPL",22.183555484719
"RSL1D1-DT",22.1823485998232
"LINC01364",22.1790435071831
"TACC3",22.1703663265619
"WDR24",22.1290233095597
"ACER2",22.126648042871
"APBB1",22.1186165571163
"YTHDF2",22.1164085106197
"ASCC1",22.1097841162078
"KLRC3",22.1071698092251
"TIGD5",22.0980219985176
"PRKXP1",22.0888357157929
"GNA14",22.087771029123
"TINCR",22.0816314983311
"C13orf46",22.0778978736808
"MED9",22.0659817476671
"PROB1",22.0501048001223
"CTXND1",22.0410612950938
"COX6CP1",22.0385753649468
"DDX28",22.0383333357293
"ANXA10",22.0222256864313
"TCP11L1",22.0138102917549
"C2orf66",22.0080198677383
"DEPDC7",21.9889333604214
"RCN2",21.9825692994986
"CCDC27",21.96984799216
"ZNF529-AS1",21.9538286383299
"MUTYH",21.9531239051081
"LCA5",21.9436939413423
"TRAJ35",21.9344696971945
"OTULIN-DT",21.9282625802727
"CKMT2",21.8846180537289
"YWHAQ",21.8793158178948
"MIR5195",21.8408705812149
"SLC39A14",21.8392291268401
"GTPBP3",21.8129240908299
"HKDC1",21.8077489635597
"ANXA2R",21.8065713543999
"ANKRD36B",21.8037299279501
"SUSD3",21.7973375520711
"C16orf54",21.7868331169323
"CFAP418-AS1",21.78375679381
"ELMO3",21.7716874553017
"METTL24",21.7634514197819
"ADD3-AS1",21.7471377410113
"MAP3K5-AS1",21.7403300699711
"ACTG1P3",21.7237071541315
"ESAM",21.7152202900941
"LRIG2",21.7114250742594
"MIR7854",21.7089715771341
"SAPCD1",21.7059234088261
"MRPL1",21.7057768274299
"HMGB1P14",21.69282503093
"CD8B2",21.6884057028092
"SETBP1",21.6508420045293
"CEMIP2",21.6496979584353
"EDRF1",21.6473544365144
"TMEM106C",21.6454623291887
"GPR146",21.6305304261845
"ARHGEF35-AS1",21.6168601215336
"CCDC183",21.5524846925088
"UNG",21.5475459176637
"SERPINE2",21.5355705183
"ZNF649-AS1",21.5168321315464
"CLU",21.5094775765275
"SLC16A13",21.5073299644702
"SPNS3",21.5060526090018
"ELOA-AS1",21.5019649875326
"MAPK13",21.4830281707701
"MAGEE1",21.479109974154
"KRT8P50",21.4786515217071
"TOMM20L-DT",21.4776873959895
"TRAJ12",21.4502672497129
"KCNJ14",21.4387364935821
"ZFP90",21.4129085636576
"SGSM2-AS1",21.410003386142
"PPM1L-DT",21.4055280797416
"C17orf100",21.3969119116556
"RMND5A",21.3968362634539
"GATA6",21.3733825399919
"TTLL13",21.3714049718284
"PCNX2",21.3607490637212
"NBR2",21.3497732049182
"HNRNPA3P9",21.3479613966558
"FGF2",21.3475944116958
"NDUFV2",21.34392614855
"MIR8071-2",21.3396640971692
"WDR95P",21.3047069069409
"CPEB2-DT",21.2983891967216
"CPTP",21.2941010009126
"CCDC28A-AS1",21.2915632301038
"LDHB",21.2813534820176
"RPS6KB1",21.2340977392901
"DDX10",21.2268860258997
"ZNF142",21.2192031505336
"NRSN2",21.2152748754742
"SLX1B",21.2138949726586
"PAAF1",21.1795083548049
"ATP8A1-DT",21.1719963703744
"ARL6",21.1564843279182
"SHISA8",21.1416520052198
"ANKRD26P4",21.1342862800118
"MXD4",21.1225061259919
"LINC02478",21.0978467397558
"INTS14",21.0976514795382
"TWF1",21.0970549467499
"ATP6V0D1-DT",21.0723604461614
"NOL11",21.0696735361963
"RN7SL824P",21.0683249857997
"PSPC1-AS2",21.066011585708
"RDH16",21.0555606125882
"NDE1",21.040733378923
"RBM25-AS1",21.0354613608368
"BLMH",21.0349666426951
"ZNF585B",20.9896300090799
"SARS2",20.985102137539
"WWOX-AS1",20.9701223867421
"LINC02973",20.9664593043419
"INTS6L-AS1",20.9224136636933
"DLGAP3",20.911046006952
"NECTIN3",20.8895932251606
"STKLD1",20.8870946137382
"EBF1",20.8693658950965
"CTBP1-AS",20.8520182694957
"LINC02397",20.8515011959249
"RAVER1",20.8431351556357
"ASS1P1",20.826759925088
"SNORD11",20.817263850139
"NAP1L4",20.785641632522
"SLC7A4",20.7756957598761
"ZNF138",20.7748864790572
"MUC16",20.7576660926447
"ZNF682",20.7544166952043
"ASTN2",20.7539918355414
"ZNF584",20.7436596043517
"MYOCOS",20.7412320429851
"ZNF236",20.7233559445519
"TRIM4",20.7104157600218
"PDXDC2P-NPIPB14P",20.7099302326639
"TRAJ44",20.6995456101062
"LINC03013",20.6839699504624
"NPM1",20.6631668643166
"MTFP1",20.6631591405733
"SNORD9",20.6503996968677
"LINC02918",20.6424656604301
"ZMYND12",20.6406649849422
"KBTBD4",20.6012008936898
"TMEM185A",20.6004423840792
"RPL13A",20.5992471861927
"KICS2",20.5976858657415
"IGLV3-1",20.5864353447728
"SLC41A1",20.5678610166225
"RPL22P24",20.5551761946631
"TIGD2",20.5190981605888
"EPS8L2",20.5075160170234
"PDCD7",20.5008157191518
"LINC02878",20.4986561766352
"TENM4",20.4981111399102
"IRS1",20.4972799117581
"RN7SKP110",20.4954582084133
"TNFRSF11A",20.4878265386019
"NFIA",20.4806155216052
"GTSCR1",20.4779587820567
"UBXN10",20.4634292521599
"IDH3B-DT",20.4456581285198
"LINC01189",20.4433153106394
"RNU6-80P",20.4296037062084
"GTPBP4",20.4233212728535
"TATDN2P2",20.4211810621278
"ZNF175",20.4165881745379
"PRDM5",20.4137230472232
"UTP15",20.4063737280797
"RPL21P74",20.372026841704
"KLF5",20.3475488424886
"ATP2C2-AS1",20.3456789616395
"EMB",20.3422869979961
"CHI3L2",20.3216743668321
"ALG6",20.3071568663533
"OR2A1-AS1",20.2904514092006
"UBR7",20.2821044882847
"IGHV1-69D",20.2816796411304
"SYDE2",20.2694581645981
"RAD51-AS1",20.2538240524554
"KLF1",20.2434072605687
"ECI2-DT",20.2069966244417
"MPP7-DT",20.1976093987786
"RUSF1-DT",20.1883967792452
"ZNF557",20.1569087461462
"SSBL4P",20.1356935307162
"CCDC18-AS1",20.125573406261
"STUB1-DT",20.1227160836287
"ZNF853",20.0755783792565
"RPL32P2",20.057185901148
"KIF23",20.053278877798
"LINC02865",20.0512912699088
"MAPK8IP1P2",20.0390355671258
"TRAJ41",20.0234856659713
"VIRMA-DT",20.0178937420144
"ZNF140",19.9704865855136
"CPNE4",19.9572007184309
"NPM1P26",19.9388305008314
"MTRFR",19.9258644159372
"ZNF146",19.9109327432318
"MIR3692",19.9098331534483
"H3C4",19.906056092109
"IGHV3-74",19.9045095099891
"HMGA1P2",19.9031540463098
"TMEM232",19.8875043800568
"SLC3A1",19.8866404672628
"SBNO1",19.8828716113565
"ZNF681",19.8785105103666
"IL1R2",19.8703990378959
"LINC00299",19.86201501305
"CDAN1",19.8615430361892
"ADGRF3",19.8537510997954
"ARHGEF34P",19.8483859461102
"JMJD4",19.8415848214051
"SEC14L6",19.8343006945767
"TRAJ36",19.8156086367902
"DPF2",19.8093139624384
"DAAM1",19.8030357041339
"AGK",19.7939378374747
"RNU6-1294P",19.7634817277691
"HLA-DQB2",19.7607791685699
"PAK3",19.757681647712
"CEP250",19.7428243198413
"TRAV14DV4",19.7391305230212
"ZNF274",19.728648806281
"TRBVB",19.7279859638073
"GPR55",19.7269209269378
"PDCL3",19.7142810688136
"AURKB",19.7080613556191
"TMED2-DT",19.6980241803895
"ABLIM2",19.6938765608259
"LINC02202",19.6769726476665
"ATP6V0E2",19.6723643855414
"SPATA13-AS1",19.6669296947519
"RNA5SP477",19.6502545440632
"MUC20",19.6277229886018
"TRIM39",19.6179806123717
"RPS3AP27",19.6167665564358
"TRPV3",19.6160011427206
"NAIF1",19.6108519178005
"LINC02341",19.6065445171761
"CRYBA4",19.5964492488145
"ZKSCAN8",19.593827287573
"NPIPB4",19.5928394688283
"ISCA1",19.5884390542389
"TMEM244",19.5847280451697
"MYRFL",19.5381389414811
"TOP2A",19.5303274029095
"SMAD1-AS1",19.5248503581459
"ARHGEF38",19.5147948881093
"DHCR7-DT",19.5095286611012
"SLC35F2",19.4928586944087
"RNF168",19.4719398885105
"A2M-AS1",19.4655892603988
"ZNF891",19.4515027153266
"RN7SKP23",19.4374525714654
"GLB1L",19.4214582537468
"RPS3AP28",19.3867943338441
"EFNB1",19.3855573734793
"COL8A1",19.3836813442361
"LPO",19.383392908489
"CC2D2B",19.3766083422945
"LLGL2",19.3392321903251
"ZNF251",19.3271115672082
"RNF139",19.3159552121056
"ZNF605",19.3151053658653
"MYBL1",19.3107636769015
"AP1G2-AS1",19.3089866942312
"GHRL",19.3010125808835
"ESM1",19.2824447727422
"ALDH18A1",19.2590227299612
"LINC02531",19.2431926271427
"EBP",19.235971880744
"PIAS4",19.2234838828704
"PRIM1",19.2132807655198
"TRAJ49",19.2003265638224
"ZNF443",19.1949850104593
"OOSP1P2",19.1887669481802
"TTC12-DT",19.1866342335515
"TRIP13",19.1826834834006
"TRAV8-6",19.18261725657
"IL21R-AS1",19.1770624889737
"PLAT",19.1669874619559
"L3MBTL2-AS1",19.1649621559641
"PDE7B",19.140209937888
"NF2",19.136061158138
"DNAJA3",19.1298283615856
"HAUS1P1",19.129259011368
"TNPO1-DT",19.119965390694
"TARS3",19.1175621307311
"DNAI3",19.1007017553616
"GLIS2-AS1",19.0984772064495
"FTSJ1",19.09566673629
"TMEM95",19.0864876502646
"CRYBB3",19.0600781122328
"RSAD1",19.0511265819393
"RN7SL827P",19.0441884122083
"RPL36AP16",19.0117983831967
"EYS",18.9967729121366
"LINC01400",18.9901502927278
"EFNA3",18.9875755615392
"CACTIN-AS1",18.9797269099561
"KATNA1",18.9797003559026
"HMGB1P17",18.9718591797375
"NSMF",18.9691372540458
"ATP6V1FP2",18.9581244631872
"RCL1",18.9573336504589
"MYH9-DT",18.9538976223405
"MTERF3",18.9322466978745
"BBS2",18.9275223732314
"STRBP",18.9245570411988
"COL4A3",18.9217542060669
"USP49",18.9121969594939
"GNAT2",18.9119886390153
"TMEM184B-AS1",18.9104965897562
"TPX2",18.9062354340689
"RPL35AP13",18.8955792610723
"RPL6P24",18.8953287754345
"PA2G4P4",18.8750943572031
"CYP26C1",18.8577784290081
"CDC14B",18.8425655466249
"RNU5A-6P",18.8320387669027
"ZNF765",18.8149099653015
"A2MP1",18.7994610172915
"TRMT61A-DT",18.7936703207877
"UQCC4",18.7852723184403
"MIR1278",18.7782568225495
"RC3H1-IT1",18.7524914480671
"PTPN7",18.7462717031611
"IL21R",18.7445532366744
"EIF4A1P11",18.7350132050674
"STIM2",18.7326340293208
"CNOT10-AS1",18.7276712096632
"CD82",18.7099798446777
"HARS2",18.6972625573503
"RAB40C",18.686296861218
"ARHGDIB",18.682445132954
"WNT5B",18.6646188864079
"PTGES2-AS1",18.6624887460837
"OGT",18.6609507707912
"NEK1",18.636180242708
"TSTD1",18.6317684302683
"ITGA9",18.6300224598015
"CFAP210",18.6212367316327
"CRB3",18.6193088296507
"GDF7",18.6121840647607
"PPP3CC",18.6015430849665
"MAL-AS1",18.6008064730691
"MAPK8IP1",18.5803209416403
"LINS1",18.5775675778048
"PFDN1P1",18.5766518967493
"GPRIN2",18.5120556397573
"AKTIP",18.4966229371528
"ZNF382",18.4953663630085
"AMZ2P2",18.4861096970754
"ZDHHC11B",18.4675927883006
"FAM88E",18.456782545648
"ZNF721",18.4472858160074
"NGFR-AS1",18.4377229935529
"NR1D2",18.4368372841916
"EHD3",18.4325027009017
"PARN",18.4296020372215
"DRG1P1",18.4292192196474
"CDKL2",18.4267321053583
"TMEM121",18.4012678987477
"ARHGEF19",18.372569503551
"FAM149B1",18.3454414076239
"RNU7-3P",18.3440976715612
"YIPF5",18.3358790072288
"LIMS2",18.3271316052957
"BTF3P6",18.3183853340078
"SEC23A-AS1",18.2724200628887
"ERRFI1",18.2701391512413
"KRR1P1",18.2672134977163
"TMCO1-AS1",18.2625417570613
"SLA",18.2561800262392
"DEPP1",18.2453491770574
"MAGED1",18.2296150211251
"ACTR3B",18.223074272484
"NT5DC4",18.2210962836398
"VESTAR",18.2111586254217
"ZNF451-AS1",18.2070841807924
"CDKN2A",18.1790328307815
"CARS1-AS1",18.1752537704457
"LINC02960",18.1747200765058
"SPNS2-AS1",18.1604022263207
"SPTAN1",18.1551792912323
"SOCS5P4",18.1189693453808
"MIPEP",18.09168921096
"THAP10",18.0869909096408
"TGFBR1P1",18.0842702835502
"ZC3HAV1",18.0831344591072
"BBS1",18.0780140297438
"ANKAR",18.0606220978713
"PRSS36",18.0590267005041
"PBX1",18.0517670279176
"MYNN",18.0463585369413
"MEN1",18.0460155024776
"FAM177B",18.0221779493365
"PPP1R36",18.0214551213593
"MRPL10",18.0194850672638
"RAPGEF5",18.0183231030359
"AGT",18.013808364947
"GPC1",18.0090089816296
"GET4",18.0001534303255
"ZNF892",17.9923586326427
"BTBD9",17.9903370542068
"SLX4IP",17.9766143093048
"SPAG16",17.9643238577876
"AURKC",17.9543984479921
"C12orf42",17.929094354599
"TRDV3",17.8990457276713
"RNU7-63P",17.8980898845874
"INSL3",17.8236673925033
"ZNF766",17.8180233782382
"DMTF1",17.8136589644867
"GRM3",17.8118030168058
"RN7SL630P",17.8090855431957
"RPS6P8",17.8086280869252
"ZNF583",17.793407401318
"IKBKG",17.7888620637323
"EXT2",17.7803422625871
"ATOSBP1",17.756082030193
"PREPL",17.7547716850367
"ERCC5",17.7495805853906
"HERPUD1",17.733499962328
"RPL13AP15",17.7322750753948
"SCAT2",17.7322522815244
"RAB40B",17.7277383306151
"LINC00540",17.720203441457
"RAB15",17.7163548613298
"YES1",17.7045397737317
"MDM1",17.6925249586712
"LRIG2-DT",17.6902245111976
"SDHDP6",17.6761135272224
"ARHGEF1",17.6634723166865
"ONECUT3",17.6568206827614
"JADE2",17.647385075677
"FSD2",17.6444776529009
"PRMT3",17.6430212475357
"CTPS1",17.6420760528673
"EFNB2",17.6165526693743
"MIR599",17.6160425339669
"IGLV7-46",17.5973974404367
"SSC4D",17.5935299637035
"UTP4",17.5909189939161
"GNG2",17.5896619705819
"PSMA3-AS1",17.5884213430844
"WFDC3",17.5814884333568
"ZNF26",17.5762189389705
"MIR1972-1",17.5373173724044
"RINL",17.4999492156659
"TYW1B",17.4967060823068
"KCNV2",17.4856744974975
"LINC01963",17.4585189008481
"MALT1-AS1",17.4517219488829
"MME",17.4440587993008
"FBXO21",17.4232048379972
"MARCHF3",17.4014767407931
"PIERCE1",17.4009435249571
"CRIPTOP6",17.3962029025466
"TNFSF8",17.3960410945115
"MED20",17.3789154913693
"TSACC",17.3739637499514
"ENOX1",17.3729264517631
"RIC3",17.3673592912964
"LINC02132",17.352631713757
"ST3GAL3-AS1",17.3252982194326
"IGKJ5",17.3248700010032
"NEO1",17.321943040959
"HNRNPK",17.2977496434531
"HCG18",17.2823748321917
"RNF113A",17.2787567396981
"OCIAD1-AS1",17.2652058175643
"ZNF74",17.2589549280415
"MSLN",17.2559017994534
"GINS4",17.2488349519729
"TOM1L2",17.2465567152505
"LINC03015",17.2241673054185
"DACT3-AS1",17.2195421084999
"TMEM263",17.2060110727004
"TMED10P1",17.2047085886432
"KATNAL2",17.2015197421914
"SMARCAL1-AS1",17.1973545411646
"TBC1D19",17.1914948802944
"RPL7P11",17.186578806237
"RBM5-AS1",17.1722333387253
"SCMH1",17.156310972552
"TRBV5-3",17.1491580701392
"CFAP251",17.1407845437832
"PPP1CB",17.1275582701424
"ZNF134",17.1250160379049
"NOP56",17.1228370105242
"UBR2",17.114112127164
"MAP4K1",17.1132308092813
"OXNAD1",17.1105885638258
"POGLUT2",17.0972391802111
"CALCB",17.0921833718855
"SETD1B",17.0919464495344
"GOLGA8VP",17.0837106632961
"MRPS9",17.0622630042277
"TLE1",17.0541962322124
"TRUB2",17.0436507182826
"ZNF818P",17.0391128822669
"NCDN",17.0370505704099
"H4C2",17.021741611188
"TMEM203",16.9951798129912
"ANXA8L1",16.9771558175266
"AXIN2",16.9759349465903
"KRT8P34",16.9697477441577
"RPL22P3",16.9651501126487
"RFX3-DT",16.9463386075657
"ZNF141",16.944328484127
"IGSF10",16.9066178641054
"CFAP418",16.9010170698233
"TRAV18",16.895344912893
"ATG4D",16.8945719682986
"CAGE1",16.8880043845588
"KIF3AP1",16.8864264779072
"CCNG2",16.8737045904828
"SMAP2",16.8530266428468
"ATOSA",16.8484152300871
"SNORA7B",16.8469377679493
"CPLANE1-AS1",16.8193089250284
"CIMIP1",16.813278481413
"FTH1P25",16.805077183414
"CORO1A-AS1",16.8033579307969
"HSPE1P26",16.8023815757223
"SNED1",16.7999884871144
"ZNF485",16.7979824840448
"MAPK8IP3-AS1",16.7853474715215
"TGFB3-AS1",16.7792391098451
"OAT",16.7569783504547
"IGHVII-74-1",16.7518663327085
"ZDHHC23",16.7435492881827
"ADTRP",16.7432745453954
"GLTPD2",16.739869182528
"PIGZ",16.7366356503043
"PON2",16.7331476543544
"DIP2A",16.732075512555
"RNU6-254P",16.7205050004571
"GOT1",16.7172470562329
"SELP",16.692347185292
"STRIP2",16.6857193878761
"SNORA74D",16.6834067952426
"MIX23P5",16.6809046063501
"PER2",16.6790196537546
"ETNK2",16.6495375969883
"KLHL35",16.6484520984608
"CCDC181",16.6412425163758
"PLEKHA1",16.6199847273258
"IGHGP",16.5963303973504
"WDR27",16.5866414989944
"TRAF4",16.5756689143728
"RPS3AP29",16.574479475842
"ADAMTS19-AS1",16.5685037895049
"BAG5",16.5487088893325
"LINC01275",16.5421603785248
"LINC00562",16.5380246479009
"HEXD-IT1",16.5361938281299
"AMY2B",16.5352445166165
"SCUBE1",16.5286883603717
"SUPT20H",16.5259936244035
"LINC01878",16.5188483871608
"FANK1",16.516923131293
"ZNF394",16.5131551078728
"TBC1D4",16.5120791304881
"KRTAP5-2",16.5018961909926
"TRAJ30",16.4981861109629
"UGT3A2",16.4969341327407
"CDS2",16.4821192261451
"LRRC37A16P",16.4744541891376
"H2AC13",16.4695044137833
"LINC03060",16.4662364022178
"SLC9A3-AS1",16.4651857933894
"HMGB3P32",16.4549039695611
"GMCL1",16.4328945436094
"YWHAZ",16.4277481052345
"HNRNPA0",16.4276869100076
"LRRC7",16.4210252880308
"CCND2-AS1",16.4137630717636
"FAM13B-AS1",16.4137090040211
"H2AZ1-DT",16.4000908453794
"YWHAQP5",16.36315962945
"DUSP11",16.3521873362485
"MIR9-3HG",16.3451064376767
"ZBTB47-AS1",16.3396899839856
"CD248",16.3326250656465
"ZNF79",16.3153459009273
"RPL21P110",16.3153048588021
"ATP6V0E1P1",16.3096958328057
"GCDH",16.3038312818275
"SESN1",16.2888794546256
"RUVBL1",16.2863283417952
"WWC3-AS1",16.2862534056807
"ITGA2-AS1",16.2852044502872
"MAF",16.2687277883192
"UST",16.2660739448344
"IGHV3-49",16.2653782381161
"TCAF2",16.2617325977336
"SPATA2L",16.258630958989
"SLC16A4",16.2424605830941
"PDCL",16.2360842199589
"GCC2-AS1",16.2317644393348
"CABP4",16.2224338996051
"PPP1R3B",16.2122544281632
"GTPBP10",16.2103307541502
"WDR53",16.2079982263496
"SMARCAD1",16.1800615866208
"ICMT-DT",16.1752391330921
"FBXO45",16.1714428663512
"H4C9",16.1565114593839
"NSD3",16.1548490548076
"KAT6B",16.1352350427554
"NEK11",16.1339337427089
"CMSS1",16.1282586038328
"TRAJ58",16.1223660007139
"ZNF528",16.1208621348359
"TMEM202-AS1",16.1130462691982
"PRCD",16.1096339555489
"DUS4L",16.1076550448683
"HNRNPA1P68",16.1054381750784
"ZNF439",16.1047413335306
"MCUR1P1",16.0976166362577
"PIK3CD-AS1",16.0964783296986
"CRYZP1",16.0886741016286
"EGLN1",16.0517348557122
"RN7SL653P",16.0475376189457
"SGO1-AS1",16.031097179832
"SPINK2",16.0149992679696
"MAGED2",16.0104825265545
"PHB1P9",16.0018241869124
"ARID2",16.001603149661
"ST7-AS1",15.9986974542219
"USP13",15.9952038729833
"SAMSN1-AS1",15.9924706320618
"L1CAM-AS1",15.9773057567012
"TYMS",15.973128092078
"SCML2",15.9525042810813
"CDCA7L",15.9501103973365
"WHRN",15.9473754928608
"NME9",15.9438784307514
"HNRNPA3P7",15.935691067194
"CDC37L1-DT",15.9176852470237
"TUBG1P",15.9106089847778
"LINC01887",15.9073380789234
"SNTB2",15.9068850263889
"MIR3665",15.8940495365735
"SLC4A4",15.8929759423972
"TRERNA1",15.8916209807064
"ST6GALNAC4P1",15.8854707305403
"AKNA",15.8743697614411
"PCDHB1-AS1",15.8736096578905
"ASB3",15.8637767734704
"DARS1-AS1",15.8612306833277
"BCL2",15.8393611961713
"SNORA53",15.8361821285808
"RPL36AP30",15.8333985109034
"MIR8066",15.8290007016604
"HARBI1",15.8165433255512
"ABHD15",15.8148539715213
"NAPEPLD",15.8053400101592
"FAM177A1",15.7895583492147
"RBBP4P2",15.783715763291
"BORA",15.7759609247582
"FAM81B",15.7693711034176
"GATA2",15.7686843691086
"HSPA2",15.7560275165501
"RTL10",15.7492277697093
"ZNF620",15.7455189816873
"LINC00689",15.7391141699555
"GTF3C4",15.7353575332714
"RBM26",15.735032778418
"LINC02648",15.7337872849825
"H1-3",15.7333107573856
"ARHGAP20",15.7329190134048
"SNHG9",15.7284399048303
"TRAJ18",15.7264429607889
"LHX4",15.7264384865882
"COILP1",15.6958932174054
"LINC02955",15.6885833312083
"SCRG1",15.6726440080817
"HNRNPA1P54",15.6707462108268
"LRRC8A",15.6595331663297
"MIR4434",15.6451089356274
"LDHAP2",15.6443896708806
"RNY1P16",15.6394882440135
"HMGB2",15.6334613980601
"ORAI1",15.6284255398886
"BCDIN3D",15.6114958866884
"TUBB3",15.586435088909
"TMEM243",15.5739388961774
"SORL1-AS1",15.5626580872155
"RPL21P125",15.5611947847255
"CARD11-AS1",15.554754358696
"DTX3",15.5538103525229
"NKX3-1",15.5487830865257
"TRAJ53",15.5367880564641
"ZFYVE9",15.5305880685732
"UAP1",15.5104692946448
"VAT1L",15.5058189754427
"ADAM19",15.5043613067557
"LINC00184",15.4916445263843
"FRMD5",15.4861480631063
"ETV2",15.4746146732511
"CITED4",15.4712572807467
"LRP2BP",15.4700817173642
"FZD4",15.4604114118948
"TECR",15.4574791777481
"STAG3L5P-PVRIG2P-PILRB",15.442019924613
"GTF3C2-AS1",15.4408730497906
"SLC10A3",15.4207057252808
"ITPKB",15.4190533171609
"KIF22",15.4155663424837
"PPIAP19",15.4112587001862
"FAM215B",15.409423826901
"RASAL3",15.3813683234909
"ZNF45-AS1",15.3777747458704
"RNF139-DT",15.3766458730362
"RPGRIP1L",15.3756366157535
"RNU4-14P",15.3720203480227
"HSPA12A",15.3682779418459
"MSMO1",15.346326702069
"RABEP2",15.343928238202
"VWA5B2",15.3416224948327
"DLD",15.3239584833234
"GRIN2D",15.3230894242665
"CSKMT",15.3167789908933
"MKI67",15.3128994499458
"FAM88C",15.2991889038417
"GPR31",15.2982604066985
"LINC02099",15.2959034629851
"MIR4458HG",15.2957638001265
"ECI2",15.2882306839569
"CLSTN2",15.2861808436569
"GNB5",15.2776252107198
"PKP3",15.2704602340194
"ALMS1",15.2703184092904
"ARHGEF12",15.2387489544295
"RPS3P2",15.2368931788268
"STK16",15.2316235564803
"G3BP2",15.2066171341312
"KLHL28",15.1886946206603
"CRTC3-AS1",15.1881922251044
"PHB1P5",15.1706058196645
"S100B",15.1641711005437
"MIR16-1",15.1525045749019
"PHTF1",15.1495234995152
"ZNF549",15.1459907013097
"RNA5SP439",15.1368452873412
"ABTB2",15.1253031574246
"SMPD2",15.1226541853989
"STARD6",15.1081280248198
"POC1A",15.1034294601978
"TMC3-AS1",15.0871489995543
"LINC01781",15.0619181026656
"ABHD17C",15.0559199529034
"TMEM161B",15.0412390927442
"PSTK",15.0380545210069
"PEF1-AS1",15.0066019460945
"BRD2",15.000779816023
"SEC61A2",14.999737843975
"BTNL8",14.9973646887089
"EEF1A1-AS1",14.9646150325619
"UPK1A",14.9516459459072
"SNHG4",14.9452972671548
"LINC02806",14.9391891223852
"KLRD1",14.9352378612922
"RARS2",14.933887723903
"PSMA8",14.9306498133708
"RN7SKP38",14.8975752628289
"LINC01560",14.8764993739358
"TTC33",14.8555722375883
"TXLNA",14.8479267988464
"SLAMF1",14.8439684833097
"RPS29P5",14.8275101481561
"ACVR1",14.8262141165706
"PRKCIP1",14.8228276488445
"PCNT",14.8217622374597
"HSPD1",14.8185159132933
"UPK1A-AS1",14.8092491973944
"RN7SL334P",14.7887608240206
"MTERF1",14.7833108157582
"SNRK-AS1",14.7800819825814
"SCX",14.7650381092921
"ADAMTSL5",14.7557419866996
"PSMA1P1",14.746764399673
"ADGRB2",14.7433930203979
"BDH2",14.7427187480497
"RPL21P113",14.7317908615835
"ATP6V0E2-AS1",14.7288920237942
"ATF7IP",14.7155588585719
"MIR875",14.7106015836553
"SLC25A23",14.6876944207946
"FBXW8",14.6842294920249
"RNU6-85P",14.6817713998175
"H2BC6",14.6797457640113
"LMOD2",14.6787292661589
"TAT",14.6764647232894
"SNORA16B",14.6680664416489
"DLGAP1-AS3",14.6637686659934
"HNRNPH1",14.6560453594653
"FKBP14-AS1",14.6550096078932
"CDY4P",14.6463921789571
"RNU6-136P",14.6460854998935
"TRAJ48",14.6327976889402
"MED4",14.6170700070649
"KRTCAP3",14.6096755384778
"SH3PXD2A",14.5755121905939
"RAPGEF6",14.5518805409997
"KCNQ5",14.5471151316927
"HOXA6",14.5222977832467
"RN7SKP83",14.5220861708183
"MYEF2",14.5110670695624
"PSAT1",14.5100306127312
"TMEM236",14.5096463531128
"RPL9P32",14.5054571241938
"MT-ND5",14.5038601060335
"POLR2D",14.4984094099706
"FBXW7-AS1",14.4804418180598
"ZNF473",14.4784554290527
"PRKCA-AS1",14.4685028371024
"ACTL6A",14.4684941843192
"THBS3-AS1",14.4670363184628
"CEP290",14.4667810649814
"LINC02345",14.4634897792839
"COX10",14.4533410255265
"BBS7",14.4424747448443
"NPBWR2",14.4245292251377
"PEBP1P3",14.408698867962
"C5orf24",14.3996890854916
"UTS2",14.3756074121372
"MTDHP3",14.3724500111179
"SCARNA18",14.3703537429335
"SHQ1P1",14.3449359074612
"HCFC2",14.3418545012243
"FOXJ1",14.3327894644393
"PIERCE2",14.3119722082386
"PNPLA4",14.2978250903383
"SFRP2",14.2835096390458
"TRDJ1",14.2719367367572
"BRIP1",14.2616039492007
"MIR29A",14.2441977306377
"TRPC1",14.2392214754252
"CLIC3",14.2343337817546
"MIDEAS",14.22169457088
"PBLD",14.2165126705712
"SPDYE12",14.2107813790594
"RPL13AP8",14.205923448685
"LINC00578",14.2051466106451
"TESC",14.2003170091625
"CENPT",14.1927395652606
"RPS2P55",14.1840782210771
"PRKD2",14.1800257163213
"BRMS1L",14.1733063108675
"GSKIP",14.1724985395637
"SNORA40B",14.159849804459
"BOLL",14.1585514246225
"SNORA24B",14.1449947456054
"FAM174B",14.1443664506727
"SNAI3",14.1348751984147
"HMGB1P44",14.1258905103677
"LINC01842",14.1180547644986
"DTNB",14.1135351725281
"SOCS7",14.1051263310533
"UMAD1",14.0854408937523
"RN7SL370P",14.077736647913
"RGPD4",14.0722763580846
"CASP12",14.0667668982931
"ACAP1",14.0534248828607
"HDAC1",14.0364221046986
"ATAD5",14.0328768254522
"C2CD4B",14.0298307936118
"RAB35-AS1",14.0272047496432
"DNAH8",14.0261208763283
"ZNF350-AS1",14.0047250983648
"ZNHIT2",13.9973385110607
"MIR328",13.9758975182046
"ELN",13.9755951506358
"MIR4748",13.9692556868991
"CTBP1",13.9637340779346
"CLK1",13.945801466875
"TRAF6",13.9420714761564
"PTPN11P3",13.939770708903
"PCCA-AS1",13.9367409424684
"LYRM7",13.9297865124273
"NCOR1",13.9275870603427
"BLTP2",13.9249042019352
"TMEM39A",13.9239517933395
"UST-AS1",13.9035034136887
"C6orf62",13.8975192027216
"HIP1R",13.893481729801
"SPACA9",13.8848364856624
"MTM1",13.8704917274665
"DNAAF3",13.8676223695932
"LINC02585",13.8660622684193
"WDR74",13.8622969400726
"RRS1",13.8577730721434
"CFAP36",13.8485985425497
"FHIP2A",13.8434869169212
"RPL34-DT",13.8429448348761
"EOLA1",13.8316917068855
"CYTIP",13.8205186517696
"LNPK",13.8157533949769
"IPP",13.8123856159392
"OSTN-AS1",13.8105407091568
"SLC9A2",13.7975278326063
"CARNMT1",13.7968579831814
"FKBP1AP1",13.7934905175142
"TSSK2",13.7730617067146
"MRPS30",13.7670587543603
"RAD50",13.7520610411738
"BET1-AS1",13.7382532341708
"PCSK4",13.7305589044277
"ATXN7L2",13.7305371432445
"SNORD73B",13.7303144795469
"MIR600HG",13.7298461115213
"COX10-DT",13.7249765720193
"RPL23AP58",13.7234537438558
"NCBP2AS2",13.7143796016153
"RETREG1-AS1",13.6728300161728
"MIR1265",13.6674377385427
"COL6A6",13.6597584169045
"LINC01389",13.6568875674166
"NUP35",13.6428814359561
"VSIG10L",13.6306117550143
"ERCC2",13.6251778344963
"ITGAEP1",13.6059587262616
"GAN",13.6016852076571
"CCNL2",13.6004493628963
"CNPY4",13.5913559220816
"HACD3",13.5787210092817
"NUTM2B",13.5769335727467
"USP28",13.5712674241187
"CFAP45",13.5577559286026
"PHACTR2-AS1",13.5542932785138
"TBP",13.5509168437622
"RILPL1",13.5469435748299
"ARG1",13.5444957107166
"PIGW",13.5418614874107
"MTURN",13.5372541047746
"FIRRM",13.5244548331462
"RNU6-890P",13.5206558978764
"NOA1",13.5196831734388
"ZBTB48",13.5031284119166
"NOS1",13.4979258055846
"TRAJ45",13.4971820880734
"MAST4",13.496278324324
"PRPS1",13.4746008017417
"YEATS2-AS1",13.4618336425486
"NEURL4",13.4308486995816
"TEAD3",13.4125481909912
"CSTPP1",13.4083630810995
"CPSF6",13.3708619825166
"WNT8B",13.367455680052
"LAIR2",13.3625840526451
"PLAC9",13.3558354358906
"UBE2B",13.3453121639706
"TUT4",13.332699991992
"IGKV3D-20",13.3298783244731
"LINC01435",13.3222323110652
"RPUSD2",13.3155849707644
"CIMIP2B",13.3085529171984
"ODF2",13.295809587769
"SEC62-AS1",13.294908708012
"SNORD4A",13.2875942306727
"TAF1B",13.2789433931269
"RN7SKP130",13.2745873057083
"SPATA17-AS1",13.2651154962001
"LINC02209",13.2487828762626
"PIGL",13.2462729540912
"SNHG11",13.2445335258475
"IGLV2-18",13.2407023224666
"CENPS",13.2263306735213
"PLEKHA5",13.2251704114129
"SCARNA1",13.2161519283687
"TDP1",13.2081649169509
"CEP78",13.207357738727
"THUMPD1",13.2073475777109
"RPAP2",13.2059605947562
"COLQ",13.1990124394844
"RPL35AP23",13.1957180043294
"METRN",13.1772673082881
"CACNA1C",13.1691340104507
"PCYOX1L",13.1641750492087
"AP4B1",13.1582001633807
"CAMLG",13.157826587914
"RPL21P134",13.1517671502273
"CLYBL",13.1505408710285
"SH2D5",13.1499164144327
"SNHG10",13.1313545208421
"FKBP5",13.1049443232069
"TRBV5-7",13.0894812472686
"LERFS",13.0832840837227
"GRXCR2",13.0823601958675
"THUMPD3P1",13.0685159715378
"CES4A",13.0683309387283
"MTCO1P12",13.0660863440258
"MARCHF9",13.0599290250697
"SNRPCP19",13.0569804331527
"FAM161A",13.032721752071
"MTCL3",13.0309486254624
"MAD1L1",13.0302623397634
"LINP1",13.0107924695057
"INAVA",13.0035849841631
"LINC01001",13.0022311051477
"AFG2A",12.9995096598118
"PLEKHA3",12.9915123185164
"PPIAL4H",12.9894549096636
"PNMA3",12.9758672797476
"ST7",12.9672729256538
"MIR374C",12.9657903174204
"H2BC8",12.9617851139992
"SNPH",12.9575143560832
"C5",12.9525867872443
"CCDC39",12.9466363634188
"MFSD8",12.936353683585
"CTHRC1P1",12.9328402618409
"RN7SL566P",12.9296661184063
"GHET1",12.9226269324162
"MCM6",12.9172110608014
"ZNF790-AS1",12.9133336595857
"NEMP2",12.9112160380661
"TTC13",12.9077417231503
"PDF",12.9072086893352
"RNU6-1267P",12.9027374374862
"IMMP2L",12.8985798610618
"TWIST1",12.8921281683322
"SLC14A1",12.8913042338807
"GEMIN8",12.8891166771942
"ZNF823",12.8829235129371
"RFPL1S",12.8713839665131
"SYNE3-AS1",12.8697532821993
"ABCG8",12.8555512288418
"LTO1",12.8538373557071
"RRM1",12.8495017205795
"RPL22P18",12.8409395654672
"SENP7",12.8309954143782
"NAA25",12.8308770815625
"ACOT4",12.8281043395228
"CLDND1",12.827751880676
"FAM241B",12.8255676950237
"EDC4",12.8246925196505
"IGHV4-31",12.8240789787084
"DNAH10",12.8147777901097
"ITGAL-AS1",12.7997941425732
"TIMM10B",12.7995770443189
"LINC02725",12.7968869284823
"BTNL3",12.7955630903025
"SLC25A36",12.7914423369924
"NUP133-DT",12.7900502153576
"PLIN2",12.7861166931466
"ZNF799",12.7803411278213
"MUC5B",12.7674784229213
"NRG4",12.763474325834
"NPHP3-AS1",12.754643325771
"RN7SL502P",12.74292661715
"SS18L2",12.7366814052403
"ESS2",12.7341070055758
"ABCC1",12.7258340813078
"KCTD5",12.7225754295363
"DHRS12",12.7212170715715
"HLCS-AS1",12.7179396092948
"ABHD3",12.6931523012466
"HSF5",12.6891445264476
"SLC30A8",12.6879519855292
"OGFR-AS1",12.6862910830615
"HSPA5",12.6724152188932
"HNRNPKP4",12.6455665066216
"ZNF606-AS1",12.6362507696619
"PPP1R2",12.635424272791
"BEND3P3",12.63502430931
"ZBED4",12.6324826908161
"H3P25",12.6267720620796
"TMEM72-AS1",12.6171717210035
"GOLGA6L9",12.605367087367
"STIM1",12.6016637919716
"SEC22C",12.5979109067356
"ASAP1-IT2",12.5922526466076
"CCNDBP1",12.5910965130325
"IGLV2-28",12.5802477668042
"EDRF1-AS1",12.5771252340075
"RPL23",12.5519671634736
"CERS4",12.5422706719671
"RNASEL",12.5410602125126
"RPS26P41",12.5402680072023
"ACTG1P10",12.5308058284721
"RAB33B",12.5079763411211
"RNU6-150P",12.4752302211172
"RBBP7",12.4720485182983
"DUS3L",12.4635124127198
"ATL1",12.460338351996
"GALK2",12.4548994091746
"PLA2G6",12.4527301614819
"GRK7",12.4506668694165
"FBXO42",12.4392772657687
"LINC00987",12.432830566022
"TRERF1",12.4315010464811
"CLK4",12.4276376399831
"TRIM47",12.4238656259035
"LASP1NB",12.423544271465
"SEC14L3",12.4219211061721
"PLEKHA3P1",12.4219031811429
"SPDYE21",12.4183598267503
"HLA-DQA2",12.4153008430315
"TRNT1",12.4120268651199
"TRPV1",12.4043995629183
"SNAP47-AS1",12.4038077090554
"SINHCAF",12.3743944464998
"LCT",12.3740567998062
"NMNAT3",12.3686472469515
"AK3",12.3577432463636
"GLT8D1",12.3469129221477
"SFXN1",12.3420268456909
"POLH-AS1",12.3387170393205
"GSTM1",12.3367588098748
"AIRIM",12.3294847848294
"HSD17B7",12.3261556876564
"TNPO1P1",12.3195256208849
"COPS2",12.3098877005824
"MNS1",12.3061056468714
"DHX8",12.3059308489079
"RNA5SP395",12.3034625112048
"PDCD4-AS1",12.2970827746296
"EVC",12.294307566702
"YPEL1",12.2937097193771
"HS2ST1",12.2904540429345
"SOD1",12.2826140324102
"MIR6719",12.2768360014208
"MED4-AS1",12.2710431049153
"MTMR8",12.2681411978696
"DNER",12.2673273959913
"TRAJ32",12.2635788412423
"ARL6IP4",12.2595701518481
"S1PR4",12.2580250818817
"LRRC37A2",12.2566644025148
"SMIM23",12.2394708180947
"CRIPT",12.233276653391
"TFAP2E-AS1",12.2234179302532
"RGCC",12.2160886756095
"CCDC137",12.2155715428236
"ZNF830",12.2135436021853
"MUL1",12.2128701819496
"ITCH-AS1",12.2128450158844
"TRAJ9",12.2107049345754
"IGKV4-1",12.2095349921919
"UBE2S",12.2069141078138
"HOXB-AS1",12.2053632576235
"MAFA",12.2045928313507
"PHF12",12.1935206283456
"REXO2",12.1918821499561
"SLC18A2",12.1780473747827
"HMG20A",12.1774346869119
"HSPH1",12.1746191143174
"PITHD1",12.1723045945881
"RPL34P20",12.1717883355775
"FASTKD1",12.1675840786897
"SYNM-AS2",12.167548405539
"IL17RD",12.1625233356824
"MFSD4A",12.1502567472055
"CPEB1",12.1401730138172
"E2F8",12.1394440304466
"ABT1",12.1362645836503
"LMLN-AS1",12.1318110230988
"TRIB2",12.1302415805072
"RNF34",12.1272855868755
"GFPT1",12.1269647091509
"SCYL3",12.1239975174504
"TRMT13",12.1125394395232
"CLASP1-AS1",12.1010455760161
"TSTD3",12.085476168979
"MOSPD1",12.0737881727815
"GCATP1",12.0686628641137
"SAMD12",12.0676240110813
"PIGU",12.0591633666584
"PAFAH1B2",12.0587033038121
"NCAL1",12.0537776040975
"WDR73",12.0533899841154
"RHBDL1",12.0518635975379
"HENMT1",12.0490517611701
"TNK1",12.0414651185229
"FASTKD5",12.0320393864507
"ALDOC",12.0265478874108
"CCHCR1",12.01159580976
"CAMK2N2",12.0062178299535
"PPP4R2P5",12.0033029789418
"DENND1C",12.0015992832671
"POLG-DT",11.9943414083353
"NCBP2L",11.9821726958836
"SRGAP3-AS1",11.9819806825242
"PCGF6",11.9778308246492
"RN7SL850P",11.9720790235248
"DNTT",11.9704043830938
"STBD1",11.9701462521129
"C5orf52",11.9662877789446
"ASLP1",11.9629624670201
"ARL2BP",11.9595250523803
"SMARCE1",11.9573240104249
"LINC02958",11.9536767490118
"ZNF367",11.9516779818618
"NENFP2",11.9473291566765
"ECHDC2",11.9398206307938
"NDUFAF5",11.935948865558
"CEP57",11.9286406157539
"HNRNPA1P14",11.9260517095622
"ST8SIA6",11.9192430693731
"CLIP3",11.9122210653866
"CHST12",11.9014250622225
"NIBAN3",11.9009544773283
"STK4",11.8922861510654
"GALNT9",11.8899474846771
"MADCAM1-AS1",11.8811661839691
"KCNK5",11.878671121027
"KCNN3",11.8753901092739
"C1QL3",11.8722212635037
"PDSS2",11.8708851789543
"RNU5E-10P",11.8654922723076
"UPRT",11.8651973977299
"ATAD2",11.8639008445848
"ZNF814",11.8610828264257
"MINDY2-DT",11.8551010192186
"ANK3-DT",11.8513784344031
"LDHA",11.8455140135357
"WARS2-IT1",11.8436638575486
"TAB3-AS2",11.8421830092097
"SEPTIN7P1",11.8368552357969
"RASAL1",11.8364412310171
"EXOSC6",11.830711195207
"POF1B",11.8091317305367
"RPL7AP65",11.8089032199699
"APOBEC3D",11.8044684581754
"ZNF331",11.7970902349905
"RESF1",11.7967162827461
"SMIM33",11.793138096951
"HAT1",11.7863040891652
"SLC12A2-DT",11.77164420675
"FABP5P2",11.760069619842
"TRAJ8",11.7566496369469
"BSCL2",11.7449455105088
"RNU6-79P",11.7439364968363
"KRT17",11.7428945963331
"TRDJ3",11.7409920226
"ARK2N",11.7385122521682
"B4GAT1",11.7315387438014
"TBX6",11.7161966915739
"CENPH",11.7137691983188
"CDCA3",11.7127954608695
"SCART1",11.7127537313194
"TPRKBP2",11.692679050273
"FAM53B-AS1",11.6811493544067
"LINC02366",11.6785467253499
"ZSCAN16-AS1",11.6742614357898
"SPEF2",11.6718674327148
"RO60",11.66246262941
"RPL17P9",11.6545534296469
"TRGV2",11.6538829645019
"ACAD8",11.651480534394
"CEP72",11.6410487557949
"SIMC1",11.6396625110788
"ENOPH1",11.6309757406045
"CCSER2",11.6143404138927
"GSPT2",11.613902153555
"IGHV3-32",11.6138725056041
"SMCHD1",11.6116055510665
"IRAG2",11.6114785930087
"MFAP1",11.6103898830863
"IGFBP2",11.603697837542
"RBM4B",11.6009053106744
"C9orf78",11.5946385727821
"CEP83-DT",11.5943611877731
"THBS3",11.5903665579236
"TFB1M",11.5863584755387
"PHLPP1",11.5784884455584
"RPL28P2",11.5765135209472
"HOXD1",11.5731859291995
"SNRPCP4",11.5572348807151
"CDK17",11.55716059531
"SLC29A1",11.5560461396089
"HSP90AB1",11.5495990040945
"C6orf136",11.5431648226823
"MOAP1",11.5345201090975
"SFI1",11.532797734292
"MLST8",11.5295399873554
"TRAV6",11.5247089207848
"SNX25P1",11.5080138977668
"GSTM3",11.5064747092452
"NAA16",11.5030989287965
"LINC00624",11.4840721779306
"AGMAT",11.4794582817621
"PVT1",11.4735738098589
"TFIP11",11.472725536137
"GPRASP1",11.4724532962177
"TFB2M",11.4686923449612
"SACM1L",11.4679656205566
"FAM53B",11.4626284048422
"PATL2",11.4607834311968
"SGMS1-AS1",11.4597901969873
"LINC00529",11.4585043342433
"SH3RF2",11.4558763406161
"DUTP2",11.4481561702645
"SCMH1-DT",11.4362704299785
"HBS1L",11.4353823986244
"ALPK3",11.4291292013802
"RPL12P49",11.4272840529193
"DKK3",11.4248639128447
"H2BC5",11.4238699148248
"ADRB2",11.4217663971179
"PSPC1",11.4119244538614
"HTRA1",11.408763278493
"LCTL",11.407316983828
"CCDC191",11.3876107920177
"SNORD53B",11.379908703409
"PEMT",11.3682711343443
"RPS9P1",11.3610693905867
"SLC16A14",11.3606855179846
"ATF6-DT",11.3477924204591
"DLL1",11.3447828519397
"PHC3",11.3368437923322
"MBP",11.3282833349464
"LRRN4",11.326590404885
"SNORA74C-2",11.3192354145132
"ZBTB21",11.3011712149903
"TMEM272",11.2998811163502
"UBXN7-AS1",11.2978006167846
"ZNF440",11.2975988083924
"SRXN1",11.297584730909
"FBXL14",11.2831561343268
"FMO5",11.2698913956045
"RNF121",11.2685428456136
"CCNT1",11.2571661202726
"MYORG",11.2468877530772
"ASAH2",11.2456545880194
"ZGPAT",11.2328010405739
"SLC25A15",11.2322929305671
"PRDM4",11.229830505414
"GSDMB",11.2287974142709
"SEL1L3",11.2260921087254
"FAM90A1",11.2212919108554
"COG7",11.2075104605713
"SLC16A1",11.2022381118024
"KCNH1",11.1977216080529
"FAM88D",11.1943384967968
"CERS3",11.1911759109757
"RNU6-5P",11.1846306713641
"PPM1K-DT",11.1711866046334
"RNA5SP165",11.1709015643239
"SNORD14E",11.16522494383
"GRAMD1B",11.1634650529387
"MAT2B",11.1581506712323
"LINC00205",11.1544176236135
"SEPTIN7-DT",11.1493602983411
"ZFP62",11.1471807764824
"GRK5",11.1418187304832
"RNU6-319P",11.1323525391866
"SLC9A6",11.1321902965268
"IGLV1-44",11.1295737319516
"PRDX2P1",11.1279041118482
"FOXP3",11.1265718910576
"TAF9BP2",11.1260825725957
"EIF3J-DT",11.1260029649145
"BBS12",11.1199463461333
"BCKDHB",11.1158707237407
"DDHD2",11.1054499418793
"TMEM40",11.0934739877975
"GADD45A",11.089675763127
"CAPN1-AS1",11.0848857821283
"B4GALT4-AS1",11.0838907111847
"ZNF587B",11.0725504082967
"DPYSL4",11.0569173979697
"SLC6A14",11.0564835631138
"ZNF33B",11.0451017709381
"NAT1",11.0390117639075
"KMT2E",11.0217584030785
"RSBN1",11.0161775088052
"RNA5SP68",11.0145543882821
"TSTD2",11.0011285291549
"PGLYRP2",10.9995831372965
"PPM1K",10.9924144307468
"KANSL1",10.9712166438168
"FBXO8",10.9662595206282
"WNT3",10.9646869386743
"PLLP",10.9645205124231
"PDIK1L",10.963412235362
"MISP3",10.9618142981604
"ARHGEF3",10.9585014797167
"SAP30P1",10.9488212886625
"AMY2A",10.9399263521202
"RAB36",10.9373038917311
"CAPRIN2",10.9328973152016
"ELP1",10.932046247392
"TRIB3",10.931102232434
"PDCD6-DT",10.9149031998484
"SLC1A1",10.9128378907592
"DNHD1",10.9073161941185
"SBNO1-AS1",10.8977317385227
"POMGNT1",10.8911923644559
"BRD1",10.8900576916305
"CERS5",10.8842034751439
"LMBRD1",10.8799404925533
"FANCG",10.8674494303261
"MIR6124",10.8653089179317
"PARP8",10.8626695605564
"TNKS2-DT",10.8504857028129
"BCORP1",10.8496401715766
"ROBO1",10.8485226330578
"RBM39",10.8438138882503
"TTC28-AS1",10.8415160038243
"KLHL7",10.8262635595928
"MIR1296",10.8257178779293
"ANKH",10.823679650645
"JCAD",10.8146375062986
"GOLGA3",10.8112002755348
"NOMO3",10.8038288956171
"PVALB",10.8032893597294
"AFF3",10.7939345253301
"PLCH2",10.7681306342113
"CTR9",10.7627965021096
"MTMR2",10.7549124829057
"ISOC1",10.7495258156076
"POLH",10.7393878348795
"CENPC",10.7258337630009
"DBF4P1",10.7142297697054
"SEMA3F",10.7131192844472
"RAB3IP",10.700589165354
"EID3",10.6896303903329
"CNOT2",10.6857305113313
"EGLN2",10.6847567379482
"C18orf21",10.6841212090315
"AEBP2",10.6807819110319
"FXNP2",10.6734917055741
"TUBA3E",10.6688754720539
"FLT3LG",10.6680475946283
"MT-ATP8",10.666215131283
"GEMIN6",10.6654709812828
"EEF1A1P10",10.664891589712
"ZNF131",10.6604173231963
"PM20D1-AS1",10.6600434736879
"KIR2DP1",10.6530365141512
"RN7SL43P",10.6401609622673
"FAM153A",10.6342753350354
"NCMAP",10.6328783214754
"ZNF213-AS1",10.6302605790499
"ANO8",10.6247988282584
"SLC5A6",10.6240064942959
"GJD3-AS1",10.6221283363139
"UBE3D",10.6140020137322
"LARGE1",10.6138487462184
"MGAT5B",10.6115252932432
"ABCC5",10.6113620277636
"CACNA2D2",10.5978791842926
"RGL4P1",10.5974047790224
"JADE3",10.592465238617
"BAG4",10.5910011685934
"ELAC2",10.5897669928821
"CCDC77",10.5813044221729
"FRAT2",10.5775855164559
"LINC01315",10.5663442435561
"HTATSF1",10.5599381041348
"TBCCD1",10.5552597336688
"CYP2U1",10.5373312363244
"ZNF621",10.524260812774
"TRIM21",10.5192721297636
"ACOT7",10.5126163114006
"FGFBP2",10.5119947959721
"NELFA",10.5062682310299
"ZNF322",10.4975858589678
"RBL2",10.4845352808982
"CBX5",10.4844909342877
"MED16",10.4652654741929
"CASP3",10.4646840103842
"DISP2",10.4633354563884
"WDR20",10.4582607136789
"LMCD1-AS1",10.4576373063469
"CRBN",10.4575081247763
"ERCC6L2",10.452307711038
"PNO1",10.4516060507862
"ADNP",10.4491037374294
"DLG5",10.4471590853379
"MRPS30-DT",10.438127931193
"OR1R1P",10.4292821463005
"DNAJB9",10.4290904671633
"ATXN7",10.4235308253189
"DEGS1",10.4141686742337
"NMD3",10.4119120473159
"RSF1-IT1",10.4017526032874
"SEMA4G",10.4011621730328
"THEM4",10.4010887320259
"HNRNPF",10.396664102904
"DSG2-AS1",10.3956105036869
"VPS13A",10.3944384767853
"RC3H1",10.3910593284992
"CSRP2",10.3849762854875
"ZNF878",10.3840826609068
"COX6CP10",10.3657458404045
"ZNF449",10.3612030508808
"TRAJ54",10.3552306382467
"CDK6-AS1",10.3530534166071
"TSPAN2",10.3450341732606
"NCAPD3",10.3421540526477
"RNU2-25P",10.3295890654393
"TRAJ50",10.3271166736364
"CEP19",10.3247739285355
"KLHL10",10.3199938064495
"LINC00265",10.3182929804357
"TRAJ17",10.3170519132373
"PRKAB1",10.3156376514135
"RNU6-89P",10.3145230262743
"TMED4",10.3107698649792
"DBR1",10.304515013235
"RIOX1",10.2841868047559
"TRGJ2",10.2801767151947
"SDHAF3",10.279477989503
"NCLP1",10.2791469920384
"TRMT11",10.2784890104869
"OPRM1",10.2762084830603
"C6orf163",10.2753522826156
"SVIP",10.2704815269044
"RNU6-1011P",10.2565401753879
"SNRPA1P1",10.2525460103759
"TUBB4B",10.2454196530552
"PARD6A",10.2445909501293
"LINC00960",10.2378502466708
"PGF",10.2348782204134
"SECISBP2L",10.2336625291724
"RNU6-1158P",10.2313870436514
"TRIM35",10.2308952193827
"CDC14A",10.2203343309268
"TWSG1",10.2200602751631
"MCPH1",10.2196921470903
"ZNF696",10.2195139072517
"ALKBH4",10.2104657631016
"RAB33A",10.2044807008907
"BPIFB9P",10.1962118764881
"NBPF1",10.1921292889961
"CCND3",10.1919222700736
"PTPRC",10.1753337462828
"RAC2",10.1584864828453
"ERG28",10.1571342315182
"IP6K2",10.1541695457371
"HPCAL4",10.1534913856937
"RCHY1",10.147715027415
"PLCE1",10.1463193640133
"TRBV7-7",10.1304465330939
"FBXO28",10.1250101368035
"KIF18A",10.1191534097132
"HLA-E",10.1125660458545
"SLC28A3-AS1",10.1123432844017
"DHRS13",10.1017168400135
"TXK",10.0995275686634
"ZFP41",10.0766360355442
"CCDC134",10.0758253092104
"CNOT8",10.0739701781169
"H2BC7",10.0722402691228
"IRF2BP1",10.0711656778722
"IGF1",10.0684834094797
"BBS9",10.0661324098238
"CD226",10.0654242937236
"NCS1",10.0529854614991
"SERINC1",10.0522756503851
"C16orf95-DT",10.049190105287
"PTPN3",10.0468952474148
"CDH4",10.0450310393386
"NPHP1",10.0448055838129
"ACHE",10.0432398456457
"FAM53A",10.0358941875141
"SNORA72",10.0339623884823
"TENM3",10.0299888782089
"GAMT",10.0284307417576
"LRRC75B",10.0237730790532
"IGKV3-11",10.0193385309222
"DCUN1D4",10.0188272236545
"MAPK6P3",10.0181345906529
"ELMO1-AS1",10.0164036486651
"PXYLP1",10.0064832444666
"RGS14",9.98703346447145
"LAPTM4A-DT",9.985498336407
"CDV3",9.98445767651468
"CH25H",9.98368611998679
"EIF4A3",9.98253030018865
"ATP1B3-AS1",9.96227461297836
"PRSS3P1",9.9451520748488
"PELO",9.94266689259174
"RPL21P123",9.9405341444444
"TMC6",9.93693075182873
"DIRC3",9.93304376827044
"HCRT",9.93215779688009
"GEMIN4",9.93212824633315
"ABHD14A-ACY1",9.92794393022915
"UBOX5-AS1",9.9094214817312
"RAD1",9.90935113498383
"PCYOX1",9.89505072834956
"MKS1",9.88381643497311
"TRAJ34",9.88381490567776
"ZCCHC8",9.88069670536798
"RPS20P15",9.88030421400241
"LINC02324",9.86547432071984
"CRHBP",9.86062868726271
"RAI1-AS1",9.85382239752961
"GPR89B",9.85374005142526
"RIOK1",9.8514547501397
"GMNN",9.8489823193899
"UBQLN1-AS1",9.84348280217512
"NBPF11",9.84265994505344
"SETP17",9.83845525842407
"TRAM2",9.83750125768389
"FIP1L1",9.83342336546822
"SPSB1",9.82842096925877
"C11orf65",9.82417469361358
"ACTR3-AS1",9.81804617650514
"WDR37",9.81137517891855
"CAMK2N1",9.80879082909993
"ZNF623",9.80591762155137
"EEF1A1P3",9.7986896459239
"POLR1C",9.79200182683054
"VPS33B-DT",9.78851169207056
"PINK1-AS",9.78686533093806
"TTC16",9.77698099287132
"AKAP8L",9.77658571541842
"ARIH2",9.77363598866698
"HOXA10-AS",9.75253704791887
"ZNF398",9.74411781171195
"ZNF649",9.73970395148672
"MTHFSD",9.7376726172994
"MFSD14A",9.73290111112784
"ZNF451",9.7264655553656
"SRSF3",9.72575615017755
"PTPN20",9.71202630228413
"ZDHHC1",9.70944227444156
"WDPCP",9.70111916777983
"SERF1B",9.69693686329895
"QPRT",9.69585836703309
"TM7SF3",9.69491996918777
"MFNG",9.68616210189797
"PIK3R3",9.68265756422148
"CBR3-AS1",9.67407018423108
"TGFB2",9.67078576940561
"RGN",9.66714241394486
"RIMKLBP2",9.65572060650069
"AKR1B1",9.64887848055615
"ZNF595",9.64243564759319
"KRT18P15",9.6366461997433
"SCCPDH",9.63181383656767
"RNU7-49P",9.63113326989352
"MIR5692A1",9.62990794607958
"REELD1",9.6274827857645
"PRKACB",9.62414769846385
"ZFX-AS1",9.62344020688123
"SDHAF1",9.62314107698394
"POLR2J2",9.6192473001005
"ZMPSTE24-DT",9.61858456547548
"CELA2B",9.59718028199679
"LINC02688",9.59455844928882
"PCNA",9.59451035057048
"SMARCA2",9.59256643838476
"RHOF",9.59186396601905
"ATXN1-AS1",9.59004705459648
"MIER3",9.58966467262003
"CNBP",9.58807261158105
"FAR1-IT1",9.58192641453681
"PPAN",9.57951464053082
"RNY1P10",9.57483205433341
"RPL9P3",9.5639077606662
"TRBV11-1",9.56027281305448
"LINGO4",9.55949148083922
"PPP1R3D",9.55440451754036
"ZNF248",9.55210136337755
"EIF4B",9.5515356119729
"NPY",9.54729619116042
"APOBEC3H",9.54509950098175
"KLC2-AS1",9.54131023115235
"ABCC10",9.52882927527243
"ZBTB20",9.52650246611197
"TP73-AS3",9.51827999545006
"PPIC",9.51522472501584
"CRY1",9.50553492824965
"TRAJ52",9.5009801694365
"FDFT1",9.4856962907868
"RBM15",9.48472708824089
"SGSM3-AS1",9.48445702969949
"LDLRAD4",9.48305597868535
"CDK11A",9.47946027282812
"PDZD8",9.47534757003397
"TAPT1",9.47475607064699
"ZNF644",9.47233968892467
"MTRES1",9.46919244121708
"PSD4",9.45184965229933
"TRGV3",9.45125439651906
"DDX20",9.44696400953089
"MSC",9.43959510414804
"ZC2HC1A",9.43867995169731
"BCAS3",9.43344363285453
"FSCN3",9.42930653499814
"WDR48",9.42634408477069
"SNORA59A",9.42365304124363
"MTERF2",9.42343913457174
"MIR100HG",9.4205820299536
"TRAJ22",9.40402950239767
"CDH24",9.40028591400385
"BCLAF1",9.40008805001777
"LINC01252",9.3981994846849
"ZNF407-AS1",9.39697471039419
"SLC26A3",9.39478409107188
"IRF4",9.3824740892931
"TM4SF19-AS1",9.38110971349972
"JHY",9.38052272738394
"LINC01147",9.38045951038384
"IGBP1-AS1",9.37337136501636
"WIPI2",9.37220084151969
"ZNRF3",9.36637514444669
"PDE4C",9.3619120171822
"TBL1XR1-AS1",9.36188597753998
"RPS3AP34",9.34760906718848
"RNF146",9.34685576988245
"EHMT2-AS1",9.3456647499784
"NASP",9.3456465837909
"ERICH6",9.34251640708082
"ZNF562",9.33534556024147
"NIPSNAP1",9.33134381728662
"MPHOSPH9",9.3236954850038
"AAR2",9.32234700788774
"SLC37A3",9.32003546684588
"GAS5",9.31961530645674
"ARID4B",9.31330729871874
"UCHL5",9.30411466577427
"RHOQP1",9.30046770718922
"IGHV3-19",9.29889364393657
"RN7SL15P",9.29035487483792
"RNU6-307P",9.28425755605715
"IFT70B",9.28425755605715
"TRAJ29",9.2836816654422
"NOP53",9.27820861908822
"RNU6-1321P",9.27561954169183
"ARL10",9.27409309211306
"SIRT3",9.27317935323032
"IGSF9",9.27219110870362
"TMEM237",9.25882784157815
"H1-4",9.2573049159087
"NDUFAF7",9.25507107474855
"C1QTNF3",9.23171990558797
"NTF3",9.23138836146421
"POM121B",9.22849871239509
"ADD3",9.21908774794329
"SMIM27",9.20856414628463
"BZW1-AS1",9.20826653517534
"NPIPA1",9.20591037881677
"DEPDC4",9.20450079454793
"NUMBL",9.20363253480169
"HLCS-IT1",9.20331179386345
"TSEN15",9.19728176216925
"LINC00332",9.19692496582714
"RN7SL209P",9.19461534550475
"ARHGAP11B",9.19297982019958
"PRR3",9.19096690817702
"EDRF1-DT",9.19007930981865
"ACTR5",9.18602084369228
"SSU72-AS1",9.18184301356948
"ING2-DT",9.18162819303743
"MLF1",9.18111863689922
"TXNDC12-AS1",9.16663737886869
"CREBZF",9.15444945382774
"ZNF749",9.13633797642547
"COPS8",9.13143581951287
"TNFRSF10A-DT",9.12911042605062
"TMCC1",9.1287220253664
"DCLRE1C",9.12706217399659
"MIATNB",9.12673861700025
"RYK",9.1229496682371
"TAGAP-AS1",9.11513869747169
"DNAJB1",9.11472293622703
"METTL3",9.11405668321705
"USP22",9.09804109042233
"RRP15",9.09652167217006
"DNMBP-AS1",9.09113355884762
"RN7SKP292",9.09106528887597
"ANKRD13C",9.08221536981132
"ALKBH8",9.07776529987839
"TMF1",9.07593480764504
"ARL2BPP10",9.07461021158482
"EID2",9.06480994520207
"NIPAL4-DT",9.0638162653762
"SNORD14A",9.0570277843295
"STMN3",9.04979764539437
"CHST10",9.03765017427143
"PCSK6",9.03760832056742
"THBS4-AS1",9.03625783025622
"PUS3",9.03277829842406
"FRYL",9.03226988831391
"CHODL",9.01645077864991
"GRWD1",9.01034319268463
"GNAZ",9.00816232446253
"KRTCAP2",9.00271707924779
"CFAP20",8.99746443603979
"RSL24D1",8.99595591520766
"GORASP2",8.99502175718732
"SMAD4",8.99292765604503
"TFAP2E",8.99083087283682
"CTXN2",8.98849285765754
"MIR133A1HG",8.98760048143144
"CCDC180",8.98288187498235
"CTNNAL1",8.97899094024508
"C2orf74-AS1",8.97527585886692
"RCC1L",8.96908505939748
"MOGS",8.96309281107045
"PABIR3",8.95916116683324
"EIF5AP3",8.95641185551579
"ELP6",8.95544444209325
"RNU2-24P",8.95297174239831
"WNT10B",8.95291868787828
"FAS",8.95164913559507
"PPIL3",8.95008364430085
"KBTBD6-DT",8.9492642557623
"HERPUD2",8.9413603715807
"PHF20",8.9382706173697
"SORBS3",8.9364757150154
"ARMC7",8.93459820981087
"MIDEAS-AS1",8.93265345862988
"RNA5SP122",8.92787128152773
"TUSC8",8.92581255081151
"CDKAL1",8.92509010756041
"CGRRF1",8.92360845097436
"XNDC1N",8.92294881398921
"ABHD17B",8.91986528768339
"EPS15-AS1",8.91497412709729
"ZNF763",8.90795643122783
"PCLAF",8.90679886067662
"RN7SKP185",8.90641849996443
"TRA2A",8.89980906075313
"RFC3",8.89904444866698
"SDHA",8.89589306203245
"RNU6-31P",8.89462387467881
"CD2AP-DT",8.89360943350882
"RPA4",8.89124149872671
"NUDT15",8.88606349872646
"HMGA1P3",8.86935761278705
"ZNF43",8.86899901232532
"TPRN",8.86786417199733
"BUD13",8.86710402023758
"ATL2",8.86202898510547
"CBX8",8.86099316048398
"TOPORS",8.8496425673112
"ZNF606",8.84869055379075
"VWA2",8.84562073423993
"LINC00691",8.84286163384627
"H3-3B",8.84280099279396
"NOTUM",8.83655815970048
"CTSF",8.83385644436313
"COA7",8.83051322623665
"MOB2",8.81800210924169
"RNGTT",8.81025633535043
"GCSH",8.80866288085428
"BZW1P2",8.80569695584029
"NPW",8.80098078919275
"CALY",8.80097549450805
"THRAP3",8.79618631525745
"FAM83H",8.78247038841036
"AGPAT5",8.76713219132805
"LETMD1",8.76583113255008
"RCOR2",8.76517293334388
"THAP1",8.76293122767362
"AKR7A2P1",8.75733327925277
"LINC01284",8.75643603496578
"RPS7P7",8.74738543606873
"TRAJ13",8.74321414534054
"RNU2-11P",8.73999523521694
"CSTF1",8.73960737105404
"ZNF709",8.72647565471887
"ANKRD20A1",8.72374529718288
"KEAP1",8.71972511899886
"RPS15AP19",8.71147319436134
"FLYWCH1",8.70794690032602
"HDHD3",8.70671100968034
"LPGAT1-AS1",8.70433837574725
"TEX30",8.70173989066064
"C1orf21",8.69829037315013
"BICD1-AS1",8.69609770633661
"AHSA1",8.69371454330932
"BCDIN3D-AS1",8.68518670366421
"POLR3A",8.68379093129102
"ARMS2",8.68334979897174
"NPM2",8.68052942338385
"MAP4K1-AS1",8.67938219137981
"LINC02560",8.67068759166205
"PAK1IP1",8.6693808995662
"FBXL13",8.66307188818778
"ODC1",8.65857559923
"GPALPP1",8.65696866431398
"SHLD1",8.6507438846065
"ABHD17A",8.64882439293427
"ACKR4",8.64553354803799
"TIMM23B",8.64382501818935
"TDRKH",8.64317045528125
"IL24",8.64068181527498
"TPRG1-AS2",8.63682545317632
"RNA5SP37",8.62904245661487
"GNMT",8.62369404182542
"DGKE",8.62165008659892
"ANAPC1P4",8.61926577560667
"AHCYL2",8.6181393602954
"H3C1",8.60920815799695
"PCNP",8.6084276926782
"AKAP1",8.6040100544066
"ITGB3BP",8.60106468482727
"ZNF837",8.58881821827019
"IFT46",8.58601223907942
"BRCC3P1",8.58345864132749
"TIAM1",8.5810821318742
"ZNF16",8.58023761184721
"PPIEL",8.57744957727918
"AKAP10",8.57505850413886
"CHORDC1P1",8.55024189793604
"RECK",8.54788629902615
"ATMIN",8.53926438520233
"NRBF2P6",8.53852396596491
"TTC27",8.53498256816523
"MNAT1",8.5278412541274
"ZKSCAN7-AS1",8.52757702113538
"HMHB1",8.52541114047145
"LINC02028",8.52436642010718
"LINC00899",8.52345523179439
"SNORD6",8.51941253686214
"ABLIM3",8.51389351836105
"VDAC2P3",8.51346221894176
"ZIC1",8.49705040984137
"KCTD9",8.49000588623685
"IL2RG",8.48975712881157
"IGFBP6",8.48867118024847
"ARID4A",8.48668508530652
"MLH3",8.48649379653307
"MYO7A",8.48345350283732
"MATCAP2",8.48333692353729
"SWSAP1",8.47700614714557
"DNAJB6P1",8.46209662444904
"PEX13",8.45552881685451
"PORCN-DT",8.45126485863248
"FAM3C",8.4435357844962
"PABPC1P1",8.44245268106612
"CHST7",8.43142001618395
"TRG-AS1",8.42828260245672
"SLC26A5",8.42310322052314
"PAH",8.41791707377174
"DEF6",8.41582993591175
"SLC25A14",8.41221235696147
"PIGPP4",8.40810195531806
"HEXIM1",8.40656782089638
"GTF3C2-AS2",8.40137502461388
"FHIT",8.40075437311465
"PEX1",8.39718902738123
"RMC1",8.39189023820601
"DNAH6",8.38531048553085
"ITGB1",8.38506847751646
"NCAPD2",8.38243132151512
"RN7SL587P",8.37926164749371
"CORO2A",8.3680255386296
"CBLL1",8.36635520849139
"HMMR",8.36356614464516
"ANAPC2",8.35973008437672
"LCDR",8.35832169254627
"FOXD3",8.35325175226454
"ZNF506",8.3528332154174
"SLC25A12",8.34359619381587
"ATP5MF-PTCD1",8.34098059988468
"NGRN",8.33924960014282
"MYO19",8.33900999237914
"YWHABP2",8.33519430538265
"PLCD4",8.33180559893502
"PDHB",8.3268062085869
"SLC9A9-AS2",8.32663847992077
"TTC3-AS1",8.324480467964
"RAB9A",8.3204796258776
"MYBBP1A",8.31442615386986
"LINC00342",8.31273868906442
"CAMSAP3",8.3077474242917
"POC1B",8.30056044867198
"ZNF470-DT",8.28689794237024
"KLC4",8.28329057275693
"RBMX",8.27862733549252
"PDP2",8.27813686365324
"LINC00943",8.27810075357192
"ARMC10P1",8.27033633535748
"MIR378H",8.26721482876434
"SLC26A1",8.2626203232288
"SERINC3",8.26236117361842
"FAM221A",8.253916801207
"POMT1",8.2507792879759
"KIAA1191",8.24854354321612
"RABL2B",8.24761566066225
"ARL6IP6",8.24124335474658
"RPS29P21",8.24059202091502
"TMEM161B-DT",8.23619461029549
"IL11RA",8.23493411899197
"HAUS3",8.23405331123494
"STX5-DT",8.23230254004487
"CTDSPL2-DT",8.22967327388833
"KLHL24",8.22660084513406
"SARS1",8.2263581075062
"SUGT1P4-STRA6LP",8.22333358289621
"NUP93",8.22292316656633
"LINC01524",8.21519221407823
"TMEM120B",8.21377663416618
"KIZ",8.21105792863994
"CCDC144NL-AS1",8.2019526103376
"TSPYL5",8.20029081451629
"INTS9",8.19868344333512
"POGK",8.19746399692405
"NOB1",8.19618643438565
"LRRC39",8.19427597386132
"ZNF470",8.19387755357569
"SIAH2-AS1",8.1893550955563
"RPL18AP2",8.18525049505598
"BNIP3P45",8.18418690609044
"NRBP2",8.1822515847801
"TMEM9",8.17521394030741
"ESAM-AS1",8.17432928921393
"ENDOG",8.166397807165
"APPBP2-DT",8.1599410502835
"LDLRAP1",8.15899662431482
"NCK1",8.1563056266326
"PELP1",8.14782349648591
"SNRNP48",8.14505430179376
"ZNF664",8.13707726626367
"ZNF264",8.13567853930608
"TVP23C-CDRT4",8.13536656073607
"CEACAM1",8.12929137010382
"CYP7A1",8.1283376476361
"CLSPN",8.12678601318065
"CDK6",8.12549205001442
"ALG13-AS1",8.12506378695981
"PHACTR2",8.11177305144824
"ZNF879",8.11046260449663
"MMADHC-DT",8.10815977386778
"GPR27",8.10806553649608
"CDKN2B-AS1",8.10768142212702
"COX6CP14",8.10645206727856
"EEF1A1P23",8.10387466232831
"MIR7111",8.10130167126169
"ANKMY1",8.09864468303199
"PPARA",8.09810018383951
"NAALADL1",8.09518963886785
"MIR604",8.09433209212877
"FAM124A",8.09196140640297
"ZNF519",8.08744438719145
"NGDN",8.08466379707409
"GFOD2",8.0783467038876
"SREBF2-AS1",8.07453124932379
"KIF3B",8.07139505191055
"KCNK12",8.06784511469245
"TBC1D15",8.06505166524315
"FAM219B",8.05947962657486
"EIF2B5-DT",8.05567222305525
"ANAPC7",8.04334675268026
"MRPL46",8.04170092089498
"AAK1",8.03822501513287
"DBF4",8.03792300796124
"TRAJ31",8.03688963827628
"CTSV",8.0324315565604
"FOXN3-AS2",8.03089533272043
"ANKRD54",8.02415151602452
"LAS1L",8.02213748551871
"COX11",8.01474030766207
"CPNE2-DT",8.01198138805248
"UGCG",8.01158459593447
"IRS3P",8.00922725159989
"ATXN1",8.00893935633151
"STAM",8.00534481024725
"RSL1D1",7.99938895107856
"ATPSCKMT",7.99852053793272
"INVS",7.99225884013189
"CD101",7.99098443143633
"EIF3L",7.98972169893648
"DND1",7.98691557796903
"PEBP1",7.98281722703728
"TMEM87A",7.98181905601976
"NME8",7.97817519250084
"SNORA2C",7.96017286754602
"TERF2",7.95713522838921
"CCT4",7.95495846649263
"PRDM2",7.94911839013495
"CYCSP38",7.94845448247209
"STIM1-AS1",7.94146667790415
"FAM87B",7.94031025153034
"DNAAF3-AS1",7.93506155242612
"SLC6A9",7.93465914743427
"SLCO4A1",7.92864093336571
"ATP5F1B",7.92566694958924
"IFT122P2",7.92438226510425
"CASC2",7.92400704753782
"RN7SL73P",7.91960441864017
"DOK7",7.91225469810716
"MIR2276",7.91182339997433
"PLCD1",7.91137846199663
"YAP1",7.90577922390271
"COCH",7.89934417182921
"GOLGA4-AS1",7.89355489520299
"IL27RA",7.891094203472
"LPIN1",7.88953551223942
"GPRIN3",7.8828581430105
"GLIDR",7.87242494642856
"ZNF34",7.87013864217954
"NT5DC3",7.8642467030193
"H2BP6",7.86323092681376
"PPP1R13B",7.86241325024113
"CEP43",7.86130698876119
"RPL39P",7.85987547614322
"GRPEL1",7.85857757059283
"RPL26P27",7.85765795731208
"RAB43",7.85744044153025
"BLVRBP1",7.85419000414064
"PTTG1",7.84294588230818
"RPL21P1",7.84045910843044
"EPC1-AS2",7.83858751435785
"PPARG",7.83360822836059
"STRAP",7.82975848348141
"TYMSOS",7.81683794032925
"LIN52",7.81353321845059
"POLE",7.81022692960507
"CYP7B1",7.80662604373938
"BZW1",7.8004529449493
"FBXW2",7.79861854041679
"MYOM2",7.79705678370632
"RNU6-1280P",7.79436029987275
"PDK3",7.79045063810313
"METTL4",7.78722195272556
"FADD",7.785182635954
"LINC00609",7.78317740849285
"GALM",7.78268807507598
"PRSS1",7.77924264018116
"CSTF2T",7.77871761587103
"IL26",7.77747481475911
"RNU6-245P",7.77428066091965
"CSF1",7.77372970403291
"TRBV5-5",7.77226238942165
"CCAR2",7.76584881934513
"RNU4-68P",7.76084633630776
"FASTKD2",7.75750433396698
"SNORD70",7.75673839864772
"TAF8",7.75615919043174
"TGFA",7.75492162313853
"GNPNAT1",7.7500333472021
"URB2",7.74786557020016
"PPIC-AS1",7.74532500485734
"SRRM5",7.74395003351411
"LINC02976",7.74286044865117
"WDR44",7.73690623703011
"ZNF547",7.7365020871782
"XKR9",7.73499785177385
"LSM3P2",7.73037930781618
"CFAP263",7.72438569331856
"USP48",7.72157260473974
"MAN1B1-DT",7.72011928500732
"PRELID3B",7.71435146495885
"CRADD-AS1",7.71274107351627
"TOB2",7.70932650877809
"IGKJ3",7.70911287739575
"ZBTB20-AS3",7.70795599190267
"BOLA2-SMG1P6",7.70272182861655
"ARL6IP1P1",7.70150794015002
"TVP23B",7.69648842461696
"RPS17P13",7.69182263481412
"SYCE2",7.68427664176901
"GOLPH3L",7.67269526827703
"IGHV3OR15-7",7.6720278072298
"B9D1",7.67154376085244
"SRP54",7.66293856490233
"PGBD2",7.66007333301313
"KIAA0586",7.65894163919557
"SGSM3",7.65494766571086
"CAAP1",7.6529188610619
"TRIM54",7.64908446111999
"TSGA10",7.64374058972797
"NPRL2",7.64091911629175
"KLHL2",7.63516214940159
"MOB4",7.63511578369211
"FOXD3-AS1",7.63317163089854
"FBXO33",7.62990438399296
"CDNF",7.62794619837764
"ZNF652",7.62157915534332
"C15orf61",7.61331095195064
"SEPTIN7",7.61252081570785
"TMEM245",7.60919649336058
"PDK2",7.60731339151538
"MAP1LC3A",7.60575610808845
"VWA8",7.5956585513948
"RDH14",7.59386494626351
"MIR6781",7.58900588571418
"KCNA3",7.58650406631363
"LINC01694",7.58319689235543
"AURKA",7.58021874944646
"PCBP4",7.57768893085128
"TUBB1",7.57417972112992
"SPIN2B",7.5730501399071
"IFNGR1",7.57152941906205
"ATM",7.56909513172732
"NPB",7.55962392511352
"ZNF772",7.55097720542293
"ZNF835",7.55066183351174
"SMC3",7.55045314526269
"ALKBH5",7.5473137042195
"CNOT9",7.53449157391945
"KATNBL1",7.5342785359509
"KCTD1",7.5342396815973
"HOXB2",7.53063822185706
"H2AC6",7.52246668035367
"LINC01725",7.52044363677891
"CASQ1",7.51964874134664
"SESN2",7.51870041416044
"PSMA2",7.51655069684192
"GPD1L",7.51013088879993
"MRPS26",7.50568214384799
"EHHADH",7.50134785899938
"MTATP6P27",7.48572361359707
"GRIN2C",7.48136852245923
"OBSCN",7.48132896673652
"GFI1B",7.47740111435923
"CDC42P5",7.47312877769068
"SLC2A13",7.47235651926128
"RPRD2",7.46644007564488
"PCBP3",7.4631370572924
"FANCM",7.45774536882227
"BRIX1",7.45744405074291
"FGFR1OP2",7.45582624581119
"PRELID3BP5",7.4513689031738
"RPL23AP70",7.44498637415994
"DCAF16",7.44419312563624
"HOXA5",7.4429389115831
"SUCLA2-AS1",7.43734369331483
"PPAT",7.4352358319881
"ZMYM6",7.4348563130351
"IGHJ2",7.43477072496605
"SRPRB",7.42289851472171
"CCDC122",7.41715138324462
"CCDC103",7.41523575772598
"GFM1",7.41454809246186
"ABHD14A",7.41320387304118
"TP53RK",7.41019976876782
"KIF20B",7.40715728989536
"FLT3",7.4036943015245
"C14orf28",7.39925972918045
"MAMDC2",7.3958639700233
"CCDC186",7.38627962023381
"DCAF13",7.38536034681904
"MYO1D-DT",7.38499378743517
"RNU6-90P",7.3825468988587
"DDHD1",7.37807171872395
"TCAF2C",7.37329585447265
"NPM1P33",7.37242807971742
"DCLRE1A",7.3685920262094
"RNU7-84P",7.36567339487034
"GIGYF2",7.36279722830411
"TM9SF1",7.36225102158711
"TTTY14",7.36193493106483
"SOSTDC1",7.35955794619755
"GIMAP5",7.35901812183549
"FBXO46",7.35694470401335
"ATP23",7.35112083428572
"RABGAP1L",7.34697198157733
"AGAP2",7.34532834018224
"GPX7",7.34133311216999
"CEACAM6",7.34124400852044
"GNG3",7.33755151784254
"GALNT8",7.33530838406483
"FILIP1L",7.32811163900007
"PHF5AP5",7.3241265801287
"JTB-DT",7.32000921678821
"TANK",7.31994692782584
"TMEM64",7.31763855018017
"METTL15",7.31405672808464
"PMS2",7.31074561569842
"SMG1P2",7.3103259258396
"RPL17",7.30498151053064
"NRBP1",7.30427533405019
"FOXE1",7.30067340316573
"S1PR2",7.29550592826567
"LINC01870",7.29444367343854
"POU5F1",7.28797043594338
"GABPB2",7.28714165698139
"ITGB1P1",7.28074021146231
"RAD21L1",7.27983886996496
"PACRGL",7.27927421861851
"TMED2",7.27796514140897
"OMA1",7.27658475405534
"RASA2",7.27573800189643
"IGHV3-36",7.27512699154532
"PHAX",7.27240378073796
"SYCE3",7.26277891582018
"TAS2R5",7.25822173200923
"ZNF726",7.25746874589445
"DIP2A-IT1",7.25704175572746
"COQ10B",7.25638678309413
"CBR3",7.24896546766163
"ASH1L-AS1",7.24590824791078
"ACADS",7.24577790076275
"FAF1",7.24194592177033
"MCC",7.23485792055842
"ATRX",7.22949494501395
"CRYZ",7.22766484447783
"YWHAZP3",7.22689466373391
"INTS10",7.22263110714501
"CDH1",7.22052343188194
"MIR4539",7.20344726753754
"CBY1",7.19855851172089
"POLR3F",7.19479849344084
"RPL36P3",7.19136963617143
"CWF19L1",7.18798702216442
"TM7SF2",7.18299466204889
"TRAJ14",7.17956020035797
"TNNT3",7.1771338201053
"FBXL18",7.1771116088433
"RNF4",7.16648072866512
"SLC16A7",7.16583943042679
"MT-TE",7.16563373799828
"HBP1",7.16417777395659
"KLC2",7.1628283681618
"TOR1AIP2",7.15814040154533
"SNX14",7.15770294346435
"HIGD1AP14",7.15570380097422
"DHX33-DT",7.1536262968791
"G2E3-AS1",7.15268136404751
"POM121C",7.15112724550541
"PDE5A",7.14795659008029
"LINC01644",7.14778022330015
"PIP4K2C",7.14754478418999
"NKTR",7.14614072149922
"MFHAS1",7.14524437910269
"PPIAP53",7.1415424649738
"PPP1R8",7.13965311915403
"FAM135A-AS1",7.13023793026454
"C20orf204",7.13011553329357
"RNVU1-26",7.12953952657427
"BICRA-AS2",7.12729166277103
"RFX4",7.12612805426491
"MZT2A",7.12057239163295
"TPTE2P5",7.11924869152247
"CCND2",7.11655816784156
"JADE1",7.11507057665163
"PCCA",7.11467636956747
"ZNF160",7.11357857253669
"RNU6-881P",7.11308861759833
"PPP4R1-AS1",7.11225901461553
"UTY",7.11014751213567
"ORM2",7.10888048099544
"ANKRD10",7.10640517738329
"TADA2B",7.10501541900403
"TARS1-DT",7.0979237427198
"OTUD3",7.09458009936988
"OXCT2P1",7.09241778912683
"SLU7",7.08626015397422
"VDAC3",7.08555910816147
"CEP104",7.08001223356691
"TBL1XR1",7.07356080243084
"PAN3",7.06884051410222
"STYK1",7.06876755344081
"RPL5",7.06497088706347
"SAMSN1",7.06384040289915
"RFX8",7.0573157927828
"SYNM-AS1",7.04963297283799
"LIME1",7.0387367359615
"AFAP1-AS1",7.03282917944231
"TSSK4",7.02785159570361
"TCEA3",7.02296386032652
"RN7SL789P",7.02175405801496
"ISM1",7.01962014998269
"ZNF558",7.01596030432218
"DLG1-AS1",7.00761289496644
"UBE2D3P3",7.00515364216429
"ZNF836",7.0049725540485
"CSRNP2",7.00386386846635
"ZNF565",7.00370886207441
"EGR4",6.99869419103937
"RWDD4P1",6.99787906780466
"RPS3",6.99714000121982
"ZC3H8",6.98781614779187
"LINC02987",6.98393612722672
"CEND1",6.98091328081622
"NR2E3",6.97716928658792
"THA1P",6.97586168926122
"RNU6-1209P",6.97173267506211
"NUP98",6.96954982836926
"INTS12",6.9660459801555
"KRT18P52",6.95402298312414
"STEAP1B",6.95193378191158
"HSPB9",6.94613409784744
"DDX47",6.94236445058275
"IL2",6.94126406059949
"SNORD11B",6.93289901791317
"ZNF527",6.93235781856884
"AQP4-AS1",6.9322801079833
"PPP6R2",6.92952945432717
"ANKRD24",6.92297954985263
"XRCC6",6.92182725443833
"PPP1R12A-AS1",6.92156572773736
"DDX52",6.92018982058323
"ACOX3",6.9182421968996
"SRSF2",6.91815217337824
"CCNJP2",6.91675145755144
"MSANTD2-AS1",6.91250566027191
"BDH1",6.91117851188808
"SKP2",6.90680119800093
"EVI5L",6.90519321358732
"MUC20-OT1",6.90295644236048
"IDS",6.90000443268121
"RNVU1-8",6.89939865921394
"RNU1-136P",6.8939078796016
"H4C4",6.89382387868181
"ZNF701",6.89282811413589
"USP38-DT",6.89043120234625
"TRIM73",6.89001170815787
"TLE3",6.8859741417845
"LINC02391",6.88166643712878
"DHX9-AS1",6.88025780779716
"EOGT-DT",6.87265630545736
"RASSF1",6.87158658045047
"LINC00412",6.86817372071452
"ADAM22",6.8649404907892
"SRPK1",6.86206805440999
"CACNB1",6.85797954526153
"MIR186",6.85541089254945
"CAMKMT",6.85293012136914
"ATP6V1G1P4",6.85123356963891
"RFKP4",6.84890464191179
"CYP51A1",6.84657659481466
"ABTB1",6.84568415715189
"MAPK1IP1L",6.84531633414869
"TG",6.841516813754
"FLNB",6.84079578641004
"RPL7L1P9",6.83912801574937
"TCF20",6.83248217714449
"NFXL1",6.83242008219059
"IP6K1",6.83067777499648
"OR2A7",6.82519901120522
"OGFOD1",6.81753198033068
"ZSCAN23",6.81747106942373
"AMIGO1",6.80908950008399
"RAB27A",6.80637779974868
"RRP9",6.80061395312329
"ETV7-AS1",6.79461208476866
"SULT6B1",6.79075015860106
"KCNH3",6.78835496259854
"PKD1",6.78593222527405
"TREX2",6.78532859046824
"POP1",6.78509195644237
"PCMTD2",6.7834330132058
"BRD3OS",6.78236636181584
"ALDH1B1",6.78193989868348
"RPSAP21",6.78154063355336
"LRRC37B",6.78110225630598
"LINC01562",6.77856846465229
"MED21",6.77836021703418
"MIR590",6.77513755597281
"CCNY-AS1",6.774266571205
"OPA1-AS1",6.76990407078851
"MAST4-AS1",6.7692871517893
"CDC37L1",6.76577006003728
"POLR2A",6.76403106037066
"RAI2",6.76318238141798
"RAB2B",6.76185896984433
"RAE1",6.75890693172407
"MFAP5",6.75630500043454
"SMIM47",6.75392160542063
"ASPDH",6.74959844348205
"ZNF543",6.74937040224418
"SEPTIN11",6.7482789977047
"REM2",6.74574976062496
"OBSCN-AS1",6.74402446692014
"KTI12",6.7404340169669
"MTPAP",6.73964268124267
"RN7SL199P",6.73929288244229
"MACO1",6.73907154751333
"FAM118A",6.73880580049185
"OR3A2",6.73575180739983
"OASL",6.73247925520541
"MON2-AS1",6.729126857176
"PRKX",6.7264316000087
"NUSAP1",6.72635788134153
"EPC1",6.72488442409974
"TESMIN",6.72393303664929
"TYSND1",6.7216638755943
"C14orf178",6.71231071833483
"GPR65",6.71169549408992
"RPL39P26",6.71079058238074
"UBAP1L",6.7072763566979
"NCBP2-AS1",6.70486888154994
"DPH7",6.70438866548938
"FAM117B",6.70412409358998
"ZNF559",6.69810953794112
"SIRPAP1",6.69422064309779
"RUBCN",6.6928397514379
"APMAP",6.68888750482447
"CPNE1",6.68797130269253
"TPGS1",6.68620976024797
"CCNI2",6.68615771398833
"SCN8A",6.68260867614109
"ZBTB24",6.68192222411211
"RICTOR",6.67768161145468
"CIART",6.67670876259702
"ANKRD26",6.67091557801474
"RNU7-171P",6.66960512893376
"ZKSCAN2-DT",6.66884173861661
"GPAM",6.66347374192677
"FAM120B",6.66175176955835
"LRFN1",6.6561978702963
"NATD1",6.65421239385916
"EPAS1",6.64219398014165
"SBK1",6.64117834899734
"SATB1",6.63888857255783
"HMGN4",6.63518495563305
"ZNF622",6.63308939404181
"TNNC1",6.63272374836752
"RN7SL604P",6.63144831388329
"ATG4A",6.62739696223897
"ADM5",6.62727204967829
"TSN",6.61220771508344
"RNU2-65P",6.60811713288858
"RN7SL648P",6.60502281776736
"MBIP",6.60237895572822
"CLEC14A",6.59836244934755
"NUDT4",6.59557163861529
"C1orf56",6.59348190237047
"SNIP1",6.58454404252178
"IGHV3-48",6.58044417500513
"SAMD15",6.58032684389382
"TCP10L",6.57790621843836
"RNU5A-3P",6.57521369965174
"LINC01031",6.57427306997056
"GP6-AS1",6.56311284106436
"TMPRSS11CP",6.56264375583054
"NAA15",6.55911708941651
"ITGB7",6.55686433762007
"TMEM106B",6.55560939289294
"TTC14",6.55416897486467
"GTDC1",6.55068866699335
"CERCAM",6.54988051323518
"WDR86-AS1",6.54793176392451
"LINC01088",6.54620814704429
"RFLNA",6.54293092826613
"RALGAPA1",6.53516801671161
"TRAK2",6.53466877691312
"ZNF517",6.53169764370633
"ZW10",6.52946766837574
"TTN",6.52761779775595
"RORA-AS2",6.52712732336354
"XPR1",6.52100698703095
"PJVK",6.52097841563822
"MYL6BP1",6.51214297415604
"TCEANC2",6.51201896438537
"TTI1",6.50591040975628
"NNT",6.50524716503627
"MIR548H1",6.50088202634683
"MRPS27",6.50012687732586
"BCOR",6.49971177114209
"H4C3",6.49762151651476
"ARMC6",6.49306917242325
"RLN2",6.49255042548512
"FGFR3P4",6.49174592335366
"IQCH-AS1",6.48638298667947
"SELPLG",6.48635514290867
"LINC00174",6.48388125492394
"RN7SL263P",6.47906879084028
"TIPARP",6.4698370098112
"CEP295",6.46908770137082
"NPIPB12",6.46439143947
"IL20RB-AS1",6.46084503025559
"DDX11",6.45422127168914
"PKMYT1AR",6.45211578453841
"MTX3",6.45179858587003
"RNU6-476P",6.448029489822
"MGAT2",6.44413727726124
"RNPS1",6.44413305398395
"SLC30A9",6.44239314350823
"MED28",6.44037438937554
"HDAC3",6.43140957795096
"ETV1",6.43135678650584
"CHASERR",6.43022204416703
"MTNAP1",6.42835747752224
"ZNF346-IT1",6.42490068547217
"LINC03034",6.42075841734312
"CETN3",6.41793474549932
"CCN2",6.41599940678828
"ILF2",6.41286521691421
"TRPM7",6.41051218926438
"RNF208",6.41034566211484
"NUP107-DT",6.40942912090948
"RAB35",6.40938097220117
"SYT11",6.40785280625296
"ZMYM5",6.40572537302133
"PRKRA",6.40450362076429
"MIR7856",6.40444989833542
"FDPSP7",6.40110708399382
"MRI1",6.40016494054878
"MT-CO3",6.39833995630392
"HEXIM2-AS1",6.39316184737889
"MIR4258",6.39165496456345
"GARS1",6.39063553073477
"PSMD14-DT",6.38985071482882
"PHF6",6.3825145741302
"AMMECR1",6.37880638356122
"RN7SKP127",6.36935444599745
"LMBR1L",6.36604706866119
"RNA5SP88",6.36194757248288
"MIR4518",6.350334595342
"USP38",6.34133586843142
"DGKQ",6.34122174196074
"RUNX3",6.33935030784236
"NPAT",6.33925447781916
"ADI1",6.33769694286809
"GALNT4",6.33248259349093
"YJU2B",6.33228733797155
"MIR5687",6.32176831837508
"NNT-AS1",6.32054322331247
"HSPA13",6.31758187377158
"RAMP2",6.31582156257483
"MIR5692C2",6.31338474710042
"RBM4",6.31161235436481
"FKBP6P1",6.31076815387541
"GGACT",6.30641893325587
"DNAJA1",6.30188397872082
"RGS6",6.3001154782462
"MSL3B",6.29934633585449
"BATF",6.29881040209515
"SYPL1",6.2967784525613
"ZMYND10",6.29566266355328
"RNF138",6.2921824608194
"RPRML",6.28829871369832
"LINC03078",6.28560275216834
"SURF2",6.28413564631451
"MINDY2",6.28217079681702
"AEBP1",6.28087788125043
"POLR1B",6.27562157222739
"FIBCD1",6.27548958099048
"MRPL35P3",6.27219042000296
"CCNH",6.27206901683876
"RP9",6.26352220963815
"TWF2-DT",6.26063330412945
"ZNF182",6.25918874888177
"ANKLE1",6.25880800094768
"SGCE",6.25875426762907
"LINC02086",6.25564391868865
"DLGAP1-AS5",6.25198209925079
"EPM2A",6.25191920429634
"LHFPL5",6.25107785301006
"BCAT2",6.24891065987527
"TMEM238",6.24704942353874
"TRAF3IP1",6.24456040534947
"CEBPZOS",6.24455457241475
"PSMD5",6.24439664828784
"HECTD1",6.24316430832813
"SLC25A10",6.2424541670618
"TMEM198",6.24228996926524
"STIP1",6.23528892257549
"NUP35P2",6.23492289959787
"TOMM34",6.23243087459527
"BANP",6.2299168224209
"PTPRG",6.2260187145096
"RN7SL574P",6.22351030262042
"SOCS5",6.22272178686721
"VAMP4",6.22267331422954
"TIMM29",6.21887553979334
"DTNB-AS1",6.21796214694206
"LINC03006",6.21707053542912
"FAM98B",6.21652867403211
"CACNA1I",6.21453033194307
"LBR",6.21432560078765
"RNA5SP364",6.21364530071342
"CIRBP",6.21211398770536
"BMS1",6.2078076248593
"EHBP1",6.20443138999815
"ADARB1",6.20256591895989
"GREB1L",6.20201709502566
"RETREG3",6.20184690216923
"GNPAT",6.20107374809133
"ALDOC-AS1",6.19722404760768
"YARS1",6.19617886140657
"PHTF2",6.1948675889014
"DRG1",6.1907530696219
"ALG1L9P",6.18197191070268
"NOP14-AS1",6.18076463240372
"SLC25A26",6.18044315267709
"SAMD12-AS1",6.17313786734753
"CCT2",6.17205768169832
"GOLPH3",6.17079971841852
"ZNF865",6.16811255614
"SPSB3",6.16709283471647
"BTF3P16",6.1631962830691
"GCC2",6.16232637567753
"TFCP2",6.15767764595376
"POLD1",6.15074794351162
"MFSD1P1",6.14838985880835
"ZBTB8OSP2",6.14664000622608
"REPS1",6.14170210543959
"MAPRE2",6.14148538757261
"PRPH2",6.13586823038082
"TTC39DP",6.13530756268212
"ATE1",6.13041069265835
"KIFAP3-AS1",6.12811368792023
"TPST1",6.12538868044624
"RNU6-824P",6.12460757728677
"HERC2",6.11933459884858
"HSPBAP1",6.11673888635228
"INSM1",6.11657917510032
"LINC00355",6.11261974851142
"UBE2V1",6.10981495122768
"PDLIM1",6.10851518884577
"RPS15AP24",6.1076533373277
"RDH11",6.10733664581307
"MMS19",6.10312313545706
"PAPOLG",6.09881972473808
"HERC2P10",6.09364069222319
"PITRM1",6.09254841615452
"GINS3",6.09246124463548
"TRMO",6.09004980732988
"TRIM8-DT",6.08839529076881
"LINC03011",6.08710521595144
"CCDC102B",6.0832325816859
"PIGO",6.08158012917962
"CYB5D2",6.08053972413386
"TMEM184C",6.08047130443889
"ATIC",6.08007522062719
"RNU6-181P",6.07798402584116
"TRAPPC2",6.07796369437398
"UCHL1",6.0774475952851
"SIRT4",6.07689907627953
"CRNKL1",6.07649979181271
"ASXL2",6.07637503097301
"BLTP1",6.07359339364472
"MRS2P2",6.07168527964215
"GGT1",6.06982674905086
"ABHD13",6.06793174510214
"EML5",6.06388730873999
"STARD7",6.06168469299985
"UBB",6.06074071182829
"NUTM2E",6.05600077202166
"VWA5B1",6.05361213638625
"MIR7850",6.05215857158701
"SPRTN",6.04978094840557
"CSPG4",6.04887337929295
"LIN7C",6.04596096956589
"NPAS1",6.04273139535641
"BCS1L",6.04169073328351
"BORCS5",6.04074724424893
"SNORA11F",6.03992811254324
"CKM",6.03553379109426
"MIR3671",6.03292930107929
"SERPINC1",6.03162490679424
"ABCD4",6.03046148603273
"SPDYE5",6.01946259424923
"LINC01176",6.01830696903907
"SASH3",6.0075995601877
"LRRC19",6.00484995245182
"NT5M",6.00465350084968
"CDK5RAP2",5.99676696519236
"KLF9",5.99547472771311
"PPP1R1A",5.9945901116246
"PKN3",5.99363764976871
"CORO1A",5.99336866215984
"MICU3",5.99331088963618
"ZDHHC14",5.992611137534
"TUBGCP6",5.99145996578885
"UBN1",5.99138619214363
"SLC35F5",5.988244487379
"NOL9",5.98375520315918
"FRMD4B",5.98356686107924
"SMN1",5.98313019457952
"SYNJ2",5.98292392130483
"LIAS",5.98185937429061
"IGHV3-69-1",5.98175551277369
"CYP20A1",5.9814596349359
"THAP6",5.97387776704663
"YPEL3",5.97036660579528
"LGALS8-AS1",5.96906129511036
"DHX30",5.96540017284757
"RNU5D-1",5.96321998283552
"HIPK1",5.96227518645859
"ZFYVE21",5.96184961126414
"ZSCAN16",5.9589718257442
"CCDC120",5.95770191903291
"KLHL22",5.95641289860672
"BAZ1B",5.95320793322398
"LRRC41",5.94914916051565
"RN7SKP282",5.94619168255878
"DHRS2",5.94546274261524
"TMEM67",5.94330429819561
"GAR1-DT",5.94296635442457
"ANP32E",5.94134019820452
"KLRC4-KLRK1",5.94124123326669
"GNL3",5.93908399055016
"ZXDB",5.92035857410509
"SLC19A2",5.91888320162603
"PEG3",5.91804341927405
"RPL7P21",5.91375720994226
"C5orf22",5.91087453556694
"CACYBP",5.90830981046062
"NRG2",5.90826703440322
"COPS3",5.9066850168078
"IKZF1",5.90488305163265
"VPS54",5.88489362679661
"SAYSD1",5.88234949595339
"NUP107",5.88007371003395
"MELK",5.87511562302239
"ZBTB8OSP1",5.87331537470649
"HSPA8P8",5.87125479042362
"PDZD4",5.87062406834856
"KRBOX4",5.86875760177147
"CSTF2",5.86813540073723
"SAFB2",5.86709311288647
"C15orf62",5.86331129311985
"MEPCE",5.86294079261171
"AUNIP",5.86044040805701
"P3H1",5.85731185443795
"SPATA9",5.84991810845751
"CD59",5.84798001893728
"KAT7",5.84665403428705
"ECT2L",5.84463409409346
"PHLPP2",5.84175592651601
"NPIPB5",5.8378054818954
"KLF2-DT",5.83694447107688
"UFL1-AS1",5.82813526693478
"MMUT",5.82280693562765
"GPN1",5.82215923675304
"SMC4",5.81308209022097
"RNA5SP219",5.8115840429384
"MED17",5.8115488923234
"LMBR1",5.8096500207458
"PIK3C3",5.80873836533755
"RSBN1L",5.8023120538976
"EHBP1-AS1",5.801196642016
"ZNF2",5.80084934464029
"ZGRF1",5.80068494991328
"MTERF4",5.79682149585264
"PSTPIP1",5.79102666233193
"BIN3",5.79000976940956
"C1orf52",5.78684237943341
"MIR4422",5.78030764145472
"FBLN1",5.77894856713027
"MRPL53P1",5.77668290482912
"EN2",5.77478438253516
"NDUFAF2P2",5.76885584236814
"MFSD11",5.7686359665742
"PANK1-AS1",5.76575039994147
"NUP214",5.76397367544202
"ARK2C",5.76153624660504
"ARL17B",5.76126198972789
"TTLL5",5.75570145896438
"SUCLG2",5.75048190735799
"PATZ1",5.74865805692037
"ZCCHC2",5.74838828586113
"KANSL1-AS1",5.74764058904669
"RIMS3",5.74664050825719
"COPB1",5.74535919720029
"CTCF",5.74403999596775
"SAMM50",5.74323402193097
"DUS1L",5.74255186212067
"TMEM52",5.74007245231885
"FAM136A",5.73661889999552
"SPAG16-DT",5.73603269080447
"DCAF8-DT",5.73168866283755
"METTL2A",5.73142524038504
"MICU2",5.72634034049226
"FTCDNL1",5.72442630292155
"PAIP2",5.72440773532888
"MIR642A",5.72384542606716
"SERTAD3-AS1",5.72232249901455
"CRLS1",5.72135643510851
"RNU6-322P",5.71929379721468
"GALT",5.71646686316193
"IGHD",5.71208276349921
"G3BP1",5.71148140886363
"EVL",5.70371973811822
"B3GALNT2",5.70356116341736
"LRPPRC",5.6984812443939
"MRRF",5.69717500561363
"RNU2-70P",5.6966020219973
"SPRY3",5.69471639590479
"PPP2R1B",5.69271222507549
"TMEM209",5.69136194258594
"SELENOP",5.6881514456882
"EXOC2",5.68716491367712
"ZNF136",5.68715031690889
"MGAT5",5.68120597052917
"SNU13",5.68043806245572
"CEBPZ",5.68043070932768
"PHF3",5.67950249863047
"CSE1L",5.67662549138602
"H2AC14",5.67395037472949
"DCAF5",5.67309347066884
"RPS15AP38",5.66965320708254
"ALDH9A1",5.66822710670725
"SLC9B2",5.66569542502329
"RAMAC",5.65713475831887
"ACADSB",5.6515223486934
"ATP6V0E1P2",5.65002011594678
"HHLA2",5.64960873708449
"DNAJC16",5.64948392174692
"CDK20",5.64758899795895
"MEMO1",5.6434084879854
"PLPPR5",5.63455482519447
"CACNG1",5.62293652502647
"KIAA0319L",5.62190791071121
"PGM2L1",5.62087042565384
"C17orf114",5.61318726023989
"FBXL12",5.61230982390757
"NAA35",5.61028877523326
"PLSCR2",5.6035332260242
"CMTM1",5.59846442169676
"CSNK2A1",5.59138434515537
"TMEM168",5.57948817917634
"RFX7",5.57915499856829
"INE1",5.57773277920883
"JUN",5.57620440128943
"RABL3",5.57566955133668
"SPRYD4",5.57064627082038
"LINC02181",5.56960800046316
"PKD2L2",5.56944920298247
"MIR548L",5.5680713815816
"H2AZ1",5.56225128976562
"TUBD1",5.56193849672606
"BCR",5.56182847749964
"RNU6-786P",5.55540007010255
"ASB2",5.55410288666719
"LINC02421",5.54967641470858
"OR4F3",5.54479141941876
"IFT70A",5.54197256808437
"TRIM17",5.53835306758721
"LRRC37A",5.53466551234914
"ANKRD16",5.53335066574254
"ZNF83",5.53063426733853
"KDR",5.52454220317438
"ZNF493",5.51892861155135
"EPB41",5.51872633852892
"SEPHS1",5.51862082317833
"ZNF350",5.50766835981254
"SOCAR",5.50594859702547
"NDUFA5",5.50220356805173
"ERGIC2",5.50169335819785
"ZNF699",5.50136233498311
"RPS18P14",5.49969101103164
"PWP2",5.49162613855302
"BTG2-DT",5.48962500739163
"DIDO1",5.48810595957818
"MALINC1",5.48682440847764
"TEX12",5.47729009950241
"RNU6-482P",5.47696620114381
"TRMT10C",5.47377394037038
"PGM5-AS1",5.46993960166842
"RAF1",5.4672890552603
"TAS2R30",5.46711438887729
"SNRNP200",5.46415825417761
"MUC4",5.46085841097822
"GRASLND",5.45956447620289
"LINC01205",5.45922120605907
"EFHC1",5.45880827448638
"BCAS4",5.45754408271584
"ENO1-AS1",5.45743285687048
"KIF15",5.45575780133682
"LLPH-DT",5.44906013968325
"ERV3-1",5.43906967684872
"ASH1L",5.43734133369496
"DROSHA",5.43486771277816
"JMJD6",5.43323270620545
"RAB22A",5.43090334048247
"UNC13B",5.42902004714051
"MSH2",5.428044924289
"FAM86B1",5.42736650098412
"ARMCX4",5.42708326062799
"NRSN2-AS1",5.42373971801144
"MCM7",5.4192280936424
"GTF3C3",5.41828151331871
"PRR34",5.41454017608057
"NPM1P6",5.41270352340116
"EEF1A1P5",5.40912254468776
"JMY",5.40832705499727
"CDK9",5.40657195543024
"DLEU7",5.40220695838563
"PRRT3",5.3999989601626
"DNAJC24",5.39867013642879
"SOCS1",5.39437418988065
"MCM9",5.39385020916436
"PALB2",5.39305226660405
"ARMC1",5.39157351522104
"PEX11B",5.38973010489627
"MAP1B",5.3892604679601
"DPPA2P1",5.38897287691607
"DERL2",5.38812424989916
"PCIF1",5.38739669495753
"LINC00222",5.38508929013929
"NLGN4Y",5.38181785922854
"VRK1",5.38018553511072
"DDX54",5.37397393634606
"RNU2-27P",5.3718825456228
"RNA5SP198",5.36145655046944
"SPDYE7P",5.36033666179995
"CIRBP-AS1",5.35822201340176
"EIF4BP3",5.3551619788251
"RANBP2",5.35386743666068
"NUP42",5.35300386554085
"RNU7-170P",5.35295056564702
"ZNF431",5.35248518487411
"THOC5",5.35153203415586
"GATA6-AS1",5.3510931935288
"SLC13A3",5.34604658976051
"LINC03047",5.34591228532163
"MIR3659HG",5.34177591853023
"DUSP2",5.33663898516534
"IL9RP3",5.33586312758878
"CTPS2",5.3358082333317
"FAM184B",5.33271819130762
"SCAMP5",5.33033903352103
"CTU2",5.33027392068338
"VWA7",5.33008613840301
"KATNB1",5.32476829737758
"CELSR1",5.32096455437567
"KRI1",5.31976976573373
"TFPI2",5.31939087304062
"TBCD",5.31723163514693
"CTTN",5.31696575671953
"DDX55",5.31565811900058
"THAP4",5.31226393572839
"B4GALNT3",5.30988255256773
"IER2",5.30932119527275
"LINC01569",5.30414085640824
"ZBTB38",5.30205188044385
"XG",5.30184444785841
"E4F1",5.30155051645206
"TMED8",5.29889113382022
"RBM26-AS1",5.29436682717033
"SUMO1P3",5.29421112593668
"SH3TC1",5.29297304389665
"PPP2R5A",5.28962174194569
"CFAP119",5.28760697439196
"ZDHHC2",5.28720481718599
"SEPSECS-AS1",5.28586131913908
"PITRM1-AS1",5.28585386891861
"SDCBP2",5.28509847553137
"PRPF4",5.28175319613013
"ADPRS",5.2808123052056
"PDE7B-AS1",5.27518440903661
"SLC20A1-DT",5.27468773944491
"ARID5A",5.26946212280702
"IDH1-AS1",5.26201904705138
"ATP2A1",5.26062871731749
"JAKMIP2",5.25787289709353
"ZNF578",5.25675407245955
"GPC3",5.2562412817898
"PRR12",5.2535206524684
"ZNF490",5.25231869342642
"TAF1D",5.25133814503745
"RITA1",5.24949591544207
"SCFD1",5.24714324349174
"TLE5",5.24166474421217
"NICN2P",5.2399075201702
"XYLT1",5.23990497071891
"RPL21P3",5.23728652282401
"VRK3",5.23592042486422
"RASIP1",5.23530777529288
"HMMR-AS1",5.23454326725937
"ZNF770",5.23266759890484
"OR7E128P",5.22031461372682
"ZZZ3",5.21985760548837
"MDGA1",5.21944088464642
"INCENP",5.21795358502052
"UBE2F-SCLY",5.21415296419928
"NUBP2",5.21232889140505
"TP53BP1",5.20929790265844
"CDK5RAP1",5.2074870417355
"BHLHE23",5.20246149639445
"GIPC1",5.19984952035061
"KIAA2012",5.19887721343801
"RPS3A",5.19844420672486
"MIS12",5.19603860238515
"TAPT1-AS1",5.19207112284669
"LINC00920",5.19165772720936
"FBXO22",5.18980016167765
"MIR3680-2",5.18568949284036
"CEACAM16-AS1",5.18293751029534
"PRKAR2A-AS1",5.18289211486594
"D2HGDH",5.18262063235389
"ZDHHC6",5.18221413583494
"IGHV2-5",5.18104592794829
"EOLA2",5.17868039934984
"RNF14",5.17798916299417
"KLHL26",5.17703022538207
"SLITRK1",5.174611715663
"RN7SL51P",5.17333615880433
"PDE9A",5.16943268792815
"KDM4B",5.1667240963839
"BRD3",5.16329460775379
"TTC23-AS1",5.16282612251416
"AJM1",5.16249203211098
"LMO7DN",5.1610525672285
"RPS26P47",5.1602796271258
"PINX1-DT",5.15762660211941
"PRPSAP2",5.15759520679923
"ELOA",5.15735371401552
"AAAS",5.15697087859352
"IFT57",5.1563199313421
"SEPSECS",5.15598323273296
"SPAG4",5.15489932063335
"MORC2-AS1",5.15139473410002
"ZNHIT6",5.14825281530288
"SARM1",5.14582815520977
"HIRIP3",5.14474410199405
"GMEB2",5.14043693108594
"MOCS3",5.13581427683011
"AMBRA1",5.13206937852653
"LRRC1",5.1300119148699
"NEDD9",5.12512485210841
"TUBB2A",5.12458352055913
"FXYD2",5.12367185100106
"UBA2",5.12364392524044
"RN7SL809P",5.12281993123077
"BCAS1",5.11186069231638
"RPL7AP3",5.1111983132351
"ZNF23",5.10532334687043
"CNIH2",5.10337136089242
"TMEM44-AS2",5.10062044525806
"TMEM80",5.09990852543359
"IDUA",5.09951948197591
"DRC3",5.09930576474409
"TMEM132D",5.09913067408999
"ZPR1",5.09778691405254
"TLCD1",5.09750342526393
"USP14",5.09210176766555
"KRT8",5.09142621380143
"COG8",5.08893611189153
"PAF1",5.08498033389966
"ZBTB14",5.0831960077281
"SAR1B",5.08288894577162
"ZMYND8",5.08280806270371
"MCM8",5.08103716146842
"GNB1L",5.07776234649464
"YEATS4",5.07712456489417
"MMP21",5.07649785616416
"FOXD4L5",5.07468447757726
"PRR7",5.07052021418276
"DESI2",5.06988815999531
"ERVK3-1",5.06909746698766
"WWOX",5.06776169856868
"EEF1A2",5.06590734987429
"STPG1",5.06581629564007
"CDC25B",5.06243620538059
"PAXIP1-AS2",5.05825386822815
"DDX56",5.05703531195174
"OPN1SW",5.05571522986176
"SCGB1A1",5.05038042665381
"UBA5",5.04822045660494
"TXNDC9",5.04702936298584
"CCDC163",5.04053502247484
"SURF4",5.03659390068778
"SSH3",5.0365826988853
"ERVK13-1",5.03652925796208
"AKAP9",5.03629592612799
"SGSM2",5.03610000865335
"SLFN5",5.03268185269769
"CCDC47",5.03175700013902
"IGHV3-13",5.03059203338741
"METTL14",5.02784275848314
"IGHV3-71",5.02690905242957
"FEM1B",5.02662832736936
"GGNBP2",5.02477962343649
"BSG-AS1",5.02374477076346
"CNOT10",5.02348784061076
"IGHV1-2",5.02307102916143
"BIN2",5.02213951855475
"FAM229A",5.01896904826872
"DOLK",5.01169041073414
"LINC01972",5.00819667579781
"HAUS6P1",5.00469385870475
"TEX10",5.00443206042177
"ZSCAN25",5.00278472760694
"CAND2",5.00218272245024
"FOXD2",4.99700382003443
"APOOL",4.99522027733334
"GJD3",4.99467203326654
"AGO2",4.99421713536191
"TUBE1",4.99297448145392
"VSIG10",4.99256672026386
"LEMD1",4.99138929684739
"DDB2",4.98996573136883
"FAM111A-DT",4.98892498194324
"SAFB",4.98555107936699
"MPHOSPH10",4.98447072196653
"RN7SKP56",4.96942664531614
"LINC02250",4.96877889967036
"GNL1",4.96752964757304
"LTA",4.96691306925298
"HP1BP3",4.96676130828022
"MIR1972-2",4.96448366665175
"PPP4R3B",4.95935960836012
"MORC2",4.95501867496293
"KPNA5",4.95454828794726
"ZNF587",4.95383398024463
"POM121",4.95192690023011
"PKD1-AS1",4.94910313621182
"TRDJ2",4.94419835480577
"MIR1302-9HG",4.93655941359923
"LSG1",4.93158212628724
"CRKL",4.92570743097501
"MCM3",4.92309536371992
"VTA1",4.9179104320144
"SPIN1",4.91786152795296
"NBPF12",4.90942994406159
"DUSP28",4.9085985380367
"AP1G2",4.89480236629579
"LINC02896",4.89476814182528
"AHI1",4.89450707470434
"ZMYM2",4.89399362840488
"CCDC138",4.89197673802814
"LINC02410",4.88894056216017
"ZNF567-DT",4.88499138685152
"NRF1",4.88483727285481
"MROH5",4.88131292905368
"CRIP2",4.88123448565648
"DEAF1",4.87213391469563
"SYN3",4.86907702755151
"RPL35AP16",4.86901059998968
"CNOT7",4.86898620334349
"CRIP1",4.86878381178563
"ARL14EP",4.86747986427264
"C7orf25",4.86739944155236
"GOLGA7B",4.86507111887385
"NAA30",4.85828748231828
"ZBTB45",4.85778682166887
"ALG1L2",4.85676645560423
"RNF212",4.85238627860232
"SYP",4.84905469329328
"LINC02687",4.84755026040693
"SORD",4.84598498567998
"CCDC152",4.84589726103649
"MTCO2P2",4.84514270393979
"ENO4",4.84496069167846
"RPA1",4.84471725441305
"NEK8",4.84064233702029
"CMPK1",4.83973113178782
"YRDC",4.83829436805388
"HYAL3",4.83595887310338
"MRPS2",4.83581303350577
"RELCH",4.83565372409048
"RNU6-854P",4.83495536337249
"SUGT1P2",4.83317529476963
"RASSF6",4.83132799559513
"SLC25A3",4.82699246473959
"FUT11",4.82631529389504
"DQX1",4.82601454212645
"SRSF10",4.82511862198072
"SGCB",4.82168851060499
"METAP1",4.82044560756266
"RSPH4A",4.81788146955933
"MUC20P1",4.80951189921305
"SPDYE10",4.80938742737401
"ANKRD40",4.80626285491431
"PREP",4.80625590026397
"ZNF354C",4.80579180801519
"RPL15",4.80546405720423
"IKZF5",4.80211731895737
"EPS15",4.80010480990319
"NBPF15",4.79943819632838
"HYLS1",4.79662990918402
"PSMD12",4.79293413975422
"ELF1",4.7913628074805
"LAMB1",4.78628904840152
"SMARCD1",4.78591131428324
"IL20RB",4.78420445913829
"TIE1",4.78288034905247
"RRAGA",4.77994760384048
"RHOXF1",4.77626362874875
"HSPD1P4",4.77542885851734
"ZDHHC1P1",4.77313719883816
"HMGB1",4.77178688834123
"PRMT6",4.77071440904194
"PHC1P1",4.7705918154969
"MSL2",4.77024891862593
"ZC3H14",4.75963514184948
"RBPJ",4.75920221415424
"GAPDHP43",4.75236168700832
"LPIN3",4.7511671485809
"ELMOD2",4.74883278764112
"BPGM",4.74282449841731
"TRMT61B",4.7411627607922
"ITGA6-AS1",4.73919806304923
"TUBB2B",4.73890346909092
"TSNAX",4.73572862304737
"MFF-DT",4.72739744042927
"RPRD1B",4.72502942175199
"C2orf68",4.72395130490119
"ANKRD13B",4.72379765402145
"BTN3A1",4.72080961372001
"LYSMD3",4.71867946079994
"CCAR1",4.71317059726601
"EXOC8",4.71044111093989
"ODAD4",4.71012060811979
"ADAT3",4.7087926875422
"OSMR",4.70411234339303
"RPL9P7",4.70278319845278
"LRRC57",4.70129990769974
"GARRE1",4.70050320998749
"SRSF7",4.69848081834122
"SMAD1",4.6940519848391
"ELK4",4.69273424081328
"PTPN14",4.69269710591815
"NR2F6",4.68845969348147
"PRPSAP1",4.6881601875102
"PAXIP1",4.68558541874474
"YIPF4",4.68555222878077
"UBE2N",4.67323315548499
"SNRPGP4",4.67159887221865
"ZNF148",4.67097782025373
"SIAH2",4.67028283585142
"SWI5",4.66906748147076
"PDRG1",4.66899183286663
"KIF21B",4.66707465715366
"MKI67P1",4.66655758620625
"RPL35P3",4.66391522528846
"RNU6-484P",4.6630708410422
"ZNF395",4.66212054406346
"LTBP1",4.66071459830489
"WDR55",4.65725377304463
"NAA50",4.65508186308912
"USP6",4.65195053703346
"SNX9",4.64849911719906
"AKIRIN1",4.64769762393713
"POLR2J3",4.64562510190562
"C2CD6",4.64467870167231
"NAIPP4",4.64091132191088
"APOBEC3G",4.63895935508848
"GPR89A",4.63799639022793
"RNY4P10",4.63453922489317
"TRAJ56",4.62566088633008
"C2orf69",4.62119272362951
"INTS2",4.62109290116151
"ZNF76",4.6197712306964
"GEM",4.61673858086152
"MIR3936HG",4.61624095107738
"GPR180",4.61199390883365
"CCNE2",4.60680526740193
"TMPRSS6",4.60568406993751
"RDH10-AS1",4.605089176888
"RCC1",4.6035283153806
"SNORA58",4.60063422924738
"RMDN3",4.59849578258165
"ZNF41",4.59731438600014
"MYO10",4.59388987402394
"IGLV3-16",4.59342965529741
"DNAJC27",4.59062031085114
"DPP3",4.58868911298735
"ZNF581",4.58741191968385
"LINC01521",4.584671288527
"NOL10",4.57966898676661
"FBXL17",4.57885631982329
"ZNF585A",4.57764799412272
"MAEA",4.57729205351138
"SH3TC2",4.57601100049766
"MLF1-DT",4.57345871785691
"PXMP2",4.57156774783845
"AVIL",4.56976220145514
"EIF3KP1",4.5679868534877
"CRACR2A",4.56700386864399
"OGA",4.56438517083458
"WASHC5-AS1",4.56432025049075
"TMC7",4.56280796561666
"STRIP1",4.55805549179259
"DPY19L2",4.5571440000991
"PHF5AP1",4.55651257144191
"TRAJ26",4.55290813618511
"GPR155",4.55263385737624
"VAMP2",4.55223818014272
"LINC02613",4.55094655481067
"PODXL",4.54807180777759
"ZNHIT3",4.5449406124346
"RBBP4",4.53704747005501
"AUH",4.53671210139804
"TGFBRAP1",4.53512015581426
"FLRT2",4.53405136882505
"RNA5SP20",4.5338422885977
"BRWD1",4.5329880931816
"CFAP44-AS1",4.53112062027403
"NUDCD2",4.52971645905261
"USP9Y",4.52753683556104
"THEM6",4.52466656544106
"MIR3921",4.52209843317403
"TERF1",4.52040682850193
"PGGHG",4.51733184106381
"B4GAT1-DT",4.51209779179693
"CSNK1G3",4.50845872787518
"WDR83OS",4.50840115190601
"EWSR1",4.50208769777546
"RCE1",4.49987585694709
"INTS13",4.49872438932932
"FBXO44",4.49673544073879
"KBTBD3",4.49377616737954
"LARGE-AS1",4.49296336113707
"DNAJC27-AS1",4.4924785478608
"MTMR6",4.49175086186302
"LINC02690",4.4905166761895
"RPL13",4.49000081858225
"POLR1A",4.48457659024831
"MEX3B",4.48203678130213
"GTF2A1",4.48026779991525
"NEDD1",4.47891341997238
"RPL21P10",4.47834993053948
"SLC16A1-AS1",4.47834514111828
"SBDS",4.47796227156072
"ABHD17AP5",4.47660240269161
"C3orf38",4.47483662222539
"SUMO2P10",4.4741369014724
"SPAG8",4.4681453633714
"PSME3",4.46602873267791
"DUSP19",4.46479447027223
"DLGAP1-AS4",4.46292979157294
"CDK5RAP3",4.46152613825993
"SH3KBP1",4.46094333550648
"ZYG11A",4.4599985760214
"SNORA14A",4.45807301220061
"ADAMTS6",4.45659048667575
"USP39",4.45604578335046
"DCAF15",4.45258427241045
"TTI2",4.45135120488329
"CMTR2",4.45082643863383
"FAXC",4.45071318694324
"CYYR1",4.44965893165845
"BRICD5",4.44872730839245
"TRIM16",4.44755791805403
"MRPL49",4.4426180927893
"RBM19",4.44133108133307
"RPS2P5",4.44038406984701
"PTGES3",4.43586889304584
"ALG2",4.43436444734413
"RNU6-422P",4.43367886959456
"HYCC2",4.43277307072921
"FBXO34",4.43249671982384
"CRLF3",4.42684280256782
"L3HYPDH",4.42606078059714
"DUX4L33",4.42202768896511
"RNU6-48P",4.42172710661087
"NMRK1",4.41987097700364
"DYNLT2",4.41865941852342
"RAB33B-AS1",4.41395669036213
"EML4",4.41163624289462
"MIR16-2",4.40979660414663
"EXOSC2",4.40890469166931
"ITGA4",4.40671705853423
"ANKRD44-IT1",4.40381534153603
"ATP1B3",4.40103105468038
"RN7SL74P",4.40069620832029
"CACNA1F",4.40040869203876
"HEATR6",4.39999460887117
"CCDC91",4.39964485163649
"PPHLN1",4.39471700888678
"INPP4A",4.39327006027519
"MEG8",4.39121335818891
"KLHDC2",4.3899563374468
"SLC41A3",4.38982088671432
"XYLT2",4.38688938163187
"RBMXL1",4.38679533484855
"C16orf95",4.38426494255256
"GMPS",4.38278372975323
"PIAS1",4.38099770106598
"PELP1-DT",4.37879365359954
"PABIR1",4.37382200632854
"ZFYVE27",4.36865014836317
"SLC7A6",4.36668288200691
"ASCC2",4.35979058891855
"SSBP3-AS1",4.35888255264102
"TFAM",4.34996054368603
"DCAF4",4.34884594087084
"CHRAC1",4.34691933994009
"ATG5",4.34416641229893
"ACTA2-AS1",4.34350358229932
"GCNA",4.33981136544783
"ADM2",4.33738531852634
"SERINC5",4.3359538975694
"PWWP3A",4.33464991460275
"HNF1A",4.33335084134549
"CNN2",4.33188918026942
"ZBTB44-DT",4.33180181826092
"UCKL1",4.329956132207
"PIH1D2",4.32822635693181
"ALG13",4.32509832525067
"RPS6KB2",4.32322296968829
"LINC01355",4.32265891207332
"SMARCB1",4.31979797219946
"MAPK12",4.31822761371822
"PMEPA1",4.31456908149521
"CEP85",4.31267695739396
"CRYGS",4.31009613291663
"SCARNA8",4.30992611439497
"SELENOM",4.30977721813617
"ZNF37A",4.30536337922297
"CT45A11P",4.30391344756873
"UBALD1",4.30150751526164
"SOX18",4.29843706382981
"MZF1-AS1",4.29836664058526
"AGO1",4.29813664425062
"H6PD",4.29570070176271
"TCP1",4.29222192248257
"SF1-DT",4.29167494658822
"YLPM1",4.2886792693915
"PRPF38A",4.28810461979128
"BMT2",4.28034883916069
"ECD",4.27991541461577
"APOBEC3F",4.27741784346137
"PON3",4.27447197895985
"ERI3",4.27257898387208
"SETD4-AS1",4.27170839236526
"TAMM41",4.27081936648691
"HEMK1",4.26917676071088
"MFSD10",4.26780102443563
"LINC01709",4.26029249450219
"HDHD5-AS1",4.25716110777702
"MEIOB",4.25438063706269
"CYB5B",4.2522238155885
"CCDC168",4.25094874873245
"THRA",4.25013624630924
"DLG4",4.2490541299187
"SPTLC3",4.24422933467017
"CTRC",4.24068152361072
"RNU4-40P",4.22978115656427
"NF1",4.22761282121394
"BEX4",4.22560024625271
"SRRT",4.22464321728676
"CAND1",4.22183664952095
"AVEN",4.2206436449014
"CA8",4.21913891185443
"POGLUT3",4.21662863457161
"UXS1",4.21577112247381
"FAM76A",4.21529204998521
"U2AF1L4",4.2131961297947
"RNU6-918P",4.21301327103624
"TBC1D31",4.20701898095368
"CCDC92",4.20527759036655
"EHMT2",4.20507237999019
"CHRNA3",4.20501110070162
"MYLIP",4.19906306491634
"PRDX3P1",4.19868541913954
"PLPP5",4.19837730830299
"XAB2",4.19502405781033
"BACE1",4.19473673809146
"BCL2L1-AS1",4.19412343517314
"RHBDL2",4.19048844919137
"RARRES2P4",4.18815966411422
"VPS51",4.18724489875411
"INPP5E",4.18534961850968
"SBF1",4.18365470413342
"PRPF38B",4.1818682226909
"KAZN",4.18159926690864
"RBBP5",4.18022729171308
"ANAPC16",4.17681980025034
"MRPS21P9",4.17468669472538
"GAREM2",4.16885053836135
"MPRIP-AS1",4.16816634167126
"YWHAZP10",4.16637473431899
"RAP1B",4.16511185326701
"SETMAR",4.16438542146943
"CHKB-CPT1B",4.16144927337653
"FBXO15",4.15937005225003
"FBLN5",4.15868749676495
"CCNB1IP1",4.1580204166164
"ZNF302",4.15743259083337
"ACD",4.15611311376306
"IMP3",4.15576237653992
"MTHFD1",4.15533807138185
"MMD",4.15386730984137
"RPS3AP18",4.15092723256583
"TGIF1",4.1501540185354
"MEAF6",4.14916058255701
"EXOSC10-AS1",4.14887050688238
"ZFP69B",4.14680822996332
"TMEM33",4.14199408825909
"BTN3A2",4.13626156809989
"FAM66C",4.13622548027463
"PPP1R12A",4.12960715447111
"ARRDC3-AS1",4.12804973914136
"C6orf47",4.12689831251583
"CCT7",4.12646821299298
"MTREX",4.12518936679596
"HMGN1P36",4.12342874217254
"ZBTB9",4.12329252245667
"RPL32P18",4.11946411894092
"EAPP",4.11858780108893
"FOXA3",4.11727724747407
"ABHD18",4.11560975890437
"FBXO31",4.11466301296407
"HSPA4",4.11328555509021
"THAP7",4.10883522041677
"BCAR3",4.10543751256125
"PSMD7-DT",4.10323432445631
"NOP56P1",4.10299309943106
"NFRKB",4.10191149236926
"CENPE",4.10160903867415
"MAPRE1",4.10038240782191
"ERLEC1",4.09752174094626
"SNRNP35",4.09459329095354
"RNF167",4.09215800780174
"LINC00304",4.09150164776342
"SLC9A9-AS1",4.09048464603208
"ING1",4.08605299295428
"TRAPPC9",4.08565121332238
"ZNF225",4.08205344809656
"RPLP0",4.08089809689573
"CUL3",4.07277192632069
"ZNF417",4.07019413878043
"MAP7D3",4.06959094738167
"SLC20A2",4.06744408617724
"CDK1",4.06609581346889
"PLAA",4.06185237095942
"MIR6750",4.06102916018845
"ADCK2",4.05932216967844
"CASTOR1",4.05669687239515
"HNRNPA1",4.05364335534078
"TOP3B",4.05325998776927
"B3GALT4",4.04935596870459
"LTB4R2",4.04808477367325
"NARF",4.04796672833721
"PIF1",4.04771306449396
"MMP23B",4.04752863933795
"MRPL38",4.04636349239293
"ZNF281",4.03900847000989
"CCT3",4.03773100302805
"ING3",4.03676177418982
"FKBP4",4.03631791356835
"ZRANB2-DT",4.03534188013837
"IK",4.03496264444992
"RPSAP56",4.03480317217012
"PRUNE1",4.03359192682598
"SNX32",4.03279678502291
"TRGJP1",4.03088339636551
"KIFAP3",4.02965889831306
"MDP1",4.02562111156591
"BAHD1",4.02343149735486
"POLD2",4.0231485405694
"TIGD7",4.01867308179372
"TAF3",4.0183797548516
"DLL3",4.01717484358932
"MAGIX",4.01536338861873
"C16orf87",4.00949969386223
"SENP8",4.00699137881524
"WRNIP1",4.00426682403288
"HID1",4.00312850919221
"HECW2",4.00277894406374
"PMAIP1",3.99957339196314
"PPIE",3.99147254484158
"LMNTD2",3.98778066214802
"ZNF428",3.9862524017785
"RNU2-58P",3.98543582150129
"SETD2",3.9848735776831
"MFSD3",3.98466822389707
"RPL5P8",3.98191820321556
"RABL2A",3.98020998202161
"HNRNPA1P7",3.98017283385043
"FOXF2",3.97999195872316
"TOGARAM1",3.97977275219559
"UBQLN1",3.97955292852775
"BMAL1",3.97798485830096
"RAP2C",3.97765227174837
"RBM6",3.97649087151796
"PTPMT1",3.9758740379754
"ARHGEF26",3.96900456858265
"GABPB1-IT1",3.96644455767647
"SMG6-IT1",3.96621634237645
"ATG12",3.96211049278271
"HMGB1P3",3.95984466213403
"MYCL-AS1",3.95982313568259
"DOCK9-AS1",3.95951766514553
"KMT2A",3.95200782470324
"PIMREGP1",3.9509024434667
"KCNC1",3.94882306537417
"NPM1P24",3.9467337861896
"RNF185-AS1",3.94512860799464
"RPS6",3.94411941146459
"EIF4ENIF1",3.94337913903959
"RIC8A",3.94155317452261
"SRP68",3.94106266455018
"ZNF689",3.94009085417055
"GRIP1",3.93899793190653
"RBFOX2",3.93517036927069
"IGHV3-72",3.93322413847891
"RNU4ATAC12P",3.93180558460724
"CARMIL1",3.93049612486293
"BAK1P1",3.92883784426094
"SAP30",3.9284770470416
"RPL7L1",3.92822672153953
"RAD18",3.92805510735094
"TAF15",3.92552195291061
"TARBP2",3.92457985044493
"LINC00526",3.92430553203086
"PHF13",3.92238590824519
"RALGPS2-AS1",3.9157646139627
"GEMIN7-AS1",3.91525918428647
"KLHL29",3.9123904264863
"FAM131B",3.90850155726456
"SMYD5",3.90767003161108
"DUSP5-DT",3.90694478331123
"SOX5-AS1",3.90411482957483
"ABCC4",3.90327098408027
"CRPPA",3.89825248998359
"MAF1",3.89797724186796
"MIR4505",3.89728889981314
"MIR103A1",3.89663819493757
"RAN",3.8937085108764
"AGR2",3.89309021125651
"RN7SL230P",3.89274923500143
"LRRC26",3.88780220473116
"AK5",3.88705705512083
"ARL4AP1",3.88479459810251
"CIMIP2A",3.88365216561166
"MKRN2OS",3.8835193851611
"MIA2-AS1",3.8803372448961
"ADSL",3.87932962272035
"NEFM",3.87930565507072
"ZNF10",3.87890553585659
"SP4",3.87866546351235
"MIR3074",3.8778961980159
"BTRC",3.87239271364905
"ING4",3.8723506161623
"RNU6-1099P",3.86994321738149
"DSTYK",3.86752472210665
"RNU6-1170P",3.86505183342493
"LINC01163",3.86473670799031
"KIR3DL1",3.86468019829923
"RPS3AP6",3.86368268627549
"RPL12P44",3.86276723647174
"ANKRD39",3.86183414257281
"BHLHE40-AS1",3.85796440660682
"PROZ",3.85761600754368
"ZNF852",3.85736013035222
"CSNK1A1",3.85611792842122
"GPATCH8",3.85416581616274
"ZNF426",3.85173646648215
"INTS5",3.84979181368735
"ID3",3.84766362820254
"MIPOL1",3.84684833476049
"MAD2L1BP",3.84591538620077
"LMNA",3.84057985767288
"KPNA6",3.84056589300091
"RLN1",3.83985779832275
"PRMT9",3.83793732363615
"DHRS7",3.83648351470913
"GGH",3.83603089732414
"GNAS",3.83597587466152
"C12orf76",3.83570860408528
"EPCIP",3.83279876236705
"ANKMY2",3.83264734625002
"ARMC12",3.8303131427301
"CEP44",3.83011063643053
"NKAPD1",3.82840539116262
"TNKS",3.82659345771158
"RNU6-1251P",3.82500925055863
"WDCP",3.82491176341351
"IKZF4",3.82419901271485
"GPAT2P2",3.82291325296024
"EXOSC10",3.82138936560901
"P4HA2",3.81877574217134
"CLPP",3.81805679254236
"BFAR",3.81540665328282
"IFT74",3.81354046380343
"BCL2L11",3.81181446772753
"FAM193B",3.80965034494469
"DDX27",3.80872463079976
"RPN2",3.80860632838927
"LRRC23",3.80705739116196
"TPGS2",3.80638048302205
"RN7SKP64",3.80536068715168
"RAD54L2",3.80525412872092
"VCPIP1",3.79954079989458
"AGL",3.79771968454136
"ABHD17AP1",3.79624412742897
"PDZD7",3.79575933997738
"SEPTIN6",3.79543727114946
"DBF4B",3.79429685732916
"DIP2C-AS1",3.7942066480153
"MRPL19",3.79298598239392
"GPBP1",3.79221516432768
"RPL39P38",3.79041355699641
"NABP2",3.78751573619336
"JRKL",3.78685120102215
"PPM1A",3.7787827990875
"FOCAD",3.775553614017
"SNORC",3.77474417542032
"CDC27",3.77383508314552
"IGSF8",3.7733240371863
"NEIL2",3.77219754697839
"UBAC2-AS1",3.77140367500257
"B4GALT3",3.76829446748463
"SACS",3.76741152748486
"CTDSPL2",3.76735824205363
"SHOX2",3.76644528300975
"PIGT",3.76625088737885
"ADAMDEC1",3.76458209372208
"EIF1AX",3.76446347636833
"HSPA9",3.76160326392175
"TMEM190",3.76051662886754
"CD101-AS1",3.75936049208746
"MUS81",3.756857989982
"RNU6-759P",3.75454174232346
"TIMELESS",3.7508749119099
"EID2B",3.75021146827905
"RAVER2",3.74851525449272
"RARRES2P2",3.7471656282465
"SLC7A6OS",3.74630320992203
"HILPDA",3.74580682737469
"RPS26P59",3.74274380233857
"CPA2",3.74263599503376
"BRAP",3.74224439550728
"ACTR6",3.74123060710409
"POLR3C",3.74038225632159
"RPL10P17",3.74006715111725
"ARL6IP1",3.73681009840076
"DYNLRB2",3.73469156206746
"GTF2B",3.73421327515441
"CELF2",3.73362352689404
"RNU6-808P",3.73356711593542
"ISCU",3.73305720617831
"OGFRP1",3.73194580921871
"SUGT1",3.731187647434
"RBBP8",3.73011762379153
"ADSS2",3.72952068139849
"MIR6855",3.72912956916448
"POU6F1",3.72629499589349
"NUTM2B-AS1",3.72542538187723
"NPC1",3.72465993591356
"BTN3A3",3.72454155792811
"ABHD16A",3.72372571977513
"DLGAP1-AS1",3.72215776739287
"UBTD2P1",3.72207536787724
"LGALSL",3.72108199211911
"KLHL14",3.71983441266055
"EED",3.71929109024227
"TFPI",3.71747894412118
"CHAC2",3.71721364694354
"TNFAIP8L3",3.71511895418575
"CDC123",3.71411483400203
"FAAP100",3.71227750178813
"KRTAP5-1",3.71007928221841
"BLOC1S4",3.7097386864866
"UBE2SP1",3.70621227813732
"WAKMAR2",3.70357953507837
"GYG1",3.70230581018126
"RN7SL239P",3.69571631989819
"COPS4",3.69425392151713
"RBM12B-AS1",3.69310384750022
"WARS2-AS1",3.6929462040227
"GLG1",3.6902031074964
"VPS39-DT",3.68985303431607
"COQ9",3.68984931248183
"RNU6-341P",3.68910122780065
"JKAMP",3.68715724573515
"RNF25",3.68679867190693
"TAF2",3.68568347846122
"CDC34",3.68472720926306
"MTCYBP18",3.6795862497361
"ABL1",3.67948118256922
"NEK5",3.67934659728497
"MUC19",3.67908815517569
"SLA2",3.67870120290602
"DNAJC21",3.67554671258586
"FBXL20",3.67421973499374
"SUCLA2",3.67346860496955
"CRLF1",3.66929027835255
"ITPR1",3.66759139859867
"TMPO-AS1",3.66680388224172
"PDIA5",3.66609041040825
"H2AX",3.66569258096208
"CHORDC1",3.66446212607446
"ORC4",3.65876352088896
"HSD17B1-AS1",3.65874963086266
"LINC01535",3.65874800042475
"GNPDA2",3.65542608012024
"RHNO1",3.64995114862808
"NXPE3",3.64892483303063
"MAPKAPK5-AS1",3.64634149845269
"KHDRBS2",3.64383273768857
"TRNAU1AP",3.64230614416385
"SMARCA5-AS1",3.64161879669133
"LY6G5C",3.64145191093968
"LIX1L",3.64079101086183
"CCNYL7",3.63231699702905
"PCM1",3.63126158506403
"TYRO3",3.63014994212673
"ZBTB24-DT",3.62937334756711
"ZNF468",3.6281765321968
"GSTM4",3.62603499681577
"NQO1-DT",3.62599985259471
"CTF1",3.62429145625627
"H2AC8",3.62327579282117
"BARD1",3.61962245401035
"SLC12A9-AS1",3.61804366729696
"GOT2",3.61740421808117
"RNA5SP351",3.61288432050187
"MASP2",3.61222621240582
"PRKAR2A",3.61183128251265
"DNAAF8",3.61182736347522
"RSPH14",3.61049051212275
"PHF10",3.60826814810897
"DNAJB6",3.60721981081807
"RPS3AP3",3.6066905004761
"CCNA2",3.6058736898393
"ALG8",3.60430945613334
"YDJC",3.60233287605379
"TWSG1-DT",3.59998993298134
"PDK1",3.59946862126192
"C1orf115",3.59609607595607
"TMSB15C",3.5941974425699
"DENND5B",3.59103006476509
"PPP2R5B",3.59077745403282
"CELSR3",3.58875758311561
"ULK3",3.58686313483296
"LIN9",3.58655838122179
"SMAD7",3.58458135976764
"SPRING1",3.58410577797568
"KRT85",3.57817838828953
"ZSCAN30",3.57673079363623
"CIAPIN1",3.57672635389533
"AGBL3",3.57612475025504
"PPIAP9",3.57463575625096
"STK39",3.57335876028468
"ZC3H7A",3.57257403824438
"CCDC121",3.57250575516193
"STK24",3.57099015088512
"DIMT1",3.5694671382038
"MIR4646",3.56449507242188
"ORC1",3.56399414449242
"FHIP1A",3.56336350253389
"PPIAP51",3.55871519445545
"SREK1",3.55750667219058
"WNK3",3.55606366465026
"VSX2",3.55559035068323
"IGLV3-6",3.55540714938206
"IGLC3",3.55133006562749
"SLC29A2",3.54625988095117
"BNIP3P27",3.54358533528903
"VPS26A",3.54345411582232
"RASSF7",3.54334392504402
"CAPZA1",3.54231360368103
"ZFAND2A-DT",3.54051231996397
"EMC1-AS1",3.53864408796635
"PHETA2",3.53646115932797
"SRP9",3.53619802474086
"GPI",3.53583013089569
"ZNF195",3.53554732162937
"DCTN5",3.53225345572916
"TRIM7-AS1",3.52777172568108
"MRFAP1",3.52661967105589
"TUBBP2",3.52645954602008
"ABHD4",3.52419596753212
"ICMT",3.52196315457033
"DIS3",3.51900528499989
"TRAPPC4",3.51312284219123
"PDCD10",3.50839550564215
"HMBOX1",3.50725215528436
"COG2",3.5061737850442
"GDF11",3.50571374612661
"KIF5A",3.50546821619399
"TRIM11",3.50225555589403
"STING1",3.50026615430715
"TMEM115",3.49919062242856
"MTF2",3.49657191516002
"UBIAD1",3.49460958245681
"CAMK2G-AS1",3.4924846847457
"B3GALT6",3.49239341651838
"ALG12",3.49164043405943
"RDM1P3",3.48986918476989
"SNRPGP5",3.48932781622481
"SAR1A",3.48915242615603
"RPS4XP14",3.48874531303791
"WDR35-DT",3.48740274879944
"IFNG-AS1",3.48719927748015
"MRPS31",3.48653636543058
"CLPX",3.485189656227
"MTBP",3.48419435797982
"EPB41L4A-AS1",3.47950077850465
"RNF8",3.47816437755425
"ECSCR",3.47594658563032
"UBE2R2-AS1",3.47119046657679
"POLR3GP1",3.47087236367716
"PTGFRN",3.46985205826924
"DNAJC8P2",3.46888770816924
"VCPKMT",3.46776973446752
"DTX1",3.46407795352459
"EFNA4",3.46328037489921
"TMEM179",3.46124867971099
"EIF4HP1",3.45989281800085
"NFYC-AS1",3.45938832836962
"WRAP53",3.45721992329378
"LINC02820",3.45585881705855
"XPO5",3.45409632727357
"DNAAF10",3.45275066175452
"RPL3P2",3.45263417985059
"ARF6",3.45212288043019
"L1CAM",3.44834237827168
"RNF6",3.44774370330821
"SLC5A10",3.44375455430133
"MRPL35P2",3.44128918279088
"RNU6-1143P",3.44106347275766
"UGP2",3.44091452845081
"LINC02922",3.44090381932325
"PHYKPL",3.43986460081082
"ZNF33A",3.43983024835569
"SNORA70D",3.43955027858576
"MIR548D2",3.43689413800151
"RNU6-686P",3.4360044663507
"RBM48P1",3.43422650298573
"ADSS1",3.43247658619411
"FNTA",3.4318513611741
"SRP9P1",3.43172325915166
"TBC1D20",3.43127528092221
"ALKBH2",3.4304465317418
"RPS27P9",3.42972614369344
"DCBLD1",3.42899001013408
"UST-AS2",3.42884123352741
"MRE11",3.42763645992147
"BTBD10",3.4220745726529
"TRIM72",3.41922509796536
"C1orf174",3.4176990244406
"EIF2B5",3.41760582003691
"RPL17P28",3.41612521367487
"SMC6",3.41213512380048
"OTULIN",3.40962244180258
"DARS2",3.40953243907155
"PLCB4",3.40894413051984
"BRD8",3.40764058697372
"EIF4H",3.39707211051389
"KMT5B",3.39391893794242
"LSM14A",3.39357616589449
"PFN4",3.39135007950378
"COPS7B",3.39105595041147
"AQR",3.39079878325534
"THAP9",3.38588137825082
"IGDCC3",3.38546928743215
"TRAM2-AS1",3.38389288604395
"ITGA3",3.38323690645928
"LINC00563",3.38139653376967
"PAX6",3.38042768300007
"SAP130",3.37952292001556
"MIR1200",3.37846300528631
"PLCL1",3.37823549614378
"SLC4A1AP",3.37354202890868
"SLC25A46",3.37178985086411
"PCYT2",3.3696617246519
"ITPKB-AS1",3.36880085449748
"RABGAP1L-IT1",3.36685431504784
"TRGJP2",3.36623252036586
"POLI",3.36383007134405
"NUP210",3.36348742779353
"KPNA1",3.35987867782896
"TMEM62",3.35974832749623
"OR2AI1P",3.35927970560794
"PWP1",3.35914686402597
"PNPLA2",3.35875842316486
"PCNX4",3.35843167217171
"SDCBP2-AS1",3.35831831879762
"CLEC2B",3.35796212545069
"TIMM22",3.3576329272291
"ADH5",3.35705188893067
"TRAJ1",3.35534645055419
"KCTD10",3.35515823794154
"ATXN2-AS",3.35174903948227
"POT1-AS1",3.35092682101864
"DENRP1",3.34905926485691
"ZNF738",3.34800538343077
"PTCD3",3.3471464305789
"RAP1GDS1",3.34536193293964
"INPP5K",3.3426737947034
"NXT1",3.34247568573844
"A3GALT2",3.34178168321283
"SYAP1",3.33987205919659
"DDOST",3.33735598764203
"ASNS",3.33693615380823
"TRMT1L",3.33671450615217
"MCCC1",3.33549389154228
"TMEM177",3.33517428336715
"GTF2IRD2B",3.33266966888216
"KNSTRN",3.32600366993031
"EVI2A",3.32514816733201
"ABCB6",3.32275773402812
"FANCI",3.32210227137461
"DNAJA2",3.32115194964715
"NCL",3.32085700841679
"ARPP19",3.31966420510717
"IPCEF1",3.3156647514513
"MORF4L1",3.31387628093722
"XCR1",3.31249810215381
"TMEM94",3.3108657277068
"SH3BP5L",3.30729224471492
"AKR1E2",3.30639503606531
"RAB4B",3.30587354864742
"PSMD11",3.30538921898658
"MDFIC",3.30533228706818
"BACE1-AS",3.30499705749122
"BTG3-AS1",3.30125687770511
"METAP2",3.30064486916348
"PRAF2",3.30019811982655
"FANCE",3.29808218679939
"CIAO3",3.29774221921963
"RNF126",3.29679755935471
"BTBD6",3.29479033840787
"NDFIP1",3.29357442857897
"BACE2",3.2920314730278
"VDAC1P4",3.29173184681785
"BLTP3B-DT",3.28655578694022
"FAIM",3.28448389777981
"COG4",3.28440818954735
"CCNG1",3.28042292377243
"TPST2",3.27878620393703
"CKAP2-DT",3.27799125610213
"ZBTB1",3.27722020246016
"TERF1P7",3.27660149224697
"BNIP3",3.2753747719956
"PDE4DIPP2",3.27526857824374
"RLIMP1",3.27378644021872
"HNRNPAB",3.26891147097331
"OR4D1",3.26742934542143
"MED19",3.26559639194676
"TRAV1-1",3.2624619109484
"FGD3",3.25830388878921
"DDX50",3.2579207688402
"STAU2",3.25576018257328
"MIR548AC",3.25164684102007
"RAP2B",3.25095944220827
"PDS5A",3.25050137975338
"ELOVL5",3.24837440955962
"GOLGA6B",3.24165324568331
"GIHCG",3.2401137827968
"MRPL57P3",3.24010509241857
"SNORA80A",3.23974307008135
"RPS5P2",3.23904106037469
"SNORA80B",3.23862320987423
"SNHG7",3.23529342332129
"EIF2B4",3.23359616115439
"KIAA0513",3.23319747752534
"LLPH",3.23134794112259
"PRKDC",3.23108942292837
"SYCP2",3.22542063873047
"WBP11",3.22209475813188
"RSRP1",3.2215400388202
"ODAD2P1",3.22107996619553
"RN7SL192P",3.22107996619553
"IRAK4",3.22088524145727
"SMAGP",3.22061338680748
"RNA5SP203",3.21683395857179
"IQCN",3.21589300405706
"LINC01891",3.21484020065767
"F8",3.21281727974038
"BARX2",3.21071618846819
"SP140",3.20989662888185
"PRMT1",3.20615889287449
"MED10",3.20439901930514
"FRMD6",3.20411778284098
"PPEF2",3.20195309669438
"ANKRD36C",3.2004202573692
"PATJ-DT",3.20021705387927
"YJU2",3.19950926760386
"ZNF513",3.19917807220537
"NOP53-AS1",3.19781930496128
"LDHC",3.19684280530029
"WASL",3.19640837937426
"TMEM14C",3.19156068790336
"GPATCH3",3.19069783601897
"FLI1",3.18946901719829
"OTUD6B-AS1",3.18898601259193
"EMSLR",3.187864143187
"DIABLO",3.17941105625013
"ARL17A",3.17794035031724
"MIR544B",3.17727637601176
"ASH2L",3.17635004537879
"APBA3",3.17597625812363
"UBA3",3.17388959580615
"MGAT4A",3.17211960071949
"MRPL20-AS1",3.1698159933064
"GDE1",3.16716388780354
"TRIP6",3.16596683996935
"NUP153",3.16415378520858
"PSMG4",3.1617376144389
"MAGI3",3.16064956694241
"PDE6C",3.15853775930512
"EPOR",3.15745018491857
"GABPB1-AS1",3.15695392929376
"MIR642B",3.15619134925923
"PGAM5",3.15590139890014
"MDS2",3.1521255289343
"TULP4",3.14570243949194
"SLC25A17",3.14521726970572
"USP50",3.14379722053129
"C21orf91",3.14304094709395
"CD109",3.13780655434696
"SNHG16",3.13671196380723
"ZHX1-C8orf76",3.13583577560588
"ZBTB11",3.13524891370581
"EFCAB14-AS1",3.13061228732786
"SPATA7",3.12885352230896
"GRK4",3.127296174592
"ZFAND1",3.12595857475764
"SELENOTP1",3.12583491344338
"KIF13B",3.12361517793594
"HYI",3.12180506449253
"DAPK3",3.11909491513148
"NDC1",3.11907217654826
"UBE2A",3.11877071052677
"ARHGAP35",3.11608012694152
"RNU4ATAC16P",3.11434760044587
"DGCR8",3.11015204068035
"HLA-A",3.10476491263564
"RPL14",3.1044336043066
"LINC02156",3.10403144293965
"RGPD8",3.10358013985595
"C6orf132",3.10148605703524
"BTBD18",3.09837155422494
"USPL1",3.09673235418599
"CHORDC1P4",3.09541371744377
"RCCD1-AS1",3.09216143357859
"RPL4",3.09188640104415
"SMC3P1",3.09177752615068
"PARP6",3.09143872772601
"WDR35",3.08999791444941
"PRANCR",3.08957423278522
"FNBP1",3.08625201832428
"NOC2L",3.08288535600228
"MAMDC2-AS1",3.08082246318623
"DPP3-DT",3.07863398025157
"RNU6-395P",3.0780331550629
"RNU6-88P",3.07669286557293
"IL12RB1",3.07329824174366
"MLYCD",3.07317811174826
"UBE2V1P1",3.07144573790063
"EIF4EP1",3.07128099320136
"TP53I13",3.06700676140549
"ACOT2",3.0669148481461
"SOCS2-AS1",3.06641240771075
"C1QBPP2",3.06610958330199
"SNORD101",3.06383445610958
"PACSIN1",3.06215710791374
"CDT1",3.06199956887225
"CHCHD3",3.06131488701739
"IGHJ1",3.06080387290221
"POR",3.05750390794956
"ZNF384",3.05722016244963
"TM2D3",3.05718013651366
"NCBP2",3.05663338127965
"MIR1276",3.05657604172422
"ZNF740",3.05173643080313
"RNA5SP247",3.05081028088195
"OVGP1",3.0474108535019
"CNNM4",3.0463623639551
"SLC2A12",3.04602414917292
"ARMCX3",3.0443543212961
"H1-1",3.04224750772677
"HACD2",3.04046205498915
"ABCB7",3.03911151720577
"SUCLG2-DT",3.03646934339131
"RNU6-583P",3.03501729818113
"MTMR1",3.03319695419029
"VBP1",3.03232384694582
"CCDC66",3.02986731654787
"TMEM9B",3.0295336107875
"DTWD2",3.02910661554447
"ZNF44",3.02838049853204
"ZFTRAF1",3.02701620656
"DAG1",3.0213748633263
"DBX2-AS1",3.01903555394755
"C12orf57",3.01887552307948
"CCDC14",3.01743920280389
"RNU6-623P",3.0140922455199
"LINC01849",3.01315416741174
"LINC02836",3.01239093444953
"SLC30A1",3.00985238166741
"FLACC1",3.00750634308937
"ARNT",3.00717059612605
"RNA5SP371",3.00641821738232
"BECN1",3.00505956841862
"IKBKE-AS1",3.0050469847858
"RAB18",3.00281788851984
"AKAP13",3.0004323247703
"SLC66A1",2.99951231402845
"XRCC5",2.99821127470866
"KIAA0825",2.99670718414726
"ITPK1-AS1",2.99581506017873
"UPF1",2.99313575581496
"PAGR1",2.99207094383424
"USP3",2.99119116874703
"SERPINE3",2.9906547361104
"TMEM117",2.98870687406395
"HDAC2",2.986923646751
"LINC01089",2.98659794478595
"ZBTB7A",2.986032930318
"RHOXF2",2.98359605242379
"MANEA",2.98303327373226
"NUP133",2.98209999070858
"MOK",2.98178932986392
"PRPF6",2.98005120208579
"AKAP3",2.9795841076497
"AGAP6",2.97916421674489
"CCNC",2.9791053844053
"ZNF84",2.97846987980943
"CRIM1",2.97786813859017
"RPL5P23",2.9776553590508
"ACTA2",2.97731380084897
"IGHV6-1",2.97547308792395
"USP10",2.9748785775595
"MRGBP",2.97319527754906
"ARHGAP15-AS1",2.97066578607846
"RPS15A",2.96829598664257
"FBXO7",2.96829300457306
"RPL9P2",2.96400543172345
"MIR3667HG",2.96264258582427
"LINC02373",2.96072498979366
"LINC01394",2.95924449296457
"CCP110",2.95832864478864
"SYNRG",2.95531512270348
"LZTS2",2.95396528446949
"FOXF1",2.95328119609546
"PCSK7",2.9520252024382
"TMEM25",2.95048913773544
"GHITM",2.9479428522008
"PNN",2.94724934078813
"RNA5SP307",2.94445486262698
"TPSB2",2.93946307119616
"ITSN2",2.93884710804434
"UBE2O",2.93859298370089
"RPS27AP7",2.93787846944909
"BAK1",2.937841000616
"NBPF9",2.93372415691162
"KANK3",2.93119798502994
"ACTR1B",2.92751257083833
"RAMP2-AS1",2.92214181801764
"RNU6-1016P",2.92129961866488
"COQ6",2.92096037532528
"RPL15P8",2.91832567295548
"UCKL1-AS1",2.91775534266344
"RAB11FIP3",2.91447284299967
"JAM3",2.91416233937515
"MAMSTR",2.91256022121053
"PTPRK-AS1",2.91153576005051
"TMEM116",2.90925153246113
"RNU6-94P",2.90563820562615
"ARRDC2",2.9052465183484
"HTRA4",2.90366285222269
"SLC35G5",2.90147299589608
"SNRNP27",2.90000709628938
"BUD23",2.89683668642355
"RNF38",2.89461414223206
"MKLN1",2.89161169609208
"MIR924HG",2.89090751871506
"CCDC90B-AS1",2.89065459419646
"ATP13A4-AS1",2.88723179221501
"RNU6-97P",2.88696447784766
"HARS1",2.88658275109232
"KCNQ3",2.88646889847832
"GCLM",2.88321174334627
"EEF1AKMT2",2.88319360743545
"CHD2",2.88027685326922
"MILIP",2.87841779922962
"RNU6-130P",2.8779565187972
"KRR1",2.87530116731456
"CHROMR",2.87517255862124
"FAM114A2",2.87486444537359
"CPOX",2.87436134369408
"DAZAP2",2.87361814832986
"USP53",2.86824201429669
"S100A13",2.86803989813577
"NUTM2A-AS1",2.8666502576971
"TNPO3",2.86654699381602
"CSTF3",2.86590616868656
"PARK7P1",2.86480582176858
"TMEM43",2.86464923002226
"CNKSR1",2.86206722147947
"ABTB3",2.86058724186005
"C1QTNF12",2.85996382442832
"OSER1",2.85807274828382
"BROX",2.8571038674645
"PRCC",2.85368612111756
"SDF2",2.85240571272089
"VPS45",2.84964971289262
"ACP1",2.84956677267946
"PARG",2.84744549828083
"AMZ2",2.84667072098674
"HERC6",2.84579268459974
"MT-CO2",2.84481612581289
"KDSR",2.84369993737719
"NT5C3B",2.84309520884354
"CDKN1C",2.84239402652412
"LTBP4",2.8406927045721
"COL18A1",2.83685566692982
"IDSP1",2.83233940984065
"BLZF1",2.83090790318429
"RNU6-1228P",2.82991189121929
"MIR4676",2.82456184095339
"VIRMA",2.82431040548218
"TFAP2A",2.82155978558264
"COX6B2",2.82151866524252
"UBAC2",2.81720204944944
"WDR5B-DT",2.81698841296048
"TMCC2-AS1",2.81522381693545
"FOXD4L4",2.81522381693545
"STK25",2.81334225116365
"CROCC",2.81302261837073
"SLF2",2.81290899060601
"NRIP2",2.81116561069835
"RNF44",2.80332705383516
"WRAP73",2.80227229139181
"KDM6A",2.7993707302794
"MIER1",2.79842836659802
"SFPQ",2.79715138081961
"INO80B",2.79693185862537
"AASDHPPT",2.79634524185856
"MYLK3",2.79465262374759
"DR1",2.79356907119839
"SDCBPP1",2.79341093072534
"RNU6-628P",2.79290022208385
"ETNK1",2.79127026732635
"VPS13C-DT",2.79020137628447
"CPB2-AS1",2.78984145235987
"LINC02899",2.7897328910028
"MFSD6",2.78936230730966
"A2M",2.78813578086991
"SLFN14",2.78770063986598
"TLK2P1",2.78732530631941
"RN7SKP151",2.78724952562077
"ANKRA2",2.78695330130239
"ARHGAP9",2.78488010711517
"IGHV3-53",2.78400934064311
"CDYL2",2.78319606869026
"SELENOT",2.78148965990303
"TATDN3",2.78007399560542
"RNU6-795P",2.77968052876616
"RPP21",2.77956784491855
"PRSS22",2.77924329414586
"SH3D19",2.77792065743856
"EIF1AD",2.77730505750613
"SPN",2.77675991382145
"EXOSC7",2.77495198022558
"KHDC1L",2.77238841355953
"DGKD",2.77138674786749
"RN7SL735P",2.76874362214542
"TARS1",2.76715413815061
"SLC16A11",2.76526100926133
"TOMM70",2.76438852497211
"SLC35A3",2.76415666212211
"SUCO",2.76397967964997
"PRRC2B",2.76319333868435
"EIPR1-IT1",2.76251647171944
"RFTN1",2.7621784366463
"LINC01278",2.76194325095885
"CMPK1P2",2.75979142020981
"ZNF677",2.75697194449546
"SLC38A2",2.75689723681561
"LINC00662",2.75574389195196
"RNU6-1285P",2.75385838531683
"RASD1",2.75373162996615
"TDP2",2.75279142666819
"ZNF808",2.74977461358702
"NAV2-AS1",2.74959911949041
"CALM2",2.74710569767674
"PROM1",2.74406620665289
"IFT172",2.74394119400202
"SCFD2",2.74085064550572
"SLC4A7",2.74070211961567
"MIR589",2.73965628376975
"MYL11",2.73585624918737
"RTN4R",2.73585543881318
"KDM5B",2.73381134231625
"SLC30A5",2.73298668296936
"DHX36",2.73178093807584
"LAPTM4A",2.72627932727482
"FKRP",2.72509533384984
"RRAS2P1",2.72471944504543
"SPDYE19P",2.72463227846342
"USF3",2.72365772259089
"RN7SL426P",2.72353818736653
"HCG4P8",2.72276550424838
"FAM3C2P",2.72130529153134
"RPL13AP5",2.71883831067773
"DIAPH1-AS1",2.71619675985517
"TMED3",2.71471769225937
"MAP1LC3B",2.71355082185291
"HIF3A",2.71328555321746
"LRFN3",2.71114752196799
"LINC02954",2.71051224113098
"STAT5B",2.70820334799884
"TMTC3",2.70781558658715
"PNPLA3",2.70704232669551
"GPR62",2.70590158389494
"PIGQ",2.7040279893331
"SLC25A16",2.70373572410757
"ZNF526",2.70298511914486
"SPTY2D1",2.7021708936868
"PLEKHF2",2.70125946446783
"OCIAD1",2.70082177169601
"GABARAPL1",2.70039175654538
"POGLUT2P1",2.69884132223318
"ANKRD12",2.6979390941108
"GALNT11",2.69609600336476
"PPP1R12B",2.69553877285953
"CNPY2",2.69532834223918
"CD55",2.69522146861192
"RN7SL308P",2.69497402276684
"PLA2G4E-AS1",2.69443836009392
"MRAP-AS1",2.69397585457838
"GTSF1",2.69370785965708
"MPRIP",2.69335300028946
"AGGF1",2.69092688398692
"PYGO2",2.68877314401807
"MATN4",2.68832798202996
"PRKAR2B-AS1",2.68680899519596
"PTPRA",2.68632323661629
"NT5C3A",2.68519368947518
"TIMM23B-AGAP6",2.68361652043593
"PDE12",2.68333424617758
"LINC02561",2.68296219468781
"STRN",2.6813092996264
"FAF1-AS1",2.68001753680706
"IQCG",2.67953064135875
"PTGES3P4",2.67707449109484
"ATAD3C",2.67618220530653
"SLC35E1",2.67482003960426
"RSPRY1",2.67368817933672
"CARD8",2.67192965950374
"TIAM2",2.67047337082362
"RIMBP3",2.66906025359355
"TTTY10",2.66869904685132
"H2BC4",2.66765680611256
"MIR933",2.66501211675236
"HECA",2.66466140966878
"NCOA3",2.66326714765952
"RBM41",2.66204201037099
"PPIL4",2.66095249378827
"NUP160",2.66081423991934
"EFCAB11",2.66031543988093
"GOLGB1",2.6593496446386
"GTF3C2",2.65880764399158
"DNAL4",2.65722965934779
"UBA7",2.65664455341172
"KCNQ2",2.65622530715976
"LETM1",2.65496767395858
"PRKD3",2.65401183920433
"CDKN2C",2.65354381000713
"GDAP2",2.64973240606019
"WIPF1",2.64905029632037
"SNAPC3",2.64902461704499
"IFITM1",2.64812728644405
"DMWD",2.64765172680632
"SOS2",2.64720064438664
"HSPE1",2.64689969314521
"HMGN1",2.64552598388295
"AARS1",2.64465402657663
"YAF2",2.64370529749912
"RIPK3",2.6432537742437
"TMPRSS9",2.641187784726
"TAF4B",2.63953767651742
"SHISAL1",2.63792578385086
"SNORD13P1",2.63171483433914
"EEF2KMT",2.63130925432542
"TUFT1",2.6295472392331
"LINC01476",2.62860653985704
"XRCC6P5",2.62840048035854
"DARS1",2.62549890645405
"EMILIN3",2.6168295270751
"SUV39H1",2.61654629676442
"SLC10A7",2.61587409345639
"KBTBD13",2.61510415772669
"MIR1273H",2.61510415772669
"MIR1277",2.61399659912884
"NRCAM",2.61289065167346
"YWHAB",2.61289010756728
"SRSF11",2.61209124842145
"LINC00652",2.61152165580066
"ANXA1",2.61056712152038
"CCDC107",2.60946362026866
"TNIP2",2.60861321122065
"LRRC3",2.60715089330543
"SNRNP40",2.60623343034886
"ZNF800",2.60462974673476
"MCRS1",2.60380370069329
"RGPD3",2.60348334500282
"USP51",2.60208784238705
"CICP14",2.6020508922637
"TUBGCP4",2.60144207033381
"FAM85B",2.60093836656509
"IFITM5",2.59989708346517
"GABPB1",2.59934385737657
"METTL25",2.59927037240479
"MIEF1",2.59864643721541
"LRR1",2.59860752759307
"MPST",2.59848643078379
"PBDC1",2.59778975443752
"MGA",2.59450151143307
"MCPH1-AS1",2.59387454636016
"PSMA3",2.59370843511061
"PHYH",2.59329738238217
"DUX4L50",2.5926860625258
"DCK",2.59267218719659
"ATP6V1G2",2.59193258783269
"LINC01993",2.59091503317687
"DNM3OS",2.58977826500804
"TRIM27",2.58970875835156
"RFFL",2.58872923977277
"CAD",2.58865867817898
"ENKUR",2.58815990625034
"SCAMP1-AS1",2.58614400401289
"RRN3",2.58417592397169
"HELLPAR",2.58167218980986
"CHD1-DT",2.58146615777206
"RNU6-1283P",2.58139327612818
"SLC25A29",2.57981834641373
"CHD8",2.57932405939388
"SLC6A4",2.5750551413478
"ANXA7",2.57501593757532
"RPSA",2.56674019797583
"RN7SL172P",2.56491868065638
"PDLIM2",2.56451064424705
"COG1",2.55960006292059
"DYRK2",2.55855713175993
"TRIM2",2.55793377164738
"SF3B4",2.55769850113243
"INTS11",2.55646624346129
"SMARCC1",2.5561543294746
"CDC25A",2.55577661300704
"PIP4K2B",2.55546438189534
"SLC39A6",2.55298817277857
"WDR33",2.55227562508986
"REV3L",2.55168925665808
"CRABP2",2.55060885512015
"ZBTB44",2.5502568662318
"OPTN",2.55020881537063
"RADX",2.54973929460477
"MARS1",2.54884538196792
"STXBP5-AS1",2.54773281370846
"IL6ST",2.54604790868844
"C19orf12",2.54589513215895
"ZNF91",2.54525379078525
"SETP11",2.54509699664669
"TRBV6-7",2.54101077479123
"ZNF292",2.54074629353564
"MIP",2.54021408346835
"RNU6-415P",2.53919829287042
"GPN2",2.5391053370007
"SNHG3",2.53823748534161
"CRYZL1",2.53758773872033
"ZNF614",2.53728647349509
"FAM204CP",2.53705842721686
"TMEM70",2.53666561691227
"RWDD2A",2.5366560939151
"EEF2",2.53657705594068
"MPC2",2.53421904985293
"SERTAD3",2.53116149819049
"CSE1L-DT",2.53104703363601
"VN1R1",2.5292858500561
"RFESD",2.52911144665091
"LDB3",2.52738834676581
"HLA-F-AS1",2.52702595197509
"ZNF282",2.5263427707377
"PP2D1",2.52546404625703
"NUP155",2.52422478228487
"VSIG8",2.52401083110362
"RNA5SP427",2.52303736332346
"RNU6-757P",2.52074902562259
"PEX2",2.51907464000194
"NSUN2",2.51798717951643
"TSC2",2.51771636218628
"PJA1",2.5171860582526
"UNKL",2.5167083598153
"TCTA",2.51569210519906
"PPP6R3",2.51524392278654
"CPSF3",2.51360696881615
"CFAP97",2.51298541753728
"RPL21P44",2.5126551992016
"MIR3135A",2.51211107371443
"NTN5",2.51139202065104
"H3C13",2.51128921263621
"MVD",2.51097282163515
"HINFP",2.51072175050522
"SLC25A5-AS1",2.50959325411505
"RNU6-564P",2.50901494439876
"ANAPC4",2.50598873420153
"SLCO5A1",2.50493041643223
"TCTN3",2.50438798337403
"RBM14",2.5029748203868
"FDPSP4",2.50279984848798
"CWC22",2.5023985095563
"TMX1",2.50081809167243
"SPARCL1",2.49960250153335
"TARS2P1",2.49686247544464
"TRIM23",2.49675891366118
"DMXL1",2.49645130051425
"RPS10P10",2.49549551247003
"EME2",2.49472961087445
"RN7SL543P",2.49388305738165
"ULK1",2.49371061144248
"HMOX2",2.49364375835302
"SNW1",2.49348173607887
"ATP5F1A",2.49328956099486
"LPAR2",2.49253498732789
"PRMT7",2.49145894063907
"SESN3",2.48945529636697
"C21orf58",2.48905994023247
"NT5DC1",2.48870347122716
"CALHM2",2.48863243912854
"PMS1",2.48845183978445
"NEB",2.48799922154341
"ARMC2-AS1",2.48373251581555
"TUT7",2.48349127860522
"ATXN10",2.48270168663081
"LRRC61",2.48171166247231
"HS3ST3A1",2.48037722487684
"EXOG",2.47923534431818
"RANBP3",2.47695000581523
"RNASET2",2.47302209816024
"OSR1",2.47070035405159
"BAD",2.47045634219164
"CARD17P",2.46804723066119
"SPIN4",2.46777959790549
"CLK3",2.46594715284603
"ARPC5L",2.46518313236758
"MIR4269",2.46385281961935
"CCDC174",2.46374161092394
"ERCC4",2.46091120597785
"CRYBB1",2.45853244295321
"TRAV10",2.45836868346694
"MARCHF5",2.45723142774613
"MTHFD2",2.45587629623917
"MEST",2.45478464109751
"TNFRSF10A",2.45162566094434
"PDZK1",2.44949496546119
"SEPTIN8",2.44778935641057
"PSMD6",2.44763587631011
"GPR15",2.44404827872013
"CPLX1",2.44145526555572
"MPPE1",2.44073686448161
"CARS1",2.44005212703136
"RUNDC3B",2.44002987523238
"NFATC3",2.43994711432678
"NEU4",2.43941787295576
"NCOA5",2.43847469332104
"SMNDC1",2.43695899516358
"PSMC6",2.43556202859683
"CCNP",2.43550135474059
"FUNDC2P4",2.43550135474059
"MSTO1",2.43443826289953
"SHBG",2.43289338220166
"LPAR5",2.43240441682401
"VPS26B",2.43205287633918
"CHAC1",2.42819337080587
"FXR1",2.42763490338788
"RIOX2",2.42597771617452
"EFCAB10",2.42394792745774
"TXNDC11-AS1",2.42387637022211
"POLRMTP1",2.42352201643237
"SLC35D2",2.42299976218554
"CREB1",2.42276995373585
"RPL29P14",2.42271438587862
"BTG3",2.42117268086644
"RPS26P42",2.4200674448102
"MMADHC",2.41834424183329
"NIFK",2.4166300088639
"RNU7-48P",2.41497423318216
"PCDHA9",2.41477933310343
"ABCA6",2.41440223046419
"SOX6",2.41368758973281
"TCERG1",2.41257675949026
"NEBL",2.41255878941016
"IDE",2.4121531494322
"TMC8",2.41163456574064
"FMO4",2.41073497991374
"AP5M1",2.40678470441129
"ZNF7",2.40662711128384
"CHTF8",2.40631286432407
"NDUFS1",2.40508825131129
"WDR43",2.40239016742639
"RAD17",2.40115959290666
"RNU1-67P",2.39991099422434
"RAB6D",2.3980693591534
"OR4F28P",2.39727608131189
"KDM8",2.39564444763719
"CASP1P2",2.39406377188103
"ZNF512",2.39205018363512
"JUN-DT",2.39104168159733
"CAB39L",2.38941990716046
"GLRX5",2.38930563460939
"QRICH1",2.38911918345619
"CERK",2.38691234936304
"MAP4K2",2.38362659800466
"USF1",2.38127468016793
"IRF2BP2",2.38118297624151
"ENC1",2.38009988751704
"ARL3",2.37928678649676
"CARMIL2",2.37851593467407
"LONP2",2.37790774783358
"RBM18",2.37719199940299
"RPL7AP66",2.37643455431841
"IGHD3-9",2.37621646557562
"EFHD1",2.37535132118437
"GOLGA5",2.37222701694246
"ST8SIA6-AS1",2.37130539093646
"CNIH1",2.37063268073045
"MRPL42",2.36824374390607
"FAM174A-DT",2.36823634817903
"OTUD5",2.36772471567386
"RAB5C-AS1",2.36695797851043
"MAP2K4",2.36668618927999
"DDX39B",2.36650952789761
"CASC3",2.36179475798318
"TRH",2.36144549928745
"SEPTIN7P6",2.36104542353995
"DNAAF5",2.35937428830216
"ZNF692",2.35767227087499
"CEP41",2.35615841358147
"PARD3",2.35570489033122
"AZIN2",2.35429606503874
"SRRD",2.35345568683721
"SNAP25-AS1",2.35285153963458
"SNX13",2.35046867649472
"TIMM23",2.3468682274857
"MAPK9",2.34362024087603
"PPP1R35-AS1",2.34248407591295
"LINC00452",2.34221550824731
"UPF3A",2.34158378001353
"MCF2L",2.34083076334613
"SNRPCP3",2.33988646234055
"SPICP5",2.33968533080375
"LRRC43",2.33824725789483
"ZHX2",2.33643192643977
"CELF5",2.33592746829904
"SDK2",2.33515322532284
"LCAT",2.33510377589297
"WDR26",2.33480220096411
"HAUS5",2.33463730863937
"SEPTIN2",2.33318249236786
"MORC4",2.3324369796739
"RAPGEFL1",2.33093988919298
"LEAP2",2.33079728965704
"TAGLN2P1",2.33030987552288
"GAB3",2.33026509006135
"SOCS4",2.32939405596482
"DNAJC25",2.32781409521845
"RPL7AP39",2.32730540459792
"PGAP2",2.32576862706014
"EMC3-AS1",2.32483743572812
"HMGCR",2.32455733310441
"TAF7",2.32377434616134
"ELP3",2.32337525348639
"RPL35P10",2.322890157167
"WDR89",2.32204507557438
"RPSAP18",2.32111601307737
"RGMB",2.32025588753068
"SLC3A2",2.31988942746991
"PACC1",2.31905068279815
"FYTTD1",2.31659801653751
"MED7",2.31463071931339
"RUNX1T1",2.31347611669447
"URGCP",2.31333708566916
"VCF1",2.31220080641714
"PITPNB",2.31140381080003
"ZFHX4",2.30926253135627
"OTUB1",2.30860435779154
"CCT8",2.3084210176251
"UBL7",2.30753196340358
"SLC25A20",2.30719626228938
"RHOT2",2.30626022056737
"AAMP",2.3047183283706
"ZNF841",2.30204930410788
"DDX3X",2.30161471470196
"TTC1",2.30117897854459
"RARS1",2.29981737178929
"PSMD1",2.29879803485393
"CASC23",2.29776320370138
"MIR6126",2.29491172697665
"SUMF2",2.2919714346173
"ZNF324B",2.29161920069579
"JPT1",2.2895933472066
"SMAD5-AS1",2.28836287670095
"RPSA2",2.28613317580829
"MRPL39",2.28586595450987
"RPIA",2.28540425514422
"TRAM1",2.28458038586815
"DENND4C",2.28393817450277
"ZFAND2B",2.27962558751155
"RNU6-1190P",2.27883110991617
"LINC02649",2.27782255489809
"ZNF444",2.27600117423675
"MRPL50",2.27427895408326
"INTS6",2.27354638160985
"GLOD4",2.27273872178202
"DCPS",2.27001168910994
"RSRC1",2.26993367641067
"KLHL36",2.2690293288724
"GAS5-AS1",2.26889707149141
"RABGAP1",2.26801143467885
"NOXO1",2.26679817322688
"BANK1",2.26631621939941
"CCR3",2.26508241835258
"ANGPT2",2.26402895813667
"APOA1-AS",2.2633485981837
"ABRA",2.26277315485281
"ACVR1C",2.26210929725136
"RAB6C",2.26151544670983
"SELENOKP1",2.26078680818425
"ASB13",2.25909120353148
"APEH",2.25868039311058
"SMARCA5",2.25811061522683
"HIBADH",2.25759070199371
"PRNP",2.25571964613677
"GATAD2A",2.25202720266188
"ABHD17AP4",2.25069268072752
"RPS16P5",2.25020591280228
"VPS11",2.24918536149491
"RNU6-957P",2.24799951884578
"SF3A3P2",2.24783846492844
"AHI1-DT",2.24342062802363
"MDN1",2.24229948388263
"PARTICL",2.24165814633332
"SDR39U1",2.24045716955637
"SS18L1",2.23920576502755
"MACC1-AS1",2.23604223441335
"KLHL12",2.23521783297906
"MMP16",2.23510796639122
"DNASE1",2.23328643769123
"UNC45A",2.2301751928732
"SF3A3",2.22878693379073
"C8orf44-SGK3",2.22877033615601
"GZMAP1",2.22819491239826
"BET1",2.22784235682894
"C8orf44",2.22592909370735
"NUCKS1",2.22558442760439
"TMEM14EP",2.22385830729726
"CDH2",2.22345790534226
"ESR1",2.22199212805482
"ZNF217",2.22178265214629
"PLEKHA2",2.22169045104001
"SHF",2.21969025942287
"HSDL1",2.21963239106781
"ZNF778",2.21839780031691
"REEP3",2.21399821295834
"CYP51A1-AS1",2.21366178341148
"IQCB1",2.21319540986987
"SART3",2.21294038492985
"TUSC1",2.2127443308765
"CYP4F22",2.2112276051416
"RPL19P21",2.21072097618638
"NBPF8",2.2103882361952
"ZNF174",2.20974324488462
"MAP3K14-AS1",2.20951698477172
"H2AC17",2.20941181725019
"UBAP2",2.20936302800891
"AHDC1",2.2091400779311
"GRIN2B",2.20753477717338
"CITED2",2.20550422478209
"CDC42SE1",2.19930936694004
"OR10X1",2.19766718310631
"BICC1",2.19713805493287
"GXYLT1",2.19661428713638
"RPL23AP42",2.19642607029124
"EZH2",2.19490246436327
"KAT6A",2.1940105274743
"SPCS1",2.19198907689453
"ZMYND19",2.19198785631446
"SNUPN",2.19112708929108
"MIR570",2.19097976608416
"SDAD1",2.19093566523197
"CCDC126",2.1905957887293
"LINGO3",2.19047776712096
"TOR1B",2.1900413348964
"MIR17HG",2.18840785753837
"DISP3",2.186798045387
"ADAT1",2.18525246901809
"CYSRT1",2.17848366454331
"TIRAP",2.17748951517642
"CAMK2G",2.17706255693725
"RPL11P1",2.17557204073265
"FASN",2.17549370898096
"RHBDD2",2.17356876321458
"TACO1",2.17339797356438
"SRP72",2.1717104175739
"ESCO1",2.16983793541005
"WIZ",2.16974505339549
"KLHL12P1",2.16973497982757
"SYCP3",2.16864319025488
"KYAT3",2.16816039781608
"CHCHD4",2.16798914646698
"RNVU1-18",2.16793034905992
"DCTD",2.16614571234877
"ACOX1",2.16273706712961
"NET1",2.16264987136786
"BAIAP2",2.16118588971294
"OSBPL8",2.16118535377276
"HS6ST1",2.16070039542478
"FAHD2A",2.16006794293587
"KMT5AP3",2.15950414098673
"LINC00941",2.15828504384961
"HSD17B6",2.15665502099642
"ZDHHC4",2.15422511765676
"RPL36AP50",2.15389712001306
"DENND11",2.1518858136047
"UBE2V2P3",2.1493304088513
"PDCD6IP-DT",2.1483567697846
"SPMIP1",2.1471843161304
"IGHV3-62",2.14636877443201
"BRF2",2.14636865094103
"EFCAB13-DT",2.14362959001383
"FAM221B",2.14321131329681
"C17orf99",2.14317026844684
"LINC01932",2.14262330390567
"NUDT5",2.14199782134683
"FUT8",2.14196158645237
"GLIPR1",2.14166960478385
"ANKRD52",2.14083663861269
"ATP7A",2.13865843535932
"FUT8-AS1",2.13850272711555
"STOX2",2.13821178561849
"PHOSPHO1",2.1381952959666
"TMEM200B",2.13815926887678
"PLRG1",2.13770095674124
"BCL7B",2.13727531948457
"ITM2B",2.13499115495094
"MON1A",2.13382905727125
"TIRAP-AS1",2.13296498694678
"RBPMS",2.12552721144396
"MIR425",2.12488252607392
"N4BP2L2",2.12409900545624
"ZFX",2.12405155502518
"TAF9B",2.12403834167411
"TAOK2",2.12387726299726
"CYP26A1",2.12374912901343
"TBRG1",2.12364533814785
"IDH2",2.12141314154528
"RNF41",2.11902628805754
"NGLY1",2.11816577511876
"ZNF69",2.11742977500885
"ZDHHC16",2.1166877808272
"TPT1-AS1",2.11656935772268
"NSUN5",2.11324702113334
"NINJ2",2.1131915480109
"ATP5PBP1",2.11318099648714
"JAKMIP3",2.11066571667409
"IRF3",2.10905713801222
"BLOC1S3",2.10891606964273
"KCTD13",2.10772308008516
"RPL21P136",2.10726299510343
"YAE1",2.10693904260953
"BOLA3-DT",2.10520831903483
"C9orf43",2.10349807705415
"STXBP3",2.10291111340444
"TCFL5",2.10068696800887
"RNF115",2.09552140768055
"VTI1BP4",2.09506879216457
"ZAR1",2.09458534713137
"CCDC88C",2.0887278190802
"MIR98",2.08625100186669
"ARHGAP11A",2.08608965144155
"HOMER1",2.08580305633709
"SRPK2",2.08277530200627
"ORC2",2.0824411277918
"ABCC11",2.08097892852717
"RNU6-722P",2.07990036794404
"WDR75",2.07974305995193
"CRYBG1",2.07957345604087
"METTL17",2.07941460899676
"RNY1P6",2.07728275190167
"SAE1",2.07622841598489
"TRIM52",2.07419019355388
"A1BG-AS1",2.07402074736596
"OR8B4",2.0736209761041
"APOLD1",2.07328848898388
"SLC25A44",2.07260766972366
"COPB2-DT",2.07076579515736
"HIGD2AP2",2.07072632368497
"IL22RA1",2.07053629575189
"PRKAR1B",2.06970440493921
"MALT1",2.06790367685532
"HNRNPCP2",2.06777945650168
"BHLHE40",2.06766571057498
"ASB16-AS1",2.06521716457095
"RNU6-606P",2.06427156862966
"CDK13",2.06284729495143
"NAPB",2.06228589791935
"RPS3AP26",2.06108761690887
"MYRF",2.06091268951044
"TMEM216",2.0598046798243
"CCDC12",2.0580925910076
"IMP4",2.05781426419062
"IGHV3OR16-13",2.05712368338986
"ZNF445",2.05506072993182
"TRBV12-5",2.05396010175963
"NCK1-DT",2.05270319677881
"EPS15L1",2.05068953647148
"MTMR4",2.04941868538731
"TMEM248",2.04919598400596
"CCDC28A",2.04855096216944
"DONSON",2.04657748090677
"ARAP2",2.04655314404086
"UBE2H",2.04585281812778
"POC5",2.04565106703468
"CFAP141",2.04493703715866
"TMEM129",2.04406812781982
"COL4A5",2.04232533822627
"E2F6",2.04161609620504
"MON1B",2.04104505708056
"THYN1",2.03979456489344
"ZNF224",2.03953838315797
"UBE2M",2.03905372197825
"JAK3",2.03882003175513
"ELL",2.03692074382172
"SMU1",2.03567537277443
"CCDC85B",2.03470049674634
"CNST",2.03340939792427
"DCUN1D1",2.03262926971872
"ACKR1",2.03079087212293
"SFN",2.03067648647007
"GLB1L2",2.02981664757905
"LINC01415",2.02980471244454
"LINC00881",2.02848870533663
"PTPN23",2.02821888764211
"BSDC1",2.02518555342526
"COX19",2.02380255328231
"COA1",2.02379912607589
"COL20A1",2.02357493720322
"ZNF346",2.02266578471244
"UBE2D4",2.02189047372979
"MOSPD3",2.02150725022414
"TAFA5",2.01949911924344
"TOR1AIP1",2.01888525102786
"SLMAP",2.01789315293707
"N4BP2L1",2.01689122145131
"RPL23A",2.01686737267781
"LCMT2",2.01669060160137
"ZCCHC17",2.01566860436294
"CSNK1G2",2.01494062627116
"VTI1A",2.01404841719973
"CASP8AP2",2.01359618744939
"MGMT",2.01210144439729
"ACP4",2.01185400607935
"ARGLU1",2.00726104349226
"HOXA7",2.00600310024141
"LRRC8D",2.00423586193175
"C2orf74",2.00394225210119
"TXNIP",2.00279161572631
"COQ3",1.99977256487563
"TOMM20",1.99854093725454
"MORF4L2",1.99808747153142
"PPP2R3C",1.99633424579948
"NUDT8",1.99612881227096
"RPL31P58",1.99301441710873
"MTCO3P12",1.99288369515791
"LZTS3",1.99273499503929
"PPP6C",1.99203041398214
"SLC25A30-AS1",1.99105852692913
"SET",1.99100064079344
"HLA-C",1.99051631880031
"RBM15-AS1",1.99047440592787
"DMAC2",1.99042215034542
"ACTR8",1.98970119304564
"HERC4",1.98884137641137
"UNC5B-AS1",1.98883183116622
"ZNF304",1.98724792740646
"MGAT4C",1.9867599119131
"WDR3",1.98563389529416
"ARHGEF39",1.98358023123766
"SLC22A18AS",1.98172130317011
"ZNF18",1.98154156806391
"LYRM4",1.97826594547398
"MGME1",1.9777150150075
"RN7SL846P",1.97652242844156
"BNAT1",1.97652242844156
"MED12L",1.97589578047557
"MYL3",1.97573318917735
"UBLCP1",1.97542188276824
"SLC16A2",1.97414915256534
"MYLK-AS1",1.97312613625611
"SH3YL1",1.96942230449005
"PRSS23",1.96907671278009
"LINC-PINT",1.96834451144542
"DCAF17",1.96619714316858
"LINC01517",1.9656241268006
"MYADM",1.96543371832408
"ANAPC10",1.96440755357257
"C1GALT1",1.96104526201212
"CIAO1",1.9599266593978
"AGA",1.95936042419658
"CNOT6",1.95859747744105
"TSNAXIP1",1.957650075816
"CERS1",1.95745085372885
"PPP6R1",1.95534970770854
"HOXB3",1.95427007930629
"USP34",1.95408086925557
"CYCS",1.95404144409213
"RAD51C",1.95323213625817
"ZNF596",1.95159319970442
"ANKRD36BP1",1.94960162600856
"HAUS6",1.94850104850597
"LINC00882",1.94839660049205
"NFYB",1.94839396514091
"MRPS17",1.94813168085073
"CKMT2-AS1",1.9468908810516
"CHKB",1.9458874222387
"LRRN3",1.94580013143212
"TTC17",1.94131922438734
"USP47",1.94113188336411
"HAL",1.94067317329285
"NUP88",1.93816374328574
"FAM81A",1.93753556993438
"CAPS",1.93746424975499
"CDK7",1.93603592232798
"SNORA47",1.93296586449482
"UTP25",1.93191861854945
"APOO",1.93132348608973
"INTS4",1.93106413051142
"ABI1",1.93065034001045
"ARF4",1.92920311658979
"MCM8-AS1",1.92849746161191
"FAM89A",1.92703947325314
"MPI",1.92702618121971
"IVD",1.92611070676238
"FSTL5",1.92535468142393
"DDIT4L-AS1",1.92529684214825
"LINC02999",1.92518531886483
"FANCD2",1.92481069991189
"RNU6-975P",1.92414780702951
"PLEKHG5",1.92305582594717
"TMX4",1.92104779393749
"TCF4",1.91829827895295
"MCPH1-DT",1.91804204465765
"SATB2-AS1",1.91692887178104
"MAN1B1",1.91618357189505
"SETBP1-DT",1.91613519070264
"NLRC5",1.91290175844374
"CFAP70",1.91273075408407
"NKAP",1.91273031729688
"SLC39A3",1.91263792265896
"FAM200A",1.9090751529483
"IGKV2-40",1.90835053989422
"ZBTB12BP",1.90736447356284
"FSIP1",1.90667668366809
"ZNF584-DT",1.90614602382833
"NUDT10",1.90516723928889
"LNMICC",1.9048807517012
"LINC02076",1.90487067709805
"MIR219A1",1.90443928044321
"BIRC2",1.90367042865052
"PSMD10",1.90335763667393
"CDKN3",1.90332923893211
"TIA1",1.90302776332457
"PAM16",1.903015459667
"PAPLN",1.90224560387485
"ORC5",1.90046461568925
"ZACN",1.90025127051288
"RNY1P4",1.90001796240181
"SALL4P1",1.89946456251055
"CD160",1.89895298983176
"PPIG",1.89855623521556
"BMP8B",1.89830888668958
"DANCR",1.89569946854554
"COX18",1.89512016019047
"TUBB4A",1.8948603790688
"TRAPPC6B",1.89305115087106
"SRSF4",1.89156423309743
"SHPRH",1.89095982398983
"ERAL1",1.89090009147345
"FOXP4-AS1",1.89062247982072
"CCDC201",1.88854079434455
"CARD8-AS1",1.8875454695029
"RPS15AP16",1.88607333792802
"H3P13",1.88524730840748
"RNU4ATAC18P",1.88349059559716
"NXF1",1.88307793670187
"ZNF611",1.88299231540052
"TMEM184B",1.88242870953336
"FAM169A-AS1",1.88218365582941
"DTX2",1.88211769590597
"ST3GAL1",1.88178497287863
"RPL4P6",1.87934828044747
"CEBPA-DT",1.87841975422118
"PIGX",1.87773174034492
"MIR124-2HG",1.87669511900638
"LINC00659",1.87669511900638
"RPS27P30",1.87521152629366
"CCDC157",1.87422453332274
"APPL2",1.87292785285268
"LIG1",1.87000099599434
"MIR193BHG",1.86979476268766
"TBC1D10A",1.8696094124457
"SERPINH1",1.86869540194298
"TSEN2",1.86780872676593
"RAB5A",1.86752034573379
"ZNF12",1.86496652246334
"ALAS2",1.86410341795621
"ACAT1",1.86404649262073
"RPL21",1.86391795333849
"PHF20L1",1.86370613980882
"TRGV5P",1.86313005778307
"MED24",1.86267689446686
"TPR",1.86175453375717
"RNY3P8",1.86171346627238
"EBLN3P",1.86106152255662
"ZNF22",1.8561841503307
"OBSL1",1.85583260935471
"C4orf46",1.85496740815273
"ZDHHC17",1.85468665093422
"MOSMO",1.85415283735059
"SMARCC2",1.85384499478701
"SAPCD1-AS1",1.85167248912428
"ZNF275",1.85163768330962
"LINC02615",1.85152042980358
"PUF60",1.85024574939886
"TPP2",1.84944043332681
"RPL34P21",1.84919860544087
"RPS26",1.84878280671504
"POU2F1",1.84560643808673
"UHMK1",1.84538536271018
"EMC7",1.84326892689585
"EXOSC8",1.84227320084097
"EIF4A2P4",1.83906782502242
"CFAP298",1.83836558726462
"RNU6-379P",1.83819770091819
"GLIPR1-AS1",1.83630341688766
"GLI4",1.83611327013287
"ZNF708",1.83537664922807
"RFC5",1.83441580308177
"PHB1P6",1.83344766041312
"ISYNA1",1.83102771559337
"TAF6",1.83009582588633
"MEI1",1.82980653239403
"ESYT1",1.8289279874528
"ACSS1",1.82870655298207
"NHS",1.82863562840453
"LIFR",1.8282047884906
"MCM3AP",1.82794157911273
"DPY19L3-DT",1.82705963012901
"MDH1",1.82699839659075
"SLC25A25-AS1",1.82520137110436
"TGDS",1.8230536257402
"VAPA",1.82299517306335
"FRK",1.8220251441269
"TRPM2-AS",1.82136213223725
"SUV39H2",1.82088900611522
"TRANK1",1.82052786449063
"RNF170",1.82042035757615
"NIPA2",1.81915866563835
"IGHV3-66",1.8158341804205
"USP3-AS1",1.81417231740955
"ZSCAN12",1.81180833831919
"LINC01687",1.81071172340793
"CCDC115",1.80981097577218
"EXOSC1",1.80954167521469
"CCDC32",1.80911011568921
"LUZP1",1.80878447223321
"IDH3A",1.80605140187549
"PET117",1.80357210521058
"MRPL4",1.80318612585597
"USP8",1.80276153889922
"PTPRM",1.80088161520497
"TTN-AS1",1.79929163200354
"PRRT3-AS1",1.79797720161479
"GATA3-AS1",1.79699994481181
"VPS13B",1.79683167572529
"EID1",1.79518460518326
"PHGDH",1.79240373153147
"ERVFRD-1",1.79180509660998
"RGPD6",1.79068373204635
"RPS2",1.79061810761289
"C20orf96",1.79020104729994
"QTRT1",1.79018001098113
"LINC00926",1.78901934506583
"GCLC",1.78816505633869
"KIT",1.78713108026081
"TAS2R6P",1.7861980483366
"MKRN1",1.78531911111822
"GIMAP7",1.78514398028899
"RPL12P11",1.78483057057649
"SLTM",1.78465919156818
"DCP1A",1.78445945107829
"GOLM2",1.78429141249173
"ST6GALNAC1",1.78390227606078
"ARMCX3-AS1",1.78270073356042
"ACTN4",1.78233964041598
"RPS18P12",1.78105952085631
"FAM199X",1.78093844483722
"STXBP5",1.77870268417083
"IRS2",1.77799160574749
"RPS6KA6",1.7771054574049
"IFI16",1.77539636835356
"DCUN1D2",1.77499466780214
"NUBPL",1.77467604255592
"UBTF",1.77441634196343
"EIF3C",1.77405614420882
"RBM43",1.77315328418553
"COPG2",1.77232089045538
"CRISPLD1",1.77080305462377
"BRCC3",1.76977064909045
"WDR91",1.76920012709331
"RNA5SP195",1.76908956996555
"ATP5MC1P1",1.76866298887311
"MTRF1L",1.76832909816969
"ING5",1.76718848311872
"TENT4B",1.76531933282881
"SHANK2-AS3",1.76153751193048
"NSG1",1.76149550649896
"RNU6-866P",1.76045041328195
"FOXN2",1.7594237625919
"ADAMTS8",1.75882958783223
"MSANTD4",1.75839403473731
"PARM1",1.75804664883104
"LMAN1",1.75751692759008
"COG3",1.75691911823619
"DOCK11",1.75621724676676
"SLAIN2",1.75562847248469
"NT5C1B",1.75537936204887
"SMIM10L1",1.75509136600483
"RN7SL68P",1.7545542803684
"TMEM59",1.75375372165752
"NDRG2",1.7536487162968
"IFT22",1.75363076294104
"DSP",1.75216499681062
"SUDS3P1",1.75124124615677
"CEP95",1.75121951471052
"ZNF22-AS1",1.75116952043149
"PPP2R5E",1.75109138413659
"CNEP1R1",1.7504550038363
"ZNF410",1.74901523259878
"RPL19P6",1.74599439155089
"ATP1B3P1",1.74520499304101
"ZNF561-AS1",1.74455404820053
"PTCHD1-AS",1.74425725551767
"FLVCR2-AS1",1.74332700250264
"TRAPPC10",1.74214943543387
"DDX21",1.74178813456077
"SYNC",1.74129522255255
"FOXK1",1.74061614439084
"ANKRD37",1.74006554351135
"MIR597",1.73942423547936
"NHSL3",1.73745208300672
"MEX3C",1.73678697944616
"CHRNA2",1.73635853290096
"AK2P2",1.73422080614004
"PSPN",1.73420020165392
"RAET1G",1.7336451356601
"FCF1P6",1.73358149422804
"MBTPS1",1.73220243409146
"TXNDC12",1.73142134795269
"DPPA3P6",1.73102818007235
"SOWAHCP2",1.73011447156947
"SLC35E2B",1.7295647200195
"TMEM65",1.72675897001711
"LMBRD2",1.72675658881598
"RPS15AP17",1.72661008735045
"FAM86B2",1.72603888737463
"SLC35A2",1.72551234504738
"KCNB1",1.72375706641852
"YTHDC2",1.72166146812459
"KIF2A",1.72105756589931
"RPL15P16",1.72039699794166
"LINC02809",1.71991237968614
"HMGN5",1.71875960586688
"OAZ3",1.71842714654669
"ALAD",1.71840960780758
"PARP1",1.71700598362774
"XPC",1.71645814576376
"CCZ1B",1.71371879068026
"SF3B1",1.71293386839505
"FBXL6",1.71236234351443
"B3GNT4",1.71194607573303
"LRRC40",1.71166535428471
"INTS7",1.71069022441705
"LHX2",1.70925038893159
"POLR2C",1.70777699440738
"LINC02447",1.70744099623185
"FZD6",1.70714559324819
"MDM4",1.70705134937133
"INIP",1.70690866373742
"LINC01798",1.70651230706615
"NDRG3",1.70472300876878
"ATP5MKP1",1.70411505842208
"ZNF628",1.70388718450498
"ARHGEF18",1.70342166476586
"CD164",1.7024228575973
"SLK",1.70165849818332
"USP1",1.69436949843424
"FAM110D",1.69416624657831
"EBAG9",1.69400283786542
"MFSD13B",1.69385970915859
"MAP3K7",1.69344894196216
"USP4",1.69293975183987
"CSNK1D",1.69271655642066
"DHRS11",1.69155163802853
"ACTL6B",1.69123089796204
"GSS",1.69098719568438
"HELQ",1.6900631733494
"ODF2-AS1",1.68915922855791
"ANKRD63",1.68888672592106
"FMR1-AS1",1.68805947655518
"GJC2",1.68665123034717
"EXOC7",1.6866488390238
"WASIR2",1.68652563672794
"CCDC57",1.68478714291967
"PNN-AS1",1.68438813720786
"EML2",1.68369681815758
"PRRC2C",1.6821209939582
"PPIL2",1.68088287476371
"SRSF5",1.68006478159444
"RPUSD4",1.6775384244057
"SYNE4",1.67590586142171
"METTL16",1.67557487005494
"TRMT10B",1.67451133200886
"GUF1",1.67377215112799
"ASB8",1.673489466502
"C2orf42",1.67318554677882
"RNU6-43P",1.67191622256853
"MCM5",1.67175235184512
"CUTA",1.67031135816919
"SIN3A",1.66929713932028
"ZNF518B",1.6692636826464
"NUDT16L1",1.66894640331421
"KRT75",1.66759611551411
"BTG2",1.66650087488083
"HNRNPMP1",1.6664241780843
"RDX",1.66560978481059
"FBXO38",1.6652772136971
"NINJ2-AS1",1.66422714995053
"PERM1",1.66422212409585
"EIF4A2",1.66378475011647
"ZNF839",1.66267059942051
"MSRA-DT",1.66228555607243
"SUDS3",1.66198651357362
"TRNP1",1.66126650429718
"ATP10D",1.66015753931018
"VPS33B",1.6597561250788
"EEF1D",1.65953305096404
"PYDC5",1.65905153388971
"IRGM",1.65895876023736
"RNU7-180P",1.65757224618415
"MTATP8P1",1.65687157339563
"ELP4",1.65610846862436
"HNRNPC",1.65567746775121
"INSIG1-DT",1.65536756600791
"PDE7A",1.65490096286557
"RN7SL774P",1.6541014134988
"MSANTD2",1.6540318864839
"TMEM181",1.65336673841537
"METTL21AP1",1.65035131853061
"QSOX2",1.65032860706538
"RMND1",1.64872817776194
"HCP5",1.64738598932715
"LINC01597",1.64555839000067
"UQCRC2",1.64470874754735
"WFIKKN1",1.64403110716998
"DUSP10",1.64296295232972
"AKR1C2",1.64137252309666
"CBFB",1.6410303525053
"XPNPEP3",1.64062213407085
"AMD1",1.63965153337015
"ABHD15-AS1",1.63846721949326
"GEN1",1.63845730763039
"EMD",1.63722932886335
"ZWINT",1.63709249046905
"CBFA2T2",1.63706788796578
"GLUD2",1.63633409654187
"GNE",1.63593472908504
"ATP11B",1.63313918360238
"CLSTN1",1.63069656915501
"OARD1",1.63009261061696
"LINC00467",1.62867049479449
"ZC2HC1C",1.62856670108034
"C1QBP",1.62824642547454
"B4GALT1-AS1",1.62574796107697
"SERBP1",1.62504298101545
"SLC2A8",1.62450081076545
"FAM88F",1.62438655380237
"SKA2",1.62360258267465
"DNAJC3",1.62319807669151
"PAXIP1-DT",1.62312431723912
"SMOX",1.62103430618699
"CPLX4",1.62044318565774
"GEMIN5",1.62008385070944
"BIRC6",1.61935911898044
"GTF2H3",1.61572499714935
"LUC7L3",1.61368995373813
"SLC15A4",1.61355000541124
"MIR616",1.61297225285684
"ABALON",1.61286880941082
"SYF2",1.6122535245335
"MED14",1.61173448039094
"CYP1B1-AS1",1.61071708491092
"RPS17",1.6101197934178
"C5orf15",1.60903777791157
"NECTIN1-DT",1.60854223218624
"NUP153-AS1",1.60663449497667
"TXNDC16",1.60495510472022
"NMU",1.60473392351839
"CEP63",1.60273358427727
"NADK2",1.60218089999558
"LINC01128",1.60123445009447
"TVP23C",1.60043835282621
"STT3A",1.59980986729083
"TGIF2",1.59956161902045
"MIB2",1.59808093544446
"SUMO1",1.59706743049169
"CFAP92",1.59584418145012
"MSX1",1.59552898896544
"DKC1",1.5945717683012
"BSN-DT",1.59362618914117
"PRORP",1.59345692995736
"FABP5P9",1.59321592797108
"SAMD14",1.59319182826316
"ZNF791",1.59303455182976
"CUL2",1.59140272997038
"USP33",1.59120369005978
"C11orf98",1.58963851476609
"MCTS2",1.58904805214271
"MIR4512",1.58884935534972
"CDC25C",1.58806893102281
"NLRP7",1.58766506007326
"TRMT2A",1.58732854345242
"CAP1P2",1.5860566109353
"NAV3",1.58191722970152
"RNU6-177P",1.58155885425826
"ERO1A",1.5787349431003
"CYLD-AS2",1.57820865440386
"VIPR1-AS1",1.57608405769073
"CYP2A6",1.57426513657172
"DHX9",1.57395302315916
"FKBP10",1.57249576526528
"ILKAP",1.57209852986266
"MAS1",1.57137122260092
"ZNF133-AS1",1.57019965799943
"KRT18P39",1.56952587291827
"CAPN2",1.56901929902076
"ELOVL1",1.5680155620395
"MIR1291",1.56726751315006
"MC1R",1.56706601839336
"RNF207",1.56702602601953
"NAP1L1",1.56581214499507
"ANAPC5",1.56441392374049
"NOLC1",1.5633844280817
"EXOSC3",1.56302551236286
"OVOL3",1.56295992591113
"PSMD2",1.56279870073738
"LINC00667",1.56058021829567
"PUS7L",1.56055551286122
"JAGN1",1.56048837255108
"DLG2",1.55996127625466
"GABRB3",1.55835027586621
"KLHL23",1.55782705423385
"IQGAP2",1.55740208322315
"R3HCC1",1.55686291594121
"NBAS",1.55653376824355
"TMEM234",1.5563900305556
"DNAJB11",1.55586313817857
"CALU",1.55552330744261
"GALC",1.55539645741048
"CDC73",1.55498356544605
"TEX2",1.55433032351599
"CACUL1",1.55330400909022
"DCLRE1B",1.55295389397523
"KIFC1",1.55284230347431
"RANGAP1",1.55162966984111
"RPL7P17",1.55133585181317
"CEACAM7",1.55058830829694
"PGRMC1",1.54852010971628
"PDE2A-AS2",1.54848688620801
"DNAJC9P1",1.5473169864164
"DNAH11",1.54701837762013
"ASAP3",1.54701322008989
"UTP18",1.54524725576501
"ASPN",1.54392550689322
"ARL14EPP1",1.54273238209723
"KAT2A",1.54260736965876
"MIR4733HG",1.54188614047062
"POLR3G",1.54181161337389
"TARBP1",1.54171506855564
"ACSF3",1.54160197602863
"NUP54",1.54144565071812
"MDFI",1.54120873414116
"RNU6-19P",1.54105442585932
"RWDD3",1.54080366209205
"THADA",1.53942588804095
"MBD4",1.53928637227939
"STAU1",1.53867297161577
"LRRC37A3",1.53851773220623
"SDHAF2",1.5373832342349
"MLXIP",1.53640161464814
"GABPAP",1.53474901439822
"SNRPGP18",1.534506832614
"RNU6-1160P",1.53446416081002
"PSMC4",1.53371105735928
"GRK5-IT1",1.53344019860876
"MEIG1",1.53343958702845
"HHIPL2",1.5329273983084
"NDRG1",1.53226311566738
"TSC22D1-AS1",1.53184067249983
"STAMBPL1",1.5307821036318
"TERF1P5",1.53042113691445
"RNPS1P1",1.52926454494152
"XPNPEP1",1.52857717016463
"UBXN2A",1.52802999355028
"GEMIN7",1.52474954602456
"DNAJB14",1.52300054830535
"POGZ",1.52162358569707
"DUSP15",1.52137789621586
"ATP5IF1",1.5204811648456
"GCM1",1.51971198442149
"TMEM132E",1.51786827466323
"ANXA11",1.51700230008387
"EEFSEC",1.51456916927559
"DENR",1.51323598472067
"EXOC3-AS1",1.51253628582386
"ABCA7",1.51145562472277
"C2CD3",1.51057397949903
"B3GAT3",1.51002100462697
"MCUR1",1.50788530423623
"PLXNA3",1.50766135767467
"MAP4",1.50712930962785
"SPATA20",1.5062857364466
"TUFM",1.50486466539083
"LINC01943",1.50448999934312
"RAB11FIP1P1",1.50339437137176
"SORBS1",1.50308628994292
"H2AC21",1.50257485722728
"NIN",1.50114313763858
"LCN2",1.50110789182271
"OSBPL9",1.50077535039095
"FAM209A",1.49936136845611
"TLE1P1",1.49817900887088
"SNX18",1.49699439994122
"ARHGAP42",1.49684741370823
"RPL31P19",1.49459357109742
"RTL6",1.49394546361828
"PLXNB3-AS1",1.49348390172122
"TRO",1.49328073555335
"KIAA1755",1.49312690130316
"MIR3941",1.4930092392104
"ACACA",1.49242921862658
"ARIH1",1.49121917555399
"RTF1",1.49030024443913
"RNU6-703P",1.48810390334076
"RPL21P5",1.48743764878998
"SAP18",1.48689155272272
"RPL7",1.48687363818753
"LINC00511",1.4860067844565
"ECM1P2",1.48519335907466
"INO80E",1.48517376839316
"KRT18P37",1.48489008130451
"AGK-DT",1.48384972785017
"MARCHF7",1.48375261981636
"LIN54",1.48288506944347
"AATF",1.48203524922428
"HNRNPDL",1.48187006214004
"U2SURP",1.48173597207689
"HNRNPA1L3",1.48029488601691
"RNA5SP355",1.47962335205359
"SUPT4H1",1.47959113732018
"BLOC1S2",1.47824240906673
"POLDIP2",1.47699883431619
"LRRC14",1.4764496880743
"PYDC2",1.47559338413626
"MFF",1.46919331051857
"RBM12",1.46849252474496
"CEP85L",1.4682317404817
"PIGFP2",1.46730601755667
"RN7SL775P",1.46715524056268
"ZNF730",1.46682752643808
"TIAL1",1.46666103090131
"MCTP2",1.46519617778825
"LRRC49",1.46508047372365
"FANCB",1.46452503085669
"LINC01748",1.46425159781923
"DUSP7",1.46407837751487
"PFKP",1.46309149702124
"PRKRIP1",1.46185788252706
"IMMT",1.46138107589013
"C9orf40",1.46026749283016
"MYO5A",1.45938901060661
"PPP1R35",1.45784290703534
"SLC35F6",1.45771200779822
"CSPG5",1.45759632973547
"RPA3",1.45581385412857
"LINC01132",1.45528069163111
"LRSAM1",1.45521630230565
"DDX43",1.45493670705102
"SLC35C1",1.45477231252299
"MED30",1.45441020694106
"FAM133GP",1.45436511601782
"SIRT2",1.4534943863144
"FABP5P15",1.45336524037754
"DOK1",1.45270687705655
"SLC39A7",1.45207401858342
"RPUSD3",1.45152828932261
"FUS",1.45131005704055
"MTRR",1.45093479945884
"RNF149",1.4505686646675
"PRMT5",1.4505596400958
"CRCP",1.4480105830751
"CTNS-AS1",1.44770394475199
"LINC00635",1.44714968273441
"TRIM13",1.44685963180122
"LINC01619",1.44643176144818
"PAM",1.44636969513491
"TENT5D",1.44617488185701
"ATP6V0CP4",1.44542503035828
"UBE2MP1",1.44477484002887
"MRPS33P2",1.44473543034653
"ARPP21",1.44424774000475
"ZNF326",1.44375287290828
"TMEM41B",1.44356075004358
"C6orf52",1.44353566287305
"CUTC",1.44349704068615
"LINC01138",1.44253405318347
"GORAB",1.4400424798241
"C15orf40",1.43939797402257
"MRPL16",1.43873614300716
"RALY",1.43818084688438
"COIL",1.43783901002806
"LRRC24",1.43552047454064
"KRBOX5",1.4354115671327
"WNK1",1.43535276402818
"PIWIL2-DT",1.43494766060407
"OTOP2",1.43454315320501
"RAB11FIP1",1.43034215906752
"SSH2",1.42986655773241
"CHMP7",1.42963566682745
"RBBP4P1",1.42909876469942
"NOC3L",1.42852792675327
"LINC01068",1.42803635850011
"SPG7",1.42713084047796
"SNORD59A",1.42593343945687
"LIAT1",1.42579717337397
"FBXO38-DT",1.42286791108475
"AKTIPP2",1.42273806118219
"TMBIM6",1.4215128440821
"EEF1A1P30",1.42139584128213
"RPS6P16",1.42134113863681
"RB1CC1",1.41967563239081
"EMC3",1.41851049675063
"SLC35B4",1.41803848182447
"ZBP1",1.4166119309522
"PIGK",1.4163186514097
"SDF4",1.41618933882126
"ATP1A3",1.41615912907609
"RAD52",1.41551755741153
"IGKV3-15",1.41336502913133
"PAX7",1.41324461657436
"SMIM12",1.41144207390205
"KRT72",1.41074616946327
"LINC02021",1.40908846232016
"OR10G2",1.40830160567944
"H2AC7",1.40641847958348
"MCU",1.40638019361781
"RDH13",1.40392807083905
"MFN1",1.40361653006127
"ZBTB42",1.40356961689117
"TDRD3",1.40340828035216
"MVK",1.40321259403506
"GOLGA8N",1.40181310918804
"PFAS",1.40123875911586
"EIF4E",1.40095509381767
"WBP1",1.40031352845379
"ITCH",1.3993497473178
"USP42",1.39919920852924
"PTPN11",1.39916133872222
"SUPT16H",1.39866868636197
"UBE4A",1.39829071581358
"SNHG1",1.39693131063979
"TMPOP2",1.3968421518929
"DIS3L2",1.39558701489141
"NIFK-AS1",1.39507511476266
"LINC01927",1.39437627400294
"PUS7",1.39359298559402
"TCAF1",1.39297635827526
"SYNPO2L-AS1",1.39275695689091
"ANKRD11",1.39057931387583
"PSIP1P1",1.38541126211694
"LINC02080",1.38525753604897
"RPL18AP3",1.38451011524757
"PPIAP47",1.38374385213454
"KLF3-AS1",1.38312316485259
"ENTPD1-AS1",1.37870698497486
"ALDH1L1-AS1",1.37849148301758
"HCG19P",1.37849148301758
"PRRT1",1.37849148301758
"COPB2",1.37816437700284
"EMC9",1.37809221819521
"NPIPB15",1.37763315791014
"PPP2R5CP",1.37514502273797
"HIBCH",1.37504867499515
"SSU72",1.37491589839547
"RBM10",1.37433310445812
"DDX17",1.37400973263222
"EIF3E",1.37377418233076
"TSPAN17",1.37368212820549
"UQCC6",1.37335591709475
"RNU6-672P",1.37210615870926
"EEF2K",1.37157828242069
"ASB7",1.37034912759399
"RNU6-789P",1.36947681571237
"NPIPB3",1.36916617976894
"ZSCAN26",1.36852891972466
"SCUBE3-AS1",1.36816518232851
"HSPD1P1",1.36622665962126
"NPEPPS",1.36536513819554
"RAP1BL",1.36469791866689
"ARHGAP12",1.36441758494577
"RBM25",1.36400703566754
"BNIP3P16",1.36400119646305
"ZC3HC1",1.36377444962592
"MBD3L3",1.36354517267128
"UTP14A",1.36347408829723
"BTBD1",1.36324002702631
"LUM",1.36283955488721
"MIR579",1.36172182054682
"HDAC6",1.36165170139047
"SEMA6C",1.36144059476463
"EIF3D",1.35994096670267
"PRDM4-AS1",1.35985765766065
"AHSP",1.35959044903889
"SP5",1.35900604702074
"MUC3A",1.35857301967401
"LYPLA1",1.3566546061522
"ZBTB11-AS1",1.35638186923411
"TRIM31",1.35437240122451
"GPR132",1.3539802191242
"PPP4R3A",1.35346130383114
"SRMP2",1.35309670003509
"MYADM-AS2",1.35205017781384
"RNF31",1.35182817197017
"IRX3",1.35161469938673
"LIMD1-AS1",1.35007024835869
"PRR7-AS1",1.34964422431914
"CYP4F12",1.34926556646198
"GGA2",1.34858256759475
"ORMDL1",1.34845824453572
"TAF5",1.3476393639893
"EFCAB14",1.34700420267234
"TP53TG3",1.34656144471266
"BBX",1.34638315720407
"ACTG1P14",1.34631470878727
"PDCD2",1.3452033645615
"ZSCAN22",1.34485735627569
"HTR6",1.34441937346518
"CNTF",1.34431192936196
"ASXL1",1.34323923773098
"CDC5L",1.34318534149663
"SNAI3-AS1",1.34204014869728
"HELZ",1.34098907829731
"FAM50B",1.3395711911833
"SPATA45",1.33882070873283
"FAM167B",1.33691081466098
"DDX59-AS1",1.33514823197833
"ZNF414",1.3343333843552
"GTF3C1",1.33344021002757
"REC8",1.33315842218783
"SUGP1",1.33169552757429
"SERGEF",1.33127519046724
"TSPAN15",1.32971913511874
"CCDC28B",1.32935921258398
"GET3",1.32909086566635
"DUT-AS1",1.32689432308286
"FAM204A",1.32620022170465
"CA14",1.32515675117921
"C2orf49",1.32431625585238
"IL5RA",1.32335709345408
"KIF9",1.32305101686022
"ASTL",1.32188034822317
"SRP14",1.32099792675891
"ARL6IP5",1.32014830776663
"GTF2E1",1.31978721645996
"RPS12P7",1.31908542950776
"ADGRB3",1.31906738034749
"ABCC9",1.31903654284515
"MAFTRR",1.31860368566196
"RNU6-638P",1.31848148153101
"ARHGAP11B-DT",1.31840437878436
"LRIF1",1.3176564507928
"VPS37B",1.3174615294191
"SLC48A1",1.31658323364352
"GPR137",1.31616201318213
"PPM1D",1.3159986341281
"LARP7",1.31280398041737
"TNFAIP8L1",1.31007640912463
"MIR548O",1.309179604114
"RN7SL144P",1.30869864370328
"CZIB-DT",1.30821642158553
"AMY1B",1.30769477242649
"PPP2CA-DT",1.30712401970992
"DNAJB6P7",1.30688407899062
"PPP2R5D",1.30639872680778
"LNCARSR",1.30469218061865
"TBC1D25",1.30361882795524
"EPB41L5",1.30349858919391
"KLF2",1.3032305206651
"DNAJB4",1.30233129868234
"MRPS21",1.30118006142811
"HMGN1P1",1.30014509772099
"UIMC1",1.29944726184387
"HECTD4",1.29877435938438
"SULT2B1",1.29839179889563
"RASL12",1.29815271016783
"TMPO",1.29771583713682
"ST3GAL5",1.29629094098513
"TM9SF5P",1.29583197824564
"ETV4",1.29516073160931
"LINC01063",1.29361559875224
"RPUSD1",1.29291253176563
"SMG1P6",1.29167833903369
"FAT1",1.2914672964774
"RPL15P3",1.29104675761587
"IQSEC3-AS1",1.29037670440081
"PSMG2",1.28968632195808
"PPP1CB-DT",1.28892486061027
"AGPS",1.28870621427957
"CNOT6LP1",1.28846961998524
"STAP1",1.28716691091535
"PDE1C",1.28659539650534
"FMO2",1.28635166605248
"C14orf132",1.28608022546279
"CHAMP1",1.28531248067529
"ARL1",1.28485163482188
"FARSB",1.28481427571957
"TRMT6",1.28402772357317
"RNU6-748P",1.28345867780598
"RPL18AP7",1.28309372172617
"SEL1L",1.28270216438351
"CATSPERE",1.28266415145868
"SSR1",1.27972650676468
"C3orf20",1.27854792220515
"GMDS",1.27848605308984
"ARFGAP2",1.2782404441357
"TASOR",1.27808848929653
"RNU1-63P",1.27780424297168
"ISY1",1.27652904001759
"RNU6-662P",1.27594528979011
"MUC17",1.27492279884848
"EDEM3",1.27346558828848
"ZNF500",1.27210742152148
"CDH12",1.27037796234353
"ZBED3-AS1",1.2692323819025
"FBXW7",1.26894855160741
"EMCN",1.26874219543995
"TLK2",1.26853290147503
"GRHPR",1.26840990870607
"PCF11",1.2676133885437
"ANGPTL6",1.26737577160679
"OBI1-AS1",1.26712674909179
"MRPL48",1.2661825368763
"CTAGE8",1.26403824397479
"LINC01697",1.26397533408112
"TRIM74",1.26380952962303
"C1orf198",1.26327490085308
"MHENCR",1.2618846110565
"ZNF732",1.26184791623538
"KIN",1.26086934535014
"IGHV1OR15-3",1.26058743272862
"RN7SL268P",1.25924965270171
"DLST",1.25908351307871
"MIR2052HG",1.25821645800543
"UBE2D3",1.25799026226182
"EXOSC5",1.25791524245733
"TOP2B",1.2569092502272
"PYCR3",1.25660972335011
"RBM28",1.2564357250545
"RNU6-272P",1.25634854786806
"LENG8-AS1",1.25527674224018
"RPL5P9",1.2548936205667
"KIR3DP1",1.25208259818329
"LARS2",1.25195832420164
"KAT5",1.251355372461
"ALG1",1.25100227593404
"ELAC1",1.2509009792959
"RNU4-89P",1.25085008301917
"CAV3",1.25080552944108
"RABIF",1.25004965485723
"KCNQ5-AS1",1.24945050966093
"LRWD1",1.24901179955688
"ABI3BP",1.24849474835915
"KCNK3",1.24798106335846
"HCG14",1.24784534623574
"PKD1L3",1.24774677167664
"SLC7A8",1.24768382325394
"BPHL",1.24722233094189
"SLC13A5",1.24715240290381
"LINC01348",1.24537483456313
"MT-TT",1.24432846808174
"PHF5A",1.2425330459829
"TNFRSF10A-AS1",1.24100329865467
"MAIP1",1.24036453855631
"TTBK1",1.23922812490197
"LINC02011",1.23768528192826
"SOX5P1",1.23768528192826
"TRDD3",1.23743259533549
"SENP2",1.23657400664829
"MIGA1",1.23583773775616
"EMSY",1.23576154658375
"KCTD6",1.23537969381819
"RNU1-100P",1.23472145449192
"RBM5",1.23361701108761
"MIR4428",1.23310213282605
"PNKP",1.23266361187081
"NEMF",1.22983488718034
"TRIM52-AS1",1.2282452055895
"CLN5",1.22770119366776
"GNG8",1.2259078006319
"FBXL8",1.22536261970272
"GNAI3",1.22529204359266
"MIR1279",1.22500264992523
"PSMD13",1.22468702051401
"MC5R",1.22435265136969
"RNU6-944P",1.22413105619203
"DYM",1.22349410111478
"HINT1",1.22316852629877
"LINC02055",1.2231273703823
"SNORA19",1.22148474209762
"ZNF592",1.2208866958859
"UQCRFS1P1",1.22080988779231
"AKAP6",1.21748298335622
"TRAPPC6A",1.21729816933365
"TMEM71",1.21643563087818
"EHMT1",1.2160036805414
"SPNS2",1.21399220592856
"TRMT2B-AS1",1.21350068142806
"PFKP-DT",1.21231423603756
"NNAT",1.21160480573353
"LINC02583",1.21121903496249
"MIR9-2HG",1.21105312473118
"MTFR1",1.20794887479611
"MAN2A1",1.20719067875146
"RAB5B",1.20568989132078
"TBX3-AS1",1.20557823803415
"FECH",1.20305486402931
"SNHG22",1.20242971763907
"GPR83",1.20165132054376
"TRPM3",1.20107805952373
"PTGDR",1.20044887619817
"PHYHIP",1.20023716837854
"BCLAF1P2",1.19823267714235
"RNFT1P3",1.1977059083814
"GNL2",1.19736759605961
"IRF2-DT",1.19718537873412
"IGKV1-6",1.19669069051514
"EIF5",1.19665286859046
"USP9X",1.19474803614139
"GDAP1",1.19434505757724
"SLC30A6-DT",1.1936436518112
"RN7SL280P",1.19162272909095
"CHUK-DT",1.19091019292314
"MAP3K21",1.18656146580264
"SETD1A",1.18642323273232
"NUTM2D",1.18584106021049
"PRPF8",1.18462298329125
"TIPARP-AS1",1.18460894949502
"TLE6",1.18430549501419
"TNKS2",1.1842774265378
"WDR47",1.18395793506149
"C1orf159",1.18349318588152
"SNORA2B",1.18270876166641
"ST7L",1.18193054149112
"PARD3-DT",1.18054321580747
"BRD7P4",1.18054042319783
"ZFAND6",1.1799756534144
"SMTNL1",1.17944759445019
"ATP6V0A2",1.17937242087554
"LARP4B",1.17838237176742
"HNRNPH2",1.17807296502661
"KCNJ6",1.17741836364115
"NMT1",1.17603193724058
"OPCML",1.17584639440362
"DNAJC10",1.17548148084475
"RPL17P40",1.175125636653
"GPANK1",1.17486124028389
"ETF1",1.17431047855149
"KDM4C",1.1742881098611
"CACNA2D4",1.17404253966296
"SNORD13E",1.1739829234961
"TRA2B",1.17354643084045
"HDAC9-AS1",1.17298000094062
"LINC00683",1.17196279188363
"MINPP1",1.171161625388
"EI24",1.17033048097803
"RNA5SP78",1.16940119323148
"LINC02768",1.16868526395885
"HPS3",1.16855248211101
"ADAMTS9-AS1",1.16842836751996
"TANC1",1.16820579266828
"TAF1A-AS1",1.1675848686902
"PXK",1.16632211358824
"PTGES3P2",1.16617755586935
"LINC00649",1.16611443334444
"ARPC1AP4",1.16591903180007
"MESP1",1.16550666103714
"RARG",1.1650221751939
"NR2C2",1.16496649136623
"RPL34P19",1.1648541325089
"CNTD1",1.16483142922154
"TTBK2",1.16358832824431
"CXXC1",1.16309511681748
"HOXC8",1.1627570956922
"PLD6",1.16150722378372
"PRR5L",1.16047414956129
"RNF216P1",1.16035390346067
"SMS",1.16021024084832
"ITFG1",1.15892628367682
"DPP7",1.15888520160973
"UTP3",1.15753685043988
"TBC1D24",1.15598134423489
"NUP50",1.15448675361745
"PPP2R1A",1.15380007456303
"POLR2K",1.15361100471554
"RBM22",1.15344895354833
"DLAT",1.15179398366743
"CLIP1",1.15064711129119
"PROK2",1.15037628884033
"SAG",1.14927383962976
"PRC1",1.14909798997958
"CCDC15",1.14888769491451
"RNU6-118P",1.14801487680097
"CFTR",1.14783278804721
"ELMO1",1.14779436117312
"TIMM17A",1.14686554820047
"TMEM186",1.14644378193354
"CCNL2P1",1.1463637410294
"ELF2P1",1.1463637410294
"ENDOD1",1.14610589989656
"PGGT1B",1.1460769197926
"RBL1",1.14562562208436
"MYADM-AS1",1.1453154769923
"FANCC",1.14480725309956
"TAFAZZIN",1.14469097542287
"ALG5",1.14461105822281
"EGR1",1.14365666968437
"LCMT1-AS1",1.14351068060434
"TSSC4",1.14282565751108
"PLAAT5",1.14219758660381
"ZBTB7B",1.14153461642109
"HNRNPA3P15",1.14142195850045
"ITFG1-AS1",1.14111134590538
"THOC1",1.1410340326828
"UMPS",1.14012251808412
"PRPF18",1.14011942483907
"AFF2",1.14011340284495
"SRP19",1.13827753095428
"NUCB1-AS1",1.13795841729211
"PTPRB",1.13787666546329
"SMPD4",1.13749678362138
"PCMTD1",1.13723212052961
"RNU6-514P",1.13660639047395
"DCAF12",1.13538957123255
"FTX",1.13492663084061
"DYNLT3",1.13325808730714
"TMEM30A-DT",1.13215870114159
"ITGA10",1.13073580186454
"UBXN7",1.1307324158921
"RPS2P29",1.13073094366524
"BCO1",1.12933701147989
"CORO6",1.12924882683033
"LINC00867",1.12815516426711
"BCAS2",1.12797695103952
"TBL3",1.12748900678857
"TMEM222",1.12722169348179
"SUPT3H",1.12660924573464
"GPATCH1",1.12654477997459
"ANKRD35",1.126365835151
"DBH",1.12557266824885
"CLPTM1",1.12552257100034
"MORC3",1.12503886929847
"TICAM2-AS1",1.12495075588701
"TMEM154",1.12493488920064
"LTV1",1.12493264551294
"ZNF548",1.12478886834625
"NCOA7",1.1247477677406
"SMIM13",1.12465207015647
"SEC31B",1.12453721220121
"CASS4",1.1236600585484
"ECH1",1.12184768173552
"LINC01544",1.12149498244782
"RPA2",1.12130617290072
"SRP14P2",1.12119528413204
"ZNF112",1.12064532946498
"MICOS10-DT",1.12027034436635
"OMG",1.11962328446481
"RPL5P29",1.11941439093664
"AVL9",1.11920928005808
"UPF3AP1",1.11872832354725
"MAT2A",1.11823977228838
"TMEM11",1.11726157018188
"ABHD10",1.11674074261724
"CYTH1",1.11599950512175
"ZMYM3",1.11568177203513
"PTGES3L-AARSD1",1.11531098292838
"CASP6",1.1141450490346
"RNF32-AS1",1.11401769684804
"POLE3",1.11276752393905
"GHRLOS",1.1127629114967
"FUCA1",1.11266591634682
"ZFAND4",1.11253898478849
"CNOT4",1.11244460948241
"ANKRD46",1.11121846890303
"RPL23P6",1.11070005249414
"MIA3",1.11031764696629
"TTC19",1.11022438628916
"STRADB",1.11021133226193
"SNORA9B",1.11013897476219
"VPS72",1.10977832384225
"IL4",1.10966956365751
"NBR1",1.10929825713701
"MTCP1",1.10865690948828
"CFH",1.10856170466718
"USF1P1",1.10837058317365
"AJUBA-DT",1.10697329133853
"TEX264",1.10688773658443
"AP5S1",1.10595026636595
"NAPG",1.105387515427
"PDK4",1.10386652246694
"RGPD1",1.10346943798938
"NUP50P2",1.102446968449
"RN7SL20P",1.10211271784059
"UBL7-DT",1.10134560213582
"PGAM1",1.10126093668501
"PRKCZ",1.10119370861889
"INSYN2B",1.10085961885537
"SBSPON",1.1007265486266
"RPS3AP31",1.10045847930522
"METTL6",1.10012222796421
"DCBLD2",1.09998661326328
"HADH",1.09860276404831
"IQGAP1",1.09770931735952
"HSD17B1",1.09750194578298
"SCAMP2",1.0967753655404
"CYCSP24",1.0949940689228
"SERF1A",1.0947839276429
"LINC00973",1.09385859416035
"RTKN",1.09379641311091
"ZNF512B",1.09347070537522
"MIR3161",1.09278507013894
"LNC-LBCS",1.0920983610755
"TM2D1",1.09180246992186
"MAVS",1.09130441895943
"CDK14",1.09042399050465
"GRIN2A",1.08965168415186
"CMAS",1.08913967733069
"HEATR9",1.0888536934504
"TRAF3IP3",1.08867490746919
"RPS6KB2-AS1",1.08829679796191
"AP3S1",1.08805756077428
"MIRLET7G",1.08800971668677
"AMFR",1.08767790891478
"ZNF785",1.08654132223153
"KIAA0232",1.08628955537087
"CDC6",1.08614694491437
"CCDC150",1.08608908696461
"HIF1AN",1.08571252749029
"TXNL1",1.0848540482068
"HNF4A",1.08436560699112
"SRMS",1.08334373665888
"FBXL19",1.08329880227212
"RBMX2P3",1.0832509561096
"TUSC2",1.08268971907068
"VNN2",1.08180214970119
"MED12",1.08173301379885
"STARD3",1.08089963658456
"RLIM",1.08075294177275
"TAF6L",1.08047613669876
"RFC1",1.07951529699513
"GVQW3",1.07949166094739
"BCAN-AS1",1.07942206062679
"SMC5",1.07926469949651
"TFG",1.07799120148214
"SLC24A3-AS1",1.07773459308212
"NPM1P39",1.07638152355484
"CCDC71",1.07599185885434
"TMEM132B",1.07590979791738
"NEK4",1.07548727962152
"GPR137B",1.07461269354384
"CBX3",1.07366412856901
"HMGB1P6",1.07339915786465
"ARMC8",1.07268360742785
"LRATD2",1.07171497156966
"NPR3",1.07098346420334
"FUBP1",1.07004326945483
"ZDHHC21",1.06989740455069
"RNF2",1.06954335012224
"SNRPGP15",1.06947318328827
"ZNF430",1.06940686738791
"CEACAM21",1.0685960670288
"ARHGEF7",1.0683100348431
"WDR6",1.06720335898168
"MARK4",1.06702589352949
"UBL4A",1.06577737691018
"TFPT",1.06547539490653
"NRTN",1.06519321144901
"TENM2",1.06487368994088
"ZBTB20-AS4",1.06443117162762
"SPAST",1.06437506436956
"ARL5C",1.06347501285629
"ZNF880",1.06342383090456
"LINC01266",1.06333649293633
"CNNM1",1.06313450702321
"SIAH1",1.06270460159841
"FNDC10",1.06239923593496
"DEDD",1.06234554352533
"UBE2D2",1.0608046402462
"SCG3",1.06070790976723
"RAB11B",1.060534029296
"OR10H5",1.05997238511824
"OTX2",1.05987426076675
"PCCB",1.05929654693599
"CHST11",1.057172589703
"OR10J8P",1.05715468445674
"GIPC3",1.05700195073208
"LINC01816",1.05694231592667
"HAUS4",1.05647415936837
"MAN2A2",1.05642038293249
"LSM1",1.0540881762858
"XPC-AS1",1.05345267610481
"FAM227B",1.05234925686643
"UBFD1",1.05168867152548
"ALMS1-IT1",1.05116444766999
"RPL21P72",1.05011568208396
"MIR4637",1.04935479759408
"GATAD2B",1.04928630065628
"PGM2",1.04914353095877
"ZBTB37",1.04903939538965
"PI4KB",1.04877192099112
"PDIA3",1.04678907820973
"SIGIRR",1.04641028812621
"RPS25",1.04575360807196
"LMNTD2-AS1",1.04400404727277
"ZDHHC18",1.04356260754014
"CABLES2",1.04350748592335
"C8orf33",1.04313021158199
"BCL10",1.04201055832375
"MTND5P2",1.04198257760067
"RAB5CP1",1.04165665381434
"GCHFR",1.04084918226014
"MYSM1",1.04015026550185
"RMB8AP1",1.03992774727352
"DIAPH3",1.03898930078458
"CLDN20",1.03714129507392
"LSP1",1.0370587301758
"LRRC37A4P",1.03669047904282
"HAO2",1.03665384706302
"TRMT112P8",1.03659146501438
"RABGAP1L-AS1",1.03439833921643
"RNU6-249P",1.03413081360939
"ZNF207",1.0333976112854
"PLAAT3",1.03326192880363
"MCMBP",1.03084318844034
"KTN1-AS1",1.02985227167472
"LEMD3",1.02962574739711
"SFRP1",1.02938828179795
"MRPL45",1.02932962092682
"SCAND1",1.02818164528924
"CDCA4P1",1.02787369733512
"STXBP6",1.02782395358669
"RPL31P52",1.02658781247517
"GTF2H1",1.02634485075075
"FAM76B",1.02597441120021
"TTLL3",1.02519153130919
"TADA2A",1.0241584024898
"LINC02019",1.02404059539567
"GANAB",1.02387081506865
"TMX2",1.02346356970089
"SRRM3",1.02301454868112
"CHTOP",1.02177007528582
"KCNA6",1.02166163359018
"SLC6A13",1.02126939092354
"ADGRG2",1.02043893409431
"AAGAB",1.02009830738954
"HACL1",1.01980114649958
"MIR4665",1.01922046975784
"POLG",1.01862299006708
"RBM42",1.01725067092161
"RFX3",1.01658685187186
"CC2D1A",1.01613583819159
"CDC40",1.01610617976352
"MGAT3",1.01598609914733
"CUTALP",1.01578198490794
"SUMO2P8",1.01526742556779
"FBXW10",1.01503684332367
"TM4SF19",1.0134690720251
"FBXL3",1.01342804261166
"SIN3B",1.01328395629403
"MYO1H",1.01319329101495
"GTF2I-AS1",1.01285072325928
"POSTN",1.01127243137055
"NOSIP",1.01035050433475
"CNKSR3",1.01026714873783
"FGD1",1.00860482062877
"IFT27",1.00817849764172
"ELOF1",1.00790200348622
"LINC01409",1.00778662471199
"MRPS6",1.00768600770541
"KIR3DL3",1.00766753848672
"MIR1260B",1.00731157291475
"SCAF11",1.00729385704932
"POLR3GL",1.00725778319365
"OR7E100P",1.0072434705414
"EIF3F",1.00653982633804
"MRPL44",1.00647913474205
"ZCCHC7",1.0064646977007
"FBXO9",1.00544592520853
"ALG14",1.00520782564649
"ESRP2",1.00426115305306
"MIR6747",1.00424817125995
"RPL10P12",1.00419993344645
"SNX21",1.00419485616716
"H2AC25",1.0034588102905
"IGFL2-AS1",1.00324243799217
"FOXP1-AS1",1.00282841396807
"BMP2",1.00259208142534
"SRP14P5",1.00204333823425
"NOTCH2NLB",1.00088907681513
"SUMO2P1",0.999587575126081
"RSKR",0.999183217950428
"COMMD10",0.999005695935284
"OPRL1",0.996619033173402
"LINC01005",0.996114831788764
"MFSD14B",0.99603616379595
"PHF11",0.995792376515169
"LINC02082",0.995357932888108
"PPP1R3B-DT",0.995321944360592
"TUBGCP3",0.994613731096778
"GON4L",0.993142865736777
"VPS8",0.992651642093397
"LANCL2",0.992533095544601
"ZNF347",0.992339072152794
"EIF4BP9",0.991999324374076
"IQANK1",0.991723471333348
"ATR",0.991561407248442
"EIF3I",0.991155057207538
"RPL7P46",0.991152714639404
"ACTR10",0.990930527876348
"EIF4A1P4",0.990314746152881
"MBOAT1",0.990080504530277
"GPX8",0.989842692464097
"TRIM28",0.989457766730998
"PDIA4",0.989423101991285
"PCID2",0.989208380546597
"H3P33",0.988723262045979
"ALG10",0.987574581322197
"CTU1",0.986516092989813
"VAMP1",0.986016429820891
"EPCAM-DT",0.985573669333894
"GTF3A",0.984843284698267
"MIR142HG",0.984552946149156
"ACE",0.983594987873721
"SMPD1",0.982917129823662
"ACSL5",0.981997721799497
"PTGER2",0.981966678745384
"OR2B6",0.981376684045643
"THAP3",0.981302235183703
"PKLR",0.981034098523801
"CHIA",0.980776060446288
"MIR6842",0.980188542006391
"SLC25A6P1",0.980188542006391
"TTC3",0.980057634198909
"CNPY2-AS1",0.979322211626967
"RPL21P37",0.979272733762455
"LMOD3",0.979142297682178
"LINC02140",0.979010610671288
"RN7SKP271",0.978362130061936
"LDAF1",0.978009644126384
"DIO1",0.976094363460924
"TCEAL1",0.975862053347398
"CYB5R1",0.97563584690795
"CNN2P1",0.975614987108463
"VAX1",0.97546318247592
"ACY1",0.974472690369977
"TRAP1",0.97445889189048
"LPCAT2BP",0.973508526369229
"DMAP1",0.973427219608873
"IFITM10",0.973025757229129
"TRAF3IP2",0.972722528444139
"URI1",0.972491217267607
"EIF4E3",0.972071199981161
"GMEB1",0.971629606562982
"C6orf47-AS1",0.971070096179184
"UFSP1",0.970777219369887
"TBRG4",0.970288969434704
"RHOXF1P3",0.97006809937577
"SANBR",0.970044108400984
"LINC00905",0.969890558775762
"PRP4K",0.969680582096468
"MSRB3",0.969384265952183
"ID2",0.969252310539416
"ACO1",0.968939627619831
"RPAP3",0.968639332022425
"RNU6-539P",0.968132046289456
"PLB1",0.967335071005283
"PDXDC1",0.967066449057926
"MEIS2",0.967012778828043
"PLPP4",0.966791900090094
"RNY1P12",0.965894798202443
"RNU4-5P",0.965880641536842
"ST6GAL1",0.965822800551173
"EML2-AS1",0.965821099880331
"RUNX3-AS1",0.965660582575766
"CYP2F1",0.965410387356071
"ATF7IP2",0.964781541654038
"ZNF32",0.96464341303797
"DRAXIN",0.964095549648757
"MMAA",0.962317020560919
"LRRTM1",0.961834028223127
"MIR6812",0.961193083108707
"SLC6A5",0.961075982665475
"EXTL1",0.960680279192935
"ATG13",0.960665468383075
"MIR6736",0.960647234212153
"PDCL3P5",0.960363013435292
"ZNF232-AS1",0.960125022696469
"RAB28",0.959961114123174
"ZC3H11C",0.959672510835314
"SLC25A21-AS1",0.959443288421305
"LINC01029",0.959138897910258
"IGHV3-41",0.958998104107904
"RNY1P13",0.958368323159286
"ATP6V0CP3",0.958336919386329
"LINC01522",0.956114316007927
"PISD",0.955956824999348
"ATP8B3",0.955549698433828
"HLA-DOB",0.955158599185051
"SRRM1",0.953774453547764
"KIF16B",0.953395349269071
"TEX52",0.952956300022641
"FAM107B",0.952877120836358
"EIF2S3",0.952728908176885
"APPL1",0.952726530647987
"ZBTB5",0.952172113461414
"RABGGTB",0.951945535196906
"ACOT1",0.95181661553998
"GDPD4",0.95154958088597
"RNU7-57P",0.950164425403721
"PLXNB3",0.950082130494167
"MAX",0.948864532985952
"UCK2",0.948718028980611
"SCAF4",0.948515012452351
"ARHGAP29",0.948182837159505
"SPPL3",0.946756710392346
"ANXA2R-OT1",0.946411362975844
"SLC35G2",0.946339343642492
"SLC46A3",0.945978247944502
"FALEC",0.944833699087849
"GLYCTK",0.944807470864504
"ELFN1",0.944753655191886
"RNF133",0.943822230603795
"RAD54B",0.942303040562372
"KHNYN",0.941352670420887
"SMIM31",0.940486182758824
"HNRNPCL1",0.940248400825131
"TEAD1",0.940021414678229
"RPL5P30",0.939845336968888
"VWF",0.939658308835663
"LNROP",0.939382211271385
"CSHL1",0.939178189984344
"BTBD2",0.939027495938807
"H2BC6-AS1",0.938980669517707
"TPRG1",0.938579604666723
"RPS18",0.937081785749658
"ITPR1-DT",0.936764186083331
"P4HA2-AS1",0.936340028423754
"VN2R19P",0.936238767860751
"FER1L5",0.934482289428912
"AOPEP",0.934216774189546
"LRRC46",0.93263987758269
"MED26",0.932548895927845
"CEP20",0.932056648186658
"UBE2V2P2",0.93127768944115
"SLC23A2",0.931172952430641
"NEURL1-AS1",0.930660479177537
"MARCHF6-DT",0.930249702178699
"TMUB1",0.929720434259643
"DGKH",0.927226243993104
"C21orf91-OT1",0.926416010605524
"PGM3",0.92395337473788
"RNA5SP378",0.923062570715344
"TNXB",0.922841231901921
"ERAP1",0.922756721586686
"TCEA1",0.920722716468208
"IGLV1-47",0.920691644615975
"IGLV3-25",0.920442750855467
"IGLV3-21",0.919438616154585
"RPL10",0.918359915536526
"CCM2",0.9183355393713
"GOPC",0.917289734385745
"DUT",0.917167443933831
"MED23",0.916506539674998
"STARD7-AS1",0.915234766384655
"GYPC",0.914462272138726
"BICRAL",0.913522852757484
"CHCHD6",0.913509494611983
"RFC4",0.913386942159989
"RPL10P16",0.913198562325813
"MRPS25",0.913127468855696
"PIKFYVE",0.913114863148152
"EPRS1",0.912574743066119
"TIGAR",0.912343867171398
"NUP85",0.911507633632772
"ACADM",0.911217250265518
"LIPC",0.910865884043431
"ZNF318",0.909751935607965
"SIKE1",0.909258515927525
"PTER",0.90896358313183
"LINGO2",0.908488494269279
"DAP3",0.908423972266074
"UBE3A",0.908337928543007
"EIF5B",0.908294646060927
"ETF1P1",0.90794902273193
"ZNF280D",0.907058285286135
"FAM72C",0.906920546790705
"COPDA1",0.906920546790705
"MTR",0.906702520412306
"PSPH",0.906188885210342
"UGT1A7",0.905957829045494
"ZFAND5",0.905859077430273
"CFAP73",0.905151847126619
"SUCLG1",0.904366505821411
"GSEC",0.904011581872204
"SPOUT1",0.903237147402605
"INKA1",0.902886252755177
"HUS1",0.902810357672207
"THAP5",0.902752348064183
"CPA3",0.902577932320064
"H2BC10",0.902399547123973
"KLHL42",0.902210537850495
"LSM6P2",0.900508795054874
"PMF1",0.900093273075398
"DNAAF4",0.899976621256992
"PAX9",0.899807611225387
"RN7SL614P",0.899789118451136
"FAM186B",0.899476200771759
"NOL8",0.89909112329278
"PSMG3",0.899062173394722
"POGLUT1",0.898754778117557
"ZBTB4",0.898752615872968
"EFL1",0.898179397977405
"CMTR1",0.89792329955065
"TYW1",0.897715360210954
"NHLRC3",0.896099882558811
"NUDT21",0.896077294354558
"FAM43A",0.895861192109189
"AP1M1",0.895759673610713
"EARS2",0.895568938022456
"RN7SL37P",0.895541707000338
"ACBD6",0.894933060208309
"EFCAB5",0.894810703690024
"PRPF31-AS1",0.893335884538455
"ZFP36L1",0.893094394485873
"PA2G4",0.892889087204314
"RAB2A",0.892465006521897
"RACK1",0.891131039486417
"ZBTB20-AS5",0.890635081687457
"R3HDM4",0.890415305933471
"MORF4L1P1",0.890222738661703
"RAB8B",0.889917183483296
"ENOSF1",0.88913856181068
"CATSPERD",0.887242583448792
"ZNF100",0.88628061293355
"ABCG1",0.886138209265188
"BRPF1",0.885543048088009
"SPTB",0.885252410613689
"SNHG32",0.885225920122298
"NAT10",0.885066716562857
"TSG101",0.88440208488222
"LINC01250",0.884154023153862
"INTU",0.88351474130897
"FENDRR",0.883392580463081
"PRKAG1",0.882545085498381
"DNTTIP2",0.882134997176099
"RAB21",0.881780674308637
"RAD21-AS1",0.881396254113589
"RND1",0.88045975492973
"MIR194-1",0.879678247087783
"DERL1",0.879421784257054
"LINC02676",0.879250842285894
"MRPL9",0.87863466118775
"DNAJC2",0.875970832164844
"PRSS35",0.875175456428583
"KLHDC3",0.874871235299831
"KCNE5",0.874485077156378
"ABHD1",0.874328196804179
"SLC39A9",0.873817364133315
"TNPO1",0.872845899282503
"UNC5CL",0.872331110941324
"GCNT1",0.871787029573874
"SOX9",0.871621273727086
"ZNF276",0.871157705890762
"PDZD9",0.870097545624407
"EOGT",0.870069017425889
"PAXX",0.869887322894961
"BIN2P1",0.867987396061566
"SIGMAR1",0.867241964476979
"NR1H2",0.866968422095372
"TMCC3",0.866936854902492
"GJC1",0.866875038018244
"MZT1",0.86678439894157
"NPM1P19",0.866626382683539
"SPINT1-AS1",0.866425901802965
"CYP2D6",0.865947469285727
"HDDC2",0.86583350875331
"OTC",0.865456675424472
"LANCL1-AS1",0.865029989004583
"RRP1",0.864462530247678
"C2CD2L",0.864355808232605
"PDE4DIPP6",0.864039321759072
"FTH1P1",0.863496585166045
"THBS1",0.862859963693532
"RPS5",0.86264114265697
"MIR5581",0.861280885781823
"DHFR2",0.86071415644361
"SSPOP",0.859808459840743
"PTPRN",0.859261662661791
"TIFA",0.858497219455749
"ARHGAP11A-SCG5",0.858354181488388
"TMEM185AP1",0.858192288887439
"HSH2D",0.85816160106262
"SMIM15",0.857962367368318
"GET1",0.857784373628343
"MET",0.857563438671977
"CIZ1",0.856666498869066
"WDTC1",0.856512001571956
"PTENP1-AS",0.855551855750917
"TSR1",0.855183411484588
"LINC01976",0.85425778125346
"WDR46",0.853565570402437
"MAP3K14",0.853543946309302
"NCOA2",0.853054424151289
"RPL21P29",0.852971551796814
"RALY-AS1",0.852377795655416
"NPIPA6",0.851935177502932
"POLR2B",0.850275116639034
"UBE2T",0.849652667295523
"STAM-DT",0.849593157358964
"MIR766",0.849195372260053
"SCARNA5",0.848189409945442
"SNX33",0.848126217733738
"KRT19",0.847764914586038
"RNU6-1262P",0.847309403085053
"DDX19A-DT",0.846761604186756
"PSAPL1",0.846635087820888
"MPC1-DT",0.846635087820888
"GFRA4",0.846635087820888
"TACC1",0.846551327054367
"VCP",0.846379245951544
"ADAM10",0.845274897568301
"UHRF2",0.844995104462884
"AIFM1",0.843424848120017
"WHAMM",0.843237265747889
"PREB",0.842475937586901
"DOLPP1",0.842150557047551
"TRIM26",0.842089020351108
"NCBP1",0.842077383812489
"MAN1C1",0.842034759508776
"CPHXL2",0.841862541288115
"ZMPSTE24",0.840904138685912
"ARID1A",0.840120427010649
"EIF2S2P1",0.840084934782942
"GAPVD1",0.838950268805767
"RNY4P6",0.838855042637853
"OIP5-AS1",0.838165808859105
"TGFBR2",0.83766572594503
"TBC1D14",0.837501087727304
"N4BP3",0.837179878668548
"THAP7-AS1",0.836263990991834
"CYP2C23P",0.836245549963409
"AURKAP1",0.836146271159088
"TEX29",0.833991416658852
"MCOLN2",0.833854618829842
"MIR4259",0.833842171542196
"ADAMTS15",0.833541132106152
"STYX",0.833494935410828
"MRS2",0.833346878637792
"DICER1-AS1",0.833204248284198
"RNF10",0.832592459950644
"NOM1",0.831859416073976
"ZNF322P1",0.831850988265681
"SCAMP3",0.831317980972662
"FAM110C",0.831291259155348
"NIBAN1",0.831240565951996
"NSA2P7",0.831213039470736
"AMMECR1L",0.831202978815743
"ADAT2",0.830709347389468
"TMEM41A",0.829967474545006
"NECAB3",0.829670757011458
"PSMC2",0.829558243416103
"SCN10A",0.828962253142308
"CERT1",0.827955054776928
"RN7SL233P",0.826877201688508
"YIPF3",0.826049271400282
"SKIDA1",0.825932725491036
"EIF3J",0.82565863303804
"ELL2",0.825055408809149
"BRAT1",0.824324408421904
"WAPL",0.82425742135952
"RPS12P26",0.823651776623275
"RPSAP19",0.823194998473128
"GNB3",0.823176718865169
"RPTOR",0.822770513088896
"ADCY2",0.822646499037559
"ETFBKMT",0.822639288612211
"SUPT16HP1",0.822064528805345
"CCDC93",0.821952561092732
"PDZRN4",0.821370822956129
"NCR1",0.821083805905804
"SRCIN1",0.820048659229517
"RNA5SP479",0.819737875405138
"STARD5",0.819636800846502
"LINC01973",0.819583549965337
"KIF5B",0.819574756833189
"DDX49",0.819569807306923
"JAZF1-AS1",0.819048528204235
"ZNF789",0.817837251709395
"RPL7P50",0.817218753800952
"CCDC22",0.81609775439803
"ZNF354B",0.815601921631423
"RPL10A",0.815015372907979
"DNAJC17",0.8147865968067
"GALNT1",0.814564973141133
"MANEA-DT",0.814168479197635
"RABAC1",0.814099656604925
"PRMT2",0.813591521485578
"RPL3P9",0.813475079283322
"TMPRSS11A",0.81323338724882
"MIR342",0.812608461895423
"CASC15",0.812298289949662
"MYO18B-AS1",0.812088136092009
"PACRG-AS3",0.811999144065312
"PPP3CA",0.810943054207371
"CADM4",0.810656278368503
"SHISA6",0.810378266287414
"MBD5",0.810048628022392
"NAPA-AS1",0.808416453789623
"DNAH14",0.808224899648802
"PRKCI",0.807956061555892
"CCNT2",0.807493832031508
"ACAD9",0.806679099064547
"SETD5",0.805632156951937
"PDC-AS1",0.805543456145657
"SNORD89",0.805536950701632
"NFATC4",0.805313271393452
"ZNF81",0.804555535656981
"FAM110A",0.804421377864126
"PRR19",0.80437880758741
"MIR3181",0.804161191883858
"EMC8",0.80353810684327
"CHIC2",0.802871102267669
"MPP7",0.802776594993075
"EIF2B1",0.802516874153398
"SCAF8",0.802271741448759
"ATP6V0D2",0.802118657777507
"RBSN",0.802082662418377
"UCP3",0.801508110468974
"PPT2-EGFL8",0.800759938906048
"CCDC146",0.800246819859928
"HMGCS1",0.799024412076109
"E2F3-IT1",0.798376096265382
"YTHDF1",0.798052256654765
"GLYCTK-AS1",0.797961850038442
"PRIM2",0.797924127322946
"ARG2",0.797653889613088
"HSFX3",0.797603182538509
"YWHAZP2",0.797105948561826
"JPX",0.797095446816172
"MT-TF",0.79672464120577
"IGLV2-23",0.795627777845234
"SMIM19",0.795389328643902
"RNU1-103P",0.794962917280127
"FRMD4A",0.794956693881483
"MIR4466",0.794575007678739
"SLC22A3",0.794493793670953
"UFL1",0.79435471363095
"INSIG2",0.794353061767001
"PSME4",0.794016027080008
"SULT4A1",0.793681288063166
"H2AB1",0.792375124574966
"FITM2",0.792229656367131
"ZNF277-AS1",0.791905928757933
"OR2T7",0.791859428075115
"ATF6B",0.791705382783869
"RPL7P9",0.791502321880862
"SLC25A1",0.791317429894834
"POLE2",0.790866348062385
"GRHL3-AS1",0.790795185125018
"MTCO1P46",0.790795185125018
"HSPA8P18",0.790795185125018
"ELL2P4",0.790131101663816
"ADGRF4",0.788929690959501
"PRDM1",0.788433285953074
"ARHGAP25",0.787582987048431
"FAM120AOS",0.787457359173416
"PLAAT2",0.787099923495253
"OR10AC1",0.786851655647749
"TUBAP11",0.786851655647749
"GUCY2C-AS1",0.786117432884758
"ARMH4",0.786074994918791
"C11orf42",0.785010602801568
"SLURP2",0.784873038963126
"REL-DT",0.784782170004186
"MROCKI",0.784144482830213
"PHF8",0.783883274277769
"USP5",0.783389706921695
"H4C13",0.7825487798029
"QDPR",0.782275299899678
"HSPA8P7",0.782006055093567
"CCL13",0.781996782863058
"CYTH2",0.78081921330538
"APPBP2",0.780637976145774
"ATP2A1-AS1",0.780326609636488
"ADCY5",0.778764612703073
"SLC7A5",0.778439427320477
"RNA5SP370",0.777793728527436
"STRN3",0.777220039376946
"MON2",0.776329274804387
"AP4E1",0.776301322012517
"HADHB",0.77593516840728
"MIR3939",0.775928422818394
"MPHOSPH8",0.774901261067258
"JAK1",0.77487840591439
"CCDC63",0.774587643393975
"IPO13",0.774433247272053
"IGHVII-28-1",0.774425045905828
"SUPT7L",0.77411995712985
"CD37",0.773267762252854
"ZNF638",0.772858638233657
"ZNF404",0.772523977409359
"MIR762",0.772493061513714
"PPM1G",0.772291742272769
"WASHC3",0.771615050931678
"GIT1",0.771496724604046
"KRCC1",0.770637384607816
"MXRA5",0.769818152379501
"KIF4A",0.769531070614522
"MYCBP",0.769145602232892
"FGFR4",0.769021940867818
"NFE2L2",0.768994081446183
"PLAC4",0.768009426657621
"HNRNPA3P12",0.765718628955907
"RPL21P75",0.765596001027392
"AKR7A2",0.765506871048919
"NPIPB9",0.764836169007408
"RNF5",0.764698866856614
"SPEN",0.764120579832767
"SLC16A8",0.763337587511283
"ARF1",0.76327020371029
"RNF216-IT1",0.761946057158767
"ATRAID",0.761724131839421
"AVPR1B",0.761649210361638
"CDK16",0.761099157698612
"PRKG1",0.760789256650414
"SAPCD2P3",0.759858801017367
"GPR183",0.758915983906382
"VEZT",0.758189234847825
"ABCF1",0.757201735082753
"DYNC2I2",0.756878896266566
"HMGN1P37",0.756701316249985
"ZFC3H1",0.756373588379105
"RBM22P12",0.755979871316766
"LINC02604",0.755794364136294
"H2BC12",0.754993486660195
"RNA5SP131",0.754900060788546
"SLC5A11",0.754532107191151
"TMEM175",0.753804508745423
"RPL6P2",0.753768197606756
"APBB1IP",0.75252704346533
"DNPH1",0.752460285117737
"ZNF888-AS1",0.751398218234434
"MIR628",0.750887217371396
"SHROOM4",0.75081148293244
"BMI1",0.750809762352164
"MTFMT",0.750489094728906
"ILRUNP1",0.7502553044325
"RPS6KA3",0.750056213538525
"INTS3",0.749153282405761
"IGHV3-52",0.748935313321606
"SELENOF",0.748541619025969
"ASXL3",0.748346028738049
"TARS2",0.748155437255698
"TROAP-AS1",0.748130588079005
"F2RL2",0.747661488701017
"SLC2A4RG",0.747164218654353
"RANBP1",0.746717864250145
"LINC00595",0.746655016557864
"MRPL22",0.746148264163781
"SGMS1",0.746043001642998
"ETFA",0.74590386198543
"EMC4",0.745740390259246
"HEATR4",0.745275314095401
"FNBP4",0.744794940144867
"SLC9A3-OT1",0.74477612455597
"LDB1",0.744124514305271
"LINC01141",0.744014744279788
"LRRC58",0.743956809872894
"ZNF707",0.743863983219865
"SLX1B-SULT1A4",0.743822930001277
"SCARF2",0.743526147020257
"GFAP",0.743509081258869
"RMEL3",0.743315869835259
"WDR5B",0.743160378103742
"C2orf15",0.741559254085604
"FBXO34-AS1",0.741299205557215
"AP1S3",0.741037689102649
"EPHA6",0.740566720337815
"LINC02846",0.740458972209035
"TXNDC11",0.740007844902187
"LSM12",0.738777219291303
"PHF23",0.738504877883761
"NOC4L",0.737888584982236
"C1DP1",0.737752789560993
"PCDH18",0.737508950149596
"LRRC63",0.737121386214753
"SFXN4",0.737051920630954
"LINC02822",0.736353347022692
"ITGB1BP1",0.736277634916998
"MIR4771-2",0.735790928904648
"ZDHHC24",0.735739318316553
"LINC01124",0.735101375203418
"CNTRL",0.735065227548125
"GAL",0.734963339228721
"RNF150",0.734423927489262
"THG1L",0.734408176371301
"FTSJ3",0.733654658242884
"EEF1A1P4",0.732589228988922
"FUBP3",0.731618834570057
"R3HDM1",0.731108669542577
"CAPZB",0.730584687744961
"PGK1",0.730485733034131
"PRH2",0.729963458611171
"BIRC3",0.729903056859076
"LINC01133",0.72962102520766
"PSG1",0.729501180119245
"DUOX1",0.729143799416265
"GCFC2",0.729019322497677
"POLR1H",0.72812621062887
"LINC01484",0.72733395924616
"ANGEL2",0.726550635020906
"MAP3K1",0.726500001966135
"ACOT8",0.726295835233821
"SMYD2",0.725936313667944
"ST3GAL6-AS1",0.725321032766462
"GPR137C",0.725307341956396
"RANBP1P1",0.725280883368372
"C14orf39",0.725254443600193
"ASPSCR1",0.724977790391937
"TRGJ1",0.724895307014206
"ATP6AP2",0.724053911488764
"WAC",0.723390655266541
"COX7A2L",0.722977770596566
"STEEP1",0.722793792773773
"SHMT1",0.722705293792173
"EXTL2",0.722617925204044
"PPIAP80",0.722483656150999
"RASA4DP",0.721852979425661
"ASCL5",0.721027732258307
"NME7",0.72036179214823
"CCDC82",0.720265793480716
"NEUROG1",0.71976933966445
"ASB10",0.71976933966445
"MYL7",0.71976933966445
"PWWP4",0.71976933966445
"AHCYP2",0.71976933966445
"LINC02691",0.71976933966445
"ABCB10P1",0.71976933966445
"HNRNPA1P71",0.71976933966445
"KRT40",0.71976933966445
"BNIP3P35",0.71976933966445
"TMEM221",0.71976933966445
"PEX7",0.719573053545217
"MIR4446",0.719321925509936
"RHBDF1",0.719256695792063
"SRM",0.719204082931687
"MIS18A",0.718810627846649
"PCGF7P",0.718507291083441
"POP4",0.71693617926927
"GREM2",0.716200204127544
"TBPL1",0.715987259686013
"BMP6",0.715694789914421
"TSPOAP1-AS1",0.713960273917765
"PICK1",0.713473708733315
"NDUFAF4P1",0.712131758892833
"OR4F2P",0.711381889079148
"ZBTB2",0.711166086643757
"NWD1",0.711017964078181
"EIF2AK1",0.710717939007172
"COL6A2",0.710383303598293
"PIP4P1",0.710118352075937
"SLC25A43",0.709032264183954
"MRPL2",0.708757399146432
"NTAN1",0.708531507107008
"PEX14",0.708447531167452
"TSR2",0.70734902671921
"RPL23AP3",0.707314714683103
"ADCY6",0.706958640964362
"PLCB1",0.706713874935423
"CROCCP4",0.706475907182639
"GRSF1",0.706110964046172
"RPL17P39",0.704935698031017
"RPL15P22",0.703966259075153
"CEBPG",0.703889535143849
"VASN",0.703858032205278
"PSMD8",0.703038850050373
"EOLA1-DT",0.702590255820541
"RPS12P17",0.702076028231518
"DNAJC19P2",0.70207108893285
"FLAD1",0.701992083977771
"SLC5A3",0.701901165884959
"CLXN",0.701727854683218
"UTP23",0.701441094488375
"LIX1L-AS1",0.701352871805442
"RGP1",0.701323712015195
"UBAP1",0.700689553636944
"MIR324",0.700060721425073
"RN7SL34P",0.699716386100667
"AKAP8",0.699373543908277
"ZNF397",0.699225116763174
"ALDOA",0.698930666833222
"SENP1",0.69892337260799
"SLC35E4",0.698689489189883
"LINC03033",0.698472583962038
"CEDORA",0.698326619469241
"UBOX5",0.697964424373653
"MCEE",0.697711217950607
"PTAR1",0.697700085524663
"SGSH",0.697444682369784
"CNOT3",0.697305206040312
"CDKL1",0.69728414715526
"MIR625",0.697069886462045
"NSD1",0.696476083373298
"RPL12P41",0.696414107308393
"MECR",0.696390965620388
"GPLD1",0.69623673657693
"YTHDF3",0.695753688629021
"OR52N4",0.69549290133005
"CHRM5",0.695431537527958
"OTULINL",0.695353097594953
"LINC02490",0.695057524243833
"THRB-AS2",0.694994239494275
"TMCO1",0.693910561457511
"RNU6-396P",0.693870816311357
"ZNF528-AS1",0.69270201175395
"PCMT1",0.692483077656778
"GCNT7",0.69235354437188
"LINC02227",0.691966424896907
"DHX40",0.691965705894208
"LINC00488",0.691708908525967
"LINC00958",0.690923744734712
"LINC01994",0.690384739748413
"EXOSC9",0.690313384897275
"UNC50",0.689626526492333
"DGCR6L",0.689542503540213
"EZH1",0.689529728274512
"RPL18A",0.689318223541651
"SLC22A18",0.68914271265507
"API5",0.688377987770627
"N4BP2L2-IT2",0.688135956382508
"UFSP2",0.688075628051054
"TRGV5",0.687731719692301
"ST7-OT4",0.686709591558983
"PHF1",0.686661181174224
"MESD",0.68602691480516
"EMC2",0.685924504483459
"RPL19",0.685710323897217
"TCN1",0.685587453986161
"TRGC1",0.685494214958963
"RTRAF",0.685183279559701
"DALRD3",0.685170057144198
"LINC00390",0.684917744732932
"POLL",0.68457092425632
"RARRES1",0.68403704430516
"NUDCD3",0.683871329804371
"LINC01898",0.683783035842786
"FAM133B",0.683434822047707
"OR7E21P",0.683215978702044
"MTMR9",0.683142305780705
"HEATR5A",0.6823242073422
"MIR3648-1",0.682230436049258
"FAM161B",0.681925434074873
"IGHV3-25",0.681492030936528
"RNF7",0.681431131365569
"FN3KRP",0.680907144024644
"LATS1",0.680613092826484
"CKAP5",0.680472640390583
"PLA2G12A",0.680039699565714
"CSNKA2IP",0.679855458817767
"ANKRD44",0.67983871539805
"HSFX4",0.679176603198276
"L3MBTL4",0.678663322504318
"MIS18BP1",0.677977620185789
"MT-TS2",0.67732497904498
"SEC13",0.677247644463752
"BMS1P20",0.676825714513992
"LINC00923",0.676821510004224
"PDE6D",0.676697420922233
"ZC3H6",0.676460642766658
"TRIP4",0.67644125168139
"FGF19",0.676260643237483
"TRAV34",0.676260643237483
"KLHL9",0.676100065380758
"DYNLRB2-AS1",0.675999287443893
"COQ4",0.675797494288372
"BLOC1S5",0.675795140228082
"MAGEF1",0.675543352009708
"COX16",0.675249091783463
"PPIHP1",0.67361316376844
"CACYBPP2",0.673360253736751
"GRIK4",0.673214408531202
"VSTM2L",0.673134751574721
"GNA15-DT",0.671911993152422
"SP3",0.671808308142778
"LINC01194",0.671800466894984
"POLR3B",0.671771717133001
"SNHG26",0.671585136709722
"SEC23B",0.670879054592418
"ROCK1",0.670658743828977
"VANGL2",0.670652631470146
"WDSUB1",0.670374433712485
"IGHV3-38",0.67036548605869
"SEC63",0.670044305489594
"TMEM178A",0.669979753437321
"WDR87",0.669739705194529
"RPS11P5",0.669506695566948
"GID8",0.669070229401968
"UBE2C",0.668952886311369
"HRCT1",0.668813258070754
"TIMM21",0.668620826558682
"TMX1P1",0.668371481364305
"CABP1-DT",0.668121538759924
"PDHX",0.667921248245795
"COQ8B",0.667840078275764
"PCGF3-AS1",0.667800466057151
"ZNF761",0.66737048622965
"YEATS2",0.66727596592796
"NUP43",0.66721407348183
"ZC3H4",0.665928803103103
"LINC01282",0.66470098577506
"CAP1P1",0.664563060823295
"SART1",0.664549008478581
"SP2-AS1",0.664250791817234
"PANX2",0.663736522949363
"AKAP11",0.663698023730647
"DCTN1-AS1",0.663362377330124
"ZNF429",0.663249823603325
"ALKBH6",0.66252587297729
"SHISA9",0.6624072685569
"NSL1",0.661975353694546
"TMEM183A",0.661783502172279
"SMYD4",0.661628183097555
"FSBP",0.661524532642241
"IGBP1",0.660364092145348
"HNRNPA1P39",0.660196765958467
"COPG1",0.659878241840938
"RNF114",0.659618513039428
"PEBP1P2",0.658885600254404
"WARS2",0.658533802674412
"XPA",0.658060287700598
"TRAJ7",0.657902300033439
"TNFSF4",0.657876577494242
"IKBIP",0.655479769885263
"LSM2",0.654786128793052
"PALS2",0.654621440691047
"MINCR",0.654369528274899
"GPATCH11",0.653962565835989
"PARD6G-AS1",0.653805814053272
"TMEM45B",0.653789013762134
"UBQLN4",0.653688916444124
"LINC02245",0.653577366099267
"PKN1",0.652760485931412
"ZNF124",0.652544008902861
"OSTF1",0.652502738801709
"RPS4XP7",0.652107827954344
"LUC7L",0.65190083533516
"KDM5A",0.651447689260325
"YOD1",0.650957805224753
"EIF3A",0.650722795433162
"ERAP2",0.650672286830545
"IMPA1",0.650261224572457
"SINHCAFP1",0.649753612077951
"PEG13",0.649612666135092
"CEACAM20",0.649088467420608
"DIPK1B",0.649053763035802
"MYOSLID",0.64900265069857
"AP2M1",0.648597033743128
"CMC2",0.648402427826886
"SCN2A",0.64798268146632
"LINC00623",0.647459985075764
"BGN",0.647282313377683
"MUC5AC",0.647007059877975
"DENND6A",0.645928043739231
"DCAKD",0.645753202590008
"VPS18",0.644866060717228
"SNHG29",0.644221407376481
"MRPS34",0.644125481801234
"TOMM5",0.644077869980504
"IGHV3OR16-7",0.643630810437194
"IRAK1BP1",0.642841179924006
"LZTFL1",0.642074011248539
"C1orf50",0.641383620939656
"IGLC6",0.640987130815033
"ARHGAP24",0.640918786877009
"TOLLIP",0.640778439637499
"ELK1P1",0.640665195582854
"NAV1",0.64038298909179
"ANO7",0.639897249129687
"UBL3",0.639417076247511
"MACF1",0.639306644087379
"HRNR",0.639168311588768
"PLK2",0.639080372836192
"RNU4-85P",0.638062572884284
"RPAIN",0.636807835023267
"PTPRR",0.635213673560955
"NFATC2IP-AS1",0.63486940584808
"IGLC7",0.634641134636774
"PRKCSH",0.634489321644011
"CDK2AP2",0.634430572988426
"ZDHHC8",0.634186842379397
"CERS2",0.633955265140361
"UTS2R",0.633777254082494
"VAV3",0.63372853847175
"ALKBH3",0.633395306801445
"MSANTD3",0.633344148670493
"FAM32A",0.633287519056536
"DHRS3",0.633203606334665
"KCNRG",0.633012607429848
"SZT2",0.632725272583274
"TBC1D8",0.632657555654079
"CHORDC1P5",0.632619722872419
"IL17D",0.632045456587851
"SYS1",0.631600594462404
"NPIPA2",0.631222373441186
"MT1X",0.630938157077132
"CPSF4L",0.63086695037564
"MYO18B",0.630328769932741
"RNF103",0.630134435455175
"LRRC8C",0.630091072490727
"LAMC1",0.629923669802307
"NDUFV1",0.6297718639718
"THOC3",0.629367272045615
"ZNF594",0.628808991847807
"LINC02054",0.628535740972361
"NVL",0.62849276187078
"PRELID3A",0.628458228580837
"EIF4G3",0.628346299730642
"PCOLCE-AS1",0.628160562500578
"VWC2",0.627958350066996
"VASH2",0.627875756413142
"CUX2",0.6277832506429
"DYRK3",0.627578191503859
"UFD1",0.627149855454762
"FH",0.626880539256703
"NFS1",0.626815438123281
"CNOT11",0.62635783681684
"MECP2",0.625882843646957
"C17orf113",0.625781587912323
"ABCC5-AS1",0.625726267841533
"ESD",0.625240284125254
"BVES",0.623849141868831
"SNX2P1",0.623806129850358
"HDAC4",0.622180431143793
"LIPI",0.621967033598725
"SNHG17",0.621476003559648
"C11orf58",0.621424376467579
"LRRC66",0.620534883902932
"PIAS2",0.620385353631835
"WDR12",0.619793130671693
"ZDHHC11",0.619486584102135
"SLC2A3",0.619453632506124
"CAPN9",0.61926308371398
"RHPN1-AS1",0.618897973818863
"PURA",0.617418056695065
"RNF216",0.616913146019619
"CD47",0.616787786551665
"FDX1",0.616261426999682
"RBM7",0.61606008753384
"UBN2",0.614487007033462
"PIGH",0.614472882083631
"TCF15",0.613351223506142
"SNORA74C-1",0.613300129875588
"SNRPA1P2",0.612943806919983
"PNLIPRP2",0.612672221731237
"YY1",0.612667996422453
"SELENOS",0.612468711965991
"RRM2",0.61173367576424
"HNRNPA1P38",0.611635394477758
"HRAS",0.611531961269414
"GBF1",0.61151414850107
"SCARNA18B",0.61140912163024
"DIPK1C",0.611191793391241
"NMRAL1",0.611020156558166
"HNRNPKP1",0.610683859469222
"TCF3",0.610663959800339
"TIMP3",0.610397711320207
"GLS",0.610228576231055
"CROCCP2",0.610068261149981
"ZNF653",0.6099376271799
"CKMT1A",0.609646567152459
"PLOD2",0.609313709954739
"CLASP2",0.609309686013553
"ARFGEF3",0.609283757854502
"TNKS1BP1",0.60911578990374
"ARAF",0.608766849028568
"OBI1",0.608655714802424
"OR2W6P",0.60862952368217
"BMP8A",0.608127909668591
"RPP14",0.608029502962758
"RPL23AP65",0.607927758851994
"SCN1A",0.607857864705109
"KMT2E-AS1",0.60736642030511
"HSF1",0.607325218126419
"KARS1",0.607253806163562
"EFCAB12",0.606840035826512
"PAX8",0.606330423977508
"TRADD",0.606253322659409
"CTAGE16P",0.605765958899995
"LUC7L2",0.605749828321745
"RGPD5",0.605680004638352
"HLA-G",0.605447817957175
"MRPS22",0.605078014718054
"TRIM7-AS2",0.605047187385644
"RLF",0.604220606602278
"RNF185",0.604045802427338
"HCG11",0.603014288313251
"OR2J3",0.602959883900516
"USP35",0.601550387051271
"TLCD4-RWDD3",0.601102676782285
"THBS4",0.600964301122898
"NXT2",0.600933943838733
"PHC1",0.600777247725343
"SULT1A2",0.60055202863534
"LINC03008",0.600485508102605
"EXOC5P1",0.599590802769053
"CCDC54-AS1",0.599580972364723
"MISFA",0.599467882084184
"LPCAT4",0.599392565303628
"FAXDC2",0.599178734366773
"PDS5B",0.598703353646629
"NUDT22",0.598583259329539
"SNORD38C",0.597883291010038
"PTGR2",0.597615437873968
"HSPA9P1",0.597462698310627
"SUZ12P1",0.597099801798694
"MED18",0.59697703971789
"DNAJC1",0.596476204326141
"LINC00668",0.596142665054021
"WDR11",0.596113510136559
"PALD1",0.595991551242616
"UNK",0.594331952863669
"LINC01679",0.59389105572465
"RNU6ATAC26P",0.593430916470481
"SPRYD3",0.592959969602951
"LINC00938",0.592925360102168
"DDX41",0.591798223658873
"GIT2",0.591606943121643
"ELOCP28",0.591577561075436
"DPM1",0.591266320216316
"ABCA10",0.58973946641557
"KAT7P1",0.589507106053291
"INTS8",0.589413399411919
"CWC27",0.589383064234671
"PGLS-DT",0.589323606743393
"LBX2",0.58919180851672
"GJA6P",0.589100370869987
"LINC02415",0.58904179049313
"KLHL32",0.588828129038264
"LINC02930",0.588437483975348
"ATAD3A",0.588390321921653
"NONO",0.587365699080124
"CELF1",0.587001532790242
"GLO1",0.586342823200331
"USP7",0.586305754165466
"PAQR4",0.586214019402655
"UNC45B",0.58542447877566
"EPN2",0.584925710027196
"SNHG21",0.584633895921201
"TPH2",0.58372749559532
"RAB6A",0.583446157166099
"VEZF1",0.581736838119414
"DNAJC7",0.581608115544904
"OR10K1",0.581571051834699
"TUBA3D",0.581339403465361
"RPL10P9",0.581195738053691
"SYT2",0.580875183855863
"RECQL",0.580809552227204
"ZNF487",0.580732559723497
"HNRNPM",0.580666527153803
"PLAGL2",0.580081197663508
"MIR644A",0.580073393200589
"TSPAN12",0.579693226296441
"LINC02864",0.578834755782593
"PPIAP20",0.578760613912947
"CDKN2AIPNL",0.578702831694689
"RALGPS2",0.578576749315527
"NECTIN3-AS1",0.578527909331144
"MED6",0.578427067148827
"CADPS2",0.577586225207777
"SHISA7",0.577517870844862
"MYH6",0.577061469207561
"MRPS17P1",0.576851293833549
"DDB1",0.576623485389962
"GGPS1",0.576414854025564
"NARF-AS2",0.576253722687502
"ADNP2",0.57574163608362
"CBX4",0.575229870727405
"MIR6817",0.575127054562965
"ASPHD1",0.575082731342059
"CPXM2",0.575053887444128
"ALAS1",0.575019383928647
"C12orf43",0.574312064160739
"MIR4537",0.574299644516169
"CRELD1",0.573684384181724
"CDC37",0.57355629574381
"LINC02641",0.573387497126456
"RSRC2",0.573220520241141
"RANBP3L",0.572199946141281
"LINC02623",0.572123806358759
"JAML",0.571429785317732
"ATAD1",0.571380283956889
"PILRB",0.571364423415514
"CRTC2",0.570145694052627
"HOXA-AS3",0.57000070058041
"DNAJC9-AS1",0.569937522983735
"RPS27A",0.569866226197079
"IGHV3-65",0.569228671917289
"OVCH1-AS1",0.569154386451478
"ERBIN",0.569153528816691
"NOP14",0.568877036508822
"MYCBP2-AS2",0.568499008823531
"TSPAN11-AS1",0.568300081902223
"SHANK2",0.568200043474954
"CACNG2",0.568200043474954
"YWHAH-AS1",0.567952615119713
"SEH1L",0.567939475293399
"PAQR5",0.56768735567308
"TINF2",0.567278360869822
"CFAP20DC-DT",0.566777514137466
"SNX29",0.566667512245641
"NOTCH2NLR",0.566641831324092
"MAPKAPK5P1",0.565720856191833
"ATP11B-DT",0.565415094225846
"EXOSC3P1",0.565389494324825
"SUZ12",0.564860716068505
"EIF3M",0.56479681244465
"RN7SL130P",0.56472880904409
"KCNA2",0.564666043534671
"RFLNB",0.564580998116286
"CENPN",0.56424528645366
"CSRP1",0.564231027941008
"RNA5SP39",0.563971694343668
"UBE2H-DT",0.563647765948206
"ANKHD1-EIF4EBP3",0.563231423402439
"CYP4F26P",0.563189162991112
"USP16",0.562990727411164
"CYLD",0.562855289404453
"UNC80",0.562514438881356
"NFYC",0.562269518831658
"TDRD6-AS1",0.562068336695105
"SLC19A1",0.561576339806497
"ACADVL",0.560927840325778
"LINC02681",0.560861077416428
"HS6ST1P1",0.560707579141923
"MFSD13A",0.560469344031238
"R3HCC1L",0.559356022116365
"UROC1",0.559336831752499
"GTF2IRD2",0.55907162616458
"TNNI1",0.558545876761919
"TEKT4P3",0.558545876761919
"SLC22A6",0.558545876761919
"PARM1-AS1",0.558339800321362
"PSRC1",0.557850832634793
"RNA5SP297",0.557625646794913
"KRBA2",0.557550400724578
"CAPN13",0.557549359116008
"DAP-DT",0.557419733197507
"MIR5001",0.556561690166455
"ZNF236-DT",0.555878751536125
"LINC02749",0.555731578100545
"ZMYM4-AS1",0.555551237880423
"SNX5",0.555430661829714
"PRODHLP",0.554907198731248
"RPL14P1",0.554820851332939
"MAPKBP1",0.55451783633826
"ZNF700",0.554448798704231
"FUZ",0.553894943987438
"DDX59",0.553878483530596
"LIMD1",0.553677038564247
"SYNGAP1",0.55349481493712
"GIMAP3P",0.553356043673443
"OSTC",0.5530709553773
"HNRNPR",0.552669316019976
"RFPL2",0.551394802762202
"ZFAT",0.55062603969555
"LINC02440",0.549905188214762
"GORASP1",0.549757124637658
"RPLP0P6",0.549739687570629
"IPO9",0.548871351253694
"SINHCAFP2",0.548706145032364
"GDF10",0.54854062633409
"NFKBIL1",0.547948474826786
"EIF1",0.547350199445611
"RNA5SP260",0.547129503836591
"BTF3-DT",0.547023556358254
"LINC02235",0.546576957728606
"LINC02101",0.545763036991449
"RFWD3",0.545621431700665
"FAM174A",0.545536048230834
"RNF187",0.54545054644665
"PSMD14",0.545181971558391
"RPL21P28",0.544036103201913
"SIPA1",0.543870495458985
"LINC01214",0.543699785471065
"ICE1",0.543503564993576
"COPG2IT1",0.543462348929396
"TSPAN11",0.543217958405779
"DDRGK1",0.542983023249257
"SYT1",0.542589539815756
"LINC03080",0.542451495580009
"KCNIP4",0.541968488694607
"AACS",0.5419482959676
"ZNF497-AS1",0.541499309258949
"ZNF19",0.540988336747557
"TRMT112P7",0.540861171059895
"SETX",0.540584985400958
"FOXN1",0.540569691611229
"GFUS",0.540517907820356
"PCOLCE2",0.539346296352174
"FAM170B",0.538262315258772
"SCN7A",0.538187602391517
"IFT43",0.537711522305895
"RPS29P14",0.537472882114355
"TMEM151A",0.536674734930418
"OFD1P17",0.53655242956695
"APEX2",0.536132400983551
"LIG3",0.535668236942263
"NME6",0.534799632909999
"UBE2V2",0.534709577971534
"LINC02762",0.534694426914067
"PUS1",0.53457422913732
"LINC01387",0.534485969346754
"SETP2",0.534296220602703
"NAB1",0.534254515270202
"PTCD1",0.534225460042352
"POLB",0.534085584043763
"GGTA2P",0.534005965866625
"GPC5-AS2",0.534005965866625
"TBC1D3F",0.534005965866625
"CYB561D1",0.533754730743804
"IGHV3-42",0.533742242190117
"GNPTAB",0.533590268013965
"STAG1",0.53306673467967
"LINC02301",0.533045477581815
"HDGFL2",0.533009406246528
"SLC12A5",0.532909188466842
"CENATAC",0.532230466273532
"OGFOD3",0.532074173140121
"SHFL",0.530501294540866
"HSPA8P1",0.530330548741167
"SRPRA",0.530186957322696
"ZSCAN2-AS1",0.529707965167532
"PNPLA7",0.529482659013586
"FEM1A",0.529439609668615
"SP100",0.528983627828153
"LINC00519",0.52891056262555
"FMR1-IT1",0.528895475526931
"CHCHD3P3",0.528709434794256
"IATPR",0.528073880221193
"RRP36",0.528032683646706
"DXO",0.528030776928203
"PROCA1",0.527207489726453
"LINC02743",0.526889737811013
"SCP2",0.526877798433407
"PDE1B",0.526682775726029
"DDX42",0.5263379816679
"CCDC65",0.526226792028706
"TMEM250",0.526104172293229
"NUDC",0.525324382323288
"ATP12A",0.525210973612542
"MAK16",0.525197796464146
"RN7SL364P",0.525066476632579
"CASP8",0.525034194736476
"NECTIN1",0.524862930301291
"SV2C",0.524273252435467
"CERNA3",0.524208019989782
"PWWP2A",0.523725670418408
"PRKCA",0.523600515832965
"PRKAB2",0.52318514583069
"PKD1P5",0.523068535415623
"IGHV3-73",0.523020987298144
"AMN",0.52291348652127
"LINC02352",0.522894850596016
"SLC9A9",0.522196487173371
"NPAS3",0.521866661001871
"PACS1",0.521673069894683
"DCAF8",0.521582378345617
"CDC16",0.521451305086832
"PIP4P2",0.521429222907887
"BSND",0.5211420189574
"LINC00163",0.5211420189574
"CIBAR1-DT",0.520609510391132
"MT-TQ",0.520364977241096
"TAS2R14",0.518790295680333
"NLGN3",0.518779220483575
"NAGPA",0.518625132352383
"SNORD70B",0.518611257794552
"LINC01968",0.518526045167322
"ADIPOR1",0.518466481481463
"HTRA2",0.518081822939801
"SUMO2",0.518078171890189
"CARMN",0.518062535057306
"DDX20P1",0.517869911727996
"PSMD7",0.517590648076931
"CHRD",0.517572602497915
"LINC01215",0.517494166357357
"PCDHB1",0.517085736566413
"METTL23",0.516893547938212
"FANCD2OS",0.516639741627998
"TIPIN",0.516627256856737
"TMEM139",0.51657545650301
"LINC03002",0.516326370347964
"ZMAT3",0.516171861368507
"TFDP1",0.515613068456892
"PPM1M",0.515129010325694
"WDR41",0.514482319465939
"TMED10",0.51373877772261
"COL5A1-AS1",0.513727323692024
"HHLA1",0.51355957725627
"ANO3-AS1",0.513499620710555
"LINC02074",0.513291803427151
"LRRIQ1",0.513251221580552
"PAK5",0.512758863204142
"ZNF24",0.512512690331015
"NCAN",0.512345789987652
"COQ5",0.512101718647117
"LEMD2",0.512028318318268
"CSN2",0.5120211870009
"R3HDM2-DT",0.5120211870009
"MSLNL",0.5120211870009
"VPS53",0.511742308212111
"ATPAF1",0.511571125017253
"MADD",0.511519149513612
"IGHV3-47",0.511265998071387
"RNU6-123P",0.510948030487613
"AIP",0.510556564556677
"RPF1",0.510199817950977
"EIF2S1",0.510046930415001
"DNAJC4",0.509465672310147
"CDK11B",0.509465515048062
"SQLE",0.509227999044444
"BNIPL",0.508859067464166
"SNORD121B",0.508837849041887
"ACAD11",0.508804127486707
"RRAGC-DT",0.507910537359444
"LRRC75A",0.507810543992106
"ZNF610",0.50700730705354
"RNU6-28P",0.506016816243939
"HCLS1",0.505919163844723
"SLX1A-SULT1A3",0.505622454427727
"ACAN",0.505399668367784
"RNF166",0.505285936086335
"ACKR3",0.504948041833218
"ADAMTSL2",0.504797531538116
"KRT18P11",0.504428015154257
"CKAP2L",0.504233912530525
"EIPR1",0.5041027387665
"HAGHL",0.504066629192461
"SCAPER",0.503999321055608
"TMED9",0.503915257414732
"KCNH7",0.503204328825211
"MT-TS1",0.50295830869714
"ACAT2",0.50290877765828
"LENG1",0.502792985074812
"TRAPPC8",0.502551202072976
"ID4",0.502476234410854
"STAG2",0.50225666417278
"CHD1",0.502009583234201
"KMT2B",0.50200610825875
"VPS13D",0.501969708734797
"TAX1BP1-AS1",0.501883645170514
"ABCB8",0.501875627188451
"TMEM191B",0.50180065121603
"HEY1",0.501521430835583
"TAF12",0.501007898882031
"UBR5",0.500923031000004
"MYL10",0.499881874993486
"SREBF2",0.49972498841652
"RNFT1-DT",0.499635060309463
"KRT18P9",0.499334782246668
"RAD21",0.499184530750554
"SLC7A3",0.498796000526174
"TMEM35A",0.498793798860513
"LINC01926",0.498664164597033
"PRAME",0.497412767565046
"ACLY",0.49727223514389
"AGAP2-AS1",0.496976005001185
"SDCBPP3",0.496895024917271
"VSIG10L2",0.496662403040843
"EPB41L4A",0.496495899089519
"BSG",0.496378964525157
"CCDC110",0.495701245060827
"FKBPL",0.495316181563362
"ENTPD5",0.49514002056819
"SCYL2P1",0.494630721694649
"MARK3",0.494393705440079
"SHARPIN",0.494334821789421
"CPT1C",0.494179796046533
"GTF2H2C",0.494125874797728
"LCMT1",0.493970227640376
"MRPS7",0.493758417568461
"THOC2",0.493749858086872
"LINC01666",0.493478473152186
"FBXW9",0.493348754120361
"CLVS1",0.493262369404276
"ACO2",0.493242594511153
"SPDL1",0.492164300727413
"TRIM60P14",0.491910545643118
"SNHG5",0.49185529918848
"CSNK2A2",0.491358460379066
"RPS27",0.491275847312997
"DCAF1",0.49118736519007
"TRMT2B",0.490651250579305
"EFCAB6",0.490230672281967
"B4GALNT2",0.490177867488105
"ITGA9-AS1",0.489905356078322
"WDR7",0.489681303646367
"NDUFV2-AS1",0.489548903938706
"SCAANT1",0.489535245397338
"ALDOB",0.489158352312833
"SLIT1",0.488743360375319
"ZBTB8B",0.488291040840653
"PTMA",0.488282111214411
"KDM2B",0.487970828992551
"DCAF11",0.487923273342293
"RNU6-451P",0.487483279621775
"DUS4L-BCAP29",0.487470257175777
"GABARAPL1-AS1",0.487461888558066
"LINC02764",0.487404493042493
"GOLT1B",0.486962306872881
"LINC02236",0.486834298960468
"NDUFAF4",0.48662732971797
"LINC01242",0.486248473673033
"MYH15",0.486131030853798
"LINC01579",0.485802040548336
"EPC2",0.485441614895834
"RNU6-268P",0.485317030444246
"HCG25",0.485207365159435
"MIA2",0.485169782248177
"GDPGP1",0.484591835115721
"CDRT4",0.484521079639806
"PCED1A",0.484169984672773
"DRICH1",0.483780642369602
"ZNF213",0.483403372586251
"RPS4XP22",0.483378232515788
"IGHJ3P",0.483044359452767
"SMR3A",0.482937123117262
"SLC25A53",0.482792249355156
"PHB1P15",0.482781920085064
"FOXJ2",0.482710786414646
"RARS1P1",0.482627855648065
"CHAF1A",0.482239101036816
"XIAP",0.482173421956456
"SQSTM1",0.48213502127832
"USH2A",0.481809321866968
"CNPPD1",0.481724170325027
"LINC-ROR",0.48168799088452
"C1orf131",0.480869242201125
"KHDC4",0.480670219303018
"RNU2-33P",0.480648418225719
"TAB2-AS1",0.480198613839878
"SELENOK",0.480104361576095
"FOXI3",0.47988180447201
"RNU4-24P",0.479636169774375
"ATG4B",0.479547048470268
"TUBA1A",0.479392247562196
"PDGFA-DT",0.478228523238606
"PIK3R4",0.47820366583583
"PIN1",0.478088273188945
"SEC31A",0.478074132574171
"TMEM100",0.478006083665076
"FOXRED2",0.477871198284773
"LRRN2",0.477712095112947
"TBCB",0.477355371411503
"OR14A16",0.477213857847996
"MDM2",0.476655198837221
"ZFPM2",0.475962220097403
"SLC30A6",0.475636519719756
"ADNP-AS1",0.475556316497011
"DEPTOR",0.475382490347233
"SLCO2A1",0.474897126645255
"NDUFA10",0.474351246992225
"EFHC2",0.474306094198493
"TMCC1P1",0.474277906901429
"CDK2",0.474057557815962
"ZWILCH",0.47405134710352
"MT-TP",0.473967710354667
"FOXK2",0.473751791169545
"CDC42EP3-AS1",0.473586205319728
"TALAM1",0.473318443835941
"FRMPD3",0.47313490171493
"SMIM3",0.473081475570198
"ST8SIA4",0.472979295584036
"MRPS15",0.472780058559346
"IGKV1D-33",0.472683299790719
"MIR4511",0.472329946593081
"HEXD",0.471599045088893
"AKIP1",0.471057391726112
"PPP1R16A",0.470436710692628
"DPP8",0.470361296769417
"RPL21P97",0.470336284673766
"HCG27",0.469879290139695
"NOP16",0.468615043891959
"MTMR12",0.468461964843864
"C17orf75",0.467820574965283
"TOR1A",0.467448249295086
"COMMD5",0.467391329828006
"DM1-AS",0.46732148063268
"ADAMTS9-AS2",0.466891858357733
"EXOC5",0.466683932224674
"GNRHR2P1",0.466592080198017
"PTPRD",0.466041467945832
"CLHC1",0.465940967808695
"ZNF101P1",0.465411401954401
"ST13P19",0.465383885086212
"LINC00608",0.465055914278823
"STUB1",0.464755819548486
"MTFR1L",0.464429918780071
"ZNF362",0.464424109840554
"CCPG1",0.464332462912046
"PLEK2",0.463887994086598
"POLR2H",0.46342533742735
"CASC9",0.463236750313801
"TM9SF4",0.462746791290869
"SND1-IT1",0.462374375670126
"GPR20",0.46204051229091
"COX15",0.461928935374419
"CPSF2",0.4615194377047
"PTGR3",0.461510651117889
"RNY3P12",0.461066834851738
"SPDYE2",0.460825240408069
"EFCAB15P",0.460514042097137
"TMEM50A",0.459692354831519
"SLC30A7",0.458956555687955
"SNAPIN",0.458886349698514
"LINC01607",0.458671107379279
"CCDC7",0.458637945019498
"KDM2A",0.458528563486186
"LPXN",0.458371153619106
"TLN2",0.45800015650673
"KMT5A",0.457979040852289
"DOP1A",0.457604275413604
"ACAA2",0.457485852291476
"RRM1-AS1",0.457142833179102
"ASL",0.456701509668321
"EHD2",0.456132493369297
"CTAGE10P",0.454742703016578
"CHD6",0.454486065812861
"EP300-AS1",0.45433831225939
"TAF5L",0.454304763279328
"RPS2P46",0.454288817835613
"VAV1",0.454036093206326
"ST13",0.454033656863086
"CELA1",0.45395603822345
"LINC00410",0.453740820401583
"CD53",0.453560127904531
"CCT6A",0.453469945102753
"TERF1P4",0.453402934753325
"TMEM213",0.452768211781361
"DET1",0.452741875326072
"LINC01589",0.452301744535706
"AGMO",0.452198213968617
"ADIRF",0.452130765675615
"C1orf35",0.452090530007781
"FCHSD1",0.451788014898563
"B2M",0.451694211675843
"CAT",0.451160469995206
"CFAP410",0.450889006403235
"RN7SL660P",0.450453970880329
"IGKV1-27",0.450404605463033
"EMG1",0.45014219079284
"FANCA",0.449433881963434
"MDH2",0.449097090514713
"CICP5",0.44908430844641
"UPF3AP2",0.448842352333168
"STEAP2",0.448790754012654
"CFAP126",0.448764510113216
"KIAA1549",0.448673870240201
"PRPF3",0.448541164076355
"BZW2",0.448287876924444
"IPO9-AS1",0.448142274814399
"FBXO16",0.447506805609597
"YBX2",0.44746409604822
"MRPL30",0.447439859100612
"RPSAP17",0.447287183716418
"PPP1CC",0.446526051410452
"CD34",0.446174667955938
"UBE2V2P4",0.445391389418949
"DMRTC2",0.445331902253959
"APIP",0.444698817915904
"HSPA8P14",0.444531207068673
"NSUN4",0.444264082804155
"TATDN1",0.444107462496934
"RHCE",0.444066316281235
"NR4A2",0.44328889096382
"SLC39A10",0.44326686975759
"RN7SL656P",0.442971908912811
"PPP1R13B-DT",0.442592263081804
"RAB3GAP2",0.442117200379657
"SETD4",0.442076786285553
"SEC11C",0.442009911560315
"SNORA69",0.441716632284714
"KIF1A",0.441430808819077
"HSPBP1",0.44080908870144
"ISCA1P6",0.440692707092255
"LINC00504",0.440237387831595
"ZNF285",0.440191616494905
"WNT2B",0.439944733408987
"TARID",0.439903327716703
"TK1",0.439724542737725
"BTD",0.43970479773056
"TMCO4",0.439100216051004
"MIR4644",0.438970414814407
"CCDC6",0.438898628300112
"GORAB-AS1",0.438225051153711
"PRPF40A",0.437539967049957
"SULF1",0.437064195713181
"RBM17",0.436488367318546
"RNF122",0.436460194338728
"PAPOLA",0.436423628119093
"SMCO1",0.436248259995584
"TPM3P1",0.435869160637428
"ATP13A5",0.435850503706215
"LINC00396",0.435760462672393
"ATP8B4",0.43528427729319
"SLC26A8",0.435190430441706
"SMAD2",0.434976871929643
"NOL6",0.434928198922844
"FTH1P24",0.43454359144775
"MIR1184-3",0.434495636017627
"HMGN2P20",0.434195115004421
"TMEM163",0.433946518625657
"EIF2A",0.433761112927754
"MYL12A",0.433351937115897
"NYAP2",0.433172437347691
"ATRN",0.432928070227871
"PSMG1",0.432498554196615
"ARLNC1",0.432256635634296
"DPCD",0.431462453487477
"TRAF3",0.431454794253533
"MAP1S",0.43145044472057
"CNN2P11",0.43117222552671
"REG4",0.431081872431347
"LPCAT3",0.430634182983165
"DMC1",0.430581711036599
"USP15",0.429696284770368
"RNU6ATAC39P",0.429489920306945
"SPECC1L",0.429257831288971
"NRBF2",0.428839345226572
"ENOX2",0.428695597842865
"GTF2H4",0.428553065435113
"CFAP144",0.428372299412069
"MYO16",0.42823611941742
"RSF1",0.427894452903068
"LINC01811",0.427839560783841
"RNA5SP493",0.427566750431824
"CNTNAP2-AS1",0.427478365515903
"PTP4A2",0.42729253322149
"PARP4",0.426952720709844
"RNU6-1164P",0.426906289750399
"MT1F",0.426888567999802
"HSD17B11",0.42677308374492
"GADD45G",0.425847610181446
"ZNG1C",0.425799253522718
"MIR199A1",0.425765864474029
"ANKRD49",0.425756521290929
"FKBP4P6",0.425619729012991
"HECTD3",0.42535085680177
"TGM7",0.42523582360846
"PPP1R10",0.425159307347883
"H3C10",0.42482716691175
"PIK3IP1-DT",0.424745217053077
"BRD9",0.423802316084558
"TBX15",0.423444351146012
"RPP30",0.422745990057185
"H2AZ2",0.422666706551741
"PUM3",0.422664621162926
"COG5",0.42247203621721
"PEX10",0.422249920724354
"LINC02646",0.422241221300859
"ASB1",0.421742034133775
"DFFA",0.421713256419371
"RNU6-1100P",0.421510457916164
"GABARAPL2",0.421354026557668
"TMEM39B",0.421140604595255
"BRI3BP",0.420985029125311
"DDX19A",0.420697104218496
"SNRK",0.42047451206129
"RPL7P1",0.420314835531866
"DSTN",0.42026879275984
"ALOX15B",0.419815953487297
"GH1",0.419605473893895
"DDX23",0.419524338577826
"MIR8071-1",0.41933108680785
"RN7SL270P",0.419266888979314
"TRIAP1",0.418898979529273
"ATP2C2",0.418760425134003
"CBR4",0.417971186985092
"HS3ST3B1",0.417666097123403
"MIR548AA2",0.417505058241583
"ZNF460-AS1",0.417457684503904
"LINC01777",0.417116104525576
"AFAP1L1",0.417064089653377
"SNORD19C",0.416284438795406
"DDX1",0.41599994306188
"EIF1B",0.415928646131165
"KIF2B",0.415884512882556
"PRDM7",0.415856774455748
"ZG16",0.41566906251868
"MACROD1",0.415606107741158
"G2E3",0.41552818250091
"FBXO25",0.415505849838891
"DUSP8P5",0.415324966273611
"LCOR",0.415234192669893
"QRSL1",0.41503087947496
"NDUFA5P11",0.414926607242723
"SCYGR10",0.414676002125076
"TRIM46",0.414549685892464
"PUSL1",0.414503660058168
"TBC1D28",0.414298397849484
"SNRNP70",0.414032026717163
"BMS1P14",0.413918124942642
"RPSAP55",0.413876629518026
"MAP3K19",0.413725470000176
"DPP9",0.413584172119043
"RNU6ATAC29P",0.412913990844368
"APH1A",0.41227362010549
"PSMA1",0.411540683216427
"CPT1B",0.411205609582807
"WIPF2",0.4109611643991
"NCOA4P4",0.410793227148297
"ARHGEF5",0.410414433359394
"RBFOX1",0.409188822587707
"RNVU1-7",0.409150977039778
"RABEPK",0.409043270101963
"PITPNM1",0.408906765821282
"KNTC1",0.408897593801722
"PDCL3P3",0.408529323744167
"SETP22",0.408448729743755
"OCLN",0.408047542748288
"MREG",0.408003316108585
"IFRD2",0.407617760914649
"HAGH",0.407402461226487
"ISG20",0.407228725189972
"LINC00216",0.406762961873085
"LYPLA2",0.406719043907274
"FICD",0.406626498538237
"RNU6-565P",0.406293253387643
"CYB5R2",0.406097722795846
"CDH17",0.405819641319992
"RFXANK",0.405710592749975
"NPFF",0.405475770557948
"ITGA2B",0.405425649415984
"MRPS23",0.405052179796448
"C8orf58",0.404631220412135
"MAP2K1",0.404308589274754
"FABP5",0.404137355845255
"ZNF215",0.403947509518527
"SGF29",0.403912751472036
"RUSF1",0.403327497917818
"RPL7P22",0.403219880401014
"SFMBT2",0.403115821110468
"CFAP65",0.40254566417568
"KTN1",0.401054891132003
"PPP1R2B",0.400762574710728
"TM2D2",0.399768669287472
"APTR",0.399457880590535
"LINC01605",0.399074558873347
"SLC25A33",0.398864500274525
"PRSS2",0.398646383883978
"SOD1P3",0.398318533057157
"PRKX-AS1",0.398260990511384
"HSPD1P2",0.397751253882927
"MIR4500HG",0.397741935813615
"MTND2P28",0.397672748228747
"UBE2V1P5",0.397527518286595
"NAA80",0.397183707667704
"SYNJ1",0.397020784089361
"ETFRF1",0.396799700243672
"GAR1",0.396614574023916
"AFF1",0.39650849670549
"PLPBP",0.396293025888733
"CLIP4",0.396143972015535
"NFATC1",0.395884294457124
"TANGO6",0.395610891721511
"ANGPTL7",0.395467502072805
"YWHAZP6",0.395464939675659
"LMF2",0.394439808172113
"LINC01806",0.393834372411708
"ADAMTS7",0.393486886256245
"XBP1",0.393431707193661
"PET100P1",0.393129726897072
"TMEM185B",0.393039899891967
"HNRNPH3",0.3922494401493
"CFAP68",0.392241529367335
"SHANK3",0.392045080079946
"FDPSP2",0.391916980834283
"RPS2P53",0.391693754062533
"LINC01019",0.391436732814329
"TRIM40",0.391043233811613
"NLE1",0.390904655170859
"RGS3",0.390707222125694
"MAPK4",0.389817637531131
"TXNDC15",0.389605526372305
"DUTP8",0.389508347865706
"KRT8P43",0.389508347865706
"QTRT1P1",0.389508347865706
"SPDYC",0.389508347865706
"LINC00547",0.389508347865706
"CCDC116",0.389508347865706
"GABPA",0.389488165907391
"KCTD21",0.389297895351746
"TSPAN10",0.388832623055252
"MCM2",0.388151067585489
"HDAC7",0.38801551601237
"BCL11A",0.387949998563332
"ENAM",0.38781754668112
"PTPN23-DT",0.387677495830933
"TUSC3",0.387492528619972
"CD2BP2",0.387373738059925
"CISD2",0.387339439767123
"CHMP2B",0.387106857152708
"SERPINA10",0.3870825537158
"RNU6-501P",0.386743627454235
"TMX1P2",0.386743627454235
"RNA5SP328",0.386743627454235
"RNU5F-3P",0.386743627454235
"EDC3",0.386705612751803
"NEPRO",0.386462252845877
"LINC00589",0.386403920117675
"TAGAP",0.386285391163637
"ADGRE5",0.38605570956783
"LHFPL1",0.385496616071716
"GOLGA6C",0.385496616071716
"ACCS",0.385410899955778
"PRICKLE3",0.385365039317544
"LYPD1",0.385348565809994
"LMTK2",0.38493745521485
"PEPD",0.38465659417439
"ENSA",0.384133964998014
"WDR31",0.383951816559347
"PAXBP1",0.383661906545783
"GMPR2",0.383622818119072
"RWDD2B",0.38295422842509
"ZNF354A",0.382878297014521
"ANGPTL2",0.382455457073133
"FRS2",0.382364477439219
"SAMD5",0.382304227358903
"CHPT1",0.382295849002792
"LHX6",0.382294226091158
"KRT80",0.382140464184024
"PHKB",0.381957188007204
"OTP",0.381906766775416
"DSTNP1",0.381779645453883
"LINC02004",0.381621085590658
"ESYT3",0.381424689044025
"MIR15B",0.38138209935075
"IFT88",0.38083735895656
"HSPD1P5",0.380662911649347
"TM4SF20",0.380556259999423
"TCP1P1",0.380401387986723
"FLG",0.380385414038551
"UBE2K",0.380307946123481
"PPM1B",0.379964855620836
"PLA2G5",0.379593850708654
"RPEP4",0.379325735268658
"LETR1",0.379208381811467
"GPR78",0.379148591202667
"DOCK11P1",0.379148591202667
"CENPCP1",0.379011555784337
"SLC12A6",0.378863525092159
"ENTPD3",0.378590887584294
"LINC01845",0.378583284381281
"RPL3P1",0.378526819818193
"RPL7P23",0.378206276429942
"PHACTR4",0.378161207796391
"CPNE5",0.377897402569193
"NAAA",0.377863935071383
"AGPAT1",0.377594971342415
"GREP1",0.37690598345501
"COL9A1",0.376702681614112
"PRPF39",0.37583337451376
"JAKMIP2-AS1",0.375817385058957
"NLRP5",0.375774497563129
"H4C6",0.375566535476795
"IDH2-DT",0.375514294566696
"LMX1B",0.375415787431609
"C1orf122",0.375147733292617
"CD207",0.375028438796038
"SSPN",0.374963622810047
"IGHV3-6",0.374909908643129
"LINC00320",0.374745610621039
"GRIA4",0.374553023714312
"LIMASI",0.374465033445832
"GAS1",0.374452686206697
"GABRA2",0.374438647516181
"SULT1A3",0.373716452261756
"POLA1",0.373700579026675
"GALNS",0.373412116833675
"RBMXP5",0.373329953948279
"LINC00863",0.373273113330085
"GRM5-AS1",0.373155372747302
"ZCCHC3",0.373056483802546
"RPL12P30",0.372376028720366
"TESK1",0.371976459348212
"SCNM1",0.371785291598913
"TWNK",0.371708202147072
"RPAP2P1",0.371616264364031
"ZMYM4",0.371546094965456
"SRPX2",0.371385811586089
"GMCL2",0.371256560880841
"CYP19A1",0.371002011056034
"RPL32P16",0.370924692119289
"YIPF7",0.370678569854056
"NFIA-AS2",0.370636720300373
"MTRES1P2",0.3705207487238
"PRMT5-AS1",0.370456134190624
"FGF14",0.370419587879753
"RC3H2",0.370326519450506
"CDH3-AS1",0.370027322898187
"FOLH1",0.370019234176372
"EIF4A1P8",0.369840555109542
"BRD4",0.369774245238255
"MRPL36",0.369266836144268
"KY",0.369016560757524
"CA4",0.368753361103082
"ITFG2-AS1",0.368530563917848
"CROT",0.368454484901281
"FBXW5",0.368253382130322
"FNDC5",0.367903095759484
"ALPP",0.367903095759484
"MIR153-1",0.367903095759484
"PRDX3P4",0.367903095759484
"ZNF311",0.367903095759484
"OR13C4",0.367903095759484
"FAM163B",0.367903095759484
"OR5M1",0.367903095759484
"CYP2C18",0.367903095759484
"RANBP20P",0.367903095759484
"LINC02300",0.367903095759484
"LINC02875",0.367903095759484
"PTH2",0.367903095759484
"PNPLA5",0.367903095759484
"GAB4",0.367903095759484
"SCAMP4",0.367813259841245
"SYT9",0.367607926585344
"ATXN8OS",0.367526005409998
"RNU7-13P",0.367421725637285
"PAFAH1B1",0.367031668742927
"RAET1E",0.366881037306618
"PRSS59P",0.366800458265165
"TEN1",0.366800458265165
"NTPCR",0.366509907897557
"L3MBTL1",0.366413735311922
"RPL12P46",0.366061048454734
"KRAS",0.365980121749204
"PLEKHH1",0.365967195449387
"EIF2D",0.365899540175559
"MAPK6P6",0.365880729940659
"ASIP",0.365721276116314
"TMUB2",0.365668852722278
"GAPDHP66",0.365559500217685
"SNX1",0.365084840720106
"RN7SL55P",0.365075404554525
"YIF1A",0.364874761372484
"LZTR1",0.36453479880417
"MIR4507",0.364140599517444
"RAMACL",0.363972847970163
"PGR",0.36386592015652
"LGSN",0.363596444428864
"PDE11A",0.362636615622622
"LINC01606",0.362299574820246
"POP7",0.361872143057874
"SLC16A9",0.361581100359702
"LRP10",0.361430369835454
"BET1L",0.36129287737537
"SLC2A7",0.361231210875335
"NCKAP1",0.360766404921781
"DPF1",0.360282130403735
"NECAB2",0.359901850625884
"SYTL4",0.359679741555676
"ZNRD2",0.359449966788503
"TEX13C",0.359323516424761
"DDI2",0.35930114587701
"RBM12B-DT",0.359294051097094
"IRF2",0.359155487514727
"LINC02334",0.358633476904123
"SMARCE1P2",0.358455250893221
"ANAPC13",0.358343677357102
"MIR99AHG",0.358262992337435
"XRCC4",0.358164764724256
"WSB2",0.358155083000173
"INO80C",0.357794192328419
"PRICKLE2-DT",0.357576916926531
"SNAPC1",0.357056179270129
"LINC02292",0.356863105534243
"FRMPD2",0.356724503361239
"PHB1P14",0.356536752256899
"GLIS2",0.356445990626768
"GML",0.356412679293891
"RNU6-1203P",0.356367954529902
"FGD5",0.356367759550464
"H2AC11",0.356221172526531
"STOM",0.356078091707365
"RNU6-388P",0.356036884364942
"BCL2L12",0.355607428728783
"MTND6P29",0.35553769144245
"SRSF1",0.355414078584165
"WDR90",0.355408900963157
"LINC02982",0.355091134995123
"CYP4F11",0.354980542645789
"TTLL8",0.354764953475589
"HMCN2",0.354492200524791
"SKIL",0.354279546580905
"SLC1A4",0.354151516676688
"WNT9A",0.354131841667422
"CCT8L1P",0.354131841667422
"NXNL2",0.354131841667422
"LHX1-DT",0.354131841667422
"F11R",0.353926190508418
"AFTPH",0.353698901864713
"GDNF-AS1",0.353531177012056
"LINC01210",0.353159553500487
"RFPL3",0.353159553500487
"CACNA1B",0.353020364867891
"DRD3",0.352579505637755
"EP300",0.352549966377615
"LINC02000",0.352240796201949
"SEPTIN14P4",0.351967905102287
"CBX2",0.351756051334202
"TMEM170A",0.351642963607261
"SPCS3-AS1",0.351044896059582
"TCP1P3",0.350456549262739
"MIR301A",0.350136795790355
"OR7E157P",0.349969351678089
"CST1",0.349860395975963
"MAP3K5-AS2",0.349818403481942
"CS",0.349479278802801
"CPN2",0.349367132947323
"FAM78A",0.349231712906116
"PIGG",0.349151172040933
"OR4K2",0.34914399497875
"C4A",0.349132543240934
"PSMC2P1",0.348765101441003
"LINC02370",0.348670890493062
"ARL8BP1",0.348489204028646
"SLC5A12",0.348229198949435
"FARSA-AS1",0.348206033140438
"LINC02587",0.348037147890261
"EPX",0.347788544113206
"DANT1",0.347596282860427
"VPS13C",0.347404359356064
"RPS27AP5",0.34731096392791
"NUAK1",0.347246622815244
"SNRPEP2",0.347074190917707
"ZC3H18",0.346854403953749
"NOVA2",0.346622604139665
"RNFT1P2",0.346447668464775
"REXO4",0.346264173278674
"RNPEPL1",0.345974280449362
"BUD31",0.345793697148737
"MAML1",0.345443636114698
"BNIP3P10",0.345343420327558
"ALG11",0.345282328169353
"MIR762HG",0.34527054869556
"BRCA1P1",0.345082122674929
"LINC02067",0.3448183576098
"B3GNT3",0.344419889355284
"PARK7",0.34426823218646
"ZBED5-AS1",0.34421824232118
"CREG2",0.343679210969887
"TAP1",0.343483677097802
"PPP1CA",0.343029892481838
"TRIM22",0.343023515604036
"NPIPB6",0.342999485900797
"LINC02066",0.342910600275166
"MED27",0.342790331773105
"ZNF277",0.34265705486476
"SLC41A2",0.342156543691007
"ZNF615",0.341758570264807
"LINC02884",0.341486294019937
"FOXC2",0.341464429701709
"NIPSNAP3A",0.341308748260966
"HELZ-AS1",0.341021721160863
"ARC",0.34094436246325
"PITX2",0.340934800029572
"NETO2",0.340836416630714
"RPL17P36",0.340749333558861
"SGPL1",0.340746121484042
"IGHVIII-2-1",0.340436575108309
"LNX1-AS2",0.340356506726128
"SLC9B1",0.340264505278955
"KLK2",0.340260463944704
"UBE2J2",0.340181147840404
"HPCAL1",0.339968751628349
"TLK1P1",0.339826457862949
"SMG6",0.339680711967787
"ZFP36",0.339667998933618
"OR3D1P",0.339564485227839
"LACTBL1",0.339564485227839
"SPATA42",0.339564485227839
"REG3A",0.339564485227839
"HINT2P1",0.339564485227839
"EIF4E2P2",0.339564485227839
"CLRN1",0.339564485227839
"PES1P1",0.339564485227839
"ADRA1B",0.339564485227839
"RNU6-456P",0.339564485227839
"LINC01843",0.339564485227839
"MTND2P4",0.339564485227839
"DCAF8L1",0.339564485227839
"CROCCP1",0.339564485227839
"FBLIM1P1",0.339564485227839
"CYP11B1",0.339564485227839
"CCDC166",0.339564485227839
"OR10D3",0.339564485227839
"LINC02702",0.339564485227839
"TMEM26",0.339564485227839
"LINC01404",0.339564485227839
"GALNT9-AS1",0.339564485227839
"IGHVIII-26-1",0.339564485227839
"PSMB11",0.339564485227839
"GABRA5",0.339564485227839
"ASXL3-DT",0.339564485227839
"LINC03125",0.339564485227839
"SIGLEC20P",0.339564485227839
"USP29",0.339564485227839
"FAM197Y1",0.339564485227839
"CLDN17",0.339564485227839
"ECSIT",0.339149157897467
"SBF1P1",0.33883423252447
"SCOC",0.338798562488791
"RNF144A",0.338790706116943
"LINC01442",0.338648710720285
"RNU6-613P",0.338469660608866
"NUDT18",0.338463173058519
"DMAC2L",0.338358774245777
"EFCAB9",0.338097138930415
"PLCZ1",0.3380965114706
"ITPR2-AS1",0.337968989571365
"RRP1B",0.337837527891937
"CBLN2",0.3376376935907
"MIR5194",0.337493659020374
"PSMD9",0.337465646303015
"OR2G6",0.337381484567964
"BBOX1-AS1",0.337317935891778
"PGBD1",0.336647247838326
"STT3B",0.336614898009174
"SUN1",0.336519187633543
"WDR59",0.336420809443629
"LINC01790",0.336362422502179
"ADRM1",0.336274721068892
"FKBP6",0.336127191008267
"ELAVL1",0.33583867865912
"MAOA",0.335669750894431
"AP4M1",0.335332136598911
"ORC3",0.335288099241538
"WWP1P1",0.334560723476953
"TONSL",0.334509303710037
"TXNRD2",0.334145840764301
"MAGEE2",0.333985955215062
"RBM8A",0.333789271238717
"OSBPL10",0.333655633688887
"MBTD1",0.33317566017305
"ST8SIA3",0.333031900577943
"EIF3B",0.332953349428986
"TMEM230",0.332940075245183
"GPR12",0.33272420108843
"RTTN",0.332714426883748
"RAET1L",0.33260955753933
"IGBP1-AS2",0.332546659732466
"UBE2V1P2",0.332367420483805
"TAFA3",0.332172177733256
"CHMP3-AS1",0.332151897828667
"PECR",0.332125937876143
"ZCCHC24",0.332009118356727
"RBBP6",0.331393255224471
"PCGF3",0.331348361179434
"NAA60",0.331021729222621
"ZSWIM8-AS1",0.330735369096691
"PTPN9",0.3306106408176
"FBXO3-DT",0.330342262044555
"CCDC59",0.33030331950342
"MMP25",0.329592332030126
"SPRY4-AS1",0.329481404597645
"ZNF619",0.329312703035693
"MIR4323",0.329190409325936
"MRPL55",0.329148375044334
"STAT3",0.329118442265087
"HMGXB4",0.329055346195759
"SGK2",0.328800562054795
"CARMIL3",0.328793819069553
"ADCY4",0.328628864880287
"SLC33A1",0.328475371757717
"SLC35A5",0.328449487555267
"PIK3CD",0.328419408611071
"SPDYE1",0.328357319616259
"UTP6",0.328267160585067
"VPS13B-DT",0.328108034446049
"NAXE",0.327575795499746
"CICP16",0.32756396683772
"CCT6P1",0.327364087603198
"RN7SKP143",0.327364087603198
"SYVN1",0.327314983516771
"INPP5D",0.326909134246235
"PROSER1",0.32685789806802
"PDGFRL2P",0.326297171213306
"GSTM5",0.32623698621682
"PLP2",0.325953689158439
"TMEM145",0.325153981255144
"GPAA1",0.32514263248067
"COPS5",0.325104939486368
"FAM8A1",0.324963274291905
"GAGE10",0.324912264683475
"KIRREL3",0.324897395229177
"EBF2",0.324838112325016
"HNRNPA3P1",0.324659920219739
"HMGN1P4",0.324382830733021
"RPS7P15",0.324373037517283
"RPS11",0.324298562019589
"UGGT1",0.324171615118887
"ZNF576",0.323808312153108
"RNU6-625P",0.32376166724508
"EEF1B2",0.323494732514078
"AVPI1",0.323468205348034
"PGBD5",0.323384068900542
"RN7SL237P",0.323177556933899
"LINC01530",0.322777838467978
"STMP1",0.322412414028581
"MYL12-AS1",0.322231151006356
"NAA20",0.322123001230251
"TOX4",0.322046307348254
"EPHA3",0.32173046050793
"CALHM1",0.321689731739258
"RNU6-1089P",0.321685229205144
"RPL13P8",0.321685229205144
"IGHV3OR16-11",0.321685229205144
"LINC01565",0.321611285871138
"ACSBG1",0.321297879316426
"ZMYND15",0.321254061062733
"TMX3",0.321124081254848
"RBMS1",0.321009890151137
"LINC02064",0.320978547871234
"OR7E12P",0.319995454846898
"ARHGAP5-AS1",0.319995454846898
"PRRC1",0.3199573511677
"CRMA",0.319675490712106
"IDH3B",0.318767344691051
"TRIR",0.318720171033011
"GLUD1",0.318543991646241
"MIR320E",0.317994075628669
"ERGIC3",0.317700965768154
"SPOCK3",0.316932893766855
"SCAP",0.316530057309059
"C20orf203",0.316474667177932
"MIOX",0.316391742610475
"KLHDC4",0.316008615226824
"C6orf89",0.315873122788106
"GLT8D2",0.315760789724105
"SERINC4",0.314973921251387
"PSMA5",0.314828072661688
"NDUFA8",0.314777887712793
"IFT25",0.314546103707468
"ATXN7L1",0.313685527043251
"SMAD5",0.313605853543297
"SEC24B",0.313259066112116
"LINC01931",0.313214455841961
"BBOF1",0.313083083667357
"FANCD2P2",0.312888412830379
"PSMD3",0.312749675782039
"TMEM135",0.312411385124699
"IGKV1-35",0.312391973100564
"LINC03103",0.312035941522106
"LINC02395",0.31172227882676
"RN7SL716P",0.311720174812656
"CD99",0.311606203110092
"LIMD2",0.311550194758574
"CHKA",0.311304671995244
"LINC00474",0.310949649160911
"SNHG30",0.310743117285365
"ST6GALNAC4",0.310606555111316
"TAC4",0.310573998583187
"LINC01104",0.310297414000468
"HIPK2",0.310101606094145
"ATP13A1",0.309472681702
"B3GAT3P1",0.309222260114496
"SPG11",0.308789795332781
"HSPD1P12",0.30852857027643
"FNIP1",0.308489700650601
"PANK2",0.30848025371394
"ZNF268",0.308376974216948
"C9orf85",0.308325395472003
"BNIP2",0.308266067753317
"MIR200CHG",0.30779366408867
"PPFIA2",0.30770324376813
"CSRNP1",0.3072072373228
"ARRDC1-AS1",0.306953038512493
"BCAR4",0.306716990582254
"ALS2CL",0.306696683177662
"HADHAP2",0.30639151289363
"PPP1R14B-AS1",0.306254126306634
"CEP68",0.30616744123692
"UCK1",0.305935321296946
"EIF4EBP2P2",0.305633800676349
"EIF4BP7",0.305360995388848
"TAPBP",0.30533704950268
"SPAG17",0.305227141481801
"TLR3",0.304997105893292
"NEK7",0.304731106163989
"G6PD",0.304725193782091
"LINC00602",0.304633060258859
"PGP",0.304461131889739
"MEGF8",0.303836692160686
"DBT",0.303798929427497
"RPL24",0.303716387424955
"F8A2",0.303680086158738
"TBC1D23",0.30306368165032
"LINC01206",0.302977927629108
"CHP1P3",0.302672152143738
"C14orf119",0.302600446591544
"SMIM38",0.302353713184891
"MIR7107",0.302280449005536
"EEF1DP5",0.302085299250545
"RHOXF1-AS1",0.302045130539874
"UBE4B",0.301833370041522
"CHCHD2P2",0.301440854202018
"STARD3NL",0.301184171571465
"SF3B2",0.301105453336779
"MCL1",0.300970907337119
"RN7SL413P",0.300541380715519
"ING2",0.300539291572695
"LINC02457",0.300535039326568
"GUCY1A2",0.300446172659255
"LGALS8",0.300118025536083
"REXO1",0.300064421402631
"BNC1",0.299893802952152
"MIR5696",0.299556164580783
"DHRS1",0.298509634413092
"GPS2P1",0.298463327109532
"SNX12",0.298412212240054
"LINC01151",0.298201853231395
"ELFN2",0.298094909676153
"GIGYF1",0.297908861780515
"SLC1A5",0.296545173515552
"LIF-AS2",0.296248868067321
"MRPS35",0.295692251891562
"ATG101",0.295133396686679
"GTF2A1L",0.294171272743792
"ENTREP2",0.294083243766616
"P3H4",0.294048992326828
"PSD",0.294008174218535
"GP2",0.293747991000964
"KDM1A",0.293387070246119
"SNORA70G",0.293286861504297
"MIR130AHG",0.29283955207741
"PDIA6",0.292548768823894
"DUSP18",0.292095006125791
"RNFT1",0.292057676545356
"ZNF667",0.292057379365333
"FCF1P1",0.291846885589577
"ARID1B",0.291737662049776
"ETV3",0.291387094845006
"TAGLN2",0.290979196489072
"RALBP1",0.290907956556367
"GALNT13",0.290705700878367
"SHMT2",0.289932164001502
"RNF26",0.289910049327761
"RSPH3",0.289081472756293
"PCDH19",0.289010469784946
"C5orf34-AS1",0.288523034278679
"SEC14L1P1",0.288397766479947
"SRSF9",0.288343634212878
"CMKLR2-AS",0.287808571225014
"MIR3175",0.287779790133756
"OSBPL2",0.287776720021193
"SH2D3C",0.287594868233524
"CHADL",0.287340152780572
"LTBP3",0.287339116533788
"ARHGAP45",0.287123518687489
"MARCHF10",0.287112110075791
"LINC01504",0.286860645238732
"NDUFS5P6",0.286746807307883
"ST13P7",0.286322308736077
"BOD1",0.286174581810812
"NEXN-AS1",0.286110922446195
"SH2D4B",0.28608857207725
"EEF1A1P9",0.28603965166264
"CYP4F8",0.285565102969985
"CCDC33",0.285376198250867
"DDX12B",0.28518923577262
"CMTM3",0.284691166834372
"LINC00710",0.284440163308928
"MFGE8",0.284381251804915
"ZEB1-AS1",0.284348530284424
"ARHGAP39",0.284165864601123
"UBE2CP5",0.284116022994918
"TEX26-AS1",0.284093942746921
"PMPCB",0.283939798593143
"TMEM259",0.283876476564495
"LYRM9",0.283851406234872
"CLASP1",0.283649064851958
"TMPRSS11B",0.283430736291973
"EIF1AY",0.283217821270761
"KANSL3",0.282301755934508
"ANKRD17",0.282162115467481
"GUCA1A",0.281871897935894
"LINC02024",0.280925740758049
"PRKCE-AS1",0.280815606104128
"EPHA2-AS1",0.280744833819032
"INPP1",0.280586252430587
"MIR6818",0.280537457729362
"IL17RB",0.280376477018115
"ZKSCAN3",0.280341283140136
"HGS",0.280115160090022
"LYST",0.28001117269326
"RNF138P1",0.279643554582255
"AMY1A",0.279122400299782
"SNAP23",0.278975424845241
"ZNF32-AS1",0.278872977294671
"LINC01179",0.278858553111427
"B3GALT2",0.278407036611971
"DEFB131B",0.27836757846188
"LSAMP",0.278314925648217
"ETFDH",0.277989254094008
"WFDC8",0.277898871638322
"TAS2R20",0.277546950950089
"AOC2",0.277464123266105
"HMGB1P51",0.277222009863091
"KRTAP5-10",0.277201746084171
"DNAJB12",0.276612751159981
"RPL7A",0.276274424221584
"TRMT1",0.275687997092443
"SLC45A3",0.275668001113364
"GSR",0.275654802878044
"ANKRD34C-AS1",0.27551468973843
"SGSM1",0.275484040514943
"SEPHS1P4",0.275452310603519
"GPAT4-AS1",0.275165429816771
"MALAT1",0.275159898612017
"STPG2-AS1",0.274894752384785
"LINC00382",0.274640531623967
"SEC62",0.274351762824594
"RPN1",0.274341839508909
"KCTD15",0.273711316947003
"TRAPPC13",0.273543688389407
"KHDRBS1",0.273367892271216
"FAM13B",0.273329622901054
"RNU6-474P",0.273261386222391
"PRELID3BP10",0.273261386222391
"ERICH2-DT",0.272290160448291
"SNORA71B",0.271756830916451
"KLF16",0.271645850256547
"MATR3P3",0.271422951413907
"CASP7",0.270509715636819
"YWHAEP5",0.270284506641146
"CHCHD7",0.269952006242759
"TRMT61A",0.269919561339026
"ZRANB1",0.269682454095231
"OR7E126P",0.269582401634795
"DGCR5",0.269393817106175
"KCTD9P2",0.269365755701559
"ZBED3",0.268186424915703
"NAALADL2",0.268005150672291
"NEURL1",0.267886958761815
"POLK",0.267859871663784
"SNHG6",0.267740142117302
"RMDN1",0.267545340702463
"MOCS1",0.267464018550606
"P4HA1",0.266905885865969
"CKS1B",0.266815737380566
"H3P42",0.266763611213725
"JOSD1",0.26654001738258
"STYXL1",0.266535734271307
"CIPC",0.266215656732202
"ATP6V1D",0.265963035774376
"MIR548N",0.265899418070334
"CCDC73",0.265764009810861
"NAXD",0.265532003536706
"EBNA1BP2",0.265414025326603
"FARP1",0.265398978755242
"VPS35P1",0.265369184783297
"ZFYVE1",0.265058064222758
"KDM5C",0.264978687955487
"NCAPGP1",0.264058829661331
"SLC5A7",0.263442682759617
"CEP135",0.262874481461565
"SULT1C4",0.262838634338461
"PDCD6",0.262786568462189
"PIK3CD-AS2",0.262714102507829
"HMGN2P22",0.262705058402834
"IGHV3-60",0.262693693348807
"NHEJ1",0.262623852641123
"RPL17P22",0.262369355774151
"KAT2B",0.262047129987443
"FAM24A",0.261678636643127
"ATF6",0.261486994731807
"TMEM37",0.260858557133095
"FAM83C-AS1",0.260583948956969
"CASKIN2",0.26054532531498
"MPC1",0.260458456062929
"METTL9",0.260167287793692
"STYXL2",0.260055635263519
"RNF220",0.259842308809453
"LNCBRM",0.259598534387507
"NEGR1",0.259490825531475
"CTAGE7P",0.25924118197867
"NGEF",0.259119440669654
"ANKS6",0.259100648168774
"RWDD4P2",0.258932261103458
"DNAJB8",0.25884784889391
"ATP5MGL",0.258711360588103
"C4A-AS1",0.258552590343648
"UFC1",0.25771143445648
"ABI3",0.256365405026024
"ILDR1",0.255868010196287
"RPL36AP8",0.255841036735467
"FXYD3",0.255687840621604
"RNU6-1112P",0.255660462325264
"SMYD3-IT1",0.255382114475926
"HEMGN",0.254799881916168
"BMP2K-DT",0.254766908182923
"LINC02298",0.254759237336706
"GART",0.254698990838262
"SRD5A3-AS1",0.254492093216661
"RPL7P7",0.254396750206539
"RPS10",0.254346657172446
"CFL1",0.254305601907635
"SH3GLB1",0.254177329753102
"TOMM20L",0.254075447006946
"SMIM14",0.254009986357401
"IST1",0.253926394990961
"FAM222B",0.253748335834129
"SULT1C2",0.253304730348348
"HUNK",0.253164799570092
"TMEM167B",0.252614962634744
"KLHL18",0.252352927798915
"PPFIA3",0.252256305493265
"KIAA1328",0.251986793517211
"PPIP5K2",0.251959911899067
"RN7SL481P",0.251956495565815
"GCNT1P1",0.251733558664001
"FEM1AP2",0.251659610569656
"APBA1",0.251334197785441
"TMEM9B-AS1",0.251175335892475
"NUDT2",0.250682360240655
"INO80D",0.250621133076304
"HNRNPA1P36",0.25057796078742
"NT5CP1",0.250207507547295
"RPL18",0.25020112737223
"MUC22",0.249845234563683
"CDH6",0.24981842124667
"PHB2",0.249577474475432
"GAPLINC",0.249484764093139
"GOSR2-DT",0.249313988605766
"CRK",0.249236600445258
"NLRP8",0.248956399917014
"HNRNPD-DT",0.248855149031159
"DRG2",0.248337331239359
"ENTR1",0.248281649319029
"IARS2P1",0.248068583896473
"MRPL47",0.24805203015111
"SLC24A5",0.247747815178417
"UGDH",0.247677811111033
"ANKRD30B",0.247610559507005
"AMIGO2",0.247572540482563
"RNU6-936P",0.247530938999574
"MIR3148",0.247530938999574
"NKX2-1-AS1",0.247001616477384
"HEXA-AS1",0.246775080131412
"OR7C1",0.246668924863266
"PPP1R9A-AS1",0.246500396313444
"GALNT16",0.24634954618252
"UPK2",0.246253005397873
"VKORC1",0.245871423529257
"CEP350",0.245800795958414
"LINC02240",0.245621743031236
"DPYSL5",0.245352032820292
"RPL7P60",0.245272072637603
"RPL17P50",0.245217925138445
"GUCD1",0.245196728599708
"KRT6C",0.245095571821113
"RNU6-431P",0.244932520697082
"PCDHA4",0.244534412608552
"ABCB10",0.244282180384236
"ZFY",0.244226981106363
"LINC03056",0.244095525002805
"GUSB",0.244040935037406
"UFM1",0.243729632147367
"LINC00895",0.243686033072054
"SLC30A3",0.243389155144551
"SRR",0.243295978319185
"WDR86",0.243243341038269
"PTBP1",0.242987461361983
"MRPS12",0.242831664215918
"PSMC5",0.24283071593716
"LINC02763",0.242655366435914
"CBLN3",0.242528129507634
"TSKU",0.241832571560277
"C1orf43",0.241806707002538
"RN7SL767P",0.241703193484375
"MGLL",0.241289663689094
"BPI",0.241245393437946
"TMEM246-AS1",0.241216128496401
"LINC01834",0.24105311545242
"REX1BD",0.241008042097866
"APOBEC3C",0.240921651801624
"AGFG1",0.240799646669043
"TGS1",0.240772602331125
"TDRG1",0.240582093479074
"RAB11B-AS1",0.24045064961236
"MBNL3",0.240380326591719
"LINC00345",0.240345394093601
"RPL5P13",0.239955392173512
"CTBS",0.239916907599444
"HEATR3",0.239702087056677
"NPM1P22",0.239039300649484
"MIR5703",0.238913331601848
"CYCSP55",0.238849607222409
"MYL6P5",0.238711163102693
"CFAP54",0.23844010612785
"ABHD14B",0.238216377247577
"RNU6-137P",0.238188031115149
"EIF3EP4",0.238188031115149
"LINC01416",0.238075311314465
"SEZ6L2",0.237873657824125
"RPL37P1",0.237729969628543
"MTAP",0.237133775144488
"KCNH5",0.237104970197523
"CNIH3-AS1",0.236727273395776
"RPS12P16",0.236719640854751
"KLF4P1",0.236610929761436
"XRN2",0.23654294720906
"RPL36AP32",0.236488895707721
"CDR1",0.23641146060707
"ST13P4",0.236104495364505
"DGKZ",0.236054591409383
"PI4K2B",0.235675805153967
"P3H2",0.235648229648374
"CABP7-DT",0.235630884507671
"GSTCD",0.235089624324331
"HSPA14",0.234690942214506
"TMEM254-AS1",0.234635750533258
"NFIB-AS1",0.234144021315943
"WASF4P",0.233834304166366
"RNU6-393P",0.233726895389678
"STX2",0.233491689796812
"LFNG",0.233058473122114
"TTC36",0.232840941824642
"BCCIP",0.232830431839856
"SLCO5A1-AS1",0.232332585657895
"SLC25A5P2",0.232301962899296
"MKRN2",0.231899718060502
"PKHD1",0.231779142771486
"LINC02731",0.231741635326241
"GOSR1",0.23171579833224
"MTX2",0.231713598890219
"ADAMTS9",0.231667328634976
"RNU6-60P",0.231597332335168
"EIF3FP3",0.231553691296729
"EIF4A3P1",0.231152883300103
"ABAT",0.231069105583564
"DHX33",0.230830104586992
"LINC01297",0.230754419626583
"ASAP2",0.230702555679507
"PIGA",0.23059973103321
"GPR37",0.230591205886816
"OPHN1",0.23057972941327
"UROS",0.230235481653617
"RN7SL242P",0.229327852476719
"ARTN",0.229327852476719
"CICP8",0.229327852476719
"MROH4P",0.229327852476719
"PAFAH1B3",0.229229190884752
"ZNF25",0.229095508324616
"CISH",0.228980931448906
"OVOL1-AS1",0.228707213698998
"WDR1",0.228680898898422
"RNU6-310P",0.228157929579619
"RFX1",0.227955904757259
"HSPE1P18",0.227350861447044
"ZFAND2A",0.227252035490739
"EBF3",0.227150043532784
"JUND",0.227126971086131
"NUTM2G",0.227013217760357
"GOSR2",0.2269798671664
"SLC7A9",0.226925494303134
"CUBNP2",0.226899127278273
"SPATA22",0.226805476671502
"LSM12P1",0.226768125227854
"GAD2",0.226499761145934
"MAP2K2",0.226451441659238
"ZCCHC4",0.226418533652158
"PRKG2",0.22626511550557
"IGSF3",0.226236507164421
"ATF2",0.226204159623176
"CLDN10-AS1",0.226084065575655
"HLA-F",0.225710741983355
"DNASE1L2",0.225679055982591
"SH2B1",0.225606045226366
"RN7SL7P",0.225464372521336
"LINC02554",0.225302569028473
"NTN1",0.225018416525483
"CUEDC2",0.224838687846751
"SARNP",0.224811488777003
"ELOCP19",0.224641791520107
"NCAM2",0.224637282901376
"DCAF6",0.224627637179733
"LINC02517",0.224621382464382
"GFRA3",0.224621382464382
"GARIN5B",0.224621382464382
"CD46",0.224403891364093
"ZNF200",0.224354426527858
"UBE2E3",0.224335938318664
"ANKRD30A",0.224306292614305
"CHRDL1",0.224216185340732
"OR4Q2",0.223879808797609
"OLMALINC",0.223798989889008
"ELMO2",0.223702194265183
"CLCN3",0.223693524505881
"DOK2",0.223596057499119
"LINC02533",0.223580651133084
"TRIM49B",0.223430452055339
"TTLL7",0.223427287857011
"NSA2P4",0.223335969446945
"NONOP2",0.22324871911775
"ZNF462",0.223200479532226
"RALGAPB",0.223088980993814
"ANKIB1",0.223036044386633
"LINC00293",0.223028225155615
"M6PR",0.222828247352202
"SMUG1",0.222725993787573
"SRRM4",0.222554918602001
"CLINT1",0.222442343193219
"LINC00323",0.222325241399444
"ZFR",0.222186908677132
"LINC02462",0.222184931848931
"GDAP1L1",0.222118544813161
"MIR3142HG",0.22210493668504
"KCNIP3",0.222065208686638
"AKR1B10P1",0.22200234784683
"LSM2P2",0.221789471154259
"BCORL1",0.221490859424677
"TMCO5A",0.221450090765242
"LINC00336",0.221428298044483
"NEUROD2",0.221406594895691
"MRPL58",0.221396777699096
"NPIPB10P",0.221380965842294
"SLC4A3",0.221076622762726
"LINC02046",0.221076622762726
"LINC00700",0.220625250577978
"SNAI2",0.220577549646911
"SNORD42B",0.220424319402992
"IGLV2-33",0.220421419271879
"ARHGAP5",0.220405085204502
"LINC01096",0.220395352599748
"ADAMTS14",0.220395352599748
"DDX11L8",0.220395352599748
"DNAH5",0.220183409451744
"ATP7B",0.220001167414816
"CES5A",0.219690924392908
"JMJD8",0.219206075697444
"GBA3",0.219121693775975
"B3GALT1-AS1",0.218975597799095
"VSIR",0.218910879827415
"CSRNP3",0.218878411478474
"CACYBPP1",0.21879497963178
"LINC03009",0.218747594261339
"PPM1F-AS1",0.218711745954826
"FAM242F",0.218445433653223
"ACTR3P2",0.218368126617678
"HS6ST2",0.218186915903247
"TTC3P1",0.218068063138001
"RN7SKP228",0.21791071144095
"HSALR1",0.217806877875155
"FOXJ3",0.217701241762885
"LINC01701",0.217689806677479
"MIR3132",0.217689806677479
"VPS51P13",0.217689806677479
"SLC4A1APP1",0.217689806677479
"MMP20",0.217689806677479
"C2orf69P3",0.217689806677479
"CD300LG",0.217689806677479
"THSD8",0.217689806677479
"RN7SKP22",0.217689806677479
"DUX4L17",0.217689806677479
"RN7SL825P",0.217213290891988
"TMEM38B",0.217050588550743
"KIAA1586",0.217013342004956
"ABCG4",0.217003232998957
"LINC02814",0.216921837948861
"SYT10",0.216868697521529
"PLPPR1",0.216798483191936
"EFCAB6-AS1",0.216566381304905
"HMGN1P7",0.216342314568164
"STIMATE",0.215867350424367
"RPL5P3",0.215745582344876
"NPM1P27",0.215656435508159
"MYL2",0.215489437303545
"TMEM14B",0.215178411913863
"LRIG3",0.214990749043698
"RNU6-9",0.214980156599136
"LRP11",0.214942284526898
"PTPN5",0.214881401243082
"LINC01712",0.214463686929844
"GBA2",0.214185382062687
"RPL13AP16",0.213928156521328
"SPDYE4",0.213553529426705
"ZBED1P1",0.213474071412238
"TPM3P8",0.213322441034791
"LINC00378",0.213298079385484
"SSBP4",0.213139623825265
"PTTG1P1",0.212834149116515
"RN7SKP17",0.212653830232367
"NSMCE2",0.212482824474021
"GANC",0.212285285739996
"WDR82",0.212278973758759
"MPP4",0.21210163770131
"ADAMTS3",0.212045506797618
"TMEM126B",0.212013639057079
"GSTA12P",0.211870418824192
"LINC01361",0.211863121957622
"RPS6KA2-AS1",0.211617487835636
"NPHP4",0.211532931968089
"CHRNB1",0.211490217460749
"CHRM2",0.2114592476347
"LINC01856",0.211415607536318
"SPATA31H1",0.211241148688751
"PPP1R1B",0.211163240539046
"LINC00536",0.211114855616717
"MCIDAS",0.210986182467192
"CFAP57",0.210921667716421
"KCNA7",0.210804092401546
"RNU6-306P",0.210622077433655
"PAPSS1",0.210579776231702
"ABCB9",0.210510482750361
"OTOG",0.210233737003929
"PPP1R13L",0.210066972306473
"TMEM127",0.209366278182244
"TOE1",0.209351118329267
"MAK",0.20933738882221
"ELOCP2",0.209292556357778
"FGF22",0.209265636856773
"DHX15",0.20923042896617
"CCDC9",0.209176847864225
"GOLGA4",0.209072328307584
"SPEGNB",0.208986886336952
"CYYR1-AS1",0.208693805128261
"LINC01883",0.208688461585937
"ZNF654",0.208588480973644
"RPL17P25",0.208393745987724
"MED8",0.208350503775247
"SLC25A5",0.20824076236125
"HEATR5B",0.208235312697022
"LINC01356",0.208204756079584
"ADAMTS16",0.207846079095906
"NSFL1C",0.207572179166226
"TBX10",0.207567594874721
"DCC",0.207433549255698
"MBNL2",0.207303428609041
"SLC16A12",0.20726830804675
"SAMMSON",0.206997549867812
"RPS12P28",0.20694656876358
"TSHZ3-AS1",0.206927458566044
"AP2B1P1",0.206874648829312
"GLT6D1",0.206791639659779
"POU5F1B",0.206788543815731
"MTDH",0.206749269407051
"LGR4",0.206736540887497
"TSPAN16",0.206593912383721
"DDX43P1",0.206561820878406
"SNORD111",0.206504472539994
"LINC03077",0.206283628237145
"TK2",0.206021223124854
"RNU6-1167P",0.205853303646
"PUDP",0.205769597615604
"RNF169",0.205742785384395
"STIP1P3",0.205615255419064
"ST20-MTHFS",0.205584983286793
"MSNP1",0.205539435865741
"FAM111A",0.205515089789465
"RSPO2",0.205365774834023
"CKLF-CMTM1",0.205354657740734
"TNRC6A",0.205236474368617
"PKD2L2-DT",0.204908642927898
"LINC00574",0.204482389444613
"COL28A1",0.204462733066043
"PYM1",0.204456160886869
"RPL29P33",0.204421648528255
"NSUN3",0.20431113575279
"GRM7-AS3",0.204218918519826
"UTP11",0.204197606449002
"PITX1",0.204092442057093
"RPL7AP11",0.203861100241254
"LINC01902",0.203663134133762
"GAPDH-DT",0.203535219732777
"PIGC",0.203377855245784
"TMEM123",0.203254325566086
"LINC00702",0.203104818339344
"UBR5-DT",0.203049899463057
"SNORD15B",0.202845728431938
"KCNK2",0.202726003222741
"DNTTIP1",0.202630697735712
"LRIT3",0.202603878288619
"TTC6",0.202562436603306
"OR1F2P",0.202520519302678
"PDZPH1P",0.202274115428212
"BPIFB6",0.202274115428212
"GAPDHP20",0.202200570451604
"ADORA1",0.202200570451604
"RNA5SP87",0.202200570451604
"TRIM64FP",0.202200570451604
"TRIM43B",0.202200570451604
"IL36B",0.202200570451604
"ARHGEF3-AS1",0.202200570451604
"IGSF11-AS1",0.202200570451604
"LINC00994",0.202200570451604
"MTCO3P44",0.202200570451604
"TRIML2",0.202200570451604
"LINCADL",0.202200570451604
"GAPDHP42",0.202200570451604
"GRIFIN",0.202200570451604
"SEC61G-DT",0.202200570451604
"TCEAL6",0.202200570451604
"TOMM22P5",0.202200570451604
"NKX1-2",0.202200570451604
"LINC01165",0.202200570451604
"HMX2",0.202200570451604
"SLCO1B1",0.202200570451604
"OR11H7",0.202200570451604
"LBHD2",0.202200570451604
"FBN1-DT",0.202200570451604
"ABHD17AP8",0.202200570451604
"SCN4A",0.202200570451604
"CIDEA",0.202200570451604
"LINC01894",0.202200570451604
"WFDC10A",0.202200570451604
"IRGC",0.202200570451604
"LINC00661",0.202200570451604
"SHLD2P2",0.202191931864366
"MIR4526",0.202100600039333
"SMCO2",0.20208132192247
"MCCC1-AS1",0.202036884735917
"HDHD2",0.202005639747463
"PDCL3P2",0.20184269495385
"CNTNAP5",0.20184197785122
"CMKLR2",0.201753396189064
"IGHV3-79",0.201734812590204
"MIR4659A",0.201678732720306
"RNU6-767P",0.201620812915619
"SOHLH1",0.201493528711564
"CYP27C1",0.201477270911552
"MIR6861",0.201476853207607
"LINC02551",0.20119335197451
"STAT5A",0.201186682999863
"NCR3",0.201122518838515
"LINC01015",0.200961174709559
"MIR548S",0.20096007353896
"TRAF2",0.200897247853273
"SIPA1L1-AS1",0.200888363999847
"ERICH5",0.200703356562187
"SUFU",0.200690605164066
"SIRT7",0.200657313750527
"RPL15P2",0.200574590143941
"KDM4A-AS1",0.200489322953201
"LINC01018",0.20047960783421
"PCDHGA10",0.200145241694887
"CKS1BP2",0.200131199324675
"ALDH1L1",0.20011933446071
"CNP",0.200065126508535
"SMARCE1P1",0.199857678176226
"SNX2",0.199783443441339
"GRAMD4",0.199737378548872
"RPS4X",0.199677767263823
"H3P8",0.19960694040669
"C18orf32",0.198818963538094
"CHRM4",0.198312541592072
"RNU6-178P",0.198140358840193
"KYNUP2",0.198140358840193
"LINC01980",0.198130629275863
"TRIT1",0.198043722105083
"TTC14-DT",0.198042942571144
"LINC01079",0.197599223107294
"FECHP1",0.197310427176285
"RNU7-75P",0.196987177565904
"RNU6-1319P",0.196749572211953
"KCNE2",0.196749572211953
"PPIA",0.196732394918809
"PHF2",0.196539147396711
"UBA6",0.196531545866143
"DUBR",0.196329215526966
"PCDH17",0.196295121054056
"ILK",0.196219863503801
"RARA",0.196189282492338
"KIF4B",0.19618060890426
"SHLD2",0.196124538239386
"SEC14L4",0.196117859791963
"RPS18P5",0.196017460920538
"PIGB",0.195999685485296
"MORF4",0.195707702527881
"TES",0.195681612159022
"MIR4660",0.195545746418225
"MYH9",0.1955174365075
"LINC00221",0.195450516414142
"STARD10",0.195426956860554
"VEGFC",0.195270766646285
"MVP-DT",0.195029979010679
"TAB3-AS1",0.194927049960464
"LINC02481",0.194924318719404
"RNU6-1091P",0.194861719498782
"ZC3H13",0.194824512059529
"IPO11",0.194760991264414
"RPL5P1",0.194728101243393
"HDAC5",0.194460218983511
"FAAP24",0.194398945093991
"CAMTA2-AS1",0.194163646067508
"IGHV4-39",0.194153120026659
"ANP32B",0.194072313310243
"COL4A1",0.194021778988634
"BRD7P2",0.194020857642512
"TRIM77BP",0.19373931541424
"TNNI3",0.193663100689357
"RND3",0.193395008788556
"KLHL20",0.193346290917276
"WWP1-AS1",0.193325612479272
"LINC01997",0.193288497184541
"PDP1",0.193206056450259
"POU6F2",0.193081975121182
"RBM33-DT",0.193034626426972
"RAI14",0.192965513849434
"FAM216A",0.19290880856669
"HTR4",0.192810638380926
"NUP35P1",0.192737678341447
"EIF5P1",0.192537491571088
"IGHMBP2",0.192502269457208
"COMETT",0.192429527661221
"SF3A3P1",0.192410376624654
"TTF1",0.192398318791568
"TOMM40",0.192330167273671
"ZNRF2P1",0.19229485001763
"MIR3201",0.192250382436583
"CALR",0.192122832716426
"LMO4",0.191983947796439
"MAPT-AS1",0.191983282208757
"IER5L",0.19190033364187
"LINC02223",0.191571324292085
"LINC00687",0.191462549267285
"TSC1",0.191344715381438
"VWC2L-IT1",0.191314376847998
"PPIAP78",0.191034185043698
"DMGDH",0.190992553611099
"MYCBP2-AS1",0.190874596920045
"SMTNL2",0.190855673915319
"BAIAP3",0.19077135878985
"C9orf50",0.190733091534479
"TASOR2",0.190635200844873
"TERB1",0.190189839416212
"ZNF727",0.189902124941543
"RPS27P3",0.18973427580688
"SRL",0.189538406842868
"PLEKHA4",0.189428935345304
"LINC01070",0.189138333462746
"H4C14",0.189128185255068
"HMG20B",0.189107088822776
"PPDPF",0.189081313788968
"CLPB",0.189073150063085
"STX18",0.188798071773688
"AGO3",0.188712680435079
"UPK1B",0.188636711128257
"SAXO4",0.188620735258344
"SMAD3",0.188517987978069
"MPLKIP",0.188401854111055
"KIF25",0.188006985988784
"ATP8B1-AS1",0.187894361236383
"ZFTA",0.187847353756209
"BANF1P3",0.1877519036602
"DCDC1",0.187413927634757
"CASC16",0.187395746593585
"GOLIM4",0.187289690961822
"ZNF670",0.187261475648735
"RPS15",0.187164008060938
"RPL21P7",0.187019968056888
"ARHGAP42P1",0.186689946839473
"LINC01418",0.186681079155456
"DFFB",0.186557603447114
"RPS20",0.186554008723781
"NRG3",0.186249733729022
"RNU4-30P",0.185956292369434
"IL13",0.185798480785599
"TMEM182",0.185412925290913
"LINC01159",0.185411291911701
"ZNF883",0.185389197410225
"FAM210A",0.185259750589413
"RPSAP15",0.185103421290388
"BPNT2",0.185063125123134
"PTCRA",0.185040823220058
"NUPR2",0.185031743476444
"BAZ2A",0.18501155502368
"GKN3P",0.184942141444102
"XXYLT1",0.184937038598141
"MIR4756",0.1849148770567
"SPAAR",0.184778689590524
"CACNA2D3-AS1",0.18477251694053
"C8orf76",0.184686261930115
"LGR6",0.184649422432461
"FAM98A",0.184591875720147
"TUBA1C",0.184475363338427
"PSMD4",0.184432427748054
"RPL5P17",0.184353958421373
"FAF2",0.183989194893822
"OR2AG1",0.183885173343304
"COMMD8",0.183779176389966
"DNAL1",0.183757650604039
"DDN-AS1",0.18368372900007
"HERC1",0.183649427431638
"LINC01714",0.183517660531085
"CYP46A1",0.183389527756512
"OR4F7P",0.183314478578551
"HDDC3",0.183067673983966
"KIF18BP1",0.18282335615621
"ZNF248-AS1",0.182679473212997
"FDPS",0.182649780417397
"CNTNAP3",0.182563729758754
"SS18",0.182556655716024
"DUX4L34",0.182205322517346
"ILVBL",0.181920602138521
"ADORA2A-AS1",0.181774864854059
"DAZL",0.181503100644618
"MINDY4",0.181214890822458
"ZNF518A",0.18109883318812
"MTUS2-AS1",0.181094793440902
"NAT9",0.181085438540145
"KDM3A",0.180835612493704
"POLR3D",0.180768018311196
"HAUS2",0.180570925136066
"DBP",0.180376072971832
"SLC52A2",0.18027931831786
"IGKV2D-28",0.18022452331399
"NDUFS3",0.180203851687204
"LINC02593",0.180138090252908
"HOXC13",0.180138090252908
"HIKESHI",0.180052716121071
"SLC25A45",0.179669108655035
"LINC00824",0.179629402908415
"SPOCK1",0.17950352470753
"SLC37A1",0.179447244915863
"ARNT2-DT",0.179386642559651
"SRPK2P",0.179312010919798
"SMARCAL1",0.179174283867353
"LY75",0.178747917093185
"TRIML1",0.178318502131071
"FBXW11",0.178062313120845
"SMYD3-AS1",0.17779304760353
"LINC01423",0.17772526513656
"FEM1C",0.177722767485981
"PPRC1",0.177641577950586
"ADAM11",0.177122827594097
"MAN2C1",0.177098555721679
"SLC25A25",0.177088247568806
"LINC02252",0.176835239733925
"MIR3120",0.176799702569467
"RPS29P16",0.176799702569467
"RNU6-586P",0.176608042908483
"HPRT1P1",0.176608042908483
"EDNRA",0.176576939908818
"PTCSC2",0.176217730543551
"ZNF630",0.176161733848334
"TOMM40P4",0.176008503150992
"STX17",0.175485086954757
"RAB3GAP1",0.175429507856
"APTX",0.175280035190659
"MT-ND4",0.175159046017084
"CPHXL",0.175141473773339
"MOCOS",0.174748687620466
"F5",0.174731273999813
"CYP3A4",0.174562233206474
"TMEM8B",0.174560387637268
"MITD1",0.17455871726695
"ZDHHC12",0.174306193058127
"RPL12P18",0.174299991980945
"RPS15P4",0.174023144048525
"RPL7L1P17",0.173833824886268
"VMO1",0.173741478604784
"CFAP20DC",0.173708982560351
"VEZF1P1",0.173696649112714
"SAXO1",0.173453731956575
"ACSL3",0.17340462692598
"COL22A1",0.173305357361003
"SUMO2P16",0.173204669380809
"GOLGA8UP",0.173194602377168
"ARHGAP44",0.173038898098694
"DEDD2",0.172503126493337
"SLC9A3",0.172339478591728
"GSTK1",0.172264251900766
"SIGLECL1",0.172172469766369
"LINC01508",0.172145260008082
"VPS36",0.172139125119024
"HAGLR",0.172125764681721
"PYROXD1",0.172055277091664
"C1orf220",0.172005069052862
"UBE2Q2",0.171984220371296
"OR7D4",0.17185885636646
"INTS15",0.171688674491454
"VN1R84P",0.171319809561902
"MYH2",0.171283166489256
"UBE2G2",0.171256300514412
"UBXN4",0.171111292544019
"SNRPB",0.17084277404974
"PIBF1",0.170291185706207
"METTL8",0.17021276063554
"ABCE1",0.170142995265545
"RNU6-59P",0.169955719559135
"MAGEB1",0.169758771302067
"OR1AB1P",0.169340756304057
"KLF3",0.169324800022534
"ZSCAN5DP",0.169183725037742
"MS4A8",0.169127327423749
"FAM133FP",0.168764176041625
"UBA52P7",0.168667421239877
"SEC22A",0.168611951724996
"SLC9C2",0.168586891673294
"TMEM151B",0.16850157251064
"PHIP",0.168400008026564
"BISPR",0.168352540555813
"TP53TG3D",0.16822553940439
"SLC6A16",0.168181231593269
"SNORA68B",0.168104302641364
"RPS27P17",0.167948318456154
"RUVBL2",0.167884482621729
"CABP1",0.167835185117806
"MIR302CHG",0.16782956754545
"FBH1",0.167727577669146
"SIPA1L2",0.167235224748446
"MAN1A1",0.167167032426523
"HOXB5",0.166982256392666
"ARFGEF1",0.166817010970659
"TMEM63C",0.16677776057014
"CCDC25",0.166639933281615
"ZNF469",0.166617214871784
"TOM1L1",0.166419842186377
"RPL7AP18",0.166238074923302
"MLLT6",0.166220359506982
"TOP1",0.166085988989452
"ACTG1",0.16607826840535
"EBI3",0.165892558284216
"MRPS35-DT",0.165314032845172
"SLC10A1",0.165277817245109
"RCSD1",0.165215517985894
"CCT5",0.165159388814315
"ANKRD2",0.165047196417938
"ARHGAP4",0.165003368783192
"ANTXR2",0.164767459912699
"ZNF263",0.164691665868003
"SMURF1",0.164537572445162
"MAP3K5",0.164518901216823
"TRIM51",0.164403035974523
"RPL21P39",0.164019496276657
"CAMSAP2",0.163854865239414
"NKRF",0.163674812856441
"ZNF736P10Y",0.163562957603716
"NKAIN1",0.163348430150938
"AK4P4",0.163348430150938
"TMPRSS5",0.163348430150938
"NUFIP1",0.163301740736277
"GALNT5",0.163212817443236
"CFHR4",0.163142526779406
"UBE2NP1",0.163070229748437
"CHL1-AS1",0.162711192941803
"ARFIP2",0.162592666186005
"RPL21P16",0.162561270860745
"NUDT17",0.162531236945603
"CRLF3P3",0.162173884162779
"PHLDB3",0.162161646837656
"GPR158",0.162143486337778
"ZCCHC10",0.162119307709164
"TRPV2",0.162035922612738
"ITGA8",0.16196976945016
"RPL3P6",0.161929411690934
"HHIPL1",0.16171232399486
"ZDHHC5",0.161434150522129
"RXFP4",0.161424288302317
"EIF4BP6",0.161356047767254
"TMEM230P2",0.16113671220004
"DUX4L19",0.160999007189313
"HRH4",0.160988060407204
"RNU6-147P",0.160873689462656
"INPP5B",0.16079932803391
"PDCD6IP",0.160712709632874
"GAPDHP25",0.160592562017261
"AP2B1",0.160479608402999
"BET1P1",0.160343549954828
"EEF1A1P35",0.160336118840302
"DPP9-AS1",0.160160544467711
"CAPZA2",0.160058618613448
"CLNS1A",0.16004468042092
"LDLRAD2",0.159854301973762
"CYP51A1P1",0.159462262415035
"UTP20",0.159380060294843
"EPN1",0.159278278165226
"RPS26P6",0.159185494471714
"DCLK3",0.159055772474121
"EPB41L1",0.158996512879371
"NUDT4P2",0.158852314869506
"TEDC1",0.158719661058338
"ZNF266",0.158320446527389
"UQCRBP1",0.158320241736867
"FOXD4L1",0.158127284054594
"PNRC1-DT",0.158127284054594
"TBC1D3",0.158127284054594
"DUXAP7",0.158127284054594
"SLC35C2",0.158068870387875
"TBATA",0.158024774630281
"MPV17L",0.157692746942851
"TNFAIP3",0.157607878606897
"SIVA1",0.15747840501644
"RBM23",0.157296927147502
"SPOP",0.157283721821341
"EXOC3L2",0.157176671348343
"RPL23AP78",0.157094654040393
"SND1-DT",0.157007598443982
"LONP1",0.156980112981104
"LINC02480",0.156962919634836
"NHLRC2",0.156843870239736
"DAB1-AS1",0.156841236051225
"ELFN1-AS1",0.156462964612023
"REN",0.156336122084104
"AICDA",0.155927636122907
"CNN2P8",0.15586561627208
"RNU6-1046P",0.155674452685363
"ARHGAP1",0.155608744329982
"SIRLNT",0.155533533734913
"PPID",0.155471871928548
"CCDC15-DT",0.155457563536998
"HOXB-AS3",0.155302975963817
"NFE2L1-DT",0.155131014052404
"RN7SL47P",0.155103867586871
"CETN2",0.155020817133286
"LINC02658",0.154871636843227
"MARK2P11",0.154798684766105
"ZDHHC9",0.154713358441735
"EXD1",0.154591859179059
"STXBP5L",0.154488331010442
"LYG1",0.15414371478337
"RBM3",0.154097205895425
"F2RL1",0.154048443467047
"RNASEH2B-AS1",0.154017800295969
"SHISA5",0.153958133880725
"WDR72",0.153943100485086
"PAIP1",0.153642478699315
"LINC00632",0.153434852107991
"PPIAP24",0.153326775702699
"OR2L9P",0.153016802282922
"EIF3H",0.152958315165005
"DYNLL2",0.152941289738629
"DDX18",0.152687702129
"LINC02917",0.152576462648297
"SEC16A",0.152221639020296
"PIWIL1",0.152131105868197
"NPHP3",0.152047844321505
"RNU2-10P",0.151996853492866
"ZNF718",0.151990884217107
"LINC00664",0.151842292295382
"CFHR2",0.151805109856783
"PTH2R",0.151566620333134
"ZNF849P",0.151531608733702
"ATP10B",0.151271308423619
"PTDSS1",0.151242480650652
"VPS52",0.150878132058402
"MIR6720",0.150691768729292
"OR4X2",0.1506606581159
"L3MBTL2",0.150624692090499
"CIR1",0.150441557868234
"LINC01234",0.150076391144462
"EEF1A1P7",0.149956788830647
"MIR4538",0.149827456631566
"SF3A1",0.149824738296101
"CNTNAP3P1",0.149758767505819
"C1GALT1C1",0.149701427041746
"ERCC6",0.149598734058766
"OSTF1P1",0.149598083973052
"MTND5P10",0.14953688119714
"MIGA2",0.149404564148912
"LINC00501",0.149284342599227
"SLC17A3",0.149205576992421
"LINC02840",0.149105664272427
"H4C15",0.149025762406217
"CPEB1-AS1",0.14857829648029
"NXPE4",0.148567518113726
"ERO1B",0.148496249993223
"LINC02611",0.14837091330285
"CNTN3",0.148342141655996
"ERMARD",0.148334699585517
"ZNF717",0.148158105920656
"EXOC1",0.14806080722584
"RALGAPA2",0.147814148162832
"LINC00698",0.147444530826818
"ATP6V1H",0.14742566262444
"LINC01830",0.147336869254744
"ELL2P1",0.14705817770606
"CLCN4",0.146754982399797
"DDX60",0.146555165937136
"SNRNP40P1",0.146524079824617
"ANKUB1",0.146417087258508
"TSEN34",0.146264623458814
"JPH3",0.146169724102037
"SPAG5-AS1",0.146136643177434
"C1orf87",0.145893088053221
"TMEM14DP",0.145816924894713
"NUDT9",0.145586428720897
"AUP1",0.145304528223032
"RAB1C",0.145294750511261
"CDK10",0.145058515970293
"TTC21B-AS1",0.144819631055143
"RPL34P27",0.144660572380236
"OR2M4",0.144643037599153
"IAPP",0.144286219823163
"SPC25",0.144235151696692
"MANCR",0.143937798515626
"TBC1D5",0.143722424247368
"MIR553",0.143603394325766
"ADIPOR1P1",0.143361016716089
"LINC02120",0.14318162805135
"RBM15B",0.143033345037542
"ZNF169",0.142922743090702
"PPIAP58",0.142844556855327
"RNU6-216P",0.142788846314363
"ZNF561",0.142706508776048
"NUP50P1",0.142695172743124
"LINC01443",0.142171035558853
"IYD",0.142149145693626
"RNASEH2C",0.142021600667851
"EVC2",0.141991614258898
"SUMO2P21",0.141895199131153
"ANKRD20A21P",0.141841951844829
"HYCC1",0.141820962949845
"PIP5K1A",0.1416707034491
"LINC02388",0.141642529174069
"SNHG27",0.14150843828014
"CHP1",0.141440339024146
"RN7SL220P",0.14122451461071
"CRADD",0.141135196642281
"RPL23AP74",0.141062718689813
"PPP1R27",0.140994967023855
"CPSF1",0.140832491466325
"FCF1",0.140384119382325
"MAZ",0.140089969571268
"PLG",0.140010139102642
"ICE2",0.139711403215802
"DDIAS",0.139453583768048
"FAM168B",0.139393271822356
"PPIL1P1",0.139136742920205
"PIGN",0.139119169222555
"EEF1A1P20",0.139065187893627
"FER1L6",0.138754122860182
"CLIC1P1",0.13873472413131
"SSR2",0.138716754398411
"CYB561D2",0.138625951041317
"RPL7P45",0.138552895164027
"ZNF658",0.138493648746601
"USP25",0.138340742180373
"TADA3",0.13815010624338
"RBM24",0.138042715420271
"RNF14P3",0.137866118060652
"OR11I1P",0.137794445032275
"LINC00115",0.137744223280818
"SKIC2",0.137672229097967
"NPTN-IT1",0.137622460483416
"PPIAP11",0.137539579131646
"LUZP2",0.137512650805164
"ZNF784",0.137286390285036
"USP36",0.1372612267748
"ST13P5",0.137153217314839
"PRMT8",0.1370971675679
"RNF20",0.137049639182676
"TBL1X",0.137037328342587
"SLC4A5",0.137010651678131
"ABCA3",0.13688479219857
"TDRP",0.136818931913206
"MT-TW",0.136478772759858
"CADM2-AS1",0.136474522025427
"ATL3",0.136457383153642
"HEY2",0.136297998437172
"TRBV5-2",0.136267129863274
"SON",0.13626710065197
"DTWD1",0.136234652516136
"EPPIN",0.136143829803986
"NAPSA",0.135556530983198
"SGTB",0.135454143950081
"VHL",0.135431278877586
"GIMAP1",0.135354288600022
"MRPL37",0.13532888624267
"SOAT1",0.135295354755031
"SNORD114-31",0.135269778305661
"GPATCH2",0.135192369133316
"NPM1P29",0.135059050545346
"PMS2P2",0.135022964661885
"RBM7P1",0.134993156901434
"PSMC1",0.134930745613157
"RWDD4",0.134541508176244
"MAP4K4",0.134475669612329
"LRRTM4",0.134469206412053
"SLC17A5",0.13427600683033
"YY1AP1",0.134250091309342
"TIMM9P2",0.133827902554875
"SNORA15",0.133563340429502
"NSDHL",0.133337119011739
"LINC02219",0.133111620006192
"PATE1",0.133111620006192
"OR4N5",0.133106537277154
"PKD1P2",0.133045374200998
"TSC22D1",0.132955000591593
"LINC01913",0.132667596606367
"CDKN2D",0.132564607718996
"PKDCC",0.132559680081506
"LINC01592",0.132458627521598
"NSD2",0.132335116869203
"AP3M1",0.132005508461992
"RASSF8",0.131848667475907
"CMTM6",0.131568218956348
"KIAA0319",0.131559776480885
"SSBP2",0.131150995403389
"DAB1",0.131124733217216
"BCL7A",0.131110119175
"CCNI",0.131108320510813
"GCKR",0.130942918362638
"GRIK5",0.130910947567871
"RAB1A",0.130659133205236
"LINC00398",0.130639326346423
"PUM2",0.130589964414675
"ARHGAP8",0.130588217987276
"CR1-AS1",0.130410085587851
"ODAPH",0.130147047846672
"PRDX6",0.13010063999753
"CRP",0.130033635571255
"SLC17A4",0.129903148511312
"SNORD36C",0.129689397520454
"ADAMTS4",0.129649917286184
"PRKAR1A",0.129455856770534
"TMEM169",0.129401065005737
"MARK2",0.129135919746784
"SPPL2B",0.129114389199427
"LINC02261",0.128925095548627
"NECAP2",0.128857095934644
"BPTF",0.128704048732717
"AKT3",0.128577679519697
"DDX39A",0.128547364242874
"BAMBI",0.128423590466621
"BRF1",0.12841570414955
"RIPOR2",0.12839768490922
"VN1R34P",0.128359044932479
"LINC02802",0.128128559273105
"ZNG1E",0.128128025544199
"PPIH",0.127854345263391
"MMP10",0.127821383371158
"FAM200C",0.127732064994586
"MIR5694",0.127618934120319
"OPA1",0.127569009395277
"RPF2",0.127215877375422
"FAT4",0.127173613119846
"CCN5",0.127096927596481
"FBXO40",0.126938414091086
"A2ML1-AS1",0.126925926948685
"HNRNPH1P3",0.126831335283597
"NAT8L",0.126754689147317
"USP37",0.126635962155249
"RPL27AP5",0.1265892934226
"NLRP1",0.126422292406348
"CYP2J2",0.126103958309584
"RNU6-577P",0.126064358606779
"PHB1P21",0.125908057118544
"CPT2",0.125852688356215
"LSMEM2",0.125752035773828
"ZNF821",0.125655188655015
"R3HDM2",0.125641206079969
"PRPF38AP2",0.12544789913186
"SOCS3-DT",0.125408900385277
"DAP",0.125182161913818
"RPL6P27",0.125159982277988
"CCNQ",0.124967543751373
"STARD4",0.124661487075777
"SOS1",0.124493692248471
"LNPEP",0.124313077830364
"DNMT1",0.124044866095838
"LINC01258",0.124039910552246
"ARL2BPP7",0.12390461502166
"YTHDC1",0.123187860678201
"REV1",0.12317468552186
"NUP210P3",0.123052936632668
"DMRTA1",0.123052936632668
"MAGI1-AS1",0.122809071276955
"FHIP2B",0.122619671595018
"PCNX3",0.122537903447425
"RIF1",0.12249785671005
"RGS20",0.12239587447177
"CELSR2",0.122167823074168
"PNRC2",0.122115613946469
"LINC02112",0.121989492597712
"RPE",0.121973704604553
"METTL26",0.121620204269497
"TMEM212",0.121596280469351
"HNRNPA1P43",0.12141209367351
"ATF1",0.121170106743744
"PPCS",0.121115909853431
"PDPR",0.121096205112878
"MZF1",0.120954203729342
"CIST1",0.120879940844302
"RPS10P16",0.120735416300483
"BCLAF3",0.120673442964671
"ANGPTL5",0.120670687197517
"TSNARE1",0.120654066951048
"ULK4",0.120389567253225
"C7orf50",0.120373500720185
"PADI3",0.120359281057524
"JTB",0.120321209811945
"RNU6-540P",0.120303298070933
"OR52A5",0.120276665458312
"DUX4L35",0.120026162868977
"PIGP",0.119987531261258
"ETAA1",0.119817221721557
"SMPD3",0.119773938170641
"DDX50P2",0.119692272978181
"FOXO3",0.119689523936921
"LINC01722",0.119634856959459
"ZBED6",0.119570631770241
"SCHLAP1",0.119469554191964
"RNU2-59P",0.119394935072376
"HSP90B2P",0.119363704062238
"PSG6",0.119221832791026
"PRSS58",0.119174439725015
"ANKRD18A",0.118999312735433
"PLCL2",0.11888348105022
"TGM4",0.118431954095665
"LINC02087",0.118386617278347
"TCHP",0.118268913642379
"SPCS2",0.117857510852489
"RPS7",0.117776000876587
"TNFRSF14-AS1",0.117648961328268
"ATP8A2",0.117519614024195
"DPAGT1",0.117471268815071
"SNHG18",0.117406729012019
"FSIP2",0.11740433291952
"MSH3",0.117272924133055
"LINC02010",0.1172315717029
"DLEU2",0.117145961458121
"SYNGR1",0.117081066449385
"LINC02844",0.117014821420533
"R3HDML",0.116987816020279
"SLC46A2-AS1",0.116974124454328
"NOBOX",0.116848048995331
"MIR4513",0.116749662584701
"ROBO2",0.116656977874268
"LINC02452",0.116420410012592
"MESTP2",0.116420103316188
"SERPINB13",0.116340721638357
"OSCP1",0.116313490243546
"RTN3",0.116258953164046
"NSMCE4A",0.116097406346023
"AFTPH-DT",0.115997503952612
"C10orf90",0.115860725915482
"RAB29",0.115673373859439
"NOS1AP",0.115671434383837
"MTCO3P29",0.115636048580032
"PACRG-AS1",0.115515666538095
"E2F4P1",0.115377317185244
"LINC01559",0.11535688928232
"LTN1",0.115306051426883
"FBXL19-AS1",0.115167929610567
"RPL31P38",0.115165280349945
"IFRD1",0.115159859446415
"ST3GAL2",0.11505342831779
"TRIM8",0.114991232442398
"DNAJC3-DT",0.114945450427486
"C19orf44",0.114888295935493
"LRRTM4-AS1",0.114872278063553
"CCT4P1",0.114838578622025
"OVAAL",0.114643956180504
"PRPF31",0.114595617084148
"GRM3-AS1",0.11448981607776
"LINC01809",0.114438943256659
"IGLV3-27",0.114438943256659
"TTC31",0.114401937294034
"GINM1",0.114387459492757
"ATXN7L3-AS1",0.114271559890423
"DPP3P2",0.114250943671221
"LINC00678",0.114193562327093
"AGER",0.113997242723455
"PCDHGC5",0.113949434360201
"HSPE1P13",0.113920393189487
"NUDT9P1",0.113769816957399
"PTPRJ-AS1",0.113696089728614
"CAVIN4",0.113688469194385
"LINC02260",0.113573397061531
"PIP5K1C",0.113507176775119
"ZNF99",0.113506996270367
"NAP1L1P3",0.113433750459452
"LINC00466",0.113381188220554
"RSPO1",0.113331782088992
"KCTD16",0.113257448154292
"PROKR2",0.113233490834092
"LINC02591",0.113043907726083
"EIF3G",0.112989596621977
"C1orf105",0.112885576269454
"ANKRD45",0.112885576269454
"IUR1",0.112885576269454
"RPP25",0.112870557795667
"BLCAP",0.112782499004372
"MIR320D1",0.112496627550572
"AQP5",0.112477693537188
"FZD5",0.112197976916697
"SERPINA5",0.112158300260759
"RXFP3",0.112152290868843
"DIO3OS",0.112115454143039
"MST1P2",0.112046899930174
"RUFY2",0.112045224517047
"MIR191",0.112038682449338
"ACTR2P1",0.11202220058576
"SLC44A5",0.112022155648895
"OR6C74",0.111882268852994
"DDX3Y",0.1118025846525
"MIR4307HG",0.11179820464926
"KRT8P21",0.111793790268773
"HSPD1P13",0.111777373692209
"SYNE3",0.111760439644613
"SYT8",0.111719411323874
"LINC01493",0.111587398750814
"OR14I1",0.111576471251069
"LINC01716",0.111576471251069
"LINC02682",0.111573501512189
"LINC02996",0.111563399060886
"HNRNPKP3",0.111552821747294
"PRAMEF27",0.111535049780459
"EN1",0.111535049780459
"C2orf72",0.111535049780459
"HOXD12",0.111535049780459
"RAB17-DT",0.111535049780459
"ODC1-DT",0.111535049780459
"HTR3D",0.111535049780459
"SMIM11P2",0.111535049780459
"RFPL4AP3",0.111535049780459
"RPL12P21",0.111535049780459
"CHSY3",0.111535049780459
"SMIM28",0.111535049780459
"RN7SL811P",0.111535049780459
"SPACA5B",0.111535049780459
"C9orf163",0.111535049780459
"FAM220BP",0.111535049780459
"SPATA31C1",0.111535049780459
"CNTFR-AS1",0.111535049780459
"WEE2P1",0.111535049780459
"OR56A7P",0.111535049780459
"ADGRA1",0.111535049780459
"TPT1P12",0.111535049780459
"UBE2L2",0.111535049780459
"OR11M1P",0.111535049780459
"LINC02827",0.111535049780459
"LINC01044",0.111535049780459
"RN7SL700P",0.111535049780459
"LINC02833",0.111535049780459
"FBXO39",0.111535049780459
"LINC02088",0.111535049780459
"RPL27AP9",0.111535049780459
"EDN3",0.111535049780459
"CDIPT",0.111514137056198
"TTLL12",0.111472609271135
"GPR119",0.111396329534964
"HEBP2P1",0.111385888576665
"FOXB2",0.111366793966112
"LINC01267",0.111348059679854
"LINC01020",0.111317178639533
"OR4A21P",0.111281319389488
"DPY19L1",0.111249679040044
"MYCNOS",0.11118005290603
"SPATA31D2P",0.111094068616306
"HOXC13-AS",0.111067461546631
"FAM107A",0.111025177747787
"REM1",0.111025177747787
"PCDHGA5",0.110976057569402
"RNA5SP272",0.11095591349013
"HAS3",0.110895824038195
"PIEZO1P2",0.110773855447532
"HSP90AA1",0.110731800148732
"MINDY3",0.11064644614606
"RPL12",0.110612370690422
"EEF1A1P14",0.110604945531551
"MIR3978",0.110582867268747
"PLIN1",0.110576383013863
"LINC01954",0.110492327965527
"RBM20",0.110401860736463
"SMIM7",0.110199486884853
"SYCP1",0.11009050351818
"CHST8",0.110026251355323
"CREB3L3",0.110026251355323
"HDGFL3P1",0.110012110803536
"UBA6-DT",0.109967779153952
"LINC01531",0.109964142791074
"OBP2B",0.109949049219018
"PKN2-AS1",0.109937568955984
"BCRP3",0.10985313183252
"MOXD2P",0.109821823143976
"RN7SL363P",0.109821823143976
"NPIPA3",0.109821823143976
"STAMBP",0.109805558081362
"SLC66A3",0.109784925231279
"MS4A10",0.109778569531794
"LARGE-IT1",0.109555696455377
"TEKT3",0.109542939452673
"CEP72-DT",0.109539674476427
"UGT2B4",0.109410412014255
"LRRC9",0.109409384017526
"SUMO3",0.109176746609662
"ZNF491",0.109097160622104
"RNVU1-4",0.109089589568148
"LINC00616",0.109080793986221
"MMP20-AS1",0.109033841907122
"SUN3",0.109007837609248
"SAMD9",0.108998758294362
"RNF11P1",0.108948640736183
"CNTN5",0.108948640736183
"RPL7P3",0.108948640736183
"NXPH1",0.108815362502319
"TTC34",0.108746624693798
"TMED7-TICAM2",0.108739411187909
"THOP1",0.108671574533706
"COL15A1",0.108613915938478
"PPP2R2A",0.108590561202049
"CHID1",0.10848536905759
"CT45A10",0.108300755061646
"MROH2A",0.108161478637033
"RPL17P44",0.10816061840023
"FAM83C",0.108130539853141
"NWD2",0.108120356500489
"TCF25",0.108060645955591
"BMPR2",0.107814816823456
"HOXB13",0.107694775240571
"MSI1",0.107650723932302
"PCARE",0.107643159239437
"CLIC6",0.107643159239437
"COL1A1",0.107629400110106
"SNRPA",0.107616615539864
"LINC00229",0.107530087959435
"LINC02418",0.107524416504324
"IRAG1-AS1",0.107426356895396
"SCG5",0.107398097077488
"TMEM165",0.107350985528066
"ZCWPW2",0.107311465291124
"HNRNPA1P4",0.107212877525457
"ANKRD61",0.107181959513113
"RASAL2-AS1",0.107164625763085
"RNU6-1050P",0.107113577249809
"PADI1",0.107102190003294
"RETSAT",0.107084661913803
"LINC02092",0.107029924119951
"RPS26P2",0.106952008422319
"OMP",0.106945709926103
"LINC01095",0.106942235057666
"GPR151",0.106925263498439
"LINC00955",0.10690851368491
"LINC00383",0.106846876582644
"SLC4A9",0.106781759055726
"PTGER3",0.106727121889187
"RN7SL396P",0.106727121889187
"ERCC8-AS1",0.106702917786655
"B3GALT1",0.106695519300108
"LINC02218",0.106616190909631
"RPL29P24",0.106616190909631
"PLA2G4E",0.106597835912894
"OR8J3",0.106532478412516
"MAPK8IP1P1",0.1064661696422
"NGF",0.106445069700272
"LINC02409",0.106445069700272
"USP40",0.106431915933381
"TAL1",0.106404185871443
"LINC01723",0.106375078859076
"FOXE3",0.106352541324732
"LINC01342",0.106352541324732
"RN7SL122P",0.106352541324732
"CFAP107",0.106352541324732
"GAPDHP24",0.106352541324732
"CSMD2-AS1",0.106352541324732
"PRDM16-DT",0.106352541324732
"CHIAP3",0.106352541324732
"AHCYP4",0.106352541324732
"MTCO2P16",0.106352541324732
"MTATP6P16",0.106352541324732
"LINC01937",0.106352541324732
"CYCSP12",0.106352541324732
"CYP2AB1P",0.106352541324732
"RN7SKP244",0.106352541324732
"ATOH1",0.106352541324732
"OR7E162P",0.106352541324732
"EDIL3",0.106352541324732
"LINC02108",0.106352541324732
"PCDHGB4",0.106352541324732
"H3Y2",0.106352541324732
"LINC02113",0.106352541324732
"MIR1273C",0.106352541324732
"TBXT",0.106352541324732
"POM121L12",0.106352541324732
"SLC29A4P1",0.106352541324732
"OR2A1",0.106352541324732
"RAD17P1",0.106352541324732
"MAGEC2",0.106352541324732
"GPIHBP1",0.106352541324732
"PAEPP1",0.106352541324732
"MIR1261",0.106352541324732
"OR52A1",0.106352541324732
"OR52N1",0.106352541324732
"XNDC1N-ZNF705EP-ALG1L9P",0.106352541324732
"OR4X1",0.106352541324732
"TRPC2",0.106352541324732
"RN7SKP132",0.106352541324732
"RPL7P39",0.106352541324732
"ADCY6-DT",0.106352541324732
"PPIAP5",0.106352541324732
"SYNDIG1L",0.106352541324732
"MTND5P35",0.106352541324732
"KIF26A",0.106352541324732
"MYH7",0.106352541324732
"KRT8P9",0.106352541324732
"SLC6A2",0.106352541324732
"KRTAP1-1",0.106352541324732
"ENPP7",0.106352541324732
"SP6",0.106352541324732
"DSG3",0.106352541324732
"RBPJL",0.106352541324732
"NTSR1",0.106352541324732
"BNIP3P29",0.106352541324732
"CYP4F2",0.106352541324732
"CDY7P",0.106352541324732
"BCRP4",0.106352541324732
"IGLV3-26",0.106352541324732
"EZH2P1",0.106352541324732
"COL18A1-AS1",0.106352541324732
"KRTAP10-7",0.106352541324732
"ADAM8",0.10633601621306
"ADD2",0.106271801129898
"CYS1",0.106241449923931
"ASTN1",0.106216840331483
"HM13-IT1",0.106204393262755
"VOPP1-DT",0.10619793569508
"PLEKHG4B",0.106169142971381
"ARID3BP1",0.106153366684019
"MIR101-1",0.106105899179459
"SMIM22",0.106050323248498
"MIR4534",0.105953019138845
"MAPK14",0.105948621776499
"EIF1B-AS1",0.105901065548065
"COL12A1",0.105880704138168
"FLNC",0.105877471147079
"KCNA1",0.105843348004722
"KLHL1",0.105843348004722
"MIR3150BHG",0.105820706702873
"HSP90AB3P",0.105618757945963
"IDI1P1",0.10558347923411
"PDE4A",0.105567625020814
"ADAMTS20",0.105496479627995
"TBC1D3P5",0.105436876277107
"ADGRF5-AS1",0.105299881324128
"HADHBP1",0.105235180846472
"LINC02414",0.105210427073861
"ATP2B3",0.105135648055625
"GPS1",0.105093208623242
"LINC03067",0.104956199072071
"RYKP1",0.10489649557081
"GALNTL5",0.104880226381061
"TRIM9",0.104878003522742
"C7orf57",0.104824012605193
"IER3IP1",0.104720397426121
"IGKV3D-11",0.104696400707688
"KATNIP",0.10465239679652
"ACTR3BP2",0.104635382830483
"DNAJC19P9",0.104612457658263
"FZD10-AS1",0.104418119439457
"GEMIN2",0.104368068313902
"KCNJ16",0.104266360449776
"TEX51",0.104264967138724
"THSD7B",0.10423319285264
"JMJD7",0.104221903892679
"EEF1A1P38",0.10422082681544
"RNU6-1223P",0.104171502144464
"H2BC13",0.104127293656018
"LINC02714",0.104112567945181
"LINC01863",0.104099322150285
"DACT2",0.104099322150285
"LINC02925",0.104099322150285
"GAL3ST2",0.104044993849901
"DIAPH3-AS1",0.104007708649719
"C8A",0.103994938929878
"LINC00901",0.103949912922533
"OR1K1",0.103820764318092
"RPL31P6",0.103811614460803
"RN7SL470P",0.103750991975851
"SERPINB7",0.103750447781249
"DDX25",0.103743354707291
"LINC01204",0.103720301244218
"DUX4L26",0.103607258343774
"HJV",0.103506254463791
"SMSP1",0.103506254463791
"LRTM2",0.103506254463791
"SSTR4",0.103506254463791
"CIR1P2",0.103431697612843
"CREB3L1",0.103423006270679
"HPS1-AS1",0.103386416301125
"LINC02314",0.103225029739488
"NFE2L3P1",0.103215634120295
"NIPAL2",0.103129703910341
"RNU6-1234P",0.103010035239539
"RNU7-20P",0.102940781200722
"LINC00559",0.102940781200722
"HSPA12B",0.102940781200722
"MIR181A1HG",0.102865193755391
"LINC00502",0.10280397371644
"MTND2P40",0.10280397371644
"CFAP96",0.102755366651489
"PLPP7",0.102676571123638
"KRT18P7",0.102563294733408
"RBISP3",0.102505231085318
"PSMD12P1",0.102502898163026
"PTOV1",0.102452904167459
"EPHX3",0.102429306544913
"ZNF725P",0.10241670767161
"THTPA",0.102355506393284
"POM121L2",0.102350115198047
"TNRC18",0.102254956134019
"NOXRED1",0.102209065167011
"FAM3B",0.102199066106793
"LINC01570",0.102119630850309
"PGAM4",0.102085120097433
"HTR5A-AS1",0.102076630352938
"PCDHB4",0.102040441811439
"CTAGE1",0.101983586800983
"LINC00351",0.101924582768261
"MIR6770-1",0.101924582768261
"PLEKHG6",0.101920921534502
"CDH9",0.10191608577724
"GLRX3",0.101911230440801
"ATRNL1",0.101874518318813
"PLSCR3",0.101800406379049
"LINC02148",0.101792438906194
"LINC02521",0.101792438906194
"MTND2P15",0.101792438906194
"MIR576",0.101672358121872
"ZDHHC20-IT1",0.101663638868148
"FLRT2-AS1",0.101596045981548
"PRELID3BP1",0.101527644474467
"NTM",0.101526168663
"BMP7",0.10151788682019
"ADI1P3",0.10151317140682
"RPL5P22",0.101504635270715
"RNU6-1077P",0.101503246161561
"PLS1",0.101408527395447
"RNF123",0.101373157357856
"NES",0.101333280812386
"GLDC",0.101309263225402
"TREML5P",0.101246304523469
"PTEN",0.101227990498175
"GRIK3",0.101219430287202
"LAMTOR5-AS1",0.101218606577263
"IGSF21",0.10118471486256
"PTH1R",0.10118471486256
"OR8B8",0.101151777355548
"HOXA10",0.101146317781192
"LINC02160",0.101138880176682
"MRPS31P4",0.10111877981642
"MTTP",0.101084077390508
"S100A3",0.10101402793145
"LINC01628",0.100983353826413
"SLC2A9-AS1",0.100890253777702
"ZNF28",0.100821716565002
"LDHAP1",0.100716928466666
"RN7SKP237",0.100593595637758
"GPATCH4",0.10057099740039
"RN7SL339P",0.100568032680198
"OR5AS1",0.100568032680198
"OGDHL",0.100568032680198
"LINC00385",0.100568032680198
"MPP2",0.100568032680198
"KRTAP9-9",0.100568032680198
"LINC02552",0.100500023819563
"RXFP2",0.100462882486735
"MIR4755",0.100456808846635
"MKRN8P",0.10043778573084
"NIPBL",0.100313790265395
"LINC02142",0.100301150438041
"MAJIN",0.100299959812855
"CLIC4P2",0.100291335311671
"PACRG",0.100280703910119
"SPHKAP",0.100268275511742
"ERICH3-AS1",0.100258817726876
"MS4A2",0.100251106406927
"FDX1P1",0.100139599193434
"FAM230A",0.100101589003563
"ACO2P1",0.100073208051928
"WWTR1-IT1",0.100010168913187
"LINC01139",0.0999188059171686
"OR13G1",0.099881051230824
"PRR23B",0.099881051230824
"GDF3",0.0998031126165699
"FADS6",0.0997411417562679
"ENTPD1",0.0997358104930667
"DYNAP",0.0997113490467807
"SLC51B",0.0996969959984827
"RPS4Y2",0.099682627473549
"ZNF750",0.0996799254766434
"LINC01370",0.0996799254766434
"POLR2M",0.0996580274686739
"KCND3-AS1",0.0995832122939797
"LINC00508",0.0995723102306266
"TRBV17",0.099564859196921
"PRAMEF2",0.0995321219644173
"LINC00393",0.0995321219644173
"PICART1",0.0994435587905141
"PTPN21",0.0994349612808345
"GPHB5",0.0994169892367423
"RNASEH2A",0.0993751618553943
"ARL8BP2",0.0993584580326241
"GTF2F2P2",0.0993584580326241
"ADH5P2",0.0993584580326241
"CHMP1AP1",0.0993584580326241
"PRAMEF14",0.0993584580326241
"RD3",0.0993584580326241
"LCE1A",0.0993584580326241
"CHRNB2",0.0993584580326241
"PRR9",0.0993584580326241
"NPHS2",0.0993584580326241
"ERI3-IT1",0.0993584580326241
"NTRAS",0.0993584580326241
"SERTAD4-AS1",0.0993584580326241
"NHLH2",0.0993584580326241
"LINC01650",0.0993584580326241
"RPL21P70",0.0993584580326241
"LINC01867",0.0993584580326241
"VWC2L",0.0993584580326241
"MED15P5",0.0993584580326241
"DNAJC17P1",0.0993584580326241
"RNU6-561P",0.0993584580326241
"MYCN",0.0993584580326241
"SNAI1P1",0.0993584580326241
"ANKRD20A8P",0.0993584580326241
"RN7SKP103",0.0993584580326241
"BSN-AS1",0.0993584580326241
"GPR156",0.0993584580326241
"HHATL",0.0993584580326241
"POU5F1P7",0.0993584580326241
"KCNMB2-AS1",0.0993584580326241
"DPP3P1",0.0993584580326241
"LINC02173",0.0993584580326241
"CCDC158",0.0993584580326241
"HMGB3P15",0.0993584580326241
"OR7E35P",0.0993584580326241
"LINC00498",0.0993584580326241
"SV2C-AS1",0.0993584580326241
"OR2G1P",0.0993584580326241
"LDHAL6FP",0.0993584580326241
"FEM1AP3",0.0993584580326241
"FHL5",0.0993584580326241
"OR2W1-AS1",0.0993584580326241
"SNORA5C",0.0993584580326241
"MIR591",0.0993584580326241
"MTCYBP29",0.0993584580326241
"EVX1",0.0993584580326241
"CLK2P1",0.0993584580326241
"RASA4EP",0.0993584580326241
"DDC",0.0993584580326241
"CPA1",0.0993584580326241
"CFAP144P1",0.0993584580326241
"DRAXINP1",0.0993584580326241
"CTAG2",0.0993584580326241
"MAGEA12",0.0993584580326241
"NYX",0.0993584580326241
"NKX2-6",0.0993584580326241
"STMN4",0.0993584580326241
"MIR486-1",0.0993584580326241
"KRT18P66",0.0993584580326241
"RNF224",0.0993584580326241
"RNU7-124P",0.0993584580326241
"LINC02834",0.0993584580326241
"LINC01230",0.0993584580326241
"KCNQ1DN",0.0993584580326241
"COX6CP5",0.0993584580326241
"PATE2",0.0993584580326241
"SSU72L5",0.0993584580326241
"MTND2P16",0.0993584580326241
"BTF3P15",0.0993584580326241
"AGGF1P2",0.0993584580326241
"CALHM3",0.0993584580326241
"OR7E110P",0.0993584580326241
"CUZD1",0.0993584580326241
"TLX1NB",0.0993584580326241
"IL9RP2",0.0993584580326241
"LHX5",0.0993584580326241
"ZIC5",0.0993584580326241
"CNN2P12",0.0993584580326241
"HNRNPA1P29",0.0993584580326241
"MFAP1P1",0.0993584580326241
"LINC00421",0.0993584580326241
"ANKRD20A9P",0.0993584580326241
"IGHVII-22-1",0.0993584580326241
"RPL21P115",0.0993584580326241
"MIR1268A",0.0993584580326241
"LINGO1-AS2",0.0993584580326241
"LINC01169",0.0993584580326241
"IMPDH1P11",0.0993584580326241
"ADAM3B",0.0993584580326241
"DPEP1",0.0993584580326241
"IL17C",0.0993584580326241
"PIRT",0.0993584580326241
"KIF18B-DT",0.0993584580326241
"MIR4727",0.0993584580326241
"SOST",0.0993584580326241
"LRRC3C",0.0993584580326241
"TMEM132E-DT",0.0993584580326241
"DEFB127",0.0993584580326241
"C20orf173",0.0993584580326241
"KCNK15",0.0993584580326241
"LINC00686",0.0993584580326241
"LINC01749",0.0993584580326241
"SIRPB3P",0.0993584580326241
"SBK3",0.0993584580326241
"PSG8",0.0993584580326241
"MAN1A2P1",0.0993584580326241
"VSTM2B",0.0993584580326241
"ZNF72BP",0.0993584580326241
"RNU6-810P",0.0993584580326241
"SDC4P",0.0993584580326241
"TOMM40P2",0.0993584580326241
"KRTAP20-1",0.0993584580326241
"RPS6KA2",0.0992882285527349
"ASB6",0.0992012005905747
"CNTNAP3B",0.0991492099807932
"MIR4659B",0.0991210012962844
"RIMBP3B",0.0990946383922909
"NCKAP5",0.0990457810529972
"SLC17A1",0.0989904622745406
"SLC46A1",0.0989494850376879
"LINC01958",0.0989148494970834
"DBF4P2",0.0988871167230758
"LINC01107",0.0988211572811676
"OR5H1",0.098806534975352
"CCDC13-AS1",0.0987736550758964
"RAF1P1",0.0985672074088824
"SAMD1",0.098374921302481
"ZBTB46-AS1",0.0983502288469466
"FERMT3",0.0982680297777009
"METAP2P1",0.0982172929453188
"OXLD1",0.0981035448858598
"YWHAZP4",0.0980045169835372
"ARL13A",0.0979218636465111
"OGG1",0.097781515956042
"SEMA3G",0.0977300163905895
"PPP1R7",0.0976426412921104
"TSKS",0.0976115120312671
"IGLV2-34",0.0975526663542351
"KIAA1958",0.0974634497472298
"OTUD4P1",0.0974185946605449
"CTRB1",0.0973584096542483
"EIF5AP4",0.0972760143826372
"LINC01721",0.0972416674369739
"NCOA6",0.0972381822298695
"CYTH3",0.0971768029045853
"NDUFV2P1",0.0971655036314674
"SNTG2-AS1",0.0970363076017266
"ACTBP16",0.0970363076017266
"P3H2-AS1",0.0970363076017266
"MIR320B2",0.0969508230230864
"MTATP6P26",0.0968724015428983
"KLK7",0.0968724015428983
"RPL7L1P16",0.0968497591630511
"B4GALT7",0.0968161957164192
"ARHGAP42P5",0.0967042147665885
"EIF4EP2",0.096653125374709
"COPS6",0.0965193911740896
"NEK2P2",0.0964811018988373
"EEF1A1P6",0.0964510964014621
"SKIC8",0.09635857319339
"NCOA7-AS1",0.0963217066904818
"PCNPP5",0.0963217066904818
"ZNF73P",0.0963217066904818
"RPS20P9",0.0962817113327466
"PRH1",0.0962367938900109
"MARK1",0.096121148694383
"URM1",0.0959644170671336
"VOPP1",0.0959468354939703
"SEC22B",0.0959375743476564
"SNORA22",0.0959222570911055
"LINC00460",0.0958063366335293
"LINC01072",0.0957424189353699
"RPL18AP9",0.0956871653950331
"RNU6-959P",0.0953659183216992
"LINC01824",0.0953258193894343
"RN7SL340P",0.095318475531695
"SETDB2",0.0951395110717482
"GZF1",0.0951195617822762
"VPS4A",0.0951041216118529
"RPL9",0.0950080135877735
"LINC00592",0.09487812905696
"MIXL1",0.0948365573967449
"IGHV3OR16-15",0.0948365573967449
"SPIN2A",0.0948316227947804
"MIOS",0.0948188156083804
"CELF4",0.0947822450283017
"UBE2W",0.0946868511372136
"LINC00896",0.0945014706345927
"ARIH2P1",0.0944284452966869
"SLC22A9",0.0943620858065575
"ACTR3",0.094355162923117
"E2F4",0.0943376614744958
"SEL1L2",0.0941899752935651
"PLCG1-AS1",0.093967382664537
"NAPA",0.0939319640856116
"TAB2",0.0938717250963763
"IRGQ",0.0937968260960529
"BOLA2B",0.0937459363372404
"SRSF12",0.0936903118470448
"LINC01682",0.0936676326039306
"ZNF609",0.0934640881625265
"RPL15P11",0.0933999824567516
"ZNF536",0.0933954336474022
"SLC25A31",0.0933677734401003
"SEC23IP",0.0933206643199182
"TAFA1",0.0932249772837818
"RNU7-77P",0.0929344779690696
"VSTM2B-DT",0.0929197639431201
"KRIT1",0.0928041987568395
"EYA3",0.0927970263030397
"CYCSP46",0.0926648771435655
"POP5",0.0923182999718027
"SPMIP10",0.0922810276397664
"RPL35AP38",0.0922810276397664
"LINC02306",0.0922753107163302
"RTCB",0.0922537057287403
"EIF2B2",0.092253632287069
"MAP3K8",0.0921924459449867
"DIO2",0.0921233964492526
"SLC17A7",0.0921132799591466
"EMP2",0.0919514718937911
"RN7SL600P",0.0917965678906327
"SLC1A6",0.0917592314469869
"SNCA-AS1",0.0916705528977315
"PRMT5-DT",0.0915095360594893
"ENTHD1",0.0914404228938655
"LINC03059",0.0912584969050797
"DHX37",0.0912424533976448
"PMVK",0.0912061215277708
"GYG2",0.0911714548558399
"YPEL3-DT",0.0910003646985719
"ZNF317",0.090770152422924
"STRC",0.0907238774794948
"RAB1AP1",0.0905797252557429
"CCDC60",0.0905620243691303
"ARPC1BP1",0.0904991680579539
"HSPE1P22",0.0902603501615553
"ATXN1L",0.0902329702729505
"XRCC3",0.0902316519699484
"H3-5",0.0902144408932392
"NANOS1",0.090050973283377
"CDC42EP3",0.0900243658512989
"IL23A",0.0899465687706895
"C1orf232",0.0899244090991156
"OTUD6B",0.0898931420453611
"ARHGAP28",0.0898554858332914
"DIPK2A",0.089728080707589
"LUNAR1",0.0896176601247751
"INTS6L",0.0895240312863469
"KSR2",0.0894489151362599
"RPS3P7",0.0893775810093912
"MAEL",0.0893564974328932
"CHD4",0.0893400144080165
"FNDC8",0.0892532235174832
"LAMA5",0.0892501031728012
"RIC1",0.0892373886927215
"OGDH",0.0891884129302435
"HGH1",0.0890092775151615
"UNC5C-AS1",0.0889527112848736
"CNN2P4",0.0889527112848736
"RNU6-1034P",0.0889527112848736
"ZNF233",0.088756869402239
"OSBP",0.0887520221736706
"RNU6-223P",0.0885270048503841
"NR2C1",0.0885254412802998
"ERG",0.0885060167855367
"PNISR",0.0884328487386928
"EFTUD2",0.0884284171197093
"LINC01479",0.0883761895896338
"MAGT1",0.0883568355171515
"TOPBP1",0.0883324184202721
"KYAT1",0.0883237132260108
"FGF11",0.0882167966139409
"DMP1",0.0881273636222838
"ITIH3",0.0880574691740504
"MRPS18A",0.0880213202308066
"LINC02217",0.0879582385183574
"CRYL1",0.0878700559714766
"ATP5PBP3",0.0877980102357211
"IGSF21-AS1",0.087672253097208
"OR56B1",0.0876473016401632
"SCAT1",0.0876350093622844
"MED1",0.0875676755602145
"ABCA12",0.0873343665699997
"LRRC47",0.0872832780900364
"C8B",0.0871560752269541
"RPL27A",0.0870514535970758
"SLC6A11",0.0869948075331718
"CPO",0.0869691687441029
"CDH12P1",0.0869116914776851
"TCP11",0.0868730208624354
"SLC27A5",0.0868701165366706
"PCDHGA8",0.0867910823330349
"RPL13AP25",0.0867861505949211
"STK33",0.0867159736513884
"GCSAM",0.086681314663282
"TMSB15B",0.0866335135318538
"PRKN",0.0865752190949039
"CDH15",0.0864325266577839
"ZNF774",0.0863479928984574
"GRID2IP",0.0863470509673368
"POLR1D",0.0862095700452934
"CFHR5",0.0862036868063172
"DINOL",0.0862036868063172
"MAB21L4",0.0860691954877272
"DAXX",0.0860044911917871
"PANK2-AS1",0.0858670559984833
"RPL7AP46",0.0858142800550415
"PRKAA2",0.0858129113996845
"AMOTL2",0.0856206771979946
"ST3GAL1-DT",0.0850619286086798
"TBL2",0.084963439141173
"RNU6-548P",0.0849173821948502
"ZNF646",0.0849112231345025
"FAM230C",0.0848078443039049
"GSTT2",0.0848034097722476
"MED22",0.0847698214502842
"FAM72D",0.0847649814480161
"RPS29P19",0.0847564016063936
"CYB561",0.0847121471838362
"GSTO2",0.0846906311640439
"OXGR1",0.0846413751374928
"NBPF17P",0.0845443555655675
"SEMA3E",0.0845433548035655
"RN7SL403P",0.0844814402451013
"HOATZ",0.0844175891270546
"FAM3A",0.0843896715325655
"KRT24",0.084161052677802
"KCNS3",0.084038487987606
"PSAT1P1",0.0839800031491055
"SERHL2",0.0839453312656108
"GAP43",0.0838477949046356
"TRIM37",0.0837925409371137
"OR10R3P",0.0837705714986154
"GLYATL1B",0.0837332486691945
"LINC02164",0.0837332486691945
"TINAG",0.0836494172431364
"BTF3P3",0.0836023407689463
"FBL",0.0835131190150467
"ENO1",0.0834863354963412
"SUGT1P3",0.0833795630753664
"LINC01069",0.0833708832416967
"STON1",0.083363130238111
"LARRPM",0.0832755669598128
"USP34-DT",0.0831948632773349
"PRKAA1",0.0830726775962546
"HNRNPA1P58",0.083034533340314
"DCXR",0.0830336048472364
"PPA2",0.0828285163308867
"RN7SL3",0.0828041294042737
"MASP1",0.0828030090703353
"ACOT13",0.0827864075513794
"LINC02887",0.0827598303713974
"TCF21",0.0826828653055434
"ZNF521",0.0826822977017725
"RNA5SP25",0.0826207285260099
"CARHSP1",0.0826186600426317
"RN7SL258P",0.0825628164026487
"POLQ",0.0825313196333429
"CRELD2",0.0824252109307771
"TRIM41",0.082355202338253
"ODAD2",0.0823011936023106
"CTXN1",0.0821923140226649
"SEMA3F-AS1",0.0821248184632212
"STK26",0.0820938433053166
"SECISBP2",0.082047751216112
"FA2H",0.0820103098976366
"SERBP1P6",0.0819877383092476
"IFI44",0.0816045419850229
"QTRT2",0.081578866863995
"PES1",0.0815745787344473
"EIF4G2",0.0815617480004882
"RNU6-331P",0.0814343128668541
"PMM1",0.0814264187181152
"TSKU-AS1",0.0813664955193775
"HIPK3",0.0813462840723481
"HNRNPKP2",0.0812210742315478
"PDLIM4",0.0811635621917091
"U2AF1",0.08113724126661
"KCNQ5-DT",0.0810096906140518
"MIR548K",0.0809297559634657
"MYB",0.0808506136329158
"NCOA1",0.0808429946041385
"BCL3",0.0807910843413723
"DLG1",0.0807249924428764
"SOX30",0.0806895515833538
"PPIAP49",0.0806614326539083
"HLA-U",0.0806029850254846
"CSPP1",0.0804245543523049
"SAMD7",0.0804031656602673
"BNIP5",0.0803705115004889
"CHTF18",0.0803460289582483
"PXDNL",0.0802993795761227
"ESPNL",0.0802216191736956
"TREML2",0.0802216191736956
"PTBP2",0.0800638400243627
"TIPRL",0.0799516895136328
"MYH10",0.0798926164212
"KYNUP1",0.0798486191025622
"RPL23AP38",0.0798105942322601
"ARX",0.0798105942322601
"SLC10A2",0.0798045083373135
"AREL1",0.0796930043024563
"MIR4746",0.0795472489338322
"ZXDC",0.0794525097553569
"HPR",0.0793526892073209
"UBQLN2",0.0793323467060858
"RNU6-946P",0.0793153866460768
"EPS8L1",0.0792125948456602
"IKBKGP1",0.0792077218439263
"VPS35",0.079112705080987
"RAB3B",0.0790636228124223
"RPE65",0.0790040188637837
"ATP9B",0.0789860613160964
"PHF21A",0.0789409206447146
"TAS2R15P",0.0789278888412957
"ZNF655",0.0789194638910847
"FBN1",0.0788064330261379
"C19orf33",0.0786710124212527
"HAX1",0.0786603000219538
"LINC02266",0.0785930010138783
"LINC02751",0.078588795514523
"DUX4L32",0.0785729747652918
"LINC02947",0.0785458440680291
"HCFC1R1",0.0784080161325683
"HAND2-AS1",0.0783437805048884
"BDH2P1",0.0782935664945778
"HCRTR2",0.0782427441723076
"ELOCP3",0.0782427441723076
"SRY",0.0782390559675159
"ACOT12",0.0781315091912044
"TGFBR1",0.0779475380365398
"PHF14",0.0778277326351443
"NHERF2",0.0777405733109089
"CHMP4A",0.0776596059987535
"SLC28A2-AS1",0.0775815270879826
"STRADA",0.0774899531517762
"OR8I1P",0.07733955133955
"KRT83",0.0770876941669504
"TMEM212-AS1",0.0770752559793555
"IGHV1-12",0.0770752559793555
"TNS2-AS1",0.0769480064763013
"ADGRF5",0.0766211817185054
"DCX",0.0766178956563794
"TMEM69",0.0765581699378915
"RPL3L",0.0765138514238377
"OR11P1P",0.0765034575002425
"ANKRD6",0.0764214285090171
"BTBD3-AS1",0.076400531867542
"KRT17P3",0.0762918621583322
"FAM98C",0.0758269606861867
"OXR1",0.0756523399343155
"ENPP7P6",0.0755906164474654
"SLC35F4",0.0754857250556435
"LINC01040",0.0754551777652201
"EIF4EBP2",0.0754477625708205
"FKBP14",0.0753212500810095
"CCDC178",0.0752637445304346
"TBC1D3C",0.07525146291292
"SAP30L",0.075150047404784
"UBQLN4P1",0.0750029774613215
"SLC13A1",0.0750029774613215
"DGAT2-DT",0.0750029774613215
"SNTN",0.0749704016191721
"LINC03003",0.0747019399273422
"ITGAD",0.0746331272293792
"CORO7",0.0745565833346914
"PIAS3",0.074547197235114
"HPRT1",0.0743346060435751
"RNU6-212P",0.0742729556266826
"LDLRAD1",0.0741910098616381
"TAPBPL",0.0739791327621027
"HMGXB3",0.073896841622668
"LIG4",0.073893298206575
"LINC00907",0.0738264415853402
"DRAM2",0.0736768460616152
"CEP83",0.0734643725635297
"TEX15",0.0733408234785933
"SPAG7",0.073190221967918
"FKBP8",0.0731337534066678
"RN7SKP78",0.0731192578832107
"TRAPPC3",0.0730771971402334
"CFAP20DC-AS1",0.0730335220881215
"TMEM140",0.0729896435740162
"RACGAP1",0.0728792469347712
"MTND5P17",0.0728152645173353
"RNU7-8P",0.072777715078173
"GRK1",0.072777715078173
"ZNF768",0.0727508557781084
"VDAC3P1",0.0727328374161673
"FAM153CP",0.0725726072329532
"RPS3AP13",0.0725681288248083
"SMR3B",0.0725058498720322
"RPL23AP50",0.0725058498720322
"NBEAP4",0.0725058498720322
"PPP1R12BP1",0.0725058498720322
"CABIN1",0.0724945784225556
"LINC02642",0.0724460107870912
"FMNL1-DT",0.072384431074351
"LINC01180",0.0722332939721952
"RAB3C",0.0721468257174911
"ASB5",0.072131473275971
"MIR150",0.0719964887233746
"ITGB3",0.0719847749799166
"TP53BP2",0.0718794934828165
"RPL31P5",0.0716571334971705
"CPD",0.0714258808917594
"CCDC97",0.0713113718040987
"RGS13",0.0712756106782955
"PTMAP4",0.0712320676115528
"NAP1L1P1",0.0711458752268169
"KRT5",0.0711254473073924
"LINGO1",0.0711120163186953
"TMEM201",0.0710610012364841
"ELK1",0.0709979390855266
"CLDN15",0.0709811187241405
"HPYR1",0.0709618599939436
"LURAP1L",0.0709279293343114
"PCNPP1",0.0709279293343114
"FASTK",0.0708462490668342
"DRC7",0.07078959187547
"PTCHD4",0.0707878924584204
"FAM135A",0.0707369722380234
"RTCA",0.0706870802787933
"ASCC3",0.0702471690186475
"EBLN2",0.0701721368449474
"F2",0.0700706671556893
"FAM230J",0.0700706671556893
"KMT2C",0.0700265874692242
"CYTOR",0.0699260720240426
"TPK1",0.0698424739152387
"MMP8",0.0698157322768699
"SETP6",0.0697774259147254
"GON7",0.0697426276506259
"UBE2E4P",0.0695900131671306
"LINC02413",0.0695842404911926
"TBR1",0.0695319709999992
"OR6Q1",0.0695319709999992
"RNU6-1138P",0.0694940005605954
"GGTLC5P",0.0694772332043928
"NDUFA6",0.0694716063410354
"NDUFA6-DT",0.0693995819625201
"ARHGAP30",0.069391279244471
"ARL13B",0.0693117756098984
"TFDP1P2",0.0692699213261419
"PARP4P2",0.0692512371302921
"RNU12-2P",0.0688241244613439
"B3GAT1-DT",0.0687882164542636
"ZNF77",0.0687873119899259
"TMEM97",0.0687740705719624
"UTRN",0.0687436019204872
"FAM24B",0.0686887700682814
"CREBRF",0.0685263644525681
"LINC01122",0.0685093488894377
"FKBP3",0.0684005817245413
"RXFP1",0.0683669237576962
"HNRNPA1P35",0.0682247430733575
"LRTM1",0.0682052699493656
"ACACB",0.0680927030581959
"TBC1D3G",0.0680637311130084
"STK11",0.0679140618295064
"BMPER",0.0678786757720264
"ANKFN1",0.0677885051722619
"CYP4F3",0.0676771378290957
"RPL23AP57",0.0676383661595572
"RIMKLA",0.0676215250171853
"SMURF2",0.0676098528325845
"TACC1P1",0.0675394634782906
"GRAPL",0.0674814250058555
"SLC24A2",0.0674145771828784
"RAB14",0.0673485346568748
"ANXA8",0.0673125794093347
"GSDMA",0.0672580351338333
"VTN",0.0672521280733616
"PDCL2",0.0671413650857905
"PELI2",0.0671279404364017
"GID4",0.0671151753189577
"HMGB1P1",0.0671074646128496
"TULP3P1",0.0670813632014737
"CNTN1",0.0669682824491158
"RNU6-541P",0.0668867317611214
"UBE3B",0.0667774791820944
"MSMP",0.0667117826798337
"THRAP3P1",0.0666737759360725
"RPSAP8",0.0666015258268304
"APEX1",0.0665887068458541
"SYMPK",0.0664786479426602
"IGLV2-5",0.0664738938804103
"SCIN",0.066430856697925
"LAMA1",0.0664187404950725
"RPL10L",0.066415644251608
"UBXN1",0.0663866636932662
"MALRD1",0.0663326748095178
"GCN1",0.0663284175765501
"MRPS10",0.0663224310457394
"MTND4P25",0.0662639572470132
"ITPA",0.0662404515544035
"ZDHHC3",0.0662402826414645
"RNF17",0.0662282142666347
"SMU1P1",0.0662281549550448
"RPSAP71",0.0662216730648624
"RPL29",0.0661002206999558
"RPL12P8",0.0660647369497776
"RNU6-1025P",0.0659932931493764
"IRAIN",0.0659932931493764
"KIF7",0.0659624571558633
"FABP9",0.065905012755674
"SMAD3-AS1",0.065905012755674
"SNORA51",0.065905012755674
"RNU7-160P",0.0658581605560679
"NUDT4B",0.0656236806712934
"RPL29P16",0.065568540623222
"CHL1",0.0654361998130903
"RPL21P22",0.0652710827697281
"GRB14",0.0652107153673831
"QARS1",0.0651640135158491
"PUM1",0.0651316137183898
"ZNF33CP",0.0651061449851755
"RPSAP28",0.0650730883209008
"MIR548Q",0.0650730883209008
"OPA3",0.0650461587750608
"RPS2P48",0.0650438390014782
"SUMO2P20",0.0650102684072541
"ACTN4P1",0.064926908683964
"DCHS2",0.0648786194057046
"SETP4",0.0648570185090788
"CSDE1",0.0647023736971923
"KPNA7",0.0646671664888214
"PRDM10",0.0646465370150855
"RPL36AP26",0.0645491360981189
"RNU6-856P",0.0643942666909435
"HMGN2P30",0.0643598521829467
"ACTR3C",0.064319037100378
"KPRP",0.0643036320591924
"MRPL57",0.0642558949703026
"SNRPD3",0.0641694652400194
"COMMD3",0.0641521567532942
"KITLG",0.0641425330125315
"LINC02474",0.0641381801951855
"CWC25",0.0641133416989562
"CDHR4",0.06410540978244
"LINC00485",0.0640919466775979
"TRAPPC12",0.0640758206553626
"HNRNPA1P74",0.0639962192522517
"SP2",0.0638761309947558
"MAN1A2",0.0636508180085756
"CELF2-AS2",0.0636101909431929
"CCDC90B",0.0635598506523545
"GLRX5P1",0.0635423778765023
"ACAD10",0.0633211142851033
"JPT2",0.0632348508307136
"KCNJ5",0.063211577414318
"PPP4R2P1",0.0632074802893249
"DNAJC19",0.06319625656022
"MYL6B",0.0630632408384364
"OXT",0.0628828261463988
"TTC32",0.062847999906859
"LINC01162",0.0628040403588479
"DAAM2",0.0627991735555112
"LINC03017",0.0627772229788356
"LINC01490",0.0625032825476724
"IGBP1P1",0.0625032825476724
"NFILZ",0.0625032825476724
"SPTSSA",0.0623678914178931
"LINC02355",0.0623560355601977
"CCT6B",0.0622101352057692
"UBA52P5",0.0621771907892827
"IGHV3-76",0.0620522613795151
"MFAP3L",0.0620514642027136
"MAT2AP1",0.0618847158087841
"MYOCD-AS1",0.0617976618922731
"CCDC61",0.061791048822916
"LINC02464",0.0617162723379988
"RSPH9",0.061695696215303
"UBE2L3",0.0616869744638322
"UGDH-AS1",0.0616835174506849
"CFAP276",0.0616056754511284
"ZNF480",0.0615282899680572
"SCAI",0.0614266550622878
"VAX2",0.0614243770339332
"COL1A2",0.0613780855242343
"HAUS1P3",0.0612870647137521
"CPNE3",0.0612789704427815
"GNPTG",0.0612514811261988
"SPDYA",0.0611671257870127
"OGFR",0.0611599349321237
"SLC31A1P1",0.0611117244466834
"OR8B5P",0.060933639052743
"IGHV2-26",0.0609270480791689
"LINC01499",0.0609008767834904
"LHFPL3-AS1",0.0608381168501636
"SNORA30",0.0607514192332367
"PPP4R4",0.060743403561826
"PTPRH",0.0606800791367313
"AXIN1",0.0606737083093622
"CYP8B1",0.0606094282439404
"RNA5SP217",0.0605947798603628
"RNU6-653P",0.0605947798603628
"RPS3AP20",0.0605204793628007
"LINC00904",0.0604773780691093
"SUB1",0.0603956619752778
"LINC02412",0.0602523355491526
"CYP17A1",0.0601815958937382
"PCDHB7",0.0601666383852994
"PPIAP13",0.0600966640952109
"RPL23AP37",0.0600551566613595
"CEMIP",0.0600017892736731
"NPY1R",0.05986402307261
"TMEM53",0.0598360271137783
"KPNA3",0.0598204500970866
"ANO4",0.0598063877487125
"IFIT6P",0.0597955121479939
"AK3P5",0.059737593489977
"CYP4V2",0.0596237533744225
"RPS29P11",0.0596035093623041
"RPL18AP14",0.0596035093623041
"CCDC175",0.0595565731692722
"FGF12-AS1",0.059500262179568
"SCOC-AS1",0.059477895098323
"LINC01397",0.0594100041023282
"DDX10P2",0.0593493618831057
"RPL36P9",0.0591973015327886
"FRMD8",0.05915806365279
"CDKN2AIPNLP3",0.0591486921176805
"HEY2-AS1",0.0591411794267881
"LINC02941",0.0590728896283229
"SORCS3",0.0590499385165504
"MX1-AS1",0.0589263206050116
"WNT4",0.0587755580727476
"ZNF608",0.0587256636283849
"NPM1P8",0.0587105976043647
"RNF103-CHMP3",0.058706623303924
"RPS3AP54",0.0586955607152861
"ZC3H11B",0.0586767269954112
"TPPP2",0.0586261499084082
"RAB4A-AS1",0.0585901036159517
"CAPN7",0.0584990123997207
"STMN3P1",0.0584875383305021
"HNRNPA1P18",0.0584780928488931
"AFP",0.0584741802840705
"ZBTB40",0.058468693984234
"WNT7B",0.0584086232467841
"LINC00507",0.0583792346317084
"LINC01961",0.0583166894035184
"CSNK2A3",0.0583111112833382
"RPL27AP8",0.0583085450155369
"RPS29",0.0582770470831888
"FREM1",0.0582743058503147
"AJAP1",0.0582067802684485
"BAG3",0.0582061504112765
"PIGCP2",0.0581484771178243
"MS4A18",0.0579030416644079
"NPIPB2",0.0578149950287865
"PYCR2",0.0577938321356102
"NPIPB14P",0.057779850446359
"EPHA5",0.0577537039806262
"CIR1P1",0.0577364922904274
"DGLUCY",0.0577140011869772
"RPS20P2",0.0576517767814643
"RNY3P14",0.0574945580661732
"SUCLG2P2",0.0574031325092577
"KRT18P43",0.0572456608598248
"LINC00518",0.0571251919643895
"H4C1",0.0570264047689822
"EDIL3-DT",0.0570008993393571
"AFG2B",0.0569945681930104
"LINC03074",0.0569552434271983
"RN7SL193P",0.056840586158715
"VGLL3",0.0566240531009429
"STIM2-AS1",0.0564601790379269
"DEPTOR-AS1",0.0564601790379269
"DYRK1A",0.0564385878805013
"HMGB1P4",0.0564369973623237
"RBBP4P4",0.0564208810659333
"PMM2",0.056415344075212
"KCND2",0.0564110004693169
"LINC02319",0.0564110004693169
"IGKV2-10",0.0563388009939304
"RPL23AP18",0.0559951683590139
"WBP1P2",0.0559478046228325
"FRA10AC1",0.0559347777068449
"HNRNPA1P25",0.0559118062396196
"LINC02231",0.0558886806750392
"RNU6-1004P",0.0558705790043122
"MTCO2P25",0.0558656059357572
"FHOD3",0.0557867809140356
"FUT6",0.0557761216382071
"SPATA1",0.0555525285448601
"SMG1",0.0555323880243455
"ZNF564",0.0555275969401911
"CYP1A1",0.0554657751930633
"RNU6-640P",0.0552769766133884
"GNA15",0.0552164589109395
"HNRNPA1P20",0.0551761805379639
"UPK3BL1",0.0551761805379639
"BTF3P2",0.0551418679071479
"FMC1",0.0548918417809522
"CEP250-AS1",0.0548566559571891
"TMED5",0.0548324038887159
"SPATA13",0.0548192507566456
"B4GALT6",0.0547904475346307
"LINC02469",0.0547829115022682
"OR52R1",0.0547829115022682
"SERAC1",0.0547585731480081
"OR2A12",0.0546527089725501
"BCL6",0.0546280881849011
"CD1E",0.0544599733713933
"ST13P6",0.0540544309329182
"PLEKHM3",0.0540504594355803
"IGHV3-35",0.054026857439034
"CHRNE",0.054012131781257
"RN7SL517P",0.0539166960336757
"DEFA9P",0.0538984184225736
"GPR173",0.0537618059494659
"CLPTM1L",0.0537205057308862
"SSR3",0.0537181218635481
"FBXO43",0.0537020929993469
"NAA11",0.0536761994307886
"IGHV3-16",0.0536681122362403
"DLEU2L",0.0536175562617335
"CNGB3",0.0535580962858019
"LINC02190",0.0535478116408859
"NKX6-1",0.0535348824019004
"RPS15AP1",0.0535200942976947
"MLLT11",0.0534841227443067
"ZER1",0.0534822472193528
"MT-ND1",0.0534698557333509
"CDK4",0.0534321811031814
"ZBED5",0.0534190562615879
"GATC",0.0533486711166309
"ORAI2",0.0533241677599366
"RNVU1-33",0.053242968016126
"RPS3AP44",0.0532033389941026
"DIS3L",0.0532005426609408
"BAHCC1",0.0531941769941853
"DEFB126",0.0531496423473787
"IPO8P1",0.0531084132011147
"MBD1",0.0531035571190081
"SH3GL1P2",0.0530235731440864
"EPM2AIP1",0.0529904052701175
"MTND1P6",0.0529212234904641
"MYL12AP1",0.0529122031770576
"RPL7L1P14",0.0529036229920153
"FGFR3P3",0.052841402039051
"RPL6",0.0528385103674614
"ABRACL",0.0526878565221032
"LINC01363",0.0526327055868975
"NIM1K",0.0526161936536257
"ARHGEF33",0.0526060460627653
"COP1",0.0526027521250003
"TUT1",0.0525697863602663
"NOL7",0.0525493471419306
"HERC5",0.0525267581138251
"BRINP3",0.0525202801824885
"PPP1R3F",0.052492189736379
"KRT8P37",0.0523836271201627
"KMT2D",0.0523357294877543
"PIP5K1P1",0.0522851960864983
"LINC02078",0.0522851960864983
"OR2T11",0.0522732057447416
"LINC02500",0.0522732057447416
"GABRA3",0.0522515609572629
"UGT2A3",0.0522147257787213
"LINC03007",0.0521784112818661
"ZNF355P",0.052104579655749
"CDCA4",0.0520902712135896
"RPL23AP15",0.051968036908326
"PLSCR5-AS1",0.051968036908326
"NSG2",0.051968036908326
"C5orf60",0.051968036908326
"PAGE4P1",0.051968036908326
"DUX4L52",0.051968036908326
"OR7A17",0.0519663369076314
"CAP2",0.0519567058750243
"OR2A14",0.0519257544787901
"LINC02669",0.0518757740471947
"TDRD5",0.0518003373945091
"CHRNA7",0.0517969925586439
"LINC01640",0.0517341006744863
"ZNF415",0.0517308736014546
"LRRC45",0.0517231010156118
"LMTK3",0.0516255330972395
"CRTC1P1",0.0516085863996994
"LINC02378",0.0516085863996994
"HUWE1",0.0515645004578607
"CFAP184",0.051546284562716
"POM121L6P",0.051546284562716
"SHROOM2",0.051546284562716
"SIAH3",0.051546284562716
"RPL10P5",0.0514428631559395
"TCAF2P1",0.0514353333617267
"LINC01915",0.0514334818849157
"LINC01825",0.0514113090216202
"TERB2",0.0513537193111116
"PWRN1",0.0512983606440997
"CASP9",0.0512671555769667
"AMTN",0.0512145672266427
"SLC39A1",0.0511641051631542
"ANKRD13C-DT",0.0510186761988539
"SCGB1B2P",0.0507736368438532
"BCLAF1P1",0.0507469861601372
"ACBD5",0.0506958575871292
"TSPAN14-AS1",0.0504926908615533
"CHL1-AS2",0.0503564890139502
"WAPL-DT",0.0503101568546433
"ERP29",0.0503044698407441
"RBPMS-AS1",0.0502422086520325
"MICAL2",0.0500745131220075
"ZSWIM9",0.0500425563765671
"TSPAN14",0.0500296915525772
"RPL13P2",0.0500249613341701
"CNOT1",0.0499747693818742
"RAD23B",0.0498995616947251
"FZR1",0.0498282763047624
"DYNC1I2P1",0.0497736805348828
"RELB",0.049763771800294
"RPS18P9",0.0496785265892971
"ARPC1AP2",0.0496194370875622
"MTND6P22",0.0495414688097106
"PIRAT1",0.049503270566557
"ATXN2",0.0494990447496591
"RPS23P9",0.0494390378065964
"AFG3L2P1",0.0494390378065964
"DCP2",0.0493200843017054
"CSNK1G1",0.0492915486066648
"LINC02208",0.0492812768974756
"GARS1-DT",0.0492198651415277
"OR7E97P",0.0491857837570254
"MAP2K1P1",0.0491177830750265
"SETD3",0.0491175666223776
"SNX16",0.0491043799463463
"RASA1",0.0488970073312838
"LGALSL-DT",0.048843848571147
"MPHOSPH10P9",0.0488326707797977
"DENND2B",0.0486939029780521
"RNU6-1096P",0.0486580966845774
"KCNB2",0.0486138764204912
"CPS1-IT1",0.0485870515194606
"SNAPC2",0.0485379597121512
"RELL2",0.0485245647434672
"ANTXR1",0.0482106672465772
"COL9A2",0.0482078902022703
"PNISR-AS1",0.0481938635508824
"PEX19",0.048138393722289
"KCTD9P4",0.0479716562158137
"MUC2",0.0478094377701313
"LRRC20",0.0477879988601718
"TRHDE-AS1",0.047683206884714
"LINC01911",0.0476708275111914
"NUTF2",0.0475604746087346
"TCF12",0.0475496777964671
"OR5BN1P",0.047465244323927
"H2AZP6",0.047465244323927
"ULK2",0.0474138665341812
"VPS28",0.0471770109995917
"LINC02997",0.0471501250780672
"ZNF662",0.0469935099437092
"NUP62CL",0.0469152782458341
"OR13K1P",0.046825301607143
"ANKHD1",0.0467621035694017
"SLC9A4",0.046587394505367
"MTCYBP37",0.0465170912844972
"MARK2P10",0.0465161908897038
"FRMPD1",0.046501613678092
"LIN37",0.0463712496620162
"ZMYND11",0.0463547856450082
"RSL24D1P1",0.0463231754341047
"LINC02679",0.046318714226879
"ZFP2",0.0462780377377202
"RPL7AP15",0.0461334072510217
"PBRM1",0.0461167402586533
"TSPAN31",0.0460075728516887
"TRIM33",0.0459702301070492
"RNU6-1276P",0.0458627240225469
"SBF2-AS1",0.0458430176951712
"ADGRF1",0.0457037184006118
"EPN2-AS1",0.0456199698523347
"ENPP3",0.0455081251721362
"RNA5SP143",0.0454947528399432
"LINC01933",0.0454939535763843
"PRR15L",0.0454438236682554
"DNM2",0.0454358531050131
"RN7SKP263",0.0453552797266027
"DRD2",0.04527591122804
"NME2P3",0.0452426740359178
"LINC00458",0.0452000995592547
"PDCL3P7",0.0451914948920674
"NT5DC1P2",0.0450089065542538
"FAM240C",0.0449057335065807
"YWHAQP10",0.0449011636200897
"FBXO47",0.0448913897976897
"POLD3",0.0448124797477278
"CHM",0.0447738334478746
"EI24P2",0.0446856628994515
"AGGF1P4",0.0446856628994515
"LIPE-AS1",0.0446784808302526
"POMGNT2",0.0446234756048225
"PFKFB2",0.0446102748371964
"PHKG1",0.0446064331669508
"LINC01685",0.044517674511836
"MYCBPAP",0.0444699422203084
"TMEM97P2",0.0444305025685689
"NQO2-AS1",0.0443170550588879
"CCDC198",0.0442956458917245
"LINC02096",0.0442637830195177
"KIAA2013",0.0442388884363381
"PGGT1BP1",0.0442142666740414
"CADPS",0.0441317766426461
"LINC01013",0.0440492326862617
"ECT2",0.0440130828090423
"EEF1A1P11",0.0439820914626655
"WASF1",0.0439438975445481
"ARHGAP42P4",0.0439275203501936
"ARRDC1",0.0438975808656767
"SPCS3",0.0438855604946083
"SLC35B3",0.0438693700688341
"LINC01291",0.0438445496916716
"QPCTL",0.0438028592229911
"CPSF7",0.043534353557789
"RCC2P4",0.0435044885968886
"LINC02075",0.0435044885968886
"LMAN2",0.0432997886398607
"MOCS2",0.0432782047639025
"TNFSF9",0.0432629975466906
"COMP",0.0432107879439615
"BRMS1",0.0431728125034149
"MCFD2",0.0431229685787886
"NDUFAF8",0.0430669756187983
"SDHD",0.0430202350795782
"SMPD4P2",0.0429433469861019
"TMEM150C",0.0428441647232887
"ELOVL2-AS1",0.0428351103970167
"RNY4",0.0428351103970167
"PKNOX1",0.0427018177311998
"LCE1E",0.0426647844506944
"XIAPP1",0.0426647844506944
"BPNT1",0.0426131836062457
"WIPI1",0.0425615176850777
"MED8-AS1",0.0424893098814199
"RANGRF",0.0424759592361311
"PDE10A",0.0424536052510442
"HSP90AA6P",0.0423875041173928
"CHMP1A",0.0423263456528651
"LINC01375",0.0422033226649785
"TMEM229A",0.0421924044661822
"DCAF13P1",0.0420812123607193
"LINC02906",0.0420434035359288
"CLTB",0.0420250512540864
"LINC00639",0.0420057609033642
"TGFB1",0.0419426920205958
"SRD5A2",0.0419391314864525
"MRGPRX4",0.0419391314864525
"RMRPP5",0.0418743707922623
"OR2D3",0.0418743707922623
"TMC2",0.0418604824876772
"DISP1",0.0418491637754303
"LINC01600",0.0417826075548581
"RNU6-138P",0.0417344048131363
"HEBP2",0.0415751912955168
"NRAV",0.0414733859788394
"HBA1",0.0414107152279383
"NFATC2IP",0.0413294690351778
"POLR2MP1",0.0411606996128445
"KRT18P47",0.0411469747573349
"PRR33",0.04111309184645
"FCRL4",0.0409846802013202
"SELE",0.0409341547714094
"LINC02017",0.0409341547714094
"CYP2G2P",0.0409341547714094
"LINC02507",0.040895860152486
"RNMT",0.0408909711971616
"UXT-AS1",0.0408855775431066
"PIK3R6",0.0408852158813698
"MEIS1-AS2",0.0408655992139976
"HSPA8P16",0.0408248602024564
"FKTN-AS1",0.0408248602024564
"VCF2",0.0408192626771047
"LINC02237",0.0407369596761097
"NUDT11",0.0406568039444527
"FABP5P1",0.0406473713809067
"RPL23AP75",0.0406201100059888
"AK7",0.0406149086228576
"PTCHD1",0.040593432136453
"CAPN12",0.0405205438738522
"CDH8",0.0405155609907289
"TIMMDC1",0.0404598781148279
"COP1-DT",0.0403700678558883
"TRIM5",0.0403347185028155
"RPL23AP66",0.040263828467723
"TMEM81",0.0402268545326015
"MAP2K7",0.040180633950266
"YTHDF2P1",0.0400646185787919
"SSB",0.0399244046949308
"CYP4F10P",0.0397881958679724
"ZNF807P",0.0397299982527923
"XPOTP1",0.0397138208801322
"LINC02144",0.0396832009857201
"MLEC",0.0395706715318147
"FDX2",0.0394803381016837
"CDK12",0.0393912070248563
"BOLA1",0.0393513444939283
"MICD",0.0392802985305145
"NIPSNAP2",0.0391852564882066
"LINC02018",0.0391678030244044
"ZNF688",0.0391297611778516
"SMG7-AS1",0.0390829096711539
"RHEBL1",0.0390520925021706
"PWWP3B",0.0389875295464485
"MAP3K2-DT",0.0388250728311173
"CTSA",0.0387460655706139
"NXT1P1",0.0387312553807634
"ATP5PB",0.0387283556832394
"ADGRA2",0.0387260515404692
"RPS12",0.0387160373156528
"NIT1",0.038675639586779
"FBXW12",0.0386595782175794
"TMSB15B-AS1",0.0386237952690927
"HYOU1",0.0386128530236734
"YPEL2",0.0385976800190739
"ZNF285CP",0.0385810097097399
"DUS2",0.03848441010649
"LUARIS",0.038469968711378
"SLFN11",0.0384677193437103
"RNA5SP288",0.0384628766886636
"LINC02711",0.0384628766886636
"RPS27P1",0.0384628766886636
"TMPRSS11D",0.0384532009201087
"WDR64",0.0384471749457698
"CUBNP1",0.0384342188036849
"HIGD1AP12",0.0384223396081333
"TRIM14",0.0383917819984661
"OXTR",0.0383757608618352
"RPS6KA5",0.0383646364001807
"ARMC10",0.0383182600421895
"GNG7",0.0382650540586619
"LINC01449",0.0382526836569083
"USP17L1",0.0382526836569083
"OR11K2P",0.0382526836569083
"WDR77P1",0.0382392677902239
"DANT2",0.0381019853851556
"TMEM138",0.0380962455413146
"TMEM87B",0.0380891102083812
"ABCC13",0.0380281013458242
"ABRAXAS1",0.0377729720027611
"SPECC1L-ADORA2A",0.0377109603302646
"CTNNA2",0.0377035601240184
"MLF2",0.0376682026019738
"TCL6",0.0375797857852103
"IMPACT",0.0375503895799084
"SERBP1P5",0.0373655633493196
"NPIPB13",0.037170424373888
"OR4N2",0.037161560844588
"KLHL4",0.0370861050678502
"LINC01090",0.0370643570273345
"NRXN1",0.0369891616082009
"FCHO1",0.0369837021925511
"CEP57L1",0.0369818042367156
"FAM53C",0.03697642737925
"ARSA",0.0369261494606802
"COL5A3",0.036922626209507
"ERICH3",0.0368813041119854
"SSX1",0.0367416738256928
"MTATP6P23",0.0367364671080058
"PPIAP59",0.0367163712717171
"PHB1",0.0366576769486473
"PTBP3",0.0365003341575532
"PRDM16",0.0364064966563549
"ERVW-1",0.0363908795747372
"IGKV3-31",0.0363700181710627
"RBBP8NL",0.0363608681794143
"RPL21P61",0.0363600427903312
"SALRNA2",0.0363600427903312
"OPN5",0.0363052875346055
"ITIH2",0.036301996375755
"MIR215",0.0362842661906011
"IQCB2P",0.0362701986677537
"GAPDHP69",0.0362701986677537
"NALF2",0.0362647476454554
"DHX40P1",0.0362589631432674
"TMEM183BP",0.0362138582769643
"FAM182A",0.0361537847094471
"CYP4Z1",0.0361157375765527
"LRRC38",0.036107029903974
"IFNL4",0.0360951254922783
"LINC02780",0.036084093384592
"SHANK2-AS1",0.0360612071649664
"LINC01539",0.036029189471072
"KLHL8",0.0359983910029068
"ITPRIP-AS1",0.0359509864301008
"ATP5PDP4",0.035918131017228
"ASTN2-AS1",0.035877671451068
"BCL7C",0.0358634418180866
"LINC01501",0.0358545786731715
"RN7SL432P",0.0358213216231297
"LINC02050",0.0357844627706387
"ZAN",0.0357768459792244
"NIHCOLE",0.0354940145522529
"TRIM60",0.0354577116338625
"LINC01081",0.035421368487474
"MZT2B",0.0354177403225611
"SLC16A14P1",0.0354153761467861
"LINC00251",0.0353687024173168
"DTNA",0.0353431945402165
"CDC26",0.0353379813657293
"LINC00290",0.0353352478262569
"PAXBP1-AS1",0.0353282413580397
"CMC1",0.0352974962194009
"SH3PXD2A-AS1",0.0352908934395325
"NXPE1",0.0352783799965842
"MIR4650-2",0.0352655379900504
"GSTCD-AS1",0.0352555005036761
"CLDN14",0.0352434232665894
"PHOSPHO2",0.0352145199740458
"MRPS5P4",0.0352051610480956
"LINC00870",0.0352035650942541
"SLC25A48",0.0351773302519233
"LINC01724",0.0351201572341092
"JPH1",0.0351023603356744
"LINC02926",0.0351023603356744
"RNU6-807P",0.0351019225730836
"UPF2",0.0350630385326275
"CKAP2LP1",0.0350127826722924
"LINC01011",0.035007116072179
"CCN6",0.0350063591057545
"IQUB",0.0349926236204451
"CHRM3",0.034990921572976
"ARSD-AS1",0.0349655614220457
"ADAM33",0.034960384399222
"ZNF143",0.0349452401753666
"LINC01923",0.034943264900493
"IGLV3-13",0.0348428564592729
"FAM72B",0.0347986859533377
"LINC02808",0.0347857715781889
"NBPF26",0.0347135396382496
"LINC01750",0.0347114036896435
"KCNT2",0.0346727372651486
"DPEP3",0.0346459832242529
"SGCZ",0.0346239859813609
"DNASE1L3",0.0345763352404642
"PAUPAR",0.0345763352404642
"SSTR5",0.0345763352404642
"MTND2P33",0.0345679270108069
"AKR7A3",0.0345640538054458
"C12orf54",0.0345489062476208
"HOGA1",0.0345478777609365
"LYPLAL1-AS1",0.0345162888377983
"ABCA9",0.0345141171900627
"TMEM114",0.0345140034496205
"GSTA1",0.0344918840132343
"TEKT1",0.0344705248839305
"RNU6-349P",0.0344705248839305
"DYNC1LI2",0.0344676075246365
"ZNF454-DT",0.0344583206540724
"MED28P7",0.0344583206540724
"TRABD2A",0.0344544530065743
"GOLGA7",0.0344186156260573
"KCNH2",0.0344185714731271
"PNLIPRP1",0.0343871601829787
"EFHB",0.0343588542679782
"DNASE2B",0.0343529248374471
"MIR4423",0.0343529248374471
"PCSK9",0.0343529248374471
"RNA5SP72",0.0343529248374471
"DSTNP5",0.0343529248374471
"SLC7A15P",0.0343529248374471
"HOXD3",0.0343529248374471
"AQP12A",0.0343529248374471
"RNU6-370P",0.0343529248374471
"RNU6-1290P",0.0343529248374471
"PLAAT1",0.0343529248374471
"GPS2P2",0.0343529248374471
"CLEC3B",0.0343529248374471
"PRR23E",0.0343529248374471
"HMX1",0.0343529248374471
"HMGN1P11",0.0343529248374471
"RPL12P20",0.0343529248374471
"RNA5SP184",0.0343529248374471
"RN7SL465P",0.0343529248374471
"RPSAP2",0.0343529248374471
"PYY3",0.0343529248374471
"CTDSPL2P2",0.0343529248374471
"NHS-AS1",0.0343529248374471
"RPL21P78",0.0343529248374471
"RPL26P26",0.0343529248374471
"KIF12",0.0343529248374471
"RNU6-1306P",0.0343529248374471
"BORCS8P1",0.0343529248374471
"RN7SL597P",0.0343529248374471
"MIR4502",0.0343529248374471
"GRAMD4P3",0.0343529248374471
"CHD9NB",0.0343529248374471
"HERC2P4",0.0343529248374471
"RNA5SP416",0.0343529248374471
"LINC02124",0.0343529248374471
"ALOXE3P1",0.0343529248374471
"ARHGAP44-AS1",0.0343529248374471
"OTOP3",0.0343529248374471
"KRTAP9-3",0.0343529248374471
"MAGOH2P",0.0343529248374471
"ALOX12P1",0.0343529248374471
"TCF4-AS1",0.0343529248374471
"CST9LP1",0.0343529248374471
"RPL36AP51",0.0343529248374471
"SYNGR4",0.0343529248374471
"PRDM6",0.0343128704955871
"STPG2",0.0343055589441376
"CICP28",0.0343055589441376
"LINC02550",0.0343055589441376
"CES1P2",0.03423929832426
"LINC02750",0.0342379121919076
"VDAC1P11",0.0342326925982736
"PPM1N",0.0342320226918635
"BPIFB3",0.0342145391006325
"USE1",0.0341939120203984
"MDC1",0.0341584121965349
"MAP4K5",0.0341525002556116
"MRGPRE",0.0341414398444044
"LINC01622",0.034134979137777
"RPL36AP49",0.034084975591028
"NANOGP7",0.0340656847267342
"ZNRF3-AS1",0.0339871044201319
"LINC02109",0.0339774107641311
"INPP5B-AS1",0.03394750061762
"KLK3",0.03391082758183
"LINC02735",0.033873132915091
"BEND2",0.0338541285870602
"LINC02350",0.0338319453221952
"PRODH2",0.0338143728649841
"ACMSD",0.0337728402189826
"LINC01164",0.0337208075897709
"LHFPL7",0.0337208075897709
"NUCB1",0.0337138080333628
"ANO3",0.0337020237909231
"MTND6P3",0.0336582868173688
"ESYT2",0.0336236189535833
"KCNC2",0.0336097008371261
"GPN3",0.0335734044666305
"RPL13AP7",0.0335063339262485
"DSCAM",0.0334977078654188
"ENPEP",0.0334758881541465
"LINC02848",0.0334541364281862
"SLC26A4",0.0334488139630207
"NEFMP1",0.0334488139630207
"LINC02015",0.0334458404024326
"TRAJ11",0.0334180630909793
"SPINT3",0.0334042028071298
"PLCH1-AS1",0.033339203917129
"HTR3A",0.0333176786107691
"NMBR",0.0333020216849032
"UBE2D3P4",0.0333020216849032
"MYLK2",0.0333020216849032
"RAD23BP3",0.0333020216849032
"LINC01582",0.033293468235212
"APOB",0.0332696726293053
"ENPP7P5",0.0332686588900211
"ROBO4",0.0332592345466813
"NBPF21P",0.0332507030804209
"LINC02502",0.0332465957819383
"MROH2B",0.0332402331414868
"RASL10B",0.0332148575152353
"KCNIP1-AS1",0.0331362238772362
"CRTAP",0.0331270714690826
"NRAP",0.0331262201494735
"FAM242A",0.0331262201494735
"OSGEP",0.0331234251355277
"RPL7AP14",0.0330933462018758
"LMX1B-DT",0.0330896675608272
"LRRC36",0.0330896675608272
"LINC02346",0.0330770996573542
"CACNG3",0.0330767508786512
"C3orf85",0.0330742587241106
"LINC01235",0.0330667828781117
"LINC01827",0.0330609877235429
"S100PBP",0.0330558148788957
"CPEB2",0.0330526652499926
"RNU6-1085P",0.0330393117445161
"SEPTIN12",0.0330379672426251
"PGBD4P5",0.0330205737435279
"LINC01758",0.0330175577682635
"AADACL4",0.0330175577682635
"RCN1P1",0.0330175577682635
"OR1X1P",0.0330114805750089
"THUMPD3",0.0330104489577561
"MYL6P1",0.0330013548655077
"LINC02826",0.0330001232352513
"HS3ST5",0.0329927522259262
"KIF18B",0.0329898438558789
"FOXG1-AS1",0.0329870625899596
"LINC00366",0.0329652157266328
"NPPB",0.0329624371869055
"MIR217HG",0.0329526071775667
"LINC01626",0.0329285488570199
"RNA5SP385",0.0329274347108336
"LINC01516",0.0329249718041815
"LINC02389",0.0329102267668914
"SBF1P2",0.0328874734727659
"PDE4DIPP9",0.0328874734727659
"RN7SL386P",0.0328874734727659
"RN7SL713P",0.0328874734727659
"CFL1P6",0.0328874734727659
"LINC02596",0.0328874734727659
"RNA5SP117",0.0328874734727659
"RPS2P16",0.0328874734727659
"RN7SL455P",0.0328874734727659
"GPR17",0.0328874734727659
"NDUFB4P6",0.0328874734727659
"RNA5SP148",0.0328874734727659
"RNU6-377P",0.0328874734727659
"LINC02483",0.0328874734727659
"MTND1P22",0.0328874734727659
"RNU6-520P",0.0328874734727659
"RPL7L1P13",0.0328874734727659
"RN7SKP207",0.0328874734727659
"RNA5SP200",0.0328874734727659
"PCDHGB2",0.0328874734727659
"MIR548B",0.0328874734727659
"DAAM2-AS1",0.0328874734727659
"MOGAT3",0.0328874734727659
"RNU6-581P",0.0328874734727659
"CYCSP43",0.0328874734727659
"SSX5",0.0328874734727659
"PPP1R42",0.0328874734727659
"GULOP",0.0328874734727659
"SOX17",0.0328874734727659
"RPL29P20",0.0328874734727659
"ROR2",0.0328874734727659
"RNA5SP530",0.0328874734727659
"LCN6",0.0328874734727659
"OR2K2",0.0328874734727659
"ALOX15P2",0.0328874734727659
"SNX18P3",0.0328874734727659
"ECM1P1",0.0328874734727659
"PAICSP2",0.0328874734727659
"CDKN2A-AS1",0.0328874734727659
"FGF3",0.0328874734727659
"RN7SKP192",0.0328874734727659
"OR52V1P",0.0328874734727659
"OR8B2",0.0328874734727659
"OR10A5",0.0328874734727659
"OR51V1",0.0328874734727659
"CYCSP28",0.0328874734727659
"LINC02703",0.0328874734727659
"CCDC172",0.0328874734727659
"CDH23-AS1",0.0328874734727659
"LINC01553",0.0328874734727659
"NXPH4",0.0328874734727659
"OR6C3",0.0328874734727659
"LINC02468",0.0328874734727659
"HOXC-AS1",0.0328874734727659
"SPACA7",0.0328874734727659
"SDAD1P4",0.0328874734727659
"FAR1P1",0.0328874734727659
"PHF2P2",0.0328874734727659
"LINC00363",0.0328874734727659
"SERPINA4",0.0328874734727659
"MIR665",0.0328874734727659
"MIR411",0.0328874734727659
"GSC",0.0328874734727659
"LINC02204",0.0328874734727659
"SLC28A1",0.0328874734727659
"LINC02852",0.0328874734727659
"LINC01290",0.0328874734727659
"RPS3AP2",0.0328874734727659
"PRR35",0.0328874734727659
"C1QTNF8",0.0328874734727659
"LINC02130",0.0328874734727659
"AOC3",0.0328874734727659
"EPN3",0.0328874734727659
"RAC3",0.0328874734727659
"BDP1P",0.0328874734727659
"LINC01919",0.0328874734727659
"GLRXP1",0.0328874734727659
"GNAS-AS1",0.0328874734727659
"VSX1",0.0328874734727659
"TEKTL1",0.0328874734727659
"BSPH1",0.0328874734727659
"ZNF628-DT",0.0328874734727659
"NTF6G",0.0328874734727659
"LRRC8E",0.0328874734727659
"LINC01533",0.0328874734727659
"AGPAT5P1",0.0328874734727659
"NLGN4Y-AS1",0.0328874734727659
"RNU6ATAC22P",0.0328874734727659
"UMODL1",0.0328874734727659
"KRTAP19-2",0.0328874734727659
"ITGB5",0.0328836430746809
"OR52N2",0.0328593861925901
"NOTCH3",0.0328538826451172
"ZNF587P1",0.0328365438591567
"ZDHHC20P4",0.0328111013043822
"PYDC2-AS1",0.0327856759541441
"MTCYBP22",0.0327803374427438
"RPS7P14",0.0327803374427438
"NUS1P1",0.0327803374427438
"HNRNPA1P19",0.032778926480669
"CCND3P2",0.0327641460657266
"IQCH",0.0327556683246167
"EMX1",0.0327313626977558
"DUSP22",0.0327153549382884
"CCNT2P1",0.0326993799089579
"LINC01755",0.03269666705022
"GREB1L-DT",0.0326867189352986
"LINC00645",0.0326713036937781
"TERT",0.0326500541655656
"HFM1",0.0326013406547252
"IGKV2-24",0.0325541964353566
"FAM242B",0.0325195875965291
"XDH",0.0325103363847102
"AGBL5-AS1",0.0324699741312769
"CLCNKB",0.0324632734155797
"ADH7",0.0324632734155797
"MNX1-AS1",0.0324632734155797
"F9",0.0324425388426412
"ADGRG4",0.0324401710924918
"CPB1",0.0324308764100789
"IGKV2D-30",0.032417074034607
"LINC01551",0.0323924423133462
"MIR2467",0.032389873441194
"SLC16A12-AS1",0.032389873441194
"ARPC4-TTLL3",0.0323850461572421
"FAIM2",0.032367524905515
"MIR4681",0.0323600197264389
"PSG11-AS1",0.0323600197264389
"GPR39",0.0323498307948939
"SLC47A1P2",0.0323466721155415
"MIR6780B",0.0323419908462993
"OCM",0.0323419908462993
"KCNJ11",0.0323419908462993
"CLEC4F",0.0323406805756362
"ARHGAP29-AS1",0.0323400308841782
"GAD3P",0.0323394513011672
"AQP10",0.0323075061089083
"MTCO1P27",0.0322930750367808
"MTCO2P27",0.0322930750367808
"RTP2",0.032229535765977
"DYNLRB1",0.0322084945326782
"PRAMEF12",0.0321714451640667
"LINC01054",0.0321714451640667
"CDH10",0.0321540433484767
"HEATR3-AS1",0.0321378479319936
"LINC01121",0.0320986820718532
"NOXA1",0.0320968262340028
"RPL21P48",0.0320966821474845
"METTL2B",0.0320765713748658
"LINC02265",0.0320608185475548
"TMEM255A",0.0320076691006983
"RPS6P22",0.0320074391810911
"APP-DT",0.0319950265054096
"CRYGN",0.0319907695631178
"LINC02420",0.0319821800406619
"LINC02228",0.031957014530035
"RNU6-1245P",0.0319552849660572
"PRMT5P1",0.0319552849660572
"PPIAP85",0.0319552849660572
"SPDYE2B",0.0318996433456904
"LINC00967",0.031860631362042
"LINC02197",0.0318326667102378
"LAMB4",0.0318180428783261
"BMI1P1",0.0318018499492628
"SMOC1",0.0317866581680246
"ZNF330",0.0317825018527286
"SLC25A1P3",0.0317708043367974
"LINC02839",0.0317708043367974
"INSIG1",0.0317420201862968
"LINC00701",0.0317171902637341
"MARF1",0.031715260463943
"RAP1BP2",0.0317020491314697
"OR9H1P",0.0316863539002495
"LINC01823",0.0316717335719479
"TTK",0.0316665859340689
"CLEC4C",0.0316665859340689
"BRWD1-IT1",0.0316556532514922
"BDKRB1",0.0316221117553763
"TAF10",0.0315523714069999
"LINC02729",0.0315510197854461
"LINC02841",0.0315471757789294
"ZSWIM5P3",0.0315273717147927
"RIMS1",0.0315195152302131
"ZMYND10-AS1",0.031504039693319
"NRDE2",0.0315008502789594
"LINC02811",0.0314579127443862
"RNU1-101P",0.0314579127443862
"UBFD1P1",0.0314566017038239
"SPATA19",0.0314566017038239
"AIRE",0.0314488993356867
"LINC02465",0.0314335923172903
"HSPD1P11",0.0314289165800328
"KCNH8",0.0314157646288914
"GRM6",0.0314108459149986
"OR9G4",0.0314108459149986
"LINC00343",0.0313910379233983
"GPHA2",0.0313718857944873
"CRIPTOP5",0.0313609060236608
"CFAP46",0.0313023736267894
"TMEM269-DT",0.0312957251045809
"ERP44",0.0312923083818386
"GSTA11P",0.031278196221465
"IL36RN",0.0312730025300115
"ERICH2",0.0312730025300115
"GABRB1",0.0312730025300115
"ZCCHC14-DT",0.0312730025300115
"TNNC2",0.0312602432459264
"LINC01767",0.0312432042260155
"SERPINB4",0.0312432042260155
"ENPP7P12",0.0312061354972261
"FXN",0.031182818906134
"MOB4P1",0.0311755434651112
"LINC01587",0.0311508466440024
"WASF3",0.0311444020790951
"ITGB1BP2",0.0311121315288445
"RPL23AP6",0.0311077672823378
"LINC02716",0.031084066203141
"IGHVIV-44-1",0.031084066203141
"RABEP1",0.0310780191580992
"ECMXP",0.0310734473442761
"FRG2EP",0.0310734473442761
"EGF",0.0310426781204149
"FAM156A",0.0310242770219142
"LINC01191",0.03100583249378
"LINC02037",0.03100583249378
"NOS2",0.03100583249378
"CIMAP2",0.0309914238275051
"C5orf46",0.0309905077209585
"HLFP1",0.0309893508683623
"CYP2F2P",0.0309811312407118
"LKAAEAR1",0.0309748652558287
"LBP",0.0309565588733962
"GYG1P2",0.0309552278974522
"CRIP3",0.0309538101649505
"LINC01698",0.0309246671112626
"LMX1A",0.0308834670541331
"LINC01735",0.0308834670541331
"RNU6-983P",0.0308834670541331
"HYI-AS1",0.0308834670541331
"OR10K2",0.0308834670541331
"OR6F1",0.0308834670541331
"CALML6",0.0308834670541331
"VDAC1P9",0.0308834670541331
"LINC02778",0.0308834670541331
"RPS17P8",0.0308834670541331
"DIRC1",0.0308834670541331
"KRT8P15",0.0308834670541331
"HOXD13",0.0308834670541331
"RTP5",0.0308834670541331
"IGKV3D-25",0.0308834670541331
"ECEL1P1",0.0308834670541331
"MCUR1P2",0.0308834670541331
"RN7SKP177",0.0308834670541331
"VPS26BP1",0.0308834670541331
"RPS25P4",0.0308834670541331
"MIR26A1",0.0308834670541331
"TMEM229BP1",0.0308834670541331
"LINC01998",0.0308834670541331
"KRT18P21",0.0308834670541331
"LINC02430",0.0308834670541331
"UBE2CP3",0.0308834670541331
"PALLD-AS1",0.0308834670541331
"HADHAP1",0.0308834670541331
"LINC02475",0.0308834670541331
"LINC02497",0.0308834670541331
"ETNPPL",0.0308834670541331
"ALG1L3P",0.0308834670541331
"MIR449A",0.0308834670541331
"RN7SL87P",0.0308834670541331
"OR2Y1",0.0308834670541331
"IRX2-DT",0.0308834670541331
"ANKRD49P3",0.0308834670541331
"CACYBPP3",0.0308834670541331
"SNORD32B",0.0308834670541331
"RPL13AP",0.0308834670541331
"RPL27AP7",0.0308834670541331
"RPL17P23",0.0308834670541331
"LY6G6E",0.0308834670541331
"MYMX",0.0308834670541331
"RPL7AP40",0.0308834670541331
"RABGEF1P2",0.0308834670541331
"AKR1D1",0.0308834670541331
"CNPY1",0.0308834670541331
"CALN1",0.0308834670541331
"ZNF722",0.0308834670541331
"CAPZA1P3",0.0308834670541331
"CBX1P1",0.0308834670541331
"NDUFB5P2",0.0308834670541331
"RBMXL3",0.0308834670541331
"MFN1P1",0.0308834670541331
"CCDC121P1",0.0308834670541331
"VENTXP5",0.0308834670541331
"RPS26P35",0.0308834670541331
"STMN2",0.0308834670541331
"MTRF1LP2",0.0308834670541331
"ADAM18",0.0308834670541331
"MIR124-1HG",0.0308834670541331
"HSPA8P17",0.0308834670541331
"RNU6-677P",0.0308834670541331
"PARK7P2",0.0308834670541331
"STPG3",0.0308834670541331
"RPS29P17",0.0308834670541331
"APOC3",0.0308834670541331
"CYCSP26",0.0308834670541331
"NUTM2HP",0.0308834670541331
"LINC02650",0.0308834670541331
"PCAT5",0.0308834670541331
"KRT77",0.0308834670541331
"RNU6-735P",0.0308834670541331
"IMMP1LP2",0.0308834670541331
"OR6C73P",0.0308834670541331
"MIR1827",0.0308834670541331
"LINC02459",0.0308834670541331
"PSMD10P3",0.0308834670541331
"DCUN1D2-AS",0.0308834670541331
"TPTE2-AS1",0.0308834670541331
"COX4I1P1",0.0308834670541331
"SNORD115-19",0.0308834670541331
"ST8SIA2",0.0308834670541331
"SPATA8",0.0308834670541331
"GEMIN8P2",0.0308834670541331
"RNU6-470P",0.0308834670541331
"LINC01979",0.0308834670541331
"SEPTIN9-DT",0.0308834670541331
"ENTR1P1",0.0308834670541331
"MIR8078",0.0308834670541331
"CFAP61-AS1",0.0308834670541331
"CST9LP2",0.0308834670541331
"RN7SL156P",0.0308834670541331
"BIRC7",0.0308834670541331
"ATP5MFP7",0.0308834670541331
"KANK1P1",0.0308834670541331
"WFDC6",0.0308834670541331
"MEF2B",0.0308834670541331
"OR7A5",0.0308834670541331
"ATP4A",0.0308834670541331
"CD177P1",0.0308834670541331
"GTSE1-DT",0.0308834670541331
"MAPK8IP2",0.0308834670541331
"SOCS2P2",0.0308834670541331
"ASH2LP4",0.0308834670541331
"INPP5J",0.0308834670541331
"HORMAD2",0.0308834670541331
"KRTAP11-1",0.0308834670541331
"PDE9A-AS1",0.0308834670541331
"CYCSP56",0.0308703411780632
"RPL24P7",0.03080731284641
"RNU6-1254P",0.03080731284641
"MTND1P33",0.03080731284641
"MIR4668",0.0307720410514844
"KRT18P12",0.0307679935888219
"RRAGAP1-AS1",0.030761595745317
"LINC02783",0.0307611820569483
"LINC02167",0.030759216239582
"DPH6-DT",0.0307575133848434
"GNG12-AS1",0.0307411211725261
"SNORD94",0.0307334686140166
"EEF1A1P19",0.0306918720857613
"NTMT1",0.0306632099989649
"HEATR1",0.030552731966379
"XRRA1",0.0305442343914651
"STAC",0.0304794626740343
"IGFBP5",0.0304677677712493
"MICB",0.0304563678039494
"RNA5SP352",0.0303614193142101
"WDR4P2",0.0303559661575659
"HMGB1P23",0.030348448338061
"CCDC78",0.0303182365568311
"RPS27P29",0.0303042732375485
"PCTP",0.030280022970767
"CYSLTR1",0.0302768987974671
"RSPH10B2",0.0302677980676755
"FOSL2",0.0302584312036904
"PARP9",0.0302082898193943
"CDK15",0.0301957788572225
"RPL35AP15",0.0301957788572225
"MTATP6P24",0.0301642834227069
"PGK1P1",0.0301470579544686
"CTDSP2",0.0301346888217759
"CFAP100",0.0301340317032705
"AR",0.03011909738533
"BAAT",0.0300564396402438
"NPIPB11",0.0300529879675128
"RNU6-30P",0.0299928980833195
"RIT1",0.0299641660508647
"SDR42E2",0.0299614860979481
"HOXB-AS4",0.0299541962674482
"TOP1MT",0.0299042359284812
"RAD17P2",0.029900687592854
"SPTLC1",0.0298037406146686
"FAM136CP",0.0297876426316806
"RNU6-1043P",0.0297762928121412
"PCDHA2",0.0297755929100808
"GPR52",0.0297754271946207
"ISCA1P1",0.0297745517711367
"CDC37P1",0.0297713386218951
"MAP7D2",0.0297289364694972
"TAAR2",0.0297268083459346
"CACNA1G-AS1",0.029713011103554
"SGTA",0.029712059448753
"MIR3190",0.0296524735805703
"APOM",0.029624701145232
"SUGT1P4-STRA6LP-CCDC180",0.0295727914666905
"IGHV3OR16-16",0.0295727914666905
"ALKAL2",0.0295713550399368
"MIR2909",0.0295713550399368
"RN7SL405P",0.0295713550399368
"DDX3P1",0.0295672981853657
"RPS10P30",0.0295672981853657
"LIMS3",0.0295579230498392
"ATP6V1G1P3",0.0294766556565936
"RPL21P11",0.0292950546315633
"DMBX1",0.0292883806246081
"TRIM68",0.0292032815315352
"ASB4",0.029196232592234
"LHFPL6",0.0291736786473575
"OR4P4",0.0291557823465856
"ACTR1A",0.0291308482188402
"HES2",0.0291051755764135
"CALCOCO2",0.0290855114640478
"SLC40A1",0.029072697621842
"SNRPD2P1",0.029062659855448
"SLC20A1",0.0290144611418513
"SATL1",0.0289589613345143
"MIR548E",0.0288989805696755
"RFKP2",0.0288796245555444
"SPATS2L",0.0288255491223562
"CTNND2",0.028778295983485
"SDHCP3",0.0287301554313073
"OR1D5",0.0287301554313073
"FBXO24",0.0286525793770113
"TRIM64C",0.0286153350685771
"LINC03021",0.028541672312073
"FCF1P8",0.0283665249096175
"UGT2B10",0.0283520378514888
"SCAMP1",0.0283163119606068
"ZNF25-DT",0.0281803255628148
"SPATS2",0.0281341729641128
"FUT9",0.0281252981961376
"GABRA4",0.0281111179002967
"RNU7-115P",0.0281008974558264
"LINC01304",0.0280523230057215
"NDST3",0.027984013034578
"BTN1A1P1",0.0279308960372947
"SUMO2P3",0.0278510101809276
"SEC24A",0.0277863815441136
"ADAM7",0.0277358046632996
"ZNF157",0.0276292378439114
"CIB1",0.0276110558568518
"RNU6-108P",0.0274883956253784
"PLEKHA8P1",0.0274883956253784
"LINC02920",0.0274739636879186
"ZNF728",0.0274344625917718
"STARD13",0.027395804600512
"SLC7A1",0.0272823467556157
"RPH3A",0.0272466433578508
"STOML2",0.0271995666673143
"C10orf95-AS1",0.0271404278495025
"PFN1P9",0.0271267161913557
"RPL7P14",0.0271267161913557
"MTCO1P5",0.02711356660694
"RPA3P1",0.0270687546695628
"RN7SL622P",0.0269798681213527
"SLC47A1",0.0269516062543497
"CST4",0.0269424430712037
"TDRD12",0.0269068199014306
"UBA1",0.0267656123647936
"TRIM67-AS1",0.0267547976260105
"RPL32P15",0.0267547976260105
"KRT73",0.0267547976260105
"IGLV3-9",0.0267547976260105
"UBR4",0.0267120738960989
"SLC26A4-AS1",0.026677442659946
"TEKT4P2",0.0266744650636316
"MIR4771-1",0.0266263693516203
"RNU6-661P",0.0266263693516203
"DLG3-AS1",0.0266263693516203
"SUPT4H1P2",0.0266263693516203
"PDZD11",0.0265801322500495
"IGKV2-18",0.0265766120945733
"GCSHP6",0.0265761639144486
"ASH2LP1",0.0265733817672836
"NPM1P5",0.0265370364683996
"SCYGR1",0.0265310014086713
"GJA10",0.0265307855476165
"PBK",0.0265169838676372
"VPS37A",0.0264588773042
"TXNL4B",0.0264456008199064
"RING1",0.0264287990298204
"DMRT2",0.0263902890955936
"GLYATL1P4",0.0263606737654214
"VARS2",0.0263444909651447
"MRPS18CP6",0.0263384601137238
"ZFY-AS1",0.0263242450465163
"PCHILR",0.026276733564919
"PRPF38AP1",0.026274236395066
"BPY2C",0.026274236395066
"RN7SL605P",0.0262628037113828
"HADHA",0.0262315750611353
"MBNL1",0.0262238775551051
"DNAJB6P4",0.0261293603367105
"SMIM39",0.0261293603367105
"RPL39P28",0.0261293603367105
"ACTG1P11",0.0261293603367105
"LINC02948",0.0261193097388722
"LINC00463",0.0260973834713231
"KRT26",0.0260973834713231
"RPL7P54",0.0260376685349809
"SCN3A",0.0259881249814339
"PRSS55",0.0259789197232137
"SORD2P",0.0259789197232137
"PASD1",0.025961689804282
"SPDYE6",0.025923307341534
"SNRPA1",0.025907282119137
"PRDX3",0.025883819540097
"AS3MT",0.0258731192059717
"LINC01916",0.0258731192059717
"ELP5",0.0258638509438505
"TAAR1",0.0257731631425989
"SYDE1",0.0257164225453692
"IFT81",0.0256894201674324
"ADGRL3",0.0256617544024582
"RPS10P4",0.0256506832990467
"GPR158-AS1",0.0256225522103775
"CD84",0.0256080370992777
"ODAD3",0.0255911118510774
"PPIAP50",0.0255887906019448
"GALNT10",0.0255655116206797
"RPRD1A",0.0255539778791831
"TEX38",0.0255477657252545
"HIC2",0.0255240033821869
"AKR1C4",0.0255176535376128
"PPIAL4G",0.0255090791822237
"COX11P1",0.0255050744094153
"CD58",0.0255005402111916
"NEPRO-AS1",0.0254640359894904
"MATN2",0.0254635008456986
"KRT18P28",0.0254599894979748
"CARS1P1",0.0254466846182459
"RPL31P18",0.0253248191458656
"CLGN",0.0252953943302608
"RN7SL4P",0.0252778008466296
"RN7SL763P",0.0252647921170849
"C3orf49",0.0252646276645192
"LARS1",0.0252419367887419
"FREM2",0.0252325001903461
"AFG3L2",0.0252092612479071
"PALM",0.0251465141882294
"ATOH8",0.0251291731921953
"ABCA11P",0.0251003171868258
"NBPF2P",0.0249740275061841
"HSPE1P7",0.0249466819186684
"ENPP1",0.0249320356632358
"GPR149",0.0249295283902998
"XAGE2",0.0249249309586918
"RNA5SP168",0.0248786499531501
"SNRPGP3",0.0248786499531501
"DKK4",0.0248786499531501
"RNA5SP284",0.0248786499531501
"RNU6-1266P",0.0248786499531501
"RNU6-54P",0.0248786499531501
"RNA5SP528",0.0248786499531501
"GNGT1",0.0248785861000499
"PON1",0.0248549943575654
"RNU7-188P",0.0248549943575654
"LINC03050",0.0248335989137312
"TMSB10P1",0.0247420639557003
"GNPATP",0.0247420639557003
"MRPL13",0.0245712658730887
"CX3CL1",0.0245196140939908
"LINC01337",0.0245165397401796
"HSP90AA2P",0.0245034824858551
"FURIN",0.0244332853951856
"SIX4",0.0244273687983488
"OR5A2",0.0244179550193579
"RDXP3",0.0243401394093447
"LINC02327",0.0243232747688619
"LZIC",0.0242930757756015
"ABCB11",0.0242261194587636
"ANKRD11P1",0.0242207346694935
"MTCL1",0.024137983587446
"ACTR2",0.0240281217226027
"LINC02543",0.0240026489907903
"TMEM60",0.0239815353677119
"ABITRAM",0.0239510673945553
"ESRRG",0.0238865205507325
"TUBGCP5",0.0238838894038675
"HSD17B3",0.0238214874619052
"RPL7AP41",0.0237774896189526
"ETDA",0.0237774896189526
"C1orf94",0.0237760540117759
"LINC01649",0.0237760540117759
"MAGED4B",0.0237760540117759
"LINC00226",0.0237760540117759
"SLC38A8",0.0237760540117759
"LINC02667",0.0237028634559373
"IGLVI-63",0.023693078307718
"MRPL3",0.0236573724302141
"RERG-AS1",0.0236552281889856
"FAM138E",0.0236552281889856
"LINC00690",0.0235939480294515
"MEG3",0.0235810715401815
"TTC23L",0.0235775167431453
"PKD2",0.0235702861919383
"TENT5A",0.0233949401124103
"CLEC16A",0.0233232839922147
"TRIM24",0.0232832812702622
"RNU6-315P",0.0232803054193852
"FABP2",0.0232803054193852
"OR5V1",0.0232803054193852
"LINC01444",0.0232803054193852
"BOLA3",0.023253505504803
"LINC02529",0.0232477830275035
"SEPTIN3",0.0231767083382152
"RAC1P7",0.0231287817252855
"LINC01837",0.0230985511045864
"RN7SKP61",0.0230940519802592
"ACIN1",0.0230639531679277
"PFN1P2",0.0230085124702768
"ABRAXAS1P2",0.0230085124702768
"RPL32P31",0.0230053516295607
"INSRR",0.0230005981008997
"NOTCH2NLA",0.0229646431843987
"SNORD37",0.0229515569066602
"ERF",0.0229467460786849
"NBDY",0.0229215894606307
"SIK2",0.0228627428020923
"RNU6-933P",0.0228237918020894
"SHKBP1",0.0227823751931585
"ATP5MC1P4",0.0227054094102179
"RPL23AP48",0.0226261278076504
"METTL5",0.0225965348659062
"TUBAL3",0.022558342976906
"RADIL",0.022516887723881
"HIPK4",0.0225105847997133
"SYT2-AS1",0.0224755649517899
"LINC02216",0.0223940830712603
"RPL3P3",0.0223930494727268
"CRACR2B",0.0223844523854509
"LINC01496",0.0223356569947544
"EDA",0.0223137677930536
"LYVE1",0.0223088565381822
"OR4G6P",0.022306346062044
"RN7SL83P",0.0222835041708521
"KCNAB1-AS1",0.0222165712733212
"TMPRSS11F",0.0222165712733212
"VSTM4",0.0222165712733212
"CSN1S1",0.022197832978681
"OR7E105P",0.022197832978681
"IGSF23",0.022197832978681
"MICA-AS1",0.0219735000149273
"VPS35L",0.0219733110431467
"UNC13C",0.0219476457119009
"PPIAP87",0.0219366588914989
"MTA2",0.0219088307277786
"LINC01173",0.021893262826478
"CYP2D7",0.0218910840415203
"MRPS11",0.0218084367701304
"CEP164",0.0217884377567143
"LINC01239",0.0217725020274891
"AGO4",0.0217166483205702
"RPL10AP6",0.02171243800768
"RNU6-10P",0.0215977578393652
"UNC5C",0.021590471242547
"MCF2L2P1",0.0215817031042591
"EDEM1",0.0215423617652225
"IGKV1-16",0.0215378504998529
"ADAR",0.0215175391212593
"FOXC1",0.0215081759733425
"LINC00506",0.0214946171871392
"NDUFA5P12",0.0214311701158611
"TMEM18",0.0214271909882631
"NEU1",0.0213837156379058
"MRPL42P3",0.0213677451285833
"MIR6752",0.0213657313542772
"PABPN1",0.0213581364387121
"NOX3",0.021338799541224
"OR5D15P",0.0213113432687149
"MRPL51P2",0.0213113432687149
"TRIM43",0.0212522933537872
"CAPN6",0.0212522933537872
"ELANE",0.0212522933537872
"BNIP3P13",0.0212522933537872
"NSUN6",0.021223468731083
"SH3GLB2",0.021211953924779
"FERMT1",0.0212055886074934
"ENDOV",0.0211801985255962
"PPIAP42",0.0211480500931467
"MGAT4B",0.0211046184072706
"OR6C2",0.0210662095571106
"MIX23P3",0.0210504183858638
"LARP4B-DT",0.0210205313793861
"HINT1P1",0.0210056800479961
"E2F6P3",0.0209810592459252
"ZRANB2-AS1",0.0209798048776257
"DDA1",0.0209780674100694
"RPL21P62",0.0209542435694655
"ACTG1P19",0.0209542435694655
"CDC42-IT1",0.0209455323989444
"RPL21P26",0.0209400108464262
"CICP21",0.0209400108464262
"FGF6",0.0209382578463904
"GPR179",0.0209287395605277
"LINC01630",0.0209163153310716
"ZNF252P-AS1",0.0209061234038756
"TRAPPC2L",0.0208711334204865
"LINC02582",0.0208663649122643
"RNA5SP494",0.0208477150220192
"BMP5",0.02082910512804
"LINC03020",0.020813019619449
"ANKRD30BP1",0.0207999095019828
"CYP2C19",0.0207875598569108
"C9orf85P2",0.020779033194062
"VIM-AS1",0.0207695891628176
"ESRRA",0.0207551422681208
"RBM33",0.020751639599007
"LINC02831",0.020739356533966
"MTFR2",0.0207317708733335
"MTCYBP11",0.0207114604301964
"EIF3CL",0.0207025305370186
"ITPRIP",0.0206591689918506
"CDH7",0.02064090094816
"AGAP5",0.0206357037951121
"PSME3IP1",0.0205921153025877
"TMIGD3",0.0205842892851361
"PIM1",0.0205233219869558
"ZNF546",0.0205071326161873
"EGFL8",0.020494929894189
"STAG3L5P",0.020494929894189
"SDE2",0.0204604482353811
"DZIP1",0.0204018209748531
"NDUFAF1",0.0203884906855022
"MIR6737",0.0203496295869704
"LINC02281",0.0203424383072402
"FADS3",0.0203421080712328
"ADGRG7",0.0203141138630855
"RNU2-56P",0.0203141138630855
"RNA5SP465",0.0203141138630855
"HNRNPDP1",0.020269883428143
"NAT14",0.0202395778595754
"KRT88P",0.0202355871912132
"UNC93B4",0.0202316832764545
"RASA3",0.0202231133310808
"MIDN",0.0201975076909733
"PSMC3",0.020142286939396
"DNAJC19P6",0.020134815192843
"GSTA5",0.020134815192843
"FHL2",0.0201301089093212
"LINC01766",0.020110081779933
"CXorf65",0.020099390752682
"HMGB1P26",0.0200441674518652
"KRT17P6",0.0199692289839424
"EEF1GP3",0.0199501068512353
"CHN2-AS1",0.0199501068512353
"RNA5SP394",0.0199501068512353
"ERCC6L",0.0199004162047853
"IL33",0.0198669047031942
"P4HB",0.0198540676614292
"LINC01885",0.0198391298390871
"KNOP1",0.0197897156160772
"MRPS28",0.0197545355650806
"RPL21P79",0.0197535174623573
"MIR5705",0.0197173447758946
"LARP1BP2",0.0197036851325391
"LINC00470",0.0196396155371935
"GTSE1",0.0196194344798293
"HAR1B",0.019613370372984
"LARP1B",0.0196121800503077
"SLC25A27",0.0195971271399745
"HNRNPA1P67",0.0195893148059722
"MEF2D",0.0195660186973982
"RPL31P32",0.0195237243990501
"LINC00303",0.0195226381360443
"IL11",0.0194924724666182
"ZNF888",0.0194901416520461
"IGHV3-22",0.0194791499806254
"TRDN-AS1",0.0194583934048419
"AHNAK",0.0194109954657449
"PRRC2A",0.0193957860660819
"SZT2-AS1",0.0193687977398614
"ZNF674-AS1",0.0193651710843045
"MIR633",0.0193552854038219
"RPL35AP36",0.0193433585808285
"TLR8-AS1",0.0193363905515494
"ATP5F1AP7",0.0193363905515494
"OR2AT4",0.0193363905515494
"RN7SKP80",0.0193363905515494
"NPM1P34",0.019305844563456
"AFDN-DT",0.0192825489681353
"IGLV1-62",0.0192821285159147
"MRO",0.0192699241348336
"SFXN3",0.0192640064955661
"KLF6",0.0192615980203715
"UNC93A",0.0192523433738535
"ADAM20",0.0192057178097015
"SLCO6A1",0.0191969751114833
"HNRNPA1P56",0.0191614831074296
"MTND4LP5",0.0191614831074296
"GRID1-AS1",0.0191614831074296
"MEMO1P1",0.019133628727833
"LRRC34P2",0.019128688466185
"LINC00997",0.019128688466185
"PHF10P1",0.019128688466185
"SLC25A38P1",0.0191253184670438
"ANKRD11P2",0.0191130309757094
"SRPK3",0.0191130309757094
"SYT3",0.0190776291902712
"MOB4P2",0.0190672504082653
"THOC1-DT",0.019000863152251
"TRIM15",0.0189802615159298
"LMNB1",0.0188896147697053
"SLC8A3",0.0188454152720538
"RPL35P1",0.0188094992160247
"SHCBP1L",0.0188077282737171
"MOB1A",0.0188060283901682
"RPL23AP61",0.0187748143405264
"HMGN1P38",0.0187690043559259
"RNU1-2",0.0187544308543338
"SMC1A",0.0187454680780323
"OR5BB1P",0.018697563024118
"PPM1J-DT",0.0186926576874839
"MYT1L",0.0186816546303591
"UBE2D3P1",0.0186666655772139
"OR4E1",0.0186564126098947
"PPIAL4A",0.0186506386524342
"SLC4A8-AS1",0.0186436144487234
"LINC02333",0.0186377336755316
"LINC02200",0.0186196746372562
"RN7SKP295",0.0186134184850778
"DNAJC5B",0.0186134184850778
"TTC9-DT",0.0186134184850778
"IGLON5",0.0186134184850778
"LINC01087",0.0186112889970075
"RN7SKP232",0.0186112889970075
"LINC02756",0.0186112889970075
"OR2L5",0.0186088803871972
"RN7SL93P",0.0186088803871972
"LINC01922",0.0186088803871972
"MACROD2",0.0185810275184526
"LINC01495",0.0185268130472906
"HNRNPCL4",0.0185128175531983
"RNF11",0.0185050604196611
"MRPS21P7",0.0184825575748496
"BBLN",0.0184449280811856
"CEROX1",0.0184055430284712
"GABBR2",0.01839887093229
"CPT1A",0.0183414254950402
"RPSAP54",0.0183103615181057
"LINC01858",0.0182835833622912
"PROS2P",0.0182519851427109
"IGKV3OR2-268",0.0182345926744552
"LINC03066",0.0182217792590572
"FABP7",0.0181350376229909
"C19orf67",0.0181182574994782
"ANGPTL8",0.0180890213894788
"SEC61A1",0.0180847159379369
"RPSAP48",0.0180583746047783
"MIR32",0.0180353515793196
"CDH18",0.0179923506893199
"LINC01441",0.0179322582921318
"DLSTP1",0.0179285914101851
"LINC02545",0.0179267036028322
"CIAPIN1P",0.0179131854450668
"BTAF1",0.0179108603449574
"PDE1A",0.0179098397176535
"RTRAFP2",0.0179021346412834
"CALM2P1",0.0179021346412834
"NECAP1P1",0.017873062821852
"CREB3L2",0.0178724083257373
"TSNAX-DISC1",0.0178686980012233
"MTRES1P1",0.0178686980012233
"OR51F2",0.0178686980012233
"CNN2P10",0.0178584393537544
"MED28P8",0.0178394501601828
"DNPEP-AS1",0.0178394501601828
"OR7E87P",0.0178394501601828
"RPL21P30",0.0178190088260298
"RNU6-1279P",0.0178190088260298
"DRD5",0.0178054027157676
"THAP5P1",0.0178054027157676
"RNU6-8",0.0177982588759026
"TM9SF3",0.0177899900259111
"SLC25A21",0.0177815561423036
"LINC02443",0.017760375115714
"MED14OS",0.0176635138253603
"ITGBL1",0.0176596422870037
"GFER",0.0176458337456662
"ISLR2",0.0176389945589847
"SKA1",0.0176199986529736
"LSM8",0.0175807173902491
"PTPRJ",0.0175524482949414
"CKS1BP7",0.0175455044580055
"ABCC12",0.0175117130100521
"NOL4L",0.0175075096203035
"ROS1",0.0174993902753153
"KRT8P27",0.0174891982192069
"RPL3P7",0.0174566183948234
"LINC01477",0.0174450072955958
"NCSTN",0.0174188519314355
"MMP13",0.0173415831887063
"LINC02564",0.0173415831887063
"TP53TG1",0.0173401363550896
"RPSAP29",0.0173363114879735
"HSD17B12",0.0173232089473549
"NEUROG2-AS1",0.0172979373993075
"LINC02934",0.0172787296174595
"DNMT3A",0.0172728391142794
"IRAG1",0.0172551639256543
"ZNF672",0.0172421187826746
"C12orf56",0.0172155017644823
"GRM8",0.0172073735047505
"CEP152",0.0171523322831174
"RPL35AP5",0.0171294344404133
"DHX38",0.0171112387852203
"TSHB",0.0170750759905385
"TRIM50",0.0170750759905385
"ALG1L12P",0.0170750759905385
"MRGPRX3",0.0170750759905385
"NDUFA3P6",0.0170750759905385
"CD24P4",0.0170750759905385
"H3P9",0.0170630513375772
"BNIP3P37",0.0169843766933011
"IMPDH1P2",0.0169793465262112
"IGHV7-4-1",0.0169793465262112
"TRIM29",0.0169594853278435
"CNOT7P1",0.0169289321616623
"DPP10",0.0169156074994375
"RNA5SP492",0.0169013665215009
"CNTFR",0.0168817813363916
"ANKS4B",0.0168458041125524
"POM121L14P",0.0168437353522902
"C1QTNF1-AS1",0.0168283323472035
"SLC25A6P4",0.0168279769887485
"HMGN2P27",0.0168171982216587
"RN7SKP68",0.0168171982216587
"OR2A2",0.0168171982216587
"MTND4LP1",0.0168171982216587
"RN7SL19P",0.0168171982216587
"RCC2P6",0.0168171982216587
"LINC02335",0.0168171982216587
"MTDHP4",0.0168171982216587
"OR52E1",0.0167868782121014
"TRAV7",0.0167868782121014
"SNORA80C",0.0167868782121014
"TNN",0.0167650211330857
"YTHDF1P1",0.0167636572818674
"ACTBL2",0.0167636572818674
"VGLL2",0.0167636572818674
"PBOV1",0.0167636572818674
"KRT9",0.0167636572818674
"FUT2",0.0167636572818674
"SF3B4P1",0.0167133597966729
"CA3-AS1",0.016698979526803
"USH2A-AS1",0.0166891638369778
"MIR1184-2",0.0166891638369778
"RPS3AP33",0.0166891638369778
"STAU2-AS1",0.0166192542155878
"MTND2P29",0.0166170714120603
"AGAP13P",0.0166170714120603
"ITPRID1",0.0165825367795696
"LINC00626",0.0165783850888536
"TERF1P3",0.0165591805956308
"PCDHA8",0.0165591805956308
"APCDD1L",0.0165591805956308
"KCNAB2",0.0165319942039139
"ENOX1-AS2",0.0164747048693034
"SHQ1",0.0164738529010157
"RPS26P15",0.0164406055783517
"LINC00868",0.0164275528834602
"RN7SL246P",0.0164253140958209
"NDUFA5P2",0.0164120892589272
"LINC01581",0.0164120892589272
"LINC00992",0.0163976670027964
"DMTF1-AS1",0.0163722635376036
"LINC00951",0.0163437413853861
"USP21",0.0163421178788621
"HTR3B",0.0163348382184018
"KRT28",0.0163248742407464
"RNF112",0.0163154203554132
"MS4A12",0.0163102604428677
"TMEM18-DT",0.0162776732415219
"ATAD3B",0.0162747323181511
"RIMS2",0.0162708707480782
"KLK11",0.0162489295391799
"TBXA2R",0.0162356471081733
"NAIP",0.0161906503485646
"ALYREF",0.01618957113848
"LINC02740",0.0161769949312524
"TMEM109-DT",0.0161682730544234
"C19orf47",0.0161391055782667
"CHST2",0.0160974830036861
"TMSB4XP2",0.0160711329433271
"MIR639",0.0160369088570096
"LINC01523",0.0160279098264471
"ZNF45",0.0160225189478548
"HOXC12",0.0160208806963505
"LINC01833",0.0160074221756376
"GAD1",0.0159301309145436
"H2BW2",0.0159301309145436
"KRTAP22-1",0.0159301309145436
"ENTPD4",0.0158757199228102
"RBM11",0.0158528266640481
"ETV3L",0.0158086534988928
"HSPA8P15",0.0158040358423026
"RNU6-323P",0.0157693062431058
"HTATIP2",0.015767916484967
"FHL1P1",0.015760385479755
"NPM1P3",0.0157509105790786
"CFAP53",0.0157501994482624
"CDC42",0.0157110689074709
"TPM4",0.0156761589119882
"SAMD8",0.0156689034798354
"BPIFB4",0.0156676974713967
"COMMD7",0.0156547815130394
"TSPAN3",0.0156542507461289
"KRTAP5-5",0.0156540300860602
"RPL7P43",0.0156540300860602
"RN7SL52P",0.0156540300860602
"LINC02105",0.0156415004931369
"GATD1-DT",0.0155933506118869
"PTPN2P1",0.0155549702412304
"KRT18P54",0.0155348708000018
"TMEM276",0.015508639908093
"ESRRB",0.0154932529938868
"PALS1",0.0154789833687133
"SLC49A4",0.0154599713051373
"HSPA8P9",0.0154165520084347
"LINC01707",0.0153917738225708
"PHYHIPL",0.0153695715902209
"ARMC3",0.0153477114740679
"RNF24",0.0153219060139869
"RN7SL752P",0.0153141057135659
"LINC02271",0.0153141057135659
"ZNF90P3",0.0153141057135659
"RAB1B",0.0153112852283295
"HNRNPA1P50",0.0152987270515271
"TBC1D13",0.0152911789028478
"FNBP1P1",0.0152895879998746
"FBXW4",0.015267148154245
"SNX6",0.0152612963250553
"CYB5RL",0.0152572799251156
"SALL4",0.0152311810719617
"SNX18P24",0.0152045031926927
"MTND4P10",0.0151875647997842
"MTND4LP21",0.0151875647997842
"RNA5SP443",0.0151875647997842
"GRK6",0.015109161514103
"RPL7AP35",0.0151007728824237
"TEX36",0.0151007728824237
"LINC00440",0.0151007728824237
"C10orf67",0.015062792367689
"SCYGR8",0.0150211857132995
"GSTT4",0.0150211857132995
"GOLGA7B-DT",0.0149842411599536
"FAM106A",0.0149639351453082
"FAAP20",0.0149624443018407
"ZFHX2-AS1",0.0149292772707555
"DUSP8",0.0148977697178241
"LINC02818",0.0148865140683104
"OR4C3",0.0148865140683104
"TCL1B",0.0148865140683104
"ANKRD30BL",0.0148858410985207
"KRT127P",0.0148502728008128
"TMIGD1",0.0148502728008128
"ADH5P3",0.0148403274435607
"NGRNP4",0.0148403274435607
"RPL21P4",0.014817898309461
"ZBTB22",0.0148018599161272
"OR10J1",0.0147649212863793
"PTMAP12",0.0147125965948208
"HAPSTR1",0.014687578881415
"SLC14A2",0.014631403129507
"SCUBE3",0.0145757542107119
"NPIPA7",0.0145725146458348
"TSR3",0.014568308001109
"LINC00670",0.0145315533093239
"LINC01428",0.0144878224933423
"SULT1E1",0.0144718027444662
"HCRTR1",0.0144606990900166
"RPL8P1",0.0144439949701092
"LINC03071",0.0144377673373151
"RBMY1KP",0.0144377673373151
"DLGAP2",0.0144167157796659
"CDH19",0.0143865337553624
"COLCA1",0.014383949732882
"RNU6-591P",0.0143586178031156
"C12orf50",0.0143586178031156
"BCAP31P2",0.0143586178031156
"MIR4530",0.0143586178031156
"TST",0.0143330104981061
"FABP5P10",0.0143250384961843
"YIPF2",0.0143133483078651
"H2AZ2-DT",0.0142691650093151
"TRRAP",0.0142602741777642
"HSD17B2",0.0142494089495224
"JSRP1",0.0142031650165741
"YAE1-DT",0.0141805223150858
"TOMM20P4",0.0141773755143465
"DBET",0.0140868803913611
"LINC00601",0.0140787076840478
"CALHM4",0.0140519168535671
"MRM2",0.0140501464719293
"NOS2P1",0.0140391382330255
"DIAPH1",0.0140012731784396
"DYNC1LI1",0.0139589140979773
"RNF152",0.0139521295200989
"OR56A3",0.0139259398906433
"LINC02666",0.0139204956497776
"AEN",0.0138997276880257
"RPL31P7",0.0138848426021093
"VWA5A",0.0138812864226346
"CCDC190",0.013873981674549
"LAT",0.0138654374847944
"GOLGA8S",0.0138633317645231
"AK6",0.0138622101661513
"LINC00674",0.0138608215100617
"CHEK1",0.0138494711063655
"WDR18",0.0138487940544409
"ABCF2",0.013831389668541
"LINC01102",0.0138209419552168
"NARS1P2",0.0138104133841742
"ST13P13",0.0138104133841742
"LINC02396",0.0138104133841742
"RUSC1-AS1",0.0138097177888821
"SUMF1",0.0137642936584403
"GYG1P1",0.0136905629619076
"REEP4",0.0136233888915099
"PRICKLE1P1",0.0136196835480073
"EEF1DP1",0.0136055447656727
"SNAPC5",0.0136007148753344
"FAM237A",0.0135647367861248
"ST13P16",0.0135647367861248
"ENPP7P1",0.0135647367861248
"ANKRD26P2",0.0135647367861248
"GLTP",0.0135589340263416
"LINC01702",0.0135582004810589
"PCBP2-OT1",0.0135562263497444
"CXADR",0.0135335897154787
"RHAG",0.0135283746118475
"BAZ1A-AS1",0.0135269454991546
"CICP12",0.0135212146904404
"RPL36P18",0.0135212146904404
"RNU1-119P",0.0135212146904404
"SNORA84",0.0135082398885225
"RASA2-IT1",0.0135056459139044
"MAPK8IP3",0.0134478983568946
"ADGRA3",0.013447447377644
"CNN1",0.0134445992464991
"H2AZP1",0.0134235176221501
"ABCA13",0.0133824361040023
"METTL1P1",0.0133740501799777
"PLEKHJ1",0.0133718233411433
"PHF5AP3",0.0133688357717975
"RPL23AP46",0.0133312325272007
"MTCYBP5",0.0133312325272007
"KRTAP27-1",0.0133312325272007
"EMID1",0.0133142208963337
"OR2B3",0.0133033476409978
"PDE6H",0.0132784324918461
"SERPINA6",0.0132741888158616
"SNX4",0.0132525283816088
"RNU6-1027P",0.0132382628579179
"HMGN1P14",0.0132382628579179
"LINC00368",0.0132382628579179
"LINC01673",0.0132382628579179
"NAB1P1",0.0132294780674529
"ANKRD20A17P",0.0132104385099012
"PRSS23-AS1",0.0131973198743008
"TBX18",0.0131895038722793
"AURKAIP1",0.0131814059262127
"RNA5SP166",0.0131362483358363
"ZNF680P1",0.0131362483358363
"CDH22",0.0131322451348357
"GRHL1",0.0130802665859676
"PABPC3",0.0130754985232659
"IGKV3-7",0.0130743943150647
"LINC02008",0.0130417131074452
"NFX1",0.0130318907004056
"TAS2R43",0.0129915770663504
"SUSD6",0.0129460566910757
"ATG4C",0.0129368784708157
"HHAT",0.0129021336655175
"TUBB8P8",0.0128778701355925
"STK19",0.0128263707719232
"ACSM2B",0.0128235145918842
"ARHGAP10",0.0127233035421554
"LINC00567",0.0126879492479773
"TRMU",0.0126842645340703
"RN7SL67P",0.0126659873182124
"BABAM1",0.0126599535639236
"CCDC124",0.0126393978521812
"APOL5",0.0125935513758592
"JCADP1",0.0125173456627594
"MRPL28",0.012508921007761
"LINC02012",0.0125036620573975
"SHOC2",0.012456139785301
"RPL7AP30",0.0124398133717831
"GPR108",0.0124396216181921
"LRRC10",0.012436840365526
"KRT6B",0.0123876756903877
"MT-TD",0.0123856892334183
"ZSCAN1",0.0123688383001413
"EYA1",0.0123521739010373
"ZNF419",0.0123457027234318
"C11orf71",0.0123365505689217
"DDX46",0.0123323831622056
"SEC13P1",0.0123045136189516
"KCNK16",0.0122837629682714
"SDK1",0.0122774796171892
"HSPG2",0.0122495966461452
"PEAR1",0.0122472361380387
"RPSAP16",0.0122005824109501
"CYBC1",0.0121913100064544
"HTRA3",0.0121781283659199
"CAPN10-DT",0.0121436197958356
"DUSP1",0.0120342802686103
"NHP2P2",0.0119941614683682
"LINC02857",0.0119580845588361
"IMPG1",0.0119495186232224
"ARSG",0.0119204446000214
"IGLV3-22",0.0119122813489378
"PCSK1",0.0119092602006867
"MYH3",0.011906676444056
"RPS3AP48",0.0119064164995839
"OSMR-DT",0.0118658048282198
"SAP30BP",0.0118493508889305
"CKS2",0.0118137036300105
"SUPT5H",0.0118063705012215
"C6orf58",0.0117992236199132
"LINC02900",0.0117965818131823
"LINC01807",0.0117653677355313
"P3R3URF",0.0117152356834751
"RNA5SP298",0.0117152356834751
"RHPN2P1",0.0117152356834751
"SLC25A22",0.0116511208895567
"KCTD9P6",0.0116501636625508
"EPHA2",0.0116390207150145
"RPL5P11",0.0116210853446526
"LINC02873",0.0116064975523567
"DCST1",0.0116046175494328
"LRRC2P1",0.0115330595138801
"IQCF2",0.0115330595138801
"HNRNPA1P32",0.0115330595138801
"RAB11FIP4",0.011512320882429
"MIR4469",0.011479214993664
"ZNF532",0.0114621354892416
"PARP3",0.0114618501229997
"NFU1",0.0114419638885472
"LINC02823",0.0113571752949666
"ECRG4",0.0113497796126578
"ARHGEF15",0.0113241607370275
"ME2",0.0113066964298845
"CSDC2",0.0112876489117086
"PRKAR1AP1",0.0112788739691084
"OR2B7P",0.0112788739691084
"LNCDAT",0.0112788739691084
"HNRNPLP1",0.0112788739691084
"OR1L6",0.0112788739691084
"PDCD5P1",0.0112788739691084
"GTF2IP6",0.0112788739691084
"GPHN",0.011241313333394
"FRG1DP",0.0112316814594751
"ZNF598",0.0111831319225467
"MDN1-AS1",0.0111485243967176
"SNRPEP4",0.0111235673705652
"SOX4",0.0110859909244146
"LINC01989",0.0110294554235319
"LINC02226",0.0110065870474555
"MTHFD2P7",0.0109773507474468
"SENP6",0.0109631978912018
"RNU6-678P",0.01096270228138
"NCOA4P3",0.0109505903252647
"CHST1",0.0109505903252647
"BIN2P2",0.0109454978519427
"LINC02853",0.0109084274434631
"TLL2",0.0108921105444981
"LINC02577",0.0108900549552812
"ZNF30-AS1",0.0108561563070802
"TECPR2",0.0108516147740319
"COPE",0.0108401841735572
"MBNL1-AS1",0.0108135853808221
"FOXP4",0.010801985586956
"RPS27P7",0.0107689969014341
"LINC02575",0.0107580222823361
"ATP9A",0.0107512725046584
"SMLR1",0.0107047671192619
"CYP3A43",0.0106629571232372
"ARMCX6",0.0106586216588705
"UBE2I",0.0106328855133614
"ANKRD33BP2",0.0105952813157787
"LINC02284",0.010556029723771
"RCOR1",0.0104746203806777
"CHFR",0.010467551213439
"CCDC18",0.0104556059729862
"TBC1D22B",0.010442074208565
"PANCR",0.0104349251137837
"GPCPD1P1",0.0103778282693201
"RPL31P35",0.0103629019947648
"KRT74",0.0103629019947648
"LINC01567",0.0103629019947648
"LINC02027",0.0103253965488134
"LIN28B",0.0102286789912684
"TTC5",0.0101726553706045
"ARHGAP26-IT1",0.0101524014971349
"MRPS36P1",0.0100755548251139
"COQ10BP2",0.0100755548251139
"MTCO1P57",0.0100755548251139
"KRT18P68",0.0100755548251139
"SLC34A3",0.0100755548251139
"RPL7AP27",0.0100422267044932
"HRG",0.0100366786617877
"OSGEPL1",0.00998434056224696
"ZKSCAN1",0.00997745881727209
"DYNLL1",0.00992712581488751
"UMOD",0.00988148960264307
"TFRC",0.00979981743525077
"C11orf54",0.00978501369591142
"RNU1-78P",0.0097460830384876
"PRXL2C",0.00973686008831241
"POLR3H",0.00973657572314867
"THRIL",0.00969583428741965
"TMEM109",0.0096537980267218
"NEK9",0.00961011985685296
"LINC00858",0.00957457126807412
"ACTMAP",0.0095688507614442
"RGS2",0.00954028583918741
"ZRANB2",0.00948706740487722
"TANGO2",0.00945842500002517
"IWS1",0.00944961893842127
"ATAT1",0.00943376133522422
"MSL3P2",0.00942319877862453
"SPRYD7",0.00933522623785248
"ACTN1-DT",0.0093293081793855
"PREX1",0.00927998558570632
"NRAD1",0.0092504883327146
"SLC35B1",0.00924127085948936
"LINC02625",0.00918360017832763
"RPS3AP47",0.00917501895094923
"HLA-W",0.00916704955951092
"MAGOHB",0.00914152984423368
"HABP2",0.00913058031264802
"C11orf40",0.00913039094923466
"CRY2",0.00912220683365331
"MST1",0.00910202330085197
"MLH1",0.0090978962923807
"PPP1R14A",0.00901756231044331
"LINC02049",0.00901086386328177
"SF3A2",0.00896947776881728
"SEC11A",0.00895616642258875
"SLC4A8",0.00893207237114447
"RPL8",0.00891221901515847
"MCCC2",0.0089043539872829
"LINC02781",0.0088931401187216
"RNF214",0.00886003421360843
"CDX4",0.00885500654667193
"IGHV3-54",0.00883000740267101
"PRSS54",0.00883000740267101
"OFD1P3Y",0.00883000740267101
"IGLV3-32",0.00883000740267101
"LYNX1",0.00882222432438555
"CLCA2",0.00881890349746995
"ACKR4P1",0.00873777029884906
"MYBPC2",0.00872466758642246
"MGST3",0.008704413190946
"DPY30",0.00869326482728521
"ACE2",0.00866935589141512
"PGBD4P3",0.00864114928691581
"GPN3P1",0.00862239292352346
"LINC00934",0.00862239292352346
"CFAP61",0.00860251659623744
"CYLC1",0.00860104473153487
"DCDC2",0.00859292462212923
"GRIA1",0.00856065325605854
"RNU6-823P",0.00855417521413299
"IFT122",0.00855310472412618
"RIOK3",0.00854340917778508
"SCO1",0.00851218384624796
"TDO2",0.00843354253398615
"LINC02079",0.00841925016309695
"RNASEH2B",0.00840548221217682
"GABRA6",0.0083981910291534
"EIF4EP5",0.00838620907307859
"LASP1",0.00835783943862053
"PCCA-DT",0.00832707929259056
"HNRNPD",0.00832170553275322
"RBP5",0.00829281961948363
"ZCRB1",0.00828410750361356
"RNU6-580P",0.00827193660110851
"MYT1L-AS1",0.00827193660110851
"PGAM1P4",0.00827193660110851
"VSTM5",0.00827193660110851
"DDI1",0.0082696257408351
"RPL21P58",0.00826688452045938
"EFNB3",0.00825155994466141
"PRL",0.00823243155834507
"FNTB",0.00822885477017427
"MIR4527",0.0082199476511445
"CLTRN",0.00821863998196418
"RPSAP38",0.00821713277818448
"BARHL1",0.00821424875572762
"SRP14-DT",0.00821387728764941
"YPEL4",0.00820047486274946
"RPSAP46",0.00819385519045976
"NPM1P13",0.00819380843146423
"RPL21P85",0.00819380843146423
"RPL35AP27",0.00819380843146423
"RPL18AP17",0.00819380843146423
"RNA5SP430",0.00819380843146423
"SNORD91A",0.00819380843146423
"LINC01491",0.00810313911022942
"NR2F1",0.0080897109178931
"USP8P2",0.00808835059275347
"MAL2-AS1",0.00808835059275347
"LYZL1",0.00808835059275347
"OR4K4P",0.00808835059275347
"LINC01917",0.00807126543460311
"CAST",0.00805115087135882
"BTN2A1",0.00804220066826706
"MRPL53",0.00803241324781797
"NHIP",0.00801606027449479
"ATXN7L3B",0.00800456198923369
"SETD9",0.00798957412895435
"FILNC1",0.0079886309233752
"RPL13AP23",0.00798127132194673
"ZNF668",0.00795607540850282
"LRIG3-DT",0.00794692352951343
"VDAC1P1",0.0079452075191539
"TMEM269",0.00794062006344353
"RPL13P12",0.00792727494587945
"LINC02089",0.00792197423752917
"POC1B-GALNT4",0.00792033616962352
"PTGFR",0.00791273355606066
"EXOGP1",0.00790698018535617
"TNFAIP1",0.00789881915938674
"RPL21P51",0.00789120262060067
"ISCA1P2",0.00788783992808094
"CNTNAP3P7",0.00788783992808094
"LINC00392",0.00788783992808094
"IGHV3-63",0.00788783992808094
"WDR45BP1",0.00788783992808094
"C17orf107",0.00784630391943311
"RBM27",0.00780145883325735
"MIR663AHG",0.00780113625807099
"JPH2",0.00777580437329555
"RPL21P93",0.00776932351323143
"FAM174C",0.00775742345277318
"TRDMT1",0.00775558403108854
"MRPL37P1",0.00772735781195213
"MSS51",0.00771735410412824
"TMA16P1",0.00764341974564415
"MPPE1P2",0.00764341974564415
"LINC03098",0.00762141268515327
"SDHCP2",0.00755762015795102
"RDH8",0.00752706393128242
"EVI2B",0.00748982211316927
"EEF1E1",0.00747688801703381
"ZCCHC14",0.00746817045050125
"ZNF335",0.00746372778753759
"ADIPOR1P2",0.00742625022318809
"MCMDC2",0.00738669513535648
"ROCR",0.00736838837350512
"MRPL3P1",0.00734089515718716
"GALE",0.00732231770464294
"G3BP1P1",0.00731474718802486
"MYO9A",0.00729482461287633
"PAX1",0.00729140408490371
"ATP5MC2P2",0.00728722636227431
"HMGCS2",0.00726671695410935
"OLA1",0.0072664899860174
"IGKV1-22",0.00726061818443735
"DPPA4P2",0.00726061818443735
"RIC3-DT",0.00726061818443735
"INHBB",0.00724759029212752
"PABPC4L",0.00724759029212752
"RPS26P56",0.00724759029212752
"HNRNPA1P53",0.00724759029212752
"OR4D7P",0.00724759029212752
"RPS3AP36",0.00724759029212752
"UFM1P2",0.00724759029212752
"SPACA3",0.00724759029212752
"BPIFB5P",0.00724759029212752
"SIGLEC24P",0.00724759029212752
"AKR1C3",0.00723827070893356
"MTND5P25",0.00721922227612194
"AMYP1",0.00721068945328499
"RPL21P86",0.00721055397541121
"CNIH3",0.00718690553486375
"SDHC",0.00718340435300511
"KRT7",0.00716773546600993
"KLHL33",0.00714526220243408
"CCDC17",0.00713354755862491
"MIR4435-2HG",0.00712322704816238
"SOX12",0.00710566234538296
"CARINH",0.00703720753710604
"LINC02890",0.00702306444606584
"RN7SKP174",0.00696239786178043
"PTOV1-AS1",0.00692615726069215
"MORN4",0.00690838970262169
"GLE1",0.00687440370265167
"MEX3A",0.00683243657840317
"LINC00939",0.00679369646457603
"SAP18P2",0.006787533418578
"RN7SL578P",0.006787533418578
"MIR7160",0.006787533418578
"RNU6-343P",0.006787533418578
"ATP5PBP7",0.006787533418578
"LYPD4",0.006787533418578
"OR2AT1P",0.00677695289087529
"NID2",0.00675043595910981
"TFB2MP1",0.00671051877482972
"LAMP3",0.00669123887380734
"SPOCD1",0.00667237900332526
"BCAP31",0.006636041020812
"GPM6A-DT",0.00662321736238348
"RPL4P4",0.00662299603193292
"ADIRF-AS1",0.00662230970384005
"ZNF736",0.00659697589298913
"UBE2Q1-AS1",0.00659284127157783
"FAM234A",0.00656384912140785
"H1-5",0.00653058978638875
"FSIP2LP",0.00652736987556749
"SERTM1",0.00650052313519802
"PLEKHM1",0.0064783455887221
"IGKV1-17",0.0064765234839952
"ELF2P4",0.00647359211563111
"MMP26",0.00646872111264732
"SEMA3D",0.00645905405115219
"RNU6-705P",0.00643627520731154
"LINC02002",0.00643280898190752
"PRAMEF35P",0.00642875465837844
"LINC00395",0.00642875465837844
"DLK1",0.00642875465837844
"LINC01892",0.00642875465837844
"ZNF516-DT",0.00642875465837844
"SUMO1P4",0.00642830499614808
"LINC02045",0.00640922552909612
"HMGB1P46",0.00640922552909612
"FARP1-AS1",0.00640922552909612
"ISCA2",0.00637913959890302
"DAD1",0.00635152432378282
"SPACDR",0.00632928547570873
"LINC01388",0.00632896681936816
"MIR3926-1",0.00632482551934736
"TBC1D2B",0.00631920302095574
"RPL7P4",0.00630289438179169
"COL6A5",0.00629973176463109
"NSA2",0.00627093624969938
"PFKFB3",0.00626982654903612
"SLFN12",0.006266196970353
"ATPAF2",0.00624618350645737
"MT1HL1",0.0062438269958856
"KCNMB2",0.0062438269958856
"RPS3AP16",0.0062438269958856
"RNY3P1",0.0062438269958856
"MIR6858",0.0062438269958856
"RPL23AP96",0.0062438269958856
"MIR1302-1",0.0062438269958856
"IGHV7-81",0.0062438269958856
"LILRA2P1",0.00624305661381737
"RPL7AP33",0.00624305661381737
"RN7SKP299",0.00624305661381737
"RNA5SP453",0.00624305661381737
"TMPRSS12",0.00620926367553084
"EXD2",0.00619320706747562
"COQ7-DT",0.00617409949102523
"EGFLAM",0.006163428455256
"SMIM15-AS1",0.00614700965308661
"NARS2",0.00613120801543743
"MSL3",0.006129460703363
"CKLF",0.00609791360587551
"SIM2",0.0060920695351324
"TEC",0.00604874232782606
"PIK3R5",0.0060402414669483
"FMO11P",0.00600186413230024
"HLA-N",0.00600017435686309
"VILL",0.00599755098180776
"GGCT",0.00599033888155063
"LINC02211",0.00598651049149359
"ATP2A2",0.00596245884653658
"RHBDD1",0.00595822046941033
"CTDP1",0.00594875432746947
"NRAS",0.0059052859575924
"DCP1B",0.0059023174069554
"PDPK1",0.00588834059414644
"KCTD20",0.00584766447055024
"SEC23A",0.00582349519132782
"OSBPL11",0.00581739316767847
"MKX",0.00579219460077418
"RN7SL225P",0.00578890921557551
"UGT1A6",0.00577408902808007
"NDUFS5",0.00575632706654536
"SEC14L1",0.00574924624566033
"PPIAP6",0.00573863692368856
"HNRNPCL3",0.00573800276340059
"FERP1",0.00573787247315813
"RPL7AP6",0.00572316702285012
"MYO1G",0.00565290249043741
"KIF26B-AS1",0.00565166493818742
"ACVR2B-AS1",0.00565166493818742
"ST13P11",0.00565166493818742
"FZD10",0.00565166493818742
"RPL23AP97",0.00565166493818742
"TMEM238L",0.00565166493818742
"FAM136EP",0.00565166493818742
"RBPJP2",0.00564171804150937
"SLC7A14",0.00561516282459757
"DELE1",0.0055640961732062
"MST1R",0.00555198192870162
"MTG1",0.00552708846899715
"CWF19L2",0.00548659013178916
"COLGALT2",0.00548255216585909
"SVOP",0.00542025796682277
"RHEB",0.005412483110061
"HNRNPA1P28",0.00536905984579041
"MORF4L1P3",0.00535633561160002
"ADORA2A",0.00535293012544272
"SLC7A13",0.00533160179897429
"ASPH",0.00532821407015755
"XK",0.00531542347480738
"FILIP1",0.00531000101355879
"ZNF813",0.00529715110666267
"MIR760",0.00522767187322713
"GLYATL1",0.00521883191461304
"PAEP",0.00519075749714174
"NPLOC4",0.00516229617581868
"NPM1P35",0.00515727696606401
"SLC25A28-DT",0.0051496982481595
"RNA5SP310",0.00513775052053792
"RPS8P10",0.00513253503005368
"HNRNPA1P13",0.0051249981425732
"ART5",0.00512238236074601
"RNU1-4",0.00510458860285564
"MRPS18C",0.00509368557466068
"AIMP2",0.00507784091159251
"ZNG1A",0.00505116379988592
"SLC2A4",0.00504601919305019
"ADAMTS12",0.00503694389589794
"LINC01761",0.00502979301054732
"LINC01831",0.00500803066961018
"RPL35AP8",0.00500803066961018
"FKBP4P1",0.00500803066961018
"RPS23P2",0.00500803066961018
"MIR4764",0.00500803066961018
"CAB39",0.0049945283024618
"DCTN4",0.00492598473453545
"UQCC1",0.0049171470503114
"RFPL1",0.00491147882044876
"PAPOLA-DT",0.00488572176614848
"LINC02945",0.00485802192604951
"LINC01002",0.00484367343450913
"CENPN-AS1",0.00483553013293352
"RNU6-611P",0.00479280705313187
"MCUB",0.00474951119933125
"ENGASE",0.0047325697557109
"TIMM50",0.00471169970968812
"SKA2P1",0.0047104720215348
"IGF2-AS",0.00469330390568311
"TRAPPC2B",0.00466489676590384
"RXYLT1",0.00466341520684286
"RPS15AP11",0.00460764948436426
"CDK5R2-AS1",0.00457854896422697
"MMP3",0.00457082941439338
"ARHGAP16P",0.004562955277695
"TRPM6",0.00455587523934861
"DAO",0.00455092660752232
"TEX55",0.00454406060346253
"RNU6-806P",0.00454406060346253
"MIR606",0.00454406060346253
"PPP1R14D",0.00451784583887005
"PSMC3P1",0.00450665458197618
"RPLP0P10",0.00448839946862198
"GDI1",0.00446159454607943
"ZCRB1P1",0.00445173561878406
"CHST6",0.00444568861163108
"RIMBP2",0.00442818408835885
"HPS4",0.00440350030522452
"KRT10",0.00440293894951809
"CASC20",0.00438014270548987
"RPL7AP77",0.00436056157384738
"ATXN2L",0.00435792098421319
"NEUROD1",0.00435626898231443
"HNRNPCL2",0.0043452514753104
"ALDH1L1-AS2",0.00434486607398623
"FAM9C",0.00433394623861835
"WDR45",0.00433098315338953
"PLGRKT",0.00432300715204724
"DUXAP5",0.00432101844095993
"SSR1P2",0.00432101844095993
"IGHVIII-22-2",0.00432101844095993
"IGHV8-51-1",0.00432101844095993
"IGLC5",0.00432101844095993
"ENAH",0.00431662151156315
"ZNF559-ZNF177",0.0043143667250679
"TMPRSS4",0.00428602682470076
"NARF-AS1",0.00425810263908496
"RPL21P53",0.00425119364091443
"RRH",0.00424282663444548
"SLC25A18",0.00422433453739118
"SLC16A6P1",0.00422364661555062
"PATE3",0.00421557515530356
"SKP1P2",0.00421226431866879
"IDH3G",0.00418116908017101
"OR5AR1",0.0041803741322838
"TEX101",0.00417421731187941
"RPL7P19",0.004172270828206
"RGS7",0.00415795123278412
"COASY",0.00412891801402849
"SYNPR",0.00412036045047941
"NTMT2",0.0041190936647156
"NPM1P31",0.00411570271772124
"HSP90AB2P",0.00411542227022597
"RN7SKP48",0.00411477380573134
"SFR1P2",0.00410933248140791
"MKRN5P",0.00410933248140791
"KCTD9P1",0.00410933248140791
"GDF5",0.00410933248140791
"ELOCP29",0.00410933248140791
"LINC02946",0.00410921704619398
"POU2F1-DT",0.00409478027607577
"PPIAP66",0.00409478027607577
"RNU6-887P",0.00409478027607577
"SHISA5P1",0.00409478027607577
"CLUHP5",0.00409478027607577
"ELOCP33",0.0040925850975178
"TNFRSF1B",0.00408438746891111
"GPX6",0.00407844298702765
"RNLS",0.00404127343973627
"PXN",0.00400240849832334
"FXYD7",0.00397997983696615
"RN7SL636P",0.00396950509960459
"RPP25L",0.00395423184279149
"CACNG5",0.00392233795736254
"VARS1",0.003902971321915
"FLVCR1",0.00388523634211802
"CHRM3-AS1",0.00387585753459372
"MIR551B",0.00387585753459372
"PGBD4P4",0.00387585753459372
"GYPA",0.00387585753459372
"TRBV12-1",0.00387585753459372
"TRBV12-2",0.00387585753459372
"TUBBP3",0.00387585753459372
"NF1P1",0.00387585753459372
"LINC01893",0.00387585753459372
"ZNF92P2",0.00387585753459372
"LINC02546",0.00386316071126775
"UNC119",0.00386063901779088
"ANXA13",0.00385244004732894
"KERA",0.00382185230992963
"RPS4XP6",0.00380213059192415
"RNVU1-27",0.00379931538730313
"LINC01451",0.0037915721820204
"PPIAP22",0.00379071400555474
"FLT1P1",0.00376847090189079
"FOCAD-AS1",0.00376847090189079
"SLC2A10",0.00376847090189079
"MTHFD1L",0.00375679631402779
"MRPL32",0.00375093008494621
"SLC9A1",0.0037255067917883
"OR56A1",0.00371788499894131
"RPL10P1",0.00369182760430766
"RAB11FIP2",0.00367280384989317
"C4orf19",0.00367156374932655
"IL20RA",0.00365711969811627
"ADGRL4",0.00365415849704439
"ID2B",0.00362368022013922
"LRRC37A14P",0.00362017651874846
"C1orf141",0.00360496921367202
"C16orf86",0.00360359238385894
"ZSCAN10",0.00359602439414458
"TRMT12",0.00359497757039009
"VKORC1L1",0.00359175952710362
"LINC01992",0.00357956098671132
"PSMA2P3",0.00357583900611426
"PPP4R2P2",0.00357583900611426
"RN7SKP25",0.00357583900611426
"PGGT1BP2",0.00357583900611426
"RPSAP1",0.00357583900611426
"C22orf31",0.00357583900611426
"LINC01187",0.00354049185743972
"RNU6-1092P",0.00353273684550138
"RN7SL141P",0.00352626281068164
"C3P1",0.00352617591409064
"PTP4A1P1",0.00350400135825555
"HNRNPA1P60",0.00349255389440366
"OR5AK2",0.00348985594162101
"LAMC2",0.00348532591225641
"LINC02025",0.00348146118794806
"MARVELD3",0.00348146118794806
"GPR142",0.00348146118794806
"OR4F8P",0.00348146118794806
"CLOCK",0.00345820505164424
"TECPR1",0.0034207333096623
"MKNK2",0.00341045554848213
"RPL13AP22",0.00339501847297035
"IKBKB",0.00336743854948294
"CPNE6",0.00335008345836316
"LDHBP2",0.00333682926225112
"RBFADN",0.00331786899193184
"HNRNPCP6",0.00330535493405549
"NEURL1B",0.00329725539703271
"ENTPD4-DT",0.00329725539703271
"DTD1-AS1",0.00329725539703271
"HDAC10",0.00324474203670091
"WAC-AS1",0.00323787893523717
"CXXC5",0.00322411339200307
"C10orf95",0.00321235044438019
"HMCN1",0.00320110132794218
"OR4F1P",0.0031974638670364
"RPS4XP3",0.00319002049220085
"SLC16A3",0.00316926938666367
"LINC01127",0.00315883221381979
"MAST3",0.00315689020173752
"RN7SL96P",0.00315399977836901
"TENM3-AS1",0.00313715594148047
"SEC24C",0.00312795420818528
"KBTBD2",0.00306595073245556
"RPL36AP37",0.00306578728789272
"MTG2",0.00304541575446948
"GDI2",0.00300589708000035
"DBNL",0.00299522785229822
"SPATA31D1",0.00299169974438133
"DMRT1",0.00298549590449542
"ACSBG2",0.00297294250970238
"COA8",0.00296878803639807
"TEFM",0.00295744418688833
"MIR4300HG",0.00295632046834468
"TPI1",0.00295558815453629
"ZNF530",0.00295119081770287
"C2orf81",0.00294851085151114
"TRABD",0.00293080024935484
"FTLP15",0.00293063767859577
"LINC02321",0.00292958787458314
"LYPLA2P1",0.00291292738248755
"IGKV1D-39",0.00290230274594034
"RSL24D1P11",0.00289800446972098
"SMIM21",0.00289782898079528
"ARL14EP-DT",0.00289602832599771
"CSRP3-AS1",0.00289238277389154
"OR52L2P",0.00288972910318147
"IGKV1D-8",0.00288583945653791
"SLC10A6",0.00288583945653791
"OSTCP6",0.00288583945653791
"LINC02553",0.00288583945653791
"RPS4XP15",0.00288583945653791
"GGT4P",0.00288583945653791
"COX6CP4",0.00288583945653791
"UBE2V1P3",0.00288583945653791
"GGT3P",0.00288583945653791
"MFFP2",0.00285981306371685
"RPS3AP19",0.00285027058993966
"TAS2R31",0.00284901614319434
"ACSF2",0.00284010960825244
"EIF3JP1",0.00283877618936872
"TIGD6",0.00283670308815019
"SNRPCP13",0.00282486558150988
"ATG10-IT1",0.00282486558150988
"RPS5P8",0.00282486558150988
"HMGN2P16",0.00282486558150988
"LINC02909",0.00282486558150988
"C12orf71",0.00282486558150988
"UNGP1",0.00282486558150988
"LGALS16",0.00282486558150988
"ARHGDIG",0.00279364210012223
"SLC30A10",0.00277509720224553
"TMEM88B",0.00267989493795539
"IGKV1-8",0.00267438396327117
"HNRNPA1P57",0.00264256085874928
"GTF3C6P2",0.0025978313174986
"PRDM9",0.00259313280647599
"SCNN1D",0.00258978517197847
"KDM5D",0.00258513201114351
"IL6STP1",0.00257739552233046
"LINC02923",0.00257619702191075
"ERP29P1",0.00257030207844165
"RPAP1",0.00256515038667166
"RN7SL460P",0.00256060353465432
"IGKV1-13",0.00255944391951661
"SETSIP",0.00255868925504991
"IGKV1OR2-118",0.00254904158588126
"LINC02272",0.00254904158588126
"RNA5SP239",0.00254904158588126
"SPDYE9",0.00254904158588126
"ATP5F1AP1",0.00254904158588126
"PPP1R11P1",0.00254468774585606
"PSAT1P2",0.00254468774585606
"UNC93B3",0.00254468774585606
"LYZL4",0.00254468774585606
"FGF20",0.00254468774585606
"OR52X1P",0.00254468774585606
"CRTAC1",0.00254468774585606
"GPD1",0.00253973739349814
"PTRHD1",0.00253781248531418
"SAC3D1",0.0025257903506335
"RAP1AP",0.00249729500531657
"LARP4",0.00249275961340682
"ERH",0.00248136136086235
"RPF2P1",0.00247767536275446
"PAICSP4",0.00247038767608321
"ILF3",0.00245353242676596
"AP2A2",0.00242873830926454
"ERN2",0.00242031438173301
"ZNF432",0.00241508960266402
"TSPAN1",0.0024062843931433
"RP1",0.00240033123941998
"MAGI2",0.00239484935395964
"ADAMTS16-DT",0.00237238535132244
"LINC00437",0.00235347571971599
"ANXA2R-AS1",0.00234279334764216
"FBXL5",0.00233120119045101
"NRDC",0.00232733697801135
"RAB11A",0.00229395781134381
"LSP1P5",0.00228711860874621
"TAOK1",0.00228636126317674
"GHR",0.00227023669353086
"TUBA5P",0.00227018281154173
"RNU6-1081P",0.00227018281154173
"CFAP144P2",0.00227018281154173
"MEAF6P1",0.00227018281154173
"IGKV2-4",0.00227018281154173
"SDHDP2",0.00227018281154173
"MTND4LP32",0.00227018281154173
"MTND4P4",0.00227018281154173
"SEPTIN7P5",0.00227018281154173
"GRAMD4P7",0.00227018281154173
"LINC01901",0.00227018281154173
"LINC01708",0.00226478128812877
"SLC25A39",0.00226284103991864
"SPRED2",0.00225109573026317
"ZMAT4",0.00223011374800416
"DUX4L9",0.00221606377393395
"RN7SL560P",0.00221107707244085
"SCYL2",0.0021714966880018
"SFRP5",0.00216910698851751
"SETP14",0.00213763991470057
"CAPN1",0.00212026830259203
"MAP3K15",0.00211812630831933
"EIF1P3",0.00210523137482951
"RPL15P17",0.00209577847753666
"GXYLT2",0.00208050464765997
"IGKV2-29",0.0020418650564528
"CRTC3",0.00203838431324234
"PRPS1P2",0.00203578967427389
"ADD1",0.00202432181497751
"ALDH6A1",0.00200977933849323
"CHERP",0.00199190574946896
"LINC02026",0.00198299642644563
"PAICS",0.00197424275996748
"PRSS53",0.00194100990015813
"NUP58",0.00192492910206421
"ENTPD7",0.00191306551257223
"MYO1E",0.00190655784026934
"ALG3",0.00190265719092973
"GALNT17",0.00188391597938361
"NME3",0.00188052134884617
"TRIP11",0.00187015554904982
"RPL35A",0.00186259702509051
"CCNL1",0.0018083129397253
"BHMT2",0.00180828950902441
"TMEM91",0.0018010615394051
"IER5L-AS1",0.00177024726923773
"GTF2A2",0.00174414098678858
"RTL8B",0.00172600343721748
"LINC02402",0.00169525634404739
"ANKRD10-IT1",0.00169366477312263
"OVCH1",0.00164395307322291
"MRM1",0.00164374844086941
"FTLP4",0.00163264271765374
"PABPC5",0.00163208358410077
"RALA",0.00162842587172987
"TOX4P1",0.00160119772139757
"XACT",0.00159038449063426
"CHMP6",0.00152927491864502
"DHX35-DT",0.00152726651339509
"KIAA1143",0.00147054169889512
"RPL21P2",0.00144953752281804
"PKNOX2",0.00144875808450436
"LINC01341",0.00138805973612435
"WBP1P1",0.00138260613048993
"LAMA3",0.00135552358557204
"ODR4",0.00134456068984794
"SFSWAP",0.00134141455544409
"NRIP1",0.0013290681313259
"PPM1J",0.00131652568112987
"GIPC2",0.00129580080992641
"MIR31HG",0.00127683353954365
"MROH7",0.00127305733290218
"PARVA",0.00126555381286337
"C22orf39",0.00124171290483677
"TMEM199",0.00124064972396559
"XRCC2",0.00123498970529276
"CCDC8",0.00122909734081165
"ZNF20",0.00122829782929168
"OTUD4",0.00122224878956767
"MBTPS1-DT",0.00121151242845693
"GAPDHP76",0.00120978733643648
"HNRNPA1P52",0.00119308026735089
"C16orf89",0.00118656745265588
"SRSF3P1",0.00117805665124074
"LINC02606",0.00114108925116431
"USP30",0.00113668492875307
"PPP5C",0.00112909884263266
"SLC38A9",0.00111409844794691
"THAP12P7",0.00109542138818026
"IFFO2",0.00109056472974494
"TLCD3B",0.00108552134038191
"CYP26B1",0.00107432848975405
"FXYD5",0.00106127407165263
"HIVEP2-DT",0.00106054870114656
"NDUFS2",0.00105657490907776
"UPF3B",0.00104375523637895
"LINC01060",0.00103937479072893
"MRPS14",0.00103476281223724
"DNAJC14",0.00103229969003956
"RAD21P1",0.00102999873106093
"HIF1A",0.00102629617361203
"NAP1L4P3",0.00102060438621826
"HNRNPA2B1",0.00100794312712788
"RPL6P1",0.00100514283659867
"SUV39H2-DT",0.000997092419752653
"OR10G3",0.000990423744200283
"STK38",0.000987697962693913
"KIFBP",0.000966083766584813
"RPL7AP62",0.000961759298777238
"PTPN2P2",0.000959132051791524
"LAMC3",0.000936719935632352
"DNAH1",0.000894212856367881
"LINC00114",0.000882674718450167
"MESTIT1",0.000875992579544302
"MTCO2P22",0.000851830509173253
"LMO3",0.000851580767363908
"EFNA2",0.000828027622030949
"RALGPS1",0.000817353639939473
"VPS11-DT",0.000812955232625355
"MT-ND4L",0.00081065040600865
"RNU6-780P",0.000799853424101089
"CEP192",0.000797811859615781
"FAR2",0.000780987850827869
"LGMN",0.000762210150341049
"CNTN6",0.00073453170943545
"HMGN3-AS1",0.00072849020289805
"MPV17",0.000726869146394037
"DNAJC22",0.000726848444838327
"ATG14",0.000724490743568471
"TM9SF2",0.000714741114310485
"TMSB4XP6",0.000714669507268878
"SLC45A4-AS1",0.000708461809458403
"RPL39P15",0.000703367482086937
"RN7SL452P",0.000695678378734338
"STX5",0.000682641193445874
"GNB1",0.000665472761848916
"EPB41L4B",0.000663344146505274
"DGCR2",0.000658477780126006
"RN7SL771P",0.00065830882672783
"HMGN2P6",0.000642021381386961
"TARDBP",0.00063687451493015
"CHKA-DT",0.000622900614242473
"DNAI7",0.000613965167558812
"METTL14-DT",0.0006104297392712
"USP12-AS1",0.000598533141573286
"CPE",0.000595692634391063
"ZCCHC9",0.000585533746041728
"SRBD1",0.000583809184738645
"CEP112",0.00056838660627066
"GJB7",0.000553388757191586
"ARCN1",0.000552806636236428
"MIR4482",0.000551768865576059
"MYL12B",0.000528516033011538
"LINC01118",0.000523160928174481
"LINC00837",0.000517202970083097
"GSE1",0.000512492698212447
"RAP1A",0.000511867761994004
"APBB2",0.000511638974494198
"EMC1",0.00049961913232769
"PTGDS",0.000492947243278419
"SMARCA1",0.000492890071634707
"RN7SL743P",0.000486611316441851
"PER1",0.000471888188639407
"APOA1",0.000448515659956587
"HERC3",0.000447192221633449
"YY2",0.000445968164235557
"ZNF850",0.000431734256191962
"IVNS1ABP",0.00042034831324595
"RPL7P6",0.000407739044809578
"HNRNPA1P37",0.000407353967989833
"LRRFIP1",0.000405164009791925
"ISG20L2",0.000398967652132414
"CCDC43",0.000397550086981575
"PXN-AS1",0.000397514405632574
"GRIK2",0.000389982809732928
"TAFA2",0.000377032858690707
"PRX",0.000365898929595942
"EPB41L1-AS1",0.000362723945105341
"GBE1",0.000346806925356348
"NIT2",0.000345234140292888
"COPS8P2",0.000344055239109011
"CCDC106",0.000335196373749679
"BOP1",0.000328798768798826
"CCDC192",0.000316220388377544
"ADO",0.00031110488440256
"FNTAP1",0.000311079151131848
"RPL15P18",0.000308673815734369
"EP400",0.000299546620185319
"CTNNA3",0.00029579801575842
"TMEM134",0.000292921216016279
"LINC02014",0.000288573787173075
"RN7SL718P",0.000284009619273488
"FANCL",0.000282466742666751
"RPL17P7",0.000275152362719578
"ARHGEF6",0.000273003665956077
"GNL3L",0.000270953247220886
"HACD1",0.000248246260524219
"EEF1A1P13",0.000236157987232619
"MEIOC",0.000233356359072832
"SLC6A15",0.000230041775278071
"DAPP1",0.000228424929714255
"IGLV1-41",0.000227184545181257
"FTO",0.00020452728495519
"ATP6V1C2",0.000202321279355802
"MTCO3P1",0.000197097097788418
"LINC01280",0.000191005384379799
"CUL9",0.000190471677527977
"HSPE1P6",0.000172523440960013
"MTCO1P2",0.00016839894741166
"ARPC2",0.000167701809745916
"RCOR3",0.000160811877196886
"ST3GAL3",0.000146498529552035
"LRRCC1",0.000142399292534762
"BZW1P1",0.000140345394924814
"RPS6KA1",0.000137416110359213
"SMC2",0.000129280913799346
"LINC01800",0.000125803953676024
"CCL19",0.000124082168594672
"MLLT10",0.000118371549004097
"KBTBD11",0.000115565454113842
"LINC01098",0.000111618343300815
"KPNA2P2",0.000106059591085615
"NSMCE1",0.000101493721188443
"RPL29P11",0.000100880149354805
"SNRPA1-DT",8.63001356276188e-05
"DNAJC8P1",8.37155360578288e-05
"KLF13",8.03552615177959e-05
"RASSF5",6.94818808138007e-05
"VDAC2",6.49769029751669e-05
"TRAF1",6.11498224712549e-05
"SLC25A41",5.95301419719757e-05
"ALK",5.85387671603208e-05
"RPL15P20",5.29587785634098e-05
"LYPLA2P2",5.18926052538951e-05
"HEXB",5.02852609833408e-05
"PPP4C",5.01364782256049e-05
"LAPTM5",4.90042104089836e-05
"SDCBP",4.68841115117682e-05
"WDR77",3.9991085208971e-05
"YIPF6",3.93515602894882e-05
"WBP1L",3.36986337558985e-05
"GAPDHP73",3.30564568039943e-05
"C22orf23",3.25432559092675e-05
"MIR1184-1",3.06026332919487e-05
"SUMO2P17",2.97429880923426e-05
"CDC42-AS1",2.71899216873983e-05
"VDAC1P6",2.60280064319682e-05
"FAM131A",2.52307947985304e-05
"PLD4",1.79564948252632e-05
"CTNNB1",1.7407443163529e-05
"CHD3",1.72229122252569e-05
"NDOR1",1.61531501848085e-05
"GYS1",1.3949814086588e-05
"PPP4R1",1.2461244856605e-05
"TDG",1.19874252362418e-05
"CD44-AS1",1.12723598749822e-05
"GGA3",9.93965973665405e-06
"WDR38",9.53497408695072e-06
"ZHX3",6.52720090077085e-06
"TUBB2BP1",3.49527756620859e-06
"RPS7P10",3.3894072248568e-06
"MAP3K12",2.82621864368772e-06
"KLC1",1.47538699138584e-06
"IFT52",9.25730883490993e-07
"GIMAP2",4.89557713919759e-07
"BCAS3-AS1",3.90128067817242e-07
"C4orf33",2.5256009635937e-07
"RPS19",6.28098127305416e-09
"RPL21P21",0
"EEF1DP6",0
"LINC01646",0
"LINC02782",0
"MTCYBP45",0
"PGAM1P11",0
"HES5",0
"IFITM3P7",0
"GJB3",0
"LINC01756",0
"FTLP18",0
"LINC02810",0
"HNRNPFP1",0
"GUCA2B",0
"RPS29P6",0
"LINC01654",0
"SHMT1P1",0
"ACTL8",0
"PHB1P12",0
"TMA16P2",0
"MRPS6P2",0
"PARS2",0
"LAMTOR5P1",0
"RPL23AP85",0
"KLF18",0
"COX6A1P1",0
"RPL29P5",0
"ANGPTL3",0
"NDUFS5P3",0
"RPL13AP9",0
"ST6GALNAC5",0
"COX6CP13",0
"GJA9",0
"NEGR1-IT1",0
"PGBD4P8",0
"MTND2P30",0
"GUCA2A",0
"PSAT1P3",0
"HMGB1P18",0
"HNRNPA1P64",0
"PHKA1P1",0
"COL24A1",0
"MTCO1P21",0
"MROH7-TTC4",0
"HNRNPCP9",0
"KATNBL1P2",0
"GJB4",0
"DMRTA2",0
"HMGB1P45",0
"MTND4P11",0
"MTCO3P21",0
"TBCAP2",0
"BARHL2",0
"SNX7-DT",0
"OOSP1P1",0
"RPS20P5",0
"TLCD4",0
"RPL21P23",0
"MTND3P21",0
"DNAJA1P5",0
"LINC01787",0
"MTATP6P13",0
"LINC02868",0
"CIMAP3",0
"TRIM45",0
"LINC02788",0
"VPS25P1",0
"MTND5P20",0
"NEFHP1",0
"PSMC1P12",0
"RPS15AP9",0
"UBE2WP1",0
"SLC6A17-AS1",0
"CDK4P1",0
"TXNP3",0
"RPS29P29",0
"OR10AE1P",0
"NR1H5P",0
"PFN1P12",0
"MTATP6P14",0
"NKAIN1P1",0
"FMO8P",0
"FDPSP1",0
"LINC01720",0
"LRRC8D-DT",0
"LAMC1-AS1",0
"MTCO1P14",0
"PRELID1P7",0
"WDR82P2",0
"RPL5P6",0
"OR10J5",0
"NR5A2",0
"NMNAT2",0
"ISCUP1",0
"HNRNPA1P46",0
"TFDP1P1",0
"LINC03121",0
"FMO10P",0
"MIPEPP2",0
"SRP14P4",0
"RPL7AP21",0
"CHCHD2P5",0
"PRR13P1",0
"LMX1A-AS2",0
"LINC01035",0
"LINC00210",0
"LINC01653",0
"HMGB1P11",0
"OR2L6P",0
"MORF4L1P7",0
"TGFB2-OT1",0
"TUBB8P10",0
"QRSL1P2",0
"CLPTM1LP1",0
"RPS3AP9",0
"RPL23AP22",0
"RPL10AP5",0
"DUTP6",0
"PTP4A1P7",0
"SLC4A1APP2",0
"RSL24D1P4",0
"LINC01710",0
"GAPDHP75",0
"CCNQP1",0
"TRNT1P1",0
"ZNF695",0
"RPL23AP16",0
"RGS21",0
"EEF1A1P44",0
"RPL31P13",0
"NXNP1",0
"BANF1P4",0
"CHCHD4P5",0
"GAPDHP29",0
"DPY19L4P1",0
"FYB2",0
"NDUFAF4P4",0
"LINC01691",0
"FEN1P1",0
"HMGB3P6",0
"NMNAT1P2",0
"VDAC1P10",0
"LINC01677",0
"MIR4689",0
"RNU6-1265P",0
"RNA5SP40",0
"MIR34A",0
"RNU6-110P",0
"MIR552",0
"RNU6-605P",0
"MIR4255",0
"RNU6-636P",0
"RNA5SP43",0
"RNU6-753P",0
"MIR6732",0
"MIR6733",0
"RNU2-30P",0
"RNU6-969P",0
"RNU6-1026P",0
"MIR6079",0
"RNU7-62P",0
"RNU6-414P",0
"RNU6-1177P",0
"RN7SKP19",0
"RNU2-15P",0
"RNA5SP23",0
"MIR7156",0
"RN7SL62P",0
"RNU6-503P",0
"RN7SL854P",0
"RNA5SP22",0
"RNA5SP52",0
"SNORD3G",0
"RNA5SP50",0
"RN7SL392P",0
"RNA5SP51",0
"MIR30E",0
"RNU6-750P",0
"MIR30C1",0
"RNU6-1318P",0
"MIR378G",0
"RNU4-75P",0
"MIR7852",0
"RNU1-130P",0
"RNU6-965P",0
"MIR320B1",0
"RN7SKP272",0
"RNA5SP56",0
"MIR942",0
"RN7SKP285",0
"RNU4ATAC8P",0
"RNA5SP55",0
"RNA5SP533",0
"MIR4256",0
"RNU6-352P",0
"RNU6-41P",0
"RNU5F-6P",0
"RNU6-716P",0
"RNU1-141P",0
"RNU6-778P",0
"RNU2-12P",0
"MIR1255B2",0
"RNU6-609P",0
"RN7SL299P",0
"MIR3119-1",0
"RNU6-570P",0
"MIR3119-2",0
"SNORA14B",0
"MIR4671",0
"RNU6-465P",0
"MIR205",0
"RN7SL333P",0
"RN7SL668P",0
"RN7SL344P",0
"RNA5SP80",0
"RNU6-1205P",0
"MIR488",0
"RNA5SP73",0
"RN7SKP156",0
"RNA5SP65",0
"RNA5SP62",0
"RNU5A-8P",0
"MIR3122",0
"RNA5SP63",0
"RN7SKP98",0
"RNA5SP77",0
"RN7SKP12",0
"MIR3124",0
"RNU6-1240P",0
"RPS4XP4",0
"FAM43B",0
"MIR6084",0
"ZNF101P2",0
"SGO1P1",0
"RN7SL538P",0
"LRRC7-AS1",0
"CASP3P1",0
"E2F2",0
"EEF1A1P48",0
"SEPTIN14P12",0
"MRPS21P3",0
"THAP12P8",0
"RFKP1",0
"HNRNPA1P42",0
"MIR3123",0
"RPL36P6",0
"CRPP1",0
"SNHG28",0
"MIR4254",0
"RNU6-817P",0
"MIR92B",0
"RNU4ATAC4P",0
"RNU6-1031P",0
"CD46P1",0
"CDCA4P3",0
"OR10J6P",0
"RNU6-828P",0
"RN7SL731P",0
"KRT8P29",0
"MIR1182",0
"LINC01144",0
"FGFR3P6",0
"MIR3916",0
"RNA5SP82",0
"VN1R17P",0
"GCSAML",0
"OR2G3",0
"RNU6-991P",0
"SCARNA2",0
"SCARNA4",0
"PMF1-BGLAP",0
"MIR9-1",0
"CYP4X1",0
"TUBAP9",0
"MTND1P34",0
"PDZK1IP1",0
"VHLL",0
"CORT",0
"F13B",0
"PLA2G2F",0
"OLFM3",0
"RNU5E-1",0
"MIR6729",0
"RN7SL649P",0
"RNU6-777P",0
"RPL23AP89",0
"MIR7846",0
"MIR4632",0
"MIR5187",0
"RRM2P2",0
"RNU6-481P",0
"RN7SL261P",0
"GJA5",0
"GJA8",0
"RNU1-129P",0
"RNU6-1211P",0
"RNU6-809P",0
"SNRPFP2",0
"MIR3917",0
"RNU6-369P",0
"MIR5584",0
"SNORD55",0
"SNORD38B",0
"RNU5E-6P",0
"RNA5SP47",0
"CCNB1IP1P1",0
"OSTCP5",0
"ZBTB40-IT1",0
"EPHA8",0
"MIR6127",0
"MIR4684",0
"RNU6-949P",0
"RNU6-424P",0
"RPEP3",0
"MIR3675",0
"RNU1-5P",0
"MIR3972",0
"CICP13",0
"RNU6-791P",0
"NDUFB1P2",0
"RNU6-880P",0
"HAUS4P1",0
"GAPDHP58",0
"HSD3B1",0
"GAPDHP32",0
"HSD3BP3",0
"GAPDHP27",0
"GAPDHP33",0
"HSD3BP5",0
"NOTCH2P1",0
"RN7SL831P",0
"RN7SKP270",0
"RPS21P1",0
"MTND6P14",0
"MTND5P19",0
"MTND3P8",0
"MTCO3P46",0
"RPS7P2",0
"OR13Z1P",0
"OR13Z2P",0
"OR13Z3P",0
"RN7SL654P",0
"RPL13AP10",0
"MRPL57P1",0
"RPS23P10",0
"KCNA10",0
"RN7SL148P",0
"MIR555",0
"RNU6-1297P",0
"RN7SKP247",0
"RNU1-114P",0
"RNVU1-17",0
"RNVU1-23",0
"RNU1-143P",0
"IGKV1OR1-1",0
"ENO1P1",0
"MIR6735",0
"RN7SL657P",0
"ACTG1P4",0
"KIAA1191P3",0
"RNF186",0
"PLA2G2E",0
"OR2M7",0
"OR14C36",0
"KNCN",0
"KRT8P47",0
"RN7SL479P",0
"OR2T3",0
"OR2T5",0
"OR2AS2P",0
"OR2AS1P",0
"OR2T34",0
"LCE3B",0
"LCE3A",0
"LCE2D",0
"LCE2B",0
"LCE2A",0
"PRAMEF15",0
"PRAMEF17",0
"GAPDHP46",0
"HMGN1P5",0
"OR10T2",0
"OR10T1P",0
"OR10R1P",0
"RNA5SP53",0
"FCAMR",0
"RN7SL788P",0
"DNAJC19P7",0
"ANAPC10P1",0
"RNU6-1008P",0
"MIR4742",0
"AKR1B1P1",0
"DNAJB6P6",0
"SNORA55",0
"HEYL",0
"RNU7-121P",0
"YBX1P9",0
"MIR6878",0
"MIR4257",0
"RNU6-1042P",0
"WNT3A",0
"MIR3620",0
"MIR6742",0
"MIR4666A",0
"RNA5SP19",0
"RNA5SP162",0
"CLDN19",0
"RNU6ATAC35P",0
"LINC01352",0
"RPL7AP81",0
"RN7SL464P",0
"RPL30P1",0
"KCND3-IT1",0
"RPS27P5",0
"GLRX5P2",0
"NECTIN4",0
"CTSE",0
"EIF1P2",0
"RNU6-608P",0
"RNA5SP44",0
"HSPE1P8",0
"RNA5SP54",0
"RNU6-1309P",0
"OR10J2P",0
"OR10J7P",0
"OR10J9P",0
"HMGB1P48",0
"KIF17",0
"HSPD1P14",0
"HMGB4",0
"ZNF847P",0
"PRAMEF28P",0
"PRAMEF34P",0
"MIR197",0
"HNRNPA1P63",0
"LINC01737",0
"RNA5SP79",0
"RN7SL837P",0
"TDRD10",0
"NENFP1",0
"RN7SL466P",0
"FDPSP8",0
"SNORD45C",0
"SNORD45A",0
"SNORD45B",0
"CRB1",0
"MIR6734",0
"MIR4677",0
"FABP7P1",0
"HAPLN2",0
"MIR4421",0
"MIR6500",0
"RNU6-1281P",0
"RNF223",0
"RPL23AP90",0
"MIR5585",0
"LINC01160",0
"SNORD21",0
"RNU6-970P",0
"RN7SL692P",0
"RNU6-210P",0
"RN7SKP123",0
"RNU7-200P",0
"MIR1256",0
"SUSD4",0
"RNU4-57P",0
"CCDC185",0
"RNU1-74P",0
"LRRIQ3",0
"TNNI3K",0
"LRRC53",0
"RNA5SP41",0
"RNA5S1",0
"RNA5S2",0
"RNA5S3",0
"RNA5S4",0
"RNA5S5",0
"RNA5S6",0
"RNA5S7",0
"RNA5S8",0
"RNA5S9",0
"RNA5S10",0
"RNA5S11",0
"RNA5S12",0
"RNA5S13",0
"RNA5S14",0
"RNA5S15",0
"RNA5S16",0
"RNA5S17",0
"RNA5SP18",0
"DUSP5P1",0
"RNVU1-30",0
"FAM91A2P",0
"RNU1-68P",0
"RNU6-704P",0
"SAMD13",0
"RNA5SP75",0
"RPL13AP11",0
"RNU6-1304P",0
"LEFTY3P",0
"LEFTY1",0
"MIR6741",0
"NDUFA3P3",0
"RNU6-537P",0
"MIR765",0
"RNU5F-8P",0
"NTNG1",0
"IL20",0
"OR2L3",0
"PRAMEF9",0
"OR2T35",0
"KLHDC7A",0
"RIIAD1",0
"KRT8P28",0
"LCEP2",0
"LCEP1",0
"LCE1F",0
"LCE1D",0
"AMY1C",0
"SYPL2",0
"RNU6-180P",0
"RN7SKP276",0
"SNORA73A",0
"SNORD99",0
"SNORA61",0
"SNORA44",0
"SNORA16A",0
"RNU11",0
"GOLT1A",0
"LINC00628",0
"RNA5SP74",0
"UBA5P1",0
"RPL12P45",0
"ACTBP12",0
"HMGB3P9",0
"RNU4-59P",0
"H3P3",0
"OR2T27",0
"OR6K1P",0
"OR6K3",0
"OR2AQ1P",0
"OR10AA1P",0
"OR10J3",0
"HSD17B7P1",0
"OR11L1",0
"OR2W3",0
"OR2AJ1",0
"CLK3P2",0
"OR2X1P",0
"OR2L8",0
"OR6Y1",0
"TLR12P",0
"OR2T6",0
"OR2M1P",0
"OR2M5",0
"OR2M2",0
"GM2AP2",0
"CYCSP53",0
"MYOC",0
"TBC1D3P6",0
"HSPB7",0
"CLCNKA",0
"FAM131C",0
"OR2T8",0
"ZBTB2P1",0
"OR14K1",0
"OR2T33",0
"OR2T29",0
"MIR6859-1",0
"MIR1302-2",0
"OR4F5",0
"OR2T2",0
"OR1C1",0
"OR2M3",0
"OR2T10",0
"OR10Z1",0
"LINC01788",0
"RNU6-884P",0
"EXO1",0
"RPL23AP20",0
"BECN2",0
"MAP1LC3C",0
"TUBB8P6",0
"MIR3117",0
"DYNLT5",0
"TRIM67",0
"OR2T4",0
"INSL5",0
"OR6P1",0
"OR6K2",0
"LCE4A",0
"RNU1-6P",0
"PDE4DIPP8",0
"ACTRT2",0
"MIR4251",0
"RNU6-1022P",0
"CELA3A",0
"RN7SL186P",0
"RNU6-776P",0
"MPHOSPH6P1",0
"MIR4418",0
"RPL22P4",0
"AMPD1",0
"UBE2U",0
"LCE1C",0
"HMGN3P1",0
"CRNN",0
"LCE5A",0
"CRCT1",0
"LCE3D",0
"MIR3605",0
"RN7SKP16",0
"RN7SL44P",0
"RNU4-27P",0
"SNORA63C",0
"RPL36AP11",0
"MIR3115",0
"LCE1B",0
"LCE6A",0
"SMCP",0
"IVL",0
"LINC01527",0
"SPRR4",0
"SPRR3",0
"SPRR1B",0
"SPRR2D",0
"SPRR2A",0
"SPRR2B",0
"SPRR2E",0
"SPRR2F",0
"SPRR2G",0
"CADM3",0
"RNA5SP60",0
"MYOM3",0
"MYOM3-AS1",0
"MIR1295A",0
"MIR1295B",0
"KRT8P45",0
"NUCKS1P1",0
"RNA5SP42",0
"RNVU1-6",0
"RNU6-1071P",0
"TEX46",0
"RNU6-723P",0
"RNU4-61P",0
"RPL21P25",0
"AGBL4-IT1",0
"ZNF859P",0
"C1orf185",0
"RNA5SP529",0
"PFN1P6",0
"RNVU1-2A",0
"MIR4424",0
"TCHHL1",0
"RPTN",0
"RNVU1-14",0
"RPL12P13",0
"CATSPER4",0
"DMRTB1",0
"GLIS1",0
"RNU7-95P",0
"BTBD6P1",0
"MIR378F",0
"DNM3-IT1",0
"MIR214",0
"MIR199A2",0
"RNU6-157P",0
"RN7SKP55",0
"RNU6-947P",0
"RNU6-999P",0
"RNU1-132P",0
"DNAJC19P8",0
"H3-4",0
"KISS1",0
"VTCN1",0
"CYP4A22",0
"ARL5AP3",0
"CTBP2P8",0
"MIR1262",0
"DIRAS3",0
"OR6N2",0
"H3C15",0
"H2AC19",0
"H3C14",0
"SEC16B",0
"LCE2C",0
"HNRNPA3P14",0
"ST13P20",0
"LCE3C",0
"KCNQ4",0
"UBE2V1P8",0
"RPL23AP17",0
"MIR5191",0
"MIR1231",0
"MIR6739",0
"RNU7-70P",0
"NUTF2P4",0
"RNVU1-19",0
"RPL36AP9",0
"FOXO6-AS1",0
"MIR664A",0
"SNORA36B",0
"XRCC6P3",0
"RPLP0P5",0
"RN7SL861P",0
"P3R3URF-PIK3R3",0
"COX7BP4",0
"LURAP1",0
"HMGB3P10",0
"STUM",0
"RN7SKP195",0
"RPS3AP11",0
"RNU6-536P",0
"PPIAL4D",0
"MYOG",0
"MYBPH",0
"RNA5SP66",0
"RNU6-731P",0
"LENEP",0
"RPS3AP8",0
"APOBEC4",0
"SUMO1P2",0
"UBE2FP3",0
"RNU6-792P",0
"FOXO6",0
"RNA5SP45",0
"LINC01140",0
"MIR4711",0
"RN7SL475P",0
"S100A5",0
"CTXND2",0
"ACO2P2",0
"RNA5SP59",0
"LINC01686",0
"RGS8",0
"MYBPHL",0
"MIR4253",0
"PYHIN5P",0
"RAD1P2",0
"MIR4735",0
"RN7SL326P",0
"CFHR3",0
"ADORA2BP1",0
"NHLH1",0
"RNU4-42P",0
"SPRR1A",0
"RPL7L1P22",0
"CDCA4P2",0
"MIR4753",0
"RNU1-151P",0
"RNU6-1171P",0
"RN7SKP88",0
"RNU2-38P",0
"RNVU1-24",0
"PDE4DIPP10",0
"PFN1P10",0
"BMP8B-AS1",0
"LHX8",0
"LHX8-AS1",0
"RNU6-622P",0
"MIR4654",0
"RNA5SP61",0
"MIR556",0
"SPATA46",0
"RNA5SP69",0
"RNA5SP76",0
"RN7SL431P",0
"MIR190B",0
"SNORA58B",0
"LRRC37A12P",0
"ARHGEF16",0
"MIR551A",0
"TP73-AS2",0
"MIR1537",0
"RNU6-968P",0
"RNU6ATAC18P",0
"MIR6730",0
"AADACL3",0
"PRAMEF1",0
"PRAMEF11",0
"PRAMEF30P",0
"PRAMEF4",0
"PRAMEF10",0
"RNU6-1072P",0
"PRAMEF29P",0
"PRAMEF6",0
"PRAMEF13",0
"RNU6-771P",0
"PRAMEF33",0
"PRAMEF7",0
"PRAMEF5",0
"PRAMEF8",0
"PRAMEF20",0
"LINC01647",0
"LINC01555",0
"PRAMEF19",0
"RPL22P6",0
"MIR6068",0
"RNA5SP49",0
"RPSAP65",0
"ATP6V1G3",0
"MIR181B1",0
"MIR181A1",0
"RNU6-1062P",0
"SNRPEP10",0
"RNU6-1248P",0
"PHB1P11",0
"MIR4426",0
"RN7SKP126",0
"RNU7-80P",0
"COX6B1P7",0
"MRPS18BP1",0
"TMEM275",0
"LELP1",0
"RPLP0P4",0
"LORICRIN",0
"PGLYRP3",0
"RNU6-160P",0
"S100A15A",0
"S100A7A",0
"S100A7P1",0
"S100A7",0
"S100A7L2",0
"MIR6726",0
"RN7SL480P",0
"RNU2-17P",0
"MIR6727",0
"MIR6808",0
"NDUFB4P8",0
"CD164L2",0
"MTCO1P38",0
"MTCYBP15",0
"MTND6P15",0
"MTND5P18",0
"MZT1P1",0
"RN7SKP269",0
"MIR5697",0
"RNU6-693P",0
"RNU1-153P",0
"RNU1-154P",0
"RNVU1-31",0
"PRAMEF25",0
"RPL21P24",0
"ATP6V0E1P4",0
"HSPE1P24",0
"SLC2A3P2",0
"RNU6-1176P",0
"MRPS21P1",0
"SERTAD4",0
"RPS29P7",0
"CFHR1",0
"KLHDC8A",0
"MIR135B",0
"LEMD1-DT",0
"LINC02942",0
"RNA5SP534",0
"CFAP97P1",0
"RNU6-171P",0
"PBX1-AS1",0
"RPL35AP7",0
"RNU6-755P",0
"MIR5008",0
"SNRPEP7",0
"FCN3",0
"PLA2G2A",0
"SPRR5",0
"OR2AK2",0
"OR6K6",0
"PRSS38",0
"OR10R2",0
"OR2L13",0
"LCE7A",0
"OR14L1",0
"PRAMEF18",0
"CLEC20A",0
"TAS1R2",0
"AKR1D1P1",0
"LINC01699",0
"RNA5SP70",0
"RN7SKP229",0
"CAMTA1-AS3",0
"RNU1-8P",0
"MIR1290",0
"MEF2AP1",0
"RNU5F-2P",0
"RNU6-291P",0
"RPL39P6",0
"RN7SL444P",0
"MIR554",0
"DPPA2P2",0
"MIR1976",0
"RN7SL679P",0
"RNU7-29P",0
"WBP1LP7",0
"HSPE1P25",0
"RNU6-1102P",0
"NPR1",0
"MIR8083",0
"RN7SL372P",0
"GEMIN2P1",0
"EPS8L3",0
"OR4F16",0
"CICP3",0
"RNU6-747P",0
"KIRREL1",0
"KIRREL1-IT1",0
"SMIM42",0
"RNU1-7P",0
"RERE-AS1",0
"RPL23AP19",0
"RNU6-304P",0
"RN7SL451P",0
"VN1R5",0
"OR10J4",0
"MIR5087",0
"RNVU1-21",0
"RNVU1-1",0
"RNU1-155P",0
"MIR6077",0
"RNVU1-2",0
"RNVU1-3",0
"CYCSP4",0
"SETP10",0
"COX5BP8",0
"MIR4252",0
"YWHAQP9",0
"HNRNPA1P6",0
"PGBP",0
"FMO9P",0
"OR2T32P",0
"OR2L1P",0
"ZNF731P",0
"OR2W5P",0
"PDZK1P1",0
"H2BP2",0
"CHIAP2",0
"PRAMEF36P",0
"PDE4DIPP7",0
"H2BC19P",0
"H2BC20P",0
"DDX11L1",0
"OR4G11P",0
"MST1L",0
"SLC35E2A",0
"LINC01145",0
"KMT2CP2",0
"PDE4DIPP4",0
"MGAT4FP",0
"SEPTIN7P13",0
"NBPF25P",0
"CLCA3P",0
"GTF2IP20",0
"H2BP1",0
"MTMR9LP",0
"FCGR1BP",0
"GBA1LP",0
"FAAHP1",0
"EMBP1",0
"LINC00869",0
"SEPTIN14P21",0
"LINC01347",0
"MIR6731",0
"RNU4-28P",0
"MICOS10-NBL1",0
"RNU6-487P",0
"LARP7P1",0
"SEC22B4P",0
"RNA5SP536",0
"HYDIN2",0
"TRABD2B",0
"LINC02794",0
"CYP46A4P",0
"SKINT1L",0
"PPP1R8P1",0
"SOD2P1",0
"HES3",0
"MIR200B",0
"MIR200A",0
"RGS4",0
"UBE2V1P13",0
"CDCP2",0
"HTR1D",0
"YPEL5P1",0
"RNU6-152P",0
"MIR4794",0
"UBL4B",0
"TTLL7-IT1",0
"TXN2P1",0
"ASB17",0
"RNU6-161P",0
"RNU4-77P",0
"MIR4427",0
"CYP4Z2P",0
"TUBAP8",0
"CYP4A26P",0
"CYP4A43P",0
"CYP4A27P",0
"CYP4A44P",0
"CAPNS1P1",0
"TMEM240",0
"ACTN4P2",0
"RNU6-584P",0
"LINC01343",0
"H3P2",0
"TUBBP10",0
"PODN",0
"HIGD1AP11",0
"SLC1A7",0
"RPS3AP10",0
"RNA5SP64",0
"FAM78B-AS1",0
"MIR921",0
"ENTR1P2",0
"RPS29P4",0
"LINC01657",0
"SNORA70H",0
"MIR6740",0
"RN7SKP49",0
"SNRPD2P2",0
"MIR29C",0
"MIR29B2",0
"ACTG1P21",0
"RNA5SP21",0
"RPL23AP23",0
"NBPF4",0
"SLC25A24P1",0
"NBPF5P",0
"NBPF6",0
"THAP3P1",0
"PIN1P1",0
"RPL31P11",0
"HDAC1P2",0
"MND1P1",0
"PUDPP2",0
"SLC25A3P1",0
"RPS10P7",0
"ACTG1P25",0
"SLC44A3-AS1",0
"KIF28P",0
"CYMP",0
"BTNL10P",0
"MROH3P",0
"UOX",0
"PTPRVP",0
"MGAT4EP",0
"CRYZL2P",0
"GFOD3P",0
"ZPLD2P",0
"GNRHR2",0
"CALR4P",0
"PRAMEF26",0
"PRAMEF32P",0
"MIR4781",0
"COX7BP3",0
"LINC01648",0
"RN7SKP91",0
"RN7SL371P",0
"SELENOWP1",0
"RNU6-40P",0
"LDC1P",0
"OR14A2",0
"ESPNP",0
"RN7SL269P",0
"MRPS10P1",0
"SIGLEC30P",0
"RN7SKP160",0
"DYNLL1P3",0
"ELOCP18",0
"DEPDC1",0
"TXNP2",0
"TNR-IT1",0
"GOT2P2",0
"RNA5SP46",0
"TMEM125",0
"C1orf210",0
"LINC01633",0
"OPTC",0
"MIR761",0
"TSEN15P2",0
"RNA5SP48",0
"RN7SL290P",0
"PM20D1",0
"MTOR-AS1",0
"RNU2-19P",0
"RNU6-418P",0
"CROCCP3",0
"LYPD9P",0
"AHCYP8",0
"DPT",0
"LINC00970",0
"ELOCP20",0
"CNOT7P2",0
"RN7SL420P",0
"RPL31P12",0
"RNU6-1246P",0
"RLIMP2",0
"FLG2",0
"RNU6-403P",0
"RHEX",0
"AVPR1B-DT",0
"LINC01780",0
"RNU1-75P",0
"HAO2-IT1",0
"HSD3B2",0
"GAPDHP74",0
"HSD3BP2",0
"GAPDHP23",0
"RNA5SP57",0
"RNVU1-22",0
"LINC01362",0
"RN7SL583P",0
"RPL36AP10",0
"RNU6-725P",0
"KRT18P32",0
"LINC00538",0
"PHB1P3",0
"LINC01760",0
"MIR2682",0
"MIR137",0
"NFU1P2",0
"GOT2P1",0
"MTCO2P34",0
"RN7SKP291",0
"RNU6-830P",0
"PIGQP1",0
"RNU6-1310P",0
"MIR557",0
"QRSL1P1",0
"MIR4695",0
"MIR3116-1",0
"MIR3116-2",0
"PIGPP2",0
"RPS15AP7",0
"RNU6-371P",0
"RN7SL488P",0
"RNU7-123P",0
"RNU5A-5P",0
"GPR88",0
"RPL7AP17",0
"RPL36AP12",0
"C4BPB",0
"MIR3121",0
"TMEM78",0
"SETP9",0
"PPIAP37",0
"ITLN2",0
"MIR3658",0
"SCARNA21B",0
"RNU7-179P",0
"CD24P1",0
"RSC1A1",0
"TEX50",0
"LINC02961",0
"RNY4P16",0
"ANO7L1",0
"CPLANE2",0
"CD5L",0
"MRPS21P2",0
"RNU7-183P",0
"MCRIP2P2",0
"LINC01398",0
"TMEM61",0
"LINC01307",0
"WDTC1-DT",0
"LINC01778",0
"RNF207-AS1",0
"LINC01717",0
"MMEL1-AS1",0
"NFIA-AS1",0
"LINC02795",0
"LINC01360",0
"LINC02775",0
"LINC01770",0
"INKA2-AS1",0
"MFSD4A-AS1",0
"LINC01757",0
"LINC01783",0
"LINC01680",0
"LINC01744",0
"LINC01745",0
"LINC02812",0
"LINC02238",0
"CAMTA1-AS2",0
"KCNH1-IT1",0
"SLC2A1-DT",0
"LINC01763",0
"CRYZL2P-SEC16B",0
"LINC02786",0
"LINC02805",0
"SLC25A34-AS1",0
"DHCR24-DT",0
"LINC02790",0
"LINC02784",0
"LINC02769",0
"SLC35F3-AS1",0
"LINC01349",0
"CYMP-AS1",0
"LINC02770",0
"LINC01776",0
"PRKCZ-DT",0
"LINC02787",0
"ANKRD65-AS1",0
"LINC01221",0
"LINC02813",0
"BRINP3-DT",0
"PLPPR5-AS1",0
"LINC01738",0
"LINC02567",0
"LINC03126",0
"NGF-AS1",0
"LINC02792",0
"USH2A-AS2",0
"GNB1-DT",0
"RNF186-AS1",0
"LINC02800",0
"LINC01696",0
"LINC02897",0
"C1orf21-DT",0
"LINC01741",0
"LINC01661",0
"DOCK7-DT",0
"LINC01222",0
"LINC01676",0
"LINC00853",0
"ZNF692-DT",0
"LINC01345",0
"LINC01784",0
"ROR1-AS1",0
"LINC03102",0
"LINC01774",0
"LINC02607",0
"LINC00582",0
"LINC01672",0
"PHC2-AS1",0
"DEPDC1-AS1",0
"MIR205HG",0
"LINC01142",0
"LINC02789",0
"ELAVL4-AS1",0
"CAMTA1-AS1",0
"ERLNC1",0
"LMX1A-AS1",0
"LINC02777",0
"LINC01768",0
"KAZN-AS1",0
"CAMTA1-IT1",0
"LINC02771",0
"RNU6-510P",0
"MIR3659",0
"FAM138A",0
"MIR6859-2",0
"TEDDM1",0
"LINC00272",0
"TEDDM2P",0
"MPTX1",0
"EEF1GP7",0
"OAZ1P1",0
"FTH1P22",0
"KMT2CP3",0
"LINC02819",0
"RPL7AP19",0
"TUBB8P9",0
"CBX1P3",0
"UBBP2",0
"LINC01743",0
"RPL23AP25",0
"GEMIN8P4",0
"MTX1LP",0
"RPS7P5",0
"MSTO2P",0
"PDE4DIPP1",0
"PFN1P4",0
"HSD3BP4",0
"NBPF7P",0
"NDUFS5P2",0
"HSPA7",0
"PDE4DIPP3",0
"FCGR1CP",0
"RPL22P5",0
"SRGAP2D",0
"HMGN2P19",0
"LCEP4",0
"LCEP3",0
"LINC00302",0
"MMP23A",0
"PLA2G12AP1",0
"CHIAP1",0
"RPS27AP6",0
"AIMP1P2",0
"NBPF18P",0
"OR6K4P",0
"OR6K5P",0
"OR6R1P",0
"FAM131C2P",0
"OR4G4P",0
"EIF1AXP1",0
"SPRR2C",0
"KMT2CP1",0
"DRD5P2",0
"SPTLC1P4",0
"PFN1P3",0
"RPL32P6",0
"H3P1",0
"H2BC27P",0
"SEC22B2P",0
"RPL29P7",0
"UQCRBP2",0
"SEC22B3P",0
"CROCCP5",0
"SLAMF6P1",0
"PRAMEF31P",0
"H3P4",0
"PDE4DIPP5",0
"C4BPAP2",0
"SEPTIN14P17",0
"RPL23AP24",0
"NDUFA5P10",0
"ABHD17AP3",0
"GCSHP5",0
"SLC25A24P2",0
"WASH7P",0
"HSD3BP1",0
"C4BPAP1",0
"MT1XP1",0
"DDX11L17",0
"WASH9P",0
"RPL35AP6",0
"CYCSP5",0
"FMO6P",0
"GPR199P",0
"LINC02767",0
"CYP4A22-AS1",0
"MSGN1",0
"HS1BP3-IT1",0
"CDK8P1",0
"PIK3CDP1",0
"NTSR2",0
"RPS25P3",0
"LINC02850",0
"RPS16P2",0
"VSNL1",0
"RPS13P4",0
"LINC01866",0
"RPL37P11",0
"CISD1P1",0
"CAPN14",0
"RPL36AP14",0
"FTH1P6",0
"LHCGR",0
"LINC01318",0
"ZFYVE9P2",0
"KCNG3",0
"FBXL12P1",0
"FSHR",0
"DNAJB12P1",0
"RPL37P13",0
"PSMC1P10",0
"SUPT4H1P1",0
"RPL26P15",0
"RPS15AP15",0
"RPL27P5",0
"ST6GALNAC2P1",0
"MTND5P27",0
"ELOBP3",0
"TPT1P11",0
"REG3G",0
"SMIM7P1",0
"MTND6P7",0
"DRD5P1",0
"LYARP1",0
"SUCLA2P2",0
"RPL26P13",0
"LSM3P3",0
"EVA1A-AS",0
"ZNF863P",0
"MTCYBP7",0
"MRPL50P1",0
"ANAPC1P3",0
"CHMP4AP1",0
"NDUFB4P7",0
"DHFRP3",0
"CCDC12P1",0
"RBX1P1",0
"ABCD1P5",0
"CIB4",0
"CTBP2P5",0
"MTFR2P1",0
"PNPP1",0
"CAPZBP1",0
"RPL21P36",0
"RPL37P12",0
"GGCTP3",0
"RPL22P11",0
"OTX1",0
"TCF7L1-IT1",0
"NKAIN1P2",0
"DBF4P3",0
"DUXAP1",0
"CIMIP2C",0
"MTCYBP39",0
"ANAPC1P5",0
"RSL24D1P2",0
"CENPNP1",0
"MTND1P29",0
"ST6GAL2-IT1",0
"PPIAP63",0
"LINC01593",0
"MTND4P26",0
"RPL22P8",0
"KNOP1P3",0
"BBIP1P1",0
"DPP10-AS2",0
"IGKV1OR2-1",0
"SMYD1",0
"NT5C1B-RDH14",0
"EIF2S2P7",0
"MTCO1P43",0
"NCKAP5-IT1",0
"SRSF3P5",0
"CRYGGP",0
"GACAT1",0
"PABPC1P6",0
"XIAPP3",0
"YY1P2",0
"STON1-GTF2A1L",0
"MTND6P9",0
"PPP1R2P5",0
"GAPDHP57",0
"MRPS18BP2",0
"MTCYBP9",0
"RPL9P13",0
"RPSAP23",0
"ACTP1",0
"COPRSP1",0
"SLC6A14P3",0
"MTND2P22",0
"IGKV1OR2-2",0
"RPS21P2",0
"LRRC57P1",0
"C2orf80",0
"JPT1P1",0
"MTCO1P44",0
"RPL27P7",0
"RPS15AP13",0
"RPS16P3",0
"CBY1P1",0
"MTND2P19",0
"EDDM3CP",0
"RPSAP27",0
"MTCO1P7",0
"LINC01832",0
"ALDH7A1P2",0
"BMS1P19",0
"RPL27AP4",0
"EXTL2P1",0
"MTCO1P45",0
"MTND1P27",0
"LINC01854",0
"RPL17P15",0
"RPS20P12",0
"KRT18P46",0
"LY75-CD302",0
"TPT1P2",0
"MTND2P20",0
"HSPE1P9",0
"MTCO2P7",0
"ELOAP1",0
"SRSF3P6",0
"VPS26CP1",0
"PPIAP65",0
"TXNL4AP1",0
"PSMD14P1",0
"MTND4P28",0
"MTATP6P7",0
"RNF14P1",0
"SMC4P1",0
"MTND5P30",0
"OR7E28P",0
"LINC01826",0
"MTCO3P7",0
"LINC03097",0
"NCKAP5-AS1",0
"FAM124B",0
"LINC01920",0
"PPIAP67",0
"XIRP2-AS1",0
"GLULP6",0
"SLC44A3P1",0
"HNRNPA1P47",0
"IMPDH1P7",0
"MYL1",0
"ENSAP3",0
"NANOGP2",0
"SEC61GP1",0
"RPL27AP3",0
"KRT18P29",0
"MTND3P15",0
"LINC01789",0
"RPS15AP14",0
"CRYGA",0
"CRLF3P1",0
"CEP19P1",0
"OR7E89P",0
"TERF1P6",0
"RPL7P61",0
"CDK8P2",0
"GSTM3P2",0
"AHCYP5",0
"ATP5PBP4",0
"LIN28AP1",0
"LINC02991",0
"MTND4P27",0
"LINC01941",0
"MTND6P8",0
"RPL21P38",0
"IQCA1-AS1",0
"TMEM17",0
"MTCYBP8",0
"MTND5P29",0
"RPL3P5",0
"MTND5P22",0
"LINC01935",0
"KDM3AP1",0
"LINC03116",0
"ST13P2",0
"KRT18P19",0
"MIR7515",0
"RN7SKP168",0
"MIR7158",0
"RN7SL140P",0
"RNU6-1288P",0
"RNU6-961P",0
"RN7SKP112",0
"RN7SKP27",0
"RNU6-1215P",0
"MIR4262",0
"MIR3681",0
"MIR4757",0
"RNU6-843P",0
"MIR3125",0
"RN7SL610P",0
"RNA5SP90",0
"RNU6-1117P",0
"MIR548AD",0
"RN7SL602P",0
"RNU4-63P",0
"RN7SL414P",0
"RNU4-49P",0
"RN7SL361P",0
"MIR4432",0
"RNU1-32P",0
"RNU6-634P",0
"RNU6-221P",0
"RN7SL18P",0
"RNU6-282P",0
"RNU6-612P",0
"MIR4431",0
"MIR548BA",0
"RNU6-439P",0
"RNA5SP98",0
"RN7SKP203",0
"RNU6-827P",0
"RN7SL201P",0
"RNU6-685P",0
"RNU6-812P",0
"RN7SKP224",0
"RNU6-674P",0
"RN7SKP164",0
"RNA5SP99",0
"RNU6-1312P",0
"MIR4780",0
"RNA5SP100",0
"RNU6-775P",0
"RNU4-84P",0
"RNU2-63P",0
"RNU2-41P",0
"MIR4265",0
"MIR4266",0
"RNU7-46P",0
"RNU6-259P",0
"RN7SL635P",0
"RNU7-190P",0
"RNU6-675P",0
"RN7SL111P",0
"MIR4435-2",0
"VTRNA2-2P",0
"RN7SKP102",0
"RNA5SP102",0
"RN7SKP141",0
"RNA5SP103",0
"RNA5SP104",0
"RN7SKP286",0
"MIR7157",0
"RNU6-904P",0
"RNU6-579P",0
"RN7SKP154",0
"RNU6-546P",0
"RNU6-1001P",0
"RNA5SP107",0
"RN7SL423P",0
"RN7SKP93",0
"RNU6-627P",0
"RN7SL283P",0
"RNA5SP105",0
"RNU6-182P",0
"RN7SL813P",0
"MIR4437",0
"MIR548AE1",0
"RNU6-915P",0
"RN7SKP42",0
"RNU6-989P",0
"RNU6-1045P",0
"MIR4774",0
"RNU6-766P",0
"MIR4438",0
"MIR1258",0
"RNU2-21P",0
"SNORA70I",0
"RN7SL807P",0
"RNU6-624P",0
"MIR4268",0
"MIR5702",0
"MIR3130-1",0
"MIR3130-2",0
"RNU6-1051P",0
"MIR3133",0
"RNU6-619P",0
"RNU6-169P",0
"KCNF1",0
"RPL6P4",0
"LINC03037",0
"RPLP0P7",0
"RN7SKP179",0
"HMGB1P27",0
"NME2P2",0
"RBISP5",0
"PPIAP62",0
"RN7SL817P",0
"PPFIA1P1",0
"UGT1A11P",0
"UGT1A13P",0
"UGT1A9",0
"RPL17P11",0
"UGT1A2P",0
"UGT1A1",0
"TRPM8",0
"ARHGEF4-AS1",0
"RNU6-127P",0
"RNU6-939P",0
"RNU6-1116P",0
"NECAP1P2",0
"TAF13P2",0
"HMGA1P8",0
"INO80B-WBP1",0
"TLX2",0
"G6PC2",0
"UBE2V1P6",0
"RPL23AP33",0
"MIR1245A",0
"MIR1245B",0
"MIR3606",0
"CCDC140",0
"MIR4779",0
"KLHL30",0
"ERFE",0
"MIR1244-1",0
"MIR1471",0
"NPPC",0
"MIR562",0
"ECEL1P3",0
"ALPG",0
"ALPI",0
"CHRND",0
"BNIP3P46",0
"RNU6-1132P",0
"RNA5-8SP5",0
"MIR663B",0
"CDC27P1",0
"FAM201B",0
"RNU6-175P",0
"YBX1P7",0
"MIR4433B",0
"MIR4433A",0
"RN7SKP43",0
"MIR6809",0
"RNU6-848P",0
"KLF2P3",0
"GPR148",0
"CYCSP8",0
"SSBP3P2",0
"MTCYBP10",0
"MTND6P10",0
"MTND5P23",0
"MTND4P21",0
"MTND3P18",0
"MTCO3P18",0
"MTATP6P4",0
"MTCO2P18",0
"MTCO1P18",0
"MTND2P18",0
"MTND1P26",0
"MED15P3",0
"NOC2LP2",0
"MIR4784",0
"UGT1A4",0
"CFC1",0
"RNU1-93P",0
"MIR4777",0
"SNORA75",0
"SNORD20",0
"RNU2-22P",0
"AQP12B",0
"RN7SKP152",0
"RNU6-642P",0
"CDK5R2",0
"FEV",0
"CRYBA2",0
"MIR375",0
"IHH",0
"MIR3131",0
"RESP18",0
"RPL22P10",0
"RNU6-647P",0
"MTCO1P42",0
"MIR8485",0
"RNA5SP111",0
"MAPRE1P3",0
"RNU7-9P",0
"RNU6-964P",0
"FBXO36-IT1",0
"RNY4P19",0
"RNA5SP121",0
"SNRPGP8",0
"CRIPTOP2",0
"DYTN",0
"UBQLN4P2",0
"CSP1",0
"RNU6-111P",0
"NAT8",0
"RNU6-986P",0
"RPS17P7",0
"RPL12P15",0
"USP12P2",0
"GPAA1P1",0
"ZBTB45P1",0
"MIR4267",0
"MALL",0
"MIR4436B1",0
"ACTR1AP1",0
"MIR4436B2",0
"ZBTB45P2",0
"MIR4440",0
"MIR4441",0
"RPS20P13",0
"TXNP5",0
"SDR42E1P5",0
"MIR4772",0
"SEPHS1P6",0
"RN7SL717P",0
"MIR1301",0
"UBTFL3",0
"RNU6-1029P",0
"HSPE1-MOB4",0
"PTCHD3P2",0
"CYB5AP2",0
"RNU6-1006P",0
"RPEP5",0
"EIF3EP2",0
"GCG",0
"RNA5SP112",0
"STUB1P1",0
"MIR4444-1",0
"H3P7",0
"RPS26P18",0
"RPL23AP26",0
"TEX44",0
"RN7SL499P",0
"MIR4786",0
"OR9S24P",0
"OR5S1P",0
"OTOS",0
"BRD7P6",0
"TGFA-IT1",0
"KLHL41",0
"MIR4261",0
"RN7SL66P",0
"INHA",0
"RN7SKP213",0
"DNAJB6P3",0
"RPL23P4",0
"RPS29P10",0
"RNU6-1145P",0
"RNU7-113P",0
"RNA5SP86",0
"RPL5P7",0
"RPSAP24",0
"RN7SL65P",0
"SP9",0
"NEU2",0
"NPLP1",0
"ASS1P2",0
"RNU6-851P",0
"SOS1-IT1",0
"RNU6-198P",0
"MIR9500",0
"RPL23AP31",0
"MIR4439",0
"SNORA36C",0
"RPL22P12",0
"OTOF",0
"GKN2",0
"GKN1",0
"MIR3126",0
"RNA5SP96",0
"RNU6-1216P",0
"CTNNA2-AS1",0
"GNA13P1",0
"MIR4264",0
"MIR8080",0
"RNA5SP109",0
"RPL31P15",0
"RNU6-1122P",0
"MIR4773-2",0
"MIR4773-1",0
"MIR3127",0
"RRAS2P2",0
"ATG12P2",0
"KRT18P26",0
"TOR1BP1",0
"TVP23BP2",0
"COX20P2",0
"SNORA70F",0
"RNA5SP110",0
"MTCO3P16",0
"MTND3P16",0
"MTND4LP16",0
"MTND4P29",0
"MTND5P31",0
"ENO1P4",0
"RNU6-651P",0
"UBE2V1P11",0
"RNU6-440P",0
"RN7SL856P",0
"SUCLA2P3",0
"ZFP91P1",0
"RPS26P19",0
"IGKV1OR2-108",0
"LINC01594",0
"SETD6P1",0
"SULT1C2P2",0
"GMCL1P2",0
"RNU6-1049P",0
"RNA5SP97",0
"RNU2-9P",0
"LYPD6B",0
"FAM8A3P",0
"LYPD6",0
"RPL17P13",0
"RNU6-601P",0
"LINC01818",0
"RNU6-312P",0
"RNU6-762P",0
"RNU6-1206P",0
"MTND4P23",0
"MTND4LP13",0
"RN7SKP66",0
"ABCG5",0
"RNU6-1048P",0
"RNU6-566P",0
"RPL12P16",0
"RNU6ATAC19P",0
"MRPL45P1",0
"RNU6-1168P",0
"RNU6-1007P",0
"RPL38P6",0
"SPMIP9",0
"MIR4436A",0
"IGKJ2",0
"RPL23AP92",0
"MIR1285-2",0
"DAP3P2",0
"RNU6-436P",0
"HOXD11",0
"HOXD10",0
"HOXD8",0
"MIR10B",0
"HOXD4",0
"MIR7704",0
"RPSAP25",0
"CYCSP7",0
"RALBP1P2",0
"ASDURF",0
"RNU6-512P",0
"MIR128-1",0
"NDUFB4P4",0
"CICP10",0
"RPL23AP88",0
"MIR6811",0
"VN1R18P",0
"RNU4-48P",0
"UGT1A3",0
"UGT1A5",0
"IGKV1-9",0
"IGKV1-12",0
"IGKV2-14",0
"IGKV2-19",0
"IGKV2-23",0
"IGKV3-25",0
"IGKV1-32",0
"IGKV3-34",0
"IGKV2-36",0
"IGKV1-37",0
"IGKV2-38",0
"IGKV2D-38",0
"IGKV1D-37",0
"IGKV2D-36",0
"IGKV1D-35",0
"IGKV3D-34",0
"IGKV1D-32",0
"IGKV3D-31",0
"IGKV2D-29",0
"IGKV1D-27",0
"IGKV2D-26",0
"IGKV2D-24",0
"IGKV2D-23",0
"IGKV1D-22",0
"IGKV6D-21",0
"IGKV2D-19",0
"IGKV2D-18",0
"IGKV6D-41",0
"IGKV1D-17",0
"IGKV1D-16",0
"IGKV3D-15",0
"IGKV2D-14",0
"IGKV1D-13",0
"IGKV1D-12",0
"IGKV2D-10",0
"IGKV1D-42",0
"IGKV1D-43",0
"IGKV3D-7",0
"PPP1R1C",0
"ASPRV1",0
"SULT1C3",0
"IL37",0
"MIR4783",0
"SNRPEP5",0
"HMGB1P25",0
"MIR558",0
"MIR4765",0
"SCARNA6",0
"RPL39P14",0
"RN7SL40P",0
"MTCO1P17",0
"MTCO2P17",0
"MTATP6P17",0
"MTND3P17",0
"MTND4LP17",0
"MTND4P30",0
"MTCO1P54",0
"RNU7-81P",0
"RN7SL210P",0
"RNU7-104P",0
"EVX2",0
"UGT1A10",0
"RNU6-1140P",0
"PRLH",0
"PRR30",0
"IGKV1OR2-9",0
"IGKV2OR2-10",0
"IGKV2OR2-7D",0
"IGKV3OR2-5",0
"IGKV1OR2-6",0
"IGKV2OR2-7",0
"IGKV2OR2-8",0
"IGKV1OR2-11",0
"UBTFL6",0
"MIR5590",0
"GCSHP3",0
"SNORD51",0
"SNORA41",0
"RN7SKP200",0
"ATP5POP1",0
"HMGN1P6",0
"RN7SKP260",0
"ACER2P1",0
"RNU1-133P",0
"CXCR1",0
"HMGB1P9",0
"MIR6513",0
"MIR6810",0
"RNU7-148P",0
"CTAGE14P",0
"SNRPEP11",0
"RN7SL359P",0
"RNU6-997P",0
"HNRNPA1P61",0
"CROCC2",0
"RAD51AP2",0
"ST6GAL2",0
"API5P2",0
"SDHDP5",0
"RNU6-629P",0
"CYCTP",0
"RNU5E-9P",0
"ATP6V1B1",0
"ATP6V1B1-AS1",0
"ELOCP21",0
"RN7SL160P",0
"RN7SL575P",0
"SLC2AXP1",0
"PROM2",0
"FABP7P2",0
"RNU7-138P",0
"RNU7-176P",0
"RPL39P16",0
"RNA5SP113",0
"RN7SL267P",0
"RNU6-107P",0
"RPS10P9",0
"RPS2P18",0
"NRAL",0
"MIR1246",0
"RNU6ATAC14P",0
"PSMB3P2",0
"RPL31P14",0
"RNA5SP120",0
"FABP5P14",0
"TNP1",0
"UBTFL5",0
"GXYLT1P7",0
"SGCEP1",0
"LINC01966",0
"RNU7-2P",0
"RPL17P12",0
"OTX2P2",0
"RNU6-692P",0
"RNU6-715P",0
"RNA5SP106",0
"PRPS1P1",0
"CYP2C56P",0
"RNU6-542P",0
"RPS24P7",0
"IL36G",0
"HMGN2P23",0
"POLR2DP1",0
"IL36A",0
"IL1F10",0
"RNU6-1180P",0
"SCYGR9",0
"RNA5SP84",0
"MIR4429",0
"RNU2-13P",0
"RN7SL674P",0
"PROKR1",0
"MANEALP1",0
"RPS28P5",0
"MSTN",0
"UBE2V1P14",0
"RRN3P4",0
"MTND6P11",0
"MTND5P24",0
"MTND4P22",0
"MTND4LP12",0
"MTND3P9",0
"RPSAP26",0
"MIR5192",0
"RN7SL297P",0
"RTRAFP1",0
"SLC30A6P1",0
"RNU1-38P",0
"MIR6071",0
"FAM133EP",0
"SNRPGP7",0
"RNA5SP89",0
"SNORD92",0
"RN7SKP119",0
"MIR559",0
"FUCA1P1",0
"RPL29P8",0
"RNU6-187P",0
"RNU7-96P",0
"FAM228A",0
"C2orf73",0
"MIR149",0
"RN7SL632P",0
"RPL21P33",0
"RNA5SP95",0
"RNU4-73P",0
"RNU7-127P",0
"RN7SL204P",0
"GBX2",0
"RNU1-31P",0
"SCG2",0
"MLXP1",0
"NDUFB4P5",0
"SCYGR2",0
"SCYGR5",0
"SCYGR7",0
"SPATA3",0
"CCDC195",0
"SCYGR3",0
"SCYGR6",0
"RNA5SP114",0
"MIR561",0
"RNU7-147P",0
"H2ACP2",0
"CYP4F32P",0
"RNU6-1320P",0
"SOWAHCP5",0
"TEKT4",0
"MTCO1P48",0
"MTCO3P45",0
"RPS24P6",0
"LINC01914",0
"RNU5E-7P",0
"RPLP1P5",0
"RN7SL104P",0
"RPL21P32",0
"RPL23AP35",0
"MED28P3",0
"DPRXP1",0
"NAT8B",0
"MIR2355",0
"KLF7-IT1",0
"MIR1302-4",0
"FIGLA",0
"KRT8P10",0
"RN7SL341P",0
"RN7SL211P",0
"SCYGR4",0
"HSPA8P6",0
"CRYGFP",0
"PKP4P1",0
"RNA5SP118",0
"RNU6-242P",0
"HMGB1P31",0
"RNU7-172P",0
"RPS6P3",0
"PRCPP1",0
"RNU7-182P",0
"NIFKP9",0
"RNU6-1147P",0
"KMT2CP5",0
"SLC9B1P2",0
"HTR5BP",0
"CDRT15P4",0
"FAR2P2",0
"CYP4F62P",0
"NBEAP2",0
"CDRT15P3",0
"FAR2P4",0
"ECEL1P2",0
"CYP4F30P",0
"FAR2P3",0
"MED15P9",0
"ALMS1P1",0
"REG1CP",0
"SULT1C5P",0
"SLC19A4P",0
"MALLP2",0
"BIRC6-AS2",0
"GPAT2P1",0
"AOX3P",0
"AOX2P",0
"OR7E91P",0
"ANAPC1P1",0
"PLGLA",0
"ANKRD33BP1",0
"ANKRD36BP2",0
"BMS1P23",0
"LINC01881",0
"LSP1P4",0
"CT75",0
"FAHD2CP",0
"CXCR2P1",0
"RPL7L1P10",0
"RPL17P14",0
"RPL30P2",0
"RPS27P10",0
"RNA5SP119",0
"MTND2P23",0
"MIR548F2",0
"VDAC2P4",0
"RNU6-763P",0
"RPL21P31",0
"PLAC9P1",0
"RPL22P7",0
"RAB6C-AS1",0
"SSBP3P6",0
"ARHGAP42P2",0
"PRKAG3",0
"CNGA3",0
"COLEC11",0
"ALLC",0
"GAPDHP48",0
"PRSS40A",0
"MTA3P1",0
"RNU6-932P",0
"CCDC148-AS1",0
"HNRNPDLP2",0
"RN7SL393P",0
"RPL7AP22",0
"RNU6-234P",0
"DCDC2C",0
"RNU6-649P",0
"RN7SKP178",0
"PPIAP68",0
"RPL27P8",0
"SIX3",0
"SIX2",0
"CDKN2AIPNLP2",0
"RNU6-951P",0
"RACK1P2",0
"VIT",0
"ATP5F1BP1",0
"CENPNP2",0
"TWIST2",0
"RNA5SP116",0
"RPL12P17",0
"CRYGEP",0
"CRYGD",0
"CRYGC",0
"DBIL5P2",0
"FUNDC2P2",0
"RPL38P2",0
"PAFAH1B1P2",0
"ATP5F1AP2",0
"DNAJB3",0
"NOC2LP1",0
"RPS4XP5",0
"GPAA1P2",0
"MYADML",0
"VINAC1P",0
"PRORSD1P",0
"AHSA2P",0
"FAM95A",0
"OR6B3",0
"RNU2-39P",0
"NOTO",0
"MIR3129",0
"E2F3P2",0
"RN7SL820P",0
"CBX3P6",0
"UPP2",0
"PAFAH1B1P1",0
"MIR4435-1",0
"MIR4785",0
"MIR4776-2",0
"MIR4776-1",0
"POTEF-AS1",0
"RPL30P3",0
"LINC01946",0
"RPL6P6",0
"IGKV2D-40",0
"SPTBN1-AS1",0
"DLX2-DT",0
"POLHP1",0
"ACTG1P22",0
"RN7SKP281",0
"RPL23AP29",0
"TUBAP13",0
"RPRM",0
"DNAJA1P2",0
"IGKV5-2",0
"IGKV7-3",0
"SEPHS1P7",0
"MALLP1",0
"RN7SL251P",0
"RN7SL126P",0
"TMEM247",0
"AHCYP3",0
"LINC01103",0
"RPL23AP27",0
"HMGB3P11",0
"POU3F3",0
"ASB18",0
"NUTF2P8",0
"RN7SL117P",0
"RN7SL516P",0
"RNU6-958P",0
"MIR217",0
"MIR216A",0
"MIR216B",0
"CCDC85A",0
"RNA5SP93",0
"RNU6-508P",0
"RNA5SP94",0
"RNU6-473P",0
"CFC1B",0
"PRSS40B",0
"MIR5000",0
"SMPD4BP",0
"RNU6-617P",0
"GRAMD4P8",0
"NMS",0
"ARPP19P2",0
"NANOGNBP1",0
"RPL14P6",0
"RPL21P34",0
"C1QL2",0
"RN7SL468P",0
"MIR6888",0
"CAPZA1P2",0
"RPS29P9",0
"RNU6-664P",0
"MIR4775",0
"GPR45",0
"ASIC4-AS1",0
"LINC01796",0
"SCTR-AS1",0
"LINC01813",0
"PPM1B-DT",0
"RGPD4-AS1",0
"GALNT13-AS1",0
"LINC01106",0
"LINC01815",0
"LINC01381",0
"LINC00487",0
"ARNILA",0
"LINC01143",0
"LINC00276",0
"LINC01953",0
"LINC01939",0
"BOK-AS1",0
"LINC01802",0
"LINC01851",0
"NCKAP5-AS2",0
"SIX3-AS1",0
"GBX2-AS1",0
"DPP10-AS3",0
"LINC01886",0
"LINC01614",0
"FSIP2-AS1",0
"GCSIR",0
"LINC01804",0
"MSH2-OT1",0
"UBE2E3-DT",0
"LINC01865",0
"GACAT3",0
"LINC01795",0
"LINC01812",0
"LINC02579",0
"PRKD3-DT",0
"SPATA3-AS1",0
"LINC03052",0
"LINC02862",0
"DPP10-AS1",0
"LINC02612",0
"LINC01803",0
"LINC01817",0
"LINC01956",0
"LINC01875",0
"LINC02572",0
"AGAP1-IT1",0
"PDE11A-AS1",0
"EML6-AS1",0
"HOXD-AS2",0
"CRIM1-DT",0
"LINC01808",0
"LINC01249",0
"GPC1-AS1",0
"LINC01880",0
"CNTNAP5-DT",0
"PCGEM1",0
"LINC01874",0
"LINC01884",0
"LINC02832",0
"LINC01868",0
"HAGLROS",0
"KLHL30-AS1",0
"LINC01955",0
"LINC01918",0
"MIR4430",0
"ATP6V0E1P3",0
"RNA5SP91",0
"RNA5SP92",0
"KIF5C-AS1",0
"H3P5",0
"RNU6ATAC37P",0
"HK2-DT",0
"MIR4778",0
"LINC01797",0
"DNMT3AP1",0
"LINC01829",0
"PGM5P4-AS1",0
"MIR1302-3",0
"WASH2P",0
"RPL23AP7",0
"RNU6-744P",0
"MIR4782",0
"LINC01101",0
"LINC00570",0
"USP21P2",0
"IFITM3P9",0
"CYCSP6",0
"IGSF3P2",0
"ANAPC1P6",0
"CHEK2P3",0
"HIGD1AP4",0
"RAD52P1",0
"KLF2P2",0
"LLPHP3",0
"USP21P1",0
"RPL10P6",0
"GAPDHP59",0
"OR7E90P",0
"UGT1A12P",0
"NEK2P4",0
"NF1P8",0
"MED15P8",0
"DIS3L2P1",0
"GNAQP1",0
"HIGD2AP1",0
"KRT8P30",0
"HNRNPA1P66",0
"OR7E102P",0
"TRIM51JP",0
"TIMM8AP1",0
"RPL31P17",0
"SMIM12P1",0
"KLF2P1",0
"CYP4F27P",0
"FAR2P1",0
"PDSS1P2",0
"MRPL36P1",0
"UQCRHP2",0
"SEPTIN14P2",0
"KMT2CP4",0
"RPSAP22",0
"OR7E46P",0
"OR7E62P",0
"SNX18P14",0
"RPL6P5",0
"RPL31P30",0
"EEF1E1P1",0
"ANAPC1P2",0
"RPS20P10",0
"KRTCAP2P1",0
"MED15P4",0
"PGM5P4",0
"FAM138B",0
"DDX11L2",0
"ACRP1",0
"RNA5SP101",0
"TRIM43CP",0
"IGKV2OR2-1",0
"IGKV2OR2-2",0
"IGKV1OR2-3",0
"RN7SL313P",0
"SPP2",0
"LINC01822",0
"LINC01248",0
"AOX3P-AOX2P",0
"RPL23AP39",0
"CIAO2AP1",0
"RPL31P20",0
"MESTP4",0
"RPSAP32",0
"MTND4LP9",0
"ARPP21-AS1",0
"RPS8P6",0
"SDAD1P3",0
"RPL34P11",0
"SRGAP3-AS3",0
"RPL39P18",0
"KRT8P18",0
"RPL36AP17",0
"RBMS3-AS1",0
"POLE4P1",0
"RFC3P1",0
"NUP210P2",0
"HMGB3P12",0
"CRB3P1",0
"MTARC2P1",0
"CNN2P6",0
"MARK2P14",0
"RPS12P5",0
"RHBDF1P1",0
"VENTXP4",0
"H3P11",0
"ZNF652P1",0
"ILF2P1",0
"CNTN4",0
"RPL7AP23",0
"SPATA12",0
"VPS51P4",0
"RPS12P6",0
"TCEAL8P1",0
"RPL17P17",0
"MTCO2P6",0
"HNRNPA3P8",0
"HMGB1P38",0
"ICE2P2",0
"RPEP2",0
"OR7E121P",0
"PPATP1",0
"PDZRN3",0
"TMEM183AP5",0
"FAM3D-AS1",0
"PSMC1P6",0
"WDR82P1",0
"OSBPL9P1",0
"SRRM1P2",0
"NDUFA5P5",0
"RARRES2P1",0
"HYDINP1",0
"AGGF1P3",0
"MRPS17P3",0
"HSPE1P19",0
"CLUHP10",0
"TUBBP11",0
"EZRP1",0
"LINC02070",0
"MTCO1P6",0
"DUSP12P1",0
"NDUFA4P2",0
"LNP1",0
"FEZF2",0
"GUCA1C",0
"BRD7P7",0
"RPL14P2",0
"SSX2IPP1",0
"COX6CP6",0
"ST13P14",0
"TAFA4",0
"KRT8P35",0
"GAPDHP50",0
"DPPA2",0
"LCORLP1",0
"HMGB1P36",0
"NFYBP1",0
"UBL5P3",0
"OR7E66P",0
"MORC1",0
"ZFAND2AP1",0
"MAGI1-IT1",0
"NPM1P17",0
"RPL27P9",0
"RPLP0P8",0
"FAM3D",0
"TMEM108-AS1",0
"DIMT1P1",0
"GM2AP1",0
"SOX14",0
"SDHBP1",0
"RLIG1P2",0
"FKBP1AP4",0
"PBX2P1",0
"HMGN1P10",0
"VN2R1P",0
"RPL21P71",0
"AFF4P1",0
"SSBL6P",0
"MTCO3P38",0
"NPM1P28",0
"RPS6P4",0
"KLF7P1",0
"WDR70P1",0
"TOMM22P6",0
"MTND3P7",0
"MMACHCP1",0
"LARP7P4",0
"EEF1B2P8",0
"SI",0
"SPATA16",0
"MECOM-AS1",0
"NAP1L5P1",0
"MTND4P17",0
"SDHDP3",0
"KRT18P35",0
"TMEM38BP1",0
"HMGN2P26",0
"SLC2A2",0
"SLITRK3",0
"TPT1P3",0
"MTND4LP10",0
"LINC02006",0
"RPS17P10",0
"NAALADL2-AS2",0
"RTP1",0
"RPL7AP25",0
"LINC01014",0
"RPL28P1",0
"MTCH2P1",0
"PCBP2P4",0
"RPL32P8",0
"NGRNP1",0
"NDUFB4P1",0
"RPL21P42",0
"EI24P1",0
"PPIAP75",0
"ADIPOQ-AS1",0
"NMNAT1P3",0
"ALG1L15P",0
"TRIM42",0
"EI24P6",0
"RPL19P2",0
"KCNAB1-AS2",0
"MTAPP2",0
"LINC02041",0
"KLF3P2",0
"RPS29P3",0
"CRADDP1",0
"ATP13A5-AS1",0
"ENAHP1",0
"DTWD1P2",0
"RPL6P7",0
"GMNC",0
"RPL7AP24",0
"ETV5-AS1",0
"GAPDHP47",0
"RBM43P1",0
"RNU6-1194P",0
"RN7SKP144",0
"RNU4ATAC17P",0
"RNU6-905P",0
"RN7SL147P",0
"RN7SL120P",0
"MIR4791",0
"RNU6-822P",0
"MIR3714",0
"MIR466",0
"MIR548AY",0
"RNU6-815P",0
"RNU6-243P",0
"RNA5SP127",0
"RN7SKP227",0
"MIR128-2",0
"RNU6-235P",0
"MIR4272",0
"RN7SL863P",0
"RNU6-139P",0
"RNA5SP134",0
"RN7SL647P",0
"RNU7-119P",0
"MIR1324",0
"RN7SKP284",0
"RNU6-739P",0
"RN7SL271P",0
"RNU6-281P",0
"RN7SL751P",0
"RNU6-873P",0
"MIR3923",0
"RNU2-28P",0
"MIR4273",0
"RNU6-1129P",0
"MIR548AB",0
"RNU6-1236P",0
"RNU6ATAC15P",0
"RNU6-712P",0
"MIR4445",0
"RNU6-461P",0
"RNU1-43P",0
"MIR567",0
"MIR7110",0
"RNU6-1284P",0
"RNA5SP142",0
"RN7SL715P",0
"RNA5SP144",0
"RNU6-425P",0
"RN7SKP46",0
"RNU6-1098P",0
"RNU7-82P",0
"MIR569",0
"RNU6-547P",0
"RNU6-637P",0
"MIR7977",0
"SNORA63D",0
"RN7SKP40",0
"RNU6-486P",0
"RNU6-505P",0
"RNU1-70P",0
"MIR944",0
"RNA5SP147",0
"RNU4-4P",0
"MIR4789",0
"RNU6-1233P",0
"RNU4-91P",0
"SNORA63E",0
"RNU6-1317P",0
"RNU6-1109P",0
"GMFBP1",0
"ABRAXAS1P1",0
"MED28P2",0
"ABCF2P1",0
"RPL32P7",0
"RNU6-1256P",0
"HMGN1P9",0
"HMGB3P13",0
"RNU6-1174P",0
"RNA5SP141",0
"CYCSP11",0
"MIR378B",0
"H2BP3",0
"MIR568",0
"MIR4796",0
"YBX1P3",0
"STRIT1",0
"PABPC1P10",0
"MARK2P6",0
"CIDECP2",0
"LINC01327",0
"MIR5002",0
"RPL7P15",0
"MIR4442",0
"MIR1224",0
"EEF1AKMT4-ECE2",0
"SNORD66",0
"TEDDM3P",0
"LINC01839",0
"PPP2R2DP1",0
"RNU6-1227P",0
"CRIPTO",0
"PRSS50",0
"DDTP1",0
"RPL29P34",0
"LRRC15",0
"RNF10P1",0
"UBTFL8",0
"CD24P5",0
"MIR4790",0
"RNU1-62P",0
"MTCO3P47",0
"WNT5A-AS1",0
"ERC2-IT1",0
"MIR3938",0
"RN7SKP45",0
"RNA5SP133",0
"H1-8P1",0
"RN7SL418P",0
"EHHADH-AS1",0
"EIF2S2P2",0
"MIR5588",0
"RN7SKP212",0
"RNU6-726P",0
"CLDN16",0
"PLCH1",0
"ZIC4",0
"THPO",0
"AMIGO3",0
"CIDEC",0
"RPL38P1",0
"HMGB1P30",0
"SNORD13P3",0
"RNU6-1105P",0
"SNORD2",0
"SNORA63B",0
"MIR1248",0
"SNORA81",0
"SNORA63",0
"SNORA4",0
"ATP5MC1P3",0
"FOXL2",0
"PRR23A",0
"PRR23C",0
"RPL7L1P7",0
"BPESC1",0
"PISRT1",0
"RBP2",0
"PTOV1P1",0
"PPDPFP1",0
"MIR198",0
"TRIM71",0
"TIMP4",0
"GSTM5P1",0
"RNA5SP123",0
"MEMO1P3",0
"PLSCR4",0
"PLSCR4P1",0
"RNU6-428P",0
"RNU7-136P",0
"SCARNA7",0
"RPL6P8",0
"MIR4795",0
"KRT8P25",0
"CFAP91",0
"PHB1P8",0
"PARLP1",0
"RFKP3",0
"RN7SL762P",0
"RN7SL397P",0
"CRIP1P1",0
"ALDOAP1",0
"MIR135A1",0
"RPL29P9",0
"C3orf22",0
"RNA5SP138",0
"METTL5P2",0
"SF3A2P1",0
"RNU6-646P",0
"RNU6-42P",0
"CADM2",0
"MIR5688",0
"CADM2-AS2",0
"THAP12P2",0
"MIR6890",0
"C3orf84",0
"NPHP3-ACAD11",0
"HSPA8P19",0
"RNU6-787P",0
"RN7SL482P",0
"MIR6829",0
"PPP4R2P3",0
"SNORA7A",0
"IFT122P1",0
"ACSL3P1",0
"C3orf36",0
"RNA5SP136",0
"U2SURPP1",0
"ECE2",0
"RNU6ATAC6P",0
"RNA5SP140",0
"PEX5L-AS1",0
"UQCRHP4",0
"MDFIC2",0
"AGTR1",0
"WDR53P1",0
"RNA5SP149",0
"RALBP1P1",0
"HTD2",0
"FETUB",0
"HRGP1",0
"DNAJC19P4",0
"JMJD4P1",0
"GP9",0
"ISY1-RAB43",0
"SDHDP4",0
"NRBF2P2",0
"RNU6-488P",0
"RNU6-511P",0
"RN7SL567P",0
"KLHL40",0
"HNRNPA1P22",0
"IQCF1",0
"RN7SL504P",0
"IQCF5-AS1",0
"IQCF5",0
"MIR885",0
"EI24P3",0
"SOCS5P3",0
"RNU6-454P",0
"MIR4270",0
"RN7SL110P",0
"MIR6872",0
"PERPP1",0
"RN7SKP222",0
"FGF12-AS2",0
"FGF12-AS3",0
"RNU1-20P",0
"TREX1",0
"MIR6823",0
"MIR711",0
"TMEM89",0
"MIR6824",0
"MIR4793",0
"TLR9",0
"OR5K1",0
"TMEM207",0
"PLSCR5",0
"MRPS10P2",0
"RN7SL870P",0
"MTAPP1",0
"RFKP6",0
"MIR1226",0
"RN7SL664P",0
"SNRPFP4",0
"RNU7-128P",0
"MIR4443",0
"CAMP",0
"FCF1P2",0
"MIR2115",0
"RPL6P9",0
"RNU7-47P",0
"RAD23BP1",0
"OR5H8",0
"OR5H4P",0
"OR5H6",0
"UQCRC2P1",0
"FAM240A",0
"RTP3",0
"MIR6083",0
"RNU6-143P",0
"RPS26P22",0
"ITGB5-AS1",0
"ENO1P3",0
"PDHA1P1",0
"APOOP2",0
"POU1F1",0
"MIR548I1",0
"RPS3AP14",0
"SNRPCP11",0
"ENPP7P4",0
"FBRSL1P1",0
"ARPC1AP1",0
"DUSP5P2",0
"RETNLB",0
"ZPLD1",0
"EFCC1",0
"OSTN",0
"MIR6826",0
"MARK2P3",0
"MARK2P19",0
"RHO",0
"CARMIL2P1",0
"RNA5SP145",0
"MRPL42P6",0
"MIR5186",0
"TOPAZ1",0
"MIR548AQ",0
"MIR1284",0
"RPL35AP9",0
"GPR79",0
"MIR3919",0
"RPS2P19",0
"C9orf78P1",0
"RNU2-31P",0
"MIR5704",0
"HNRNPA1P17",0
"RNA5SP139",0
"FAM76AP1",0
"SPINK8",0
"OR5H15",0
"LINC02047",0
"HSP90AB5P",0
"AKR1B1P2",0
"NIPA2P2",0
"RN7SL294P",0
"MIR4444-2",0
"ATP5MC2P5",0
"SNORA6",0
"SNORA62",0
"NFU1P1",0
"MOBP",0
"HTR3C",0
"HTR3C2P",0
"HTR3E",0
"HSP90AA5P",0
"MIR4448",0
"LRRC31",0
"FAM20BP1",0
"RNU4-38P",0
"LRRIQ4",0
"RNA5SP132",0
"GRM2",0
"IQCF6",0
"RPSAP69",0
"KRBOX1-AS1",0
"CHCHD4P4",0
"EIF3KP2",0
"RN7SL216P",0
"RNA5SP125",0
"CFL1P7",0
"RNA5SP126",0
"H3P10",0
"MIR5193",0
"CAMKV",0
"RN7SL217P",0
"ACTL11P",0
"HNRNPA1P23",0
"EIF4BP8",0
"RNU6-26P",0
"RNU6-1263P",0
"RNU6-342P",0
"RNU1-96P",0
"EEF1GP4",0
"OTOL1",0
"RPS3AP53",0
"RN7SKP234",0
"RPL8P4",0
"GABRR3",0
"OR5BM1P",0
"RPL39P17",0
"PRR3P1",0
"SERPINI2",0
"RNU6-858P",0
"RNU6-821P",0
"RNU6-860P",0
"CICP6",0
"SEPTIN14P3",0
"MIR4797",0
"RBISP6",0
"RNU7-10P",0
"NPEPPSP2",0
"RNU6-670P",0
"RNU6-386P",0
"VDAC1P7",0
"RNU6-217P",0
"RNU6-882P",0
"CENPPP1",0
"XIRP1",0
"DSTNP4",0
"RPL23AP41",0
"RPL31P21",0
"PHF5AP7",0
"RNU4-56P",0
"RN7SL411P",0
"PGAM1P3",0
"RPL5P10",0
"MRPS31P1",0
"RN7SKP58",0
"RPL36P20",0
"GEMIN2P2",0
"RPL7AP83",0
"TPMTP2",0
"CCK",0
"SALL4P6",0
"EIF4BP4",0
"MIR8060",0
"RBBP4P7",0
"RNU6-1094P",0
"RPL18AP8",0
"RCC2P5",0
"CDV3P1",0
"TPTE2P7",0
"OR5AC1",0
"OR5AC2",0
"OR5H2",0
"OR5K4",0
"OR5K3",0
"SLC6A1",0
"ZNF860",0
"RPL21P40",0
"NIFKP7",0
"CD200R1P1",0
"VPS26AP1",0
"ATP5PBP8",0
"RNY3P13",0
"RPS17P9",0
"VPS51P10",0
"OR7E129P",0
"EVA1CP6",0
"SNRPCP8",0
"PSMG3P1",0
"RN7SL229P",0
"RNF13P1",0
"FLYWCH1P1",0
"RPL32P10",0
"RNU6-4P",0
"FAUP2",0
"KRT8P36",0
"A4GNT",0
"RN7SL145P",0
"LRRC3B",0
"TMPRSS7",0
"RNA5SP129",0
"RNU6-230P",0
"MIR5092",0
"DUTP1",0
"RNU6-232P",0
"XXYLT1-AS1",0
"MIR3137",0
"RN7SL36P",0
"RNU6-25P",0
"RPL31P22",0
"RPL24P6",0
"RPL31P64",0
"CABYRP1",0
"NDUFS6P1",0
"DONSONP1",0
"RPL31P23",0
"RPS27P11",0
"KIAA1143P2",0
"ERC2",0
"RN7SKP265",0
"LNCSRLR",0
"MPRIPP1",0
"RNA5SP137",0
"SNORD19B",0
"AK3P7",0
"AKTIPP1",0
"ITIH4-AS1",0
"STIMATE-MUSTN1",0
"MIR8064",0
"OR7E55P",0
"EVA1CP5",0
"RPS3AP15",0
"KRBOX1",0
"MTND5P15",0
"RN7SKP52",0
"SDHAP2",0
"SMBD1P",0
"DTWD1P1",0
"RN7SKP124",0
"RN7SL724P",0
"TRMT112P5",0
"RPS27P12",0
"NIP7P2",0
"FGD5P1",0
"SDHAP1",0
"OR5AC4P",0
"NMRAL2P",0
"COL6A4P1",0
"FRG2FP",0
"FAM157A",0
"RPL32P3",0
"OR7E122P",0
"INHCAP",0
"FAM86JP",0
"CIDECP1",0
"FAM86HP",0
"ALG1L1P",0
"SNHG33",0
"ANKRD18DP",0
"OR7E22P",0
"FAM86DP",0
"RNU6-1181P",0
"RNF7P1",0
"RNU6-483P",0
"ZNF501",0
"MIR564",0
"RNU5B-3P",0
"ATP2B2-IT1",0
"ATP2B2-IT2",0
"VENTXP7",0
"ZNF385D-AS1",0
"ZNF385D-AS2",0
"FCF1P3",0
"MTND4P16",0
"MTND4LP3",0
"MTND3P6",0
"MTCO3P35",0
"MTATP6P22",0
"MTND5P16",0
"MTND6P6",0
"MTCO1P35",0
"MTND1P16",0
"MTND2P14",0
"RNU6-1308P",0
"PTPN11P1",0
"CSP2",0
"CCDC54",0
"GRM7",0
"GRM7-AS2",0
"RN7SKP296",0
"CCT6P4",0
"MTCO1P29",0
"MTCO2P29",0
"MIR5682",0
"MIR6828",0
"KRT8P13",0
"SDHAP4",0
"MIR922",0
"EIF4EP3",0
"RPL7L1P8",0
"PLA2G10P1",0
"PRSS45P",0
"SNRPB2P1",0
"MTERF1P1",0
"MIR548BB",0
"PPIAP70",0
"TMED2P1",0
"FCRL4P1",0
"RRBP1P2",0
"RANP7",0
"SALL4P5",0
"RNU6-922P",0
"RNU6-788P",0
"NPM1P23",0
"RNA5SP135",0
"MIR3136",0
"CD200R1L",0
"LAPTM4BP2",0
"RNU7-19P",0
"RNU6-557P",0
"RNU2-64P",0
"GPATCH11P1",0
"RNU6-1270P",0
"RNU7-110P",0
"NICN1",0
"TAGLN3",0
"RNU7-73P",0
"ENOPH1P1",0
"RPL35AP10",0
"CDK2AP1P1",0
"SST",0
"TBILA",0
"SLC9C1",0
"INAVAP1",0
"HSPD1P6",0
"RPL39P5",0
"PSMD10P2",0
"KRT8P12",0
"NUP210P1",0
"BOLA2P2",0
"RPSAP31",0
"PDCL3P4",0
"MTHFD2P1",0
"RPL23AP49",0
"TPM4P2",0
"HMGB1P5",0
"TMEM30CP",0
"CDHR18P",0
"PRSS46P",0
"PRSS43P",0
"PRSS44P",0
"PRSS42P",0
"NRADDP",0
"IQCF4P",0
"C3orf86P",0
"SLC66A1LP",0
"NUDT16L2P",0
"LRRC77P",0
"BTNL12P",0
"CPHL1P",0
"TM4SF18",0
"MIR563",0
"CBX3P10",0
"RNU6ATAC4P",0
"PRADC1P1",0
"KLHL25P1",0
"OR5K2",0
"RPL38P4",0
"RPL19P7",0
"ACTG1P13",0
"ARHGEF28P1",0
"MIR4787",0
"PPIAP69",0
"MIR6825",0
"MIR7976",0
"IQCJ-SCHIP1",0
"IQCJ",0
"PRR23E2P",0
"RNU6-1047P",0
"PRR20G",0
"COL6A4P2",0
"RNU6-507P",0
"HNRNPA1P24",0
"EIF3JP2",0
"RPL32P9",0
"YTHDF3P1",0
"OR7E130P",0
"OR7E93P",0
"VPS51P6",0
"SYPL1P1",0
"DYNLL1P5",0
"RPL9P15",0
"MME-AS1",0
"RNU6-348P",0
"MTCO1P58",0
"TMEM212-IT1",0
"RNU6-1120P",0
"SOX2",0
"RN7SL703P",0
"PSMG3P2",0
"ZCCHC10P1",0
"AADACL2",0
"AADACP1",0
"AADAC",0
"ATP5MGP5",0
"MAP6D1",0
"HTR3E-AS1",0
"LINC01840",0
"RN7SL447P",0
"RN7SL215P",0
"LINC01326",0
"RN7SKP298",0
"PSAT1P4",0
"CBX1P5",0
"RN7SL815P",0
"RNU5E-8P",0
"RNU6-1200P",0
"LINC03051",0
"DRG1P2",0
"LINC00903",0
"RN7SL582P",0
"TUSC7",0
"MIR4447",0
"RNU1-30P",0
"RNPC3P1",0
"ATP6V0CP2",0
"THOC7-AS1",0
"GAPDHP39",0
"RPL23AP40",0
"HMGN2P13",0
"KIAA1328P1",0
"RN7SL300P",0
"LINC03109",0
"RNU6-901P",0
"RN7SL296P",0
"TM4SF19-DYNLT2B",0
"RNU6-910P",0
"RN7SL434P",0
"LINC02052",0
"LINC01213",0
"PLS1-AS1",0
"LINC01487",0
"TERC",0
"LINC01100",0
"LINC00606",0
"LINC00636",0
"DNAJB8-AS1",0
"LINC02022",0
"AADACL2-AS1",0
"BALR6",0
"LINC02005",0
"LRRC3B-AS1",0
"LINC02040",0
"SRGAP3-AS4",0
"IQCJ-SCHIP1-AS1",0
"HLMR1",0
"CD200R1L-AS1",0
"TPRXL",0
"NAALADL2-AS1",0
"LINC01391",0
"ZIC4-AS1",0
"PLCH1-AS2",0
"TM4SF18-AS1",0
"PEX5L-AS2",0
"LINC01983",0
"OSBPL10-AS1",0
"CCDC39-AS1",0
"LINC02048",0
"LINC01988",0
"RBMS3-AS3",0
"LINC02031",0
"CNTN4-AS2",0
"MORC1-AS1",0
"RARB-AS1",0
"SYNPR-AS1",0
"NAALADL2-AS3",0
"LINC01986",0
"LINC00879",0
"GRM7-AS1",0
"LINC01985",0
"LINC00971",0
"CLSTN2-AS1",0
"LRRC78P",0
"LINC00620",0
"PIK3CA-DT",0
"LINC02016",0
"LINC00692",0
"LINC02053",0
"LINC02077",0
"UBE2E2-DT",0
"LINC02042",0
"PDZRN3-AS1",0
"LSAMP-AS1",0
"CFAP100-DT",0
"ESRG",0
"SRGAP3-AS2",0
"LINC02023",0
"VN1R21P",0
"RNA5SP124",0
"MIR8076",0
"CD200LP",0
"LINC01981",0
"PRICKLE2-AS2",0
"IGBP1P3",0
"VN1R20P",0
"KRT18P34",0
"RPL22P1",0
"TVP23CP3",0
"TMED10P2",0
"GATA2-AS1",0
"ARB2BP",0
"CYCSP10",0
"MARK2P17",0
"ACTG1P1",0
"GAPDHP36",0
"HRGP2",0
"OR5H5P",0
"OR5H3P",0
"RPS24P9",0
"RPL7P16",0
"RPL13AP27",0
"UBA52P4",0
"PSMC1P7",0
"RPS24P10",0
"DNAJB1P2",0
"ENPP7P3",0
"RPS16P4",0
"LSP1P2",0
"ALG1L6P",0
"ENPP7P2",0
"RPL36P7",0
"PPP4R2P4",0
"NDUFAF4P3",0
"RPS25P5",0
"IMPDH1P8",0
"METTL15P1",0
"MYLKP2",0
"OR7E29P",0
"COX6A1P5",0
"DPPA2P3",0
"FAM151AP1",0
"SULT1D1P2",0
"EGFEM1P",0
"RNU2-20P",0
"RPSAP33",0
"RPL21P43",0
"RNU6-367P",0
"MIR138-1",0
"LINC02032",0
"ERVH-1",0
"CPZ",0
"WEE1P1",0
"CYTL1",0
"VPS51P18",0
"OR7E84P",0
"OR7E86P",0
"LINC02270",0
"MTCO3P27",0
"RPS3AP17",0
"MTND4P9",0
"OR7E85P",0
"MTCO3P42",0
"MTND3P24",0
"MTND4LP22",0
"RPL31P31",0
"MTCYBP16",0
"SNX18P23",0
"MTCO3P28",0
"TECRL",0
"SRIP1",0
"THAP12P9",0
"MESTP3",0
"RPS26P24",0
"SNX18P25",0
"KCTD8",0
"MTND3P5",0
"MTND6P16",0
"SEC63P2",0
"LINC02493",0
"SLIRPP2",0
"COX7B2",0
"UGT2B11",0
"LARP1BP1",0
"GK2",0
"LINC00575",0
"MTND3P22",0
"PRDX4P1",0
"NPM1P41",0
"PPBPP1",0
"PPP2R2C",0
"UGT2B7",0
"LINC02619",0
"MTND5P4",0
"MTCO3P39",0
"MTND5P13",0
"LINC01217",0
"ATP5F1EP1",0
"PABPC1P7",0
"IGBP1P5",0
"DDX3P3",0
"LINC01216",0
"MTND5P5",0
"LINC01218",0
"MTND4LP31",0
"COL25A1-DT",0
"LINC02503",0
"DYNLL1P6",0
"DKK2",0
"BTC",0
"TACR3-AS1",0
"MRPS33P3",0
"CXCL6",0
"PIMREGP2",0
"TRAM1L1",0
"NDUFS5P5",0
"RPL6P14",0
"TUBB4BP5",0
"TTC39CP1",0
"LTV1P1",0
"ARHGEF38-IT1",0
"ACTR6P1",0
"SPOPLP3",0
"H3P15",0
"SPOPLP2",0
"TUBAP10",0
"GAPDHP56",0
"LINC02479",0
"CWH43",0
"RPL7AP26",0
"HNRNPA3P13",0
"PDHA2",0
"EIF3KP3",0
"QRFPR",0
"LINC02262",0
"NDNF-AS1",0
"SPOPLP1",0
"MTCYBP44",0
"OPRPN",0
"TMEM248P1",0
"TPI1P4",0
"GABRG1",0
"CRYZP2",0
"RPL17P19",0
"PCDH10",0
"MAPRE1P2",0
"LINC02429",0
"GTF2F2P1",0
"SERF1AP1",0
"R3HDM2P1",0
"CDRT15P11",0
"RBM46",0
"MTCYBP17",0
"EEF1GP8",0
"YWHAEP4",0
"BTF3P13",0
"MTATP6P9",0
"JADRR",0
"LINC02431",0
"ADAM20P2",0
"EEF1A1P21",0
"LINC02512",0
"TSEN2P1",0
"MTND6P17",0
"FABP5P12",0
"ENPP6",0
"MTCO2P9",0
"FBLP1",0
"ASS1P8",0
"MYL12BP2",0
"NPY5R",0
"NDUFB2P1",0
"WWC2-AS1",0
"TLL1",0
"MTHFD2P4",0
"NDUFB5P1",0
"LINC02504",0
"MTCO1P9",0
"LINC02477",0
"CLDN24",0
"MARK2P4",0
"RPL35AP12",0
"MTND5P9",0
"TOMM22P4",0
"AKIRIN2P1",0
"LINC02514",0
"RPL6P11",0
"ICE2P1",0
"ADAM20P3",0
"MTND4P8",0
"RPS23P4",0
"MTND3P3",0
"YWHAQP4",0
"COPS3P1",0
"MTCO3P9",0
"LINC02496",0
"ATP5MGP4",0
"NPY2R",0
"SETP12",0
"ANP32CP",0
"LINC02437",0
"HSPE1P23",0
"RN7SKP113",0
"MIR548I2",0
"RNA5SP154",0
"RNA5SP156",0
"RNU6-578P",0
"RN7SKP170",0
"MIR572",0
"SNORA75B",0
"RNU6-420P",0
"RNA5SP157",0
"RN7SL101P",0
"MIR4275",0
"RNU7-126P",0
"MIR1255B1",0
"RNU6-573P",0
"MIR4801",0
"RNU6-931P",0
"RNU6-412P",0
"RN7SKP199",0
"RNU6-158P",0
"MIR8053",0
"MIR548AG1",0
"RNU6-1325P",0
"RNU6-699P",0
"RNU6-191P",0
"RNA5SP527",0
"RNU6ATAC5P",0
"RNU4ATAC9P",0
"RNU6-499P",0
"RNU6-774P",0
"MIR575",0
"RNU6-615P",0
"RNU6-1059P",0
"MIR4451",0
"RN7SKP28",0
"RNU6-462P",0
"RNU6-551P",0
"RNU6-34P",0
"RNU6-635P",0
"SNORA24",0
"MIR1255A",0
"RN7SKP137",0
"RNU6-948P",0
"RNU6-119P",0
"RNU6-550P",0
"RNU1-89P",0
"RNU6-224P",0
"RN7SL808P",0
"RNU7-197P",0
"RNU6-1230P",0
"RNA5SP167",0
"RN7SKP253",0
"MIR4799",0
"RN7SL254P",0
"MIR548G",0
"RNU4-79P",0
"RN7SKP188",0
"RNA5SP170",0
"RNU6ATAC13P",0
"RN7SKP105",0
"MIR6082",0
"RN7SL776P",0
"RNA5SP171",0
"RNA5SP173",0
"MIR4454",0
"RNU6-335P",0
"RNU6-479P",0
"RN7SL28P",0
"RNU2-34P",0
"RNU2-66P",0
"RN7SKP67",0
"RNU2-44P",0
"MIR4276",0
"RNU6-173P",0
"RNU1-51P",0
"RNU6-838P",0
"MIR4449",0
"SNORA26",0
"ERVMER34-1",0
"RASL11B",0
"RN7SKP275",0
"RN7SL335P",0
"ADAD1",0
"RNU6-668P",0
"APELA",0
"FAM218BP",0
"RNU6-784P",0
"RNU6-891P",0
"ALG1L14P",0
"USP17L10",0
"USP17L11",0
"USP17L12",0
"USP17L13",0
"USP17L17",0
"USP17L18",0
"USP17L23",0
"USP17L5",0
"USP17L27",0
"USP17L28",0
"USP17L29",0
"USP17L30",0
"DEFB108F",0
"RNA5SP153",0
"DEFB130D",0
"USP17L20",0
"USP17L21",0
"USP17L22",0
"USP17L24",0
"USP17L25",0
"USP17L26",0
"USP17L14P",0
"USP17L16P",0
"USP17L19",0
"USP17L9P",0
"USP17L6P",0
"GIMD1",0
"RNU6-1196P",0
"RN7SL419P",0
"MIR548T",0
"HAND2",0
"NACAP5",0
"RN7SL311P",0
"RNU6-506P",0
"RNU6-1074P",0
"MGARP",0
"RNU6-1214P",0
"PFDN1P2",0
"MIR2054",0
"NUP58P1",0
"RPL17P20",0
"RN7SL492P",0
"RN7SL357P",0
"BBS7-DT",0
"SULT1D1P",0
"STATH",0
"PRR27",0
"HTN3",0
"SOWAHB",0
"RNU6-1187P",0
"MIR5591",0
"RN7SKP96",0
"MIR4452",0
"RNU6-746P",0
"OR7E85BP",0
"UNC93B8",0
"VPS51P7",0
"SNRPCP16",0
"EFL1P2",0
"RNU2-40P",0
"C4orf36",0
"RNU1-44P",0
"POU4F2",0
"USP17L15",0
"BTF3L4P4",0
"CNGA1",0
"HIGD1AP13",0
"RN7SL127P",0
"MIR3945",0
"TRPC6P7",0
"MIR4455",0
"RNU6-351P",0
"RNU6-553P",0
"SCARNA22",0
"MIR943",0
"RPL21P47",0
"RNU2-16P",0
"NKX1-1",0
"MIR95",0
"RNU6-112P",0
"NCOA4P2",0
"PYURF",0
"PIGY",0
"PIGY-DT",0
"IQCM",0
"RPSAP34",0
"ZACNP1",0
"EXOC7P1",0
"ASIC5",0
"FTH1P21",0
"RNU6-35P",0
"RN7SL275P",0
"HSBP1P2",0
"RNF14P2",0
"RNU6-205P",0
"ZNF969P",0
"MIR297",0
"RNU6-289P",0
"RPL36AP23",0
"CCDC34P1",0
"TUBB8P3",0
"RPL7AP29",0
"SLC25A14P1",0
"RPL30P5",0
"RPL38P3",0
"RNU6-410P",0
"RN7SL424P",0
"RN7SL822P",0
"METTL5P3",0
"RPSAP39",0
"CCKAR",0
"LINC02928",0
"NDUFB4P9",0
"MGAT4D",0
"UCP1",0
"RN7SL152P",0
"TNRC18P1",0
"KRT19P3",0
"C4orf17",0
"NMNAT1P4",0
"C4orf51",0
"TTC29",0
"RPL32P13",0
"ANK2-AS1",0
"MIR1243",0
"MIR8082",0
"RN7SL184P",0
"RNU1-138P",0
"IBSP",0
"RNU1-36P",0
"RPL31P24",0
"RNU6-818P",0
"RNU6ATAC31P",0
"RNU6-1298P",0
"MIR4274",0
"MICOS10P4",0
"DSPP",0
"RN7SL728P",0
"RPL21P49",0
"LRRC37A15P",0
"RNU7-151P",0
"MIR3139",0
"RNA5SP161",0
"RNU6-197P",0
"MRPL22P1",0
"FAM47E-STBD1",0
"RNU6-1000P",0
"RPL36AP18",0
"MIR367",0
"MIR302D",0
"MIR302A",0
"MIR302C",0
"MIR302B",0
"GET1P1",0
"ARSJ",0
"NPFFR2",0
"C4orf54",0
"UGT2B29P",0
"UGT2B17",0
"UGT2B15",0
"RNU6-145P",0
"MIR4450",0
"MIR548AH",0
"OR7E103P",0
"OTOP1",0
"RPL6P12",0
"UGT2A2",0
"RNU6-907P",0
"RNU4-33P",0
"COL25A1",0
"AMBN",0
"HELT",0
"MEPE",0
"LSM3P4",0
"MIR7849",0
"PF4V1",0
"CXCL1P1",0
"PF4",0
"RN7SL218P",0
"HGFAC",0
"MIR3688-1",0
"MIR3688-2",0
"FDCSP",0
"LTO1P1",0
"DEFB131A",0
"NEUROG2",0
"RPL23AP94",0
"HNRNPA1P65",0
"MTCYBP43",0
"TMEM271",0
"PDE6B-AS1",0
"MIR378D1",0
"RNA5SP158",0
"RNU7-194P",0
"AK4P6",0
"RN7SKP248",0
"KRT19P6",0
"MIR578",0
"SCGB1D5P",0
"NOL8P1",0
"RNU6-1252P",0
"RNU4-87P",0
"RNU6-1055P",0
"RPS7P6",0
"CLRN2",0
"COX6B1P5",0
"MIR4800",0
"PMPCAP1",0
"GRID2",0
"MTND1P19",0
"RNA5SP164",0
"SMARCAD1-DT",0
"HPGDS",0
"RPL35AP11",0
"PHOX2B",0
"RNU1-49P",0
"HMGB1P28",0
"ATP1B1P1",0
"SHISA3",0
"RN7SKP82",0
"LINC02383",0
"RN7SL691P",0
"TRIM75",0
"ADRA2C",0
"RNU4-64P",0
"LDHAL6EP",0
"RNA5SP163",0
"CXXC4",0
"MIR1973",0
"TRMT112P1",0
"CUL4AP1",0
"PSME2P4",0
"PTTG2",0
"DUTP7",0
"SPATA18",0
"NSUN7",0
"RNA5SP160",0
"RNU6-836P",0
"RNU6-1195P",0
"UCHL1-DT",0
"MIR3138",0
"RNA5SP155",0
"CSN3",0
"FAM90A26",0
"FREM3",0
"KRT18P51",0
"RN7SKP235",0
"LINC01097",0
"NKX3-2",0
"MIR5091",0
"RPL32P12",0
"MTNR1A",0
"RNY1P14",0
"COMMD5P1",0
"MORF4L2P1",0
"RN7SL446P",0
"MIR3140",0
"MIR4453",0
"SLC10A4",0
"RN7SL253P",0
"RNU6-1054P",0
"GLRB",0
"RNU6-582P",0
"RNU6-1217P",0
"CRACD",0
"IGBP1P4",0
"KLKB1",0
"SLC25A5P6",0
"RNU6-1336P",0
"RPL9P16",0
"RNY4P17",0
"OR7E94P",0
"JAKMIP1-DT",0
"PPBPP2",0
"GTF2IP12",0
"SEPTIN7P14",0
"RNU6-469P",0
"TMPRSS11GP",0
"RNU6-95P",0
"MTND2P41",0
"TMPRSS11BNL",0
"APOOP4",0
"RNA5SP159",0
"KRT18P25",0
"MIR4798",0
"RN7SKP30",0
"RNU6-276P",0
"EXOC1L",0
"FGF5",0
"SPMAP2L",0
"GLDCP1",0
"ZNF876P",0
"MIR571",0
"ZNF519P4",0
"GYPB",0
"UGT2B28",0
"UGT2B25P",0
"UGT2B24P",0
"UGT2A1",0
"CFAP299",0
"BMP3",0
"PRKG2-AS1",0
"RPL30P6",0
"FAM177A1P1",0
"RNU7-149P",0
"MIR3684",0
"ABT1P1",0
"ADH1B",0
"ADH1C",0
"MIR218-1",0
"MIR7978",0
"RPL31P25",0
"DUX4",0
"RNU7-74P",0
"AFM",0
"F11",0
"RNA5SP152",0
"RPPH1-3P",0
"MLLT10P2",0
"TUBB7P",0
"RNA5SP174",0
"RNA5SP175",0
"FRG2",0
"AGGF1P1",0
"CLUHP4",0
"DUX4L8",0
"DUX4L7",0
"DUX4L6",0
"DUX4L5",0
"DUX4L4",0
"DUX4L1",0
"DUX4L3",0
"DUX4L2",0
"RNU6-284P",0
"CHORDC1P3",0
"BNIP3P41",0
"AIDAP2",0
"CIBAR1P2",0
"HSP90AA4P",0
"RTEL1P1",0
"MRPL42P1",0
"GUSBP5",0
"SYT14P1",0
"FTLP10",0
"RPSAP36",0
"PCNAP1",0
"CSN1S2AP",0
"CETN4P",0
"TMED11P",0
"VAMP9P",0
"CFAP99",0
"ST3GAL1P1",0
"EVA1CP2",0
"FAM86EP",0
"MTND2P31",0
"C9orf78P2",0
"LINC01085",0
"RN7SKP13",0
"CCNHP1",0
"MIR1305",0
"RPL22P13",0
"ARL9",0
"MIR1269A",0
"RPS23P3",0
"RN7SL205P",0
"ELL2P2",0
"LINC01256",0
"AARS1P1",0
"SNORD73A",0
"PRSS48",0
"RNU6-1282P",0
"RN7SKP35",0
"RN7SKP136",0
"RNA5SP172",0
"RNU1-45P",0
"RNA5SP169",0
"SCPPPQ1",0
"PPBP",0
"MRPS36P2",0
"RNU7-192P",0
"RPSAP35",0
"NT5C3AP1",0
"GSX2",0
"RNU6-33P",0
"LINC02435",0
"PPIAP76",0
"LNCPRESS2",0
"LINC01396",0
"LINC02353",0
"NPY2R-AS1",0
"SLIT2-IT1",0
"BMPR1B-DT",0
"LINC02492",0
"FAM218A",0
"LINC02433",0
"LINC02276",0
"LINC02377",0
"LINC02562",0
"MAPK10-AS1",0
"LINC02484",0
"LINC02434",0
"LINC02374",0
"LINC02364",0
"LINC02264",0
"LINC02171",0
"LINC02509",0
"LINC01365",0
"LINC02499",0
"F11-AS1",0
"LINC02232",0
"LINC02360",0
"PCAT4",0
"LINC02382",0
"LINC02473",0
"LINC02174",0
"LINC02233",0
"LINC02380",0
"LINC02379",0
"CBR4-DT",0
"LINC01259",0
"LINC02515",0
"LINC02438",0
"ADGRL3-AS1",0
"LINC02283",0
"LINC02428",0
"LINC02278",0
"LNX1-AS1",0
"LINC02358",0
"HHIP-AS1",0
"LINC02994",0
"LINC02510",0
"LINC02466",0
"LINC02485",0
"FHIP1A-DT",0
"LINC02472",0
"LINC01612",0
"HAFML",0
"LINC01596",0
"CHAER1",0
"MIR577",0
"EPHA5-AS1",0
"RCC2P8",0
"LINC00682",0
"OR7E83P",0
"ENPP7P11",0
"RPL15P7",0
"UNC93B7",0
"UGT2B27P",0
"FAM86MP",0
"RBMXP4",0
"RPF2P2",0
"UGT2B26P",0
"RPL6P16",0
"APOBEC3AP1",0
"RPS14P7",0
"NUDT19P5",0
"VTI1BP2",0
"FAM86KP",0
"OR7E111FP",0
"TECRP1",0
"LYPLA1P2",0
"CHCHD2P7",0
"OR7E99P",0
"OR7E43P",0
"UGT2A3P7",0
"KLHL2P1",0
"H3P14",0
"OR7E163P",0
"NDUFS5P4",0
"RPL23AP84",0
"ALG1L7P",0
"ENPP7P9",0
"RPL7AP28",0
"RPL21P50",0
"LINC02268",0
"LINC02494",0
"LINC02063",0
"LINC02145",0
"MTCO1P31",0
"MARCHF11",0
"MTCO1P30",0
"HMGB3P3",0
"RPL32P14",0
"CFAP90",0
"ALG3P1",0
"MTCO2P30",0
"UBE2V1P12",0
"FBXL7",0
"RPS23P5",0
"HPRT1P2",0
"MARK2P5",0
"PTPN11P4",0
"MTND6P2",0
"HSPD1P15",0
"LINC02146",0
"ANKH-DT",0
"ISL1",0
"ADH5P5",0
"GCSHP1",0
"RPL21P56",0
"AK4P2",0
"GCNT1P2",0
"UQCRBP3",0
"LINC02225",0
"UGT3A1",0
"HMGB1P47",0
"RLIG1P1",0
"LINC00603",0
"SUCLG2P4",0
"RPS17P11",0
"UBL5P1",0
"CAPSL",0
"KRT18P56",0
"NT5ELP",0
"RPL5P15",0
"RPS2P25",0
"LINC02118",0
"RPL13AP14",0
"HNRNPKP5",0
"RGS7BP",0
"PPIAP79",0
"MTCO1P22",0
"HMGB3P16",0
"DPPA3P12",0
"CRLF3P2",0
"MTCO3P22",0
"RACK1P1",0
"RPL5P14",0
"LINC02215",0
"NREP-AS1",0
"ZP3P1",0
"TRPC6P6",0
"LSP1P3",0
"B3GNTL1P1",0
"RPL17P21",0
"PSMC1P4",0
"RPL21P55",0
"HMGN1P13",0
"KRT8P32",0
"BOLA3P3",0
"RPS17P2",0
"ZCCHC10P2",0
"MRPL49P1",0
"PGAM1P1",0
"MEGF10",0
"KRT18P42",0
"MAST4-IT1",0
"HCN1",0
"MRPS35P2",0
"HMGN1P15",0
"HSPE1P10",0
"LYSETP1",0
"BCL9P1",0
"KATNBL1P4",0
"ATP5PFP4",0
"ASS1P9",0
"LINC02214",0
"MTND3P19",0
"PCBP2P3",0
"RPSAP37",0
"RPEP1",0
"MTCO2P24",0
"CATSPER2P2",0
"EPB41L4A-DT",0
"IL9",0
"LINC02161",0
"GJA1P1",0
"TPT1P5",0
"LECT2",0
"ATG10-AS1",0
"RBBP4P6",0
"LAMTOR3P2",0
"PRELID3BP8",0
"OR7H2P",0
"TRPC7-AS2",0
"TOMM40P3",0
"RNF180",0
"MEIKIN",0
"FTH1P9",0
"HMGB1P29",0
"TRPC6P9",0
"ASS1P10",0
"TRPC6P2",0
"MINAR2",0
"RPL7L1P4",0
"SELENOTP2",0
"AK3P4",0
"MTCO1P24",0
"PGAM5P1",0
"ARL2BPP5",0
"MRPS5P3",0
"LSM1P2",0
"ARGFXP1",0
"NAMPTP2",0
"MRPL57P6",0
"RPL23AP44",0
"RPL21P59",0
"HAND1",0
"CKS1BP5",0
"BTG4P1",0
"IL3",0
"GABRA1",0
"RPL12P22",0
"FTMT",0
"RPS29P12",0
"C5orf47",0
"NKX2-5",0
"RPL6P32",0
"ARL2BPP6",0
"TMEM69P2",0
"DRD1",0
"EEF1GP2",0
"RPL36AP20",0
"RPL13AP13",0
"HSPA8P4",0
"SEMA5A-AS1",0
"ARL2BPP4",0
"C1QTNF2",0
"TMEM174",0
"RPS15AP18",0
"RN7SKP73",0
"MIR4458",0
"RNU1-76P",0
"SNORD123",0
"RNA5SP177",0
"MIR4636",0
"MIR887",0
"RNU6-679P",0
"RNA5SP178",0
"RNU6-660P",0
"RN7SL58P",0
"RNU4-43P",0
"RNU6-374P",0
"RNU6-1079P",0
"RNU6-358P",0
"RNU6-760P",0
"MIR4279",0
"RNU6-909P",0
"MIR3650",0
"RNU7-130P",0
"RNU1-150P",0
"RNU6-480P",0
"RNU6-1296P",0
"RN7SL801P",0
"RNA5SP182",0
"RNU6ATAC2P",0
"MIR449B",0
"MIR449C",0
"RNU6-299P",0
"RN7SL169P",0
"RNU6-294P",0
"RNU6-913P",0
"MIR4803",0
"RNU7-196P",0
"RNU4-11P",0
"RN7SL378P",0
"RNU6-620P",0
"MIR3660",0
"RN7SKP34",0
"MIR4280",0
"RNU6-448P",0
"RNU6-804P",0
"SNORD138",0
"RN7SL802P",0
"MIR548P",0
"RNU6-1119P",0
"RN7SKP62",0
"RNU4-90P",0
"RNU6-47P",0
"RN7SKP57",0
"RNA5SP188",0
"RNU1-140P",0
"RNU6-644P",0
"RN7SL711P",0
"RN7SL174P",0
"MIR548F3",0
"SNORA13",0
"RNU6-752P",0
"RNU6-373P",0
"RNU6-701P",0
"MIR5706",0
"RNU7-53P",0
"RNU6-718P",0
"RNA5SP189",0
"MIR4460",0
"RN7SL689P",0
"RNU6-290P",0
"RNU4-69P",0
"RNU6ATAC10P",0
"RNA5SP191",0
"RNU7-34P",0
"MIR5197",0
"RN7SKP246",0
"RNU7-156P",0
"RNU6-588P",0
"RNU6-390P",0
"RN7SL655P",0
"MIR3142",0
"MIR146A",0
"RNU6-164P",0
"RN7SL868P",0
"MIR1294",0
"RN7SKP60",0
"RNU2-48P",0
"RNU6-500P",0
"RNU6-209P",0
"MIR8056",0
"RNU6-168P",0
"MIR5003",0
"RNU1-17P",0
"MIR8089",0
"RNU6-525P",0
"MIR340",0
"RNU6-1036P",0
"SLC34A1",0
"PFN3",0
"LRRC14B",0
"MIR4456",0
"BRD9P2",0
"SPICP4",0
"SPCS2P3",0
"RNU6-572P",0
"SNORA74A",0
"RNU5B-4P",0
"RNU6-732P",0
"MIR584",0
"RN7SKP145",0
"HTR1A",0
"FABP6",0
"NMUR2",0
"TRPC7",0
"MIR4278",0
"RN7SKP79",0
"GNL3LP1",0
"LINC02159",0
"GABRA6-AS1",0
"GLRXP3",0
"ZNF474-AS1",0
"SNCAIP",0
"PCDHA1",0
"PCDHA3",0
"PCDHA5",0
"PCDHA6",0
"PCDHA7",0
"PCDHA14",0
"PCDHA11",0
"PCDHA13",0
"PCDHAC2",0
"TLX3",0
"SNORA70J",0
"MIR3912",0
"XBP1P1",0
"ZRSR2P1",0
"RBISP2",0
"MIR3141",0
"MIR1303",0
"RN7SL803P",0
"RPL35AP14",0
"LRRC70",0
"PCDHAC1",0
"PRELID3BP6",0
"FOXO1B",0
"SNORD63B",0
"SNORD63",0
"LINC01386",0
"USP12P1",0
"RNU6-1311P",0
"RNU6-923P",0
"C1QTNF3-AMACR",0
"FHP2",0
"RN7SL684P",0
"SNCB",0
"MIR4281",0
"MIR580",0
"RNU6-1305P",0
"NADK2-AS1",0
"LSINCT5",0
"MIR6830",0
"MIR3936",0
"RNU6-363P",0
"POU4F3",0
"RNA5SP196",0
"RN7SL791P",0
"RN7SL541P",0
"PPP2R2B-IT1",0
"FNDC9",0
"RN7SL646P",0
"RN7SKP70",0
"CBY3",0
"RNA5SP181",0
"NENFP3",0
"RPL29P13",0
"RPS27AP18",0
"IL5",0
"LINC01861",0
"RNA5SP199",0
"RNU6-556P",0
"H2BL1P",0
"MIR4804",0
"CTDNEP1P2",0
"CHP1P1",0
"RN7SL782P",0
"RN7SKP122",0
"CUL1P1",0
"NDUFB9P1",0
"RN7SL616P",0
"RNU6-724P",0
"SLC27A6",0
"MIR4633",0
"NACAP6",0
"PDCD6-AHRR",0
"STC2",0
"TAS2R1",0
"MIR548AE2",0
"LINC00492",0
"RNU7-175P",0
"SUMO2P5",0
"HMGN1P12",0
"CARTPT",0
"RNA5SP190",0
"FABP5P6",0
"PCDHGA1",0
"PCDHGA3",0
"PCDHGB1",0
"PCDHGA4",0
"PCDHGA9",0
"PCDHGB7",0
"PCDHGA11",0
"PCDHGB9P",0
"PCDHGC4",0
"RPS27AP10",0
"PCDHGB5",0
"MIR4638",0
"SNORD96A",0
"SNORD95",0
"DCANP1",0
"PRMT1P1",0
"NKD2",0
"MIR4635",0
"RNA5SP192",0
"CDX1",0
"LVRN",0
"RN7SKP148",0
"RNU6-226P",0
"ATP6V1G1P6",0
"RNU6-183P",0
"PCDHB3",0
"PCDHB5",0
"PCDHB6",0
"PCDHB9",0
"PCDHB10",0
"PCDHB11",0
"PCDHB12",0
"PCDHB13",0
"PCDHB14",0
"PCDHB15",0
"SLC25A2",0
"RN7SL208P",0
"SNORA74B",0
"SHISAL2B",0
"RNU6-1148P",0
"WNT8A",0
"NME5",0
"RNU6-460P",0
"RNU6-888P",0
"RNU6-1330P",0
"ARL14EPL",0
"CTXN3",0
"SPINK6",0
"HMGN1P16",0
"SPINK13",0
"SPINK14",0
"TSLP",0
"RN7SL153P",0
"FAM170A",0
"CFAP53P1",0
"RPL7P20",0
"LINC01947",0
"C9",0
"RNU6-477P",0
"MIR378E",0
"SNORD72",0
"RNU7-161P",0
"KRT18P16",0
"RNU4ATAC2P",0
"VWA8P1",0
"RN7SKP251",0
"SUMO2P4",0
"SNORA50D",0
"APOOP1",0
"GARIN3",0
"OR1X5P",0
"PROP1",0
"RNU6-1232P",0
"CPLX2",0
"YBX1P5",0
"ATP6V1G1P5",0
"RNA5SP197",0
"RPL21P54",0
"RNU6-680P",0
"SLC25A5P9",0
"SAP18P1",0
"RNA5SP186",0
"PDCD5P2",0
"RNU6ATAC36P",0
"HMGB1P35",0
"PDE8B",0
"ALDH7A1P1",0
"RPS2P24",0
"RNU6-308P",0
"DBIP2",0
"RNA5SP183",0
"AGXT2",0
"ZNF474",0
"ZNF475",0
"MTND3P25",0
"CATSPER3",0
"SLC25A48-AS1",0
"ZNF454",0
"LINC02065",0
"RN7SKP157",0
"MIR2277",0
"RNU1-39P",0
"AMACR",0
"SLC6A18",0
"MIR4457",0
"MTCO2P32",0
"FLT4",0
"LINC02222",0
"CICP15",0
"MTND5P12",0
"MTCYBP35",0
"MIR6131",0
"RPL30P7",0
"PMCHL1",0
"NBPF22P",0
"PMCHL2",0
"PCDHB17P",0
"PCDHB18P",0
"PCDHB19P",0
"CEP192P1",0
"AACSP1",0
"SDHAP3",0
"ZNF300P1",0
"SEPTIN14P5",0
"GTF2H2B",0
"NAIPP1",0
"WSPAR",0
"TSSK1B",0
"RNU4ATAC13P",0
"DDX18P4",0
"CSNK1A1P3",0
"RNU6-402P",0
"RNU6-429P",0
"MIR6499",0
"RN7SL177P",0
"SPINK7",0
"SPINK9",0
"RN7SKP89",0
"LINC01957",0
"MIR9-2",0
"H3P17",0
"H3P19",0
"H3P20",0
"H3Y1",0
"H3P22",0
"MIR874",0
"MIR3655",0
"ANKRD33B-AS1",0
"MIR218-2",0
"MIR585",0
"PPIAP77",0
"PRELID3BP4",0
"MIR6831",0
"MIR1229",0
"KCNIP1",0
"GABRP",0
"RN7SL623P",0
"PLCXD3",0
"RPL6P15",0
"MIR1289-2",0
"RPL35AP17",0
"IL17B",0
"LNPPS",0
"MIR143",0
"MIR145",0
"MSANTD5",0
"WWC1",0
"FBLL1",0
"SLC2A3P1",0
"MIR103B1",0
"RNU6-738P",0
"AIG1P1",0
"NDUFB4P2",0
"MIR582",0
"RPL31P8",0
"CAB39P1",0
"VTRNA1-1",0
"VTRNA1-2",0
"RPLP1P6",0
"HMGB3P22",0
"FBXL21P",0
"PCDHGB8P",0
"ATP6AP1L",0
"NPY6R",0
"VTRNA2-1",0
"SMIM32",0
"RNU6-727P",0
"PCDHB8",0
"TAF11L5",0
"TAF11L3",0
"TAF11L7",0
"TAF11L8",0
"TAF11L13",0
"TAF11L4",0
"TAF11L6",0
"TAF11L10",0
"TAF11L9",0
"TAF11L2",0
"TAF11L14",0
"TMEM183AP6",0
"RNU1-73P",0
"H3P24",0
"RNU2-49P",0
"WBP1LP4",0
"TAF11L11",0
"TAF11L12",0
"IRX1",0
"RN7SL814P",0
"MTCYBP40",0
"RPS12P10",0
"FGF1",0
"RPS3AP22",0
"H3P23",0
"RNA5SP176",0
"EGFLAM-AS3",0
"GDNF",0
"EGFLAM-AS4",0
"KCTD9P5",0
"RNA5SP179",0
"RPL19P11",0
"DUX4L51",0
"MTHFD2P6",0
"RNA5SP180",0
"DCAF13P2",0
"RN7SKP133",0
"FTH1P10",0
"PDCD6P1",0
"MIR4277",0
"RPL5P16",0
"MIR3977",0
"ST13P12",0
"RNA5SP187",0
"LDHBP3",0
"CCT7P2",0
"RN7SL255P",0
"RNU6-334P",0
"RAB9BP1",0
"HMGB1P22",0
"RN7SKP117",0
"HSPD1P18",0
"RNA5SP193",0
"RNU6-236P",0
"IRX4",0
"HIGD1AP3",0
"MSX2",0
"MIR4634",0
"NAIPP3",0
"GUSBP3",0
"GUSBP18",0
"GUSBP1",0
"PCDH1",0
"RNU6-381P",0
"FGF10",0
"FGF10-AS1",0
"RN7SL383P",0
"SLIT3-AS1",0
"LINC02102",0
"LINC01950",0
"LINC02115",0
"LINC02121",0
"LINC02220",0
"FAM193B-DT",0
"LINC02059",0
"THOC3-AS1",0
"LINC02221",0
"LINC01846",0
"LINC02106",0
"LINC02103",0
"IRX4-AS1",0
"MARCHF11-AS1",0
"MARCHF11-DT",0
"EGFLAM-AS2",0
"EGFLAM-AS1",0
"MOCS2-DT",0
"LINC02058",0
"LINC02143",0
"LINC02229",0
"LINC00491",0
"LINC02239",0
"LINC02039",0
"LINC02212",0
"LINC02213",0
"SH3TC2-DT",0
"LINC01574",0
"TTC23L-AS1",0
"RAI14-DT",0
"LINC02230",0
"LINC02111",0
"TENM2-AS1",0
"LINC02199",0
"LINC02149",0
"LINC03123",0
"LINC01951",0
"LINC01848",0
"CAPSL-DT",0
"LINC02122",0
"EPIST",0
"LINC01938",0
"TRPC7-AS1",0
"SEMA6A-AS2",0
"LINC02117",0
"LINC01202",0
"RGMB-AS1",0
"LINC01339",0
"LINC01385",0
"LINC02147",0
"CDH18-AS1",0
"LINC01847",0
"LINC02116",0
"ISL1-DT",0
"LINC02104",0
"LINC01333",0
"LINC02196",0
"PSD2-AS1",0
"LINC02123",0
"LINC02162",0
"ACSL6-AS1",0
"LINC01377",0
"LINC01949",0
"NDST1-AS1",0
"LINC00604",0
"LINC02114",0
"FABP5P5",0
"MIR583",0
"RNU6-524P",0
"TMEM183AP2",0
"LINC02061",0
"HMGN1P17",0
"LINC01455",0
"RBX1P2",0
"TRMT112P2",0
"KRT18P45",0
"SPZ1",0
"RBMX2P5",0
"RNU6-211P",0
"HSPB3",0
"PTP4A1P4",0
"GUSBP7",0
"CSPG4BP",0
"GUSBP9",0
"SEPHS2P1",0
"RPL23AP45",0
"PRELID3BP7",0
"GUSBP17",0
"OCLNP1",0
"CDH12P4",0
"SEM1P1",0
"GUSBP15",0
"H3P18",0
"H3P21",0
"GUSBP14",0
"SETP21",0
"POLD2P1",0
"HMGB3P17",0
"NIFKP2",0
"GUSBP13",0
"CDH12P2",0
"GUSBP19",0
"GUSBP8",0
"GGCTP1",0
"LINC01338",0
"GUSBP16",0
"FOXF2-DT",0
"RPL5P20",0
"EEF1E1-BLOC1S5",0
"BLOC1S5-TXNDC5",0
"SPTLC1P2",0
"TOMM5P1",0
"RPL6P18",0
"RPL6P17",0
"RPL7AP36",0
"STMND1",0
"ISG20L2P1",0
"RPL13P",0
"OR2U2P",0
"RPS18P8",0
"OR2J4P",0
"ZNF90P2",0
"KRT18P38",0
"DDX18P3",0
"UQCRFS1P3",0
"BOLA2P3",0
"RPL29P17",0
"NHLRC1",0
"WBP1LP12",0
"PGK2",0
"RBBP4P3",0
"NANOGP3",0
"RPL37P15",0
"PRR11P1",0
"TIAL1P1",0
"OR2U1P",0
"MTMR9P1",0
"NUFIP1P1",0
"CRISP2",0
"LAP3P1",0
"GCNT1P4",0
"RPS15AP20",0
"POU3F2",0
"NDUFA5P9",0
"NPM1P38",0
"RUNX2-AS1",0
"GPR63",0
"PRDX2P4",0
"CYP39A1",0
"LAMA4-AS1",0
"TXNP7",0
"EEF1GP6",0
"GAPDHP41",0
"EIF4EBP2P3",0
"NEPNP",0
"ENPP5",0
"MCHR2",0
"DHFRP5",0
"GFRAL",0
"SOCS5P5",0
"ANKRD39P1",0
"RPL31P28",0
"KRASP1",0
"RPL5P19",0
"RPS4XP9",0
"EEF1A1P36",0
"RPL35AP18",0
"RPS17P5",0
"SIM1-AS1",0
"RAP1BP3",0
"SLC25A6P6",0
"BTF3L4P3",0
"TNPO3P2",0
"FCF1P10",0
"RPL21P66",0
"KCNK17",0
"RPL31P33",0
"YAP1P3",0
"KRT18P50",0
"EEF1A1P42",0
"HTR1E",0
"NPM1P10",0
"FAM136FP",0
"FAM83B",0
"LINC02524",0
"TUBB4BP7",0
"RPSAP42",0
"RFPL4B",0
"RPA3P2",0
"TAAR6",0
"PLN",0
"FTH1P26",0
"NDUFS5P1",0
"PPP1R14BP5",0
"RPL7P29",0
"LINC00242",0
"MTCYBP36",0
"MEMO1P2",0
"MTCO3P31",0
"C11orf98P2",0
"MTATP6P25",0
"RPL12P23",0
"PHB1P1",0
"MTHFD2P2",0
"MTND4LP19",0
"TINAG-AS1",0
"ATF1P1",0
"NUDT19P3",0
"HMGB3P19",0
"HSPD1P10",0
"MTCO1P56",0
"RPL26P20",0
"SSR1P1",0
"SNRPEP6",0
"RAET1M",0
"VIP",0
"MTND3P20",0
"HMGB1P13",0
"RPSAP40",0
"COX6A1P3",0
"H3P27",0
"COX5BP2",0
"TAAR4P",0
"MTND4LP20",0
"RSPO3",0
"MTCO2P31",0
"RPL21P64",0
"CLNS1AP1",0
"MTND4P13",0
"ZC2HC1B",0
"RPL31P29",0
"TAAR7P",0
"RPL10P10",0
"AK4P5",0
"RPL17P24",0
"CTAGE13P",0
"SSXP10",0
"NMBR-AS1",0
"RPL7P27",0
"DNAJA1P4",0
"MTATP6P31",0
"KRT18P65",0
"RPL36P10",0
"OLIG3",0
"HNRNPDP2",0
"RAB1AP2",0
"RPSAP72",0
"RGS17",0
"MIR3691",0
"RNU6ATAC21P",0
"RN7SL554P",0
"RNU6-793P",0
"MIR548A1",0
"RN7SL332P",0
"RNA5SP204",0
"RNU6-263P",0
"RNU6-1060P",0
"RN7SKP240",0
"RNA5SP205",0
"RNU6-801P",0
"RNU6-930P",0
"RN7SL273P",0
"RNU1-54P",0
"RNU6-754P",0
"MIR5685",0
"RNU7-65P",0
"RN7SL580P",0
"RNA5SP208",0
"RNU6-1023P",0
"RNU7-66P",0
"RNU6-261P",0
"MIR548U",0
"RNU6-84P",0
"RNU6-155P",0
"RNU6-1338P",0
"RNA5SP209",0
"RNU6-280P",0
"RN7SKP256",0
"RNA5SP210",0
"RNU6-248P",0
"RN7SL643P",0
"RN7SL415P",0
"MIR4643",0
"MIR548AI",0
"RN7SL509P",0
"RNU4-66P",0
"RN7SL797P",0
"RNU6-1299P",0
"MIR2113",0
"RNU6-1106P",0
"MIR4464",0
"RNU6-344P",0
"RNU6-1163P",0
"RNU6-214P",0
"RN7SKP18",0
"RNU6-897P",0
"RNA5SP215",0
"RNU6-1226P",0
"RN7SKP51",0
"RNU6-253P",0
"MIR588",0
"RNU6-200P",0
"RNU4-76P",0
"MIR3144",0
"RNU6-475P",0
"RNU1-18P",0
"MIR3662",0
"RNU6-1222P",0
"RNU7-152P",0
"RN7SKP211",0
"RNU6-896P",0
"RNA5SP225",0
"RNU2-8P",0
"RNU4-7P",0
"RNU6-300P",0
"RNA5SP224",0
"RN7SKP106",0
"MIR1202",0
"RN7SL564P",0
"SNORD28B",0
"RNA5SP221",0
"RPL22P14",0
"RNU1-33P",0
"GSTA3",0
"RN7SK",0
"RN7SL244P",0
"RNU6-464P",0
"OR2W2P",0
"OR2B8P",0
"RPLP2P1",0
"OR2W4P",0
"MIR7161",0
"TTLL2",0
"SIM1",0
"PRDM13",0
"TFAP2D",0
"RN7SL617P",0
"MIR4645",0
"SERPINB8P1",0
"RNU6-391P",0
"RNU1-11P",0
"LINC02530",0
"GPR53P",0
"RPL23AP1",0
"MICE",0
"HCG9P5",0
"RPL7AP7",0
"GCNT2P1",0
"GCM2",0
"ZFP57",0
"HNRNPH1P1",0
"SNORA29",0
"MIR4282",0
"KNOP1P4",0
"PGAM1P10",0
"RBPMS2P1",0
"KHDC1P1",0
"SDCBP2P1",0
"PAICSP3",0
"DPPA5",0
"KHDC3L",0
"OOEP-AS1",0
"RNA5SP211",0
"RNU6-527P",0
"RPL21P65",0
"RNU6-117P",0
"MIR587",0
"SNORA40C",0
"RNU6-1115P",0
"RN7SKP186",0
"DDR1-DT",0
"MIR4640",0
"HCG21",0
"NAPGP2",0
"MUC21",0
"RNU6-1133P",0
"C6orf15",0
"CDSN",0
"PSORS1C2",0
"POLR2LP1",0
"RNU6-153P",0
"GNG5P1",0
"HNRNPA1P49",0
"RPS6KA2-IT1",0
"MIR1913",0
"HMGCLL1",0
"RN7SL221P",0
"PKMP5",0
"MIR7853",0
"MIR5683",0
"SNAPC5P1",0
"SMIM15P2",0
"RPSAP43",0
"RNA5SP213",0
"LINC02536",0
"MRPS17P5",0
"NCR2",0
"MIR4641",0
"H2AC3P",0
"H2BP5",0
"H3P26",0
"H3C2",0
"H2AC4",0
"H3C3",0
"H1-6",0
"LARP1P1",0
"ATP6V1G2-DDX39B",0
"SNORD117",0
"SNORD84",0
"SNORA38",0
"MIR6832",0
"LY6G6F",0
"LY6G6F-LY6G6D",0
"MSH5-SAPCD1",0
"RNU6-850P",0
"LINC02571",0
"MIR6891",0
"RNU6-283P",0
"FGFR3P1",0
"ZDHHC20P2",0
"RPL36AP5",0
"SLC35D3",0
"RPL35AP3",0
"NPM1P51",0
"SNORD48",0
"SNORD52",0
"ZBTB12",0
"CHP1P2",0
"C6orf118",0
"RNA5SP226",0
"RNU6-730P",0
"ACTG1P18",0
"RN7SL366P",0
"MICC",0
"SUCLA2P1",0
"MIR877",0
"TOMM6",0
"CRISP3",0
"RN7SKP204",0
"MEP1A",0
"RNU6-906P",0
"MIR4462",0
"MIR3135B",0
"HLA-Z",0
"HNRNPA3P4",0
"MYB-AS1",0
"MIR548A2",0
"RN7SL183P",0
"SPACA1",0
"AP3S1P1",0
"RNU6-502P",0
"H2BC16P",0
"H3C11",0
"RNU7-26P",0
"OR2B2",0
"MIR6721",0
"MIR6833",0
"RNU6-603P",0
"NUP50P4",0
"UBE2V1P15",0
"RNU1-34P",0
"TULP1",0
"MIR1236",0
"C4B",0
"CYP21A2",0
"RNA5SP206",0
"H3C5P",0
"H2AC9P",0
"H4C7",0
"H3C7",0
"COPS5P1",0
"EPHA7",0
"RPS27P15",0
"RNU6-626P",0
"MRPL30P1",0
"THBS2",0
"SLC17A2",0
"RNU6-1247P",0
"RNY4P20",0
"RN7SKP268",0
"RNU6-813P",0
"RPS12P14",0
"FAM162B",0
"GPRC6A",0
"RPS29P13",0
"RNA5SP214",0
"RNA5SP220",0
"MIR3668",0
"MIR4465",0
"OR2A4",0
"CTAGE9",0
"RPL15P9",0
"MIR548H5",0
"SELENOKP2",0
"RN7SKP245",0
"RPL5P18",0
"CRISP1",0
"DEFB114",0
"DEFB113",0
"DEFB110",0
"DEFB112",0
"RNA5SP223",0
"NANOGP11",0
"HSPD1P16",0
"OR12D2",0
"UBDP1",0
"MAS1LP1",0
"MAS1L",0
"RPS17P1",0
"DDX6P1",0
"OR12D3",0
"COL11A2P1",0
"ZNF70P1",0
"HTATSF1P1",0
"MIR6873",0
"MIR6834",0
"SMIM40",0
"RPL12P47",0
"RPL35AP4",0
"MIR5004",0
"MTCYBP4",0
"HSPE1P21",0
"BTBD10P2",0
"CCT7P1",0
"RAET1E-AS1",0
"PKMP3",0
"SNORD50B",0
"SMIM11P1",0
"RNU4-72P",0
"RNU4-12P",0
"CYCSP17",0
"RPS26P29",0
"IDH1P1",0
"RNU6-761P",0
"ANKRD66",0
"OR2J1",0
"OR2H1",0
"OR2J2",0
"OR10C1",0
"KRT18P64",0
"DUTP5",0
"BTN1A1",0
"H3C6",0
"GPR6",0
"RNU4-70P",0
"TYMSP1",0
"TRIM26BP",0
"TRIM39-RPP21",0
"UBQLN1P1",0
"H4C10P",0
"H2BC14",0
"CNN3P1",0
"HCP5B",0
"MESTP1",0
"BMPR1AP1",0
"RNU6-861P",0
"RPL5P21",0
"HLA-DQB3",0
"SMOC2",0
"C6orf141",0
"H3C8",0
"H4C5",0
"TAAR5",0
"MYCT1",0
"LY6G6D",0
"ZKSCAN8P1",0
"ZNF603P",0
"ZKSCAN8P2",0
"VN1R11P",0
"RNU2-62P",0
"MIR3143",0
"RPL10P2",0
"CDCA7P1",0
"VN1R10P",0
"ZNF391",0
"MCFD2P1",0
"HNRNPA1P1",0
"CD83P1",0
"RNU6-471P",0
"RNY3P15",0
"CFAP206",0
"RNU6-444P",0
"ESDP1",0
"BTNL2",0
"RIPPLY2",0
"SNAP91",0
"GPR166P",0
"CCNG1P1",0
"RBM11P1",0
"CLPSL2",0
"CLPSL1",0
"CLPS",0
"KILH",0
"RNU6-437P",0
"MTHFD2P3",0
"RNY3P11",0
"RPL7P28",0
"PRELID1P2",0
"HSPE1P11",0
"SREK1IP1P2",0
"GSTA2",0
"OR1F12P",0
"OSTM1-AS1",0
"RNA5SP212",0
"RNU6-1144P",0
"RPL36AP24",0
"RNU6-770P",0
"RN7SKP209",0
"CGA",0
"MIR206",0
"LINCMD1",0
"MIR133B",0
"IL17A",0
"SLC25A20P1",0
"IL17F",0
"GJE1",0
"TAAR8",0
"TAAR9",0
"TMEM217B",0
"LRRC73",0
"LRFN2",0
"RNU6-250P",0
"CANT1P1",0
"KATNBL1P5",0
"HNRNPA3P17",0
"RNU6-987P",0
"RNU1-88P",0
"RN7SL234P",0
"FABP12P1",0
"GUCA1ANB-GUCA1A",0
"SCGN",0
"H2AC1",0
"H2BC1",0
"GLP1R",0
"MLN",0
"ANKRD36P2",0
"MIR7159",0
"MIR1275",0
"KIAA0408",0
"GRM4",0
"MIR6835",0
"H3P28",0
"BECN1P2",0
"KAAG1",0
"RPS10-NUDT3",0
"SPDEF",0
"RPL7P25",0
"ATP6V1FP1",0
"OR2H4P",0
"OR2N1P",0
"OR2B4P",0
"TAAR3P",0
"PRIM2BP",0
"HLA-V",0
"TCP10L3",0
"CYP21A1P",0
"H2AC10P",0
"DEFB133",0
"HLA-DRB6",0
"ZNF602P",0
"RAET1K",0
"ZSCAN12P1",0
"GSTA9P",0
"HLA-L",0
"BTN2A3P",0
"HLA-DPB2",0
"ZNF204P",0
"H2AC2P",0
"TCP10L2",0
"MIR548AJ1",0
"DBIP1",0
"GRM1",0
"FUNDC2P3",0
"RNA5SP222",0
"LUADT1",0
"YAP1P1",0
"DDX39BP1",0
"MCCD1P1",0
"HLA-J",0
"RN7SL408P",0
"RPS29P32",0
"RNA5SP218",0
"RNU6-1286P",0
"GJA1",0
"RNU4-35P",0
"GUSBP2",0
"VN1R12P",0
"IL22RA2",0
"B3GALNT2P1",0
"RPL21P67",0
"RNU4-18P",0
"TFGP1",0
"DNAJC2P1",0
"LPAL2",0
"NUDT19P4",0
"RBM22P4",0
"MIR586",0
"B3GNTL1P2",0
"RN7SKP116",0
"RNU1-105P",0
"FCF1P5",0
"NACAP7",0
"ARMH2",0
"MUCL3",0
"RN7SL26P",0
"MIR3934",0
"MIR4642",0
"NPM1P36",0
"DHFRP6",0
"NKAIN2",0
"ATP5PBP6",0
"ERHP2",0
"RNU6-411P",0
"MIR30C2",0
"MIR30A",0
"NGRNP2",0
"KRT19P1",0
"CIMIP3",0
"SEPTIN14P6",0
"PRELID1P1",0
"ZPR1P1",0
"RPS3AP23",0
"VDAC1P8",0
"GAPDHP72",0
"RPL7AP37",0
"KATNBL1P6",0
"PPP1R2P1",0
"SELENOKP3",0
"DHFRP2",0
"DPRXP2",0
"OFCC1",0
"TEX56P",0
"ADGRF2P",0
"CMAHP",0
"VNN3P",0
"POLR1HASP",0
"GGNBP1",0
"CCDC162P",0
"TUBBP9",0
"SUMO2P12",0
"RN7SKP293",0
"OR12D1",0
"FNDC1-IT1",0
"SPTLC1P3",0
"EEF1B2P5",0
"MRPL35P1",0
"LINC01108",0
"MARK2P18",0
"HMGN2P28",0
"CRIPTOP4",0
"RNA5SP202",0
"KRT18P1",0
"OR2AD1P",0
"OR2W1",0
"OR2P1P",0
"WBP1LP8",0
"TSPO2",0
"HTR1B",0
"RPS6P7",0
"MEI4",0
"LINC02549",0
"RNU1-64P",0
"THAP12P5",0
"RN7SL128P",0
"RNU6-141P",0
"C4B-AS1",0
"TREML1",0
"TREML3P",0
"RNU6-643P",0
"RNU6-293P",0
"MDH1P2",0
"MIR4639",0
"MRPL42P2",0
"RNU6-1114P",0
"CHCHD2P4",0
"FAM8A6P",0
"LINC01276",0
"MCHR2-AS1",0
"TMEM242-DT",0
"DNAH8-DT",0
"PSORS1C3",0
"ADGRB3-DT",0
"MLIP-AS1",0
"FARS2-AS1",0
"LINC02526",0
"LINC02919",0
"LINC02534",0
"LINC01564",0
"LINC01621",0
"LINC02569",0
"LINC01312",0
"LINC02527",0
"LINC02519",0
"TBX18-AS1",0
"LINC01149",0
"LINC02525",0
"FNDC1-AS1",0
"LINC02539",0
"LINC03005",0
"LINC02829",0
"PACRG-AS2",0
"LINC01615",0
"MIR548A1HG",0
"FOXCUT",0
"LINC01512",0
"RN7SL748P",0
"MIR3925",0
"RNU2-61P",0
"RNU2-45P",0
"OR2E1P",0
"GPX5",0
"SCAND3",0
"ZBED9-AS1",0
"COX8CP1",0
"LINC00533",0
"RPL7L1P20",0
"MIR5689",0
"LINC02522",0
"MRPL48P1",0
"GUSBP4",0
"LINC00680",0
"GAPDHP15",0
"MIR3145",0
"MIR4647",0
"SPATS1",0
"RNU6-1113P",0
"ELF2P2",0
"SLC25A51P1",0
"TPI1P3",0
"CYP2AC1P",0
"HMGB3P18",0
"R3HDM2P2",0
"ATP5MFP2",0
"ZDHHC20P1",0
"IFITM4P",0
"HCG4",0
"MICG",0
"RPSAP41",0
"EIF3EP1",0
"CNN2P9",0
"RBISP4",0
"GSTA6P",0
"H2AC5P",0
"UQCRHP1",0
"EXOSC8P1",0
"MKRN6P",0
"TNXA",0
"STK19B",0
"RCC2P7",0
"NAA40P1",0
"RPS3AP24",0
"HLA-DPA3",0
"RPL29P1",0
"GPR89P",0
"BTF3P7",0
"HLA-H",0
"HLA-DRB9",0
"SUMO2P13",0
"ANKRD18FP",0
"TPT1P4",0
"PTCHD3P3",0
"GSTA8P",0
"GSTA7P",0
"GSTA10P",0
"H2BC2P",0
"LCAL1",0
"HLA-K",0
"DDX39BP2",0
"MCCD1P2",0
"HMGA1P7",0
"VN1R13P",0
"AMD1P4",0
"PSMC1P11",0
"PPIAP29",0
"RPL23AP47",0
"ARPC3P5",0
"LINC02537",0
"LNCPOIR",0
"LINC02518",0
"RPL22P16",0
"OR7E59P",0
"PER3P1",0
"CYP3A54P",0
"CCNB2P1",0
"THRAP3P3",0
"PAPOLB",0
"RPL23AP52",0
"EVA1CP3",0
"RBMX2P4",0
"NPM1P11",0
"GAPDHP68",0
"GTF3AP5",0
"LINC02888",0
"RPS26P30",0
"PSMC1P2",0
"EEF1A1P27",0
"ZPBP",0
"RRBP1P1",0
"ROBO2P1",0
"VN1R33P",0
"GNL2P1",0
"HMGN1P19",0
"ARAFP2",0
"GTF2IP9",0
"RNF138P2",0
"SLC25A1P2",0
"RPL7P31",0
"ZNF804B",0
"MTATP6P21",0
"SEPTIN14P1",0
"SEPTIN14P24",0
"COX6A1P7",0
"BSNDP4",0
"ARF1P1",0
"NCAPD2P1",0
"EIF4A1P13",0
"DDX43P2",0
"SLC66A2P1",0
"SAPCD2P4",0
"RPL7P30",0
"RAC1P9",0
"SOCS5P1",0
"HMGB3P21",0
"DDX43P3",0
"EEF1A1P28",0
"TEX47",0
"TAC1",0
"SNRPCP9",0
"ARAFP3",0
"HAUS6P3",0
"VPS51P2",0
"AP1S2P1",0
"VSTM2A-OT1",0
"HINT1P2",0
"DYNLL1P7",0
"GTF3AP6",0
"LINC03012",0
"ATP5PBP2",0
"SGO1P2",0
"ZNF716",0
"SNX2P2",0
"RSL24D1P3",0
"MTND1P3",0
"GRPEL2P3",0
"ASS1P11",0
"LINC02903",0
"ANKRD7",0
"MYL6P4",0
"RAC1P6",0
"COX6A1P6",0
"FMC1-LUC7L2",0
"SUMO2P14",0
"CYCSP19",0
"MTCO3P41",0
"KLRG2",0
"DLX6",0
"PPP1R2P6",0
"COL26A1",0
"ZNF619P1",0
"CCZ1P1",0
"SKP1P1",0
"PAICSP6",0
"TRBV8-1",0
"RCC2P3",0
"RPL17P27",0
"MTND4P3",0
"CAPZA1P5",0
"CLEC2L",0
"OR2Q1P",0
"UQCRFS1P2",0
"SLC16A1P1",0
"TAS2R3",0
"EFCAB10-AS1",0
"PSMC1P3",0
"AKR1B15",0
"BUB3P1",0
"TRPC6P8",0
"SMKR1",0
"ZP3P2",0
"HMGN1P18",0
"MTCO1P55",0
"IMPDH1P3",0
"RPL7P59",0
"POLR2DP2",0
"MTND2P5",0
"EI24P4",0
"TRBV7-1",0
"AKR1B10",0
"RPL21P73",0
"EIF4EP4",0
"DPY19L4P2",0
"NDUFB10P2",0
"MRM3P2",0
"PIP5K1P2",0
"MIR4656",0
"MIR3683",0
"RNU6-534P",0
"RNU1-15P",0
"MIR1183",0
"RN7SL542P",0
"SNORD65C",0
"RNU6-1103P",0
"MIR550A1",0
"MIR550B1",0
"RNU6-438P",0
"MIR550A2",0
"MIR550B2",0
"RN7SL132P",0
"SNORA20B",0
"MIR3943",0
"RNU7-35P",0
"RNU6-575P",0
"SNORA5B",0
"SNORA9",0
"RN7SKP218",0
"RN7SL292P",0
"RNU2-29P",0
"RNU1-14P",0
"RNU6-1125P",0
"RNU6-1052P",0
"RNU6-1335P",0
"RNU6-417P",0
"SNORA15B-2",0
"RNU6-912P",0
"RNA5SP231",0
"RNU6-973P",0
"RNU6-313P",0
"RNA5SP234",0
"RNU6-849P",0
"RN7SKP129",0
"RNU4-16P",0
"RNU6-956P",0
"RN7SKP104",0
"RNA5SP235",0
"RNU6-532P",0
"RNU6-364P",0
"RN7SL478P",0
"RN7SL252P",0
"RNA5SP236",0
"SNORA25B",0
"RN7SKP277",0
"RNA5SP241",0
"MIR4653",0
"RNA5SP237",0
"RNU1-29P",0
"RNA5SP240",0
"MIR3654",0
"RNU6-797P",0
"RN7SKP223",0
"MIR4468",0
"RNU6-911P",0
"RNU1-72P",0
"RNU4-74P",0
"RNA5SP248",0
"RNU6-267P",0
"PPP1R3A",0
"RNA5SP238",0
"MIR3666",0
"RN7SL496P",0
"SUGCT",0
"LINC01450",0
"TAS2R38",0
"RNU6-102P",0
"LINC03043",0
"UPK3BP1",0
"PMS2P11",0
"PMS2P9",0
"RBAK-RBAKDN",0
"MIR4658",0
"PVRIG2P",0
"MIR6840",0
"MIR3609",0
"MIR1285-1",0
"TUBB3P2",0
"SPMIP7",0
"TAS2R4",0
"RN7SKP187",0
"MTND5P8",0
"UFC1P1",0
"MAGI2-AS1",0
"MAGI2-AS2",0
"RNU6-337P",0
"RNU6-530P",0
"TRPC6P10",0
"RNU6-719P",0
"CICP22",0
"MIR653",0
"CALCR",0
"CTAGE6",0
"GIMAP1-GIMAP5",0
"MIR6132",0
"MTND4P6",0
"MTCYBP6",0
"CPA4",0
"MIR335",0
"RPL36AP28",0
"TMEM225B",0
"CYP3A51P",0
"CYP3A7",0
"CYP3A137P",0
"CYP3A52P",0
"GJC3",0
"DUTP3",0
"RANP2",0
"MIR548F4",0
"RNU6-1184P",0
"RNA5SP249",0
"RN7SL456P",0
"RN7SL72P",0
"CALM1P2",0
"RNU6-863P",0
"RABGEF1P3",0
"PPIAP81",0
"LRRC72",0
"MIR6874",0
"TMEM130",0
"MIR4649",0
"RNA5SP230",0
"VPS37D",0
"MIR4284",0
"RN7SL265P",0
"TMEM270",0
"RNU7-27P",0
"RNU7-54P",0
"EFCAB3P1",0
"MIR5090",0
"MIR4467",0
"MIR4283-1",0
"TNRC18P3",0
"PHKG1P4",0
"MTATP6P8",0
"MTCO3P10",0
"MTND5P6",0
"GUSBP10",0
"MTND1P4",0
"MTND2P6",0
"MTCO1P10",0
"MTCO2P10",0
"MTATP6P10",0
"MTCO3P4",0
"MTND4P5",0
"MTND5P7",0
"RNU7-157P",0
"MIR3147",0
"VN1R28P",0
"SAPCD2P2",0
"PTP4A1P3",0
"NIPA2P1",0
"PTTG1IP2",0
"TRBV10-1",0
"TRBV11-3",0
"LINC01448",0
"RN7SKP86",0
"HNRNPA1P9",0
"MIR4657",0
"MIR6837",0
"MIR6838",0
"MIR1302-6",0
"RN7SKP266",0
"RNA5SP233",0
"WBP1LP1",0
"OR9P1P",0
"PIP",0
"LLCFC1",0
"LYPLA1P1",0
"RNU6-296P",0
"RNU6-11P",0
"HYAL6P",0
"HYAL4",0
"EPO",0
"MIR6875",0
"RN7SL549P",0
"RPS29P15",0
"RPL31P34",0
"IMP3P2",0
"RNA5SP242",0
"RNA5SP243",0
"RN7SL81P",0
"FLNC-AS1",0
"CYCSP20",0
"RNA5SP227",0
"MTCYBP42",0
"SNORD93",0
"MIR490",0
"KRT8P51",0
"RNU6-1272P",0
"MZT1P2",0
"RNU6-206P",0
"RNU7-154P",0
"RPL31P37",0
"FEZF1",0
"MIR4285",0
"TFAMP1",0
"LNCRI",0
"MIR6836",0
"NGRNP3",0
"INMT-MINDY4",0
"GHRHR",0
"TAS2R39",0
"TAS2R40",0
"RN7SL535P",0
"MIR6892",0
"TAS2R62P",0
"TAS2R60",0
"TAS2R41",0
"OR2R1P",0
"PAICSP5",0
"CTAGE15",0
"RNU6-162P",0
"LRRD1",0
"RNU6-241P",0
"CICP20",0
"RNU6-326P",0
"RPL7AP78",0
"RN7SL505P",0
"RNA5SP229",0
"SEPHS1P1",0
"LHFPL3",0
"RN7SL8P",0
"GCNT1P5",0
"FERD3L",0
"RNF14P4",0
"MIR6509",0
"TAS2R2P",0
"OR2AO1P",0
"OR2A42",0
"PPIAP83",0
"RNU6ATAC40P",0
"OR2A25",0
"OR2A41P",0
"OR2A15P",0
"OR2A13P",0
"SHH",0
"LINC00244",0
"RNU4-31P",0
"MNX1",0
"MNX1-AS2",0
"C7orf33",0
"RN7SL569P",0
"RNY3",0
"RNU6-650P",0
"RN7SL377P",0
"RN7SL625P",0
"PMS2P13",0
"PMS2P10",0
"SPDYE20P",0
"RN7SKP54",0
"MIR196B",0
"HOXA11",0
"HOXA13",0
"RNU6-1080P",0
"HMGN2P11",0
"OR2F2",0
"H2BK1",0
"C7orf78",0
"ZNF479",0
"SPAM1",0
"TRIM60P18",0
"VN1R40P",0
"HNRNPCP7",0
"BNIP3P42",0
"BNIP3P44",0
"MIR6839",0
"VN1R42P",0
"NEUROD6",0
"PPP1R17",0
"MTDHP1",0
"RNU6-1229P",0
"SNORA22C",0
"SNORA15B-1",0
"RNU7-143P",0
"TPM3P4",0
"ABCF2P2",0
"RNU6-1198P",0
"CCL26",0
"MIR4651",0
"URGCP-MRPS24",0
"UPK3BL3P",0
"UPK3B",0
"ABCF2-H2BK1",0
"VGF",0
"SP8",0
"RPL36P12",0
"RNU6-1322P",0
"SPDYE11",0
"SPDYE13",0
"SPDYE15",0
"GTF3C6P3",0
"PRR15",0
"TMSB4XP3",0
"MIR550A3",0
"TBX20",0
"FOXL3",0
"ASZ1",0
"ANKRD49P4",0
"CFTR-AS1",0
"MIR671",0
"SPDYE8",0
"STRA8",0
"CTAGE4",0
"GDI2P1",0
"CDC14C",0
"RNU6-1136P",0
"RN7SKP198",0
"LRRC17",0
"NYAP1",0
"RN7SL416P",0
"SAP25",0
"FAM237B",0
"VN1R37P",0
"VN1R38P",0
"OR9A1P",0
"RNU6-1328P",0
"MIR4650-1",0
"TRGJP",0
"TRGVA",0
"TRGV6",0
"RN7SL845P",0
"DDC-AS1",0
"TRBV16",0
"TRBV22-1",0
"TRBV23-1",0
"TRBVA",0
"TRBV26",0
"PGBD4P1",0
"WBP1LP2",0
"BANF1P5",0
"MIR148A",0
"SNORA80D",0
"HEPACAM2",0
"H4P1",0
"MIR29B1",0
"RAD23BP2",0
"OCM2",0
"EGFR",0
"TRIM60P16",0
"PHKG1P2",0
"SLC29A4P2",0
"MIR4283-2",0
"CICP24",0
"NMD3P1",0
"ARAFP1",0
"VN1R35P",0
"VN1R36P",0
"CDC42P2",0
"RNU6-389P",0
"CICP11",0
"RNU6-1126P",0
"SEPTIN14",0
"RPL7L1P2",0
"CICP17",0
"CYP3A7-CYP3A51P",0
"EPDR1",0
"GPR141BP",0
"CDCA3P1",0
"MIR6133",0
"NMD3P2",0
"FOXP2",0
"SMIM10L3",0
"RNA5SP244",0
"MIR182",0
"MIR96",0
"MIR183",0
"RNA5SP245",0
"UPK3BL2",0
"ADCYAP1R1",0
"INTS4P2",0
"ZNF733P",0
"OR9A3P",0
"OR9N1P",0
"OR10AH1P",0
"GTF2IP7",0
"OR6W1P",0
"SLC23A4P",0
"OR2A3P",0
"OR2A20P",0
"OR2A9P",0
"NSUN5P2",0
"STAG3L3",0
"STAG3L2",0
"FKBP6P2",0
"PMS2CL",0
"GTF2IRD2P1",0
"CCT6P3",0
"GTF2IP1",0
"POLR2J4",0
"NUPR2P1",0
"STAG3L1",0
"FKBP9P1",0
"ZNF890P",0
"PMS2P3",0
"ZNF815P",0
"ZNF767P",0
"DPY19L2P4",0
"FAM185BP",0
"DPY19L2P1",0
"RABGEF1P1",0
"DPY19L2P2",0
"RP9P",0
"NSUN5P1",0
"SBDSP1",0
"STAG3L4",0
"PMS2P4",0
"PMS2P1",0
"SEPTIN7P2",0
"GTF2IP13",0
"DPY19L2P3",0
"CACNA2D1-AS1",0
"MTHFD2P5",0
"PAXBP1P1",0
"HTR5A",0
"NANOGP4",0
"RPL6P21",0
"EEF1A1P26",0
"SPDYE14",0
"MIR592",0
"GRM8-AS1",0
"PRRT4",0
"MIR3146",0
"TMEM196",0
"RNU6-1097P",0
"RPL36AP27",0
"RNU6-215P",0
"PAX4",0
"MIR3914-1",0
"MIR3914-2",0
"MIR153-2",0
"MIR595",0
"MIR5707",0
"HOXA4",0
"MARK2P13",0
"ALDH7A1P3",0
"TRPC6P3",0
"RN7SKP280",0
"SSU72L6",0
"RNA5SP246",0
"KLF14",0
"RN7SKP75",0
"RNA5SP232",0
"MIR593",0
"MIR129-1",0
"LEP",0
"EPS15P1",0
"RPL13AP17",0
"FABP5P3",0
"TPI1P2",0
"GTF2IP4",0
"ZNRF2P2",0
"CDHR17P",0
"TMBIM7P",0
"PRSS3P3",0
"KIF19BP",0
"ZBED10P",0
"BICDL3P",0
"BRWD1P3",0
"OR9A2",0
"OR6V1",0
"RN7SL851P",0
"RNU6-218P",0
"MIR3907",0
"RNU6-604P",0
"RNU6-1154P",0
"FAM180A",0
"SSMEM1",0
"PCMTD1P3",0
"TPT1P7",0
"INTS4P1",0
"ICA1-AS1",0
"RPL7AP38",0
"HMGB3P20",0
"RPL35P4",0
"HNRNPA1P73",0
"TRGV11",0
"TRGVB",0
"CCNJP1",0
"KRT8P20",0
"RNU6-832P",0
"MTCO1P25",0
"RNU6-229P",0
"RPL10P11",0
"RN7SL869P",0
"RN7SL35P",0
"SNRPBP1",0
"GNAT3",0
"RNU6-274P",0
"STEAP2-AS1",0
"MIR4652",0
"NDUFAF4P2",0
"RNA5SP228",0
"NPVF",0
"TSEN15P3",0
"NCF1B",0
"FAM220A",0
"LINC00525",0
"PKD1L1-AS1",0
"EEF1GP1",0
"LINC02830",0
"MTX2P1",0
"PPIAP93",0
"RNU6-1104P",0
"PNPT1P2",0
"FEZF1-AS1",0
"RNF148",0
"TAS2R16",0
"CASTOR3P",0
"LINC02860",0
"LINC02854",0
"POU6F2-AS1",0
"TMEM139-AS1",0
"LINC01007",0
"LINC01392",0
"KLHL7-DT",0
"LINC03010",0
"HECW1-IT1",0
"MIR3147HG",0
"CT66",0
"LINC03095",0
"KIAA0087",0
"EN2-DT",0
"NFE4",0
"HILPDA-AS1",0
"POU6F2-AS2",0
"LINC00972",0
"LINC02476",0
"LINC01022",0
"HOTTIP",0
"LINC02838",0
"CRPPA-AS1",0
"TFPI2-DT",0
"EVX1-AS",0
"EGFR-AS1",0
"LINC02932",0
"SLC26A5-AS1",0
"DLX6-AS1",0
"FAM131B-AS1",0
"LINC02889",0
"MYH16",0
"OR2AE1",0
"AZGP1P1",0
"RNU6-92P",0
"MIR339",0
"UNCX",0
"MMD2",0
"RBAKDN",0
"RNU1-82P",0
"UNC93B2",0
"ALG1L5P",0
"OR7E39P",0
"OR7E136P",0
"RPL23P8",0
"DPY19L1P1",0
"FAM86LP",0
"VN1R31P",0
"VN1R32P",0
"SEPTIN7P4",0
"SLC25A5P3",0
"LINC01445",0
"LINC03075",0
"PHKG1P1",0
"DGAT2L7P",0
"NCOR1P3",0
"GTF2IP5",0
"OR7E7P",0
"OR7E38P",0
"CDC26P1",0
"MRPL42P4",0
"SRSF8CP",0
"CAPZA1P4",0
"RPL7AP43",0
"MTCYBP24",0
"GTF2IP23",0
"GUSBP12",0
"RPL23AP95",0
"RPSAP73",0
"RPL12P10",0
"PMS2P12",0
"TCAF1P1",0
"TTC4P1",0
"DPY19L1P2",0
"PMS2P7",0
"PMS2P8",0
"PMS2P14",0
"PMS2P6",0
"PMS2P5",0
"HNRNPA1P8",0
"YWHAEP1",0
"GTF2IP14",0
"NCF1C",0
"STRADBP1",0
"ZNF734P",0
"TNRC18P2",0
"PSPHP1",0
"VN1R25P",0
"RBM22P3",0
"AZGP1P2",0
"TRIM60P17",0
"GUSBP6",0
"MTND4P2",0
"MTND4LP2",0
"MTND3P2",0
"MTCO3P8",0
"MTATP6P18",0
"MTCO2P8",0
"MTCO1P8",0
"MTND1P2",0
"PPP2R3B",0
"RPL14P5",0
"MTND6P12",0
"VCX2",0
"ANAPC15P1",0
"NOLC1P1",0
"IL3RA",0
"P2RY8",0
"MTCYBP12",0
"RPS27AP20",0
"RPL6P30",0
"SLC25A6",0
"AMELX",0
"DHRSX-IT1",0
"DHRSX",0
"RARRES2P3",0
"ASMTL",0
"FAM9CP1",0
"RPL24P9",0
"FAM9B",0
"GOT2P7",0
"FAM9A",0
"LINC00685",0
"GRPR",0
"TMSB10P2",0
"RPL35AP37",0
"CLDN7P1",0
"TMEM47",0
"MDM4P1",0
"BRK1P1",0
"SRSF2P1",0
"KLHL34",0
"SMPX",0
"SYTL5",0
"LINC01283",0
"SC4MOP",0
"PLLPP1",0
"RPS15AP40",0
"HMGB1P16",0
"PGAM1P7",0
"S100G",0
"H2AP",0
"MOB1AP2",0
"SIAH1P1",0
"MAGEB17",0
"RPP40P1",0
"FAM47B",0
"CTNNBL1P1",0
"YBX1P8",0
"NANOGP10",0
"NFYCP1",0
"CCNYL5",0
"CHMP5P1",0
"MAGEB10",0
"ITIH6",0
"ZFRP1",0
"CFAP47",0
"FAM236B",0
"NDP",0
"YWHAZP7",0
"AKAP4",0
"MAOB",0
"YWHAZP8",0
"KPNA4P1",0
"FOXR2",0
"SMIM15P1",0
"DGKK",0
"NDP-AS1",0
"SPIN4-AS1",0
"RPL23AP83",0
"PSMA5P1",0
"EDA2R",0
"MTND1P31",0
"HNRNPH3P1",0
"THAP12P1",0
"PCNPP4",0
"TPMTP4",0
"SAR1AP4",0
"FGF16",0
"P2RY10BP",0
"CPXCR1",0
"HMGN1P34",0
"TUBB4BP8",0
"MTND2P25",0
"CTDSPL2P1",0
"CALM1P1",0
"CORO1CP1",0
"EIF3MP1",0
"UBE2V1P7",0
"UBE2V1P9",0
"PABPC1L2A",0
"SRIP2",0
"COPS8P1",0
"SHC1P1",0
"STAU2P1",0
"PPATP2",0
"HNRNPDLP3",0
"FCF1P9",0
"RPS29P28",0
"TEX101P1",0
"B3GNT2P1",0
"RPL6P29",0
"WBP11P3",0
"USP37P1",0
"FOXN3P2",0
"ATG4AP1",0
"BUD31P2",0
"PAICSP7",0
"MRPS22P1",0
"RNF19BPX",0
"RTL3",0
"POMPP1",0
"BRAFP1",0
"SERBP1P4",0
"USP12PX",0
"PDK1P2",0
"TBX22",0
"TGIF2LX",0
"DLGAP5P2",0
"OOEPP1",0
"HMGB1P32",0
"GTF3C6P1",0
"TRAPPC13P1",0
"CSGALNACT2P1",0
"HK2P1",0
"BRDTP1",0
"LRRFIP2P1",0
"NDUFA5P7",0
"TEX13B",0
"HNRNPDLP1",0
"C3orf49P1",0
"VDAC1P3",0
"CCNB1IP1P3",0
"NT5DC1P1",0
"SERPINA7P1",0
"RPL34P36",0
"NLRP2B",0
"MYCLP2",0
"TATDN2P1",0
"AWAT2",0
"TUSC2P2",0
"LRCH2",0
"TUBAP6",0
"CCNB3",0
"ACTRT1P1",0
"POU3F4",0
"SNX3P1X",0
"FAM236C",0
"TPT1P13",0
"KRT8P17",0
"MDH1P1",0
"MTCYBP31",0
"VEZTP1",0
"RIPPLY1",0
"MTND4P31",0
"PGAM4P1",0
"FDPSP5",0
"DPRXP6",0
"MTND6P13",0
"TMEM230P1",0
"TMEM184CP1",0
"RPL7AP72",0
"NLRP7P1",0
"IMPDH1P4",0
"RPL22P22",0
"RRM2P3",0
"PCNAP3",0
"RPL7P55",0
"PRPF4BP1",0
"DCAF12L2",0
"COX6CP12",0
"OTUD6A",0
"UBE2V1P16",0
"PNPLA10P",0
"SPRYD7P1",0
"GEMIN8P3",0
"RPS7P13",0
"CBLL1P1",0
"LUZP4",0
"SPANXB1",0
"VKORC1P1",0
"DUTP4",0
"PHF5AP4",0
"OR11Q1P",0
"BTG3P1",0
"CYCSP44",0
"H2BP8",0
"TFDP3",0
"SNURFL",0
"OR5BH1P",0
"YAP1P2",0
"SPANXN3",0
"CT47A12",0
"KRT18P44",0
"LINC00850",0
"OR7L1P",0
"TUBB4AP1",0
"ORC1P1",0
"SKP2P1",0
"STK24P1",0
"SRD5A1P1",0
"PLS3-AS1",0
"BRS3",0
"ASB12",0
"CT47A11",0
"UFM1P1",0
"PA2G4P1",0
"RPL32P35",0
"SPANXC",0
"RPL7L1P11",0
"SPANXN1",0
"PNMA6B",0
"MAGEC3",0
"OR11N1P",0
"HSFX1",0
"CMC4",0
"AFF2-IT1",0
"M6PRP1",0
"PGBD4P6",0
"ZFYVE9P1",0
"MAGEA8",0
"CT47A7",0
"HNRNPH1P2",0
"RBMX2P2",0
"MAGEA11",0
"GPR50",0
"FAM226B",0
"MTCYBP38",0
"MAGEA7P",0
"PNMA6F",0
"NDUFB3P5",0
"SPANXD",0
"MTND2P39",0
"RRM2P4",0
"VGLL1",0
"MAGEC1",0
"HNRNPCP10",0
"HDGFP1",0
"PRR32",0
"TCERG1P1",0
"CXorf51B",0
"HMGB3P30",0
"DCAF12L1",0
"OR1AA1P",0
"TJAP1P1",0
"RUVBL2P1",0
"CSGALNACT2P2",0
"IL13RA2",0
"CD84P1",0
"MATR3P1",0
"PKMP2",0
"HMGN2P48",0
"SLIRPP1",0
"SLC6A14P2",0
"SLC6A14P1",0
"OR5AW1P",0
"CT83",0
"SPANXA2",0
"RNU6-114P",0
"MIR651",0
"SNORA48B",0
"MIR4770",0
"MIR548AX",0
"RNU6-146P",0
"RN7SL658P",0
"RNA5SP499",0
"RN7SKP183",0
"RNU6-133P",0
"RNU6-641P",0
"RNU6-49P",0
"MIR548AJ2",0
"RNU6-1087P",0
"RN7SL732P",0
"MIR3937",0
"RNU7-164P",0
"RNU6-1124P",0
"RNU6-630P",0
"RNU6-50P",0
"SNORA11",0
"MIR532",0
"MIR500A",0
"MIR362",0
"MIR501",0
"MIR500B",0
"MIR660",0
"MIR502",0
"RN7SL799P",0
"MIR223",0
"MIR8088",0
"MIR4536-2",0
"MIR676",0
"RNU6-562P",0
"MIR4536-1",0
"RNA5SP509",0
"MIR4328",0
"RN7SL790P",0
"MIR1321",0
"RNU2-26P",0
"RNU6-332P",0
"RNA5SP510",0
"MIR548M",0
"MIR384",0
"MIR325",0
"RNU1-112P",0
"RNA5SP508",0
"MIR361",0
"RNU6-974P",0
"RNU6-995P",0
"RNU6-345P",0
"RNU6-493P",0
"RNU6-394P",0
"RN7SKP194",0
"RNU6-309P",0
"RNU6-648P",0
"SNORA35B",0
"RNU6-555P",0
"RN7SL379P",0
"RNU6-1323P",0
"MIR548AN",0
"RNU6-154P",0
"MIR3672",0
"RNU6-1015P",0
"RN7SKP31",0
"MIR934",0
"RNU6-3P",0
"RN7SKP149",0
"RNA5SP517",0
"RNA5SP516",0
"MIR514A2",0
"MIR514A1",0
"RN7SKP81",0
"MIR320D2",0
"RN7SL325P",0
"MIR892C",0
"MIR514A3",0
"MIR890",0
"RNU6-985P",0
"MIR888",0
"MIR892A",0
"MIR892B",0
"MIR891B",0
"RNU1-115P",0
"MIR510",0
"MIR891A",0
"MIR4330",0
"RN7SKP267",0
"RN7SKP189",0
"MIR513C",0
"MIR513B",0
"MIR513A1",0
"MIR513A2",0
"MIR506",0
"MIR507",0
"MIR508",0
"MIR514B",0
"MIR509-2",0
"MIR509-3",0
"MIR509-1",0
"RNU6-382P",0
"RN7SL785P",0
"SNORA11C",0
"MIR4769",0
"RPL7P57",0
"SOCS6P1",0
"SRD5A2P1",0
"H2AB3",0
"AMD1P2",0
"DPH3P2",0
"VAMP7",0
"ELOCP24",0
"TRPC6P1",0
"DDX11L16",0
"OPN1LW",0
"OPN1MW",0
"TEX28P1",0
"TEX28P3",0
"SNORA70",0
"ATF4P2",0
"FMN2P1",0
"RPL7P58",0
"HMGA1P1",0
"RNU1-142P",0
"RAB9B",0
"RNA5SP511",0
"H2BP9",0
"SLC25A53P1",0
"DPPA3P1",0
"MSL3-DT",0
"LIMK2P1",0
"FRMPD4-AS1",0
"RPL17P49",0
"RN7SKP290",0
"MRPL35P4",0
"RBM22P6",0
"XAGE1A",0
"RBM22P7",0
"SSX14P",0
"SSX11P",0
"SSX7",0
"RNA5SP504",0
"SSX15P",0
"S100A11P10",0
"S100A11P8",0
"SSX21P",0
"SPANXN5",0
"PPIHP2",0
"RNU1-57P",0
"CBX1P4",0
"MIR4768",0
"FAM136GP",0
"PABPC1L2B",0
"SSX2B",0
"FAM236A",0
"PNMA6A",0
"GEMIN7P1",0
"RPS15AP39",0
"RNU6-202P",0
"SSX19P",0
"S100A11P9",0
"SSX3",0
"SSX4",0
"RNU6-800P",0
"ASB9",0
"ASB11",0
"VEGFD",0
"MIR6895",0
"MIR6894",0
"RPSAP62",0
"MPV17L2P1",0
"MIR6857",0
"TIPINP1",0
"VTRNA3-1P",0
"EEDP1",0
"RPS17P17",0
"SOX3",0
"DUSP9",0
"RN7SL687P",0
"PNCK",0
"MIR3202-1",0
"MIR3202-2",0
"MIR718",0
"RPL36A-HNRNPH2",0
"KRT18P48",0
"NUTF2P7",0
"RNU1-56P",0
"MIRLET7F2",0
"PABPC1P3",0
"RNU6-330P",0
"NEXMIF",0
"RN7SL291P",0
"DUSP21",0
"GAPDHP67",0
"E2F6P4",0
"KRT18P49",0
"GAGE2E",0
"GAGE12B",0
"SALL1P1",0
"PAGE1",0
"MIR2114",0
"RPL7P56",0
"RPL22P23",0
"GPR101",0
"TCEAL3-AS1",0
"TMEM31",0
"HSPB1P2",0
"ZNF630-AS1",0
"RNU6-707P",0
"S100A11P5",0
"RNA5SP503",0
"SSX20P",0
"S100A11P7",0
"TNMD",0
"SPIN2P1",0
"RNU6-935P",0
"SPRING1P2",0
"ARHGAP36",0
"RN7SL191P",0
"NXF2",0
"TMSB15A",0
"RNU5F-7P",0
"SETP15",0
"PAGE2B",0
"PAGE2",0
"MTCO1P52",0
"MTND2P24",0
"MTND1P30",0
"MIR4329",0
"RN7SL266P",0
"ATF4P1",0
"OR3B1P",0
"PNKDP1",0
"RNA5SP514",0
"AGKP2",0
"AP1M2P1",0
"FRMD8P1",0
"CKS1BP6",0
"PCYT1B",0
"H2BP7",0
"PCYT1B-AS1",0
"SCARNA23",0
"PAFAH1B2P1",0
"RN7SL91P",0
"WASH6P",0
"ARHGEF9-IT1",0
"MIR1468",0
"PAGE5",0
"TEX11",0
"RN7SL712P",0
"AKR1B1P8",0
"AGTR2",0
"SALL4P2",0
"ESX1",0
"PLCXD1",0
"CTAG1A",0
"APLN",0
"XPNPEP2",0
"FCF1P4",0
"GLUD1P9",0
"RNU6-496P",0
"RNU7-37P",0
"H3P46",0
"MGAT2P2",0
"CT45A3",0
"CT45A6",0
"CT45A2",0
"CT45A8",0
"CT45A9",0
"CXorf66",0
"RN7SL727P",0
"MIR652",0
"SNORD96B",0
"MIR1587",0
"RPS11P7",0
"FTHL17",0
"RNU6-894P",0
"RNA5SP501",0
"MIR3915",0
"MIR548F5",0
"DMD-AS3",0
"RN7SL667P",0
"RNU6-504P",0
"RNU6-1225P",0
"AKIRIN1P2",0
"CLDN2",0
"DRP2",0
"MAGEB18",0
"MAGEB6",0
"MAGEB5",0
"ATXN7L3P1",0
"MTFR1P1",0
"GRIA3",0
"RPL30P15",0
"MIR6086",0
"RN7SKP20",0
"RNU4-52P",0
"RN7SL262P",0
"MAGEA9",0
"CT47A10",0
"CT47A9",0
"CT47A8",0
"CT47A6",0
"CT47A5",0
"CT47A4",0
"CT47A3",0
"CT47A2",0
"HSFX2",0
"NCLP2",0
"SMIM10L2B",0
"ETDB",0
"CT55",0
"ETDC",0
"SMIM10L2A",0
"RNA5SP515",0
"WDR4P1",0
"EEF1A1P31",0
"ZNF622P1",0
"FOXN3P1",0
"H3P45",0
"RNU6-589P",0
"BEND7P1",0
"ARMCX5-GPRASP2",0
"GPRASP3",0
"GAPDHP77",0
"RPS5P7",0
"H2AB2",0
"AKR7A2P2",0
"COBLP1",0
"GYG2-AS1",0
"ARSH",0
"ARSF",0
"RPS24P21",0
"FNDC3CP",0
"ARSL",0
"MTND1P32",0
"MTND2P2",0
"MTCO1P19",0
"MTCO2P19",0
"MTATP6P19",0
"MTCO3P19",0
"MTND4P32",0
"MTND5P26",0
"MTND6P32",0
"MTCYBP32",0
"RNU6-1130P",0
"CYTH1P1",0
"METTL15P3",0
"RNU6-266P",0
"MAGEB4",0
"PLCE1P1",0
"MIR224",0
"MIR452",0
"FXYD6P3",0
"SHISA5P2",0
"UHRF2P1",0
"DDX3P2",0
"RPL32P36",0
"CLIC4P3",0
"YWHAQP8",0
"OR13H1",0
"MAGEB3",0
"CXorf49B",0
"OPN1MW2",0
"MAGEA9B",0
"FAM236D",0
"ACTRT1",0
"CXorf49",0
"CTAG1B",0
"AMOT",0
"PAGE3",0
"SSX4B",0
"CT47A1",0
"MPC1L",0
"DMRTC1B",0
"ZBED1",0
"MIR6089",0
"LINC00102",0
"MRPL32P2",0
"H2BW1",0
"DMRTC1",0
"FAM133A",0
"FATE1",0
"MAGEA4",0
"RPSAP60",0
"TPMTP3",0
"SNORA11E",0
"SNORA11D",0
"RNU6-203P",0
"RPSAP63",0
"GPC3-AS1",0
"LARP1BP3",0
"FMR1NB",0
"RNA5SP524",0
"MAGEA10",0
"XAGE3",0
"GPRASP2",0
"ASS1P4",0
"GAGE12C",0
"GAGE12D",0
"GAGE12F",0
"GAGE12E",0
"GAGE12G",0
"GAGE12H",0
"GAGE2A",0
"GAGE1",0
"GAGE12J",0
"GAGE13",0
"GABRQ",0
"MAGEA3",0
"MAGEA2B",0
"CSAG1",0
"MAGEA2",0
"MAGEA6-DT",0
"PPIAP91",0
"MORF4L1P5",0
"PRXL2CP1",0
"RPL36AP54",0
"MIR450B",0
"MIR450A1",0
"MIR450A2",0
"MIR542",0
"MIR503",0
"MIR424",0
"PLAC1",0
"RPL21P133",0
"RPS7P12",0
"RNU4-44P",0
"RNA5SP505",0
"RPL37P24",0
"RPL7AP71",0
"DACH2",0
"COL4A6",0
"ATXN3L",0
"VCX3B",0
"VCX3A",0
"FAM47A",0
"RNU6-122P",0
"TEX13D",0
"CNGA2",0
"FABP5P13",0
"KRT18P53",0
"SHOX",0
"RPS27AP17",0
"MIR4767",0
"CT47B1",0
"HAPSTR2",0
"FAM156B",0
"DCAF8L2",0
"MAGEA6",0
"SSX2",0
"VCX",0
"SERTM2",0
"RNU6-1189P",0
"MYCLP1",0
"RS1",0
"BLOC1S6P1",0
"HAUS1P2",0
"RN7SL48P",0
"SUPT20HL1",0
"RNU6-1056P",0
"GLOD5",0
"RNU6-29P",0
"ERAS",0
"SNORA11G",0
"PPEF1",0
"SNRPEP9",0
"RNU6-587P",0
"HMGN1P33",0
"TCEAL2",0
"FRMPD4",0
"RNA5SP513",0
"SNORA36A",0
"MIR664B",0
"SNORA56",0
"ARL5AP1",0
"XAGE1B",0
"CXorf51A",0
"HEPH",0
"SPACA5",0
"CT45A7",0
"MIR23C",0
"RNU6-98P",0
"NAA20P1",0
"USP26",0
"H2AL1Q",0
"CCDC160",0
"DGAT2L6",0
"RN7SL581P",0
"AWAT1",0
"RNA5SP507",0
"P2RY4",0
"TRAPPC2LP1",0
"RNY4P23",0
"RNU4-81P",0
"RNU6-320P",0
"RNU6-972P",0
"SNORD61",0
"RTL4",0
"DPRXP7",0
"MIR3690",0
"RNA5SP498",0
"TPT1P14",0
"NPM1P9",0
"GRPEL2P2",0
"BLOC1S2P1",0
"NANOGP9",0
"RTL9",0
"MRPL32P1",0
"FAM47C",0
"FTH1P29",0
"NUDT19P6",0
"MRPS17P9",0
"RNY3P16",0
"EIF5P2",0
"MAGEA1",0
"CT47C1",0
"TNPO3P1",0
"SSU72P1",0
"HTR2C",0
"RPL36AP53",0
"SNORA35",0
"MIR764",0
"MIR1912",0
"MIR1264",0
"MIR1298",0
"MIR1911",0
"MIR448",0
"RPS26P57",0
"RNU7-69P",0
"CHCHD2P1",0
"RPL12P43",0
"SAGE4P",0
"SAGE3P",0
"SAGE2P",0
"CT45A1",0
"MGAT2P1",0
"CT45A5",0
"PFKFB1",0
"RPSAP59",0
"TCP11X1",0
"TCP11X2",0
"CRIPTO3",0
"GATA1",0
"RNA5SP512",0
"TRPC5OS",0
"MIR548I4",0
"SPANXN4",0
"MAGEB16",0
"OPN1MW3",0
"H2AL3",0
"MAGEB6B",0
"SPANXA1",0
"NXF2B",0
"TEX28",0
"SPANXN2",0
"NR0B1",0
"RNU4-6P",0
"SLC35C2P1",0
"CBX1P2",0
"RNU6-616P",0
"HMGB3P31",0
"SMIM10",0
"RHOXF2B",0
"SFR1P1",0
"RNU6-1078P",0
"TPT1P15",0
"RN7SL388P",0
"CITED1",0
"RNU6-383P",0
"CXXC1P1",0
"TMLHEP1",0
"SSX8P",0
"SSX9P",0
"SSX6P",0
"TCP11X3P",0
"CA5BP1",0
"NXF5",0
"NXF4",0
"CSAG4",0
"MAGEA5P",0
"CD99P1",0
"RHOXF1P1",0
"PNMA6E",0
"SNORD3E",0
"WASHC3P1",0
"NOX1",0
"HNRNPA1P27",0
"XKRX",0
"MAGEA13P",0
"KRT8P6",0
"H2AQ1P",0
"FGF13",0
"MIR504",0
"TPM2P1",0
"GLRA2",0
"ZCCHC12",0
"RNU6-1044P",0
"MORF4L1P6",0
"RPL7P53",0
"BMP2KL",0
"MIR421",0
"MIR374B",0
"MIR545",0
"MIR374A",0
"ZCCHC13",0
"RPS6P26",0
"LNX2BP",0
"MIR6134",0
"IL1RAPL1",0
"RNA5SP500",0
"MIR4666B",0
"PIGFP3",0
"NXF3",0
"IL1RAPL2",0
"PHB1P10",0
"TEX13A",0
"RNU6-207P",0
"NRK",0
"MIR363",0
"MIR92A2",0
"MIR19B2",0
"MIR20B",0
"MIR18B",0
"MIR106A",0
"CRLF2",0
"XAGE5",0
"SAGE1",0
"RPL12P50",0
"RNA5SP525",0
"RNU6-764P",0
"MIR105-1",0
"MIR767",0
"MIR105-2",0
"KRT8P8",0
"NAP1L6P",0
"MRFAP1P1",0
"DENND10P1",0
"VENTXP1",0
"C4orf46P2",0
"NKAPP1",0
"MAP2K4P1",0
"PFN5P",0
"GLRA4",0
"CHMP1B2P",0
"RNU6-434P",0
"CRIPTOP1",0
"BAG1P1",0
"FTLP16",0
"UBTFL11",0
"RNU7-7P",0
"PAGE4",0
"CPSF1P2",0
"RNU6-421P",0
"NCKAP1P1",0
"KPNB1P1",0
"HMGN1P35",0
"MAGEA3-DT",0
"CSAG2",0
"CSAG3",0
"KRT8P14",0
"MFFP3",0
"MIR221",0
"MIR222",0
"SRSF6P1",0
"MED28P4",0
"DDX53",0
"PDCL2P1",0
"EEF1A1P40",0
"RNU2-68P",0
"SMIM10L2B-AS1",0
"ETS2P1",0
"AMZ2P3",0
"PTP4A1P5",0
"PPP4R3C",0
"RDXP2",0
"BMP15",0
"PPP1R11P2",0
"NUDT19P2",0
"TCEAL7",0
"AKAP17A",0
"ASMT",0
"RBBP8P1",0
"CSF2RA",0
"CBLL2",0
"ARL5AP5",0
"MMADHCP1",0
"RNU6-867P",0
"LINC03099",0
"ASMTL-AS1",0
"ACE2-DT",0
"FGF13-AS1",0
"IRS4-AS1",0
"LINC00106",0
"LINC02243",0
"LINC03070",0
"LINC02601",0
"LINC02931",0
"LINC03053",0
"USP27X-DT",0
"LINC00891",0
"LINC01546",0
"PABPC1L2B-AS1",0
"PABPC5-AS1",0
"MAGEA8-AS1",0
"MAGEB17-AS1",0
"SYP-AS1",0
"LINC00629",0
"LINC03113",0
"LINC01201",0
"LINC01186",0
"LINC03114",0
"UBE2DNL",0
"PPEF1-AS1",0
"LINC02968",0
"GPR50-AS1",0
"MAGEA4-AS1",0
"FRMPD3-AS1",0
"LINC03112",0
"LINC02154",0
"WASIR1",0
"IL9R",0
"CENPVL3",0
"CENPVL2",0
"CENPVL1",0
"IPO7P1",0
"UQCR10P1",0
"GTPBP6",0
"FTH1P14",0
"GOT2P6",0
"MKRN4P",0
"NLRP3P1",0
"OR2AF1P",0
"ASS1P5",0
"MCRIP2P1",0
"NAP1L4P2",0
"RHOG2P",0
"TEX28P2",0
"RANP4",0
"CNEP1R1P1",0
"S100A11P6",0
"SSX18P",0
"PPIAP89",0
"RPSAP14",0
"AARSD1P1",0
"VN1R110P",0
"FTHL18P",0
"AKAP17BP",0
"MEMO1P4",0
"RHOXF1P2",0
"H2BW3P",0
"HMGB1P15",0
"PRRG1",0
"FTH1P28",0
"FTH1P19",0
"FTH1P27",0
"FAM47DP",0
"H2AL1MP",0
"RPL23AP54",0
"OR6R2P",0
"LINC03023",0
"WBP1LP3",0
"MTND6P19",0
"UNC5D",0
"MRPL49P2",0
"HSPA8P13",0
"SINHCAFP3",0
"CCT3P1",0
"ADRA1A",0
"MTND5P41",0
"RPL23P10",0
"MTCYBP19",0
"PSME2P5",0
"MTND6P20",0
"SNX18P27",0
"IDI1P2",0
"COX6B1P4",0
"ATP6V1G1P2",0
"MAPK6P4",0
"RFPL4AP7",0
"RPL6P22",0
"CYCSP22",0
"BUD31P1",0
"PDCL3P1",0
"IGLV8OR8-1",0
"MRPL9P1",0
"COX6CP8",0
"IFITM8P",0
"CA3",0
"REXO1L5P",0
"RLIG1P3",0
"DPPA3P9",0
"REXO1L11P",0
"RPL13AP18",0
"HIGD1AP18",0
"RPL31P40",0
"REXO1L8P",0
"SLC2A13P1",0
"ACTBP6",0
"TPM3P3",0
"PSKH2",0
"RPS15AP25",0
"JCHAINP1",0
"REXO1L4P",0
"PSMA2P2",0
"PSMC2P2",0
"TRIM60P15",0
"IRF5P1",0
"DCAF4L2",0
"RPL6P23",0
"RPS4XP10",0
"REXO1L12P",0
"RPS29P2",0
"TMEM69P1",0
"REXO1L10P",0
"MIR378D2HG",0
"RALYL",0
"UFM1P3",0
"CYP4F44P",0
"MTCYBP20",0
"GAPDHP30",0
"BRIX1P1",0
"RPL10AP3",0
"CHRNB3",0
"MTND2P38",0
"SRSF3P2",0
"UBE2HP1",0
"BTF3P1",0
"NPM1P52",0
"REXO1L9P",0
"RPL30P10",0
"SUMO2P18",0
"RPS12P15",0
"RPL31P41",0
"REXO1L2P",0
"NRBF2P4",0
"TMEM74",0
"FER1L6-AS1",0
"MRPS36P3",0
"SUMO2P19",0
"EEF1A1P37",0
"MTND1P7",0
"ARF1P3",0
"RPL29P18",0
"CPA6",0
"CYCSP23",0
"ODF1",0
"RPL17P31",0
"LINC03084",0
"RPS20P20",0
"RPL30P16",0
"TRMT10BP1",0
"PRXL2AP2",0
"NACAP10",0
"PPIAP86",0
"TRAPPC2P2",0
"ATP5PFP3",0
"PGAM1P13",0
"BHLHE22",0
"MAL2",0
"NDUFB9P3",0
"RPL36AP31",0
"CARS1P2",0
"RPSAP74",0
"GRHL2",0
"KRT8P4",0
"RPL32P4",0
"H2AZP7",0
"LYPD2",0
"CYP11B2",0
"ZNHIT1P1",0
"SLURP1",0
"MAPK6P1",0
"KNOP1P5",0
"BAALC",0
"DNAJC8P3",0
"RFPL4AP5",0
"PENK",0
"RPL19P14",0
"MTCO1P47",0
"TRIM55",0
"CRH",0
"RPL35AP19",0
"RN7SKP159",0
"RN7SL318P",0
"RNA5SP251",0
"RN7SL474P",0
"RNU6-336P",0
"RNU7-153P",0
"RNU6-397P",0
"MIR383",0
"RNU4-71P",0
"RN7SL621P",0
"RNU6-1218P",0
"MIR548H4",0
"RNA5SP258",0
"RN7SL457P",0
"RNU6-528P",0
"RNU6-533P",0
"SNORD65B",0
"RNU6-295P",0
"RN7SKP32",0
"RNU6-356P",0
"SNORD13",0
"RNA5SP531",0
"RN7SKP294",0
"MIR548AO",0
"RNU6-895P",0
"RNU6-819P",0
"RNA5SP267",0
"RNU6-596P",0
"RNU6-13P",0
"RN7SL675P",0
"RNA5SP266",0
"RN7SKP29",0
"MIR124-2",0
"RNU6-656P",0
"RN7SL203P",0
"RNA5SP271",0
"RNA5SP269",0
"RNA5SP270",0
"RNU2-54P",0
"MIR8084",0
"MIR5708",0
"RNU6-1040P",0
"RNU6-1172P",0
"RNU6-690P",0
"MIR378D2",0
"RNU6-1220P",0
"SNORD3H",0
"RNA5SP274",0
"RN7SL41P",0
"SNORD77B",0
"RNU6ATAC8P",0
"RNU6-914P",0
"RNU6-1224P",0
"MIR5680",0
"RNA5SP275",0
"RNA5SP276",0
"RNU6-12P",0
"RN7SKP155",0
"RNU7-67P",0
"RN7SL228P",0
"RN7SL826P",0
"MIR2053",0
"RN7SKP226",0
"RNU6-875P",0
"MIR548AZ",0
"MIR548D1",0
"MIR548AA1",0
"RNU4-83P",0
"RNU4-37P",0
"MIR3149",0
"MIR1302-7",0
"RNU6-442P",0
"NPBWR1",0
"C8orf17",0
"MIR1205",0
"RNVU1-32",0
"MIR1206",0
"RNU4-25P",0
"MIR1207",0
"LINC02912",0
"LINC00208",0
"RNA5SP264",0
"LINC02886",0
"HIGD1AP6",0
"PKMP4",0
"DPPA3P7",0
"MIR5681A",0
"MIR5681B",0
"MIR2052",0
"MTND4LP26",0
"XRCC6P4",0
"TTPA",0
"TARDBPP4",0
"RN7SL135P",0
"PI15",0
"MIR6841",0
"RN7SKP206",0
"MIR3686",0
"MIR7112",0
"MIR6848",0
"SCRT1",0
"MIR939",0
"MIR1234",0
"MIR6849",0
"NATP",0
"SNORD54",0
"RNU1-124P",0
"VN1R46P",0
"POTEA",0
"RNU6-104P",0
"PPDPFL",0
"RNA5SP268",0
"MAPK15",0
"MIR4664",0
"MIR937",0
"MIR6845",0
"MIR661",0
"MIR6846",0
"MIR6847",0
"TSSK5P",0
"PTTG3P",0
"SNORD87",0
"TRHR",0
"MAPK6P5",0
"MIR7705",0
"RNU6ATAC41P",0
"AURKBP1",0
"RPS17P14",0
"SNORD38D",0
"RNU6-285P",0
"RPL17P30",0
"MIR6844",0
"MIR4662B",0
"MIR4662A",0
"MRS2P1",0
"FGF17",0
"RPL21P77",0
"MRPL57P7",0
"RN7SKP85",0
"SLC2A3P4",0
"MIOXP1",0
"GOLGA2P1",0
"OR7E96P",0
"VPS51P16",0
"MIR548I3",0
"SNRPCP17",0
"MIR4288",0
"RNA5SP259",0
"INTS9-AS1",0
"RPL12P24",0
"SDR16C5",0
"OR4F21",0
"RN7SKP175",0
"POU5F1P2",0
"ADI1P2",0
"KCNU1",0
"SMARCE1P4",0
"RN7SL395P",0
"MIR6850",0
"RPL19P13",0
"RN7SL293P",0
"RNU6-1084P",0
"VPS51P12",0
"RNA5SP253",0
"DEFB108D",0
"USP17L7",0
"MIR3674",0
"MIR596",0
"DEFB135",0
"DPYS",0
"MIR548A3",0
"KLHL38",0
"MIR8055",0
"GATA4",0
"RNA5SP254",0
"DEFB108E",0
"ZNF705CP",0
"FAM90A25P",0
"OC90",0
"MIR3610",0
"AARD",0
"CHILL1",0
"RPL23AP55",0
"MIR6893",0
"TONSL-AS1",0
"RGS22",0
"GDF6",0
"C8orf89",0
"RN7SKP153",0
"RN7SL760P",0
"RPS20P21",0
"DSTNP3",0
"RPS3AP32",0
"RNU6-1197P",0
"PURG",0
"RPL34P17",0
"ALKAL1",0
"HMGB1P19",0
"FAM83A-AS2",0
"MIR4663",0
"MIR548V",0
"RNA5SP256",0
"PMP2",0
"FABP4",0
"NIPA2P4",0
"RPS26P34",0
"SLC10A5P1",0
"SLC10A5",0
"USP17L2",0
"RNA5SP261",0
"RNA5SP262",0
"RNA5SP263",0
"RNU6-663P",0
"MTND2P32",0
"RANP9",0
"RNU6-519P",0
"RNU6-869P",0
"RNU11-4P",0
"CCAT2",0
"MIR151A",0
"RNA5SP278",0
"ZNF705D",0
"PTMAP15",0
"CPP",0
"MIR4661",0
"COX6B1P6",0
"MIR3150B",0
"MIR3150A",0
"RNU6-665P",0
"RNU6-144P",0
"ZYXP1",0
"RPL32P19",0
"RNU6-607P",0
"RN7SL709P",0
"GOT1L1",0
"ADRB3",0
"RPL12P48",0
"MIR6843",0
"RNU6-1086P",0
"MIR3622B",0
"MIR3622A",0
"SCARA5",0
"MIR4287",0
"RNU1-148P",0
"RPL15P12",0
"RNU6-1255P",0
"VXN",0
"RNU6-1324P",0
"RNU2-71P",0
"RN7SL107P",0
"RNU11-6P",0
"HMGB1P41",0
"SNRPCP6",0
"VPS51P8",0
"OR7E125P",0
"FAM90A4P",0
"USP17L4",0
"ZNF705G",0
"DEFB103B",0
"DEFB104B",0
"DEFB107B",0
"PRR23D1",0
"FAM90A6P",0
"VPS51P15",0
"VPS51P9",0
"OR7E154P",0
"PRR23D2",0
"DEFB107A",0
"DEFB105A",0
"DEFB106A",0
"DEFB104A",0
"DEFB103A",0
"DEFB4A",0
"ZNF705B",0
"DEFB108A",0
"USP17L8",0
"USP17L3",0
"SYBU-AS1",0
"FAM90A23",0
"FAM90A22",0
"FAM90A7",0
"FAM90A8",0
"FAM90A9",0
"FAM90A17",0
"FAM90A18",0
"FAM90A19",0
"FAM90A14",0
"FAM90A16",0
"FAM90A10",0
"SPAG11A",0
"FABP12",0
"IFITM3P8",0
"VTA1P2",0
"C8orf90",0
"ZNF572",0
"RN7SL806P",0
"RNU7-85P",0
"MAPRE1P1",0
"RNU1-35P",0
"NKX6-3",0
"MIR486-2",0
"RN7SL149P",0
"OR7E161P",0
"IMPA1P1",0
"ALG1L13P",0
"ZNF252P",0
"ADAM24P",0
"SLC7A2-IT1",0
"RN7SKP97",0
"MIR4470",0
"CDC42P3",0
"AK3P2",0
"LY6H",0
"DEFA1B",0
"DEFA3",0
"DEFA5",0
"VPS51P14",0
"PRR13P7",0
"MRPS16P1",0
"LY6L",0
"TMEM276-ZFTRAF1",0
"OPRK1",0
"MIR1204",0
"RNU105C",0
"RN7SL250P",0
"SEC11B",0
"RPL7L1P18",0
"MIR6876",0
"NAT2",0
"RPL35P6",0
"RNA5SP265",0
"DEFA11P",0
"DEFA7P",0
"DEFB4B",0
"SPAG11B",0
"FAM90A21P",0
"RNU6-1213P",0
"RNU7-174P",0
"MIR3151",0
"MTND2P7",0
"MTCO1P49",0
"DEFB131C",0
"DEFB130B",0
"ZFAT-AS1",0
"MIR30D",0
"RPL23AP56",0
"LINC01591",0
"GSDMC",0
"RNU6-842P",0
"MTND4P7",0
"RNA5SP255",0
"DEFB109C",0
"FAM86B3P",0
"DEFA6",0
"DEFA4",0
"DEFA10P",0
"DEFA1",0
"DEFB109B",0
"DEFB108C",0
"DEFB105B",0
"LINC02949",0
"RNU6-682P",0
"RNU7-55P",0
"RNU6-1151P",0
"RNU6-526P",0
"MIR124-1",0
"PRSS51",0
"RP1L1",0
"MIR4286",0
"C8orf74",0
"RNA5SP252",0
"PINX1",0
"MIR1322",0
"MIR598",0
"DEFB109D",0
"FAM90A2P",0
"RPL23AP53",0
"RPL37P6",0
"REXO1L1P",0
"REXO1L6P",0
"RPS20P22",0
"TPT1P8",0
"TUBBP1",0
"SDAD1P1",0
"DEFB131E",0
"RPL10P19",0
"SDR16C6P",0
"TDH",0
"SMPD5",0
"RPL17P29",0
"CALB1",0
"RNA5SP273",0
"RN7SKP231",0
"DEFB131D",0
"DEFB130A",0
"RPS3AP35",0
"VPS51P19",0
"OR7E8P",0
"OR7E10P",0
"MIR5692A2",0
"FAM90A3",0
"FAM90A15",0
"FAM90A13",0
"FAM90A5",0
"FAM90A11",0
"FAM90A12",0
"FAM90A20",0
"RNU6-220P",0
"FAM90A24",0
"MIR4472-1",0
"RN7SL260P",0
"RPS27AP13",0
"RNU6-1331P",0
"RNU6ATAC32P",0
"C1GALT1P3",0
"DEFB136",0
"DEFB134",0
"ADAM3A",0
"RPL7AP80",0
"ADAM5",0
"ADAM2",0
"LINC03042",0
"MIR4471",0
"RN7SKP249",0
"DUXAP2",0
"NACA4P",0
"RN7SL563P",0
"SLC18A1",0
"RNU6-892P",0
"RNA5SP257",0
"SMILR",0
"CDK5P1",0
"LINC01111",0
"LINC01603",0
"LINC03024",0
"FAM167A-AS1",0
"TDH-AS1",0
"LINC03093",0
"NRG1-IT3",0
"XKR4-AS1",0
"LINC01298",0
"IADEN",0
"LOXL2-AS1",0
"LINC02849",0
"FAM87A",0
"LINC02855",0
"TRIB1AL",0
"LINC01609",0
"ASTILCS",0
"FAM83A-AS1",0
"LINC01300",0
"MAFA-AS1",0
"LINC00051",0
"LINC00681",0
"LINC02847",0
"LINC02599",0
"LINC02153",0
"C8orf34-AS1",0
"DLGAP2-AS1",0
"SQLE-DT",0
"LINC02950",0
"E2F5-DT",0
"ZFHX4-AS1",0
"ZFPM2-AS1",0
"BHLHE22-AS1",0
"LINC02845",0
"KBTBD11-AS1",0
"ADAM7-AS2",0
"LINC00588",0
"NRG1-IT1",0
"FAM66E",0
"CASC8",0
"FER1L6-AS2",0
"LINC01419",0
"DSCC1",0
"RNA5SP277",0
"HRURF",0
"MIR320A",0
"RNU7-102P",0
"RN7SKP135",0
"LINC01289",0
"PTPN11P2",0
"RNU4-50P",0
"CA1",0
"SEPTIN14P8",0
"RPL29P19",0
"ASNSP4",0
"REXO1L3P",0
"HSPE1P14",0
"ZNF317P1",0
"SERPINA15P",0
"SEPTIN10P1",0
"RPS20P23",0
"OR7E158P",0
"SNRPCP15",0
"DEFT1P2",0
"PRR23D3P",0
"DEFA8P",0
"DEFT1P",0
"DEFB109A",0
"PRSS52P",0
"ALG1L11P",0
"OR7E15P",0
"RPL30P9",0
"H3P29",0
"RPS29P33",0
"JKAMPP1",0
"PABPC1P11",0
"RPS27AP14",0
"SUMO2P2",0
"AKAP8P1",0
"TMEM215",0
"RPL31P42",0
"MTCO3P30",0
"CLIC4P1",0
"GARIN3P1",0
"HMGB3P23",0
"LINC03106",0
"NOP56P2",0
"CHCHD4P3",0
"LINC01627",0
"BOLA3P4",0
"ASS1P12",0
"KCTD9P3",0
"RBPJP6",0
"ELAVL2",0
"ATP5F1AP10",0
"RPL32P21",0
"LYPLA2P3",0
"CDCA7P2",0
"TCEA1P4",0
"RPL21P84",0
"PGM5",0
"SDR42E1P2",0
"MTCO3P40",0
"ATP5MFP3",0
"RPS20P25",0
"FOXD4L3",0
"FAM74A7",0
"RPL21P83",0
"GNA14-AS1",0
"DNAJB5P1",0
"MTCO1P51",0
"CDRT15P7",0
"SDR42E1P4",0
"ASS1P3",0
"SDR42E1P3",0
"MTND3P4",0
"LINC00583",0
"IL6RP1",0
"CYLC2",0
"OR7E116P",0
"BARX1",0
"LINC02578",0
"MTND2P9",0
"TUBB4BP6",0
"SLC25A6P2",0
"BNIP3P4",0
"IGKV1OR-2",0
"FKBP4P8",0
"RPS20P24",0
"PHB1P7",0
"RPL36AP6",0
"HMGN2P32",0
"RPS15AP27",0
"SPATA31A6",0
"MYO5BP3",0
"CDRT15P5",0
"CCSER2P1",0
"KRT18P36",0
"ZYG11AP1",0
"MSANTD3-TMEFF1",0
"RPL32P22",0
"LINC01243",0
"STK33P1",0
"NUTF2P3",0
"TMEFF1",0
"MTATP6P30",0
"CHCHD4P2",0
"HSPE1P28",0
"NPAP1P4",0
"PAPPA",0
"KRT18P24",0
"SPATA31B1P",0
"RFC5P1",0
"MTND2P8",0
"RPS19P6",0
"RNA5SP279",0
"RNU6-1073P",0
"MIR101-2",0
"RNU2-47P",0
"RN7SL98P",0
"RNU6-246P",0
"RNU6-264P",0
"RN7SL720P",0
"RNU6-14P",0
"RN7SKP120",0
"RN7SL849P",0
"RN7SL565P",0
"MIR4477A",0
"RN7SL343P",0
"RNU6-1293P",0
"RN7SL422P",0
"RN7SKP59",0
"RNU6-1303P",0
"RN7SKP242",0
"RNU2-36P",0
"RNU4-29P",0
"RN7SKP264",0
"MIR4290",0
"MIR4291",0
"MIR4289",0
"RN7SKP87",0
"RNU6-996P",0
"RNU6-329P",0
"RNU6-492P",0
"RNA5SP291",0
"RN7SL659P",0
"MIR7702",0
"RNU6-855P",0
"RNA5SP293",0
"MIR3927",0
"RNU6-432P",0
"RNY4P18",0
"RNA5SP294",0
"RN7SL57P",0
"RN7SL430P",0
"MIR147A",0
"RNU6-710P",0
"RNU4-82P",0
"MIR455",0
"MIR181B2",0
"NRON",0
"RN7SL30P",0
"MIR4669",0
"SNORA65",0
"MIR3911",0
"MIR3960",0
"MIR2861",0
"CCIN",0
"RNU4-53P",0
"MIR219A2HG",0
"MIR219A2",0
"MIR219B",0
"SPATA31F3",0
"SYF2P2",0
"RNU6-984P",0
"RPL21P82",0
"MTATP6P29",0
"MTND3P23",0
"MTND4LP7",0
"MTND4P15",0
"BEND3P2",0
"MIR4670",0
"MIR7-1",0
"MIR4667",0
"RN7SL22P",0
"MIR6852",0
"MIR6853",0
"NDUFA5P4",0
"PGAM1P2",0
"OR2S2",0
"MIR4473",0
"MIR4474",0
"RPL7AP48",0
"MIR491",0
"SNORA30B",0
"MIR7114",0
"RNU6-1327P",0
"EIF1P1",0
"DMRT3",0
"RNU6-829P",0
"MIR548AU",0
"RN7SL181P",0
"TRPC6P4",0
"TRMT112P4",0
"FYTTD1P1",0
"PGAP4",0
"PPP3R2",0
"H3P31",0
"RN7SL100P",0
"RNA5SP280",0
"RPL36AP34",0
"TMEM252",0
"DENRP4",0
"ENTPD2",0
"TMEM210",0
"SLC25A6P5",0
"MIR8081",0
"RN7SKP77",0
"RPL7AP44",0
"RNU2-46P",0
"RNA5SP289",0
"RPL36AP35",0
"ACTL7B",0
"ACTL7A",0
"MIR6856",0
"PRDM12",0
"RN7SL159P",0
"VN2R3P",0
"RBM17P1",0
"RN7SL640P",0
"SPATA31A1",0
"SKP1P3",0
"FKBP4P2",0
"SDR42E1P1",0
"ATP5F1AP8",0
"RBPJP5",0
"MEP1AP1",0
"RNU6-1269P",0
"CNN2P2",0
"MUPP",0
"KRT18P67",0
"SNORD90",0
"MIR600",0
"RNU6-820P",0
"LSM1P1",0
"MIR126",0
"SNORA17B",0
"SNORA17A",0
"LCN10",0
"MIR6722",0
"LCN15",0
"MIR4292",0
"MIR4479",0
"IZUMO3",0
"SPATA31A5",0
"RN7SKP171",0
"SNORD62A",0
"FAM74A3",0
"MIR2278",0
"MIR6081",0
"MIR24-1",0
"RNA5SP296",0
"MIR4672",0
"PAPPA-AS2",0
"PAPPA-AS1",0
"SNORA70C",0
"RN7SKP128",0
"RN7SKP125",0
"MIR4478",0
"MORN5",0
"TEX53",0
"CER1",0
"RNU6-1260P",0
"LDHAP4",0
"UBE2V1P10",0
"EIF3JP3",0
"TRBV21OR9-2",0
"TRBV22OR9-2",0
"TRBV23OR9-2",0
"TRBV24OR9-2",0
"TRBV25OR9-2",0
"TRBV26OR9-2",0
"TRBV29OR9-2",0
"SNORD121A",0
"RN7SKP114",0
"TUBB4BP2",0
"RN7SL187P",0
"RN7SL726P",0
"MIR204",0
"PIGUP1",0
"RPL35AP21",0
"OR13F1",0
"OR13C8",0
"OR13D2P",0
"OR13C5",0
"OR13C2",0
"OR13C9",0
"OR13I1P",0
"MIR3152",0
"RN7SKP258",0
"RAP1BP1",0
"DNAI1",0
"SPATA31F1",0
"MIR6877",0
"CEL",0
"LCN1P1",0
"LCN1P2",0
"RPL21P81",0
"SNORD24",0
"SNORD36B",0
"SNORD36A",0
"TCEA1P1",0
"VN1R51P",0
"FAM220CP",0
"RNU6-798P",0
"OR2AM1P",0
"HMGB3P24",0
"RPSAP76",0
"RNU6-1020P",0
"RNA5SP281",0
"SLC25A5P8",0
"DFFBP1",0
"TAF1L",0
"SNRPCP1",0
"MIR548AW",0
"RNU7-21P",0
"MIR1302-9",0
"LCN8",0
"GLIS3-AS2",0
"RNU6-694P",0
"OR1J1",0
"OR1J2",0
"OR1J4",0
"OR1Q1",0
"OR1L1",0
"YRDCP1",0
"RNU6-669P",0
"FBP2",0
"MT1P1",0
"DNAJC25-GNG10",0
"RNU6-1013P",0
"RN7SL665P",0
"RN7SL592P",0
"ATP5PDP2",0
"CDK2AP2P1",0
"MYO5BP1",0
"RNU7-185P",0
"RNF183",0
"IMP3P1",0
"RN7SL722P",0
"RN7SL787P",0
"RNU6-368P",0
"IFNNP1",0
"IFNB1",0
"IFNWP4",0
"IFNW1",0
"IFNA21",0
"OR1L3",0
"LINC02843",0
"OR13J1",0
"ELF2P3",0
"WNK2",0
"NUTM2F",0
"MIR6851",0
"LINC01502",0
"LCN9",0
"OR1L8",0
"MIR7150",0
"SPATA31C2",0
"IGFBPL1",0
"ARMC8P1",0
"TCEA1P3",0
"GAS2L1P1",0
"VN1R48P",0
"RNU6-765P",0
"C11orf98P1",0
"FAM240B",0
"MIR199B",0
"MIR3154",0
"RN7SL75P",0
"DPPA3P10",0
"NANOGP5",0
"RPL7P33",0
"LINC02907",0
"SOCS5P2",0
"LCN1",0
"OBP2A",0
"MIR4673",0
"MIR4674",0
"IGKV1OR9-1",0
"FRG1KP",0
"IGKV1OR-3",0
"RN7SKP24",0
"ARID3C",0
"IFNA17",0
"IFNWP5",0
"IFNA14",0
"IFNA22P",0
"IFNA5",0
"IFNA20P",0
"IFNA2",0
"IFNA11P",0
"IFNA12P",0
"IFNA8",0
"IFNWP2",0
"IFNA1",0
"IFNWP19",0
"MIR31",0
"H3P30",0
"IFNE",0
"STRA6LP",0
"MIR1302-8",0
"RNU6-538P",0
"RNU6-1193P",0
"CYP4F25P",0
"RPL35AP22",0
"RNU6-1082P",0
"RN7SL151P",0
"TUBB8P1",0
"ERVFRD-3",0
"UBA52P6",0
"MIR3621",0
"HMGN2P31",0
"RNF152P1",0
"KCTD10P1",0
"MIR876",0
"MIR873",0
"PCNPP2",0
"MIR3153",0
"RNA5SP290",0
"RN7SL794P",0
"RN7SKP225",0
"KRT8P11",0
"OR13C3",0
"OR13D1",0
"RN7SL544P",0
"RBPJP7",0
"RN7SKP191",0
"UBE2V1P4",0
"MIRLET7A1",0
"MIRLET7F1",0
"MIRLET7D",0
"SPATA31A7",0
"SPATA31A3",0
"IFNA13",0
"MYMK",0
"CNN2P3",0
"GXYLT1P6",0
"CYP4F33P",0
"RNU6-599P",0
"SNX18P5",0
"RNU6-714P",0
"SNX18P2",0
"ADGRF5P2",0
"MEP1AP4",0
"MIR6854",0
"RNU6-1035P",0
"RNA5SP287",0
"SPATA31D4",0
"SPATA31D3",0
"RNU6-156P",0
"MIR1299",0
"RNU6-559P",0
"MTND6P5",0
"INSL4",0
"EIF4A1P3",0
"BMS1P10",0
"ATP8B5P",0
"LINC00475",0
"PRSS47P",0
"FAM120A2P",0
"ZNF658B",0
"FAM95B1",0
"CTSL3P",0
"OR13C1P",0
"SPATA31F2P",0
"CELP",0
"MFSD14CP",0
"LRRC37A5P",0
"CDRT15P6",0
"FBP2P1",0
"NPAP1P9",0
"ANKRD20A2P",0
"CYP4F59P",0
"ANKRD20A3P",0
"ANKRD20A4P",0
"ANKRD20A7P",0
"ANKRD19P",0
"SPATA31D5P",0
"FGF7P3",0
"CLCN3P1",0
"REXO6P",0
"OR2S1P",0
"MIR3689C",0
"MIR3689A",0
"MIR3689D1",0
"MIR3689B",0
"MIR3689D2",0
"MIR3689E",0
"MIR3689F",0
"CARM1P1",0
"RNU4ATAC15P",0
"OTX2P1",0
"H3P32",0
"TRBV20OR9-2",0
"RPL3P11",0
"ATP5PDP3",0
"ADIPINT",0
"OR1N1",0
"OR1N2",0
"OR1L4",0
"RNU6ATAC",0
"CNTNAP3C",0
"RN7SL462P",0
"CFAP77",0
"RNU5D-2P",0
"MTND2P11",0
"RMRP",0
"FAM74A6",0
"FAM74A4",0
"RPL12P25",0
"PTENP1",0
"GAS2L1P2",0
"MAP1LC3BP1",0
"GXYLT1P4",0
"TOPORSLP",0
"TXNDC8",0
"RNU6-1039P",0
"OR1B1",0
"GTF3AP1",0
"RN7SL123P",0
"RNF2P1",0
"PRELID3BP11",0
"MIR602",0
"TUBBP5",0
"FAM157B",0
"RNU6-785P",0
"OR4F8BP",0
"CFAP95",0
"RN7SL570P",0
"C9orf57",0
"RNU2-5P",0
"RNA5SP286",0
"RN7SKP47",0
"RPSAP75",0
"RNU6-445P",0
"MIR4475",0
"MIR4540",0
"MIR4476",0
"PRRX2",0
"PGM5P2",0
"FOXD4L6",0
"ARF4P1",0
"STPG3-AS1",0
"MIR3910-1",0
"MIR3910-2",0
"IFNA6",0
"IFNWP15",0
"IFNA4",0
"IFNWP9",0
"IFNA7",0
"IFNA10",0
"IFNWP18",0
"IFNA16",0
"CYP1D1P",0
"KRT18P13",0
"RNU4-15P",0
"LHX2-AS1",0
"FAM242E",0
"FAM242D",0
"CFAP95-DT",0
"WDR5-DT",0
"PRRX2-AS1",0
"VLDLR-AS1",0
"LINC02692",0
"LINC00587",0
"LINC01474",0
"HSD17B3-AS1",0
"LINC01613",0
"FIBCD1-AS1",0
"BNC2-AS1",0
"FAM201A",0
"TLE1-DT",0
"MIR4290HG",0
"PGM5P3-AS1",0
"BANCR",0
"LINC01231",0
"MIR181A2HG",0
"LINC01492",0
"SNX30-DT",0
"LINC03026",0
"LINC03041",0
"FAM74A1",0
"LINC02872",0
"LINC03025",0
"FAM138C",0
"LINC01509",0
"LINC02893",0
"TPD52L3",0
"RN7SL25P",0
"RNA5SP283",0
"PTGER4P2",0
"MYO5BP2",0
"ADGRF5P1",0
"LINC02957",0
"FGF7P6",0
"RBM17P2",0
"PTGER4P3",0
"CNTNAP3P2",0
"RAB28P3",0
"AQP7P4",0
"FGF7P5",0
"RBM17P3",0
"AQP7P1",0
"RPS6P12",0
"BMS1P11",0
"BMS1P9",0
"PPIAP88",0
"CDK2AP2P3",0
"RAB28P4",0
"RPL31P43",0
"AQP7P2",0
"CDC20P1",0
"GAS1RR",0
"ACNATP",0
"RAB28P1",0
"RPL7AP49",0
"CDRT15P14",0
"SNX18P8",0
"GXYLT1P3",0
"AQP7P5",0
"PRDX1P1",0
"SUGT1P1",0
"PRSS3P4",0
"HMGB1P37",0
"SUGT1P4",0
"DDX11L5",0
"FRG1JP",0
"OR1H1P",0
"RPL7AP45",0
"FAM27B",0
"NPAP1P7",0
"CTSLP8",0
"YWHABP1",0
"BMS1P12",0
"BMS1P13",0
"AQP7P3",0
"ANKRD18CP",0
"SNX18P4",0
"CDRT15P12",0
"SNX18P9",0
"ZFAND6P1",0
"RPL7AP76",0
"FGF7P7",0
"CNTNAP3P5",0
"RAB28P2",0
"SNX18P7",0
"NPAP1P6",0
"CYP4F60P",0
"FGF7P4",0
"OR7E109P",0
"OR7E108P",0
"RPSAP9",0
"RPL7AP47",0
"RPL35AP20",0
"IL9RP1",0
"CDK2AP2P2",0
"FGF7P8",0
"IGKV1OR9-2",0
"MUC5B-AS1",0
"NAV2-AS3",0
"RPL36AP40",0
"RBMXL2",0
"CYCSP25",0
"LINC02745",0
"DNAAF11P1",0
"WIZP1",0
"DBX1",0
"BBOX1",0
"LEISA1",0
"OR4C13",0
"GTF2IP11",0
"ANKRD33BP5",0
"OR4C14P",0
"ANKRD33BP6",0
"THAP12P4",0
"OR4A49P",0
"OR2BH1P",0
"EIF4A2P5",0
"MTND5P21",0
"CBX3P8",0
"TRIM51DP",0
"OR4A19P",0
"PHKG1P3",0
"OR5L2",0
"OR10AF1P",0
"OR5D14",0
"OR4A1P",0
"OR4A7P",0
"OR4A6P",0
"OR4A18P",0
"LINC02707",0
"OR5D13",0
"OR9Q1",0
"OR4C16",0
"OR5B10P",0
"OR4R3P",0
"OR5D17P",0
"KRT18P14",0
"OR10W1",0
"OR10AK1P",0
"OR5B17",0
"OR4A5",0
"RPL12P31",0
"OR4A8",0
"CIR1P3",0
"GLYAT",0
"EEF1A1P47",0
"TRIM48",0
"CCDC179",0
"OR10V3P",0
"OR5W1P",0
"OR10Q2P",0
"OR5I1",0
"OR5W2",0
"EIF4A2P3",0
"OR10Y1P",0
"ZFP91-CNTF",0
"RPL7AP56",0
"SYT7",0
"OR5BC1P",0
"OR10V2P",0
"HNRNPRP2",0
"RPL7AP58",0
"EEF1G",0
"OR5D16",0
"FIBIN",0
"OR5B19P",0
"LINC01616",0
"OR5L1",0
"MUC15",0
"UBTFL10",0
"ANKRD33BP7",0
"TRIM53BP",0
"LINC02758",0
"MTND4LP18",0
"H3P34",0
"TRIM77",0
"COX6A1P4",0
"CBX3P7",0
"MTMR12P1",0
"RSF1-IT2",0
"HPRT1P3",0
"OSBPL9P2",0
"MMP27",0
"ASS1P13",0
"TOMM20P1",0
"HMGN2P38",0
"SCARNA9",0
"TRIM49",0
"RPA2P3",0
"TRPC6",0
"UBTFL2",0
"MTND6P25",0
"SLN",0
"OSBPL9P3",0
"ARL6IP1P3",0
"METTL5P4",0
"RPS4XP12",0
"PKNOX2-DT",0
"LINC02697",0
"RPS27P20",0
"PHB1P16",0
"RPL23AP62",0
"SLC17A6",0
"TRPC6P5",0
"LINC01395",0
"TMEM225",0
"BMPR1AP2",0
"PPP1R10P1",0
"PANX3",0
"ELOCP22",0
"TSPAN18-AS1",0
"PKNOX2-AS1",0
"MIR6744",0
"MIR4299",0
"MIR8070",0
"RNA5SP332",0
"MIR302E",0
"MIR4486",0
"MIR4694",0
"RNU6-783P",0
"RNA5SP338",0
"RN7SL240P",0
"MIR8054",0
"RNU6-99P",0
"MIR3973",0
"RNU6-365P",0
"RN7SKP158",0
"MIR8068",0
"MIR3162",0
"MIR6860",0
"RNU6-544P",0
"MIR708",0
"RNU7-59P",0
"MIR5579",0
"MIR4300",0
"RNU6-16P",0
"RN7SL223P",0
"RN7SL222P",0
"SNORA25",0
"RN7SKP53",0
"SNORA32",0
"SNORA1",0
"SNORA8",0
"SNORD5",0
"SNORA18",0
"MIR1304",0
"SNORA40",0
"RN7SKP115",0
"MIR4693",0
"MIR4490",0
"RNA5SP349",0
"MIR4493",0
"RNU4-23P",0
"RNU6-321P",0
"MIR8052",0
"RN7SL167P",0
"RNU6-1156P",0
"MIR4697",0
"RN7SKP121",0
"RN7SKP279",0
"SNORD15A",0
"MS4A5",0
"POU2F3",0
"KCNK4-CATSPERZ",0
"CATSPERZ",0
"MIR7155",0
"MIR1237",0
"SLC22A12",0
"NRXN2-AS1",0
"MIR192",0
"MIR194-2",0
"MIR6749",0
"MIR6879",0
"EEF1A1P18",0
"OR51C4P",0
"KRT8P49",0
"OR51F3P",0
"OR51F4P",0
"OR51N1P",0
"OR52Y1P",0
"OR51G1",0
"OR51A3P",0
"OR51A2",0
"OR51A5P",0
"OR51P1P",0
"OR52J2P",0
"OR52J3",0
"OR52E2",0
"OR52S1P",0
"OR52E3P",0
"OR52J1P",0
"HBD",0
"HBE1",0
"OR51AB1P",0
"OR51B4",0
"OR51B3P",0
"OR51B8P",0
"OR51B6",0
"TMEM258P1",0
"OR51J1",0
"OR51Q1",0
"OR51K1P",0
"OR51A10P",0
"OR52D1",0
"UBQLN3",0
"UBQLNL",0
"OLFM5P",0
"OR52T1P",0
"OR52B6",0
"TRIM6-TRIM34",0
"OR52N3P",0
"OR52E6",0
"OR52E7P",0
"HBG1",0
"MRGPRG",0
"NDUFA5P8",0
"NDUFA5P1",0
"ENPP7P15",0
"SNRPCP5",0
"RPS3AP39",0
"GLYATL1P1",0
"RN7SL42P",0
"SLC25A47P1",0
"RN7SL435P",0
"OR5AN2P",0
"OR5BR1P",0
"OR10D1P",0
"OR8F1P",0
"OR8G7P",0
"SNORA52",0
"RNU6-876P",0
"OR10D4P",0
"HSPB2",0
"HSPB2-C11orf52",0
"C11orf52",0
"RNU6-893P",0
"RPS12P21",0
"MIR4298",0
"MIR7847",0
"MIR675",0
"OR4C50P",0
"OR4C46",0
"OR4C7P",0
"OR4R2P",0
"OR4A4P",0
"OR4A3P",0
"OR4A2P",0
"OR52L1",0
"KRT18P58",0
"RNA5SP329",0
"OR56B4",0
"OR56B3P",0
"OR52Z1P",0
"OR5AK1P",0
"OR5BQ1P",0
"RNU6ATAC12P",0
"OR8B7P",0
"OR8B6P",0
"OR8C1P",0
"OR8X1P",0
"OR8A2P",0
"OR8B10P",0
"OR8A3P",0
"OR8A1",0
"MIR1343",0
"OR52Q1P",0
"ELF5",0
"RNU6-45P",0
"RNU6-72P",0
"MIR3165",0
"RPEP6",0
"COX6CP18",0
"RN7SKP50",0
"RNU7-28P",0
"RNU6ATAC33P",0
"MIR7154",0
"FREY1",0
"FBLIM1P2",0
"MIR4688",0
"RNA5SP345",0
"RPL32P25",0
"GAL3ST3",0
"BRD9P1",0
"RNU1-84P",0
"MIR611",0
"MIR1908",0
"RNU6-1243P",0
"MYOD1",0
"NXPE2P1",0
"RN7SL828P",0
"PRR13P3",0
"OR5AK4P",0
"OR5AO1P",0
"OR5BP1P",0
"LRRC55",0
"PRG3",0
"PRG2",0
"RNU1-91P",0
"LINC02701",0
"MRGPRD",0
"DEFB108B",0
"RNA5SP342",0
"INSC",0
"TRIM34",0
"MIR6755",0
"CCDC81",0
"PTP4A1P6",0
"ALG9-IT1",0
"GNG5P3",0
"RPL37AP8",0
"IMMP1LP1",0
"HIGD1AP5",0
"MRGPRX12P",0
"MRGPRX13P",0
"SAA4",0
"SAA2-SAA4",0
"SAA2",0
"RNA5SP333",0
"RNA5SP334",0
"OR7E5P",0
"OR5F1",0
"OR5J1P",0
"OR8I4P",0
"OR5BN2P",0
"OR8H3",0
"OR8K4P",0
"OR8K5",0
"OR5J7P",0
"OR5J2",0
"OR8V1P",0
"OR4V1P",0
"OR4P1P",0
"OR5D2P",0
"VN2R9P",0
"OR9L1P",0
"OR9I3P",0
"OR9I2P",0
"OR5BL1P",0
"OR10Q1",0
"OR9G3P",0
"MIR6128",0
"OR9G2P",0
"OR5G1P",0
"OR5G4P",0
"OR5G3",0
"NAA50P1",0
"OR8J2",0
"FAM8A2P",0
"OR8K2P",0
"OR4D8P",0
"OR5B1P",0
"OR5B15P",0
"OR8U1",0
"OR8L1P",0
"OR5AL2P",0
"OR5AL1",0
"OR8U3",0
"OR5M4P",0
"OR5M9",0
"OR5M7P",0
"OR5M6P",0
"OR5M5P",0
"MIR210",0
"SCT",0
"OR4A11P",0
"OR4A12P",0
"OR4A9P",0
"OR4X7P",0
"OR4A10P",0
"OR4A17P",0
"OR4A13P",0
"OR4A50P",0
"RPL7AP55",0
"RNU6-943P",0
"OR10G6",0
"OR10G5P",0
"OR10G9",0
"OR10D5P",0
"MIR130A",0
"MIR6748",0
"RNU2-2P",0
"SNORD22",0
"SNORD30",0
"SNORD28",0
"SNORD27",0
"SNORD26",0
"SNORD25",0
"RN7SKP243",0
"DPPA4P3",0
"RNA5SP343",0
"RN7SKP239",0
"RNU6-1238P",0
"PTPRCAP",0
"GPR152",0
"TUB-AS1",0
"RN7SL351P",0
"RPL35AP26",0
"KIRREL3-AS1",0
"SNORD97",0
"LINC02752",0
"HMGB1P42",0
"TBCEL-TECTA",0
"KCNA4",0
"FSHB",0
"MIR3166",0
"GAPDHP70",0
"KRTAP5-3",0
"FAM99B",0
"KRTAP5-6",0
"MIR4487",0
"RN7SL652P",0
"FAM180B",0
"C1QTNF4",0
"RNA5SP340",0
"P4HA3-AS1",0
"MIR548AL",0
"RNA5SP341",0
"RN7SKP259",0
"SCN2B",0
"OR8G3P",0
"MIR6503",0
"MS4A13",0
"KRT8P26",0
"TUBB4BP4",0
"NDUFB11P1",0
"PGAM1P9",0
"RPS3AP42",0
"LINC02746",0
"SNRPGP16",0
"MTNR1B",0
"RPL26P31",0
"RPS3AP41",0
"SNRPCP14",0
"PATE4",0
"RNU4-86P",0
"OR7E117P",0
"MIR4687",0
"RPS29P20",0
"MIR3664",0
"FAM181B",0
"RPL7AP54",0
"SNORA70E",0
"COX5BP4",0
"WBP1LP10",0
"CICP23",0
"RNU6-447P",0
"SCGB1C1",0
"MIR6743",0
"RN7SL838P",0
"OR8R1P",0
"OR6M3P",0
"LDHAL6DP",0
"HNRNPA1P72",0
"RNU6-1292P",0
"CCDC89",0
"RNU6-126P",0
"NDUFC2-KCTD14",0
"B3GNT6",0
"RNA5SP346",0
"RNA5SP330",0
"MIR5691",0
"PGA3",0
"PGA5",0
"LRRC10B",0
"SNORA57",0
"HNRNPUL2-BSCL2",0
"RN7SL259P",0
"OR5AN1",0
"OR51L1",0
"OR8J1",0
"OR8D4",0
"OR4S2",0
"OR4C6",0
"OR8H2",0
"OR4D9",0
"OR52N5",0
"OR56A4",0
"OR8D1",0
"OR5B3",0
"OR10G7",0
"OR5B2",0
"OR5M3",0
"CASP1P1",0
"RNU6-262P",0
"MIR6756",0
"OR7E145P",0
"OR7E11P",0
"EVA1CP4",0
"SLC22A8",0
"PTTG1P2",0
"TUBAP7",0
"RPL29P22",0
"OR10A4",0
"OR9G1",0
"OR4D10",0
"RPL29P21",0
"OR5P4P",0
"OR5P1P",0
"OR51M1",0
"OR51I2",0
"OR52M2P",0
"RN7SL12P",0
"FTLP6",0
"RNU6-874P",0
"ZNF123P",0
"OR52M1",0
"OR5M13P",0
"OR5AM1P",0
"OR5M12P",0
"OR5AP1P",0
"OR8B3",0
"OR10A3",0
"OR5A1",0
"OR51G2",0
"OR52E4",0
"ART2BP",0
"OR6A2",0
"OR51D1",0
"OR51E1",0
"OR2AG2",0
"OR10G8",0
"OR51A4",0
"MIR6754",0
"KRTAP5-7",0
"KRTAP5-8",0
"KRTAP5-9",0
"KRTAP5-13P",0
"KRTAP5-14P",0
"OR7E4P",0
"VPS51P11",0
"OR5AZ1P",0
"OR5BD1P",0
"RNU6-899P",0
"OR51A9P",0
"OR10G4",0
"ACCSL",0
"ALX4",0
"SNORA3A",0
"MMP12",0
"BOLA3P1",0
"RNU7-159P",0
"RPL21P96",0
"MTCO3P15",0
"MTATP6P15",0
"MTCO2P15",0
"MTCO1P15",0
"MTND2P26",0
"MTND1P36",0
"OVCH2",0
"OR4D5",0
"OR5D18",0
"OR8K1",0
"OR8I2",0
"OR4A16",0
"OR8G5",0
"PGA4",0
"OR9Q2",0
"OR8G1",0
"OR4C15",0
"OR51T1",0
"OR2D2",0
"OR8D2",0
"OR5M10",0
"OR6T1",0
"OR6X1",0
"OR5M11",0
"OR5M8",0
"OR6M1",0
"OR4C11",0
"OR9I1",0
"OR10AG1",0
"OR51B2",0
"OR52H1",0
"OR5T2",0
"OR5AP2",0
"OR4D6",0
"MIR3167",0
"KIRREL3-AS3",0
"RNU6-654P",0
"ZDHHC20P3",0
"TPBGL",0
"SNORD14B",0
"RNU6-593P",0
"MIR6716",0
"SLC22A24",0
"OR51S1",0
"GLYATL2",0
"MIR612",0
"SNRPGP19",0
"MIR4690",0
"MIR4489",0
"OR5P2",0
"LINC02753",0
"RNU6-1175P",0
"H2AZP4",0
"ANO1",0
"KRTAP5-4",0
"KRTAP5-11",0
"P2RX3",0
"OR8H1",0
"HPX",0
"C11orf91",0
"SPICP1",0
"OR10A6",0
"OR5B12",0
"OR8K3",0
"APLNR",0
"OR5P3",0
"MIR3159",0
"MIR4491",0
"RNU2-60P",0
"MIR34B",0
"MIR34C",0
"RN7SKP273",0
"BTG4",0
"MRGPRX8P",0
"MRGPRX6P",0
"MRGPRX5P",0
"MRGPRX11P",0
"MRGPRX10P",0
"MRGPRX9P",0
"MRGPRX2",0
"MRGPRX1",0
"OR5T3",0
"OR52E5",0
"IZUMO1R",0
"ASCL3",0
"OR51F1",0
"RNA5SP350",0
"RPS17P15",0
"POU2AF2",0
"POU2AF3",0
"RPS2P39",0
"C1QTNF5",0
"MFRP",0
"FGF4",0
"MIR4492",0
"RN7SL688P",0
"FOXR1",0
"SLC22A25",0
"NLRP10",0
"RPL32P24",0
"RNU6-311P",0
"INS-IGF2",0
"MIR483",0
"INS",0
"TH",0
"MIR4686",0
"RNU6-878P",0
"NXPE2",0
"ARL2-SNX15",0
"MIR6751",0
"HIGD1AP10",0
"RNU2-23P",0
"PDCL2P2",0
"ANKRD33BP8",0
"TRIM64B",0
"MTND1P35",0
"TRIM49D1",0
"TRIM49D2",0
"ANKRD33BP9",0
"TRIM53AP",0
"TRIM49C",0
"ANKRD33BP10",0
"UBTFL1",0
"TRIM64",0
"FXYD6-FXYD2",0
"AKR1B1P3",0
"RN7SL188P",0
"RN7SKP90",0
"KCNK4",0
"C11orf97",0
"VPS51P5",0
"MTRF1LP1",0
"CLDN25",0
"ISG20L2P2",0
"RNU6-1107P",0
"KRT8P7",0
"RNU6-1123P",0
"NECTIN1-AS1",0
"OR5AK3P",0
"KDM4D",0
"BUD13P1",0
"BGLT3",0
"RAG2",0
"RNU7-23P",0
"MIR3163",0
"TRIM51CP",0
"ANKRD33BP3",0
"UBTFL7",0
"RPS3AP40",0
"VPS51P17",0
"OR7E1P",0
"MIR7113",0
"MIR4691",0
"MIR6753",0
"NDUFA3P2",0
"DDX18P5",0
"RN7SL778P",0
"TRIM51G",0
"ZNF705EP",0
"OR4B1",0
"OR4B2P",0
"TOMT",0
"OR52E8",0
"OR51C1P",0
"OR4A15",0
"OR56B2P",0
"OR5D3P",0
"OR10S1",0
"RASSF10",0
"MIR6745",0
"MIR129-2",0
"RPL23AP63",0
"PHB1P2",0
"PTH",0
"HMGN2P36",0
"CENPUP1",0
"RNA5SP331",0
"OR2AT2P",0
"NPM1P50",0
"RNU4-55P",0
"RNU6-277P",0
"RN7SKP287",0
"CTBP2P6",0
"MIR670",0
"OR52P1",0
"RPL29P23",0
"OR8G2P",0
"RNU6-256P",0
"MIR125B1",0
"BLID",0
"MIRLET7A2",0
"MIR100",0
"RNU4ATAC10P",0
"RNU4ATAC5P",0
"GRM5P1",0
"NOX4P1",0
"OR4C1P",0
"OR9M1P",0
"TRIM51HP",0
"TRIM64DP",0
"FOLH1B",0
"OR51F5P",0
"OR51A8P",0
"OR51H2P",0
"OR52A4P",0
"HBBP1",0
"OR52B5P",0
"OR10N1P",0
"OR8B1P",0
"OR8B9P",0
"DEFB130C",0
"SAA3P",0
"SLC25A51P4",0
"OR5AQ1P",0
"OR5BE1P",0
"OR5G5P",0
"OR2AH1P",0
"OR5M2P",0
"EEF1A1P49",0
"OR6M2P",0
"GUCY2EP",0
"OR10AB1P",0
"OR5BA1P",0
"OR7E14P",0
"TSSC2",0
"FAM86C2P",0
"SEPTIN7P11",0
"GVINP1",0
"CASP4LP",0
"FAUP4",0
"FAM86C1P",0
"OR52B1P",0
"OR52B2",0
"OR52W1",0
"CNGA4",0
"CCKBR",0
"RANP3",0
"MIR4696",0
"RPL36AP38",0
"CALCP",0
"CALCA",0
"OR7E41P",0
"OR4C9P",0
"OR4R1P",0
"OR4A47",0
"OR4A48P",0
"OR4A46P",0
"OR4A40P",0
"OR4A43P",0
"OR4A45P",0
"OR4A41P",0
"OR4A42P",0
"OR4A44P",0
"ETS1-AS1",0
"MS4A15",0
"NTM-IT",0
"OPCML-IT2",0
"OPCML-IT1",0
"MIR3160-1",0
"MIR3160-2",0
"MIR5582",0
"SNORD67",0
"RNU6-560P",0
"OR7E2P",0
"HNRNPCP8",0
"XIAPP2",0
"OR4S1",0
"OR4C4P",0
"OR4C5",0
"OR4C2P",0
"OR4C10P",0
"UBTFL9",0
"MS4A19P",0
"OR51H1",0
"OR52K3P",0
"OR52I1",0
"NPAS4",0
"OR56A5",0
"MIR139",0
"RNU7-105P",0
"PDE2A-AS1",0
"MIR4692",0
"OR4C12",0
"OR4C48P",0
"OR4C45",0
"OR4C49P",0
"RNU6-592P",0
"GLULP3",0
"OOSP3",0
"SRD5A3P1",0
"SSU72L2",0
"SSU72P6",0
"SSU72L4",0
"SSU72L3",0
"SSU72L1",0
"OR52B4",0
"OR52B3P",0
"OR51R1P",0
"OR52P2P",0
"MRGPRF",0
"MIR3164",0
"CFAP300",0
"RNA5SP535",0
"RNU6-952P",0
"RNU7-187P",0
"NCAM1-AS1",0
"ANKK1",0
"MIR4301",0
"RNU2-35P",0
"KDM4F",0
"OOSP1",0
"OOSP4A",0
"OOSP4B",0
"OOSP2",0
"MS4A3",0
"WTAPP1",0
"KRT18P59",0
"UNC93B6",0
"MTCH1P2",0
"ZNF75CP",0
"RPL26P30",0
"PGAM1P8",0
"XNDC1CP",0
"SRSF8BP",0
"RPL31P46",0
"RPLP0P2",0
"THEM7P",0
"OR55B1P",0
"ACTE1P",0
"SLC22A20P",0
"DOC2GP",0
"COX8BP",0
"LINC00301",0
"OR1S2",0
"OR1S1",0
"OR52I2",0
"RN7SL23P",0
"MIR4488",0
"RNU6-376P",0
"MIR3920",0
"KIAA1191P2",0
"PLS1P1",0
"C11orf87",0
"TFAMP2",0
"RPSAP50",0
"ANO1-AS1",0
"ATP5PBP5",0
"BSX",0
"SNORD14D",0
"SNORD14C",0
"PHB1P17",0
"PTGDR2",0
"ZP1",0
"MIR8087",0
"RNA5SP339",0
"CBX3P1",0
"MIR610",0
"ATP5MGP8",0
"FLRT1",0
"PSMA2P1",0
"RASSF10-DT",0
"RNA5SP336",0
"RNA5SP337",0
"AKTIPP3",0
"MED28P5",0
"RNA5SP347",0
"MIR6073",0
"LINC01488",0
"RPL7AP79",0
"RPL34P22",0
"SCGB1D1",0
"SCGB2A1",0
"SCGB1D2",0
"SCGB2A2",0
"SCGB1D4",0
"PPP1R1AP1",0
"RNA5SP344",0
"RNU6-1135P",0
"MTCYBP41",0
"CSRP3",0
"PCNAP4",0
"NAV2-IT1",0
"RNA5SP335",0
"HMGB1P40",0
"MIR670HG",0
"LINC02952",0
"LINC02748",0
"LINC02761",0
"LINC02713",0
"LINC02989",0
"MIR34BHG",0
"LINC02727",0
"LINC02548",0
"MRPL23-AS1",0
"LINC01219",0
"LRP4-AS1",0
"KCNQ1-AS1",0
"LINC02720",0
"LINC03096",0
"DISC1FP1",0
"LINC02699",0
"LINC02712",0
"ARHGEF17-AS1",0
"LINC02685",0
"LINC02744",0
"LINC02700",0
"NTM-AS1",0
"LINC02584",0
"LINC02726",0
"LINC02717",0
"LINC02098",0
"LINC02489",0
"H19",0
"LINC02742",0
"NAV2-AS2",0
"LINC02719",0
"LINC02760",0
"LINC02683",0
"LINC02953",0
"FZD4-DT",0
"LINC02689",0
"LINC02721",0
"LINC02747",0
"DENND2B-AS1",0
"LINC02730",0
"LNC-RHL1",0
"LINC02151",0
"LINC02741",0
"LINC02686",0
"LINC02684",0
"MRGPRG-AS1",0
"LINC02698",0
"NAV2-AS4",0
"MPPED2-AS1",0
"MRGPRF-AS1",0
"SLC1A2-AS2",0
"KIRREL3-AS2",0
"LINC02695",0
"RNU6-44P",0
"WT1",0
"TRIM51FP",0
"TYRL",0
"TRIM51BP",0
"PPIAP43",0
"BAK1P2",0
"OR51A1P",0
"FAM86GP",0
"RPS24P14",0
"WARS1P1",0
"RPL36AP39",0
"OR8Q1P",0
"FOLR1P1",0
"OR5E1P",0
"ARPC3P4",0
"RPL7AP57",0
"RDXP1",0
"C1DP5",0
"UNC93B5",0
"CCND2P1",0
"ART2P",0
"MRGPRX7P",0
"COX7CP3",0
"SETP16",0
"BCAS2P1",0
"COPS8P3",0
"TRIM51EP",0
"TRIM64EP",0
"TRIM53CP",0
"ALG1L8P",0
"ENPP7P7",0
"OR7E13P",0
"TREHP1",0
"LINC03031",0
"CHCHD3P1",0
"HSP90AB7P",0
"HMGN1P20",0
"ZNF33BP1",0
"ACTR3BP5",0
"PABPC1P12",0
"RPS24P13",0
"ZNF37CP",0
"RPS4XP11",0
"GDF2",0
"CHEK2P5",0
"FXYD6P1",0
"SLC39A12",0
"AMD1P1",0
"MYO3A",0
"FTLP19",0
"PTF1A",0
"RPL36AP55",0
"HIRAP1",0
"CTSLP2",0
"MKX-AS1",0
"MRPL50P4",0
"MRPS35P3",0
"MYL6P3",0
"SNRPEP8",0
"RPL31P44",0
"NEK4P3",0
"SPAG6",0
"THAP12P3",0
"FAM32CP",0
"LINC01520",0
"FARSBP1",0
"PPIAP30",0
"RSU1P3",0
"WARS2P1",0
"NPAP1P3",0
"ARHGAP19-SLIT1",0
"ABCD1P2",0
"LINC02628",0
"MKNK2P1",0
"RPA2P2",0
"SMARCE1P7",0
"RPLP1P10",0
"KSR1P1",0
"RPL7P37",0
"TLK2P2",0
"LINC01514",0
"RPL17P35",0
"COX7CP4",0
"SNRPGP6",0
"MTND4P18",0
"CYP2C61P",0
"RPL21P91",0
"RPS6P15",0
"PHB2P1",0
"IGKV1OR10-1",0
"TIMM9P1",0
"PNLIPRP3",0
"HMGN2P34",0
"PTGES3P5",0
"FAM13C",0
"RAD1P1",0
"CFAP58",0
"RPL12P26",0
"DUX4L24",0
"PRLHR",0
"FRG2B",0
"SLC25A18P1",0
"DUX4L28",0
"NTAN1P1",0
"LINC01153",0
"TXNP1",0
"LINC02661",0
"KCNK18",0
"DUX4L14",0
"DUX4L20",0
"DUX4L25",0
"DUX4L23",0
"SAR1AP2",0
"DUX4L15",0
"DUX4L29",0
"DUX4L21",0
"FOXI2",0
"RPS10P18",0
"DUX4L11",0
"YBX2P1",0
"DUX4L10",0
"PPIAP38",0
"DUX4L12",0
"HMGB3P8",0
"NIP7P1",0
"ZNF488",0
"DUX4L22",0
"DUX4L13",0
"BTBD7P2",0
"GAPDHP45",0
"HMGB1P7",0
"RNU6-576P",0
"MIR6078",0
"RNU6-163P",0
"RNU6-889P",0
"MIR6072",0
"RNA5SP299",0
"RNA5SP300",0
"RNU6-1212P",0
"RNA5SP303",0
"MIR511",0
"RNU6-1141P",0
"MIR4480",0
"MIR4481",0
"RN7SKP219",0
"RNA5SP306",0
"RNU6-413P",0
"RNA5SP304",0
"MIR938",0
"RNU6-908P",0
"RNU6-632P",0
"RN7SKP220",0
"RNU7-22P",0
"RN7SL398P",0
"RNU6-1118P",0
"MIR605",0
"RNA5SP318",0
"RN7SKP196",0
"RNU6-543P",0
"MIR3924",0
"RN7SL840P",0
"RNU6-325P",0
"RNU6-478P",0
"RN7SKP238",0
"RNA5SP322",0
"MIR346",0
"RNU6-129P",0
"MIR4678",0
"RNA5SP324",0
"RNU2-43P",0
"RN7SKP278",0
"RNA5SP326",0
"RNU5B-6P",0
"RNU6-463P",0
"RNU6-1165P",0
"MIR3663",0
"RNU6-839P",0
"MIR3158-1",0
"MIR3158-2",0
"MIR609",0
"RNU6-728P",0
"MIR378C",0
"EIF4BP2",0
"LUZP4P1",0
"RNU6-15P",0
"LINC03089",0
"RPL9P21",0
"RNU6-740P",0
"DDX18P6",0
"RPL35AP24",0
"SLC9A3P3",0
"SLC9A3P1",0
"LINC02621",0
"RN7SL591P",0
"LINC02929",0
"MIR4297",0
"EBF3-AS1",0
"LINC01561",0
"MIR4675",0
"MTND1P21",0
"MRM3P1",0
"MIR1915",0
"RNU6-490P",0
"RPL7AP8",0
"RNU6-1274P",0
"MIR607",0
"HMGN2P35",0
"RN7SL445P",0
"RPL12P28",0
"RNA5SP323",0
"RAB11AP1",0
"RPSAP7",0
"MARCKSL1P1",0
"INA",0
"RNU11-3P",0
"MIR1307",0
"HDAC1P1",0
"RNU6-657P",0
"TUBB8",0
"RN7SL754P",0
"ATP5MC1P8",0
"COX6CP15",0
"RNA5SP321",0
"KCNMA1-AS3",0
"MBL2",0
"RN7SL453P",0
"FAM25C",0
"RPL7P34",0
"LIPF",0
"NAPGP1",0
"RNU6-598P",0
"EEF1A1P39",0
"DNM1P17",0
"GOLGA2P6",0
"RN7SL241P",0
"MIR7162",0
"NIFKP1",0
"CCND3P1",0
"RN7SL63P",0
"SNRPGP12",0
"HMGB3P5",0
"RNU6-571P",0
"MED28P1",0
"RNU6-883P",0
"SYNPO2L",0
"BMS1P4-AGAP5",0
"RNA5SP320",0
"C10orf71",0
"MSMB",0
"RPS15AP28",0
"TMEM256P1",0
"MTCO2P23",0
"MTCO1P23",0
"MTND1P20",0
"RNU6-666P",0
"RNU6-452P",0
"LINC02673",0
"FAM210CP",0
"TRIAP1P1",0
"PTCHD3",0
"RPL11P4",0
"RPS25P9",0
"RNA5SP309",0
"SPTLC1P1",0
"RPS15AP5",0
"MTND4LP11",0
"RNU6-687P",0
"MIR548F1",0
"GAPDHP21",0
"NPAP1P2",0
"BMS1P21",0
"ZNRF2P3",0
"DPY19L2P5",0
"C1DP3",0
"CABCOCO1",0
"IFIT1B",0
"RNA5SP305",0
"RN7SKP241",0
"HNRNPA1P33",0
"NPY4R",0
"RNU6-697P",0
"MIR7152",0
"TPRX1P1",0
"RPS12P18",0
"MBL3P",0
"SFTPA3P",0
"CYP2C58P",0
"RPL7AP52",0
"MTND4P20",0
"CYP2C59P",0
"CYP2C60P",0
"PAWRP1",0
"MIR1287",0
"LINC02620",0
"MIR4682",0
"NACAP2",0
"RNU7-107P",0
"RN7SL78P",0
"MIR608",0
"MIR8086",0
"RPSAP10",0
"RN7SKP39",0
"RNU4ATAC6P",0
"RNU6-1067P",0
"RNU6-270P",0
"MIR202",0
"ZNF511-PRAP1",0
"BANF1P2",0
"PRAP1",0
"MIR3944",0
"HMGB1P50",0
"SLC18A3",0
"RNU1-19P",0
"BMS1P3",0
"AGAP11",0
"FAM25A",0
"RN7SL733P",0
"TECTB",0
"MIR6715B",0
"MIR6715A",0
"ARL6IP1P2",0
"RNU6-811P",0
"RN7SL314P",0
"TMEM161BP1",0
"VN1R53P",0
"CEP57L1P1",0
"YY1P1",0
"PPIAP32",0
"RNA5SP301",0
"MIR107",0
"MIR5100",0
"RNU6ATAC11P",0
"RPL5P26",0
"RNU6-535P",0
"RN7SKP167",0
"MIR5699",0
"RPL7AP51",0
"MIR7151",0
"RPL21P92",0
"DNAJC12",0
"RNU6-1250P",0
"RN7SL394P",0
"DNAJC19P1",0
"RNU6-523P",0
"RPS3AP38",0
"POU5F1P5",0
"LBX1",0
"FAM25G",0
"LIPK",0
"FXYD4",0
"SNORD3J",0
"RNU7-193P",0
"RPL21P88",0
"RNU6-271P",0
"NPM1P25",0
"RPS26P40",0
"TLX1",0
"MED6P1",0
"MLDHR",0
"RNA5SP311",0
"OPN4",0
"OR6L2P",0
"OR7M1P",0
"SYCE1",0
"OR6L1P",0
"RN7SKP202",0
"ATOH7",0
"LINC02640",0
"KRT19P4",0
"FXYD6P2",0
"RPL7P35",0
"LRRTM3",0
"RN7SKP288",0
"RNA5SP327",0
"MIR4680",0
"BMS1P7",0
"RPS6P14",0
"COX7BP6",0
"RPL13AP19",0
"MIR3611",0
"PTCD2P2",0
"MIR4679-2",0
"MIR4679-1",0
"EIF4A2P2",0
"RNU6-833P",0
"RNU1-65P",0
"GPR15LG",0
"LRIT2",0
"RGR",0
"LRIT1",0
"EBLN1",0
"RPL31P45",0
"COMMD3-BMI1",0
"MIR2110",0
"AURKAP2",0
"RNU6-794P",0
"RN7SL248P",0
"RNU6-1244P",0
"MIR4483",0
"PLEKHS1",0
"RNU7-165P",0
"MIR603",0
"RPL23P11",0
"LINC02629",0
"ELOBP4",0
"RPL37P18",0
"SS18L2P1",0
"RNU6-847P",0
"RNU6-193P",0
"PRDX2P2",0
"RN7SL384P",0
"RPL5P25",0
"RPL36AP36",0
"UCMA",0
"RNA5SP302",0
"OR7E115P",0
"RPL32P23",0
"BORCS7-ASMT",0
"RPL22P17",0
"MIR936",0
"MIR4294",0
"LRRC18",0
"MTND4P19",0
"MTND1P18",0
"IMPDH1P5",0
"H2AZP5",0
"GNAI2P2",0
"RNU6-1090P",0
"PNLIP",0
"PNLIPP1",0
"NPY4R2",0
"NKX2-3",0
"NANOGP6",0
"RNU2-72P",0
"RNA5SP308",0
"NUTF2P5",0
"MIR4293",0
"TPT1P10",0
"MARK2P15",0
"GAPDHP28",0
"AIFM1P1",0
"PCDH15",0
"HSD17B7P2",0
"CCNYL2",0
"BMS1P2",0
"FAM21FP",0
"FAM238C",0
"FAM25EP",0
"FAM25BP",0
"CFL1P1",0
"LINC00993",0
"CTSLP3",0
"GLUD1P2",0
"CCNYL4",0
"AGAP12P",0
"PTPN20CP",0
"SHLD2P1",0
"PARGP1",0
"FAM21EP",0
"GLUD1P3",0
"SEPTIN7P9",0
"BMS1P1",0
"SVIL-AS1",0
"MIR4295",0
"MIR4296",0
"MRPS21P6",0
"NEUROG3",0
"PPP1R3C",0
"RN7SL847P",0
"PLA2G12B",0
"PAX2",0
"A1CF",0
"MIX23P2",0
"FAM238A",0
"FAM238B",0
"RPL15P13",0
"RNU6-1121P",0
"LINC02626",0
"DUSP29",0
"BEND7",0
"BUB1P1",0
"CLRN3",0
"C10orf62",0
"HPSE2",0
"MIR6507",0
"ARL5AP2",0
"RPL7P36",0
"CPN1",0
"TPM4P1",0
"SPCS2P2",0
"SNORA12",0
"RPL39P25",0
"HMGA1P5",0
"SPA17P1",0
"RNU6-673P",0
"FGFBP3",0
"RNA5SP325",0
"MIR548AK",0
"C10orf53",0
"RPS3AP37",0
"SNORD98",0
"PITX3",0
"LRRC37A6P",0
"PIPSL",0
"ZNF37BP",0
"PHACTR2P1",0
"BEND3P1",0
"MBL1P",0
"GUCY2GP",0
"FRMPD2B",0
"SPADH",0
"DUSP13B",0
"DUSP13A",0
"C10orf120",0
"DMBT1L1",0
"C10orf88B",0
"RNA5SP315",0
"VN1R54P",0
"RSU1P1",0
"RNU6-885P",0
"RPS12P2",0
"MAT1A",0
"ZNF519P1",0
"DYDC1",0
"DYDC2",0
"RPS7P9",0
"RPS27P18",0
"MIR4484",0
"RNU2-42P",0
"GNG10P1",0
"FANK1-AS1",0
"SPRING1P1",0
"UQCRHP3",0
"ELOCP30",0
"GJD4",0
"MIR4683",0
"FAM245B",0
"CUX2P1",0
"EIF2AP4",0
"LINC02622",0
"TMEM72",0
"DUXAP4",0
"CEP164P1",0
"RSU1P2",0
"ANKRD54P1",0
"MIR3156-1",0
"RNU6-1207P",0
"OR6D1P",0
"OR13A1",0
"MTND5P42",0
"MARK2P16",0
"RNU6-1075P",0
"RNU2-18P",0
"JMJD1C-AS2",0
"JAKMIP3-AS1",0
"SLIT1-AS1",0
"LINC02636",0
"PLCE1-AS2",0
"LINC02654",0
"LINC00709",0
"LINC02651",0
"LINC01518",0
"LINC02643",0
"LINC00838",0
"NEBL-AS1",0
"LINC02670",0
"LINC03046",0
"SFTA1P",0
"LINC02881",0
"LINC02633",0
"PLCE1-AS1",0
"C10orf71-AS1",0
"LINC01264",0
"LINC00845",0
"SLC18A2-AS1",0
"LINC02655",0
"LINC01519",0
"LINC02672",0
"LINC02662",0
"LINC02944",0
"LINC02645",0
"NRG3-AS1",0
"LINC00836",0
"C10orf67-AS1",0
"LINC02675",0
"LINC02674",0
"LINC01475",0
"CSGALNACT2-DT",0
"SORCS3-AS1",0
"LINC03029",0
"TCERG1L-AS1",0
"HSPA12A-AS1",0
"LINC03068",0
"LINC02644",0
"LINC02653",0
"ADGRA1-AS1",0
"LINC01168",0
"TEX36-AS1",0
"ARHGAP22-IT1",0
"LBX1-AS1",0
"CERNA2",0
"LINC00841",0
"LINC02659",0
"BEND7-DT",0
"LINC00706",0
"LINC02665",0
"LINC02663",0
"DLG5-AS1",0
"LINC02630",0
"LINC00708",0
"LINC02632",0
"LINC02652",0
"MIR202HG",0
"AKR1C5P",0
"AKR1C8",0
"ARL4AP3",0
"AKR1C7P",0
"UCN3",0
"LINC02668",0
"FRMD4A-AS1",0
"PABPC1P8",0
"SLC9B1P3",0
"CTSLP1",0
"DUSP8P1",0
"PPIAP39",0
"RPL23AP60",0
"TRAF6P1",0
"NPM1P30",0
"SHLD2P3",0
"RHEBP2",0
"AGAP7P",0
"CTSLP6",0
"C1DP2",0
"C1DP4",0
"ANTXRLP1",0
"PLD5P1",0
"ORMDL1P1",0
"AKR1C6P",0
"OR7E26P",0
"DCLRE1CP1",0
"PFN1P11",0
"FAF2P1",0
"CTSLP4",0
"LINC00857",0
"CUBNP3",0
"ANKRD30BP3",0
"RPL12P27",0
"RPL26P28",0
"FAM138D",0
"KCNA5",0
"GAPDHP31",0
"DDX55P1",0
"OR7E148P",0
"RPL7P40",0
"APOBEC1",0
"HNRNPABP1",0
"RPL21P100",0
"HIGD1AP8",0
"SLC15A5",0
"GYS2",0
"TIMM17BP1",0
"PSMC1P8",0
"EGLN3P1",0
"NANOGNB",0
"AK6P2",0
"CLUHP8",0
"MRPS36P5",0
"DUX4L27",0
"KRT76",0
"MTND2P17",0
"NF1P12",0
"LINC02461",0
"KRT125P",0
"RSL24D1P5",0
"KRT8P39",0
"MRPL40P1",0
"MTND1P24",0
"HNRNPA1P69",0
"ARL2BPP2",0
"BEST3",0
"LNCHR1",0
"SNRPGP20",0
"CCER1",0
"NTAN1P3",0
"RPL21P104",0
"SOAT2",0
"LINC02426",0
"AK6P1",0
"KRT8P19",0
"PPFIA2-AS1",0
"RPL23AP68",0
"SZRD1P1",0
"LINC00615",0
"NR1H4",0
"RPL21P106",0
"LINC02392",0
"HAUS8P1",0
"C12orf75-AS1",0
"MYF6",0
"DYNLL1P4",0
"GLULP5",0
"CYCSP30",0
"WSCD2",0
"RPL13AP21",0
"ADGRD1-AS1",0
"MYF5",0
"RPL23AP67",0
"LGR5",0
"PRXL2AP1",0
"KRT18P60",0
"PRELID2P1",0
"YPEL5P3",0
"VPS51P3",0
"LINC02463",0
"RPS6P20",0
"KRT18P20",0
"SLC17A8",0
"LINC02460",0
"RPL17P37",0
"LINC02393",0
"TBX3",0
"ANHX",0
"CASC18",0
"RNU6-275P",0
"RN7SKP161",0
"RNU7-60P",0
"RNU6-837P",0
"RNU6-545P",0
"MIR3974",0
"RNU6-251P",0
"RN7SL38P",0
"RNU6-318P",0
"RNA5SP357",0
"RNA5SP360",0
"RNA5SP356",0
"RNA5SP358",0
"RNA5SP359",0
"RNU6-472P",0
"RNU6-1093P",0
"RNU6-333P",0
"RNU6-400P",0
"RNU6-871P",0
"RNU6-279P",0
"RNU4-20P",0
"MIR1228",0
"RNU6-595P",0
"RNU1-83P",0
"MIR6125",0
"RNU6-769P",0
"MIR6757",0
"RN7SKP172",0
"MIR3913-1",0
"RN7SL737P",0
"MIR3913-2",0
"RNU7-4P",0
"MIR618",0
"MIR4699",0
"MIR331",0
"MIR5700",0
"MIR4495",0
"RNU6-768P",0
"RN7SL88P",0
"RN7SL483P",0
"RNA5SP367",0
"MIR3685",0
"RNU6-1183P",0
"RNU5E-5P",0
"RNU4-41P",0
"RNA5SP369",0
"MIR7844",0
"RN7SL330P",0
"MIR4303",0
"RNU6-101P",0
"RNA5SP368",0
"RNU6-172P",0
"RNU6-36P",0
"RNU6-1068P",0
"RNU6-247P",0
"MIR4472-2",0
"RN7SKP11",0
"RNA5SP374",0
"RN7SL865P",0
"RNA5SP376",0
"MIR3612",0
"RNU6-717P",0
"RN7SL508P",0
"MIR3922",0
"MIR135A2",0
"MIR3649",0
"LINC00940",0
"CACNA1C-IT1",0
"HNRNPA1P34",0
"RN7SKP216",0
"TBX5",0
"RNU6-879P",0
"INHBC",0
"MIR6758",0
"B4GALNT1",0
"RNU6-1083P",0
"RNU6-713P",0
"MTCH2P2",0
"IL31",0
"RNU6-485P",0
"RNU4-65P",0
"AVPR1A",0
"RN7SL441P",0
"RNU6-399P",0
"MIRLET7I",0
"RPL32P26",0
"NDFIP1P1",0
"ZKSCAN7P1",0
"CAPZA3",0
"PIK3C2G",0
"EPYC",0
"RPL11P5",0
"RNU6-600P",0
"RNU6-940P",0
"DDN",0
"RNU6-781P",0
"RN7SL380P",0
"RNU7-1",0
"MIR200C",0
"MIR141",0
"SCARNA12",0
"RN7SL734P",0
"RNU6-1271P",0
"FGF23",0
"GSTP1P1",0
"SDR9C7",0
"GPR182",0
"MIR6505",0
"MIR3908",0
"RPL27P12",0
"REP15",0
"HMGB1P49",0
"RN7SKP15",0
"HMGA2-AS1",0
"MIR6074",0
"RNA5SP362",0
"RN7SL69P",0
"ATP5MFP5",0
"TMEM119",0
"MIR4496",0
"RNU7-169P",0
"RNA5SP353",0
"RNU6-590P",0
"RN7SKP162",0
"CENPUP2",0
"RNU4-67P",0
"TUBB4BP1",0
"FAHD2P1",0
"FOXN4",0
"RNU4-32P",0
"RN7SKP250",0
"MIR4304",0
"STAB2",0
"PSMB3P1",0
"RNU6-558P",0
"OR6C70",0
"OR6C64P",0
"AMHR2",0
"MIR3198-2",0
"RN7SL390P",0
"RNU6-950P",0
"MIR148B",0
"RN7SL744P",0
"SCARNA10",0
"SCARNA11",0
"MIR7851",0
"RN7SKP197",0
"MIR1178",0
"RPL35AP30",0
"RNU6-1009P",0
"ATP6V1E1P3",0
"RASSF3-DT",0
"PIANP",0
"RERGL",0
"WIF1",0
"RNU6-166P",0
"APOOP3",0
"RNU6-927P",0
"RPL35AP29",0
"RNA5SP377",0
"RPS6P21",0
"RNU6-1017P",0
"MIR6763",0
"LRCOL1",0
"P2RX2",0
"RNA5SP379",0
"TSPAN19",0
"MIR3652",0
"RNU7-106P",0
"RN7SKP261",0
"AKIRIN1P1",0
"OASL2P",0
"PPDPFP2",0
"MESDP1",0
"RNU6-494P",0
"RN7SL387P",0
"TROAP",0
"C1QL4",0
"MIR6762",0
"MIR4701",0
"RNA5SP375",0
"MIR8072",0
"MIR6502",0
"RN7SKP166",0
"OSBPL9P5",0
"OSBPL9P4",0
"RAB11AP2",0
"OR2AP1",0
"MIR492",0
"MIR613",0
"GLIPR1L1",0
"OR6C4",0
"H3P35",0
"CHCHD3P2",0
"TRHDE",0
"OR6C7P",0
"OR6C75",0
"OR6C76",0
"ASS1P14",0
"OR6C69P",0
"OR6C72P",0
"OR6C6",0
"OR6C5P",0
"ANP32D",0
"RPS10P20",0
"LALBA",0
"NEUROD4",0
"OR9K2",0
"OR9R1P",0
"MIR614",0
"RNA5SP366",0
"GARIN6",0
"MIR3657",0
"RPL7AP60",0
"IQSEC3P1",0
"TMEM132C",0
"RPL17P38",0
"ASCL4",0
"ATF7-NPFF",0
"RPL31P51",0
"RASSF9",0
"BRI3P2",0
"RPS15AP32",0
"IFT57P1",0
"RNU4-54P",0
"KRT3",0
"KRT4",0
"KRT79",0
"KRT78",0
"RPL7P41",0
"SMCO3",0
"OR10P1",0
"RN7SKP134",0
"MIR4700",0
"ARF1P2",0
"CCNG2P1",0
"OR6C1",0
"RPS27P24",0
"MIR26A2",0
"MIR4498",0
"RPS20P31",0
"RNU6-700P",0
"NPM1P7",0
"GCNAP1",0
"KLRF2",0
"RNU6-327P",0
"NANOGNBP2",0
"PTP4A1P2",0
"PPIAP44",0
"RNU6-618P",0
"ANKRD49P2",0
"RNU5F-4P",0
"RPL31P50",0
"GPRC5D",0
"RAD51AP1",0
"GAU1",0
"RNU6-87P",0
"RNU6-1273P",0
"RN7SL519P",0
"GCSHP4",0
"ZNF75BP",0
"TMT1AP1",0
"KRT84",0
"KRT82",0
"KRT90P",0
"KRT71",0
"TAS2R7",0
"TAS2R8",0
"TAS2R13",0
"MIR4698",0
"MIR4494",0
"MIR6880",0
"RNU6-834P",0
"POLR2KP1",0
"HIGD1AP9",0
"HOXC11",0
"HOXC10",0
"HOXC6",0
"MIR196A2",0
"HOXC9",0
"RNU7-103P",0
"RPL23AP14",0
"TSPAN9-IT1",0
"RNU6-174P",0
"OR8S1",0
"OR5BS1P",0
"TAS2R10",0
"RN7SL459P",0
"SNORA49",0
"HNRNPA1P70",0
"IL22",0
"HOXC4",0
"HOXC5",0
"TAS2R50",0
"TAS2R63P",0
"MIR920",0
"KNOP1P1",0
"RN7SL793P",0
"MIR1252",0
"NOP56P3",0
"DSTNP2",0
"OR6U2P",0
"OR6C71P",0
"OR6C66P",0
"DEFB109F",0
"FAM86FP",0
"OR7E47P",0
"KRT87P",0
"KRT89P",0
"EP400P1",0
"TAS2R64P",0
"RERG-IT1",0
"METTL8P1",0
"RNU6-148P",0
"KCNJ8",0
"MREGP1",0
"PRPH",0
"RNU6-1088P",0
"PLA2G1B",0
"RNU1-146P",0
"PHB1P18",0
"OR5BK1P",0
"OR5BT1P",0
"OR8S21P",0
"OR8T1P",0
"OR10AD1",0
"H1-7",0
"RPL21P99",0
"AK3P6",0
"NLRP9P1",0
"TMEM132D-AS2",0
"TAS2R42",0
"PRB3",0
"PRB1",0
"AQP2",0
"AQP6",0
"ELOCP32",0
"LDHAL6CP",0
"MKRN9P",0
"SLC9A7P1",0
"RPL13P5",0
"RPSAP52",0
"RPL22P19",0
"KRT19P2",0
"HTR7P1",0
"PHB1P19",0
"RPL30P11",0
"PGAM1P5",0
"CBX3P4",0
"PAFAH1B2P2",0
"RPS27P25",0
"SLC26A10P",0
"OR9K1P",0
"CLECL1P",0
"MRPS18CP4",0
"RNU6-491P",0
"RPL30P12",0
"SMIM41",0
"MIR6760",0
"RNA5SP373",0
"RNU6-1329P",0
"DPPA3P5",0
"TTC41P",0
"HOXC-AS2",0
"GLYCAM1",0
"CACNA1C-AS4",0
"CACNA1C-AS3",0
"SULT6B2P",0
"RNU1-149P",0
"LRRC34P1",0
"RPS27P22",0
"LINC02566",0
"DCD",0
"VDAC1P5",0
"OR10U1P",0
"OR10A7",0
"OR6C65",0
"RN7SKP65",0
"RNU7-120P",0
"MRPS6P4",0
"LINC02444",0
"RPL6P25",0
"RNU1-117P",0
"PDE3A",0
"SLCO1B3",0
"SLCO1B3-SLCO1B7",0
"SLCO1B7",0
"MIR1251",0
"RPL21P103",0
"RN7SKP262",0
"MIR4302",0
"RNA5SP354",0
"DBX2",0
"RACGAP1P1",0
"SSBL3P",0
"RNA5SP361",0
"OR7A19P",0
"MARK3P1",0
"SLC38A4",0
"SNORA2A",0
"RN7SKP289",0
"LINC02598",0
"IFITM3P6",0
"STBD1P1",0
"SLC25A39P2",0
"KLRA1P",0
"HSPE1P12",0
"RPS2P41",0
"ADAM1A",0
"ADAM1B",0
"SLC25A3P2",0
"MIR619",0
"RNU6-361P",0
"RNU7-94P",0
"RPL31P48",0
"RNU6-1012P",0
"LINC02394",0
"VENTXP3",0
"GOLGA2P5",0
"RN7SL176P",0
"LINC02448",0
"LINC02423",0
"LINC01486",0
"LINC02617",0
"HOXC-AS3",0
"LINC02400",0
"LINC01498",0
"LINC02439",0
"LINC02441",0
"PDE3A-AS1",0
"LINC02417",0
"LINC02406",0
"CAPS2-AS1",0
"LINC00477",0
"HOTAIR",0
"LINC02408",0
"ETNK1-DT",0
"LINC02385",0
"LINC01489",0
"LINC02455",0
"FIGNL2-DT",0
"CACNA1C-IT3",0
"CPNE8-AS1",0
"MSRB3-AS1",0
"LINC02454",0
"LINC02821",0
"LINC02445",0
"LINC02424",0
"LINC02387",0
"KRT73-AS1",0
"CISTR",0
"LINC02403",0
"C12orf42-AS1",0
"LINC02386",0
"LINC02442",0
"PITPNM2-AS1",0
"LINC02369",0
"LINC02368",0
"FAM242C",0
"LINC02456",0
"TBX5-AS1",0
"CHFR-DT",0
"LNCOG",0
"LINC02972",0
"LINC02258",0
"LINC02419",0
"LINC02401",0
"LINC02359",0
"LINC02825",0
"FAM32EP",0
"NDUFA5P6",0
"LINC02824",0
"LINC02372",0
"HSPE1P20",0
"RNU1-104P",0
"COPS5P2",0
"CLLU1-AS1",0
"DDX12P",0
"NIFKP3",0
"WASH8P",0
"TUBB8P5",0
"ZNF970P",0
"VTI1BP3",0
"RPL7AP9",0
"RPL10P13",0
"YWHAQP7",0
"KRT17P8",0
"BTG1P1",0
"RPL36P15",0
"OOEPP2",0
"RPL7P38",0
"RPL13AP20",0
"ALG1L10P",0
"PPIAP45",0
"BRWD1P2",0
"GNAI2P1",0
"NACAP8",0
"PCNPP3",0
"LINC02375",0
"RNU6-1069P",0
"RPL12P32",0
"LINC03088",0
"LSP1P1",0
"ZNF962P",0
"RPL17P51",0
"HSPD1P9",0
"C1QTNF9-AS1",0
"MTCO3P2",0
"RPS20P32",0
"FABP3P2",0
"RPS21P8",0
"CHCHD2P11",0
"TIMM9P3",0
"LINC00457",0
"MTUS2-AS2",0
"ZNF646P1",0
"RPP40P2",0
"GAMTP2",0
"GNG5P5",0
"FREM2-AS1",0
"POLR3KP1",0
"SLC25A5P4",0
"PRR20FP",0
"DNAJA1P1",0
"ELL2P3",0
"LINC00374",0
"RPL37P21",0
"MARK2P12",0
"RPL12P34",0
"HMGN2P39",0
"PLA2G12AP2",0
"COX4I1P2",0
"FGFR1OP2P1",0
"NIPA2P5",0
"RPL31P53",0
"SPATA2P1",0
"HSPD1P8",0
"RPL21P111",0
"MTCL1P1",0
"CTAGE11P",0
"PRR20B",0
"VDAC1P12",0
"RPS3AP52",0
"LINC00333",0
"PRR20D",0
"PRR20E",0
"MTND4P1",0
"MTCO2P3",0
"OR7E111P",0
"RPL31P54",0
"CBY2",0
"WASF3-AS1",0
"LINC00377",0
"RABEPKP1",0
"POU4F1",0
"OLFM4",0
"ARF4P3",0
"CCT5P2",0
"PRR20A",0
"LINC01078",0
"SNRPFP3",0
"SRSF1P1",0
"SP3P",0
"RPS12P24",0
"HIGD1AP2",0
"HNRNPA1P31",0
"ELOCP23",0
"MTND5P3",0
"SLC15A1",0
"VENTXP2",0
"ATP6V1G1P7",0
"ARF4P4",0
"LINC01309",0
"SRGNP1",0
"GAPDHP34",0
"SCEL-AS1",0
"COX5BP6",0
"FTLP8",0
"DDX6P2",0
"LINC00353",0
"PEX12P1",0
"PRR20C",0
"TCEAL4P1",0
"NUS1P4",0
"SLITRK6",0
"CYCSP35",0
"NUS1P3",0
"NALF1-IT1",0
"SOX1",0
"CALM2P4",0
"RPL7AP61",0
"DPPA3P3",0
"AKR1B1P4",0
"RIOK3P1",0
"STOML3",0
"LINC01043",0
"RPL7L1P1",0
"TRIM60P13",0
"AZU1P1",0
"BNIP3P7",0
"MOB1AP1",0
"TIMM8BP1",0
"FAM216B",0
"GRPEL2P1",0
"MIR4499",0
"RNU5A-4P",0
"RNA5SP26",0
"RNU6-56P",0
"RN7SKP1",0
"RNY3P9",0
"RN7SKP2",0
"RNA5SP27",0
"RN7SL618P",0
"MIR5007",0
"RN7SKP6",0
"RNA5SP30",0
"RNY4P29",0
"MIR3169",0
"RNU7-88P",0
"RNY3P5",0
"RN7SL375P",0
"RN7SL761P",0
"RNY1P8",0
"RNU4-10P",0
"RNU6-66P",0
"RNY3P10",0
"RN7SL571P",0
"RNA5SP33",0
"RNU6-61P",0
"RNY3P7",0
"RNU6-77P",0
"RNY3P3",0
"RNU6-38P",0
"RNU6-67P",0
"RN7SL60P",0
"SNORD31B",0
"MIR1267",0
"RNA5SP38",0
"NME1P1",0
"MTND3P1",0
"DDX39AP1",0
"IPMKP1",0
"RFESDP1",0
"BASP1P1",0
"HMGA1P6",0
"RNY3P4",0
"RNU6-58P",0
"TATDN2P3",0
"LINC00327",0
"LINC00352",0
"MIR15A",0
"RPL34P26",0
"RNA5SP28",0
"RNA5SP29",0
"RPL5P31",0
"PRELID3BP2",0
"MIR5693",0
"ATP8A2P2",0
"NDE1P2",0
"SMAD9-IT1",0
"LAMTOR3P1",0
"CTAGE3P",0
"TRPC4",0
"RN7SKP5",0
"ABITRAMP1",0
"RNU2-6P",0
"RNU6-68P",0
"PPP1R2P4",0
"OR7E101P",0
"FKBP1AP3",0
"LINC00555",0
"BIVM-ERCC5",0
"POLR2KP2",0
"SGCG",0
"RN7SKP9",0
"SNORA31B",0
"HCFC2P1",0
"RNY4P28",0
"TARDBPP2",0
"RNA5SP31",0
"EIF4A1P6",0
"RNU6-71P",0
"PSMC1P13",0
"MIR3168",0
"MORF4L1P4",0
"RAC1P3",0
"RNU6-57P",0
"MIR5006",0
"RN7SL515P",0
"RNU6-74P",0
"KARS1P1",0
"RPS28P8",0
"PSMA6P4",0
"GJA3",0
"LINC00556",0
"SLC35E1P1",0
"RNU2-7P",0
"RANP8",0
"CNOT4P1",0
"PPIAP27",0
"RPS12P23",0
"IPPKP1",0
"ELOBP1",0
"RNU6-78P",0
"RN7SL741P",0
"RNY1P3",0
"EEF1DP3",0
"SCAND3P1",0
"PHB1P13",0
"RNY4P30",0
"RNY4P9",0
"DAOA-AS1",0
"UTP14C",0
"THSD1P1",0
"RN7SL320P",0
"SNRPGP11",0
"MIR4703",0
"RNU6-65P",0
"CCDC70",0
"ATP8A2P3",0
"THAP12P6",0
"ARHGEF7-IT1",0
"BTF3P11",0
"RPL7P44",0
"DHX9P1",0
"ATP11AUN",0
"THSD1",0
"RNY4P24",0
"HNRNPA1L2",0
"DAOA",0
"LINC00554",0
"NDUFA12P1",0
"ASNSP3",0
"NPM1P4",0
"GSX1",0
"PLUT",0
"RNU6-73P",0
"PDX1",0
"LINC01039",0
"CFL1P8",0
"MIR4306",0
"FNTAP2",0
"RN7SL766P",0
"LINC00400",0
"RPL36P19",0
"MIR8075",0
"CCNQP3",0
"SLC25A15P2",0
"CYCSP32",0
"MRPS31P2",0
"GOLM2P1",0
"LINC02339",0
"RAC1P8",0
"LINC01074",0
"LINC00459",0
"RPL32P28",0
"SQSTM1P1",0
"RNU6-81P",0
"LGMNP1",0
"STARP1",0
"MIR548X2",0
"MIR4704",0
"TRIM60P19",0
"LINC00561",0
"TPTE2",0
"RNU6-53P",0
"POM121L13P",0
"C1QTNF9",0
"PCDH20",0
"IRX1P1",0
"ANKRD20A10P",0
"RNY1P7",0
"RPL26P34",0
"RASA3-IT1",0
"MIR548AR",0
"CLCP2",0
"LINC01055",0
"RNU6-83P",0
"RPS6P23",0
"HSP90AB6P",0
"RN7SKP7",0
"RNY1P5",0
"KARS1P2",0
"ATP4B",0
"ANKRD20A19P",0
"SPACA7BP",0
"LINC00431",0
"TPTE2P3",0
"OR7E156P",0
"OR7E104P",0
"MRPS31P5",0
"TPTE2P1",0
"MIPEPP3",0
"SPTLC1P5",0
"RN7SL810P",0
"TOMM22P3",0
"KL",0
"STARD13-IT1",0
"CNMD",0
"MIR759",0
"PCDH8",0
"LONRF2P2",0
"LINC00388",0
"FEM1AP4",0
"LINC00387",0
"GXYLT1P1",0
"ZNF965P",0
"SNX18P26",0
"LINC00328-2P",0
"RHOT1P3",0
"RNU6-55P",0
"RNU6-76P",0
"SNX19P2",0
"USP24P1",0
"RNA5SP24",0
"CENPIP1",0
"RPL21P109",0
"RPL35AP31",0
"RPS10P21",0
"RNU1-24P",0
"HMGB3P7",0
"MIR2681",0
"LIPT1P1",0
"RNY1P2",0
"MIR4705",0
"RPL39P29",0
"FGF14-IT1",0
"KATNBL1P1",0
"CHCHD2P8",0
"RN7SL49P",0
"RN7SKP3",0
"KCTD4",0
"RPL23AP69",0
"CCR12P",0
"LNCARGI",0
"CCDC169-SOHLH2",0
"CCDC169",0
"DCLK1",0
"LINC00558",0
"MIR1297",0
"MIR621",0
"MAB21L1",0
"SMARCE1P5",0
"RNA5SP34",0
"KRT18P27",0
"MIR622",0
"RNU6-75P",0
"BRK1P2",0
"GPC6",0
"GPC6-AS2",0
"RNA5SP35",0
"GPC6-AS1",0
"RNA5SP36",0
"RN7SL585P",0
"SOX21",0
"BRD7P5",0
"RPL21P112",0
"LINC00557",0
"RNU6-62P",0
"RNY4P27",0
"MEMO1P5",0
"HMGN1P24",0
"HS6ST3",0
"RN7SL164P",0
"MIR4501",0
"AMMECR1LP1",0
"TPTE2P2",0
"RPL21P107",0
"H2ACP1",0
"TUBA3C",0
"METTL21EP",0
"RNU4ATAC3P",0
"FABP5P4",0
"GPC5-IT1",0
"MIR548AS",0
"GPC5-AS1",0
"PTMAP5",0
"ARL2BPP3",0
"LINC00367",0
"RPS4XP16",0
"ESRRAP2",0
"GUCY1B2",0
"CDX2",0
"URAD",0
"RN7SL272P",0
"C1QTNF9B",0
"SMAD9",0
"CYCSP33",0
"TPTE2P6",0
"PSPC1P2",0
"MYO16-AS2",0
"MYO16-AS1",0
"LINC01067",0
"RPL35P9",0
"CLYBL-AS2",0
"LINC00373",0
"RPL29P29",0
"RBM22P2",0
"MEDAG",0
"TEX26",0
"RNY1P1",0
"RNU6-63P",0
"LINC00347",0
"RNF113B",0
"RN7SKP8",0
"MIR3170",0
"LINC00552",0
"ARHGEF7-AS1",0
"RN7SKP10",0
"RN7SL783P",0
"MIR8073",0
"TXNL1P1",0
"UBBP5",0
"LIN28AP2",0
"MIR4500",0
"LINC00397",0
"TET1P1",0
"C13orf42",0
"MIR17",0
"MIR18A",0
"MIR19A",0
"MIR20A",0
"MIR19B1",0
"MIR92A1",0
"MIR4305",0
"RNY4P14",0
"RNU6-64P",0
"LINC00427",0
"SNORD102",0
"SNORA27",0
"RNU6-70P",0
"LINC00442",0
"LINC00375",0
"LINC01075",0
"LINC00404",0
"LINC00446",0
"LINC00415",0
"LINC01046",0
"LINC00362",0
"F10-AS1",0
"LINC00399",0
"LINC02344",0
"LINC02338",0
"LINC00564",0
"LINC00424",0
"LINC00434",0
"LINC00448",0
"LINC00572",0
"LINC00454",0
"ARHGEF7-AS2",0
"LINC01049",0
"LINC00408",0
"LINC00297",0
"LINC00430",0
"LINC00411",0
"LINC00349",0
"LINC00359",0
"LINC01080",0
"HTR2A-AS1",0
"LINC00348",0
"DIAPH3-AS2",0
"LINC01198",0
"LINC00380",0
"NALCN-AS1",0
"STARD13-AS",0
"LINC00379",0
"LINC00370",0
"LINC01066",0
"FGF14-AS2",0
"LINC00384",0
"LINC00423",0
"LINC01034",0
"LINC01065",0
"LINC00462",0
"FGF14-AS1",0
"LINC00354",0
"CLYBL-AS1",0
"LINC01058",0
"LINC02336",0
"LINC00456",0
"LINC01038",0
"LINC01047",0
"LINC00364",0
"LINC01048",0
"LINC00391",0
"LINC00543",0
"LINC00358",0
"LINC00445",0
"LINC00365",0
"LINC00566",0
"LINC00550",0
"LINC02342",0
"LINC00433",0
"STK24-AS1",0
"SACS-AS1",0
"MIR8079",0
"LINC02938",0
"PCDH9-AS1",0
"RNU7-87P",0
"PCDH9-AS2",0
"PCDH9-AS3",0
"LINC02337",0
"LINC01052",0
"LINC03032",0
"IGSF3P1",0
"PRDX3P3",0
"BCRP9",0
"COX7CP1",0
"PWWP2AP1",0
"OR7E33P",0
"OGFOD1P1",0
"RPL7AP73",0
"NUS1P2",0
"OR7E36P",0
"OR7E155P",0
"PPIAP28",0
"SLC25A15P3",0
"GAPDHP52",0
"PPP1R2P10",0
"GAPDHP22",0
"PPIAP26",0
"CYP4F34P",0
"PSPC1P1",0
"PPIAP25",0
"ATP5MC1P5",0
"ANKRD26P3",0
"BNIP3P6",0
"TRAJ60",0
"TRDD1",0
"TRAJ59",0
"TRAJ61",0
"TRDJ4",0
"KIAA1143P1",0
"TRDD2",0
"KRT8P2",0
"TRAJ55",0
"LINC02307",0
"KRT8P1",0
"TRAJ51",0
"RPS3AP46",0
"PSMA3P1",0
"SIX1",0
"EIF1AXP2",0
"RPL17P2",0
"SIX6",0
"SCOCP1",0
"ATP5F1AP4",0
"SALRNA1",0
"PARP1P2",0
"AKR1B1P5",0
"NCOA4P1",0
"RPL9P6",0
"CYCSP1",0
"BMP4",0
"OR7E159P",0
"EIF3LP1",0
"FKBP1BP1",0
"RAB42P1",0
"CYB5AP5",0
"LINC00520",0
"MTCYBP27",0
"EEF1A1P2",0
"YWHAQP1",0
"CKS1BP1",0
"MTND4P33",0
"OR7K1P",0
"CHORDC2P",0
"RPL23AP10",0
"IGHVIII-16-1",0
"IGHVII-30-1",0
"IGHVII-15-1",0
"IGHV3-37",0
"IGHV7-34-1",0
"IGHVIII-11-1",0
"IGHVII-26-2",0
"IGHVII-30-21",0
"IGHV1-17",0
"PEBP1P1",0
"ELK2AP",0
"IGHV7-27",0
"IGHV1-14",0
"IGHV3-33-2",0
"GLRXP2",0
"IGHVIII-25-1",0
"IGHVIII-38-1",0
"SLC20A1P2",0
"IGHV5-10-1",0
"IGHVII-33-1",0
"IGHVIII-13-1",0
"HOMER2P2",0
"IGHV3-30-2",0
"TRAJ46",0
"RNU6-458P",0
"RNU1-27P",0
"MIR3171",0
"RNU6-1261P",0
"RNU6-7",0
"RNU6-301P",0
"MIR5580",0
"MIR4708",0
"RN7SL598P",0
"RN7SKP99",0
"MIR5586",0
"RNU1-28P",0
"RNU6-552P",0
"RNU6-976P",0
"RNU6ATAC28P",0
"MIR4709",0
"SNORA11B",0
"RN7SKP107",0
"RN7SKP255",0
"RN7SL714P",0
"TRAJ25",0
"TRAJ19",0
"TRAJ2",0
"OR6E1P",0
"CMTM5",0
"BRD7P1",0
"RN7SKP205",0
"LINC00596",0
"LINC02287",0
"CHGA",0
"CYB5AP3",0
"RPL36AP4",0
"COX6CP11",0
"LINC02914",0
"SNRPGP1",0
"ZFP64P1",0
"ABHD12B",0
"RNU6-689P",0
"HIF1AP1",0
"RNU4ATAC14P",0
"SERPINA3",0
"OR4U1P",0
"OR4L1",0
"RNA5SP380",0
"OR4T1P",0
"PSMB7P1",0
"GTF2IP22",0
"OR11G1P",0
"OR11H6",0
"SNORA79B",0
"SNORD126",0
"RPPH1",0
"RNA5SP382",0
"PTCD2P1",0
"SETP1",0
"RNASE11-AS1",0
"RNASE4",0
"EDDM3DP",0
"EDDM3A",0
"EDDM3B",0
"RN7SL189P",0
"SLC39A2",0
"MIR6717",0
"RNASE13",0
"RNASE7",0
"RNASE8",0
"RNU6-252P",0
"SMARCE1P3",0
"HMGB3P26",0
"RPL10AP1",0
"EIF4A1P12",0
"RPL17P4",0
"CEND1P1",0
"LINC02280",0
"MIR4710",0
"RNU4-22P",0
"MPPE1P1",0
"RNU6-1162P",0
"RNU7-116P",0
"RPS28P1",0
"MIR2392",0
"MIR770",0
"MIR493",0
"MIR337",0
"MIR431",0
"MIR433",0
"MIR127",0
"MIR432",0
"MIR136",0
"SNORD112",0
"MIR370",0
"SNORD113-1",0
"SNORD113-2",0
"SNORD113-3",0
"SNORD113-4",0
"SNORD113-5",0
"SNORD113-6",0
"SNORD113-7",0
"SNORD113-8",0
"SNORD113-9",0
"SNORD114-1",0
"SNORD114-2",0
"SNORD114-3",0
"SNORD114-4",0
"SNORD114-5",0
"SNORD114-6",0
"SNORD114-7",0
"SNORD114-9",0
"SNORD114-10",0
"SNORD114-11",0
"SNORD114-12",0
"SNORD114-13",0
"SNORD114-14",0
"SNORD114-15",0
"SNORD114-16",0
"SNORD114-17",0
"SNORD114-18",0
"SNORD114-19",0
"SNORD114-20",0
"SNORD114-21",0
"SNORD114-22",0
"SNORD114-23",0
"SNORD114-24",0
"SNORD114-25",0
"SNORD114-26",0
"SNORD114-27",0
"SNORD114-28",0
"SNORD114-29",0
"SNORD114-30",0
"MIR379",0
"MIR299",0
"MIR380",0
"MIR1197",0
"MIR323A",0
"MIR758",0
"MIR329-1",0
"MIR329-2",0
"MIR494",0
"MIR1193",0
"MIR543",0
"MIR495",0
"MIR376C",0
"MIR376A2",0
"MIR654",0
"MIR376B",0
"MIR376A1",0
"MIR300",0
"MIR1185-1",0
"MIR1185-2",0
"MIR381",0
"MIR487B",0
"MIR539",0
"MIR889",0
"MIR544A",0
"MIR655",0
"MIR487A",0
"MIR382",0
"MIR134",0
"MIR668",0
"MIR485",0
"MIR323B",0
"MIR154",0
"MIR496",0
"MIR377",0
"MIR541",0
"MIR409",0
"MIR412",0
"MIR369",0
"MIR410",0
"MIR656",0
"RNU6-1268P",0
"SSBP3P5",0
"OR4H12P",0
"OR4N1P",0
"OR4K6P",0
"DHRS4L1",0
"MIR7703",0
"RNA5SP383",0
"NEDD8-MDP1",0
"SNORD8",0
"EIF4EBP1P1",0
"RN7SL650P",0
"RNU6-366P",0
"HSBP1P1",0
"HNRNPCP1",0
"RPL9P5",0
"RBBP4P5",0
"OR10G1P",0
"GPRASP3P1",0
"RPL17P3",0
"NMNAT1P1",0
"SNORA79",0
"UNGP3",0
"RNA5SP387",0
"COX7A2P1",0
"RNA5SP386",0
"RN7SL369P",0
"RPL21P9",0
"RN7SL213P",0
"RNU7-93P",0
"PHKBP2",0
"NKX2-8",0
"RN7SKP257",0
"IGHV7-40",0
"IGHVII-40-1",0
"IGHVII-43-1",0
"IGHVIII-44",0
"IGHVII-44-2",0
"IGHV1-45",0
"IGHVII-46-1",0
"IGHVIII-47-1",0
"IGHVII-49-1",0
"IGHV3-50",0
"IGHV5-51",0
"IGHVII-51-2",0
"IGHVII-53-1",0
"IGHV7-56",0
"IGHV3-57",0
"IGHV1-58",0
"RPS26P49",0
"CMA1",0
"CTSG",0
"FXNP1",0
"RNA5SP388",0
"RPS26P48",0
"RNU6-921P",0
"HMGN1P3",0
"RPS29P1",0
"SYF2P1",0
"UBE2CP1",0
"RPL12P5",0
"SERPINA11",0
"SERPINA9",0
"RN7SKP193",0
"MIR4504",0
"SYNJ2BP-COX16",0
"RNU2-51P",0
"ADAM21",0
"RNU6-659P",0
"RN7SL77P",0
"RN7SKP108",0
"RPL7AP4",0
"ABI1P1",0
"RN7SL706P",0
"RN7SL108P",0
"KRT18P6",0
"INSM2",0
"ILF2P2",0
"LRFN5",0
"OR4M1",0
"OR4K14",0
"OR4K13",0
"OR4K1",0
"NF1P4",0
"NF1P11",0
"CHURC1-FNTB",0
"MIR4706",0
"CCDC196",0
"ZDHHC22",0
"FAM204DP",0
"MIR1260A",0
"RN7SKP92",0
"RPL26P3",0
"RNU6-864P",0
"RNU11-5P",0
"MIR7855",0
"OR4E2",0
"MIR624",0
"OR11H4",0
"HIGD1AP17",0
"LINC02329",0
"MIR7843",0
"OR11G2",0
"NGB",0
"RNASE3",0
"TRAV9-1",0
"TRAV11",0
"TRAV8-5",0
"TRAV15",0
"TRAV8-7",0
"TRAV28",0
"TRAV31",0
"TRAV32",0
"TRAV33",0
"TRAV37",0
"TRAV40",0
"ATP6V1G1P1",0
"IGHJ2P",0
"IGHD7-27",0
"IGHJ1P",0
"IGHD1-26",0
"IGHD6-25",0
"IGHD5-24",0
"IGHD4-23",0
"IGHD3-22",0
"IGHD2-21",0
"IGHD1-20",0
"IGHD6-19",0
"IGHD5-18",0
"IGHD4-17",0
"IGHD3-16",0
"IGHD2-15",0
"IGHD1-14",0
"IGHD6-13",0
"IGHD5-12",0
"IGHD4-11",0
"IGHD2-8",0
"IGHD1-7",0
"IGHD6-6",0
"IGHD5-5",0
"IGHD4-4",0
"IGHD2-2",0
"IGHD1-1",0
"IGHVII-1-1",0
"IGHVIII-5-1",0
"IGHVIII-5-2",0
"RNA5SP389",0
"IGHVII-60-1",0
"IGHVII-62-1",0
"IGHVII-65-1",0
"SLC20A1P1",0
"IGHVII-67-1",0
"IGHVIII-67-2",0
"IGHVIII-67-3",0
"IGHVIII-67-4",0
"IGHV1-68",0
"IGHV1-69",0
"IGHV2-70D",0
"IGHV1-69-2",0
"IGHV2-70",0
"IGHV3-75",0
"IGHVIII-76-1",0
"IGHVII-78-1",0
"IGHV4-80",0
"IGHVIII-82",0
"CCDC197",0
"RPL36AP1",0
"RN7SL461P",0
"RNU6-1204P",0
"MIR6765",0
"TEX22",0
"IGHE",0
"H1-8P2",0
"RN7SL356P",0
"LRRC74A",0
"GPX2",0
"OR4K17",0
"RN7SL530P",0
"SUB1P2",0
"STK16P1",0
"RNU6ATAC30P",0
"RN7SL2",0
"RNU6-189P",0
"MIR6076",0
"PDLIM1P1",0
"RPL23AP8",0
"MRPL57P8",0
"OR4K15",0
"RNF212B",0
"NT5CP2",0
"ACOT6",0
"NDUFB8P1",0
"RNU6-240P",0
"LINC02274",0
"RNU6-273P",0
"RNU6-886P",0
"FOXA1",0
"COX8C",0
"RNU6-1258P",0
"PRIMA1",0
"FAM181A",0
"RPL21P6",0
"TBPL2",0
"MIR4503",0
"MIR208A",0
"MIR208B",0
"RNU6-1277P",0
"LINC00517",0
"SNORD127",0
"RNASE12",0
"RNU1-47P",0
"RD3L",0
"RN7SL634P",0
"MIR203A",0
"MIR203B",0
"RNU6-1291P",0
"TMEM183AP4",0
"MIR1247",0
"RN7SL586P",0
"MIR4707",0
"RNU6-244P",0
"MIR4309",0
"RN7SL546P",0
"RNA5SP384",0
"RPL32P29",0
"RNU6-398P",0
"RNU6-835P",0
"NEK2P1",0
"NF1P7",0
"RNU6-1239P",0
"NBEAP5",0
"OR11H13P",0
"CDRT15P13",0
"NBEAP6",0
"MIR6764",0
"MIR345",0
"SERPINA2",0
"ZFAND2AP2",0
"H3P37",0
"SERPINA13P",0
"OR4K16P",0
"OR11H5P",0
"DPPA3P2",0
"ADAM20P1",0
"ADAM6",0
"MED15P1",0
"BMS1P17",0
"OR4K3",0
"OR4K5",0
"IL25",0
"RN7SKP21",0
"IGHD3-10",0
"DIO3",0
"RPA2P1",0
"RPS15AP3",0
"MIR548Y",0
"OR11H2",0
"MIR4506",0
"RNU2-14P",0
"RPL36AP2",0
"RPPH1-2P",0
"TUNAR",0
"RNASE9",0
"RPL13AP3",0
"NDUFB4P11",0
"RAP2CP1",0
"MED15P6",0
"BNIP3P1",0
"DUXAP9",0
"ADAM21P1",0
"SERTAD4BP",0
"TEX21P",0
"SRP54-AS1",0
"RNASE11",0
"OR4Q3",0
"RRAGAP1",0
"NOVA1-DT",0
"LINC02294",0
"MIR4307",0
"LINC02326",0
"GPR33",0
"RNU6-602P",0
"RNU6-455P",0
"EIF4BP1",0
"YWHAZP1",0
"FSCB",0
"RNU6-297P",0
"RPL18P1",0
"RNU6-684P",0
"IGHEP1",0
"RNU7-51P",0
"LINC01148",0
"LINC02330",0
"SCARNA13",0
"LINC03058",0
"LINC02297",0
"SSBP3P4",0
"RPL22P20",0
"NF1P10",0
"DUXAP10",0
"DPPA5P4",0
"COX5AP2",0
"LINC02311",0
"LINC02304",0
"LINC00524",0
"LINC02331",0
"LINC02309",0
"PRPF39-DT",0
"LINC02295",0
"LINC02322",0
"MIR493HG",0
"LRFN5-DT",0
"CCDC88C-DT",0
"LINC02303",0
"LINC02308",0
"LINC00871",0
"NUBPL-DT",0
"LINC02282",0
"LINC00911",0
"LINC02286",0
"LINC02277",0
"LINC01269",0
"DIO2-AS1",0
"LINC01467",0
"PTCSC3",0
"MEG9",0
"LINC00523",0
"LINC02305",0
"LINC00644",0
"LINC02299",0
"LINC02279",0
"OTX2-AS1",0
"LINC02293",0
"LINC02318",0
"LINC00642",0
"LINC02317",0
"OR7E106P",0
"DDX18P1",0
"PPIAP4",0
"RPL12P7",0
"ELK2BP",0
"RPL3P4",0
"PTBP1P",0
"OR11H12",0
"LINC02313",0
"EIF5-DT",0
"OR11H3P",0
"OR11J6P",0
"IGHV1OR15-1",0
"MPHOSPH10P5",0
"OR4M2-OT1",0
"GOLGA6L1",0
"OR4N3P",0
"OR11J7P",0
"SERPINE4P",0
"NF1P2",0
"RPL5P32",0
"ZNF519P3",0
"OR4H6P",0
"GABRG3",0
"DNAAF4-CCPG1",0
"OR11K1P",0
"OR4Q1P",0
"FOXB1",0
"HNRNPA1P45",0
"GEMIN8P1",0
"TBC1D21",0
"SALRNA3",0
"HNRNPA1P5",0
"MRPS15P1",0
"PAK6-AS1",0
"FKBP1AP2",0
"CPLX3",0
"LMAN1L",0
"MTND5P40",0
"ZNF444P1",0
"DCAF13P3",0
"SUMO2P15",0
"MINAR1",0
"LARP6",0
"ADAMTSL3",0
"THRAP3P2",0
"RPL7L1P15",0
"LINC02157",0
"PGAM1P12",0
"TUBAP4",0
"SH3GL3",0
"KRT8P24",0
"TUBAP12",0
"NMNAT1P5",0
"MIR5701-3",0
"RNU6-631P",0
"RN7SL106P",0
"RNA5SP390",0
"MIR4715",0
"MIR3118-4",0
"MIR4509-1",0
"MIR4510",0
"MIR3942",0
"RNU6-1014P",0
"RN7SKP101",0
"RN7SKP139",0
"RN7SL577P",0
"MIR4716",0
"RN7SL307P",0
"MIR4712",0
"RN7SL494P",0
"RNU2-53P",0
"RN7SL568P",0
"SNORD3P1",0
"RNA5SP397",0
"MIR2116",0
"RNU4-80P",0
"RNU6-745P",0
"MIR629",0
"MIR6882",0
"RNU6-380P",0
"MIR5572",0
"RNU6-401P",0
"RNU6-1339P",0
"MIR3713",0
"RN7SKP217",0
"MIR1179",0
"RNU6-185P",0
"MIR7-2",0
"MIR3529",0
"MIR1469",0
"RN7SKP254",0
"RNU2-3P",0
"SNORD116-29",0
"SNORD116-30",0
"PWAR1",0
"DMAC1P1",0
"SNORD115-1",0
"SNORD115-2",0
"SNORD115-3",0
"SNORD115-4",0
"SNORD115-5",0
"SNORD115-6",0
"SNORD115-7",0
"SNORD115-8",0
"SNORD115-9",0
"SNORD115-10",0
"SNORD115-11",0
"SNORD115-12",0
"SNORD115-13",0
"SNORD115-14",0
"SNORD115-15",0
"SNORD115-16",0
"SNORD115-17",0
"SNORD115-18",0
"SNORD115-20",0
"SNORD115-21",0
"SNORD115-22",0
"SNORD115-23",0
"SNORD115-24",0
"SNORD115-25",0
"SNORD115-26",0
"SNORD115-27",0
"SNORD115-28",0
"SNORD115-29",0
"SNORD115-30",0
"SNORD115-31",0
"SNORD115-32",0
"SNORD115-33",0
"SNORD115-34",0
"SNORD115-35",0
"SNORD115-36",0
"SNORD115-37",0
"SNORD115-38",0
"SNORD115-39",0
"SNORD115-40",0
"SNORD115-41",0
"SNORD115-42",0
"SNORD115-43",0
"SNORD115-44",0
"SNORD115-45",0
"SNORD115-46",0
"SNORD115-47",0
"SNORD115-48",0
"SNORD109B",0
"CKMT1B",0
"RNU6-554P",0
"RNU6-353P",0
"RNU6-354P",0
"HNRNPA1P44",0
"DNM1P31",0
"RN7SL185P",0
"RN7SL539P",0
"GOLGA6L23P",0
"RN7SL214P",0
"CSPG4P11",0
"RN7SL331P",0
"UBE2Q2P8",0
"RN7SL417P",0
"CSPG4P5",0
"UBE2Q2P11",0
"BUB1B",0
"POTEB",0
"SEMA6D",0
"DEPDC1P1",0
"MIR1233-1",0
"RNU7-195P",0
"MIR6766",0
"MIR9-3",0
"H3P39",0
"RNU6-953P",0
"MIR147B",0
"AHCYP7",0
"RN7SL354P",0
"RPL32P30",0
"MIR549A",0
"MIR4514",0
"ANP32BP3",0
"RNU6-339P",0
"RNU6-796P",0
"MIR422A",0
"RN7SL796P",0
"RN7SL628P",0
"RN7SL82P",0
"MIR7973-2",0
"MIR7973-1",0
"RPL36AP43",0
"RNA5SP393",0
"MIR4310",0
"RNU6-132P",0
"MRPL15P1",0
"MESP2",0
"ARPIN-AP3S2",0
"MIR5009",0
"RNU6-1111P",0
"RNU7-111P",0
"MIR4508",0
"RNU6-741P",0
"MIR1266",0
"SNRPCP18",0
"RNU6-1169P",0
"UBE2CP4",0
"MKRN3",0
"TUBBP8",0
"NCAPGP2",0
"RN7SL484P",0
"RNA5SP402",0
"CERS3-AS1",0
"RPS24P16",0
"SCARNA15",0
"RPL12P35",0
"RNU6-231P",0
"MIR548AP",0
"RNA5SP400",0
"RNU6-1108P",0
"RNU6-1332P",0
"RNU6-966P",0
"PLA2G4B",0
"BCL2L10",0
"DUOXA2",0
"TPST2P1",0
"MIR8063",0
"MIR630",0
"RN7SL853P",0
"HIGD2B",0
"MIR626",0
"ONECUT1",0
"TMC3",0
"PERPP2",0
"MIR1302-10",0
"MIR6859-3",0
"CD24P2",0
"RNU6-1287P",0
"HMGB1P33",0
"RNU6-466P",0
"MIR211",0
"TMEM202",0
"PHB1P20",0
"MIR3174",0
"NDUFA3P4",0
"SH2D7",0
"GOLGA2P8",0
"RNU6-449P",0
"DNM1P5",0
"MIR1233-2",0
"RN7SL584P",0
"GOLGA6L4",0
"SCARNA14",0
"RPL9P25",0
"SNORD18C",0
"SNORD18B",0
"SNORD16",0
"SNORD18A",0
"RN7SL286P",0
"GREM1-AS1",0
"GOLGA8F",0
"ABCB10P3",0
"ABCB10P4",0
"RN7SL719P",0
"GOLGA8M",0
"MIR4311",0
"RNA5SP392",0
"PHGR1",0
"OR4M2",0
"RPL7P5",0
"H3P40",0
"GOLGA6L7",0
"RNA5SP399",0
"GOLGA6L2",0
"GOLGA8G",0
"GOLGA6L25",0
"GOLGA6L26",0
"GOLGA6L24",0
"ISL2",0
"MIR6085",0
"MIR190A",0
"OR4F4",0
"RN7SL536P",0
"LINC01583",0
"RNU1-77P",0
"SAXO2",0
"GOLGA6L9-AS1",0
"LINC00928",0
"TICRR",0
"CYCSP2",0
"CIBAR1P1",0
"RN7SL497P",0
"RN7SL278P",0
"KRT8P23",0
"GOLGA8J",0
"RN7SL673P",0
"GOLGA8T",0
"RN7SL469P",0
"DNM1P30",0
"RNU6-17P",0
"RN7SL196P",0
"RN7SL346P",0
"RN7SL736P",0
"RPL21P114",0
"RNA5SP396",0
"RNU6-516P",0
"RN7SL376P",0
"IGHV4OR15-8",0
"IGHV1OR15-4",0
"SPATA31E3P",0
"RN7SL545P",0
"RN7SL495P",0
"GOLGA6L22",0
"CIMAP1C",0
"MIR4313",0
"RN7SL319P",0
"DNM1P49",0
"OR4N4",0
"NPM1P47",0
"MIR8067",0
"MIR1272",0
"GOLGA8K",0
"FTLP20",0
"ASB9P1",0
"YBX2P2",0
"EGLN1P1",0
"RN7SL238P",0
"MIR4509-2",0
"MIR4509-3",0
"FAM149B1P1",0
"RN7SKP181",0
"SEPHS1P2",0
"MIR4312",0
"OR4F6",0
"OR4F15",0
"OR4F14P",0
"SNORD13D",0
"RNU6-844P",0
"MIR4713",0
"RN7SL428P",0
"MIR7706",0
"RNU7-79P",0
"RN7SL489P",0
"RN7SL327P",0
"MIR631",0
"RPL13P4",0
"MIR627",0
"BNIP3P5",0
"ELMO2P1",0
"GOLGA8DP",0
"CSPG4P13",0
"GOLGA6FP",0
"COMMD4P1",0
"UBE2Q2P16",0
"GOLGA2P7",0
"DNM1P51",0
"STRCP1",0
"ULK4P2",0
"UBE2Q2P13",0
"DNM1P46",0
"OR4G2P",0
"WASH3P",0
"DDX11L9",0
"CHEK2P2",0
"WHAMMP4",0
"WHAMMP2",0
"UBE2Q2P2",0
"UBE2Q2P6",0
"CSPG4P10",0
"GOLGA2P10",0
"GOLGA6L17P",0
"ULK4P3",0
"GOLGA8EP",0
"HERC2P2",0
"GOLGA8IP",0
"GOLGA6EP",0
"ULK4P1",0
"GOLGA6L5P",0
"UBE2Q2P1",0
"LINC00933",0
"CATSPER2P1",0
"PDCD6IPP2",0
"EFL1P1",0
"HERC2P9",0
"SCAND2P",0
"OR4F13P",0
"CSPG4P12",0
"ADAMTS7P4",0
"DNM1P47",0
"GOLGA2P11",0
"DNM1P34",0
"ISLR",0
"STRA6",0
"MIR6881",0
"MIR4714",0
"HNRNPA1P62",0
"WHAMMP3",0
"PDCD6IPP1",0
"TVP23BP1",0
"RNA5SP391",0
"RHCG",0
"NTRK3",0
"MED28P6",0
"RN7SL487P",0
"PGPEP1L",0
"GOLGA6D",0
"GAPDHP55",0
"GJD2",0
"H3P38",0
"NANOGP8",0
"RNU6-188P",0
"ALDH1A2-AS1",0
"EIF5A2P1",0
"DUXAP6",0
"ENO1P2",0
"RPL29P30",0
"HMGN2P46",0
"ACTG1P17",0
"CSNK1A1P1",0
"H2AZ2P1",0
"ANP32BP1",0
"PPIAP46",0
"TMCO5B",0
"MIR184",0
"ANKRD34C",0
"MYZAP",0
"GCOM1",0
"LONRF2P4",0
"CXADRP2",0
"GRAMD4P6",0
"POTEB3",0
"MIR3118-3",0
"NF1P9",0
"MIR5701-2",0
"LINC02203",0
"OR11K1BP",0
"OR1Q1BP",0
"OR4H6BP",0
"OR4M2B",0
"OR4N4C",0
"OR4N3BP",0
"PWRN2",0
"NPAP1",0
"SNORD107",0
"PWAR5",0
"SNORD64",0
"SNORD108",0
"SNORD109A",0
"SNORD116-1",0
"SNORD116-2",0
"SNORD116-3",0
"SNORD116-4",0
"SNORD116-5",0
"SNORD116-6",0
"SNORD116-7",0
"SNORD116-8",0
"SNORD116-9",0
"SNORD116-10",0
"SNORD116-11",0
"SNORD116-12",0
"SNORD116-13",0
"SNORD116-14",0
"SNORD116-15",0
"SNORD116-16",0
"SNORD116-17",0
"SNORD116-18",0
"SNORD116-19",0
"SNORD116-20",0
"SNORD116-21",0
"SNORD116-22",0
"SNORD116-23",0
"SNORD116-24",0
"SNORD116-25",0
"SNORD116-26",0
"SNORD116-27",0
"SNORD116-28",0
"ANP32AP1",0
"RBM17P4",0
"RN7SL677P",0
"RNA5SP401",0
"RNU6-1186P",0
"FAM169BP",0
"RPL18P11",0
"GOLGA6GP",0
"RPL21P15",0
"RNU6-549P",0
"RBPMS2",0
"AGBL1-AS1",0
"GABRG3-AS1",0
"SPATA8-AS1",0
"C15orf32",0
"SPATA41",0
"SMASR",0
"LINC02349",0
"SCG5-AS1",0
"LINC02205",0
"LINC01413",0
"NTRK3-AS1",0
"LINC02255",0
"DIS3L-AS1",0
"LINC00052",0
"ATP10A-DT",0
"LINC02351",0
"LINC01584",0
"RYR3-DT",0
"GJD2-DT",0
"CT62",0
"LINC01586",0
"CTXN2-AS1",0
"LINC02568",0
"LINC03065",0
"LCIIAR",0
"INSYN1-AS1",0
"CARMAL",0
"POLGARF",0
"RNU6-978P",0
"IGHV1OR15-9",0
"SLC20A1P3",0
"IGHV1OR15-2",0
"IGHD5OR15-5A",0
"IGHD4OR15-4A",0
"IGHD3OR15-3A",0
"IGHD2OR15-2A",0
"IGHD1OR15-1A",0
"FAM30B",0
"HERC2P3",0
"GOLGA6L6",0
"MPHOSPH10P4",0
"RN7SL759P",0
"SPATA31E2P",0
"IGHV1OR15-6",0
"NBEAP1",0
"RNU6-498P",0
"LONRF2P3",0
"GRAMD4P5",0
"MIR3118-2",0
"POTEB2",0
"RNU6-749P",0
"ZNF519P2",0
"MIR5701-1",0
"LINC01193",0
"OR11J2P",0
"OR11J5P",0
"IGHD5OR15-5B",0
"IGHD3OR15-3B",0
"IGHD2OR15-2B",0
"IGHD1OR15-1B",0
"FAM30C",0
"BCAR1P2",0
"RN7SL400P",0
"RNU6-1235P",0
"LINC02915",0
"RPL7AP75",0
"DNM1P33",0
"DNM1P32",0
"MPHOSPH10P2",0
"DNM1P50",0
"HMGN2P47",0
"SMAD3-DT",0
"HMGN2P40",0
"GABARAPL3",0
"HNRNPLP2",0
"FSCN1P1",0
"BMS1P15",0
"MPHOSPH10P3",0
"HERC2P1",0
"MPHOSPH10P7",0
"HERC2P11",0
"MPHOSPH10P6",0
"HERC2P6",0
"HMGN1P26",0
"DNM1P38",0
"ISCA1P4",0
"HERC2P7",0
"UBE2Q2P12",0
"NIFKP8",0
"GOLGA6L3P",0
"DNM1P28",0
"RPL36AP45",0
"NIFKP4",0
"COMMD4P2",0
"DNM1P41",0
"BMS1P16",0
"PCSK6-AS1",0
"LINC02152",0
"HS3ST4",0
"LINC01195",0
"RGS11",0
"SCNN1G",0
"HS3ST2",0
"LINC01177",0
"PCMTD1P2",0
"DUX4L46",0
"DUX4L47",0
"PPP1R1AP2",0
"DUX4L45",0
"TCERG1P2",0
"TMF1P1",0
"LINC00273",0
"RPL23AP72",0
"HSPE1P16",0
"CCL17",0
"NPAP1L",0
"RPS27P27",0
"LINC02141",0
"PLA2G10GP",0
"CNTNAP4",0
"DPPA3P11",0
"HCCAT5",0
"LINC02135",0
"DUXAP11",0
"FOXL1",0
"VN2R10P",0
"MIR6859-4",0
"MIR6769A",0
"RNU6-1340P",0
"MIR548W",0
"RNA5SP405",0
"RNA5-8SP2",0
"RNU4-58P",0
"RNU6-21P",0
"RN7SKP76",0
"RNU6-758P",0
"RN7SKP233",0
"RNA5SP433",0
"MIR4719",0
"CLDN9",0
"CLDN6",0
"RNU1-125P",0
"RNU1-22P",0
"MTCO1P28",0
"MTND1P8",0
"C16orf90",0
"CORO7-PAM16",0
"TMEM265",0
"MIR4519",0
"CTF2P",0
"ZP2",0
"ENPP7P14",0
"SNRPCP20",0
"MIR8065",0
"RNU7-99P",0
"RNU6-457P",0
"RNU6-328P",0
"MT4",0
"MT1A",0
"MT1CP",0
"MT1B",0
"MIR6862-1",0
"CDC37P2",0
"MIR6862-2",0
"MIR4721",0
"MIR4517",0
"SLC7A5P1",0
"GDPD3",0
"GPR139",0
"MT1H",0
"MT3",0
"TNP2",0
"PRM3",0
"PRM2",0
"PRM1",0
"MIR548H2",0
"C16orf46-DT",0
"RNU6-1191P",0
"MIR4720",0
"MIR6504",0
"RN7SL279P",0
"RPS27P26",0
"RNU6-23P",0
"SNORD111B",0
"DUXB",0
"RN7SL520P",0
"RNA5SP403",0
"RNA5SP404",0
"RN7SL493P",0
"RNU6-633P",0
"MIR3935",0
"HBZ",0
"HBM",0
"HBZP1",0
"HBAP1",0
"HBQ1",0
"RNU6-359P",0
"RPS12P27",0
"MIR6773",0
"RPL35AP33",0
"RNU4-36P",0
"RNA5SP432",0
"ADAD2",0
"COX6A2",0
"VN1R64P",0
"VN1R65P",0
"KRBOX5P1",0
"VN1R66P",0
"IGFALS",0
"LINC00254",0
"RNU6ATAC25P",0
"TEKT5",0
"MTCYBP33",0
"MTND6P33",0
"MTND5P33",0
"MTND4P34",0
"MTND4LP24",0
"MTND3P13",0
"SUB1P4",0
"PLK1",0
"MIR3177",0
"MIR6767",0
"MIR6768",0
"MIR3178",0
"MIR6506",0
"MIR484",0
"MIR662",0
"SNORD68",0
"ZNF205",0
"RNA5SP426",0
"MTCH2P3",0
"MIR6772",0
"RNU6-20P",0
"CICP25",0
"ACTG1P16",0
"RNY4P3",0
"RPL10P14",0
"MIR138-2",0
"MIR6863",0
"RPL23AP91",0
"RN7SKP118",0
"RNU1-123P",0
"MIR3179-2",0
"MIR3670-2",0
"MIR3180-2",0
"MIR6511A2",0
"MIR6770-2",0
"MIR6511A3",0
"MIR1538",0
"LNCPTCTS",0
"RNU6-213P",0
"RNU7-61P",0
"RN7SL645P",0
"PLA2G10FP",0
"C16orf78",0
"LINC02179",0
"MRPS21P8",0
"RPL34P29",0
"MIR6771",0
"CMTM2",0
"BEAN1-AS1",0
"SNORA3C",0
"RNA5SP429",0
"SNRPEP3",0
"PDILT",0
"ACSM5",0
"ACSM2A",0
"C16orf92",0
"RNU6-269P",0
"RNU6-1110P",0
"SNORA50A",0
"RNU6-1155P",0
"RN7SL143P",0
"RPL12P36",0
"C16orf82",0
"ACSM5P1",0
"RNU6-430P",0
"TLE7",0
"CHST4",0
"RNU6-1061P",0
"RNU6-208P",0
"SNORD71",0
"MTCH2P4",0
"CLEC3A",0
"KRT8P22",0
"LSM3P5",0
"RNA5SP431",0
"RPS26P52",0
"LINC02186",0
"RNU7-24P",0
"RPL39P31",0
"SPMIP8",0
"RBM22P13",0
"IGHV1OR16-1",0
"IGHV1OR16-3",0
"IGHV3OR16-9",0
"COX6CP16",0
"LINC00311",0
"MIR5093",0
"SOD1P2",0
"RNU6-237P",0
"RNU6-898P",0
"RNU6-22P",0
"DERPC",0
"SNORA10",0
"SNORA64",0
"SNORA78",0
"RNF151",0
"RN7SL219P",0
"MIR1225",0
"MIR8058",0
"RN7SL134P",0
"MIR3182",0
"LARP7P2",0
"NRN1L",0
"KARS1P3",0
"DPEP2NB",0
"PLA2G10EP",0
"MIR3179-1",0
"MIR5189",0
"ZFPM1-AS1",0
"MIR4722",0
"RN7SL274P",0
"PLA2G10",0
"RNU6-159P",0
"RNU6-1241P",0
"RNA5SP425",0
"EIF4BP5",0
"MIR1910",0
"RPL10AP12",0
"SLC7A5P2",0
"CCNYL1B",0
"MIR193B",0
"MIR365A",0
"RN7SKP176",0
"MTCYBP28",0
"RN7SKP190",0
"ACTR3BP3",0
"PABPC1P13",0
"ABCD1P3",0
"FAM153DP",0
"ABHD17AP7",0
"IGHV2OR16-5",0
"IGHV3OR16-6",0
"IGHV1OR16-2",0
"IGHV3OR16-10",0
"IGHV1OR16-4",0
"IGHV3OR16-8",0
"RN7SKP142",0
"UBL5P4",0
"TIPINP2",0
"PTX4",0
"PRSS41",0
"PABPN1L",0
"RNA5SP428",0
"BOLA2",0
"RN7SL557P",0
"AQP8",0
"MIR6511B1",0
"MIR4516",0
"MIR3180-5",0
"SNORD60",0
"MIR3677",0
"MIR940",0
"MIR4717",0
"LINC00235",0
"MIR5587",0
"MIR3176",0
"DDX11L10",0
"MT1JP",0
"MT1IP",0
"ABCA3P1",0
"PLA2G10CP",0
"SNX29P2",0
"PDXDC2P",0
"FRG2KP",0
"PDPK2P",0
"URAHP",0
"TUBB8P7",0
"RRN3P3",0
"OTOAP1",0
"PDPR2P",0
"ABCC6P2",0
"HERC2P5",0
"SLC6A10P",0
"HERC2P8",0
"TMEM231P1",0
"SMG1P1",0
"RRN3P1",0
"SMG1P3",0
"MT1DP",0
"MPHOSPH10P1",0
"MT1L",0
"SMG1P7",0
"MIR140",0
"TP53TG3F",0
"CHEK2P6",0
"BMS1P8",0
"ENPP7P13",0
"IGHV3OR16-12",0
"IGHV3OR16-17",0
"ARHGAP23P1",0
"ABHD17AP9",0
"TP53TG3C",0
"PLA2G10IP",0
"NPIPA8",0
"MIR6511A4",0
"MIR6770-3",0
"MIR3180-3",0
"MIR3670-3",0
"MIR3179-3",0
"MIR3670-4",0
"MIR3179-4",0
"ABCC6P1",0
"MIR3670-1",0
"MIR3180-1",0
"PKD1P3",0
"MIR6511A1",0
"NPIPP1",0
"MIR6511B2",0
"MIR3180-4",0
"PRSS30P",0
"RNU6-355P",0
"MIR4718",0
"RPL35AP34",0
"NPIPB7",0
"ANKRD26P1",0
"RNU6-845P",0
"RAB43P1",0
"CKBP1",0
"CLUHP3",0
"VN1R67P",0
"VN1R3",0
"RPL23AP86",0
"MTND4LP25",0
"CBLN1",0
"CA7",0
"CIBAR2",0
"CALB2",0
"TPSD1",0
"PRSS29P",0
"TPSP2",0
"APOOP5",0
"PPIAP48",0
"RPS27AP16",0
"RPS2P45",0
"CASP16P",0
"ABCA15P",0
"ABCA17P",0
"CENPBD1P",0
"CDIPTOSP",0
"FBXL9P",0
"AFG3L1P",0
"SULT1A1",0
"UBE2FP2",0
"RPS15AP34",0
"PKD1P6",0
"CES1P1",0
"TP53TG3E",0
"TP53TG3B",0
"CCNYL3",0
"NAMPTP3",0
"VN1R69P",0
"SLC25A1P4",0
"RARRES2P5",0
"FGFR3P5",0
"AGGF1P8",0
"RARRES2P9",0
"AGGF1P9",0
"C2orf69P4",0
"FRG2GP",0
"RARRES2P7",0
"ZNF971P",0
"FRG2DP",0
"RARRES2P10",0
"AGGF1P6",0
"C2orf69P2",0
"TP53TG3HP",0
"RARRES2P8",0
"AGGF1P7",0
"C2orf69P1",0
"C1QL1P1",0
"RNA5SP406",0
"RNA5SP407",0
"RNA5SP408",0
"RNA5SP410",0
"RNA5SP411",0
"RNA5SP412",0
"RNA5SP413",0
"RNA5SP414",0
"RNA5SP415",0
"RNA5SP417",0
"RNA5SP418",0
"RNA5SP419",0
"RNA5SP420",0
"RNA5SP421",0
"RNA5SP422",0
"RNA5SP423",0
"VN1R70P",0
"UBA52P8",0
"MOCS1P1",0
"KLF8P1",0
"RNU6-257P",0
"TOX3",0
"MTND5P34",0
"RN7SL841P",0
"RPL31P56",0
"CLEC19A",0
"RNU4-46P",0
"RN7SL381P",0
"SCNN1B",0
"LINC01227",0
"LINC02191",0
"LINC02137",0
"LINC01566",0
"LINC02131",0
"CDH13-AS1",0
"LINC02189",0
"LINC02858",0
"LCMT1-AS2",0
"LINC02192",0
"NUP93-DT",0
"LINC00922",0
"LINC01228",0
"LINC02182",0
"LINC02134",0
"LINC02178",0
"LINC02168",0
"CDH8-AS1",0
"LINC02169",0
"LINC02188",0
"LINC01082",0
"LINC02133",0
"LINC02127",0
"LINC02165",0
"LINC02180",0
"LINC00917",0
"LINC02183",0
"LINC03064",0
"LINC02184",0
"C4orf46P1",0
"WASH4P",0
"BCAP31P1",0
"HMGN2P3",0
"RPL18P13",0
"VPS51P1",0
"DPPA2P4",0
"GAPDHP35",0
"PLA2G10DP",0
"PLA2G10KP",0
"PLA2G10HP",0
"CA5AP1",0
"PLA2G10JP",0
"PKD1P1",0
"NCOA5LP",0
"ATP5F1AP3",0
"PLA2G10BP",0
"SCML2P2",0
"CHEK2P7",0
"TP53TG3GP",0
"FRG2JP",0
"RARRES2P6",0
"FRG2HP",0
"FRG2IP",0
"AGGF1P5",0
"LINC02125",0
"RNU7-90P",0
"KRT18P18",0
"RNU7-71P",0
"LINC02126",0
"LITAFD",0
"RPS16P8",0
"SYPL1P2",0
"TUFMP1",0
"VN1R71P",0
"SMCR2",0
"B4GALNT2P1",0
"RPL5P33",0
"NME1-NME2",0
"PRELID3BP3",0
"ARL2BPP8",0
"RPL7P48",0
"PDLIM1P3",0
"ISCA1P3",0
"LINC02594",0
"CASC17",0
"RNU6-468P",0
"RNU6-990P",0
"MIR4522",0
"RNA5SP526",0
"MIR423",0
"RNU6-287P",0
"MIR3184",0
"MIR8059",0
"MIR6129",0
"RNU6-928P",0
"RNA5SP445",0
"MIR634",0
"RN7SKP14",0
"RNU7-155P",0
"SNORA38B",0
"RPSAP67",0
"RPL17P41",0
"FBXO36P1",0
"ARHGAP27P2",0
"NDUFB4P3",0
"RN7SL449P",0
"RNU7-134P",0
"CCDC182",0
"RN7SKP94",0
"TBC1D3P4",0
"YWHAEP2",0
"TNPO1P2",0
"SRP68P2",0
"RN7SL627P",0
"SENP3-EIF4A1",0
"SNORA48",0
"SNORD10",0
"SNORA67",0
"OR1P1",0
"OR1E3",0
"RPS29P22",0
"MIR4723",0
"MIR22",0
"OLA1P2",0
"SCDP1",0
"RNU6-1178P",0
"RNASEH1P1",0
"SPECC1P2",0
"LINC02097",0
"SPPL2C",0
"MAPT-IT1",0
"STH",0
"MIR6165",0
"RNU6-1313P",0
"DLX3",0
"MIR4740",0
"MIR3186",0
"TSEN15P1",0
"NXPH3",0
"SPEM1",0
"SPEM2",0
"SPEM3",0
"SCARNA21",0
"MIR4314",0
"HES7",0
"MIR6883",0
"SNORD118",0
"MIR4521",0
"ODF4",0
"RNU7-43P",0
"PPIAP52",0
"CCDC42",0
"CFAP52",0
"RPL19P18",0
"GLP2R",0
"NPM1P45",0
"RCVRN",0
"MYH13",0
"MYH8",0
"RNU6-1065P",0
"RPL15P21",0
"RN7SL601P",0
"MIR744",0
"MIR1269B",0
"MIR548H3",0
"CDRT15",0
"RPL23AP76",0
"CDRT7",0
"RNU6-24P",0
"SNORD1C",0
"SNORD1B",0
"SNORD1A",0
"RNU6-227P",0
"RNY4P36",0
"MIR636",0
"SCARNA16",0
"MIR6516",0
"MIR4316",0
"RPL6P26",0
"TEX19",0
"MIR4731",0
"RNU6-799P",0
"RN7SL792P",0
"KYNUP3",0
"MIR1180",0
"LINC02094",0
"MIR6786",0
"FSCN2",0
"SMIM6",0
"MIR4738",0
"RN7SL33P",0
"SAMD11P1",0
"MIR6776",0
"MIR1253",0
"MIR3614",0
"MSX2P1",0
"MYOCD",0
"H3P41",0
"SNORD42A",0
"SNORD4B",0
"MIR6868",0
"OR1D3P",0
"MIR454",0
"RTN4RL1",0
"OVCA2",0
"MIR132",0
"HNRNPA1P16",0
"SNORD91B",0
"ACE3P",0
"FAM136DP",0
"RPL31P57",0
"MIR3064",0
"MIR5047",0
"KPNA2P3",0
"TRIM80P",0
"MIR3678",0
"RNU6-938P",0
"MIR632",0
"GGT6",0
"RNU6-955P",0
"ATP6V0CP1",0
"MIR5010",0
"ATP5MGP7",0
"HMGB3P27",0
"RNU1-80P",0
"RNU7-97P",0
"MIR548AT",0
"SPECC1-DT",0
"RNU6-258P",0
"RNU6-467P",0
"SLC47A2",0
"DHRS7C",0
"KRT222",0
"KRT224P",0
"KRT25",0
"KRT20",0
"SNORD104",0
"SNORA50C",0
"RNU6-131P",0
"MIR6782",0
"LHX1",0
"GCGR",0
"MYADML2",0
"MIR6780A",0
"HMGN2P15",0
"RPS4XP17",0
"RNU6-840P",0
"SPICP2",0
"ATP5MGP6",0
"KRTAP17-1",0
"TBC1D3P7",0
"KRT33A",0
"KRT33B",0
"KRT31",0
"KRT41P",0
"MIR6785",0
"OR4D2",0
"MIR657",0
"MIR3065",0
"MIR338",0
"MIR1250",0
"PVALEF",0
"MIR3183",0
"BHLHA9",0
"MIR4525",0
"SUMO2P7",0
"TMEM92",0
"RPL36AP47",0
"EFCAB3",0
"RNU7-52P",0
"RNU6-446P",0
"SLC4A1",0
"RN7SL507P",0
"RNU6-453P",0
"FAM171A2",0
"RPL7L1P5",0
"MIR378J",0
"RNU6-489P",0
"MIR451A",0
"MIR451B",0
"MIR144",0
"MIR4732",0
"USH1G",0
"RNU6-362P",0
"RN7SL573P",0
"OR1D2",0
"OR1AC1P",0
"OR1E1",0
"OR1E2",0
"RNASEK-C17orf49",0
"MIR195",0
"MIR497",0
"BCL6B",0
"C17orf50",0
"KRT34",0
"TBC1D3E",0
"OR1A2",0
"SNRPGP17",0
"MIR4729",0
"RNU4-13P",0
"KRT39",0
"KRTAP3-3",0
"KRTAP3-2",0
"KRTAP3-4P",0
"KRTAP3-1",0
"KRTAP1-5",0
"KRTAP1-3",0
"KRTAP2-3",0
"KRTAP2-4",0
"KRTAP2-5P",0
"KRTAP4-11",0
"KRTAP4-12",0
"KRTAP4-5",0
"KRTAP4-4",0
"OR1A1",0
"ZNF29P",0
"ZNF286A-TBC1D26",0
"TBC1D26",0
"E2F3P1",0
"TOMM20P2",0
"SNORD7",0
"RN7SL138P",0
"MIR4733",0
"SEC24AP1",0
"MIR4524B",0
"MIR4524A",0
"KRT43P",0
"KRT32",0
"RNU2-32P",0
"MIR6510",0
"LINC00974",0
"BTBD17",0
"RNA5SP448",0
"MIR4739",0
"RN7SL79P",0
"RN7SL45P",0
"MIR4724",0
"MIR193A",0
"MIR365B",0
"RNU6-1264P",0
"BTF3P14",0
"MIR4315-1",0
"RDM1P1",0
"CHCT1",0
"RPSAP66",0
"RN7SL606P",0
"RN7SL448P",0
"RPLP1P11",0
"RPL22P21",0
"RNU6-314P",0
"RNU6-862P",0
"MIR1288",0
"SNORD49B",0
"SNORD49A",0
"SNORD65",0
"KRTAP2-1",0
"KRTAP4-8",0
"KRTAP1-4",0
"POLR3KP2",0
"GSG1L2",0
"PYY",0
"MIR4726",0
"RNA5SP440",0
"SPMAP1",0
"TRMT112P3",0
"DNAJB6P8",0
"CDK3",0
"SLC35G3",0
"MIR6864",0
"MIR6865",0
"MIR4730",0
"MIR1268B",0
"RNA5SP438",0
"CCL1",0
"RNU1-108P",0
"RNU1-52P",0
"RNVU1-34",0
"RNU6-518P",0
"MYL4",0
"RNU7-186P",0
"ITM2BP1",0
"CPDP1",0
"SCGB1C2",0
"OR1G1",0
"RN7SL236P",0
"TMEM235",0
"NEK4P2",0
"RNASEH1P2",0
"RNU6-405P",0
"RN7SL620P",0
"SRP68P1",0
"FAM106C",0
"COTL1P1",0
"WNT9B",0
"RNU6ATAC3P",0
"MIR5089",0
"KRTAP4-3",0
"KRTAP4-2",0
"KRTAP4-1",0
"KRTAP4-17P",0
"KRTAP9-2",0
"KRTAP9-8",0
"KRTAP9-4",0
"KRTAP9-11P",0
"KRTAP9-10P",0
"CSH2",0
"GH2",0
"KRTAP9-6",0
"KRTAP9-7",0
"TBC1D3H",0
"RNU6-1192P",0
"TBC1D3JP",0
"MTND6P35",0
"MTCYBP13",0
"MTND1P15",0
"MTND2P13",0
"MTATP6P3",0
"MTCO3P13",0
"CSH1",0
"SLC13A2",0
"MIR142",0
"MIR4736",0
"KRTAP4-6",0
"IGBP1C",0
"KRTAP4-9",0
"KRTAP4-7",0
"KRTAP2-2",0
"KRTAP4-16",0
"TBC1D3D",0
"TNFSF12-TNFSF13",0
"RNU2-1",0
"CHAD",0
"RPL39P33",0
"PDLIM1P2",0
"KCNJ18",0
"RDM1",0
"LYZL6",0
"CCL14",0
"CCL15-CCL14",0
"CCL15",0
"RN7SL301P",0
"TBC1D3I",0
"RNU4-34P",0
"MIR4523",0
"SRP68P3",0
"FAM106B",0
"TBC1D3P3",0
"MIR6778",0
"HOXB1",0
"MIR10A",0
"HOXB6",0
"HOXB8",0
"HOXB9",0
"MIR196A1",0
"MIR3615",0
"KRT17P5",0
"KRT17P2",0
"KRT16P1",0
"NOS2P2",0
"USP32P2",0
"PYY2",0
"PPY2P",0
"ZNF286B",0
"TBC1D27P",0
"OR1D4",0
"TBC1D3P2",0
"YWHAEP7",0
"OR3A4P",0
"KRT42P",0
"UBBP4",0
"LRRC37A11P",0
"USP32P1",0
"KRT16P6",0
"KRT16P2",0
"KRT17P1",0
"KRT17P4",0
"AOC4P",0
"CCDC144NL",0
"NPEPPSP1",0
"CCDC144BP",0
"TRIM16L",0
"KRT223P",0
"USP32P3",0
"NOS2P3",0
"KRT16P3",0
"KRT17P7",0
"MIR6787",0
"RNU2-4P",0
"RNU6-1137P",0
"MIR2117",0
"RNU6-406P",0
"RNU6-971P",0
"CRHR1",0
"MIR6784",0
"GAST",0
"RNA5SP442",0
"RN7SL399P",0
"LINC02563",0
"PSMD7P1",0
"RNA5SP444",0
"GARS1P1",0
"RNU6-1249P",0
"SMIM36",0
"CEP295NL",0
"MIR6783",0
"RNU6-298P",0
"RNU6-1134P",0
"GPR160P2",0
"SCARNA20",0
"SEPTIN7P12",0
"KRTAP9-1",0
"FAM187A",0
"TBC1D3P1",0
"MIR4737",0
"RHBDL3",0
"RN7SL800P",0
"WEE1P2",0
"RPL23AP87",0
"KRT16P4",0
"RPL29P2",0
"RPL21P122",0
"RNF126P1",0
"RDM1P5",0
"RPL12P38",0
"SH3GL1P1",0
"KRT18P55",0
"DBIL5P",0
"LINC02210",0
"TCAM1P",0
"H1-9P",0
"WFDC21P",0
"AIPL1",0
"KIAA0753",0
"RNA5SP435",0
"ALOX15P1",0
"OR3A3",0
"RNY4P13",0
"H2BN1",0
"SNORD3D",0
"RPL32P33",0
"ALOX12P2",0
"MRPL45P2",0
"TBC1D29P",0
"SMURF2P1",0
"LRRC37BP1",0
"RN7SL316P",0
"C17orf78",0
"SNORA21B",0
"SNORA21",0
"MIR6779",0
"TBX4",0
"LINC02210-CRHR1",0
"MIR6080",0
"PLEKHM1P1",0
"MIR4315-2",0
"RDM1P4",0
"AMZ2P1",0
"RNA5SP446",0
"CACNG4",0
"RNA5SP447",0
"SNORA59B",0
"SLC47A1P1",0
"MTND1P14",0
"NMTRQ-TTG12-1",0
"MTCO1P39",0
"HOXB-AS2",0
"ZSWIM5P1",0
"RNA5SP436",0
"MEIS3P1",0
"SPECC1P1",0
"ZFP3-DT",0
"COX6B1P2",0
"PRAC1",0
"PRAC2",0
"MIR3185",0
"RN7SL125P",0
"RNU1-42P",0
"GIP",0
"RNU6-826P",0
"MIR152",0
"RNU6-1201P",0
"MIR1203",0
"MIR4728",0
"ZPBP2",0
"CDRT8",0
"TBX2-AS1",0
"LINC00469",0
"LINC01971",0
"ABCA9-AS1",0
"LINC02073",0
"LINC01987",0
"FAM27E5",0
"LINC02003",0
"ERVE-1",0
"LINC02091",0
"RPH3AL-AS2",0
"RPH3AL-AS1",0
"LINC01028",0
"TMEM105",0
"LINC01563",0
"LINC01996",0
"LINC02093",0
"DYNLL2-DT",0
"LINC01152",0
"LINC02090",0
"MIR21",0
"MIR6777",0
"MIR33B",0
"BRI3P3",0
"MIR6884",0
"SNORD124",0
"MIR6866",0
"MIR6867",0
"PPIAP54",0
"RNA5SP441",0
"CDRT15P1",0
"NSFP1",0
"PTP4A2P1",0
"HSD17B1P1",0
"RPL7AP64",0
"SPDYE22P",0
"NCOR1P2",0
"FTLP13",0
"RPS26P8",0
"FTLP12",0
"NOS2P4",0
"KRTAP9-12P",0
"YWHAEP3",0
"KRT16P5",0
"COTL1P2",0
"RPL29P31",0
"SPICP3",0
"BPTFP1",0
"RPL36AP48",0
"CDRT15P2",0
"LINC01999",0
"CDRT15L2",0
"ZSWIM5P2",0
"MEIS3P2",0
"LINC01975",0
"RNA5SP434",0
"LINC01928",0
"SLC25A3P3",0
"COP1P1",0
"COX6CP3",0
"RPS4XP18",0
"PPIAP57",0
"BOD1P2",0
"LINC01543",0
"AKAIN1",0
"TPMTP1",0
"NPM1P1",0
"ZBTB7C-AS1",0
"RPS24P18",0
"MAP1LC3P",0
"RIT2",0
"POLR3GP2",0
"ATP7BP1",0
"RPSAP57",0
"ZBTB7C-AS2",0
"RPLP0P11",0
"HMGN1P31",0
"BOD1L2",0
"WDR7-OT1",0
"LINC01903",0
"RPL31P9",0
"LINC03111",0
"CTBP2P3",0
"CDH20",0
"MTL3P",0
"LINC02565",0
"RAC1P1",0
"RPS2P6",0
"NRBF2P1",0
"AIDAP3",0
"NPM1P2",0
"GALR1",0
"SCML2P1",0
"AKR1B10P2",0
"PLEKHB2P1",0
"SDHCP1",0
"KRT8P5",0
"HNRNPA1P11",0
"KRT18P8",0
"PRPF19P1",0
"NETO1",0
"LINC01910",0
"LARP7P3",0
"RPL12P40",0
"RPL17P45",0
"SLC25A51P2",0
"RN7SKP72",0
"RN7SL282P",0
"RN7SL50P",0
"RNU6-916P",0
"RNU6-903P",0
"RN7SL97P",0
"RNU6-1289P",0
"MIR302F",0
"RNU6-408P",0
"MIR3975",0
"MIR3929",0
"MIR4318",0
"MIR924",0
"MIR5583-2",0
"MIR5583-1",0
"RNU6-1242P",0
"RN7SKP182",0
"RNA5SP454",0
"RNA5SP455",0
"MIR187",0
"MIR4743",0
"RNU6-706P",0
"RNU6-708P",0
"RNA5SP458",0
"RNU6-737P",0
"RNU6-116P",0
"RN7SL342P",0
"RNA5SP456",0
"RNU4-17P",0
"RNU6-567P",0
"MIR5011",0
"RNU6-142P",0
"RNU6-1037P",0
"RN7SL705P",0
"RN7SL795P",0
"RNA5SP460",0
"MIR548AV",0
"RNU6-39P",0
"RNU6-655P",0
"RPL31P59",0
"IGLJCOR18",0
"RPL21P127",0
"RNU6-1131P",0
"DSG4",0
"RN7SKP44",0
"MIR4744",0
"PRR13P4",0
"RPL17-C18orf32",0
"MIR1539",0
"SNORD58C",0
"SNORD58A",0
"SNORD58B",0
"SRP72P1",0
"RNU1-46P",0
"RNA5SP459",0
"RPL21P126",0
"ONECUT2",0
"RNU6-742P",0
"LINC01897",0
"HMGN1P30",0
"MIR122",0
"MIR3591",0
"SNORA108",0
"RNU6-219P",0
"RNU2-69P",0
"MIX23P1",0
"PMM2P1",0
"MIR6788",0
"RPL21P128",0
"RNU6-120P",0
"MIR320C1",0
"ATP5MC1P6",0
"RNU6-324P",0
"PMM2P2",0
"PPIAP56",0
"RNU6-170P",0
"MLECP1",0
"MIR4319",0
"RNU7-25P",0
"RNU6-857P",0
"RNU6-167P",0
"CLUHP6",0
"SERPINB11",0
"SERPINB3",0
"DYNAPP2",0
"DYNAPP3",0
"RN7SL551P",0
"C18orf63",0
"RNU7-129P",0
"THEMIS3P",0
"AKR1B1P6",0
"ELOA2",0
"KCNG2",0
"IL9RP4",0
"BOLA2P1",0
"LINC01904",0
"KATNBL1P3",0
"RNU6-340P",0
"SALL3",0
"CETN1",0
"RNU1-109P",0
"LRRC30",0
"LINC03101",0
"LONRF2P1",0
"POTEC",0
"RNU6-1021P",0
"OR4K7P",0
"OR4K8P",0
"SNX19P3",0
"VN1R74P",0
"GTF2IP8",0
"RNU6-1210P",0
"MIR3156-2",0
"LINC01906",0
"TXNDC2",0
"RNA5SP450",0
"RPS27P28",0
"SNORA37",0
"MIR133A1",0
"MIR1-2",0
"RNU6-1038P",0
"RNA5SP451",0
"TOMM20P3",0
"MIR3976",0
"TMEM200C",0
"GRP",0
"RAX",0
"RPS26P54",0
"GLUD1P4",0
"RNY4P37",0
"RNU6-1278P",0
"ELOA3DP",0
"ELOA3BP",0
"ELOA3P",0
"HMSD",0
"RPL12P39",0
"SCARNA17",0
"RNA5SP457",0
"ADAD1P2",0
"MIR4320",0
"RN7SL310P",0
"STK25P1",0
"EIF4A2P1",0
"FRG2LP",0
"SERPINB10",0
"SLC35G4",0
"MIR7153",0
"ASNSP6",0
"ROCK1P1",0
"NPIPB1P",0
"RNU6-346P",0
"RPL26P35",0
"ANKRD20A5P",0
"RNU6-316P",0
"CYP4F35P",0
"TERF1P2",0
"TUBB8B",0
"RN7SL39P",0
"MIR6718",0
"RNU6-831P",0
"ELOCP27",0
"VN1R76P",0
"MIR4528",0
"RPL29P32",0
"CUPIN1P",0
"DYNAPP1",0
"RPL7AP67",0
"HNRNPA3P16",0
"RPL17P46",0
"SS18L2P2",0
"RSL24D1P9",0
"RPS10P27",0
"KIAA0895LP1",0
"ADGRA3P1",0
"CBX3P2",0
"CXADRP3",0
"RPLP0P12",0
"ELOA3CP",0
"LRRC37A7P",0
"OACYLP",0
"ZNF271P",0
"RN7SL401P",0
"ARL2BPP1",0
"RNA5SP461",0
"BNIP3P3",0
"RNU6-721P",0
"RNU6ATAC20P",0
"RNU6-702P",0
"RNU6-1032P",0
"UBE2CP2",0
"MIR4741",0
"MIR8057",0
"CHST9",0
"ATP6V1E1P2",0
"UBA52P9",0
"RBM22P1",0
"PA2G4P3",0
"WBP11P1",0
"SLC14A2-AS1",0
"LINC01538",0
"SLC25A52",0
"PGDP1",0
"RNA5SP452",0
"RNU6-435P",0
"MIR320C2",0
"GACAT2",0
"COSMOC",0
"LINC02856",0
"LINC01541",0
"LINC01925",0
"ARHGAP28-AS1",0
"ZNF24TR",0
"LINC01929",0
"LINC01912",0
"DSG1-AS1",0
"LINC01896",0
"PCAT18",0
"NETO1-DT",0
"LINC01924",0
"LINC00305",0
"TCF4-AS2",0
"PPIAP14",0
"FAM32DP",0
"WBP2P1",0
"SDHDP1",0
"FGF7P1",0
"SMUG1P1",0
"NF1P5",0
"ADRA1D",0
"RSPO4",0
"DEFB129",0
"DYNLT3P1",0
"EEF1A1P34",0
"DEFB125",0
"SRSF10P2",0
"LIN28AP3",0
"DEFB128",0
"RPL7P2",0
"EIF4E2P1",0
"CST5",0
"RPL7AP13",0
"CENATACP1",0
"PGAM3P",0
"SYNDIG1",0
"RPS11P1",0
"PCMTD1P7",0
"PDYN-AS1",0
"CFTRP2",0
"GGTLC1",0
"POM121L3P",0
"CST2",0
"CFTRP3",0
"SCRT2",0
"DEFB115",0
"CST9L",0
"LINC01734",0
"WFDC9",0
"GAPDHP54",0
"EYA2",0
"WFDC11",0
"CDC27P3",0
"RPL35AP",0
"ATG3P1",0
"MC3R",0
"RPL13P14",0
"CBLN4",0
"DKKL1P1",0
"GAPDHP53",0
"PHACTR3-AS1",0
"LINC01056",0
"LINC01429",0
"ANAPC13P1",0
"RPL17P1",0
"SCP2D1",0
"RPL29P35",0
"GATA5",0
"PIEZO1P1",0
"LLPHP1",0
"MRPS11P1",0
"RN7SKP69",0
"RN7SL547P",0
"RN7SL607P",0
"RN7SKP111",0
"RNU6-1257P",0
"RN7SL690P",0
"RNU1-23P",0
"RNU6-639P",0
"RN7SL116P",0
"RN7SL680P",0
"RNU7-144P",0
"RNU6-347P",0
"RNU7-6P",0
"RNU6-497P",0
"RNA5SP487",0
"MIR3194",0
"RNU6-929P",0
"RNU4ATAC7P",0
"RNU7-141P",0
"MIR1-1",0
"MIR133A2",0
"RN7SKP33",0
"MIR4758",0
"RNU6-563P",0
"SYS1-DBNDD2",0
"NDUFB4P10",0
"LINC01711",0
"MIR296",0
"MIR298",0
"MRPS16P2",0
"RPL36P4",0
"RPS27AP3",0
"RNU6-743P",0
"EIF4EBP2P1",0
"GTSF1L",0
"CST9",0
"OTOR",0
"MIR124-3",0
"MIR3196",0
"MIR4326",0
"RNU6-994P",0
"CHRNA4",0
"HIGD1AP15",0
"SDAD1P2",0
"RNU1-94P",0
"XKR7",0
"RNA5SP481",0
"RNA5SP482",0
"RSL24D1P6",0
"MIR1825",0
"TGIF2-RAB5IF",0
"AVP",0
"RNU6-1019P",0
"RNU6-384P",0
"MIR3193",0
"COX4I2",0
"FOXS1",0
"ZNF877P",0
"RNU6-192P",0
"SNORD17",0
"PTMAP3",0
"RPL15P1",0
"RNU7-137P",0
"GGCTP2",0
"RN7SL14P",0
"RN7SKP74",0
"MIR6869",0
"TVP23BP3",0
"FTLP1",0
"TCEAL9P1",0
"C20orf144",0
"RPL31P2",0
"RN7SL666P",0
"RNA5-8SP7",0
"GNRH2",0
"BANF2",0
"RNU2-52P",0
"RPL23AP81",0
"RN7SL615P",0
"RPL7AP12",0
"PRNT",0
"IDI1P3",0
"RNA5SP484",0
"ADI1P1",0
"RNU6-1018P",0
"RPL5P2",0
"EPPIN-WFDC6",0
"HSPD1P21",0
"RNA5SP485",0
"SPINT5P",0
"RNU6ATAC38P",0
"DPH3P1",0
"ARF4P2",0
"HMGB3P2",0
"DEFB132",0
"SLC52A3",0
"SNORD12C",0
"SNORD12B",0
"SNORD12",0
"WFDC13",0
"MIR3617",0
"SPINT4",0
"TNFRSF6B",0
"RPL19P1",0
"C20orf141",0
"TMEM239",0
"SPATA25",0
"TMEM74B",0
"TPM3P2",0
"PIGPP3",0
"RNU7-173P",0
"SRMP1",0
"RNA5SP486",0
"RNU7-92P",0
"PEDS1-UBE2V1",0
"COX6CP2",0
"MIR1302-5",0
"CSTL1",0
"CST11",0
"OCSTAMP",0
"HRH3",0
"TGM3",0
"TGM6",0
"SNORA71E",0
"SNORA60",0
"MIR548O2",0
"SLC32A1",0
"RN7SKP173",0
"MIR1257",0
"RPL17P48",0
"MIR3195",0
"C20orf202",0
"CCNB1IP1P2",0
"ADIG",0
"CYP24A1",0
"MIR499A",0
"MIR499B",0
"RNU6-407P",0
"HSPD1P19",0
"ANKRD60",0
"SUN5",0
"BPIFB2",0
"PUDPP3",0
"BPIFA2",0
"SOCS2P1",0
"BPIFA3",0
"RPL12P3",0
"KRT18P3",0
"RNA5SP476",0
"MIR3192",0
"RN7SL638P",0
"RNU6ATAC34P",0
"MIR4325",0
"RPL39P39",0
"SPO11",0
"MTND1P9",0
"DEFB121",0
"DEFB123",0
"DEFB124",0
"WFDC12",0
"PI3",0
"SEMG1",0
"SEMG2",0
"DEFB116",0
"RPL31P3",0
"RNA5SP480",0
"DEFB117",0
"DEFB118",0
"DEFB119",0
"MTCO1P59",0
"RN7SL498P",0
"TARDBPP1",0
"RNU1-55P",0
"LINC01433",0
"MIR3646",0
"MYT1",0
"IL9RP5",0
"CICP4",0
"IQSEC3P3",0
"CYB5AP4",0
"RNA5SP478",0
"C20orf181",0
"MIR941-1",0
"MIR941-2",0
"MIR941-3",0
"MIR941-4",0
"MIR941-5",0
"MIR1914",0
"MIR647",0
"PPIAP17",0
"RPLP0P1",0
"RNU6-278P",0
"RPS3P1",0
"AIMP1P1",0
"RN7SL864P",0
"RNU6-228P",0
"RNF11P2",0
"MACROD2-IT1",0
"RNU6-1159P",0
"RNU6-115P",0
"RNA5SP475",0
"ENSAP1",0
"CST13P",0
"CSTP1",0
"ZNF285DP",0
"BPIFA4P",0
"DEFB122",0
"PPP4R1L",0
"FRG1CP",0
"RNU6ATAC17P",0
"RN7SL594P",0
"BSNDP1",0
"BSNDP2",0
"LINC00489",0
"HSPBAP1P1",0
"PHKBP1",0
"RNU105B",0
"RPL36P1",0
"RN7SKP184",0
"PPIAP10",0
"RNU7-14P",0
"HMGB3P1",0
"NEFHP2",0
"PTPRT-AS1",0
"RN7SKP100",0
"BPIFA1",0
"RPS4XP2",0
"MKRN7P",0
"FER1L4",0
"ZNF663P",0
"RN7SL197P",0
"SNRPFP1",0
"RPS21P7",0
"RNA5SP474",0
"MIR646",0
"MTCO2P1",0
"MIR4533",0
"MIR548AG2",0
"RIMS4",0
"PGBD4P2",0
"RN7SL561P",0
"PDYN",0
"LINC01751",0
"LINC01706",0
"MIR8062",0
"MIR6870",0
"FAT1P1",0
"LINC02871",0
"RNU6-27P",0
"RNU1-131P",0
"CST12P",0
"CFTRP1",0
"BSNDP3",0
"NCOR1P1",0
"MIR663A",0
"HSPE1P1",0
"RPS2P54",0
"MIR3616",0
"LINC03079",0
"MRPS33P4",0
"SNORA71A",0
"SNORA71C",0
"SNORA71D",0
"KCNQ2-AS1",0
"MIR1292",0
"SNORD110",0
"SNORD86",0
"SNORD56",0
"SNORD57",0
"BMP7-AS1",0
"LINC00028",0
"LINC01427",0
"SCP2D1-AS1",0
"R3HDML-AS1",0
"MACROD2-AS1",0
"LINC01713",0
"LINC01733",0
"LINC03083",0
"LINC01718",0
"LAMP5-AS1",0
"LINC00494",0
"LINC00029",0
"LINC01620",0
"LINC01747",0
"MIR1-1HG",0
"NOL4L-DT",0
"LINC01432",0
"LINC00658",0
"LNCNEF",0
"ISM1-AS1",0
"LAMA5-AS1",0
"LINC01746",0
"LINC01728",0
"LINC00261",0
"LINC01742",0
"PTPRT-DT",0
"NKX2-4",0
"RN7SKP140",0
"GSTM3P1",0
"NKX2-2",0
"NKX2-2-AS1",0
"BETALINC1",0
"LINC01726",0
"VTCN1P1",0
"SCREEM1",0
"BBLNP1",0
"RPS27AP2",0
"MLLT10P1",0
"FRG1BP",0
"RARRES2P11",0
"RPS10P5",0
"VN1R108P",0
"NIPAL1P1",0
"RNU6-1146P",0
"RN7SL170P",0
"PTMAP6",0
"WBP1LP11",0
"C2CD4C",0
"ZNRF4",0
"RPS2P52",0
"OR7C2",0
"OR7A3P",0
"OR7A15P",0
"CASP14",0
"OR10H4",0
"BORCS8-MEF2B",0
"VN1R80P",0
"MTDHP2",0
"BNIP3P24",0
"VN1R79P",0
"VN1R82P",0
"VN1R78P",0
"ZNF729",0
"CPSF6P1",0
"ZNF209P",0
"BNIP3P32",0
"KRT18P40",0
"BNIP3P36",0
"VN1R90P",0
"TM6SF2",0
"BNIP3P8",0
"CDC42EP3P1",0
"BNIP3P31",0
"RPL7AP10",0
"BNIP3P30",0
"ERVK-28",0
"BNIP3P33",0
"VN1R91P",0
"MTDHP5",0
"BNIP3P40",0
"VN1R85P",0
"BNIP3P38",0
"HAPLN4",0
"BRI3BPP1",0
"VN1R92P",0
"ZNF723",0
"TAF9P3",0
"RPS4XP23",0
"RAB4B-EGLN2",0
"NLRP4",0
"CYP2A7P2",0
"BNIP3P34",0
"CYP2A13",0
"ZNF471",0
"CABP5",0
"RPL36P16",0
"MIA-RAB4B",0
"PSG7",0
"VN1R88P",0
"DKKL1",0
"VN1R81P",0
"LINC01782",0
"CHCHD2P3",0
"RNU6-2",0
"MIR1302-11",0
"RNU6-782P",0
"MIR1470",0
"RN7SL70P",0
"RNU6-1028P",0
"RNA5SP469",0
"RNA5-8SP4",0
"RNU6-967P",0
"RNA5SP471",0
"RNA5SP472",0
"RN7SL154P",0
"MIR4324",0
"ACP7",0
"IFNL3P1",0
"MSRB1P1",0
"IFNL4P1",0
"IFNL1",0
"RPS29P24",0
"RPS29P25",0
"MIR6791",0
"MIR4745",0
"MIR3187",0
"NANOS2",0
"PGLYRP1",0
"IGFL3",0
"TGIF1P1",0
"SNORD23",0
"MIR4750",0
"MIR4751",0
"C19orf81",0
"GPR32P1",0
"GPR32",0
"SNORD88B",0
"SNORD88A",0
"SNORD88C",0
"CYP4F36P",0
"ZNF861P",0
"CTBP2P7",0
"MIR6886",0
"MIR6796",0
"SYCN",0
"MEIOSIN",0
"RAX2",0
"IFNL2",0
"FGF21",0
"RNU6-317P",0
"MIR6887",0
"MIR5695",0
"MIR6515",0
"MIR6805",0
"RN7SKP109",0
"RFPL4AP1",0
"OR7D1P",0
"OR7E18P",0
"OR7H1P",0
"UBXN2AP1",0
"ZNF560",0
"SLC25A36P1",0
"MIR5589",0
"PPAN-P2RY11",0
"SNORD105",0
"SNORD105B",0
"MIR4322",0
"RPL39P34",0
"ERICH4",0
"SIGLEC8",0
"SIGLEC29P",0
"RPL9P33",0
"SPACA6-AS1",0
"MIR125A",0
"RNA5SP468",0
"MIR6799",0
"MIR6800",0
"MIR4749",0
"MIR4999",0
"SPACA4",0
"SNORD32A",0
"SNORD33",0
"SNORD34",0
"SNORD35A",0
"SNORD35B",0
"COX6CP7",0
"MIR5088",0
"RNU6-841P",0
"ERVV-2",0
"MIR6798",0
"NTF6A",0
"NTF6B",0
"CGB5",0
"RN7SL708P",0
"VN1R6P",0
"RPL39P36",0
"OSTCP3",0
"RNU6-698P",0
"MIR512-1",0
"MIR512-2",0
"MIR1323",0
"MIR498",0
"MIR520E",0
"MIR515-1",0
"MIR519E",0
"MIR520F",0
"MIR515-2",0
"MIR519C",0
"MIR1283-1",0
"MIR520A",0
"MIR526B",0
"MIR519B",0
"MIR525",0
"MIR523",0
"MIR518F",0
"MIR520B",0
"MIR518B",0
"MIR526A1",0
"MIR520C",0
"MIR518C",0
"MIR524",0
"MIR517A",0
"MIR519D",0
"MIR521-2",0
"RNU6-803P",0
"MIR520D",0
"MIR517B",0
"MIR520G",0
"MIR516B2",0
"MIR526A2",0
"MIR518E",0
"MIR518A1",0
"RNU6-980P",0
"MIR518D",0
"MIR516B1",0
"MIR518A2",0
"MIR517C",0
"MIR520H",0
"RNU6-982P",0
"MIR521-1",0
"RNU6-751P",0
"MIR522",0
"MIR519A1",0
"MIR527",0
"MIR516A1",0
"MIR1283-2",0
"RNU6-1041P",0
"MIR516A2",0
"MIR519A2",0
"MIR1909",0
"MIR7108",0
"GALP",0
"RN7SL337P",0
"RN7SL842P",0
"MIR8077",0
"RNU4-60P",0
"CEACAMP2",0
"CEACAMP1",0
"MIR6792",0
"EXOSC3P2",0
"PRR36",0
"ISCA1P7",0
"BNIP3P26",0
"CLEC4M",0
"SNORD41",0
"BEST2",0
"MIR6794",0
"MIR6795",0
"RNU6-195P",0
"RPL21P130",0
"MIR24-2",0
"MIR27A",0
"MIR23A",0
"MIR181C",0
"MIR181D",0
"PALM3",0
"MIR1199",0
"RN7SL231P",0
"GDF1",0
"DIRAS1",0
"RNU7-140P",0
"MIR1238",0
"MIR638",0
"MIR6793",0
"RN7SL836P",0
"PRSS57",0
"CGB2",0
"RNU6-140P",0
"RPL12P42",0
"NXNL1",0
"FUT5",0
"RNA5SP462",0
"MIR6885",0
"MIR6790",0
"MIR3940",0
"FBN3",0
"CCL25",0
"RN7SL663P",0
"FUT1",0
"RNU6-1307P",0
"CYP2A7",0
"RTBDN",0
"OR10H2",0
"GFY",0
"OR10H3",0
"OR7E24",0
"OR10H1",0
"OR7A10",0
"APOC4",0
"APOC4-APOC2",0
"APOC2",0
"RPS29P23",0
"RNU6-165P",0
"HMGN1P32",0
"MIR371A",0
"MIR371B",0
"MIR372",0
"MIR373",0
"MIR935",0
"CACNG6",0
"TMEM59L",0
"RN7SL155P",0
"RNA5SP466",0
"RSL24D1P8",0
"RNA5SP467",0
"ZNF625-ZNF20",0
"ZNF625",0
"RPS16P9",0
"OR1M1",0
"OR7G1",0
"OR7G15P",0
"OR7G3",0
"OR7E16P",0
"OR7A18P",0
"RN7SL835P",0
"RN7SL823P",0
"PODNL1",0
"C19orf85",0
"CGB8",0
"ZNF816-ZNF321P",0
"VN1R2",0
"RNU6-902P",0
"KLK9",0
"KLK12",0
"KLK13",0
"KLK14",0
"SIGLEC21P",0
"CLDND2",0
"LIM2",0
"NIFKP6",0
"RPS15AP36",0
"LINC02959",0
"HNRNPDLP4",0
"RN7SL526P",0
"PRR22",0
"ATCAY",0
"RN7SL202P",0
"MIR637",0
"VN1R93P",0
"BNIP3P39",0
"TYMSP2",0
"OR5AH1P",0
"MIR1227",0
"MIR6789",0
"MIR4321",0
"MBD3L5",0
"MBD3L4",0
"MBD3L2",0
"ELSPBP1",0
"IGFL4",0
"IGFL1P1",0
"IGFL1",0
"SHANK1",0
"OR2Z1",0
"OR4F17",0
"ERVV-1",0
"NMRK2",0
"NLRP13",0
"CLEC4G",0
"IFNL3",0
"HCN2",0
"RPL32P34",0
"MIR6807",0
"ZNF541",0
"RN7SL322P",0
"SPRED3",0
"KLK5",0
"KLK6",0
"KLK4",0
"MIR8061",0
"VN1R105P",0
"RNU6-222P",0
"ZSCAN5B",0
"MIR5196",0
"PRTN3",0
"KLK15",0
"CGB1",0
"NTF4",0
"SHD",0
"KISS1R",0
"MIR330",0
"SNORA68",0
"IGFL1P2",0
"RNU6-924P",0
"ZSCAN4",0
"MIR4747",0
"RN7SL150P",0
"SUNO1",0
"SLC7A10",0
"RPS3AP50",0
"AKR1B1P7",0
"FAM187B",0
"FAM187B2P",0
"DNAJC19P3",0
"MIR7974",0
"RN7SL833P",0
"CRX",0
"TPRX1",0
"LINC03085",0
"TPRX2",0
"RPL31P60",0
"ZSCAN5C",0
"SELENOV",0
"NLRP11",0
"VN1R4",0
"MIR3191",0
"MIR641",0
"RNU6-945P",0
"MIR7-3",0
"MIR6801",0
"MIR643",0
"DPPA5P1",0
"BNIP3P9",0
"BNIP3P47",0
"MIR6806",0
"RNA5SP473",0
"RNF225",0
"RNU6-1337P",0
"PMIS2",0
"CEACAMP7",0
"PSG11",0
"CEACAMP8",0
"PSG2",0
"CEACAMP9",0
"PSG3",0
"CEACAMP6",0
"OR4G1P",0
"OR7A1P",0
"CYP4F23P",0
"CYP2G1P",0
"OR7A2P",0
"OR7E19P",0
"ZNF542P",0
"ZNF137P",0
"WDR87BP",0
"ZNF788P",0
"OR7E25P",0
"SIGLEC22P",0
"KLKP1",0
"KIR3DX1",0
"FAM90A28P",0
"ZNF781",0
"CEACAMP3",0
"CLEC4OP",0
"CYP2B7P",0
"SIGLEC17P",0
"APOC1P1",0
"ZNF56P",0
"NAPSB",0
"ZNF812P",0
"PSG10P",0
"SIGLEC5",0
"RPS29P27",0
"LGALS14",0
"CLC",0
"CGB7",0
"HRC",0
"ZNF177",0
"NDUFA3P1",0
"CEACAM22P",0
"MIR4531",0
"CEACAM16",0
"MIR8085",0
"CBLC",0
"CCER2",0
"ERVK9-11",0
"PPP5D1P",0
"HNRNPMP2",0
"ACTL9",0
"RPS8P11",0
"BNIP3P14",0
"BNIP3P15",0
"BNIP3P17",0
"GNG14",0
"MIR3188",0
"RN7SL513P",0
"MIR3189",0
"ADGRE4P",0
"MBD3L2B",0
"RPL7AP69",0
"ZIM3",0
"DPPA3P8",0
"DUXA",0
"MIR6088",0
"MBD3L1",0
"BOLA3P2",0
"OR1M4P",0
"WASH5P",0
"CCNYL6",0
"IPO5P1",0
"TPM3P9",0
"RPL17P47",0
"ZNF321P",0
"BIRC8",0
"LILRP2",0
"ZNF702P",0
"CYP2T1P",0
"TMEM277P",0
"TEX14BP",0
"C19orf48P",0
"MIR7975",0
"MIR6804",0
"MIR6802",0
"MIR6803",0
"RPS29P30",0
"CALR3",0
"SMIM46",0
"ZIM2",0
"MIR640",0
"SEPTIN14P19",0
"CICP19",0
"RNU6-1076P",0
"SPMAP2",0
"ZNF887P",0
"ZNF833P",0
"BNIP3P18",0
"BNIP3P19",0
"BNIP3P20",0
"ZNF826P",0
"MIR1270",0
"BNIP3P22",0
"BNIP3P23",0
"FIGLAP1",0
"RNU6-1179P",0
"GOLGA2P9",0
"RN7SL860P",0
"RAD54L2P1",0
"VN1R87P",0
"RNA5SP470",0
"RN7SL491P",0
"MIR8074",0
"SIGLEC31P",0
"ZIM2-AS1",0
"SMIM17",0
"PTGER1",0
"YPEL5P4",0
"RPS29P26",0
"LGALS13",0
"CENPBD2P",0
"RNU6-993P",0
"COX16P1",0
"VN1R83P",0
"ZNF222-DT",0
"SEC1P",0
"SMIM24",0
"SMIM44",0
"PTPRS-AS1",0
"MIR1181",0
"PSG8-AS1",0
"LINC01838",0
"FAM138F",0
"ZNF582-DT",0
"LINC01233",0
"LINC01791",0
"ZFP28-DT",0
"LINC01532",0
"ZNF473CR",0
"LINC01775",0
"LINC01864",0
"ZNF426-DT",0
"LINC01785",0
"LINC01224",0
"HAUS5-DT",0
"LINC01872",0
"MIMT1",0
"PSG5",0
"PSG4",0
"PSG9",0
"CEACAMP10",0
"CEACAMP11",0
"CEACAMP4",0
"ZNF8-ERVK3-1",0
"VN1R107P",0
"OR4G3P",0
"RPL23AP2",0
"CYP4F24P",0
"CYP2T3P",0
"CEACAMP5",0
"CRIPTOP7",0
"RPL10P15",0
"TMEM167AP2",0
"OR7A8P",0
"RPL23AP80",0
"VN1R96P",0
"TPRG1LP1",0
"SIGLEC27P",0
"RPL7P51",0
"SAXO3",0
"CLEC4GP1",0
"RPL28P5",0
"LETM1P2",0
"SCGB2B3P",0
"SLC6A21P",0
"MARK2P21",0
"HNRNPA1P10",0
"VN1R95P",0
"RPS12P31",0
"RGS9BP",0
"GCM1P1",0
"ZNF92P1Y",0
"SERBP1P2",0
"TSPY12P",0
"RBMY2HP",0
"ELOCP35",0
"SLC9B1P1",0
"USP12PY",0
"KDM5DP1",0
"PRY",0
"ZNF736P6Y",0
"TUSC2P1",0
"PUDPP1",0
"CDRT15P10",0
"PRY2",0
"OFD1P8Y",0
"RNF19BPY",0
"TSPY23P",0
"TUBB1P2",0
"ACTR3BP1",0
"RPS24P1",0
"RCC2P2",0
"ZNF736P8Y",0
"BPY2",0
"MTND1P12",0
"CTBP2P1",0
"MTND6P1",0
"PABPC1P5",0
"TSPY22P",0
"RCC2P1",0
"SHROOM2P1",0
"DUX4L18",0
"ZNF736P11Y",0
"OFD1P9Y",0
"BPY2DP",0
"CHEK2P1",0
"ZNF886P",0
"ELOCP8",0
"OFD1P16Y",0
"TTTY25P",0
"ASS1P6",0
"SNX18P1Y",0
"MED14P1",0
"ZNF885P",0
"ARSFP1",0
"ZNF736P7Y",0
"SURF6P1",0
"ANKRD20A6P",0
"RBMY2KP",0
"TSPY21P",0
"TTTY19",0
"TTTY4",0
"MXRA5Y",0
"DUX4L16",0
"MTCYBP1",0
"USP9YP17",0
"TTTY17A",0
"FAM41AY1",0
"ELOCP15",0
"TRIM60P3Y",0
"MTND1P1",0
"PRRC2CP1",0
"CDY12P",0
"MTND2P3",0
"CDY13P",0
"ARSDP1",0
"TTTY5",0
"RBMY1D",0
"USP9YP24",0
"FAM8A4P",0
"TRIM60P8Y",0
"MED13P1",0
"RNU6-303P",0
"RN7SL702P",0
"RNA5SP520",0
"RNA5SP521",0
"RNU6-109P",0
"RNU6-184P",0
"HSFY2",0
"GPM6BP2",0
"USP9YP2",0
"ELOCP14",0
"PRYP6",0
"XKRYP2",0
"USP9YP10",0
"RNU1-41P",0
"MTCYBP2",0
"RNU6-255P",0
"GAPDHP19",0
"CLUHP1",0
"TAF9P1",0
"CDY5P",0
"ELOCP36",0
"ACTG1P2",0
"USP9YP23",0
"USP9YP27",0
"RNU1-128P",0
"TRAPPC2P3",0
"ELOCP6",0
"CDY6P",0
"USP9YP7",0
"USP9YP6",0
"USP9YP34",0
"USP9YP32",0
"CDY8P",0
"ELOCP12",0
"TRAPPC2P8",0
"USP9YP15",0
"RNU1-95P",0
"USP9YP16",0
"ELOCP26",0
"CDY9P",0
"TAF9P2",0
"CLUHP2",0
"RNA5SP522",0
"RNA5SP523",0
"TUBB1P1",0
"ELOCP13",0
"OFD1P4Y",0
"RNU1-48P",0
"USP9YP5",0
"XKRYP1",0
"PRYP5",0
"ELOCP7",0
"USP9YP1",0
"GPM6BP1",0
"RAB9AP4",0
"TRAPPC2P7",0
"HSFY1",0
"TGIF2LY",0
"RBMY1F",0
"CDY2A",0
"ZNF736P3Y",0
"TRIM60P9Y",0
"RNU6-941P",0
"RNU6-521P",0
"SRIP3",0
"GOT2P5",0
"ATP5PFP1",0
"TRIM60P10Y",0
"ZNF736P2Y",0
"TRIM60P11Y",0
"ZNF736P1Y",0
"ZNF736P5Y",0
"TTTY4C",0
"DAZ4",0
"CDY2B",0
"RNU6-1334P",0
"TOMM22P2",0
"NAP1L1P2",0
"EEF1A1P41",0
"SFPQP1",0
"VCY",0
"DAZ3",0
"DAZ1",0
"AMELY",0
"TBL1Y",0
"DAZ2",0
"RBMY1E",0
"CDY22P",0
"ELOCP17",0
"OFD1P18Y",0
"TRAPPC2P4",0
"RAB9AP3",0
"USP9YP20",0
"RNU1-40P",0
"USP9YP21",0
"XKRYP6",0
"PRYP4",0
"ELOCP11",0
"CDY23P",0
"USP9YP26",0
"HSFY8P",0
"RNU6-1314P",0
"CYCSP48",0
"VCY1B",0
"PNPLA4P1",0
"TBL1YP1",0
"GAPDHP17",0
"TMEM167AP1",0
"TOMM22P1",0
"NEFLP1",0
"TSPY14P",0
"RBMY1HP",0
"TTTY13",0
"ELOCP5",0
"CDY10P",0
"USP9YP3",0
"USP9YP8",0
"CDY11P",0
"HSFY6P",0
"USP9YP18",0
"CDY14P",0
"ELOCP16",0
"XKRYP3",0
"USP9YP25",0
"USP9YP29",0
"RNU1-97P",0
"RAB9AP1",0
"TRAPPC2P9",0
"OFD1P11Y",0
"PRYP3",0
"RNU2-57P",0
"KRT18P10",0
"SNX3P1Y",0
"ELOCP9",0
"CDY15P",0
"XKRYP4",0
"USP9YP13",0
"USP9YP11",0
"TTTY3B",0
"USP9YP12",0
"RNU1-86P",0
"RAB9AP5",0
"TRAPPC2P10",0
"OFD1P12Y",0
"ELOCP10",0
"CDY1B",0
"CDY17P",0
"USP9YP35",0
"USP9YP31",0
"CDY18P",0
"RN7SL818P",0
"UBE2Q2P4Y",0
"LINC00265-2P",0
"CICP2",0
"RBMY2XP",0
"TTTY17B",0
"TRIM60P5Y",0
"ZNF736P12Y",0
"TTTY4B",0
"BPY2B",0
"ZNF736P4Y",0
"RBMY2YP",0
"CICP1",0
"LINC00265-3P",0
"UBE2Q2P5Y",0
"GOLGA2P3Y",0
"RN7SL725P",0
"CDY19P",0
"USP9YP36",0
"USP9YP33",0
"CDY20P",0
"ELOCP34",0
"OFD1P13Y",0
"TRAPPC2P5",0
"RAB9AP2",0
"USP9YP30",0
"RNU1-107P",0
"TTTY3",0
"USP9YP9",0
"USP9YP19",0
"XKRYP5",0
"CYCSP49",0
"SLC25A15P1",0
"PARP4P1",0
"CCNQP2",0
"CDY1",0
"RBMY1J",0
"RBMY1B",0
"RBMY1A1",0
"RFTN1P1",0
"RBMY2FP",0
"RBMY2BP",0
"TTTY11",0
"ARSLP1",0
"OFD1P6Y",0
"TTTY9A",0
"XKRY",0
"XKRYP7",0
"HSFY3P",0
"TAB3P1",0
"ANOS2P",0
"RBMY2EP",0
"GOLGA2P2Y",0
"TXLNGY",0
"GYG2P1",0
"CDY3P",0
"USP9YP22",0
"ELOCP4",0
"TTTY20",0
"TSPY4",0
"FAM197Y7",0
"FAM197Y6",0
"TSPY8",0
"TSPY3",0
"RBMY2CP",0
"RBMY2DP",0
"ZNF736P9Y",0
"FAM197Y8",0
"PRKY",0
"FAM197Y5",0
"TSPY1",0
"FAM197Y4",0
"TSPY9",0
"FAM197Y3",0
"FAM197Y2",0
"TSPY10",0
"TSPY25P",0
"TSPY16P",0
"TTTY22",0
"TSPY18P",0
"RBMY2OP",0
"RBMY2QP",0
"TSPY20P",0
"TSPY5P",0
"RNA5SP518",0
"RNA5SP519",0
"DUX4L31",0
"PCMTD1P1",0
"CDC27P2",0
"RNA5-8SP6",0
"DLGAP5P1",0
"TTTY23B",0
"TSPY2",0
"FAM197Y9",0
"TSPY19P",0
"TSPY17P",0
"TTTY23",0
"FAM224B",0
"TTTY2B",0
"TTTY1B",0
"TTTY7",0
"TTTY8B",0
"TTTY16",0
"TTTY12",0
"TTTY2",0
"TTTY7B",0
"TTTY6",0
"TTTY17C",0
"TTTY6B",0
"SEPTIN14P23",0
"FAM224A",0
"FAM41AY2",0
"TTTY1",0
"LINC00279",0
"TTTY18",0
"TTTY8",0
"HSFY7P",0
"RBMY2AP",0
"STSP1",0
"RBMY2JP",0
"HSFY5P",0
"XGY1",0
"RBMY2WP",0
"USP9YP28",0
"PRYP1",0
"OFD1P1Y",0
"PRYP2",0
"USP9YP14",0
"RNASEH2CP1",0
"PPP1R12BP2",0
"REREP1Y",0
"GPR143YP",0
"OFD1P15Y",0
"REREP2Y",0
"ANKRD36P1",0
"OFD1P2Y",0
"OFD1P5Y",0
"TTTY9B",0
"RBMY2TP",0
"OFD1P10Y",0
"GOLGA6L11P",0
"DNM1P24",0
"CSPG4P2Y",0
"CSPG4P3Y",0
"SEPTIN14P22",0
"CSPG4P4Y",0
"CSPG4P1Y",0
"DNM1P48",0
"GOLGA6L16P",0
"TPTE2P4",0
"RBMY1A3P",0
"TSPY7P",0
"TSPY6P",0
"TSPY15P",0
"RBMY3AP",0
"RBMY2NP",0
"TSPY13P",0
"TSPY11P",0
"RBMY2GP",0
"ACTR3BP7",0
"BNIP3P2",0
"IGLV3-12",0
"ZNRF3-IT1",0
"ISX",0
"COX5BP7",0
"MTFR2P2",0
"PKDREJ",0
"LINC02556",0
"SKP1P4",0
"RNU6-1066P",0
"RN7SKP169",0
"MIR5739",0
"SNORD83A",0
"SNORD83B",0
"SNORD43",0
"MIR4535",0
"RN7SKP214",0
"IGLCOR22-1",0
"CPSF1P1",0
"IGLCOR22-2",0
"RN7SL305P",0
"MIR548J",0
"SSTR3",0
"RPL39P41",0
"RPS10P29",0
"MIR3200",0
"EIF4HP2",0
"PPP1R26P4",0
"E2F6P1",0
"CELSR1P1",0
"RPL28P6",0
"DNAJA1P6",0
"MIR648",0
"RHEBP3",0
"ACR",0
"SNORA50B",0
"YME1L1P1",0
"ARHGAP42P3",0
"USP10P3",0
"SSBP3P3",0
"RN7SKP221",0
"RNU6-495P",0
"RN7SL162P",0
"RPL8P5",0
"MIR4761",0
"MIR185",0
"MIR3618",0
"MIR1306",0
"MIR6816",0
"SNORA77B",0
"CCDC188",0
"KRT18P62",0
"RN7SL168P",0
"SEPTIN5",0
"GP1BB",0
"MIR1286",0
"MIR33A",0
"MIR378I",0
"RNU7-167P",0
"MIR6069",0
"SLC5A4",0
"CIMIP4",0
"RNU6-900P",0
"MIR6820",0
"BAIAP2L2",0
"MIR301B",0
"MIR130B",0
"RNU6-225P",0
"RNY1P9",0
"RN7SL812P",0
"KRT18P5",0
"GSTT3P",0
"RNU6-1219P",0
"SNORD125",0
"GAL3ST1",0
"KLHL5P1",0
"RPS29P31",0
"MLC1",0
"GSC2",0
"PPP1R26P3",0
"BCRP8",0
"GALR3",0
"MIR658",0
"MIR659",0
"PRODH",0
"IGLVIVOR22-1",0
"MIR649",0
"TUBA3GP",0
"MTCO1P20",0
"MTCO2P20",0
"MTATP6P20",0
"MTCO3P20",0
"MTCYBP34",0
"MTND1P10",0
"TERF2IPP1",0
"CLCP1",0
"RIMBP3C",0
"IGLVI-70",0
"IGLV4-69",0
"IGLVI-68",0
"IGLV10-54",0
"IGLV10-67",0
"IGLVIV-66-1",0
"IGLVV-66",0
"IGLVIV-65",0
"IGLVIV-64",0
"IGLV4-60",0
"IGLVIV-59",0
"IGLVV-58",0
"BMP6P1",0
"IGLV6-57",0
"IGLVI-56",0
"IGLV11-55",0
"IGLVIV-53",0
"TOP3BP1",0
"IGLV1-50",0
"ASH2LP3",0
"IGLV5-48",0
"ASH2LP2",0
"IGLV5-45",0
"IGLVI-42",0
"IGLVVII-41-1",0
"IGLVI-38",0
"IGLV5-37",0
"IGLV1-36",0
"IGLV7-35",0
"HMGN2P9",0
"MB",0
"MRPS16P3",0
"MIR6819",0
"CRYBB2",0
"OR11H1",0
"BPIFC",0
"BBLNP2",0
"MIRLET7A3",0
"MIR4763",0
"MIRLET7B",0
"RNU6-513P",0
"RNU12",0
"PIWIL3",0
"P2RX6",0
"RPL31P62",0
"CECR9",0
"RN7SL843P",0
"LINC02557",0
"IGLL1",0
"POM121L7P",0
"E2F6P2",0
"SLC9A3P2",0
"PPP1R26P5",0
"LINC01651",0
"SUSD2P1",0
"RN7SKP63",0
"RN7SKP210",0
"ZNF280A",0
"IGLV3-31",0
"IGLV3-30",0
"IGLV3-29",0
"IGLVVI-25-1",0
"IGLV3-24",0
"IGLVVI-22-1",0
"IGLVI-20",0
"IGLV3-17",0
"RNU6-375P",0
"MIR6889",0
"RN7SL704P",0
"TPTEP2-CSNK1E",0
"KCNJ4",0
"FAM246A",0
"CPMER",0
"MIR3199-1",0
"MIR3199-2",0
"RN7SL757P",0
"MIR1281",0
"POTEH",0
"POTEH-AS1",0
"RNU6-816P",0
"MIR650",0
"IGLV3-7",0
"IGLV3-4",0
"IGLV4-3",0
"IGLV3-2",0
"MIR5571",0
"IGLJ1",0
"IGLC1",0
"IGLJ4",0
"IGLC4",0
"IGLJ5",0
"IGLJ6",0
"IGLJ7",0
"POM121L9P",0
"LRP5L",0
"P2RX6P",0
"PRAMENP",0
"CECR7",0
"USP41P",0
"FAM247A",0
"GGT2P",0
"RRP7BP",0
"BCRP2",0
"RPL23AP82",0
"TMEM191A",0
"CRYBB2P1",0
"ISCA2P1",0
"AP1B1P1",0
"AP1B1P2",0
"GGTLC3",0
"PI4KAP1",0
"RN7SKP131",0
"SUSD2P2",0
"FAM246B",0
"CA15P2",0
"PPP1R26P2",0
"GUSBP11",0
"MIR1249",0
"RIBC2",0
"RNU6-1161P",0
"MIR4762",0
"RPL34P35",0
"RN7SL633P",0
"RPS15AP37",0
"PLA2G3",0
"SNRPNP2",0
"MIR3928",0
"RNU6-1128P",0
"RNA5SP496",0
"RNU6-201P",0
"RNA5SP497",0
"ETFRF1P1",0
"PHF21B",0
"POM121L15P",0
"SLC25A5P1",0
"LINC01399",0
"PI4KAP2",0
"C22orf46P",0
"SERHL",0
"SMIM45",0
"RNU6-409P",0
"KRT18P23",0
"ANP32BP2",0
"PRR5-ARHGAP8",0
"RPL6P28",0
"MIR4766",0
"RNU6-338P",0
"MIR7109",0
"SEZ6L-AS1",0
"RNA5SP495",0
"VPREB1",0
"RPS25P10",0
"SCUBE1-AS2",0
"CES5AP1",0
"ZDHHC8BP",0
"RPL35P8",0
"MIR3667",0
"BMS1P22",0
"DUXAP8",0
"MED15P7",0
"RPL36P17",0
"RPS3AP51",0
"MIR3619",0
"ABCD1P4",0
"PABPC1P9",0
"SLC9B1P4",0
"ACTR3BP6",0
"CHEK2P4",0
"KCNMB3P1",0
"CCT8L2",0
"TPTEP1",0
"SLC25A15P5",0
"PARP4P3",0
"ANKRD62P1-PARP4P3",0
"ANKRD62P1",0
"VWFP1",0
"XKR3",0
"HSFY1P1",0
"GPM6BP3",0
"ZNF402P",0
"MTND1P17",0
"IGKV1OR22-5",0
"IGKV2OR22-4",0
"IGKV2OR22-3",0
"IGKV3OR22-2",0
"IGKV1OR22-1",0
"IL9RP6",0
"CACNG2-DT",0
"LINC01656",0
"LINC00207",0
"PCAT14",0
"CECR3",0
"TFIP11-DT",0
"FAM230F",0
"SYN3-AS1",0
"LARGE1-AS1",0
"LINC01310",0
"FAM230H",0
"LINC01639",0
"LINC02885",0
"LINC01643",0
"LINC01638",0
"PSLNR",0
"LINC00898",0
"LINC02891",0
"KIAA1671-AS1",0
"FAM230D",0
"LINC01665",0
"LINC02559",0
"FAM230G",0
"RN7SKP252",0
"RPL5P35",0
"MGAT3-AS1",0
"LINC01659",0
"FAM230B",0
"NBEAP3",0
"HMGB1P10",0
"GGTLC4P",0
"POM121L10P",0
"GAPDHP37",0
"BCRP7",0
"CA15P1",0
"CYP2D8P",0
"RFPL4AP6",0
"TSSK1A",0
"IGLL3P",0
"BCRP1",0
"IGLL4P",0
"BCRP5",0
"POM121L8P",0
"BCRP6",0
"CSF2RBP1",0
"GRAMD4P2",0
"CCDC188BP",0
"NF1P6",0
"FABP5P11",0
"VN1R9P",0
"CYCSP41",0
"OR4K11P",0
"CTBP2P10",0
"RBPMSLP",0
"MIR548XHG",0
"FDPSP6",0
"NEK4P1",0
"CTBP2P9",0
"CHODL-AS1",0
"TUBAP1",0
"TMPRSS15",0
"VN1R7P",0
"ZNF299P",0
"SNX19P1",0
"SLC25A15P4",0
"IGHV1OR21-1",0
"MSANTD2P1",0
"C1QBPP1",0
"LINC00317",0
"LINC01689",0
"KRTAP25-1",0
"RPSAP68",0
"RPL8P2",0
"BTF3L4P1",0
"RPL37P3",0
"THUMPD1P1",0
"PPIAP1",0
"LLPHP2",0
"KRTAP24-1",0
"NCSTNP1",0
"RPS3AP1",0
"EIF4A1P1",0
"LINC00307",0
"RNGTTP1",0
"OR4K12P",0
"RPSAP64",0
"TPT1P1",0
"CLDN8",0
"LINC02943",0
"HUNK-AS1",0
"EIF3FP1",0
"LINC00308",0
"SNX18P12",0
"NIPA2P3",0
"RPL23AP12",0
"LINC01700",0
"FDX1P2",0
"PSMA6P3",0
"MAPK6P2",0
"BNIP3P43",0
"VN1R8P",0
"GTF2IP2",0
"ADAMTS5",0
"SNRPGP13",0
"MIR6724-2",0
"MIR6724-3",0
"RNA5-8SN3",0
"MIR6724-4",0
"RNA5-8SN1",0
"MIR6724-1",0
"RNA5-8SN2",0
"MIR3118-1",0
"RNU6-286P",0
"RNU6-113P",0
"RN7SKP147",0
"RNU6-772P",0
"RNU2-55P",0
"RNU1-139P",0
"RNU4-45P",0
"MIR3156-3",0
"RN7SKP236",0
"RN7SL163P",0
"MIR155",0
"MIR6130",0
"RNA5SP489",0
"MIR4759",0
"MIR548X",0
"RNU6-614P",0
"RN7SL740P",0
"UMODL1-AS1",0
"MIR802",0
"RPS20P1",0
"PPP1R2P2",0
"RIMKLBP1",0
"RNU6-992P",0
"RNA5SP490",0
"OR7E23P",0
"RNA5SP491",0
"MRPL20P1",0
"RNU6-696P",0
"TMEM97P1",0
"RNU6-859P",0
"RNU6-1150P",0
"MIR5692B",0
"MTCO1P3",0
"COL18A1-AS2",0
"MIR6815",0
"TPTE",0
"RNU6-954P",0
"NF1P3",0
"FRG2MP",0
"RNA5SP488",0
"PCBP2P1",0
"GET1-SH3BGR",0
"MIR6508",0
"MYL6P2",0
"RPS26P4",0
"PCP4",0
"MIR4760",0
"DSCAM-IT1",0
"YRDCP3",0
"MIR3197",0
"PCSEAT",0
"LINC00111",0
"RIPK4",0
"MIR6814",0
"RNU6-1149P",0
"RSPH1",0
"RSPH1-DT",0
"LINC00322",0
"HSF2BP",0
"RPL31P1",0
"H2BC12L",0
"MIR6070",0
"DNMT3L",0
"DNMT3L-AS1",0
"KRTAP10-1",0
"KRTAP10-2",0
"KRTAP10-3",0
"KRTAP10-5",0
"KRTAP10-6",0
"KRTAP10-8",0
"KRTAP10-10",0
"KRTAP10-11",0
"KRTAP12-4",0
"KRTAP12-3",0
"KRTAP12-2",0
"IMMTP1",0
"KRTAP12-1",0
"KRTAP12-5P",0
"KRTAP10-13P",0
"LINC00165",0
"PCBP3-AS1",0
"LCA5L",0
"FTCD-AS1",0
"OLIG2",0
"POTED",0
"KRTAP8-2P",0
"KRTAP8-3P",0
"KRTAP8-1",0
"KRTAP7-1",0
"KRTAP19-8",0
"UBE3AP2",0
"TIAM1-AS1",0
"FBXW11P1",0
"HMGN1P2",0
"ERVH48-1",0
"KRTAP10-9",0
"KRTAP10-4",0
"IGSF5",0
"B3GALT5",0
"RPS5P3",0
"MIR6501",0
"RN7SL678P",0
"KRTAP26-1",0
"KRTAP13-6P",0
"KRTAP13-2",0
"MIR4327",0
"KRTAP13-1",0
"KRTAP13-5P",0
"KRTAP15-1",0
"KRTAP19-1",0
"KRTAP19-3",0
"KRTAP19-4",0
"KRTAP19-5",0
"KRTAP19-9P",0
"KRTAP19-10P",0
"KRTAP19-11P",0
"KRTAP19-6",0
"KRTAP19-7",0
"KRTAP22-2",0
"KRTAP6-3",0
"KRTAP20-4",0
"KRTAP20-2",0
"KRTAP20-3",0
"KRTAP21-3",0
"KRTAP21-4P",0
"KRTAP21-2",0
"KRTAP21-1",0
"KRTAP23-1",0
"RNU6-426P",0
"VDAC2P1",0
"RPS26P5",0
"SNORD74B",0
"MIR99A",0
"MIRLET7C",0
"MIR125B2",0
"RNU1-98P",0
"KRTAP13-4",0
"KRTAP6-2",0
"KRTAP6-1",0
"LINC01671",0
"MTND6P21",0
"BAGE2",0
"COL6A2-DT",0
"GRAMD4P1",0
"CXADRP1",0
"LONRF2P5",0
"MIR8069",0
"FEM1AP1",0
"TERF1P1",0
"FAM207CP",0
"GXYLT1P2",0
"CNN2P7",0
"ZNF114P1",0
"CYP4F29P",0
"SNX18P13",0
"ANKRD20A11P",0
"RHOT1P2",0
"POLR2CP1",0
"GAPDHP16",0
"RBMX2P1",0
"GRIK1-AS1",0
"RNU6-926P",0
"KRTAP10-12",0
"RPL12P9",0
"DSCR4",0
"DSCR4-IT1",0
"DSCR10",0
"LINC01667",0
"NCOR1P4",0
"SSR4P1",0
"CYCSP42",0
"RNU6-1326P",0
"ATP5MFP1",0
"SNX18P10",0
"MTCO1P1",0
"MIR3648-2",0
"CDRT15P9",0
"LINC00314",0
"CRYAA",0
"CBR1-AS1",0
"RPL23AP4",0
"LINC01683",0
"LINC00113",0
"LINC01549",0
"LINC01670",0
"LINC02573",0
"SOD1-DT",0
"LINC01695",0
"LINC00316",0
"PICSAR",0
"LINC03105",0
"LINC01692",0
"DSCAM-AS1",0
"DSCR8",0
"LINC01436",0
"LINC03104",0
"LINC01668",0
"LINC00945",0
"LINC01690",0
"LINC01674",0
"LINC00479",0
"TSPEAR-AS1",0
"HEPFAL",0
"LINC00112",0
"LINC00159",0
"LINC01424",0
"LINC01425",0
"LINC00160",0
"LINC00319",0
"BACE2-IT1",0
"CDRT15P8",0
"RPL39P40",0
"RPL37P4",0
"FGF7P2",0
"ANKRD20A18P",0
"ERLEC1P1",0
"MTCYBP21",0
"MTND5P1",0
"RPL23P2",0
"C21orf140",0
"SMIM34",0
"MT-TL2",0
"RNA5-8SN4",0
"RNA5-8SN5",0
"HM13",-5.49602323616915e-08
"OXA1L",-1.66815067618757e-07
"AIMP1",-2.63714525223178e-06
"RAB12",-4.22093058850033e-06
"LINC00571",-4.63549213996512e-06
"LRCH3",-6.06916604035563e-06
"TMEM128",-1.09522864145807e-05
"SLC5A2",-1.21339859143176e-05
"MIF4GD",-1.30726330219475e-05
"HLA-B",-1.45845465142161e-05
"PRKG1-AS1",-1.6625233641058e-05
"U2AF2",-1.9454271130806e-05
"AP1S1",-2.02637130563383e-05
"RPL21P17",-2.03433222482635e-05
"RPL7AP70",-2.0716797732038e-05
"DNAJC8",-2.10376401566375e-05
"GTF2E2",-2.11332750208126e-05
"SNORD38A",-2.12184170327537e-05
"KCNQ1OT1",-2.16519274091586e-05
"TAX1BP1",-2.28925498946647e-05
"FBXL15",-2.32238974172417e-05
"RPS2P2",-2.37990934036323e-05
"PAK4",-2.58373490186264e-05
"PKN2",-3.36917752909859e-05
"PRPF19-DT",-3.58345502296785e-05
"THRB",-3.8953736947658e-05
"SLC25A35",-4.14839393000183e-05
"TLR10",-4.54740623911415e-05
"RIGI",-4.97604907516356e-05
"ATP5F1C",-4.98360150904904e-05
"RPL29P6",-5.96933410526707e-05
"NADSYN1",-6.25149967187116e-05
"NQO1",-7.14628905149961e-05
"BDP1",-7.18530768458923e-05
"BTF3",-8.01333724286976e-05
"FASTKD3",-8.8505914145137e-05
"PPP4R2P6",-9.25750853639445e-05
"RPL15P6",-9.33020977369989e-05
"SLC26A2",-9.39380060304251e-05
"PDHA1",-0.000102808340170522
"MARCHF8",-0.00010409492377186
"RPL21P95",-0.000104811715308828
"FAM223A",-0.000108120218434066
"FAM162A",-0.000112125628185747
"SSNA1",-0.000113509879022264
"HSPE1P2",-0.00011468987525999
"RPL7P10",-0.000124247705289574
"AHR",-0.000125505101048117
"PEX16",-0.000126571710053468
"TMEM42",-0.0001309654701304
"PQBP1",-0.000135187430724515
"IDI2",-0.000141688534993274
"SLC25A5P5",-0.000142471368521074
"SLC16A5",-0.000144779101698788
"ARFRP1",-0.000165275500623199
"ZFAND3-DT",-0.00016562328944205
"NDUFB1P1",-0.000169844999546615
"CDADC1",-0.000173368175388729
"ARL5A",-0.000176606926811279
"ATRIP",-0.00022037502228437
"HNRNPCP3",-0.000221453759860949
"GNG11",-0.000224092196132924
"IRF9",-0.00022601933396016
"PSMB5",-0.000230626718505415
"RPL13AP2",-0.000242010882661591
"ATP5MFP4",-0.000242714825857478
"KIF26A-DT",-0.000248253480037916
"RPS27P13",-0.000252966480942758
"FRG1GP",-0.000256889358798293
"VMA21",-0.000266512851387134
"PEDS1",-0.00028102310514594
"MYH7B",-0.000282888280460215
"GARIN5A",-0.000287179988139905
"TTBK2-AS1",-0.000290958482776601
"CHCHD2",-0.000329268673071655
"LINC02765",-0.000336074437550238
"FGD5-AS1",-0.000338042964034656
"TXNP6",-0.000339638863989276
"EIF2S2",-0.000342680298251277
"MSH6",-0.000342744432639297
"RPL11",-0.000353240637987686
"NDUFA3",-0.000356191701474396
"MPG",-0.000356804695031922
"RANBP9",-0.00036513027659399
"UBR1",-0.000368072056101842
"MOV10",-0.000378763606740479
"KCMF1",-0.000388525482196166
"IRX5",-0.000395764462682275
"RPL7P26",-0.000397044002579395
"BORCS7",-0.000400332509997059
"CTDNEP1P1",-0.000410026022330016
"CDK13-DT",-0.000415405718921286
"CHCHD2P6",-0.000440984790197531
"PRPS2",-0.000442783034099552
"LINC01123",-0.000445243828872187
"TCEA2",-0.000472882536520522
"AHCY",-0.000494895341543144
"LEKR1",-0.000499404414649829
"PAFAH2",-0.000505155309797295
"GPSM2",-0.000505394312980263
"EBPL",-0.000514185971452085
"CUL5",-0.000522252477461119
"VAC14-AS1",-0.00052320330303483
"WBP2",-0.000533031411415508
"N4BP2",-0.000534770272528893
"WEE2",-0.000566687682029719
"ABHD17AP6",-0.000569628227894651
"RBM22P5",-0.000578213524033706
"ZNF503-AS1",-0.00058601616158727
"LINC01331",-0.000586345727534859
"DGAT1",-0.000605384208262057
"ZNF652-AS1",-0.000610787357490089
"MRTO4",-0.000614878194588754
"RPS7P3",-0.000630849544034782
"DYNC1I2",-0.000642945732929947
"PKIG",-0.000650776901693616
"SLC24A3",-0.000653999161969655
"PCNX1",-0.000679859075772849
"NPIPB8",-0.000695335723648257
"BLTP3B",-0.000699444210401899
"HOOK3",-0.000702463481457225
"NDUFB8",-0.000731977002404728
"E2F5",-0.000800607474821301
"CTNND1",-0.000802743010551183
"VPS33A",-0.000815763164149878
"HNRNPU",-0.000827663602682378
"RWDD1",-0.000839888756058783
"YWHAE",-0.0008503528636213
"SRP14P1",-0.000855832691524143
"ERGIC1",-0.000856979366208192
"CFAP44",-0.000858700627770194
"OLA1P1",-0.000880015587478494
"LRRC69",-0.000888309461209568
"SENCR",-0.000975584619983718
"CUL4A",-0.000975861606807477
"RPL31P4",-0.000976027696907952
"ERI1",-0.000980295457568909
"BBS5",-0.000984857118671838
"BRAF",-0.000990556533422312
"ARFIP1",-0.00101485746190248
"ABCA4",-0.00106410911198767
"GIMAP6",-0.00106604692277095
"BLNK",-0.00107086052793119
"TCF23",-0.00107252949852178
"HDHD5",-0.00107279418672726
"FNBP1L",-0.00107291818616243
"LINC00486",-0.00107643977763586
"MGP",-0.00108044423308694
"FOXD2-AS1",-0.00110631919073951
"SPIRE1",-0.00110889577774999
"CHSY1",-0.00112051195366056
"TBC1D26-AS1",-0.00112525704902529
"UQCRFS1",-0.00114176932594489
"OSBPL5",-0.00115850359212319
"LINC00313",-0.00116776263068521
"TSC22D2",-0.00117095709398492
"SLC22A17",-0.00118593525618406
"TAF9",-0.00121492789860824
"GAPDH",-0.00121777978105494
"RN7SL277P",-0.00122621610797956
"ZNF593",-0.00124401549147005
"YTHDF3-DT",-0.00124482577698793
"SH3GL1P3",-0.00125277987414662
"GPC2",-0.00126532770648537
"PRAG1",-0.00129749590937762
"TP63",-0.00130160197260738
"MAPK10",-0.0013126506182838
"PTOV1-AS2",-0.00132070363932136
"RASGRP2",-0.00132678778085562
"FIBP",-0.00137306781623585
"TSGA13",-0.00138333320967097
"NUP188",-0.00138887587552883
"NECTIN4-AS1",-0.00139126677987798
"RHOJ",-0.00140220746803842
"IGHV3-29",-0.00142475200360278
"TMEM218",-0.00145572860550138
"SSR4",-0.00147037234129958
"FAM185A",-0.00147257006382179
"HNRNPUL1",-0.00151986933847501
"DAGLB",-0.00152804964932724
"RPL6P13",-0.00156236515283675
"ADIPOQ",-0.00156455409037528
"CSAD",-0.00160113325828133
"HNRNPL",-0.00162819333366515
"FAM90A27P",-0.00164542894369568
"SHC1",-0.00164645037152319
"IPO4",-0.00165422370973488
"FSTL1",-0.00165478797667026
"YBEY",-0.00168479421316418
"AAMDC",-0.00171978736979104
"SPATA6",-0.00172522170135725
"NUCB2",-0.00176670021201775
"DCUN1D5",-0.00177850981737138
"CAPN3",-0.00177994016325824
"LYAR",-0.00180426304341829
"AFF4-DT",-0.0018155060569489
"MRPS18B",-0.0018241885338451
"TNFRSF17",-0.00184115040506369
"MIR210HG",-0.00184201103394984
"IPPK",-0.0018574778601515
"RFPL3S",-0.00187101053318292
"ANKRD9",-0.00188236846741886
"MDC1-AS1",-0.00188450591810243
"CYP2U1-AS1",-0.00192234218262025
"RANP1",-0.00193304998474896
"POMC",-0.00193769328863457
"MOB3C",-0.00198113740339286
"GMPSP1",-0.00203982405452708
"RPS26P38",-0.00204546265182328
"LINC02323",-0.00207320552019094
"RPS27P2",-0.00208532106344623
"PTK7",-0.00212126074925795
"DSN1",-0.00215933092801076
"CALM2P3",-0.00216950370599275
"RPL37P2",-0.00217167209997085
"CDK2AP1",-0.00219758426239641
"OR7D2",-0.00221274514617994
"COPA",-0.00223170720831047
"MIR3128",-0.0022396724088458
"RPL15P15",-0.00226236930446949
"RPS27P23",-0.00226839363871736
"MAFG-AS1",-0.0022827235851907
"ABCB5",-0.00229253642053294
"NANS",-0.00229961482283889
"LINC01588",-0.00230797750102792
"TP53I11",-0.00238306269066095
"KANSL1L-AS1",-0.00238510347264386
"B9D2",-0.00239615227009492
"CRTC1",-0.00245033244276963
"LINC01460",-0.00245127714224253
"USP46",-0.00245893301939191
"LRCH1",-0.00246716709157665
"ADH5P4",-0.00247428322863342
"EFR3A",-0.00250128772300983
"XPO6",-0.00252721274193347
"SNX5P2",-0.00253975002946622
"MIR4648",-0.00255098052095441
"SNRPB2",-0.00259222481341581
"YIF1B",-0.00262360081527284
"NKAIN3",-0.00262704527017964
"PARP1P1",-0.00265684441950883
"PPME1",-0.00266471031111609
"USP8P1",-0.0026749239849151
"CACNB2",-0.00268100474775926
"RCN1P2",-0.00269002623768552
"OSTM1",-0.00269666600040849
"ANKRD62",-0.00270211469530633
"TXNRD1",-0.00277896997862506
"CCDC13-AS2",-0.00280761831790805
"SELL",-0.00281017991155038
"DCHS1-AS1",-0.00282195323607344
"PTPRD-DT",-0.00284393667459721
"IGSF1",-0.00284592273604872
"CGGBP1",-0.00287439464491737
"ATP6V1E1P1",-0.00290828245642573
"RPS7P1",-0.00294407850744563
"PIK3CG",-0.00296287717264775
"PAX8-AS1",-0.00304931464310595
"PIGO-AS1",-0.00307021246952573
"NPM1P40",-0.00308410394747535
"GTF2F2",-0.00309343448292557
"ARL4A",-0.00310609020342336
"NKAIN4",-0.00311110128457848
"USB1",-0.00312477536391112
"RIPK1",-0.00318851178193715
"ACBD3",-0.00322703966715414
"RHOC",-0.00325183799017428
"VAT1",-0.00325605015823037
"CCL11",-0.00327176226284887
"RPL19P16",-0.0033138297492582
"FBXO11",-0.00331765040453296
"FAM223B",-0.00333066992729935
"FAN1",-0.00333636737294239
"NUDT6",-0.0033686181062781
"DGUOK",-0.00339034586062299
"SATB1-AS1",-0.00340888685024464
"MYO1B-AS1",-0.00344187489545566
"BTBD7P1",-0.00346576521143976
"HSP90B1",-0.00350022514527385
"THAP12",-0.00356440929002832
"IER5",-0.00358084237185753
"PSMB4",-0.00360662963582718
"SP140L",-0.00368197005314544
"DHPS",-0.0037040250316553
"CCDC142",-0.0037248796053434
"GRB2",-0.00374648209845266
"PSMC1P1",-0.00378476133817331
"GLRA3",-0.00379292371024305
"RPS18P6",-0.00382054629006409
"PADI6",-0.00383031882377454
"P2RY11",-0.00387435118975781
"LINC02367",-0.00387785531385922
"RPS27AP12",-0.00391349798991111
"HSPE1P3",-0.00392734953999871
"CFL1P5",-0.00393417009844918
"CDON",-0.00396234360492719
"SGPP1",-0.00396939049538131
"MRPL34",-0.00401080365100367
"RPL41P5",-0.00402597706051276
"MIR7-3HG",-0.00403613155424919
"STK31",-0.00404449117848002
"TAF13",-0.00405371710131886
"PTMAP2",-0.00405501123055769
"PPIL1",-0.00410943744495467
"DPEP2",-0.00411489440910831
"PLA2G4D",-0.00416138542446957
"GNAL",-0.00417067295136941
"FUNDC2",-0.00420031121134684
"DDIT3",-0.00423228336954
"HNRNPA1P55",-0.00424354787479005
"LINC01324",-0.00425402574965781
"OR8B12",-0.00438915724659898
"E2F7",-0.00439096878352802
"ZNF667-AS1",-0.00439211791663584
"TMBIM4",-0.00446324551862766
"CYCSP27",-0.00448732892573498
"UQCC2",-0.00451550199001826
"RPS27P14",-0.00453190681414713
"LINC01890",-0.00454942008106676
"LINC01944",-0.00457216512131216
"PRDX4",-0.00457690769391899
"ATG2A",-0.00458053372471516
"KPNB1-DT",-0.00461123152154748
"ALOX12B",-0.00473569688088434
"LSM14B",-0.00477220475222498
"SERPINA12",-0.00477341187178252
"ZBTB39",-0.00479925105712209
"ITFG2",-0.00483989829141935
"NFIL3",-0.00486750575830293
"SMARCD2",-0.00490758042691706
"AIDA",-0.00491600766264932
"PDK4-AS1",-0.00496383163067304
"PCGF5",-0.00496428687231033
"MICALL2",-0.00497712428331444
"RPL29P4",-0.00501668145034044
"KCNJ3",-0.00502367859854077
"NELFE",-0.00504505103649238
"CLCA1",-0.00511158670251351
"ZNF396",-0.00511182311740398
"RPL21P131",-0.00513864275880386
"MTND4P24",-0.00519319801643609
"RPL35P5",-0.00522841302557703
"PURPL",-0.00524853422282158
"FPGT",-0.00526992170377
"SAXO5",-0.00527796923086683
"PDE4DIP",-0.00528770691479589
"HSPE1P5",-0.00530440724176505
"FAM230I",-0.00531587205607555
"FOXI1",-0.00537796775041237
"ENTREP3",-0.00541099529434348
"LRRN4CL",-0.00546665379324987
"MRPL52",-0.00548022958525366
"AATK",-0.00548403450683
"RBMX2",-0.00549209544097212
"TOMM22",-0.00551158250108479
"ATP8B1",-0.00551309711250353
"RPS27P6",-0.00552079622019675
"HMGN2P8",-0.00555999145062673
"SPDYE3",-0.0055775279910639
"LINC02259",-0.00560592939853397
"EXOC4",-0.00564595247348092
"LEMD1-AS1",-0.0056543731505743
"PROX1-AS1",-0.00566196496775693
"LINC01739",-0.0056989426314235
"ADAMTS18",-0.00571162147470638
"PRR14L",-0.00573444850108436
"FAM131B-AS2",-0.00578447671234761
"HDAC8",-0.00581668654900885
"OR1I1",-0.00581918210562519
"REL",-0.00582135491882299
"LINC02511",-0.00582803200475958
"SLC39A13",-0.00583096139632769
"PCSK5",-0.00595225792601944
"P2RX5-TAX1BP3",-0.00596096814760244
"RRAGB",-0.00596796449480599
"OSTCP2",-0.00598475782577642
"TIMM9",-0.0060545484712035
"FST",-0.00606066351179496
"BRCA1",-0.00615173789494274
"CD2AP",-0.00620262271220173
"HDAC4-AS1",-0.00621435925369902
"LINC02956",-0.00627697683298314
"TMEM223",-0.00634966636417771
"CCN3",-0.00636109685402637
"LINC01859",-0.00637780788110612
"MPPED2",-0.00649175934275315
"BOD1L1",-0.00651257947237016
"MAML2",-0.00656316469785421
"FLVCR1-DT",-0.00657274681509664
"MID1IP1",-0.00661471650412604
"RORB-AS1",-0.00668555892131815
"SNRNP25",-0.00680638679267253
"PA2G4P2",-0.00681291721266795
"PABPC1",-0.0068173716828692
"RPP40",-0.00681944877102229
"PNPLA8",-0.00682078345109561
"ZZEF1",-0.00684865854229061
"RPL35AP32",-0.00689547395760712
"ARB2A",-0.00692562638176996
"ARHGEF28",-0.00694678790984481
"TUBA8",-0.00696204857047578
"GLTPP1",-0.00698014151763849
"TENT2",-0.0069989932443164
"RIMOC1",-0.00702992407569283
"SRRM2-AS1",-0.0070313996678651
"EMX2OS",-0.00704634056286003
"CHCHD1",-0.00704753375293532
"FGF8",-0.00707998465412762
"PPP1R12A-AS2",-0.00708463438038911
"TMEM101",-0.00717408819804877
"MRPL15",-0.00720761429245503
"ARFGEF1-DT",-0.00720911163234122
"PDCL3P6",-0.00721212313531616
"EEF1B2P2",-0.00723788925804333
"API5P1",-0.00725547831140934
"SUN2",-0.00727257996684001
"ACTG1P15",-0.0073469781775291
"LINC02384",-0.00735610687760106
"MYHAS",-0.00743378732652464
"GPR176-DT",-0.00747105680315341
"RPL7AP34",-0.00751079647803356
"EIF4G1",-0.00757037873472616
"PDCD2L",-0.00763923085981419
"SMG5",-0.00765854826724488
"GIRGL",-0.00768873823356176
"AHCTF1",-0.00773365385904741
"ZFYVE19",-0.00777783089844325
"NCLN",-0.0078123167404137
"PGPEP1",-0.00791063685320014
"SLC44A3",-0.00792385991428791
"FAM229B",-0.0079622798724264
"ARL2",-0.0079832394684488
"ZNF844",-0.00798584873322273
"RNU4-62P",-0.00798619171491366
"ATN1",-0.00805364848188408
"EXOC3",-0.00807277551891902
"SEMA5A",-0.00815673299602639
"TNFAIP8",-0.00818901817143048
"NDUFB10",-0.00822227667349318
"KANK1",-0.0082469192347196
"RN7SL784P",-0.00824824853125133
"ELK3",-0.00825028799141496
"TMBIM1",-0.00827151634707522
"NKD1",-0.00831413346306739
"VTI1B",-0.00832212924641549
"DVL1",-0.00836566828257501
"BAG1",-0.00842541749437738
"COX5AP1",-0.00843778530514756
"C3orf62",-0.00844402950518836
"RPL12P4",-0.00849011604340962
"DGKZP1",-0.00849025972264025
"CLASRP",-0.00850041008999
"GRHL3",-0.00856989250586557
"CCSAP",-0.00860693699042767
"SH3GL1",-0.00865805439429351
"NDEL1",-0.00866801048281152
"MARCHF2",-0.00867026435594475
"ARL16",-0.00874549562223161
"KDELR2",-0.00874627520086739
"PRDM14",-0.0087916635843382
"MOB3A",-0.00879974388373204
"MFN2",-0.0090549451200747
"SBK2",-0.00907031860497894
"HNRNPA1P41",-0.00911082701776721
"SCARA3",-0.00913078392538843
"PAG1",-0.00916389607065897
"PWWP2B",-0.00916412839187196
"LINC02828",-0.00917778337469127
"LINC02256",-0.0092033955555329
"HNRNPRP1",-0.00921482679885796
"CCNK",-0.00923856872400021
"RNF40",-0.00925735728494059
"AIM2",-0.00942502495990894
"ARGLU1-DT",-0.00942670831132588
"XRN1",-0.00942822218027076
"GOT1-DT",-0.00942984266056049
"SEPTIN2P1",-0.00943109807990456
"PPP1R12C",-0.00949861683804988
"TTC38",-0.00951473257689642
"RPL17P43",-0.0095483684137045
"ANP32A",-0.00957756720250003
"GLB1",-0.0096171964259438
"RPL27",-0.00964081305215626
"KIAA1614",-0.00964571933472494
"PI4KA",-0.0096687284690959
"EIF2AK3",-0.00967180014637265
"ZC3H10",-0.00967974661072736
"ECE1-AS1",-0.00976875844304862
"VGLL4",-0.00981264831332101
"RNVU1-28",-0.00982828308105847
"STAG2-AS1",-0.00994589728875652
"MTHFS",-0.00999390134016473
"EPS8",-0.0100526672401124
"MTOR",-0.0100849821767244
"CIAO2AP2",-0.0100879551021204
"NUAK2",-0.0102499064007742
"DOCK10",-0.0103183108185885
"REEP5",-0.010363923874287
"BRINP2",-0.0103644665326677
"ZMAT5",-0.0104391584705535
"LINC01571",-0.0104593543151264
"TRIM38",-0.0105373076559086
"AP4S1",-0.0105722452508565
"VLDLR",-0.0106367934432111
"PALMD",-0.0107669996211993
"TANAR",-0.0107927696165513
"TAF11",-0.0108288083768266
"CPSF4",-0.0108336386144478
"SOX2-OT",-0.010839683659203
"PPIAP23",-0.0108628137497086
"PPIAP34",-0.0108675619696121
"GGA1",-0.0109042378642672
"KCNIP4-IT1",-0.0109324258559899
"HOXB7",-0.0109371113536724
"LINC01181",-0.010952616345352
"RUFY1",-0.0109771051150901
"IBA57",-0.0110473064183784
"ANTXRL",-0.011085943706927
"SCRN2",-0.0111032515606389
"VAV2",-0.0111928142368453
"LINC02547",-0.0112258227386917
"TMCO6",-0.0112741443322465
"MEA1",-0.0112765456068164
"ZDHHC12-DT",-0.0113004866306083
"TRIM10",-0.011515704237142
"HNRNPA1P30",-0.0116922524729818
"REC114",-0.0117269962147581
"DPPA3",-0.0117922377136504
"RPL21P46",-0.0118044750965755
"LINC01821",-0.0118173418224212
"DSCR9",-0.0118369977916035
"SYT12",-0.0118655333610146
"DNAJB5",-0.0118810461699002
"SF3B3",-0.0119564744449945
"RCAN1",-0.0120724974950791
"NEIL1",-0.0122060963304673
"LRFN4",-0.0122183161389032
"ITGAL",-0.0123086906904846
"COBL",-0.0123759664240321
"IL19",-0.0124445443137641
"IRAK1",-0.012496599126657
"SLC39A5",-0.012515835452983
"HOXD9",-0.0125414858562076
"DTX2P1-UPK3BP1-PMS2P11",-0.0125855770629219
"NFIC",-0.0126065191017221
"HAUS6P2",-0.0126488460781503
"PDE2A",-0.012695393842732
"TRPV6",-0.0127270015719998
"LINC02449",-0.012732803028943
"RBMXP2",-0.0129815902508368
"FRG1HP",-0.0129910021602476
"CNTNAP1",-0.0131287783318687
"APLF",-0.0131540060823937
"MAD2L1-DT",-0.0131823417903609
"CAPN15",-0.0131957456043943
"AKIRIN2",-0.0132138772707521
"ERCC1",-0.0133231679286863
"ST13P3",-0.0134003524736475
"SYT5",-0.0134192320838132
"KIAA0040",-0.0134598457512696
"DAZAP1",-0.0134863157497986
"LINC01208",-0.0134939914831876
"MAN2B2",-0.0135203294188322
"TMTC4",-0.0136453440680559
"EEF1A1P16",-0.0136505164341333
"CBX6",-0.013714753732954
"FIS1",-0.0137265297941559
"SERBP1P1",-0.0138184529341729
"UBXN2B",-0.0138414877152972
"PNPO",-0.0138563271122134
"TRPM1",-0.0139401751885091
"RPL22",-0.0141045876421921
"SPRN",-0.0141806326019801
"BTF3P8",-0.0142264491626461
"SOHLH2",-0.0143781020048007
"CUL4B",-0.0144279867031921
"VPS4B",-0.0145462724232237
"AMN1",-0.014554600394761
"AGAP4",-0.0145824243204654
"GLRX2",-0.014608840175969
"ADCY8",-0.0146166183633958
"ATP6V1G1",-0.0146380661698083
"MARVELD2",-0.0147032076088262
"RPL21P52",-0.0147988756892638
"C5orf63",-0.014857574994599
"WASHC4",-0.0149045009596803
"LRRC37A17P",-0.0149932965209708
"RAB3A",-0.0150019514532723
"BTF3P4",-0.0150036739937969
"MTA1-DT",-0.0150187665942649
"ZRANB3",-0.0150261655976733
"BNIP3P28",-0.0150608650524007
"SURF1",-0.0150934655866862
"EEF1A1P29",-0.0152407133287161
"RPS10P3",-0.0152848034484759
"STX8",-0.0153436596476713
"FUNDC2P1",-0.0153937741021895
"PABPC4-AS1",-0.0155764956433887
"PPFIBP1",-0.0157027687403042
"PPIAP35",-0.0158069046685897
"ABCG2",-0.0158185447541843
"CAMTA1",-0.015836308183293
"GALNT18",-0.0158614613223409
"MIR646HG",-0.0158841068999834
"NELFB",-0.0158866497463263
"OSBPL3",-0.0159137484542645
"GAS8-AS1",-0.0159273575558025
"AP3D1",-0.015967994449971
"ZSCAN5A-AS1",-0.0160488874109317
"PSMD4P1",-0.0160852297043405
"RPL34P31",-0.0161785290107784
"SLC22A10",-0.0162086172225049
"C6orf120",-0.0162626454664902
"DNAJC5G",-0.0162938890487649
"PIK3C2A",-0.0163599319436344
"IRS4",-0.0163776568710726
"CEP89",-0.016480987283566
"SIK3",-0.0165619182853415
"BCAT1",-0.0165964578543921
"DDX19B",-0.0166319940166963
"RPL7P42",-0.0166969065196275
"ZNF670-ZNF695",-0.0167630769320793
"NISCH",-0.016795610943909
"RNU6-387P",-0.0169138452084086
"NLGN4X",-0.0169363836987089
"SLC9A7",-0.0169383535213156
"GRID1",-0.0170062022712517
"ITGB1-DT",-0.0170261278060499
"LINC00957",-0.0171175273786948
"RIDA",-0.0171311271628068
"RPL23P5",-0.0171558339688102
"PCSK2",-0.0171974282966887
"KAT14",-0.0172527507931838
"KGD4",-0.017264589535894
"EML3",-0.0172707068772055
"ERC1",-0.0174841314474004
"PLAGL1",-0.0175208025069726
"CIB2",-0.0175558562179158
"PLCG2",-0.0175903976690053
"HAS2-AS1",-0.0176827956359929
"RPL24P2",-0.0177010747341681
"ZNF556",-0.0177399437064671
"ADISSP",-0.0178027384572077
"BCAR3-AS1",-0.01809954219887
"TMEM123-DT",-0.0181189406002464
"LINC03054",-0.0181229388733318
"MOGAT2",-0.0181275882420105
"RAD9A",-0.0182393530694737
"LINC02817",-0.0182588674090123
"RAPGEF4-AS1",-0.0183519576291428
"CEPT1",-0.0183614169041318
"ARAP3",-0.0183718090965027
"RPL21P117",-0.0183822697374344
"SMIM2-AS1",-0.018388780135421
"MRPL43",-0.01843021226634
"RPL30",-0.018450747837557
"RPL31P26",-0.0185981696719142
"GSK3A",-0.0186096155478814
"PRPF40B",-0.0186295435666492
"DENND6A-DT",-0.0187036821187056
"MYPOP",-0.0187691067118808
"UBA52P3",-0.0187827892294515
"MIR2117HG",-0.0187827892294515
"SNORD62B",-0.0189591182070578
"PRKCB",-0.018970470342252
"DHX32",-0.0191335461191774
"CZIB",-0.0191775922287686
"MIB1",-0.0193415328161299
"MED25",-0.0193462334130255
"PTS",-0.0193470441144462
"ACAP3",-0.0193591057205302
"TUBA1B",-0.019401225068644
"NOG",-0.0194614909106565
"LYSMD1",-0.019473211546716
"RPS24P19",-0.0194846891967869
"NDST4",-0.0196507341603015
"RTN3P1",-0.0197020496947244
"KDM3B",-0.0197077765995976
"RNU6-1199P",-0.0197739488795927
"CABS1",-0.0197846864809136
"ZFP42",-0.019916084880911
"PSD3",-0.0199355060136599
"CCZ1",-0.0199627755459553
"PIH1D1",-0.0199880905747287
"MRPS33",-0.0201206926400095
"PPP2R2D",-0.0201340264779503
"AHNAK2",-0.0201427529603144
"DNM1L",-0.0202450034338246
"ZFP91",-0.0202759489147539
"DECR2",-0.0202899919598855
"SLC19A3",-0.02030377234038
"EIF6",-0.020348267495092
"CHPF2",-0.020453802441048
"RPSAP12",-0.0204592224458464
"LINC00844",-0.020469961661901
"CCS",-0.0204770927666286
"ST13P21",-0.0207105765340218
"ETFB",-0.020764192122374
"APOF",-0.0207878134513951
"ACAA1",-0.0208033345568093
"C1orf54",-0.0208584843262896
"ZMAT2",-0.0209643820160911
"CPQ",-0.0209661514250175
"CXCL5",-0.0209782536424933
"GRM5",-0.0212320989840627
"POMZP3",-0.021256816329662
"UBASH3B",-0.0212751782321747
"RNU5A-1",-0.021416047072413
"SNAPC4",-0.0214190687249483
"RPL3P12",-0.0215344133829758
"RPS21P4",-0.0215549115759873
"FAM118B",-0.0215933391574792
"MTCO3P17",-0.0216100822742201
"PTPN2",-0.0216319262642934
"CAMK2A",-0.0217272722391041
"MIIP",-0.0218948891948348
"SLC6A6",-0.0219314628760719
"SYNGR2P1",-0.0219707780095117
"SV2B",-0.0220172582671062
"PHRF1",-0.0220229483921995
"GARIN1A",-0.0221035269970715
"PARL",-0.0221431205430753
"NBEAL2",-0.0221832182878825
"GFM2",-0.0222399512354954
"RPL7P12",-0.0222600745538693
"KRT7-AS",-0.0222602345987124
"RORB",-0.0222672455857485
"CHD9",-0.0223238864230902
"AARS2",-0.0223278651272588
"LHX5-AS1",-0.0223579543672328
"LINC01030",-0.0223651459945122
"LINC00294",-0.0225122612174477
"SNHG25",-0.0227387043916074
"MIR1244-4",-0.0228426682503855
"NUDT14",-0.0228820599274784
"MTO1",-0.0232060305348762
"FTH1P16",-0.0232277862164351
"RPL22L1",-0.0232644043331078
"SIRT6",-0.0233674041581185
"UAP1-DT",-0.023467173543373
"LINC02901",-0.0235072148460954
"RPS26P39",-0.0236035039016845
"RPSAP5",-0.0236035039016845
"FPGS",-0.0236067526329895
"CDH5",-0.0237181949578168
"PAMR1",-0.0237612604545081
"GAS2L2",-0.0237766048368274
"SELENON",-0.0238112733982083
"RPL26P37",-0.0238291124185239
"ARID3B",-0.023899978474166
"NDUFS7",-0.0240313663980308
"MYG1",-0.0240797030854601
"NDUFB6",-0.0241001353017111
"NRXN2",-0.0241380459521635
"RPL21P98",-0.024251729389351
"PRNCR1",-0.0243547820077709
"AP5Z1",-0.0244911881656101
"SRRM1P3",-0.0246508690628745
"PIN4P1",-0.02481346085038
"CCNB3P1",-0.0250312931978691
"RPL7L1P3",-0.0251995913404533
"MT-ATP6",-0.0252379659869624
"SLC25A11",-0.025334898440175
"FAM207BP",-0.0253494316955985
"PSMF1",-0.0254203388920291
"KLHL15",-0.0254421234574776
"MRPL12",-0.0254789094340218
"PDE4B",-0.0255108814505882
"TBC1D32",-0.0255341068003073
"IFT20",-0.0255903743621585
"RAB5IF",-0.025591382087198
"RPS26P13",-0.0256351957640223
"LINC02772",-0.0256351957640223
"IGHV3-33",-0.0256682151320584
"LINC02523",-0.0256865054481486
"RPL35AP35",-0.0257415423397929
"ZNFX1",-0.0257577203113074
"GTF2H2",-0.0257677865000889
"PRSS56",-0.0258146005534096
"ZNF208",-0.025938942443199
"SLITRK5",-0.0259551565200946
"LIMS4",-0.0259701466063401
"COMMD4",-0.0259876451552714
"RPL3P8",-0.0260300972150524
"XRCC1",-0.0260538481508382
"GTF2H5",-0.0260700892114531
"LINC01470",-0.0261919269692272
"ADGRL2",-0.0262151696233531
"CASC6",-0.0263360864574406
"PSMB6",-0.0264455319008725
"DGUOK-AS1",-0.0264479208362598
"RPS19BP1",-0.026517053284321
"LINC02535",-0.026528204822259
"ALDH3A2",-0.0265548554399971
"RPL30P14",-0.0265754551088109
"NDUFA9",-0.0265842682590527
"TMEM38A",-0.0267525530327181
"TPCN1",-0.0267649850663753
"MAPK1",-0.0268039383106597
"KIF6",-0.0268103864125419
"GYG1P3",-0.0268409085802341
"KRT18P41",-0.0268409085802341
"RPL36AP29",-0.0268409085802341
"CYCSP52",-0.0269239662889575
"MYCBP2",-0.0270183512615299
"MLIP",-0.0270581025537529
"TIMM10",-0.0270670467159703
"RPL26P36",-0.0270758525674396
"RPS14",-0.0271867236500987
"ANKRD13D",-0.0272409229712373
"CDK19",-0.0272897331477085
"PLA2G15",-0.0272992833623098
"TTC32-DT",-0.0274119018332223
"CICP26",-0.0274164164188943
"BRD10",-0.0274560920012011
"HCFC1",-0.0275866945425824
"LINC01299",-0.0277472698779347
"RPS4XP13",-0.0277499746539074
"PEX5",-0.0279448733727706
"ARPC1AP3",-0.027946822740927
"LIPH",-0.0280091851131366
"PLEKHH3",-0.0281072251759029
"PDE7A-DT",-0.0281731373493207
"MTCH1",-0.0284247613624947
"BMS1P4",-0.0284337741729907
"NR2C2AP",-0.0285254210189842
"ELF3-AS1",-0.0285758027117244
"SYNCRIPP1",-0.0287773701019561
"AK9",-0.0287869705937878
"INSR",-0.0288068646133643
"YME1L1",-0.0289041632939183
"EMC6",-0.0289449747703862
"IPO5",-0.0290365930753773
"GTPBP1",-0.0290936910929069
"RN7SKP230",-0.0292423429328601
"CACNA1S",-0.0292587539816239
"PDGFDDN",-0.0293439200389169
"NDUFB9",-0.029352202438871
"SNTG2",-0.0294122659990933
"MARCHF4",-0.0294480256341594
"DHX16",-0.0294920732288278
"OPALIN",-0.0296287772133111
"SNX17",-0.0296590789278731
"CBL",-0.0297063037936261
"KASH5",-0.0298874415701035
"SPIDR",-0.0299353688572244
"LINC02791",-0.0299438783866083
"RPL41",-0.0299577286964481
"CENPI",-0.0300391439670526
"KCTD11",-0.0301562419116029
"ZC3H12A",-0.0301864828624388
"CETP",-0.0303030498812327
"SCN4B",-0.0304517624482065
"NPM1P18",-0.0305398950578527
"OR5H14",-0.0306577313978488
"NABP1",-0.0306697863175512
"SETP7",-0.0309687357689303
"KRT18P61",-0.0309687357689303
"FAM245A",-0.0310091693775834
"PSMD6-AS1",-0.0310285243460875
"C1R",-0.0310451930215299
"TUBBP6",-0.0311358806787609
"FHP1",-0.0311577978092684
"RPL30-AS1",-0.0312433192269573
"USP24",-0.0313058780691229
"WASF1P1",-0.0314148652596034
"PTGES3P3",-0.0314376938257782
"KCNS2",-0.0314463155029228
"SLC26A6",-0.0315176563660918
"SLC6A7",-0.031577493313156
"LINC01611",-0.0316753776650377
"SLC22A11",-0.031741374041014
"PHKG2",-0.0318178869893436
"LINC01515",-0.0318987132163364
"RPS4Y1",-0.0319304576060588
"PPY",-0.0319601821179359
"RNPC3-DT",-0.0321141379146443
"TRMT112",-0.0321464854094859
"AP2A1",-0.0321713653997637
"SETP8",-0.0321794592886034
"UBE2V2P1",-0.0321794592886034
"RAP2A",-0.0321821532674886
"RPS26P20",-0.0321924240969291
"SDHCP4",-0.0322354552945302
"MYL12BP3",-0.0322912123457921
"CYB5R3",-0.0323140142488276
"BCL2L12P1",-0.0323961625414487
"SPRY4",-0.0324081768619502
"LINC01873",-0.0324226705787465
"LPAR4",-0.0324891796192282
"NPM1P12",-0.0325359858844113
"MAN2B1",-0.0325702011445535
"RPL36AP52",-0.0325702802941074
"ARHGEF25",-0.0325702802941074
"RPS27P21",-0.0326016421047168
"CCDC117",-0.0326109439737134
"SHC1P2",-0.0326313611278346
"ATP5MC1P7",-0.0326844117010359
"RPL13AP24",-0.0327394142133304
"MTND4P35",-0.0327606293793472
"PKD1L2",-0.0328198610220818
"PIGS",-0.0330285391823507
"VPS39",-0.0330358818265038
"RPS19P3",-0.0330853819353822
"LINC02290",-0.0331744306201817
"PPIAP36",-0.0332434836167936
"EXOC6",-0.033257562698724
"KCNH7-AS1",-0.0332819118878014
"BTF3L4P2",-0.0333222516555643
"NAA10",-0.0333243547217192
"SKI",-0.0333990876064936
"MTND4LP30",-0.033405928447978
"RN7SL321P",-0.0334931519949061
"MIR1293",-0.0334931519949061
"ARSD",-0.033546217153375
"LMF1-AS1",-0.0335582152580324
"AK2",-0.0336722709990714
"TTC12",-0.0336877668742731
"LINC01346",-0.033757402037098
"PELI3",-0.0339760301475682
"TMCC2",-0.0339857718001041
"NLK",-0.0340442543651221
"LINC02508",-0.0340772286959735
"AVPR2",-0.0340772286959735
"IL7",-0.0340855612600668
"PSMB2",-0.0341627582203138
"SERTAD2",-0.0342197743161519
"RPS3AP55",-0.0342363688776406
"ANAPC15P2",-0.0343152951990394
"POLR3K",-0.0344815108941655
"PPM1AP1",-0.034533704985218
"RAPGEF4",-0.0346489968719549
"RNU6-645P",-0.0346618878564486
"MSN",-0.0346915920000419
"LINC01965",-0.0347413109901565
"FAM133CP",-0.0347503906501286
"VTI1BP1",-0.034820289452258
"EEF1A1P45",-0.034826293215904
"TMEM107",-0.0348713572131953
"CA2",-0.034911813890911
"MT-TI",-0.0349408393276121
"MFSD4B",-0.0349452040728858
"TMEM131L",-0.0349976400089293
"BLTP3A",-0.0350235265189929
"LINC02870",-0.0350347923720048
"KIAA1210",-0.0351773802117471
"CFAP69",-0.0351828220269359
"VMP1",-0.0352733280179532
"RPL7AP74",-0.0352762527924329
"VRTN",-0.0352762527924329
"ZNF577",-0.0353039563536804
"RASSF8-AS1",-0.0354007982012592
"LINC01411",-0.0354547790596036
"CARD10",-0.0354844652945726
"PLEKHN1",-0.0356003589575894
"SNX5P1",-0.0357288380370263
"LINC02902",-0.0357288380370263
"C2orf92",-0.0357393982258059
"GNRHR",-0.0358251791718039
"IMPDH1P6",-0.0358357086959312
"CYB5A",-0.0358474707951007
"PI4K2A",-0.0358587548017365
"WFIKKN2",-0.0359107499466755
"CYCSP39",-0.0359182970501849
"TVP23CP2",-0.0359400579898102
"RPL29P3",-0.0361307522338096
"CMTM7",-0.0361751361545429
"KDM5C-IT1",-0.0362081887606351
"AZI2",-0.0362644216202756
"CDK5RAP3P1",-0.0363017377961169
"HMGB3",-0.0363483903171005
"ZNF114",-0.036391955504467
"KRT8P44",-0.0365266746741836
"CDC42BPG",-0.0366766264321103
"SSUH2",-0.0367351970023221
"INTS6-AS1",-0.0367562077989415
"NOL4",-0.0367808378691561
"ATP5MG",-0.0368288472773841
"IARS2",-0.037096834192079
"CERKL",-0.0372351575441618
"PCDHB16",-0.037285319998024
"CEACAM18",-0.0374520434913511
"MBD3",-0.0374841997447148
"RPL19P5",-0.0375593305532073
"PPP1R14BP2",-0.0376074965543024
"RPL21P63",-0.0377080934775895
"WDR83",-0.0378768126923849
"GNAT1",-0.0379597950878252
"RN7SL804P",-0.0379597950878252
"FABP5P8",-0.0379662836543917
"PLK3",-0.0379828507208149
"ZFYVE26",-0.0380229777231777
"SH3BGR",-0.0380298032437356
"PCDHGA6",-0.0381186123907604
"LINC00910",-0.0381639838306593
"TUBB8P11",-0.0382008087846967
"OXSM",-0.0382235579849666
"MATR3P2",-0.0383223477751761
"H2AZP3",-0.0385765180219101
"TSC22D4",-0.0386705335588996
"SKIC3",-0.0387129448377622
"BMPR1B",-0.0389534323396531
"TAC3",-0.0391620868295002
"SNHG31",-0.0391634450220234
"LINC00862",-0.0392837631332796
"SF3B6",-0.0393756585186251
"ANKRD34B",-0.0394250964383987
"ATP5MFP6",-0.0395423411008646
"OR2L2",-0.0395437111075337
"SMCO4P1",-0.0395437111075337
"EIF2AK4",-0.0396100953251409
"PPIAP8",-0.0396619207907182
"VDAC1P13",-0.0396998929742852
"RAD51B",-0.0398234069641224
"KCNV1",-0.0398538385265825
"CDPF1P1",-0.0398665209087729
"NPIPA9",-0.0399826637105788
"SNRPCP10",-0.0400983527163932
"SYNGR2",-0.040136596812008
"RPL7AP63",-0.0401650863228696
"PPIB",-0.0401807378755845
"PGS1",-0.0402343667583645
"VRK2",-0.0402587276470132
"CTSO",-0.0402906149827825
"CPEB4",-0.0403083139792164
"EQTN",-0.0403262744577103
"RASGEF1A",-0.040588424834441
"DUSP5",-0.0407466048275744
"RN7SKP146",-0.0408321308470457
"CHGB",-0.0411171475881082
"YIPF1",-0.0413945139686739
"HSPD1P3",-0.041400678441052
"RHBG",-0.0415393588433908
"ATP5MGP2",-0.0416016933842167
"SSBL2P",-0.0416127642791528
"H3P43",-0.0416264201869522
"GREM1",-0.0417230584166407
"FRAT1",-0.0417902932130243
"TMPRSS2",-0.0418264518331583
"C1QTNF1",-0.0420802178347087
"KCNS1",-0.0421143325935192
"FAM149A",-0.0421390882514331
"PPP3R1",-0.0421459762265092
"SORCS1",-0.0421914554955154
"RPL19P4",-0.0422452762245415
"OR13C7",-0.0422452762245415
"RN7SL429P",-0.0422452762245415
"SPDYE16",-0.0423082469773908
"DHDDS",-0.0423650552192764
"TCAIM",-0.0424895450727804
"MYLK",-0.042499360439128
"CDC42P6",-0.0425287530491779
"GDF5-AS1",-0.0425832737678905
"MTCO1P53",-0.0425847746931777
"TSPAN33",-0.042692699309372
"RBCK1",-0.0428285988014512
"WTAPP2",-0.043011724953292
"GAPDHP63",-0.0435001523900936
"DPRX",-0.0435521418084959
"RBMY2UP",-0.0436409767717517
"RN7SL624P",-0.0436777146875761
"LINC01907",-0.0437911872678348
"RPS26P55",-0.0438331725691104
"FAM136BP",-0.0438405325591388
"GOLGA8R",-0.0438700197328954
"C19orf25",-0.04387673574981
"MEF2C-AS1",-0.0438911471050293
"HIVEP2",-0.0439302791207254
"HIC1",-0.0440367576049799
"RXRG",-0.0441030424687848
"PEF1",-0.0443497742825174
"MRPL27",-0.0443707345880854
"PGAM4P2",-0.0444284430534098
"MAP2K3",-0.0445029882183713
"ZNF337-AS1",-0.0445344056956273
"MATN1-AS1",-0.044547713920437
"SLC1A3-AS1",-0.0446203728707988
"RILPL2",-0.0446661118712776
"MYH1",-0.0446981651996264
"HSPA1L",-0.0447197364016419
"RPL23AP43",-0.044843315184647
"CYREN",-0.0449307007873723
"B4GALNT4",-0.0450164673224379
"HEPN1",-0.0450164673224379
"AGGF1P10",-0.0450164673224379
"DTYMK",-0.0450330926789945
"KIAA1191P1",-0.0450895699292035
"ZNF497",-0.0451919348752229
"ADGB-DT",-0.0451930262362716
"A4GALT",-0.04523164050705
"PVRIG",-0.0452425937896061
"TRPC4AP",-0.0453012557177276
"THSD4-AS1",-0.0453044427060455
"SNRPD1",-0.0453688042445302
"EEF1A1P25",-0.0455152572704133
"IRF6",-0.045526783126201
"ZNF511",-0.0455487655326767
"LINC02505",-0.0456603345251423
"EVPLL",-0.045681327050235
"FKBP1C",-0.0457219095322605
"CD1B",-0.0457488222492038
"WBP1LP6",-0.0457923012872807
"ANKRD42",-0.0458709328679274
"HMGB1P12",-0.046121677592121
"TARM1",-0.046173064621568
"RSU1",-0.0461761229725543
"RPL12P1",-0.0464687192346336
"LINC02963",-0.0465317598991335
"RNU4-92P",-0.0465317598991335
"GTF2IP3",-0.0466745939766314
"MAP3K10",-0.046685494441753
"PPIAP64",-0.0467213769651004
"DNAJA1P3",-0.0467571920215312
"VN2R17P",-0.0469071779865537
"N6AMT1",-0.0469187171641033
"C5orf34",-0.0471350364846055
"ARF5",-0.0473144586118614
"HIGD1A",-0.0473227196343966
"YY1-DT",-0.0473535513090515
"IDH1",-0.0477575365991146
"HMGA2",-0.0478526634133762
"RASGEF1C",-0.0479624388223764
"HEPACAM",-0.0480121141247905
"PGAM2",-0.048057199148315
"GSTM2P1",-0.0480675322218364
"CFL1P4",-0.0481628810679169
"NDUFA11",-0.048283947397822
"KHK",-0.0483121669832219
"RPS3AP49",-0.0483717242747208
"ATP5MGP3",-0.0484832663686424
"LINC00330",-0.0484832663686424
"RPL23AP77",-0.0484832663686424
"MYO3B-AS1",-0.0485597477598796
"MOG",-0.0485597477598796
"LIN28B-AS1",-0.0485597477598796
"ENHO",-0.0485597477598796
"PRELID1P3",-0.0485597477598796
"RN7SL644P",-0.0485597477598796
"PNMA2",-0.0485885688889379
"RAB5C",-0.0486142087538729
"LINC01982",-0.0486381955748521
"LINC02971",-0.0486678545829232
"ZNF555",-0.0486688283660853
"HPS5",-0.0487068135659651
"RNU1-16P",-0.04899327161935
"MIR3651",-0.0490387901833404
"MTCO3P24",-0.0491154246942825
"TMPPE",-0.0492256214899511
"GAPDHP64",-0.0492321336576917
"RN7SL178P",-0.0492321336576917
"RETREG2",-0.0493005323494032
"RPS13P3",-0.0493419354929114
"HOXA11-AS",-0.049346108503823
"ATP5PDP1",-0.0493591150837681
"MIR6797",-0.0494201369144178
"HTR2A",-0.0494663259873202
"SNX27",-0.0495230434457691
"PAPPA2",-0.0495264269705532
"TDRKH-AS1",-0.0495450693516515
"RNU5E-4P",-0.0496219002405325
"EIF4A1P5",-0.0496219002405325
"ARL5AP4",-0.0496219002405325
"FABP5P7",-0.0496359618606847
"ACTBP1",-0.0496627958199999
"SEPHS2",-0.049733878510875
"ADAM17",-0.0499088794705515
"PCBP2",-0.0499199478053364
"TSPYL6",-0.0499472762863059
"KLF15",-0.0499472762863059
"SLC25A51",-0.0499661528001655
"ANKRD1",-0.0501237336485661
"RPS3AP4",-0.0501237336485661
"RPIAP1",-0.0501237336485661
"RPS3AP7",-0.050146808608728
"DCAF10",-0.0503303980401462
"SUB1P1",-0.0503798852423536
"TATDN1P1",-0.050426836837051
"XXYLT1-AS2",-0.0506580558571946
"ATP5PFP2",-0.0507164778745956
"TCOF1",-0.0507853194213698
"MIR25",-0.0508460542269314
"XIRP2",-0.0509047271900298
"RPL34P9",-0.0511094185752567
"ECE1",-0.0511621496850787
"RPL23AP71",-0.0511747785980894
"FIG4",-0.0511843886473814
"ACTR3P3",-0.0511924487476308
"USP9YP4",-0.0511924487476308
"C2orf78",-0.0514885424660337
"RNA5SP146",-0.0515009616377156
"AZIN1",-0.0515980607250868
"RNU6-1101P",-0.0516226899162826
"TMEM252-DT",-0.0516226899162826
"LINC02251",-0.0517057260878537
"PNMA8C",-0.0519484948657888
"OFD1P7Y",-0.0519484948657888
"LINC02138",-0.0519820821666356
"ZSWIM8",-0.0520560515043092
"SEMA5B",-0.0520637307128918
"TUBAP14",-0.0521680294207002
"PSKH1",-0.0521851180968154
"DDR2",-0.0522418366724141
"LINC02624",-0.0523062703716778
"PGRMC2",-0.0525565545421049
"LYRM1",-0.0527809520513938
"ADAMTS2",-0.0528181414455875
"LINC01414",-0.0528467148564676
"XGY2",-0.0528524530649152
"RPL23AP28",-0.0529087333577573
"HIRA",-0.0529542606327068
"ZNF84-DT",-0.0534519817029795
"HCG15",-0.05366343007958
"LRPAP1",-0.0536830296560793
"RPL6P19",-0.0537273900076391
"APRT",-0.0537314820446118
"ARHGAP11A-DT",-0.0538571642343626
"RPS10P2",-0.0538995801061946
"CD109-AS1",-0.0539827303894953
"MIR6738",-0.0540805496892582
"RPL9P14",-0.0540805496892582
"RPL5P27",-0.0541399704194091
"WWC2-AS2",-0.0542038585146562
"PCDHGA7",-0.0542359620885364
"FNDC3A",-0.0542548490629293
"POLR2G",-0.0542570182996191
"WDR45B",-0.0543751438474703
"LINC01426",-0.0544698095257728
"DYNC2H1",-0.0545237671989047
"PCDHA12",-0.0545347432077278
"SNRPD2",-0.054726619230185
"AK8",-0.0547816222221717
"ARMT1",-0.0548004681962243
"ENKD1",-0.0548450622945305
"RNU6-865P",-0.0549501717140237
"FAM234B",-0.054982484835519
"ASPHD2",-0.0551197952976745
"NOX5",-0.0551212080213421
"ZEB2P1",-0.0554528873134778
"KIZ-AS1",-0.0554528873134778
"EFCAB14P1",-0.055555298565729
"SRARP",-0.055555298565729
"SMARCA2-AS1",-0.0555769774630484
"WASF5P",-0.0556614631886982
"ATE1OSP",-0.0556614631886982
"SMARCA4",-0.0556809231039619
"RIPPLY3",-0.0556966336388135
"SPATA21",-0.0557043193470139
"SULT1B1",-0.0557592487389118
"PTMAP8",-0.0557967860516324
"ALDH1A3-AS1",-0.0558875961786971
"THAP5P2",-0.055887918225531
"ALDH3B2",-0.0560103182508896
"TERLR1",-0.0560780519551542
"N4BP1",-0.0560940671359805
"ZNF117",-0.0563491611481618
"PNMA8A",-0.0564558788252669
"TUBAP15",-0.0564811041553956
"CYP2W1",-0.0565559321882627
"M1AP",-0.0565636791893631
"SND1",-0.0565890676462782
"USP32P4",-0.0567094646274215
"UXT",-0.0567435799977387
"CBLL1-AS1",-0.0567451673988427
"MIR4685",-0.0567732038086973
"F2RL3",-0.0568739749139141
"ITGB6",-0.0568895266566113
"LINC01288",-0.0570208661447701
"CDK7P1",-0.0571530548242102
"LINC02267",-0.0571589235333157
"LIPG",-0.0572173034538951
"TRMT1P1",-0.057234441378634
"RN7SL304P",-0.0573115831383734
"RNU6-233P",-0.0573839609273988
"ARPP19P1",-0.0574496686380573
"LINC02540",-0.0575186695438947
"CCDC86",-0.0575348256053143
"ACTG1P12",-0.0575470273600107
"EML4-AS1",-0.0577917192878811
"COLEC10",-0.0578516498524956
"RPL21P135",-0.058001720361009
"HAX1P1",-0.058001720361009
"HID1-AS1",-0.0580658496787605
"LINC01991",-0.0581745363522299
"MIR429",-0.0582769680685682
"RN7SL198P",-0.0582769680685682
"PTPRT",-0.0582966944368401
"RPL32",-0.0582975398966214
"RPL21P45",-0.0583246855884039
"PPIAP84",-0.0583246855884039
"LINC02866",-0.0583488385331203
"MTIF3",-0.0584326335021545
"HCN4",-0.0585622237459063
"RPL31P39",-0.0587109173197301
"OR7G2",-0.0587109173197301
"EEA1",-0.058751742793432
"RN7SL518P",-0.0587526287614178
"SOWAHA",-0.0587727476821683
"PTPRS",-0.0587975408377554
"SLX1A",-0.0588398396517599
"MRPL20",-0.0589233583009779
"COL14A1",-0.0589376738635344
"PPIAP33",-0.0589525310282594
"CICP9",-0.0589948062700659
"SPIC",-0.0589948062700659
"PHF19",-0.0590507134826806
"ACADL",-0.0591788240303067
"PPIAP60",-0.0592513672751656
"XKR5",-0.0592513672751656
"CBR1",-0.0592620628311225
"RPSAP49",-0.0592740170669716
"IGFN1",-0.0593874455898056
"MRPL40",-0.0594408522782063
"FAM47E",-0.0594592113919054
"PLD3",-0.0594998039545924
"MICOS10",-0.0595518035153757
"MMP28",-0.0596462088590743
"PRELID1P4",-0.059704505356794
"CDC20B",-0.0597448966874092
"LINC02100",-0.0599223062478372
"GOLGA8O",-0.0599955733841744
"KLC2-AS2",-0.0601469691862352
"LINC01990",-0.0602649622810668
"RPL7P49",-0.060266577783109
"RAP1GAP",-0.0602820360991779
"ERMP1",-0.0603262326053354
"ACTBP8",-0.0604390614289044
"EEF1B2P4",-0.0604515083477584
"CC2D1B",-0.0605381884975148
"HOMEZ",-0.0605429514325884
"CNN3",-0.0605731386581406
"CRIP1P2",-0.060703869908493
"RNPC3",-0.060711804700139
"GSN-AS1",-0.0608211597820376
"PTPRQ",-0.0608277535959393
"ABCA8",-0.0608548722487435
"RPL27AP",-0.0608718618759709
"TM4SF1-AS1",-0.0609620821437671
"RPS29P8",-0.0611033473133976
"ITCH-IT1",-0.0611033473133976
"HMGN2P2",-0.0612769741213612
"ADPGK-AS1",-0.0614038432383997
"SLC17A6-DT",-0.0614393915048225
"HNRNPA1P59",-0.0614539893531574
"RPL39L",-0.0615393646808265
"MIR4432HG",-0.0615636627422828
"FOXP1-IT1",-0.061576417220466
"LYPLA1P3",-0.0617130374769997
"RPL41P2",-0.0621578066666184
"CD244",-0.0621725302811827
"GPS2",-0.0621958548408568
"CYP11A1",-0.0622170618257767
"RN7SL745P",-0.062222927373874
"XPOT",-0.0623294246971701
"DHRS7B",-0.0624043001802206
"ZIK1P1",-0.0624605830602457
"TRIM65",-0.0625105514353345
"CAPZA1P1",-0.0625423682370368
"MATN1",-0.0626899217478463
"RPL14P3",-0.0627551856239813
"PRSS27",-0.0629514873347367
"MTHFD2L",-0.0629518838842509
"RNU6-729P",-0.0629846143799037
"FRG1FP",-0.0629846143799037
"FGF12",-0.0630181803789688
"OR2C1",-0.0632327379234939
"LINC00919",-0.0632327379234939
"USP54",-0.063276927460341
"MYH14",-0.0633437029418772
"RNU1-3",-0.0635001673071618
"LINC01353",-0.0635042363841094
"TH2LCRR",-0.0635272814979117
"STMN1P2",-0.063530948415955
"COPZ1",-0.0636083256881166
"C6orf226",-0.0636529455710474
"GMFB",-0.063663702268218
"RNU6-1315P",-0.0636688340748936
"RPL17P16",-0.063841335145228
"SCN1B",-0.0639211008366467
"RMND5B",-0.0639351715610686
"LINC03000",-0.0640149163487265
"MDK",-0.0640441029801134
"PPP1R21",-0.0640646779788743
"RN7SL672P",-0.0640653827350359
"FKBP4P7",-0.0640999859832741
"DPRXP5",-0.0640999859832741
"RNU6-18P",-0.0641407401362502
"RPS8P3",-0.0642529924962565
"F7",-0.0642668601971983
"BARX1-DT",-0.0643148825487254
"CST2P1",-0.0643148825487254
"MT-TH",-0.0644778504498614
"FAM99A",-0.0646068482973241
"CHURC1",-0.0646425981897305
"FMR1",-0.0646719099239036
"LRP1-AS",-0.0646835641711179
"LINC02450",-0.064696677103243
"CACNA1E",-0.064750637711629
"NBN",-0.064910246472068
"DDX50P1",-0.0649583805615138
"PBX3-DT",-0.0650754453872302
"ARHGEF18-AS1",-0.065125661375201
"BNIP1",-0.0651572081812885
"RN7SKP71",-0.0651922685812432
"CDC23",-0.0652389313535708
"TUBB",-0.065261262378252
"TOR3A",-0.0653652701080668
"JRKL-AS1",-0.0653978893050246
"GATB",-0.065543066715932
"PHACTR3",-0.0656426226658659
"RNU6-925P",-0.0658104734593676
"GALNT6",-0.0658974410913447
"FAM178B",-0.0659159291986125
"SPIRE2",-0.0660334661235487
"KPNA2P1",-0.0661151598775842
"STK4-DT",-0.0661686994453269
"CREB3",-0.0663710164090185
"CA6",-0.0664645074472072
"SYNCRIP",-0.0664734241158652
"STK36",-0.0666143466270615
"FRRS1L",-0.0666399789662852
"BRWD1P1",-0.0667099632996848
"SPCS2P1",-0.0667099632996848
"RNA5SP464",-0.0667682904627163
"TLE2",-0.0668984745595951
"MRPS16",-0.0669931285807794
"FMOD",-0.0670493372991312
"XRCC6P1",-0.0673802919243157
"LINC01350",-0.0673806039876095
"RPL36AL",-0.067391315729744
"CTAGE12P",-0.0674752446067598
"LINC01945",-0.0676658269071444
"CEBPD",-0.0676864768163583
"NUS1",-0.067742863784888
"NFYA",-0.067779637001182
"LINC03057",-0.0679777577803803
"LINC02835",-0.0679789512913016
"PRSS21",-0.0680003179783984
"FSD1L",-0.068201699041811
"C1GALT1P2",-0.0683380618071708
"SPEN-AS1",-0.0683545980578488
"UQCRC1",-0.0683842740958776
"NOVA1",-0.0684862662340133
"RBM12B",-0.0685004758171255
"VEGFB",-0.0685208156277337
"ARL4AP2",-0.0685955179655274
"PEAK1",-0.0687970409464533
"GSK3B",-0.0689092655993041
"PTPRG-AS1",-0.0689673798844797
"PABPN1P1",-0.0690197836897136
"KRT8P40",-0.0691558906578611
"OR52K2",-0.069213866870786
"DENND10",-0.0692550464633063
"INTS1",-0.0693705301095545
"PGK1P2",-0.0695350039610718
"PIN1-DT",-0.0695567563511478
"RPL21P35",-0.0695949542984626
"RNU6-1064P",-0.0695949542984626
"LINC01857",-0.0696167307091162
"KCTD18",-0.069692678394072
"LINC02501",-0.0699762668767246
"SPMIP5",-0.0699762668767246
"ZNF840P",-0.0700478205836349
"EHD1",-0.0702334758264223
"ZFAS1",-0.0703461707739772
"MFSD12",-0.0704105635840042
"HMGN2P7",-0.0707408530879486
"PRIMPOL",-0.0710257657996411
"RPL10P8",-0.0711018759291155
"RN7SL317P",-0.0711586986813846
"CENPU",-0.0711701853810231
"PPIAP15",-0.0713917833573159
"SNORA54",-0.0714412567082983
"RN7SL391P",-0.0714412567082983
"RNU6-1188P",-0.0714817499460254
"KIF1C",-0.0715600085011197
"SRRM2",-0.0716537841863309
"GLYATL1P2",-0.0716994574909692
"ANKRD18B",-0.0717351808637104
"TAS2R19",-0.0718946473948686
"RTF2",-0.0719637587844989
"KXD1",-0.0720250046932893
"HRG-AS1",-0.0720730795286311
"DEGS2",-0.0720853760260883
"SRSF3P4",-0.0721370040319544
"LINC02710",-0.0721774714303197
"MIR4655",-0.0721888934007005
"FARSA",-0.0722055647837285
"RPL21P132",-0.0724231677538819
"CTRL",-0.0725909282415131
"RPL34P3",-0.0725927009012522
"DTD1",-0.07259839980079
"CABP7",-0.0726683115657873
"RN7SKP208",-0.0728303438648835
"RNU6-1300P",-0.0728303438648835
"RNU5A-7P",-0.0728303438648835
"PRORY",-0.0728303438648835
"OR10B1P",-0.0729374683958168
"EIF1P5",-0.0730433971762876
"RNU6-509P",-0.0730677806262685
"RPL41P1",-0.0732622064714957
"TTLL4",-0.0734443215078338
"AP1G1",-0.0736380130929512
"RPL36AP21",-0.0737133732914099
"NDUFB5",-0.0737284598607744
"FMO1",-0.0737313950649721
"VDAC1",-0.0737616791064465
"RPL21P119",-0.0738132944468635
"EGR2",-0.0738348183621556
"LINC00621",-0.0739063946791158
"GLI3",-0.0741356111251306
"RNU6-1057P",-0.0741957372178465
"CSTP2",-0.0741957372178465
"ENTPD6",-0.0743049014158661
"ID1",-0.0743351335007111
"SVEP1",-0.0744542887144886
"MICAL1",-0.0745807319115592
"CHMP5",-0.0747305919709636
"SPEF1",-0.0747683221295615
"CACNG8",-0.0748170393770363
"ZNF783",-0.074897383802629
"CTNNA1-AS1",-0.0749073908876848
"MED13",-0.0749400501023382
"MARCHF10-DT",-0.0749844040010599
"PCDH9",-0.075034251143356
"TYW3",-0.0751656995694793
"PP1P",-0.0753318984601714
"PIR",-0.0754442332169868
"TBC1D22A",-0.0756618767415285
"CADM3-AS1",-0.0757649465570537
"ST13P10",-0.0757694769032932
"APRG1",-0.0758505433514611
"EIF3LP2",-0.0758804266543695
"TUBB4BP3",-0.0759349106995176
"KRT23",-0.0760950437718977
"DOCK2",-0.0761917867622024
"PFN1P1",-0.0762907778389588
"LINC02176",-0.0763900373073303
"RPL23AP59",-0.0764816517164236
"PSMB1",-0.0764840869959445
"VSTM2A",-0.0765276960557217
"HOMER2",-0.0766960262136126
"IQCF3",-0.0767139331645876
"PCDHGA2",-0.0767139331645876
"POM121L1P",-0.0767139331645876
"RN7SL555P",-0.0771005015026009
"LINC02051",-0.0771159504313929
"ACAA2P1",-0.0771975395674401
"EDF1",-0.0773032024789856
"SALL4P7",-0.0775664640127883
"AFF4",-0.0775749603030032
"RPS4XP20",-0.0776293220858618
"RPS4XP21",-0.0776293220858618
"CELA3B",-0.0776571370521787
"UBL5P2",-0.0777146880750074
"RAD54L",-0.0777377268627198
"RN7SL525P",-0.0779448219182081
"URB1",-0.0779979663759045
"ERLIN2",-0.0782972402219745
"LINC02532",-0.078308044769039
"IBTK",-0.0784536204798763
"DEK",-0.0786428682323285
"TRMT9B",-0.0789712012232914
"SNED1-AS1",-0.0790158927538061
"SPINDOC",-0.0790266842306154
"RNU6-82P",-0.0790388748842855
"RPS6KC1",-0.0791889399044552
"HSP90B3P",-0.0795477983303228
"UBAC1",-0.0795996250266993
"LYPLAL1-DT",-0.0796443690739084
"LINC02069",-0.0798720839051697
"UBE2NL",-0.0799630004232565
"NDUFS8",-0.0799727121388186
"TMEM242",-0.0800228195797028
"MSL1",-0.0804429584028041
"MIR3926-2",-0.0804744699833193
"GTF2I",-0.0804752408347533
"CEMP1",-0.0805474430899685
"RN7SL670P",-0.0805686041417737
"NUTM1",-0.0809110627528499
"COL6A3",-0.0810858648705006
"PIEZO1",-0.0811031148392334
"SLC51A",-0.0813546596112262
"POLR2I",-0.0814166398034668
"GPC4",-0.0814434769096899
"CDIP1",-0.0815602951275644
"PPP4R2",-0.0816825435484614
"LINC01050",-0.0816966743622661
"RNA5SP532",-0.0817751846185607
"OXA1L-DT",-0.0818490943732163
"ZNF189",-0.0820351591730766
"PARLP2",-0.0822252955643816
"KPNA4",-0.0822948674295973
"MUC12-AS1",-0.0824339096621588
"PLEKHB2",-0.0825308258568349
"CIDEB",-0.0826298853470395
"PPP3CB-AS1",-0.0827744400512679
"NANOGP1",-0.0828400229974163
"ALX1",-0.0829754325943998
"MED15",-0.0830505777520987
"CAPRIN1",-0.0831928938449698
"MRPL21",-0.0832919565830098
"TXN2",-0.0833042871345134
"PACS2",-0.0834173377331303
"PYCR1",-0.0834214117114436
"RNF111",-0.0836355774878125
"CDK8",-0.0836916188649887
"DNAJC8P4",-0.0837664908475358
"OR7E37P",-0.0837853211894281
"SRFBP1",-0.0838904624463004
"F8A1",-0.0841723645365923
"RHBDD3",-0.0846035356988395
"EIF5A",-0.0849450919753572
"UQCC5",-0.0852889591745818
"MUC12",-0.0853099042121427
"FAR1",-0.0853802267140605
"TMEM14B-DT",-0.0853831536471196
"UEVLD",-0.085649035074974
"C11orf16",-0.0856943325653288
"MTMR7",-0.0858325167785393
"MIR29B2CHG",-0.0858538703275692
"CLUL1",-0.0858584614768292
"ZNF496",-0.0860675783597227
"RCBTB1",-0.0862400009204213
"SLC5A4P1",-0.086442338714688
"SMIM14-DT",-0.0866226148195179
"ILRUN",-0.08689935021963
"RPL26L1-AS1",-0.0873420831633343
"RPL24P4",-0.0874071423704732
"ZSCAN2",-0.0874532445922396
"POLD4",-0.0875874104568491
"NR2F1-AS1",-0.0876346350409252
"ANKRD42-DT",-0.0876688878657309
"CCDC167",-0.0879630099555767
"ZC3H3",-0.0880670561365314
"SPC24",-0.0881012680896323
"PGD",-0.08831579431753
"SF1",-0.0887305659196103
"ETF1P2",-0.0888620908235087
"ZNF771",-0.090013002948559
"FOXD1-AS1",-0.0901845917300883
"RER1",-0.0902279303592624
"GPKOW",-0.090667519513439
"CEP162",-0.091024758501851
"NRBF2P3",-0.0910370404385396
"COMMD1",-0.0911300313511463
"CYP51A1P2",-0.0911417313108348
"LINC00326",-0.0911748875611839
"DYNLL1P1",-0.0912392711490753
"DMXL1-DT",-0.0912926648615847
"OLA1P3",-0.0913408434780095
"TNFRSF14",-0.0915516595339777
"PPIAP40",-0.0915926136742607
"RPL21P20",-0.0916104095708353
"RPL4P5",-0.0916163566898903
"TWF2",-0.0916359588304251
"MIR1244-3",-0.0917992704980585
"B3GNTL1",-0.0919415614321837
"NOL12",-0.092064137839403
"ADGRD1",-0.0921454964029918
"FAU",-0.0922781035665015
"TMEM126A",-0.0923920086904693
"PTRH2",-0.0924065669055419
"EIF4A1P9",-0.0924950699780569
"HEXIM2",-0.0925788172031422
"MRPS5",-0.0929230116192541
"FN3K",-0.0930530639324788
"THUMPD3-AS1",-0.0931247873511149
"CD22",-0.0933368508839541
"FRMD1",-0.0933761328073978
"FOXL2NB",-0.093401735356114
"RN7SL619P",-0.0934177447058775
"RFC2",-0.0936579111953161
"RPL26P29",-0.0936678129738242
"MKNK1-AS1",-0.0937198931373684
"RPL21P41",-0.0937461471784461
"LINC02861",-0.0937948308716798
"ATP2C1",-0.0939575810206403
"STRN4",-0.0940193973938442
"TMEM50B",-0.0943111519958374
"TKTL1",-0.09436714921777
"CD4",-0.0946374350748271
"MTMR14",-0.0947443996494663
"PRCP",-0.0947846174015395
"HMGN2P4",-0.0949004796600768
"ALKBH7",-0.0950777349840757
"PSME1",-0.095083103298342
"LGALS9B",-0.0952108166304561
"DHX57",-0.0955782695775276
"KHSRPP1",-0.0957324526602704
"PIDD1",-0.0958415813192514
"DHDDS-AS1",-0.0958430375877083
"LIMCH1",-0.0958633216164577
"RPSAP61",-0.0959544313974427
"MTND6P24",-0.096073473315099
"DHFRP1",-0.096073473315099
"MAGOH",-0.0962278879968023
"GPATCH2L",-0.0963120804937446
"RPL21P116",-0.0963282589169585
"LINC01908",-0.096382967026193
"TSPOAP1",-0.0964280722506494
"HSD17B4",-0.0964709565031533
"LBX2-AS1",-0.0965050850643093
"RPS8",-0.0966398223931792
"STK10",-0.0971268561333645
"PROK1",-0.0971324129480254
"KCNK10",-0.0972149543335347
"PFDN4",-0.0973522965389816
"UBE2L4",-0.0973576138796752
"WDR62",-0.0973947065310383
"ANKDD1B",-0.0976757167378615
"KIDINS220",-0.0977783042952337
"CLDN11",-0.0978013689549387
"RAB7A",-0.0978270075072409
"TRIM69",-0.0978397683191022
"IQCA1L",-0.0979032516374305
"TRIM3",-0.0980178879132713
"RN7SL764P",-0.0980547473390678
"SPCS2P4",-0.0981943997622947
"BACH1-IT3",-0.0984391590282356
"MIR1244-2",-0.098621009198485
"E2F3",-0.0987121257034398
"FAM157D",-0.0988146313045259
"MCM3AP-AS1",-0.0989141437751668
"NDUFA4L2",-0.0989651315506845
"HEG1",-0.099108308509458
"RN7SKP297",-0.0992157662898178
"NORAD",-0.0992885878050591
"RUNX1-AS1",-0.099552898903741
"ZNF593OS",-0.0996441357332134
"DNAJB13",-0.0997258748406662
"RPSAP4",-0.100146487599067
"SLC24A1",-0.100453659868968
"ST13P18",-0.100596121594559
"SPATA24",-0.100871978994878
"HCCS",-0.100877690725127
"ZNG1DP",-0.101002606548717
"RPS14P4",-0.101084447601587
"INPP5A",-0.101128562489654
"ZBTB46",-0.10117866467382
"BRWD3",-0.101202874551314
"H2BC17",-0.101239141975535
"PRTFDC1",-0.101248493814454
"GAS8",-0.10128850730564
"XRCC6P2",-0.101317755223376
"PNRC2P1",-0.101450684682485
"UBE2J1",-0.10164804849832
"XPO1",-0.101813017739674
"IFFO1",-0.101846709289042
"ARHGAP17",-0.101925398697367
"HMGA1P4",-0.102038569780288
"RNA5SP128",-0.102042132834245
"SNRPGP10",-0.102131546450233
"TNIP3",-0.102362862187506
"LTC4S",-0.102555693398841
"LINC02035",-0.102712603991832
"WWC3",-0.10272839491898
"CCN4",-0.102752542910939
"LRRC8C-DT",-0.102843561861354
"TRPC5",-0.10288682538836
"TMEM254",-0.10294735838978
"BHMT",-0.102959503462762
"LDHAP5",-0.1030230624672
"TRAPPC11",-0.103125591677494
"FAM83E",-0.10317877733771
"SLC7A11",-0.10341079257218
"ZNF438",-0.103558347814775
"EIF5AP2",-0.103667876362548
"FAT3",-0.103693779321223
"LINC02506",-0.103899317557844
"CLCC1",-0.104020845396628
"ATP5PO",-0.104037189946116
"WT1-AS",-0.104156103819173
"UBE2E1-AS1",-0.10445964775497
"CORO1B",-0.104490652569132
"LAMTOR5",-0.104513249611878
"CHRDL2",-0.105052736749765
"ANAPC15",-0.10515126416867
"RRP7A",-0.105426184468994
"SNRPC",-0.10547319236461
"ACTBP4",-0.105647100836959
"SOD1P1",-0.105704280489196
"RPS3P4",-0.105847856817665
"DERA",-0.106183908128699
"TMEM120A",-0.106244140084805
"HSPA5P1",-0.106345289171127
"NACA3P",-0.106485576978094
"CDHR1",-0.10671803781961
"YWHAH",-0.106740405066642
"RN7SL683P",-0.107133272045546
"GABRR2",-0.107339108572755
"PDIA3P1",-0.107385549782292
"THSD7A",-0.107566008032957
"TLE4",-0.107618750562819
"LINC02979",-0.10764444532574
"NUDCD1",-0.107644991341329
"UTS2B",-0.107867291547887
"CYP4F9P",-0.107955095279547
"LINC02347",-0.108089191626922
"ADPGK",-0.108207299337937
"LDLRAD4-AS1",-0.108262179580286
"EEF1DP8",-0.108307312002901
"SCUBE1-AS1",-0.108307312002901
"ATP10A",-0.108506007911431
"CDKN2AIPNLP1",-0.10859451634194
"LOLI1",-0.109031891484195
"PDSS1P1",-0.109124748746406
"CHRM1",-0.109124748746406
"NPM3",-0.109361242792771
"ITIH4",-0.109566875484612
"PPP1R11",-0.110133752732735
"HIKESHIP2",-0.110407370547542
"IARS1",-0.110604942803109
"RNF5P1",-0.110688081659469
"SUSD5",-0.110987805255478
"TUBA1B-AS1",-0.111045505762512
"UROD",-0.111079660247013
"MAPRE3",-0.111295482393555
"AKT1",-0.111490472186714
"HMGN2P24",-0.111511927149232
"KCNN1",-0.111524671478081
"SLC39A12-AS1",-0.111640803082625
"RNU4-21P",-0.112463767319871
"RPL17P6",-0.112463939197717
"GRIP2",-0.112476486528036
"CCDC148",-0.112670998539866
"NLGN2",-0.112741451094338
"DTNBP1",-0.113125038626071
"LINC02627",-0.113786778800832
"EGR3",-0.113846238548844
"LPL",-0.114049271471363
"TMEM233",-0.114289218018915
"TMEM68",-0.114309299601314
"RPS27P8",-0.114333648165398
"HNF4A-AS1",-0.11445364742994
"LRP4",-0.11449821869216
"RPL31P63",-0.114581134000142
"SEZ6",-0.114632090568
"GAK",-0.114791225504426
"STAR",-0.114924272540706
"MTCO3P11",-0.115009953731546
"RPS25P7",-0.115070623131304
"UBE3C",-0.115077930144372
"EIF2AK2",-0.115313377814355
"MIRLET7IHG",-0.115631162003227
"KRT13",-0.115770076967851
"BACH1-IT2",-0.11585411335222
"CNGB1",-0.115919284582996
"TDRD1",-0.116265612366368
"TNFSF14",-0.116282820915642
"ABHD5",-0.116773230006345
"DENND1B",-0.116787157593122
"AK4P1",-0.116975837406854
"ELOC",-0.117252516686546
"PTTG1IP",-0.117871562712706
"MED29",-0.118175077495667
"LIFR-AS1",-0.118699797551071
"MIR5787",-0.119304509219301
"TBC1D3P1-DHX40P1",-0.119675050881216
"ZSCAN21",-0.119776615104965
"KCNK6",-0.120016351566465
"COX14",-0.120040556196556
"LINC01344",-0.120314737311631
"CCDC69",-0.120518549718797
"C6",-0.120776289547741
"PABPN1P2",-0.120895667871977
"SPSB2",-0.120932636246543
"RNASE1",-0.121049686889682
"PRRG4",-0.121211876139581
"TMA16",-0.121245899695677
"RNF182",-0.121866405355983
"DCTN1",-0.121901917156441
"TMEM256",-0.122025345168136
"CYP2C8",-0.122380464003901
"ENPP7P8",-0.122498775396039
"PTK2B",-0.122710523917573
"CECR2",-0.12273975622754
"TMC1",-0.123003293547444
"RPLP1P13",-0.123103431304402
"HMGB1P39",-0.123356321134021
"PRG4",-0.123410337126797
"PAK2",-0.123423906339776
"HES6",-0.123700014155545
"GUK1",-0.123970768572999
"EBAG9P1",-0.124245565961391
"EIF1P4",-0.124485383573193
"LINC02614",-0.124557368658601
"ZNF580",-0.124649486681281
"NDUFB9P2",-0.124917237392267
"PRDM15",-0.125087873528337
"GPM6B",-0.125088566088693
"MIPEPP1",-0.125266550873175
"DSCAS",-0.12526725798684
"ODAM",-0.125331641184796
"CTNNBL1",-0.125445549427833
"ECI1",-0.12604414296594
"SHC2",-0.126261747990735
"MRPS18CP7",-0.12637440212045
"VPS26C",-0.126487892537076
"CACNA2D1",-0.126650690378295
"UQCRFS1-DT",-0.127080947023403
"MIR6822",-0.127162426271548
"RPL21P13",-0.127171496818694
"PRDM11",-0.127208130918228
"LINC03028",-0.127319027051904
"RPL34P33",-0.128456438710106
"RPS27P4",-0.128589320965375
"SLX4",-0.128603845740368
"TGM5",-0.128766625686478
"RNF43",-0.129028573908078
"ATAD2B",-0.129123438678477
"ARHGEF37",-0.129306050336719
"FOXN3",-0.129376402707533
"MLX",-0.129395651074493
"PKMYT1",-0.129432079836897
"APAF1",-0.129739307489621
"FUCA2",-0.130074708554592
"SUGP2",-0.130114091252372
"PARP10",-0.130276551767016
"CD99L2",-0.130396016125125
"RPS10P28",-0.130622066216098
"RNF32",-0.131139027104699
"RHOG",-0.131232113270977
"CST8",-0.131399839015899
"ALOXE3",-0.13144097275241
"LBHD1",-0.131500653646115
"TELO2",-0.131726148756425
"G6PC3",-0.13175076899284
"RPS3AP5",-0.132273169698637
"TRMT112P6",-0.132455806898687
"SNAP29",-0.132480927202637
"RC3H1-DT",-0.13269104424546
"CWC15",-0.133016303499338
"DGKB",-0.133146441142798
"ZNF627",-0.133164128953484
"NR2F2",-0.133167277705135
"KLC4-AS1",-0.133799114311856
"TPM3P7",-0.133900833819343
"RNU6-103P",-0.134126180206432
"TFDP2",-0.134458970039449
"SCN9A",-0.134893016691246
"SMIM29",-0.135214627726764
"LINC01740",-0.135256562157328
"RPL34P14",-0.135329410888154
"GRIA2",-0.135332884520222
"SLC35A1",-0.135531638440648
"LHPP",-0.135753186852865
"TSBP1-AS1",-0.135873806565777
"NFKBIB",-0.135988481491741
"TRAPPC1",-0.136051798482336
"SERTAD1",-0.136241088637808
"SPATC1L",-0.136284094252023
"INTS6P1",-0.136694886523404
"LITAF",-0.136860133630486
"CD2BP2-DT",-0.137413574721951
"PNPT1",-0.137427184615217
"SMC2-DT",-0.137486419901245
"CYP2B6",-0.137994971707567
"NSA2P5",-0.138027733053619
"SPMIP11",-0.138206787717243
"H1-10-AS1",-0.138244586983282
"CHMP4BP1",-0.138275938866035
"EXOSC4",-0.138333289923798
"METTL1",-0.138828825590886
"APH1B",-0.138904920547379
"STS",-0.13898671129877
"SH3RF1",-0.139114979845791
"EEF1DP4",-0.139123674682878
"PCDHA10",-0.139181518521558
"ERBB4",-0.139328298727542
"RPL24P8",-0.139364709719595
"NUDT13",-0.139750205536915
"DDX4",-0.140010894485289
"MTND2P21",-0.140166605597005
"RPL7AP32",-0.140166605597005
"PRDX3P2",-0.140390386417648
"HSD17B2-AS1",-0.140427117490445
"FAM181A-AS1",-0.140773888899474
"LINC02427",-0.140876133198164
"GLULP4",-0.141007365931308
"ARL15",-0.141063024732607
"MTND1P28",-0.1413481175108
"PHB1P4",-0.141575701081009
"MIX23",-0.141653301427944
"MIR103A2",-0.141834178729702
"PTN",-0.142357595564497
"LINC01456",-0.142534218355331
"DLGAP4-AS1",-0.142568726505605
"LCN12",-0.142616541375399
"SNX19",-0.142900177898967
"CARHSP1-DT",-0.142906435719372
"LARP1",-0.143193761422834
"TNIP2P1",-0.143201791243749
"LSM2P1",-0.143301326118178
"TPRKB",-0.143472459594408
"CDC20-DT",-0.143641377271598
"TPD52L1",-0.144338523578918
"UBE2D1",-0.144887242738725
"NCF4-AS1",-0.145124876432781
"FAM222A-AS1",-0.145132582073274
"PAQR9-AS1",-0.145281349415187
"PAQR8",-0.145421555007083
"CNIH4",-0.145486636311977
"RPS6KL1",-0.145506667123675
"LINC01497",-0.145649464738234
"MLKL",-0.14583911288839
"SDHB",-0.145873619183195
"FAM247B",-0.146016350698479
"SSBL5P",-0.146136489084296
"MMGT1",-0.146251679824559
"RPS2P28",-0.146454547092758
"ECHS1",-0.146491663147801
"CTNNA1P1",-0.146679541066669
"C1QTNF7-AS1",-0.146785228463613
"RPL28",-0.146847145514996
"NRXN3",-0.147415375290499
"ARHGAP33",-0.148079931314601
"LINC01036",-0.148283778371434
"CA5A",-0.148355754842135
"TUBGCP2",-0.14841189508306
"PPARGC1A",-0.148575763660109
"ITGB2",-0.148584521538522
"PTMS",-0.148676990953395
"WHAMMP1",-0.148843301679978
"SERPINA7",-0.148930506579207
"RPL7P32",-0.14904637487921
"ZSCAN20",-0.149108969036089
"NECTIN2P1",-0.149210922311345
"SYNJ2-IT1",-0.149458505746407
"CNBD1",-0.149465004983742
"DCAF7",-0.149723899615847
"LINC01547",-0.149743950372349
"USO1",-0.15052884440026
"MAPRE3-AS1",-0.150558187053717
"PLXNA1",-0.1505589531343
"RPL29P26",-0.151177095564661
"UQCRB",-0.151226620281561
"GOLGA1",-0.151258295638269
"SLC12A1",-0.151697203104545
"RPS10P14",-0.152425878178419
"LOXHD1",-0.152457286673222
"LINC00269",-0.152900922355943
"LINC02558",-0.152900922355943
"RABGGTA",-0.153046806711194
"COX7A2P2",-0.153107130880185
"CD9",-0.153208064105764
"ALOX12",-0.153300630128544
"TEF",-0.153310701548476
"LMO7",-0.153313595891499
"HINT2",-0.15351537678529
"RPL26P19",-0.153640040026645
"BTF3L4",-0.153904352199855
"FMNL1",-0.154114850253309
"IQCA1",-0.154282581751101
"WDFY2",-0.154674413392958
"NUP205",-0.154833867495892
"MFAP3",-0.154884747775866
"H1-8",-0.155415366602259
"SP1",-0.15556513872203
"CYP2A7P1",-0.155940537428132
"NUFIP2",-0.156374122669124
"RPS4XP8",-0.156456489966731
"NASPP1",-0.156456489966731
"C11orf86",-0.156456489966731
"RPL21P69",-0.156745811011138
"STK11IP",-0.156824309739643
"C12orf71BP",-0.156920377177629
"ERN1",-0.157026036318102
"PFDN1",-0.157690048430215
"RN7SL524P",-0.157795994682174
"VWCE",-0.157892689842795
"FAM186A",-0.157959576994979
"HSPA2-AS1",-0.158227682897294
"ANO10",-0.158232083821389
"ATP5F1D",-0.158259407785982
"COL6A1",-0.158262603039052
"FAM193A",-0.158344228367911
"GRK2",-0.158361233245655
"PPP1R37",-0.15841998964095
"TRAFD1",-0.15842768746136
"SOX1-OT",-0.158468895347314
"MEIS1-AS3",-0.158473157562338
"RPL36AP44",-0.158703610880248
"IFT140",-0.158780863743102
"AK4P3",-0.158800750139231
"INPP5F",-0.15885879037739
"PICALM",-0.159404970420735
"RPL34P16",-0.159823213067305
"RNF145",-0.159906335902348
"TUBB8P4",-0.160327300570357
"LINC00280",-0.160327300570357
"BEX3",-0.160417746660518
"DEPDC1B",-0.160508536335368
"PTMAP10",-0.160656539774543
"TMPOP1",-0.160993948497181
"CREBBP",-0.161132209807952
"PFDN6",-0.161323419124144
"SYNE1-AS1",-0.161341174745556
"PIGM",-0.161577556417135
"HMGN1P28",-0.16165260020059
"PAQR7",-0.161887749938204
"UQCRH",-0.162180002917109
"PACSIN2",-0.162456570026349
"DCTN3",-0.162675791441414
"RN7SL118P",-0.162705962549737
"MELTF",-0.162790921573243
"ATP5MC1",-0.162793228932596
"GALNT2",-0.16340694542111
"FAM91A3P",-0.163603318416046
"GTF2F1",-0.163825407838312
"AMMECR1-IT1",-0.163870140752316
"LY6E-DT",-0.163960184372519
"CAMK1",-0.164082276560701
"LINC00334",-0.164105460573304
"ANTKMT",-0.164118331391236
"OGFOD2",-0.164280589563462
"PWRN4",-0.164330270670664
"HCG9",-0.164426411313685
"FBRS",-0.164434420169416
"CATSPER2",-0.164526326446967
"MIR122HG",-0.164792431945465
"CARD18",-0.164872065498622
"DECR1",-0.164913576046069
"NAXD-AS1",-0.165248338021362
"FKBP1A",-0.165261207623617
"NOMO1",-0.165271759771752
"ME2P1",-0.165558832700653
"HTT-AS",-0.165997654583433
"LINC01483",-0.166308028842617
"SNORA23",-0.166420462008767
"RPS16",-0.166617411477605
"ARHGAP26",-0.167043731161871
"PPIAL4F",-0.167047001423423
"MTATP8P2",-0.167087332725892
"GAREM1",-0.167423500252711
"MIR5698",-0.16743809742486
"RPL34P8",-0.16743809742486
"SNX6P1",-0.167542501172574
"LOHAN2",-0.167620344637833
"ZSCAN31",-0.167735797353984
"TTLL10-AS1",-0.167842238576188
"NFYCP2",-0.167842238576188
"HCG24",-0.168291993903876
"SYT16",-0.16862137696498
"DLEU1",-0.168702345967522
"LINC02248",-0.168852882128037
"TBC1D1",-0.168921002553503
"OTUD7A",-0.168970199578752
"ACVR2A",-0.169562534036131
"ALS2",-0.16989616924962
"MIR146B",-0.169935620172726
"ZNF436",-0.170007953473244
"EDDM13",-0.170009783032989
"CDR2-DT",-0.170360830729369
"NDUFB11",-0.170566206227447
"RNU6-1333P",-0.170618998166125
"IKBKE",-0.170681534757058
"TUBG1",-0.170841565153412
"YKT6",-0.170897006636377
"RN7SKP165",-0.171196354732952
"RPL31P61",-0.171282218165483
"ATP5F1CP1",-0.171307685459507
"RAD23A",-0.171371615670345
"RASEF",-0.171454974327443
"LINC01899",-0.171516013157926
"LINC01431",-0.171551531781017
"LINC02275",-0.171837507115081
"CSNK1G2P1",-0.171942624427538
"RPL29P25",-0.172010513242026
"FCHSD2",-0.172033832937431
"RPS6P2",-0.172279377268023
"PCDH8P1",-0.172279377268023
"TFAP4",-0.172329110253907
"CALM3",-0.172362851878879
"LINC02635",-0.172589493174345
"PPARGC1B",-0.172589838950111
"GAPDHP71",-0.172628561505062
"RPSAP11",-0.172705183456218
"PARVB",-0.172758298003138
"PFN1P8",-0.173229961959607
"CRHR2",-0.173615790350165
"LINC01478",-0.174016430956392
"LINC01447",-0.174157311214904
"C4orf3",-0.174617971341615
"UBTD1",-0.174619584819914
"TKFC",-0.174898755763621
"HMGN3",-0.175209148462396
"RN7SKP180",-0.175318717237685
"SLC27A4",-0.175466287326662
"BAX",-0.175477306722235
"POTEI",-0.1755065915408
"NCBP3",-0.175545121313358
"UBE2Q2P10",-0.175574196707182
"GPBP1L1",-0.176079591941652
"METTL21A",-0.176600041150159
"SNHG20",-0.176992472390733
"MRPL51",-0.177118866174049
"PYGB",-0.17715500427942
"RPEL1",-0.177348651840975
"KCNE4",-0.177429154665158
"CKS1BP3",-0.1775788497189
"MAP2K5",-0.177626370421511
"VN1R68P",-0.177813066969282
"SPHK2",-0.177893969560746
"APOBEC2",-0.177907827665776
"POLR2F",-0.177994144755564
"SAR1AP1",-0.178067856538905
"DUSP26",-0.178067856538905
"RN7SKP36",-0.178306957279804
"NMTRS-TGA3-1",-0.178306957279804
"HMGN2P18",-0.178488386505215
"PAOX",-0.178689703681255
"BAALC-AS1",-0.178730841181021
"MAP2K5-DT",-0.178850002576052
"NDUFB4P12",-0.179400951443001
"RPS8P4",-0.179442984150074
"LINC01632",-0.179499097074762
"ARGFX",-0.179733134774166
"KRT8P38",-0.179784468566921
"MIR7515HG",-0.179823650213871
"LINC02354",-0.180124427504278
"MAFIP",-0.180331307328031
"CCNT2-AS1",-0.180349556210089
"LINC01209",-0.180683199131594
"TOP3A",-0.180828455374779
"XIAP-AS1",-0.180909465580832
"NR4A1",-0.180994976100711
"UBP1",-0.180999605262877
"RMI2",-0.181005151814796
"MIR26B",-0.181094043138646
"NDUFV1-DT",-0.181260714467088
"LINC01120",-0.181418741955396
"NLGN1-AS1",-0.181418741955396
"COX6B1P1",-0.181418741955396
"ZNRD2-DT",-0.181450970550633
"BICD2",-0.181505238724859
"EEF1A1P1",-0.18157516349573
"PSMA7",-0.181576595334343
"EPHX1",-0.181591462731452
"LINC01753",-0.18194538023129
"CFDP1",-0.182501816282234
"CYCSP51",-0.182555579560858
"NBEAL1",-0.182663510454005
"LMNB2",-0.182710794441489
"RPS18P13",-0.182836867578593
"LINC01618",-0.183225697258933
"MYCNUT",-0.183257714644034
"PLPP2",-0.183457749519905
"SLC35F1",-0.183602947099256
"RPL21P108",-0.183686825271255
"RPL15P5",-0.184158315442445
"MIR4463",-0.184491644880332
"RPL6P20",-0.184491644880332
"MIR3171HG",-0.184491644880332
"ZEBTR",-0.184686244329307
"C19orf18",-0.185324867432974
"RBFA",-0.185393923514779
"RFK",-0.185647245067977
"SSH1",-0.186036205823338
"TNFRSF10B-AS1",-0.186077376914282
"UNC13D",-0.186093354914346
"BEND6",-0.186221651723748
"CICP7",-0.186271914733271
"EIF4A1",-0.186327487940196
"HIKESHIP1",-0.186473725741883
"MRPL24",-0.186632814978721
"TCTN1",-0.186820794871277
"DEF8",-0.186951359732766
"PTHLH",-0.187090891215024
"CP",-0.187294956148661
"RPL3P13",-0.188482851660143
"POTEF",-0.189075986096844
"HMGN2",-0.189089016016042
"RPL21P80",-0.189528187579943
"KCNIP2",-0.189554613116513
"HMGB2P1",-0.189883932881517
"BCAR1P1",-0.190074258796398
"OR6N1",-0.190198034236444
"EIF2B3",-0.19085235196088
"MIR106AHG",-0.191042238240214
"SNCG",-0.191042238240214
"COL11A1",-0.191274135477396
"RCAN2-DT",-0.191475484469793
"LINC01736",-0.191897106917816
"SETP3",-0.192239197781365
"AKNAD1",-0.192441449877294
"SEPTIN7P15",-0.193037990556327
"CYRIB",-0.193099303175555
"RPL34",-0.193370141985512
"RPL12P19",-0.193408964056929
"HS1BP3",-0.193659225379029
"ADK",-0.193689482997705
"LINC02671",-0.194239216997573
"DNAAF11",-0.194334642120668
"RPL31P16",-0.194613560197791
"CRYGB",-0.19472481494175
"OR51E2",-0.194771013736373
"HM13-AS1",-0.195161689332815
"RPL10P4",-0.195194521057014
"RPL36P14",-0.195194521057014
"SNRPF-DT",-0.195194521057014
"TMEM220",-0.196075686050692
"RPL15P14",-0.196149303907939
"HIGD1AP1",-0.196739060316214
"TRIM66",-0.196860977678729
"CASZ1",-0.197320306142807
"CAMK1D",-0.197353287058226
"PIK3CB",-0.197576764250736
"COQ7",-0.197717293915195
"ANKS1B",-0.197766583350981
"RGS5-AS1",-0.197784520477894
"CMPK1P1",-0.197784520477894
"PES1P2",-0.197784520477894
"LINC00671",-0.197784520477894
"MC4R",-0.197784520477894
"KRT18P2",-0.197784520477894
"ADH1A",-0.197835303372076
"RPL21P8",-0.197978546278281
"SKOR1",-0.198110592520998
"ASIC4",-0.198786397834084
"LINC01960",-0.199249948841255
"UBE2D3-AS1",-0.199296993596071
"MTND2P12",-0.199572457715631
"HIF1A-AS3",-0.199644261553085
"MIR489",-0.199830145803161
"LGALS4",-0.199983282858309
"RNA5SP295",-0.200446104189292
"ALDOAP2",-0.200446104189292
"LGALS3BP",-0.200571402859562
"LINC00237",-0.200636982709053
"RPS2P35",-0.200643413437358
"RPSAP45",-0.200790254615349
"SERPINH1P1",-0.200837904179
"RPL37P10",-0.20142447239706
"RNU6-86P",-0.20142447239706
"RPL31P10",-0.201665979161404
"RPL12P14",-0.201669100332619
"ENPP4",-0.201808789631833
"RPSAP51",-0.201852129214031
"KANK4",-0.202031328193766
"GJB6",-0.202108561629568
"RPL21P87",-0.202173349038198
"OCA2",-0.202400797410146
"CHCHD2P9",-0.202531970523607
"TCIM",-0.202653110365042
"H3P12",-0.202670991028972
"SRSF6P2",-0.202852571622608
"NUB1",-0.202891539522424
"LINC02488",-0.203193608247558
"TEDC2",-0.203215420244298
"HLA-T",-0.203314532420987
"FRMD7",-0.203383239273464
"RPL26",-0.20360313928354
"ROPN1L-AS1",-0.203675588464278
"RN7SL786P",-0.204229982746531
"RNASE10",-0.204247075356288
"EPHA10",-0.204826754539686
"TTLL6",-0.205057891784208
"SLC5A8",-0.205440574329013
"HRK",-0.205907254415345
"MIR5684",-0.205907254415345
"TPT1P6",-0.205991614052926
"ANKRD30BP2",-0.206181595711684
"LINC02863",-0.206197114584304
"TGOLN2",-0.206411069898121
"ARHGEF2-AS1",-0.206475307219103
"AFDN",-0.206594928728291
"ATP6AP1",-0.206845368178861
"SLCO4A1-AS2",-0.206983071301763
"MIR325HG",-0.207312795854681
"ARFGAP1",-0.20742296218053
"DEXI",-0.207558094604637
"KCTD21-AS1",-0.208245694476871
"PSORS1C1",-0.208270354181014
"LRP8-DT",-0.208529952735559
"H2AC12",-0.209487281480519
"MIR365BHG",-0.209524699293289
"SH3BP5-AS1",-0.209648263025529
"NUDT3",-0.209727460153396
"STXBP1",-0.210119163152971
"ATP2B2",-0.210184346913884
"MTCH2",-0.210721059428941
"ANKDD1A",-0.21127013207238
"FLYWCH2",-0.211462961411411
"ZNF679",-0.211543047853307
"MIRLET7BHG",-0.211682788141261
"SEMA4D",-0.212060330150299
"LINC00315",-0.212082110669252
"SLIT3",-0.212154861196112
"SLC35E3",-0.212326794022093
"SORL1",-0.212480848900739
"SH3BGRL",-0.212612563612843
"HSPA8P5",-0.212630757804156
"RPSAP13",-0.212807185794292
"JARID2",-0.212929581506992
"WDR13",-0.213194445647735
"IFITM9P",-0.213442620594037
"LINC01305",-0.213594952371646
"DDX5P1",-0.213594952371646
"ZDHHC7",-0.213702352814973
"IFITM3P5",-0.214040179768106
"GRIPAP1",-0.214111759416318
"SPRING1P3",-0.214311806509878
"GOT2P3",-0.214722316269072
"LMF1",-0.214877925806688
"ZBTB43",-0.214941962976644
"RPL23AP73",-0.215425478745808
"RNU4-9P",-0.215640279262275
"LCNL1",-0.2158140245436
"CEP131",-0.215850074900723
"PPIAP31",-0.215932680638709
"CHMP1B",-0.215940650816602
"GOLGA8H",-0.216577379546706
"ARHGEF26-AS1",-0.217206205544272
"TECRP2",-0.217397416041549
"SOD3",-0.217397416041549
"GNAI2",-0.217533381042583
"ZNF687",-0.218006417035572
"TEX35",-0.218165188378783
"SCN1A-AS1",-0.218312170864003
"DENND4A",-0.218370214828763
"RGMA",-0.218785403312395
"RPS3AP25",-0.219028929101263
"VCL",-0.219290383658226
"HSPB6",-0.219367597355095
"ATP5MC2P1",-0.21945629532946
"RPS27AP15",-0.219540437350815
"LINC03110",-0.219684402558243
"ACTBP9",-0.2198082234241
"GALK1",-0.219994694767077
"EXT1",-0.220044215148282
"SOCS3",-0.220303220986392
"PSD2",-0.220338834109838
"STK32A-AS1",-0.220410466164951
"WTIP",-0.220603797107763
"SIMC1P1",-0.221276185931704
"RPL17P33",-0.221583286093497
"SDCCAG8",-0.221663414676197
"RTL5",-0.221935913620639
"SMG7",-0.22229700424835
"KCNN2",-0.222555306518146
"SCD5",-0.222597009331
"WSB1",-0.222689575947638
"OR5T1",-0.222696420649874
"LINC02704",-0.222696420649874
"NT5C2",-0.222758728183601
"GNG13",-0.22279109635893
"C11orf24",-0.223917148531071
"LYRM2",-0.224506853143744
"SNTG1",-0.224744393469188
"GCC1",-0.224846902561135
"PSEN1",-0.225254331429537
"C17orf67",-0.225337631148368
"OVOL2",-0.225583630723455
"LRTOMT",-0.226267124454097
"ACTN3",-0.226550534375658
"EEF1A1P17",-0.226659955464112
"MTIF2P1",-0.22699893733509
"DLG2-AS2",-0.227103590332216
"PABIR2",-0.227492401611558
"LINC01810",-0.227726786968711
"ZC3H11A",-0.227746331268016
"PTMAP9",-0.228174905649305
"PDIA3P2",-0.228536053905085
"SLC9A5",-0.228898885920052
"MUC7",-0.228989965833744
"RNA5SP319",-0.229027492317876
"CES2",-0.229134311500553
"FBXO36",-0.229165027991076
"ECM2",-0.229513841294845
"MMP15",-0.229620598704959
"ZNF415P1",-0.229869425182391
"OR2C3",-0.230073482527104
"LAMTOR3",-0.230187494896252
"FAM41C",-0.230224549694199
"LINC02516",-0.230279537160633
"HAR1A",-0.230279537160633
"TMEM150A",-0.230318122483074
"MAGEL2",-0.230527382005481
"MAPK8",-0.230569753505635
"MAD2L1P1",-0.230612662257144
"C1orf74",-0.231035432759178
"TMEM167A",-0.232017482301142
"FEZ1",-0.232065165541079
"HK1",-0.232185632908693
"RPL3P10",-0.232615511914536
"LSM4",-0.232789746416869
"PPIAP55",-0.232902963273631
"PDXP-DT",-0.233044727533119
"BTF3P5",-0.233066186426037
"LINC02030",-0.233177419966812
"SYNGAP1-AS1",-0.233268245208112
"LOXL3",-0.233426925156637
"CEP170P1",-0.233441762727363
"DKK1",-0.233616971823877
"LINC01762",-0.233940059341626
"GBA1",-0.234023271441197
"PSMB8",-0.234401094896829
"GK4P",-0.23443023368008
"CALML4",-0.234477074138763
"AKAP7",-0.23452944485415
"RPL15P4",-0.234987208480662
"LAGE3P1",-0.234987208480662
"TAB3",-0.234994660652617
"SIRPG-AS1",-0.235045859997496
"CFAP74",-0.235069113214776
"EFCAB2",-0.23575027323954
"TMEM183AP3",-0.236202605792327
"ATP6V1E1",-0.236203265522613
"NOD1",-0.236638855497943
"TPRG1L",-0.237001436931107
"CCDC187",-0.237313891450057
"LINC02842",-0.237614908534132
"SCYL1",-0.238311771391419
"BCAM",-0.238999478843934
"PANK3",-0.239083282023928
"RNY3P2",-0.239434944142726
"COMMD2",-0.239577414106846
"DNAJB2",-0.24107186973385
"LPP-AS1",-0.241350234790216
"COX6B1P3",-0.241350234790216
"RPL34P34",-0.241477429839697
"EPM2A-DT",-0.241483915852411
"CCDC137P1",-0.241787977298704
"MIR6821",-0.241811036761351
"LINC02177",-0.24209157182258
"NPRL3",-0.242113660417631
"C17orf58",-0.242324587664527
"PEX26",-0.242462182249422
"BEAN1",-0.242969261955787
"ACTG1P24",-0.242969261955787
"SPDYE18",-0.242981972954205
"KLHL6",-0.24331561335742
"RNA5SP363",-0.243651283849657
"PEAK3",-0.243688140867568
"CIAO2A",-0.243734015715995
"PLAC8L1",-0.243763569539174
"TAF1",-0.24385327886324
"WDR4",-0.243948088029133
"SSBP1",-0.244228179491962
"ZNF648",-0.244720572090186
"LINC00929",-0.245783770018323
"MCCD1",-0.24578554207991
"SYT14",-0.24586851369583
"KXD1-AS1",-0.245983317992345
"PCK2",-0.246390195739034
"LRRC37A13P",-0.246496414667592
"CRIP1P3",-0.247004580641838
"SCTR",-0.247004580641838
"PRDX5P1",-0.247122284488347
"POLG2",-0.24713089052437
"RNASEH1",-0.247439016065795
"TNS1-AS1",-0.247442865325422
"ZNF846",-0.248088667174175
"RPL21P18",-0.248949141333718
"PRPS1L1",-0.249082928179272
"NDUFA7",-0.249143871685002
"RYR3",-0.249368461025112
"MIR1915HG",-0.249396121819287
"LRRC8B",-0.249632453671797
"ARID3A",-0.249860344485443
"DNAJA4",-0.249978874637672
"DUXAP3",-0.250163561887993
"TTLL11",-0.250804447363755
"ERHP1",-0.25102788415111
"CXorf38",-0.251655558830504
"RPL12P33",-0.251726649304939
"HYPK",-0.251737545609139
"EEF1A1P46",-0.252028643229042
"ABCC8",-0.252082546347319
"MT1M",-0.25222502473689
"MIR151B",-0.252573940180113
"BPNT2P1",-0.252851674625994
"HAS2",-0.25296596686515
"COA5",-0.253174923994043
"GAPDHP26",-0.253571003400444
"ETV7",-0.25397731645876
"FOXC2-AS1",-0.254022332227692
"TDGP1",-0.254057668398452
"TMEM164",-0.255673866772675
"RNU6-720P",-0.255788204926322
"MIR3976HG",-0.256048221072129
"SLIT3-AS2",-0.256200322427645
"CORIN",-0.256300187651694
"LINC01247",-0.25632569549189
"RNU4ATAC",-0.256366369804064
"CYP4A11",-0.256522698697746
"C19orf53",-0.256796584332968
"SDHAF4",-0.257342413087789
"PER3",-0.258013667478038
"LGI2",-0.258059575783917
"ZP4",-0.25822165119284
"DNAH7",-0.258732873938958
"HSDL2-AS1",-0.258987083030476
"HEATR5A-DT",-0.259075229223322
"NIPBL-DT",-0.25982492940717
"IRF2BPL",-0.25990781547054
"RN7SL173P",-0.260101581988778
"TILAM",-0.260129483921856
"BAP1",-0.260883317685875
"SSBP3",-0.261811396475098
"AOX1",-0.262007735967764
"MIR4425",-0.262159785554107
"MIR505",-0.262159785554107
"MIR6813",-0.262159785554107
"SURF6",-0.262171693583872
"SP110",-0.262384292803645
"TMIE",-0.262635939460096
"EML6",-0.262765932777537
"MRNIP",-0.262833190088619
"RPL32P32",-0.26294675104356
"KLHL21",-0.263338530626679
"NAIPP2",-0.263385309705359
"GSDMD",-0.263402903334525
"IL10",-0.263440427169843
"EEF1A1P24",-0.263563936371978
"MRRFP1",-0.263612596330949
"C7",-0.264594420673267
"RAB4A",-0.265025390088596
"DTX3L",-0.265354521545057
"LINC00648",-0.265796925098077
"NKIRAS1",-0.266304453455131
"CAMK2B",-0.26643023546274
"DCTN2",-0.267362139677905
"PIM3",-0.267713674387539
"RPS2P7",-0.268194145887229
"TMLHE-AS1",-0.268359432841779
"HDLBP",-0.268537681639599
"RNU4-8P",-0.268623305912111
"MKNK1",-0.268759597938366
"UQCRB-AS1",-0.268820239365479
"RPL18AP15",-0.269454711088718
"TKT",-0.269566067705766
"WDR25",-0.269834631010804
"PTPN1",-0.270417271753241
"LINC02880",-0.271010007986718
"TMEM19",-0.271166957795337
"DEFB106B",-0.271754222446192
"ASAP1",-0.272006393359582
"SLC25A19",-0.272407114173256
"CHST5",-0.272996360029051
"TNFRSF19",-0.273503945936503
"PTPRZ1",-0.273565490390803
"NDUFB8P2",-0.273820879197487
"GK3",-0.274287214830004
"SAMD4B",-0.275017578381143
"DOCK3",-0.275031096172717
"RELA-DT",-0.275403628013948
"RPS20P14",-0.275555379434943
"CACHD1",-0.275736178312799
"SNX3",-0.275928811910374
"PLPPR3",-0.276116054268665
"VSIG10L-AS1",-0.276206149956085
"CLVS2",-0.277524371626469
"MICOS13",-0.278218581230264
"MIR4485",-0.278314849890244
"ARFGEF2",-0.278502534072617
"SNX22",-0.278799032375616
"C1orf116",-0.278931638023933
"METTL22",-0.279604860332023
"RUBCNL",-0.279729110973711
"HSDL2",-0.279756299496502
"STX6",-0.279788286683063
"TDRD7",-0.280308798291405
"ZNF93",-0.281156971537277
"NDUFA13",-0.281242417912246
"EEF1B2P3",-0.281259639544484
"HMGN2P21",-0.281343358328802
"PGLYRP4",-0.2814150146892
"ZSWIM1",-0.281972651056703
"CALHM5",-0.282015154534816
"MT-TN",-0.28203606274825
"HIGD1C",-0.282698064776334
"TEAD2",-0.282864563805116
"WDR70",-0.28334510649957
"RNU4-78P",-0.283457006124182
"NEDD8",-0.283628313193939
"PHC2",-0.284183064146663
"CENPB",-0.284959638295048
"RPS4XP1",-0.285101755131416
"RPS3AP30",-0.285341402986632
"MIR155HG",-0.285362930928147
"ECHDC1",-0.285657830465185
"MMP25-AS1",-0.285807315424897
"KBTBD12",-0.286236322473652
"UCN2",-0.286257290766352
"MIR6746",-0.286257290766352
"KIAA1549L",-0.286294646334352
"SNX33P1",-0.286574135464739
"VPS29",-0.286574922262643
"ARHGAP18",-0.286640094598177
"TCEAL4",-0.286887846469752
"HMBS",-0.286994823493698
"CCL16",-0.287138013406349
"NUMA1",-0.287140155161642
"TTLL1-AS1",-0.287554181705311
"LACRT",-0.288003797655105
"PCDH11Y",-0.289495033127724
"CTNS",-0.289761736281583
"ALDH1L2",-0.289838636719221
"DESI1",-0.290025288329612
"RUNDC3A-AS1",-0.290072537539201
"RFNG",-0.290534671467982
"ACTG1P23",-0.290642474546461
"IL10RA",-0.291161010080252
"RPS2P4",-0.29140761014683
"RPL12P12",-0.292268440059691
"ABI2",-0.292682338428202
"MECOM",-0.293594725075952
"LINC01836",-0.293806779883311
"HAUS1",-0.293840186813083
"BRK1",-0.295013686192159
"PIN4",-0.295068501951318
"LPP",-0.29519216601759
"TRPS1",-0.295468140792703
"SPATA31G1",-0.295893631383465
"LINC01134",-0.296099066236856
"IGSF11",-0.296105498258509
"TSPY24P",-0.296468255891761
"MIR4529",-0.296740581628617
"SMG1P4",-0.296855804201816
"IRF1",-0.296859013927272
"SLC36A2",-0.296922926590924
"GADD45GIP1",-0.297271147401344
"MRPL11",-0.297285052613691
"KNOP1P2",-0.297478923338058
"EIF3K",-0.297494471154435
"CXCL16",-0.297502781367774
"FMNL1-AS1",-0.297642716101687
"RPS26P45",-0.297939935393876
"SHCBP1",-0.2980294972137
"PAQR5-DT",-0.29806058151355
"BTF3P9",-0.298158301353293
"A2ML1-AS2",-0.298546688689844
"HINT3",-0.298599091293747
"STK35",-0.298644114447775
"ATP1A1",-0.298827328817078
"SPSB4",-0.298872578130697
"LINC02981",-0.298876350521316
"RPL34P18",-0.299490280419886
"TPO",-0.299697594373832
"SZRD1",-0.299960812639592
"CEBPB-AS1",-0.300636607084435
"FRG1",-0.301168322951466
"SRGN",-0.301429363843483
"OR7E140P",-0.301516944862651
"ZNF221",-0.301539325614262
"CLCN2",-0.301650274696634
"RBIS",-0.301802887851755
"SEMA6A",-0.301866365486754
"GPR160",-0.302686311749547
"MASTL",-0.302930329581907
"RNU7-181P",-0.30346990598477
"PFKL",-0.303792579833154
"SNX29P1",-0.30387784913039
"KIF23-AS1",-0.303937094341936
"ZNG1F",-0.304002306547414
"GRIK1",-0.304221774399648
"B4GALT2",-0.304791332094001
"FAM91A1",-0.305038082773809
"MAST1",-0.305578381446902
"RPL4P3",-0.305952632338312
"SCARB1",-0.306326154300951
"RNF222",-0.306513590892413
"WASF2",-0.306525496098348
"EIF2S2P3",-0.306604388527897
"TWF1P2",-0.306942185968476
"SNHG15",-0.307485368102091
"C1RL-AS1",-0.307711404977399
"RPL21P57",-0.308693348828636
"ASB14",-0.309139113470726
"OR7E53P",-0.310187028174108
"KRT38",-0.310187028174108
"ODAD1",-0.310991158793264
"RPL17P10",-0.311120024048421
"SUMO2P6",-0.311306469862505
"CIB3",-0.311394223758176
"SLC44A4",-0.31180379950134
"RPL7P13",-0.311994872456246
"MIR137HG",-0.312053431584651
"CCNB2",-0.312381970012011
"EIF1P7",-0.312838260195057
"DPH6",-0.312895983011044
"FAM246C",-0.313046790843729
"CSNK2B",-0.313277653958311
"OSGIN2",-0.313498524653909
"C1D",-0.313768088456184
"PRR13P2",-0.313850412799833
"RPL19P20",-0.313952975296916
"RECQL5",-0.313974428012765
"ESRP1",-0.314133441541686
"GHRH",-0.314459824043819
"MTND6P4",-0.314747823569302
"MIR3173",-0.314754583123623
"C1orf146",-0.315188485424617
"NCEH1",-0.315306457601432
"MIA",-0.315526444845197
"BEX5",-0.315535081485913
"LDHAP3",-0.315606072277768
"NUBP1",-0.315918359728132
"HAO1",-0.316794030568382
"PEX5L",-0.31684129304756
"SUB1P3",-0.316847663202431
"TMEM219",-0.317222544628478
"UCP2",-0.317309158143387
"EPIC1",-0.317538587584086
"DYNC1H1",-0.317670985326978
"EPC1-AS1",-0.317865343597176
"C15orf39",-0.31823665611963
"TMED1",-0.319170295464972
"OR7E31P",-0.319320462010359
"NSA2P2",-0.319449901505589
"RN7SL596P",-0.320014639411193
"LINC01340",-0.320231427238892
"CCDC92B",-0.320273488943262
"ELDR",-0.321156447060583
"MIR615",-0.321295736272795
"NBPF13P",-0.321744713832943
"FAM217B",-0.321749351000192
"RCC2",-0.322051296946253
"TGFB2-AS1",-0.322208398823503
"ASB15-AS1",-0.322210161452885
"RAB30-DT",-0.32234120244051
"HACD4",-0.322811326542209
"GBP6",-0.323738377250982
"DTX2P1",-0.323740612313454
"AGBL1",-0.324220421587978
"LINGO1-AS1",-0.324221128892531
"FAM13A-AS1",-0.324221987259409
"MAU2",-0.324323071769716
"SRI",-0.324461354996759
"WNT2",-0.324601651572558
"PPIAP74",-0.324673419797028
"SCRIB",-0.32478027222724
"MNT",-0.32481994822145
"RN7SL558P",-0.324924303391951
"EIF4A1P2",-0.32549691134844
"SMIM20",-0.325990345322153
"LINC01203",-0.326320796118298
"KLK10",-0.326960700692624
"TP53",-0.327365549589246
"B3GALT5-AS1",-0.32792922078701
"RPLP1",-0.328512125703105
"TRMT44",-0.328707981138364
"BTF3P10",-0.328951761898481
"BDNF",-0.329148442866051
"HGSNAT",-0.330042097308072
"GOLGA2",-0.330310601054476
"ZNF660",-0.330318824133116
"MT-TK",-0.331248541066912
"RAB8A",-0.331293357263713
"RN7SL510P",-0.332168894456797
"MIR6871",-0.332581595981188
"ANKFY1",-0.33296076819193
"ERFL",-0.333095227994678
"TMEM63A",-0.333828396815796
"MIR4527HG",-0.334285893990661
"LINC01645",-0.334456965556829
"PHKA2",-0.334648614439135
"DVL3",-0.334772769962379
"RN7SL323P",-0.33483552368981
"LINC00331",-0.335310533695032
"CHMP1B-AS1",-0.335771501429965
"PFN2-AS1",-0.336093930034161
"SLIRP",-0.336627504286918
"POTEM",-0.337533763321466
"UMLILO",-0.337633930861254
"LRP6",-0.337821209054863
"PNP",-0.338844022126061
"S100A14",-0.338887325008856
"TAOK3",-0.338902935493472
"SNRPG",-0.339099321703759
"SCLY",-0.339150845666876
"GPT",-0.339197593913393
"P4HA3",-0.339198491922179
"HAVCR1",-0.33937994619329
"ZNF337",-0.339556016176346
"CCDC68",-0.339799288532067
"ZNF524",-0.341416493928211
"UQCRQ",-0.341799300079642
"SNRPGP2",-0.341983373892877
"RTL1",-0.342694006305344
"ANO6",-0.342840656626958
"H4C8",-0.343200927958792
"SERPINB5",-0.343283070476622
"CYP27B1",-0.343629154881974
"SLC7A11-AS1",-0.34461414587724
"LIPC-AS1",-0.344994509206733
"RNASEH1-DT",-0.345359944216592
"ZNG1B",-0.346406092516354
"CD151",-0.347087257972366
"UVRAG",-0.347211417464964
"KDM4E",-0.347234284032697
"NME1",-0.347311821292278
"PAQR6",-0.348587330457942
"ARIH2OS",-0.348858748597254
"SNHG8",-0.349055907690868
"LRRC59",-0.349374235628061
"NFAT5",-0.349791212808804
"MIR4520-1",-0.349828406767297
"APBB3",-0.350564714951965
"LINC01077",-0.350781160362633
"PYROXD2",-0.350843177232017
"BRPF3-AS1",-0.350848418344557
"EMC10",-0.351308719602624
"LINC02291",-0.351424705884856
"FAM228B",-0.351461505034392
"TBCA",-0.352058188118766
"CASC22",-0.352140276918801
"MTATP6P2",-0.352146710043849
"MBLAC1",-0.352166617773087
"RPL10P3",-0.352902854898985
"MRTFA",-0.353227966699857
"LINC02249",-0.353842146569373
"NEDD4",-0.354049778096011
"PRDX5",-0.354095802431148
"CCDST",-0.354102365559526
"SNORA28",-0.354504720141629
"FPGT-TNNI3K",-0.354619653350454
"TGFBR3L",-0.354645367648359
"SKOR2",-0.354653597276246
"CGAS",-0.355371285058031
"ITPKA",-0.355415382270346
"MVP",-0.356061605841287
"LINC00963",-0.356349440679205
"LINC00534",-0.356761915122553
"APCS",-0.356972431486119
"NMNAT1",-0.357436645175483
"SFTA3",-0.358341400682089
"SUPT6H",-0.358344840509298
"LAMP2",-0.358614784115376
"SELENOW",-0.358830447783784
"RN7SL32P",-0.359387925932882
"MMAB",-0.359396896472206
"RPL7AP50",-0.360135462340631
"RNU6-522P",-0.360349115675221
"OR2T1",-0.360375455974348
"XKR8",-0.36040544904692
"UBE2Q1",-0.361071310441511
"KLHL5",-0.361377191712916
"TMEM158",-0.362010660343675
"TRIM31-AS1",-0.362077499778427
"ZBTB17",-0.362336550036705
"DUX4L37",-0.362584842923255
"LAPTM4BP1",-0.362650394728605
"PPIAP3",-0.363854957774499
"NR5A1",-0.364016561209815
"COX4I1",-0.365043363628265
"LINC00641",-0.365165314495365
"NEK2",-0.365390092457241
"LINC02198",-0.365491950657341
"SRA1",-0.365955685206975
"FBLIM1",-0.366172221973933
"ZNF674",-0.366662537376554
"DNAJC11",-0.366663564291726
"PSMB7",-0.367332410611396
"LCP1",-0.367439151098988
"YBX1P6",-0.367626336864577
"CCDC40",-0.367937615689862
"GSG1L",-0.370532413724074
"HES4",-0.370550835113225
"ADGRD2",-0.370642200644547
"RN7SL531P",-0.37121471345592
"FHDC1",-0.371466073448944
"BCL6-AS1",-0.371552928445906
"TEX14",-0.372011360361805
"SDC4",-0.372299882495498
"MIR3682",-0.372943168175083
"RPS26P31",-0.373644536125774
"CHRNB4",-0.373646805459618
"ZNF704",-0.373971503388907
"LINC02269",-0.374138073354941
"GRIN3B",-0.374575574863175
"OTOGL",-0.375959751280421
"COL16A1",-0.376319682387821
"PSMC1P9",-0.376611589430911
"H3P44",-0.376794108119604
"MRPL54",-0.376935563930346
"PCBD2",-0.377400070976518
"PRKACB-DT",-0.378461485186824
"MTF1",-0.379179104515062
"NSF",-0.379249906378264
"SMIM1",-0.37931666921509
"MISP",-0.379547684087258
"TET3",-0.379947428008796
"LINC02898",-0.380029051209598
"NSMCE1-DT",-0.380041002567559
"MICB-DT",-0.380708030009074
"MIR635",-0.381626446637891
"ATP1A2",-0.382034167007341
"NAPRT",-0.38243026423077
"HECW1",-0.382461244747583
"OR7E149P",-0.382739360690054
"PPP3CB",-0.382969345592575
"PRC1-AS1",-0.383168545940569
"RXYLT1-AS1",-0.383458189973891
"LINC01285",-0.383469124826557
"CSNK1G2-AS1",-0.383614555536954
"AKAP14",-0.38427470656269
"IZUMO2",-0.384320011629112
"FLOT2",-0.384435039865096
"GNA12",-0.385120550049762
"HTR1DP1",-0.385158634899079
"REDIC1",-0.385476425789986
"ADCY9",-0.385893314032046
"RPL7P47",-0.38683728462734
"TBC1D9B",-0.388673957710721
"PANX1",-0.388807372168591
"ARPC5",-0.389459883106852
"HELZ2",-0.390991347552828
"UBR3",-0.391522804113085
"NOP2",-0.391865554509386
"SNF8",-0.392209659140195
"ALG9",-0.392473188295248
"MICU1",-0.392730490621524
"NADK",-0.392768154816941
"NARS1",-0.393003864914973
"FDXACB1",-0.393132035974627
"HBG2",-0.393183055744357
"RPS27AP1",-0.393226111836671
"MIR93",-0.393569751743936
"PRDX1",-0.393769561653942
"ZNF181",-0.393828963173453
"RNA5SP67",-0.393867304767519
"CDCA8",-0.394186726186886
"DMAC1",-0.394290946493709
"TMEM274P",-0.395400305824003
"SERP1",-0.395565629684378
"SYNJ2BP",-0.3959303897958
"NCOA4",-0.396795975487458
"KLHDC10",-0.39710818574784
"SCGB2B2",-0.397143149787734
"PARVG",-0.397993787144842
"RMDN2",-0.398819130802075
"IL4R",-0.399140308702876
"PPM1L",-0.399746587822572
"BOD1P1",-0.400025337299228
"CXCL17",-0.400092465900413
"MFSD2B",-0.400137650934939
"PRADX",-0.401379354419405
"MED13L",-0.402085671982142
"TIMM17B",-0.402250022298836
"C1orf226",-0.402812899884577
"NT5C",-0.402904460150304
"C11orf98P3",-0.402917785967188
"B4GALT1",-0.4032727776543
"SPPL2A",-0.403539349011064
"SRCAP",-0.403591334146761
"IQCK",-0.404194047359129
"SLC26A9",-0.404353863346767
"RPL7L1P19",-0.404353863346767
"MT-TM",-0.404497487789217
"CBX1",-0.404957053025009
"RBAK",-0.405610315132497
"LINC02296",-0.406400052585284
"SGO1",-0.40659125161005
"HNRNPA1P12",-0.407016118314814
"MIR4713HG",-0.407298028840134
"HLA-P",-0.40739686945425
"LRP8",-0.408219326526109
"KLHDC7B",-0.408452999821048
"LINC00906",-0.409700585123793
"LRRTM2",-0.410125935380687
"SEPTIN10",-0.411041903629549
"USP2-AS1",-0.411273686553533
"ORAI3",-0.41146018525567
"CA9",-0.411659140562258
"NAALAD2",-0.41200089232667
"PKP2",-0.412559946758899
"PLEKHG2",-0.412703696165229
"PNKD",-0.412745485136923
"HSPA8P11",-0.412794151069598
"GUCY2D",-0.412794151069598
"SMAP1",-0.413924189289183
"KBTBD11-OT1",-0.413975365538878
"GALNT16-AS1",-0.415521048246774
"ZNF385C",-0.415550849014549
"CANX",-0.416059516172604
"MTCO2P11",-0.416933964065294
"PRELID1P5",-0.417241497732666
"SFT2D1",-0.41757243989371
"CCR5",-0.41780136017661
"RPL5P24",-0.418317534535595
"VTA1P1",-0.418436220889791
"NBPF10",-0.418551840265374
"RPL27P6",-0.418917555088499
"PJA2",-0.419236837836724
"NHP2P1",-0.419246646886638
"MAP3K2",-0.421063857581191
"H3C9P",-0.422214676880916
"HNRNPA1P2",-0.422280873537781
"SPART",-0.422434631978981
"TRAK1",-0.423726839464806
"FIZ1",-0.423821154514905
"LINC01841",-0.424056466136139
"SYCE1L",-0.424227198078054
"RNU6-1237P",-0.425415573088199
"NHEG1",-0.425666060126169
"MTND1P37",-0.425666060126169
"SNF8P1",-0.425778766087485
"TXNDC17",-0.426195968817462
"DIP2C",-0.426512953092139
"SFT2D2",-0.427348388309107
"MIR3909",-0.42860291348418
"LDHAP7",-0.429068297577248
"SPTA1",-0.429328876032572
"PACSIN3",-0.429378774931422
"LINC00705",-0.429857579696374
"GAPDHP65",-0.430622472852972
"CACNA1A",-0.430717295840308
"TFDP1P3",-0.430720956646051
"INO80",-0.430735204746296
"CCDC50",-0.430868228867938
"PYGO1",-0.431478445243119
"SLC39A11",-0.431660130288251
"ECPAS",-0.431679220203961
"RPS15AP12",-0.432106028890961
"PLA2G4A",-0.43321587288133
"AXL",-0.433434752854991
"SNX31",-0.434312862404575
"OR2V1",-0.434409537610993
"EFCAB8",-0.435435229950202
"MIR6759",-0.435629096917551
"IL17RA",-0.435803502425859
"LONRF2",-0.435855426173675
"EFS",-0.436147460020137
"WTAP",-0.437433571617092
"CPNE2",-0.438118211813328
"PCOLCE",-0.438799069964221
"RFTN2",-0.439273555476485
"LINC01964",-0.44075410197174
"METTL5P1",-0.441216868049851
"LINC02966",-0.44145550278746
"RPS23P8",-0.441608130767276
"AKR7L",-0.441858464926577
"ENY2",-0.441873857125538
"STK32C",-0.441956116015761
"THAP9-AS1",-0.442373864939019
"EHD4",-0.442539880212264
"PELI1",-0.442768011644873
"RNF13",-0.444096069023327
"S100A11P2",-0.44421897731076
"LIMK1",-0.444387330062942
"GIPR",-0.445861623182862
"TMLHE",-0.446247226665164
"ZC3H15",-0.446375515437934
"PTPRU",-0.446673253612922
"UQCC3",-0.446930047972235
"IGHD4OR15-4B",-0.446953551121939
"C1orf216",-0.447319653403823
"PPTC7",-0.447491289529274
"ZNF735",-0.44761934488485
"HIGD1B",-0.44765707758788
"RPL7AP5",-0.447691053606988
"PTP4A2P2",-0.447842731009076
"ANKLE2",-0.448161679596337
"DYNC2I1",-0.448552728503739
"PLCL2-AS1",-0.448754417670836
"CXCL14",-0.45019119668529
"COL11A2",-0.450374202386133
"ATG10",-0.451027140291544
"TPD52L2",-0.451367006909615
"RPL7L1P21",-0.452578230318962
"SLC38A11",-0.45291844878199
"GPR87",-0.454548829982711
"MRPL18",-0.454579947345528
"UVRAG-DT",-0.454747481393548
"NSMAF",-0.454883236356455
"CHUK",-0.454886621187835
"MANF",-0.455204867337773
"FAT2",-0.455338524220461
"FBXO30",-0.455467434184391
"KRT128P",-0.455971589543386
"KLF2P4",-0.456233198864113
"RN7SL685P",-0.456356525838269
"MANBAL",-0.456479014047353
"RNU7-125P",-0.456636239084568
"NUDT7",-0.456807377154376
"CGB3",-0.456894448552978
"SLC36A4",-0.456984847368421
"KCNMB3",-0.457137570022675
"SNX15",-0.458309907390657
"USP6NL-AS1",-0.460009250846223
"RPL36P5",-0.460023507875269
"BTBD7",-0.460309315684902
"DRC1",-0.460895887130675
"PSENEN",-0.461568071802043
"COX5BP3",-0.461753419337671
"RABGEF1",-0.462019604915795
"LINC03076",-0.462109769059711
"CELF2-DT",-0.462288509147151
"ANKRD28",-0.462484435984591
"IAH1",-0.462835205391198
"CYLD-AS1",-0.463052939502265
"CTTN-DT",-0.463521179212377
"MIR103B2",-0.465202518464367
"CTCFL",-0.465333935275415
"PTPN18",-0.466693339891414
"TMOD3",-0.467655041488429
"GPAT3",-0.467840949132136
"MTATP6P11",-0.468291053096213
"RNU7-50P",-0.469164798471188
"LINC02706",-0.469570083443514
"LSM5",-0.470084785282611
"LTB4R",-0.470112144427834
"CLK2",-0.470196397954249
"RPS23",-0.470304852112779
"NME4",-0.470452120292097
"MBD2",-0.470708504220552
"LINC03094",-0.470739619906598
"LINC02739",-0.47099830751612
"PSCA",-0.471519314638694
"STK38L",-0.472209478651034
"NUTF2P6",-0.472403534471528
"SWT1",-0.473669122616834
"HNRNPA3P3",-0.474059778711976
"OR2H5P",-0.474290842308546
"C16orf46",-0.474290842308546
"HNRNPA1P51",-0.474788601446069
"PRKACG",-0.475388314018074
"ZP3",-0.475576399963476
"SLC6A19",-0.47583946644261
"HAPLN3",-0.476240820218346
"TATDN2",-0.477293038826373
"NECAP1",-0.477561553327607
"TRMT10A",-0.478376414451256
"TTC7A",-0.478387552955986
"LYSMD2",-0.478572659479999
"ATF4P3",-0.479311277991957
"CINP",-0.480397824912454
"NENF",-0.481335531472318
"GHDC",-0.481502686838859
"BRPF3",-0.482394555076318
"FAM13A",-0.482440625958238
"LRP2",-0.482691708630441
"CORO1C",-0.483288497705703
"PPP1R3G",-0.484000988542863
"IGLV3-15",-0.484361632261298
"CNIH3-AS2",-0.484784864177584
"CLTA",-0.484948821426517
"ADAM15",-0.485067737614659
"LEUTX",-0.485394009587554
"PCMTD1-DT",-0.485914181794186
"BAZ1A",-0.486020412271823
"HECTD2-AS1",-0.488143023305855
"CRAMP1",-0.488818157234887
"RN7SL819P",-0.488988069634508
"C9orf72",-0.489150876917685
"ESF1",-0.489167659348441
"CC2D2A",-0.48920484477967
"KDSR-DT",-0.490490624303057
"SREK1IP1",-0.490849214856821
"RNU6-288P",-0.490862883727279
"LINC02927",-0.492016694448421
"ARPC3P1",-0.492151652365853
"ANK2",-0.492771389099668
"IFIH1",-0.49323308537331
"MIR548AM",-0.49377621309256
"SLC7A14-AS1",-0.493888140861929
"VPS41",-0.494016980285118
"RANP6",-0.494715379112051
"SEMA4B",-0.494756175903449
"H2BC18",-0.49597513899356
"TMEFF2",-0.49604618660958
"LAGE3",-0.496070746612592
"DBTP1",-0.496122199400834
"EML1",-0.497317614066172
"TAF1C",-0.497789639025124
"AQP7B",-0.498032462207648
"STOML1",-0.49813996779679
"PLXNB1",-0.498306288828909
"PAICSP1",-0.498680215770689
"RNF6P1",-0.498692433299772
"LINC01277",-0.499033948989731
"KHDRBS3",-0.499880106354038
"LINC02984",-0.500106946628185
"SLC2A5",-0.500475236749075
"PA2G4P5",-0.500718780395244
"ADIPOR2",-0.501209293546169
"TGFBRAP1-AS1",-0.501389687473919
"PHAF1",-0.501780857286258
"LDLRAD3",-0.502454450874792
"DCXR-DT",-0.502873153887823
"CTRB2",-0.503161774093915
"NLGN1",-0.503392617302059
"C16orf74",-0.503793181638838
"CMBL",-0.504752198275721
"BCL2L1",-0.504812847100032
"C14orf180",-0.505096661060966
"RN7SL834P",-0.50562994940898
"RNU6ATAC16P",-0.506030025726003
"RPL35",-0.506147412286104
"RPS15AP10",-0.506654983920042
"GRK3-AS1",-0.506969797542287
"FAAH",-0.507289201812475
"WNT6",-0.507912368361994
"NDUFC1",-0.508328507490923
"WFDC10B",-0.508434569410062
"DOP1B",-0.509947660874103
"PSMA6P1",-0.510125550065366
"TMEM143",-0.510332229563172
"MXRA8",-0.510854243105321
"CACNA1D",-0.511253184815614
"ACYP1",-0.511602809636378
"PPP6R2P1",-0.511797077171258
"CABP2",-0.512148676723561
"GREB1",-0.513220345070479
"MIR6761",-0.513627940471132
"XKR4",-0.514230810343319
"RPL31",-0.514293783696632
"IFNAR1",-0.514455560040362
"POFUT1",-0.514662937202345
"MINDY4B",-0.515633948384535
"AJUBA",-0.515838675223275
"TMEM86A",-0.51588221689962
"RPS26P11",-0.516183924912185
"RNU1-134P",-0.517782741238646
"LINC01473",-0.517969111910139
"RPS27L",-0.517978695693834
"VPS25",-0.518373759749172
"PPIAL4E",-0.519104735571545
"HCN3",-0.519737205771958
"SERPINB9",-0.520350088033061
"TMEM30A",-0.521301863017773
"FOXRED1",-0.522042232791318
"ALDH1A3",-0.523582449177483
"ROCK2",-0.523624062240267
"LIN28A",-0.523684067402496
"POLA2",-0.524445686068906
"RNU6-37P",-0.526537816554046
"MIR574",-0.527157570895792
"LINC01255",-0.527248622636827
"RNVU1-29",-0.528407247421873
"UGT1A8",-0.529242192560417
"HSPD1P7",-0.530115410094541
"RN7SL309P",-0.530181783201883
"ARPC1B",-0.530251108766872
"KCNG4",-0.530398247186823
"ASIC1",-0.531588941482207
"DCTPP1",-0.531785466175133
"FAHD1",-0.532698641561257
"LPGAT1",-0.53310181939092
"GNPDA1",-0.533684810435914
"PPT1",-0.533788374590687
"BCHE",-0.534327791086976
"DCST2",-0.53433247299228
"RNA5SP317",-0.534660188854773
"CHMP3",-0.536164883332891
"MIR6514",-0.536614801289048
"MTUS1-DT",-0.536763851152014
"TNPO2",-0.538364384589097
"LNCPRESS1",-0.538842877948109
"TAX1BP3",-0.53935745037221
"NLRP9",-0.539426895579902
"ATF4P4",-0.539481464706765
"GRAMD1A",-0.54022841079098
"IQCD",-0.540657643740472
"PTGES",-0.540928092806448
"CSMD3",-0.541750706903611
"RTL8A",-0.542532434348799
"QKILA",-0.542607360297037
"ATP6V0E1",-0.542686150954727
"SAP30L-AS1",-0.543421245498565
"MIR1263",-0.543554289359422
"TPM3",-0.544425725047574
"RNU1-1",-0.545506466608378
"CHTF8P1",-0.545545525847464
"RIN3",-0.545807380482401
"BRD7",-0.546071509215929
"RPL21P120",-0.546895911285595
"SUPT20HL2",-0.547699230853071
"KPNB1",-0.548013779831717
"GATD3",-0.54811820605375
"NAF1",-0.548217869615013
"RPL23AP32",-0.5483386550329
"MTND1P23",-0.548405093341266
"PIGFP1",-0.548688290052518
"USP18",-0.548969141284275
"MSH5",-0.549908078464175
"CCBE1",-0.550390514896032
"FABP1",-0.550433123694424
"KRT16",-0.551336808936122
"TRABD-AS1",-0.55148083688065
"ATP6V0D1",-0.551916597228966
"GDF9",-0.552371509395732
"HEXA",-0.552708628049199
"NCKAP1L",-0.552831712353326
"TBX1",-0.553339596222992
"EGILA",-0.55524066279847
"RPL26P6",-0.555240735728712
"PCA3",-0.555250883741924
"LOH12CR2",-0.555301268496793
"CSNK1A1L",-0.555529498835438
"ZHX1",-0.556041037872486
"ACP5",-0.556050247220984
"COX5BP1",-0.5563975998302
"RPL37P25",-0.556580093794785
"SUSD2",-0.556651721731961
"IREB2",-0.557651788585151
"PIGV",-0.55786665164527
"DHRS4-AS1",-0.558049550532573
"TMEM191C",-0.558784165603773
"SNRPCP2",-0.558959892624314
"CD72",-0.559114362430467
"APOL6",-0.56032829113797
"GDA",-0.560560361671047
"ATP1B1",-0.561246894921118
"TTLL9",-0.561886354049391
"PHKA1",-0.562116908092663
"STEAP1",-0.562271014790748
"TFAP2A-AS1",-0.563007062700159
"ALPK1",-0.563231164450454
"BTF3P12",-0.563590884953482
"DRAP1",-0.563615794818983
"THOC6",-0.564124199640765
"RPS19P1",-0.564245686709599
"NFASC",-0.564954860293393
"FAM120C",-0.564979257219068
"PTMAP11",-0.565186792637059
"CYCSP45",-0.56575781763406
"RHOT1",-0.566041006075297
"DYNLL1P2",-0.566314197342074
"RN7SL190P",-0.566906648233888
"SREK1IP1P1",-0.566906648233888
"LINC01754",-0.567693965772292
"LINC02647",-0.569327040943643
"AASS",-0.569411098507715
"CREBL2",-0.569542947134271
"KBTBD8",-0.569638995988896
"PLEKHD1",-0.570127302885075
"PLCB2",-0.570650314801306
"SPX",-0.571703895363517
"IBA57-DT",-0.572464285171465
"RPL7AP53",-0.572888174626281
"FAM50A",-0.573583337341147
"OR2AL1P",-0.574196722393716
"DPPA4",-0.575292750759573
"HMGN2P41",-0.575666703652395
"UNC119B",-0.57654579222432
"LRRFIP2",-0.577005995714554
"C2CD5-AS1",-0.577152527033742
"TMSB4XP1",-0.578500956854092
"MT-TA",-0.579780401774204
"MEIS1",-0.580046458572766
"LINC00924",-0.580130756028015
"TANC2",-0.58073241952413
"SNRPE",-0.581192040211577
"GPR155-DT",-0.581458771534177
"OSGEPL1-AS1",-0.581522221170313
"NTN3",-0.58205819131891
"SORCS2",-0.582732877394413
"GLYR1",-0.583672223207761
"EIF2S2P4",-0.583936118308884
"NRXN1-DT",-0.585623922699688
"LINC02796",-0.585880948214436
"CERS6",-0.585897677334738
"TNFRSF10B",-0.586560885465258
"RPS3AP21",-0.586784758591268
"RNU5B-1",-0.587479865332884
"RNA5SP285",-0.589773757497195
"ZNF385B",-0.589786615618578
"C8orf82",-0.590372064592687
"SETD6",-0.590408673668068
"RNU6-190P",-0.590667216282102
"NAA50P2",-0.590869768043611
"LIF-AS1",-0.591009338742573
"DRD4",-0.591042529086912
"RNU6-988P",-0.59120329585125
"ARMCX7P",-0.592250964273707
"EEF1AKMT4",-0.592429576514409
"NPIPA5",-0.592841045898062
"POTEKP",-0.593773945354697
"FBXO48",-0.594231568525515
"GJB5",-0.594756972346458
"FERRY3",-0.596110110321377
"EIF4E2",-0.598135811862568
"CCDC88B",-0.598473950074237
"DSP-AS1",-0.598885919751151
"ZC3H12C",-0.599018134798593
"CMIP",-0.599569662221741
"TEX261",-0.600012326248294
"ZNHIT1",-0.601425130842632
"TAP2",-0.601596128758547
"KIF1C-AS1",-0.602531700493894
"ABRAXAS2",-0.603078321355251
"POM121L4P",-0.60331494871852
"ZSWIM2",-0.603429957736779
"TCEA1P2",-0.604227432365091
"RNU5F-1",-0.604264696323123
"MIOS-DT",-0.604472615189591
"SIRT1",-0.605418603759829
"MGRN1",-0.606104821059767
"TSPAN6",-0.607094650500036
"KRT18P17",-0.607126688412474
"MYLKP1",-0.607126688412474
"ARHGAP42-AS1",-0.607126688412474
"ERMAP",-0.607669117722335
"FTH1P15",-0.608395987825503
"LSM10",-0.608718274397124
"RASSF3",-0.608897384015184
"RPL32P27",-0.609011408654158
"ETF1P3",-0.609091793758819
"CEP170",-0.611038453549831
"PDZD2",-0.611042217182226
"SLCO3A1",-0.612052312670891
"LINC02201",-0.612896485777137
"HNRNPA3P6",-0.613555108189961
"MARCOL",-0.614273830730246
"CAMK2D",-0.614275233166879
"RTCA-AS1",-0.61432429932447
"RAC1P5",-0.615016575456297
"RN7SKP26",-0.615668569784346
"RNA5SP150",-0.616375392849017
"PKP1",-0.616551928994285
"FAM225B",-0.617247106206863
"STX1B",-0.61736611054238
"LINC02194",-0.617685623072412
"NUMB",-0.61814694156356
"WASHC2C",-0.619351032388173
"BNIP3L",-0.619533650939846
"RNU6ATAC23P",-0.619944114329167
"RHOA",-0.620495779630009
"FLII",-0.620729112830847
"EIF1AX-AS1",-0.621388572462731
"ATF4",-0.621489170936551
"CAP1",-0.621572840377374
"RPL5P4",-0.622555877670806
"KLF10",-0.623012504612383
"ZNF226",-0.623081903095241
"PLEKHO2",-0.623980345361213
"PAIP1P2",-0.625296549758064
"DNMBP",-0.626477878106849
"TRPS1-AS1",-0.626617522291207
"CTDSP1",-0.627839403222377
"LINC01257",-0.628389852995268
"METRNL",-0.628416898843988
"CCEPR",-0.628457331559765
"PRR13P5",-0.62958909409332
"NOP9",-0.629874398999476
"FTH1P13",-0.630207965046401
"OR52U1P",-0.630492282420716
"LINC02580",-0.630581393852927
"MIR23AHG",-0.630654231792149
"COL21A1",-0.631177905767121
"LINC02381",-0.631616404209949
"ICAM2",-0.63184360056382
"MFAP2",-0.632139290047759
"RPL10P7",-0.632581818632882
"DENND6B",-0.632860875944646
"ACCSLP1",-0.633197578914279
"ACBD3-AS1",-0.633247783609305
"CYC1",-0.633741179296702
"MT1E",-0.633752651767357
"NTS",-0.63505578889139
"PRR13",-0.636107165106691
"RAB25",-0.636281350071275
"ZNF3",-0.636463838845043
"FGFR3",-0.636978215578428
"GPCPD1",-0.637711889870383
"LINC01805",-0.637837153758078
"PABPC1P2",-0.637884965776308
"FADS2B",-0.638278170010042
"BAZ2B",-0.639446027714011
"KCNT1",-0.640620844637076
"ST8SIA5",-0.641485808939831
"ABHD2",-0.642108357553049
"PCDHGB6",-0.644023809247559
"PDCD11",-0.644582126372687
"PRADC1",-0.645086822831393
"QNG1",-0.645635905468499
"MYO1C",-0.64573562648372
"SCAF1",-0.646303513899664
"DOCK5",-0.646589596843736
"KIF25-AS1",-0.647101682650159
"SLC16A6",-0.647395575010361
"KLB",-0.647982154492524
"ORMDL2",-0.648396404905097
"COX6A1",-0.649143790401139
"MRPL41",-0.649247713803818
"ART4",-0.64932079231931
"MTX1",-0.650320077494048
"LINC02837",-0.650536687275835
"CEP15",-0.650951404018744
"SLC5A4-AS1",-0.651295794951922
"PIGF",-0.651917818051971
"REV3L-IT1",-0.651986075270846
"TRIM59-IFT80",-0.653182495353088
"AGPAT2",-0.653295597209486
"KAT8",-0.654033957199984
"TMA7",-0.655403446363458
"MTND4P14",-0.655458563373535
"NEDD8P1",-0.656189819508654
"CHRNA9",-0.656515466857945
"NRL",-0.657953356745158
"SPDYE17",-0.658464605414641
"NPSR1",-0.658541876012231
"TPI1P1",-0.658637142916754
"PHOX2B-AS1",-0.659327799210062
"PGAP6",-0.660219248789415
"MRPL33",-0.660766240772964
"PTPN11P5",-0.661016255236952
"NPC1L1",-0.661216156815983
"NHP2",-0.661268771103553
"POTEE",-0.662520232320934
"ARPC3P2",-0.663349344060473
"RPL15P19",-0.663524431623721
"PTGES2",-0.663739273906622
"CILK1",-0.663929039674212
"RN7SL353P",-0.664658945689665
"PRKD1",-0.664857181019208
"LINC01675",-0.668728149742116
"HSPB8",-0.668868693916988
"DST-AS1",-0.668977410721535
"AKT2",-0.671704385692223
"KRT18P31",-0.672164961568334
"PABPC4",-0.674209359296609
"ACTG1P9",-0.674396907031413
"OOEP",-0.674560473807285
"NEXN",-0.675641052158247
"MIR222HG",-0.676731540311959
"VIPAS39",-0.677202322312982
"DSC1",-0.677695624925784
"CDKN2B",-0.677964149926257
"HCST",-0.677993746491047
"LSM7",-0.678212503519554
"CNPY3",-0.678289210224622
"DENND4B",-0.678715449820491
"KCTD13-DT",-0.679033457550408
"LMO7-AS1",-0.67944185547461
"TRIM62",-0.68048465159205
"MRAP",-0.680567144449878
"RDH5",-0.680634902105735
"NEK2-DT",-0.682334974379817
"DOHH",-0.68277735072688
"MMRN2",-0.683230035980674
"CXCL12",-0.683304583252214
"EEF1A1P22",-0.684172362134608
"CHAT",-0.684216784033328
"RPS15P9",-0.684439393797319
"SLC30A2",-0.684470210845068
"HS3ST6",-0.685272739328234
"TAS1R3",-0.685395027458886
"MTND5P11",-0.68631948018359
"ZNF502",-0.687234033210116
"ANKRD44-DT",-0.687281673631471
"SH3GL2",-0.687373462723782
"SEPTIN7P3",-0.687396577753146
"PBX2",-0.687880193976694
"ACSS3",-0.688090024584485
"SLC23A3",-0.688595687383263
"PITPNA-AS1",-0.689177747637765
"KCNK9",-0.69056917754071
"SLC39A1P1",-0.690742914318612
"VDAC1P2",-0.690819390494688
"TP53INP2",-0.69217400712372
"ZBBX",-0.693267375450973
"GAPDHP44",-0.693360316662313
"ARMC9",-0.694505860538302
"RPL4P2",-0.694611611147964
"LIVAR",-0.69484501925278
"TMEM179B",-0.695252945187738
"GARIN1B",-0.695259584530573
"MR1",-0.695384580566391
"ARPC1A",-0.695531428634504
"SLC29A3",-0.695846172127735
"REG1B",-0.696072072751173
"PITX1-AS1",-0.696272850724152
"LHX3",-0.697039434053921
"RNU6-46P",-0.697039434053921
"PRUNE1P1",-0.697039434053921
"SLC26A11",-0.698663476511837
"ARHGEF9",-0.698843083290441
"GALNT7-DT",-0.698853953154338
"CCDC144CP",-0.699393034889246
"ATP1A4",-0.699692291502976
"HSD17B10",-0.700222206536314
"HIGD1AP16",-0.70049937677241
"GAPDHP1",-0.701157468048619
"ALX3",-0.701242235873394
"GMFG",-0.70145108689002
"RNU6ATAC7P",-0.701610438442672
"LINC02362",-0.702028658107307
"PIGAP1",-0.702326699241618
"ALDH4A1",-0.702540379395064
"NANOS3",-0.702677694608554
"RNU6-1053P",-0.702702886011094
"PCDHGC3",-0.702702886011094
"SNX30",-0.703329157816959
"PSMB8-AS1",-0.704882509633569
"RN7SL146P",-0.705002411189594
"LINC02425",-0.70605318636264
"GRB10",-0.706337768745072
"RAB10",-0.706488933387134
"TTYH1",-0.707032485403795
"PROSER2",-0.707051908397293
"RNU6-937P",-0.707134064087197
"ZBTB8A",-0.70787638155165
"OR6J1",-0.70792933875787
"ZNF132-DT",-0.708164207686983
"COLGALT1",-0.708267671660618
"RNU6-756P",-0.708775211436769
"STK40",-0.709150415239151
"EIF4EBP3",-0.70966222199619
"USP6NL",-0.710622228015554
"RNA5SP312",-0.711120710700786
"ABHD8",-0.714804443239393
"FIGN",-0.715617957442853
"FRAS1",-0.718429966030373
"ESRRAP1",-0.718723861093294
"LINC00613",-0.719865250984611
"LINC02737",-0.719908207552346
"RN7SL693P",-0.721006028766981
"LINC03004",-0.721883614714988
"RPL18AP13",-0.722245497754692
"ATP6V1A",-0.722841532862791
"SEPTIN7P7",-0.722900052114625
"MAGOH3P",-0.72372113784599
"LINC01091",-0.724143142584406
"RPL34P24",-0.724170303759504
"HLA-DPA2",-0.724498695444339
"RPS26P58",-0.72522064610662
"SUMO4",-0.725522710797326
"FTLP17",-0.726456224273893
"PPIAP82",-0.726778702001486
"DAPL1",-0.727037737612147
"LRRC37A9P",-0.728245814488453
"SETD7",-0.728665357117612
"CELF3",-0.729179413787392
"F8A3",-0.72925820714533
"RPL18AP16",-0.729893674821906
"KRTAP13-3",-0.730080906700266
"COX5A",-0.730153334991205
"CLIP2",-0.731273138855891
"PCF11-AS1",-0.731331544658661
"LASTR",-0.73178988975162
"ASS1P7",-0.732054229478846
"PYGM",-0.733299132854057
"RPL37AP1",-0.733688067184462
"FAM89B",-0.734420846730089
"PCDH7",-0.735109833593897
"DAW1",-0.736004284329337
"ANK1",-0.736716236416913
"OR5AU1",-0.736764070094218
"CCDC154",-0.737100641535063
"LINC01525",-0.737284879702866
"TCF24",-0.737525550694873
"SMANTIS",-0.738276839522427
"TGIF2P1",-0.739271163051388
"RNY4P25",-0.739277813981781
"SPTBN2",-0.740121720573303
"PURB",-0.741008291904823
"AP3B1",-0.741492768591299
"GALNT14",-0.741902423121123
"MYOM1",-0.742266622304905
"ANKRD31",-0.742277469148498
"TM4SF1",-0.742329384687012
"MYDGF",-0.74318410121545
"BBS10",-0.74334283221523
"DNAH17",-0.744463355005361
"HNF4G",-0.744523679228319
"ZNF106",-0.7445738318384
"CXXC4-AS1",-0.744641091852694
"SLC38A10",-0.745029209003994
"MND1",-0.745313175944128
"SLC44A1",-0.74606225998254
"GDPD2",-0.74694491125919
"TPH1",-0.74765165874386
"CORO2B",-0.747719548694692
"FBXW10B",-0.748382590089961
"CHD5",-0.748528736904584
"LPAR6",-0.750064377875059
"BAZ2B-AS1",-0.750467899483646
"NAMPTP1",-0.751980927723213
"IFITM2",-0.752278020564519
"MYO18A",-0.752720146496166
"PANTR1",-0.753316217855285
"HYAL1",-0.754634724684459
"AP5B1",-0.754709171087074
"STX16",-0.755312075847201
"HAVCR2",-0.755559597903908
"FKBP9",-0.756924162488105
"TVP23A",-0.757460863019185
"OXR1-AS1",-0.757668902614458
"PTCD2",-0.757726370586866
"ACOT9",-0.75840850435949
"RPL12P2",-0.761453603887935
"PSEN2",-0.763158263472432
"ZNF724",-0.763755847782406
"ZNF300",-0.764883841290339
"RN7SL336P",-0.765050419518895
"UNC79",-0.765089143625562
"PSMA6",-0.765335469915383
"MTSS1",-0.766311816102219
"CNTN4-AS1",-0.767288591838661
"CDHR2",-0.767579653019979
"WASHC5",-0.76817246571775
"BRI3P1",-0.768577192370197
"LRRC74B",-0.769479854225324
"NKX2-1",-0.769772399202247
"ZBTB8OS",-0.770834896651944
"CLCF1",-0.772378667978816
"OR5F2P",-0.772670948214748
"GPRC5D-AS1",-0.773451309311616
"LIPJ",-0.773655122561146
"WFDC1",-0.773769294805542
"FMNL3",-0.773816265025524
"MPL",-0.773880611566972
"REPIN1-AS1",-0.774183090617794
"PIWIL4-AS1",-0.775407407987719
"DYRK4",-0.77728303560434
"LMNTD1",-0.778464964973341
"ACYP2",-0.778478149129207
"SWAP70",-0.77944217920212
"FHIP1B",-0.780126475752342
"NCF4",-0.781397545448934
"RPS27AP19",-0.782197061284181
"CNRIP1",-0.782446971922166
"GUCY2F",-0.78316365973856
"NXPH2",-0.783794104174865
"TMEM266",-0.784633935599974
"LINC01794",-0.784682770699454
"DCHS1",-0.785196761009088
"IGHV1-67",-0.785637711437511
"DPM2",-0.785713259987433
"MIR4802",-0.785730356175207
"ALKBH3-AS1",-0.786029941199389
"FYB1",-0.786988444240974
"RAB38",-0.787562480331132
"WDR93",-0.787627054438579
"SPA17",-0.788803581416522
"TIMM44",-0.788959194375645
"RPL7P8",-0.78921460940351
"RPLP0P9",-0.790084784882647
"MIR9-1HG",-0.790218704399568
"AGBL5",-0.790739211813368
"IFNAR2",-0.79075633643743
"GALNT15",-0.79166920854898
"FAM114A1",-0.792248013741464
"PCYT1A",-0.792374386706002
"TIMM13",-0.793807829828514
"MIR3157",-0.794173075146336
"TMEM147-AS1",-0.794553244231036
"ILVBL-AS1",-0.79689875914118
"MFSD1",-0.797051129951129
"NDUFAF3",-0.797364134251689
"AGBL4-AS1",-0.797641270335014
"TNC",-0.798968252939428
"RAC1P4",-0.799908027453343
"RACK1P3",-0.800111567024005
"LINC00851",-0.800202174691264
"NME2",-0.800250573255761
"INMT",-0.800359900247562
"RGL3",-0.800876465483561
"RPL36AP46",-0.802829738099603
"IRF7",-0.804144902093553
"CUL1",-0.804624714249477
"CCDC38",-0.804873069173359
"COMT",-0.805195918471944
"AMER2",-0.805222654654903
"RN7SL303P",-0.805331512973367
"NDUFA4",-0.805624521728864
"GLRX3P2",-0.806848563210203
"C8orf34",-0.807537892325529
"PLCB1-IT1",-0.807616587629415
"MIF4GD-DT",-0.807731583756479
"RPL13P6",-0.807868110913398
"CENPO",-0.80878210919042
"NR2F2-AS1",-0.808786017310298
"RPL29P12",-0.809107959002162
"ZNF710-AS1",-0.809324140841067
"PITPNM3",-0.809531466407405
"GABRD",-0.810113856903088
"SPMIP6",-0.811206053785377
"AIDAP1",-0.811730487870338
"RASA4B",-0.812096260900493
"NUTF2P2",-0.812128042052828
"GPR37L1",-0.812769679059951
"SEC24B-AS1",-0.812925735887719
"LINC01623",-0.813350258237699
"ASNSP1",-0.814483136190905
"PYCR1-AS1",-0.814844621890091
"RPS7P8",-0.815352024986729
"ZNF575",-0.815726038359838
"RPS24",-0.815795346867521
"DACT3",-0.816005588492778
"WWP2",-0.816337628633492
"MYOZ1",-0.818516965536089
"MYOZ2",-0.818768667833236
"SCD",-0.818978726706066
"HAPLN1",-0.819357875360297
"KCTD5P1",-0.819641536731455
"TEX54",-0.821002108485563
"TRIL",-0.822094851326161
"HULC",-0.822219584699663
"ACSM6",-0.822657019328812
"RPL9P31",-0.822757697548882
"NMI",-0.824366718418628
"HPSE",-0.824948029011294
"FRG2C",-0.825321013766443
"RPL4P7",-0.825447746997562
"RMDN2-AS1",-0.825638143483893
"TJAP1",-0.827950982421493
"CACNB4",-0.828214345735258
"COL9A3",-0.82965569088342
"LACTB2-AS1",-0.829795524476999
"ALDH7A1P4",-0.830948127750135
"EEF1A1P15",-0.831835207160281
"HMGN2P17",-0.832012742525334
"EFHD2-AS1",-0.832107448718805
"LINC02436",-0.833480377255322
"DHX29",-0.83353625579912
"NPM1P43",-0.834198498138291
"PPP1R14C",-0.834317568146154
"RPL23AP30",-0.834603164685415
"LMO1",-0.834603164685415
"RPAP3-DT",-0.83481639506438
"BTBD10P1",-0.835213165146079
"SLC26A7",-0.835520978767703
"EVA1B",-0.835713430310629
"TBK1",-0.840142327823717
"GABRG2",-0.840483521582351
"OR2F1",-0.841349075882489
"CASP10",-0.843200251203737
"SNX20",-0.844287227968426
"NT5C1A",-0.844457532685003
"MEX3D",-0.846821990508821
"MTCO2P12",-0.848617852476953
"PSME2P3",-0.849092867125222
"APONP",-0.850171799658626
"LINC02043",-0.850313371009207
"NALT1",-0.850430449475745
"ADAMTS1",-0.850762726254767
"ADORA3",-0.851652307704766
"LINC01602",-0.852828341221032
"PCDHGB3",-0.853421187502967
"SPIN3",-0.853786390580015
"THOC7",-0.853974504907286
"RPGR",-0.854137661297065
"AP1M2",-0.854510585598299
"RNU6-1231P",-0.854750498970146
"ACAP2",-0.85513829039902
"RPS2P17",-0.856694705421842
"CFL1P2",-0.857045344797633
"LRATD1",-0.858301753189733
"AKR1C1",-0.859176199615978
"LEPR",-0.859324076061093
"DHTKD1",-0.859812035610184
"SPINT2",-0.859846604668582
"ANKRD40CL",-0.860562345984949
"ITPK1",-0.860588603839471
"G6PC1",-0.86075463170487
"HSPB1P1",-0.861244922307087
"COX6C",-0.862164266134269
"LGR4-AS1",-0.86243422257953
"POLR2E",-0.862436421576361
"GMPPA",-0.863088270457842
"RPS28",-0.863344604499285
"ARVCF",-0.864414289923836
"NELL1",-0.866119011891725
"CSTF3-DT",-0.866530574678484
"AMPD3",-0.867465608545836
"BCAR1",-0.867544020244962
"TPT1P9",-0.868901981718473
"VPS16",-0.868975472189266
"DYNC2LI1",-0.869069914150521
"HGD",-0.869866993546321
"GPAT4",-0.871226862745053
"SBSN",-0.871439791385276
"RNU6-199P",-0.87183996402413
"SFTPD-AS1",-0.873425911227715
"MPHOSPH6-DT",-0.873878373526469
"RNU7-40P",-0.874158093352553
"RPL6P3",-0.874661813685057
"TIMM8A",-0.874831350004695
"FAM20B",-0.874912639926696
"SLC5A9",-0.87518092623716
"GPR157",-0.875915618499508
"TRPT1",-0.87596404824238
"GUCY2C",-0.876038794116055
"UBAP2L",-0.876106954478482
"LPAR3",-0.876876181711737
"DACH1",-0.878041233731047
"LRRC52-AS1",-0.879762154834451
"MYO3B",-0.880005235076851
"ABHD11",-0.880595267693702
"TMEM104",-0.881215395114613
"TEAD4",-0.881496156526429
"KDM7A",-0.881889109865612
"DSCAML1",-0.883198614077608
"STAC2",-0.883216999430616
"SGIP1",-0.885471583380098
"DOCK8",-0.886296925287512
"SOX7",-0.886841265334493
"EEF1B2P6",-0.888975831237211
"FOS",-0.889485756526728
"MOV10L1",-0.889544575863341
"ZNF534",-0.890335231120608
"BPIFB1",-0.890969362162495
"COX20",-0.892481763489567
"FKBP2",-0.892767266963773
"GRB7",-0.893186006812134
"H2AJ",-0.893539236064833
"PRKAG2",-0.895765392834747
"RPS26P3",-0.896287049014998
"TNFRSF12A",-0.896885602062862
"MPV17L2",-0.897016761323572
"MDGA2",-0.897180016418155
"LGALS9C",-0.897389962259012
"AQP11",-0.899255982510839
"ARMCX1",-0.899324793645668
"RPL37",-0.900034277061863
"SIGLEC15",-0.900553838563142
"RFX6",-0.901620256808408
"PPM1F",-0.902444821870576
"RNU6-695P",-0.903953520000762
"MAST3-AS1",-0.904302279374507
"PIMREG",-0.904755486304575
"MED11",-0.906897928404511
"MTMR3",-0.906915404396629
"CYSTM1",-0.907527408763982
"ATP2B1",-0.90783670331681
"BNC2",-0.908705202155052
"SAMD11",-0.909383167196985
"SSX13P",-0.912279675249025
"C1RL",-0.912297901693622
"B3GAT2",-0.912536865227016
"MROH9",-0.913600904945084
"VTRNA1-3",-0.91413994758309
"FAM219A",-0.914296522557616
"ZNF423",-0.915077177181626
"OR10V1",-0.915125081665551
"RNU2-50P",-0.916254247313216
"NFE2L3",-0.916975460283106
"MT-ND6",-0.917776681367436
"FAM227A",-0.920398553968725
"AHCTF1P1",-0.921485721883928
"ZNF691-DT",-0.922759374256649
"RNA5SP216",-0.924380854616887
"CPM",-0.925323258673671
"NKIRAS2",-0.925874846108525
"TRIM56",-0.926130728318564
"RBP3",-0.926481384096034
"DDAH2",-0.928511510366364
"ADCK5",-0.928520809150386
"ELF2",-0.929422105618331
"ARFGAP3",-0.929589474499626
"DHX58",-0.930339225688327
"MFFP1",-0.930777907201233
"WDR45P1",-0.931668751504806
"FER",-0.931811830859597
"RN7SL182P",-0.932108636537994
"ZNF436-AS1",-0.932632719828517
"OR2A5",-0.932865975769749
"RN7SL121P",-0.93306825515832
"RPSAP70",-0.933983779951107
"ADH4",-0.934360294475724
"CCND1",-0.935977609283265
"SH3BP5",-0.937550508459571
"GMIP",-0.938088752011174
"NOTCH2NLC",-0.938448551662588
"ZNF407",-0.939391222637984
"PRICKLE2",-0.940760132747515
"ARPC4",-0.940803666007421
"LINC01940",-0.941637879891817
"LINC01608",-0.941881698146068
"RPS21",-0.942950861588004
"MAPKAP1",-0.944895514892155
"PRSS3",-0.947590516607497
"TNNT2",-0.947717005928822
"PPIAP21",-0.947894957732154
"SQOR",-0.949130684988298
"LINC00989",-0.949540108221325
"CDC42P4",-0.951517201204898
"LAMB2P1",-0.95200262778464
"RALGDS",-0.953599660968811
"CHDH",-0.954230209876235
"CENPP",-0.954368248191104
"ADAL",-0.955139651285842
"LINC01909",-0.956169050955957
"NDUFA2",-0.956674004877336
"SRD5A3",-0.957164973583552
"RPL17P52",-0.959097560335828
"PMEL",-0.960255345118248
"RAPSN",-0.961129626639175
"SMDT1",-0.962956748162359
"SLC28A2",-0.964804501833428
"PDGFRA",-0.964857845330208
"HYOU1-AS1",-0.96509478527372
"C9orf153",-0.965685222249241
"PNRC1",-0.967965939308446
"CTBP2P4",-0.96805775737447
"NSRP1",-0.968550703488231
"DNAAF6",-0.96875624963888
"SEC61B",-0.969117733024846
"GAPDHP49",-0.969440283269172
"STX10",-0.970733960709395
"SRI-AS1",-0.972221650440277
"PHPT1",-0.973332201396502
"SNORA3B",-0.974307319450233
"LINC01678",-0.975763578184104
"MED28-DT",-0.976049780845373
"LINC01170",-0.976675077411754
"POLR1G",-0.977354866771909
"RHOT1P1",-0.977807925285268
"GAPDHP40",-0.978217490255993
"RPS13",-0.979583485225245
"RBM39P1",-0.98019054107588
"RPS3AP43",-0.980546410809437
"RPL17P26",-0.981722213252245
"AGBL4",-0.981856123925973
"CNTNAP2",-0.983305935570953
"TRIOBP",-0.98460724194102
"MIR4754",-0.984623493717812
"BORCS8",-0.98610712432282
"TTC4",-0.986227381626127
"PHLDB2",-0.986992946620004
"NDUFB4",-0.987798711898416
"TEKT2",-0.988950890845927
"VIPR1",-0.989308113610307
"RNU6-853P",-0.989971909569082
"INHBE",-0.99256859331708
"CELF6",-0.994588938005336
"ARL8B",-0.995716255087583
"LINC01900",-0.995921046628003
"HMGN1P8",-0.996770948116002
"CLUH",-0.997066594242135
"VWA1",-0.997118596865355
"SEPTIN9",-0.997933099605696
"NPM1P21",-0.998454767386533
"COX20P1",-0.999919780513225
"DDX51",-1.00025409608871
"SEBOX",-1.00148683051927
"BCAP29",-1.00261118994428
"NDUFS4",-1.00624266739767
"DLK2",-1.00658125140592
"RASSF2",-1.0071505959409
"NR2E1",-1.00756273152278
"NUP210L",-1.00777464205778
"SLC35A4",-1.00788064545684
"TMCO3",-1.0081708969047
"ANKRD13A",-1.00848977469468
"STOX1",-1.00985332985935
"MT-TV",-1.01178803951753
"DNALI1",-1.01229998863961
"PNPLA1",-1.01272660410549
"RN7SL473P",-1.01348360000061
"PRRG2",-1.01469792590723
"CAPN10",-1.01589757640352
"NFIB",-1.01801942493928
"TRIM44",-1.01959280671454
"NDUFC2",-1.02138735843599
"PTPDC1",-1.02190025512117
"PIK3CA",-1.02198531838214
"FGFBP1",-1.02203953340719
"CYP4B1",-1.02326706668566
"SCLT1",-1.02404781062872
"ERBB2",-1.02420082480367
"ZNF98",-1.0246391155304
"PSMA4",-1.0270286696129
"PDIA2",-1.02733524819536
"ADCY1",-1.02786972054846
"NUDCP2",-1.02994959044215
"SNHG19",-1.03023708129642
"SNX24",-1.03122484521551
"OR9A4",-1.03145818551724
"NOCT",-1.03187477262927
"PTPRD-AS1",-1.03244690729841
"HVCN1",-1.0335041034169
"NPM1P37",-1.03563541756459
"HMGN2P5",-1.03676758611157
"MCRIP2",-1.03694594772333
"GPT2",-1.04075507054972
"EIF4E1B",-1.04285779339735
"MTCO2P33",-1.04285779339735
"DDT",-1.0435297485796
"H3P36",-1.04361306197882
"RN7SL559P",-1.04371549435596
"ADARB2-AS1",-1.04599259544441
"GADD45B",-1.04628601728162
"PLA2R1",-1.04693897848176
"LINC01895",-1.04812020764656
"FRG1EP",-1.04891801096195
"KDM4A",-1.05044518381727
"SEC24D",-1.05088596685886
"PRRT1B",-1.05140740511564
"REEP1",-1.05266499647512
"MRPL14",-1.05407087461741
"HPS1",-1.05480603547789
"FLCN",-1.05505050329693
"RPL36A",-1.05514770491898
"MIS18A-AS1",-1.0567753621876
"FNDC1",-1.05687055428088
"MAFF",-1.05713331192918
"PRR29",-1.05758452770266
"MAP2",-1.0593674793358
"CDK5",-1.06004585126724
"PRKAR2B",-1.06024127924862
"UNC93B1",-1.06076696987827
"MEAK7",-1.06130689588122
"LINC02793",-1.06191192718223
"MIR4520-2",-1.06191192718223
"GPR107",-1.06202437626368
"MAGED4",-1.06204990809329
"RN7SL750P",-1.06269110765236
"TALDO1",-1.06443375912682
"FAM241A",-1.06453611751921
"RPL17P18",-1.06466668730571
"ADCY10P1",-1.06620800245249
"TRAF7",-1.06625814192284
"TNFSF12",-1.06777265848047
"ADA",-1.06901467505154
"ATP6V1E2",-1.07060742999286
"LINC02172",-1.07154774938154
"RSPH6A",-1.07241801238819
"HDGFL1",-1.07301095651004
"ZC4H2",-1.0732043279057
"RET",-1.074447869047
"NFE2L1",-1.0758034422214
"MIR497HG",-1.0770754612425
"CCDC62",-1.07741392595991
"AHRR",-1.07904233112332
"MID1IP1-AS1",-1.07911000054667
"UQCR11",-1.0801604569486
"MYH4",-1.08041264512054
"HNRNPA1P3",-1.08041264512054
"DLEC1",-1.08171852711593
"LINC01625",-1.08178973444972
"DISC1-IT1",-1.08241368790954
"MICA",-1.08271166072634
"CD180",-1.08431570219711
"KCNIP2-AS1",-1.0858633997105
"UQCRHL",-1.08677833155569
"MICOS10P3",-1.08835541213032
"FLNB-AS1",-1.0889566745896
"GPR35",-1.08991243264074
"TRMT5",-1.09063041604552
"RPL23AP11",-1.09073288576524
"ST13P15",-1.09201081506888
"SLC4A11",-1.0922091882218
"RPS15P5",-1.09226747580262
"INSYN1",-1.09851282658817
"DLGAP4",-1.10053993251751
"RELA",-1.1010793391045
"ERMN",-1.10330849243779
"LINC01016",-1.10372211270034
"LINC02487",-1.10428338004961
"MFSD12-AS1",-1.10483086507196
"PDCD5",-1.10488984902246
"LRRC52",-1.10558431860107
"EDN2",-1.10586581276128
"S100A11P1",-1.10617231109598
"NANP",-1.10883708332682
"TBC1D3K",-1.1096058290534
"SIGLEC10-AS2",-1.1115069330122
"CIAO2B",-1.11291596749318
"LINC01301",-1.1157594478703
"ATP5MC3",-1.11730460743278
"PKIB",-1.11776897982153
"LINC01537",-1.11862271141474
"EEF1A1P33",-1.11958247092523
"CCDC159",-1.1203946061603
"RRM2B",-1.12125022673181
"CISD1",-1.12199268922939
"IPMK",-1.1220181213285
"PYGO2-AS1",-1.12379110630978
"FTLP14",-1.12389972814777
"RNU5E-3P",-1.12528855893352
"GDI2P2",-1.12625437292594
"NKX6-2",-1.12657283375016
"RNU6-1275P",-1.12721681594371
"FSCN1",-1.12767009572883
"LINC02759",-1.12813494531473
"LURAP1L-AS1",-1.12905019334635
"ETHE1",-1.12938831516261
"NAGS",-1.13013259622636
"DUOX2",-1.13238264194295
"KDM7A-DT",-1.13426537611928
"CEACAM8",-1.13596153922684
"LINC02816",-1.13607100862208
"RPL9P18",-1.13664736472943
"PTPN6",-1.13710947668194
"TOR2A",-1.13731555115945
"COPS7A",-1.1385438781054
"RPL30P4",-1.1387137907034
"SPG21",-1.13890872121322
"FARP2",-1.13917503332812
"SH3D21",-1.13943667874646
"ADAM28",-1.13946692501482
"TBCEL",-1.13947914717093
"RNF39",-1.13964691422052
"LINC01117",-1.14044242647721
"MIR1271",-1.14066997519436
"RBBP9",-1.14393006946352
"RN7SL329P",-1.14481274642515
"LINC02951",-1.14877255563488
"PRICKLE4",-1.14994399925832
"TPTEP2",-1.14994975166483
"ITPKC",-1.15093274298353
"MLNR",-1.15145964930794
"DENRP3",-1.15145964930794
"AASDH",-1.15217974824398
"IGF1R",-1.1527409139484
"HNRNPCP4",-1.15354319183836
"FGGY-DT",-1.15400770527098
"MIR6769B",-1.15426192837486
"RBMXP1",-1.15487784546554
"DNASE2",-1.15563562313803
"BABAM2",-1.15597992585984
"RNA5SP130",-1.15742947019755
"TFF1",-1.1602322354115
"DIPK2B",-1.16041962352541
"COTL1",-1.16049787476829
"ADAMTS7P3",-1.16105142034199
"CCT5P1",-1.16133842643124
"ZNF441",-1.1615493895172
"HMGB1P20",-1.16180821531116
"SDK1-AS1",-1.16337681601312
"CIMAP1D",-1.16412580707393
"TEDC2-AS1",-1.16810248049501
"CNNM2",-1.16910940341222
"SPMIP4",-1.16947710053483
"LEPROT",-1.170827023175
"OR10A2",-1.1717556608517
"CARS2",-1.17238429958094
"TSBP1",-1.17406472965083
"TBC1D2",-1.17488133521086
"SLC37A4",-1.17578277590263
"COPRS",-1.17599789479778
"PPP1R14B",-1.17706366222348
"LINC02253",-1.17732403060166
"CASP4",-1.1781216697854
"PAQR3",-1.17966397467439
"LNCTSI",-1.18024761851003
"UAP1L1",-1.18028656434973
"ZNF114-AS1",-1.18043449768555
"CCDC86-AS1",-1.18140435824312
"ACTR2P2",-1.1816002123086
"PCGF1",-1.18173864870688
"AMPH",-1.18177311269969
"RYBP",-1.18281533531815
"RHOQP3",-1.18325001479487
"ARMCX2",-1.18352380111543
"HSFY4P",-1.1850971306438
"FTLP5",-1.18689837400331
"RNA5SP185",-1.18735144875964
"MAPKAPK3",-1.18911822627874
"GPX1P2",-1.19033282146741
"OR5M14P",-1.19053144518312
"ANO2",-1.19091072013695
"WASHC2A",-1.19177651546544
"TACR3",-1.19185262912101
"PRKAR1B-AS1",-1.1927238044213
"CFI",-1.19325392359759
"OR52H2P",-1.19585188157625
"FGFR2",-1.19892495148861
"STX12",-1.20245531442103
"LYRM4-AS1",-1.20270176006819
"NSA2P3",-1.20305397629295
"OS9",-1.2041537431613
"ZNF687-AS1",-1.20469208632745
"DHX35",-1.20583653422673
"BCKDK",-1.20770442156998
"LOXL1",-1.20945075577919
"ZSWIM4",-1.21035271033989
"SIRT5",-1.21045227257038
"TMEM205",-1.21197740743042
"PLTP",-1.21234521796611
"RN7SL284P",-1.21331510969527
"TPSG1",-1.21331510969527
"MAP4K3",-1.21511683898582
"RAMP1",-1.21645854883101
"FAM209B",-1.21660954555589
"HOXB4",-1.21693733241754
"TMEM220-AS1",-1.21729894911249
"FADS2",-1.21765775555542
"EEF1A1P12",-1.21805181009812
"RUFY1-AS1",-1.21834532911195
"ZMAT1",-1.21935265269553
"CCDC74BP1",-1.22052728022005
"PPM1E",-1.22111344767926
"CLDN23",-1.22128663255791
"RN7SL306P",-1.22292734660093
"PATL1",-1.22378910642761
"HDAC9",-1.22416620182571
"SLC5A1",-1.22450773093985
"HBB",-1.22498496933775
"TBCK",-1.22568916783618
"GULP1",-1.22655183734092
"TENT5B",-1.23015252042511
"PTPA",-1.23244800455018
"ZNF239",-1.23455789748177
"CBX3P9",-1.23487696276252
"LCE3E",-1.23528007299035
"COL3A1",-1.23768584712907
"CSMD2",-1.23823496390548
"PPIP5K1",-1.24067904805049
"AQP7",-1.24070919000429
"IGHV4-55",-1.24139745474397
"SLC8B1",-1.24155525172882
"TNK2",-1.24311000371687
"RN7SL5P",-1.24533868968365
"SLC39A8",-1.2472232711838
"H2BC21",-1.24779401364672
"RPL37A-DT",-1.2480837397472
"CAMSAP1",-1.24882975376683
"SLC4A2",-1.24999666997385
"SKOR1-AS1",-1.25189739540808
"TBC1D3B",-1.25321666264828
"RPL6P10",-1.25362169912772
"TMSB4XP4",-1.25395505368639
"EMX2",-1.25445658718684
"GPRIN1",-1.25534924951072
"ZNF775-AS1",-1.2560638880935
"FUT3",-1.2565284787462
"SIPA1L1",-1.25664224880813
"GAPDHP61",-1.25712809013315
"KLF7",-1.25774116999688
"SLC29A4",-1.25840169351735
"MIR4317",-1.25875582246446
"PFDN2",-1.25938436292182
"NDUFA12",-1.26293100542238
"ACSL4",-1.26434912995166
"GGCX",-1.26695874825592
"RN7SL166P",-1.27060213909119
"LINC01192",-1.27099332001882
"SOX11",-1.27320476594082
"SF3B5",-1.27545921955962
"TBXAS1",-1.27687569023545
"PLBD2",-1.27690127661679
"MIR106B",-1.28094013112042
"TMED7",-1.28253970698739
"ZAR1L",-1.28383705045246
"NOPCHAP1",-1.28418003201723
"FAM200B",-1.28468419296223
"RPS10P13",-1.28711612971235
"SLC35F3",-1.28730606065888
"EVA1CP1",-1.28818273155616
"COMTD1",-1.29218906193437
"ZNRF2",-1.29327816238148
"CLEC18C",-1.2947510825254
"GMPPB",-1.29499997554271
"NDUFAF2",-1.29556224347072
"FERMT2",-1.2968433801317
"RPL10AP2",-1.29731667852537
"ANGPT4",-1.29760286877323
"PRXL2B",-1.29772534511323
"SHB",-1.30028661995912
"IZUMO4",-1.30081395361061
"ATXN3",-1.30110645979194
"HDGF",-1.30216475365619
"SIAE",-1.30314512897544
"PRSS37",-1.30373133605181
"TBC1D10B",-1.30573950454911
"DNAJC13",-1.30680959222377
"PERCC1",-1.30684687887135
"IGF2",-1.30779012676578
"MAP7D1",-1.31620631909753
"VWA8-AS1",-1.31948565044631
"DHFR",-1.31988311928816
"PRICKLE2-AS3",-1.32017734205473
"BRCA2",-1.32031153664787
"IPO7",-1.32101156277874
"EAF2",-1.32492319871962
"IGF2BP2-AS1",-1.32581820125283
"PITPNA",-1.32790824208681
"TMEM11-DT",-1.32794643279525
"TXNL4A",-1.32960120791737
"TFEB",-1.33152424339526
"CHP2",-1.33291640125814
"RPL34P1",-1.33379084697709
"GLCE",-1.33490152061461
"IGF2BP1",-1.33689553884621
"TMEM260",-1.33852683153126
"CHMP2A",-1.34100961770729
"RPL9P28",-1.34134914467071
"GC",-1.34501241749038
"ACP2",-1.34543471650633
"KIF20A",-1.34641245724941
"RNU1-21P",-1.34676531054231
"KLHL6-AS1",-1.34874287684787
"PRTG",-1.34880099371985
"CAMTA2",-1.34908224528128
"SERPINB6",-1.34973607480709
"TMEM147",-1.35238584028703
"HSPA8P20",-1.35263826318304
"RMST",-1.35516885311995
"CCDC85C",-1.35683607145647
"TUBB8P2",-1.35766078680547
"CAPG",-1.36029183238734
"PRPF19",-1.36062434050336
"FHL3",-1.36141213738095
"RASGRP3",-1.36486653148409
"NFKBIZ",-1.36516007730198
"MYL6B-AS1",-1.36525882249631
"SILC1",-1.36537090033219
"WEE2-AS1",-1.37001307150746
"RNU6-106P",-1.37030873844743
"MIR4260",-1.37173634452926
"FEZ2",-1.37301282114885
"DENND5B-AS1",-1.37748988546227
"LGI1",-1.37901731051821
"RNU6-121P",-1.37955480446046
"EEF1GP5",-1.38068825227703
"CFAP69P1",-1.38078034898198
"MAP4K3-DT",-1.38325190311318
"RN7SL862P",-1.38400674344986
"ANXA2P1",-1.38631885977827
"MUSTN1",-1.38697126335095
"COQ2",-1.38705301026491
"MLPH",-1.38890242792782
"FXYD1",-1.38893577553255
"P2RY14",-1.38990482478419
"RAB28P5",-1.38996679002687
"LINC02883",-1.38998102444303
"LRGUK",-1.39007868575095
"TOMM7",-1.39010666209521
"HYAL2",-1.39160431263719
"RNF213",-1.3917647240161
"TOMM40P1",-1.39184203665755
"ASPA",-1.39219914157359
"LINC01438",-1.39316030775846
"RASA4",-1.39316684328415
"SSRP1",-1.3935272255263
"CLIP1-AS1",-1.3938956999835
"LINC03018",-1.39453067835105
"RPS27AP11",-1.39540471905886
"ATP6V0C",-1.39550106081316
"ZNF229",-1.39609179753505
"PHLDB1",-1.39713844465553
"EAF1",-1.40006582835589
"RPL29P28",-1.40058828975704
"LINC01595",-1.40236957399928
"MROH1",-1.40289973541662
"THRSP",-1.40352306890009
"BCAS2P3",-1.40352306890009
"COMMD6",-1.40525340099833
"CNN3-DT",-1.40909491741405
"CACNA1H",-1.40993654803752
"BAIAP2L1",-1.41070687149595
"LINC01853",-1.41079393404561
"ARHGEF4",-1.41087130141234
"MIR27B",-1.41275375543086
"DMD",-1.41413010199495
"TLNRD1",-1.41524822388295
"RPL7AP31",-1.41736773736574
"LINC01099",-1.41752705787094
"SEMA6A-AS1",-1.41987036939098
"GTF3C6",-1.4201301096868
"SLC25A13",-1.42056641625224
"AP3B2",-1.421395373418
"SLC22A2",-1.42237860870035
"EIF4A1P10",-1.42447865203113
"LINC02411",-1.42530365771296
"HNRNPA3",-1.4269884370399
"PGLS",-1.42784185868728
"WBP4",-1.42804373983948
"FFAR3",-1.42811185258414
"YWHAG",-1.4296479147681
"CDK18",-1.43045041230553
"LSM6",-1.43282216745464
"ATG3",-1.43299600826018
"OR6B1",-1.43300287585964
"GINS1",-1.4351956291832
"OR51A6P",-1.43535270255477
"ACTBP11",-1.436196409891
"RARB",-1.43625923356827
"OR13C6P",-1.43629660996197
"PABPC1P4",-1.43686767003145
"CENPJ",-1.43690576602467
"SOX9-AS1",-1.43738100766868
"LINC01556",-1.43820529138032
"RPS28P4",-1.4387103654891
"CCNY",-1.43936721585888
"MBOAT7",-1.4402885999301
"RPL39",-1.44054052970275
"LINC01354",-1.44202776693074
"C11orf96",-1.44224022723589
"TAS2R9",-1.44253353716841
"SEPTIN7P8",-1.44345987440419
"SIRPD",-1.44367969076304
"RPL7AP16",-1.44381199912663
"AMOTL1",-1.44552892757146
"CKS1BP4",-1.44874631897199
"MMP1",-1.44936135979297
"GLMP",-1.45092455327766
"TMSB4XP8",-1.45092879067527
"LINC01053",-1.45498909898005
"PLCB2-AS1",-1.45498909898005
"HNRNPA3P5",-1.4554595961364
"CRIP1P4",-1.45584276059428
"GPR26",-1.45664253884092
"CYB5R4",-1.45699173030915
"MMACHC",-1.4572064662766
"LINC02471",-1.4577614717497
"TNS2",-1.45839836775889
"APP",-1.45938251717478
"BLACE",-1.46440325129028
"MTCO2P21",-1.46555812427758
"ZNF710",-1.46695753378722
"ATP5PF",-1.46801948921172
"MAP3K3",-1.46966792352537
"IGLVIVOR22-2",-1.47029972125792
"LINC01850",-1.47062284884656
"SCAT8",-1.47167682892037
"TET2",-1.47188298314509
"THORLNC",-1.47543194686215
"LINC01440",-1.4759329463934
"MAP1LC3B2",-1.47624128924331
"IFI27L2",-1.4770160311827
"DENND1A",-1.47798550924833
"LSMEM1",-1.48011781599883
"POLM",-1.48189294325829
"COA4",-1.48521402623434
"IGFBP7-AS1",-1.4864594842582
"RPL37P23",-1.48701628747208
"GPRACR",-1.48742671919896
"PRKCD",-1.48983732760398
"EPHB1",-1.49070519214898
"BLOC1S6",-1.49177693073328
"VDAC2P5",-1.49183796570292
"FGL1",-1.49188062523854
"PCLO",-1.49342512654517
"MSRB1",-1.49405994805773
"PANO1",-1.49425516398425
"PCDH10-DT",-1.49429539351331
"CLTC",-1.4943113123587
"ARHGDIA",-1.49611869875846
"WASHC1",-1.49778552297114
"H3P47",-1.49860112413444
"RNA5SP207",-1.49875012948187
"RNU6-621P",-1.4995907164025
"STEAP1B-AS1",-1.49968427473812
"MIR3680-1",-1.5010315322851
"SCRN1",-1.5012916542104
"TSGA10IP",-1.50178403259905
"SLC7A2",-1.50239931353202
"RPS13P2",-1.50319319908139
"CASKIN1",-1.50460962892394
"AMDHD2",-1.50679359095507
"UPB1",-1.50893102348273
"RPS21-DT",-1.50899014753413
"CLN8",-1.51146716564913
"STK32A",-1.51737627168753
"STON2",-1.51895623121342
"ATP5MC2",-1.51918970174606
"ACTA1",-1.52229590012545
"RPS7P4",-1.52400196415025
"AGPAT4",-1.52547920144083
"LCORL",-1.52725433517557
"OCEL1",-1.52763764918296
"LINC02755",-1.52792684713439
"MPZL2",-1.52842000540703
"TMEM160",-1.5287977280172
"LYG2",-1.52889789919694
"TMEM229B",-1.5300647484059
"MIR6774",-1.53411351901801
"PLOD3",-1.53634766689784
"ACAP2-IT1",-1.53652928653301
"RNU7-38P",-1.53911684653456
"ATP13A4",-1.53972755048263
"KCNJ12",-1.53979752087364
"NACA",-1.54440098479803
"AGXT",-1.5469909582844
"HMGN2P10",-1.55261985693676
"NDUFAB1",-1.55262321120808
"CHST3",-1.55285827818289
"RREB1",-1.55332316756417
"PINCR",-1.55535995377998
"PKMP1",-1.55641983570393
"LINC01629",-1.55724877668015
"SPACA6",-1.55821302368046
"OR6S1",-1.55845833767014
"MMP24",-1.55868992418948
"OR51B5",-1.56002078209447
"ZNF433-AS1",-1.56035255732842
"PPFIBP2",-1.56452304049319
"QSOX1",-1.56601559958931
"LINC02038",-1.56614535265231
"CIROP",-1.56796638394887
"CD38",-1.57070076003011
"LRP1B",-1.5711287892913
"CDYL",-1.57157387398351
"PRRG3",-1.57484639573897
"CD81-AS1",-1.57536823659279
"PIEZO2",-1.57606046635705
"EEF1A1P50",-1.57795971777983
"TLDC2",-1.57842511256104
"TMTC2",-1.58011482846444
"THRB-IT1",-1.58115791401986
"RCCD1",-1.58143011051981
"METTL21C",-1.58751412477659
"LINC01378",-1.58843754845362
"SNX11",-1.58933296591421
"GK5",-1.59029286190895
"WBP1LP5",-1.59311135655596
"HDAC2-AS2",-1.59311542557081
"COX7A2",-1.59550324713909
"RNA5SP292",-1.59668315019298
"ZNF676",-1.59764523435126
"CHCHD5",-1.60010789425576
"THBS1-IT1",-1.60349841252736
"TMEM273",-1.60796601327674
"TMEM86B",-1.60808343248884
"C1QC",-1.60945796520555
"SCN5A",-1.61173889288743
"SRF",-1.61223124585022
"TXLNB",-1.61225106128436
"NPM1P48",-1.61299135344165
"ATP1A1-AS1",-1.61358498262509
"TENT4A",-1.61389985376095
"MYG1-AS1",-1.61446979365199
"HS6ST2-AS1",-1.61626211400658
"EAF1-AS1",-1.61694132797511
"IGSF22",-1.61884095501656
"CD44-DT",-1.62135768216857
"LINC02343",-1.62150107547131
"MIF",-1.62199852788617
"CCL27",-1.62241258213796
"SUSD1",-1.62247730646297
"RPL17P8",-1.62423167576512
"TPT1",-1.62536681598769
"USP30-AS1",-1.62636928338522
"ADAMTSL1",-1.6287488853278
"KHSRP",-1.63114525536809
"KCTD19",-1.63265488448983
"ST20",-1.63514849397007
"ADCYAP1",-1.63578899035994
"CLDN34",-1.63609851043322
"ZNF267",-1.63793813793447
"TPRA1",-1.6416125734
"SMARCD3",-1.64190242113699
"EZHIP",-1.6421274885731
"ZBTB46-AS2",-1.64278590934085
"ATP5MJ",-1.64366773552398
"KRT10-AS1",-1.64483861738927
"NOTCH1",-1.64524334699897
"RPL32P20",-1.64602385154203
"GAPDHP51",-1.64807999645429
"ATP5MC1P2",-1.65329723028418
"LINC01548",-1.65561375160814
"PC",-1.65585290441899
"DNAI2",-1.65682100155894
"MRPL17",-1.65697587980817
"NDUFB7",-1.65731774906282
"STAM2",-1.6584932501853
"S100A16",-1.65915226042079
"CARD14",-1.6598040085411
"DNPEP",-1.66085900404992
"DPH3",-1.66286034695965
"IL18BP",-1.66398660488974
"EPHX4",-1.66473737336389
"SIX5",-1.66502126863784
"THBS2-AS1",-1.66689892883018
"FAM210B",-1.67083897309087
"ZFP69",-1.67144752824376
"RPL7AP42",-1.6733605761182
"RIPOR1",-1.67581211475255
"SEC14L5",-1.67778346943724
"GTPBP2",-1.67931561466188
"LINC02128",-1.6816109068349
"FAM72A",-1.6821810358008
"APC",-1.68450018004371
"TCF7L1",-1.68631392649256
"TBCAP3",-1.68876609313132
"MIR5692C1",-1.69050509502301
"ADAMTS7P1",-1.69143758203651
"PBX3",-1.69312878865831
"PARP14",-1.69710174084859
"RPL26P9",-1.69871161178263
"SERPINB12",-1.701641999786
"FOXD4",-1.70172689799413
"YBX1P10",-1.70353420851567
"SETDB1",-1.70561233686909
"HNRNPUP1",-1.70624508615494
"SRGAP2C",-1.7072916998282
"LINC02990",-1.70811668533126
"KCNH6",-1.70822728973801
"PSMC1P5",-1.71031363413098
"LINC01003",-1.71037729474872
"KLF11",-1.71054314573921
"ZNF433",-1.71243715791378
"ADCY7",-1.71259496658731
"ABHD12",-1.71266876209446
"RPS24P12",-1.71270950745022
"MEF2C",-1.71367259248101
"OSBPL1A",-1.71471443137162
"DNAJB5-DT",-1.71540679561662
"CTCF-DT",-1.71722505308708
"PLA2G2C",-1.71750105689791
"RPS4XP19",-1.71817907034889
"ATP11A-AS1",-1.71832983059034
"PCBP1",-1.71852312690129
"HSCB",-1.71868296817296
"FAM120A",-1.718697089359
"TMEM131",-1.72025206770065
"MACROH2A1",-1.722347253342
"PROX1",-1.72517300224997
"DNAH9",-1.7258707232539
"LINC02242",-1.72696217447113
"RPSAP3",-1.72760438008226
"OR5H7P",-1.73027242016682
"PDGFRB",-1.73111157035249
"MYBPC1",-1.7311386401554
"AMDHD1",-1.73125832207166
"TRUB1",-1.73227126362668
"ZNF579",-1.73232616759757
"AGAP10P",-1.73506599782126
"RRAGC",-1.73640562957958
"SERPINB8",-1.73657338812804
"HNF4GP1",-1.73714126494579
"MIR6728",-1.73770026679859
"SLC6A1-AS1",-1.73779875984028
"GNA13",-1.7414760445389
"TLCD5",-1.74301083522995
"TXNP4",-1.74395826231682
"ZDHHC20",-1.74571883552945
"CDC42P1",-1.74877769780999
"VDR",-1.75037949676126
"SPOPL-DT",-1.75210150435893
"ITGB2-AS1",-1.75489244278075
"MIR212",-1.75591580589794
"MEP1B",-1.75673496593403
"LSS",-1.75770442982519
"ZNF319",-1.76001581075446
"RPS7P11",-1.76347911085011
"AQP5-AS1",-1.76985020731054
"F13A1",-1.77021735767469
"CES3",-1.77025156853397
"LINC02724",-1.77249613728695
"BTBD9-AS1",-1.77344439981635
"HAAO",-1.77505049260853
"LINC02404",-1.77534224701379
"POU5F1P6",-1.77714397104878
"HCG22",-1.7773265152744
"EPG5",-1.77763765557339
"LDLR",-1.78091429030735
"LINC01116",-1.78138409576184
"MSANTD3P1",-1.78144778561682
"CACNG7",-1.78244805730884
"TYR",-1.78575110089376
"C8orf48",-1.78578962877208
"LINC00887",-1.78617466290149
"MTND6P18",-1.78698649763246
"AMZ1",-1.78730273648165
"MIR620",-1.78790153544685
"OR5C1",-1.78803573281473
"SDCBPP2",-1.78949442658733
"MIR4725",-1.78994343462927
"PDAP1",-1.79078010219515
"RCC2-AS1",-1.79119653247484
"IGIP",-1.79357432709047
"HNRNPA3P10",-1.79526948740467
"KCNAB1",-1.79714471909523
"PRB4",-1.79738584024033
"LINC02801",-1.79953163528012
"LTA4H",-1.80026333109449
"HIVEP1",-1.80041027403389
"UBA52",-1.80067807546174
"TSPEAR",-1.8019057721081
"CENPX",-1.8022978687506
"ELOB",-1.80318325107016
"SIGLEC18P",-1.80599782375993
"THUMPD2",-1.80602078502664
"IFI44L",-1.8084365914911
"CLIC1",-1.80983905175333
"C3orf80",-1.81026979615649
"ADCY3",-1.81046917828416
"CFAP157",-1.81055595281296
"RNU6-100P",-1.8113742648968
"TMEM30BP1",-1.81289082573321
"C11orf68",-1.81357154172744
"TRIM7",-1.81429941933787
"SEMA3A",-1.8146332071603
"ETV6",-1.81895374998053
"MT-RNR2",-1.82024478297877
"TOB1-AS1",-1.82223779501925
"MTLN",-1.82387107685657
"LINC02057",-1.8241524321118
"TTC9C",-1.82423190575608
"NAT16",-1.82629273454712
"FDXR",-1.82731779743011
"CILP",-1.82773256581162
"CBLIF",-1.82811374073485
"KRT12",-1.82829850811156
"RNU6-125P",-1.82959475850142
"LRRC4B",-1.83469545462441
"TCEAL8",-1.83763362696852
"BAG6",-1.8378121941524
"ANGPTL4",-1.83934550942362
"GAPDHP38",-1.84079454771375
"MAP3K11",-1.84174517485261
"LRP12",-1.84434503001623
"RNU4-1",-1.84925141443869
"PRKCE",-1.85158148185074
"HIKESHIP3",-1.8557796981561
"CLN3",-1.85579231527105
"VSIG4",-1.85782205472002
"TEN1-CDK3",-1.85804848259139
"RDM1P2",-1.85902993418015
"LRRFIP1P1",-1.86105160529997
"SPART-AS1",-1.86284060429894
"RPL39P3",-1.86353076367461
"IMPDH1",-1.86438759006121
"MGAM2",-1.86634393815894
"MPDZ",-1.87138781280873
"USHBP1",-1.87149505707945
"COL2A1",-1.87285150140742
"WDR11-DT",-1.87501032351936
"RNU4-51P",-1.87654354470224
"SLC12A9",-1.87860621364473
"LPCAT1",-1.88159026223347
"RBMS3-AS2",-1.88459734374542
"SAMD4A-AS1",-1.88491352660592
"GIMAP4",-1.88580736237642
"DUSP23",-1.8859605288347
"RNU7-133P",-1.88809602570339
"OR1F1",-1.89078401016334
"KLK8",-1.89587263632187
"EIF2AK1P1",-1.89618995583737
"DHCR24",-1.89689162335072
"PLA2G4F",-1.89691414172765
"GNG5",-1.89749888614825
"TMC5",-1.89764732738809
"LYL1",-1.89857645385104
"RGS19",-1.8991003750208
"ZNF706",-1.89959240408576
"VN1R104P",-1.90051724187174
"NCAPH2",-1.90288414265488
"PECAM1",-1.90314963680243
"ZNF503-AS2",-1.90384017847214
"RN7SL769P",-1.9041662579358
"CLDN1",-1.90421599680546
"KLHL17",-1.90612767952218
"RPL35AP28",-1.90641803972978
"RNY1",-1.90758790409985
"ANKS1A",-1.9075999662024
"MPDU1",-1.90806922297919
"KCNK7",-1.91025418205961
"NTNG2",-1.9119759495922
"TTF2",-1.91240851977995
"CDC42EP4",-1.91266304782939
"LINC01023",-1.91346803022072
"RNA5SP409",-1.91437635587585
"TPCN2",-1.91544480331597
"C4BPA",-1.91672229111666
"COPS9",-1.91892515027529
"KIF24",-1.92096851728937
"TBX19",-1.92194134891069
"TAB1",-1.92321074668776
"DNAH2",-1.92347377575601
"PHKA1-AS1",-1.9241239422872
"LHB",-1.92623674521926
"DICER1",-1.92801966303583
"TAL2",-1.92982758455065
"CRNDE",-1.93116123188933
"CNFN",-1.93636040249503
"TTC8",-1.9364716317243
"RAPGEF1",-1.93971579027439
"BVES-AS1",-1.93989305304049
"AOAH",-1.94093744233293
"LINC01786",-1.94136133051783
"TSPAN7",-1.94416158858418
"SFR1",-1.94506517739568
"TRBV8-2",-1.94622676870627
"GRAPL-AS1",-1.94627797078868
"NAGLU",-1.94774459613123
"TNK2-AS1",-1.94775173963593
"PARP12",-1.94933744353936
"POLR2L",-1.94950223455451
"MCTS1",-1.94997331366979
"HNRNPA1P15",-1.95101193344271
"CRAT",-1.95149013340461
"TCEANC",-1.95623403064654
"SAR1AP3",-1.95680310147163
"SPATA31E1",-1.95680310147163
"OST4",-1.95847533119739
"RNU6-6P",-1.96074773834289
"FAH",-1.96222114862865
"ZNF70",-1.96964403722476
"ENPP2",-1.9713047271659
"EPHA1-AS1",-1.97194320767482
"LINC02995",-1.97229969313685
"RNA5SP502",-1.97414451055887
"GOLGA8Q",-1.97972324846066
"NELFCD",-1.98011341147568
"UBL5",-1.98097730869943
"CCNO-DT",-1.98113713888722
"POPDC2",-1.98228705223295
"SHROOM3-AS1",-1.98489499556656
"FOXA2",-1.98576982953058
"SOX21-AS1",-1.98652946507613
"TBCAP1",-1.98723202768339
"MX1",-1.98820123447497
"TFE3",-1.99077092731158
"ITPRID2",-1.99348245776327
"EPCAM",-1.99967911388638
"RNU11-2P",-2.00001181560052
"S100P",-2.00461593704859
"KRT18P22",-2.00473530972213
"DVL2",-2.00615933178631
"HTR1F",-2.00726740003028
"CCDC71L",-2.01332798187902
"TBC1D7",-2.01493417951392
"SPAG5",-2.01534489917344
"ATP5MC2P4",-2.01619976594994
"EPHA1",-2.02135381102232
"SNORA70B",-2.02151262241364
"LINC00865",-2.02290104464338
"CREB3L4",-2.02367865004317
"TNS4",-2.02413795234027
"UVSSA",-2.02582422457443
"CCDC177",-2.02659856433749
"STX16-NPEPL1",-2.02921608855763
"KIF1B",-2.02952542524538
"CCDC51",-2.03009464861223
"GLUL",-2.03114383129763
"PODXL2",-2.03357448533144
"LINC01634",-2.03673684254302
"KLLN",-2.03781736180135
"SLC45A2",-2.03824289473281
"ZNF90",-2.0389191722705
"LINC02150",-2.04054096033611
"ACSM3",-2.04144631238046
"PTRH1",-2.04169996945286
"BRSK2",-2.04204748331684
"CCNJ",-2.04345174358498
"C2CD5",-2.04350642789929
"SPARC",-2.04473133531022
"SMIM9",-2.05376603265148
"MANBA",-2.05501017815234
"EIF4A1P7",-2.0558078367125
"ST8SIA5-DT",-2.0584850075964
"IGLV5-52",-2.05866776180268
"GATAD1",-2.06084581465228
"HTN1",-2.06129752625148
"IGFLR1",-2.06395843641057
"TPM4P3",-2.07019178631251
"ATG16L2",-2.07057809861308
"MIR4263",-2.07452605769694
"DNAH12",-2.07774847096129
"HMBOX1-IT1",-2.07864396423782
"DPYSL2",-2.08268703061109
"FBXL22",-2.08653957643512
"KCTD7",-2.09037460203342
"COX7C",-2.0918878035311
"LINC00376",-2.09465920709689
"LINC00240",-2.09719979141495
"PFDN5",-2.09769440077248
"TTC39A",-2.09902915174698
"ANXA5",-2.10193050690412
"EGFL6",-2.10209791388073
"CDKN1A",-2.10295700546477
"ATP1B2",-2.10584883473705
"LINC00927",-2.1058695819771
"PRELP",-2.10625287980305
"KRT18P57",-2.10769194422909
"COX6A1P2",-2.1087499082434
"KRT8P41",-2.10971601193584
"CPPED1",-2.10998365651869
"FCER2",-2.11127275657708
"LINC02365",-2.11275740533443
"SLC35G6",-2.11373322220433
"KRT18P33",-2.12001161754362
"MPHOSPH6",-2.12059143309436
"ZNF713",-2.12362431379223
"RNU7-41P",-2.1240862317952
"VAMP3",-2.12663718932115
"SLC22A14",-2.12669810434531
"TMEM79",-2.13311352061871
"RXRB",-2.13465071653729
"RPLP2",-2.14035623540479
"KLHDC9",-2.14085350710176
"MRPL35",-2.14142505057328
"LINC01506",-2.14187459241138
"TRAF3IP2-AS1",-2.14422908438981
"RNH1",-2.14600788423874
"IL17RC",-2.14688041533471
"ACTC1",-2.14755842210811
"RPL8P3",-2.1504175446845
"PIWIL4",-2.1508833722729
"PAK6",-2.15238387747368
"LINC01241",-2.15377287002803
"DYNLT4",-2.15561309090399
"C3orf33",-2.15942869056194
"TJP1",-2.15983926196987
"ZMIZ2",-2.16338352061634
"PCAT6",-2.16363150496282
"CD48",-2.16758408268981
"GSK3B-DT",-2.16762669247731
"LINC00842",-2.16913180946146
"AHCYL1",-2.17103500972388
"PPIAP7",-2.17256649888446
"SPTLC2",-2.17323671388245
"DLX1",-2.17497134927402
"ST20-AS1",-2.17545613617471
"RPL31P49",-2.17588930009469
"SCML1",-2.17699908349811
"NDUFV3",-2.1792906453754
"FBXL2",-2.18014853795013
"LINC01641",-2.18052525285541
"RPL36",-2.18054925243125
"MT-ND2",-2.18231460465296
"RMI1",-2.18291119910419
"MPZL1",-2.18866278450309
"RNU6-877P",-2.1899349805172
"TSPAN18",-2.19291259603946
"NOL3",-2.19326877301673
"PDE8A",-2.19546575939869
"CLEC18B",-2.19946361067856
"TMOD2",-2.20202385577937
"RPS24P17",-2.20765428877556
"TMEM214",-2.20777804863634
"OR13E1P",-2.20883633613406
"SLC6A20",-2.20905779826527
"CYP2C9",-2.20966775890304
"RABL6",-2.21177988501528
"USP12",-2.2131712742626
"NOTCH4",-2.21582385958789
"CTDP1-DT",-2.21897577046331
"SDF2L1",-2.22232064899194
"NALF1",-2.2228229207118
"ZFHX3-AS1",-2.22824276773125
"ZNF334",-2.23175022566951
"TM4SF4",-2.23464097264701
"ZYG11B",-2.23758585696687
"ZNF787",-2.23766871193358
"FXR2",-2.23794845412067
"NUP50-DT",-2.23814223711863
"OAZ1",-2.23918444187821
"LINC02363",-2.23991654979279
"UBXN8",-2.24038225189195
"MYPN",-2.24285764416217
"LINC02877",-2.24370158984217
"CANT1",-2.24582133638247
"MRPS21P5",-2.24688817722904
"BCYRN1",-2.24727286092797
"PPP1R15B-AS1",-2.24784440171485
"MIEN1",-2.25342345031624
"KNDC1",-2.25589633671333
"PKM",-2.25885835851902
"RHOA-IT1",-2.25963385121331
"MAD2L2",-2.26269634931582
"ARMC5",-2.26289107508482
"ENSAP2",-2.26668701542237
"ACKR2",-2.26926442194249
"HIVEP3",-2.27361468901147
"SKAP2",-2.27731792079947
"COX5B",-2.28218220403336
"SPEG",-2.28262365727487
"H1-10",-2.2826865517503
"SNRPF",-2.28397990833891
"SLC6A6P1",-2.28496657900463
"RPS15AP29",-2.28539395307545
"CBARP",-2.28686433049598
"FAM133DP",-2.29054706486783
"OR6B2",-2.29308988748152
"SVBP",-2.29544810810961
"SLC25A40",-2.29554309566463
"OAZ2",-2.29561524799527
"OR2H2",-2.2972532508005
"COA6-AS1",-2.30455628998952
"PCP2",-2.30536779911572
"POTEJ",-2.30547195684767
"THAP2",-2.30623103423903
"KDELR1",-2.30757036549205
"XPO7",-2.30990838676822
"RBMS3",-2.31058635551906
"OGFRL1",-2.31532039906978
"LINC00581",-2.31593355914895
"C2orf76",-2.3161589901451
"CREG1",-2.32063073380965
"LSM11",-2.32257120384943
"RPL26L1",-2.32348517866597
"WDR17",-2.3275312929572
"REPIN1",-2.32967326462982
"CLN6",-2.33132814804163
"KIF19",-2.33353648335616
"NNMT",-2.3389298514744
"IFIT1",-2.34085485501796
"ACTB",-2.34167582058251
"RNU6-805P",-2.34466555114468
"LINC00839",-2.34759842902273
"DCST1-AS1",-2.35691588329281
"CLIC2",-2.3601471711948
"PART1",-2.36145265626626
"PIWIL2",-2.36776346108133
"TMEM184C-DT",-2.37027321610623
"ADCK1",-2.37062989179667
"RPS17P16",-2.3800285549917
"LINC01410",-2.38011258341003
"CD44",-2.38054746473003
"POT1",-2.38185909304678
"PLSCR1",-2.38264502401499
"SIGLEC10-AS1",-2.39191112297752
"CCDC125",-2.39286823648967
"GCK",-2.39394721659132
"HPF1",-2.39550426240101
"UBE2F",-2.40190235039808
"PLEKHG4",-2.40304702838662
"SPTBN4",-2.40478836053944
"KCTD17",-2.40761804822454
"RANBP17",-2.40835635424523
"MIR503HG",-2.41170607151952
"CPB2",-2.41333673126486
"RNU4-88P",-2.41401439519249
"DSEL-AS1",-2.41523185056739
"CFAP221",-2.41576574760462
"DPM3",-2.41664315206983
"BHLHA15",-2.41703795423032
"VSIG2",-2.41712195401263
"MIRLET7A1HG",-2.41885800736558
"NFKB2",-2.41897062328638
"FRS3",-2.41955232870338
"ILRUN-AS1",-2.42320760959072
"DOCK6",-2.42409724404322
"NEURL2",-2.42591280166947
"GATD1",-2.42760381640708
"PDC",-2.42852038065783
"MRE11P1",-2.42872404919211
"MTIF2",-2.43230419767609
"SMG1-DT",-2.43477569959552
"MALSU1",-2.43534617136722
"ACY3",-2.43661608291003
"TILRLS",-2.43742352209204
"LONRF1",-2.43896797425129
"SFT2D3",-2.43996737710364
"RLBP1",-2.44089045545137
"BRWD1-AS1",-2.44089045545137
"B3GNT9",-2.44163971389201
"LINC02241",-2.44744534572171
"RBP1",-2.44843734150834
"HDGFL3",-2.45149707900962
"ERCC8",-2.45717277193672
"PTGR1",-2.4577759534707
"NALCN",-2.46007796267888
"RASA4CP",-2.46315623080627
"LIMK2",-2.46682005473999
"RPS3P3",-2.46842572161467
"ROPN1L",-2.46955587255777
"WSCD1",-2.4704270683072
"PLXND1",-2.47220189017699
"RAI1",-2.47818007595436
"KSR1",-2.48352109815896
"MATCAP1",-2.48524172463782
"LINC01076",-2.48771030075814
"EPB41L2",-2.49086635829428
"RNASEK",-2.49457439212682
"NANOG",-2.49806682487399
"DOCK8-AS1",-2.49890619312714
"PIGBOS1",-2.49927645687734
"LINC02136",-2.49992689312477
"SAAL1",-2.50064577869304
"RN7SL472P",-2.50066632753814
"AXDND1",-2.50599403892857
"MEOX2",-2.50639393679996
"ALDH16A1",-2.51007291610515
"MVB12A",-2.51073761877105
"ACTBP15",-2.51142584942503
"SLC12A8",-2.51187772770848
"NUDT1",-2.51216518665828
"CYB561A3",-2.51255040829458
"ANAPC11",-2.51529910615493
"G2E3P1",-2.51917352273268
"SLC66A2",-2.51920913956865
"DNAJA2-DT",-2.52001195453187
"TIMM8BP2",-2.52049029948278
"MIF-AS1",-2.52181944818918
"RAMP3",-2.52437992889718
"BST2",-2.52791752786439
"BTN2A2",-2.5313325165583
"LYPLAL1",-2.53704256329964
"SLC11A2",-2.5377954151402
"RNPEP",-2.53804873399625
"CSGALNACT2",-2.53881416959
"PPP2CB",-2.54121912155896
"KIAA2012-AS1",-2.5453657879793
"PSMB3",-2.54563931972818
"RANBP10",-2.54578759689086
"ERLIN1",-2.54595290875945
"DNAJB6P5",-2.54617196687122
"DEUP1",-2.54702676814229
"LINC02774",-2.5538203212965
"RNU6-1",-2.56041852754022
"PGR-AS1",-2.56156740454879
"NDUFAF2P1",-2.57160020864731
"SLC38A7",-2.57196042865193
"RPL5P5",-2.57728668084906
"FAM83G",-2.57949073932064
"NDUFB3",-2.5824562047792
"ENO3",-2.5825888755334
"ARL11",-2.5829028183701
"RNU7-11P",-2.58759662068095
"ECM1",-2.58767086365653
"HIP1",-2.5900946747454
"CHML",-2.59225368700835
"LRRC42",-2.59292725550227
"CABYR",-2.5940126467909
"TCIRG1",-2.59621331327272
"CMPK2",-2.59699960743038
"RPSAP20",-2.59787681959064
"PAQR9",-2.60030225232488
"POLR2J",-2.60266815228109
"UBE2Z",-2.60740550870024
"LIN7B",-2.60901632384803
"FRGCA",-2.60921328287042
"TF",-2.61147039039963
"FAM66B",-2.61257393896827
"COX17P1",-2.61351471232544
"FLVCR2",-2.61414384797086
"MYG1P1",-2.6142476160053
"DES",-2.61545194184426
"ITPR2",-2.61627831724542
"STEAP3-AS1",-2.61739078086966
"CA13",-2.61775794322904
"GSG1",-2.61893938837255
"ZFP92",-2.62177533126343
"RNU5B-2P",-2.62197496894421
"RPL35P2",-2.62206477894793
"RPL21P76",-2.6228784196909
"AGTPBP1",-2.62395032757262
"TP53AIP1",-2.62411513552571
"RNU6-194P",-2.62490351867278
"LINC02732",-2.62501183106491
"MX2",-2.62766905723391
"DDTL",-2.62917184273447
"NPM1P49",-2.63171430043352
"SLC13A4",-2.6344216372406
"LINC02013",-2.63463253734533
"BBC3",-2.63646846391561
"GNGT2",-2.6421102786063
"LATS2",-2.64244733472003
"RNU6-441P",-2.64668725228238
"RHOB",-2.65084001177222
"KDELR3",-2.65321478042538
"MIR4497",-2.6571522219082
"STK32B",-2.66238813381162
"NBPF14",-2.66358339047198
"ARHGAP19",-2.66593416854122
"SAV1",-2.66953045218742
"OR10AE3P",-2.67059892245276
"MRLN",-2.67206382488261
"LIMS1-AS1",-2.67241180598291
"CYCSP34",-2.67293740177101
"RN7SL440P",-2.67435993729319
"CEBPB",-2.67495796137754
"MTATP6P5",-2.6798213658891
"UCHL3",-2.68083581230217
"KCNIP1-OT1",-2.68269432086391
"RUSC1",-2.68381645844278
"RNF227",-2.68807117110018
"RTP4",-2.68880479467729
"TYRP1",-2.69926873340283
"LINC01505",-2.70333221099802
"WRN",-2.70358501775789
"KCTD2",-2.70397268405672
"EXTL3",-2.70468087379599
"NPS",-2.70638086539469
"MAPK6",-2.70705924328444
"FGF7",-2.70870498022478
"CAVIN1",-2.70970087117769
"CLCA4",-2.71169160686298
"LSM3",-2.71221159210892
"FAM192BP",-2.71333609404449
"RSPH10B",-2.71548972987265
"TICAM1",-2.71724665222437
"SRSF9P1",-2.72306893905761
"GPR21",-2.72326549928079
"KANK2",-2.72381147834927
"LENG9",-2.72658303893187
"TRAIP",-2.72771245495564
"OR5BJ1P",-2.7308887933769
"ZFP3",-2.73438263232248
"LINC02328",-2.73983284703049
"RN7SL285P",-2.74120265998806
"FBXO27",-2.74352209687604
"MELTF-AS1",-2.74460851206073
"DYRK3-AS1",-2.74775396110545
"OSTCP1",-2.74823304041825
"FCHO2",-2.75031603410042
"CCDC74B",-2.7551415342295
"NPM1P42",-2.75882999870013
"PCDH11X",-2.76629403507383
"TMPRSS11E",-2.76957082275957
"TTR",-2.77118327798412
"MAST2",-2.77137583471378
"CLMAT3",-2.77528329506444
"LINC02734",-2.77572781069481
"ATP11C",-2.78052744587141
"ADGB",-2.78735448539799
"BEND5",-2.7879511292511
"HNRNPA1P26",-2.78997888662102
"ZRSR2",-2.79172961277189
"BCL10-AS1",-2.79291833924743
"DISC1",-2.79518942828674
"PTCHD3P1",-2.7961293466107
"LINC01635",-2.79866833305389
"CGNL1",-2.80542614657014
"ANXA2P3",-2.81667831727157
"PPA1",-2.82312520317072
"AGAP9",-2.82358235633092
"SCPEP1",-2.82365723202174
"UBE2QL1",-2.82656329908331
"DENND3",-2.82776357553648
"PLEKHM2",-2.8296618040875
"CLTCL1",-2.82973711205868
"TMEM45A",-2.83148170932855
"ZNF425",-2.83803959181784
"RPL37A",-2.83881684860078
"FGGY",-2.84058315256706
"DNAJC19P5",-2.84218246935667
"MYOT",-2.84314848200818
"LACC1",-2.84616488775898
"RPS23P7",-2.84916729925656
"EVI5",-2.85007793100022
"TUBAP2",-2.85671434199564
"RPS12P3",-2.86302242768947
"ABCD3",-2.86358196444705
"DGCR6",-2.86404717676573
"RDH12",-2.86500800358953
"PDPN",-2.8671524951695
"SMO",-2.86836146264104
"ANGPT1",-2.87108010357904
"PPIAP71",-2.87350226566611
"RPS19P7",-2.88121754722612
"GABRE",-2.88269982853011
"RPL21P14",-2.88406745266581
"CLEC18A",-2.88861911315099
"SLCO1A2",-2.8901969811758
"KRT126P",-2.89096986936689
"NDUFS6",-2.89278900476257
"LINC02405",-2.89384563310401
"PPFIA1",-2.8946407460225
"BACH1",-2.89570419695144
"ATP11A",-2.89675244808069
"HHIP",-2.90568970903183
"LINC02869",-2.9056993771231
"LGALS12",-2.90898377374724
"NRIP3",-2.90942458768478
"GPER1",-2.91349538819057
"LDHAL6B",-2.9135527837641
"THAP8",-2.91822706869039
"GLIS3-AS1",-2.91847943779523
"COL19A1",-2.92017053439714
"NAA38",-2.9207951682735
"OXSR1",-2.92120964852595
"ADRA2B",-2.92480729887879
"OLFML2A",-2.92566151021626
"LTF",-2.92782175289442
"FBXO41",-2.9294364422105
"AP1AR",-2.93241535306452
"MIR5188",-2.93288037869915
"CASD1",-2.93469112239811
"PROSER2-AS1",-2.93599250429843
"LINC01287",-2.93810708165173
"CHI3L1",-2.9392809269912
"ME1",-2.93952655454235
"SLC27A1",-2.93982376044911
"SLITRK2",-2.9408222126675
"CASP1",-2.94205078728814
"SMCR8",-2.94429997115162
"RPL17P5",-2.94435208169736
"ACTBP7",-2.945603096213
"PLA2G4C",-2.94854951389668
"CAMKK2",-2.94960181379744
"TRDN",-2.95101173006316
"SCEL",-2.95560105014148
"APOL2",-2.95744708047017
"ILF3-DT",-2.96173102648243
"GNG5B",-2.96232136620874
"MLLT1",-2.96619063975136
"LINC01905",-2.96765948836886
"BSN",-2.96886003149766
"RBMS1P1",-2.9698839854369
"RB1",-2.97164355610148
"MYO9B",-2.97359680136039
"IL15RA",-2.97432116312814
"VPS50",-2.97550869718226
"CD83",-2.9795679725969
"SP7",-2.97995488684243
"ALCAM",-2.9810349084231
"LINC02779",-2.98511321555452
"H3-3A-DT",-2.98694302838496
"PRR14",-2.98959087314367
"PEBP4",-2.98975493052065
"SH3RF3-AS1",-2.99463166841702
"RNASE6",-2.99737954931713
"EXOC6B",-2.9992586311509
"LMAN2L",-3.00081243185556
"ADGRL1",-3.00248178105224
"ATXN7L3",-3.00578689456317
"RN7SL385P",-3.00694665755
"GGTLC2",-3.00713912788151
"CD163L1",-3.00816802977302
"VAC14",-3.0090761635696
"GK-IT1",-3.01111984913366
"FCF1P7",-3.01492237493792
"SOWAHC",-3.01520800645422
"PUS1-AS1",-3.02017306486714
"MFSD4B-DT",-3.02086998133595
"RNU7-30P",-3.02351685375474
"ATF7",-3.0248595934578
"QKI",-3.02706351474582
"CBARP-DT",-3.02832631653034
"MIR548Z",-3.03046158405825
"RN7SL352P",-3.03229545707754
"BCAN",-3.03473701059643
"RPL38",-3.03571856184877
"LINC01094",-3.03633484269005
"LRRC28",-3.04178658037356
"USH1C",-3.0442287458796
"RAB40A",-3.04434043787979
"SLAMF9",-3.04554724992478
"DNASE1L1",-3.04608257368374
"IGKV2-26",-3.04993438955577
"RHBDF2",-3.05338641991538
"CHRNA10",-3.05375673649171
"CLLU1",-3.05633677730247
"GBX1",-3.0597247827161
"RBKS",-3.0650078953946
"RNU6-196P",-3.06694979192111
"TRIP12",-3.06886210264443
"SYCP2L",-3.07066409002568
"GRAMD4P4",-3.07094236992629
"GNRH1",-3.07600746693154
"RPSAP53",-3.07699562653132
"LINC02609",-3.0843232870344
"FLNA",-3.08567189104696
"TRAPPC14",-3.08846246729249
"TSPAN8",-3.09169630224543
"RUNX1",-3.09202514938169
"TRPV4",-3.09263860601541
"COA6",-3.09480737223821
"MMP24OS",-3.09643704930312
"SLC31A1",-3.09780132517897
"TMEM256-PLSCR3",-3.09806196832287
"EGOT",-3.09819369519779
"LINC02616",-3.09904308714316
"ITGB8-AS1",-3.10042949932329
"MGST2",-3.10068535824435
"PARAIL",-3.10784952071405
"SULT2A1",-3.11040687647647
"DAP3P1",-3.12229670655468
"AADAT",-3.12431700560974
"GOLGA6A",-3.13017071484683
"ANXA4",-3.13315332730697
"NPM1P32",-3.13505550625968
"EFEMP1",-3.13566831083513
"MAP3K6",-3.13945096800454
"LINC03122",-3.1403724455461
"GSTP1",-3.14676418703591
"GTF2A1-AS1",-3.15002188118486
"METTL27",-3.15326549890377
"FKBP1B",-3.15448146380467
"RPL21P90",-3.15802838047857
"LINC02175",-3.16068013883808
"USF2",-3.16240301245071
"CALML3-AS1",-3.16242904091899
"RBX1",-3.17046200868258
"RPL31P36",-3.17363294687216
"RN7SL328P",-3.17419432204214
"RNU6-1208P",-3.17453117952312
"PPIAP90",-3.17461867286677
"RELN",-3.17631168471529
"TMSB4Y",-3.17729877488636
"NFKB1",-3.17782203859371
"ZSCAN9",-3.18341633421839
"PPP1R9B",-3.18646986992279
"TRPM5",-3.19469402091804
"DPYD-AS1",-3.1963512190314
"HSBP1L1",-3.19695878646842
"PXDC1",-3.19877399783432
"ZSWIM7",-3.2037445001839
"SELENOOLP",-3.21100448322982
"MORF4L2-AS1",-3.21110663449575
"ZNF217-AS1",-3.21259676271187
"FOXD1",-3.21405045739974
"IQCE",-3.21691891286755
"LINC02576",-3.2173742284743
"PLVAP",-3.22266471531959
"PMFBP1",-3.22450105901147
"MATN3",-3.22838420645733
"HMGB3P14",-3.23754391348551
"KRT27",-3.23979922839463
"DLX2",-3.25986465565866
"RPS9",-3.26171418581364
"RN7SL89P",-3.26257039684759
"CIC",-3.26334328458706
"STMN1P1",-3.26343571225311
"SGK3",-3.26409450369013
"MIR4477B",-3.26781224289113
"MAPK3",-3.26978782598378
"RN7SL113P",-3.27180078660665
"ASF1B",-3.27530423835988
"CABLES1",-3.27727662563521
"LINC01254",-3.27739886812167
"FOLR1",-3.28212103827153
"DIP2B",-3.28254121176631
"MIR7106",-3.28265776147724
"CFL1P3",-3.28326207623088
"SLC27A3",-3.28520022874144
"SNORA5A",-3.28572830245604
"LINC01688",-3.29771606171379
"PNMA5",-3.29918268124896
"RHOQP2",-3.3006585007978
"ZBTB10",-3.30174178374924
"TMEM192",-3.30278203178101
"LIMS1",-3.30350656863858
"PPCDC",-3.30895810357713
"SSTR5-AS1",-3.31115544843226
"TTC21A",-3.31901645207118
"LINC00482",-3.32384989675635
"ARAP1-AS2",-3.32471959046114
"TLN1",-3.32722763627578
"MTATP6P1",-3.32725804797968
"VIL1",-3.32806414080194
"GSTZ1",-3.32971156991001
"FNDC11",-3.3301890521997
"LYPD3",-3.33401563256773
"RNU6-1005P",-3.33405785948748
"GADL1",-3.33474964222304
"PAPLN-AS1",-3.33674308694964
"RN7SKP37",-3.33811555124173
"LPA",-3.34161183666559
"PLK5",-3.34260060457033
"ASMER1",-3.35067360695019
"SLC25A5P7",-3.35580803781826
"APC2",-3.36457932446621
"LY6E",-3.36464026071248
"RPS14P5",-3.36524627868572
"NEK3",-3.36701130483097
"LINC01779",-3.36772271321868
"SVIL",-3.36939351828561
"LINC00472",-3.37269383227219
"ZSWIM6",-3.37405660863378
"LY6G6C",-3.37674910370704
"MAP3K7CL",-3.379628631594
"PRR18",-3.38223914344025
"FMN2",-3.38801939850854
"POFUT2",-3.39363021155915
"NR0B2",-3.39563581749242
"LINC01405",-3.40050487409982
"CDC42BPA",-3.40064317119315
"WDR81",-3.40188927550671
"NRSN1",-3.40304488089174
"HLA-S",-3.40769653009926
"KLF17",-3.40966106479688
"CCR5AS",-3.41281000869113
"TEPSIN",-3.41647978625255
"CPNE8",-3.41683733474518
"BIRC6-AS1",-3.41845950819937
"TP53RK-DT",-3.42364691028635
"ZNF316",-3.42616098386587
"INSL6",-3.43364486705928
"UQCR10",-3.43737999868776
"RNA5SP194",-3.43795692022187
"HIGD2A",-3.43957008178206
"ACRV1",-3.44435466372973
"MTPN",-3.44456373784167
"SPINT1",-3.44581566930807
"SLX9",-3.44642059787853
"FDPSP3",-3.44728812083784
"IMMP1LP3",-3.45268584751599
"LNCAROD",-3.45741139430721
"RNU2-37P",-3.45778560160263
"HSPB1",-3.4579047448854
"LRAT",-3.46599146368494
"MT-RNR1",-3.46602770586163
"TACC2",-3.47312415573673
"ITGAV",-3.4732905802258
"MYRIP",-3.48776195471942
"PYDC1",-3.48776275354757
"UBBP1",-3.48911460683815
"EVA1A",-3.49035452564561
"KLF17P1",-3.49183075035392
"EIF5AL1",-3.49731884762068
"TMEM217",-3.49819962998652
"LINC02139",-3.49827103594602
"HHEX",-3.50130534798544
"GLI2",-3.50418629037925
"SAT2",-3.50645033003176
"CARM1",-3.51214623551614
"PSMB10",-3.51449910991362
"CLCN7",-3.51645502787203
"RPS12P32",-3.5222279089261
"SLC25A30",-3.53410185300658
"JTBP1",-3.54206264196052
"COMMD9",-3.54313858378699
"POLR3DP1",-3.54332989576584
"SLC6A8",-3.55114362509512
"PNMT",-3.55155181608635
"LDHAL6A",-3.55355963714649
"MCOLN1",-3.5540141634024
"PIK3R2",-3.55680100877868
"GLYATL3",-3.56296360300629
"ACSM4",-3.56484465006377
"RRAGD",-3.56763511574992
"SYN1",-3.56826448155051
"IPO7P2",-3.57014949726364
"MIR4752",-3.57659075792918
"SERPINE1",-3.57880131646867
"ATP13A2",-3.58361751594781
"TCEAL5",-3.5844556572244
"KCND1",-3.58695134188058
"DNAJC5",-3.59541540046572
"SELENOH",-3.60625728444828
"RERG",-3.60743193146311
"LPP-AS2",-3.6083773452198
"HMGA1",-3.60976337345498
"CDPF1",-3.61115430291867
"DPH1",-3.61205333563587
"HSP90AA3P",-3.61473246413987
"PTK6",-3.61519623975194
"PPP1R15B",-3.61699097405295
"MAPT",-3.61812924512394
"TBC1D22A-DT",-3.61935723464781
"ZNF341-AS1",-3.63168467449108
"SNN",-3.63206298284757
"GYPE",-3.63585483588129
"IGFBP7",-3.64123712694898
"TPM3P5",-3.64462446089927
"UTF1",-3.64537951494061
"IQGAP3",-3.64574603844134
"PVR",-3.65054337136815
"TGFB1I1",-3.6506150114856
"RNU7-12P",-3.65289252764342
"AKT1S1",-3.6736218358137
"TFCP2L1",-3.67504332278435
"SNORD3C",-3.67759132870431
"LINC01624",-3.67800473100667
"RARRES2",-3.67827230316869
"COX17",-3.67991715905087
"GLA",-3.68579050001911
"SLC45A4",-3.68692375716273
"ZFR2",-3.68848434035851
"GCAWKR",-3.69110043220538
"DYNLT1",-3.69167887432053
"CUX1",-3.69508431463129
"NDUFB2-AS1",-3.69837951120751
"NRM",-3.70180869526717
"GRAMD2A",-3.70234518195689
"NTAQ1",-3.70883358442091
"PDLIM7",-3.71091370980379
"LINC00703",-3.72338660714338
"TNR",-3.72495615069564
"PLS3",-3.73009215645169
"ATP6V0B",-3.73156795959164
"NR4A3",-3.73635415999885
"CLMP",-3.73809470146172
"RNU6-378P",-3.73925407761169
"PUS10",-3.74485711644649
"IFIT5",-3.7451263371972
"GBP5",-3.74542911890081
"CGREF1",-3.74579535856651
"PANDAR",-3.7465534870737
"ZIC3",-3.74827886240985
"STAT1",-3.75075030950488
"PTDSS2",-3.75129286254673
"HNF1B",-3.75138193375696
"GCNT1P3",-3.75412209421832
"RNA5SP201",-3.75829788113082
"ZNF641",-3.76272689089476
"ANGPTL1",-3.76929690943887
"CAMTA1-DT",-3.77568214203588
"MOB3B",-3.77749089554985
"IL6R",-3.78720465683685
"LINC00640",-3.78911175683631
"HAUS8",-3.78943269173712
"CAV2",-3.79048547281011
"SH2D4A",-3.79361743257972
"NDST2",-3.79962801379393
"STX11",-3.7998278298406
"GK",-3.80867947652962
"AKAP1-DT",-3.81186055384997
"SIGLEC6",-3.81480867320891
"NUPR1",-3.82293163454134
"RPS20P4",-3.82305275821911
"SMARCE1P6",-3.82751361286229
"EIF3IP1",-3.83185831979727
"SIDT2",-3.83668702652286
"CARF",-3.84272322141405
"RNU4ATAC11P",-3.84735070534481
"RNU6-667P",-3.84762578822573
"ATP5MGP1",-3.84853808676098
"HTT",-3.8504102773818
"TDRD9",-3.86447951427718
"SELENBP1",-3.8668752496303
"DDX60L",-3.87424465898934
"LRRC51",-3.87510339978917
"ADH6",-3.87853428922994
"INO80-AS1",-3.88114623729102
"LINC01752",-3.8829509185899
"UNC13A",-3.88984147896382
"FAM230E",-3.89117560212996
"UBE2E1",-3.89290535836615
"POLR1F",-3.89707525210249
"EIF3LP3",-3.89750508099969
"RNU7-45P",-3.90014620262259
"ZNF678",-3.90428536673928
"TNPO1P3",-3.90468907595313
"LINC01273",-3.90977153239604
"LINC01182",-3.91486522272065
"CCDC9B",-3.91671536484366
"LINC02799",-3.92958772174476
"TP53TG5",-3.93195945287308
"ERBB3",-3.93532669307627
"CPEB3",-3.93637112042226
"BYSL",-3.93939451779657
"MS4A4E",-3.9394053560894
"CHEK2",-3.94372988937258
"RPL6P31",-3.94545000816818
"STK3",-3.95067230439826
"PLGLB1",-3.95149812995496
"LINC01320",-3.95177786834378
"NACC1",-3.95305138377982
"TMEM187",-3.96127965325058
"SMIM26",-3.96815747850055
"ARHGAP27P1-BPTFP1-KPNA2P3",-3.96941075075372
"ZNF132",-3.97022266674238
"AGPAT3",-3.97211126485459
"MRPS24",-3.98041545874956
"MINK1",-3.98128451044168
"ACTBP2",-3.98182731299368
"CAMSAP1-DT",-3.98203298024393
"ATP6V1C1",-3.9825216373925
"CDH12P3",-3.98623136986745
"MAP3K13",-3.99809663028366
"IHO1",-3.99893254870883
"HNRNPUL2",-3.9998466138485
"OTUD1",-4.00093755942102
"RPSAP44",-4.0070669622873
"JRK",-4.00851729664675
"COX7A1",-4.01044152094226
"LINC03016",-4.01469864669416
"MB21D2",-4.01491375681949
"GALNT7",-4.02561389213164
"RRBP1",-4.0272090179025
"ITPRIPL2",-4.02893259724839
"CCDC184",-4.03141912567365
"EYA2-AS1",-4.03560295052635
"LRRC27",-4.03739256296246
"LHX9",-4.04389212546625
"JMJD1C",-4.04499851962951
"ZMYM1",-4.04863752931022
"DLL4",-4.0491812310964
"CA12",-4.04942144228265
"MTCO1P40",-4.05319650013924
"LAMTOR1",-4.05790161899344
"C1QB",-4.05803928612351
"RPL32P17",-4.06243525852607
"IP6K3",-4.07013371112799
"ARAP1",-4.07552240574726
"TM6SF1",-4.07719694065047
"PPP1R15A",-4.08031569272396
"OR7A11P",-4.08284120639196
"GBP2",-4.08651122866371
"PPARD",-4.08684066465519
"PDE6A",-4.08875712913628
"ZFPL1",-4.09486732291649
"YBX1P2",-4.09801797888422
"SRGAP2B",-4.0991789087782
"RN7SKP95",-4.09953518932439
"TUBB3P1",-4.10236310468435
"MIR30B",-4.11287978245132
"BDNF-AS",-4.12845858206278
"LRP3",-4.13149717160119
"RIPOR3",-4.1397382723954
"PET100",-4.14007743768826
"SNORD82",-4.14123918682134
"IL1RAP",-4.14893808819777
"BLACAT1",-4.14964971950449
"AKAP13-AS1",-4.15650396955154
"PLD5",-4.15876461119339
"TMEM63B",-4.15998690924296
"TMEM258",-4.16050978840045
"LRRC4C",-4.16308647171882
"CHRFAM7A",-4.16862774972988
"LINC02803",-4.16901986198113
"SAPCD2P1",-4.16915201681762
"RNFT2",-4.16970200299764
"FABP6-AS1",-4.17444817610491
"CLUHP11",-4.17573569366469
"RGSL1",-4.17788744442674
"RPL36AP41",-4.17869552831479
"SOX10",-4.1863282164885
"LINC02570",-4.18731213498474
"LGI4",-4.18968089745733
"MYL5",-4.1946809479169
"ANKRD27",-4.19734827476235
"NME2P1",-4.20655204657148
"IFI35",-4.20714230861024
"RN7SL362P",-4.21169283495162
"LINC02316",-4.21565730961294
"MPPED1",-4.21818124822799
"CYTH4",-4.22163132983657
"POU2F2",-4.22240190005089
"DDX39B-AS1",-4.22294477462769
"SLC45A1",-4.22763442573583
"SLC35B2",-4.2307418193855
"IDNK",-4.23191926429188
"RHEBP1",-4.23314678843418
"OR4F29",-4.24282111786763
"MTMR10",-4.25015021397255
"YWHAZP5",-4.25568800732429
"ADPRHL1",-4.25802896019548
"ITIH5",-4.25847177900508
"KMT5AP2",-4.26722649368705
"HYMAI",-4.27072374171021
"ZC3H7B",-4.27226413798801
"SEC61G",-4.27320139778946
"C1QTNF7",-4.2771494024132
"EDEM2",-4.27721149653247
"IQSEC1",-4.28015070911372
"NAV2-AS5",-4.28297725598868
"SLC50A1",-4.2857823550575
"PLCD3",-4.29302760103719
"MTND3P12",-4.29904388918887
"SELENOO",-4.30695101139075
"RTL8C",-4.31677857527428
"NEK6",-4.31919384690845
"SCARB2",-4.32540943729284
"RPL36P13",-4.33082522366678
"KRT8P46",-4.33279713218718
"CCL20",-4.3355729132855
"NDUFA4P1",-4.33932829939809
"SNORA20",-4.33970164227276
"PALM2AKAP2",-4.34223374290178
"CSK",-4.34273295230538
"RN7SL131P",-4.36138697690078
"PHLDA2",-4.36325045979804
"SFXN5",-4.36431925564688
"SNX8",-4.36774013315479
"FOLR2",-4.37020235103244
"NXN",-4.37673044744042
"SMCR5",-4.38238238563833
"ATG7",-4.3856797581239
"HSPA4L",-4.39545227866288
"ARHGAP31",-4.39562895013739
"RPS28P7",-4.40409721404506
"MAN2A1-DT",-4.40626496946942
"PSMC3IP",-4.4079180693551
"RPL36P8",-4.40896425632399
"GPR42",-4.41469890015664
"SPAG9",-4.41631278184493
"MTCL2",-4.41727867523075
"DBNDD1",-4.41897380095208
"LINC02894",-4.42002765009584
"DOC2A",-4.42187962614541
"CDC42EP2",-4.42209469080572
"C8G",-4.42292733339743
"KCNMB4",-4.42666010537075
"VEPH1",-4.43240203295404
"MTA1",-4.43297173951803
"RNU6-652P",-4.4346567630487
"SLCO1C1",-4.4388376309486
"ARHGAP27",-4.44030108175259
"TRAPPC3L",-4.44217469298802
"MCRIP1",-4.45236797254457
"RGL2",-4.45294318538725
"GPRC5B",-4.45528856804794
"SMPD4P1",-4.45954834405914
"KRT15",-4.4656573783157
"GALNTL6",-4.46704975603356
"RAD51AP1P1",-4.46977720301999
"HLA-DOA",-4.47320285995298
"ARSI",-4.47567531938123
"LGALS9DP",-4.4816591607664
"TRIM63",-4.48319482739896
"ZFAND3",-4.48782516918084
"SLC16A10",-4.48848384226203
"CBS",-4.49591801314753
"CPVL-AS1",-4.49722541312129
"NR1H3",-4.497900234888
"DPY19L3",-4.49828869084469
"RNU6-610P",-4.50037499430161
"RNF141",-4.50221213585556
"POTEG",-4.50234784890929
"SNORD3B-1",-4.5042367933541
"SPATC1",-4.50619884147066
"KRT36",-4.50779645574888
"LINC02983",-4.51035419502243
"KANSL1L",-4.51737917176324
"LINC02458",-4.52929196360326
"APLP2",-4.53152396951963
"LINC01877",-4.53715313529247
"GARNL3",-4.53921879631122
"PLOD1",-4.547266047617
"LINC01792",-4.5491930299101
"SRPX",-4.5515279471215
"OSTCP4",-4.55230902941971
"RNU6-91P",-4.56358515232971
"MBTPS2",-4.56574052567395
"LPIN2",-4.57000906828062
"MYO1F",-4.57850906904781
"SPP1",-4.58182111919664
"RNU6ATAC42P",-4.58192491648427
"HOXA1",-4.58195220137064
"LGALS3",-4.58909008603535
"AQP1",-4.60414253598913
"H3P16",-4.60976239875072
"PRSS33",-4.61249131980279
"ENTREP1",-4.61358674276709
"SGCD",-4.61706149726873
"RPS2P1",-4.61848073501415
"RP2",-4.62292207941513
"ROPN1",-4.6249648382885
"MC2R",-4.64050649103406
"KRT6A",-4.64082321326345
"NUDT16",-4.64197901205488
"MT-TG",-4.64691586919109
"NBAT1",-4.65291666982956
"TMEM208",-4.653602509324
"CR1L",-4.66013631175966
"PARP11",-4.66311781892824
"IFITM3P4",-4.66810935605833
"TMEM26-AS1",-4.67421651260458
"GPX4",-4.67526421756708
"SMG9",-4.68027984022726
"SEPTIN4-AS1",-4.6809205184474
"PCBD1",-4.68498178803267
"NPNT",-4.6897301842441
"PHKA2-AS1",-4.69002977208959
"GPSM3",-4.69477577116401
"MARCKSL1",-4.69505476325678
"LINC00954",-4.69738079163103
"PDLIM5",-4.70217866316487
"RNY4P7",-4.70476110565577
"GLRX",-4.70609442495558
"PLAAT4",-4.70723582614469
"PPP1R18",-4.71249017929255
"RNU6-1095P",-4.71336333479911
"OXCT2",-4.71412732730528
"OR51A7",-4.72182482441464
"FCHO2-DT",-4.72191069986891
"JARID2-AS1",-4.73639525033172
"GAS6-AS1",-4.74843627655086
"RNU6-302P",-4.75027867837706
"ADAM32",-4.75125432382372
"JAK2",-4.75301138345364
"MAFG",-4.75389428198053
"RAC1P2",-4.75532104182181
"LINC01322",-4.75681815068783
"TACR2",-4.7576533398912
"TYK2",-4.76354166357519
"MIR1208",-4.76473161220765
"GOLGA8CP",-4.76903697623929
"MEGF9",-4.76970164562668
"FAM27C",-4.77268056874275
"GAPDHP14",-4.77269871730121
"SOX13",-4.7773364047263
"SRGAP2",-4.78014032845515
"RN7SL382P",-4.78666277911886
"LINC02974",-4.79799548432251
"ATP5PD",-4.7984375257469
"VIM",-4.80175637989602
"SRD5A1",-4.80580838948449
"PREX2",-4.80683345715337
"EEF1A1P32",-4.80812382293403
"KBTBD7",-4.81069426462344
"MTCO3P23",-4.81225537120359
"FIRRE",-4.81685318700846
"TCHH",-4.81935242667134
"KRT37",-4.82889269147039
"SIGLEC12",-4.82951464307458
"TNFRSF1A",-4.83505259090176
"PLPPR4",-4.83622773497741
"GAB2",-4.83835281766142
"BANF1",-4.84800261914803
"UCA1-AS1",-4.85185163290224
"JOSD2",-4.85388033199206
"OR2T12",-4.85415042291432
"CPXM1",-4.8705942802445
"LIPA",-4.87844137465681
"C11orf21",-4.880413564211
"SYT15",-4.8819981558174
"TMEM51-AS2",-4.88579581365075
"CIMAP1A",-4.88721965726281
"KNG1",-4.88831673425601
"UBE2R2",-4.89015055479363
"ANKRD33",-4.89341575552938
"TTYH3",-4.89675864955485
"NOX4",-4.90156789009204
"METTL25B",-4.90858559408839
"SHC3",-4.91507270516083
"MPP3",-4.91996728993008
"NOTCH2",-4.92128404129081
"FAM163A",-4.9243758911923
"CCL21",-4.92856538846395
"RELT",-4.93229998571556
"TIMM8B",-4.93272118576864
"COX7CP2",-4.93584164239984
"KCND3",-4.93737597605127
"OR2V2",-4.93834808393437
"RPS24P8",-4.94393111166014
"RAB41",-4.94697361171807
"ROPN1B",-4.94881277884866
"PRRT2",-4.94990781003915
"RN7SL338P",-4.95220752697192
"CCNA1",-4.95304419322936
"LINC01610",-4.96530936515706
"DPP6",-4.96690732199382
"ETS2-AS1",-4.96734596024376
"SRGAP1",-4.97846422426224
"RNU6-574P",-4.98792514386588
"PRDM6-AS1",-5.00047426811193
"NUTM2A",-5.00554739051171
"RGS10",-5.00561113117052
"H4C11",-5.01442994451967
"RPS27P19",-5.02296751007993
"RNU6ATAC24P",-5.02372238922407
"AFMID",-5.02404588255392
"DGAT2",-5.03941605624535
"EIF4EBP1",-5.04708719872127
"PGAM1P6",-5.05274227343934
"HSBP1",-5.05330263977627
"DSG1",-5.08159690168684
"IFT74-AS1",-5.08824157953487
"ARHGAP26-AS1",-5.09098742587372
"IFITM3P1",-5.09344910575208
"ATP5MK",-5.09888674502205
"TMEM132D-AS1",-5.10317851312252
"SH3BP4",-5.11236850403443
"SREBF1",-5.11395454352674
"CTHRC1",-5.11477971918734
"ZNF214",-5.12077541524683
"LINC01376",-5.12151099124646
"SAMD9L",-5.12160864945569
"DNAJB1P1",-5.1256864229026
"ANO5",-5.13048236944195
"POLDIP3",-5.13739656931462
"WDR5",-5.1384578474068
"CASKP1",-5.13863318785956
"NOD2",-5.14194120470052
"USP43",-5.14394280745584
"TAF12-DT",-5.14862794846889
"FSTL3",-5.16250467950933
"GDPD1",-5.16453424887384
"DYM-AS1",-5.17271350872682
"HHATL-AS1",-5.17706006440544
"GSDME",-5.19230504340571
"POC1B-AS1",-5.20070322334055
"ADCY10",-5.2043191950268
"BNIP3P11",-5.20749196378481
"BCL2L13",-5.20820827851783
"SLC22A31",-5.20969864253958
"IGF2R",-5.22360259913224
"PSMB9",-5.22672479274982
"MICOS10P2",-5.22923245517531
"IL10RB",-5.23116212442187
"ROMO1",-5.23869695686122
"FBRSL1",-5.25080249227048
"ATP5MF",-5.2551640373861
"RPL36AP7",-5.25580134118437
"EPSTI1",-5.26143000619075
"MIR99B",-5.26656955368621
"MIRLET7E",-5.26656955368621
"BLVRA",-5.27308776467054
"UBE2L6",-5.27638428651038
"LIF",-5.28829971061604
"ALPK2",-5.29092189278786
"LYPD8",-5.30186517871805
"RNU4-47P",-5.30782611776008
"LINC03108",-5.30867859052967
"CEBPE",-5.31404670682433
"LINC02664",-5.32576917700779
"PTP4A1",-5.32875449383801
"KREMEN2",-5.32915788551582
"CLBA1",-5.33577777007941
"CTBP2",-5.33654542419065
"LINC00676",-5.33917953338375
"MCF2L2",-5.34704754897575
"MAGOH-DT",-5.3602534539676
"RN7SL404P",-5.3656355298434
"SIL1",-5.3726427157596
"RAD9B",-5.38181529797738
"AP3S2",-5.38546857057191
"SNX19P4",-5.38721200725338
"FUNDC1",-5.38903089118135
"GAS6-DT",-5.39412940407655
"SNORA80E",-5.40462086371259
"TPP1",-5.40491315008192
"TMSB4X",-5.40961223577207
"LAP3P2",-5.41571993740465
"XAF1",-5.42249973926762
"MAP7",-5.42566406441268
"NPSR1-AS1",-5.43451346038953
"FSTL4",-5.43875322833309
"MAPKAPK2",-5.43893824733739
"ZYX",-5.44136502905478
"LINC02766",-5.45129456878769
"CCNYL1",-5.45534597903899
"BMP1",-5.46206870817343
"TOM1",-5.46461559066709
"LYSMD4",-5.46527676526126
"RNU6-450P",-5.47567967951397
"RAB24",-5.47867066861163
"H2AC20",-5.47899616479611
"SERPINB1",-5.49029037694077
"USP32",-5.50082465152106
"USP19",-5.50374316696713
"SLC6A3",-5.50440765264143
"HBA2",-5.52711339442313
"LINC03022",-5.54422409676375
"INGX",-5.54588212676999
"SSTR1",-5.54644691332443
"CISD3",-5.55259387079353
"EMP2P1",-5.55281822278248
"CALD1",-5.55810258355244
"C1QA",-5.59172292252295
"KALRN",-5.59174974326136
"TESK2",-5.60723327784747
"SAE1P1",-5.60872688641526
"PCBP2P2",-5.60937408830185
"IL15",-5.61736959819459
"RERE",-5.62498778300165
"A2ML1",-5.62754437927844
"FUT4",-5.6333763429776
"FAM157C",-5.6390315697277
"GOLM1",-5.64799984087592
"GSTT2B",-5.6512790728419
"LENG8",-5.6519847373214
"NDUFB1",-5.65778181680085
"NUP62",-5.6641431870013
"RBP4",-5.66872455330714
"ZEB2",-5.67989124432044
"MGAT1",-5.68245420551337
"LINC01772",-5.69065431649441
"TUG1",-5.69312059161345
"LINC02071",-5.69885339503431
"NREP",-5.70641156234849
"FHAD1",-5.7090122140615
"NKPD1",-5.70975030150755
"LRG1",-5.71106265057158
"LINC02020",-5.71248383578663
"RNU6-733P",-5.71668000493781
"RNU6-709P",-5.71771390211983
"CTNNA1",-5.71820124682828
"SOWAHD",-5.72067128113802
"COX6CP17",-5.72201694160168
"ERRFI1-DT",-5.7290318153821
"ATP5ME",-5.73081875366883
"BICRA",-5.73135906856498
"RNF181",-5.73406586660254
"CCNO",-5.73503810368945
"RN7SL832P",-5.74182633249619
"LINC00840",-5.74325103581778
"MAMLD1",-5.74744259453674
"H1-0",-5.75574377697045
"CCL4",-5.76502390294594
"RGS17P1",-5.7651738670619
"GFRA1",-5.76655118383183
"RN7SL553P",-5.77074295158655
"MAGI1",-5.77108425478761
"ADAP1",-5.7787287964178
"EFNA1",-5.78612229124787
"LINC02538",-5.78823933460294
"DDR1",-5.79062540152184
"SSBP3P1",-5.7919224084832
"LAMA4",-5.79407947654115
"CHCHD10",-5.79763369972175
"CLN8-AS1",-5.81252466219327
"NICOL1",-5.81941174651784
"LINC01828",-5.82416632781305
"ME3",-5.83406883272531
"MRPL23",-5.84527908713475
"MORN2",-5.84627490374914
"LRRK1",-5.85461454268498
"PRR15-DT",-5.85822927737038
"GFRA2",-5.86030790424553
"NFIX",-5.86182712251044
"ERICH1",-5.86951365553645
"C1GALT1C1L",-5.87053464630107
"OR11A1",-5.87277844487666
"CCDC194",-5.87752220397698
"ARL8A",-5.87946600618671
"NFYAP1",-5.8806123605015
"RENO1",-5.89202249343195
"DNAJC6",-5.90381629879051
"DPYD",-5.90415968815339
"ABR",-5.90925292868729
"GABRB2",-5.91440836415272
"ZNF341",-5.91708838749052
"NR4A1AS",-5.91870868115858
"FOSL2-AS1",-5.92123799142833
"NPL",-5.94340333426792
"NACA2",-5.95437177285264
"DHRS4",-5.95449348562622
"TEP1",-5.95601100530401
"AGRN",-5.96468300836365
"CLDN5",-5.96568264232152
"BACH1-AS1",-5.96693115363103
"CEP192-DT",-5.96927973377216
"F10",-5.96950317563564
"PKD1L1",-5.97670491413482
"KMT5AP1",-5.98271839991085
"DBI",-5.98429855737822
"P3H3",-5.99271542872442
"KLHDC7B-DT",-5.99496058371447
"PDLIM7-AS1",-5.99695557003832
"KIAA1614-AS1",-6.00053739301053
"LAMA2",-6.0008922736415
"OPRD1",-6.0345865900269
"BDKRB2",-6.03633037734348
"GAPT",-6.03864881226577
"AP1B1",-6.04210855306807
"CYRIA",-6.05794896422194
"H2AC18",-6.0615279409299
"GBP3",-6.0627188673929
"LINC01480",-6.06498783524527
"STARD4-AS1",-6.06666635401686
"RFX5",-6.0700480146361
"MMP7",-6.08595690422821
"KCNN4",-6.08991956622083
"MIR6775",-6.09027689313737
"CNDP2",-6.09265387747346
"NPTN",-6.10527230126472
"EVPL",-6.11834260950043
"ASAH1",-6.11846009730111
"USP46-DT",-6.13145315826204
"SFTA2",-6.13497577501771
"KRT35",-6.13522019923564
"OAS2",-6.14173480559706
"CALML3",-6.16262514906426
"LAT2",-6.17743692360979
"ZNF358",-6.18293728878717
"MRPS36P4",-6.21323330582751
"MTCYBP3",-6.21904082782774
"MARVELD1",-6.21948696293479
"LINC00921",-6.21978108076015
"RNU6-658P",-6.23703862179322
"GGN",-6.23920933846408
"SCARNA3",-6.24964140050382
"BHLHE41",-6.25138366556326
"ARPC3",-6.25288118970896
"DYNC1LI2-DT",-6.25403059187561
"COX7B",-6.25588916372006
"PSME2P1",-6.26390220270298
"PFN1",-6.26423381012805
"TM4SF5",-6.26792053971963
"ELF3",-6.2717072512439
"ALPL",-6.27296626086946
"SAPCD2",-6.27638357444801
"APOL3",-6.27741253251254
"CSTBP1",-6.28016265331625
"ELAVL3",-6.28016682692882
"MRPL50P2",-6.28882159383497
"SH2B3",-6.29316666054227
"DCUN1D3",-6.29348153508168
"ARHGAP40",-6.30104573843681
"LINC00847",-6.3072295746786
"IRF5",-6.31122557232525
"SHE",-6.31562539782057
"SLC22A1",-6.32097426551904
"CRB2",-6.33327672706393
"B3GNT5",-6.33940318936022
"ASPG",-6.3520417718858
"ZNF197",-6.35387810764835
"UBTD2",-6.35464312794405
"TAS2R46",-6.35531428235625
"EXPH5",-6.35811551883443
"MLXIPL",-6.3676249581706
"SENP3",-6.3677225035862
"TMEM262",-6.38079677558414
"QRSL1P3",-6.38197745101544
"RBISP1",-6.39202410799544
"SLC25A28",-6.40710140217124
"CFLAR-AS1",-6.40797263660051
"LAD1",-6.41125461465547
"BLVRB",-6.41238412394931
"MIR34AHG",-6.42430202612371
"CDH3",-6.43132361758083
"ZNF202",-6.43173467731716
"SCO2",-6.43287337109173
"RAB34",-6.4333212718737
"GABARAP",-6.4435249276195
"NDUFA5P3",-6.44678940333183
"DENND3-AS1",-6.44809629050992
"BMPR1A",-6.44894230513445
"RNU6-531P",-6.45065415316546
"IPO8",-6.45208604014455
"SLC36A3",-6.45259463467353
"NRP2-AS1",-6.45406695805835
"PPIAL4C",-6.45835320635278
"NDUFB10P1",-6.47065249571303
"PRDX2P3",-6.48975428666556
"LINC02244",-6.50051941187613
"LINC02715",-6.50197121006645
"LINC02009",-6.50801242886653
"ZNF320",-6.51024025076357
"TMEM167B-DT",-6.5181314369998
"HSPA6",-6.52099874154176
"RPL9P30",-6.52552779642463
"TSPAN4",-6.5357388917801
"EPHB6",-6.53911306447899
"TNFRSF10C",-6.5399708218275
"CIMAP1B",-6.5409963117065
"MIR4515",-6.54251842775341
"BCAN-AS2",-6.54733859001946
"LACTB",-6.54834298019805
"CXCR2",-6.55059774910717
"OSTCP8",-6.5536628230273
"OR2I1P",-6.55546746694187
"FGB",-6.57184076504451
"GOLGA2P4",-6.58778929442317
"SYT17",-6.5959791581203
"CCDC13",-6.59890477255873
"ARHGEF2",-6.5994550341721
"RN7SL124P",-6.60476845786036
"GRXCR1",-6.6146328219471
"MT1P3",-6.61910876140568
"SLC9A8",-6.62177914232885
"CAVIN2-AS1",-6.62456170952589
"AZGP1",-6.62680074777771
"STAP2",-6.62889340075273
"TRIM58",-6.64226255151377
"PROCR",-6.64439866216868
"RPL32P37",-6.64647704075769
"AKR1A1",-6.6500686279322
"ENTPD8",-6.65151772706525
"MOXD1",-6.661991754018
"RPL5P12",-6.66279222782385
"PRKACA",-6.67330247472089
"ELL3",-6.68379171333681
"LINC02044",-6.69952629496372
"DNAAF1",-6.71402139634837
"AKT3-IT1",-6.71498578245875
"DBNDD2",-6.71823001226187
"CYCSP40",-6.73141487767834
"IMPDH1P10",-6.74199307935827
"MIR22HG",-6.7489510889048
"QRFP",-6.75144928591068
"GSTO3P",-6.75464208647713
"DCN",-6.77796823200818
"HTR7",-6.7820136137065
"SPTSSB",-6.79573789864695
"NDUFA1",-6.7982814806907
"RALB",-6.80231103546944
"SLCO4C1",-6.80418638288296
"TTC7B",-6.80928882687788
"MYD88",-6.81534990643692
"SORBS2",-6.83289940209789
"LRRC71",-6.85103840920751
"CRYBG3",-6.85261193714913
"NACAD",-6.85675105973657
"RUVBL1-AS1",-6.86862717101906
"BAALC-AS2",-6.86887750538137
"RN7SL402P",-6.89016307912479
"AGA-DT",-6.92667021470445
"OR51I1",-6.93700440339904
"RWDD3-DT",-6.94280621015441
"LINC02988",-6.94296772501976
"CTDNEP1",-6.9463734632584
"DLX5",-6.95539267301028
"TFR2",-6.9563332712265
"H3P6",-6.95644572824612
"KIFC2",-6.96352838578105
"KLHL31",-6.96478474437306
"ADAMTS19",-6.96516772438701
"INKA2",-6.96732337312953
"AGAP14P",-6.97010898080288
"SEM1",-6.9745339141601
"ARL14",-6.98200468902112
"LINC02936",-6.98460286867579
"APOL1",-6.98721584661813
"ADAMTS10",-6.98851958273507
"RNU6-942P",-6.99248517966497
"COL7A1",-6.99417860388322
"CYP1A2",-6.99643000197996
"BMF",-7.00092981531608
"RRN3P2",-7.01150162201476
"CTSH",-7.01654488921255
"CCDC112",-7.01812302412208
"MIR7845",-7.02414928415005
"LINC02798",-7.02497847571735
"MYOSLID-AS1",-7.02726334921619
"TAF4",-7.0362108352511
"MSH4",-7.04126339512254
"FPASL",-7.05261785484867
"RAB26",-7.07577208098204
"CLEC12B",-7.08302797214895
"ESCO2",-7.08924325370833
"MTND4LP14",-7.09064495885571
"CALCRL-AS1",-7.09128344534733
"RN7SL350P",-7.09413605187135
"SNORD19",-7.10033661153084
"GBP4",-7.10464433936327
"KCNC3",-7.12217874892381
"ASAH1-AS1",-7.12555605997869
"SMTN",-7.12887693143456
"OAS3",-7.13026062741767
"MIR1289-1",-7.13049647152884
"PLD2",-7.14892056556299
"CATSPERG",-7.1571476542576
"SELENOO-AS1",-7.16070757857991
"LINC00158",-7.16207550321793
"DOCK4-AS1",-7.16543957969076
"C5orf67",-7.17366620743492
"C1QL1",-7.17612997882106
"LGI3",-7.18185536370586
"ARRB2",-7.18840611247649
"LINC02432",-7.1926774018538
"GLIPR2",-7.19342771322222
"CD63-AS1",-7.19383358933011
"MYREM",-7.19387763639029
"PIK3R5-DT",-7.20380314680821
"GOLGA6L10",-7.21682309165131
"SPATA4",-7.25475777657353
"RNU6-920P",-7.27373402334941
"RPS12P4",-7.2742560150354
"NFKBIE",-7.27478482187585
"ORC6",-7.29013055766173
"KCNMA1-AS2",-7.29513887447953
"RNF213-AS1",-7.31237266312876
"NPEPL1",-7.31491062523155
"PIPOX",-7.32541377840233
"SMIM30",-7.32766029514997
"RPL34P6",-7.33018103747189
"CDCA4P4",-7.33207870401091
"ANXA2",-7.34314709860305
"ARHGAP22",-7.34723694259726
"RPS26P43",-7.35138518500282
"CAMKK1",-7.35672227839914
"ERBIN-DT",-7.36681292983205
"HORMAD1",-7.3916013887227
"NDN",-7.3954526789303
"WDR19",-7.39562128898335
"MOSPD2",-7.40587497807301
"UBE2D3P5",-7.41448104880345
"PPFIA4",-7.41448257482704
"LOXL4",-7.45646197982456
"PCDHGA12",-7.45791527589177
"TWF1P1",-7.46264057013202
"ABCC2",-7.47889654783019
"KPTN",-7.47929144375207
"P2RX4",-7.49111462513306
"PML",-7.49135080514483
"LINC02975",-7.50352586311848
"ARV1",-7.51631123680446
"AMPD2",-7.51636315472844
"GJB1",-7.52817663622022
"RPS6KA4",-7.53076400082501
"TMEM92-AS1",-7.54878389679071
"HOMER3-AS1",-7.55128458397576
"METTL13",-7.56561173152974
"FTH1P3",-7.56702288579378
"LINC02895",-7.56731513028511
"ELOBP2",-7.5726970691176
"ADAM9",-7.58586665793577
"LAMTOR2",-7.59101304831111
"RNA5SP372",-7.60375989532068
"TMT1A",-7.60410433645382
"GNA11",-7.61414049049072
"EEIG2",-7.62371852597496
"MIR23B",-7.62959243909479
"NAMPT",-7.63057674097375
"CCL23",-7.63925451975936
"RAC1",-7.64091771426567
"PLEKHA8",-7.64431657818061
"LINC02874",-7.64453172960798
"ARL4AP5",-7.6481258765844
"RNU7-56P",-7.64813288442673
"TMDD1",-7.65679933142945
"RN7SL302P",-7.65775816956304
"ACER3",-7.66172804395597
"SALL1",-7.66818809972155
"CYFIP1",-7.69051341845582
"ADAMTS13",-7.70912133637076
"SLC22A16",-7.71106922905305
"NAB2",-7.72380631315034
"HPN-AS1",-7.72731892636924
"SLC39A4",-7.73325590111578
"ARRB1",-7.73533820370072
"NCOR2",-7.74519568810209
"GK-AS1",-7.74724194986708
"YBX3P1",-7.75478041644241
"FAM217A",-7.75487191652822
"PSME2P6",-7.7630057031264
"LINC02129",-7.76313498124344
"ZNF780A",-7.76821018479533
"CSMD1",-7.77469877541892
"INSYN2A",-7.79015341586448
"ARF3",-7.79499846665984
"UBALD2",-7.8016906860939
"ADAMTSL4",-7.80754682529755
"ZFP1",-7.81946164813329
"COX6B1",-7.82033345217623
"MRAP2",-7.82499445779121
"OR14J1",-7.83604275085485
"MIR548C",-7.83819094782662
"NEMP1",-7.8418275954589
"MYL6",-7.84339848777537
"LGALS7",-7.84495667965035
"INPPL1",-7.85097990582379
"FAM27E3",-7.86272040688269
"BLOC1S1",-7.86612164393526
"NUDT16-DT",-7.87549710088716
"MTND4P12",-7.87675096887638
"NAGK",-7.88012408217832
"ICOSLG",-7.88690018772686
"LINC01820",-7.89229223869877
"ADRA2A",-7.9140239594663
"IRAK2",-7.94750953198877
"PLAC8",-7.95328641314245
"MPZ",-7.95820528980618
"CTTNBP2NL",-7.96812635917217
"C1orf202",-7.97501017092448
"YPEL5P2",-7.99261752644554
"MIR4271",-8.00663331017913
"CD302",-8.01273535743509
"OR6C68",-8.01835351881676
"PRRX1",-8.01921562998998
"TBC1D17",-8.02199022975269
"CTSC",-8.0389666060552
"WDFY3-AS2",-8.05487698851138
"H2BC9",-8.08023327202831
"LYNX1-SLURP2",-8.10079134667815
"BATF3",-8.10429537564306
"VAMP1-AS1",-8.11858585836491
"FES",-8.13379080777874
"SUMO1P1",-8.15227449797936
"CAVIN2",-8.1591150702418
"AP2S1",-8.17059995246186
"ADGRE3",-8.17372303851368
"RN7SL612P",-8.17794545732126
"DNAJC15",-8.18088290067485
"NFKBID",-8.18801906877387
"RNU6-998P",-8.20133403155709
"CARD9",-8.20477793137133
"ZBTB33",-8.2098505282846
"HISLA",-8.2127186686206
"SNORD3A",-8.21280773854049
"SYNPO",-8.21350758614341
"PKD1P4",-8.21470891791741
"LINC03090",-8.22304162688865
"AGTRAP",-8.2263893400583
"CTSK",-8.22820470980632
"EWSAT1",-8.2331691729978
"SNORA1B",-8.24464648199517
"BICDL2",-8.26053450419356
"TNIP1",-8.26371994522127
"RAPGEF2",-8.27342941282588
"RNA5SP437",-8.28706967486399
"C1S",-8.2910854049613
"LINC03072",-8.31395943077582
"LINC00471",-8.3151494314581
"NDUFB2",-8.31516140422952
"LARS2-AS1",-8.32247616133755
"HAP1",-8.32774976971671
"RNU6-960P",-8.33163829464392
"GPM6A",-8.3338652927194
"EEF1A1P8",-8.35107638772142
"GUCY1A1",-8.38499500452217
"C3AR1",-8.39031512053862
"KRT18P63",-8.42701698608594
"LLGL1",-8.42803981099049
"TRIM36",-8.4440914042862
"LINC01166",-8.44705319651365
"LRRC3-DT",-8.4623821904059
"IGSF22-AS1",-8.46389254331918
"BASP1",-8.47804812260869
"MOB1B",-8.48504511634251
"WDFY3-AS1",-8.48645137553126
"TYRO3P",-8.49799644587053
"CFLAR",-8.50415240996494
"BCL2L2-PABPN1",-8.51803943221488
"SLC17A9",-8.52491509829466
"CASR",-8.5253355914589
"S100A1",-8.5330245893416
"GNG10",-8.53709433917707
"RPS2P32",-8.56414533520817
"DPYSL3",-8.57016427807644
"IL10RB-DT",-8.58255690124101
"ZNF665",-8.5880944119469
"PLIN3",-8.58825031867473
"RPS23P6",-8.59045247182622
"UBE2L5",-8.59054069793552
"RNF128",-8.60256898762404
"HLX",-8.60461505005533
"PPIAP73",-8.60587091790703
"PTMAP1",-8.60650668137949
"TUBA3FP",-8.60943655022074
"JAM2",-8.61154936999433
"PROS1",-8.6123597911998
"MAPK7",-8.61488706993799
"WFDC2",-8.61689508399263
"ST3GAL4",-8.62533340634301
"DHX34",-8.62835513843621
"SALL2",-8.64089737674311
"MRTFA-AS1",-8.65771307359151
"CACNA2D3",-8.66529437106442
"MIER2",-8.66668505809227
"PORCN",-8.67062222889776
"COA3",-8.67595415963495
"RPS9P2",-8.685452303857
"OAS1",-8.69442642196598
"NPTX1",-8.70054549913971
"MTHFR",-8.75172390766825
"DIAPH2",-8.78916111274987
"CDYL-AS1",-8.79421833748248
"LINC02660",-8.80359555915347
"KCNMA1-AS1",-8.80950576321629
"UCA1",-8.81726146184586
"ZBTB7C",-8.81874155829816
"YBX3",-8.82437906458714
"CLDN7",-8.82471683909307
"RN7SKP150",-8.83652963673772
"OR2G2",-8.83857582141454
"MAP3K20-AS1",-8.90347556361889
"MCF2",-8.9211369323631
"JAZF1",-8.92144967450655
"COA1P1",-8.92177055224313
"BRINP1",-8.92683221038307
"MIR378A",-8.93924536811165
"LINC00622",-8.94225427472522
"RASGEF1B",-8.94659389584311
"RNVU1-15",-8.95573736944723
"RNA5SP449",-8.9566399698393
"UPP1",-8.95978080120544
"ADAM30",-8.96973953937515
"HCG4B",-8.97117350071236
"TXN",-8.99428982874694
"NEMP2-DT",-8.99450526861666
"CD80",-9.00174389528408
"COL17A1",-9.00218123426838
"ZNF90P1",-9.0024887659767
"AIFM2",-9.00610969386059
"MIR3134",-9.01344959667747
"MT2P1",-9.01505245154693
"SMAD6",-9.01618033925767
"HSF4",-9.02496210146419
"CCDC3",-9.03294252925705
"TESHL",-9.04405389313863
"MAFK",-9.05739955008183
"TMEM141",-9.06006977577439
"HOXA2",-9.07617878752125
"SULT1A4",-9.08980222012175
"PAN2",-9.09618970473519
"KDM6B",-9.09967890877073
"TPRKBP1",-9.10783602681404
"LINC01554",-9.1324591515234
"NCKAP5L",-9.14671511019137
"RTN4RL2",-9.154860436001
"WDR97",-9.16221433705986
"MSRA",-9.17210247174747
"GTF2IRD1P1",-9.17347351561975
"ANXA2P2",-9.17443240399549
"DUOXA1",-9.18138258055012
"OR4D11",-9.18325075545092
"ZIC2",-9.18490849355145
"NAP1L4P1",-9.19207312551691
"VASH1-DT",-9.19261669728071
"LINC01719",-9.20167710580096
"FGA",-9.20983793429286
"BUB1B-PAK6",-9.212958396569
"PCNX4-DT",-9.22532703396013
"MT-TC",-9.22604085853637
"LINC02916",-9.24095590707318
"MKKS",-9.24420273839849
"MIR3663HG",-9.24751283043619
"DLGAP5",-9.25134444573336
"PRELID1P6",-9.25628176376739
"MFSD2A",-9.26319256524019
"RNU6-711P",-9.26590238460904
"TCF3P1",-9.267003426279
"CRISPLD2",-9.27147656764233
"FOXG1",-9.27476685408481
"PDSS1",-9.2757329875476
"EEF1AKMT3",-9.30392107155119
"S100A10",-9.30847260233139
"CNDP1",-9.30878208324365
"NEFL",-9.32072581590194
"RNU6-919P",-9.32573363462888
"PRKAG2-AS1",-9.32912591577988
"SULF2",-9.33367735910126
"SLC22A15",-9.33831899768284
"TMEM241",-9.34239437481469
"RPL22P2",-9.34286986950116
"CDC45",-9.35020912773097
"CPS1",-9.35162991056771
"OLFML1",-9.35764321873522
"SLC6A17",-9.37397878348938
"KCNJ1",-9.37424388409778
"TRIB1",-9.38176865058567
"SLC25A24",-9.38566272588195
"RNU6-105P",-9.38905130480792
"CD1A",-9.38939635793391
"GCNT2",-9.40220275647073
"TTC23",-9.40280484755304
"C17orf49",-9.40452499047498
"LINC01704",-9.41339715525937
"AQP4",-9.42077553019924
"NRIR",-9.43223415820159
"VASP",-9.43264083321021
"RPL5P34",-9.47006362255238
"S100A4",-9.4754658692987
"MAILR",-9.47923157473814
"PLEC",-9.48231018992209
"CLDN12",-9.48252014048023
"ZNF35",-9.49010524394964
"JUP",-9.50613761379028
"LILRP1",-9.51039848579284
"SMCO4",-9.51252397883077
"TOP1P1",-9.53352533367712
"TTC28",-9.54350899476549
"ANKRD65",-9.54526965302409
"BMX",-9.56050003639704
"ATG12P1",-9.58329686462452
"DSC3",-9.58802247085929
"RNF135",-9.61368538910872
"BNIP3P25",-9.62146067753836
"ARMH1",-9.6299712468273
"ATP2B1-AS1",-9.65436602485044
"CHMP4B",-9.65765529990626
"LACTB2",-9.66961444603167
"LAMP1",-9.67306738201217
"HOXA3",-9.68401723004955
"OPN3",-9.68835111102935
"CCDC144A",-9.69865024731639
"ZNF843",-9.69963958449639
"PAK1",-9.70086145251111
"C22orf42",-9.70113669467722
"POMP",-9.70171447389204
"PRSS12",-9.72003122571445
"CCT6P2",-9.72760430538928
"B3GALNT1",-9.74299890952895
"LINC03044",-9.74422449915033
"TMCO2",-9.75722886105229
"IMPDH1P9",-9.75795576605796
"MBD6",-9.76997045321158
"RBFOX3",-9.77404077763319
"GSN",-9.7765875558261
"RPL29P15",-9.78341092021608
"PRAL",-9.80142128956256
"SCN3B",-9.80988308489488
"FTH1P23",-9.81359974563987
"MMEL1",-9.82139234703846
"H3-3A",-9.82863366092566
"SNAP23P1",-9.8363760802541
"FUT7",-9.84780516769194
"WAS",-9.85176908477063
"RNU6-360P",-9.87434558830186
"NHERF4",-9.89068652522994
"LINC02637",-9.90504543217216
"BIRC5",-9.90970212386167
"WNT16",-9.91814392906732
"RUFY3",-9.92530154125919
"WNK4",-9.95161241187903
"LINC02542",-9.95805365531787
"LNCATV",-9.96365575301866
"CYCSP29",-9.96979525050682
"PLIN5",-9.98597029431665
"TMPRSS13",-9.99933892179797
"ACSM1",-9.9999143543575
"BMP2K",-10.0129700800944
"CEACAM19",-10.023083476486
"FOXH1",-10.03512949934
"SETP20",-10.0399146250079
"RHOBTB2",-10.0478874489597
"RNU4-2",-10.0537963217919
"ZNF223",-10.0581839807424
"IRF8",-10.0599248114246
"ULBP1",-10.0625866604651
"SNORD56B",-10.0709325642476
"GPD2",-10.0778908388291
"HR",-10.1001341777193
"LINC01472",-10.122189726246
"MAP3K20",-10.1255377127107
"LINC01585",-10.145934833163
"RNU6-176P",-10.1716159675705
"COL4A2-AS2",-10.1781544077825
"RPL12P6",-10.2124703886979
"POLE4",-10.219698164912
"RNU6-517P",-10.2271645153201
"TNFSF18",-10.2349948922779
"IGFBP1",-10.2397648878632
"FBXO6",-10.2449657042723
"PDXK",-10.2663521484084
"DNAJA4-DT",-10.2778080959334
"TPM1-AS",-10.2801626847002
"TAS1R1",-10.2842180426957
"NBEA",-10.3051877241468
"HEATR6-DT",-10.3197411282969
"LAP3",-10.3437972965881
"CAVIN3",-10.3553417470105
"RNU6-179P",-10.3655837745706
"CLDN22",-10.3746494075046
"LYZL2",-10.3819646898707
"VENTXP6",-10.3839901970709
"LMOD1",-10.3955733081825
"RPH3AL",-10.3986654911748
"PFKFB4",-10.4158338761797
"BEX1",-10.4244817395581
"DNAJB6P2",-10.42931761832
"GVINP2",-10.4438419056821
"ATP5F1EP2",-10.464693390674
"GPR61",-10.4678840284447
"EGLN3-AS1",-10.4800745016295
"NT5DC2",-10.4858260066562
"HEIH",-10.5039404344179
"SEMA4A",-10.5205495176203
"RNU6V",-10.5270857288982
"LINC02185",-10.5326015172436
"DPH1-AS1",-10.5374677163505
"HTATSF1P2",-10.5485533569966
"DOCK1",-10.5496325620683
"SYT15B",-10.5879994694197
"HAUS7",-10.5989603952168
"CYSLTR2",-10.6012513803971
"TBPL1P1",-10.6129750736806
"SEMA3B-AS1",-10.6189674811592
"CIBAR1",-10.6194425412437
"ISOC2",-10.6345203008197
"SBF2",-10.6376554458234
"GPX1P1",-10.6650114497695
"BID",-10.666941952303
"FZD8",-10.6802644275606
"SLC25A34",-10.6980565474589
"LINC02603",-10.7139813364609
"BCO2",-10.7167663105123
"MFAP4",-10.7205401129839
"RN7SL200P",-10.7211984979838
"DAZAP2P1",-10.7493636662352
"RNU6-529P",-10.7581378680387
"PLEKHO1",-10.7667185370025
"UBE2E2",-10.7723241558317
"STX7",-10.7729499681061
"MIR3613",-10.8208520689002
"RPS8P5",-10.8233645147941
"LGALS2",-10.8398254597721
"TMEM35B",-10.8449906542534
"FRY",-10.8491172546211
"POPDC3",-10.8636152277946
"CLEC4D",-10.8756572416315
"SBNO2",-10.878294749896
"KRT18P4",-10.8794432940676
"GALNT3",-10.8803773912696
"EMP3",-10.880460995597
"FGG",-10.8866184448969
"EFEMP2",-10.8921651618208
"NAGA",-10.8974896604024
"DNAJC28",-10.9021223018994
"STX4",-10.9187568111171
"ZBTB18",-10.921736117937
"PLAG1",-10.9353770356006
"VSTM1",-10.943389316117
"LONRF3",-10.977196392159
"EFHD2",-10.9773167854804
"CD274",-10.9789418516988
"RPS2P15",-10.9950762838304
"MLANA",-11.0019523171233
"IMPA2",-11.0055309271792
"RN7SL11P",-11.0385796757344
"NEU3",-11.0407703355559
"MTCO2P5",-11.0463778625391
"PKP4",-11.050823327445
"LINC02882",-11.0572563916445
"HSPE1P4",-11.0630583076105
"QRICH2",-11.0827322911039
"TBC1D16",-11.0849325521641
"TRIO",-11.0864038425162
"RIPK2",-11.0903780387374
"C10orf143",-11.0951610249908
"APLP1",-11.0999127033934
"FTH1P12",-11.107096638833
"PNPLA6",-11.1087350595525
"RAB17",-11.1242195368935
"FHOD1",-11.1790018279179
"MAB21L2",-11.1849338376983
"TRNT1P2",-11.1939449875599
"TBC1D9",-11.205282439757
"KCNJ13",-11.2345386312614
"MITA1",-11.2382149989422
"GIMAP8",-11.2384308002002
"AP1S2",-11.2406068817167
"SLC12A5-AS1",-11.2498674707996
"SLC38A3",-11.250265775299
"LINC03036",-11.2609561788452
"FRRS1",-11.2743362951352
"MTND1P5",-11.2865372207981
"UBE2Q2P9",-11.2938681833042
"PEX11G",-11.3023293888111
"HLA-DMA",-11.3220081669112
"RN7SL288P",-11.3342442410884
"DOT1L",-11.3343711502214
"STX18-IT1",-11.3404989533652
"GSAP",-11.3452214408438
"APOH",-11.3518352933927
"COX8A",-11.3531710904379
"ETS2",-11.3770581132457
"PLXNC1",-11.3796525531016
"PPIAP41",-11.3890079143922
"OR13D3P",-11.4083963948248
"RN7SL629P",-11.4099171253575
"IL34",-11.42111794846
"C22orf15",-11.43676219221
"AOAH-IT1",-11.4798312836665
"CLEC11A",-11.4853343438624
"LINC02470",-11.4878504697525
"FTH1P5",-11.5025894974568
"ZNF418",-11.505112808629
"RPS26P28",-11.5319704787217
"URB1-AS1",-11.5364058629244
"HOTAIRM1",-11.5406112493329
"APOE",-11.5435933449759
"CSTB",-11.5541854669643
"MEF2A",-11.555842545303
"MACORIS",-11.5797026835936
"MYOZ3",-11.5801353403811
"RNU1-58P",-11.5845348239925
"HIPK1-AS1",-11.5892567600754
"ARSB",-11.5977034668435
"CLIC4",-11.6169692298434
"SLC30A4",-11.64800051812
"WDFY1",-11.6529808272959
"IL6ST-DT",-11.6704740410838
"FRZB",-11.6926811610053
"DLGAP1-AS2",-11.716943902005
"FAM20C",-11.718012180749
"CHN2",-11.7242510419847
"KCP",-11.7484523916292
"LINC01115",-11.7502023344776
"KRT14",-11.7530671351166
"IRAK3",-11.7673856993456
"UBBP3",-11.7848256765056
"RNU6-979P",-11.7855515795349
"MEF2C-AS2",-11.8134008527544
"TMEM268",-11.8281024925619
"PRELID1",-11.8363213671248
"LINC00654",-11.8466002632267
"C4orf46P3",-11.8617200604843
"RFKP5",-11.869155914727
"ROGDI",-11.869928870445
"IRX2",-11.8771053051613
"HLX-AS1",-11.8994593882396
"RPL21P129",-11.9003727626041
"ADGRL1-AS1",-11.9507925402056
"TAF7L",-11.9542684789081
"INAFM2",-11.9623661151658
"SHROOM3",-11.9977732128755
"CLCN5",-12.0023283872111
"SLC25A37",-12.0042400467441
"TANK-AS1",-12.0414479676818
"MIR769",-12.0417863177501
"ERICD",-12.0462325498138
"ZCWPW1",-12.0746163925178
"PTCH2",-12.0766387188709
"EDNRB",-12.095183926864
"RPL38P5",-12.1014489696907
"CSRP2P2",-12.1268835272997
"MIR28",-12.1309966094754
"FBLN2",-12.1359303917986
"STAT2",-12.1405540725753
"INF2",-12.1428260885319
"PCP4L1",-12.1469665485061
"CARD19",-12.1607788156992
"TRIP10",-12.1940391338767
"RPL23AP93",-12.196594997576
"RN7SL523P",-12.2137719118374
"ARAP1-AS1",-12.2163620571063
"MTCO1P11",-12.2165661535228
"LINC01412",-12.2235863741836
"CPAMD8",-12.2341739328499
"RUNDC3A",-12.2353139825995
"RPS14P8",-12.2450582961969
"ZDHHC19",-12.2712478582996
"RAG1",-12.2821608804629
"LIPE",-12.2842423883979
"GCH1",-12.3167838692534
"CCN1",-12.3228730412246
"HOXA-AS2",-12.3460775084015
"PRDM8",-12.3510420302602
"LCP2",-12.3558083980984
"IL4I1",-12.3561780859782
"TECTA",-12.3616489282652
"ANGEL1",-12.3628317154364
"NDUFA8P1",-12.3631058610523
"LINC01978",-12.3730325235695
"DOCK8-AS2",-12.383205264695
"GPRC5C",-12.3854967661129
"ACAD9-DT",-12.3897983265594
"UBXN6",-12.4111620483034
"IFI6",-12.4160938325858
"C3orf70",-12.4285622806276
"NQO2",-12.4320438078769
"AIG1",-12.4744342555456
"GCNT3",-12.4870379319034
"TPPP3",-12.51717287282
"ABR-AS1",-12.5248647569814
"CKB",-12.5261816193418
"OIT3",-12.5285813337837
"SGK1",-12.5355357707602
"TEK",-12.5435373832367
"DUSP3",-12.5752833731332
"STAG1-DT",-12.5912174258938
"RN7SL471P",-12.5987394481685
"UBD",-12.6077731089192
"CRYM",-12.6284929656114
"TLR6",-12.6365778329556
"ARHGAP6",-12.6406996589841
"EDNRB-AS1",-12.689573102686
"STAT6",-12.6948272587853
"RILP",-12.7251768270696
"DOC2B",-12.7273735409628
"RASGRF2-AS1",-12.7284770188712
"GBP7",-12.7465989713641
"SOX15",-12.7508961359997
"LAMTOR4",-12.7655075381994
"DNAAF9",-12.7803044645752
"RN7SL1",-12.795235474449
"HSD17B13",-12.815046825429
"SYT6",-12.820753371405
"MUC13",-12.8232573463632
"BCL9",-12.8432460739902
"RBMS2",-12.8482753306344
"CDC42EP5",-12.8541292464857
"SPNS1",-12.8775381130065
"BRSK1",-12.9060366247257
"RNU6ATAC9P",-12.9121667024722
"SLC2A9",-12.9126078374827
"ZFP64",-12.9344115266392
"CERS6-AS1",-12.9366705950077
"RAB3IL1",-12.9701983573295
"TNFSF13B",-12.9855233323195
"RNU6ATAC27P",-12.9918407442287
"FAM168A",-12.9926850493671
"TAMALIN",-12.997801405007
"KDM1B",-13.0160902589792
"CCDC137P2",-13.088384795933
"CYBA",-13.089826093998
"MUSK",-13.1071108751793
"ISG15",-13.1265731434468
"ID2-AS1",-13.1495046764264
"CREB3L2-AS1",-13.1802898462871
"KIRREL2",-13.1846416886534
"RPL32P5",-13.1848063094852
"LINC02600",-13.2034275813473
"SMIM5",-13.2253301040146
"PEG10",-13.2390984831142
"CDC42P7",-13.266229020727
"CAPNS1",-13.2772021068343
"MXD3",-13.3048213655194
"CIITA",-13.3097066204246
"BTBD19",-13.311968296421
"HLA-DPB1",-13.3151220125342
"LINC03048",-13.3351952763314
"GTF3AP2",-13.3598842947597
"CCT8P1",-13.3606488206757
"ZNF385D",-13.3691690464148
"IGDCC4",-13.4121146948406
"B4GALT5",-13.4155222091867
"RRAS",-13.4311044023587
"SAMHD1",-13.4351513652961
"FLOT1",-13.4414506233449
"MOS",-13.4474201365814
"TMCC1-DT",-13.4518104385721
"GCA",-13.4560242913338
"CDH11",-13.4730533487705
"TBC1D8-AS1",-13.4734267433562
"ABCD1",-13.4751592250256
"CYP2E1",-13.478424900168
"PAX3",-13.4966400927584
"LINC02608",-13.4970264863167
"RNU6-419P",-13.5075486036168
"COPZ2",-13.5188551150053
"TRIM25",-13.5228494893186
"MIR6512",-13.5242744018654
"TEKTIP1",-13.5490460498965
"PKP4-AS1",-13.5613814277933
"AP1AR-DT",-13.6235748691259
"WFDC5",-13.6253405598647
"PCK1",-13.6369438619299
"RRAD",-13.6570095999738
"ARR3",-13.669187160944
"KLC3",-13.6889324541631
"MCOLN3",-13.7157498829978
"CYBRD1",-13.7232534040077
"UNC5B",-13.7291120765338
"NCAPG",-13.7335166113748
"KPLCE",-13.7378309907286
"NID1",-13.7411659538574
"ERI2",-13.7687247729561
"FCGR2B",-13.7751563299471
"OSM",-13.7857026843145
"RPS3P6",-13.7875787613165
"FBXO17",-13.7896668203766
"SRGAP2-AS1",-13.8125421970649
"CAPNS2",-13.8146980195746
"FADS1",-13.8309778211384
"CRABP1",-13.8371424226046
"IKBKB-DT",-13.8741688666581
"PTPRE",-13.9080500865516
"OR52K1",-13.913736227902
"IGHJ5",-13.93112484831
"TNFRSF10D",-13.9416345429971
"GP1BA",-13.9505754216557
"NCKIPSD",-13.9508358904072
"GAB1",-13.9537989822991
"ANKRD29",-13.9622584968385
"REXO5",-13.9646750307726
"THNSL2",-14.0081876299607
"ATP6V1B2",-14.015978254959
"VAMP8",-14.0198614163768
"MIR3681HG",-14.0276357571151
"TSPO",-14.0328155839936
"CCDC26",-14.0495706721137
"TTL",-14.0585517094011
"FTLP2",-14.0612253100953
"KEL",-14.0629484350518
"PKD2L1",-14.0755047988899
"MICALL2-DT",-14.1060906178584
"FTH1P2",-14.1249026832314
"SLC2A14",-14.1332667884088
"FLRT3",-14.1439246322114
"EOLA2-DT",-14.1468570189652
"HPN",-14.1812507607647
"CHST14",-14.1831118363213
"LY86-AS1",-14.1906449330899
"MIR3155A",-14.2500705716935
"SLC25A1P1",-14.2506097307231
"ZNF366",-14.2537849515794
"RAB40AL",-14.2573225956381
"RNA5SP108",-14.2716125274132
"EME1",-14.2810176546843
"LRRN1",-14.2851851585941
"LINC00499",-14.2873249944653
"GLYR1P1",-14.3303253969927
"PARAL1",-14.3328899717147
"CXorf58",-14.360397201932
"CDR2L",-14.3819777154964
"SNORA10B",-14.4009882910821
"LINC02709",-14.4226204732116
"OSR2",-14.4258553697589
"TMEM176A",-14.4274490198085
"RN7SL697P",-14.4428911855034
"RPL31P47",-14.4728400682895
"YES1P1",-14.4730178944881
"GRIN3A",-14.5144456379124
"FOSL1",-14.5160053747125
"NOP10",-14.5194772863604
"WNT5A",-14.5283001076116
"MIR623",-14.5656272319096
"FZD7",-14.5807580341013
"SPECC1",-14.5942463303497
"ATF3",-14.6052082321839
"MIR617",-14.6072313602892
"CHMP4C",-14.6182666989725
"TMEM184A",-14.6331091586128
"PIGR",-14.637026050922
"SLC1A2-AS1",-14.6723574380669
"FAUP1",-14.6863103093939
"FAP",-14.6986726408326
"NRGN",-14.7274235861979
"VPS37C",-14.7486807879352
"SLC52A1",-14.7613548432592
"ALDH7A1",-14.7711755288177
"LITATS1",-14.7825631076624
"HTR2B",-14.9309110309506
"SPOPL",-14.9333049855004
"CTNNBIP1",-14.9831489306443
"TFAP2B",-14.98647419904
"FAM135B",-15.0150810114723
"TBC1D3L",-15.0178002616418
"NAMA",-15.0454715179322
"RPL17P34",-15.0537988900344
"RTN2",-15.0716224556206
"RPL34P23",-15.0762945009313
"TUBB6",-15.0911518103701
"CTTNBP2",-15.1040974333327
"HYDIN",-15.1065642693511
"THEMIS2",-15.1333746188326
"MMP9",-15.1411893807643
"SLITRK4",-15.1466296797674
"TNFRSF8",-15.1536518522262
"ZNF629",-15.1620466181623
"WASL-DT",-15.1657346716293
"TTYH2",-15.1947445743177
"PPP1R3E",-15.2402784360222
"CCDC88A",-15.2736740358058
"RGS5",-15.2783829053583
"GLRX5P3",-15.3004004096282
"TPMT",-15.3055073211444
"RIPOR3-AS1",-15.3299274030418
"PRDM10-DT",-15.3543871517609
"FNDC3B",-15.3745317153103
"ZNF514",-15.3909334942247
"SNTB1",-15.3941435624636
"CYP51A1P3",-15.3991744417215
"CCM2L",-15.4085642742359
"ITGA7",-15.4088218694379
"PHOX2A",-15.4265961021926
"CAV1",-15.4358896981202
"SLC49A3",-15.4503402821574
"TASL",-15.4513946418871
"SHPK",-15.4742796577008
"LNCTAM34A",-15.4754178384649
"ATP6AP1-DT",-15.4904162776078
"MMP2",-15.5211149670446
"CFAP97D1",-15.590467958594
"GABRR1",-15.5987259667549
"TMX2P1",-15.6627828425579
"ORM1",-15.6737253621527
"MIR5094",-15.7173652538235
"RN7SL552P",-15.7623681763212
"IL17REL",-15.7928065451925
"ZDHHC4P1",-15.8805148384396
"THSD4",-15.9315737117493
"ACSS2",-15.9355564896382
"CAPN5",-15.951132349304
"NINJ1",-15.9656284798332
"MTSS2",-15.9805512536954
"MT-TL1",-15.9890953921549
"RSAD2",-16.0240337665597
"HPDL",-16.0404805786279
"CARD16",-16.072713263243
"THRB-AS1",-16.0753575751856
"CCL4L2",-16.0903531559558
"QPCT",-16.1133313959232
"MIR645",-16.1135602885043
"NHSL1",-16.1204338579785
"ADM",-16.1346478313277
"HSD11B1L",-16.1513560871303
"AIF1L",-16.1631732551381
"DDO",-16.191750664943
"RPSAP47",-16.2578129509192
"KIF14",-16.2737706790763
"RN7SL798P",-16.2789574007184
"USP2",-16.2851493245571
"ACTN1",-16.3010354572825
"EPOP",-16.3097772741987
"RPL5P28",-16.3191413258723
"NEAT1",-16.3258302119633
"ARL5B",-16.39155109121
"PALLD",-16.4111218639034
"LINC01705",-16.4190920714501
"HMGCL",-16.4578805325058
"SOD2-OT1",-16.4587413018103
"CT69",-16.462170932859
"NLN",-16.4703388704907
"CEP170B",-16.4752451392355
"MTUS1",-16.4985077585627
"TRPV5",-16.5023839285433
"C19orf73",-16.5227396019257
"RAPH1",-16.5250257522481
"VAV3-AS1",-16.5262591433366
"RNA5SP282",-16.5334504378685
"TET2-AS1",-16.5340544548744
"GMPR",-16.5589989292063
"RHOQ",-16.5668886320232
"SNRPGP9",-16.6081912021441
"CD74",-16.6127445013789
"RNU6-238P",-16.61486834091
"RNF130",-16.6221357155688
"CA11",-16.626993219527
"SH2B2",-16.6348628051783
"LINC02708",-16.6395659981275
"DCT",-16.6615569553811
"OSBPL6",-16.6652338448842
"RNU6-1301P",-16.665305299051
"DNMT3B",-16.670005551765
"DZIP1L",-16.6734236873893
"RNU6-917P",-16.6794444778537
"RN7SKP283",-16.6829661068137
"RECQL4",-16.6926469449211
"RN7SL753P",-16.6989874722856
"SPINK1",-16.712473432755
"MIR601",-16.7394716826063
"L3MBTL4-AS1",-16.7421197222917
"NHLRC4",-16.7520170915391
"UPF3AP3",-16.7562324852998
"POMT2",-16.7592865306496
"LINC00964",-16.7614537684062
"SPINK4",-16.7633719390909
"CD276",-16.7640151589419
"ZNF333",-16.7750806957216
"GRTP1-AS1",-16.7996618746705
"RBM44",-16.8042737179647
"IZUMO1",-16.8137396860946
"GCSHP2",-16.8168966695006
"RPL36AP13",-16.8205245349608
"TRPM2",-16.8319487767688
"LINC01366",-16.8628968120313
"LINC02924",-16.8630646674471
"C10orf105",-16.8640939336694
"MTCO3P5",-16.8700744682576
"MS4A6E",-16.8720600201171
"TNF",-16.8759398927296
"SDAD1-AS1",-16.8971948770107
"ADAM7-AS1",-16.9074959810011
"ELF4",-16.9177276016884
"RTEL1",-16.9178546206645
"IRX6",-16.969035967733
"PRR16",-16.9738880782817
"CALCRL",-17.0627685016346
"MPND",-17.063181746337
"RN7SL608P",-17.0914615225181
"LINC03124",-17.1187353062829
"MT2A",-17.1568389136257
"ATOSB",-17.176476041247
"SYT15-AS1",-17.2104468817789
"CCDC83",-17.2213814906152
"MCHR1",-17.271885977973
"FGD6",-17.2750919753537
"MROH6",-17.3138784448213
"H3C12",-17.343804510605
"GNB2",-17.360482976828
"ABL2",-17.3670402583536
"LINC00996",-17.3853899495437
"HSPA1B",-17.427786121276
"CLDN10",-17.4856166333704
"TPM1",-17.5197232469738
"ACOX2",-17.5209793564839
"TPBGL-AS1",-17.5295469155452
"RNU6-1003P",-17.5369667715484
"ATP1B4",-17.5600764219169
"DNM1",-17.5639409295747
"BTBD3",-17.5779798284106
"SHOC1",-17.6047876139567
"CD40",-17.607760622102
"LINC00605",-17.6173629006435
"LINC01526",-17.6259070614785
"BACH1-IT1",-17.6544990505338
"DNLZ",-17.658576413565
"PFN2",-17.6725978851056
"IDO2",-17.7367421167807
"MADD-AS1",-17.7855654348766
"AGR3",-17.7985423972427
"LINC02705",-17.8088989050453
"ART1",-17.8107985892935
"SLC15A2",-17.857558658308
"SLC36A1",-17.9076713101067
"CAPN8",-17.917544261027
"FKBP15",-17.918341037604
"CCRL2",-17.9707055357849
"NKAPL",-17.9885017374383
"EFCAB13",-18.0009658608959
"CCL18",-18.0135234305949
"PIK3AP1",-18.0481247772634
"ST3GAL5-AS1",-18.0487900427515
"RNU6-1010P",-18.0615028926759
"ICA1L",-18.0694067035931
"GSCAR",-18.0977519743313
"DYNLT3P2",-18.1115644382756
"HS3ST1",-18.1254061940575
"CKAP2P1",-18.1375455141855
"PRR11",-18.1525637885369
"TMEM82",-18.2034596064275
"GBP1P1",-18.2175891197412
"FAM151A",-18.2255694243439
"RNF228",-18.2499355398666
"IFT56",-18.2585822090801
"RPL13AP26",-18.2652906251329
"FTOP1",-18.2837988605874
"UBXN11",-18.3076605385467
"ARMH3",-18.3236705715955
"CLDN3",-18.3389274376658
"RNA5SP115",-18.3415316931716
"RPL21P68",-18.3442358552565
"CCDC200",-18.3798198773445
"RNU6-1157P",-18.3979811995014
"LINC02034",-18.4273147857723
"TMEM44-AS1",-18.4602661629925
"SIGLEC10",-18.4630020117054
"LY6S",-18.4784831237479
"CAP2P1",-18.5083753859887
"RASL10A",-18.5091526630737
"LMNB1-DT",-18.518417020775
"RNY1P11",-18.5655365531917
"PLA2G4C-AS1",-18.5754529670781
"EBF4",-18.5937111037655
"PHLDA3",-18.6039124455528
"LYSET",-18.6537375234837
"JAG1",-18.717816288659
"BMF-AS1",-18.7223272324801
"MXD1",-18.7332716742709
"PDE4B-AS1",-18.7337518141337
"TMEM183AP1",-18.7415189713464
"LINC02733",-18.7988399608444
"SLIT2",-18.8192994720249
"GAPDHS",-18.8470805476653
"MIR181A2",-18.84968098619
"RNU6-128P",-18.8510824886624
"C1orf167",-18.8661804754467
"YBX1",-18.878395238224
"MAP6",-18.9160927204012
"PDCD1LG2",-18.9183164290588
"RARA-AS1",-18.9219490846182
"CPVL-AS2",-18.9798154800757
"ADA2",-19.0041549146417
"YBX1P1",-19.0094007387356
"SUOX",-19.0276387156936
"BEST4",-19.0696779467943
"RAB20",-19.0881501016502
"HERPUD2-AS1",-19.1013860765898
"ADAMTSL4-AS2",-19.1480356897256
"TCEAL3",-19.1559832748382
"CMTM4",-19.2024427252876
"CFP",-19.2037090568632
"DEPDC5",-19.2628024246439
"NPM1P14",-19.2673694207743
"PLD1",-19.3437070883412
"RIN2",-19.3438765005315
"AGAP3",-19.3474477801012
"PTGIR",-19.3551081061983
"SMPDL3A",-19.3817556936928
"JMJD7-PLA2G4B",-19.4152334982736
"LINC00339",-19.4728493234841
"RCBTB2P1",-19.505257121921
"RAPGEF3",-19.5537594983052
"RCN1",-19.5741967791022
"UBE2FP1",-19.6198534420303
"MYO1A",-19.6373051093026
"PPM1H",-19.6412385378692
"LINC02247",-19.6485734768589
"VPS9D1",-19.6891124305125
"DHRS4L2",-19.6909654855473
"CASQ2",-19.7050157740658
"RNVU1-25",-19.7188988879979
"PRND",-19.7320494055353
"MYL9",-19.8351501329062
"VPS9D1-AS1",-19.861738486828
"STX3",-19.8682033991719
"GAS6",-19.8957352783793
"MYOZ3-AS1",-19.898596521937
"ARHGAP21",-20.0157106255194
"DSEL",-20.0368276620937
"KCNJ5-AS1",-20.0408569914147
"DCLK2",-20.0432840612427
"RNY4P34",-20.0516386043862
"ATP6V1F",-20.0828602457297
"MTCO1P4",-20.1036087347177
"SNAI1",-20.2144713900198
"NRP1",-20.2147874286299
"GNAI1",-20.2200774024369
"LOX",-20.2217702847719
"RPS15AP30",-20.2313108500112
"RPS15AP6",-20.2361501251239
"LGALS9",-20.2467604189367
"RPL10P18",-20.2524072589239
"MOGAT1",-20.2853205225266
"ARPC3P3",-20.3303441173483
"ZNF703",-20.3471423507006
"FGF18",-20.3502598395918
"SCGB3A1",-20.373824511783
"SNORA41B",-20.3876679767335
"IGHV4-28",-20.3923274096472
"LINC03100",-20.4054320340585
"GLRA1",-20.4075205301808
"AGRP",-20.456371734114
"SCNN1A",-20.4727435790055
"IL12A-AS1",-20.4961304721621
"PNPT1P1",-20.5030878280655
"SLC43A3",-20.5138726132711
"PTK2",-20.522282376445
"DNAH17-AS1",-20.5621629163656
"ST18",-20.5781182503569
"GNB4",-20.6120319825701
"EHBP1L1",-20.6439804662685
"MICALL1",-20.6572256573245
"SNORD3B-2",-20.6650935073315
"WHSC1L2P",-20.7173138725517
"LINC01664",-20.7174929166301
"HMGB1P24",-20.7472168669504
"CEACAM5",-20.7531377701371
"POU5F1P3",-20.8102677001292
"LINC02376",-20.8136164919531
"P2RY12",-20.8309036156484
"OTOA",-20.8896097714759
"DRGX",-20.8918966520582
"IFIT3",-20.8957895977469
"GAA",-20.9158410924931
"CD81",-20.9166685726124
"TRAPPC5",-20.9807091567795
"GSTO1",-20.9817257704885
"TREH",-20.9932524299033
"ADPRH",-21.0227719157334
"HPD",-21.0294788191107
"RNU6-597P",-21.0516590048133
"TCTE1",-21.0698359228494
"PSMD8P1",-21.0744450544144
"NCR3LG1",-21.0775011223815
"APOA5",-21.0862724240517
"RNA5SP365",-21.1034141578708
"CFB",-21.1207144004613
"SLC31A2",-21.1246580385343
"SETP5",-21.1412484077239
"HMOX1",-21.1521004195135
"MTND1P11",-21.159479021723
"LGALS1",-21.1871805428319
"DLC1",-21.2006318445208
"CACFD1",-21.220722184209
"GNAQ",-21.3017161479907
"HMGN2P25",-21.3063268327402
"AKAP12",-21.3103095703068
"SSC5D",-21.3147449570722
"RPS12P20",-21.3283255415679
"RNU6-392P",-21.3363019691997
"IGHV4-4",-21.3745333342448
"HSD11B2",-21.380137308769
"RN7SL698P",-21.408816461457
"ENDOU",-21.412476275999
"GABBR1",-21.460022748367
"S100Z",-21.4843164937682
"GPX3",-21.5666358667029
"FRY-AS1",-21.571465218988
"RNU6-433P",-21.5738498641353
"KCNMA1",-21.588843626791
"LINC02935",-21.5946473487799
"MILR1",-21.6470195586603
"SNORA31",-21.670957456169
"C5orf58",-21.6778658236049
"GPC5",-21.7173762241016
"CTSZ",-21.7398013369635
"NAMPT-AS1",-21.7555365725315
"GUCY1B1",-21.7824355579771
"SORT1",-21.8603774411708
"YJEFN3",-21.8682975135252
"BGLAP",-21.9114525910744
"CEBPA",-21.9241005489495
"RPL23AP36",-21.9549179774234
"LINC00968",-21.9891827579482
"TSPAN9",-22.0621713028207
"DST",-22.2463911760504
"MIR3155B",-22.2570782348211
"GSTA4",-22.2601805020315
"RAB6B",-22.2727067151863
"SLC12A7",-22.2954327620794
"MID1",-22.3095506438482
"PSME2",-22.3319211452861
"CLCN6",-22.3487714916862
"PRUNE2",-22.3574272481587
"CMYA5",-22.3690937941814
"RPS27P16",-22.3909177437929
"ALB",-22.4012405820347
"ATP5F1E",-22.4368328360792
"RRP12",-22.4472608981041
"PDLIM3",-22.466891465703
"BTK",-22.5856132312489
"RNU6-239P",-22.6105868847262
"VNN1",-22.6710792286093
"PSME2P2",-22.7142709268965
"HEBP1",-22.7334305173957
"RNF19B",-22.7802086027462
"ADGRG6",-22.792184071344
"PRR11-AS1",-22.808270205076
"ASIC3",-22.8127332775181
"NHSL2",-22.8457826209606
"TAGLN",-22.8777488472664
"KIAA0930",-22.8817214540733
"SERPINF1",-22.9118675235384
"TPRG1-AS1",-22.9127990275924
"HK2",-22.9152763344218
"RNU6-977P",-22.9273358291895
"ANG",-23.0113418061455
"RPL36AP33",-23.0236734533166
"SNX7",-23.0258477376038
"EXTL3-AS1",-23.0732698923002
"PLXNA2",-23.0742971725447
"PPIAP16",-23.0885860162608
"GPR153",-23.1112292755225
"CBFA2T3",-23.1206104478906
"AHSG",-23.1645308979137
"CALML5",-23.1645902166501
"IL13RA1",-23.1958385910395
"PLPPR2",-23.1962080351619
"SEC63P1",-23.2192723120874
"MYO7B",-23.2213620077948
"CD300A",-23.2232876144858
"TTLL10",-23.2500984143196
"MAPK6-DT",-23.2844694499323
"TLCD2",-23.2942768051873
"APCDD1",-23.3021448640229
"LINC01545",-23.36141558349
"TOR4A",-23.3975246489356
"ST6GALNAC2",-23.4049850833315
"HSD3B7",-23.4419887810493
"USP27X",-23.4509998566577
"LINC02908",-23.4521133243161
"NEDD4L",-23.4872027473342
"RTEL1-TNFRSF6B",-23.5048527310523
"LZTS1",-23.5315523760199
"GPX1",-23.5420064322567
"TXNRD3",-23.5464097051358
"LINC01226",-23.5541982852819
"PYCARD-AS1",-23.5898401266496
"CAHM",-23.6005911270134
"GM2A",-23.626027289976
"ELOCP31",-23.6362768122262
"ZEB2-AS1",-23.6399333545592
"SAA1",-23.6403980943568
"OAF",-23.6486288763922
"HSD11B1",-23.6733534525149
"RPL36P2",-23.6849515720023
"ARHGAP23",-23.6859276386393
"PTPRN2-AS1",-23.693881195496
"DYNC1I1",-23.7168683854844
"LRRC56",-23.7398720381005
"ZNF594-DT",-23.7413215442684
"DGKG",-23.7467284989667
"FUOM",-23.7926978212691
"RPL21P60",-23.7992328427505
"STPG4",-23.8082926913669
"LINC02207",-23.8107032006652
"P2RX1",-23.8237057021451
"AK4",-23.8495392647908
"LY6D",-23.8709902238674
"CNTN2",-23.9134569729333
"NYNRIN",-23.9978514856703
"GPR143",-24.0065309603306
"PDGFRL",-24.0117229408337
"FAM20A",-24.0250802334379
"RNU6-416P",-24.0550884268267
"ZNF285BP",-24.0787676917288
"OXER1",-24.1421851010644
"RAB5CP2",-24.1451748023325
"ATP13A3",-24.1514704432842
"CLMN",-24.1648965551701
"HOMER3",-24.1759377311795
"TMEM249",-24.2012248709734
"MRPL2P1",-24.2118519099075
"CARD6",-24.2369243081182
"PPP1R26-AS1",-24.2514261801653
"RAB44",-24.277366179677
"MPP1",-24.3137027827082
"FAM170B-AS1",-24.3287776203372
"WDFY4",-24.3525794284266
"DUSP6",-24.3777104666619
"TIMMDC1-DT",-24.3966930210639
"FMN1",-24.3983702953505
"TP53I3",-24.4620495721823
"LINC01482",-24.47683883657
"HLA-DMB",-24.481475596351
"INAFM1",-24.4984899969213
"RN7SL521P",-24.5082536431388
"LINC02610",-24.5491189311916
"CCDC80",-24.5491941406462
"RAB13",-24.5708921334061
"PYCARD",-24.5869278385284
"LINC01220",-24.6007406256652
"RASAL2",-24.6018607880916
"LY86",-24.6045529814604
"NOSTRIN",-24.6572848178599
"DAPK1-IT1",-24.7531303003178
"MTCO2P4",-24.7651154587097
"LINC02985",-24.7795882245891
"GPNMB",-24.8120224047743
"MIR188",-24.812495210256
"WLS",-24.8237648591528
"TCF12-DT",-24.8319524023032
"FTCD",-24.8335197109914
"MIR4308",-24.8370157680794
"KRT2",-24.8383147805049
"SAT1-DT",-24.9059947917247
"TNFSF10",-24.9087479008604
"GGT5",-24.926776785644
"RN7SL477P",-24.9714861312622
"C2-AS1",-24.9887300478219
"PRXL2A",-25.0391820448402
"MTCH1P1",-25.0969476483671
"LINC02939",-25.1446978918087
"DCSTAMP",-25.1843096966321
"GHSR",-25.2161601508451
"TMEM98",-25.2252898522767
"NUDT12",-25.2388695749278
"SH3BGRL3",-25.2853703669765
"FFAR1",-25.2901952010938
"LYPD5",-25.3141604421338
"FAM32BP",-25.3174847631115
"TNS3",-25.3291509532488
"ITGB8",-25.329985255577
"FOXQ1",-25.3714106718074
"SFTPD",-25.4631895879335
"ZFYVE16",-25.4906759271794
"CLEC9A",-25.5481408235441
"PROC",-25.5568819621895
"RPL7AP2",-25.5626844740952
"IGHV4-61",-25.6179629349366
"C2",-25.6275542550934
"SATB2",-25.6338710998106
"CTSB",-25.6631664046759
"RN7SL454P",-25.6664723231571
"C9orf152",-25.7692782119966
"AFG1L",-25.8110848920931
"NRN1",-25.8341936768643
"LATS2-AS1",-25.886559579615
"SPATA20P1",-25.9024309155557
"BICD1P1",-25.9363815694669
"TICAM2",-25.938958954407
"TMEM198B",-25.9711519747424
"MT-ND3",-25.9948567170825
"MPDU1-AS1",-26.0077854182029
"RPL36AP15",-26.0806408006409
"GAS2L1",-26.0881970069424
"TNFRSF21",-26.272479294292
"CAPS2",-26.2941564116912
"LINC01500",-26.2962947484058
"LINC01359",-26.3775490286579
"PCGF2",-26.3986499324404
"CUL7",-26.4421556929377
"LINC01485",-26.4947138065136
"PNLDC1",-26.5662353200987
"BANF1P1",-26.6366574816771
"GJA4",-26.7597348334198
"RENBP",-26.7878070572079
"AREG",-26.7893705975109
"IGHEP2",-26.8502808061118
"HDX",-26.8665658746397
"DOCK7",-26.8691686508876
"DPYD-IT1",-26.874261058963
"PPP1R26",-26.9221120600782
"ATOX1-AS1",-27.0463836551546
"APCDD1L-DT",-27.2041466235228
"IL6-AS1",-27.210649061348
"SNRPGP14",-27.2572411966247
"MAG",-27.2609060666498
"NPHS1",-27.2723984422725
"MMP17",-27.2731678698305
"SFRP4",-27.3112271590584
"KIFC3",-27.345690089223
"BOC",-27.3603019303033
"RHOBTB3",-27.3886011323316
"MFSD6L",-27.4104968505792
"UGGT2",-27.4311327652035
"HDAC11-AS1",-27.464636293259
"GNS",-27.5433174525308
"LINC01876",-27.5615666590197
"MARK2P8",-27.5651118011039
"ARHGEF10",-27.5961601883008
"HCAR1",-27.6090624089154
"ZGLP1",-27.6768391199542
"TLR1",-27.7483075271213
"PIP5K1B",-27.7934280375818
"MMP14",-27.838663648447
"PLA1A",-27.8448145615848
"FTH1P8",-27.8567268232787
"RBMXP3",-27.8569713958725
"GRIN1",-27.8781850778941
"SHISA4",-27.8836827788134
"RAB3D",-28.0059245034301
"GRTP1",-28.1022573518978
"H3-7",-28.1375584514961
"RHOQ-AS1",-28.1422891550139
"DDX10P1",-28.1849084131593
"GDPD5",-28.2000273341578
"LINC00607",-28.2169632275286
"SPTBN5",-28.2211268519096
"SLC6A12-AS1",-28.2226445783414
"TEX41",-28.2940447157656
"COL4A2-AS1",-28.2959778574354
"CD300LD",-28.3372697779687
"CNTLN",-28.4093907008938
"AZU1",-28.4244666337918
"IFNGR2",-28.4675908113541
"HEPHL1",-28.5281101369897
"RFX2",-28.5348875758318
"GLIS3",-28.5435913533398
"HESX1",-28.5488099903948
"APOA4",-28.5828694097215
"SNCA",-28.5834865064273
"GIN1",-28.6146625202003
"PIGHP1",-28.6201998379423
"ZNF804A",-28.6302677481215
"HLA-DRB1",-28.6313503494939
"EIF2S2P5",-28.6904333443537
"SPINK5",-28.7738839736596
"HLA-DQA1",-28.813273175635
"SERINC2",-28.8184735247029
"TYMP",-28.8654299541259
"FMO7P",-28.8796925816229
"PSAP",-28.8985901437923
"SAMM50P1",-28.9018949912199
"LINC01511",-28.9102082365342
"RNA5SP151",-28.9746315222285
"DRC12",-29.0033722079418
"LAIR1",-29.1296823299956
"SAMD4A",-29.1304480647101
"HP",-29.147989103507
"HSPA5-DT",-29.2997944478913
"GPR84-AS1",-29.3023454511451
"UICLM",-29.3181974410997
"ART3",-29.429141952921
"FZD1",-29.5781093197443
"ACTBP14",-29.6264140850263
"HLA-DPA1",-29.6560217703313
"ELOVL2",-29.6883591386128
"HORMAD2-AS1",-29.8259994142017
"FAM151B-DT",-29.8632070307402
"GPR3",-29.916336230177
"CELA2A",-29.9467127816086
"FTH1P7",-29.9523394780171
"LINC03019",-29.988824195322
"LINC01942",-30.0261489777388
"SLC25A51P3",-30.0365765161093
"NFKBIA",-30.0457629332984
"RASSF4",-30.0590061541271
"DAND5",-30.0859541596294
"CAPN11",-30.1570876824665
"MIR6075",-30.1686733398223
"ZNF705A",-30.1916276268382
"PENK-AS1",-30.2026957681588
"ALDH1A1",-30.2466293038528
"SHTN1",-30.2831838716465
"RFX5-AS1",-30.4308670281749
"LYN",-30.4534340752096
"PSMA6P2",-30.4562050544829
"PRKCZ-AS1",-30.4774952390151
"LINC02029",-30.4904485132965
"LINC02980",-30.5377276376398
"LIM2-AS1",-30.5423521223423
"RN7SL76P",-30.6126087289872
"LINC00900",-30.6132042353323
"EPHB3",-30.6242521694057
"MIR4420",-30.6757772798764
"S100A2",-30.741979105494
"CHST15",-30.7424485175723
"AOC1",-30.8039996716228
"CDH16",-30.810614398542
"KLF3P1",-30.8255749262857
"TBC1D8B",-30.8593154742379
"ACTN2",-30.8991143078859
"CTSD",-30.9085064090254
"RHOBTB1",-30.924326126013
"PDGFC",-30.9425065887277
"TMEM176B",-30.9559943381028
"LINC02068",-30.9748025782841
"BEND3",-31.0182096868137
"KLK1",-31.0345447217393
"CCDC24",-31.1127166957486
"RNU6-1024P",-31.2271873650281
"LINC00428",-31.2348618464174
"FJX1",-31.2661970327768
"LINC01262",-31.2835054893737
"FTH1P4",-31.3120197782181
"PRDM8-AS1",-31.3759105874767
"TCN2",-31.408339526938
"TCEAL9",-31.4372140331578
"DOK3",-31.4760074351353
"NHSL1-AS1",-31.5297355029492
"PRKAR1B-AS2",-31.6295968205033
"EIF2AK3-DT",-31.6479822367003
"FOXP1-DT",-31.8176162350061
"RAB42",-31.8650722813016
"MT-TR",-32.1067632443961
"GTF2IRD1",-32.1115397991771
"TRIM6",-32.1875110805065
"GASAL1",-32.187824924665
"ATOX1",-32.2001151592486
"CLCN1",-32.2159089335217
"SPMIP3",-32.3243642027713
"MSRB2",-32.3473954549623
"SPMIP2",-32.3864037001814
"SLC12A4",-32.4056693895409
"COLEC12",-32.4307994324313
"FKTN",-32.4391290209106
"LINC00309",-32.4394750796342
"FGD2",-32.5640145324208
"MTND3P10",-32.5747596951512
"SH2D6",-32.6019882548137
"LINC00189",-32.6204039846366
"TMEM44",-32.6550115564759
"ZFHX3",-32.731411365751
"CRYBA1",-32.7670031465499
"RPL32P1",-32.7875301141357
"DAPK1",-32.8082203322895
"C1orf53",-32.8196911535241
"CDH23",-32.8209612823947
"LINC01730",-32.9086083301385
"APOC1",-32.9413984892998
"BMAL2-AS1",-32.9684793092943
"ZNF516-AS1",-32.9956385175468
"SDS",-33.011319844456
"SLC22A7",-33.0196952130953
"RNF144B",-33.0265248286717
"SLC7A7",-33.0652221919363
"C19orf84",-33.0684335676447
"GPR161",-33.0857535189999
"ARHGEF17",-33.0878875286122
"NCF1",-33.095172093433
"PRECSIT",-33.10715399224
"NBPF19",-33.1419158664165
"DTD2",-33.2235186181427
"ICAM1",-33.3058477364638
"FAM110B",-33.3875201246563
"NRARP",-33.4247517186
"CD300C",-33.4679845757796
"GRN",-33.4744358188323
"RPL36AP19",-33.4923862743287
"DLEC1P1",-33.5496649663095
"PPIAP72",-33.5556306639139
"SAT1",-33.5736552430245
"TMEM88",-33.6660270567703
"RNF217-AS1",-33.6769324621478
"PGC",-33.7117096452028
"DSC2",-33.7184979076332
"SERPINB9P1",-33.7330668207848
"HLA-DRB5",-33.8244779750369
"ITGA5",-33.8278917265076
"HLA-DRA",-33.8314654508723
"C1orf167-AS1",-33.8887061954864
"PRB2",-33.9031494926183
"BLZF2P",-33.9441010244571
"CDC42EP1",-34.0038602481542
"LINC03073",-34.0221829582478
"ENG",-34.0598070829661
"ITPRID2-DT",-34.1333855016618
"JPH4",-34.2271818600137
"TACR1",-34.2575018372509
"HMGB1P8",-34.2810005915539
"CTSS",-34.4533320017645
"GRK3",-34.5551784209651
"LY6S-AS1",-34.6095714228616
"ZNF503",-34.6638043043422
"RPL11P3",-34.7205773670585
"EMILIN1",-34.7341272739677
"DMKN",-34.7356324772856
"ENEMAL",-34.7674409032501
"SCIRT",-34.7812255450153
"ZNF582",-34.8529987424537
"LINC03086",-34.8732137292078
"IFIT2",-34.9704341333904
"SNX10-AS1",-34.9947446729555
"KAZALD1",-35.0004035239211
"IFI27",-35.0696129401222
"PEA15",-35.1242405262725
"RFPL4AL1",-35.1488286172781
"HSPA1A",-35.1726132119697
"ZG16B",-35.231378990718
"LINC00942",-35.3228004956636
"CTIF",-35.3913171414222
"LINC02356",-35.3948763112953
"SLAMF7",-35.4167397916149
"SH3BP2",-35.4319944686397
"MSANTD1",-35.5010803411385
"VASH1",-35.6410401464893
"ZBTB34",-35.703952037487
"EPHB2",-35.7096805017111
"CLEC2A",-35.8891672832229
"IFIT1P1",-35.9331142181196
"APOD",-36.0144812791024
"CHIT1",-36.0477871449428
"TSHZ3",-36.1295121798544
"LINC00243",-36.2174418811438
"SCHIP1",-36.3233197929104
"QSER1",-36.4718865241677
"GRAMD1A-AS1",-36.4738422867252
"GGT8P",-36.4985448742876
"EIF1P6",-36.5012167929443
"CPNE9",-36.5906105115589
"CRYAB",-36.5925563769769
"HMGB3P4",-36.6450676919505
"TSPAN32",-36.7481717608081
"LINC01732",-36.791793704337
"EHD4-AS1",-36.8842680789368
"LINC01819",-36.8919573953293
"DNAH3",-36.9088640056759
"MARK3P3",-36.9108698828148
"LGALS7B",-36.9315917582678
"TIALD",-36.9672725399316
"TTC39A-AS1",-37.001174089961
"MBOAT2",-37.0039051130859
"FBN2",-37.0188060926134
"DMBT1",-37.048539503233
"TTC7B-AS1",-37.1947987413433
"TGM1",-37.2678555075071
"ASS1",-37.4210667705506
"MTND5P14",-37.5077639307591
"P2RX7",-37.5109546801184
"RTN4",-37.6079731234331
"NECTIN2",-37.6145779449753
"SDC2",-37.646821058791
"ABCA1",-37.6669933524279
"SPR",-37.676008273499
"OLIG1",-37.7262769793493
"ZMIZ1",-37.7343797820392
"LDHD",-37.7404495382486
"HSPA8P3",-37.7478454768868
"LINC00528",-37.7929113946745
"PATL1-DT",-37.8499733387933
"CDYLP1",-37.9035750504381
"STAC3",-37.9196176620103
"CKAP4",-37.9595675211571
"ST14",-37.9905695780864
"MIR326",-38.0351395947062
"BMP10",-38.0540778479943
"DAB2",-38.1872875655288
"LRP5",-38.2372962663663
"EMILIN2",-38.3391052417785
"CNTROB",-38.3454241055794
"ARHGAP31-AS1",-38.3530732720271
"TBC1D22A-AS1",-38.3705919247792
"MUC1",-38.3767771839279
"RANBP3-DT",-38.3891188675817
"KRT8P42",-38.4038642420513
"FOXN3-AS1",-38.4948970353559
"NLRP3",-38.4972228556
"LNCOC1",-38.5203416773496
"PXT1",-38.5412120346644
"ARHGAP32",-38.6921747709393
"WBP2NL",-38.7304490481217
"LINC00278",-38.8507871560865
"SLC38A6",-38.8845519391232
"NDUFA9P1",-38.8995872747415
"SPESP1",-39.1562565071526
"P2RY1",-39.2065558062172
"LINC02993",-39.3561769221968
"ELOVL3",-39.5568450420564
"SIGLEC11",-39.5913430200585
"HNF1A-AS1",-39.5981910862357
"FMNL2",-39.6098436018549
"FFAR4",-39.6645164667077
"FTH1P11",-39.7026207853233
"KRTDAP",-39.8206993733622
"PPP1R14BP3",-39.8695825553476
"KMO",-39.9564008885254
"CTSL",-40.0039364311405
"STXBP2",-40.0041464472963
"ESPL1",-40.0320745661
"LHFPL4",-40.2550416162645
"MCTP1-AS1",-40.2882268397023
"EGFL7",-40.3952786422496
"CYB5D1",-40.4645391385853
"KRT8P31",-40.5438541766581
"SCIMP",-40.5979092415762
"LINC02933",-40.6023533675
"PLPP3",-40.69886158657
"TULP2",-40.7009798173992
"AIRN",-40.7430135074822
"SH3RF3",-40.7705260805709
"FNIP2",-40.8192544251523
"RIMKLB",-40.9702119508751
"C2orf50",-41.0019208701699
"RAB31",-41.0829621859005
"LRRC4",-41.0964921675904
"LINC01150",-41.1102670550576
"LY96",-41.2336528627434
"RNASE2CP",-41.2540008325677
"NRIP3-DT",-41.299966700723
"ETV5",-41.3965245718547
"PDLIM1P4",-41.4582403221249
"IFNK",-41.5612450202741
"SLEAR",-41.6537524279922
"RPS27AP8",-41.7391701962013
"ARRDC4",-41.7413720253253
"APOA2",-41.7483397703658
"RPL36P11",-41.7529803104008
"CD63",-41.7775351733014
"ARL4AP4",-41.8357982656463
"TBC1D12",-41.878960112883
"CFD",-41.9052642131328
"MRNIP-DT",-41.92557463962
"MUCL1",-42.0405506394985
"NLRP12",-42.1519642196319
"RASGRF1",-42.2510711844968
"ITGB4",-42.6046731566851
"RNU5A-2P",-42.7372659160865
"RNU1-61P",-42.8098744094557
"NRP2",-42.9236076282351
"PPIF",-42.9527813939594
"PHACTR1",-43.1160342167136
"LINC02605",-43.2478535468779
"ZNF280B",-43.3295081906443
"NRROS",-43.3520332567848
"HLA-DQB1",-43.3562039128744
"C2CD2",-43.3947671093669
"SNX10",-43.4521904102682
"RDUR",-43.5831636798835
"L1TD1",-43.6406126632133
"RANP5",-43.6592317410808
"MRPL20-DT",-43.714067453486
"LINC02574",-43.742952650327
"LINC01237",-43.7859641894475
"LDHBP1",-43.8092299669614
"LINC01503",-43.8291208890995
"DDX3ILA1",-43.9353906583516
"MIR1282",-44.0468074445688
"SLC34A2",-44.0868709476472
"TMEM51-AS1",-44.1323387766947
"MYBPC3",-44.3254508649222
"H2AC16",-44.3884228066711
"SH3BP1",-44.4105560813075
"MTARC1",-44.4173857185554
"TNS1",-44.6198624117093
"KCNJ15",-44.6396611149524
"SIGLEC14",-44.7356487572819
"SUGCT-AS1",-44.7653456014216
"RNF175",-44.8316212356126
"LINC01271",-44.893484840115
"GDF15",-45.0318546973144
"IFTAP",-45.0641265847675
"LINC03014",-45.0861850300555
"NODAL",-45.1772817037199
"PADI4",-45.2045950424644
"RPL12P37",-45.2062791961558
"ASRGL1",-45.279941410823
"CCR2",-45.313494922401
"LINC02513",-45.3264414747882
"MARCHF1",-45.4891163330184
"MYEOV",-45.490500690731
"ACSL1",-45.6326892416516
"RNU6-1127P",-45.633991327963
"MINDY1",-45.7510163255173
"IL12A",-45.7565458832843
"MAMDC4",-45.7640015924367
"LINC00677",-45.8075970913865
"BASP1-AS1",-45.8247206519739
"DPYD-AS2",-45.8723247718065
"DPRXP4",-45.8801196520005
"LINC02639",-45.9046536305617
"SCUBE2",-45.9641122577945
"CICP27",-46.1086414889315
"CDH26",-46.2157322694578
"LINC00173",-46.2512977199498
"NPC2",-46.2798051259858
"TAF9BP1",-46.3722411656622
"LINC02970",-46.450339363076
"BICRA-AS1",-46.5596586795436
"SLC8A2",-46.5618821445306
"SOCS6",-46.7149407600837
"CAMK1G",-46.7777355580489
"CDH13",-46.7835935178666
"PYGL",-46.8584766499285
"RXRA",-47.0118353811997
"EIF2S2P6",-47.0198213578824
"CLDN4",-47.0598920609705
"CDS1",-47.0826327224216
"ANXA3",-47.2859893524596
"CSF3",-47.3337659778446
"LINC02371",-47.4522962826173
"RPSAP6",-47.4548510856298
"TPM2",-47.5691967572748
"MTND5P28",-47.734367800364
"KCTD3",-47.9905078746835
"CDC20",-48.076020946587
"SLC30A4-AS1",-48.1127648545459
"MIR194-2HG",-48.2065770481527
"PHETA1",-48.2352752762013
"IL1RL2",-48.2639299696932
"PLEKHA6",-48.3993314516189
"BRI3",-48.5774175747769
"MT1G",-48.6191681139733
"SFTPC",-48.6623108931234
"FHAD1-AS1",-48.6696814624423
"HFE",-48.7045066518156
"RFPL4A",-48.7281105482037
"GP6",-48.7469163537004
"SIGLEC16",-48.7730183484405
"AMBP",-48.8288871897113
"FCGRT",-48.9077643744
"NPPA",-48.9364791366201
"ARHGEF40",-49.0235840397138
"MTCO3P43",-49.0843970438057
"DHDH",-49.1840772329523
"MITF",-49.1964947515548
"COL4A2",-49.2314353190142
"SFTPA2",-49.2450887708756
"RGS18",-49.3938387932829
"MANSC1",-49.4159791042755
"FCN2",-49.7356377850817
"JDP2",-49.7489577126983
"RPGRIP1",-49.9566808556607
"GAL3ST4",-49.9715923818133
"WDR49",-50.1218953664489
"C5AR2",-50.2696842741819
"HSD17B14",-50.3026944348737
"AMER1",-50.3411646904672
"MIR4734",-50.5368731416661
"PLEKHA7",-50.5884253797163
"PINLYP",-50.7359342485922
"TFF2",-50.7718922173174
"CFAP43",-50.8053012373339
"LINC00880",-50.8171796360679
"RNU6-934P",-50.9900443683433
"DIAPH2-AS1",-51.0302793074979
"DENND5A",-51.0500567636109
"FAM151B",-51.1633181944336
"OLFML2B",-51.2632021510015
"SESTD1",-51.2731571954054
"FOSB",-51.4007777161088
"CCSER1",-51.409376343776
"AATBC",-51.4904286848609
"CLDN18",-51.6022117139575
"LINC02986",-51.6172573531714
"EGLN3",-51.6309113995596
"SEMA3C",-51.6569749472858
"RBMS2P1",-51.7146408984583
"NR1I2",-51.7501845347732
"CBX5P1",-51.7765436430833
"EDAR",-51.8075932735718
"OPLAH",-52.1430901647442
"FXYD6-AS1",-52.2632479600982
"NUDCP1",-52.3705257168165
"PTPRO",-52.5246670037831
"CACNB3",-52.5327874623432
"GATM",-52.6327215306738
"TCF7L2",-52.7362800184419
"RPS2P36",-52.7689675859135
"ADGRB1",-52.7874271290723
"MYL12BP1",-52.8174616801534
"CCL24",-52.98064611406
"RASGRP4",-53.0498219773866
"MAGI2-AS3",-53.107238135178
"GP5",-53.2114993870418
"ABCB4",-53.212151172439
"ITLN1",-53.213630632543
"TIMP1",-53.3021041315773
"IFITM3P3",-53.3361758614874
"ABHD16B",-53.3403591458106
"CCR1",-53.3409948229405
"MIR3198-1",-53.4136265893041
"LRRK2-DT",-53.4737522552356
"LAMB2",-53.6047298662357
"TVP23CP1",-53.6143084078952
"RAB7B",-53.6719183739208
"DSE",-53.7321309411382
"RNU6-204P",-53.737900357097
"GLTC1",-53.7698865948582
"AANAT",-53.841080242309
"LINC01093",-53.8549106844628
"GPR85",-53.9509972182579
"PXMP4",-54.0087553958125
"MADCAM1",-54.0176514322113
"MYO15B",-54.0986938810087
"CDKL5",-54.1119414668258
"TBKBP1",-54.4020356120014
"BCL2L2",-54.4547785765446
"RPS2P44",-54.4626549647939
"JDP2-AS1",-54.503838892019
"SLCO2B1",-54.5560104774965
"CACNA1G",-54.7256200062309
"SYT13",-54.7647137962873
"PTAFR",-54.8193214883064
"CD86",-54.853289598924
"HPCA",-54.8725887362467
"CATIP-AS2",-54.937297921041
"ELAVL4",-54.9568672335629
"TFAP2C",-55.0024370508074
"NIPSNAP3B",-55.0163589152578
"INCA1",-55.0665989090823
"ZNF219",-55.0943474943884
"PSTPIP2",-55.1170380977668
"MAML3",-55.1670555181106
"SDC1",-55.186223609846
"LILRA4",-55.3155237219419
"CTDSPL",-55.4214880703914
"TJP2",-55.4484776181418
"MERTK",-55.5255347668046
"RPS27AP9",-55.5529708556412
"LILRB5",-55.6400056363758
"LILRB1-AS1",-55.6993315534435
"EHF",-55.7222971094917
"PRKCG",-55.7672751599561
"XYLB",-55.7926477827989
"HMGB1P21",-55.9141899043472
"SERF2",-55.9162599162896
"FGD4",-56.0454073623058
"FAM204BP",-56.1887640653078
"CENPW",-56.4753427731282
"DPPA5P2",-56.648327077747
"PLIN4",-56.670253002936
"LIN7A",-56.8704474539032
"SH3PXD2B",-56.9018795502356
"TACSTD2",-57.0014401088956
"GAS7",-57.1190988535112
"CLEC12A-AS1",-57.1488057295634
"SFTPA1",-57.2208289393423
"SASH1",-57.2450989337886
"ECHDC3",-57.3229023787008
"JARID2-DT",-57.3932923055493
"MN1",-57.6092401150829
"HLA-DQB1-AS1",-57.6328830677461
"ACOT11",-57.6331837615484
"IL18",-57.7813529390596
"FLT1",-58.1915950642713
"MIR223HG",-58.2289615902835
"FCGR3B",-58.5188072849668
"NPFFR1",-58.6495718973679
"RPL7P18",-58.9481742549921
"FRMD3-AS1",-59.2234352844563
"UNC5A",-59.2396423293702
"SLC8A1",-59.277892513093
"PRSS8",-59.3780630538576
"MTUS2",-59.3856034518806
"KCNAB3",-59.4355731399062
"CLEC4A",-59.6677927371964
"TMEM150B",-59.7690130952753
"LINC02978",-59.9712059418274
"PRLR",-60.2242494855834
"LINC02285",-60.2952817009322
"FCGR2A",-60.3659432203376
"SHROOM1",-60.3989067024064
"MAB21L3",-60.4090376779895
"SEPTIN4",-60.4281335624539
"SGCA",-60.42871715199
"OCRL",-60.476400614511
"HRH1",-60.487350535811
"WWC2",-60.5065031680467
"LINC01703",-60.5116350223113
"SPHK1",-60.5579207754231
"PLCB3",-60.8035502393825
"FTH1P20",-60.8125015438839
"SMPDL3B",-61.0280201912886
"LINC00877",-61.031035350148
"CEACAM3",-61.300446690549
"ST3GAL6",-61.3075565838065
"HGF",-61.3731646349938
"P2RY2",-61.3741083645249
"KCTD14",-61.3798713000227
"RCN3",-61.4090112825614
"PLBD1-AS1",-61.411378686548
"KCNMB1",-61.4586625715024
"MARCKS",-61.5851184589857
"PRR29-AS1",-61.6084772739077
"TMEM253",-61.740313493139
"RIN1",-62.0372282704404
"LINC00656",-62.2835063943254
"GARIN4",-62.6529156452484
"CATIP-AS1",-62.6697938995829
"MRC2",-62.7058739866346
"TREML4",-62.8710398715555
"PLEK",-62.918359514729
"SFXN4P1",-62.9341098736416
"RAP1GAP2",-63.1307099582636
"GBP1",-63.1862211422723
"NACC2",-63.1945606170332
"IFI30",-63.2290941765113
"PDE6G",-63.2430762299347
"HES1",-63.3248242275659
"RPL21P19",-63.5864712356487
"GLDN",-63.6079055414188
"C3",-63.6682150507905
"LY6K",-63.8053678262282
"KREMEN1",-63.8389484863661
"SLC25A39P1",-63.9644292629367
"TFF3",-63.980755870376
"ANOS1",-64.0319887400057
"DEPDC1P2",-64.0911200346641
"MYRF-AS1",-64.1154667678821
"EPB41L3",-64.1757672290001
"LINC01888",-64.2304170850647
"EXOC3L4",-64.4348802046688
"PTGES3P1",-64.592593944537
"EDN1",-64.8058265154606
"ZNNT1",-64.9145888781091
"LINC01471",-65.0541025487789
"CD68",-65.2436872989309
"FCGR3A",-65.277851683145
"GASK1B-AS1",-65.2947494804366
"IL31RA",-65.3763185488593
"ADGRE2",-65.4648568115387
"LINC02541",-65.6064733526997
"PERPP3",-65.6564772842384
"DNM1P35",-65.796249215968
"IGF2BP3",-65.8510088281026
"GPSM1",-66.056646288268
"DDAH1",-66.0698279565598
"LINC01637",-66.2987697480389
"SECTM1",-66.3009315972759
"ZBTB47",-66.48796611128
"INHBA-AS1",-66.7256178020598
"LINC02555",-66.7950308128066
"MRAS",-66.808474853934
"FCRLB",-66.8680928413679
"RND2",-66.9544467246207
"LMO2",-67.0470116615068
"RNF217",-67.058736580937
"HDAC11",-67.207787054315
"ALDH2",-67.4432045994666
"TMEM121B",-67.4846533546649
"LINC03040",-67.5061910672502
"TREM2",-67.7183705878887
"ACP3",-67.8074114076516
"RBM47",-68.0626097666002
"ARGFXP2",-68.2302756119088
"LINC01232",-68.4385982408326
"AIFM3",-68.6587755596839
"EPGN",-68.865739222289
"TRPM4",-68.9673609430207
"UPK3A",-69.048642256713
"ZMIZ1-AS1",-69.2424338177524
"ITSN1",-69.3910062964689
"COL13A1",-69.6568442306637
"TMTC1",-69.8800377067474
"SYK",-70.0746273162252
"KYNU",-70.1442583532495
"STAB1",-70.7116080446407
"KLHDC8B",-70.7654223177603
"CD36",-70.9909000309726
"UACA",-70.9941426383434
"LINC02977",-71.048241182815
"MGAM",-71.1108978195749
"TLR5",-71.1210288385277
"RCBTB2",-71.2505834524546
"CPED1",-71.4705815664712
"EMP1",-71.472513312709
"LINC02723",-71.5777644062998
"C1orf127",-71.5797128279656
"ZNF618",-71.6813964923408
"CDC42BPB",-71.7181192449133
"CHST13",-71.7805249451307
"SLC1A2",-72.1068851983028
"SPRED1",-72.189650660667
"MRC1",-72.2098590851118
"LINC02631",-72.3236590604786
"PACERR",-72.4451771450621
"ARNT2",-72.717258610052
"ELOVL7",-72.7729194455306
"ARHGEF11",-72.8329634416192
"COL8A2",-72.9717332121867
"NEIL3",-73.3008812754145
"STEAP4",-73.3602290432233
"ICAM5",-73.4357742912756
"KCNQ1",-73.5145614195224
"CUEDC1",-73.5908956004433
"KCNJ2-AS1",-73.6313756553635
"CD209",-73.649194451356
"RN7SL105P",-73.9097255137133
"TMEM255B",-74.1688910972882
"ARPIN",-74.3399513212087
"ACVRL1",-74.6010508257968
"BAIAP2-DT",-74.6091403064869
"SLC1A3",-74.9616394288602
"NDST1",-75.0725780276487
"MPIG6B",-75.1512546472888
"CCDC170",-75.2320179374879
"SLC24A4",-75.4338124165042
"SLC2A6",-75.4882352928019
"EMICERI",-75.5925143793816
"LINC01852",-75.7443352353263
"ADGRE1",-76.0980891806829
"FRMD3",-76.1083588560036
"CD93",-76.1167902549582
"SEZ6L",-76.5176588016696
"LAMP5",-77.0370492848457
"TOB2P1",-77.2288932006423
"GAS2L3",-77.2941871546705
"CFAP58-DT",-77.3717225516761
"OSGIN1",-77.3761539540148
"LEFTY2",-77.4790307175583
"ZNF697",-77.5391106007538
"ARMC2",-77.6613653676833
"EXOC3L1",-77.8416811478359
"MGST1",-78.0701456857927
"ICAM4-AS1",-78.1103752585968
"ANKRD50",-78.453089683795
"OLFM1",-78.5977559339145
"SLC8A1-AS1",-78.6074367172679
"LINC02757",-78.6740658745481
"OR5B21",-78.6951223453354
"C1orf162",-79.0429820742148
"PTGS1",-79.1563598062575
"SOD2",-79.3947370319397
"TMEM106A",-79.7406282424266
"S100A6",-79.7446404803844
"NRG1",-79.7769425552012
"ADORA2B",-80.48416475713
"TNFAIP8L2",-80.7619989282221
"S100A11",-81.013768151139
"CD1C",-81.2538126420212
"PTPN12",-81.36320661897
"FXYD6",-81.8642482436632
"RPL7AP20",-82.1134856396109
"SERPINF2",-82.3530153051165
"FN1-DT",-82.5992289732703
"VAMP5",-82.6178773107628
"NIBAN2",-82.8447077315148
"LINC02773",-83.0659216115066
"ITGAM",-83.3821453267697
"LINC01684",-84.3541306486441
"VENTX",-84.7390500177104
"CDH13-AS2",-84.7481159880273
"SLC46A2",-84.7650187232772
"FGL2",-84.7863296064673
"LINC01948",-84.9216120582478
"CCL3-AS1",-85.5050445965164
"HSD11B1-AS1",-85.8320217617653
"CD300H",-85.8934468294108
"WARS1",-86.2644421355571
"RBP7",-86.4214765095372
"CLEC1A",-86.7056643850041
"TOMM40L",-86.734731143475
"AMANZI",-86.8146614612273
"LPAR1",-86.973797973273
"SRC",-87.0121769242952
"LILRB4",-87.1008133649528
"DAGLA",-87.3096754707698
"PLEKHG3",-87.3190403572964
"TNNT1",-87.3651785903274
"CR1",-87.7590963729613
"LINC01270",-87.7775674699523
"KCNK13",-88.1544732229652
"SGMS2",-88.233707722669
"SLPI",-88.3820772408045
"SERPINB2",-88.5190024292642
"CCL3",-88.9276001566149
"PLP1",-89.0114565827354
"ARHGEF2-AS2",-89.1054204972177
"ATF5",-89.1101961640431
"SLC22A4",-89.1954768157745
"CATIP",-89.2891497860034
"SYNPO2",-89.4608155542934
"RPL21P12",-89.5175945807527
"G0S2",-89.6109376534447
"ZNF516",-89.6281081526518
"FCER1A",-89.6806717968012
"ALDH1A2",-89.9235031849505
"TRIQK",-90.2761797555201
"REPS2",-90.491941998555
"MPO",-90.8407662822948
"SIRPA",-91.0047395010714
"GPR141",-91.3614051240283
"MUC6",-91.3971973071879
"CSF2RB",-91.7881074155517
"RPS26P21",-92.045217672233
"DRAM1",-92.3084810968706
"CYP1B1",-92.413714583118
"OR2B11",-93.4638650501689
"SLC25A47",-93.5168405020353
"LST1",-94.5248875132017
"STARD8",-94.5728477059635
"RUSC2",-95.592903911003
"ITGAX",-96.2898539309255
"TMEM54",-96.3482967171812
"ACRBP",-96.510359428728
"FAM225A",-97.2851313014523
"ADM-DT",-97.2949646163495
"SCGB3A2",-97.551631237857
"GRINA",-97.5566666578512
"BCL2A1",-98.169815643879
"CPVL",-98.2418453861867
"PLA2G7",-98.261713286061
"ABO",-98.7117706465143
"MCTP1",-98.7377863604241
"OLFML3",-99.0693957574829
"SIRPB1",-99.2572509183204
"NLRC4",-99.5565951253303
"LUCAT1",-99.749267663174
"TBC1D30",-99.7666744002554
"ZNF496-DT",-99.9068421383958
"PRAM1",-101.413437365537
"PTX3",-101.656404190141
"LIPN",-101.818509473764
"RAB39A",-102.356328121773
"SDSL",-102.361914525452
"ALDH3B1",-102.599896420263
"PLAUR",-102.915315671564
"ACVR1B",-103.129801975284
"C10orf55",-103.472368665894
"TIFAB",-103.721933872098
"WBP11P2",-104.240904285999
"SIMALR",-104.463697138794
"GPR162",-104.532261536698
"NANOGNBP3",-104.699434045907
"HAMP",-105.718745625548
"CLEC6A",-105.987097736379
"SEMA6B",-107.353297981635
"NR6A1",-107.86970455568
"IQSEC2",-108.168191679801
"LINC02728",-108.231220386714
"RPLP0P3",-108.563246994706
"TMEM170B",-109.267240057037
"TMEM144",-109.630948965755
"TNFSF13",-109.694413358848
"ASCL2",-109.862537358952
"SERPINA1",-109.922624131129
"FBP1",-110.061525867563
"GJB2",-110.363880738003
"FTLP3",-111.517933481717
"LIPM",-111.612449508117
"NEURL3",-111.768043916816
"LINC02736",-112.171972188509
"SUCNR1",-112.295839684513
"CEACAM4",-113.265066990328
"GPRC5A",-113.555470853648
"APOBR",-113.702858229619
"ASGR2",-113.854825241179
"CST6",-114.371621727435
"LINC00937",-114.423476252569
"FZD2",-114.43608731326
"MAFB",-114.575932724631
"SPI1",-115.336009302292
"CYP2S1",-115.48671424302
"KCNE3",-115.523623324343
"SFTPB",-115.815362102016
"CT70",-115.876678082591
"NR1I3",-116.064440095155
"RETN",-116.102948254034
"CYP27A1",-117.206204450731
"PDGFB",-117.580650139529
"TMT1B",-117.655230934051
"SSTR2",-117.961328617628
"MYCL",-118.422575677816
"PRKAG2-AS2",-118.458220969442
"LRMDA",-118.853088690006
"ABCC3",-119.562929491161
"RHOU",-120.301437406244
"TNNI2",-120.343134588208
"HAS1",-120.405114706879
"MYOF",-120.802952879896
"CCDC149",-120.908429937446
"HCK",-121.716754556247
"CATSPER1",-121.800127592305
"KCNJ10",-122.100221593002
"IL6R-AS1",-122.446721617971
"HBEGF",-122.503299773256
"RPL7P24",-122.546892188596
"BMAL2",-122.820699775882
"IGF2BP2",-122.970245250371
"LINC02940",-123.367071636946
"F3",-123.979892761654
"LAMB3",-124.195673939728
"DEFB1",-124.338765835874
"PADI2",-124.379430326383
"SLC43A2",-124.967573513318
"CST3",-125.408991632345
"SDC3",-125.783853837093
"MTCYBP23",-126.423203538885
"HNMT",-126.61206217255
"SLAMF8",-126.963145589289
"TDRD6",-127.263948391504
"ANPEP",-127.277304705535
"CASP5",-127.696052013517
"TLR7",-128.402894871187
"TIMP2",-128.56926502122
"CLEC1B",-128.716197063784
"MS4A4A",-129.575819757792
"PLBD1",-130.443655783813
"ANKRD22",-131.142666692388
"GLT1D1",-131.485860954555
"PMP22",-133.555039094592
"FTH1",-133.792836596928
"ADAMTS7P5",-133.947286768699
"CCL3L3",-134.622306967226
"CES1",-135.798848190417
"LINC01010",-135.883149148321
"PLAU",-136.380017403597
"RGL1",-136.611853612584
"KCNJ2",-136.897700084558
"RNASE2",-137.30939585251
"CD300LD-AS1",-137.87238103491
"HRH2",-138.042729314336
"LRP1",-138.759757864145
"DTX4",-139.069651297293
"P2RY6",-139.390401186369
"DOCK4",-139.474140469262
"S1PR3",-139.760648138744
"KLF4",-139.804754203199
"ZNF185",-140.017582417944
"PCAT7",-140.210196829659
"LILRB1",-140.220361153859
"GGTA1",-140.481469225981
"IQSEC3-AS2",-140.501389813687
"VEGFA",-140.645893731932
"CLEC12A",-141.696040397129
"MS4A14",-141.74168524147
"CDA",-142.478364795897
"RAB32",-143.085767878501
"CDCP1",-143.360146736833
"MTMR11",-145.385383995581
"THBD",-145.896009960304
"IDO1",-146.168153445697
"RGS12",-146.200995441289
"NFE2",-146.340848383436
"KCNE1",-146.513598646059
"RUFY4",-148.737982841598
"SLC22A13",-148.877902615098
"TNFSF15",-148.998793792906
"WDFY3",-149.189399441558
"C19orf38",-149.278182069472
"PID1",-149.537650731508
"TYROBP",-150.472232367475
"APOBEC3B-AS1",-151.625469110406
"DYSF",-151.787524456619
"FCER1G",-151.950489503715
"PLXNB2",-153.023172221147
"KRT1",-154.082307780305
"TMSB10",-154.849031396456
"MS4A7",-155.594103240765
"STEAP3",-157.599598198452
"SIRPB2",-158.527287165224
"PAPSS2",-160.017521932602
"GASK1B",-161.294251038016
"BCL2L14",-161.458337173221
"IL27",-164.330047358479
"CD1D",-164.605979791227
"DHRS9",-164.862407191453
"KIF13A",-165.448399985736
"FCGR1A",-165.593677256226
"SERPING1",-167.229204228544
"FN1",-167.53456101054
"RTN1",-167.834712003121
"GBGT1",-167.90572170916
"BEST1",-168.405665764875
"SIGLEC7",-168.692460324497
"APOBEC3B",-170.919190192896
"CCL7",-171.345802097779
"FCAR",-172.955885507956
"CX3CR1",-173.012350988172
"CD163",-173.988550074698
"FCGR2C",-174.772959494565
"MMP19",-175.235254988176
"TNFAIP6",-175.892146624105
"GPBAR1",-177.522777925868
"ADAMTSL4-AS1",-177.757615622767
"FOLR3",-178.06532229157
"TMEM51",-179.015027469704
"LRRC25",-179.603284880862
"TMEM132A",-179.893666108229
"SLC15A3",-180.591139432715
"ZNF467",-181.228181682648
"IER3",-181.391854339839
"CD33",-182.272247575916
"IER3-AS1",-183.053795515814
"SIGLEC1",-185.07552322689
"MNDA",-185.301987265917
"ICAM4",-186.614173844888
"TGFBI",-186.984518550664
"SCARF1",-187.779867703329
"SLC6A12",-189.588608737288
"BST1",-189.663909815956
"ATP13A3-DT",-189.845076274236
"PLXDC2",-191.629236044683
"BATF2",-191.821956625618
"CSF1R",-193.016627505468
"ALOX5",-194.476162237344
"ATP6V0A1",-194.87141857575
"OSCAR",-195.217344800635
"HCG20",-201.814772074305
"FGR",-202.400996620982
"CLEC5A",-205.749845224693
"C15orf48",-208.993609520376
"MMP2-AS1",-209.570005801515
"MSR1",-211.675547956718
"TLR8",-212.490637833578
"ZNF385A",-212.851041486686
"LTBR",-214.428166209581
"CSTA",-216.826757592339
"AIF1",-216.870609517704
"CXCL1",-216.958268993073
"CREB5",-217.979526424083
"IL1A",-219.084324713364
"CMKLR1",-223.487925249978
"SLC11A1",-224.923042243702
"CD300LF",-225.082338219598
"CXCL3",-225.763057146814
"RN7SL368P",-227.278644283443
"CLEC4E",-230.581012729094
"SLC39A13-AS1",-231.383399407631
"CYBB",-232.687285142948
"LILRA5",-233.18715027045
"ADAP2",-238.603028424919
"CD14",-239.020774306428
"IGSF6",-239.25310654768
"HK3",-240.461665884549
"SIGLEC9",-241.443443843545
"APOL4",-242.840748400587
"IFITM3",-243.920708829263
"CD300LB",-247.819433218665
"ASGR1",-250.558050597647
"PTGS2",-252.029013628377
"FTL",-256.229134079212
"CLEC10A",-258.746161618121
"FPR2",-259.784845227365
"TNFAIP2",-261.653627249874
"LPCAT2",-263.043849072565
"P2RY13",-263.138285666248
"LILRB3",-263.402810493467
"FFAR2",-263.481738490517
"SLC37A2",-264.60926238524
"S100A12",-267.413227454022
"IL1RN",-268.532550119279
"LHFPL2",-271.411170405904
"MTND5P32",-275.961645149863
"VCAN-AS1",-281.094272485258
"PILRA",-283.031014927375
"IL6",-284.185451754843
"TFEC",-284.771473641242
"DMXL2",-288.287181216487
"CALHM6",-289.01955344137
"CALHM6-AS1",-289.97365502731
"FPR3",-293.720746091322
"LRRK2",-299.725715933407
"LILRA6",-301.177841742223
"ARHGEF10L",-305.077376976175
"TLR4",-305.821950894952
"TREM1",-308.190936785898
"MS4A6A",-308.55393952082
"TGM2",-310.499673428443
"MPEG1",-311.179540138064
"HCAR3",-311.809130020723
"HCAR2",-317.413453017171
"TMEM52B",-318.973042240656
"CCL8",-327.097826774096
"LILRA1",-364.601038506193
"MCEMP1",-366.808487028192
"NFAM1",-366.969790420529
"MEFV",-368.893529153595
"GPR84",-380.850138469865
"CCL2",-385.435173140386
"KCTD12",-401.260588552861
"CXCL9",-402.198785850039
"MIR3945HG",-406.032668905303
"CSF3R",-412.594106930972
"PELATON",-419.481086382297
"EREG",-421.04025416882
"LYZ",-435.446678395529
"CXCL2",-436.417878085085
"MARCO",-439.383310880005
"VCAN",-442.35370284982
"NCF2",-462.298892161335
"CXCL8",-465.485492631865
"C5AR1",-466.734243381338
"IL1B",-475.126846017142
"ACOD1",-479.382154531518
"CLEC7A",-486.111764983272
"LILRA2",-488.852633110166
"CXCL11",-506.746822086421
"TLR2",-516.680808904943
"INHBA",-541.44737906112
"CD300E",-551.010511921583
"AQP9",-559.499017276811
"FPR1",-680.095787677644
"OLR1",-804.583927674879
"LILRB2",-1102.49372073768
"S100A9",-1151.55314999718
"APOBEC3A",-1397.76141016362
"FCN1",-1493.36176417845
"CXCL10",-1578.47090067496
"S100A8",-2796.47051749171
