"gene","rank_metric"
"DDX3Y",262.437009632619
"PMEL",162.037219865141
"RPS4Y1",130.69593102184
"CCL17",127.984892223017
"TYR",122.560389979037
"MLANA",116.442460578664
"MS4A1",115.317354960266
"SGO1-AS1",104.927266189796
"USP9Y",98.319000936984
"TRIM72",98.057715860324
"ZNF671",97.8760721719204
"TTTY14",92.4888868252146
"JCHAIN",91.563160904056
"PLP1",90.8166208247174
"OCA2",89.5277516921764
"NKX3-1",89.0086344916953
"DCT",88.7403877865266
"C9orf152",88.1892264394909
"ZBTB9",86.1603670424159
"PPIL1",85.4947263154444
"IGKV1-37",83.4004536039063
"BCL2L14",83.3921957180532
"FCRL4",82.9284436131205
"IDO2",82.8037522425329
"BACH1-IT1",79.99524890379
"DNAJC16",79.0432769489952
"HDHD3",78.6192315977292
"NPHS1",77.6585706485621
"SLC6A12",77.6384433764869
"PFKM",77.4540923726982
"SIGLEC6",76.0684237006225
"HYAL3",75.4915726438058
"LINC00278",75.2813434924784
"TYRP1",74.5431104455566
"THAP8",73.7125449932012
"BATF2",73.3906396659216
"TMEM229B",73.2712217351618
"LAD1",72.9570283617801
"PAXIP1",72.8767370707757
"IGKV3-11",71.6955846020703
"PARM1",71.6700911841781
"CSNK1G2",70.0652816057556
"SWT1",69.3008555470498
"XCR1",68.8677185345044
"FBXO41",68.6845449665138
"ZDHHC15",68.4654072200382
"PAWR",68.3016195254622
"AICDA",68.1617434231578
"EIF1AY",67.8440258980937
"ART3",67.7809134451619
"TCHH",67.0863148940352
"SSX2IP",66.7379075640383
"SSBP3-AS1",65.9654465177229
"LINC-ROR",65.7926021857279
"TACSTD2",65.5727959981467
"WDR89",65.569680928283
"CLUAP1",64.3041736837925
"PTCD2",64.2894827459965
"FCRL2",64.2729460058543
"NAV2",64.1540905949171
"DERL3",63.4216561039592
"RHEBL1",63.1897364107651
"CD19",63.1895409022151
"DBN1",63.1187150639189
"CCSER1",62.524907752629
"IL17A",61.6744225774928
"PANO1",61.6137816225112
"GHRLOS",60.888102767895
"ZFY",60.4193181784309
"TMEM201",60.4144297182638
"ZFAND2A-DT",60.0990586641213
"DIAPH3",59.6885369087258
"F8",59.6115206539674
"TSPAN13",59.4172725998983
"SLC45A2",59.1042645169966
"ZNF66",59.0899245700106
"NAALADL1",58.8290372190592
"LINC01093",58.1077141931631
"GCSAM",58.0125539997493
"SBSPON",57.4750629676577
"TCFL5",57.3735879562906
"ASB16",57.3564137021588
"CAB39P1",57.2716238659126
"TOP3B",57.0046433310867
"AIRIM",56.9547004148179
"FBXL14",56.802802633151
"DHCR24",56.7642813731661
"GPT",56.7179552504797
"FCRL5",56.6746445582762
"GLB1L2",56.2621858222899
"WASF1",56.1563615703998
"OR2W6P",55.8811080054974
"TRMT13",55.3753884377222
"LINGO3",55.3403530660888
"PPM1J",55.1508084784685
"MPIG6B",54.5387898117702
"INKA1",53.8691740025724
"GPATCH1",53.6948695098154
"TRPM1",53.4756528640527
"SIRT5",53.4727814290204
"LAMP5",53.3041141868108
"TIFAB",53.2592133988107
"CFL1",53.158078244163
"KIAA1328",52.9894502790691
"SIMALR",52.7971549411169
"SLC25A22",52.6453292330747
"LPCAT4",52.5202186096175
"DUX4L50",52.2869871293699
"CHST13",52.2485858976676
"CDH13",51.884604043386
"RORC",51.8032866857764
"RELL2",51.798848343822
"ASAP2",51.7093652091353
"ITGA10",51.665281099874
"THBS4-AS1",51.6132569703933
"IGKV1-17",51.3703936138086
"IGLV3-1",51.365123549312
"ZNF837",51.274689190219
"GCNT1",51.1059649219216
"IDO1",50.9486761090645
"GPR143",50.9344938960397
"HACE1",50.5745432381497
"LINC00539",50.3605039779549
"COL9A3",50.2475313242563
"LYRM9",49.9114820062771
"FANCE",49.898181499466
"ZNF555",49.784762740926
"HTT-AS",49.4975301780908
"FZD6",49.3374457525803
"TPT1P12",49.2099801033886
"CCDC144A",49.1773524139453
"ZNF839P1",49.058184627097
"DNASE1L3",49.0273650954365
"EPB41L5",49.009110596735
"IGHV1-3",49.0035139055678
"MEX3B",48.747899279896
"GAPDHP33",48.4657188336377
"ZNF248-AS1",48.1649387349169
"LINC02857",48.1507102775544
"BCAR3-AS1",48.131322925844
"LCA5",47.9637823624192
"VIPR2",47.8751177871674
"GPSM1",47.8388190318578
"NODAL",47.6685915415882
"RGS20",47.661543034694
"CICP14",47.5825866457955
"POC5",47.5751824222036
"NSG1",47.5552398405413
"PI3",47.4465007327421
"CTU2",47.3070450087659
"LINC02367",47.268654344579
"NCALD",47.2426568381318
"MCOLN3",47.2254621816126
"SLC38A2-AS1",47.1983922183195
"LILRA4",46.9236621053166
"ADAD2",46.6986980718266
"SERPINF2",46.67752744953
"TCL1A",46.3195707500933
"QRSL1",46.1633176200741
"GEN1",45.8883494498025
"HCG11",45.6399940787909
"PM20D1",45.6049194656186
"ASB2",45.4416564848193
"CXCL11",45.4282501246622
"CLEC4C",45.4020388083715
"MSMO1",45.3685542559604
"CD200",45.3000984034647
"KARS1P1",44.9289700632925
"MANEAL",44.6747568980442
"FAM161A",44.4066796336145
"ZIK1",44.4034335104413
"ZNF793",44.35602242592
"GHRL",44.3345897491321
"ZNF790",44.1975264850556
"OPRL1",44.1780784403027
"LINC01095",44.1570384087083
"DHX16",44.1384426900901
"MIR3978",43.9675970124289
"SCN9A",43.9393303989989
"POU6F1",43.8811939823247
"WDR4",43.726254187507
"SLC22A13",43.7041307071897
"PDXP",43.684024596625
"LRFN4",43.627098491228
"BMP10",43.4876674831374
"RGMA",43.4713775793506
"TRBV19",43.4028477653649
"CIB2",43.22981602601
"FSD1",43.1336553302992
"ZNF81",43.0907940291227
"SLCO5A1",43.0328796612799
"SDCBPP1",43.0033222583314
"PROC",42.9831418545086
"CHAC2",42.9604654013529
"IGSF21",42.8137678887839
"PTK2",42.7204814242583
"SEMA7A",42.5641941192728
"LDHC",42.5166755873602
"MACROD2",42.3370851668437
"LINC00622",42.2962340387598
"CYYR1-AS1",42.2268938878907
"SLPI",42.1719740002382
"RPL38P5",42.1635633396828
"SNHG11",42.1374514154731
"RNU6-613P",42.099572731081
"SCMH1",42.0616403926043
"FUT2",42.0500361351599
"PTCHD3P1",41.953806454686
"DAB1",41.9178205360316
"SHCBP1",41.9013451704182
"KEL",41.8871340005815
"NDUFB8P2",41.7908486746211
"PAX5",41.637870072594
"MYO7B",41.6204043938739
"OR4F3",41.5197053033777
"LAMP3",41.5027074941923
"RHO",41.4986308513867
"INSYN2A",41.3759481821055
"HSALR1",41.3181614314238
"ADCY2",41.1949023878319
"HLA-DPA2",41.0724042753423
"SHROOM1",41.0614251403059
"MC1R",41.0295909751344
"SLC30A3",40.9228919128036
"SLC25A15",40.8374919883411
"POLN",40.8221386900943
"AMY1B",40.7695130212953
"GDF7",40.7345682614285
"LMO7",40.7221986117116
"SLC24A5",40.6509535061232
"TMEM121",40.4509294213245
"GASAL1",40.2846220674973
"ESR2",40.2797536866301
"DHH",40.0875662361797
"PDC-AS1",40.0854231111872
"GPC1",39.8993959948709
"TMPPE",39.7960327494514
"APBB1",39.7409176224047
"NRG4",39.6907895324916
"MCF2L",39.6649713429085
"FCRLB",39.64043120832
"MOCOS",39.6268628394368
"PLEKHH3",39.5989790166267
"SLC38A5",39.4491867157677
"RTN4R",39.3620893821471
"ROR1",39.328681267569
"RAB33A",39.2823213184714
"LINC02688",39.2398893762471
"CFAP97D1",39.2077289647855
"PLEKHG1",39.1579502664766
"PGBD2",38.960659162318
"IL31RA",38.804895073818
"SEC13P1",38.7428487452874
"ZNF677",38.7302041230368
"SEMA4F",38.5677781724028
"EDNRB",38.5263971006529
"ITGA11",38.5240317194303
"MRNIP-DT",38.345747636503
"PYGM",38.309971913767
"MBLAC2",38.2753988479858
"QRICH2",38.2619211323768
"NET1",38.1449430566054
"CCDC74A",38.0792375730447
"RFPL4A",38.0765872645304
"SLC18A1",37.9840898077925
"LINC01117",37.8266824287613
"GPT2",37.8021891788024
"DEPTOR",37.7579982636102
"PRR16",37.7289918414842
"MTCL2",37.5897825544089
"AGMAT",37.5367678296583
"ST6GALNAC3",37.5347739578811
"PAQR8",37.4754022545988
"EPB41L4A",37.3236435287045
"ERICH5",37.2396020216379
"USP21",37.2348487509756
"ADGRG1",37.2274116118483
"VILL",37.1713681785444
"SOX10",37.1603793379281
"NGFR",37.1561556096922
"CCR2",37.1317037499824
"FAM151A",37.1008779037244
"CLEC9A",37.0266987811802
"CLDN11",36.8928844366297
"BBS4",36.864589170274
"HLA-U",36.8065296401825
"FSCN1",36.6443647779984
"KRT18",36.5964060130688
"ZNF841",36.3199376563939
"GATB",36.2728242763874
"PPT2",36.2648373227382
"MCAM",36.2559585976983
"PSAT1",36.2363572669077
"EPCIP-AS1",36.1257611891394
"MAP3K14-AS1",36.1095819096189
"BCAN",36.0930724644172
"UCN2",36.0766234292494
"NLE1",36.0277616857779
"RNU4-78P",35.9312490671662
"GBP7",35.9176825202849
"DMP1",35.8553593828299
"TNFRSF13C",35.8536945421162
"FRY-AS1",35.7957671457823
"ATG9A",35.7349208899481
"BANK1",35.7104228151075
"IGKV4-1",35.6512309407053
"ST8SIA1",35.6013289235642
"ANKRD33B",35.4663101836356
"INTS7",35.4412949334434
"IGHJ6",35.3541061318702
"ZNF79",35.311073429358
"ZNF567",35.0830096803925
"SMO",34.898207186125
"NHEJ1",34.88054180431
"LIPC",34.8487120989345
"ACVR2B",34.8478914721397
"CACFD1",34.8081351371239
"HNRNPA1P54",34.7688236403964
"TMEM150B",34.7587379283291
"UTY",34.7509640566649
"RPL21P123",34.7466070097971
"GFPT2",34.7452642317422
"COL16A1",34.7146835924733
"WASF3",34.6217130611481
"SLC4A11",34.5818456653841
"ITPR3-AS1",34.5226628759295
"CEACAM19",34.4734753819712
"GFOD2",34.4546542058665
"PLEK2",34.2680610683203
"GLIDR",34.2636783325046
"CD207",34.1864552631833
"EPHB1",34.1444121837846
"CILK1",34.1325462673084
"GVINP2",34.1256903603109
"MYCL",34.0432331207182
"MSC-AS1",34.0338823282286
"ATP2B2",33.9492213077616
"RFPL4AL1",33.9477327720817
"CLIC3",33.9091232649156
"RDH10-AS1",33.8572102979388
"TTC24",33.8055246928989
"TRPC5",33.8038994209632
"ADAMTS5",33.7103086620587
"TOX-DT",33.6671981793458
"ARL5C",33.6504231996522
"HERPUD2-AS1",33.58017053521
"RALGPS2",33.5761760743765
"MED28-DT",33.5358540262737
"MTRES1",33.5046722169944
"OXCT2",33.4312583995621
"NAV2-AS1",33.386350824131
"SNHG9",33.30687293833
"FPGT-TNNI3K",33.2231642606213
"TPRN",33.2059180203578
"TYSND1",33.1721202872283
"EXOC2",33.1699853852828
"FOXD3",33.1673600046132
"CASKP1",33.1588926205658
"WBP11P2",33.1131839895444
"RPL21P65",33.0798793597469
"VKORC1L1",33.069420275509
"PLS3",33.063254841403
"CABP4",32.8878864240291
"BSPRY",32.8872874351809
"RHD",32.884219288903
"VPS11-DT",32.6630998929265
"IGHM",32.600452967902
"SERPINE2",32.5582726115067
"ZNF595",32.5193513147109
"CDX1",32.3518246532092
"PLVAP",32.2588877296486
"CYP2E1",32.2269260951858
"PCDH19",32.192233132467
"BCR",32.15552920935
"SCAT1",32.0940017831055
"STK36",32.0101593280642
"N4BP3",31.9835113593844
"IGLV1-40",31.9794996524811
"LINC01311",31.91644668259
"ZNF649",31.86067772316
"TUBB1",31.6446987650244
"EIF4ENIF1",31.5182948899411
"MAP4K1-AS1",31.3848279600241
"STIL",31.3826878554008
"PLXNA4",31.3697970958637
"WIZ",31.3675492242638
"HNRNPMP1",31.3376295931583
"NAGS",31.3298693135634
"HUS1B",31.3273104258422
"IGHG4",31.2483085339326
"OSTN-AS1",31.1808149093584
"SNHG4",31.1784461432156
"NYNRIN",31.138618370014
"MBOAT2",31.1274557799942
"BRCA1",31.1058429891582
"DNM3",31.0890243010325
"RUFY4",30.9374767580029
"LINC00654",30.9226790084247
"EFCAB15P",30.9074920383775
"SDK2",30.881894522795
"ZNF445",30.8742509329207
"PLEKHD1",30.8042391396516
"LINC01763",30.5477826345504
"LIPM",30.5425429075121
"LURAP1L-AS1",30.5208149385733
"TUSC3",30.5206356496535
"ZNF283",30.4638998331978
"LINC02976",30.4496704466972
"IGHA2",30.4178117664126
"DVL1",30.364010627779
"MYO10",30.3270343027625
"CNIH3",30.2990430240737
"ERAP2",30.2655344415893
"SNHG10",30.2612958753837
"AGBL2",30.245943924909
"TRIM7",30.1809934059793
"DNAJB6P2",30.1699702393644
"ZNF253",30.1104479416354
"CPNE2-DT",30.0987548731585
"GASK1A",30.0818701914734
"PTGDS",30.0344994014709
"H4C2",29.8892329331178
"RAB40AL",29.7927829090373
"ENO2",29.7763383922633
"RN7SL559P",29.771579924833
"PRMT6",29.7213105346693
"ZNF343",29.7207421773555
"LINC02447",29.6003327121494
"C20orf204",29.5368945678151
"PACSIN1",29.536379472421
"ZNF653",29.5182342639805
"PCDH9",29.4765934072784
"FOXA1",29.4698254226596
"PARS2",29.4525226978168
"RHPN1-AS1",29.4182404749785
"NPAS2-AS1",29.4066194602414
"LIPT2",29.4046467613357
"CCDC65",29.3644238531846
"SEMA6A",29.2704428294279
"HAPLN3",29.1943737880759
"MICAL3",29.1417202573732
"WRAP53",29.1189498278674
"TMEM182",29.1182950530403
"FAM174A-DT",29.0948544918047
"SPMIP2",29.0808848809931
"WWC2-AS2",28.995578039328
"MYCL-AS1",28.9631029194809
"MARVELD2",28.9462298760733
"ECE1-AS1",28.9405024273031
"SLC37A1",28.9304408232332
"RNF216-IT1",28.9118151132494
"ZNF732",28.8944723465668
"ZNF502",28.811394300347
"H2BC3",28.7823046237441
"RPS2P6",28.7517916120077
"TAB3-AS2",28.6656363391863
"DBNDD1",28.6482165333899
"MIR3680-2",28.6341827281707
"SLCO4A1-AS1",28.6225728602666
"FBXW8",28.6223280200724
"IGLV9-49",28.5561960872381
"NACAD",28.5266052109037
"MAP2K5-DT",28.495743298197
"CCND1",28.46294106171
"RNF32-AS1",28.4621072664838
"GAR1",28.3593489347886
"PTK7",28.3470790973978
"BICD1P1",28.1065899176295
"CC2D2B",28.0817091398401
"LRATD2",28.0647203229045
"TAS2R4",28.036017889191
"SOBP",27.9629757698653
"SPON1-AS1",27.8574748937009
"ADGRF3",27.8302163196294
"RBBP4P1",27.8288680907762
"BICD1",27.8238219572092
"SLC52A1",27.7877004736725
"NHLRC4",27.7644911216005
"TRBV6-6",27.7540862433971
"BFSP1",27.6700322427476
"IL21",27.6623838897938
"MYBBP1A",27.6076508815963
"ZNF74",27.588893935524
"DIPK1A",27.5792661233446
"MCF2",27.5753569765544
"LINC02732",27.5596894067276
"CCNJL",27.5261901607896
"SLC25A42",27.5248538373721
"MCM3",27.5235489109202
"FLNB-AS1",27.4972738866922
"ZNF446",27.4783276692937
"KIF26B",27.4685332112769
"RMI2",27.4608163168442
"ERC2",27.4571997639111
"COBLL1",27.4355668957337
"RN7SL452P",27.4341081745597
"UBE2T",27.4167266636734
"GABRR2",27.3808545116673
"CDPF1",27.3476443543122
"ANKZF1",27.3058485778318
"NHSL1-AS1",27.2210655786099
"SLC8A2",27.1760646461913
"KIF27",27.1599213690094
"SLC25A10",27.1500208464226
"SCN4A",27.1118561036018
"PGAP2",27.1100269961747
"MOSMO",27.0768373210876
"PKD2L2-DT",27.0748326955252
"ZNF48",27.0593664305988
"KRT8P34",27.0380073676725
"DMTF1-AS1",27.022425923765
"TUBB2B",27.0111258591112
"CDCA5",26.9583017021501
"FGFRL1",26.9374888689908
"LINC02541",26.9364380050809
"LEF1-AS1",26.9224663839846
"NAALAD2",26.9131106124866
"ZSCAN31",26.8923877965849
"CDHR3",26.8868885519718
"TIGD3",26.8566554190595
"L1CAM-AS1",26.8421167493628
"KIF17",26.8084049228778
"EDAR",26.763440714551
"DRGX",26.7289368532153
"FJX1",26.7094425946123
"FLT3",26.7017320377248
"STAC2",26.6189501294875
"LINC02812",26.5959427894467
"MAP1A",26.5683436279381
"ARHGEF17",26.5533752974529
"LINC02878",26.5267456064854
"COL24A1",26.5113072852238
"COL15A1",26.4664052046117
"RN7SL630P",26.39477511801
"TSPAN6",26.3768367350912
"POLI",26.3154387650415
"SCARNA7",26.3040545127078
"RPL32P34",26.3038190799339
"L3MBTL2-AS1",26.2893083946102
"FAF1-AS1",26.1645679452296
"NPFFR1",26.1460560358091
"GSTCD",26.0693029154552
"COL26A1",26.0548568304652
"TCL6",26.028002376198
"FAM53A",26.0263721019081
"PRKCA",25.9647698900827
"PIWIL4",25.8913556718567
"C1RL",25.8712204160651
"SPC24",25.8640075752485
"ZMYND19P1",25.8637385859769
"CCNT2-AS1",25.8063621889178
"KCTD14",25.693511067449
"HAR1B",25.6900193077936
"ZNF786",25.6576145123602
"ELFN1",25.6259426705912
"PDZK1IP1",25.6070601564696
"NPAS2",25.6029606903131
"CYB5D1",25.5339099933812
"KLHDC7B",25.4795783426042
"LRP2BP-AS1",25.3631963391245
"ANKLE1",25.3232671171108
"SPIN3",25.3057829889742
"CYB5R2",25.2940646382756
"CCDC125",25.2890159196213
"MFAP3L",25.2118556039383
"MT1H",25.184967460705
"HAR1A",25.1708355726656
"LTA",25.1685369829937
"LRRC27",25.1216424860294
"H4C8",25.1015108582596
"CHRNA10",25.0911498174214
"DPYD-AS2",25.0673289030644
"COX4I1P1",25.0343541202919
"SPTBN5",25.0011358700241
"ABCB6",24.8325249491538
"NEURL2",24.8306968473156
"METTL14-DT",24.7937360001119
"DENND5B",24.773177530178
"TLCD1",24.7300666105694
"SLC23A3",24.7113621703738
"DCTN1-AS1",24.6620375671678
"TMEM54",24.6300262451708
"RPL21P5",24.5691384616357
"FSCN3",24.5689021883856
"REPIN1-AS1",24.5415423803229
"MKKS",24.470141140869
"PDE1C",24.4404483983318
"ZNF619",24.4380176039467
"AMMECR1",24.415323558362
"RPS7P15",24.3531488868351
"SPOPL-DT",24.3169388743979
"C2orf66",24.2641627547349
"TGM2",24.257224609068
"MIR3682",24.1905381666833
"DIAPH3-AS1",24.1838916526457
"IQCN",24.1678276185035
"ISM1",24.1434169492504
"GNLY",24.0721925774604
"DHFR2",24.0326202646423
"PNOC",24.0085069760911
"MTARC2",24.0042718286919
"BEND5",23.9966019236192
"CAVIN2",23.9676141740017
"LINC01907",23.9401024186374
"KIF23-AS1",23.8995934928064
"NLRP7",23.8686385616374
"CEP44",23.81986743826
"RASGRF1",23.8125920974404
"CCDC61",23.7885853897059
"GPX1P1",23.7752596370456
"PPP1R36",23.7289578857084
"LRRC34",23.7255019334281
"CXCL10",23.7253645288293
"ARHGEF5",23.7211524709132
"ZNF512B",23.7165473749405
"CNKSR2",23.682461776828
"ATPAF2",23.6735502905806
"MEIS1",23.6561260837421
"TMCC1-DT",23.6488637120789
"OCSTAMP",23.6400268073315
"ACHE",23.6316084801218
"ATP8B2",23.6296850909721
"TMSB4Y",23.6139458474415
"ACTB",23.60840869849
"RFTN2",23.593890092735
"PRKAR2B-AS1",23.5722663910664
"PCP4L1",23.5488416950001
"TAMALIN",23.5445467567847
"CDCA3P1",23.5025919340669
"GJB1",23.4285021350254
"ALDH1L2",23.4025604434285
"AMDHD1",23.3694335530932
"ZSCAN25",23.3497894576611
"SMIM5",23.3244677510152
"SHLD3",23.3133715419194
"IGHG2",23.3126565227364
"ZEB1-AS1",23.3095404699785
"ENPP3",23.3085559358273
"PEAR1",23.2930821660358
"SIRPG",23.2392491451306
"AFTPH-DT",23.1866811370194
"NPDC1",23.1503316929679
"RPL9P33",23.1315532899022
"NTN1",23.1203922745881
"DNAH8",23.120029773174
"CHRNB2",23.0881237017256
"HPX",23.0861115140505
"SPECC1L",23.0797035353143
"TRIM61",23.0769387121618
"MSRA-DT",23.0746219708681
"SCUBE2",23.063075499534
"DSEL",22.9043351056855
"DBX2-AS1",22.8640978707155
"MPP7-DT",22.8404208917344
"LINC02139",22.8340475768685
"KRT8P48",22.8174392989852
"CTF1",22.7996383680871
"PACRGL",22.7852047586127
"RNU6-136P",22.7841278661267
"CSRP2P2",22.7567168704681
"NKRF",22.7193799000212
"TTC32-DT",22.7159830098287
"MEIS3",22.6966499094289
"INSL3",22.6905646159216
"KCNA5",22.6857661630155
"PSMD6-AS2",22.6855829266072
"CBR4-DT",22.6739951194397
"ATP5MC2P3",22.6516896374696
"CHAF1A",22.6001764870012
"FXYD2",22.5946869558461
"LINC02773",22.5924005790816
"GAPDHP66",22.5901257332591
"FLYWCH1",22.5337385589449
"PTPRG",22.5295066016738
"C8orf17",22.5262486707764
"MAB21L3",22.5255808026706
"DRD4",22.4795353373661
"SLC2A1",22.4419909646124
"ZNF287",22.4393883854451
"DDO",22.435513541315
"RPL39P16",22.416216178037
"PATJ",22.3781864812371
"FCRL6",22.348414776374
"CD1D",22.2859100164371
"ITGA3",22.2681930766824
"PAOX",22.2612290478355
"ARHGEF34P",22.2399620698464
"EFNB2",22.234414413598
"ZFP69",22.2016293876936
"RPL21P60",22.1656637658852
"GNAO1",22.1539953721079
"FBXO27",22.1464282735548
"SYNGAP1-AS1",22.113636079746
"TPSAB1",22.1033413163828
"PTPRF",22.0748900583653
"MAGEA8-AS1",22.0646648518628
"DRAXIN",22.0172194595377
"YES1",22.0119711073328
"SLC12A3",21.996480062847
"SPEF2",21.9815542224168
"STEAP4",21.9734996142082
"ANK2-AS1",21.9583529610333
"INSM1",21.9402248990718
"C1orf198",21.9375599184994
"CFAP61",21.9227515165685
"RNU6-672P",21.8206645808644
"APOBEC3B",21.8058443343771
"IFT46",21.8038785969213
"LINC02280",21.7986191111074
"SENP8",21.7773220001381
"BCDIN3D-AS1",21.7530624162004
"BCL7A",21.7337520221125
"THNSL2",21.7203115168722
"RGS9BP",21.7088233476024
"SYCP2",21.695846916038
"IGHV1-69D",21.6911879590793
"FAM66D",21.6052585103754
"KCNK15-AS1",21.6007040942137
"NARF-IT1",21.5943414887127
"ZNF45",21.577159097274
"LINC03125",21.5590742213227
"FAM83G",21.5418481382306
"LINC00355",21.5137647897686
"TRBV20-1",21.4934767082083
"RUNDC3A",21.4452541577426
"FERP1",21.4354605954345
"LRRC39",21.4187876222968
"C2orf80",21.409442726653
"TRIB2",21.4002073842805
"ZNF320",21.3985806780541
"DHX37",21.3571946207242
"RNU6-190P",21.3538385281738
"CRYM",21.3474135965072
"ZNF692",21.3298833456684
"AMY2A",21.3137482664635
"RBM45",21.3083533063172
"ATP1B2",21.3061559232215
"ASB16-AS1",21.2745425103878
"LRRC37A4P",21.2729102405674
"THTPA",21.2284765844899
"APCDD1",21.2121296028845
"SLC35A4",21.1918640651694
"RITA1",21.1716553458659
"ZNF300",21.1164126496843
"TACO1",21.1159372343429
"RAI14",21.1118826283346
"SNX25",21.0723628911
"CAPN5",21.0376234558829
"SPATA20P1",21.0339956999684
"FAM107A",21.0091428263462
"DAPK2",20.9976675138756
"GABRB3",20.9820432097457
"C1orf167",20.9622967428828
"KDM5D",20.9589303145437
"HARS2",20.9310745939145
"PTPRS",20.930161676199
"LINC00899",20.8879259466785
"LINC02033",20.8741839152051
"FCRLA",20.8204452667759
"FAM149A",20.8009565187101
"TRAPPC14",20.7196249173056
"PTPRO",20.6990610434776
"JPH3",20.6524032076863
"FOXD3-AS1",20.6065889941299
"LINC02226",20.5697699253801
"IGHV3-49",20.5638238835133
"ZNF768",20.5365211965033
"RN7SL827P",20.5184759660735
"EIF2S2P3",20.5100045587669
"PALD1",20.4929328620292
"LDB2",20.4916894866598
"SPIB",20.4761436560167
"TRIM6",20.4650860035006
"HSPA1L",20.2870871558278
"TMEM200A",20.279608200356
"RNF152",20.2778107677172
"GRAMD1C",20.262900658032
"NCCRP1",20.2621624156007
"LINC03070",20.2579598158597
"AFF2",20.2463639915662
"ANO7",20.2433864836296
"TOP2A",20.2020146403994
"CTBP1-DT",20.1900959180171
"GNAO1-DT",20.1737905169012
"ZMPSTE24-DT",20.1471862541418
"SERBP1P1",20.1404716825775
"NPHP3-AS1",20.0699911631218
"TRIM45",20.0387499804767
"CPNE9",20.0223217581792
"WNT5A",20.0141629165627
"LRCOL1",19.9945025967081
"SPON1",19.9645314010522
"DLC1",19.9496666091859
"RIMKLBP2",19.8929186124818
"LINC01356",19.8835967098441
"KCNMA1-AS2",19.8794873348508
"TSPAN14-AS1",19.8745128756097
"EFNB1",19.8619171837175
"TDRD12",19.8378806609756
"ACTL10",19.8332599590219
"HYI",19.8227659408455
"LRIF1",19.8213795943706
"TRIM66",19.8064676566499
"LAMA1",19.7910195260016
"ALG10",19.7880747135146
"ASLP1",19.7609787169823
"CRABP2",19.7321049447931
"RNU2-11P",19.7174605449509
"KLHL30",19.7103860852097
"SNTA1",19.6884094591498
"ZNF585B",19.674103015427
"GNAT2",19.6725381478422
"SPATA24",19.6670525171687
"TMEM25",19.6669871101174
"SLC35G1",19.6631586293673
"FAM174A",19.638647119087
"DYM-AS1",19.6369857154866
"LINC03040",19.6168344394765
"LINC01539",19.6166871270383
"ANKDD1B",19.6014052374862
"LINC01970",19.5772891417461
"LDHAP2",19.5647418205341
"SH2D4A",19.5456764678831
"PM20D1-AS1",19.5233017653884
"FCRL1",19.4817363606862
"EPM2A-DT",19.4553921225161
"OR10AC1",19.4384634654583
"MYO6",19.4226697073716
"CCDC15",19.4213648924946
"LINC02558",19.4043166933095
"RFXAP",19.394995219194
"ADAMTS1",19.3883757611356
"GSK3B-DT",19.3549308684988
"MOXD1",19.351285466416
"BTBD8",19.3344403695205
"PDE10A",19.3246220188725
"EGR4",19.2988023663375
"ZNF256",19.2951111170211
"RPL7AP83",19.2707925204231
"RASGRF2",19.2687311270916
"RPS2P36",19.2541658097141
"SLC32A1",19.2471967258968
"SLITRK5",19.2217331519375
"MSRB1",19.1855321928569
"CFAP263",19.1754864892566
"RN7SL111P",19.1667660787411
"FNDC4",19.1406126736057
"GOLGA2P4",19.1352769953106
"TSPAN10",19.1312051567086
"LRRK2-DT",19.1158471130428
"ARHGEF35",19.0722969727019
"IGHVII-74-1",19.0524036724982
"RSPH4A",19.0371430804047
"MIR5190",19.0340991958561
"RABGGTBP1",18.9680770031314
"FLVCR1-DT",18.9656362861897
"ANKS6",18.944005929507
"LRRC26",18.939944334527
"H4C9",18.9263051338559
"FGF18",18.8872853765293
"VEZTP1",18.88600944065
"WDR19",18.878966931738
"SIRT6",18.867279810164
"ZBTB45",18.8658478857686
"TNFSF11",18.8256923632968
"FBXO31",18.8203245538364
"DMGDH",18.7894615186075
"NKILA",18.7677617435608
"PPP1R3G",18.7590444035365
"LRRCC1",18.7517613717911
"SNX31",18.7451885191026
"ADPGK-AS1",18.7205859099144
"CCDC102A",18.6773261668232
"RPL5P28",18.6637654124168
"ZNF341",18.6535654294065
"ZNF563",18.6198191420326
"SPDYE17",18.5831309258924
"NEK10",18.5742898409957
"RILPL1",18.5562939121927
"GPR18",18.537948639216
"EPHA1-AS1",18.5343971447139
"CDY4P",18.5008769211154
"TRBV18",18.4876699425333
"ZNF132",18.46666956202
"SH3RF1",18.4660456863919
"FHL2",18.4650858644793
"ARHGAP32",18.4033108092971
"ZNF263",18.4011280142231
"LINC01694",18.3972416367576
"IGHV5-51",18.3891332775976
"C1GALT1P3",18.3582391548228
"NPPA",18.3307368103709
"RUSF1-DT",18.3153046127537
"NFXL1",18.2977552046698
"SLC22A1",18.2296318118597
"PTPDC1",18.2256536382936
"SLC22A16",18.2135020759437
"ZNF391",18.1349244919396
"LYG1",18.0976036566522
"EBLN1",18.0859886287362
"FBXL19-AS1",18.0633741621172
"GAMT",18.0632405762552
"THRB-AS2",18.0493071946221
"RPL13P8",18.0433606061349
"TP73",18.0208878192239
"MYLK-AS1",18.0191656001127
"ZNF773",17.980975616648
"MIR8071-2",17.9759242761362
"RPL21P10",17.956422073403
"PKMYT1",17.937864616055
"IGHV5-78",17.9290981325578
"RASD2",17.9237072261242
"GLDN",17.8992583404072
"AVIL",17.8875823594411
"CFAP251",17.8834401228517
"C17orf107",17.8704078973169
"LINC00905",17.8589772426542
"SLC9A2",17.8435225605564
"AKAP6",17.8218984941554
"MAST4",17.8217315011841
"EXOC3L1",17.821531557677
"AKR7L",17.7828456234464
"CD200R1",17.7797808330863
"ZNF319",17.7722824843599
"ZC3H11A",17.7529462951
"PTPRB",17.7284560217437
"BSG-AS1",17.724626659796
"BTBD2",17.7110146177917
"LTK",17.701805105046
"ADARB2",17.6604854219683
"CCDC83",17.6592889282552
"ANKS3",17.6397159986575
"MIR503HG",17.6263622577915
"SPDYE3",17.625786037607
"ABCC4",17.5948594704222
"HORMAD1",17.5661803956791
"GAPDHP60",17.5436289906292
"EEF1A1P32",17.5379858882475
"ZNF470-DT",17.5379390637423
"FAM88B",17.5338917331378
"SCRIB",17.5221528497748
"MSRB3",17.5148423602102
"CEACAM16-AS1",17.5113614852103
"KRT8",17.4867266403298
"GUCY2D",17.4153211896259
"CDK20",17.4084817885099
"LINC02734",17.4018386834588
"ILDR1",17.3538036475863
"FCRL3",17.3306687351828
"SNORA80E",17.3219949299651
"SMAD1",17.3023359244351
"WWC2-AS1",17.2870292309921
"KCTD13",17.276646376763
"GRK7",17.2631458347402
"AK4",17.2624517196251
"OSBPL5",17.2309327645145
"ZSCAN2",17.2258628154018
"ZNF205",17.2203195226882
"UBALD1",17.2061232659711
"ANXA6",17.1959822567988
"RNU6-103P",17.1936351488015
"TAS2R42",17.1934416417166
"WDR3",17.179467955151
"RECQL4",17.1633926661618
"USP6NL-AS1",17.1544462804366
"ARHGAP5-AS1",17.1288366854661
"DTX2P1-UPK3BP1-PMS2P11",17.1270866831158
"CRLS1",17.1268371265691
"RPS15AP18",17.1146045424656
"TMEM52",17.0880500787802
"OGN",17.0839253729099
"CENPJ",17.0612890216629
"PPEF2",17.0580282706907
"TASOR",17.0490288799933
"CLBA1",17.035539527304
"FOXP1-DT",17.0353125144778
"NQO1",16.9619653137196
"CLEC18A",16.9529757615448
"RAPGEFL1",16.9177216379888
"MXRA7P1",16.9073919285733
"ID1",16.9002246679822
"KLC4-AS1",16.8988364848251
"SRP72P2",16.8860683158843
"EEF1A1P25",16.8717216066688
"LINC00184",16.871458416767
"CD320",16.8699822800353
"ZNF596",16.8656770645065
"SMTN",16.8611813574988
"LINC01876",16.8425151463395
"NLRP9",16.8352055226758
"WDR77",16.7857098224809
"LAYN",16.779695980106
"SEPTIN7P10",16.7795031508685
"RAVER2",16.7654177731856
"RBAK",16.7450701931126
"TAP1",16.7372473689368
"LINC01116",16.7333742617569
"GPR82",16.7327145197329
"LGALS4",16.7308256567817
"ZC3HAV1L",16.6798314680331
"NUDT12",16.6637406715335
"SLC6A12-AS1",16.6593957807935
"ITGB7",16.658160787501
"LAPTM4A-DT",16.6517936663532
"ADGRG5",16.650562592499
"MUC1",16.6410125506177
"RABL2B",16.5972537778109
"CADM1",16.5926972039988
"DHX57",16.5668092477709
"COL27A1",16.5638631099943
"RPL21P81",16.5624383013398
"PEX12",16.5476668477659
"LONRF2",16.5363429233658
"LINC00960",16.5291273767087
"IL17RC",16.5125002137243
"SAMSN1-AS1",16.5111361512516
"ZNF366",16.4926381254048
"NPIPB12",16.4733069384652
"OPLAH",16.443481489444
"ENPP1",16.4127766646341
"SLC35G5",16.3464474771104
"RPL10P5",16.3337519379702
"SERPINI1",16.2463726942146
"MTND6P11",16.238096426485
"SEZ6",16.210286171887
"C2CD4D-AS1",16.1724827210316
"GSTM5",16.149232770156
"WDFY3-AS1",16.139749907763
"AHNAK2",16.1328600144109
"GRIK1",16.13085288008
"DFFB",16.1188483676901
"LINC02918",16.0985301275503
"KRBA2",16.0983097941799
"CARMIL2",16.0943941266794
"NLRP9P1",16.0861755557038
"RNVU1-33",16.072104652311
"ADGB",16.0077162048834
"RABGAP1L-IT1",15.9852425095216
"BTLA",15.9778704662071
"BMP1",15.9697709534937
"LINC02132",15.9619691788981
"KCNG2",15.9520597471424
"HIVEP3",15.913430869124
"HOXB7",15.8991371023409
"LRP11",15.8928397413788
"PODXL",15.875006248472
"MIR4420",15.8448021002016
"TUBG2",15.818971107734
"PLEKHA6",15.815088911092
"TMEM14A",15.8098331486488
"CAMK2N2",15.794718359374
"NUP153-AS1",15.779469094384
"CEACAM4",15.7672720626212
"HEPH",15.7553130147511
"LSM11",15.7288373250875
"LHFPL3-AS1",15.7259453597829
"DNAJC24",15.7149854705949
"GRHL1",15.7144896778195
"FAM157C",15.7044669124439
"VEPH1",15.6907493086046
"C6orf136",15.6878111836404
"THEM6",15.6686733368187
"PALS2",15.6659424386579
"PRKACB-DT",15.6647731031329
"B4GALT2",15.6477081807714
"SCARNA5",15.6399104863337
"CIART",15.6353762718555
"GIMAP3P",15.6271747800949
"SEMA6A-AS1",15.6256413223586
"RACGAP1",15.6109645379768
"MTCYBP11",15.5899715354956
"EEF1B2P1",15.580399426253
"EPS8L2",15.5799094154173
"ATP11A-AS1",15.575202221614
"SH3RF2",15.5623028987117
"A4GALT",15.5453699623891
"RBM26-AS1",15.5382342125969
"SNAP25-AS1",15.5349873856464
"RPSAP13",15.5303155086742
"PTCRA",15.5298152855625
"CCDC144CP",15.5250669218153
"FAM193A",15.5163550143041
"MATN2",15.5107748270865
"FRMD3-AS1",15.4833763469191
"ZBTB16",15.4732271854847
"GIMAP8",15.470296130186
"NIBAN3",15.4465662371023
"IL17REL",15.4453845258046
"RN7SL192P",15.4422084694313
"NRIR",15.4380149381764
"DLGAP2",15.4320565773944
"ZNF839",15.4204578069329
"OR7E100P",15.3904357893032
"RPL11P1",15.3744703755051
"LRRC3-DT",15.3675100115681
"PIK3C2B",15.3630057243957
"LINC00243",15.3585043135651
"ZNF407",15.356027844257
"C12orf75",15.341748000534
"FMNL1-AS1",15.3408345051287
"DCST1-AS1",15.311815731937
"MIR624",15.3102384979214
"ENTHD1",15.2605363042662
"LINC01993",15.2416501456926
"SBK2",15.2381165623862
"LINC02723",15.2228947733425
"TCEANC2",15.2147421745552
"MAP4K1",15.2100724023322
"TCF3P1",15.2078709284862
"SEPTIN1",15.1911459318019
"TYMP",15.185896856899
"ADSS1",15.1840627074541
"ZNF318",15.163701276508
"DNAI3",15.155721670021
"LINC01091",15.1456397333032
"IGLV1-44",15.0940727619311
"LINC02971",15.0877119417123
"ZNF415",15.0862364626203
"CCDC112",15.0713274493057
"MDN1-AS1",15.0670866241014
"SLC22A23",15.0587215578756
"ZC4H2",15.0540053387725
"RNU6-1228P",15.0526563650937
"ALOX15",15.038871633362
"COX6CP17",15.0379923682694
"SLC29A2",15.0331369862428
"AFDN",15.01951053073
"NF2",14.9962241812621
"FBRSL1",14.9917022648331
"NRSN2",14.9858078057403
"MIR1302-5",14.9842913736846
"ECI1-AS1",14.9746861699055
"KRT8P33",14.9687004582265
"BRME1",14.9685484269711
"AMN",14.962715452456
"RN7SL756P",14.9460974373418
"ZNF84",14.9268613057971
"SCYGR10",14.9215383592291
"ZMYM1",14.9211381756966
"MRM1",14.8957542797872
"PAEP",14.8899170654027
"PARVA",14.8873551134207
"FOXJ1",14.875013273963
"MIR133A1HG",14.865646400698
"L2HGDH",14.8640187757901
"NPM1P52",14.8555049180265
"ZNF232-AS1",14.8451620214374
"RPL21P44",14.8345778918533
"CASP6",14.8300311324424
"LINC02642",14.8293304230878
"HHEX",14.8196580121961
"RNY4P6",14.8183549816403
"AACS",14.7944640332422
"PDK2",14.7917544628638
"ATP4A",14.7838796321316
"USP31",14.776849274712
"LINC01483",14.7720570468973
"COX7BP2",14.7477757967274
"KCTD6",14.7435209757755
"CEMIP",14.7363591580918
"TSFM",14.7253224076651
"GPR158",14.7235909780709
"TEX53",14.7156990663057
"NHIP",14.7008854247884
"CABLES2",14.6875743803239
"TTC39C-AS1",14.683982227438
"ZNF296",14.6644927051686
"C16orf95-DT",14.648570768603
"RPS24P12",14.6054829332509
"YWHAQP5",14.5887377738919
"NEO1",14.5785040906659
"LINC01416",14.5719566769887
"NELFB",14.5561320719134
"ABHD15",14.5495757450095
"HARBI1",14.5356525851934
"PTPRG-AS1",14.5341858509321
"SNORA70D",14.5318757334245
"P2RY6",14.5280076238236
"FAM120C",14.5270656680909
"FBXL8",14.5224841776095
"CD1A",14.5165614898643
"IL18R1",14.5027078281204
"CEP250",14.4758305295376
"SATB2",14.4600831553068
"DNAAF5",14.4552289453989
"MORN1",14.4308724425933
"PAIP2B",14.4051858336624
"GPR75",14.4024973500275
"ZNF133",14.3889966975025
"HEXIM2",14.3878335700252
"OTOF",14.3663792813394
"BAIAP2L2",14.3577396027371
"NACC1",14.3473024543082
"NUDT6",14.3162015025511
"DNM1P35",14.2977876243748
"KREMEN1",14.295421998736
"ZNF334",14.2694483919376
"PRXL2CP1",14.263541247123
"HPF1",14.2595332639381
"CDC45",14.2384844553278
"DTWD1",14.2365698584328
"NECAB1",14.2253651159207
"H4C14",14.2145684004885
"RPL5P23",14.1981422983386
"GFOD1-AS1",14.1918514255261
"IL12B",14.1758240809855
"CCL8",14.1757834103875
"CYP2S1",14.1684253856153
"GSDMB",14.1597840235448
"MAMDC2-AS1",14.1452892067132
"FAM181A-AS1",14.1332483005853
"LIPT1",14.1191057360153
"LINGO1",14.1040612967577
"LINC00239",14.0976639272524
"CALHM6",14.0892669204873
"PARAL1",14.0836792356819
"ATP6V1G1P4",14.0736508954113
"BISPR",14.069911915301
"ZNF85",14.0649088522815
"CCN3",14.0378485726477
"ALDH1A3-AS1",14.0334484725826
"NTRK2",14.0275832511498
"ESPL1",14.0197735895037
"RNF32-DT",14.0052028685684
"NYAP2",14.0008371701983
"STK32B",13.9882245935456
"RTKN2",13.9780125983589
"HOMER2",13.9756411704576
"CD79B",13.9671553721029
"DTL",13.9622402642644
"AKR1D1P1",13.9541105084256
"ZNF462",13.9499401573062
"CYB5RL",13.944141279135
"TEAD3",13.9438966136713
"RB1-DT",13.941512458919
"TOPBP1",13.9347521738214
"YJU2",13.9264131410644
"MYOM2",13.9144536324195
"CAPN11",13.9099760801249
"SNX32",13.9056774261067
"PAXIP1-AS2",13.9042791124876
"ASB11",13.8994639944345
"LTBP4",13.8974158891662
"CDH3",13.8900058778356
"FAM185A",13.8864820930809
"SLC1A2",13.8794706059186
"MIGA2",13.8686222421823
"LINC01291",13.8532780722322
"LINC01882",13.8406741355257
"GPD1",13.8325886661545
"TEKT4P2",13.795459648812
"IFITM9P",13.760384309888
"RPS6P16",13.7487369152704
"RHBDL3",13.7396301109612
"SLC39A12-AS1",13.6993560232807
"DCTN5",13.6732222456784
"LINC02449",13.6627091736804
"SCARF2",13.6605078932894
"WNT10A",13.6503519759302
"SCREEM1",13.6476917018734
"KLHL29",13.6387480057038
"CLEC14A",13.6339472368731
"CTNS-AS1",13.6302835514361
"FRMD3",13.6177263466213
"GPR31",13.61279476966
"BLACE",13.6120816309128
"CATIP-AS2",13.6019908377258
"ANKRD53",13.5922131828743
"LRP5",13.5824192479319
"LINC01502",13.5725153165792
"ULBP3",13.5511554955932
"CAPN8",13.5444168285443
"ARMH1",13.5381298242189
"MIR5195",13.5216430168162
"SOX5-AS1",13.5123063196175
"RN7SL113P",13.487177273019
"FBXO17",13.4676193051623
"ZNF221",13.4479028066239
"GAL3ST2",13.4423504037882
"LIMD1",13.4334459711218
"DOCK7",13.4326911724678
"NAV1",13.4007294736107
"PLAT",13.3923718045492
"RBM42",13.3729371550775
"CSTF3",13.3624105634034
"TSBP1-AS1",13.350874275903
"L3MBTL2",13.349573848458
"IL2RG",13.3409646282084
"RPLP1P13",13.3327105532137
"PRR29-AS1",13.3265540588373
"RPL17P24",13.3211031587945
"GLYATL2",13.3185167763895
"PRX",13.3031415876541
"TSPOAP1",13.2984934801646
"UPK2",13.293935067175
"BBS7",13.2929208227188
"CLCN2",13.2871256088223
"TGFBR1P1",13.281659988164
"MYL6B",13.2383649444715
"PRR5L",13.2271409217438
"RBISP1",13.2167097991737
"GBP4",13.2104533270651
"RRM2P2",13.1968088196274
"ZBTB20-AS3",13.1813817724229
"LINC02068",13.1769330681784
"DCSTAMP",13.1694217860057
"PPP1R3F",13.1648099988062
"SDAD1-AS1",13.1631886146706
"TFEB",13.0963662014178
"SPC25",13.0929454819095
"RPL7P46",13.0806828277474
"CPNE8-AS1",13.0776747455773
"KNL1",13.0750220893296
"CCDC188",13.0677691098336
"PLPP4",13.0653473634154
"LINC01725",13.0650522757158
"RNA5SP151",13.0554010526834
"DCAKD",13.0497538051967
"ZBTB37",13.0431471438426
"ITM2C",13.0298134766601
"SNORA77",13.0296874275358
"LRWD1",13.0221590545827
"ZFP62",13.0197115309433
"POLR2J2",13.0109422353683
"TMTC2",13.0008477745561
"CPNE5",12.9928778236248
"BYSL",12.9769403462765
"DPYSL4",12.9488363578354
"LINC03074",12.9175889312154
"PGPEP1",12.9062943900468
"THAP3",12.8957884793423
"ZFP37",12.8929424464241
"CA8",12.8921012288992
"MTND1P11",12.8882212178978
"SLC25A1P5",12.8812389469981
"RHOD",12.8759263792124
"LINC02265",12.8747284496728
"RNU6-125P",12.8695767124787
"GMEB2",12.8679069647264
"CAV1",12.8590073734027
"POLE2",12.8533854654512
"ARL4D",12.8521058838579
"PTOV1-AS1",12.8489969429774
"SYNE3-AS1",12.8485955820047
"CCR8",12.848495748154
"SAPCD2",12.8357817234192
"TLCD3A",12.8218712594829
"LHX4",12.7972644866949
"TTLL5",12.7933329176955
"GPER1",12.789742290811
"DLL3",12.7848157740021
"ARC",12.7833540258649
"CFAP141",12.7767296470101
"MRPL42P2",12.7767296470101
"PTMS",12.7761486285689
"FCGBP",12.7618628739741
"PTPRN",12.7605710664311
"BACE1-AS",12.7554729793076
"COQ8A",12.7520236230775
"TGFA",12.7495372908056
"LINC02397",12.7445698708544
"TRAPPC12",12.7431962148814
"NFS1",12.7410456694718
"SAP30L",12.7398660064585
"COTL1",12.7336442591349
"BCKDHA",12.7273042347649
"ZFY-AS1",12.7225597686717
"ABCB5",12.7102706306129
"NAT9",12.6852042063433
"SMG8",12.6850259691225
"STAMBPL1",12.6808483624641
"GPC3",12.6777664241186
"SPTA1",12.6624448684232
"ZNF564",12.6609672718248
"ABCA6",12.6569170610916
"RPSAP51",12.6537058722401
"ZNF470",12.645446763807
"MIR3681HG",12.6381454941997
"LINC02798",12.6277632141065
"ZNF608",12.6163377189371
"RN7SL769P",12.6158317237577
"KCNIP1-OT1",12.6105325796012
"CORIN",12.5832260888747
"PDE1B",12.5674693768038
"PPP1R14A",12.552088215475
"CASP5",12.5515265655306
"LINC01471",12.5489851022604
"RAB4A-AS1",12.5445563174275
"ZNF2",12.5306542906498
"RNU6-204P",12.5248691593788
"MGAT3-AS1",12.5182503693512
"CALCA",12.5137381652275
"PLCL2",12.5108817813066
"MELTF",12.4970438212014
"SHQ1",12.4939197289396
"OLAH",12.4894402044971
"GRTP1-AS1",12.4816105791093
"LIMD1-AS1",12.4697091777321
"PPA1",12.4659638473271
"METTL14",12.4612033536685
"GTF2H2",12.4464736974228
"ZNF778-DT",12.4436288749233
"KCNK17",12.442194311958
"LINC01115",12.4390220836946
"B3GALNT1",12.4316553463641
"RAB35",12.412450773212
"PRR5",12.4120367148192
"TRAV29DV5",12.3979285023462
"H2AC17",12.3949830237027
"SDHCP2",12.37829262464
"MRPS9-AS1",12.3769201162411
"TESHL",12.371516533529
"CDX2",12.3689145061772
"IMMP1L",12.3534623552074
"LINC03022",12.3473453754467
"CHGB",12.3466209849108
"C1RL-AS1",12.3436001486331
"HSPA8P3",12.3297115564249
"ARNT2-DT",12.3280088000515
"MTND3P9",12.3029035908868
"NCOA5",12.2817439661031
"MCPH1",12.2560891566138
"ZNF711",12.2549479387963
"LINC02646",12.2497252618319
"L3MBTL4",12.2372627574377
"STRBP",12.2195805054536
"DNAJC8P2",12.2087202028851
"NHERF2",12.2063657608154
"CHTF8",12.2004541415858
"PRR22",12.1858371903444
"AKAP1",12.1678126947296
"NUBPL",12.1598480195699
"MTA1",12.1553085944577
"TUBB4A",12.1486093790196
"MYLK",12.1036896638699
"ETAA1",12.085243263333
"FAM43A",12.0749910959503
"LINC01703",12.0744845712142
"NUDCD1",12.0670703884384
"ACTR3C",12.0660482788681
"RPL21P134",12.0480266017804
"COL4A4",12.0253263441891
"MRPS9-AS2",12.0193213784773
"SMC1B",12.0025512587472
"BSN-AS1",11.9978005595293
"HEATR6-DT",11.9914866033145
"CDKN2C",11.9808780449158
"IGHV1-18",11.9787207903429
"PHF21A",11.9748972278913
"IRF2-DT",11.9640970591798
"APOBEC3G",11.9637815034807
"ZNF740",11.9540520214044
"MMP24",11.9454474635276
"KATNAL1",11.9433071652481
"COL4A3",11.9303784045403
"ATP2C2-AS1",11.9266828213851
"PCAT6",11.8952176953812
"TPT1P10",11.8932363882012
"OMG",11.8913923935455
"HDAC9",11.8825997143061
"POM121C",11.8505746945639
"NANOGP8",11.8489577276391
"GTF2H2C",11.8431262306959
"MTND3P1",11.8334265313387
"IGF2BP2",11.8304599745954
"CWF19L2",11.8292744364009
"RPL35AP16",11.8285519009498
"ETV7",11.8264886600684
"PTPN11P3",11.8096808831305
"RFX5-AS1",11.7606113006513
"ZFP3",11.7556121372822
"RPUSD2",11.750027288347
"RUNX2",11.7408754226259
"CALHM6-AS1",11.717239488652
"TCF19",11.7143522171971
"TAF1C",11.7115678379352
"NAT14",11.7103738390507
"TRBV6-1",11.7076584826943
"LINC02105",11.6913922424866
"ATP6V0E1P2",11.6870271927945
"PPM1F-AS1",11.6831309765148
"TMEM109-DT",11.6779764576527
"EGLN3",11.674209545523
"KIF11",11.663130373884
"LINC01063",11.6462445478548
"SEPTIN7-DT",11.6347663802242
"BAHCC1",11.6342401246871
"TBX19",11.6154974314049
"CCDC8",11.5904396192532
"ANKRD55",11.587454777806
"PRB2",11.5793329198231
"SELENBP1",11.5786562571941
"GPAA1",11.5624945602307
"C1orf115",11.5581786692958
"ADHFE1",11.5572359890935
"FAM177B",11.5509509738573
"KLHL17",11.5389968329609
"GGT8P",11.5338120027414
"MIR378D2HG",11.5251046971538
"UCHL1",11.5214914676852
"PCSK1",11.5103970716026
"LINC01226",11.5082278847806
"GYPE",11.4778142638362
"RPH3AL-AS1",11.4600255747742
"RPL32P32",11.4538385386465
"KCNE5",11.4468746298621
"RN7SKP185",11.4275543661981
"CYP27B1",11.4145022216152
"MYO1D",11.4042281627816
"SRGAP2-AS1",11.3992600596033
"TNFRSF11A",11.3890164402689
"CDC20",11.3803384955761
"LNCATV",11.3744687849636
"LINC01792",11.3603381244332
"AOAH-IT1",11.3571993973791
"LINC02416",11.3191040971245
"PLOD2",11.3159531803413
"DLX1",11.3145472070742
"HSPA8P19",11.3131169492993
"TCHP",11.3039704485319
"RPL34-DT",11.3034024501182
"SAA1",11.2951962183193
"TNFRSF13B",11.292208709944
"SF3A2",11.29177178153
"PFKFB4",11.2835791962161
"DSCAML1",11.2782129838237
"SGSM2-AS1",11.2725525941687
"SLC25A51",11.2638622141276
"PRIM1",11.2545206472681
"STXBP1",11.2353384759047
"SPATA2",11.2201798894833
"GYG2",11.1874257074368
"GINS4",11.1745273845478
"NEBL-AS1",11.1633035267437
"ALG1L2",11.1612174214399
"RSF1-IT2",11.1568877836155
"CIMAP3",11.1493078135406
"PPP1R13L",11.146948671948
"DHX33",11.1233949508709
"PLEKHG7",11.0964616705865
"CBX8",11.0917177019157
"LINC02736",11.0845669219929
"TRGC2",11.0746918235076
"RXFP4",11.0746780871047
"SPATC1L",11.0680306488966
"PIK3R3",11.067044187041
"NLGN4Y",11.0338643180565
"ROGDI",11.0301930040776
"CASP7",11.0295789402539
"CXADR",11.0239357962256
"ATP8A2",11.0129180944626
"STIM1-AS1",11.0089292733095
"SNORD53",11.0023498011365
"SPACDR",10.9964766661062
"STK32C",10.9944749305023
"STAT1",10.9922372357013
"CDC37",10.9872580581915
"SPNS2-AS1",10.9623997161862
"CHDH",10.9619003044661
"BATF3",10.9581170944722
"SCAMP5",10.9580531325494
"TBL2",10.9524050350078
"PTPRN2-AS1",10.9440720529097
"SCN1A-AS1",10.9280518087178
"TMPOP2",10.9250329602025
"DOCK1",10.9161113028583
"FZD3",10.8886199106549
"LSP1",10.8781446622302
"ZNF721",10.8776830831117
"TMCC2",10.8585675223991
"CCDC102B",10.8530908811138
"COPDA1",10.8516767288839
"SAMD3",10.8429017115799
"OLFM1",10.8139438504023
"ZNF804A",10.8105167924937
"NEK1",10.7976914865801
"LYPLAL1-DT",10.7797408732398
"EPHB4",10.7773491039457
"OSTN",10.773536165196
"GRWD1",10.7721053699616
"ZNF775",10.7703240399284
"ARG1",10.7687936981576
"MFSD12",10.7550608575847
"ADISSP",10.7537385241764
"HMBOX1",10.7489177017705
"MAMSTR",10.7438158763772
"RORB",10.7421902927223
"TPM2",10.7320559157741
"DLL1",10.7295866754394
"PPP4R2P1",10.721342216087
"RPL12P8",10.7186775549543
"ALDH5A1",10.7179682329513
"ROPN1B",10.7086643818762
"TMEM203",10.6856972070921
"PPIAP73",10.6805666726962
"EPOP",10.6684520360845
"DDX51",10.66080445393
"FRK",10.6511470255657
"WNT16",10.6367706512634
"COP1-DT",10.6321613778288
"LINC01353",10.6279522485861
"FAM215B",10.6226682893859
"MIEF1",10.6212805405142
"ZNF843",10.6102384580772
"AURKC",10.6033455996256
"CDC42P4",10.5869548869834
"ZFP30",10.585874875422
"SPON2",10.5854114372961
"RAP1GAP2",10.5840081765006
"SORBS1",10.5653552087009
"RN7SL225P",10.5637152790648
"PPP1R12A-AS2",10.5552005611632
"RNA5SP265",10.5477945851597
"C1orf131",10.547148318175
"MTMR4",10.5463134795587
"INO80-AS1",10.5438582823215
"BLOC1S5",10.5416077395283
"CCDC126",10.5378600641091
"COL5A1",10.5348048031089
"LHFPL3",10.5309697096116
"SLC24A1",10.5200198881651
"VPS51",10.5130647597637
"FOXF1",10.5121446094141
"CFAP97D2",10.5114785121135
"MSLN",10.5040233790919
"LDLRAD3",10.4900361372641
"PBX4",10.485648167871
"NEDD4",10.4683695277877
"GSTM2",10.4682900700615
"TMEM169",10.4629384751548
"ZBTB5",10.4528153451535
"CHAF1B",10.4449083976377
"FUBP3",10.4412190846672
"TVP23C",10.4313207848907
"IDH2-DT",10.4303963475901
"TUBG1",10.4199548933855
"GIN1",10.4148796064369
"CCT6P1",10.4091250983272
"UBD",10.4054440248155
"RNU4-39P",10.4037611258994
"DOCK9-DT",10.4031424931005
"MPND",10.3948708420191
"SIT1",10.3853634136721
"TCEA3",10.3838179360067
"SPDYE6",10.3750584638607
"CT70",10.368803683571
"MYOT",10.3333091959185
"MEIOSIN",10.3299649978119
"TRAF2",10.32644199119
"SCN3A",10.3163425494419
"SMPD3",10.3102345098834
"COQ8B",10.3076483736232
"MAGEF1",10.3065011687987
"BSDC1",10.3022896627207
"GAR1-DT",10.2987471260986
"L1CAM",10.286056024259
"BACH2",10.280943520885
"MED12",10.2705342959913
"LINC02034",10.2668685788918
"RNU6-260P",10.2594324749977
"TRERF1",10.2556359689676
"PSMD3",10.2375032915649
"ADH1B",10.2238499549915
"SLC25A34-AS1",10.2232582804437
"BICD1-AS1",10.2214150002441
"DPH2",10.2094047432717
"NEDD4L",10.2089987024436
"MIR4762",10.190227845486
"JDP2",10.189262124045
"HNRNPA1P14",10.183611808368
"TICAM2",10.1810452384676
"CHD5",10.164627218585
"TTLL3",10.1595236702742
"HIVEP2",10.142874627839
"GBP1",10.1375011141026
"WDR7-OT1",10.1295390358611
"SLC12A2-DT",10.1287041136387
"CDH19",10.1283202741171
"POC1B-GALNT4",10.1236750898986
"FOXP4",10.1226489880477
"CCDC78",10.118116090343
"CACNB3",10.113708877518
"MAGI2-AS3",10.1082609777982
"FER1L5",10.1004765830307
"HADH",10.0879684992561
"OR2I1P",10.0826054846714
"IMPDH1",10.07752056331
"ZNF444",10.0699212909653
"NCAM2",10.0623882865598
"ZBTB32",10.0604786102829
"CASQ1",10.0569995225509
"CCDC63",10.0485889145269
"EAF2",10.0477519117042
"DPH5",10.0407403158457
"FCF1",10.035275328216
"LINC00689",10.0339919963575
"EGOT",10.0222292772761
"RALGAPA2",10.0164174021439
"ANKRD49P2",10.0125987419859
"RPS13P5",9.9898025558691
"PRR13P5",9.98311582850737
"IFT70B",9.9800895465801
"RN7SL648P",9.9658852475312
"SOX18",9.96224573696496
"LRRC1",9.93748851070079
"SLC25A38",9.93251863671805
"RN7SL180P",9.88911771295412
"S100A5",9.88650736053518
"PARP10",9.88523577682839
"GPR61",9.87105913044402
"VPS50",9.86826395352988
"HELZ-AS1",9.86617231959652
"ZBTB22",9.85822493222477
"ANK1",9.85265620783527
"MAP3K14",9.84682986158007
"ZNF829",9.84414706897662
"LY75",9.84094015542296
"MAPK6P3",9.8407550418872
"MMP3",9.83906951637696
"AEBP1",9.8336122576793
"P2RY2",9.83293596805645
"MIR8071-1",9.83187564570363
"GRAPL",9.81743823484469
"SLFN12",9.81656757241294
"GINS2",9.81647408828176
"SRF",9.81123361848142
"GRK1",9.80214696785861
"BCS1L",9.79374768853223
"EPB41L1",9.789531673368
"PLEKHG6",9.77892244294609
"BDH1",9.76849218431071
"FOSL1P1",9.76602984681435
"CD79A",9.74754622248592
"CHD9",9.74183101932314
"KTN1-AS1",9.73928958650041
"ETF1P3",9.73599525152344
"TMEM141",9.72573721032423
"MARK2",9.72423290800493
"MBD3",9.7190086430192
"LINC02341",9.71900739350437
"STXBP2",9.71268272504847
"ZNF138",9.71152912483198
"ARHGAP11A",9.70772357263619
"KISS1R",9.70585074783375
"KCTD11",9.70096961134962
"UNC5B",9.6974301699826
"CASK-AS1",9.68850695906575
"FBXO28",9.68435393852088
"RCOR2",9.68285029620671
"PHLPP2",9.68192012205191
"RAB11FIP3",9.67313474712494
"ARF3",9.67273253647578
"KIF25-AS1",9.64336889918724
"TIPIN",9.64263412747425
"ATAD3C",9.63593414806796
"CKMT2-AS1",9.62257369834153
"PRR33",9.61530262311216
"MFGE8",9.61528732133932
"LGALS9",9.60994705081115
"ZBTB46-AS1",9.6067545607647
"P2RY13",9.60560558308456
"H3P31",9.59812845447932
"ARHGEF35-AS1",9.59422575638571
"DAZAP1",9.58387858158205
"C11orf16",9.58379290797052
"CHRNA5",9.57410427944036
"DDX54",9.57354651978881
"SAAL1",9.56242118594994
"CCDC7",9.55898222457594
"SOX5",9.55648133900677
"LINC01088",9.55594831493373
"TRAPPC5",9.55135276536071
"HOOK1",9.54492092753642
"RNY4P7",9.53754135355786
"GSEC",9.53576802004729
"DNAH14",9.53502923500264
"RN7SL672P",9.52785410117144
"DPH5-DT",9.51665276866013
"AKAP5",9.51657184568282
"NANOG",9.51041105632167
"NRAV",9.50433688904648
"MNS1",9.49800883152681
"CFAP53",9.49410729333733
"MRPL38",9.4852991353332
"ANKRD49",9.46940168138342
"RN7SL127P",9.44659125639082
"PRR34",9.44491406948362
"PSME2P3",9.4392518933569
"PAQR4",9.42820883849102
"KIAA0408",9.42702146961851
"GDI1",9.42294311991412
"SEPSECS-AS1",9.42281229740969
"ROM1",9.42030335994787
"RPL35AP32",9.41023837798484
"ARSK",9.40066273976669
"GPR19",9.39344656452336
"HSPBP1",9.39032215488946
"TMEM117",9.38250721931222
"DNAJC11",9.37978564191109
"MIR6124",9.37044692589271
"NEURL4",9.36534426688812
"C17orf49",9.36373423366845
"INPP5D",9.3623145232853
"ZBTB42",9.34521455128728
"LCMT2",9.34387902642994
"KDM4A",9.34182298005125
"TDRP",9.33453300527466
"MICOS10P3",9.32107219749654
"ZNF219",9.31665139025392
"FBXO22",9.31478474824103
"CFAP119",9.3146101885069
"ADGRG6",9.29897922453089
"CST3",9.28844174196756
"HOXA5",9.27991599416404
"HSD17B7",9.2674040086783
"MIR597",9.25320636913356
"ZBED4",9.25120788656251
"ZCCHC24",9.25119606985667
"SYNGAP1",9.25040587562162
"EYA4",9.24664374702248
"CRACDL",9.24442051551339
"FASTK",9.24052314646608
"LRP2BP",9.23906915201384
"TRIM63",9.23360437256271
"TRMT44",9.23037937065229
"BTNL9",9.22793930159828
"NEFH",9.21604048574328
"SLC35B4",9.21424651298928
"IFNLR1",9.21164118363275
"ZNF28",9.2113506571916
"DARS2",9.20621708664717
"FAM171B",9.20603563007178
"CACHD1",9.20137127887903
"MIR16-1",9.18898338525217
"ROBO3",9.18635957101664
"MED12L",9.18072720113085
"ATXN2L",9.17361904121392
"MIR548AY",9.16255084141945
"LLGL2",9.15768022877916
"CAPRIN2",9.1549260843978
"TRPM5",9.15470496830414
"CYP51A1-AS1",9.14743514606036
"BAAT",9.13904529771409
"FAXDC2",9.13742245772644
"ZNF717",9.11466962854528
"TCF12-DT",9.11383317615781
"IL22RA2",9.11344853628022
"MXD4",9.1104526623147
"SIRPD",9.10775886698993
"CPTP",9.10403060239144
"MIR3173",9.09393164724564
"NICN2P",9.0911192374405
"TCEA1P4",9.09089719532022
"ST6GALNAC4",9.08582072116531
"PACSIN3",9.08338330964717
"MYL6B-AS1",9.0646706983434
"MCM8",9.05635991132994
"OCLN",9.05243831018565
"EXOG",9.02832344266485
"ARMC7",9.01340692714846
"MTCO2P33",9.00410267247939
"LINC00216",9.00044186509852
"RN7SL663P",8.99433216381085
"SAMD14",8.99323451480251
"TFIP11-DT",8.98728392783939
"CTNS",8.98360967198278
"TSPAN2",8.98223223988031
"KCNJ5-AS1",8.98074108947127
"TIMM22",8.98026221940307
"CCDC106",8.9787953132474
"REV3L-IT1",8.97468213579965
"C19orf18",8.97095833628503
"RPS10P16",8.95453579944006
"PSMB8-AS1",8.95260087545588
"LINC02197",8.95087358937265
"H2BC15",8.94752262477476
"SLC22A31",8.94037208378522
"MSRB3-AS1",8.94017876959633
"ARL10",8.93205308622462
"ADRB1",8.93052438361779
"KLHDC4",8.91872614470615
"DHRS11",8.90742987249213
"MIR3677HG",8.90284897976118
"TSPAN1",8.89092773248223
"AFF3",8.89010353727521
"LAPTM4B",8.88940238805658
"REELD1",8.88705263492106
"LINC01629",8.87915452863594
"PYCR1-AS1",8.87077225153205
"SNORA70B",8.86825245759566
"TLX2",8.86790462877816
"SULT1C2",8.86242896330082
"PLSCR2",8.86200557773079
"B4GAT1-DT",8.86060530603228
"LINC02413",8.85615193166337
"BLK",8.85324863142279
"ZNF35",8.85037858644414
"TMOD1",8.84677625991796
"GAK",8.83697428367669
"VPS9D1-AS1",8.83643664509973
"RPS26P15",8.8300832389888
"LINC00920",8.82916719932287
"RNVU1-15",8.82676591575624
"CDC42BPG",8.81844047344617
"HROB",8.80239662901068
"TWNK",8.7932729271717
"ZNF432",8.78880175689119
"HSPG2",8.78747650751272
"MEX3C",8.78667315074392
"AIM2",8.78522453228008
"PRELID1P4",8.78224090216252
"SCFD2",8.78070731365032
"COX6CP14",8.77491050316829
"SFTPA1",8.77436159268257
"RPL6P24",8.76612969964878
"TRAV9-2",8.76323532667592
"TRABD2A",8.75726711392665
"LINC02362",8.74238465564551
"PTPN20",8.73318560293484
"RPL32P23",8.72814723306855
"MPC1-DT",8.70330012818571
"DTX3",8.69836199781681
"LINC00921",8.68616648664267
"HESX1",8.68300741178305
"PHTF1",8.67353893925661
"APOBEC2",8.67155707339819
"CLSPN",8.67047402132688
"PPP5C",8.66105611981776
"NELL2",8.66027634496215
"KCNJ10",8.65827784858346
"RYR2",8.65669021349727
"ZSWIM9",8.65653974574466
"HOXA11",8.64898015538237
"ASAH1-AS1",8.6375355218507
"CAVIN2-AS1",8.62526103347983
"PRKXP1",8.62484579864582
"ATP13A1",8.61759013362128
"RHPN2",8.6097864450511
"SUSD3",8.60234441393249
"BCAS4",8.59736801135493
"CLPP",8.59534493886754
"MRPL19",8.58494599093383
"C10orf88",8.5711338542912
"MAGI3",8.56642773542853
"ICAM4",8.55110221421416
"LCMT1",8.53432378376591
"MCM2",8.52274878832104
"ACSF3",8.51613106909928
"CRISPLD1",8.51584437160536
"TEX38",8.51354968356553
"TLE1",8.51041057960485
"SUV39H2",8.50114901515447
"RGS13",8.49877615884192
"FAM30A",8.4954595212222
"TBRG4",8.49086218992468
"FOXN2",8.47473873861147
"ENKUR",8.47155585070866
"SNORD15B",8.469320993357
"C2orf74",8.46790300884575
"LAMB2",8.46716728296404
"CSTF2",8.46464163934432
"MYLK3",8.46128610655493
"IL9RP3",8.45897308389421
"HAS1",8.45707054099754
"TRAV8-3",8.4542448585329
"SPRED2",8.44911985675358
"NUP54",8.44474732735941
"AGGF1",8.44451229855322
"SMARCE1",8.43474931580274
"MVD",8.42936893354741
"RPL36P2",8.42678695845232
"GCFC2",8.41728889416728
"NAA38",8.41571047921478
"LKAAEAR1",8.41477281110586
"ACKR3",8.40478924433494
"CHKB-DT",8.40046984486212
"NCAL1",8.39656523308046
"AGPAT2",8.39526080060688
"ATP5MFP1",8.39159911588295
"GRB10",8.39156367772367
"CREB3L1",8.37828164434237
"ZNF384",8.37642912822721
"CCDC51",8.37410055355249
"LRRC37A",8.37311417762706
"SRPX",8.37294296659675
"GNAI2",8.36843755078953
"IGHV3-72",8.36210995919593
"OR4F7P",8.35948267328831
"TREML1",8.34772478558459
"JAK2",8.34557969288369
"MFSD3",8.33836305097834
"SART1",8.33680631157574
"PPP1R14B",8.33563398212425
"ZMYND12",8.33481617449862
"IGHV4-34",8.32954781153552
"PAXBP1-AS1",8.32917989318382
"PRR15",8.32731483824759
"PC",8.31228494943338
"TPD52",8.30425582184866
"RBMXP3",8.28369128719101
"RN7SKP292",8.28325744007726
"CFAP69P1",8.27090001878223
"LINC02950",8.25990076793678
"BRICD5",8.2543531744658
"IGKV1-12",8.2349181141679
"TGM5",8.23248264676513
"TMTC4",8.22485575462772
"SETBP1-DT",8.21604362564688
"GAS2L1",8.21509933787147
"LRRC61",8.19294702581192
"CNRIP1",8.19092960603305
"SPATA31H1",8.18109003564683
"BAIAP2",8.17374251189404
"CELA1",8.15255201664207
"CASZ1",8.14109426419403
"RPL12P29",8.13858294143182
"KDM4D",8.1358364132493
"ZNF546",8.12821579479109
"ABI3",8.12619759380092
"POLH",8.11518140218373
"PPAN",8.11483426303493
"PCBP4",8.10551123841683
"TSSC4",8.09185471437175
"FADS3",8.08751405334705
"CEP72",8.08571319676281
"NUP93",8.0829070162219
"MT1E",8.07584502924309
"OR2A7",8.07565617216486
"IL21-AS1",8.06093227398918
"CD74",8.05798561521966
"TBP",8.05743959171531
"ERICH6",8.05420767787069
"ST6GALNAC2",8.05210199008354
"PYDC5",8.04838573735668
"STIMATE",8.04831231055055
"KLF7-IT1",8.04003237611717
"CEBPB-AS1",8.03915423941218
"GIT2",8.03912778839653
"LINC00595",8.0327156959335
"KLHL22",8.01256188235713
"LINC02978",8.0032843700155
"CAPN15",8.00028993435526
"ANKHD1-EIF4EBP3",7.99944053780185
"TPSB2",7.99656929591811
"SNAP47",7.99641907642665
"BMP8B",7.99528958716401
"ZNF749",7.9884095444226
"OR4F2P",7.98097683359964
"PAFAH1B1P1",7.97493111881556
"ZNF226",7.97251046131211
"POPDC3",7.96594215960371
"MAN1C1",7.96425146164188
"NHS",7.95547178820428
"IZUMO4",7.94570287895012
"ZNF787",7.94415067590506
"AIDA",7.94064932946023
"SPDL1",7.93514789414695
"ZNF747-DT",7.92739937142957
"IP6K3",7.91980362361942
"MLXIPL",7.91486015675423
"LINC02842",7.91105537314955
"REXO1",7.88197844789754
"PRRX2",7.87346878866057
"UBE2L6",7.86843201353126
"LINC03034",7.86124846319738
"ABHD17AP5",7.85801435197934
"TMEM234",7.85509645688297
"PAPOLA-DT",7.85312244050166
"ERC1",7.85105016599313
"ACTG1",7.83878433318363
"PXDN",7.83653328136802
"THAP1",7.83221375223735
"MIR99AHG",7.83183373460079
"ITPKC",7.83075330529528
"ALX1",7.82756517615523
"YWHAH-AS1",7.82290600533156
"CPVL-AS1",7.82138463158903
"CD24",7.82109496079809
"KLF16",7.81455165094374
"SMAD3",7.8111077034907
"RPL7P48",7.80658202912258
"FAM50B",7.80141421908466
"SIGLEC10-AS2",7.79905697354032
"ADCK1",7.79794933683471
"FHIP1A-DT",7.79673805310449
"MIR4534",7.79483177968152
"ZBTB47",7.79147766354522
"IGLON5",7.78256322035997
"SLC36A3",7.77790412375244
"TP63",7.77287749182465
"MCCC2",7.77068061531722
"NANOGP2",7.76825095193322
"DNAH8-AS1",7.7571862239645
"LEF1",7.75529937315433
"MCM5",7.74655632883033
"SNORD11B",7.74402218358576
"HSPA4L",7.74294598862731
"CRB2",7.74034159220503
"ZNF860",7.74001917984881
"FKBP5",7.73975643133707
"POP1",7.73963683336594
"TARS2",7.7379173817962
"APOA1-AS",7.7294413962193
"LAP3",7.72186611976354
"TRAV8-1",7.72151355200143
"PLA2G2C",7.71594054320358
"RPS12P17",7.71070550122044
"STEAP1B-AS1",7.70920154536859
"CFAP70",7.6994327749728
"OGFOD3",7.68552253749215
"LINC02285",7.68455639904707
"TIGD5",7.68441364763899
"PDLIM7-AS1",7.68380035192174
"JADE3",7.67516410457068
"PIK3R2",7.66954798984706
"LRRIQ4",7.66684604192144
"ACAD9-DT",7.66631709126024
"SIGLEC10",7.66416537256112
"ACVR2A",7.66172114497063
"ENDOD1",7.65914331206631
"KCTD21",7.6588183673799
"AOPEP",7.65833858554056
"YAP1",7.65406980898638
"LINC00222",7.65236265955863
"SPINK6",7.65115126137282
"POC1A",7.64999427557709
"FANCG",7.64794640486193
"MTFMT",7.64759008077341
"TIMP3",7.6406265576334
"FAM200B",7.6373816344417
"DDR1",7.63622717391371
"RPSAP45",7.62951880437214
"ZC3H12A",7.62235838211882
"SUCLA2-AS1",7.61234114866019
"TM7SF2",7.6102448468302
"FBXO10",7.60751037203813
"CACNA1G",7.60235731089361
"ZNF517",7.59802528297318
"LRP10",7.59642961836972
"WWOX-AS1",7.59394856988149
"ZFP41",7.59122330073684
"RNF32",7.58875665343483
"ENOX1",7.58768448786804
"THBS1-AS1",7.58759680282008
"DCPS",7.58727787337153
"AJAP1",7.58394126888987
"LINC00892",7.56982900829329
"UBE2M",7.56725983046894
"PLXNB3-AS1",7.5577016181366
"C1orf127",7.55569280703067
"LINC03109",7.55428145655011
"CFAP43",7.55398205647057
"ATP1B3-AS1",7.54649537244664
"XBP1P1",7.54489829329439
"FAM3B",7.543506335845
"RPS4XP6",7.54245095681628
"TCP11L1",7.52940099848727
"MGAT5B",7.52884178713301
"SDHAF2",7.50824875532307
"RAB5C-AS1",7.50242179974328
"IGSF22-AS1",7.49826216115578
"PDAP1",7.49265734416261
"SLC66A2",7.48974493809298
"UBE2SP2",7.48499621746983
"UST",7.47186351094709
"MAP2K5",7.46033021209201
"IGKV1-27",7.45463684161768
"C10orf143",7.45213368862982
"COG7",7.43997976966992
"EXD2",7.43701482912666
"IL17D",7.43579269691451
"PMS2",7.43552334792436
"LINC02848",7.4351013679459
"RAB5CP2",7.43237007743225
"RPP25",7.41716043860955
"MMP24OS",7.41369101064721
"LIMS1-AS1",7.41339257239074
"SLC7A8",7.39934995916339
"SCN7A",7.3953370143369
"GTF2A1-AS1",7.39167598348661
"ALDOC-AS1",7.38980737998911
"YPEL3",7.38458465026788
"GZMB",7.38091976927761
"MOV10L1",7.37627955985316
"MED8",7.37574125608769
"CINP",7.37212249051877
"DSG2",7.3696509566829
"PAX8-AS1",7.36697213487542
"YES1P1",7.35277802036732
"TMPRSS13",7.34649265371946
"RNA5SP368",7.34646268844768
"KIRREL2",7.3430418654386
"CASC2",7.34159667620523
"PLCD1",7.33915415619154
"TXNRD3",7.33534456952982
"ECT2L",7.32589366644351
"WAPL-DT",7.32553185456381
"RPL36P11",7.31858626101944
"CCDC26",7.31806620330886
"HOMER1",7.31140627163873
"BBS10",7.305795708383
"RN7SL30P",7.30437173934508
"NHSL3",7.30245421321626
"PPAT",7.29940768385547
"FBL",7.2976846861145
"NPM3",7.28818419822002
"TGFB2-AS1",7.28702276580283
"PLEKHG2",7.28557499235218
"HIP1R",7.28440557087272
"GPR152",7.27441959147307
"DRC3",7.27404084410863
"CYB5R3",7.2735551296119
"CCDC138",7.270906870975
"PHLPP1",7.27054234758038
"TBCEL",7.26245952481402
"ZDHHC1",7.26210037460077
"HCG27",7.25874852833958
"C2CD4D",7.25844097013428
"C2orf76",7.25649831224786
"MIR499A",7.25641703571389
"NDRG2",7.24845876717617
"CARD11-AS1",7.24447845208085
"NOD1",7.24235893362741
"PUDP",7.23895405977745
"CENPS-CORT",7.23636319331567
"JMJD4",7.23608347320507
"E2F4",7.23561339934698
"BTBD6P1",7.2261507973277
"IFITM3P5",7.22512623237055
"PUS7",7.21830802353218
"METTL23",7.21829942286598
"TRAF4",7.21802522951954
"CRTC1",7.21414866815132
"TCAF2",7.20959175859265
"RGP1",7.20829346123199
"SCIMP",7.20341289028737
"PRRG2",7.18542694762019
"CRIPTOP5",7.18322016142381
"PUS1",7.17948301862048
"BCAT2",7.16290264562852
"LTV1",7.15992584647815
"DENND1C",7.15981239592388
"RRP1B",7.15921316559093
"THOC3",7.15549492003884
"KRBOX1-AS1",7.15499391457444
"FBXL22",7.15179198519675
"TRADD",7.15032519977126
"SF3B4",7.14982726907236
"ZNF25-DT",7.14760990675327
"ESS2",7.14129210161244
"BSCL2",7.14084262281379
"ARSL",7.12781951848187
"CAMK2N1",7.12456354982166
"MKS1",7.12198384411403
"ADGRB1",7.12063198097774
"NFE2L3",7.11793772809031
"MUC12",7.11440790016048
"ANKRD16",7.10714357240914
"MSC",7.08701089559829
"CUX2",7.08614343552618
"HNRNPA1P16",7.08055912585835
"USP7-AS1",7.07830546347869
"SLC20A1-DT",7.07635551979904
"RBFA",7.07253199943059
"APLN",7.06298909565832
"COPG1",7.06023458219589
"NPRL2",7.05790309543274
"CCT3",7.05244727153799
"SNORD100",7.0380552916338
"ACRBP",7.03051250376855
"FAM89B",7.01588914245795
"MIR2355",7.01050295607292
"C5orf52",7.00768511939906
"MIR320E",6.97040901423852
"IZUMO1",6.9701683417388
"CHKB-CPT1B",6.96121398437479
"C17orf67",6.96053935864402
"SECTM1",6.96006341316333
"GTF2E1",6.95960633047582
"LINC02298",6.95834222219356
"TFAP2E-AS1",6.95469531743436
"PIPOX",6.95450587367876
"BRIP1",6.94949516205224
"CIAO3",6.94507321845641
"ADAM23",6.94480153204337
"TRMT1",6.94139651390487
"LINC01554",6.94081331504107
"SMAD9",6.93358320454244
"TSPAN9",6.9334513989878
"CSRP1",6.92663341508792
"H4C5",6.92637881176983
"WTIP",6.92381843315971
"C21orf91",6.92336758758181
"BAK1",6.9183082090939
"BCO2",6.91700450475006
"NEMP2-DT",6.90524662281313
"TRDC",6.90229991042977
"SRSF9P1",6.89936143886661
"CEP170B",6.88779192627305
"S100A14",6.88534646324948
"BARX2",6.88433511657692
"C2orf92",6.88367556717369
"IRF2BP1",6.87501293586566
"KEAP1",6.87434495201106
"CIITA",6.86666988229461
"ATP11B-DT",6.86213378418789
"WEE1",6.85710649664097
"SMUG1",6.85619439923201
"TTC3P1",6.85533840167313
"LINC02583",6.85526490373856
"FAM225B",6.85486825748042
"HLA-DQA1",6.84690628885164
"GAS1",6.84664209650238
"SPATA32",6.84458667349664
"GPR25",6.83190281021638
"HRAS",6.82090671042279
"MED16",6.81888832831589
"COX6A2",6.81812287189038
"MRPL4",6.81593378950097
"GOLGA6A",6.81503473998001
"SPSB2",6.80838355456872
"BRPF3-AS1",6.80660324525835
"RN7SKP245",6.80248655545235
"FUNDC1",6.79990563003697
"GABPB1-AS1",6.79180381359004
"TPTE2P5",6.79060468817842
"TMEM156",6.78756721236323
"H2BC13",6.78678368493357
"TRBV5-1",6.77803103679685
"GAPT",6.76553404506105
"TNS1-AS1",6.76368154383341
"HMGN2P25",6.76274314560722
"TCTN3",6.75550816418487
"ASCL2",6.75410543237837
"SLC26A6",6.7507024751991
"HSF4",6.74645884524195
"SGCB",6.7455040119306
"GLS",6.74543592060373
"ARHGEF3",6.73904857917142
"ATP13A2",6.72899878726737
"TAC4",6.72248567157476
"MTCO1P11",6.71842266627346
"ADAM12",6.71774124738986
"LINC01781",6.71746681234079
"CIP2A",6.71483091546764
"GOLGA8N",6.71069634011889
"TMEM273",6.70561023337231
"ZNF667-AS1",6.70035256198278
"RALGPS2-AS1",6.69491929794043
"PRH2",6.67465474639563
"APOBR",6.66214240087493
"MTUS2",6.66182270995843
"MIR1276",6.66174526587093
"MLLT11",6.6537058196172
"MAPT",6.65169847781085
"RNU6-1262P",6.64989207181791
"CHADL",6.64989075691043
"CDK2",6.64588059950825
"BORA",6.64547724853129
"WDR82",6.64449022644446
"PKHD1L1",6.63714784379852
"CHN1",6.63208463471605
"TRUB2",6.62218426598247
"THEM5",6.6204457396872
"LMNB2",6.61626443623789
"SIDT1",6.61596272429813
"IL15",6.614944559869
"GPR89B",6.61451515429217
"CCHCR1",6.61347858455354
"ADPRS",6.60915045608097
"TRAJ30",6.60549468753679
"ZCWPW1",6.60469390056627
"ZNF280B",6.60468152576068
"MRPS2",6.6037827136793
"H4C10P",6.60143305414199
"BCL11A",6.59719654863645
"CPD",6.59270487509181
"SNORA73B",6.59124302371302
"PRKCA-AS1",6.58318358221943
"TBC1D16",6.57877584977047
"CIC",6.57486110785887
"ERI2",6.5747325816075
"RAD51C",6.572964049479
"CCDC66",6.56775146295782
"RSPH14",6.56633918698159
"CLDN1",6.56220264313525
"TEX29",6.55996191605248
"CCNY-AS1",6.5582090973213
"TTBK2-AS1",6.55642818243709
"IL1RL2",6.5540846908015
"LINC01841",6.55187345102776
"METTL25B",6.54860702470652
"NEFL",6.54848677304305
"ARL5B",6.54179406611675
"ODAD4",6.54153895531182
"BEND3P3",6.53903028985129
"SIGLEC8",6.51547789224741
"PMEPA1",6.51290570819941
"PREX1",6.5117579063846
"ETNK2",6.51075956235698
"TMEM94",6.50909065315345
"RND1",6.50708780957249
"CDC25C",6.50506699775976
"ACOT11",6.50129748199353
"SPHK2",6.4972439004385
"NTRK1",6.49309935976408
"NPHP3",6.49236710239068
"CHAC1",6.48506078094979
"DENND2C",6.48318935683323
"CORO1A",6.47497846750275
"RNF40",6.47376024684094
"RND2",6.47250343526684
"STXBP6",6.4696475632962
"LINC02983",6.46734693521801
"KDR",6.45897561128972
"SIAH2-AS1",6.4539118636093
"EXOC3-AS1",6.45273397018435
"PSMB9",6.44938857849853
"MRPS9",6.44108068440766
"NEDD1",6.44048301215216
"TRGV3",6.4312381730053
"PARD3",6.42875587082895
"PPIL6",6.42754012210508
"KLF2-DT",6.42158596391463
"XPNPEP3",6.42096667734859
"UTP15",6.41945449620385
"INPP4A",6.41911776674653
"ZFTA",6.41216513340042
"MAPRE3-AS1",6.41072623928809
"PDE4C",6.40986274319438
"DNAJA3",6.40927911752632
"APOL3",6.4038549773881
"CCDC30",6.39649241432549
"LINC02099",6.38911323779998
"CLLU1",6.38344416097529
"WBP1",6.36982759489979
"LINC01460",6.36501821548001
"CD1C",6.36276493725766
"CDCA4",6.35730507726143
"TREML2",6.35640199151256
"SPRYD3",6.35549829321535
"EHD3",6.35225276775734
"SRGAP1",6.35097650405979
"PLA1A",6.34959905050662
"RAB30",6.34608673571487
"ECM2",6.3402705540051
"FANCD2OS",6.33614429529159
"EIF4G3",6.32828608549902
"XYLB",6.32797524785207
"LOH12CR2",6.32197224055185
"TATDN3",6.3171362306326
"MARVELD1",6.31651558437947
"SGO1",6.31561190589282
"SHISA4",6.31557114354933
"SRGAP2B",6.31527939116298
"BHMT",6.31329359744929
"KHDC1",6.31298074859356
"RNU6V",6.30649321015253
"IFT57",6.29489160253373
"USP30",6.29473077910798
"GINS1",6.28923597035243
"ACOT6",6.28884852123545
"MT-CO3",6.28548884014429
"CRACD",6.28517966301001
"UTS2B",6.28400433942596
"COL7A1",6.27749395414019
"CDC42EP1",6.27536478023774
"HRK",6.27511412378706
"CYP27C1",6.27455014779744
"IPO9-AS1",6.27397109496159
"GCAT",6.2725388699984
"PAXX",6.2706801033481
"EML2-AS1",6.26528243869765
"ATXN7L3",6.26336170113354
"CFAP57",6.26305910198777
"KLC4",6.25280410054947
"MUC4",6.25254964741725
"GPR155-DT",6.24920637789118
"TLR10",6.24861951240499
"S1PR1-DT",6.24370081281179
"RNU7-84P",6.24336293311407
"C11orf24",6.24149818449579
"P3H4",6.22859754677846
"DNM3OS",6.21193380366375
"PLEKHA4",6.21188768270367
"PRRC2B",6.21116767793875
"HNRNPA1P5",6.20424424885681
"ZNF606-AS1",6.1797650116443
"SPATA20",6.1758268765634
"ZNF460",6.17491746311151
"CCDC86",6.17457740768097
"ASS1",6.15398615200737
"FGF11",6.1491450933468
"ZNF616",6.13098404334101
"MFSD12-AS1",6.13027742494424
"RPL7P18",6.12869409116969
"RNA5SP237",6.1262534869759
"LERFS",6.12511532092403
"SPPL2B",6.12452370630335
"ZNF782",6.1220828354884
"NFATC2",6.12110612990242
"FLVCR1",6.11889714338383
"PON2",6.11765787468562
"BCORL1",6.11314939335724
"CCDC62",6.11242103495869
"CDKL1",6.11238508560236
"NSDHL",6.11212700766164
"PHRF1",6.10787044543801
"ARHGAP27P1-BPTFP1-KPNA2P3",6.09678303690474
"HSPA8P14",6.09428725900836
"MAK16",6.08945367909191
"SUPT16H",6.08604921883199
"KLF8",6.08553614245203
"ST14",6.08187467742542
"ZNF778",6.07829779094031
"AHSA1",6.0755637214171
"TUBGCP6",6.06313206116197
"FSIP2",6.0627194291846
"FUT7",6.06103225810913
"ANKRD22",6.05978501380788
"TMEM92",6.05944230288311
"CIT",6.05791842256314
"ASB13",6.04664810393799
"ULBP1",6.03864161024043
"NOC4L",6.03667979773946
"ARHGAP5",6.0348595712302
"DFFA",6.02902338233871
"NRG1",6.02609125085232
"PGR",6.01779890529061
"C2CD5",6.01549764404894
"IRF1",6.01380721788692
"GOLPH3-DT",6.01283202789884
"MIR1296",6.01153587565856
"KCNAB2",6.00951963470844
"ADAT3",5.99870874889179
"GPR4",5.9913478566785
"NIBAN1",5.98649447325885
"TUBB3P1",5.97897693147764
"SHD",5.97871194369427
"TRBV12-2",5.96808300302219
"ZNF738",5.96609238185522
"SMOC1",5.96528474671553
"ECHDC3",5.96121794405247
"PEX11B",5.96023551305763
"GIPC1",5.95907129445883
"SPAG17",5.9510418867229
"MYEF2",5.95046537128679
"EVC2",5.93633192653066
"COBL",5.93472073979217
"MTCYBP3",5.92780939700312
"EXOSC5",5.92757279802236
"ALDOC",5.92408391516731
"GORAB-AS1",5.92334431495791
"ACMSD",5.91723473571032
"HLA-B",5.91301939572015
"MIR6126",5.91244158683522
"PLA2G4A",5.91159828950568
"GREP1",5.90811451771964
"RNU6-807P",5.90592934964631
"ANKRD17-DT",5.90213602828776
"LINC01819",5.89546544433479
"FBXO34-AS1",5.89430113410023
"NEK9",5.89164790440108
"DEF6",5.8878119431255
"IGHV3-53",5.88778556224336
"COQ7-DT",5.88226433145091
"TDRKH",5.88066246706839
"ELMO1-AS1",5.88038241082043
"SLC35A2",5.87792511906316
"GSTM4",5.87743071103787
"IKBKE-AS1",5.87429305296366
"ZNF236",5.87233207702859
"DPP4",5.87123395400812
"UFL1-AS1",5.86972542967994
"BIRC6-AS1",5.86833587257806
"RERE-AS1",5.85926175807788
"SLC44A2",5.85302497053769
"TANC2",5.85243770903823
"ATAD3B",5.84990732619317
"SNX12",5.84415731356836
"STARD3",5.8419166075035
"CENPE",5.83924399962189
"ZFAND3-DT",5.83612943630234
"C5orf63",5.83296730555356
"RGS3",5.83024899093452
"LINC01181",5.82932472699407
"SH3TC1",5.82899406916365
"BCL6",5.82428030299885
"SPMIP10",5.82194739777513
"BORCS6",5.8218854024855
"MIR6825",5.82177306396884
"TWF1P2",5.81809827545702
"ARL8BP1",5.81620605585245
"CARF",5.81301278933385
"AHDC1",5.81142270235695
"BNIP3",5.80970791108156
"SETMAR",5.80570562112116
"ADAMTS14",5.79691098152446
"POLR3D",5.7961553340851
"COX16",5.78863178442268
"AP1S1",5.78642440193081
"ABHD17A",5.78507685407594
"IGHV3-23",5.78186852677413
"KIF3C",5.77865123226688
"H2BC17",5.77745090316102
"WLS",5.77652625002251
"TBC1D10A",5.77575660844598
"BLNK",5.77315608494043
"TRBV30",5.77138899918789
"SMC2",5.75110996374546
"FMN1",5.74491951689131
"ABHD8",5.74425814122681
"NPIPB2",5.73634168285097
"SYNPO",5.73193371804657
"LINC02965",5.72944314752153
"TMEM11-DT",5.71861265723159
"KLHL25",5.7177766419766
"MIX23",5.71764466053934
"LINC02019",5.71578396495395
"MKLN1-AS",5.71293860527753
"TTC32",5.71074364935229
"MEPCE",5.70159817096715
"PTMAP1",5.69809035431397
"ZNF620",5.68933237791689
"EEF1AKMT1",5.68589864511416
"AGFG2",5.68421166540837
"TST",5.67579502690877
"RNU1-63P",5.6733464403059
"LAS1L",5.67158635274015
"CCDC6",5.6704800913878
"NPM1P49",5.67024128311603
"SLC12A5",5.66466654007663
"RNU6-509P",5.66424630834777
"TOX",5.65850797179963
"MORC3",5.65567672039184
"PSMD6-AS1",5.65560612270757
"KLC2",5.6538530836941
"PDLIM7",5.65091918499681
"MYOCOS",5.64987245870893
"PKM",5.64667480621516
"FUZ",5.64477069400301
"SYVN1",5.64325239437742
"PSMD10P3",5.64049366498415
"TSTD2",5.6360293546734
"FGFR3",5.63170281046591
"NGEF",5.62365321458461
"RAD9A",5.61978810035031
"AOX3P",5.61830237574378
"TRD-AS1",5.61604716842516
"DIRC3",5.61309740621982
"SCARNA18B",5.61122816067376
"CCDC183-AS1",5.60201050041161
"SMG1P5",5.6010523639236
"BTBD3",5.59706588958201
"PPP4C",5.59085300335523
"CLIC2",5.58963509407348
"DNAI2",5.58838827132922
"PTK2B",5.58249063540251
"ZBTB18",5.58177082961011
"DPF1",5.57887528838422
"ERICH6-AS1",5.5761923532958
"TRAJ28",5.56908203157769
"FAAP20",5.56906241388942
"CDH1",5.55519986328173
"SLAMF8",5.55385003797096
"FKBP1A",5.54966087070696
"LINC01478",5.54082993425041
"PAX3",5.54056347007205
"TTC27",5.53930826059644
"PSMB10",5.53207713792912
"PLD4",5.53039535137026
"PUM3",5.52805314965683
"ZNF516",5.52432874292445
"ZNF382",5.52134569544277
"ANKRD44",5.51811247708711
"ZNF251",5.51216034566282
"LINC02470",5.51161183073173
"ASAH2",5.51085150731701
"JUNB",5.50904817134924
"DQX1",5.50891693806198
"ELOVL6",5.50745005039728
"ZNF165",5.5068153565999
"CFP",5.50281928527876
"TANC1",5.50188896684866
"MIR7854",5.49757625401247
"LINC01232",5.49494185976332
"EEF1AKMT2",5.49262984006359
"TP53I13",5.49248645075253
"RNU7-18P",5.49093942204646
"ANXA10",5.49056834596054
"BVES",5.48739032848429
"PKD1",5.48475601930019
"NEXN",5.47991994758065
"GLYATL1P1",5.47885623841143
"FAM78B",5.47120817215529
"DPPA4",5.47034125868461
"SLC5A2",5.46901328964127
"ZNF136",5.46890007201905
"LCN10",5.4610363508525
"CA11",5.45715757849314
"MARCHF6-DT",5.4567788690493
"MT-CO1",5.45531639420111
"MAP3K6",5.4546189305805
"MLST8",5.45162056055002
"PRAF2",5.44983390770985
"PKIG",5.44896216961372
"CEP295",5.44612097585483
"PDIA5",5.43752517039273
"GPR161",5.43721432122229
"KCTD5",5.43550619005101
"CCL22",5.43149511045555
"MOB3A",5.42883367455794
"GLYCTK-AS1",5.42785239394128
"ZGRF1",5.42672347355137
"SLC38A3",5.42504513624174
"AIMP2",5.42201115150662
"DNAAF1",5.42163964992602
"PAICSP1",5.41988352318725
"SH2D3C",5.4139476503705
"MAPK4",5.40611236044445
"LRRFIP1P1",5.4058207170573
"CBX4",5.39674169501154
"ELP6",5.39596891746076
"A1BG",5.39269530559399
"HLA-DOB",5.38696895703939
"BRAT1",5.38350821724448
"REM2",5.38294410310548
"C19orf25",5.380383863539
"WDR35",5.37988250347723
"CMTM8",5.37713673241285
"P2RY10",5.37586805663312
"NCOR2",5.37555104986664
"LINC03124",5.37379885171987
"SETD1B",5.36929373416369
"UTP4",5.36694937753513
"RPL21P19",5.36473539718468
"MRPL28",5.35954367113362
"VDAC3",5.35262052423543
"MSH2",5.35185255697872
"LINC03073",5.34862525726484
"SIGLEC10-AS1",5.34603814385251
"WWTR1",5.34136674760436
"SPECC1-DT",5.34072999054978
"CCDC192",5.33889754145042
"BRDT",5.33260943664146
"ZNF169",5.32794370289304
"ZNF524",5.32264037132528
"LRRC8A",5.32162593791405
"PPP1R35",5.31380446420129
"SPINK1",5.31227582433547
"FIRRE",5.30979242728223
"SLC25A25-AS1",5.30843443289126
"RGS19",5.30714523647147
"CCDC183",5.30530914806565
"PDGFRB",5.30383128029696
"MAN1B1-DT",5.30184062941869
"CASC11",5.29836706674435
"SH3BP4",5.29807483793429
"RNF212B",5.29799898234689
"BHLHA15",5.29798762624719
"LINC02922",5.29627395736993
"SNORC",5.29390601263568
"ZFAT",5.29261324211574
"TWF2",5.29012106273223
"SPATA13-AS1",5.28271528115044
"NCKIPSD",5.2822175458652
"UBR1",5.28040990597698
"TRBV6-2",5.27798296437419
"STK26",5.27552308590413
"PNLDC1",5.27507923603651
"TRGV10",5.27397809204323
"UBIAD1",5.27095829113848
"RENO1",5.2690660898474
"MGAT5",5.25974056534678
"RNU6ATAC24P",5.25793821367404
"CHIT1",5.25195264848654
"PSKH1",5.25029640016848
"H2BC6-AS1",5.24159563044571
"DMD",5.24027946466636
"PLCL1",5.23888319846338
"EIF2B3",5.23071430426429
"SPDYE2",5.2292199986427
"GPX1",5.22675177524913
"SPNS2",5.22412481225182
"RN7SKP134",5.22386490327634
"SMPD2",5.22332852199259
"LTB",5.2187436596463
"KCNC4",5.21843769378571
"TBL1XR1-AS1",5.21687652777995
"SCN11A",5.20574704918537
"QNG1",5.18367554132391
"IGLV1-51",5.17022446945125
"REPS2",5.16773157877985
"MIR4292",5.16762333266169
"BCAN-AS2",5.16686094536176
"ZNF8-DT",5.16049675773843
"PDCD6-DT",5.1566724297144
"IMPA2",5.1531481384502
"ZHX3",5.14910206439615
"GAPDH",5.14569568220421
"C12orf42",5.14395305501297
"STAP2",5.1436689288956
"RHBDD1",5.14280871193849
"TRIM26",5.14189965630467
"PPM1H",5.13956720796661
"FZD2",5.13767767306947
"STEAP3-AS1",5.13568177374072
"P2RX5",5.13241350418122
"LINC01389",5.13164471734347
"MIR3165",5.12047682785109
"USP24",5.11687430983629
"SLAMF7",5.11651986027221
"KRT8P46",5.11618857853045
"CDK2AP2",5.11397903726659
"MPZ",5.11384706430688
"ASPHD2",5.1114927434334
"GOT2",5.11140101032507
"TAX1BP3",5.10954817547924
"MGME1",5.10915199887764
"DVL2",5.10730518424567
"MFSD5",5.10638698765455
"SLC6A3",5.10591179547376
"UBOX5-AS1",5.10545447592628
"IBA57-DT",5.09981163857008
"INVS",5.09562436312058
"H4C4",5.09541022217493
"MARCHF8",5.0879790083952
"SCNN1A",5.08654614804247
"HRG-AS1",5.08634204333678
"MPV17L2",5.08252925834686
"DELEC1",5.08233989845802
"HDAC9-AS1",5.07515158302069
"RTN4RL2",5.07497751377049
"BACH1-IT2",5.07393101863123
"RPL7P17",5.07321173607673
"ZNF879",5.07125636298925
"PPM1K-DT",5.06626309335309
"ENO1",5.06481282974185
"ZNF571",5.06113063872455
"TRBV6-8",5.06003337894618
"RPS14P4",5.05803274674665
"RORA",5.05535084395577
"TOX2",5.05248297899152
"LINC00265",5.05206224735277
"ESRP2",5.05158209335377
"HCAR1",5.05008566383031
"LINC03048",5.04691694679398
"HSPE1P3",5.04635143206552
"RN7SL336P",5.04494813169739
"INO80B",5.04395522658609
"FBXO6",5.0400403808654
"ALOX12",5.03588790221485
"MVP",5.02556649621138
"GGT7",5.02169630426797
"SKI",5.0216140394543
"BMERB1",5.02107645177381
"FAM210B",5.01931479960442
"TSPAN33",5.0189620148097
"CCDC86-AS1",5.0172956985787
"FRMD6-AS2",5.01697081702425
"PRAC2",5.0155945336057
"NAT1",5.01556731234499
"RPS2P32",5.0142528656254
"SLC35F3",5.01419336244453
"GCSHP6",5.01393082188012
"HPCA",5.0074689278664
"MMS19",5.00567536221011
"RNF138",5.00486370959383
"ABRAXAS2",5.00260442683537
"MRPL12",4.99953329277091
"MPLKIP",4.9951829703979
"SMARCA4",4.99485011238713
"OR13E1P",4.99074768559591
"SLC25A23",4.98203502104376
"PRSS3P1",4.97747278824466
"NUMBL",4.97717007188556
"SEPTIN7P12",4.97685306552628
"PAK3",4.9734369432729
"PSME3",4.97326974313066
"RHOG",4.97316747676384
"CELA2B",4.97232962750282
"EPS15L1",4.96927466810572
"DPF2",4.96568260885849
"VCF2",4.96554329486402
"FOXK1",4.96540802692043
"LYL1",4.95157891351801
"AJM1",4.94769211334317
"RPS6KA6",4.94521628703937
"LIMD2",4.94362880970814
"ZHX1",4.94230993047791
"RAPGEF5",4.94220959218747
"SPACA6-AS1",4.93734072369505
"AXIN1",4.93654380954727
"RCL1",4.93643084151873
"CCNYL1",4.93439098509542
"MOSPD1",4.93345108459226
"ELAPOR2",4.93105845420757
"GOLGA5P1",4.92655543139453
"CD24P4",4.91504930497095
"PRRT3-AS1",4.91324643971539
"BOLA1",4.91227386434824
"IMPACT",4.90973049058058
"MIIP",4.90492938361455
"NCBP1",4.9048454222403
"NAAA",4.89935823213783
"RHEX",4.89142072348665
"RNU6-135P",4.89056584559807
"PTENP1-AS",4.88138272129317
"TBCE",4.86978289522054
"TMEM115",4.86965840802018
"DIS3",4.86304324591506
"UPB1",4.85452410500697
"ZNF32",4.85386085711044
"PRUNE2",4.85172053121911
"PGM1",4.84863569259973
"ACAN",4.84586601779077
"HLA-DRB1",4.84268842912847
"RNU7-57P",4.84196012337478
"RPS26P59",4.84157808148159
"LINC01714",4.8412051307486
"LSMEM2",4.83418664897643
"SUGCT",4.82782191299124
"FBXL19",4.81842749204663
"RNU6-322P",4.81564028940742
"RIN3",4.81465881044491
"IL6ST-DT",4.81359680748025
"MALINC1",4.81179779414408
"LRRC37B",4.80399511496857
"IGFALS",4.8006609723082
"RASGEF1A",4.79939322545468
"IDH2",4.79186414709038
"CPSF4L",4.79095733398428
"PARD6BP1",4.7881175267287
"FAUP1",4.7866080173563
"CASTOR1",4.78306436002699
"RPL36A",4.7824641712114
"COPS8",4.78025727688273
"TRIM4",4.77884358531316
"NRXN2",4.77564006170489
"EFNA5",4.77035051362873
"RNU6-199P",4.77002166028546
"LINC01355",4.76750476439015
"KCNK5",4.76474944483262
"EFCAB9",4.76342879611383
"MAN2C1",4.76247889089213
"ZNF623",4.75871723468259
"ZNF510",4.75637528766323
"UBE2S",4.75116286417853
"AGAP4",4.74666757897303
"CBLL1-AS1",4.74627757689585
"PHF5AP1",4.74615131881668
"SGMS1",4.74518957259859
"NEK8",4.74353336473321
"MALT1-AS1",4.73949542306338
"KATNB1",4.73886079979789
"SRM",4.72414232228343
"APBB3",4.71988219779624
"TIMM13",4.71703982891328
"MAP4K5",4.71536655427277
"RBPMS",4.70671637042694
"DECR2",4.70467156583321
"GALNT18",4.70205942151939
"CTSE",4.69781286532522
"RALY",4.69494505125246
"ZNF865",4.69408216787416
"LINC01270",4.69309356369333
"CYP2U1",4.69240820433178
"ENTR1",4.69110754428358
"NRTN",4.68714384237425
"THUMPD2",4.68616563389094
"GSTM1",4.67535495988278
"GOLGA8H",4.67524170414574
"DDX10",4.67473686383929
"MEF2C-AS1",4.67375808581618
"IHH",4.66731273906457
"RNPEPL1",4.66321138084286
"MIP",4.65641947867204
"TRH",4.65637812199839
"PDGFA-DT",4.65251619209988
"DNAJC19P5",4.65050145638177
"GPR171",4.64938054448005
"ZNF584-DT",4.64874705020725
"SYT2",4.64494166567153
"GLYCTK",4.64133860190759
"SYTL1",4.64078566463134
"LINC01607",4.63677750445048
"ITPR2",4.63524069874057
"PPP1CA",4.63066849225923
"RBM33-DT",4.62166840615783
"LINC02361",4.61561979959308
"ZMYM3",4.61421018791074
"TMEM184C-DT",4.60761700944578
"AGL",4.60488688237595
"NUDC",4.60427414590048
"TPMT",4.60410890438376
"SEC23B",4.60299900226409
"LINC01215",4.59486692774529
"IFT122",4.59373523042502
"KLHL3",4.58873200087425
"NKAP",4.58692144469827
"P4HA2-AS1",4.58225784905233
"CDK17",4.57917593385431
"PANDAR",4.57609544542823
"CARD11",4.57409161229612
"EEF1A1P10",4.57365678122501
"H2AC6",4.57270629565561
"MZT1",4.56367603660306
"MARCKSL1P2",4.56335159187765
"PRPSAP2",4.5620794422197
"BTG1-DT",4.56130664969779
"KDSR-DT",4.56106703438082
"TSR1",4.56067726599044
"KBTBD7",4.55811003182795
"ANO9",4.55642918125954
"WDR12",4.55642208407093
"ZYX",4.55519088091946
"BBOF1",4.55221416014908
"DTNB-AS1",4.55217608569214
"DST-AS1",4.55004621159902
"MIR7848",4.54945701034616
"TAGLN2",4.54794360699271
"MUS81",4.54786401319895
"LPAR1",4.54083484944927
"BZW2",4.53941533303278
"TNKS",4.53775971447786
"CYB5D2",4.53094492429325
"ZFYVE19",4.52674532807986
"ENHO",4.52487000895421
"FAM171A1",4.51459376928684
"CBFA2T3",4.51304034532768
"MMP16",4.510490142878
"HNRNPA0",4.50961241696159
"HGFAC",4.50826424344158
"DBR1",4.50580324973445
"ABCA2",4.5049622488725
"THOC1",4.49893480104728
"CAPN1",4.49595400882662
"BANF1P2",4.49256624968471
"SLC25A24",4.49157612299387
"CCL13",4.49050124418975
"NRGN",4.48938235346487
"ST3GAL2",4.48836327971559
"TRBJ1-2",4.48459289342566
"THUMPD3",4.48417958066301
"RCVRN",4.48372875431959
"MZB1",4.47677213765834
"SNORD9",4.4753981411753
"DIPK1B",4.47271188872939
"FLNA",4.4708862560722
"OCIAD2",4.46874786343366
"CD40",4.46845918606466
"PCDHA10",4.46772145927692
"KIT",4.46661483803611
"DGKZP1",4.46645695831872
"USP5",4.46621315176163
"BUD13-DT",4.46376373359929
"MRTFA-AS1",4.46103375439096
"R3HDM2-DT",4.46009135398159
"LINC02381",4.45437420024047
"ATP6V1E2",4.45011555969692
"IL17RE",4.44966757903887
"CYBA",4.44874106909066
"VDAC2P3",4.44237324620342
"COILP1",4.43880858024383
"PRCPP1",4.43732144069778
"MTCYBP38",4.43710158182977
"PSG7",4.43710158182977
"TRBJ2-3",4.43318828492239
"RGS14",4.43069877086426
"CRYBG1",4.43008898931022
"KLHL13",4.4300755681507
"HNF1A",4.42943003719132
"FCHO1",4.42781354812282
"MTUS2-AS1",4.42308884435147
"C8orf88",4.42015861927521
"IL21R",4.41745273193069
"AP2S1",4.41592946108028
"PIEZO1",4.41421944299118
"ZKSCAN5",4.41407397188635
"CBS",4.40625102918878
"RHOXF1P3",4.40616444930428
"CSE1L-DT",4.40188526260059
"TIGAR",4.39987461502444
"WDR87",4.39965400257665
"CEACAM21",4.39928223655006
"ASCC3",4.3946739961281
"KCTD18",4.39285546447998
"ZFP28",4.39227009942038
"GPR137C",4.39032943830038
"MITD1",4.38984711147512
"CLEC11A",4.38937478235035
"WDR49",4.38721863393276
"PWWP3A",4.3856811236341
"LRRC46",4.38540101335555
"TPTEP2",4.38501029819852
"STOML1",4.38385066420378
"ATF5",4.37810531049521
"ZSCAN26",4.37745402913366
"SLC13A3",4.37728362976899
"CDC42BPB",4.37586091853524
"SGO1P1",4.37493263298564
"EFCAB10-AS1",4.35652434754559
"OLIG1",4.35405412894823
"DOCK8-AS1",4.35184349539271
"UBL4A",4.34831155682116
"ZEB1",4.34483710518292
"KRT8P15",4.34387387368828
"TINCR",4.34222028367843
"MIDEAS",4.34026246207155
"ITGB3BP",4.33743067927616
"CAP2",4.33513763126961
"MIB2",4.33132064938388
"FABP5P8",4.32603717560132
"XKR6",4.32577833197212
"SCO2",4.32524180716577
"MIR181A2HG",4.3245577565288
"TOM1L1",4.32409449138742
"IQCG",4.31968183337612
"CHMP1A",4.31890684023848
"GDI2P2",4.31843874216959
"GPATCH4",4.31779015368125
"POSTN",4.31614844344871
"TBPL1P1",4.31398298161984
"TIMM17B",4.31379269582009
"NEIL1",4.31194577730463
"C19orf33",4.30946876522824
"PCDHGA10",4.30938778374743
"CX3CR1",4.30856860415617
"SEPTIN9",4.30608312065625
"STK11IP",4.30250192468575
"C4orf50",4.30229201313878
"LRRC23",4.29842205600363
"NUDT14",4.2973727838751
"MFSD9",4.29533580340609
"IGLV3-21",4.28553887401791
"RNU6-881P",4.28367116272925
"ZNF44",4.28334369180663
"NLGN3",4.2779482846056
"YRDC",4.27775255542491
"PLEKHF1",4.27186617453799
"YDJC",4.26965563731272
"LATS2",4.26824148727387
"RPL7AP42",4.26122667872601
"CLPX",4.25640677581505
"CXCR3",4.25427318459734
"SPMIP3",4.24749286544914
"RN7SL477P",4.24749286544914
"RN7SL660P",4.24577014928747
"MRPL49",4.24462889736359
"ZNF579",4.24085642328166
"ZNF182",4.23978781679075
"CHCHD2P11",4.23904998959787
"MAP1S",4.23473182568746
"FARS2",4.23465458864204
"SUPT4H1",4.23301623064708
"S100P",4.23198051950751
"UBE2A",4.22940462802957
"MIR4648",4.22643854239494
"CLIP1-AS1",4.22169079477378
"G6PC3",4.21997461550501
"ARHGAP23",4.21743903257066
"KCNMB3",4.20896241607418
"RPP14",4.2080690934174
"RPL13AP16",4.20727054004916
"GRIP1",4.20206196718952
"PDLIM4",4.19914401107015
"MAPKAP1",4.19794230053298
"FBXL6",4.19764665999473
"TMEM121B",4.1953034876129
"PRTG",4.18869795390864
"BCAR3",4.18100022564374
"PNPT1",4.17752606942704
"CCDC90B-AS1",4.17528446834145
"CT45A11P",4.17317864007496
"TFCP2",4.17077273118666
"TKFC",4.17062118473835
"KIFC1",4.16520544857602
"ESYT1",4.16208274046301
"ZFP36",4.16198787552994
"LINC02986",4.1611651682394
"TMEM102",4.15708701802192
"AATK",4.15666054922194
"SLC12A2",4.15614400925023
"RTN2",4.15332118769991
"PSD",4.15114897578687
"CD2AP-DT",4.14445895295416
"ABL1",4.14259890460387
"LINC01147",4.14091977754183
"USP38-DT",4.13510203049864
"SEPHS1",4.13492309580591
"NPIPB15",4.13274338174291
"SULT1B1",4.13059359988382
"PPARGC1B",4.12713726462937
"DISC1",4.12670681343106
"SLC4A2",4.12402411501799
"RNU2-37P",4.12106725213532
"DDIAS",4.11871165964984
"LINC01431",4.11799015998439
"INTS6-AS1",4.11572795782128
"MPHOSPH6-DT",4.11261264335668
"CPEB1",4.11016797072439
"ERCC8-AS1",4.10860348159824
"CHCHD4",4.10564552763474
"CHD8",4.10514369787714
"DNAL4",4.10399460807849
"IL32",4.10178211202783
"CHI3L2",4.09889465028538
"ACTR5",4.09383747858671
"GTF3C1",4.09147690342672
"C14orf132",4.08536281203132
"IL6-AS1",4.08309309830821
"PRKAR1B-AS1",4.08261540423957
"AP3M1",4.07969740513608
"HLA-DRB5",4.07488343386147
"MAFA",4.07226547449881
"RASAL3",4.07011666745367
"SELENOO",4.06725885071842
"OTUD3",4.06511752788899
"MYL9",4.06334689903367
"SENP2",4.06334612176435
"NDST2",4.06287624127858
"GPRC5D-AS1",4.05128812953859
"TXN2",4.04881311236636
"ARF5",4.04483618918171
"SPAG16",4.04337918171048
"CAPN1-AS1",4.04099168854408
"LINC01393",4.03817598515326
"SMCO4",4.03595431958347
"APOBEC3B-AS1",4.03310739420353
"DENRP2",4.0303862839969
"ZACN",4.02969678407442
"PFN1",4.02946947308123
"TEP1",4.02703364612815
"STAG1",4.02504674050121
"ACAP2-IT1",4.02479524150174
"TLE5",4.02476584623983
"TRPV2",4.02158214179157
"LONP1",4.02026590070839
"COPS7A",4.01630334800605
"SUOX",4.01512587232154
"TENM4",4.01465074071023
"SCHIP1",4.01271763875995
"SYT6",4.00511356991966
"LINC00930",4.00328772889648
"PSMD1",3.99479212428928
"TRBV21-1",3.99446652565959
"TBC1D3D",3.99172759432974
"DUSP19",3.98850729839276
"SLAIN1",3.98382061138528
"FAM89A",3.98124120739951
"KCNG1",3.98069668756233
"ECI2",3.97685520118803
"MRI1",3.97522848828668
"LGALS12",3.97446130012456
"HNRNPA1P76",3.97363437199748
"MTMR14",3.96961145894732
"ARHGAP42-AS1",3.96640981154074
"ATAT1",3.96543149926496
"FAM124A",3.96477857047444
"NUP188",3.95942515720949
"FAM81B",3.9575513804743
"MT-TF",3.95755066392358
"ZNF573",3.95203967474928
"MIR645",3.94978780012208
"ZFAND3",3.94911143146438
"ST7-AS2",3.94692907620982
"GOLGA4-AS1",3.94506098008867
"TERF1",3.94179058264829
"WARS2-AS1",3.94133732933043
"PSME2P1",3.94130954792571
"SPOP",3.93876977356646
"ARAP3",3.9373496198717
"RRP15",3.93418535580739
"CCM2",3.93402034464982
"EXOSC9",3.93244809968291
"LMBR1",3.9316301699995
"DYNC2I2",3.93060608516129
"RPS6KA2",3.92709047492123
"LINC01772",3.91794340129597
"FTLP20",3.91730314811863
"MIR25",3.91308852697882
"GPHN",3.90785172307026
"RPL4P2",3.90664574127216
"EHBP1L1",3.90333340115611
"MIR631",3.90203383891306
"CARINH",3.90005451626804
"CDC42P5",3.89836566815205
"TNFRSF10D",3.89802625472533
"TMEM41A",3.89750297726845
"WARS1",3.89713738699895
"LAMA5",3.8945044251278
"LINC02273",3.89331834416581
"RASSF7",3.89328480986076
"ZNF714",3.89289874874398
"WRAP73",3.88896022327125
"UMPS",3.8883626205942
"LINC01579",3.88395039447566
"RPL21P137",3.88039421729547
"ZNF547",3.87705156464394
"ARMC10P1",3.87688795665901
"ALKAL2",3.87461595727771
"TLE6",3.87392579004677
"SMARCD2",3.87357564326968
"C2CD5-AS1",3.87336813832391
"CD63-AS1",3.87088495034401
"DPYD-AS1",3.86672174037911
"ZNF777",3.86065465677327
"HAAO",3.85952393178473
"SLFN12L",3.85937509604262
"FAR1-IT1",3.85780801265524
"IGLC7",3.85733423029213
"INTS12",3.85409541604345
"PHF11",3.84912059245969
"SHC1",3.84132285495232
"CENPH",3.84076294918962
"LMO3",3.83924647767665
"LBH",3.83383473674484
"MIR4727",3.83169988479845
"FNTB",3.82810108759644
"ZNF582",3.82684916967605
"CENPM",3.82539868048989
"NPIPB11",3.8226264785953
"HPN",3.82110922107754
"SGSM3-AS1",3.81740259866853
"TRNP1",3.81210150254015
"MINDY2-DT",3.81131352992034
"JADE2",3.81119119738143
"SBNO1",3.80844396889648
"SYT9-AS1",3.80804873693228
"BMPR1A",3.8074823437755
"OMA1",3.80727330344674
"HCLS1",3.80622607720711
"RAB27B",3.80595222655873
"BCL9L",3.80503009829569
"MED17",3.80414163126124
"SNRPCP3",3.80186784765333
"PRM2",3.79942007741668
"MOB2",3.79439384968485
"MIR1273H",3.79303264931832
"SCUBE3",3.79051993533593
"POTEJ",3.78347732177497
"ARPC1B",3.78032327929512
"CDCA4P1",3.7784486462157
"NAXD-AS1",3.77645047321739
"TOP3A",3.77315404679091
"PRKAR2A",3.76827471102548
"LINC00174",3.76783609897658
"SMIM22",3.76682409928657
"OR6X1",3.7598736854891
"CCNE1",3.75938186154062
"OSBP2",3.75926694799908
"MAIP1",3.75689367470222
"EML3",3.75568539998713
"AASDHPPT",3.75499948997931
"MAVS",3.75424528281081
"MSX1",3.75340516791012
"ZNF764",3.75265789543021
"THOC7-AS1",3.74884006356089
"GULP1",3.7477993161622
"NRBF2P1",3.74718049402487
"C10orf90",3.74602319266192
"BUB1",3.7442951377141
"PRC1",3.7436799675468
"MCPH1-AS1",3.74290613359912
"B3GALT5",3.73951135293819
"BRCC3",3.7370480164583
"PRRT3",3.73676244647328
"OXSM",3.7354894167629
"SMYD3-AS1",3.73523299654353
"LMO2",3.73400177224838
"TMEM39A",3.73213653151734
"P4HA2",3.72905473248971
"RN7SL402P",3.72584676007088
"ZNF222",3.72579195731668
"RNF208",3.72516768646701
"GRIN2C",3.72496286738212
"NPAT",3.72306357246329
"JUND",3.72191707615716
"PHEX",3.7216490056215
"IRF7",3.72105689339128
"CD81-AS1",3.71762034708176
"BCL3",3.71368830325074
"PTGES2",3.71326077556889
"GSE1",3.71247944410556
"MTMR8",3.71047699016809
"MED8-AS1",3.70984119873352
"MIR4999",3.70275744965911
"C8G",3.70256677859984
"JAM3",3.69816378517639
"IRF3",3.69787889335237
"CFAP97",3.6977641759559
"TMEM35B",3.69066463191943
"PLAC9",3.69027493667288
"EVA1C",3.68986249592386
"RNU6-824P",3.68933083073066
"HGH1",3.68820624911351
"VRK1",3.68586084235029
"EED",3.68576450409501
"SNTB2",3.68468155811103
"ZNF594-DT",3.68385423019432
"RCCD1",3.68023709216385
"PRPF40B",3.67915155809997
"MIR1302-2HG",3.67736858504295
"LINC02513",3.67641424488803
"MTHFR",3.67335371604164
"MOB1B",3.67286105789288
"NUDT16",3.67246233635748
"LINC02507",3.67103864227507
"ATP5MFP6",3.66963535772514
"PKN2-AS1",3.66835623532383
"NUAK2",3.6675334060817
"LINC00662",3.66551210300781
"NFKBIL1",3.66432776011742
"MYH7B",3.66382823635377
"TRDV1",3.66304679323395
"SLC25A29",3.65942288020356
"TAP2",3.65519439918916
"MTNAP1",3.64833975948641
"RNU6-1057P",3.64777523938199
"GMCL1",3.64737440949813
"KIF23",3.64574082774014
"AGAP6",3.64386934338375
"CTRB2",3.63740698722033
"RRAS2P1",3.634808365099
"FCN2",3.63430479444265
"POLD4",3.62992093709581
"WARS2",3.62894895950368
"SOCS7",3.62748947100182
"ADORA3",3.62611457407623
"RPS15AP30",3.62488639249259
"SLC2A9",3.62343556514256
"ADAMTS2",3.62246021100986
"VPS11",3.62225820146741
"PROM1",3.62015801165157
"SHB",3.61705070025504
"CORO1A-AS1",3.61606912516394
"TRAV8-6",3.61483984421077
"DCBLD1",3.61243066170425
"IMP4",3.61161565827258
"ERG28",3.61133971733499
"CDC25B",3.61097413871334
"RPS29P23",3.61050222381832
"ZNF844",3.60969135010541
"NDOR1",3.60803799926297
"ADD3-AS1",3.60773928812397
"NUTM2A",3.60634656664739
"FN1-DT",3.6058839178827
"OSGEPL1-AS1",3.60413142522888
"RIN1",3.60338379804036
"ALOX15B",3.60216570443405
"H2BC4",3.59855082722464
"TMEM253",3.59615782736761
"ACTG2",3.59492228616755
"SIN3B",3.59404664791726
"SARS1",3.59127255645024
"UNC13B",3.58997118948999
"NAPRT",3.58891644522352
"NRIP2",3.58816217867108
"CLDN14",3.58789097738895
"HLF",3.58401256692558
"GBP5",3.58310744346027
"KSR1",3.58163062986964
"HMMR",3.58147182137614
"TAF3",3.58022660162436
"TSPOAP1-AS1",3.57854648644263
"SENP6",3.57621189572205
"MTERF4",3.57521232798967
"IGHEP2",3.56992628033139
"DPH7",3.56954084581744
"RAD51B",3.56944749062013
"CSK",3.56914468847607
"DIXDC1",3.56873398615869
"NRARP",3.56694247425452
"ELAPOR1",3.56674814133102
"UBL7-DT",3.56604745235351
"CCNB1IP1",3.56486338709523
"SH3RF3-AS1",3.56249657637308
"DLD",3.56153940034062
"HNRNPA1P2",3.559230663911
"RPTOR",3.55881518168836
"MIR4453HG",3.55779538243893
"TSPAN5",3.55765939398921
"RPL21P119",3.55669656402933
"NOSIP",3.55543784190689
"CFAP410",3.55379910295149
"DMTN",3.55253339406752
"CCT6P2",3.55239508982325
"KDM6B",3.54942323199549
"ARHGAP15",3.54526227898903
"BPNT1",3.54290193893103
"EBF4",3.54097158089013
"PRC1-AS1",3.53969648674591
"LINC00951",3.53886491381331
"ACOT7",3.53866583767744
"PAPLN",3.53831387504013
"GJC1",3.53722940139887
"CORO1B",3.53611794299935
"STK38L",3.53547462446083
"IGHJ3",3.53487390001604
"PENK",3.52638649800621
"AOC3",3.52638649800621
"HMGN1P15",3.52501474976183
"KLHL15",3.52423536734472
"KCNK15",3.51407138131754
"RAI2",3.51306756234442
"TESK1",3.51189176076116
"TMEM63B",3.51163271086013
"U2AF2",3.50729959558228
"NCAPG2",3.50605532597103
"TPSD1",3.49055952038331
"XPNPEP1",3.49001463122046
"SAP30",3.48997047498916
"TRGV2",3.48939188482052
"NUP210",3.48827152612558
"LINC01036",3.48809761514158
"B9D1",3.48422914007133
"PALLD",3.48312790041643
"MAP2K2",3.48291300713647
"RNF126",3.48188628897593
"ZNF461",3.47939766247455
"UBE2Q1-AS1",3.47788131807743
"NSMCE3",3.47751932121686
"MIR5687",3.47725864632871
"GAPDHP43",3.47723394491667
"UBE2Q1",3.47689452483466
"SPNS3",3.47685800998602
"MRS2",3.47279198697171
"IL27RA",3.46894450279502
"FAM66C",3.46648884487471
"SLC15A4",3.45996726861684
"MIR3135B",3.45978369865215
"TSEN15",3.45483967023231
"PLA2G4E-AS1",3.45379364156017
"OXLD1",3.45214526764623
"VPS13D",3.45102737922604
"PGR-AS1",3.45057265586076
"ADRM1",3.44652037756078
"VAMP5",3.44515338928335
"ZRANB3",3.44331168029344
"ABCB4",3.44223079231822
"RNU6-784P",3.44190983593111
"COX18",3.44056992048677
"NCAPH2",3.44047843439855
"DTWD2",3.44033750309713
"PPP1R35-AS1",3.43902910265823
"SERHL2",3.43809890216549
"NBEAL1",3.43543024091066
"TAF11",3.43444078332659
"F8A1",3.43357249193071
"SLC22A14",3.43130900686407
"PRKCB",3.43087040805587
"ITFG2-AS1",3.42770574223396
"GNA11",3.42712765216698
"ABHD15-AS1",3.42439905063493
"FAM170B-AS1",3.42223751320413
"EIF5A",3.4222016888177
"RNU5A-2P",3.41524230332527
"CALHM2",3.41405780160327
"KCMF1",3.41277214230152
"KICS2",3.41250225786856
"PHF8",3.40616665789771
"SFRP1",3.40374663117712
"FCER2",3.40256692208765
"CTU1",3.40067360435848
"MOSPD3",3.39991087378496
"TIGD2",3.39980254601378
"ENPP2",3.39768443164405
"PRMT1",3.39458963820245
"WRNIP1",3.3917330400339
"ERAL1",3.39127860171792
"RALY-AS1",3.38439379038396
"NFKB2",3.3778447991138
"GFI1",3.37641907098137
"NANOGNBP3",3.3718260456111
"SYNPO2L-AS1",3.37179328191929
"MIR425",3.36545018814126
"MSANTD7",3.35867852587999
"ZNFX1",3.35539796164086
"ERCC2",3.35490892588953
"TTLL1",3.35154603986082
"LINC02207",3.35032809224094
"RNU4-47P",3.34905231818581
"CHEK1",3.34845786364764
"DBF4B",3.34786102014702
"TMEM254-AS1",3.34636586590036
"MAPK8IP3-AS1",3.34119095126652
"IRF4",3.34105809508548
"TAOK2",3.33970666280232
"RPL23AP36",3.33936945154121
"TGS1",3.33553519450511
"TRAJ22",3.33431422420503
"HSPB9",3.33416981370902
"OR4X2",3.33366858424607
"CTSO",3.32973331166716
"TRAJ40",3.32833420392515
"CCDC74B",3.32803452738614
"PRSS12",3.32652326220573
"SYPL1P2",3.32547965114683
"DHX34",3.32280659323024
"RPS20P33",3.32267347833336
"NPFF",3.32191214134313
"MIR652",3.32111271814686
"KHDC1-AS1",3.32019048086434
"SPTLC2",3.31988039815434
"PRCC",3.31879064501682
"PRIMPOL",3.31708396971856
"BCAR4",3.31675940968137
"CD27-AS1",3.31671125510216
"VASN",3.31621344527694
"MLYCD",3.31500926175254
"CIMAP1A",3.31189523353638
"RN7SKP230",3.3104485549374
"CYP2R1",3.31010004589512
"TMEM184B",3.3071329891672
"PLAAT4",3.30650840189193
"MIR3185",3.30582904647842
"USB1",3.30472169489452
"ZNF530",3.3026059377829
"UQCRFS1-DT",3.30128155548587
"WDFY4",3.29642817371966
"A1BG-AS1",3.29486543068404
"DBP",3.29384658637797
"ORAI2",3.29347319859302
"LRRC20",3.28992983344273
"HSD17B6",3.28964211208721
"METTL21A",3.2875670649797
"C12orf71",3.28726070529534
"MIR106B",3.28721794297923
"ACTN2",3.2869774567003
"STAT6",3.28428079365197
"ZC3H4",3.28427662163644
"CYP2F2P",3.27893054513074
"MAP7",3.27059479467025
"CCNB1",3.26996787589141
"ISG20L2",3.26712245727494
"PFKP",3.26654582404676
"LINC00158",3.26491114296866
"EEFSEC",3.26476572366504
"GOLGA6L9",3.26394102523388
"TNFRSF10B-AS1",3.26377003401355
"MOGAT1",3.25997635364615
"GLI4",3.25879387417342
"PSMC4",3.25732154471299
"FAM98B",3.25608465910484
"GRAMD2B",3.25303304944545
"SRP14P2",3.24848700523716
"TUBB3",3.2456435400199
"SS18L1",3.24408928421061
"CXCL13",3.24323681391728
"MIER2",3.24210432166068
"HMGCL",3.24059817596736
"ZNF629",3.23954044108225
"PVT1",3.23629361621435
"RHNO1",3.23613005437592
"RPL12P6",3.2355963214612
"RPL36AP32",3.23512222548615
"ZNF468",3.23471413740314
"DOHH",3.23193430741888
"CNKSR3",3.23134925338105
"SPATA2L",3.23127986683707
"RNA5SP459",3.23112950149943
"MEIKIN",3.23039494274031
"MAD2L1",3.22913845570917
"CCR6",3.22859672482622
"DEXI",3.22748508848679
"RASAL2",3.22703636977741
"HLA-F",3.22697072401744
"SLC8A1",3.22560130522083
"RPS12P20",3.2234000780175
"WDR62",3.22291489670956
"UVRAG-DT",3.22187068982553
"IL4I1",3.21756465365301
"MTO1",3.21663512473697
"MAPK3",3.215819425318
"RN7SL306P",3.21581830257138
"NUDT16L1",3.21245098624032
"IGFBP2",3.210433371186
"DGKE",3.2088548909115
"TAGLN",3.20488491195295
"DYNLT2B",3.20316797822821
"MMUT",3.20137140377677
"FAHD1",3.20129137941917
"IGLC2",3.20059752107259
"TENM2",3.1995181905477
"CHP1P1",3.19904618368048
"ARL3",3.19555158157384
"LINC00324",3.19326610717935
"RIC3",3.19292134163424
"UGDH",3.19003566339123
"NBPF9",3.18948421513401
"CENATAC-DT",3.18875601668866
"TMEM30BP1",3.18857361742061
"UCKL1",3.18780352531742
"CNR2",3.18746925871542
"MDM1",3.18577089465583
"FBXO8",3.1806725303927
"RABL6",3.18056913586314
"SLC38A1",3.17818264166989
"MAMDC2",3.17780580267338
"MPPE1",3.1744164717531
"BCHE",3.16910756266124
"SUN2",3.16697786688506
"TPRKBP2",3.16659233908383
"GNAL",3.16456140800548
"LILRA1",3.16442688682641
"NGRN",3.16419268867576
"XRCC1",3.16247710320623
"HDAC4",3.16227173789711
"PCID2",3.15964036120192
"LGI3",3.15905927756135
"PTGES3P1",3.15733030599576
"KDM2B",3.15450137043217
"RUFY1-AS1",3.15448574239129
"COL4A1",3.15314140649266
"HS3ST3A1",3.15073249158322
"NCK2",3.15039703417242
"PGBD4P1",3.14947657331819
"ZNF566-AS1",3.14947657331819
"CCDC14",3.14825623983684
"BOLL",3.14824622112268
"CHRM2",3.14606640522633
"HPS6",3.14563524561325
"NFATC1",3.14477191094293
"SPTB",3.14462441235899
"GALNT2",3.1429431264703
"TXLNB",3.14215201339473
"FANCI",3.14172409532976
"H2BC12",3.14102737236754
"RPL22P3",3.14007131593929
"RNU6-610P",3.13919733556947
"NCBP2AS2",3.13731315989792
"CDKN2A",3.1356580340933
"MIR4434",3.13549866645943
"MARCKSL1P1",3.13474345090148
"SLC5A11",3.13346179573223
"PRR15-DT",3.13285807896332
"KIF4A",3.13284480872224
"ZNF195",3.13153218845642
"ASS1P1",3.13116132920061
"MIR324",3.13111702827457
"STK19",3.13060332979298
"ZNF480",3.12848716245129
"RPL17P28",3.12840417537345
"RAB5B",3.1283573910227
"DNAJC4",3.12619898302852
"SH2B1",3.12432052140065
"PAQR9-AS1",3.12225400465936
"NAA40",3.12167985867556
"LINC01964",3.12149620927907
"TMSB4XP2",3.12106684454708
"RFPL3S",3.11975067200543
"CD69",3.1167651441588
"ZDHHC9",3.11429893387912
"SNHG31",3.11420427039094
"OR7E158P",3.11357296816327
"PIM3",3.11144346261289
"NRIP3-DT",3.11139166780529
"NRBF2P5",3.11107191812688
"HIPK1-AS1",3.10575015660694
"ARL5A",3.10277154215279
"LRRC42",3.1007021379637
"WDR44",3.09881379946786
"CNOT3",3.09594636266014
"MTRR",3.09550064437431
"RNA5SP198",3.0919079298032
"ENTREP3",3.09117498776567
"SLC16A9",3.08986149820953
"RNU6-1188P",3.0898377570999
"ETV5",3.08894406122713
"C16orf74",3.08702542119437
"RNVU1-24",3.08088461779266
"DHRS1",3.07470567613067
"RNU6-82P",3.07334451019462
"TTLL9",3.07188621824665
"EHF",3.07106006051317
"TMC5",3.07033662308493
"RHOBTB1",3.06304822397568
"H2AC11",3.05973239425983
"TENT5C-DT",3.05953439842868
"LAG3",3.05799231519077
"MARCKSL1",3.05613170249387
"TRPC3",3.05182499036844
"POLA1",3.05153392308031
"KCNMB4",3.05036812726075
"ATP10A",3.05002712516685
"CNPPD1",3.04767193530863
"DUX4L37",3.0468131922738
"RASGRF2-AS1",3.0459143607691
"TMEM175",3.04550937602417
"PELI3",3.04480606708009
"SEZ6L2",3.04350435078174
"TYW3",3.04310878162056
"LENG8-AS1",3.04180091932004
"NLRC5",3.03926156015177
"KCTD4",3.03914888060806
"PLEKHN1",3.03577153961144
"GPR141",3.03448384372178
"CXCL9",3.03366995535363
"TIMM44",3.03201880665663
"NPIPA1",3.03118556447473
"COG3",3.03109843105321
"CRIP3",3.02948747917742
"CCDC194",3.02859463569753
"CHL1",3.02783265698706
"PFN1P8",3.02742260870568
"NACC2",3.02624551351309
"PTPN3",3.02475317657786
"ANGPTL3",3.02347986523452
"ZNF134",3.02300545918395
"GJD3",3.02226756057373
"LINC02766",3.02226004691679
"CACNB4",3.02211133401665
"HEG1",3.02109264918357
"ZNF501",3.01763723143877
"CTSG",3.01763723143877
"ANKDD1A",3.01520830393362
"RAB1AP1",3.00898705489449
"PDCD7",3.00849455864001
"MIR6720",3.0084090916631
"SUGT1P2",3.0076108017875
"RSKR",3.00216942722193
"GCC1",3.000508639575
"NECTIN1",3.00031673406141
"CTBP1-AS",2.9983175975964
"GLP2R",2.99730435434601
"RAB34",2.99617008328782
"KXD1-AS1",2.99503577936089
"LRFN1",2.9911154317562
"HMGA1",2.98972761889721
"KCNC3",2.98919070746292
"IGF2BP1",2.98801489814058
"CDAN1",2.98759610627799
"MRM2",2.98749551130257
"RPL17P9",2.98512409268113
"LIMK1",2.98084612497216
"RPL31P62",2.97901897899331
"TMEM72-AS1",2.9781452416307
"ICA1L",2.97649618949066
"DGAT2",2.9764758793543
"IFRD2",2.97491717771733
"PRKD2",2.97488924231064
"RUNX3",2.97124550694151
"CSMD1",2.96909845440176
"PALMD",2.96812916608255
"GRPEL2",2.96436939617164
"KIFC3",2.9632983180338
"ASIP",2.96049807070229
"RBFOX2",2.95825567705002
"LINC02737",2.95810225789038
"GDPD5",2.95671505705414
"PYCR2",2.9563586721817
"RPS15AP12",2.95572226697449
"HEATR5A",2.95569131553551
"SLC35E3",2.95529035347729
"ATE1",2.9551213810826
"SUSD1",2.95144263972056
"PDCD1LG2",2.95102607316608
"DTX3L",2.94977853403477
"YWHAH",2.94875053868894
"HDAC2",2.94552331504116
"ZRANB2",2.94429637969392
"SLC25A46",2.94027095527829
"UQCRFS1P1",2.93776721720467
"MED29",2.93700743601561
"TLCD5",2.93685630627828
"ARID5A",2.93493041290488
"TMEM123-DT",2.93425155072353
"LINC02409",2.93374502219304
"PRELID3A",2.93240510195155
"ARHGEF7-AS2",2.9319540248694
"MICALL2",2.93086853926672
"C16orf86",2.92804184794637
"TP73-AS3",2.92732286144772
"CACNB2",2.92723937568006
"RAB40C",2.92588604759325
"SNORD70",2.91959594875976
"RFPL4B",2.91715709127274
"TRIM73",2.91545761094236
"ARHGAP11B",2.91539115031791
"ARMH3",2.91528764216958
"OLFM2",2.91189614170765
"OXA1L-DT",2.90491423000609
"MTCO3P5",2.90404953212903
"LCT-AS1",2.90363125495709
"YBX2P2",2.90363125495709
"ZNF117",2.90297653391914
"PABPC1L",2.90116860428631
"TEX54",2.9011584249355
"LDOC1",2.90050305925169
"GPR65",2.89880887360381
"FBH1",2.89776513264392
"PGF",2.8973517187684
"DOCK10",2.89636654587164
"FERMT3",2.8932862360427
"TRAJ24",2.89278297370318
"WDR76",2.89255299225276
"SNAI1",2.89010969486251
"DAXX",2.89002154146458
"MIR6813",2.88766642231203
"ATP6V0C",2.88612370969509
"GSN",2.8856416607643
"VPS25",2.88356926453602
"ABCC11",2.88142979207236
"LINC01547",2.87978063928583
"FOXD1",2.87584194549435
"SHISAL2A",2.87362863791727
"MKNK2",2.87074305610381
"PAK1",2.86920700538505
"ZNF618",2.86868343536602
"LINC01978",2.86722921794402
"NUDT13",2.86296555988432
"SRRM2",2.86045333875451
"TMLHE",2.86006849859922
"GTF3C2",2.85972900160574
"S100B",2.85935737208465
"GPR132",2.85580972117745
"PCHILR",2.85490654674152
"CNOT10",2.85292596332155
"TRPC6",2.85289255689086
"ZRANB2-AS1",2.85049540740583
"ARMCX5",2.84852388231479
"TRNAU1AP",2.84446453008908
"MICU3",2.84173269434517
"NEGR1",2.84051565231527
"P2RY14",2.84010900931502
"SMG1-DT",2.83946627182729
"RANGAP1",2.83905404938212
"FDFT1",2.83703115966453
"PEF1-AS1",2.83665065572445
"CSGALNACT1",2.83529211857855
"CPT1B",2.83186159732427
"CDKL2",2.83040583417608
"EXOC6B",2.82876571865317
"TTC4",2.82764825937959
"ITGAD",2.82580646690119
"GPM6B",2.82447711602953
"TOR2A",2.8220047446124
"CA13",2.81917753925167
"FAM117B",2.81840275694394
"TAB3",2.81711807054013
"LINC02069",2.81504213244712
"LINC00973",2.81324395504894
"LAGE3P1",2.8129251941382
"CTRL",2.81288017385784
"AIP",2.80924727648078
"PDCD11",2.80903960728658
"VDR",2.80706375989527
"NECAB2",2.8064021649122
"PI4K2B",2.80538757727689
"HOXB-AS3",2.80353428105774
"ERH",2.80200862011899
"SCAF8",2.79931939152994
"TBC1D4",2.79929816400266
"MUC12-AS1",2.7974247381814
"GOSR2-DT",2.79380714570058
"ANKRD39",2.79357905883712
"PSME2",2.79257062814179
"MED27",2.79010649292501
"TMEM109",2.78882049939945
"UBE2E2",2.788312143637
"BAZ1A-AS1",2.78619249863868
"PDRG1",2.78610503688185
"KCNQ5-AS1",2.78415921302503
"ZNF853",2.78415921302503
"SRR",2.78349380140968
"TRBJ2-2P",2.78332236525249
"GARIN1A",2.78192846245982
"RAC2",2.78055093500168
"RBFOX3",2.77661700058625
"FASTKD1",2.77623688278234
"HEATR6",2.77565000248558
"RIPK3",2.77541856901829
"GMPSP1",2.77472297753928
"TRIM26BP",2.77362483368671
"LRP8",2.77301026638076
"USP49",2.76912589017011
"RAPGEF6",2.76438374598054
"KCNK10",2.76269493925941
"SLC9A3R1-AS1",2.76261279149904
"IGHV3-66",2.76050293040622
"YWHAQ",2.7570172437497
"SYMPK",2.75666012620612
"SGTA",2.75276083060578
"SCN4B",2.75162681510707
"FURIN",2.75040754903237
"SDHAF3",2.7499250849891
"PURPL",2.7469386437464
"RAP1GDS1",2.74543193989797
"CDK6-AS1",2.74460354855668
"MRPS18A",2.74388444401269
"CXCR4",2.74189554273202
"PXYLP1",2.7402078468021
"ABCD1",2.74003413867481
"ZNF707",2.7399766048345
"PSTPIP2",2.73761749231015
"RNF144A",2.73652062810403
"ANAPC4",2.733226151547
"CCDC117",2.73225523771684
"CMPK1P2",2.73132112056732
"BLM",2.7292834469557
"PKN1",2.72866696478681
"MIR212",2.72849856482778
"RNU4ATAC15P",2.72554640518564
"TNFRSF19",2.72434819569868
"RECK",2.72321371560666
"ARSI",2.721717506727
"RGL1",2.72087081007413
"RAG2",2.72002397827959
"ZNF8-ERVK3-1",2.71965345033621
"LY6K",2.71901649415383
"LRP1",2.7170375975039
"PARP16",2.71456098531057
"SYT5",2.7138334565756
"ATP6V0E2-AS1",2.71288304262336
"TFAP2C",2.71270766702505
"UBA5",2.71104493296799
"PPP6R2",2.71065258895265
"ENDOV",2.70977703570598
"EMC1-AS1",2.70912837994628
"HMG20A",2.70899181533991
"LINC01118",2.70780320346461
"ASPDH",2.7068988553167
"CBX1P5",2.70477813069102
"LINC00636",2.70477813069102
"PLCXD2",2.70410757536026
"AMZ2P2",2.69937453954783
"STIM1",2.69907001263898
"PIWIL2-DT",2.69758844584778
"LIM2-AS1",2.69549810555318
"KCNK13",2.69474867436274
"RPS17",2.69204943904694
"C9orf43",2.68957823539053
"EIF2B5-DT",2.68898187879645
"LINC01971",2.68878892820264
"ANXA2R-AS1",2.68686680628744
"TSPAN32",2.68605120198172
"IDH1-AS1",2.68428292210958
"RASL10B",2.68396453113596
"SYNPO2",2.68133517493448
"HOXA10-AS",2.67843117920628
"SLC16A11",2.67843117920628
"BCAR1",2.67651048351141
"ADAM19",2.67345678868703
"HOOK2",2.67052867714923
"LIF",2.66991112247772
"CNFN",2.66665633022594
"SND1-IT1",2.66566702107267
"MSS51",2.66351293594853
"SLC23A2",2.66347403648724
"PARP1",2.66262603578375
"PLEKHM3",2.6612873933213
"CNIH3-AS1",2.65749613281258
"LMTK2",2.65368401603496
"SSPOP",2.65242006456141
"GEMIN4",2.6515657628421
"RNA5SP39",2.64849719921618
"LRRC71",2.64652880139781
"PLD2",2.64606844627981
"LINC02877",2.64497185184608
"H3C7",2.64297769280377
"LGALS2",2.64157805154073
"LINC02810",2.63970189025294
"DNAH17",2.63882783170886
"FZD9",2.63875180229999
"SATB1-AS1",2.63735252670268
"CSNK1G1",2.63653164198789
"MAPK8IP1",2.63570919325596
"TMEM168",2.63521566978757
"METTL22",2.63361025558401
"XKR8",2.63083826494031
"HCG18",2.63073471527439
"GPR174",2.62988883142864
"MDC1-AS1",2.62775891984652
"DGKH",2.62652375266967
"PABPN1P1",2.62463488021761
"RPS27AP9",2.62368512908417
"FAM111B",2.62263855062898
"GET3",2.62121020307393
"RNU7-45P",2.62097740394389
"HNRNPKP4",2.62042512855677
"CLDND2",2.62026303742422
"PRDM8",2.61894677921615
"GPAT2",2.61822969092093
"AARSD1",2.61677856730346
"TATDN1P1",2.61578320373648
"OXNAD1",2.61458803730553
"LINC02354",2.61419451005223
"ZNF428",2.6141739424605
"RNU6-1297P",2.61371411939732
"KLHL2",2.6117744348592
"SULF2",2.61148223147817
"IGHA1",2.61004030400033
"RPSAP15",2.60959861400719
"MSMP",2.605039565284
"C21orf58",2.60389388648563
"CRTC3-AS1",2.60303592985601
"KCNQ1OT1",2.60263359323669
"MARK1",2.60103123123791
"METTL18",2.6006264399688
"HOXB3",2.60048147369734
"EEF1A1P44",2.5998133599591
"TRAJ6",2.59641123241787
"KRT8P42",2.59594843865812
"OR6A2",2.5942356792877
"NSUN6",2.59416235931553
"MVP-DT",2.59354121899902
"RMI1",2.59306651943876
"ZNF18",2.59200097191654
"PFDN6",2.59118761912999
"AP2M1",2.59021935530856
"SLC1A4",2.58938759731232
"PRMT5",2.58746280343875
"TBC1D20",2.58625653418997
"POLR3G",2.58584225430696
"C12orf43",2.58397203393144
"AKAP1-DT",2.58252287384291
"ATP6V1G2",2.58205659995582
"GRM3",2.58162017163611
"AIF1L",2.58049208214148
"LYSMD4",2.57947296291732
"NID2",2.57887007786278
"CXCR5",2.57756299944717
"RPS4XP13",2.57675760751799
"IQUB",2.57438329893551
"LINC02705",2.56909657292334
"UBQLN3",2.56704390112415
"DHTKD1",2.56687045978175
"FAM241A",2.56655789611446
"TRBV5-4",2.56331332736012
"C3orf33",2.56322782172754
"USP14",2.56180181239275
"RAB32",2.56155947783766
"MIR6512",2.56042866464182
"POLR1H",2.55921186993728
"C1orf54",2.55849199912098
"SLMAP",2.55834362748687
"INTS3",2.55793316463443
"HNRNPA1P71",2.55577598831934
"MIR4505",2.55501479572682
"LINC02038",2.55484074021448
"MTSS2",2.55472440285779
"ABHD14B",2.55462317266286
"ERCC8",2.55428834614844
"CCDC200",2.55160144688632
"RNA5SP395",2.54992140451144
"DNTTIP1",2.54451183850665
"FBN2",2.54384140020533
"APRT",2.54137150090661
"TLR7",2.54114005665766
"SOSTDC1",2.53702169734761
"MSANTD2",2.53667032560098
"LIPH",2.53443756201683
"MEGF8",2.53373625802479
"UGGT2",2.53292476540433
"ZNF385A",2.53204627390735
"DNAJC27",2.53065958459927
"SLC13A5",2.52991242647398
"TYRO3P",2.52973719373327
"LINC02084",2.52912297433909
"ANKRD18EP",2.52912297433909
"EFNA3",2.52908220906779
"AMOT",2.52901414374478
"HIC1",2.52768972572579
"ZDHHC13",2.52603127012045
"CARS1-AS1",2.52361212136834
"MIR635",2.52307600418354
"DPP3",2.52301349219223
"APOC4-APOC2",2.52258399473088
"SETP20",2.5225752711706
"CYBC1",2.52235769494261
"EFNA2",2.52232773550935
"C8orf82",2.52221672902211
"ENO1-AS1",2.5211132103436
"ORC4",2.52046248507772
"RPL7AP65",2.51881759069341
"ZNF594",2.51753006897583
"ZKSCAN2-DT",2.51507114075384
"NDUFV2",2.51415718818684
"GEMIN6",2.51402992742902
"ABHD3",2.51399028521065
"GJB2",2.51385435695851
"ZNF385C",2.51329336930368
"FAM88F",2.51260475209223
"TRMT2A",2.51043429542545
"RPL12P33",2.50741590664512
"SLC39A4",2.50689316238827
"P4HTM",2.50052132875033
"ITPR3",2.50024560063728
"FAT1",2.49905822062142
"MDFI",2.4977074240982
"SNHG17",2.49214157418032
"GLI1",2.49006332173166
"RARS1",2.48946399827711
"LINC02520",2.48865610734149
"COPS3",2.48781655865526
"UROD",2.48765406690177
"CBLL1",2.4864457399489
"ANKRD11",2.48417516777794
"SMN1",2.48406767979177
"D2HGDH",2.47908255256879
"ANKRD27",2.47797793807558
"MRPL39",2.47764658812579
"TMEM72",2.47724702319132
"ATG101",2.47630327101807
"LHB",2.474634080703
"TRBV9",2.47258124635952
"SDAD1",2.4715595546648
"GTF2I",2.46970105617563
"RPL5P4",2.46842526076125
"KLHL8",2.46671041321481
"CHD1-DT",2.46160128183597
"MLLT6",2.46072054545654
"RBM22P2",2.46059678852412
"HSDL2",2.45931529358471
"MSANTD4",2.45828938598917
"NDUFAF1",2.45732330396828
"FOSL2-AS1",2.45590629213746
"WDR11",2.45555997580979
"ARFGEF2",2.45160703770126
"GPAM",2.45132133018177
"DLGAP1",2.45065178021106
"PCMTD1-DT",2.45062925178531
"CBY3",2.4505196829851
"EI24",2.45008304239826
"RCC1",2.44993712025712
"CAAP1",2.44962571684153
"RPS27P9",2.44694933298375
"TRAF1",2.44309707976128
"SAMD12-AS1",2.44296418537533
"TCF4",2.44291404622486
"HK1",2.44263008595057
"FSTL5",2.44245683201445
"BSG",2.44076594859361
"LINC01767",2.43951897101994
"RBPMS-AS1",2.43905115021979
"MIR191",2.4379377375589
"SH3GL1",2.43606299127111
"PCMTD2",2.43506584133994
"CCND3",2.43426724585655
"NRSN2-AS1",2.43300127038725
"MCM3AP-AS1",2.4311426583026
"SSUH2",2.430795526376
"INGX",2.43015040734958
"SMIM35",2.43011694273071
"EEF1AKMT4",2.42942116206769
"ZNF22",2.42532403468648
"PPIAP53",2.42374705515723
"TRAV21",2.42181657844244
"MYO1E",2.42066731444372
"LSP1P5",2.42054154272906
"RFK",2.41877664560771
"MTND4LP12",2.41876156316511
"PACS1",2.41835755289138
"SNRNP40",2.41544898911821
"CHAD",2.41469097958698
"UTP6",2.41460099061569
"RBM10",2.41384664396337
"ST6GALNAC6",2.41351952061233
"KDM4A-AS1",2.41077847081351
"CCDC92",2.40960924072521
"COX5BP1",2.40874264100076
"HGSNAT",2.40820631939399
"ARMCX2",2.40798401378496
"R3HCC1L",2.40722424641666
"DDX1",2.40366042495572
"SMARCD3",2.4001746477605
"FAM131B-AS2",2.39965755988681
"SF3A3",2.39863926739142
"PROX2",2.39784329619874
"MORC4",2.39715050823833
"LINC02916",2.39593061621964
"TRIM8-DT",2.3932358198252
"IGHG1",2.39307785466511
"C15orf40",2.39235556045608
"CETN3",2.39132857304727
"RNF26",2.39114325558063
"LINC02715",2.38654975397236
"BANF1",2.38488739683437
"LINC01375",2.38059759102949
"SSU72-AS1",2.38058392538023
"CENPB",2.37765130970701
"B3GALT9",2.37662900059022
"C6orf47-AS1",2.3760386539839
"SLC41A2",2.37589245618665
"POU5F1",2.37484880792473
"RNU6-729P",2.37448198818137
"LINC01031",2.37437870190478
"UPF2",2.37263597509698
"CFAP58",2.37226874049317
"NAT10",2.37127360684304
"YBX1P4",2.36955798783805
"MFSD6",2.36839870678633
"ACOXL",2.36273257486501
"NEUROG2-AS1",2.36240937032262
"LINC02988",2.36143729231186
"RNA5SP450",2.35889209784765
"TRIM59",2.3573796542349
"H2BC26",2.35730499937617
"VASH2",2.35727394314879
"LINC01842",2.35523322203019
"DDAH2",2.35413500844316
"EXOSC7",2.35369209287928
"DDX56",2.35264597828987
"MGAT3",2.35135105728173
"RNA5SP307",2.35123612299771
"MDH2",2.35083555229579
"MIR600HG",2.350467626859
"MIR3939",2.3500183886278
"LINC00968",2.34979897708322
"EPN2",2.34914855702067
"SIAH2",2.34608938875893
"SGMS2",2.34567026921037
"ELP3",2.34496071206944
"BMF",2.34372539792925
"HSF1",2.34268065171776
"LARP4",2.34255900145989
"USP35",2.34182149250842
"GALNT3",2.34163890645523
"MIGA1",2.33786651820711
"RN7SKP248",2.33747367865502
"SH3PXD2B",2.33734687714584
"PARP14",2.33728919294798
"EXOSC10-AS1",2.3372512592072
"MELK",2.33690944692771
"B3GAT3P1",2.33658612230068
"NSMCE4A",2.33636215909358
"MED22",2.33497792021215
"CBX6",2.33452341696944
"MAD2L2",2.33429117293636
"HMGN1P36",2.33334886950766
"LINC02436",2.33305953216582
"CD27",2.33254501351711
"FLI1",2.33076628167501
"KCNJ2-AS1",2.33015821980659
"USP9X",2.32991217405465
"MEF2C-AS2",2.32964933952604
"PSMG4",2.32698443324491
"MFSD6L",2.32654287261626
"TRAFD1",2.32628913257646
"PTPN23-DT",2.32608435761198
"NECTIN2",2.32264560349617
"ITGA6-AS1",2.32218391905088
"NME4",2.32153233255063
"FAM87B",2.32097763385671
"RPLP0P5",2.32031196940509
"TMUB1",2.32026375005402
"MRTFB",2.32007619699147
"SCRN1",2.31609638681661
"FLT3LG",2.31592864399961
"ANKRD13D",2.31536530240307
"PUF60",2.31021133318923
"DTX2",2.30681972557805
"TPGS1",2.30618160359916
"PLA2R1",2.30529715136596
"LINC00310",2.30503008120287
"EBNA1BP2",2.30096969678909
"MEMO1P1",2.30061593394626
"MYOC",2.2981639757872
"RAB11FIP4",2.29800661558776
"RPH3AL",2.2967192766573
"CHRNE",2.29651218905916
"FBXO9",2.29554342848873
"RNU6-510P",2.29225787004375
"ARHGEF4-AS1",2.29225787004375
"RNU6-998P",2.29225787004375
"LARP1P1",2.29225787004375
"DPY19L3",2.29203697688887
"LIPT2-AS1",2.28861486748937
"NOMO3",2.28782351468662
"WDR73",2.28645287708434
"CAP1P2",2.28546389407134
"KDM5A",2.28438830012411
"SNAP23",2.28012946784992
"HSPB1",2.27992698323306
"NOL3",2.27929054448316
"TUBB",2.27813999471557
"SARNP",2.27667555457407
"ZFP69B",2.27507821879014
"EXOSC2",2.27396771091797
"ZSCAN2-AS1",2.27245101000149
"VAV3-AS1",2.26887631369017
"PERM1",2.26860224741025
"POLR1C",2.26850979112166
"LINC02894",2.26535233658286
"C11orf54",2.26423396522117
"N4BP1",2.26187821048006
"ZC3H8",2.26184083906577
"MMADHCP2",2.26082789542431
"SLC25A28",2.26063839619994
"CHD7",2.2600540889984
"LRRC37A2",2.25595978312601
"CCDC88B",2.25516339186118
"TNFSF12",2.24984925872771
"GORASP2",2.24933577508171
"CHURC1",2.24617497684703
"MTND5P24",2.24544407933036
"CWC22",2.24492920126203
"CYP46A1",2.24349262081922
"LMLN-AS1",2.24345089481628
"TBC1D3P1-DHX40P1",2.2417511592173
"PIK3R6",2.24167569116221
"APOO",2.24107532729863
"VANGL2",2.23862463845712
"SMARCB1",2.23698195292384
"MIR3137",2.2369715713075
"H1-3",2.23533214586244
"UNC13A",2.23388131775534
"CREB3L2",2.23362661244164
"LZTS2",2.23336439395822
"AVEN",2.23208328976157
"ARHGAP24",2.23194020451077
"TOMM40",2.23186292196398
"ATOH8",2.2317860197752
"UXS1",2.23025908417708
"TMEM106A",2.23012164583184
"TUBA1B-AS1",2.22761081799752
"DEFB109D",2.22724922405151
"RPS18P13",2.22721245918896
"HNRNPA1P35",2.22663867857752
"FOXRED1",2.22216977439711
"FAM114A2",2.22196464484615
"MIR573",2.22111953880544
"GPATCH8",2.21859017751456
"LSM3P2",2.21689743691783
"GPRASP1",2.21646831513411
"CTXN2",2.21456923129368
"LINC02035",2.21429467795501
"SUV39H2-DT",2.21420731099559
"POLR1E",2.21158421214433
"C1orf35",2.21050743599105
"ZNF808",2.20882773245398
"TRBV28",2.20845866852486
"PTPA",2.20807870794644
"KCNIP1",2.20620528187
"FLOT2",2.20477363071733
"IL13",2.20440269605058
"PRPH2",2.20410649927398
"SAA4",2.20410649927398
"MIR6090",2.20410649927398
"TXNDC5",2.20312216072015
"GPKOW",2.19935204463342
"FHIP1A",2.19580556384109
"COPE",2.19037267553838
"CICP6",2.19018934442357
"CHL1-AS2",2.18836851742344
"POLR2B",2.18666536767403
"CCDC77",2.18541973061855
"SH3BGRL3",2.18516250926244
"TRAF3",2.18367354224999
"GRK2",2.1818231882769
"DNMBP-AS1",2.17996373622891
"ZNF726",2.17952256144516
"RSRP1",2.17781138583482
"MTHFD2",2.17730257913642
"C11orf71",2.17378436683212
"ZNF576",2.17376303901657
"ACAP2",2.17297262240815
"MT-TD",2.1690213280394
"ANKRD34B",2.16866709806828
"KAT2B",2.16821601266871
"SPATS2",2.16753168003662
"NBAS",2.16484801062554
"RHOH",2.16196927244994
"GTF2H4",2.16088310380406
"REC8",2.16075118621737
"C15orf62",2.16057897251128
"KIAA0513",2.15912100215813
"AKNA",2.15704405763936
"ZC3HC1",2.15386817601612
"CD6",2.15274684109513
"CDHR1",2.15003680393059
"ELMO3",2.1470175875768
"ZNF880",2.14634798290959
"RRP36",2.14624088901365
"RPSAP55",2.14466321099539
"PTBP1",2.14453907871319
"UCN",2.14391326243159
"TRAF3IP3",2.14247895811394
"ZNF383",2.14140666594437
"VEGFA",2.13970052919757
"CREBBP",2.13932956834236
"SLC10A7",2.13896297473529
"SLC29A4",2.13765448429755
"NUP107",2.13705732961947
"RRP7A",2.13553094567552
"CDCA8",2.13447429301092
"ERV3-1",2.13445460920631
"FBXO34",2.13219926770079
"FAM53B",2.13094041670595
"ZNRF2",2.13033591993284
"LSM10",2.12867879937034
"VCAM1",2.12829701998175
"HNRNPA1P32",2.12814678511333
"RSAD1",2.12718034172807
"HNRNPA3P2",2.12708953377855
"TNNI3",2.12708953377855
"RNF14P3",2.12629036599196
"LINC00581",2.12566425470022
"RAD23A",2.12453408434128
"BCL9",2.1239256213984
"RPS2P1",2.12289309662107
"FCHSD1",2.12199522173025
"LINC00534",2.12053968607008
"LINC02951",2.12021748653463
"HMMR-AS1",2.12014392526989
"TMEM44-AS2",2.12003709058947
"ATG4C",2.11848010616614
"TOX4P1",2.11732700516192
"CCDC150",2.11674949351263
"C10orf95-AS1",2.11540509767854
"TTC16",2.11497222324084
"MAST1",2.11371430207375
"ZRANB2-DT",2.11197802494608
"R3HDM1",2.11154745395215
"RAB6B",2.11119109457934
"EFTUD2",2.11087304794506
"MIR6719",2.11017852434245
"SYCE2",2.10905993836741
"RPS6KA4",2.10903389770126
"ELMOD1",2.10897666781044
"CASP8AP2",2.10794639620283
"NDUFAF2P1",2.10733704785378
"KCND3",2.10544023065487
"HAS3",2.10341809736474
"SRSF1",2.1031693107809
"TSEN54",2.10255502397465
"SLC2A4RG",2.10232949018628
"PEG3",2.10027573569252
"NEPRO-AS1",2.09969772004987
"TATDN2P2",2.09965738335192
"SSBP4",2.09859762996799
"MIR3680-1",2.09769705086398
"GRIPAP1",2.09735251309285
"SEPTIN10",2.09639206186425
"INTS13",2.0951397338959
"FAIM",2.09476812581683
"PKD1P5",2.09330713422656
"ACOX2",2.09273726453075
"DPY19L4",2.09236094886455
"RFXANK",2.09176949285327
"TENT5B",2.09150954016997
"IPCEF1",2.08981128413383
"CLK4",2.08666140514299
"QSOX2",2.086170678103
"SP6",2.08530762942
"THA1P",2.08530762942
"APEH",2.0837618403993
"DOCK2",2.08371270494403
"CLN3",2.08241552195277
"RNU5E-4P",2.08178253429264
"MACO1",2.0803060210775
"UBE4A",2.0776776031384
"ZNF559-ZNF177",2.07747902946254
"DNAJC30",2.07561085946517
"H6PD",2.07439214505426
"RNA5SP115",2.07321619396177
"FN3KRP",2.0716243050336
"ALDH16A1",2.07137847782221
"HFE",2.07112572416677
"RAPGEF2",2.07028454098217
"GALM",2.06912604057381
"PTPRD",2.06795633530721
"ZDHHC17",2.06740895223653
"SYK",2.06693476072561
"TRMO",2.06517327947921
"DLGAP1-AS1",2.06494516276899
"SLX1B",2.06380231741674
"TYMSOS",2.0621291811288
"SNHG5",2.06185903237109
"ADAMTS13",2.05928098395363
"CERCAM",2.05486373010351
"HEATR3-AS1",2.0544883146721
"HNRNPA1P15",2.05434802399909
"PABPN1L",2.05434802399909
"NIPSNAP3A",2.05370567350348
"ZNF3",2.05307946763972
"TOPORS",2.05227497099791
"TFAP2E",2.05174421273671
"CEACAM1",2.05083756936261
"RPUSD1",2.04996626324902
"EPC1-AS1",2.0497623875402
"COL13A1",2.04947924981805
"FAM120B",2.04898828136348
"STARD7-AS1",2.04802414809455
"ARL8A",2.04624505570609
"CCDC71L",2.04379754182284
"SHLD1",2.04343194164646
"MCM3AP",2.03912693688834
"CNOT11",2.03868966292432
"ETFBKMT",2.03825437865215
"RPL29P26",2.03696264415551
"HNRNPR",2.03438545448324
"ARMC8",2.03406946253196
"RUSF1",2.03195810766212
"POLD2",2.02955067105559
"ZNF32-AS1",2.02932743590255
"CD3E",2.02773676527632
"NBPF1",2.02674279942999
"ZNF75D",2.02507627659649
"IGSF10",2.02460489522733
"VPS9D1",2.02332351850989
"MLEC",2.02251458545651
"WDR70",2.02067362273948
"SOX4",2.01684072907118
"PRELID2",2.01609140737353
"C11orf21",2.01479468618776
"DNAJC12",2.01474288385849
"G6PD",2.01422667594957
"EML1",2.01414690932675
"RASA3",2.01313902394444
"SLCO4A1",2.01303622930201
"MIR4733HG",2.01161564749114
"EFHD2",2.01145323929273
"IER5",2.01083337603144
"BRI3BP",2.00992582273579
"SNRPA",2.00800684139272
"NXT1",2.00737364911612
"LINC00323",2.00626837050735
"CPLX1",2.00462815948249
"AKIP1",2.00454720726058
"MZT2B",2.00386924805479
"DLG2",2.00365009966158
"ZNF232",2.00325845335612
"NADSYN1",2.00323655196868
"FAM225A",2.00313020733891
"LYRM1",2.00282268286403
"HDAC5",2.00227731041365
"CD38",1.9985496607817
"REXO4",1.99783411802486
"JTBP1",1.99715675401933
"ELAC2",1.99384119765885
"C14orf93",1.99114784606644
"RNU6ATAC9P",1.99091123365734
"STRAP",1.9905320019918
"UNC13D",1.99041804400362
"HSPB6",1.98774017611342
"ERMARD",1.98665980091657
"MICAL2",1.98620438035076
"KDM1B",1.98474601822034
"OR11A1",1.98432385601274
"SLC35A5",1.9833027995884
"NDUFS8",1.98326408069283
"MYBL2",1.98284784212121
"ABCB8",1.98154749035563
"MVB12B",1.9808449488172
"TRAJ58",1.97903901758944
"SEPTIN6",1.97732779340314
"XAB2",1.97690567528469
"SNAI3-AS1",1.97664144049116
"UBAP2L",1.97463213746391
"TNKS2-DT",1.97418010278452
"LAMP5-AS1",1.97348802640891
"FAM20A",1.97299743524227
"ADAL",1.97266470808096
"UBE2D2",1.9725411447624
"DEPDC5",1.97201951351357
"ALG3",1.97031245826844
"CLEC12A-AS1",1.96997632820256
"RPL5P34",1.9695463640225
"STX16-NPEPL1",1.96905777030138
"MYL11",1.96850667877004
"RPL7AP6",1.96782485549251
"NAE1",1.96753703383462
"GRPEL2-AS1",1.9618213275817
"GSS",1.96143707487557
"PRKACB",1.96097703374425
"IER5L",1.96062467130971
"SIGIRR",1.96031241475328
"PEX14",1.95803726886879
"GPN1",1.95668264300794
"POLE",1.95565244512512
"BOD1",1.95518946957494
"ZNF710",1.95505707240176
"POM121",1.95448063527389
"NUBP2",1.95386273358454
"ZNF583",1.95308710394838
"NFIC",1.95158897220933
"ALDH18A1",1.95122554466728
"ELMOD3",1.95045842122534
"TLNRD1",1.95011000521877
"MIR3667HG",1.94980580017443
"EEF1A1P38",1.94757171505821
"NIPA2",1.94662432949586
"IKBKG",1.94620724020568
"LUC7L",1.94583926451574
"GNB1L",1.9458264572671
"MZF1",1.94576674913469
"SNHG19",1.94504740375093
"IFFO2",1.94407141267377
"PNPLA4",1.94385434041206
"RPL21P12",1.94331130338998
"LPCAT3",1.94130092217857
"LINC01072",1.93960939578747
"BRSK2",1.93941831617126
"IL27",1.93652900270431
"RBMS1",1.93647951855883
"SETD6",1.93553636367607
"RPS2",1.93510384538278
"SDHAF4",1.93424506707835
"UBE2C",1.93257773127075
"LINC01348",1.93232726299356
"CNNM4",1.93156726958369
"STARD8",1.93121061305289
"DMAC2",1.9296404910889
"MARCHF4",1.92800391472966
"DLX4",1.92800391472966
"CBLN4",1.92800391472966
"IPPK",1.92690632800258
"SHISA5",1.92637006096086
"SLC25A5P7",1.9257131777041
"F8A3",1.92291890566691
"WDR20",1.92075485407666
"LRRK1",1.92015495922468
"CUBN",1.91737825442684
"GNA15-DT",1.91730020037481
"TNNT2",1.91628469635354
"CPA5",1.91628469635354
"LINC02455",1.91628469635354
"DEFB132",1.91628469635354
"DGKZ",1.91523572945049
"RPL3P7",1.91355104989229
"RPL21P95",1.91094234202274
"ATP2A1",1.91067314534106
"SLC52A2",1.90895668246627
"COMTD1",1.90777922159868
"PFKP-DT",1.90584091639432
"TMOD2",1.90445689479707
"APBA3",1.90428585945764
"LINC01932",1.90394838484159
"CHKB",1.90308646488931
"ADAMTS10",1.90070993219416
"HSD11B1",1.89977619129217
"IL23A",1.89927036659881
"NRBF2P6",1.89813594476738
"DENND4B",1.89754004468988
"RN7SL577P",1.896972665547
"IL17RA",1.89619127852748
"PIK3IP1-DT",1.89571570689464
"NABP2",1.8952048601544
"FLT1",1.89426853379735
"RAB11B",1.88995415443488
"RNGTT",1.88961514905319
"RPL32P22",1.88959677463261
"NES",1.88943848465788
"TVP23CP1",1.8890741817602
"RN7SKP271",1.88804290515598
"PCAT19",1.88796697824896
"LINC02631",1.88774310287896
"TRIP12",1.88571567096708
"TMEM259",1.88553101980543
"TXNRD2",1.88333155023832
"DPCD",1.88320440037737
"EBLN2",1.88293863321281
"BIN1",1.88203258419534
"TRAV12-1",1.88062732870951
"KIF1C",1.88055685047955
"AATBC",1.88003705990593
"ENTPD1-AS1",1.87870702311154
"SLC25A21-AS1",1.87771543577428
"CENPX",1.87748555411344
"ALDH4A1",1.87700754135723
"PDLIM5",1.87682897335875
"RNA5SP371",1.8751063891915
"LINC01271",1.87409885841219
"SPINT1",1.87136787673665
"EIF3J",1.87082284551964
"KATNIP",1.86974912009292
"ASH1L-AS1",1.86933230520087
"EEF1AKMT3",1.86660163655258
"KIF2A",1.86611790985352
"TUBA1B",1.86441327582843
"BMP8A",1.86439967532511
"BAZ2B-AS1",1.86318642555185
"ARRDC4",1.86191641785786
"MT-CYB",1.8615491732628
"USP18",1.86071422011808
"PDCD6",1.86039083780485
"CHFR",1.86030267574651
"ENGASE",1.85994249494148
"CELF3",1.85917213574413
"TPST1",1.85899851714113
"BEND6",1.85505650100944
"LINC02009",1.85394909370627
"ARHGAP4",1.85109820785882
"MZT2A",1.8508443689857
"SIRT2",1.84964429054367
"FDX1",1.8496146714436
"TMEM267",1.8479925609507
"RNU6-1025P",1.84788995984487
"EIF3C",1.84721471939827
"AFAP1L2",1.84700445452219
"SLC12A9",1.84684321484842
"TAL1",1.8467041481441
"GAPDHS",1.84602569959651
"ARHGDIA",1.84506628657315
"PCCA-AS1",1.84462840715843
"KIAA0930",1.8442858445657
"LINC01762",1.84419920349485
"BAMBI",1.84337460659633
"FNBP4",1.84331797574507
"MTAP",1.84285882561078
"SRGAP3-AS2",1.84085213550215
"C5orf24",1.84072817739449
"BVES-AS1",1.84058172164903
"WDR6",1.8404651599141
"PRR13P3",1.83994109508645
"C5orf60",1.83989203893376
"RNH1",1.83893936957786
"TNPO3",1.83888496032198
"PLEKHO1",1.83827911835578
"NUP160",1.83752495082939
"TBC1D10B",1.83657436191209
"IL21R-AS1",1.83450064972566
"TMEM184B-AS1",1.83340353666775
"EEF1GP3",1.83337149151289
"MIR17HG",1.83327913252784
"NAGPA",1.8329968790054
"MIR3918",1.83282850364453
"NFATC2IP-AS1",1.83207879868599
"PPP1R14B-AS1",1.83134048832018
"RPL7AP39",1.83045322033719
"XRCC3",1.83044286521854
"HELZ2",1.82991844790282
"MIR4263",1.82921696408042
"FAM181A",1.82921696408042
"GRAMD2A",1.82921696408042
"LINC02828",1.82853217051888
"GPR37L1",1.8280155124278
"PCYOX1",1.82607906590292
"FASLG",1.8258745576489
"ATP5F1B",1.82437900442704
"HECTD4",1.82391410010643
"TBC1D3B",1.82372664286851
"ST3GAL3",1.82367039664015
"CENPQ",1.82349867611589
"CCT2",1.82336553671481
"FXR2",1.82255747057777
"SZT2",1.82246094537638
"ICAM3",1.8218036989104
"PPID",1.82136950984638
"SEL1L3",1.82099114727156
"CHRNB4",1.82068600117942
"DDX19A",1.82056207462546
"NAA80",1.82049458911144
"MED14",1.8196586252959
"LCNL1",1.81913685521703
"RABGAP1",1.81904670233732
"CPNE3",1.81863841287426
"CARM1",1.81849877344278
"MOCS1",1.81805596686471
"NR2C2AP",1.81791611846778
"CLPTM1",1.81604575591609
"CNTFR",1.81525803055384
"SMURF1",1.8147726338066
"IFI35",1.81429930952365
"LASP1NB",1.81363631033266
"SYNGR3",1.81318370749901
"OSBPL3",1.81291884787483
"BCDIN3D",1.81254431075823
"EIF2AK1",1.81190333431289
"KDM7A-DT",1.81190014138402
"TMCO4",1.81164635907804
"ARID3A",1.81106767331838
"GLMN",1.81009650730432
"PMVK",1.80941421419264
"PRG4",1.80912756204294
"RSPH9",1.80816349031603
"MARS2",1.80778159110163
"PVR",1.80697594490471
"DNAAF4",1.80556195476642
"USP28",1.80515129445097
"PFKL",1.7992589926535
"NOL4L",1.79716778180392
"GANAB",1.79695197652898
"CCDC13",1.79662037316662
"TCOF1",1.79552643876398
"HNRNPA3P11",1.79218986456316
"LINS1",1.79210924452885
"VTA1",1.79156028516067
"ACTL6A",1.79136734647072
"MN1",1.79093415076021
"CLU",1.79083902388546
"LINC00484",1.79049000893249
"ZFP82",1.78990599262565
"LINC02615",1.78968533173222
"GAPDHP1",1.78818012797446
"BMF-AS1",1.78588357976221
"UBE3C",1.78551268814193
"NUP107-DT",1.78428961360672
"CDK6",1.78231619645241
"PALM2AKAP2",1.78221692017416
"UROS",1.78197276415057
"MAP1B",1.78152824632402
"SPSB1",1.78074538948741
"SERAC1",1.78028420201011
"TRAV13-1",1.77976835398261
"TCEAL5",1.77931185647848
"HES6",1.77779265621271
"SETD4-AS1",1.77739212216276
"FZD5",1.77718505956849
"RELB",1.7734922584166
"ZNF425",1.77296279716835
"CAHM",1.77253687006144
"NPIPB6",1.77246334210884
"NSMF",1.77245774153809
"KLHL18",1.77239886882064
"DNM2",1.77239262386195
"ZNF710-AS1",1.77233081736395
"ARHGEF1",1.77207294505525
"SBNO1-AS1",1.77051485937501
"HDAC3",1.77010868675055
"PHLDA2",1.7692859698758
"ACOT8",1.76918994497573
"SLC41A3",1.76876017929521
"CERNA1",1.76870601119941
"DPAGT1",1.76779184725358
"ARPC5L",1.76774423311685
"MINDY4",1.76751876536719
"UBE2N",1.76741301749132
"TFAP4",1.76688892267035
"MTREX",1.7668240208187
"MIB1",1.76634868693472
"CCSER2",1.7660906020833
"ZNF100",1.76553624676379
"TAPT1-AS1",1.76403209017688
"NHERF1",1.7638964575075
"RASSF4",1.76314246190288
"MRPS34",1.76264135261079
"RPL9P18",1.76152771316462
"CDH8",1.76152771316462
"GNA15",1.76110165070704
"UNC5CL",1.75880711825181
"LINC02391",1.75811695801473
"GLDC",1.75688387479123
"SLC25A28-DT",1.75559195800963
"FAM83C-AS1",1.75503344645669
"MIR34AHG",1.75467976120907
"RBM28",1.75455816638553
"LINC00304",1.75373543469961
"ZNF316",1.75365543799625
"SPINT2",1.75323962312796
"NOMO2",1.75320272418012
"CAV2",1.75286430210677
"ID3",1.75285527587628
"BLTP1",1.75175593436568
"SELPLG",1.75175490688136
"DNAJA4",1.75039833317551
"USF2",1.7497513821206
"ANO10",1.74819874900848
"DYM",1.74734324846024
"DUSP11",1.74675445002867
"ENDOU",1.74630494081235
"ZNF329",1.74563934324261
"C17orf75",1.74430155213161
"METTL15",1.74368633468584
"ANAPC10",1.74335131794771
"RGS9",1.7429380822416
"OIP5-AS1",1.74278508207044
"TEKTIP1",1.74257114230597
"ZNF155",1.74070445225497
"RBBP7",1.7385746765331
"SLC9A9",1.73705294915994
"AP4B1",1.73573993149372
"MIR4256",1.73540880057559
"CACNA1F",1.7353590377751
"COPS7B",1.73479626897243
"CWC27",1.73383486389511
"LINC00562",1.73357534464089
"EXOSC3",1.7328424292425
"PARP15",1.73183098878932
"TASOR2",1.7314602058647
"SMAD1-AS2",1.73101714231562
"SLC6A13",1.73084552817056
"SLC39A8",1.7294492857325
"LINC02787",1.72834386805417
"AQP7B",1.72834386805417
"FOXB1",1.72834386805417
"PYGO1",1.72834386805417
"LINC02251",1.72834386805417
"BTN2A2",1.72729306074129
"NETO2",1.72618741127694
"GP6",1.72558097511489
"GRINA",1.72416717112981
"SPTAN1",1.72319466552857
"FBXW4",1.72105489614515
"IGLC3",1.72030114999954
"AKT1S1",1.71811243771821
"SLC7A5",1.71770960009939
"LATS1",1.71735891529815
"IGHVIII-5-1",1.71695144870079
"TMEM200B",1.71652190826047
"PKIA-AS1",1.7164174541412
"PPP2R5CP",1.71571780230841
"FRAT1",1.71301834099444
"ARHGAP33",1.71200260566411
"KIF20A",1.71134987295646
"SDF2L1",1.71105803244359
"MIR548Q",1.70880740699533
"EYA3",1.70826602497806
"PRDM10-DT",1.70791491730992
"GSKIP",1.70681356910825
"CD151",1.7062692722503
"AP4B1-AS1",1.70612510790414
"TNKS1BP1",1.70599468007746
"RIGI",1.70519295603832
"PTCH1",1.70445870222274
"FAAP24",1.70341719820499
"TXNDC15",1.70132711908251
"CSMD2",1.70066067528707
"CCR1",1.69989859783934
"KIF6",1.69948253750336
"ARNT2",1.69948253750336
"OGFRP1",1.69882931211693
"VOPP1",1.69818832304272
"PACS2",1.69651068473392
"HPR",1.69600251841909
"EML4-AS1",1.69399842864671
"CPVL",1.69391722252802
"API5",1.69366785193555
"LEAP2",1.69275719952875
"FBXW9",1.69080601449376
"RFX3",1.68958334516607
"MIR548AA2",1.6892822644716
"EIF4G1",1.68876440053655
"PHYKPL",1.68865178900121
"SMIM23",1.68821683162998
"TTLL1-AS1",1.68815597568235
"NOM1",1.68759529254021
"JHY",1.68747625957176
"CPSF3",1.6865760272185
"CFAP68",1.68620778858967
"AARS1",1.68544325583711
"CCDC137",1.68383940356747
"TSSK2",1.68330655641023
"PDIA3",1.68282235795565
"ALG11",1.67841728949863
"SERTAD3-AS1",1.67801652491764
"APEX1",1.67614891394096
"RN7SL552P",1.67595943628415
"ARL6IP6",1.67508719561869
"PPIF",1.6748350450858
"ENOPH1",1.67375902205909
"SLX9",1.67111042637234
"ZNF770",1.67077372625868
"SIPA1L1-AS1",1.67051754386478
"SASH1",1.67022222573365
"MLF2",1.67004457458534
"HOMEZ",1.66928748425391
"TNFRSF1A",1.66909795602681
"GKAP1",1.66819647766704
"DACT3-AS1",1.66576405540059
"AFG1L",1.66433549007464
"SNORA20",1.66295960808293
"RFC4",1.66252855629944
"BRWD1-IT1",1.66242287190746
"MRPL18",1.6621334937807
"HELLS",1.66080616823956
"TNNT3",1.66036237217158
"RPS4XP1",1.65972347368612
"LRRC28",1.65845586473985
"IL1R2",1.65800927018933
"HDHD5",1.65718069664335
"SSBP3",1.65562897998768
"LENG8",1.65560276425886
"LINC01679",1.65503609857803
"TMSB10",1.65434800476105
"SMARCA5-AS1",1.65282365239331
"CD226",1.65244372244129
"TPRA1",1.65205937063766
"SZRD1",1.65062014746627
"IRS3P",1.65038979687642
"MTCO1P12",1.64904896484703
"ZNF436",1.64873279621772
"RPL7AP62",1.64621793549064
"PRMT5-DT",1.64600650534181
"TNK2",1.64533805293522
"DYNC1H1",1.64476846722625
"TSPAN11",1.64348024714432
"LINC02244",1.64337471358133
"TM9SF1",1.64303001434969
"ZNF101",1.64151574789238
"PPT2-EGFL8",1.64143978028413
"CDK12",1.64084511721871
"ISLR2",1.64066673037003
"FFAR4",1.64016120059535
"GMDS-DT",1.63864353140873
"RHOT1",1.63807835417449
"MS4A2",1.63635233586623
"RPL38P4",1.63590677355296
"FAM222A-AS1",1.63586998290066
"FOCAD",1.63586419446203
"MON1A",1.63550015455943
"RABEP2",1.63476593389152
"ENO3",1.63346302558836
"EIF4E3",1.63246934664083
"PTPRZ1",1.63243889996622
"ADORA2A",1.63238409369219
"ASB3",1.63188260304088
"MARCHF3",1.63131675048822
"HSP90AB1",1.63116558294265
"KCNS1",1.6309383969548
"HNRNPUL1",1.63084696866652
"GABARAP",1.63065918080656
"EXT1",1.62893899575166
"SMAD1-AS1",1.6287205946096
"LMO4",1.62800068522157
"HCRT",1.62669280503364
"MAPK10",1.62627200503227
"TRAJ34",1.62405023020562
"UTRN",1.62396316453092
"TRAJ43",1.62174096286718
"MED25",1.62131010591221
"KANSL1",1.62093990614966
"MTND4P22",1.62018008856432
"MRPS12",1.61834960484377
"FAM3A",1.6182112368894
"ANKS1A",1.61756009259519
"RNU6-945P",1.61728470935702
"LINC02338",1.61621221176098
"PLPP7",1.61526032262683
"CEBPB",1.61503454488402
"YARS1",1.61492951355712
"C1orf162",1.61391631748142
"DGCR11",1.61301912104797
"KCTD12",1.61297221964106
"QTRT1",1.61189097311472
"SSC5D",1.61001099064851
"SMARCD1",1.60988783735312
"MOV10",1.60972447397657
"TTLL7",1.60917061641707
"CNDP2",1.60885372223613
"CAMSAP2",1.60872580574207
"CCNQ",1.60475762480664
"MVB12A",1.60332085058555
"COX15",1.60275847252165
"DPY19L3-DT",1.60252648509935
"DENND3",1.60208517854456
"CELF2",1.59913038673121
"GAREM2",1.59706973613103
"KARS1",1.59640323678998
"IRF2BPL",1.59478142930477
"ACADM",1.59293960909836
"SLC2A14",1.59238074502777
"TTN-AS1",1.59040519446369
"DNAH5",1.58930606147517
"SND1",1.58911215739153
"DUOX1",1.58899092007377
"SLC27A4",1.58809329716331
"TRAJ9",1.58643022594769
"ZMIZ2",1.58306414919221
"ZNF713",1.58299162803603
"OAF",1.58230313329227
"XPO7",1.58209330945283
"MIR1184-1",1.57981554814979
"GPLD1",1.57939073700161
"CCR5AS",1.57718051044211
"PDCD2",1.57682129211086
"CRB3",1.57580283443375
"SNRNP70",1.57493807180029
"MTND5P32",1.57220815894855
"SNORA2B",1.57102757072312
"LINC01259",1.56918062408907
"ACOT2",1.56913520131669
"FNBP1P1",1.56901013645016
"SREBF1",1.56891478312408
"SOX13",1.56881651073886
"PCGF6",1.5678382785267
"TMEM92-AS1",1.567380567711
"SEPHS2",1.56708208426745
"TRIM60P16",1.56647232229925
"C10orf71",1.56647232229925
"RPL35AP31",1.56647232229925
"SARS2",1.56494284714048
"BCLAF1P2",1.56470521258249
"AQP3",1.56238783451108
"DMXL1",1.56156804022895
"VWA5A",1.56141198475297
"MIR3648-1",1.5612452098166
"DIPK2A",1.5602043218275
"SLC7A1",1.55966890887221
"FKBP10",1.55964950402391
"FLNC",1.55632647072346
"EXO5",1.55623376025439
"MTDH",1.55567579263191
"ARNILA",1.55558013879273
"MAP4",1.55519859041663
"OR1L8",1.55516107344255
"FARSA",1.5549747526406
"GNL2",1.55475912431025
"ZMYND8",1.55433639321197
"ESR1",1.55342064086814
"IL17RB",1.54941809446078
"RAB5C",1.54830416767741
"TSEN34",1.54806413050148
"TRAC",1.5461409762309
"RNU6-890P",1.54598523977373
"LINC01801",1.5457749454909
"RTP2",1.54499112983633
"VIRMA",1.54403993214321
"EVI5L",1.5437984218222
"PYY",1.54248227575518
"MTRFR",1.54192291853493
"ST7-AS1",1.53982159637904
"COMMD3",1.53955703221003
"ITGAL-AS1",1.5395019029664
"TRIP4",1.53727907465327
"LYRM4",1.53696877196405
"MAZ",1.53639714785008
"COA6",1.53508862033981
"SLC24A4",1.53166292805313
"HNRNPA1P51",1.53129285089731
"PAX8",1.53063183961936
"SLC30A5",1.53034320664645
"MPHOSPH6P1",1.529130890967
"PHOX2A",1.52772857333927
"LY6G6C",1.52647274355889
"TMEM132E",1.52631508861505
"QPCT",1.5262646382541
"NFYB",1.52490789576423
"COPB2",1.52387031508366
"ITGA9-AS1",1.52372210531543
"KCTD17",1.52351999557998
"FANCL",1.52283489318275
"WDR46",1.52168973010107
"MCM7",1.52108798465157
"SYDE2",1.52104749273406
"SNX11",1.52071515603755
"UBE2I",1.52055238347151
"USP1",1.5192788292903
"PDS5A",1.51919867348798
"BAK1P1",1.51873729029977
"ATN1",1.51816394590498
"SNRPN",1.51745738181307
"SHC2",1.51627104295707
"CEP250-AS1",1.5162421970475
"MAF1",1.51511911879944
"MAP3K4",1.51508823917486
"ATAD2B",1.5146934547013
"STX6",1.51468174091877
"INTS5",1.51463162900359
"SRGAP2C",1.51386672575327
"SPECC1",1.51344104241408
"POMGNT1",1.51166324487602
"KPNB1-DT",1.51108901342933
"THAP11",1.51007242738273
"LINC01192",1.50887773242646
"THEMIS2",1.50816597716532
"RAE1",1.50806262213495
"ASL",1.50725828111602
"LEPR",1.50672858287907
"MAPKAPK5",1.5057949236018
"ZSCAN16",1.5057087233252
"FARP2",1.50543179759003
"LRRC59",1.50468003981161
"ARK2N",1.50440215107608
"RCHY1",1.50401286107352
"TBL1XR1",1.5033934266475
"NUP88",1.50301620835763
"ADAMTS7P5",1.5023256222294
"LINC02585",1.50221138251478
"GCN1",1.50176726809203
"TIMM50",1.50160207607167
"ATF7IP",1.50130956293034
"CA3-AS1",1.50073179941319
"ATRX",1.50034148568854
"BID",1.49971944302251
"PGBD1",1.4989720236496
"LDHA",1.49866245890724
"MTND4P14",1.49857306582371
"DTD2",1.49791749364271
"LINC02256",1.49675380906912
"KLF13",1.49670492277952
"KIF13B",1.49650082560145
"PABIR3",1.49473621272703
"HLA-A",1.49426265203343
"ATAD3A",1.4937268868315
"WDR25",1.49370230722489
"RAB26",1.49355965497689
"ADA",1.49312827055389
"P2RY11",1.49214199254011
"ZNF654",1.49210757220876
"SMN2",1.49197954524198
"CRYL1",1.49035478127637
"S100G",1.48917427902379
"SSRP1",1.48791581035345
"CSTF2T",1.48749624303778
"RNU4-62P",1.48560062282247
"SSH2",1.48554398905592
"WASF2",1.48512030687359
"RASA4B",1.4844217062192
"HSPD1",1.48276087839103
"CDIPT",1.48102909588172
"BICRAL",1.47968622722845
"ATP5F1A",1.47924569684661
"SPHK1",1.47625284459854
"BARD1",1.47570244747598
"MUC3A",1.47547793177656
"PPP1R12C",1.47533232207614
"PDE5A",1.47498156567956
"IDH3A",1.47464027827837
"DENND2B-AS1",1.4740924103459
"HIPK2",1.47344444050764
"THRSP",1.4734136592902
"XPOTP1",1.47330649501719
"NXT1-AS1",1.47309353370737
"FBXO38",1.47275986128775
"MRPL3",1.47263232421902
"IDI2-AS1",1.47244142517849
"ADCK2",1.47202540251237
"GADD45GIP1",1.47168195254411
"GALNT7-DT",1.47047372041695
"NECTIN1-DT",1.46987765155221
"SNRPB",1.46976634830364
"CXCR6",1.46873393058506
"LPIN1",1.46797603229249
"YARS2",1.4677217174152
"NUDT7",1.46728021796807
"DDX12B",1.46653376204474
"GPR158-AS1",1.46547690414716
"DTX2P1",1.46491204590368
"HECTD2",1.46425324774752
"LTO1",1.46324277478135
"POU2AF1",1.46135243893744
"GLS2",1.46087549590516
"ODAD1",1.46063009310145
"RPL39P14",1.46056030266717
"CCDC85B",1.45876960060062
"PDSS1",1.45874585607335
"PPIAP51",1.45852540755737
"CDK10",1.45791133860373
"APOD",1.45714925117443
"UST-AS1",1.45672564792374
"KMT2D",1.45665350415299
"TNFSF13",1.45608441027266
"APOL1",1.45572744026279
"NAPA",1.45518168842348
"ATG4A",1.45438454565958
"SRFBP1",1.45408906599043
"SNHG22",1.45391717676113
"DNHD1",1.45307787359537
"IGLJ3",1.45265152134764
"PRMT7",1.45258173931887
"SLC16A3",1.45183478249233
"RNF187",1.45152102861485
"PRRG1",1.45085829321454
"EPHX1",1.45047060917295
"GCSAML",1.44881611510571
"RPP38",1.44840400256815
"LINC01237",1.44790883903059
"AAAS",1.44780041547315
"SEMA4A",1.44527994870865
"ANKIB1",1.44499729972755
"MRPL48",1.44449242201586
"HOXA10",1.44348056302737
"TSC1",1.44310854884018
"PAX6",1.44101821871383
"GLCCI1-DT",1.44043634643122
"LINC02542",1.4398187396983
"SCAMP2",1.43947517379401
"MFF-DT",1.43871443765104
"BNIP3P45",1.43856078678294
"WHAMMP2",1.43838275439111
"RPS2P4",1.43757560543459
"PEA15",1.43746734438667
"EFHD2-AS1",1.43713088967445
"ACER3",1.43654463801612
"PLCD3",1.4359787936237
"RPL36AP54",1.43586430458611
"MLLT3",1.4357568520353
"PABPN1",1.43497852331421
"SMG9",1.43341450352387
"AP2B1",1.43175104960552
"ATXN10",1.43066662086263
"PATZ1",1.4306418885108
"TMEM269",1.43049847317598
"CAPS",1.43004340162523
"RIOK2",1.42978159233822
"CYCSP52",1.42935506044873
"SAMD9L",1.42895683475537
"CMTM1",1.42877186321046
"ACVR1B",1.42867239383565
"ACOX3",1.42840331749762
"CTNNAL1",1.42672714852856
"SRD5A1",1.42577310561823
"ZNF467",1.42530947168641
"OAS3",1.4251883457971
"TUBA1A",1.42518233490266
"CLPTM1L",1.42496913271671
"PIGU",1.42438498538222
"CYCSP34",1.42389077641453
"GPR35",1.42363246739511
"RANBP1",1.42219894039032
"HNRNPF",1.42100074684655
"THBS4",1.42083520571448
"HMOX2",1.42052351107829
"NDE1",1.42051487186405
"HNRNPLL",1.42038181146359
"DUSP16",1.41961282041671
"ICOSLG",1.41933682165947
"POLR2A",1.41918107433788
"RN7SL751P",1.41880328361325
"CFAP99",1.4186406997
"LPAR5",1.41722661663796
"TBC1D32",1.41572760307376
"ZNF609",1.41494096444123
"LARP1",1.41432510172088
"CEP350",1.41375353174372
"SCARF1",1.41336913031629
"MYH9",1.41245817447805
"NCF4-AS1",1.41160311320152
"GATD1",1.41147634861059
"THRB",1.41106170216069
"RASGRP1",1.40975830791018
"DDIT4",1.40916679681875
"ORC1",1.40789824622572
"GAS6-DT",1.40621473572926
"AGPAT1",1.40598121610978
"ZNF639",1.40398951203703
"B4GALT7",1.40361689674579
"CLEC18C",1.40303492618799
"RAD54L2",1.40261676206307
"DPYD",1.40103031389584
"LTB4R",1.39900978042135
"COMMD5",1.39869195445897
"ADAMTSL4-AS2",1.3973419507469
"ARHGAP31",1.39720154210065
"ELF3-AS1",1.39589539990221
"NDUFA3",1.39524026573154
"ATP2A3",1.39451529373936
"CCT6A",1.39364004343568
"PARD6G",1.39333842912624
"GRAMD4",1.39268424616841
"ZNF70",1.39120180496158
"LINC02014",1.39063694328002
"RPS20P15",1.39045263354132
"FZR1",1.38959683285693
"ANKRD37",1.3886845410193
"P2RY1",1.38836717783883
"NAXE",1.38741448792613
"SNX20",1.38728289777463
"NUP85",1.38577742660373
"NXF1",1.38529611090795
"MRTO4",1.38505637352116
"NUP153",1.38328904217366
"OR2B6",1.3817788549124
"UBTD2P1",1.3815295233367
"TAF10",1.38144270858711
"KLHDC10",1.38019956737664
"LINC00205",1.38009467419391
"MRGBP",1.37982079328256
"RSL24D1",1.3797359347187
"CHD3",1.37935130177953
"PAICSP4",1.3784323797476
"STX2",1.37786353369454
"RLIM",1.37778445089717
"FAM178B",1.37628218753642
"ADAM32",1.37342405198077
"DDX50P1",1.37104391381064
"RNF122",1.3698931820483
"THEM4",1.36958412921242
"ITGB2",1.36935901829983
"MIR101-1",1.36904817591275
"ZNF800",1.36876306431714
"SAMD10",1.36869893727284
"TSC2",1.36866938228972
"EBF1",1.36711628331005
"RN7SL733P",1.36626163391724
"CD2BP2-DT",1.36584220590941
"KXD1",1.36460942292073
"TCF25",1.36444408856457
"RNA5SP201",1.36442935239935
"RUSC2",1.36427678950578
"FTOP1",1.36402529107192
"DDX39A",1.36201350522063
"ITPR1-DT",1.36120890317619
"RAB30-DT",1.36113673971195
"PDCD10",1.36098257134999
"APOLD1",1.36028133706453
"ID2-AS1",1.36003931984159
"HERPUD1",1.35738375134128
"C9orf40",1.35709211184372
"MIRLET7BHG",1.35650431516287
"NLRC3",1.35552812508136
"ZNF519P4",1.35347125608804
"MYL6P1",1.3531074811365
"LINC02458",1.35288098117263
"MIR4485",1.35263551348379
"TFDP2",1.35235228403612
"RAB3IL1",1.35059900240312
"SDSL",1.35052096544681
"CLASP1",1.35039580192224
"AAGAB",1.34908560488123
"H2AC8",1.34751910958055
"JMY",1.34729632235926
"NPPC",1.34649169067306
"CHKA-DT",1.34570028271025
"OXER1",1.34306783776997
"H2BC5",1.34265312389903
"CEBPA",1.34207042695751
"CD70",1.34192748253958
"CASP3",1.34148423541552
"CCNC",1.34137492371081
"LINC02245",1.33950034809843
"TNKS2",1.33903695138822
"CAMK2G-AS1",1.3386280451562
"CFTR",1.33763583805651
"PPIAL4A",1.3374845261035
"ADPRH",1.3373808925039
"PFKFB3",1.33736263019395
"ZSCAN16-AS1",1.33729135597447
"TNP2",1.33724927229389
"PROCR",1.33682651123104
"ETV4",1.33658047076522
"MIR3155B",1.33651856199095
"CD300LF",1.33648501770327
"CALCRL",1.3358264834076
"KIFBP",1.33542270862091
"PRDM15",1.33539820396562
"TRABD",1.33516829560882
"LILRB1",1.3343027497842
"SNORA9B",1.334238122942
"LINC03059",1.334238122942
"MIR9-3HG",1.334238122942
"LCMT1-AS2",1.334238122942
"LRRC2",1.33349338679848
"CEBPZOS",1.33319039727854
"C6orf132",1.33233239714731
"MEF2A",1.33231064022866
"RPH3A",1.33204690529665
"TMED6",1.33007966300953
"SACS",1.32963213347315
"FAT2",1.32923335618092
"ABLIM2",1.32876328076023
"CHMP6",1.32671083450641
"MTG1",1.32661008886706
"PPM1B-DT",1.32482150259472
"SLC26A5",1.32391113273361
"APCDD1L-DT",1.32383202771205
"GRIN3B",1.32364807904145
"CELF5",1.3235711825503
"ARL17A",1.32288996082553
"MFSD11",1.32236780742377
"LINC03006",1.32185976427489
"IWS1",1.3216483422273
"PYGO2-AS1",1.32162495155575
"MED24",1.32151482935589
"SLC12A7",1.32106985620926
"PLEC",1.32071347370493
"EIF6",1.31950793859332
"LINC02939",1.31924748464243
"APBA1",1.31875315075344
"UBBP3",1.31858951399484
"SHLD2",1.31766669088305
"DMAP1",1.31689015259352
"COPA",1.3168702680966
"NATD1",1.3167007718585
"REEP4",1.31525786776783
"TIRAP-AS1",1.31451220660095
"SHFL",1.31447728103052
"MAF1P1",1.31356337846448
"GCSHP4",1.31356337846448
"TOMM40P2",1.3133285069705
"NAA60",1.31207581412067
"CDCA4P4",1.31194481940271
"RPL36AP15",1.31194481940271
"LINC01524",1.31149841077571
"RPL21P22",1.3109121389535
"PTOV1-AS2",1.31042368182662
"WNT7B",1.30870280546199
"NOSTRIN",1.30675607701987
"NME6",1.30609441615008
"WWP2",1.30603550682425
"KLHL23",1.30409139238057
"NR4A3",1.30284010006314
"ABHD17AP1",1.30243425366676
"NBR1",1.30134849915159
"SNORD62B",1.3002930986416
"MIR499B",1.3002930986416
"B3GAT1",1.3001217277145
"GK-AS1",1.29968197555327
"ARAP1",1.29907995548616
"FIG4",1.29873157893573
"SDHDP6",1.29845074927906
"MRPL17",1.29825511381983
"KAT6A",1.29795643737212
"VPS16",1.29765297860466
"RN7SL834P",1.29753316704192
"LRRC49",1.29715733142305
"ZNF775-AS1",1.29709638201441
"ZNF581",1.29678723255645
"HNRNPCL1",1.29667759050175
"PNPLA3",1.29603008795988
"RN7SL740P",1.29562937160263
"TTL",1.29561046827959
"TMEM104",1.29471536789229
"GALNT4",1.29404488757868
"FANCB",1.29396816996167
"ALG2",1.29244230342642
"ZCRB1P1",1.29181321375716
"RPL7AP60",1.29159544702853
"SLC1A5",1.28946638689701
"ZG16",1.28751546000554
"OPRM1",1.28750169603665
"MT1P3",1.28743492877308
"GRAP",1.2867158584701
"RNU5B-1",1.28658999823891
"TMEM185A",1.28639037996268
"PPM1K",1.28623314459491
"ECI1",1.2861945397724
"LINC01089",1.28576725551197
"PNPLA2",1.28535043959988
"SLC25A17",1.28493895248635
"NIPSNAP3B",1.2846920830669
"CATSPERD",1.28461012857274
"OTOG",1.28384223900465
"BET1",1.28378092700972
"EPSTI1",1.28352468797251
"USP53",1.28337370642004
"VAC14",1.28233671772412
"MGAM2",1.28199893025387
"THAP10",1.28191482289764
"MCRIP1",1.28100649654902
"TEFM",1.28001730685371
"OSR2",1.27635433021764
"SNX19",1.27632100045518
"EMC8",1.27611549186503
"SFI1",1.27573769621657
"ZNF846",1.27328330743089
"DOK3",1.27326762213761
"QSOX1",1.27054475629817
"MED23",1.27014997217431
"LARS2",1.26881889410754
"NARS2",1.26878508776891
"DTNA",1.26843741496203
"ZDHHC21",1.26555998282533
"PSMD13",1.26491811783214
"MTCO3P12",1.26471538435877
"SCD5",1.26458001758754
"TSC22D4",1.26379899924692
"IFITM10",1.26370126929279
"NCR3",1.26369424380037
"MYOF",1.26367144556018
"NREP",1.26317467664458
"ZC3H3",1.26312184775464
"PUSL1",1.2626141493676
"DLGAP5",1.26139668328653
"CLK3",1.25906935569475
"DENND4A",1.25893721958271
"CD1E",1.25876167018219
"RNU6-395P",1.25494522919152
"KCNH1-IT1",1.25436696129591
"TBC1D22A",1.25431582875444
"PCGF3-AS1",1.25421447490298
"MERTK",1.25408260404191
"SORBS3",1.25205966470012
"LINC00504",1.25188160670501
"H2AC13",1.25188160670501
"TMSB15B",1.25188160670501
"SLC30A6",1.24939428674145
"NT5DC2",1.24938792514082
"MFSD14A",1.24882035387587
"SOCS1",1.24720011483314
"RN7SL338P",1.24617371939314
"SBNO2",1.24416186815108
"CPSF6",1.24354246810644
"FTSJ3",1.24313051611621
"LORICRIN",1.24303620286446
"STXBP5-AS1",1.24207676966212
"NOVA1",1.24108513116169
"NUDT19P4",1.24049629947748
"TP53BP1",1.23989001763146
"SLC2A6",1.23942884158989
"GSPT1",1.23936596988327
"ZHX1-C8orf76",1.23904338083631
"FAM53C",1.23851232935319
"TRPC4AP",1.23834392359591
"TSNAX",1.2378836000171
"RTKN",1.23494238320992
"CTLA4",1.23466973226223
"TSPAN5-DT",1.23177173582826
"CHRM1",1.23136781453434
"ORAI1",1.23109836626463
"STUB1-DT",1.23052870899641
"RNU6-177P",1.22991552350203
"PEX5",1.2298724855665
"MPRIP",1.22726916162184
"CDH7",1.22657780227984
"SUPT5H",1.22627183598602
"RPTN",1.22617427079985
"RNF207-AS1",1.22617427079985
"UGT3A1",1.22617427079985
"LRFN2",1.22617427079985
"GAGE2A",1.22617427079985
"BEND7",1.22617427079985
"PAK6",1.22617427079985
"MTND1P9",1.22617427079985
"LMTK3",1.22617427079985
"KRTAP10-7",1.22617427079985
"PMPCA",1.22557677843726
"TRPV3",1.22485934437917
"C2orf50",1.22485023149648
"MET",1.22283950323464
"GOLM1",1.22278740404318
"CD5",1.22236690071401
"CCDC32",1.22039778604679
"ADI1",1.21966088905017
"KNSTRN",1.21960097836468
"EPB41L4A-AS1",1.21910987298404
"MGA",1.21904014677836
"ARPC1BP1",1.21881597275032
"PYDC2-AS1",1.21881597275032
"LINC02217",1.21881597275032
"HSPA8P16",1.21881597275032
"LINC03008",1.21881597275032
"SLC16A12-AS1",1.21881597275032
"LINC00840",1.21881597275032
"ADCY6",1.21881597275032
"SIAH3",1.21881597275032
"ZSCAN10",1.21881597275032
"LINC01544",1.21881597275032
"POM121L7P",1.21881597275032
"KCTD15",1.21705756180324
"TUBA1C",1.21506130247973
"NBPF15",1.21404876292461
"POTEM",1.2132716297632
"LINC01331",1.21313418689531
"METTL27",1.21250532298859
"DUSP8",1.21193763120736
"ST3GAL4",1.21166061835063
"FKBP4",1.21144660250793
"TAB1",1.210893388144
"SNHG20",1.21073082373413
"PRRC2A",1.21072544316595
"UNG",1.21031827256879
"TCN2",1.20993732777736
"FAP",1.20972007352604
"RAP1A",1.20935692610838
"FGD5-AS1",1.20886355071731
"UNC50",1.20870408685911
"ECE1",1.20867031576905
"GABPB1",1.20853157832184
"CHRNA3",1.20797198744574
"HAUS6",1.20723173900866
"GIMAP7",1.20679591195697
"ADM5",1.20667776381301
"SLC39A9",1.20624082973127
"PLCE1-AS2",1.205181450831
"TEX264",1.20453904135959
"UBE2E1",1.20434531370272
"RNU6-1081P",1.20415681711338
"ARHGAP12",1.20406628227386
"POP7",1.20198811806763
"MYH15",1.20157458740382
"CDK5R2-AS1",1.20154031822961
"XRCC4",1.20085665480692
"RAB7A",1.20031180396774
"GYS1",1.20003710363638
"DUS3L",1.19994484531062
"CCDC50",1.19808212121062
"PPP1R10",1.19762692541595
"CLLU1-AS1",1.19604270471898
"PRDX4",1.19595978091406
"DPH1",1.19512913105543
"FAM76B",1.19493873307899
"TARS1",1.19462737241805
"SMURF2",1.19377221129661
"EDC4",1.19359853459078
"RPL9P29",1.19328048528694
"NFKBIB",1.19269482084507
"DUX4L35",1.19202763724482
"PGK1",1.19137189145779
"SLAIN2",1.1906937529862
"FPGS",1.18996893554006
"TRERNA1",1.18928840749484
"DNAH1",1.18835898509622
"PAFAH1B1",1.18819556997623
"LINC02648",1.18772902327687
"MRPL51P2",1.18695565273632
"RRAD",1.18663802696109
"RNF20",1.18617141734121
"E2F1",1.18567425255618
"TMEM68",1.18538941725059
"ZCCHC7",1.18503077216452
"FCHSD2",1.18474366820574
"EPHA1",1.18370037803604
"ZNF577",1.18368518282266
"TSPAN17",1.18012092068865
"MCRS1",1.17875799537713
"TCP1",1.17817420088185
"GRSF1",1.17695821409684
"CCL4L2",1.17671697127264
"ISG20",1.1764413613613
"B3GALT4",1.17324501561486
"SANBR",1.1725744516321
"COPZ1",1.17234437094585
"SNRK-AS1",1.1722421191498
"CARHSP1",1.17215454552431
"SPATA9",1.17132881869864
"BAG2",1.17099961693454
"FARSA-AS1",1.16933317537755
"RTN1",1.16853661048568
"TNFAIP8L1",1.16825760815299
"ST3GAL6-AS1",1.16815109432765
"LINC00294",1.16565924922082
"CPNE2",1.16561482080446
"LANCL1-AS1",1.16479521461187
"CFAP73",1.16310208028547
"OTX1",1.16276373745866
"TRDJ4",1.16276373745866
"PLEKHJ1",1.16159219609513
"POLRMTP1",1.16156559134486
"HSPH1",1.1597722350562
"OLFML3",1.15935362103755
"PRKAA1",1.15886626322591
"SNORA84",1.15862830367166
"MIR9-2HG",1.1581991702881
"ARL14EP",1.15724721405959
"PPP1R16A",1.15552834461478
"PSMD8",1.15491812411764
"RAD51D",1.15480798077819
"INIP",1.15471350420351
"ATP13A3-DT",1.15463540298456
"BASP1",1.15416305046047
"GPRIN3",1.15408806383145
"ATF1",1.15313521129195
"ARHGAP45",1.15078474174
"FAM234A",1.15054445103912
"MIR3661",1.15042009408775
"RBISP3",1.14950774753327
"BRCC3P1",1.14915830223283
"HLX",1.14847564472037
"TRPM4",1.14759540484071
"CHFR-DT",1.14726024590672
"IKZF1",1.14607247009572
"ANTKMT",1.14585607412259
"ELAC1",1.14555105112077
"AMH",1.1433409294642
"PASK",1.14163345676322
"STK39",1.14154093233281
"CMTR1",1.13954007791186
"LRRC37A17P",1.13884745976477
"MBTPS1-DT",1.13756284602093
"HCG25",1.13751368920839
"PLIN3",1.13747346028387
"KLHL28",1.13565985070858
"CHPF2",1.13417934731986
"DYRK4",1.13356676801431
"DIAPH1",1.13255959877412
"LINC03062",1.13180963754143
"TSN",1.13150900616011
"KMT2B",1.13131450600934
"VCP",1.13125215796014
"SRRM5",1.1307391691416
"NOL6",1.12996432531706
"FADS2",1.12899120132539
"NR1H2",1.12876696147763
"SNED1",1.12866586462414
"ABHD1",1.12822181163814
"EPHB3",1.12607037254196
"THSD7A",1.12567805969674
"LINC00458",1.12529520516193
"RFX1",1.12427692468181
"COMMD9",1.12233936406426
"ABHD6",1.12089343945976
"DOK4",1.1208383711343
"NCF4",1.12010096148945
"FMNL3",1.11997088286543
"TAF5L",1.11913151649371
"MACROH2A2",1.11854371266712
"PPM1F",1.11806039942516
"TRAK1",1.11660354604438
"GAB2",1.11598254157526
"FNBP1L",1.11558938403329
"CREB1",1.11541048505848
"LYPD3",1.11523693064807
"POMK",1.11501485455239
"DZIP3",1.11456944511609
"SMIM1",1.11249095078243
"BLTP3B-DT",1.11246726362619
"ANKRD6",1.11203381955961
"LMNB1",1.1108409607996
"HDX",1.1107514156044
"NMT2",1.10977982141779
"TRMT61A",1.10896144510239
"MIR4753",1.10883665180901
"MIR142HG",1.10748852575572
"FAM135A",1.10726481453293
"DLGAP4",1.10570765802527
"SKIC3",1.10538899435712
"NOB1",1.10535122637672
"MMP12",1.1049270601294
"TRBJ2-5",1.10466913099473
"IGHD2-8",1.10423551433203
"DAPK3",1.10411376794894
"MLF1",1.1039197359426
"CMAS",1.10151620047604
"ZNF607",1.10149573199728
"NGLY1",1.1013947583546
"USP34",1.10113419568812
"PGAM4",1.10082175555264
"TXK",1.10046742648126
"SLC38A4-AS1",1.10026115945235
"BAG3",1.10010257084121
"DUX4L34",1.09965612016555
"UNC119",1.09909517083586
"KLRG2",1.09900675253067
"GLIS2-AS1",1.09900675253067
"BTN3A1",1.09810899458948
"MIR6737",1.09701718710125
"CLSTN1",1.09546610890835
"PARM1-AS1",1.09352485008157
"NT5CP1",1.09352485008157
"SLC27A5",1.09298616033869
"NEK6",1.09222151622412
"AKIRIN1",1.09179852676384
"RET",1.0917545239051
"ZCCHC8",1.0900781235551
"UTP20",1.08967182153003
"RUSC1",1.08860509684617
"ESRRA",1.08837911265869
"ACSBG2",1.08821756186491
"ASCC1",1.08820674925577
"MAML3",1.08796250332519
"CST6",1.0874002548857
"CAMK2G",1.0873479664611
"LRIG2-DT",1.08608333097106
"NOCT",1.08588821274098
"CLDN22",1.08519385732899
"SPACA6",1.0850637138652
"RIOK1",1.08495524577189
"ZXDB",1.08476943555403
"CRAT",1.08307507811345
"ARCN1",1.0823069357654
"BCL2L11",1.08197379501339
"CYLD-AS1",1.08131430126639
"FDPS",1.08006944852494
"RNU4ATAC14P",1.08000349244129
"N4BP2L1",1.07957344797156
"SNX2",1.07906942669096
"RNPS1",1.07897655358824
"RPL21P121",1.07840492667633
"SNF8",1.07816393867825
"LINC02551",1.07751367302356
"CCDC167",1.07733733829455
"ATP6V0D1",1.07711357123054
"UBXN11",1.07692272236026
"OSTCP8",1.07577367782369
"NUCB1",1.07422643057929
"LPAR2",1.07387491203542
"C3orf70",1.07368144991094
"GZF1",1.07356331531999
"MAP2K4",1.07296608447051
"CHN2",1.07107515898591
"SPDYE1",1.06947558816004
"SNRNP27",1.06895597430247
"HBA1",1.06833533076116
"RAB7B",1.06771560020932
"ST7",1.06693131175213
"PARD3-DT",1.06571704396964
"CYP1A1",1.06571704396964
"RNF166",1.06522658580483
"SLC35C1",1.06508115402794
"DTNBP1",1.06458692707076
"NUTM2B-AS1",1.06350341314791
"DOP1A",1.06236057385148
"PSMB8",1.06194376171178
"UBA6",1.06073289690347
"BEST4",1.0591516984446
"PYCR1",1.05691040340547
"HERPUD2",1.05672615590754
"SEC22A",1.05620384500182
"PLAC8",1.05580474299008
"NSFL1C",1.05553011558075
"RPS12P3",1.05522310761721
"IL24",1.05508794485352
"ZFAND2B",1.05482612102935
"MARK2P8",1.05439045275079
"ABCA7",1.05427219197133
"MAPKBP1",1.05363131676903
"SYT15",1.05320677510047
"ACADS",1.05315627362349
"NOTCH1",1.05275806417533
"DENND6B",1.05058053642232
"ESPN",1.05021440316284
"MYC",1.0501411982635
"DYNC2I1",1.05000673693233
"TTC39B",1.04983449669152
"MRPL24",1.04929164793059
"SMARCC2",1.04917836014833
"TVP23CP3",1.04869494608734
"RNA5SP352",1.04527071035249
"TRIM8",1.04492916639544
"LNCOC1",1.04438543337081
"STBD1",1.0441916528727
"UBB",1.04383137271779
"STIP1",1.04219246779307
"PRORP",1.04211036143128
"RTL10",1.04166984728785
"BOP1",1.04151901964216
"GABPB1-IT1",1.04147481061949
"FBXW5",1.04112702992656
"NUDT8",1.04084325844479
"SLC39A14",1.03974537834712
"RPL30P13",1.03969958765568
"GOLGA6L10",1.03969958765568
"CRYGS",1.03957468830108
"MIR193A",1.03934015310205
"RN7SL220P",1.03872306909255
"COP1",1.03854717188692
"THAP12P7",1.03704928051179
"SLC2A12",1.0362244058777
"CFAP20",1.0359518680787
"MAB21L2",1.03567858149826
"PNMA6A",1.03567858149826
"DOK1",1.03551796718912
"C8orf33",1.03541776390029
"CHTF18",1.03529627926899
"PPP1R3B-DT",1.03477814390674
"CEP20",1.03261323785563
"HDGFL2",1.03226930881991
"UBE2K",1.03112221892268
"HSPA1A",1.0305007178346
"JAM2",1.02956659405998
"CD7",1.02949525279242
"ALDH8A1",1.02948510334579
"NKIRAS1",1.02772368960923
"PSMB5",1.02679142608864
"FTLP14",1.02662809146147
"MACROD1",1.02610176740017
"LASP1",1.02510714245259
"PLOD3",1.02361339148507
"EMG1",1.02329313954687
"BRF1",1.0227747699118
"C10orf95",1.02256891174039
"SUV39H1",1.02205969802114
"BRD8",1.02175089857392
"USP32",1.02170507266513
"RPSAP61",1.02089432956465
"KLHL33",1.02063070729133
"DDX50",1.01987142982689
"ZNF772",1.01983602682562
"MRPL2",1.01930703815663
"RNA5SP33",1.01908980850053
"RN7SL825P",1.01861807973497
"XPA",1.01797951237263
"PEG13",1.01776809343144
"ZNF784",1.0172751264367
"SLC8A1-AS1",1.0171731365747
"NAV2-AS2",1.01692010926002
"MAFTRR",1.01673855141892
"TBL3",1.01665514696433
"SERTAD4",1.01653111364694
"SSH3",1.01576714052836
"HLA-C",1.01565007696041
"THAP9",1.01537153277037
"PWP2",1.01516756285956
"RPS2P46",1.0147584031772
"TRIM2",1.01472766031391
"CSRNP1",1.01426333306298
"SNORD3B-2",1.01359591114744
"ST20",1.01256175625215
"ZNF678",1.01240944558913
"CKS2",1.0123432549712
"EIF2B4",1.01233589760887
"RNF135",1.01198010441072
"YPEL1",1.01170441726601
"MRPL37",1.01085961901155
"NCKAP1",1.01037739986237
"RPS15AP6",1.0099951113327
"ANKRD44-AS1",1.00989661722635
"HERC6",1.00970856990462
"GMIP",1.00949485599281
"SHPRH",1.00940934827322
"PDZD11",1.00940780075852
"ACTMAP",1.00870264075271
"UGT2B15",1.00823667866689
"GOLGA6B",1.00823667866689
"RAD21L1",1.00823667866689
"UCKL1-AS1",1.00802249389469
"COQ2",1.00801536770805
"SPOPL",1.00777402140012
"MKRN2OS",1.00726895761463
"SUCLG1",1.00721954943636
"GON4L",1.00698265923246
"METAP1D",1.00697494695434
"CFAP54",1.00621996348488
"SETBP1",1.00621682833694
"HOXA-AS3",1.00477358987905
"PSTK",1.00407613210582
"PECR",1.00395880244166
"RAB4A",1.00336808234001
"GLTPD2",1.00177476886782
"INTS2",1.00172652360429
"FITM1",1.00144762514381
"AP5Z1",1.00132962258693
"NDRG4",1.0007650124609
"FRYL",1.0006963134725
"UBTF",1.00041411291061
"BMP4",1.00015175303992
"MDFIC",0.999703612391063
"RN7SL20P",0.999669509336754
"CASP4",0.999423548158122
"FUT8",0.999279955409884
"SC5D",0.999248751412293
"TMEM9",0.998366549674702
"ARPC3P1",0.998243612979224
"TRMT6",0.997912636579532
"RAD17",0.997407193862579
"LINC02606",0.99627401306436
"ZNF593OS",0.994875795791649
"SMPD4",0.994454017149767
"IER5L-AS1",0.994342706823815
"CCDC28B",0.993546993845322
"VPS26C",0.993206640953237
"BUB3",0.991453253996547
"IKBKB",0.991350167255082
"S100Z",0.991020786432156
"MIR6854",0.990663824855479
"NDUFA9",0.990421640966665
"CPSF4",0.98890634267887
"PYDC1",0.988884474130259
"DAAM2",0.987436870784812
"ROPN1",0.987426136184368
"SNORD3J",0.987426136184368
"TRIM28",0.986712789593933
"MYCBP2-AS1",0.986138654927712
"HCFC1R1",0.985131393466075
"CDCA7",0.984920827784029
"FOLR3",0.984906025484557
"METTL16",0.984499036078639
"SRL",0.984050139850755
"DTD1",0.983473536927797
"GALK1",0.983414890462644
"LINC01644",0.983162104810223
"LINC01030",0.981714788027892
"GEMIN8",0.981559719856863
"INO80E",0.981295419341472
"DAPK1",0.981058813970264
"XYLT2",0.980816888466328
"LINC01740",0.980676342836224
"GATC",0.980653428170077
"LLPH-DT",0.979912022233595
"PPP1R3B",0.978424477086332
"JOSD2",0.978290513512363
"CFAP44-AS1",0.977870106129074
"FABP5P1",0.977283580007873
"MTERF1",0.976565161111126
"OSGEP",0.976529206564196
"UHRF1",0.97619665305146
"REPIN1",0.975393733504435
"AK2",0.974827209180062
"IDI1",0.974635340870004
"C1QBP",0.974521055914216
"TET2-AS1",0.974146060204658
"CDC20B",0.973600136872184
"RPL4P3",0.973587402531024
"AKAP13",0.972950461096021
"MICB-DT",0.972713347433948
"KRR1P1",0.972476263257688
"TRAV26-2",0.972476263257688
"N4BP2",0.972202651020854
"C2orf81",0.971862304352936
"ZSCAN5A-AS1",0.971260547502837
"DENRP1",0.970922657091486
"CCT6P3",0.970681023842325
"LSM2",0.969163432589626
"MIR5194",0.968857418198099
"PXMP4",0.968823951229334
"DCK",0.968711191933609
"UBE4B",0.968634432318235
"ARHGAP11B-DT",0.968117675909429
"LAGE3",0.967843395582227
"RPS10P13",0.966877247064188
"BOLA2-SMG1P6",0.96665691237994
"SNX10",0.966315792913297
"GNL1",0.96587232962031
"GPM6A",0.964965225373169
"MMEL1",0.964144441304945
"PRPF19",0.963900629996746
"GPR157",0.963694498353594
"DENR",0.963197226252945
"PGAM1",0.962781094280788
"ACY1",0.962524267588558
"CDKN2AIP",0.962171192140824
"RAB1B",0.961417349288886
"PGLS",0.961061843868267
"MAST4-IT1",0.960361522496619
"TSPAN12",0.960024268689307
"TARDBP",0.958884946589537
"SIPA1",0.958347421698188
"TBC1D3",0.957853476290519
"PDE6D",0.95694447111813
"HABP4",0.955688530370205
"ATR",0.95528632525128
"ANKRD30BL",0.95521157426213
"LAT",0.955112392092953
"MIR5690",0.955062654723956
"MSL3",0.954698346275738
"TMC4",0.954577954663752
"LINC03107",0.953525265962614
"EFCAB5",0.953354465465676
"HMBS",0.953121404594185
"MTND4LP30",0.952499664439369
"RPS18P14",0.951439674726179
"IGKV1-16",0.951066161044245
"LDLRAD2",0.950277383807724
"TTC39C",0.95017104736074
"MYO1C",0.949722124422549
"TRAPPC6B",0.949716447140651
"PRPF3",0.948160582394307
"RNU1-61P",0.94671879805861
"TTPAL",0.946525863261806
"ZNF638",0.945920732526586
"MROH1",0.94538764490712
"RPL21P69",0.945194864056915
"MSRA",0.94518374643757
"B3GAT3",0.94490483502393
"TMEM9B",0.944455272940442
"SCO1",0.944113384722531
"GOLGA8K",0.943711486844079
"PEX10",0.943447101584646
"RNF111",0.943417480931111
"ACO2",0.943400847623252
"ARGFX",0.943290697666124
"MICA",0.942854145290642
"TRMT10A",0.94196259086546
"MYH11",0.941496006235823
"MCCD1",0.941071874215369
"TJP1",0.940843115100238
"GTF2I-AS1",0.940665201227891
"PHC2",0.940099066922435
"MGRN1",0.939956348293288
"DEPP1",0.939796531719488
"SHC4",0.939662965143129
"RABEPK",0.939603008113839
"SLC9B2",0.939546909192525
"KRCC1",0.939398679103668
"OR7E1P",0.939358199569519
"SIGLEC15",0.939337390653246
"IGKV1-9",0.938792870713539
"OACYLP",0.938792870713539
"ZMYND10-AS1",0.938646457422527
"SH2B2",0.938043943063421
"AIFM1",0.937936923723257
"GIHCG",0.937739596298651
"TMEM26",0.936874077630894
"SIRPAP1",0.936515780852756
"BACH1",0.936258301893472
"DAP-DT",0.936024057694401
"VAMP2",0.934749307622263
"SYNJ2-IT1",0.933572837067256
"NUTM2B",0.933572837067256
"CIB1",0.933230960966514
"NUAK1",0.933091506762008
"LFNG",0.933085463172412
"LINC02666",0.932942639050612
"ZNF236-DT",0.932631656376416
"TIMM9",0.932348927865057
"DBNL",0.932154267681024
"LINC02086",0.932124159587176
"TRIM13",0.931987479018171
"CICP22",0.931351470841988
"TLN1",0.93010979247292
"NHLRC2",0.928942404584598
"SLC38A9",0.928780836754216
"DMTF1",0.927986947802259
"LTBP3",0.927274670371345
"SYT3",0.927042091502786
"RPL21P86",0.926337790053987
"MRPL1",0.92611176449465
"DSG1",0.925750138930166
"YAF2",0.925675808669366
"SIK3",0.925147810605094
"LINC01333",0.924882028508568
"ALKBH1",0.924168262726505
"RAD50",0.924124723979424
"MARCHF11-AS1",0.923559182806218
"RFX5",0.923479908148303
"ARID1A",0.922987011101235
"PFN2",0.921123293965894
"ATG12P2",0.920928222830246
"GREM1",0.92080619051188
"SUPT20H",0.920578653933076
"FLACC1",0.920262302939318
"SNORA2C",0.919361637023921
"EHMT1",0.919271420441242
"TMEM131",0.919264555487021
"POTEG",0.918967786236324
"NCOA6",0.918510964905073
"DNAJC2",0.918254962705718
"LAP3P2",0.917584984544306
"SPART-AS1",0.917285146483433
"FDPSP2",0.916740071868331
"PKHD1",0.916584979203697
"BAZ1B",0.916261006267406
"SLC22A11",0.91604399685585
"GPRIN2",0.91604399685585
"HOXC-AS3",0.91604399685585
"SMIM29",0.915440353241522
"NKD2",0.91437304481606
"SLCO1C1",0.91437304481606
"EBI3",0.913876407086023
"POTEC",0.913542551020078
"LINC02554",0.913542551020078
"BMI1P1",0.91348757285865
"FAM50A",0.913277334221238
"PPIE",0.91212299997071
"ZNF224",0.911656836650085
"ELK3",0.911056753911172
"NAB2",0.909993390266632
"RRAS2",0.909464935372575
"MIR183",0.909345783737653
"NOX1",0.909345783737653
"KIR2DS4",0.909345783737653
"TYK2",0.909001438045112
"CIZ1",0.907951694190193
"IER2",0.907866312213218
"HIRIP3",0.907712778485647
"BRAF",0.907647958905173
"UBA1",0.90730881949343
"SLC25A5P5",0.906603638384149
"SNORA51",0.905409823805918
"ABCF2",0.905400656132019
"GNRH2",0.904857072023874
"WDR11-DT",0.903726673591718
"ARNT",0.903678883433082
"EEF1A1P50",0.903676825682471
"SYT14",0.903555447137322
"KAT6B",0.903516076659532
"ZNF662",0.90344238721507
"SLC20A1",0.90318872473682
"SPDYE18",0.902460866547109
"ZNF408",0.901484380751947
"CBX3P3",0.90126873373336
"RBM15B",0.899177631171952
"P2RX6",0.898970523903582
"JAKMIP2-AS1",0.898361058046049
"ST20-MTHFS",0.898273591869818
"GNG4",0.898193317085962
"NLRC4",0.898165350189544
"VAMP1",0.897839027634773
"RPL32P5",0.897588411345767
"CDCA7L",0.89642484770921
"ING1",0.896332676681806
"MIR553",0.895537146475312
"TIMMDC1-DT",0.893983145869185
"ATP10D",0.893368070133854
"NONOP2",0.892309534840125
"TIMMDC1",0.891294155640827
"PPP2CB",0.89114735409752
"ANKFY1",0.891129054371366
"LINC01678",0.889948367991956
"ARF6",0.889859588438622
"ERCC3",0.889783868341776
"AUP1",0.889331275853604
"GSN-AS1",0.889111017493369
"GCNA",0.888567839601646
"WWTR1-AS1",0.887974323335313
"SUDS3P1",0.887921511886731
"WHAMMP1",0.887586876313607
"SLC35G3",0.88743507779271
"DENND1A",0.887429844149833
"WNT9A",0.887236982691205
"RYR1",0.886799724735289
"PRAM1",0.88661936626895
"HSP90B2P",0.886463169772149
"DCLK2",0.886311237529164
"LINC01278",0.885999420697577
"HEY1",0.885762717044202
"ZMYND11",0.885423206286233
"PSMD10",0.884544625532562
"SPPL3",0.884448441936431
"TSHZ2",0.884298842290721
"MID1IP1-AS1",0.884250383188584
"TMEM160",0.88406622324426
"H4C13",0.882799377583141
"PMS2P9",0.882753491228817
"RPL36AP13",0.881788508975416
"PARP12",0.880992109610033
"SIDT2",0.880487601644761
"CORO7",0.880284813762932
"TTLL12",0.879418872978531
"P3H2",0.878490364515501
"FAM227B",0.878385485341414
"RAD18",0.877153577042318
"BLOC1S1",0.876324661664309
"PNRC1",0.875884280215242
"VIL1",0.875608146456674
"SNAP29",0.875035466644714
"LINC02656",0.874883105608847
"RPS19BP1",0.873778999459644
"CXXC4",0.873410699461402
"NPHP4",0.873224013138769
"EEF1GP5",0.872961188002299
"IFIT5",0.872320124022643
"NUP37",0.871248735152083
"SLC7A6",0.871210904273786
"TENM3",0.870956649831005
"YBX1P9",0.870834151062705
"MAGEA7P",0.870834151062705
"RNU6-574P",0.870834151062705
"MINDY1",0.870582798239651
"KLRG1",0.870384143155659
"CTBP1",0.87009169990214
"THOP1",0.869276949155392
"DDX60L",0.869000657683139
"PKD1L3",0.868871753452974
"ECH1",0.867899998131486
"RPS18P12",0.867553288679293
"SPPL2A",0.867190321254979
"FAM174C",0.866088676531458
"LINC02102",0.866012327584571
"OR4F1P",0.865986954375513
"MRPS33",0.86590575352415
"TRIP11",0.865779841499982
"RNF31",0.865194819491359
"SPIDR",0.864702849921051
"ACTR6",0.862003080611083
"DUS2",0.861638155247374
"NEU3",0.861526999529273
"FAM222B",0.86145867464435
"RNA5SP312",0.859902682067637
"NCDN",0.859900244433135
"PTK6",0.858810286439353
"MCCC1",0.858687075020684
"DARS1-AS1",0.858539291528171
"CR2",0.858108271525146
"LINC01804",0.858108271525146
"PCDHB16",0.858108271525146
"CD82-AS1",0.856121582961374
"FRMD8",0.855218432509639
"TRIM51JP",0.854918313913553
"RNF167",0.854881301900034
"ERRFI1-DT",0.854803984412325
"IFI30",0.853606590305457
"DPP9",0.853387295526193
"CEP19",0.851856922852961
"STPG1",0.848657274216966
"ERICH1",0.847792642288625
"EPS8L1",0.847547182530829
"MOCS3",0.847093529720529
"STX17",0.84702242578795
"FBXO32",0.84588617254143
"MED26",0.845753041805922
"CAMK2A",0.84560255142276
"SSNA1",0.845346328166944
"PSD2-AS1",0.845293150594011
"CCT7",0.845228930293402
"LPCAT2",0.845186166295564
"COA3",0.844898300867843
"RALB",0.844737723684258
"KDM4C",0.844263712771623
"ELK1",0.844249148862162
"TFEC",0.84412826988398
"PCF11",0.844056200939167
"HNRNPKP3",0.844030383301122
"METRN",0.844005190313207
"ZNF227",0.84382481434871
"NCAPD2",0.843779363652534
"NME2",0.843036079169704
"NPHP1",0.842950263319761
"PSMA5",0.84160127909649
"BLTP2",0.841566711255491
"SMG7-AS1",0.840669852662
"MYO1B",0.840436221124371
"PTPRT-DT",0.840428586782473
"EARS2",0.840342501479127
"SCRN3",0.840148765895585
"VWA2",0.840010461917499
"NAIPP2",0.839420127820871
"ARMT1",0.839290909515389
"FBF1",0.839204727888137
"NKAIN3",0.838123150279837
"FBXO48",0.837052190255963
"TCERG1",0.836929947701672
"PPIAP6",0.836615543299576
"SNHG7",0.836586027011403
"CCDC88C-DT",0.836264237837023
"PCGF2",0.835809489917484
"FAM168A",0.835746059004728
"ZSWIM6",0.83570730860137
"TNF",0.835060498390296
"TEC",0.834808295654348
"ZBTB20",0.834403238433481
"NOP9",0.834300004673505
"SNF8P1",0.834112848976651
"LINC03110",0.834007679715886
"EHMT2",0.832774326410604
"MAP3K3",0.832518961192329
"TERT",0.832324065652188
"DDA1",0.832054638121951
"FTSJ1",0.831825669328249
"ALG12",0.83179827519797
"TDRD15",0.831661206865194
"C3orf85",0.831661206865194
"RPL6P17",0.831661206865194
"NPSR1-AS1",0.831661206865194
"PORCN",0.831032753625104
"ENPP6",0.830180431993504
"BNIP3P10",0.830180431993504
"PSMF1",0.830167651365166
"POP4",0.829571422735874
"SFSWAP",0.828594977279012
"PLPBP",0.828201264678077
"NUCB1-AS1",0.828174969906979
"ARHGEF10L",0.827629493656538
"ANKRD17",0.827261029545635
"CHRNA1",0.827017929448652
"GPR137",0.826157105979521
"ARFGAP2",0.826025416944665
"SARM1",0.825967056321631
"LSM3",0.825727113925443
"PRCD",0.82508312067936
"TRAPPC3",0.824816399645337
"PHKB",0.824557694779034
"LMNTD2",0.824057018557504
"STX8",0.822053843524514
"ZDHHC11",0.820774630778757
"STAT2",0.820639502534919
"NR1H3",0.820545568977824
"SMYD3",0.820463732870655
"EIF4EP3",0.81942687156437
"PRSS48",0.81942687156437
"TUBGCP3",0.819030562386212
"RPL21P53",0.817194537776292
"LDB1",0.817127507564465
"NELFA",0.816710577068971
"SAMD4A",0.816407788419538
"BET1L",0.816364493504229
"RCC1L",0.81623267601947
"MTCO2P11",0.815989692335424
"PMCH",0.815218899174266
"IGBP1",0.814667797480434
"DHX32",0.814563114269559
"TP53TG5",0.814309399731672
"PHLDB1",0.814136226538673
"FUT10",0.813119464767363
"PDHB",0.811902782763809
"LONP2",0.811232384578032
"SAMHD1",0.811162947367036
"DNAJA2",0.810592853069377
"ICAM4-AS1",0.810520744807488
"OAT",0.810027840955166
"NUDT15",0.809886730161756
"OR2A1-AS1",0.809615439873922
"CD101",0.80873503153735
"GPX7",0.808296075701132
"FOXJ2",0.80827047509363
"EZR-AS1",0.808024785042972
"RBM17",0.807849011752445
"MRPL58",0.807447171418893
"SLC37A3",0.807187574261997
"TC2N",0.807069757065343
"SYNJ2",0.807044894323186
"MIS18BP1",0.806582550011491
"INTU",0.805784122956592
"BCL7B",0.80566805192188
"ZNF273",0.805634120879302
"MPST",0.805591054943356
"SDK1",0.805363674163692
"NAPA-AS1",0.80505279199024
"MSL2",0.804405704329295
"PNRC1-DT",0.804188388467655
"LIN9",0.803879750953928
"ZNF649-AS1",0.803771402186272
"AATF",0.803521609200332
"LAIR2",0.803376640411251
"SMIM27",0.803257597756973
"TMEM164",0.801437464404652
"RPS23P6",0.800965423051979
"PSMA1",0.800397711318882
"KALRN",0.799915821521463
"BABAM1",0.79875629709575
"LINC01301",0.798755256307009
"B3GNTL1",0.797564305556142
"USP50",0.797328392159598
"MEF2C",0.797290525685226
"HSPE1P13",0.796617344996966
"RPS3AP18",0.795767491630137
"GNG5B",0.795615560736351
"ACTN1",0.795578447456205
"IL15RA",0.795396418784248
"RBM38",0.795344593822427
"ETNK1-DT",0.794551626094449
"RAB42",0.794170878231607
"INTS15",0.793415772452879
"UBL7",0.793249364610814
"HOXA7",0.792550935296988
"GOLGA8VP",0.792317727464511
"SUGT1",0.792123008257662
"DARS1",0.792024019826822
"CMIP",0.791064900812965
"LINC00863",0.790698044031859
"CDC123",0.79019595704676
"SNED1-AS1",0.789910555891552
"NBPF19",0.789178047411903
"C3orf52",0.78799937944779
"GDF11",0.787993882189208
"WNK1",0.787441020685387
"TK1",0.78724689340119
"SLX1A-SULT1A3",0.786735158168028
"C1orf122",0.785935200230369
"CAP1",0.784972265889647
"B3GLCT",0.784971158508992
"DLGAP3",0.78449831237431
"CAMTA1",0.784417317884998
"CEP95",0.784358785846331
"HMCN1",0.783635588445382
"FAM200C",0.783550991568622
"MIA3",0.783232138918346
"REV1",0.783066232858392
"ATPAF1",0.782018559413717
"LINC00471",0.781892262283157
"SELENOKP2",0.781682773616156
"DRICH1",0.781682773616156
"ACTR3",0.781346578764621
"RPS27AP12",0.781323217353737
"EPB41",0.780856081593369
"NIPBL-DT",0.779136852969366
"HSDL2-AS1",0.779122386626802
"DUS1L",0.778409913404817
"NIFK-AS1",0.778157646049352
"GNG12-AS1",0.777913014876772
"TRANK1",0.777585895936483
"NFATC4",0.77757520218456
"PABIR2",0.777276739460305
"STPG2",0.776152183493
"DYNC1I2",0.775609540256887
"DEGS2",0.775367088184681
"SLC7A6OS",0.774706330926584
"TTC39A",0.773384673298924
"DENND2B",0.773289745039407
"PHLDB3",0.773040148531774
"SIGLEC11",0.772978574800297
"SERPINH1",0.772116858275942
"BCL2L13",0.77139387197076
"MARK2P18",0.771365825184048
"CEP295NL",0.771031384927032
"ZCCHC9",0.770837017905557
"CIBAR1",0.770766842365318
"TTI1",0.770617211205868
"RHOF",0.770477782640392
"ETNK1",0.770438678888175
"RNU7-9P",0.770416630137483
"DNAJA1P3",0.77010009718249
"PARL",0.769332155764793
"DNM1",0.769197493565114
"PER2",0.768602175594626
"TEX261",0.768518896416207
"COSMOC",0.767923275197705
"RNF170",0.767490373712282
"TRAPPC8",0.767145898791128
"NUDT16-DT",0.766598580467335
"GABPAP",0.76630581169904
"TRIM44",0.7662931295187
"IPO7P2",0.765449171120098
"RPL35P2",0.765423112291327
"NDUFAF3",0.764961292242164
"TPI1",0.764694754313935
"AADAT",0.764561874701154
"HNRNPM",0.764469834318661
"PLEK",0.764321030685949
"SLC20A2",0.764052400980956
"RASSF5",0.763084609078564
"NEDD9",0.762947623735145
"MIR6810",0.762296781498644
"OR4F21",0.762296781498644
"VASH1",0.762182573565475
"IER3",0.762163783094465
"FAR1",0.762049811888063
"CRYZ",0.76177492883243
"RPS6KA1",0.761403896661267
"GUK1",0.760587086291008
"CLTB",0.760496422123199
"SMIM15",0.759541892024318
"KANSL1L-AS1",0.759382089463335
"TAOK3",0.759376707180886
"PI4KA",0.759372599218172
"CHD6",0.759085264262869
"PMPCB",0.75852898317088
"CHRM4",0.75822888962045
"KLC1",0.757957656517493
"AVPR1B",0.757942061704387
"UTF1",0.756651231965432
"SUSD6",0.756478400504275
"LINC01128",0.756292997319065
"NUP62",0.755657647226311
"HEY2",0.755083694137671
"GNAZ",0.754928051111562
"ANKRD65",0.754729407495809
"STK16",0.754363396557961
"FKBP8",0.753916746637382
"JPT2",0.753207062434191
"SMARCA2",0.752806442048931
"ZNF142",0.752482395277929
"MAML1",0.752178244129808
"HNRNPA1P40",0.75211147374304
"MIR4742",0.7515938311075
"OSBPL10",0.751518581892629
"HPGDS",0.751398285735074
"AANAT",0.75095256419225
"RNU7-49P",0.750424748098964
"SNAP25",0.75033664458689
"LINC02660",0.750064302936234
"CERS2",0.749494076294233
"FAM192BP",0.74925420243361
"SHARPIN",0.748406781236383
"G3BP2",0.747966278750523
"TM9SF4",0.747897569053817
"IARS2",0.747418694764198
"AURKAIP1",0.746959776951365
"DPH1-AS1",0.746884319684116
"WDR54",0.746228082060762
"CC2D1A",0.745231314902879
"ATP1B3",0.745060827654648
"CCDC171",0.744972128270154
"RPS10P18",0.744509060021626
"MED21",0.744117304100291
"QRSL1P3",0.7440308300372
"SLC44A3",0.743816468567047
"UCP2",0.743458883184203
"TFB2M",0.743274744801747
"DOC2A",0.742988114908931
"SPIRE2",0.742412624190283
"RAB2A",0.741969137078922
"CDK19",0.741705003381589
"YKT6",0.740341015155606
"MRPS26",0.739040705520561
"ZNF574",0.739023239877826
"ERICH6B",0.737659126834839
"TRMT10B",0.737159442147463
"TAFA5",0.736758522095408
"EZR",0.736697460051916
"EPG5",0.735874956772572
"MID1",0.735754288405196
"TBX6",0.735708013544692
"ARHGEF38",0.735416902020431
"HSP90AA1",0.734974804184681
"SLC13A4",0.73484590692934
"CLNK",0.734231772548723
"TELO2",0.734217210801934
"UBXN6",0.733997627231924
"AREL1",0.733198318080924
"STK32A",0.732456923562456
"ATF2",0.731961201799631
"UTP3",0.731924714582461
"TRIM27",0.731901549008364
"PGM2",0.731694609837228
"MYO1F",0.730272200754136
"PTPN7",0.729462930772844
"PIN1",0.728621577038928
"TRIOBP",0.728592273193075
"MAGED1",0.728364466593889
"YBX3P1",0.728037363211383
"IBTK",0.727398796216439
"HECTD1",0.727315283171919
"ACADVL",0.727210215604266
"SLX1B-SULT1A4",0.72708902823345
"HNRNPKP2",0.726416186590056
"ATG4B",0.724897639003189
"PLXNB2",0.724891859698501
"AGA",0.724849984621857
"ILK",0.724020506933202
"LINC01405",0.723556322306118
"PHGDH",0.723546822776883
"MED13L",0.723422242585925
"HSPA1B",0.722782344414814
"ZNF892",0.722677633073636
"RNU7-111P",0.722515865612256
"RGSL1",0.721979011832254
"CRK",0.721208231015368
"SRSF9",0.720190091578353
"NANOS1",0.719745076659827
"SNORD4A",0.71923842512768
"FMN2",0.718879999115127
"SNRPEP4",0.718813228138685
"WAPL",0.718650828941714
"MMP25-AS1",0.718404700104509
"ZNF335",0.71782478623216
"RCOR3",0.717355041753675
"BTNL2",0.716715608851264
"METTL8",0.716367636375179
"RPIA",0.716363819019667
"PLPP1",0.716281503620776
"FBP2",0.715808179095148
"RABL3",0.715361189659031
"KDSR",0.714740602660664
"DENND5A",0.714684000407283
"FOXD1-AS1",0.714518401299011
"HINFP",0.714482713192234
"LAPTM5",0.714178698243367
"RSF1",0.714152470051472
"DHX8",0.71378656354236
"MAN1A1",0.713662983993334
"RN7SL656P",0.713612950784593
"RNA5SP47",0.713278860272887
"FAXC",0.713278860272887
"LINC00518",0.713278860272887
"VGF",0.713278860272887
"MDGA2",0.713278860272887
"FAM171A2",0.713278860272887
"IGKV1D-37",0.712862226773678
"POT1",0.712781567760627
"POLD3",0.711342198097651
"PXK",0.710694493041939
"RGPD2",0.710458501898839
"TLN2",0.709242576493707
"PPP1R16B",0.709057399088489
"STK38",0.708642961995411
"ASXL2",0.708279304467705
"ZNF225-AS1",0.708233191780749
"BANF1P3",0.708173643108297
"TBC1D9B",0.708037756345484
"TIAL1",0.708036969245725
"CFH",0.706567496934564
"GNB2",0.706236577382684
"SMAD5",0.706069542572937
"FERMT2",0.705998459279233
"EPN1",0.705987144999479
"ARHGEF12",0.705799245528374
"STAT4-AS1",0.705761400170329
"MAP2K1",0.704606296185124
"TBCD",0.704488600692916
"CLDN12",0.704315872153137
"ABHD16A",0.703943005561135
"VEZT",0.703502617424456
"ITGB2-AS1",0.702651810068141
"NUP35",0.70220224362111
"SLFN11",0.702001690192619
"BLMH",0.701867297087203
"RPS5",0.701514221201731
"ORC6",0.700728770978149
"GIRGL",0.700400526752401
"CPB2",0.700331835142719
"PTGS1",0.700319548841459
"BAD",0.700179364459014
"WNK3",0.700162169403343
"BBLN",0.700089066634242
"KANK3",0.699840961102834
"LETMD1",0.699743576186986
"EIF2B5",0.699706052055726
"SLC22A15",0.699557098508018
"ZNF280C",0.69950344484731
"GPR37",0.699392356635918
"KIF7",0.699392356635918
"DNAJB5",0.699222622232729
"COQ4",0.698549756296043
"RARS2",0.698529866849026
"ADPGK",0.698453452874122
"ZNF827",0.698118530578975
"BBIP1P1",0.698096862434923
"QPRT",0.697827218616303
"GALR2",0.696636253581576
"ACSBG1",0.696382047278683
"MCEE",0.696252609800885
"NUB1",0.694880423577602
"GNG12",0.694803996366605
"EIF1P4",0.694715718311914
"NALCN",0.694504740774001
"NCOR1",0.693631352956719
"ZNF257",0.693034299971178
"CPOX",0.692987012235013
"ZNF691",0.692974764573017
"EIF1P3",0.691960015669135
"PAPOLG",0.691628207897746
"CAMK2D",0.690532236046589
"TMEM45B",0.690526466915083
"LETR1",0.690522337843137
"HECW1",0.690288450289551
"CNN3-DT",0.689649790066573
"RHOBTB3",0.689624050596808
"CNIH3-AS2",0.689587262881353
"TRO",0.68927005207412
"ABCB10",0.689155418092722
"ARMCX3-AS1",0.68858711720766
"SMAD6",0.68841229666701
"ZZZ3",0.688378203424485
"LNROP",0.688311479345735
"CTNNA1P1",0.688283806481305
"DESI1",0.688273296924941
"PTPRJ-AS1",0.687962619645975
"RNA5SP285",0.68669792360141
"MIR29A",0.686613247654211
"RNPEP",0.68652863491607
"RIPOR3",0.686521637864751
"CKS1BP1",0.685597776973343
"FAM230A",0.684982971421456
"DNAJA1",0.684981502240153
"LOXL2-AS1",0.684101878723671
"FDXACB1",0.683892175351363
"COPS4",0.683707590158845
"MED13",0.683491279679028
"PIK3AP1",0.683114261060566
"GOLPH3",0.683024828923041
"TNPO1",0.683021812029086
"MACROH2A1",0.682939292786762
"N6AMT1",0.682596997412628
"MIER3",0.682475315107183
"RNU4-54P",0.682114339718828
"TTN",0.681716552938992
"RNU6-553P",0.681585222267273
"MIR579",0.681585222267273
"KITLG",0.681585222267273
"TRAV35",0.681585222267273
"MFSD1P1",0.681585222267273
"LINC03057",0.681585222267273
"METTL25",0.681578988114892
"BCL2L12",0.681395458312772
"TJP3",0.68108444047552
"ITPA",0.679642275760146
"PITHD1",0.679454420060756
"NAP1L5P1",0.679157916756864
"TMEM97",0.678906897954792
"RFPL1S",0.677856842957056
"RSPH1",0.677464226657075
"LMCD1",0.676898953412626
"ZBTB7C",0.676640831474659
"NOP56",0.676472027749807
"TMEM39B",0.676075815906569
"SETD4",0.675993365238516
"RNU6-212P",0.675900676193649
"WDFY2",0.67529989826939
"PDP1",0.674657204962635
"FRG1-DT",0.674337405937132
"PLXNA1",0.673732557354623
"PDHA1P1",0.673126631955745
"WHSC1L2P",0.672916454112741
"NENFP1",0.672346066359545
"RNU6-789P",0.672346066359545
"SHQ1P1",0.672346066359545
"SNORA59B",0.67216024222144
"TRGV5P",0.67197311417719
"STK35",0.671911893680308
"LMAN2L",0.671889104589663
"ATP2A1-AS1",0.671550961805506
"FKTN",0.671317076572612
"GADD45G",0.670582948947637
"MTCO2P2",0.670460099380304
"NPIPB13",0.669848837040734
"ABHD17B",0.66960151586125
"PITX1-AS1",0.669325513037443
"DCAF10",0.669227004528163
"NUP210L",0.669066791497528
"VPS13C-DT",0.668932170650896
"PDE4B",0.668793509696909
"RNU6-1127P",0.668409248958831
"MPG",0.668060929652165
"SCAI",0.667542868005115
"KRT8P47",0.667284597045732
"RPL36P3",0.667284597045732
"TXLNA",0.666835857815966
"LRRN4CL",0.666412445406914
"LMOD1",0.665401970602017
"LINC01250",0.665401970602017
"LINC02261",0.665401970602017
"ELAVL1",0.665364257107265
"ENDOG",0.665205106654027
"FES",0.664873160266343
"NKAPL",0.664625659516222
"PRXL2B",0.6634866838976
"IFT27",0.663267143883402
"GTF3C2-AS2",0.663239093509348
"MARCHF2",0.66289195718682
"OGFR",0.662623782291992
"TACC3",0.662485842468087
"IGHV3-30",0.662370579561439
"ARHGAP44-AS1",0.661720046497558
"DEPDC4",0.661714951298574
"HK2-DT",0.661500696584132
"TMPO-AS1",0.661287630776319
"DSTNP1",0.661097568014358
"KYAT1",0.661000075075727
"PMM1",0.660914471377466
"NUTM2D",0.660732957962674
"FXN",0.660552849620443
"CYB5A",0.659800998726714
"COL11A1",0.659700211955996
"HSP90B1",0.659691090145974
"H2BC9",0.659638597200422
"PDZD2",0.659611389247107
"RERG",0.659336308934695
"DYNC2LI1",0.65933307494814
"CD177",0.659111107643925
"BTBD9",0.659098159377087
"NDUFAF6",0.658944039056025
"CLDN5",0.65828375409408
"DNMT3B",0.658279305804107
"ELF3",0.658134497407431
"EIF4EBP3",0.658081160719295
"COX19",0.657584323715281
"CTH",0.657399790464475
"FDPSP3",0.65736608584697
"F2RL2",0.656507458809329
"RN7SL34P",0.656086312786025
"LINC00987",0.655744806578995
"ARHGAP35",0.655371397828623
"SLCO3A1",0.654433367113956
"DOCK9",0.653796775433284
"RPL36AP11",0.653595144254288
"MYBL1",0.653226665439064
"NOP14",0.653193753250522
"MIR3945HG",0.653106218447542
"NRDC",0.652888305929477
"GPATCH11",0.652745285073101
"KLC2-AS1",0.652091788710444
"IGFBP7-AS1",0.652077001961374
"LPP",0.651814551434808
"CDK2AP1",0.651675984994956
"DNAJB5-DT",0.651619450650326
"ATP23",0.65092994880621
"FAM47E",0.650758330225371
"NLRP4",0.650419291724255
"ABT1",0.650416354501255
"NIPAL2",0.650043258581319
"CROCC",0.64985725317678
"KANSL1L",0.649673649631402
"PTOV1",0.649642403492167
"PPP4R3B-DT",0.649545154161391
"MLECP1",0.649518930292238
"SETD3",0.649175316711037
"PCYOX1L",0.648911791320219
"DNAAF2",0.648620249049536
"DUSP4",0.64828793119127
"HHIP",0.648153464136018
"DMRTA2",0.648115254761135
"CYP2T1P",0.648115254761135
"SPINDOC",0.647966681220155
"CARD8",0.647273926130806
"POLR1G",0.647124900217397
"TMEM120B",0.646574001618438
"GTF2E2",0.64620353085128
"ANKRA2",0.645881756516553
"MCMBP",0.645668918466161
"POC1B-AS1",0.645593430375634
"VHL",0.645388980939257
"DMPK",0.64530914086409
"PLXND1",0.645021333724664
"SLC2A1-DT",0.644435785777252
"PCNX4-DT",0.64419858184337
"GAPDHP62",0.644087620858863
"GTF3C4",0.643993439450328
"PINK1",0.643901736750138
"TMEM176B",0.64364040102281
"RNU7-160P",0.643284646154737
"USP37",0.643069139442905
"UBASH3B",0.642735948143339
"ZNF121",0.64268307108319
"ACTN1-DT",0.642374983336756
"ZSCAN1",0.642322429804386
"UQCC6",0.641947428211657
"UPK1B",0.641736617710984
"GOLGA7B",0.641530014974491
"ABCC8",0.641163515564082
"IRAG2",0.640967876308517
"KDM7A",0.640954465994496
"ZNF850",0.640809511245623
"OR7E4P",0.640419027950922
"EIF2AK1P1",0.640070982764092
"RNU6-415P",0.639948084369927
"MAP3K4-AS1",0.639838689903999
"MRPS21",0.639526520251989
"TCAF2C",0.639517626000264
"LINC00850",0.639197145668211
"TMBIM4",0.639180715966039
"LYNX1",0.639130629832065
"POLDIP2",0.639125245585154
"CEP131",0.639110323345695
"KIFAP3",0.639053715371314
"EID1",0.639020184617141
"ZNRF3",0.638843461080982
"TFPT",0.638616265067636
"PTBP3",0.638518062299913
"ASB10",0.638288804410232
"PKN2",0.637970457823903
"XPO6",0.637513987392168
"SIRPA",0.637413686797189
"GACAT1",0.637308111483443
"SEMA3B-AS1",0.637287240983848
"CCEPR",0.63713774885171
"NSMCE2",0.637032230265747
"RPS5P8",0.636898153466753
"LPO",0.636789823096546
"LINC01345",0.636725628190797
"CFAP20DC",0.636725628190797
"PALM",0.636725628190797
"INO80",0.636638468058409
"PARP11",0.636623453559516
"ACOD1",0.636574278074397
"WNK4",0.636178416549938
"NGF",0.636058241052742
"MTCO1P48",0.636058241052742
"FOXL2NB",0.636058241052742
"NPM1P36",0.636058241052742
"HAS2-AS1",0.636058241052742
"RNU6-492P",0.636058241052742
"INSL4",0.636058241052742
"TMPRSS5",0.636058241052742
"OPCML",0.636058241052742
"LOXL4",0.636058241052742
"PDE3A",0.636058241052742
"PCDH8",0.636058241052742
"LINC00382",0.636058241052742
"MKRN3",0.636058241052742
"GSG1L",0.636058241052742
"CLEC18B",0.636058241052742
"ONECUT2",0.636058241052742
"LINC00668",0.636058241052742
"CGB8",0.636058241052742
"STAT5A",0.635778598616443
"CD36",0.635405724443432
"EEF1A1P24",0.635233625481725
"RNVU1-2",0.63452720121516
"SEPTIN3",0.634396226819966
"STRN4",0.634044163886093
"MRPS11",0.633923894431741
"RRP9",0.633568284556618
"HECTD3",0.633198535931997
"LMX1A",0.632890633769592
"DPY19L4P1",0.632890633769592
"MIXL1",0.632890633769592
"NCMAP",0.632890633769592
"HYDIN2",0.632890633769592
"LINC01783",0.632890633769592
"ERFE",0.632890633769592
"OR5S1P",0.632890633769592
"SPEG",0.632890633769592
"SIX3-AS1",0.632890633769592
"RTP1",0.632890633769592
"KY",0.632890633769592
"ALDH1L1-AS2",0.632890633769592
"NECTIN3-AS1",0.632890633769592
"ASS1P8",0.632890633769592
"SLC25A48-AS1",0.632890633769592
"LNCDAT",0.632890633769592
"OR2P1P",0.632890633769592
"RPS6P7",0.632890633769592
"ERVW-1",0.632890633769592
"TRIM50",0.632890633769592
"LIMK2P1",0.632890633769592
"VENTXP5",0.632890633769592
"KCNT1",0.632890633769592
"WNK2",0.632890633769592
"LINC02735",0.632890633769592
"DDX25",0.632890633769592
"SH2D4B",0.632890633769592
"ANTXRL",0.632890633769592
"KLF17P1",0.632890633769592
"LINC01198",0.632890633769592
"GOLGA6L7",0.632890633769592
"GPR176-DT",0.632890633769592
"MIR1910",0.632890633769592
"SOX8",0.632890633769592
"DOC2B",0.632890633769592
"LINC02091",0.632890633769592
"LINC01894",0.632890633769592
"APCDD1L",0.632890633769592
"LBP",0.632890633769592
"GNAS-AS1",0.632890633769592
"LINC01427",0.632890633769592
"CIMAP1D",0.632890633769592
"PSG1",0.632890633769592
"TERF2IPP1",0.632890633769592
"LINC01521",0.632890633769592
"LINC01424",0.632890633769592
"DBF4P1",0.632822207602075
"H3P12",0.632379624181138
"RPS10P3",0.632137767419402
"NARF",0.631830355212006
"CYRIB",0.631569991875374
"NUDT3",0.631529522568262
"MRPL11",0.631153047816533
"PATE2",0.630789257396008
"LNCPRESS1",0.63075034658637
"RPS3AP20",0.630663133494435
"SF3B5",0.63055922046086
"SCARNA20",0.630405686885315
"PCED1B",0.630204307913162
"CRIP1",0.630047571966432
"SIL1",0.629838861124673
"MRPS27",0.629790528299275
"SLC25A12",0.629641999845511
"MINK1",0.629596021971423
"BTK",0.629314920494161
"ZDHHC16",0.628993824339583
"SPATA22",0.628292200810555
"GFUS",0.627635524393142
"HMGN4",0.627111760229317
"MT-TS1",0.626912037258744
"GPR176",0.626881570956989
"GJD4",0.626854387326641
"EPHX2",0.626843400413094
"MTND5P14",0.626554640380903
"KRT18P7",0.626554640380903
"TASP1",0.62560981458989
"ZKSCAN3",0.625467027410692
"MAGI2",0.624959158707683
"NIPSNAP1",0.624750068233311
"ARPC2",0.624388464908745
"HIKESHI",0.623673225808459
"LINC02883",0.623097022690515
"SVBP",0.622599800202975
"CABP7-DT",0.62244839280483
"TULP3",0.6220952917568
"GLG1",0.621789311651766
"ABCE1",0.620902080051055
"MIR28",0.620579802293879
"RXRA",0.620382781605063
"CCT8",0.620325312020593
"SASH3",0.620254198023899
"RNU6-268P",0.620227860874111
"PIP4P1",0.61991761270571
"GABRB2",0.619827763903886
"C2orf49-DT",0.619601194030263
"CHMP5",0.619516898364526
"PHACTR4",0.618710622100662
"GPS1",0.61862179959515
"CSNK2A1",0.618462975406086
"TMX2",0.61812135877263
"FGFR4",0.617303622555995
"TMEM269-DT",0.616984047044037
"ENKD1",0.616729124886741
"NPRL3",0.616266494731507
"CENPK",0.616198455654676
"KCNH7-AS1",0.616062757126188
"ADCY9",0.616025993698722
"GPR42",0.615444049454543
"CACNA2D4",0.615345827498557
"CSRNP2",0.61467013023226
"RBM43",0.614383132299955
"HSPA5",0.614376085284999
"FAM32BP",0.614233496086113
"HNRNPA1P36",0.614215116985934
"OGDH",0.613993870676993
"LAMC3",0.613870929392027
"HSH2D",0.61369393547125
"KCTD3",0.613454129748988
"HLA-DOA",0.613084876440758
"TMEM218",0.613074260167392
"MED18",0.612595815301807
"LINC02806",0.611818660935295
"ADRA1B",0.611818660935295
"BAIAP3",0.611444849909922
"LINC00996",0.611244739817543
"CYB561A3",0.611216058333936
"SERPINF1",0.611110657629227
"TGFB2",0.610985560590717
"ELL3",0.610700264731908
"IGBP1-AS2",0.610344810274864
"SLC25A44",0.610077586588146
"FHIP2B",0.61002018515941
"GLO1",0.609532794359609
"USP19",0.60919704696523
"EWSR1",0.60870169466266
"RPSAP48",0.608480879432
"NEPRO",0.608479344634415
"C1orf21",0.608131547256569
"PLEKHA7",0.607756627166513
"NT5C",0.607622109397394
"ACTN4",0.607400040993744
"RBM4B",0.607207182289995
"CRELD2",0.606153321349738
"EME2",0.605915253162423
"MDN1",0.605692699792801
"RNU4-5P",0.605314787429102
"ANXA3",0.605298399502758
"CEP68",0.605070852025251
"RFPL1",0.604510315890778
"KIF22",0.604100269606361
"APC2",0.603437941470196
"GART",0.602823265259179
"TOLLIP",0.602221059727324
"KCNMB2-AS1",0.602175490508315
"SNRPGP15",0.602168046046163
"CCNG2",0.601782620195617
"MAPK11",0.60077086300656
"AASDH",0.600680180466408
"ITGB3",0.600357843526409
"TIMM8A",0.600250399707429
"PRXL2A",0.600028340561992
"MGAT2",0.599249575733562
"FRG1GP",0.599238292250259
"KIF19",0.599131131314338
"NR4A1",0.598927565140156
"ARVCF",0.598813119560182
"CDK16",0.598558405389578
"FRG1",0.598032979039548
"DYRK1B",0.59780867974091
"CDK13",0.597806455397945
"TRGV4",0.597757289665734
"COMT",0.597306020194582
"SNORD56B",0.597120532373373
"GMCL2",0.596477515182824
"ACAP1",0.596089370358982
"RTCB",0.595845213991158
"TNS1",0.595693449612255
"VLDLR",0.595165818186884
"CSDC2",0.594915443918234
"DPF3",0.594333638075622
"MORC2",0.594248433402036
"MRPS23",0.594103210874143
"LBHD1",0.593430767086799
"MINCR",0.592457111396079
"CBLIF",0.592387921757211
"VPS39",0.592095937036536
"CCDC82",0.591822952574891
"ATP2C2",0.591810713842147
"GGT5",0.591385130855452
"CST7",0.591063911180777
"RNU2-28P",0.589792219067633
"HAX1",0.589589328347075
"PTGES3",0.58945262292196
"MROH9",0.588760177226337
"SESN3",0.588204693773333
"BMPR2",0.588005758191666
"SEMA4D",0.588003557967696
"SPI1",0.587421633969596
"PRKCZ",0.586945129256538
"KIAA1958",0.586031732300109
"ASXL1",0.58599697327065
"USP7",0.585798537783227
"ITGAL",0.585622652143408
"CRKL",0.585597421710353
"RUFY1",0.585511557798463
"MCRIP2",0.585387122807242
"CDKL5",0.584996598067644
"DVL3",0.584929162980754
"RPL3P3",0.584789746030137
"TSTD3",0.584491000461651
"IDE",0.583909345518069
"ULK3",0.583468732533416
"LINC01275",0.583220577615651
"FAM66B",0.583101870942632
"ABHD10",0.583049222716066
"CAPN10",0.582353437117608
"ANKRD26",0.581985474700203
"HMGB1P8",0.581509768694953
"CD2",0.581346173762568
"NUMB",0.581126535123652
"ISY1",0.581124164690524
"TUT4",0.580923509299527
"TCF20",0.580400586863483
"PDGFB",0.58024619061001
"GPC2",0.578671749909234
"C6orf89",0.578089019321488
"GPRACR",0.577284088408504
"CCDC124",0.577218269593507
"ZNRF1",0.576789688799133
"HSD17B4",0.576634209882933
"ANKS4B",0.576466694347202
"PPIAP74",0.575871651892261
"ZNF76",0.575709909460415
"SPRYD7",0.575455645913011
"QDPR",0.574602332985721
"LINC01615",0.574437904615377
"GPR180",0.574224464138278
"PGAP6",0.574183249118863
"RNU4-51P",0.573789199092474
"TNFRSF21",0.573164736832999
"CFAP298",0.572710186121816
"SMASR",0.572651946019963
"ARRB1",0.572275013851889
"MFSD4A",0.572274590321882
"NDUFB3",0.572185141219968
"MRPL43",0.571970221696646
"WWC2",0.571590035119588
"LINC01666",0.571214998884902
"TIA1",0.571059536701676
"AP1G2",0.570819426577779
"CAB39L",0.570797925698722
"RPS6KB2-AS1",0.570625031449894
"SLC9B1P4",0.570307370550594
"UNC93B1",0.569838462419215
"BIRC6",0.569632619253124
"ZDHHC24",0.56933888321961
"TRAF7",0.56892562666829
"ZNF442",0.568710389098631
"EFCAB13-DT",0.567911791798587
"CYREN",0.56774158310026
"SEC13",0.567435905049959
"BIK",0.567066804567732
"MIR718",0.567064938551138
"TRAPPC4",0.566898362931563
"FUT11",0.566762464572666
"STX1B",0.56643308267012
"TMED8",0.565963706771092
"URB2",0.565644292834616
"ACBD6",0.565457850562661
"CENPT",0.564999624368317
"TNFRSF18",0.564913607462979
"SELENON",0.564738427958078
"PPP2R5B",0.564659218824698
"CRTAC1",0.564614578614119
"LINC01273",0.563917038522014
"ATF6",0.56364960352509
"SCLT1",0.563623450456008
"PABIR1",0.562174479722594
"EEF2K",0.561917228437271
"SEC23A-AS1",0.561889343726878
"TRAPPC1",0.561181224874826
"ADGRE5",0.560724639235711
"EMC4",0.560485071219503
"INTS14",0.560409376289235
"MTHFSD",0.560304049581854
"TBC1D1",0.560186674391267
"ARHGAP26-IT1",0.560085992983212
"HDAC1",0.559944513410604
"RBM14",0.559099886482505
"RFC2",0.558978734329746
"PSMC3P1",0.558875075819845
"TSC22D1-AS1",0.558797351069996
"PHPT1",0.558473423277012
"CNOT2",0.558262774485982
"ZNF439",0.557895533146198
"MIF4GD-DT",0.557549683924918
"ATP6V1E1P3",0.5569885152557
"ARPP19",0.556822938168981
"PKNOX1",0.556518213143273
"FRMD4B",0.55646211110163
"IMPDH2",0.556153229709852
"RPL7L1P14",0.555626969501234
"DDX23",0.555400789761699
"PMFBP1",0.555353242087408
"DOK5",0.555266473133452
"ZFPM1-AS1",0.555142151931285
"PRRC2C",0.555097427427672
"RECQL5",0.554823496172076
"NUP42",0.554401493120898
"CTAGE4",0.554395956472574
"OR52P1",0.554395956472574
"AK9",0.553918001711797
"SORL1-AS1",0.55314929811484
"GRHL2",0.552867413880118
"WDR45P1",0.552567084664978
"BUD23",0.552249115962821
"KANSL2",0.551773758824491
"FBXO45",0.551727831954815
"NQO1-DT",0.551150819017099
"HNF4G",0.551021214109177
"RECQL",0.550996080446165
"ARFIP2",0.550795345306152
"CDC37L1",0.550162722636192
"AARS2",0.550101427331417
"UBBP1",0.550053070959381
"UVRAG",0.549980841788793
"ADAMTS17",0.549482652925213
"TSR3",0.549062605968247
"HMGB1P1",0.548933197513861
"GABRG2",0.54875557877369
"MIR1277",0.548453801404442
"TM9SF2",0.547840021537975
"HDAC7",0.547049294730662
"TP53RK",0.546952675047032
"IDH3G",0.546909738539767
"POLR2E",0.546760155021229
"CHMP2A",0.546672877738797
"GGCT",0.546657952376798
"GNB1",0.545901344090747
"PIGT",0.545080839389447
"ALKBH4",0.544388352262015
"HAUS4",0.543644835534534
"AK3",0.543600182645298
"MCCC1-AS1",0.543583180750597
"EIF4E2",0.543343721546746
"SEPTIN4-AS1",0.543090734997971
"COMMD8",0.542586710943982
"KCNMB1",0.542194056596069
"PARP4",0.541913544374065
"POLR3A",0.541816494784255
"TOMM40L",0.541392264011483
"DDX42",0.540656466084121
"REL-DT",0.54053430143365
"SPSB3",0.538499780240156
"RNASEH1-DT",0.538302261584245
"RPL32P16",0.538241541723048
"TGIF2",0.537336536159065
"RPL27AP5",0.537285198435258
"PLCD4",0.53719026717798
"DMAC1",0.537014654944214
"GTPBP2",0.536694290452268
"SLAMF1",0.53656809396172
"SCN1B",0.535602545358788
"SCNM1",0.535492202632766
"SNX10-AS1",0.535488500902224
"ZNF525",0.534954161651948
"ZNG1F",0.534323637162993
"CKAP2",0.53429490154249
"SF3B2",0.53393844024073
"GUCY1A1",0.533834310898153
"BBOX1",0.53373131543756
"VPS52",0.533640824846845
"AMFR",0.53340933309462
"ALDH3B2",0.532897611776325
"CEP112",0.532452955799409
"CLNS1A",0.532245318723601
"POLB",0.530973541868641
"RN7SL440P",0.530266092022314
"ZSWIM8-AS1",0.530266092022314
"FKBP15",0.530191094667954
"ADAP1",0.530002322546231
"DNAJB1",0.529722900587644
"SLC25A11",0.529277612735212
"MESD",0.528796708340743
"KIAA0319L",0.528687157685624
"EIF2A",0.528586083208775
"CLSTN2",0.528456599074977
"GRIK2",0.528318058042201
"TRIM39",0.527481323671685
"PODNL1",0.527222853236064
"DYNC1I2P1",0.526840154922807
"CHGA",0.526680700776422
"ABHD11",0.526514150538945
"EIF4HP1",0.525777502746545
"CYYR1",0.525432071066751
"AHCY",0.525423670417577
"TRIM21",0.525194864364646
"RBM25-AS1",0.524661512988808
"EPHA2",0.52461865833522
"SLC35B2",0.524349833698287
"CICP5",0.524267999550925
"GTF3A",0.522982515999274
"BCL7C",0.522820041997654
"OPRD1",0.522703904971122
"CISD1",0.521764419647339
"SNORD38A",0.521639578432569
"ELMO1",0.521601141397406
"TRDMT1",0.521298432637717
"STUB1",0.520662406346119
"ADSL",0.520428638720647
"SH2D2A",0.520345795798178
"TIMM21",0.52005227086098
"GTSF1",0.519577071466755
"ARL4AP5",0.519486167492481
"NAPB",0.518919835214096
"PEF1",0.518614208380896
"RPL13",0.518554402654238
"TPCN1",0.518477369956753
"FLVCR2",0.518394469542178
"CATSPERE",0.518101229014247
"ZNF148",0.518021197403347
"TXNL4A",0.517881893299158
"TRAPPC13",0.51781422706053
"LINC00398",0.517083029832708
"CKLF",0.517081987457882
"SRSF7",0.516930449450003
"NEK7",0.516824491213116
"DCTD",0.516175007667825
"P2RX7",0.515953136082149
"FNTA",0.515052049437624
"PPP2R1B",0.515045117588496
"LRRD1",0.515009126563212
"NOD2",0.514918471022073
"CA2",0.514629281592011
"CPA3",0.514612668814281
"UTS2",0.514541991635971
"LINC01934",0.514437630376557
"TES",0.514387809300421
"NDUFA4L2",0.513714455226755
"PPP2R5D",0.513691144709076
"UBE2NL",0.513465152161929
"SNORD3C",0.513255648988895
"LINC00237",0.513234922359518
"TP53BP2",0.512936238616181
"SNX2P1",0.511798891621359
"POLR3K",0.511490986327152
"CCDC142",0.511422499809976
"RRAS",0.511134007647335
"XRN2",0.510913163395746
"IGLJ7",0.510805975025613
"RPS7P2",0.510505834923762
"RNU6-591P",0.510505834923762
"AURKA",0.510332323464621
"SLC25A19",0.510274410464
"FASN",0.509802364535923
"OR4F28P",0.509011806358771
"MIR4432HG",0.508798263699863
"RPRD1A",0.508741467805983
"NDST1",0.508707506519913
"TRA2B",0.508470873710906
"CUL1",0.508318948621788
"NAP1L1P3",0.508118033744186
"PPP4R2P5",0.508118033744186
"TMEM185AP1",0.508118033744186
"FLOT1",0.507697617679412
"RN7SL683P",0.507623341979887
"ATP5MF-PTCD1",0.507321443847396
"COG8",0.507027374190862
"KBTBD6-DT",0.506999252707379
"KIF3B",0.506805062846608
"ACAT1",0.506697511424949
"TOR1A",0.506528100919571
"GPR68",0.506456632091458
"PTS",0.506422830431131
"ASPSCR1",0.506361964166365
"RN7SL513P",0.505787013008412
"FOXN3",0.505724496249537
"LINC02690",0.505701535730836
"IRF8",0.505680743590271
"ILF2",0.505647363079292
"MOCS2",0.504705620528222
"DNAH6",0.504075667188305
"DAZAP2",0.504055275307054
"SPDYE7P",0.503212164885918
"PCA3",0.503107042487947
"C7orf25",0.503009678856855
"CYCSP40",0.503009678856855
"CD33",0.502763626997425
"MTHFS",0.502589767239472
"PSMC3",0.502542299000552
"TLR3",0.502107887735043
"CD300LB",0.50200137845596
"TMEM86A",0.501951277514612
"PGS1",0.501715918668362
"TFAP2D",0.501690963035407
"SUN3",0.501690963035407
"NXPE2",0.501690963035407
"HABP2",0.501690963035407
"RNU1-65P",0.501690963035407
"CTSH",0.501569304435733
"PTAFR",0.501352372862676
"PANK4",0.501280161296631
"KLRC4",0.501059430296455
"SCML1",0.500971810939436
"PPP1R13B",0.500366936770151
"DPH6",0.500174798428013
"TMCO1-AS1",0.499982310482137
"RNA5SP425",0.499726640108334
"SRI-AS1",0.499310964449085
"PRAG1",0.49928985395378
"FCN1",0.499094751106012
"KLHDC3",0.498753664324432
"KCNK6",0.497800268333205
"PPM1N",0.497744945054831
"ZNF682",0.497422482798407
"TMEM202-AS1",0.4972551527435
"RPS15AP19",0.496977582446163
"RUSC1-AS1",0.496088215425895
"ADGRG2",0.495584707718213
"CKAP2L",0.495244856077398
"SCAF4",0.495121407600853
"G2E3",0.494188575001693
"ZNF598",0.494083876702001
"DCTN1",0.493998266561334
"SLF2",0.493984545385869
"NTHL1",0.493948031042773
"ASS1P3",0.493736092824564
"C12orf56",0.493736092824564
"DPRXP3",0.493699905112253
"MIR497HG",0.493697491605062
"SHKBP1",0.492463057603212
"JMJD1C",0.492419813205563
"LINC02757",0.492358902553219
"ABCB1",0.49223306015228
"MAP3K21",0.491938045027253
"SDHC",0.491681776279912
"RTL8C",0.491307829014267
"RPA1",0.490793715777145
"TEAD4",0.490564881632043
"BMP6",0.490512077792966
"THOC2",0.490357939638187
"SQOR",0.489807918917263
"POLRMT",0.489769997201363
"NPM1P35",0.489437852855204
"OSTC",0.489395348145043
"BMS1P2",0.48899976134791
"SPAG16-DT",0.48863685799781
"LINC01160",0.488634696604642
"TMEM230",0.488386996500418
"HSPA2",0.487965855709893
"EPHA2-AS1",0.487683318971137
"ZNF780B",0.48741228472276
"ZNF181",0.486884676908163
"SLIT2-IT1",0.48644396552229
"DSCC1",0.486439015762913
"CACYBP",0.486275696173156
"RCAN3",0.486264202640438
"PIP5K1A",0.486195314528922
"RPSAP56",0.48526944965761
"SEPTIN11",0.485033077889954
"MIR3190",0.484996078476415
"FOXN3-AS1",0.484976227578143
"FADS1",0.4843602709429
"TMEM254",0.48395880852774
"CD82",0.483436224735277
"ANXA11",0.483399619591058
"FYCO1",0.483296475523725
"KDM4B",0.483211584221234
"MALT1",0.482792538766793
"CSDE1",0.482382195283634
"PSMC6",0.482331607404285
"CMC1",0.481752525099316
"NFKB1",0.481454777419004
"MIR2467",0.48132756506782
"ABLIM1",0.48123967157895
"AREG",0.481236129278063
"HYAL6P",0.481227570745079
"ARL6IP1P1",0.481227570745079
"FAHD2B",0.481194899830272
"EIF4H",0.481188412935482
"MIR5009",0.481148384929718
"MEA1",0.480842004177913
"ZNF282",0.480540488063417
"TADA2A",0.480185199636777
"PAN3-AS1",0.479333947781895
"ITGB1BP1",0.479309898269153
"SNORD42B",0.479251345765803
"SEC24D",0.479218978868514
"MRPL15",0.478897362195745
"MYZAP",0.478543883444751
"FER1L6",0.478502909607693
"STRADB",0.477967860435771
"ARL16",0.477919024741885
"PPP3CB",0.477891977342576
"CSTF1",0.477237090455243
"TRAV17",0.47687875625407
"MAN1B1",0.476875044470573
"USHBP1",0.476591986326318
"NT5DC1",0.476027922791362
"MAP3K11",0.475989057878712
"RRP1",0.475740092591745
"MKRN1",0.475685917420406
"SFXN2",0.475658209929453
"HYPK",0.475198491323314
"PCGF3",0.475173554982952
"SKIC8",0.474994344259845
"ZNF350-AS1",0.474926527042222
"GMPPB",0.474586676445229
"GPN2",0.474544306184263
"CENPL",0.474146504775671
"STRADA",0.47388950535281
"ACSS3",0.473784343929429
"FKBP1B",0.473697843697204
"ACTR1A",0.47335154508191
"FANCC",0.473302509296844
"BICD2",0.473273287069113
"RHBDF2",0.473267672593878
"TCF7",0.473052103710263
"ZNF628",0.47287551916361
"RFLNB",0.472770569490287
"RNF2",0.472592646866602
"NME3",0.472284832894592
"TMSB4XP1",0.472263157632881
"EEF2",0.47155568576285
"GPS2",0.471331925138927
"COX8CP1",0.470215344219788
"CFL1P2",0.469391008424387
"FNBP1",0.469383539838657
"PIP4K2C",0.468520611151331
"NIPAL4-DT",0.467726875160231
"LINC02981",0.467555917190253
"ASGR2",0.46638937222834
"LINC00462",0.466056569256203
"FHOD3",0.465615716429156
"SLC25A21",0.465369677971788
"MIR4710",0.465200265386363
"PARD6A",0.465182991946702
"ATP11C",0.465137282434639
"HCFC2",0.464908687301481
"LSM14A",0.464807627044413
"TOMM34",0.464287714967375
"DGCR6",0.4636624215207
"PTPN4",0.463550852570971
"CYC1",0.463414170986346
"EXOC7",0.462620788438441
"CDKN1B",0.462530334482301
"CNR1",0.46206145797311
"ERCC5",0.461978816267138
"AKTIP",0.461876461256804
"MRTFA",0.461854204452878
"GZMK",0.461623719515746
"DCAF17",0.461071246377297
"RPS15AP29",0.461043851368631
"PYCARD",0.461019757799829
"MYCBP2",0.460968280517495
"PCBP1-AS1",0.460885235764726
"ETS1",0.460526355242051
"HAMP",0.45984826396722
"H2AC12",0.459691473789916
"CCDC22",0.459639654342508
"OR7A5",0.459481562213761
"CISD3",0.459336706858834
"LINC02022",0.459241399025972
"DUSP2",0.45908576589139
"CHIC1",0.458625938995568
"METTL3",0.457993282462016
"EZH2",0.457907433433044
"GLCE",0.457866360552406
"RPL35AP17",0.457490273570051
"TNFAIP3",0.457315628990113
"PACSIN2",0.457188896493812
"FBXL15",0.457136992244172
"INPP4B",0.45673785173471
"ZNF665",0.456661016882595
"FARP1-AS1",0.456621532599003
"PKD2L2",0.456399889226668
"MACF1",0.45637625658414
"PPP2CA",0.456363950425926
"HNRNPD",0.45620698929452
"ITPRIP-AS1",0.456128488011298
"IVD",0.456099841549579
"CDT1",0.455886620765965
"BCOR",0.455850175323067
"TMEM243",0.455817214888043
"LGALSL",0.455751215690276
"ZNF587P1",0.455508864285914
"RUNX1T1",0.455210288732853
"UEVLD",0.45449430633341
"PARP11-AS1",0.454443430290156
"APOBEC3C",0.453740103746887
"NPIPB10P",0.453476157459991
"POLR2D",0.453399917945116
"DNAJC6",0.453237545759036
"ALX3",0.453170356638062
"ASTILCS",0.453170356638062
"SYNM-AS2",0.453170356638062
"MRPS30-DT",0.453101122136922
"SDCBP2-AS1",0.453068703120445
"RFC3",0.452933567903502
"PLEKHM2",0.452750343140807
"RFT1",0.452565372534781
"MAS1",0.452222264812919
"CD83P1",0.451931563344722
"LINC03047",0.451931563344722
"SAMM50",0.451767391364062
"SLC35B3",0.451584054715488
"RHOQP1",0.451372765609438
"LINC01012",0.451318193233161
"SPOCK2",0.450949868646767
"RC3H1",0.450874838787472
"TXNIP",0.450638253262271
"LSG1",0.450598345256717
"BAP1",0.450183132939474
"SAV1",0.450123202802343
"PRICKLE3",0.449804127745623
"NIFK",0.449671786159486
"EIF3J-DT",0.449633270563125
"CNOT10-AS1",0.449342055822716
"PFDN4",0.448888932353723
"OR5BB1P",0.448551018963858
"MTOR",0.448326592900639
"MTND6P19",0.447888023115925
"RPL32P20",0.447888023115925
"ME3",0.447888023115925
"DHX15",0.447689195008822
"PLB1",0.447179650874212
"CICP16",0.447088256731941
"H1-1",0.446758969283333
"TNIP1",0.446619843794287
"VGLL3",0.446464559430122
"MPRIP-AS1",0.446260611432576
"NFATC2IP",0.44606725744444
"STK4",0.445880613127858
"EIF4BP6",0.445731011475893
"PTBP2",0.44562205017201
"PRSS2",0.445469141444056
"LCP1",0.445105003881163
"SEC16A",0.444926716161466
"EPIC1",0.444922555910699
"ISYNA1",0.444686491733392
"TSPAN14",0.444639142887035
"SNRPA1",0.444618167144279
"UBR4",0.444424315240399
"LINC02614",0.444288726190832
"ACOT1",0.443965744740375
"VAV1",0.443679397783379
"ACSF2",0.443120182216489
"ALAS1",0.442775872469522
"HVCN1",0.442632714455773
"ZNF414",0.442336135232832
"TSPAN11-AS1",0.442312068222997
"TTC9C",0.442185079532336
"TARS1-DT",0.441877528948264
"SLC27A1",0.441607686980924
"SNX29P1",0.441242186235445
"DNAJB6",0.441230378415247
"LMBR1L",0.441192998493078
"P4HB",0.441083547239465
"HNRNPA1P68",0.440982092650375
"CDC34",0.440330939975023
"MBD5",0.4402595470983
"FBXO7",0.440027270833383
"PADI6",0.439832052103849
"LRRTM4",0.439832052103849
"ZNF593",0.439657318517709
"AGRN",0.439477080957544
"IFNGR1",0.43940597650076
"ECHS1",0.439322614858786
"BTBD10P2",0.439210140590629
"STRN",0.438925850649173
"MOG",0.438851933891129
"MMS22L",0.438564480454746
"PRPF31-AS1",0.43842687300676
"TTC7A",0.438134216471341
"H2BC18",0.437809446583448
"MTBP",0.437733642396371
"RGMB",0.437539073921576
"CHCHD10",0.437425081621426
"VWA3B",0.437311898316721
"APP",0.437223532903405
"ARL9",0.43674760645995
"HSD17B1-AS1",0.436644607361025
"DYNLRB1",0.435880537748436
"CCDC149",0.435398725034321
"FBXO11",0.43537116394971
"COQ7",0.435344355730929
"KIF15",0.435027396584756
"SYDE1",0.434870356133841
"GLYR1",0.434748213356408
"FSBP",0.43464381235311
"TDG",0.434218646085408
"OPA1-AS1",0.434056148759114
"NDUFAF2",0.433791641357754
"IFT25",0.433631493122972
"PRDX3P2",0.433573491400238
"CHTOP",0.432862091327384
"PRKCIP1",0.432385313108915
"NKG7",0.432234592411846
"BRD7",0.430839991858818
"NLRP2",0.4307031251527
"TPM3P6",0.430104241211307
"UGP2",0.43002629547247
"GYPC",0.429946806827617
"PIGN",0.4299209555335
"TUBG1P",0.42985492102011
"RELCH",0.429571341317965
"ITSN2",0.429407671832969
"ESAM-AS1",0.42890501207545
"PURB",0.428765692626728
"EEF1B2P7",0.428499930429256
"PELP1",0.428244326070876
"TMEM170A",0.42812856945053
"CRLF1",0.428051619043455
"SEC14L1",0.427739502315676
"RPA2",0.427688505913131
"IGSF8",0.427665636480243
"LRRC56",0.427652523146172
"PRNP",0.427448071340542
"DUTP6",0.427446104876518
"LINC02188",0.427446104876518
"RPL19P16",0.427286547214747
"F8A2",0.427248569544389
"PHACTR3",0.427086136479968
"PSMC1",0.42702938509759
"TOMM20L-DT",0.426916165915513
"AP1G2-AS1",0.426601609076675
"IGKV3OR2-268",0.426348693752373
"ATIC",0.426100279813944
"CADPS",0.425864435522074
"USP54",0.425678237522524
"PARK7",0.424989934455211
"SNORD62A",0.424962271686656
"TIPARP-AS1",0.424784865503295
"ZNHIT2",0.424345357586582
"KIF5B",0.424245827806447
"TGDS",0.424054892166548
"WDFY1",0.423841460733658
"TLR8",0.423832672890081
"UBA3",0.423325398350915
"C11orf68",0.422923378394165
"HENMT1",0.422882702168614
"ZNRD2-DT",0.422604220785862
"TRBV5-7",0.42259007450175
"TICRR",0.42259007450175
"PRCP",0.422404607693385
"NR2E3",0.422252177055075
"UXT-AS1",0.422248667285185
"ODF2",0.422174869674447
"DNMBP",0.421892030392783
"PIM1",0.421839123529928
"EDN3",0.421814083990478
"EDRF1-DT",0.421808828816782
"DDRGK1",0.421517156604214
"LINC00523",0.421494940929718
"LINC01235",0.421163751427877
"GABPA",0.420890390487827
"SOCS3-DT",0.420358944094717
"VIPAS39",0.4203586271775
"NEUROG3",0.42031980041178
"VPS4B",0.420213001260758
"MYRF",0.419999993698511
"ZNF404",0.419970736504796
"TESMIN",0.419870003549476
"PLCB4",0.419820548809679
"RNU6-786P",0.41979295730692
"LYPLAL1",0.419699625360845
"RRN3P2",0.419642548807715
"MAP3K2-DT",0.419595622016989
"SHMT2",0.419557155586321
"DTX4",0.419363244923236
"CD99L2",0.419216094480335
"RCBTB2",0.418937591423871
"ACBD3",0.418687420749796
"CITED4",0.418371933914168
"WDR74",0.41815486102394
"BLOC1S2",0.417894716704844
"SMIM11P2",0.417514076252783
"SUZ12P1",0.417514076252783
"GCH1",0.417388105102081
"EIF2S2",0.417224387280685
"CSF1R",0.417201073784336
"PATL2",0.416977274456653
"DCLRE1B",0.416960797986256
"RN7SL199P",0.416749762407329
"NPIPB8",0.416587094997713
"RSBN1",0.416216769614289
"ATRIP",0.416094238253488
"CNOT1",0.416077228226886
"KRBOX5",0.416075601580887
"TOB2",0.415784688314907
"SLC50A1",0.415538807402382
"ACYP1",0.415478477822946
"POLE4",0.415284983137675
"RNA5SP275",0.415037534519406
"RHOJ",0.415037534519406
"GRIA2",0.41502303489409
"TADA1",0.414957991201595
"MIR620",0.41483478182884
"NCKAP1L",0.414824382328435
"PTPRJ",0.414813761193538
"EIF3I",0.41443810794926
"POLR3B",0.413866526656542
"RNU6-1300P",0.413860025142137
"EIF3D",0.413750793475034
"KRBOX5P1",0.413111387192779
"SLC16A6",0.413064895467925
"PPP1R9B",0.412776679665877
"LINC00602",0.412776377911467
"ZNF436-AS1",0.412613196137366
"HNRNPCL3",0.412311227156454
"PDE4A",0.412299790013128
"MAP7D1",0.412182160971032
"FAH",0.412099354353333
"PIAS4",0.411998119299621
"CRCP",0.411979918782989
"KLC3",0.41194678404712
"TTC33",0.411858213987054
"SLC31A2",0.411714283126902
"LINC02087",0.411637851839946
"ADCY10P1",0.411608818116154
"HERC2",0.411478443399653
"COA5",0.41132537481485
"MICU1",0.411125244585816
"ARHGAP30",0.410561963688701
"GPN3",0.41055717440788
"PODXL2",0.410122052851471
"SLC5A3",0.410056676156531
"ZNF415P1",0.410021553490332
"SCAF1",0.409970307741018
"TNFSF14",0.409827317538831
"SGTB",0.409672501274401
"LINC02074",0.409446121621582
"LINC01234",0.409111514053955
"MSN",0.408621344623464
"CLIC4",0.408560557127182
"SPATA41",0.40817484720175
"UBE2R2-AS1",0.407707735237368
"IL20",0.407690824326282
"SUCNR1",0.407548182546822
"KANTR",0.407409879950916
"CENPU",0.407366388315237
"ADAM15",0.407314189604055
"ALDOA",0.407263309712334
"IGLV1-50",0.407078064247932
"PSMD4",0.407052864865382
"AAMP",0.407046248636367
"ZNHIT6",0.406849666351332
"HMGXB3",0.406342070543184
"RPS14P8",0.406179383693206
"KPNA2",0.406147248792108
"ZNF862",0.405667074084683
"TRIM22",0.405559291819046
"IRS1",0.405516728698803
"DNAJC5G",0.405350212323021
"BANP",0.405342567577975
"ADCYAP1",0.404503234159277
"RN7SKP56",0.4040978843878
"ST13P16",0.4040978843878
"CNN2P3",0.4040978843878
"CYP4F60P",0.4040978843878
"LINC02390",0.4040978843878
"RSPRY1",0.404051654618659
"RPL17P26",0.403965789670102
"MRPS30",0.403553265464413
"TRABD-AS1",0.403410626091212
"RUNX1",0.403198634380066
"REXO5",0.403086764118918
"TEDC2",0.402928767917748
"RNU6-1101P",0.402546607334406
"ACTG1P15",0.402322917898804
"MADCAM1-AS1",0.402280975133237
"TXNL1",0.402065820855594
"CDH16",0.402056544499931
"MAT2B",0.40164029644597
"TARBP1",0.401592720409009
"PTPN12",0.401560214355425
"DYRK2",0.4015386723705
"SNX3",0.401509892389769
"ABHD14A",0.401231633487113
"KIAA1217",0.401224286668902
"TNFSF8",0.401060556644176
"RCOR1",0.400850136317837
"SIX5",0.400476786036424
"EXTL3-AS1",0.400088075153404
"ZNF552",0.399916756439987
"RPL4P7",0.399482130110591
"CREG2",0.399465335446774
"HCFC1",0.399414530817367
"TIMM23B",0.399320510340798
"SLC33A1",0.39930424062793
"JAZF1",0.399273218356799
"HNRNPLP2",0.399207517169624
"TTC1",0.398844739512475
"TMEM237",0.398506307874191
"MIR1279",0.398202557396866
"COX6B2",0.398192459735523
"MORN3",0.397883316197769
"PGLYRP4",0.397873936985598
"ADAMTSL1",0.397873936985598
"ANKRD30B",0.397873936985598
"PHB1",0.397842695116926
"LMAN2",0.397629263798524
"MRM3",0.39756120481437
"ETV7-AS1",0.397491370164932
"KCTD21-AS1",0.39742207947346
"GNB4",0.397369537446477
"RNA5SP75",0.397367124095615
"PLPPR5-AS1",0.397367124095615
"DLX2-DT",0.397367124095615
"RFKP6",0.397367124095615
"CARMIL2P1",0.397367124095615
"RPS23P5",0.397367124095615
"OTOGL",0.397367124095615
"MEDAG",0.397367124095615
"SNORD115-3",0.397367124095615
"CCDC178",0.397367124095615
"BNIP3P26",0.397367124095615
"TSPAN18",0.397285097006788
"UPK1A",0.397278491167593
"CEP135",0.39695025977884
"VSTM1",0.396930395732542
"PRMT5-AS1",0.396520332252198
"TMEM263",0.396124255184732
"GNAQ",0.396019171678175
"SETP14",0.395881851929266
"CHIA",0.395592853107895
"PDC",0.395592853107895
"CFL1P3",0.395592853107895
"PRAMEF30P",0.395592853107895
"HSPE1P24",0.395592853107895
"NAALADL2",0.395592853107895
"ADIPOQ",0.395592853107895
"HTR3E",0.395592853107895
"SCN5A",0.395592853107895
"RNU6-1279P",0.395592853107895
"LINC02045",0.395592853107895
"C1QTNF3",0.395592853107895
"RN7SL153P",0.395592853107895
"LINC02199",0.395592853107895
"PACRG",0.395592853107895
"MIR6892",0.395592853107895
"CREB3L2-AS1",0.395592853107895
"BMPER",0.395592853107895
"NDUFB5P2",0.395592853107895
"MOGAT2",0.395592853107895
"FAM245A",0.395592853107895
"RPL21P109",0.395592853107895
"KCNG4",0.395592853107895
"LINC02075",0.395592853107895
"FOXS1",0.395592853107895
"COL20A1",0.395592853107895
"CHST8",0.395592853107895
"EXOC3L2",0.395592853107895
"ZNF781",0.395592853107895
"SIGLEC27P",0.395592853107895
"IGLV6-57",0.395592853107895
"SCUBE1-AS2",0.395592853107895
"EOLA2-DT",0.395264720054677
"ARAP1-AS1",0.395098538057892
"TCEAL8",0.394181151456604
"EEF1B2P2",0.393664040733448
"MTFR1",0.393584200770761
"FUT3",0.393539444287429
"CFAP58-DT",0.39333289552419
"TYW1B",0.393119894604921
"ZCCHC3",0.393004894731559
"STT3A",0.392996107297149
"MYADM-AS1",0.392941863838304
"DAGLB",0.392867646691936
"HOMER3",0.39222005146613
"RN7SL587P",0.392171596950243
"SYTL3",0.392106444399448
"ZIM3",0.392036476907282
"RPL21P68",0.391915625552519
"CAPG",0.39173138491349
"ANKRD31",0.391348830126154
"C18orf15",0.391270937328985
"DPM2",0.391260238032957
"ZNF440",0.391241443401899
"ZFTRAF1",0.391213174720481
"LINC01859",0.390944324336771
"RPL23AP64",0.390911387370688
"RNF4",0.390866388624187
"HMGN3-AS1",0.390664239880328
"CNN2",0.390519833506579
"PBRM1",0.390300599222355
"TAS1R3",0.390118276197813
"BTG3-AS1",0.389760878423825
"DGKA",0.389620583871042
"CDIN1",0.389283808340537
"SRGAP2",0.389224364759723
"ALOX5",0.389202298000143
"OR2B11",0.389091411701159
"RER1",0.388528019426715
"JTB",0.388200129426921
"FOXD2-AS1",0.388102184462127
"PRPF31",0.387721355470568
"DSP",0.387400405353338
"LRRC37A14P",0.387056590921522
"SLC26A8",0.387049672554962
"ADAMTS9-AS2",0.38676157552278
"RPP25L",0.386289990484692
"SMU1P1",0.386093316915548
"LMF2",0.385839177070307
"CCDC115",0.385758902445961
"ARL6IP4",0.385533025693022
"MANF",0.385301014822147
"PPP2R2B",0.385129355242047
"GBP2",0.384803187116485
"THAP5P1",0.384549910326169
"MAG",0.384538009058097
"RNA5SP311",0.384526387438357
"RHOQP2",0.384509358367406
"CD53",0.384294687067274
"MAGT1",0.383691868601259
"HEPHL1",0.383482965294875
"PLXNA2",0.383368497327971
"SNORD53B",0.383284961741263
"RNU6-254P",0.383181610120261
"TXNDC11-AS1",0.383012203320875
"ACSL3",0.382631906894272
"ALAD",0.382625969278604
"ISL2",0.382589676614436
"TMED3",0.382366046546026
"ELMOD2",0.382247431425549
"HEBP1",0.382047275553281
"RN7SL280P",0.381984056291973
"AOAH",0.381916794122047
"JMJD1C-AS2",0.381838050389867
"LRP1B",0.380773716614669
"ALOX5AP",0.380709425574693
"TFAP2A",0.380689986022942
"TSSK6",0.380459525517141
"RAB10",0.380444789085648
"SEH1L",0.380347973875542
"PTCHD1",0.380222078699339
"LCAT",0.379494525714313
"TCAF2P1",0.379449134339474
"INCA1",0.378652638468064
"GDPGP1",0.378579170254858
"ZKSCAN1",0.378531551695757
"GFRA1",0.378348327783407
"CD48",0.378166603904043
"ALG1L6P",0.377985974571864
"ETHE1",0.377911487622934
"RNU6-917P",0.377688390858199
"UBC",0.377537644138153
"PYGB",0.377447992625983
"IPO8",0.377216292190626
"TMEM101",0.376969064737718
"SPMIP8",0.376839297477238
"VPS4A",0.376310024589157
"H3P47",0.376036311299904
"TCF3",0.375943619225625
"CBX3P9",0.375498120686388
"KRT81",0.375453780986605
"PSMD7-DT",0.375373692377117
"MT-TP",0.375245818293224
"EHD4",0.375150361786651
"HNMT",0.374674402043367
"MORN2",0.374394232255099
"TPM3P8",0.374324401409278
"CIAO1",0.373992905592242
"ZNF362",0.373946401888201
"PDE6G",0.373721550021449
"DHX33-DT",0.372776480491583
"P3H1",0.372279876219373
"IVNS1ABP",0.372192711508273
"SLC25A39",0.372103755946469
"FLYWCH2",0.371838057219261
"CBFA2T2",0.37110736773419
"HMGN1P37",0.370602589542588
"GCA",0.370506547771791
"DYNLL2",0.370240899074415
"IL7R",0.37021675144604
"INSM2",0.370004179661275
"ORMDL1",0.369634615096705
"DUSP22",0.369613228891708
"ZNF497",0.369588803624247
"RHOT2",0.36956495478274
"LMO7-AS1",0.369486395526236
"CISH",0.369051499507944
"VTI1A",0.368751388968883
"ITIH4",0.368539566702902
"EPB41L1-AS1",0.368530920086854
"PLEKHA3",0.368524050293414
"TUFM",0.368330995378468
"CHPF",0.368312632384855
"CYTH4",0.367442649795077
"TCIRG1",0.367017774999721
"ECI2-DT",0.366828045819113
"SLBP",0.366613616340041
"MYD88",0.366448612933474
"PSIP1P1",0.366430768222317
"MRPS28",0.366291297526641
"SORD",0.36627560713654
"RN7SL560P",0.366174553982157
"GIMAP6",0.365999509372455
"TIMM10",0.365955179764783
"POP5",0.36591022640192
"SLC25A1",0.365815766594428
"TG",0.365358717991136
"JARID2",0.364970656641463
"NIPAL1",0.364970445554602
"THRAP3P1",0.364923019222548
"ZBTB46",0.364736832284812
"ARHGEF18",0.364639825364301
"IGHV7-4-1",0.36413834217512
"MSH3",0.363794629973872
"HYAL2",0.363641410610689
"UCP3",0.36298761947304
"FAM216A",0.362632874058338
"SP100",0.362323069915964
"COLQ",0.361892884584759
"IL11",0.36179479535163
"WDR18",0.361750151360151
"PRKACA",0.361716976388031
"SNORA71B",0.361632054852733
"FHAD1-AS1",0.361543876319274
"RUNDC1",0.361454802190816
"ITM2A",0.361253146047271
"FOXC1",0.360963410162517
"COMMD2",0.360781399422249
"RNA5SP154",0.360739862071177
"FOXN4",0.360340742223649
"ABCB9",0.360228607796646
"TMEM127",0.360159821284929
"BTBD1",0.360012047614371
"PITRM1",0.359933351804269
"MAD2L1BP",0.359700348352766
"MC5R",0.359666744979842
"KCNN4",0.359665906001382
"RXRB",0.359477959482887
"TSACC",0.359174229480304
"LINC02296",0.359163147874103
"KLF3",0.359004952357681
"ALPK2",0.358784560068589
"RNU4-38P",0.358622366949803
"AGO3",0.358621241627539
"TRAV12-2",0.358605647135348
"ANO8",0.358531497254235
"MYO18A",0.35793096667959
"KIF13A",0.357915380022499
"PPP1R18",0.357329432531202
"RPL37P2",0.356716740234408
"LINC02908",0.356606212800241
"HTR3B",0.356507650736179
"AKNAD1",0.356454171960378
"POLR2F",0.356450544879819
"TMEM192",0.356138210870889
"RNF213-AS1",0.356022789976606
"EIF2D",0.356002295923799
"APH1A",0.355249695947545
"ACTR10",0.354973328707899
"PLXNA3",0.354833117117661
"PPM1G",0.354561076159408
"KARS1P3",0.354137804997339
"RPL10P9",0.353931666839018
"ZC3H6",0.35377201887189
"TRIR",0.353648942623537
"CNP",0.35355527842525
"DDX4",0.353457496758301
"RNU7-133P",0.353347554519203
"LIMASI",0.353222718168397
"RNU1-101P",0.353163693008031
"AP4M1",0.352544052103076
"ARID4A",0.352534305616827
"TRAF3IP1",0.35221615259815
"UCK1",0.351801628249323
"LINC01436",0.351515776227917
"CDK18",0.351466140786335
"EIF3L",0.35123135658786
"KIRREL3",0.351161141302877
"AMZ2",0.351130752047887
"IPO5",0.351128657781065
"WDR17",0.350771664571443
"UFD1-AS1",0.350623131544668
"HNRNPA3P10",0.35055404763895
"LDAH",0.350473325933875
"XPR1",0.350429472895671
"NR6A1",0.350427628315881
"RNU6-476P",0.349971965385289
"LINC02858",0.349158015949333
"RNU6-1154P",0.348901850074089
"CHMP4C",0.348901850074089
"TVP23C-CDRT4",0.348901850074089
"VPS13B",0.348867082348111
"LINC02030",0.348827230434053
"RUNX3-AS1",0.348806090939061
"SLC25A20",0.348036306671119
"CYP2J2",0.347895900103452
"YBX3",0.34780200699991
"FAM217B",0.347417424971349
"MAP2K7",0.347381066842025
"GTF2F2",0.346912985409171
"NUBP1",0.346499647887414
"SLX1A",0.346439245069229
"TFE3",0.346364516129348
"RPF2",0.345881440065225
"HCAR3",0.345823678286726
"DAPK1-IT1",0.34570932866204
"MRPS14",0.345549232726198
"LUZP1",0.345509950409095
"HMG20B",0.34536184241538
"PLET1",0.345111163282976
"RPS15AP10",0.344996340291025
"RRAGA",0.344674546613832
"MINPP1",0.344628720219558
"DIMT1",0.344569164784833
"MIR762",0.344371842022532
"SLC19A3",0.343690064389471
"WDR13",0.343656595410259
"TRBV6-7",0.343632071398918
"TRIM56",0.343196522946683
"ARFGEF1",0.343089687977644
"BOLA3",0.342875508770573
"MIR16-2",0.342444944216945
"FAM13B-AS1",0.342193900962419
"NCSTN",0.342074688347503
"RNU6-1176P",0.341958660697653
"BRD1",0.341759724676871
"PHKG2",0.34160785727059
"MIR6779",0.341539432552645
"RN7SL704P",0.341539432552645
"TECR",0.341458471817774
"NOP16",0.341389963014366
"TRBJ1-6",0.341137653566171
"AGBL3",0.340831914780371
"LINC01214",0.340780669334046
"DDX49",0.340431916275584
"PPIAP55",0.340388161785516
"PNO1",0.339723774100809
"FSTL4",0.339694437007329
"OC90",0.339692760570426
"OTUD4P1",0.339667283710474
"PHF20L1",0.339572586427513
"NMNAT1",0.339487649486827
"CTCF",0.339458304219691
"ST6GAL1",0.339342884592923
"PRSS35",0.338971535630791
"DLX3",0.338971535630791
"ZSCAN30",0.338902912916172
"ARHGDIB",0.338858172759103
"TVP23B",0.338600797709867
"UQCC5",0.338545879327325
"TAF6",0.338382366813906
"JMJD8",0.338060039066869
"PRRG4",0.337814469230287
"MRPL16",0.337761092341686
"UBE2H",0.33746468285106
"HYOU1",0.337309886620436
"MEFV",0.337245020361839
"CCND2-AS1",0.337014910198491
"MT-ATP8",0.337013630647188
"RN7SL144P",0.337003876749932
"RN7SL162P",0.337003876749932
"MBD4",0.33685190996293
"NRAS",0.336662100858361
"RHOBTB2",0.335981151960793
"PRSS23",0.335874199912549
"MLKL",0.33581039112028
"KAT2A",0.335612009688332
"CTDNEP1",0.335604515963834
"TMEM176A",0.335532083399239
"KIDINS220",0.335364551406262
"SUCLA2",0.335167942875301
"CYP2C9",0.334895898428192
"LINC00665",0.33473594346643
"NFKBID",0.334717041471003
"ADM2",0.334632954319381
"MKI67",0.334554972013439
"TMEM158",0.334250607363734
"ZNF33A",0.334017056642887
"ATP6V1B1-AS1",0.333991864439831
"ITPR1",0.333953935798003
"EIF2S2P6",0.333870666454621
"ANO4",0.333831639972122
"RNU6-790P",0.333656671235274
"GRAMD1A",0.333378270914535
"JAK3",0.333321020425845
"MTG2",0.333243843027548
"ZNF34",0.332982359380387
"CSNK1D",0.33291881924076
"PTDSS1",0.332839047514356
"EXOC6",0.332139038472122
"EDEM2",0.332033230659123
"MORC2-AS1",0.332026094749913
"DUSP1",0.331333659697479
"MAP3K9",0.331087709456109
"OSGEPL1",0.330647287974169
"SLC5A6",0.330596055449492
"ITGA2",0.330432092202307
"PXDC1",0.330075091710471
"RPS2P16",0.329556198601711
"NSUN5",0.329408680248691
"RPUSD3",0.329269182444713
"FAM151B",0.328993661869485
"UBR7",0.328615803376823
"TECPR2",0.327761990556675
"PDPK1",0.327663314589474
"FAM228B",0.327166186105826
"CD4",0.32711670849321
"PROKR2",0.326825622766289
"GALT",0.326477108638769
"SSPN",0.326469412572368
"GSDMD",0.325947665794842
"NPAS4",0.325697121663553
"COA6-AS1",0.325596817297865
"RAB29",0.325584390478185
"SKAP1-AS1",0.325572564045562
"UBE2SP1",0.325539885269082
"FFAR3",0.324901699482782
"EXOSC1",0.324199982545443
"MAX",0.323848289265314
"AIDAP2",0.323818662654919
"AKR7A2",0.323274473252179
"GPALPP1",0.323257329207973
"SLC45A1",0.323172050124929
"ZDHHC6",0.323126396374439
"TRPM2",0.323007814655666
"RPS7P11",0.322491997675512
"SIGMAR1",0.32209543721741
"SETX",0.321878686406238
"LDLRAD4",0.321631117831532
"FOSL2",0.321593978309787
"RNU11-2P",0.32080498892466
"MIR4271",0.320699124644908
"CLECL1P",0.320007717762289
"NAA10",0.319865367936066
"GNAI1",0.319826083116755
"USP25",0.319809951753452
"RAB19",0.319076202357397
"RN7SL505P",0.319046919189224
"HIGD2B",0.319046919189224
"MED30",0.318722820079523
"SMARCC1",0.318701365773031
"RNU6-1254P",0.318591193247345
"HMGB3P4",0.318562266407209
"KCNJ2",0.318372685075507
"CBLN3",0.318263147150692
"GRIN1",0.318198912481092
"C1QBPP2",0.317912514184557
"H2AX",0.317555636887292
"SLC9A7",0.316905244491134
"RAB38",0.316864029738796
"CCNDBP1",0.316654340123811
"KIAA1549",0.31652406946914
"LRPPRC",0.316152443174854
"TRAPPC10",0.316119386925833
"CFI",0.31608511265129
"WAS",0.315671680216358
"UQCC4",0.31555711505372
"KCTD13-DT",0.314743754099207
"MIR3976HG",0.314475365076548
"MBD2",0.314342517737914
"LRRC8D",0.314081315571114
"TRPM7",0.314071286523359
"MX1",0.313978940185139
"ATL2",0.313880326124904
"DNAJB2",0.313687641355598
"PPP2R1A",0.313665266564359
"ZNF10",0.313614649135358
"ACLY",0.31326678261166
"PLCL2-AS1",0.313108420167563
"AGPAT3",0.312745098541986
"TLE1P1",0.312117935513072
"TRIM35",0.312089385243611
"DALRD3",0.312080365967335
"TYRO3",0.311967798822095
"AUTS2",0.311919231555847
"SLC25A34",0.311896129756848
"ANXA7",0.311837121157994
"RN7SL698P",0.311644334329896
"SUFU",0.311589369568137
"DCP1A",0.311456542927129
"MTCH1",0.311424888376444
"CCL3L3",0.311083175355853
"PRPF8",0.31100858436828
"MARCHF5",0.31089415098034
"ACER1",0.310437787663652
"CIDEB",0.310423874123339
"ZNF350",0.31000553750709
"BRD2",0.30956911065932
"LIG1",0.309365958660981
"LINC02974",0.308550371665752
"ZFYVE9",0.308549918296697
"MIF-AS1",0.308381330269302
"CHORDC1",0.308370021922344
"C3orf38",0.308155226329854
"C1orf52",0.308147801632108
"TRBV15",0.307891188720882
"KRI1",0.307691255903051
"POGLUT2P1",0.307303590198119
"XPO1",0.306635236899399
"NKD1",0.30660431579839
"GTF3C5",0.306460069784588
"LINC00393",0.306232014696469
"LINC02198",0.305908434168683
"PGK1P2",0.305899309619836
"UBQLN4",0.305746298965757
"PSTPIP1",0.305700556157245
"CBX5",0.305417515558086
"USF3",0.305381566754315
"ZNF131",0.30524308256577
"TVP23A",0.305022878427155
"KIF1A",0.304914148503265
"SLC15A1",0.304733028269811
"TAF1A-AS1",0.304545879859717
"SCAMP3",0.304402774672174
"PRDX2",0.304162526509667
"RPS6KB2",0.304131412595146
"SERPINB9P1",0.304086322936182
"RPS6KL1",0.30387848895252
"SRA1",0.303854832241641
"RPS15AP11",0.30372313945196
"DACH1",0.303652795092016
"GIGYF1",0.303550517954126
"ESAM",0.303363300218281
"TNFRSF17",0.303193078910081
"RSPH3",0.30311360484099
"AQP7",0.303095343450296
"RPS26P28",0.302483454266969
"KHDRBS3",0.302195135612431
"SH3GLB2",0.302122856859274
"DCAF1",0.302053949753489
"ZNF688",0.302049118237492
"BLTP3B",0.302042797985873
"TRIM38",0.301873294274433
"CDK1",0.301762177347953
"YIPF6",0.301399424137579
"NIT2",0.301384892232251
"DNAJC28",0.301252031213468
"MYHAS",0.301200085729496
"ARMC10",0.301190429362524
"TMEM245",0.300808567102126
"C6orf47",0.300747115655184
"DENND3-AS1",0.300711592864068
"ATG3",0.300429508459374
"LDAF1",0.300410856167775
"NFKBIE",0.300045533092046
"LYN",0.299963132843541
"FCF1P1",0.299933690510623
"NOXA1",0.299815112519125
"PDSS2",0.299770957663536
"TCTN1",0.299752073878975
"SPDYE16",0.299479167640077
"IQCE",0.299353926326437
"SYS1",0.299313485570688
"ARRDC1",0.299183505226705
"TAF9B",0.299017714886135
"TMEM43",0.298869022013339
"DERL1",0.29868743638671
"BRPF3",0.298640413297396
"GSTP1",0.298477563139778
"KIF18A",0.298104074201633
"HIVEP2-DT",0.298020109834843
"GRN",0.297794613841591
"BBS7-DT",0.297766586423657
"ACAP3",0.297461058695815
"GRK5",0.297374915174707
"ETFB",0.297199641083735
"HTRA4",0.29702528531399
"TPT1-AS1",0.296867987484423
"ZDHHC7",0.296813722311097
"SEPTIN2",0.296769960838341
"LINC02240",0.296520769401444
"PTDSS2",0.296516707127623
"SLC9C1",0.296308798399568
"HDLBP",0.295963816225253
"RNA5SP193",0.295592463245729
"MPPED1",0.295592463245729
"HSPA4",0.295468305055716
"EPRS1",0.295281844476884
"TUBB4B",0.294864272806573
"LTBR",0.294627968112477
"GSK3B",0.29426571046525
"SNU13",0.294177274214699
"ZNF511",0.294104325369024
"DOLK",0.293996032038679
"LRRC37A3",0.293845084194623
"NAA20",0.293778180973808
"VIPR1-AS1",0.293469861548239
"TEK",0.293127162412443
"OSBPL9",0.292487532892971
"NR1I3",0.292450724302084
"LINC02604",0.29226856818162
"APRG1",0.292127712347098
"DAB2IP",0.291901028932447
"SEC61A2",0.291829438648622
"PRR19",0.291242175166817
"ATP6V0D1-DT",0.291108487431929
"ATP12A",0.291107879769402
"WDR33",0.291034758797473
"B3GNT4",0.290432188046577
"ELP1",0.290359099265997
"PDHA1",0.290309772677995
"MICU2",0.290061610419112
"LINC02572",0.289991153036736
"ANAPC1",0.289940446193509
"SIPA1L1",0.289872642486548
"PIGQ",0.28965459138793
"ELOVL5",0.289071912309167
"RPL17P1",0.288868101491025
"BNIP3P28",0.288868101491025
"RASGRP4",0.288722773333479
"TEKT4P3",0.287929565527341
"FAM81A",0.287799866839573
"ITPRIPL1",0.287662057938158
"PIGC",0.287613869030795
"KLF3-AS1",0.28755749920277
"DDX11",0.287220213092457
"LY6G5C",0.287004165706529
"MAP3K15",0.286762642248841
"LAMB3",0.286519236388887
"CDC42EP4",0.286511649496325
"SDF4",0.28647365515551
"PRKCE",0.286437791842182
"SNORA11F",0.286430949186329
"IL16",0.286401958112749
"MUL1",0.285937441751382
"APH1B",0.285586203570956
"PRSS1",0.285556413579861
"FAM131B",0.285379178623656
"FCMR",0.285043513729762
"HIGD2AP2",0.284814256187695
"TOP6BL",0.284502436757391
"ZNF304",0.284462610762789
"PTCHD3",0.283588063388093
"DHX9",0.283484837436453
"HSPD1P4",0.283428598953741
"CARNMT1",0.283232091249515
"PAICS",0.282987475905904
"OSBPL6",0.282747353605406
"PRKCI",0.28257888708266
"POLR1F",0.282460511555775
"C9orf78",0.282271082379644
"HEXD",0.282080693378251
"ZNF141",0.282068203191797
"HCG20",0.281927223922597
"TCTA",0.28189863416831
"PRKG1-AS1",0.281713774205295
"GPX3",0.281479184192712
"SMG5",0.281279946903887
"TOR4A",0.280858579992759
"IRS2",0.280840938842642
"NIM1K",0.280580890070282
"RPS21-DT",0.279887207785647
"PHC1",0.27926457575059
"ERP44",0.279206427410813
"SPTSSA",0.279174677303643
"RIMOC1",0.27917232132785
"PEBP4",0.279145726117418
"XNDC1N",0.278974255138573
"EEIG1",0.278969261696817
"GAS6",0.27886718726034
"SAP30BP-AS1",0.278762001412899
"RGS21",0.278693253823722
"WBP2",0.278618649112525
"MAGOH3P",0.278471881752577
"LRR1",0.278332036260299
"AKR1B1P3",0.2776437157571
"NAGA",0.277626176843985
"RPS26P43",0.277322838265486
"SAG",0.277215156481983
"ZNF230-DT",0.277082349404832
"ILKAP",0.276937790640321
"NCAPD3",0.276854178391276
"MADD",0.276699013656501
"EGR2",0.276642344394709
"LYPLA2P1",0.276616662648519
"PTPN1",0.276461114855604
"USO1",0.276460915910539
"SERPINB1",0.275907142076258
"ASH2L",0.275855089677379
"CEBPD",0.275726132343932
"PIM2",0.275472812536116
"DDHD1-DT",0.27536768969953
"INHBA",0.275096489232886
"CNOT4",0.2750907226441
"CHST11",0.274247657653161
"SLC5A12",0.274200216263906
"HSPA8P8",0.274104292401886
"HGS",0.274102020487345
"IGSF1",0.274068421807395
"MOGS",0.273699401157736
"RPL10P3",0.273634578319509
"ZMAT5",0.273147587641096
"PINK1-AS",0.273048841873373
"AP1G1",0.272747036824528
"PTPN23",0.272667014432242
"CAPN2",0.272504627580929
"RNF10",0.272466223607307
"MT-ND5",0.27245016069649
"CSNK1A1",0.272300924372019
"YIF1A",0.272007706044043
"CDK9",0.271757885410787
"APAF1",0.271637756618797
"BAG6",0.27144013289043
"DNAH3",0.271094498069266
"LARP4B-DT",0.27108456879211
"CCDC18",0.270833273889874
"CPEB3",0.270567057611952
"RAB43",0.270544882378958
"E2F5",0.270538451893957
"DLGAP4-AS1",0.270282120171056
"TOP1",0.269888374048154
"PYCR3",0.269798348831728
"DPP9-AS1",0.269599842206654
"SLC16A1",0.269347775444219
"AKAP11",0.269243301597827
"FBXO5",0.269136154323241
"CHERP",0.269001316563364
"LINC01476",0.268998429681165
"ENSA",0.268076946303677
"CEP164",0.268007039549237
"LTC4S",0.267927470465282
"RPL10AP2",0.267878038042596
"CXorf38",0.267831928208123
"SNRNP200",0.267454993722019
"YTHDC1",0.267417793427997
"DTYMK",0.267363836259895
"RPL23AP3",0.267226437594661
"HMGB3",0.267134784392881
"ZNF575",0.267068000126168
"MHENCR",0.266945565980712
"BACE1",0.266690809255681
"ACSL4",0.266518967408555
"ERVFRD-1",0.266496936802601
"LINC01428",0.266388984514004
"BAZ1A",0.266364818961155
"AP1B1",0.266246273535582
"TAPBP",0.26620376648534
"LRP6",0.26617312222464
"SDHB",0.266061429530815
"RP2",0.265774612271115
"IGKJ1",0.265630394204977
"FAM219A",0.265317801978758
"C1QTNF9B",0.265183769473025
"ANGPTL6",0.265145367021337
"RPS7P10",0.264775777676775
"MAN2B1",0.264736962258215
"XRCC6",0.264727151751415
"CEROX1",0.264709540932461
"TNFRSF9",0.264571982807789
"ICE1",0.263923269543712
"PSD3",0.263864444411407
"SH3BGRL2",0.263588109471345
"LRRC69",0.263495809172795
"DNAH17-AS1",0.263382306555257
"PERP",0.26330213955686
"MIR4307HG",0.262635674339556
"TLDC2",0.262581255506386
"RPL5P1",0.262535620446256
"SOCS2-AS1",0.262276138062723
"ERAP1",0.262081285280919
"SPTBN1",0.261634140468959
"ZNF667",0.261469080559079
"DDX27",0.261302178791431
"EPHB2",0.26105378845059
"SH3KBP1",0.260990841138559
"HTT",0.260903185537208
"TRAPPC9",0.26085341554936
"ZFX-AS1",0.260716529945666
"PPFIA3",0.260644595339185
"RNU6-85P",0.260411760358704
"NPW",0.260411760358704
"PHF6",0.260266468519023
"TP53I3",0.260069756273445
"RPS26P58",0.25966069534662
"LINC00511",0.259390466341193
"ZNF24",0.259070327275768
"ACTA2-AS1",0.258892657382094
"H3-5",0.258829742040974
"TM2D1",0.25881378317623
"RNF216",0.258688995168593
"CYB5B",0.258637017357898
"MAPK8",0.258594868412416
"EML2",0.25823831764324
"TTBK2",0.258218204083225
"TTC21B",0.25813188502471
"BRAP",0.258100138786258
"LINC01206",0.257848350971217
"ERI1",0.257764213679548
"GPX8",0.257753298072006
"TMEM236",0.257731528043554
"GAA",0.257515184171183
"PRPS1",0.257190567999032
"HS6ST1",0.257145791640084
"KLHL9",0.256887862661489
"TMLHE-AS1",0.256734987115758
"TBC1D30",0.25652145761004
"AKAP8L",0.256447451950577
"KIF3A",0.256305561002075
"PTPN2P1",0.25622094100295
"VIRMA-DT",0.255863803421761
"HDGF",0.255705114922716
"RBMX",0.255608310655357
"FADD",0.255541494202572
"UNK",0.255495764923633
"LRTOMT",0.255300434433723
"DHRS4L2",0.255071387803054
"PP1P",0.255010660946754
"MORF4L2-AS1",0.254994700094228
"STAM2",0.254753077034719
"TATDN2",0.254529776178354
"NMRAL1",0.254450730400394
"RWDD2B",0.254394863599387
"CUL3",0.254388327683438
"LINC00466",0.254350052819698
"RNASEK",0.254283952244584
"VCF1",0.254228406791037
"SFXN4",0.253907719943072
"ANKRD52",0.25371680089098
"PIAS1",0.253690621292859
"NEMP2",0.253631426670539
"MFSD4B",0.253595276279006
"FRY",0.253553355139368
"ATG13",0.253542782791965
"LINC02422",0.253032747543295
"SEC63P2",0.252173815705633
"WSB1",0.251569178608978
"TEN1-CDK3",0.251557927665874
"SOCS3",0.251209000060437
"ACTBP9",0.251009984199976
"FAM163A",0.250568806574514
"SLC7A15P",0.250568806574514
"GABRB1",0.250568806574514
"LINC02364",0.250568806574514
"RALYL",0.250568806574514
"LY6L",0.250568806574514
"MALRD1",0.250568806574514
"ODAD2",0.250568806574514
"DNAJC22",0.250568806574514
"LINC00517",0.250568806574514
"OR4E1",0.250568806574514
"CSNK1A1P1",0.250568806574514
"SLC20A1P3",0.250568806574514
"RPL12P36",0.250568806574514
"B4GALNT2",0.250568806574514
"CEACAM20",0.250568806574514
"RFPL2",0.250568806574514
"GMDS",0.250438465574937
"RB1",0.250079256499206
"RABL2A",0.250024195841002
"PRR4",0.249991106894293
"SYCP3",0.249957547646313
"TGFB1",0.249697367783088
"HNRNPA1P52",0.249488729792864
"RING1",0.249481582489426
"SPN",0.248976251030515
"PLEKHH1",0.24882508914264
"ZRANB1",0.248779740713781
"RPL13AP25",0.248669220560684
"LDHBP2",0.248610732352214
"COX11",0.248486167034079
"ZNF791",0.2482902236426
"FBXL18",0.248142712564227
"SNAPC2",0.248140510173023
"SNAI3",0.247926334715176
"SYNM-AS1",0.247617596886854
"PTEN",0.247508671623323
"RPP21",0.247449017124022
"HUWE1",0.24737879794672
"DKK3",0.247238568737262
"GLI3",0.247162466836791
"TBC1D14",0.24685122953332
"RNU1-138P",0.246789692925318
"RNU6-517P",0.246789692925318
"CTDSPL2-DT",0.246634344072294
"MTTP",0.246060064294267
"MFSD14B",0.246020753233731
"TSNAXIP1",0.245881945479871
"DAAM1",0.245616083510156
"ZNF317",0.245556550151574
"CELF2-AS2",0.245341237967846
"H1-12P",0.245340809579212
"RBM26",0.244954007524385
"PIP5K1C",0.244853087565767
"HACL1",0.244524802574466
"PPP6C",0.244518310635275
"TTF1",0.24449524154279
"EXOC4",0.244380132720916
"LINC02156",0.244258900030534
"ZER1",0.243428411678911
"TUBA4B",0.243224405929583
"ZC3H12C",0.243030322086574
"KMT2C",0.243022549325446
"TNFRSF14-AS1",0.242930435593484
"SLX4IP",0.242873349358536
"BAZ2B",0.24277019124989
"PRDM4-AS1",0.242654833831446
"POGLUT3",0.242608993573809
"NF1",0.24257230136214
"SNX27",0.242470703066586
"FUS",0.24236432928207
"C14orf119",0.241850570679505
"CDH3-AS1",0.241770011373358
"MIR4257",0.241705467678579
"ITSN1",0.241426274526002
"FRG2B",0.241258929318222
"CHKA",0.241206159560051
"DCST2",0.241114928537014
"UTP23",0.240920205394466
"PPP2R2D",0.240909600758576
"OTUD4",0.240876407352272
"AASS",0.240422630249373
"C1orf216",0.24040395764626
"GYG1",0.240388439893443
"IFI16",0.240304344359553
"LINC01619",0.240167879339387
"B4GALT1-AS1",0.240105524696955
"NPIPA5",0.239930053770943
"CCDC18-AS1",0.239881784540957
"ANAPC5",0.239839596684286
"RPL7P50",0.239807459516644
"GOLGA7",0.239741146470768
"PBDC1",0.239636561541312
"TRIM36-IT1",0.239285564995157
"PIK3C2A",0.239167411540956
"MIR762HG",0.239088520367308
"HMGN2P4",0.23899097954074
"ZNF592",0.238824900595864
"BACE2",0.238731645895072
"TET3",0.238388034956779
"MANBAL",0.23808283235793
"AGPAT4",0.237961725826484
"DCLRE1C",0.237853078882063
"TMEM69",0.23764443268
"JKAMP",0.237638100548804
"DBNDD2",0.237607722548898
"PDE6H",0.237244457108072
"MTX1",0.237200688384511
"YIPF7",0.237014063954086
"HMGA1P2",0.236986619647706
"ARHGAP8",0.236986619647706
"FOXP3",0.236936642749752
"NSUN2",0.236916921687088
"RPL35P3",0.236913598068821
"TMEM30B",0.236913598068821
"RN7SL233P",0.236913598068821
"REX1BD",0.236559675569971
"FAM20B",0.236297046161556
"FOXJ3",0.236211158588216
"GHET1",0.235967287886992
"SCGB2A1",0.235827418230558
"WDR53",0.235821614735498
"DNAJB9",0.235630253752897
"CD300A",0.235608094158537
"ARRDC3-AS1",0.2354222455987
"RN7SL246P",0.235284663065354
"EPM2A",0.234936432694275
"MICA-AS1",0.23489448766696
"LOXL2",0.234715291201494
"GALK2",0.234597454363894
"WAKMAR2",0.234521239947961
"RNU6ATAC39P",0.234501270060189
"MBTPS2",0.234493889625759
"HNRNPK",0.234450405970858
"IPP",0.234446958971378
"PRKCSH",0.234182770735772
"ZSWIM3",0.23414856851142
"GSCAR",0.234055324811631
"SNHG15",0.233559063697321
"CD99",0.233405414711356
"FYB1",0.233301068165761
"LCOR",0.233292467412503
"DNPEP",0.233185346525922
"PPP3R1",0.232924985912939
"RUBCN",0.232910813523904
"ATP9B",0.232869402026531
"SYNGR2",0.232529142733398
"VGLL4",0.232335431005523
"IP6K1",0.232331033645469
"PTTG1IP",0.232065149674192
"ZNF496",0.2317658942605
"CHST1",0.231734929846472
"ZNF132-DT",0.231734929846472
"SMG1",0.231660707076503
"ENTPD1",0.231626257048307
"RPL17",0.231575262955118
"PCDHGA12",0.231508747859536
"FGR",0.231493744110472
"TUBAP14",0.231272436032572
"TAPBPL",0.231007427668359
"MAP7-AS1",0.230906109047865
"ANKRD54",0.230866423734504
"TMEM134",0.2305888423439
"ESPNL",0.230403846980219
"NUDCP2",0.230382600279934
"HAUS6P1",0.230022484552348
"AK3P5",0.229924461883757
"BCORP1",0.229657510945219
"LRRC7",0.229507363846616
"OR52N1",0.229337767169846
"SIRPG-AS1",0.229337767169846
"MEI4",0.229307379385494
"DUSP26",0.229307379385494
"SPANXA2-OT1",0.229286698018853
"DPY19L2P3",0.228939843110212
"BCKDK",0.22883040289342
"TMEM232",0.228537524015412
"SPDYE9",0.228307308192873
"DEFB108B",0.228307308192873
"UBE2G2",0.228198509509617
"FAM117A",0.22812352369584
"SAMD4B",0.228103048809859
"FSTL1",0.227797582554344
"ZNF503",0.227767461617468
"ADCY1",0.227644036238553
"ACP6",0.227405257147522
"ZNF771",0.227119053240197
"GLRX5",0.227071133465405
"BBS5",0.226995505386159
"CERS1",0.22688152822901
"BPTF",0.226795177087034
"STMN2",0.226652626628709
"RNF34",0.226591735016966
"RPL31P38",0.226566573740278
"ZBED3",0.226495069569579
"SLC5A4-AS1",0.226486705453508
"EIF5AP4",0.226384912204878
"SLC46A2-AS1",0.226215937616508
"MGAT4B",0.226202107286606
"ADAM8",0.22597127950283
"GLRX2",0.225734601835243
"SPATA45",0.225676347439667
"LARGE2",0.225656317414576
"KLC2-AS2",0.225376486401072
"UFD1",0.225169469627506
"JAGN1",0.225003358140049
"RARRES2P4",0.224800509769836
"MTND1P3",0.224800509769836
"DUOXA1",0.224800509769836
"RNY1P9",0.224800509769836
"TADA3",0.224646145479818
"ALG1L9P",0.224609173575055
"SIRT7",0.224543919738675
"TAT",0.224542056047664
"DGCR6L",0.22451892613903
"SCYL1",0.224486263986024
"CHP2",0.224304094845322
"RHEBP1",0.224174225808177
"CBLB",0.22415488944969
"OLFML2B",0.224042717210204
"YIF1B",0.224005931431259
"PCDHGB6",0.223980822473778
"SEMA6A-AS2",0.223980822473778
"RPL7P25",0.223980822473778
"RN7SL775P",0.223980822473778
"LINC01563",0.223980822473778
"CADM4",0.223980822473778
"KHK",0.223569177719179
"LRFN3",0.223445481499348
"SLC39A6",0.223420473494719
"SLC25A26",0.223115785045877
"LINC01103",0.223054672072056
"LRAT",0.222840833824632
"UNC45B",0.222840833824632
"RN7SL566P",0.222713538596588
"HAPSTR1",0.222533186677617
"ZNF154",0.222358671400739
"TPGS2",0.222320694252687
"TMSB4XP6",0.222160970923772
"ETFDH",0.222136337002059
"LINC02175",0.222078951161607
"MIR639",0.221831377187756
"GOPC",0.221815257800253
"CSNK1G2-AS1",0.221757392500407
"GNG11",0.221580875346231
"PRTFDC1",0.221335149674418
"STING1",0.221292489536935
"INSIG2",0.22124829037683
"UBE2FP3",0.221034198531872
"HOXA4",0.221034198531872
"LDB3",0.221034198531872
"MIR6769B",0.221024509273241
"TRGJ2",0.221009790037465
"NGFR-AS1",0.221009790037465
"NR3C2",0.220700260821288
"CECR2",0.220481287905874
"STAG3L5P-PVRIG2P-PILRB",0.220455242855876
"ZFP1",0.220352762312265
"LEMD1-AS1",0.220102386878378
"AFF1",0.220038051674787
"RPS6KC1",0.21996084526679
"PIP4P2",0.219648716395534
"ITPK1",0.219426243272979
"DCTPP1",0.219322201044755
"PKIA",0.219218369784379
"SQLE",0.21921415361754
"HBP1",0.219027261729816
"ZNF570",0.218984847398924
"LRRC37A15P",0.218836052877227
"TPPP2",0.218502255992295
"ERICD",0.218469287882027
"CCBE1",0.218469287882027
"SAXO5",0.218469287882027
"SCUBE3-AS1",0.218350429033046
"SMKR1",0.218232172698309
"TRBJ1-3",0.218232172698309
"PCSK1N",0.218232172698309
"PHAX",0.217856109563532
"RPL32P2",0.21754509859371
"CLDN18",0.21744609738856
"SWINGN",0.217316243798909
"RNFT1-DT",0.217304038654128
"MYL6P2",0.21727873733369
"TUBB8P2",0.216762984098325
"POLG2",0.216655315392937
"HOXC4",0.216446531097402
"SLC30A4",0.216440480738703
"IRF5",0.216405885465374
"PCED1CP",0.216292573208318
"ELF2P4",0.216292573208318
"RNF182",0.216292573208318
"TRGV9",0.216292573208318
"CEND1",0.216292573208318
"NUDT9P1",0.216292573208318
"ASAH2B",0.216292573208318
"TRAJ56",0.216292573208318
"CMTM5",0.216292573208318
"RIPK4",0.216292573208318
"MEMO1",0.21625469331984
"ERI3",0.215652594887418
"ENPP4",0.215520258567348
"ZWILCH",0.215335366450097
"BBS1",0.215232117803849
"ZNF302",0.215092674518184
"CRIP2",0.215070426520993
"SFMBT2",0.215047743998189
"PEX1",0.215031377511173
"TMC2",0.214713001679028
"ZSWIM5",0.214518873804053
"TTC3-AS1",0.214463584297438
"TULP1",0.21440613787901
"LYPD6",0.214397006240024
"ZFX",0.214373226952934
"KRTCAP3",0.214007875388424
"MIR1200",0.214007875388424
"TRAJ4",0.214007875388424
"RN7SL619P",0.214007875388424
"ANKRD66",0.213894697488682
"PLCG2",0.213849109406842
"NMB",0.213784218127044
"ADPRHL1",0.21355488166074
"CLDN34",0.213378351933661
"EIF4A1P7",0.213206956344689
"COX7A1",0.213158751149548
"TAB3P1",0.213158751149548
"CILP",0.21302973508693
"ETV6",0.212996614090756
"TMC1",0.21285698812252
"HMGB1P20",0.212798100750364
"NFIA-AS2",0.212748009361653
"RPL7P45",0.212748009361653
"LINC00463",0.212748009361653
"GPR32",0.212748009361653
"PSME1",0.212380315384116
"LCTL",0.212328313644681
"ZYG11A",0.212277914435978
"MTND3P25",0.212277914435978
"RNU6-850P",0.212277914435978
"MIR7151",0.212277914435978
"CDH24",0.212277914435978
"LINC02176",0.212277914435978
"CNN1",0.212277914435978
"LILRP1",0.212136258071931
"MCHR1",0.211961105915357
"RASL11B",0.211504378285467
"ENAH",0.211471371354759
"HAUS7",0.211438486589708
"OR10A3",0.211340834439987
"CEP76",0.211179225880979
"GBP1P1",0.211171403573537
"MARS1",0.210858389438378
"BIRC3",0.210857576063591
"INPPL1",0.210823357379128
"NMD3",0.210747973375577
"SFPQ",0.210703708298629
"CTPS1",0.210702875666346
"NGRNP1",0.210679912048541
"BRD4",0.210673998965276
"STARD10",0.210616173972407
"PITPNM2",0.210489580162042
"GAS1RR",0.210435541572377
"BNIPL",0.210288350816413
"COG6",0.210265929311137
"BEX1",0.209762570893559
"GINS3",0.209697709574969
"CXXC1",0.209641104916426
"TMEM181",0.209383863929468
"NAB1",0.209330824893397
"PCSK2",0.209291868881208
"VPS37B",0.209250167114691
"PP2D1",0.209217400549216
"MANSC1",0.208848501782508
"CHAT",0.208662813005029
"REPS1",0.208559964025248
"ZNF580",0.208495920930112
"TRIM69",0.208455617975976
"ZNF670",0.208421328078546
"SRRM1P3",0.208398853655094
"VWA5B1",0.208285585068958
"B4GALNT4",0.20815157652429
"SYBU",0.208146036763482
"RPSAP18",0.208117407398575
"PA2G4P1",0.208044592585702
"GALNT12",0.208023941528812
"NWD2",0.207923929090174
"MARK2P13",0.207923929090174
"MAB21L1",0.207923929090174
"RNU6-1108P",0.207923929090174
"MYH14",0.20790476791959
"RN7SL381P",0.207869242275157
"TRIM74",0.207771851834407
"CENPN",0.207705404737977
"NSUN4",0.207483762921936
"LINC01443",0.207408456473796
"SLC12A9-AS1",0.207390664919002
"LINC00648",0.207109576779516
"PICART1",0.207082983482626
"LINC01043",0.20701975858814
"CFLAR-AS1",0.206933731768456
"ADAMTS7",0.206925295833063
"MEF2D",0.206780077272955
"SHANK3",0.206759194005736
"SRCIN1",0.206712440667625
"BCLAF1P1",0.20669522203676
"LINC02907",0.20669522203676
"RNU6-23P",0.20669522203676
"TUBB2BP1",0.206633674908202
"ATP8A1-DT",0.206487345408062
"LINC02884",0.206448067661329
"FZD4",0.206353194225142
"HCG4B",0.206331819839257
"TNRC18P1",0.205930324570522
"PCDHGA5",0.205651446247259
"UHRF2P1",0.205651446247259
"SYCE3",0.205651446247259
"SCYL2",0.205570078925279
"RGS1",0.205553779884168
"LINC02255",0.205486775167822
"SMDT1",0.205456342539765
"LINC00621",0.205429725211017
"HASPIN",0.205422174133293
"LINC01269",0.205418986441634
"RN7SL370P",0.205251768000887
"SMARCE1P5",0.205221491733362
"C15orf61",0.205054412398369
"C5orf67",0.204955725124906
"CTXND1",0.20493721037684
"KIAA1549L",0.204929490431976
"RPL6P27",0.204909455559956
"FAM133FP",0.204847365505776
"LRRC53",0.204847365505776
"PRAMEF9",0.204847365505776
"LINC01686",0.204847365505776
"LINC02778",0.204847365505776
"LINC02791",0.204847365505776
"CRYGB",0.204847365505776
"MTCO2P17",0.204847365505776
"FEZF2",0.204847365505776
"PLSCR5",0.204847365505776
"CCK",0.204847365505776
"COX6A1P5",0.204847365505776
"RPL21P45",0.204847365505776
"NSG2",0.204847365505776
"PCDHA5",0.204847365505776
"LINC02239",0.204847365505776
"LINC02982",0.204847365505776
"RPL7P29",0.204847365505776
"RCN1P1",0.204847365505776
"TMEM151B",0.204847365505776
"EVX1",0.204847365505776
"PHKG1P1",0.204847365505776
"BEND2",0.204847365505776
"TNIP2P1",0.204847365505776
"CROCCP1",0.204847365505776
"ETS2P1",0.204847365505776
"RPL12P48",0.204847365505776
"C8orf74",0.204847365505776
"LINC01242",0.204847365505776
"RASEF",0.204847365505776
"TMEFF1",0.204847365505776
"SPATA31F3",0.204847365505776
"RBM17P1",0.204847365505776
"ERVFRD-3",0.204847365505776
"LINGO2",0.204847365505776
"ADAMTSL2",0.204847365505776
"MYO5BP2",0.204847365505776
"LRRC4C",0.204847365505776
"SCN2B",0.204847365505776
"SHANK2",0.204847365505776
"TTC12-DT",0.204847365505776
"TMPRSS4",0.204847365505776
"LINC02743",0.204847365505776
"GRID1",0.204847365505776
"LINC03089",0.204847365505776
"LINC02670",0.204847365505776
"CALML3-AS1",0.204847365505776
"ARHGEF25",0.204847365505776
"LNCOG",0.204847365505776
"RN7SKP8",0.204847365505776
"OR7K1P",0.204847365505776
"IGHV3-47",0.204847365505776
"RPL12P5",0.204847365505776
"NF1P4",0.204847365505776
"MRPL15P1",0.204847365505776
"KRTAP4-1",0.204847365505776
"FBXW10B",0.204847365505776
"LINC00868",0.204847365505776
"LINC01905",0.204847365505776
"MIR122HG",0.204847365505776
"SSTR4",0.204847365505776
"IGLL5",0.204847365505776
"PSLNR",0.204847365505776
"INPP5K",0.204630807844564
"NBEAL2",0.204266281592918
"TMED1",0.20420192384349
"TP53TG1",0.20408736074696
"NEFHP1",0.204033702254397
"CDK4P1",0.204033702254397
"RPS4XP4",0.204033702254397
"PADI1",0.204033702254397
"IGFN1",0.204033702254397
"NFASC",0.204033702254397
"OR6K2",0.204033702254397
"RNU6-501P",0.204033702254397
"CLEC20A",0.204033702254397
"TAS1R2",0.204033702254397
"TRABD2B",0.204033702254397
"CAMTA1-AS2",0.204033702254397
"SLC35F3-AS1",0.204033702254397
"CYP4A22-AS1",0.204033702254397
"PABPC1P6",0.204033702254397
"LINC01920",0.204033702254397
"SSBP3P2",0.204033702254397
"RTP5",0.204033702254397
"MSTN",0.204033702254397
"SIX3",0.204033702254397
"LINC01936",0.204033702254397
"EPCAM-DT",0.204033702254397
"FOXD4L1",0.204033702254397
"CPN2",0.204033702254397
"GRM2",0.204033702254397
"OTOL1",0.204033702254397
"SALL4P6",0.204033702254397
"EPHA6",0.204033702254397
"OR7E21P",0.204033702254397
"STXBP5L",0.204033702254397
"MYL3",0.204033702254397
"LINC01324",0.204033702254397
"LARS2-AS1",0.204033702254397
"XXYLT1-AS2",0.204033702254397
"DRD5",0.204033702254397
"CXCL6",0.204033702254397
"TMEM150C",0.204033702254397
"RPL21P49",0.204033702254397
"AMBN",0.204033702254397
"SNHG27",0.204033702254397
"LINC02497",0.204033702254397
"TAF11L12",0.204033702254397
"CYP39A1",0.204033702254397
"TAAR4P",0.204033702254397
"DACT2",0.204033702254397
"PRSS16",0.204033702254397
"GJE1",0.204033702254397
"GRM4",0.204033702254397
"LINC02487",0.204033702254397
"LINC02538",0.204033702254397
"NAT16",0.204033702254397
"TFR2",0.204033702254397
"TMEM139",0.204033702254397
"CALN1",0.204033702254397
"NPVF",0.204033702254397
"ELDR",0.204033702254397
"LINC01449",0.204033702254397
"CHTF8P1",0.204033702254397
"MTND2P25",0.204033702254397
"TRAPPC13P1",0.204033702254397
"P2RY4",0.204033702254397
"OR6R2P",0.204033702254397
"PXDNL",0.204033702254397
"ARF1P3",0.204033702254397
"SLC2A3P4",0.204033702254397
"NKX2-6",0.204033702254397
"PURG",0.204033702254397
"ADRB3",0.204033702254397
"ZNF572",0.204033702254397
"NPAP1P4",0.204033702254397
"MIR4477A",0.204033702254397
"SLC34A3",0.204033702254397
"LINC00474",0.204033702254397
"CYP4F26P",0.204033702254397
"OR4A8",0.204033702254397
"DLG2-AS2",0.204033702254397
"SLC22A8",0.204033702254397
"OR56A3",0.204033702254397
"OR51E2",0.204033702254397
"OR5M8",0.204033702254397
"OR56A5",0.204033702254397
"LINC02764",0.204033702254397
"LINC02714",0.204033702254397
"LINC00678",0.204033702254397
"WT1",0.204033702254397
"RNU6-811P",0.204033702254397
"SYCE1",0.204033702254397
"CFAP46",0.204033702254397
"DMBT1L1",0.204033702254397
"RSU1P1",0.204033702254397
"ZNF503-AS1",0.204033702254397
"LINC02675",0.204033702254397
"LBX1-AS1",0.204033702254397
"TMEM132D",0.204033702254397
"KRT4",0.204033702254397
"OR11M1P",0.204033702254397
"DDX11-AS1",0.204033702254397
"HOXC13-AS",0.204033702254397
"COX4I1P2",0.204033702254397
"TRPC4",0.204033702254397
"RNF113B",0.204033702254397
"LINC01069",0.204033702254397
"LINC00376",0.204033702254397
"SALL4P7",0.204033702254397
"ATP5F1AP4",0.204033702254397
"IGHVII-22-1",0.204033702254397
"DHRS2",0.204033702254397
"CKAP2P1",0.204033702254397
"TMEM179",0.204033702254397
"OR4K14",0.204033702254397
"SRMP2",0.204033702254397
"TMEM63C",0.204033702254397
"RN7SL584P",0.204033702254397
"LINC01583",0.204033702254397
"GOLGA6GP",0.204033702254397
"LINC01169",0.204033702254397
"MIR4519",0.204033702254397
"IGHV3OR16-17",0.204033702254397
"SHISA9",0.204033702254397
"LINC01227",0.204033702254397
"MIR4314",0.204033702254397
"KIF18B",0.204033702254397
"CNTNAP1",0.204033702254397
"ABCA10",0.204033702254397
"KRT38",0.204033702254397
"ENPP7",0.204033702254397
"MEOX1",0.204033702254397
"LINC02563",0.204033702254397
"MYCBPAP",0.204033702254397
"CIDEA",0.204033702254397
"SALL3",0.204033702254397
"SCRT2",0.204033702254397
"SNPH",0.204033702254397
"RNF11P2",0.204033702254397
"PTPRT",0.204033702254397
"VSTM2L",0.204033702254397
"RIMS4",0.204033702254397
"CASC20",0.204033702254397
"LINC01746",0.204033702254397
"VSX1",0.204033702254397
"COL5A3",0.204033702254397
"CACNG8",0.204033702254397
"MISP3",0.204033702254397
"TPRX1",0.204033702254397
"PSG8",0.204033702254397
"RAD54L2P1",0.204033702254397
"PSG5",0.204033702254397
"DUX4L16",0.204033702254397
"SSTR3",0.204033702254397
"LINC00896",0.204033702254397
"PPP6R2P1",0.204033702254397
"RNF6P1",0.204033702254397
"MTND6P21",0.204033702254397
"OGFR-AS1",0.203796583242413
"TIMM10B",0.203775642333198
"NISCH",0.203426055756031
"ABCF2P1",0.203393828402719
"SNORA19",0.203393828402719
"RN7SKP14",0.203393828402719
"HS3ST1",0.203354120819451
"NDUFA8",0.203098316095491
"MICAL1",0.203084580159919
"C16orf46-DT",0.203080756304937
"ZWINT",0.202934144976614
"TRGV8",0.2028884879379
"LRRC58",0.202842405937737
"KRT18P20",0.202399468628947
"CCER2",0.202399468628947
"MFSD13B",0.202299731704952
"SERINC4",0.202188033338382
"RILPL2",0.202186823154214
"LRGUK",0.202184005505587
"DOCK8",0.201940335321369
"RAB11AP1",0.201906957959971
"OIT3",0.201906957959971
"RPL10P1",0.201906957959971
"LINC02080",0.201903299274482
"RNU6-288P",0.201836681619829
"LINC01983",0.201724157886322
"GGCX",0.201667770487553
"HR",0.201517569556456
"BET1-AS1",0.201421810864354
"TUBE1",0.201363608674203
"IGKV3-20",0.201234807934167
"EFNA4",0.201030845055568
"KLF12",0.200871992303736
"S100A2",0.200777212206644
"SRI",0.200743026315706
"RPL15P17",0.20069296185862
"EEA1",0.200464074435775
"TMCC3",0.200214935141679
"LINC00460",0.19995548082836
"LINC02802",0.199876437115572
"LYSMD2",0.19978530703122
"TMOD3",0.199776719943393
"UFM1P2",0.199740987508861
"RBM34",0.199733889867488
"DNASE2B",0.199681316549501
"LINC03067",0.19967443661926
"PMS2P11",0.199673711896421
"RARS1P1",0.199673711896421
"KRT33A",0.199673711896421
"RN7SL172P",0.199568718485578
"PPME1",0.199470796133197
"LRCH4",0.199366090721976
"ARHGAP20",0.19934313328387
"FAM193B",0.199312948822645
"DNMT1",0.19930085675671
"NDUFV1",0.199295337603192
"GIT1",0.19906640829997
"SNHG28",0.198939397332053
"DCAF4L1",0.198865886035207
"PAK2",0.198859465315664
"KMT5AP2",0.198772748358525
"PRKCG",0.198771070211854
"CNIH2",0.198564190667921
"DGCR8",0.198381328472878
"ZCCHC14-DT",0.19808204439567
"LINC01624",0.198004650095024
"RMND1",0.197988543894849
"SCLY",0.197946711479549
"NLGN4X",0.197912280756601
"NSA2P5",0.197900368580181
"HMGN1P2",0.197900368580181
"AOX1",0.197862091136575
"PAH",0.197862091136575
"KCNIP4-IT1",0.197688813014477
"LINC01446",0.197688813014477
"OR52E6",0.197688813014477
"ACSM6",0.197688813014477
"KRT40",0.197688813014477
"DXO",0.197671891667367
"PNPLA6",0.197490712610938
"NOL7",0.197306440867768
"LRRC41",0.197056851770586
"EFCAB8",0.197039531370694
"DGAT1",0.196378838838528
"UQCRC1",0.196370868048156
"DOK6",0.196173391438569
"RCSD1",0.196107370715545
"KIAA0040",0.196069840375005
"RHOT1P2",0.195997022654782
"CTNNA1",0.195938568918176
"B4GALNT1",0.195897975546755
"MAP3K7CL",0.195871573780616
"SERP1",0.195836884180949
"C11orf98",0.195797875229781
"SLC5A10",0.195776765186762
"ANGEL2",0.195773578060653
"TBC1D2",0.195414178604139
"TMEM161A",0.195407306551056
"RBSN",0.195371381901821
"CAMTA2",0.195290892378485
"SCOCP1",0.195252029666934
"PSENEN",0.19513096352607
"MBD1",0.195028619046481
"OFD1P7Y",0.194949978048329
"MTA3",0.194828596541663
"POU5F1P6",0.194752498852081
"RSPO2",0.194752498852081
"PPP6R1",0.194672375522576
"HSPA8P1",0.194494391159124
"PAPPA2",0.194360709405278
"MAGOH-DT",0.194324659537634
"GRHPR",0.193932246238394
"ZNF526",0.193771221260344
"HNF1A-AS1",0.193677017035498
"SCARB1",0.193632725454119
"ANKRD46",0.193557333596381
"GARIN1B",0.193479133705089
"COPB1",0.192841763915851
"LINC01002",0.192594762951083
"LARS1",0.192551285420712
"COL12A1",0.192471921615193
"RPL23AP92",0.19246685223418
"TRGJP",0.19246685223418
"NICOL1",0.192382295327605
"TNXB",0.192262945447562
"UNC45A",0.192118831625438
"LINC00526",0.192067334995996
"EVA1B",0.191873111463389
"SEMA5B",0.191794949870485
"HSPA8",0.191624841692887
"UACA",0.191130167277525
"TRIM31-AS1",0.190995527491794
"PPP1R11",0.19099156608348
"RHBDD3",0.190978324667133
"ARHGAP10",0.190883706216176
"DNAAF10",0.190791852961792
"TUBBP2",0.190617822179965
"RPS3AP12",0.190356302238529
"ISOC2",0.190316853672522
"CHRNB1",0.190280779900537
"BMAL1",0.189999173231095
"TMED2-DT",0.189977431271041
"B3GALT6",0.189885826305695
"LINC01890",0.189782194139844
"PEX2",0.18972235529686
"MIR548P",0.18965009502087
"UBE2R2",0.189513804154476
"HNRNPAB",0.189078683369596
"NRBP1",0.188934971744874
"RPL8",0.188926496676848
"WDR53P1",0.188899875119964
"RIPK1",0.18888253169178
"PUS10",0.188801650050255
"CATSPER1",0.188772671420222
"PIK3CB",0.188633722341029
"CD160",0.18849711375488
"BLCAP",0.18837715711275
"MAPK9",0.188316762747618
"CALCOCO1",0.188242266119309
"RNU6ATAC23P",0.188138778319052
"PMF1",0.188120249004921
"SACM1L",0.188103485087526
"MIR590",0.187843288606378
"ERBB3",0.187630586304171
"LINC03076",0.187539466532599
"CNPY3",0.187442739486027
"ALDH3B1",0.187276490854812
"CGAS",0.187074358371361
"ODCP",0.186980089196108
"TTTY10",0.186905966394064
"RASL10A",0.186897434740481
"TSPAN7",0.186840275133048
"PWRN2",0.186826902194795
"GAPDHP76",0.186826902194795
"LINC01640",0.186826902194795
"TOP2B",0.186534164368716
"SYF2P2",0.186518269468322
"HMGB1P4",0.186502245956773
"TAOK1",0.186425552970673
"CLN6",0.186362354874402
"ASMER1",0.186321603500357
"ACTA1",0.186101048982207
"LIX1L",0.186053803606817
"NDFIP1",0.185854700275126
"RPL7AP70",0.185642993879742
"ATP5F1C",0.185568421396989
"OTUD6B",0.185505617125316
"GREB1L-DT",0.185454329469991
"KIF16B",0.185390691815656
"HIF3A",0.185165806896779
"KLHDC7B-DT",0.185121985173183
"SF1",0.185101013593055
"RDM1P2",0.185006037230734
"NOS1",0.184613738102188
"NR4A2",0.18435414092248
"LINC00852",0.184257005577232
"RPL31P16",0.184233138322494
"PAM",0.184224369929405
"KPNA3",0.184154699242905
"COMMD10",0.184140063370187
"ZMYM2",0.184138217834022
"TMED9",0.184030531514437
"PSME2P4",0.183875664392712
"TEX28",0.183875664392712
"RN7SL596P",0.183875664392712
"RPS4XP19",0.183875664392712
"CDC42-AS1",0.1838528004066
"SERPINA1",0.18378864726006
"CLUH",0.18362300783422
"ZNG1DP",0.183462207311067
"NUDT9",0.183424877601144
"ADNP-AS1",0.183400301243146
"VWA7",0.183330397220754
"LINC00938",0.183322665456013
"NPIPB5",0.183248680699288
"WBP1P2",0.183200724566508
"FAM72C",0.183166545489874
"RBCK1",0.183139021319684
"RBM15-AS1",0.182764585957553
"PCDH9-AS3",0.182745323940489
"TRAV13-2",0.182745323940489
"OR1X5P",0.1825810796726
"YWHAZP10",0.182520304270569
"THRB-IT1",0.182383889151581
"MIR5191",0.18223776257097
"ADORA1",0.18223776257097
"PCNPP1",0.18223776257097
"MIR7850",0.18223776257097
"DNAJC27-AS1",0.182053486080452
"RNF19B",0.181894798576292
"ZNF497-AS1",0.181840519406012
"RN7SL105P",0.18161205115111
"SYNGR2P1",0.181550277609015
"STIP1P3",0.181517964942841
"ELAVL3",0.181373344520207
"RNU7-56P",0.181325462377716
"POM121B",0.181318033029525
"GON7",0.181271653122259
"ADK",0.180999976982804
"CREB3",0.180981442608913
"UQCRC2",0.180970532660792
"TM7SF3",0.180955735726051
"DYNC1LI2",0.180954960210448
"AKT1",0.180899520076765
"RAB22A",0.180839278621815
"GLRX3",0.18081826315225
"PITRM1-AS1",0.180791061773334
"VASP",0.18071630080934
"MRPS18C",0.180659287036165
"LINC02779",0.180348532191672
"LSM4",0.18034714433597
"ARHGEF11",0.180284958920218
"SMAD5-AS1",0.180142406745028
"MIR4754",0.180119840971903
"FGD2",0.179821789039115
"EIF3G",0.179809206565174
"RASSF1",0.179793487154071
"SHISAL1",0.179699578545435
"ZDHHC20",0.179592603789232
"CIMAP1B",0.179156820353402
"TANGO2",0.179123803982983
"NSL1",0.178967525990931
"LAMTOR1",0.178958798105881
"SCAND1",0.178940551869185
"TMCC2-AS1",0.178735890142442
"RPL22P11",0.178735890142442
"CSNK1A1P3",0.178735890142442
"SSBP3P1",0.178735890142442
"RPL12P50",0.178735890142442
"A1CF",0.178735890142442
"ZAR1L",0.178735890142442
"HOXB9",0.178735890142442
"RN7SKP80",0.178735890142442
"LINC02637",0.178690880353556
"TMEM143",0.178608642777871
"ACAD8",0.178606610712546
"PRDX5",0.178320331742271
"SLC43A3",0.178221807794768
"DLEC1",0.178137711956065
"ALG1",0.177514280976547
"NDC80",0.177446208394341
"PPIL2",0.177371844436777
"IKBKE",0.177305141568127
"LYPLA2",0.177293448802425
"ROCK2",0.177266650244112
"PPP1R2",0.177041533594289
"FAM184B",0.176953009135355
"PADI2",0.176874620323448
"ZNF696",0.17681353606946
"TMEM51-AS1",0.176748311588391
"TEKT5",0.176570885603303
"RNU6-858P",0.176570108496317
"HSPA12B",0.176570108496317
"SCG3",0.176481509740723
"SLC39A3",0.176284569804664
"SLC25A35",0.176206297293759
"RNU6-1003P",0.175986253337484
"PHB2",0.175949924667271
"SMU1",0.175550104395413
"BOD1L2",0.175477825386051
"RPL36P16",0.175477825386051
"GAPLINC",0.175461265063674
"HSPE1",0.175295285667405
"CLCN7",0.175250977080889
"SEMA3C",0.175046134292255
"AIFM1P1",0.175022694246396
"MASP2",0.174913770216963
"ZNF706",0.174897793317738
"DZIP1",0.174879024534595
"MIF",0.174699270817467
"AKAP8",0.174680607540816
"COL2A1",0.17464665912084
"DNAJC9P1",0.174564667923765
"ATP6AP1",0.174538258442172
"TMEM51",0.174353864234974
"HSD17B10",0.174109161066015
"NPEPPSP2",0.173948557036482
"WDR36",0.173863758807284
"RNASE2",0.173831053463883
"NOL10",0.173624397281728
"RABGGTA",0.173301460671226
"BTF3-DT",0.173291014091565
"JSRP1",0.173265766483581
"ZDHHC12",0.172997246781853
"SVIL2P",0.172941114165432
"INSR",0.172850644721796
"RNA5SP310",0.172688127071628
"UBE2L5",0.172643779300487
"LCIIAR",0.172597763007985
"IGLJ2",0.172550594208724
"DCAF15",0.172214885336271
"CABP7",0.172197306737314
"SH3D21",0.172141397938968
"RPL21P41",0.172079486453129
"MIR3181",0.172079486453129
"RPL17P48",0.172079486453129
"RDH14",0.171905806696349
"PCBD1",0.171799232690648
"VSIG8",0.171726681100697
"LINC02799",0.171646375957206
"LINC02813",0.171646375957206
"CTAGE15",0.171646375957206
"RPL17P2",0.171646375957206
"PPP1R8",0.171427092027664
"DUXAP1",0.17091597708631
"TAB3-AS1",0.170848110157891
"TRBJ2-2",0.170810403762095
"RXYLT1",0.170798345334743
"RN7SL521P",0.170701186647387
"ABHD17AP4",0.170687329960695
"TPRG1L",0.170248505776208
"FNDC7",0.170237850282154
"PLA2G4D",0.170237850282154
"ANKRD40CL",0.170237850282154
"LINC02789",0.17022483614752
"LINC00570",0.17022483614752
"RPS4XP7",0.17022483614752
"DOK2",0.170173784620511
"RPL17P50",0.170145446663252
"SKAP1",0.170106174468425
"USP11",0.170011231790363
"GYPA",0.169971986088963
"OR2W1",0.169971986088963
"LINC02400",0.169971986088963
"U2SURP",0.169950334368111
"FOXP4-AS1",0.169853925879387
"SLC46A1",0.169702645040153
"STX18",0.169625193033903
"ANO2",0.169574688742519
"YIPF2",0.169453176129429
"RUVBL2",0.169443413725132
"ZNF606",0.168819289291619
"PPP1R14D",0.168783058714453
"MIR93",0.168731677436352
"NDUFAF4",0.168611228712939
"LGI2",0.168560168946749
"LINC02039",0.168095534357596
"LINC02944",0.168092821942281
"ARHGEF7",0.168038893448104
"PGAM5",0.168038035606708
"HOATZ",0.167908689314673
"DUSP15",0.167703402948645
"CASP8",0.167622275784661
"LINC01203",0.16738272813812
"RPL11P3",0.167326680868772
"SUSD5",0.167318090129207
"TIMM8BP2",0.167086105398886
"RIPOR1",0.166891546206146
"SEC24A",0.16686605270142
"PWP1",0.166656562227359
"RNF220",0.166650803211548
"NBAT1",0.16652829320175
"EIF4EBP1",0.166215610990068
"CD1B",0.166166217275777
"DPT",0.16612803258866
"PCDHA11",0.16612803258866
"PDE7A-DT",0.16612803258866
"INPP5B-AS1",0.166093573220192
"DAP",0.165874587475688
"ADGRB2",0.165834351503345
"WDFY3-AS2",0.165380823354912
"CDS1",0.165300356067061
"GATAD2B",0.165060836049182
"RPL37P23",0.165046473983185
"CIAPIN1P",0.164948056572086
"PEX26",0.164936176409851
"ITPRID2",0.164830503759993
"LINC03014",0.164737660112739
"ZNF567-DT",0.164669526350306
"RN7SL270P",0.164420999158523
"MYLIP",0.164175662892082
"RN7SKP6",0.164027623252243
"TBCK",0.163828690034797
"SOCS5",0.163824186266809
"DCAF7",0.163637189761128
"RN7SKP23",0.163560395529519
"CNOT8",0.16325828912974
"LINC01484",0.163137113370505
"H3P46",0.163137113370505
"TRAV1-1",0.163137113370505
"ALDH1A2-AS1",0.163137113370505
"ABCD2",0.163096379485871
"RYK",0.163055134615305
"SH2B3",0.162986052295424
"RAI1-AS1",0.162861862108479
"PPP2R3A",0.162636116724298
"CCDC144BP",0.162518276155078
"CTSD",0.162468222289179
"RFWD3",0.162321827376786
"XRCC5",0.162097759158835
"RNU5E-3P",0.162024075739915
"CACNA1C-IT3",0.162024075739915
"MICOS13",0.161789081606854
"ANAPC10P1",0.161727644465417
"LINC02610",0.16146731791803
"MTMR1",0.161442190391847
"PARN",0.161103728897569
"RPL27AP3",0.161027467228306
"TRRAP",0.160985725301134
"MBD6",0.160964032890075
"GPR155",0.160757975486285
"TRAT1",0.160659189875094
"PSMG3",0.160608168397229
"RNU6-375P",0.160491223899906
"MPP3",0.160455405856323
"HSFX3",0.160379812801639
"LDLR",0.159781645645167
"HLA-DQB1-AS1",0.159732823891668
"ARRDC5",0.159682968355336
"VPS36",0.159663452430366
"RPS26P6",0.15961283627592
"SHC3",0.159582712924786
"S100A4",0.159427535666177
"VCPKMT",0.159280643091183
"LHPP",0.159014330385289
"PPIB",0.158909173310508
"RPL31P47",0.158580931007578
"MTND1P6",0.158551816975512
"MTND4P23",0.158551159734764
"ROCK1",0.158466752467795
"PDZRN3-AS1",0.158428843583875
"AFG3L2P1",0.15831638058537
"TBC1D17",0.158174602456647
"CSF2RB",0.158103411753696
"RPL7L1",0.158060290091603
"SLC36A4",0.157969932582841
"AZI2",0.157928594609448
"PDCD5P2",0.15786164068642
"RNU6-1180P",0.157845324962724
"STX11",0.157625628045952
"SFMBT1",0.157562981943519
"LINC01943",0.157547091387999
"UBXN4",0.157411730164194
"GLOD4",0.15729028414531
"RAB5A",0.1572272220803
"BZW1-AS1",0.157165376555107
"ATP7A",0.156944069137778
"DYNLL1P1",0.156902402080854
"RPL22L1",0.156895320827252
"SLC35G2",0.156878317152801
"CKB",0.156716025497692
"ARMC5",0.156658670518078
"OR5BJ1P",0.156506042389648
"ADAP2",0.156264166493178
"DIP2C",0.156171795008232
"RPS2P29",0.156105926905492
"CIAO2B",0.156064527652703
"KDELR1",0.156056129051167
"RPS23P7",0.1558204570302
"SPRY4",0.155731689822586
"THSD4",0.155480289843057
"TBRG1",0.155426648293926
"UCHL5",0.155417836413415
"BCL2L1",0.15539462723184
"RPL10AP1",0.155201149781177
"TOMM20",0.155072704683055
"UQCC1",0.154949450994788
"SUB1",0.154885791088658
"BRD7P4",0.154853220642333
"CABIN1",0.154848975638947
"HLX-AS1",0.154799597116114
"SCAMP4",0.154585700262979
"UGT1A10",0.154539762707712
"LINC01815",0.154539762707712
"ATP11AUN",0.154466507137042
"TERF1P5",0.154363343578218
"CCT4",0.154358866054871
"MEOX2",0.154302809943817
"EIF4A1P5",0.154302809943817
"RPLP0P10",0.154302809943817
"SNHG25",0.154216929159215
"RPL13AP23",0.15403056878806
"EMC6",0.154018059850653
"REEP5",0.153877052752562
"GRID2",0.153408567274652
"ZDHHC12-DT",0.153404235360666
"SH2D3A",0.153322557896341
"KLHL5",0.153140049812731
"ZNF736",0.153107530894597
"ATXN7L3-AS1",0.15298159336012
"MPDZ",0.152971140509241
"CTRB1",0.152960074103304
"GDNF-AS1",0.15293457169703
"EIF2S2P1",0.15293457169703
"TMEM88",0.152899074095533
"APPL1",0.152864890452427
"ACTG1P10",0.152830588914993
"VDAC3P1",0.152525123384716
"DANCR",0.152483322295739
"AHCTF1P1",0.152283992767816
"SCFD1",0.152277771310221
"CLASP2",0.151956790006347
"WDR27",0.151933920561467
"IPO7",0.151635218079032
"RC3H1-DT",0.151607821899036
"STAU1",0.15135640869518
"CRTC2",0.151325095296142
"OSBP",0.151308988025392
"RNF6",0.151291153237156
"IGFLR1",0.151275355854761
"TMEM70",0.151183178795405
"PPHLN1",0.15113035831663
"HSP90AA3P",0.151121899879006
"SYNJ1",0.151119840738755
"RPN2",0.151018067710576
"HMGCR",0.150991251463812
"TMEM260",0.150941512956164
"NR4A1AS",0.150793162073164
"LDHAP7",0.150712327570368
"SLC25A13",0.150705971703053
"MTCYBP39",0.150617230025769
"UBE2QL1",0.150617230025769
"HTATIP2",0.150408703618926
"MT-TE",0.150287095612526
"ATP8B1",0.150272121073726
"SDE2",0.150191331146786
"RRAGAP1-AS1",0.149946266349162
"ERP29P1",0.149946186569828
"CASP1",0.149924679778024
"GDI2",0.149900231204049
"LINC02890",0.149884937217012
"APOB",0.149846191192865
"LRCH1",0.149631524435746
"MEN1",0.149572394275591
"DDOST",0.149453994582042
"SAXO4",0.149306270093036
"RANP5",0.14925610175624
"PTGER4",0.149101382805069
"RPS27P2",0.148520907334239
"DDT",0.14816748707949
"TMED10",0.148093137160966
"XAF1",0.148080419611826
"GFI1B",0.148073510528398
"PXN-AS1",0.147976501912532
"CPSF1",0.147705696523347
"RERE",0.147637946391738
"PRELID3BP10",0.147371690630697
"ATP11A",0.147365874085041
"TBC1D9",0.147338799145221
"SOCS4",0.147236015560408
"MAPRE1P1",0.147119359263767
"SRPRA",0.147067964956926
"ARHGEF6",0.146793851302053
"SAP30P1",0.146761531203261
"ERHP1",0.146752961455306
"EFR3A",0.146676797630506
"FAM78B-AS1",0.146659515388975
"FAM86B2",0.146659515388975
"MEIS3P1",0.146659515388975
"CCDC97",0.146505904838892
"ARFRP1",0.146420641652947
"FAHD2A",0.146398262527042
"NDUFB7",0.146292929426181
"ZNF114",0.146252164794774
"NADK2",0.146111593517276
"MRPS31",0.146075461436851
"EMC3",0.145959839135301
"CD86",0.14594599304469
"LINC01911",0.145879126139075
"RNU6-3P",0.145879126139075
"LINC00993",0.145879126139075
"PARGP1",0.145879126139075
"OR2L3",0.145866595861091
"PHOX2B-AS1",0.145866595861091
"RNASEH1P1",0.145866595861091
"CDIP1",0.145835996202343
"FHL1",0.145784239931433
"PDCD6IP",0.145682856614653
"POLR3E",0.145598189437931
"FAM3C2P",0.145499798360145
"RRP12",0.145446841920511
"PTCSC1",0.145438339441375
"HSD17B1",0.145406582330097
"VIM-AS1",0.145288592215953
"USP42",0.145268119772181
"CHPT1",0.145229240600162
"LIF-AS1",0.14522864227957
"RNF44",0.145049267914896
"E2F7",0.145044721185209
"RPL26L1",0.144856091070344
"RC3H1-IT1",0.144773999231928
"IL10RA",0.144726579358593
"MRPS18B",0.144697133614042
"IGHV4-39",0.144591876454019
"TNFRSF10B",0.144538994070549
"CBX3",0.144027992618006
"GCLC",0.143483853300512
"PA2G4",0.143408339795125
"PIGK",0.143371618790215
"ZNF277",0.143350981986419
"RILP",0.143273798475991
"RNF207",0.142677793275765
"LANCL2",0.142622091980564
"CAPN10-DT",0.142444638182364
"PTPN13",0.142371925868002
"TMEM250",0.142284004821365
"NDRG1",0.142044917491764
"LINC01410",0.1417647088389
"TMSB4XP4",0.141719716641463
"UQCC2",0.141680743858851
"IL23R",0.141568769649313
"SMIM10L1",0.141442044335178
"SCARNA9",0.141357299185743
"NARS1",0.141336094916531
"MIF4GD",0.141209382176988
"CALR",0.140876017868382
"DOCK11",0.140787347217398
"ZNF599",0.140764200492621
"WDR83OS",0.140732861637478
"NFAM1",0.140711160091089
"ZNF646",0.140591688727814
"EEF1A1P3",0.140569062482458
"RBM7",0.14054529912447
"SNX22",0.140543920635643
"ANK3",0.140488999669514
"CTSF",0.140360852136359
"BOK-AS1",0.140354179426389
"CALML4",0.140150315653517
"RRBP1",0.140144311694987
"FBXO2",0.140073473022614
"PLP2",0.140067774525409
"LETM1",0.140055616382015
"ICAM1",0.140015600798624
"CENPP",0.139971059165161
"TBC1D19",0.139869586313908
"SP110",0.139866384613813
"RANBP3",0.139833895545902
"TOR3A",0.139747174584046
"C1orf226",0.139663931129993
"XDH",0.139663931129993
"API5P1",0.139663931129993
"SDC3",0.139599441220344
"FTH1P16",0.139454425892185
"USE1",0.139300989003923
"STOX2",0.139184203901964
"CKS1BP7",0.139069000546907
"NHP2",0.138944053312845
"PPIP5K2",0.138880299762155
"DMAC2L",0.13881001616201
"ELOF1",0.138795979560927
"CIAPIN1",0.138430216472702
"RNF216P1",0.138256959821201
"CD40LG",0.138191719684182
"PIR",0.138034050456445
"ACTR3-AS1",0.137958365138109
"NT5C1A",0.137884800003677
"DCLRE1A",0.137747713453708
"SSBL2P",0.13767538070096
"ADAMTSL3",0.137517448330717
"ATF6B",0.137462320284025
"SNRPE",0.137343280137264
"PDIA3P2",0.137336302153007
"SNORD14E",0.137200478936716
"GLE1",0.136986415793571
"DENND2D",0.136896200728276
"EXOC5P1",0.136870686283471
"CLEC10A",0.136831445674105
"DICER1-AS1",0.136778189888533
"ELL2P1",0.136731569152841
"DISP1",0.136410280161541
"GNG2",0.136403823213126
"LINC02909",0.136374236022143
"AP4E1",0.136222194772695
"INTS6",0.13598334112671
"DENND1B",0.135759861197864
"SERBP1",0.135758738244157
"GATA3",0.135635568336844
"SCUBE1",0.135595036268487
"C6orf163",0.135546636183257
"CC2D1B",0.13546725936777
"JAKMIP3",0.135276018611172
"SMYD4",0.135244925785264
"GPATCH2",0.135066915234691
"VDAC2P5",0.134978178120259
"ZBP1",0.134932076845691
"NDN",0.134860827712044
"ZNF346",0.134692959835786
"VPS35",0.134594057109253
"TCF7L2",0.134553626188091
"TGFB1I1",0.13447454015095
"SLC38A4",0.134237345121378
"RHOC",0.134207992777515
"TNFRSF14",0.133984315098188
"RPL13AP5",0.13396820878287
"NCOA3",0.133954210164523
"PSMC3IP",0.133927112005505
"LIAS",0.133921608738752
"CNOT6",0.133914607547574
"TSPAN3",0.133827324156911
"PPP4R2P6",0.133813918159733
"SMIM31",0.133771720442589
"ANKEF1",0.133660542890919
"DROSHA",0.133658864405088
"IKZF4",0.133562457221189
"MRPL52",0.133176510971903
"EFCAB11",0.133129428779875
"LINC02223",0.133124410615327
"RGS10",0.133067144362125
"CYP20A1",0.133024655055588
"HNRNPA1P25",0.133021604858443
"SMYD5",0.132908512555954
"ASNS",0.132896014900049
"CTSW",0.132832236280065
"NDUFB11",0.132667583891379
"EXOSC4",0.132496814356469
"BLZF2P",0.132456298598974
"ATP5PBP1",0.132417096874475
"C11orf58",0.132347389961591
"GYG1P3",0.132225164340125
"FPR1",0.132198117397176
"HNRNPA3P9",0.132038239656325
"PDPR",0.13188936520216
"PA2G4P2",0.131871253485783
"PRR11-AS1",0.131857982672711
"H2AZP4",0.131617571665938
"ANP32A",0.131547291528087
"RN7SL96P",0.131490066928875
"RPL21P129",0.131489344286188
"MRPL50",0.131442561349423
"FYTTD1",0.131374909462608
"RAN",0.131075361120172
"SRPK2",0.131072285356497
"TSPO",0.130960397678496
"RNASET2",0.130862586348196
"CTNND2",0.130773285048356
"SUMF2",0.130729845859464
"TMSB4XP8",0.130640564903666
"SIRT1",0.130370772704168
"ZDHHC8",0.130242765416531
"UPF3AP2",0.130163516393977
"SMG1P6",0.130138534189055
"CCNK",0.130112206877381
"SLC35E2B",0.130089633592561
"MTHFD2P7",0.130080660322637
"ASH1L",0.130048432603165
"RTCA-AS1",0.129967991352676
"PRKAR1A",0.129709290710083
"IDH3B",0.129682111095262
"SPINK5",0.129467019476016
"IER3-AS1",0.129422620413368
"SRGAP2D",0.129324692965467
"SLC39A13",0.129264589448985
"TLL1",0.129260380167612
"RPSAP42",0.129260380167612
"PPIAP52",0.129260380167612
"EIF1B",0.129170909898841
"GLB1",0.129146839721549
"GPR107",0.129096619306064
"RNFT1P3",0.129083420101727
"PIAS3",0.128836257677671
"NUP205",0.128499065741899
"LSM14B",0.128449251659543
"ARAF",0.12836716990841
"IL2RA",0.12829341680029
"MVK",0.12828164238475
"RARA",0.128229667837157
"POFUT1",0.128074490668286
"CBX3P5",0.127466955977914
"MIR4435-2HG",0.127433332306897
"KNTC1",0.127384027913799
"PLBD1",0.127198510385072
"SURF1",0.127101793584105
"C9orf85",0.126982455153559
"MAPKAPK2",0.126938372601735
"RAC1",0.126909748220358
"RUFY3",0.126731567850998
"PHTF2",0.126726727375115
"WDR45BP1",0.126681333229674
"IGLV1-41",0.126681333229674
"MFNG",0.126267952307378
"RPL12P41",0.126232782739808
"CGGBP1",0.126195251908086
"PLEKHA5",0.126181851254414
"SLF1",0.126129944070038
"INTS6L-AS1",0.125992822393597
"FABP5P2",0.125982873158948
"SGO2",0.125830340582947
"PAPSS1",0.12575857400986
"MTPAP",0.125694130100408
"FAM114A1",0.125673722852077
"PDHX",0.12565949859159
"ITGA4",0.125468924732696
"SLC25A36",0.125444236804208
"GADL1",0.125396044112221
"HPCAL1",0.125197443030903
"KMT2E-AS1",0.125051762324969
"SH3BP5-AS1",0.12502277078465
"CPSF2",0.124910789597451
"AP5S1",0.124874888400013
"RPL21P18",0.124599684620674
"TUBA3E",0.124596062536383
"MRPL21",0.124527682338972
"GNPDA2",0.124226136734159
"DDB1",0.124222918445234
"PDCD5P1",0.124216344566086
"HM13",0.123598369795542
"PPT1",0.123323045029938
"NBPF3",0.123261837354719
"CD302",0.123258427539706
"ATG5",0.123159144486697
"ADAT1",0.123119264578191
"RPS10P28",0.123081188329616
"PLA2G12A",0.123049463020267
"PGP",0.122978277257348
"P2RX5-TAX1BP3",0.12291639257957
"SPATA21",0.122294996625278
"NEB",0.12223472793805
"SEPTIN7P15",0.122180668780024
"PSMC5",0.122176720111978
"LIMA1",0.122167895135341
"SOS2",0.122081046884338
"EMC9",0.122039203797085
"CASC23",0.121933190339613
"HNRNPA1P41",0.121695611384757
"EFR3B",0.12168549101821
"CSPG5",0.121528259889999
"USP38",0.12138780197671
"SLC7A7",0.121371075162791
"LINC00652",0.121162781851567
"CCNT1",0.121114231111498
"SNX6",0.120859423552431
"TUBB2A",0.120760780551776
"MAP4K4",0.120734539196556
"RASIP1",0.120701132140098
"MAPKAPK3",0.120575975491446
"SLC30A1",0.120525595784036
"TMEM120A",0.120494246298586
"RPS26",0.120390104293619
"NDUFA3P2",0.120261032342824
"PNN-AS1",0.12021199613971
"BATF",0.119906811512516
"PSMC2P1",0.119862182239598
"CPEB1-AS1",0.119764787007957
"CDKN1A",0.119723018155736
"GATAD1",0.119592763294699
"C5orf15",0.119456288230182
"LINC03011",0.119334174227645
"SLC38A10",0.119290561361377
"POU2F2",0.119128979566175
"LINC02752",0.119050582406532
"ZNF888-AS1",0.119024778919055
"IDH1",0.118913712146856
"TPR",0.118754982855558
"SPATS2L",0.118737476872081
"CATSPERG",0.118579548616987
"HSP90AA2P",0.118503773944668
"SLC22A18",0.118406941451897
"RNF14",0.118361795581992
"RPL34P33",0.117954061679748
"ABCA4",0.11790039129381
"RPL11P5",0.11790039129381
"KLHL12P1",0.11790039129381
"LINC01588",0.117668862133613
"CACNA2D2",0.117661311681353
"ZNF229",0.117574503604517
"LINC02471",0.117519251857532
"INHBA-AS1",0.117408059486287
"NOP53",0.117298986843078
"SPDYE21",0.117293975554358
"USP8",0.117229456461301
"AFDN-DT",0.117211866076733
"PAF1",0.117196321945927
"ZNF814",0.117192697442236
"HYOU1-AS1",0.117070709889512
"CIMIP2B",0.117061663633376
"RP1",0.1168651589763
"EEF1A1P13",0.116846229291781
"FAM120AOS",0.116654132656999
"POTEE",0.116590652442096
"RPL13AP24",0.116549363779294
"OAZ3",0.116358937036991
"GAS2L3",0.116356445025217
"PRKAG2",0.116326779391784
"IL10RB",0.116284775113354
"CYB5R1",0.116172057114666
"SUMO3",0.115976847005732
"SMAGP",0.115878950642702
"CLOCK",0.115822202031051
"GAB3",0.115805783691251
"ARHGAP26",0.115744660874798
"NRDE2",0.115692095084144
"SOCS6",0.115457122885631
"MT-RNR2",0.115454764017952
"CPEB2-DT",0.11542191709824
"RPGR",0.115390548161784
"EEF1A1P9",0.115333775496771
"RDH10",0.115281051904369
"COLEC12",0.115254873187945
"ABR",0.115225487992698
"ZNF644",0.115069130450215
"WDFY3",0.114996563446786
"TRPT1",0.114904936769536
"TTC28-AS1",0.114585143420202
"DEPDC1B",0.114512034543227
"GEMIN5",0.114476131766128
"DOLPP1",0.114434557042033
"RASD1",0.11423838335753
"MCF2L2",0.114117195860531
"ERF",0.114021179642019
"TMEM131L",0.114008896318303
"TOMM70",0.113951649032769
"PGAP4",0.113879406844604
"ERICH2-DT",0.113820702908466
"EGR3",0.113769908907958
"FGF2",0.113721315504354
"DDX41",0.113689295699329
"SURF4",0.11361504598976
"PGD",0.113403203211114
"ARFIP1",0.11330767932373
"SVIL",0.113211818382629
"NMD3P1",0.113119088271621
"TUNAR",0.113119088271621
"TTC19",0.113066360306812
"FBXW11",0.113033651921889
"EREG",0.112985095669019
"GAPDHP40",0.112984978282664
"ARID4B",0.112810957903479
"UBE3A",0.112782370874664
"UBL3",0.112616807600372
"DPM1",0.112609685333891
"RRP8",0.112495804893155
"SENP5",0.112381679002601
"HSPE1P5",0.112340253596854
"PSMB3",0.112275331162486
"SUPT7L",0.112214633846185
"BNIP1",0.112161326994661
"LYRM4-AS1",0.111979198962312
"ANTXR2",0.111970730178495
"GLIS3",0.111968594232363
"GPR160",0.111718109856497
"DDB2",0.111682330727623
"ETF1P2",0.111659381515903
"FBXO25",0.111595108927526
"NPIPB14P",0.111527395392759
"ZBTB46-AS2",0.111274472205267
"USP30-AS1",0.111268236245062
"ZNF548",0.11112689910562
"TAF1",0.1105984876568
"HMGB1P11",0.110567565673684
"IGKV2-28",0.110567565673684
"CTAGE8",0.110567565673684
"PAPPA",0.110340508114643
"STX18-AS1",0.110191158448686
"SNRPD1",0.110026435230388
"PPP1R21-DT",0.110021312923406
"FMNL1",0.109800851182513
"BORCS5",0.109627995615004
"ZBTB40",0.109616149907168
"MAPKAPK5-AS1",0.109599295264161
"MACIR",0.109568170967621
"ARF4",0.109298810753297
"CAND1",0.109295078724604
"SULT6B1",0.109263282356302
"NELFCD",0.109179983437597
"ELOVL1",0.109083228265269
"THUMPD3-AS1",0.109031588465326
"DEGS1",0.108883900123523
"LUC7L2",0.108783680449763
"ACAT2",0.108691006805711
"IGHJ4",0.108512395267564
"LILRA2",0.108481685076965
"NUCB2",0.108268246710724
"KRT12",0.108103648707099
"GTF3C2-AS1",0.108062373231557
"OSTF1",0.107952770251331
"MCM8-AS1",0.107865185725428
"SCX",0.107581667548517
"MKNK1-AS1",0.107330550555388
"IFI44L",0.107317041578397
"SRP14-DT",0.107250502849301
"LINC02202",0.10724916061989
"COPZ2",0.107020369697816
"PRKAR2B",0.106816122831323
"ICAM5",0.106678109057541
"GARIN5A",0.106654773376038
"FAM131A",0.106446751583382
"MYO1G",0.106160595770221
"KDM1A",0.105930931451068
"MT-ND4",0.105764917469732
"RN7SL605P",0.105712273800295
"CCDC141",0.105711484817281
"RPS3AP5",0.105516703595409
"RBM41",0.10549151453143
"CDK5",0.105414345078865
"CTDP1",0.105257824577648
"BPNT2",0.105230937633002
"RPL23AP57",0.105195408127329
"CABYR",0.105186478784198
"TNRC6B",0.105176531430952
"HNRNPK-AS1",0.104899568303184
"PYGO2",0.104892161097206
"HCCS",0.104736228323777
"ELOCP2",0.104712824626861
"CTBP2",0.104556642522183
"ANAPC15",0.104303591353058
"HIBCH",0.104223765760141
"SNORA66",0.104197824041789
"SDHDP2",0.104191113518117
"CACNA1B",0.104065029166275
"TCP1P3",0.103787014164228
"NAA25",0.103747488111929
"FBXL4",0.103722836085445
"RMDN1",0.103709072212666
"RBBP6",0.103435032278064
"CBFB",0.103224713584229
"EOLA2",0.103141852948151
"OR7E85BP",0.103020140541196
"DHDDS",0.102855502284254
"EIF2B1",0.102744218670227
"MRPL57",0.102688453789737
"LINC01182",0.102652338171696
"RPL5P29",0.10264963254253
"BRD10",0.102645810798774
"LILRB5",0.102640902576083
"ERG",0.102624182412247
"ZAP70",0.102615707374521
"HS1BP3",0.102526925979285
"RENBP",0.102489863181348
"CKMT2",0.102451477748323
"HMCES",0.102449048340016
"DLG1",0.102427752723347
"GFPT1",0.102310686931452
"EXOC1",0.102183345096466
"SEMA4B",0.102046334321386
"PIP5K1P2",0.101887940273743
"MTCO1P25",0.101887940273743
"C17orf113",0.101887940273743
"ADCY7",0.101844165289766
"EXPH5",0.101742658764725
"FBLN7",0.10173028076193
"CREBL2",0.101609140453902
"VSIR",0.101402637186755
"PAGR1",0.101083210768777
"PANK3",0.100854682511715
"NINJ2-AS1",0.100821562702707
"TRMT5",0.100819730768043
"SH3BP5",0.100739112769552
"LINC00837",0.100732959551024
"MIOS-DT",0.100357491381073
"CMTM7",0.100334341763812
"SAFB",0.100294717810062
"FARSB",0.100232217468162
"GMEB1",0.100191098560853
"CALCOCO2",0.0999643119625042
"MTLN",0.0999148009577062
"TP53INP1",0.0998664502314315
"DHFR",0.099804553876676
"PRKRIP1",0.0996209519221409
"RUNDC3B",0.099433116305701
"PRKCH-AS1",0.0994193845638089
"HEIH",0.0991411667421036
"RPL7A",0.0990950540205293
"YIPF5",0.09900973372429
"KLHDC2",0.0990020837366507
"SRP9",0.0989124840747689
"RANBP2",0.0988984119971939
"LINC01363",0.0985732806113544
"UXT",0.09822000422101
"CERS6",0.0982069758567382
"LINC01473",0.0981835503396275
"ZNF891",0.098177053057657
"ATRNL1",0.0980770096489269
"ZBTB48",0.0980512205613497
"STK25",0.0980037159744609
"ARHGAP25",0.0979833917061841
"LINC02325",0.0978129358564212
"SLC35B1",0.097782846633222
"ZC3H12D",0.097598940133226
"RN7SL404P",0.0975781150576049
"GPAT2P1",0.0973287792086323
"LINC02997",0.0973287792086323
"OR52K1",0.0973287792086323
"TMEM80",0.097269914142184
"MRFAP1L1",0.0971403237267975
"STX12",0.0969682612790787
"ARID3B",0.0968866357884759
"TMCO2",0.0964346500720087
"SNX21",0.096432978116629
"PAN3",0.0963593865620213
"ZNF518A",0.096352080431667
"SHTN1",0.0962991191768472
"PAK1IP1",0.0962699602716015
"WHAMM",0.0959605416861219
"JADE1",0.0957515234868057
"DGKD",0.0957218681351038
"TANK",0.095720955789546
"R3HDM4",0.095589783549989
"SSR2",0.0955735759781036
"NAA15",0.0954959960191552
"TP53",0.0954694632106783
"MIPOL1",0.0953003264387654
"CLEC17A",0.0952966028247097
"MED28",0.095280545182903
"HIRA",0.0951777173073478
"GRK4",0.0950759414721357
"SLC3A2",0.0949825058976637
"B3GNT5",0.0949375932343377
"MYL12A",0.0947960291932121
"MICALL1",0.0947661132043194
"ZSWIM7",0.0946433001454997
"IQCB1",0.0945923961364276
"STXBP3",0.0945505214522451
"OSBPL7",0.0944383745214144
"TUSC2",0.0944227858626068
"ATP6V1A",0.0943610973849588
"STX5-DT",0.0943318064164307
"RTCA",0.0943020510600243
"PSMD5",0.0942948681784864
"PLSCR1",0.0942621006465161
"ZDHHC2",0.0942261428985549
"ACP2",0.094210031101562
"RNA5SP439",0.0941823672010265
"ZNF124",0.0940908160218495
"ATP6V0A2",0.094058080655381
"LINC00326",0.0940453419519468
"PPFIA1",0.0939837761450687
"RREB1",0.0939068144992231
"BBX",0.0937229147603544
"ALG5",0.0936016002314048
"HSPD1P1",0.0934775999724676
"APOA1",0.0934524818746656
"NSUN3",0.0933626060601383
"TTYH3",0.0932760097291672
"LINC01243",0.0932519372533124
"LINC02304",0.0932519372533124
"CYCSP55",0.0931111157133113
"MRPL36",0.0929276771231596
"POLR1A",0.0929171553633218
"SPG7",0.0927341341123785
"NOPCHAP1",0.0923671944480272
"PPIAP36",0.0919825275702469
"SLCO2B1",0.0919184643077277
"ARMCX3",0.0917528124403588
"LINC02506",0.0916887493030463
"LAT2",0.0916292167772594
"ZNF248",0.0915979437064051
"CICP27",0.0915561321908782
"FRAT2",0.0911105761588156
"MRPL34",0.0909927495065845
"NUFIP1",0.0909643271084442
"MT1F",0.0907934562118468
"SGCG",0.0906754075477875
"ADGRA3",0.0906637279916928
"IQSEC3",0.0906154091013249
"DR1",0.0905587756166207
"VDAC2",0.0905154161824838
"PCLAF",0.0902562964161994
"EIF3LP2",0.0902351126482854
"RPL29P33",0.0902189825238713
"LINC01572",0.0900700738722724
"PTPN2",0.089966803651847
"SINHCAF",0.0897578937681268
"TGFBRAP1",0.0897041845328842
"CBARP",0.0895558900938628
"CPB2-AS1",0.0894682323190956
"SFXN1",0.0894468553079776
"CITED2",0.0892892429701679
"KMT5AP1",0.089253526702756
"SLC30A9",0.0892086610488864
"RFTN1",0.0889367945452416
"WDR64",0.0888548855086733
"RNF149",0.0888548159644595
"GBF1",0.0888265283287391
"LINC02328",0.0888051832646864
"PISD",0.0886888983474288
"RAB39B",0.088665918206332
"KHDRBS1",0.0885696934329796
"SLC35A1",0.0885282704654352
"TMEM126B",0.0884843532551655
"IMP3",0.0884567840782888
"LINC02466",0.0883976441481293
"RNASEH2C",0.0882289158521605
"CLDN15",0.0879421383783751
"GIMAP5",0.0878374929573349
"FRS3",0.0877017493876035
"RBM7P1",0.0876953315622745
"JARID2-DT",0.0876953315622745
"SELENOM",0.0875593845025313
"TBCC",0.0875272276071531
"PDIA6",0.0874466268143199
"ABRACL",0.087369733287713
"PIAS2",0.0873568185231654
"ANP32E",0.0872642709004956
"COPG2IT1",0.0870893430533347
"ADGRD1",0.0869876040402335
"DEAF1",0.0868797985011602
"TEAD2",0.0866842379013046
"SLC25A33",0.086442551492049
"GNA12",0.0864217507236076
"KIAA1614",0.0862076403404002
"TPM4",0.0861025621442248
"DHX35",0.0860814140376283
"YPEL2",0.086034315730938
"PPP1R15B-AS1",0.0859997447605401
"STK24",0.08598336208911
"MIR2052HG",0.0859719118106432
"MFF",0.0858748121676699
"MROH8",0.0858743430480977
"SCD",0.0856159168533141
"CCDC39",0.0855846272233394
"MCOLN1",0.0855422241976319
"ADGRL2",0.0854080265314462
"MTND6P4",0.0851090934255512
"ZNF184",0.0849547806298181
"SBF1",0.0848385223499835
"ENG",0.0848190986419533
"DGKQ",0.0847075735595979
"TIMM8B",0.0846283016601051
"WIPF3",0.0845925468648489
"BCAM",0.0844907553711765
"EMILIN1",0.0844561784411877
"EPS8",0.0843735935430638
"PLEKHB2",0.0843478624658397
"GLB1L",0.0843401482933875
"DNAJC13",0.0843057066625232
"ZNF331",0.084280817334026
"RPL12P17",0.0841972730686862
"UFSP2",0.0841943585830951
"HSPA9P1",0.0841840967552711
"RGS8",0.0840267633320446
"ZNF483",0.0839989281772062
"WASHC3",0.0838940464075168
"FAM110A",0.0838530000116826
"PDK3",0.0838519956484465
"FBXL12",0.0837738875339155
"PSMA6P1",0.083758439259276
"KPNB1",0.0837394730634768
"GRB14",0.0834530412887885
"RRM1-AS1",0.0834327725992137
"IL2RB",0.0834205525013464
"AKR1E2",0.083365965659574
"CCR7",0.0831918978841759
"ABHD17C",0.083137294052875
"SRPK1",0.0830136457288093
"CFAP74",0.0829567117576131
"THAP6",0.0829027520076362
"RNU6-1089P",0.0828842723051164
"ALKBH3",0.0827619798264354
"F13A1",0.082495022071532
"VEZF1",0.0823841791877848
"CDK5RAP1",0.082372535317127
"TTC21A",0.0823125348742358
"PTCD3",0.0823063996811161
"NUTF2",0.0822849061229648
"BMPR1B",0.0822126633549725
"GALNT7",0.0820820030748088
"MTF2",0.0818735606250533
"SELENOH",0.0817767381277722
"HEMK1",0.0817096992552362
"FTH1P1",0.0815353196828152
"TIMM17A",0.0815195967437978
"SYNE2",0.0815132311800835
"SEMA4G",0.0814868525446018
"TRIM11",0.0813946403573199
"SMIM14",0.0813651604623358
"KTN1",0.0809951768015487
"ZNF146",0.0809892083946296
"HES4",0.080944280353993
"CDPF1P1",0.0809418850957143
"PARTICL",0.0809036377934136
"PAGE2",0.0808761696662194
"ZDHHC5",0.0808607476350653
"DDX21",0.0806993861141116
"LAMA3",0.0806815770517883
"WDR43",0.0805412479757169
"CYP4V2",0.080487433810431
"IL6",0.0804756992799778
"ACAA1",0.0804439400229392
"ATG16L1",0.0804340163915045
"SUPT6H",0.0802877006059362
"LILRB3",0.0802677494946306
"CCDC134",0.0802050171649275
"SFTPB",0.0801674966844876
"ICE2",0.0801442596970956
"TOMM22",0.0800665267509338
"SLC45A4-AS1",0.0799503261176629
"GOLGA5",0.0798712288381699
"ERGIC1",0.0798465036600892
"PIP4K2A",0.0797773927316913
"LINC01924",0.0796822787055479
"NECAP1",0.0796041607196372
"HLA-DPB1",0.0795713737087371
"CHROMR",0.0794856858249457
"SIKE1",0.0794623171688399
"TET2",0.0794279710313482
"TMEM106C",0.07922533335058
"SPATA17",0.0792170985274544
"ZNF695",0.0792170985274544
"CALML6",0.0792170985274544
"DYNLL1P3",0.0792170985274544
"MIR576",0.0792170985274544
"MEGF10",0.0792170985274544
"ZNF454",0.0792170985274544
"PWRN1",0.0792170985274544
"CA10",0.0792170985274544
"KRT24",0.0792170985274544
"ZSWIM5P2",0.0792170985274544
"LINC01630",0.0792170985274544
"KIAA1755",0.0792170985274544
"UPF1",0.0790855092879903
"ZNF701",0.0789594156101567
"ARHGAP9",0.0787290393880068
"YWHAZP2",0.0785275684455141
"EVI5",0.0785024341060781
"LINC02194",0.0781112305057086
"RPSAP8",0.0780106958209507
"SEPTIN4",0.0779601376142571
"SWAP70",0.0779474597610063
"SELENOT",0.0776637973987212
"NKIRAS2",0.0776473124699762
"ZNF347",0.0775982034153845
"HNRNPCP3",0.0775232126031117
"NDRG3",0.0773621789345742
"SMAD2",0.0773570191971863
"SMCR8",0.0773118294780922
"RPL34P27",0.077230731889596
"ABCB7",0.077204388343209
"LGALS9C",0.0771591335700648
"SLC38A2",0.0771382247449855
"MIR3155A",0.0771291188580724
"EIF2AK4",0.0768676228086639
"RPL13P12",0.0767810787931274
"ZMPSTE24",0.0767748601283777
"NOMO1",0.0767214606206499
"PEX13",0.076606911721232
"THOC6",0.0765699232389359
"BUD31",0.0763471120895572
"MCM4",0.0762842764110166
"LINC02149",0.0762770638614997
"SLC30A7",0.0762614917635673
"RPS8P11",0.0761447097117635
"LINC00885",0.076136686663628
"ABHD17AP6",0.0761025190635886
"SOWAHD",0.0760783488703586
"TMEM53",0.0757581529777263
"ZNF512",0.0757020045198323
"RIMS2",0.0756938921055853
"CD164L2",0.075647712700696
"NEUROD1",0.075647712700696
"PCDHB9",0.075647712700696
"SCNN1G",0.075647712700696
"LINC01899",0.075647712700696
"HLA-P",0.0756289989940306
"RNU6-1275P",0.0755776917697346
"NFILZ",0.0755776917697346
"IL36RN",0.0755578548313406
"ZBTB20-AS4",0.0755578548313406
"TRBV10-1",0.0755578548313406
"LINC02389",0.0755578548313406
"BRCA1P1",0.0755578548313406
"RSPH10B",0.0755211243140684
"ARAP2",0.0754603852213083
"SQSTM1",0.0754533344120318
"CCS",0.0754166496901496
"LILRA6",0.0754164629974192
"P4HA3",0.0753813157209303
"MTIF3",0.0753705317677179
"LINC03050",0.0752768791054213
"KLB",0.0751741090377004
"UGT1A6",0.0751494383646555
"LINC02746",0.0751127171019478
"RPL7P19",0.0751085991349713
"MCUR1",0.0750426012544603
"RAC1P2",0.0750318765257859
"SHISA7",0.0750021971018444
"IKZF2",0.0749472639584054
"ERN2",0.0747911908673896
"KIAA1614-AS1",0.0747537385814081
"RPSA2",0.0747036137531588
"SLC6A5",0.0746665029923505
"UBE2J1",0.0746551765095795
"KLHL21",0.0745868794245064
"XRRA1",0.0745511534726774
"TJAP1",0.0745305942225566
"HIKESHIP2",0.0744023594157215
"TGIF2P1",0.0743509819104695
"NTF3",0.0743064711872761
"ADORA2B",0.0742181453484401
"INPP5F",0.0742053510405638
"HCK",0.0741462317818614
"EEF1A1P30",0.0741437959210529
"TRAJ12",0.0741437959210529
"PRMT2",0.0741017711847023
"KPNA6",0.0740476241402675
"SPMIP3P1",0.0740362087256606
"MBP",0.0740035872553873
"ISCA1",0.073983558108709
"MILR1",0.0739741161723911
"OXCT2P1",0.0739537676438972
"PABPC3",0.0739123994123717
"TRIM23",0.0738890133127515
"ZFHX2-AS1",0.0738872047993461
"DUSP5",0.0737305291306151
"FEN1",0.0737065874578026
"CBR1",0.0736172330790098
"DNAJC19P6",0.073580170385115
"FAM98C",0.0735580119558881
"LINC02577",0.0735160068451708
"C1orf74",0.0735036335425173
"MOS",0.0734844615681498
"LINC01474",0.0734844615681498
"ZDHHC20P4",0.0734844615681498
"MTA2",0.0733564181563294
"PIERCE2",0.0732332582265838
"POMZP3",0.0732114425105173
"CXCL1",0.0731799735631769
"BIRC7",0.073150659779838
"CHMP4A",0.0731425258514917
"RNU6-97P",0.0731017054900746
"SMIM19",0.0730060099893972
"FPR3",0.0728046366179245
"PPP1CB-DT",0.0726621732859323
"DINOL",0.0726213463337399
"SH3GL3",0.0726213463337399
"TRAPPC2",0.0726046777857379
"ACSS1",0.0725818587920222
"EDNRA",0.0725491059891784
"TESPA1",0.0725299395687641
"LINC02191",0.0724716548972347
"RARA-AS1",0.0723632571396672
"JAKMIP2",0.0722407158344462
"RELA",0.0722235750102793
"CSRNP3",0.0722183892190106
"HNRNPA3",0.0721483605859307
"IGSF21-AS1",0.0720003234153889
"RPS26P52",0.0720003234153889
"BTBD17",0.0720003234153889
"CFAP221",0.071947345572869
"CPNE1",0.0718731188054391
"VBP1",0.071804583789742
"RPL36AP30",0.0717649555664848
"ZSCAN5A",0.0717546677381335
"UBE2WP1",0.0716826050658356
"HMGN3",0.0715599715872845
"PCSK7",0.0713249398971161
"KLF2",0.0712618258942257
"SPRED1",0.0712236665422282
"IER3IP1",0.0711989305072714
"CHMP4AP1",0.071189798413993
"LINC02037",0.071189798413993
"LIX1",0.071189798413993
"NUTM2E",0.071189798413993
"DIP2C-AS1",0.071189798413993
"GOLGA6L1",0.071189798413993
"RPL26P35",0.071189798413993
"TRIM17",0.0711777533443177
"RPL27P9",0.0711777533443177
"HMGN1P4",0.0711750246924319
"SELE",0.0711709213904632
"GOLGA2P8",0.0711709213904632
"PGPEP1L",0.0711709213904632
"ZC3H14",0.0711009384272299
"GTPBP4",0.0710883871704866
"SMIM7",0.071025856341812
"KPNA2P2",0.0708337559416772
"ENTPD6",0.0708183719800755
"BLOC1S6",0.07080774194976
"HNRNPA1P37",0.0707903565071259
"PPP3CC",0.0707778336147151
"TERF1P4",0.0707771909466609
"RN7SL600P",0.0707414050321136
"RN7SL470P",0.0706984227226068
"CCDC180",0.0706931008961641
"UBAP2",0.0705642550948344
"SNORA74C-1",0.0705229670072212
"STEEP1",0.0704847636940504
"KCNJ9",0.0704582164626672
"OR5M14P",0.0704582164626672
"CLPSL2",0.0704582164626672
"RN7SL524P",0.0704582164626672
"RPS26P55",0.0704243295838774
"RN7SL124P",0.070366078977179
"HNRNPA1P28",0.070366078977179
"HNRNPA3P1",0.070366078977179
"CICP11",0.0703421009356613
"ST3GAL5",0.0703338257353524
"MITA1",0.0702147553585538
"CACNG6",0.07012312775511
"CA9",0.0701083585327772
"BTG3",0.0700993224180667
"LINC02457",0.0699495829189873
"TUBA5P",0.0699494157523163
"PLXNB1",0.0699337641250558
"RPS26P11",0.0699219469304916
"MIR4713HG",0.0699196168515563
"LINC02593",0.0698981073109918
"TTI2",0.0698896685436371
"YWHAQP6",0.0698781886859814
"KDM2A",0.0698587434848345
"SNORD92",0.0698450399456694
"TGFBRAP1-AS1",0.0698450399456694
"SNRPCP16",0.0698450399456694
"MIR584",0.0698450399456694
"TTC23L",0.0698450399456694
"TARID",0.0698450399456694
"LARP1BP3",0.0698450399456694
"TUBB8",0.0698450399456694
"TRAJ53",0.0698450399456694
"BEAN1",0.0698450399456694
"HPS4",0.0698337751653039
"MYH10",0.0697712749706299
"ZFYVE1",0.0697603704607789
"MIR1184-2",0.0697557063606974
"RN7SKP151",0.0697557063606974
"ZC3H7B",0.0697446037370195
"SPICP5",0.069661358295858
"TSNARE1",0.0696477542007028
"LINC02247",0.0696469318415632
"LNP1",0.0695455078824743
"POU2AF3",0.0695280023248867
"GNPDA1",0.0694807408534348
"CYBB",0.0694788369359443
"METTL13",0.0694544219799365
"SLC30A4-AS1",0.0694451995703467
"RPL21P74",0.0693683506456259
"ZNF137P",0.0693471089076813
"LINC01766",0.0693120670320995
"ORAI3",0.0692870972032439
"EHHADH-AS1",0.0692777076187744
"LEMD1",0.0692526235226047
"PEX11G",0.06925206170752
"OR10Z1",0.0691989651826537
"MIR4639",0.0691989651826537
"SNORD121A",0.0691989651826537
"LINC02692",0.0691989651826537
"LGR4-AS1",0.0691989651826537
"RN7SL146P",0.0691989651826537
"OFD1P4Y",0.0691989651826537
"RNA5SP190",0.0691858884596651
"EXO1",0.0691451502611754
"APOL4",0.069024073443682
"SPTLC1P2",0.0690205039064062
"THSD4-AS1",0.0689582053596375
"CLIC4P1",0.0689487525274101
"TLE2",0.0688902148455848
"MIR3135A",0.0688558423487143
"RPL23AP48",0.0688558423487143
"RN7SL644P",0.0688558423487143
"SPANXB1",0.0688416200440174
"AGGF1P8",0.0688416200440174
"ZNF209P",0.0688416200440174
"RADIL",0.0688184239680325
"RCN1",0.0687292720228785
"CNTN2",0.0687080889451948
"EFS",0.0687080889451948
"GALNT16-AS1",0.0687080889451948
"HMGA1P3",0.0686458998036503
"PSMA2P3",0.0686062682823781
"ITGA8",0.0685676786081587
"MIR4512",0.0684807443362383
"EGFL8",0.0684034575149868
"RNU6-1199P",0.0683809215899163
"CHSY3",0.0682504569836667
"RAET1L",0.0682293752702856
"DDR1-DT",0.0682148065968328
"SUPT16HP1",0.0681516058105273
"C1orf159",0.0680934833418242
"GTF2IP14",0.0680858074209857
"GLIS2",0.0680124001793099
"TENT2",0.0679926737780742
"LINC00563",0.0679170199625075
"ARL6IP5",0.0678771233378927
"CSTPP1",0.0678012973752305
"STRA6",0.0676789713671007
"NPC1L1",0.0675008685603788
"LHX5",0.0674861195239487
"TCEAL1",0.0674699651696711
"CNN2P8",0.0674663596904465
"RPL7AP40",0.0674663596904465
"COL4A5",0.0674663596904465
"OR1S2",0.0674663596904465
"LMO7DN",0.0674663596904465
"TUBA8",0.0674663596904465
"PTMAP12",0.0674351302967729
"GPC4",0.0674016368855873
"PGM5P3-AS1",0.0673062586899468
"RPS4XP8",0.0673027235132269
"FTH1P21",0.0672547501086493
"C1orf50",0.0672538103669542
"GBP6",0.0672462972657468
"CAMSAP3",0.067238847778809
"LINC02212",0.067225676676408
"BCL2",0.0671625012402747
"RAD54B",0.0671487435670033
"KIAA2012-AS1",0.0671143325819026
"TMEM88B",0.0671039971168924
"RSL1D1-DT",0.0670541186437432
"MRPL30P1",0.0670508252408346
"VARS2",0.0670082577062917
"RPL32P19",0.0670082577062917
"ACTL7B",0.0670082577062917
"RPL36AP49",0.0670082577062917
"PTPRH",0.0670054059640348
"PTCH2",0.0670048140513291
"DYDC1",0.0670006798818323
"OGG1",0.0668937651808455
"BNIP5",0.0668635601726096
"LNPEP",0.0668225858926052
"IMPDH1P6",0.0668147390895081
"MIR4260",0.0668147064732686
"GNB5",0.0668138653924605
"STAU2",0.0667996528590631
"LINC02864",0.0667590663183679
"LINC02796",0.0667532895559145
"RPL29P6",0.0667530214225929
"MYBPC1",0.0667500597437436
"CRYBA4",0.0667435969720052
"RPS3",0.066612022125381
"WNT3A",0.0665836024922404
"EFCAB14P1",0.0665836024922404
"ADORA2BP1",0.0665836024922404
"PRAMEF19",0.0665836024922404
"PROX1",0.0665836024922404
"LINC01755",0.0665836024922404
"CIB4",0.0665836024922404
"RPL23AP37",0.0665836024922404
"RN7SKP119",0.0665836024922404
"RN7SKP61",0.0665836024922404
"TMEM212",0.0665836024922404
"OSBPL10-AS1",0.0665836024922404
"PDGFRA",0.0665836024922404
"FOXI1",0.0665836024922404
"CPLX2",0.0665836024922404
"LINC02147",0.0665836024922404
"RSPO3",0.0665836024922404
"PIP",0.0665836024922404
"GALNTL5",0.0665836024922404
"ZFRP1",0.0665836024922404
"RN7SL658P",0.0665836024922404
"ARSH",0.0665836024922404
"RNU6-285P",0.0665836024922404
"SLC10A5P1",0.0665836024922404
"ADAM2",0.0665836024922404
"TCEA1P1",0.0665836024922404
"SNX18P5",0.0665836024922404
"TRBV20OR9-2",0.0665836024922404
"CFAP77",0.0665836024922404
"FIBCD1-AS1",0.0665836024922404
"GRM5-AS1",0.0665836024922404
"APOA4",0.0665836024922404
"RNA5SP309",0.0665836024922404
"MIR3157",0.0665836024922404
"NUTM2HP",0.0665836024922404
"TLX1NB",0.0665836024922404
"LRTM2",0.0665836024922404
"IL22",0.0665836024922404
"MCF2L-AS1",0.0665836024922404
"GPC6-AS1",0.0665836024922404
"LINC00446",0.0665836024922404
"LINC00366",0.0665836024922404
"SIX1",0.0665836024922404
"KRT8P24",0.0665836024922404
"RN7SL376P",0.0665836024922404
"ADAMTS7P4",0.0665836024922404
"GOLGA2P11",0.0665836024922404
"CCDC33",0.0665836024922404
"EIF5A2P1",0.0665836024922404
"RPL7AP63",0.0665836024922404
"CACNA1H",0.0665836024922404
"MYH1",0.0665836024922404
"MIR6864",0.0665836024922404
"RDM1",0.0665836024922404
"TTR",0.0665836024922404
"FLRT3",0.0665836024922404
"CGB7",0.0665836024922404
"IGLV1-47",0.0665836024922404
"FAM230J",0.0665836024922404
"TMPRSS15",0.0665836024922404
"FDX1P2",0.0665836024922404
"RN7SKP236",0.0665836024922404
"UBA2",0.0665691970884852
"YBX2",0.0665306153972747
"TRMT112P6",0.0663902361003761
"HNRNPFP1",0.0663494093887963
"LAMC2",0.0663494093887963
"FMO10P",0.0663494093887963
"PDE4DIPP8",0.0663494093887963
"ZP4",0.0663494093887963
"ARHGEF16",0.0663494093887963
"RNU7-80P",0.0663494093887963
"BSND",0.0663494093887963
"ACKR1",0.0663494093887963
"LINC02784",0.0663494093887963
"PRAMEF31P",0.0663494093887963
"GALNT14",0.0663494093887963
"RN7SKP168",0.0663494093887963
"C2CD6",0.0663494093887963
"VIT",0.0663494093887963
"ACADL",0.0663494093887963
"LINC01795",0.0663494093887963
"LINC01249",0.0663494093887963
"CHEK2P3",0.0663494093887963
"VTI1BP1",0.0663494093887963
"LINC01811",0.0663494093887963
"LINC01216",0.0663494093887963
"RN7SL357P",0.0663494093887963
"HNRNPA1P55",0.0663494093887963
"PMPCAP1",0.0663494093887963
"SMARCAD1-DT",0.0663494093887963
"DBET",0.0663494093887963
"GLRA1",0.0663494093887963
"PRDX2P3",0.0663494093887963
"AHRR",0.0663494093887963
"NEUROG1",0.0663494093887963
"SLC6A19",0.0663494093887963
"LINC01574",0.0663494093887963
"LAP3P1",0.0663494093887963
"C11orf98P2",0.0663494093887963
"LDHAL6FP",0.0663494093887963
"IYD",0.0663494093887963
"OR2H1",0.0663494093887963
"FRMD1",0.0663494093887963
"TDRG1",0.0663494093887963
"LINC01016",0.0663494093887963
"HEY2-AS1",0.0663494093887963
"ASB4",0.0663494093887963
"SNORD65C",0.0663494093887963
"RNA5SP239",0.0663494093887963
"RNA5SP243",0.0663494093887963
"CYP3A43",0.0663494093887963
"CYP3A4",0.0663494093887963
"SLC26A3",0.0663494093887963
"HEPACAM2",0.0663494093887963
"GALNT17",0.0663494093887963
"PRKAR1B-AS2",0.0663494093887963
"HOTTIP",0.0663494093887963
"SLC16A2",0.0663494093887963
"LINC03099",0.0663494093887963
"CPA6",0.0663494093887963
"RPL35AP19",0.0663494093887963
"CYP11B1",0.0663494093887963
"IQANK1",0.0663494093887963
"PPIAP84",0.0663494093887963
"MIR124-2HG",0.0663494093887963
"RN7SKP135",0.0663494093887963
"RPL21P82",0.0663494093887963
"CEL",0.0663494093887963
"RNA5SP281",0.0663494093887963
"MIR4477B",0.0663494093887963
"FAM240B",0.0663494093887963
"LINC01501",0.0663494093887963
"PAUPAR",0.0663494093887963
"PGAM1P9",0.0663494093887963
"EEF1A1P49",0.0663494093887963
"LINC02711",0.0663494093887963
"LINC02751",0.0663494093887963
"LINC02704",0.0663494093887963
"EIF4BP2",0.0663494093887963
"NEBL",0.0663494093887963
"CYP2C18",0.0663494093887963
"PITX3",0.0663494093887963
"DMBT1",0.0663494093887963
"LINC01164",0.0663494093887963
"ARHGAP22-IT1",0.0663494093887963
"GALNT9",0.0663494093887963
"CASC18",0.0663494093887963
"RPL35AP30",0.0663494093887963
"OR6C75",0.0663494093887963
"KRT80",0.0663494093887963
"KRT73",0.0663494093887963
"MYL2",0.0663494093887963
"LINC02417",0.0663494093887963
"LINC01404",0.0663494093887963
"LINC02874",0.0663494093887963
"PITPNM2-AS1",0.0663494093887963
"LINC02258",0.0663494093887963
"FABP3P2",0.0663494093887963
"ARHGEF7-IT1",0.0663494093887963
"SOX21-AS1",0.0663494093887963
"LINC01075",0.0663494093887963
"LINC00395",0.0663494093887963
"LINC01053",0.0663494093887963
"SLC35F4",0.0663494093887963
"AK7",0.0663494093887963
"MIR3171",0.0663494093887963
"C14orf180",0.0663494093887963
"SERPINA9",0.0663494093887963
"TTC6",0.0663494093887963
"GEMIN8P1",0.0663494093887963
"RPL36AP43",0.0663494093887963
"RN7SL497P",0.0663494093887963
"ELMO2P1",0.0663494093887963
"HBM",0.0663494093887963
"GEMIN8P2",0.0663494093887963
"ACSM1",0.0663494093887963
"IL34",0.0663494093887963
"MMP15",0.0663494093887963
"MTND4LP25",0.0663494093887963
"CALB2",0.0663494093887963
"DYNLRB2",0.0663494093887963
"LINC02125",0.0663494093887963
"TMIGD1",0.0663494093887963
"RPSAP67",0.0663494093887963
"E2F3P1",0.0663494093887963
"RN7SL79P",0.0663494093887963
"NEK4P2",0.0663494093887963
"CSH1",0.0663494093887963
"GRB7",0.0663494093887963
"LINC01976",0.0663494093887963
"BOD1P2",0.0663494093887963
"ENTR1P1",0.0663494093887963
"MIX23P1",0.0663494093887963
"MEP1B",0.0663494093887963
"TMEM200C",0.0663494093887963
"LINC01929",0.0663494093887963
"MYLK2",0.0663494093887963
"BANF2",0.0663494093887963
"EEF1A2",0.0663494093887963
"MKRN7P",0.0663494093887963
"BEST2",0.0663494093887963
"HMGB2P1",0.0663494093887963
"LEUTX",0.0663494093887963
"ZSCAN5B",0.0663494093887963
"ZNF536",0.0663494093887963
"RNU6-1179P",0.0663494093887963
"CYP4F2",0.0663494093887963
"IGLV3-12",0.0663494093887963
"ASH2LP1",0.0663494093887963
"PRAME",0.0663494093887963
"LINC02891",0.0663494093887963
"CYP2D8P",0.0663494093887963
"ANKRD20A11P",0.0663494093887963
"LINC01695",0.0663494093887963
"RPL37P11",0.0662535633132838
"PIH1D1",0.066189982087389
"C10orf53",0.0661650247853432
"RPL29P28",0.0661650247853432
"SLC16A8",0.0661623898861569
"PCNT",0.0661044037800206
"POLM",0.0660960523838099
"RNF169",0.0660352664747698
"GANC",0.0658851907466407
"BAX",0.0658831883661552
"ASB14",0.065836933165421
"M6PR",0.0658367815073917
"DHDDS-AS1",0.0657934984181638
"LINC02761",0.0657256939295278
"DCAF8-DT",0.0657022309054867
"RBFOX1",0.065689238592195
"B3GALT5-AS1",0.0655970309373578
"ELOCP28",0.0654570317168596
"RPS3AP44",0.0654492131433891
"DGKB",0.0654411215294114
"KIAA1143P1",0.0653463778244968
"CEP152",0.0652969896171106
"AP1M1",0.0651927996738142
"ZXDA",0.0651901253507851
"C1orf146",0.0650893710913553
"TRBV7-1",0.0650893710913553
"CASC16",0.0650893710913553
"SLC4A5",0.0649795039781935
"ARF1",0.0649736540668552
"DPP7",0.0649722296416824
"YY1",0.0649608863586361
"WASHC2A",0.0648743372484548
"TEX101",0.064861590703236
"STARD4-AS1",0.0648422561423701
"ST13P11",0.0647368470058708
"YY1-DT",0.0646868023101219
"EGLN1",0.0646414133669869
"RNY4P10",0.0646308257667101
"RPL37AP8",0.0645744345970479
"PPP4R4",0.0645744345970479
"TWF1P1",0.0645744345970479
"RPL35AP38",0.0645744345970479
"RPL35P10",0.0645425298341596
"PPRC1",0.0645390738189119
"TULP2",0.0645137245562111
"PDE4DIPP6",0.0645129107609644
"MRPL50P2",0.0645129107609644
"TMEM249",0.0645129107609644
"FAM88D",0.0645129107609644
"TRDJ1",0.0645129107609644
"RPSAP46",0.0645007674567524
"UBR3",0.0643154220367629
"SGK1",0.0641951940961001
"PDE7A",0.0641529475886083
"PBX2",0.0640578057703957
"HSPB1P1",0.0640562958222439
"PWWP2A",0.0640486183058319
"GINM1",0.0640435153203203
"C2CD4C",0.0640293643089503
"USP6NL",0.0640066131602937
"TRAPPC6A",0.0639906951967021
"H3P13",0.0638637321743876
"TFIP11",0.063794094234982
"DCAF5",0.0637452363510193
"FAM162A",0.0637109452905077
"TACC1",0.0636792767588268
"OR5AU1",0.0635498148138486
"SYNE4",0.0635236273706702
"VENTX",0.063322668971336
"URB1",0.0633071447057381
"POLR2G",0.0632149018689758
"PSD4",0.0631439908472464
"LINC01326",0.0631311920467653
"RHOT1P3",0.0631311920467653
"CES4A",0.0631134181761471
"NUDT22",0.0630934560092296
"DHRS4",0.0630582923006709
"UGT2B29P",0.0629880627455626
"NUS1P1",0.0629315953821393
"HPS5",0.0628158303515049
"PYCARD-AS1",0.0627923990281429
"ECM1",0.0626992087040178
"AIFM2",0.0626710677276553
"RIOK3",0.0626328940551426
"ATP1A1-AS1",0.0625927576499767
"HCP5",0.062521736621328
"RPS26P21",0.0624476704835547
"TAF13",0.0624271189433481
"ATP5MC2P4",0.0624129162450407
"RNF43",0.0622856792355381
"DYDC2",0.0622839198342853
"OGFOD2",0.062068962106532
"MCTS1",0.0620600487787743
"PSMB1",0.0620453687061579
"LDHAP1",0.0620026222996182
"NR2C2",0.061995461246413
"DNAJC1",0.0619826227769632
"NDEL1",0.0619517727993595
"ALDH2",0.0619387866349223
"RACK1",0.0619207348709755
"RAP1GAP",0.0619159804173893
"NFRKB",0.0618709611394483
"UBTD1",0.0618350674118495
"ATF6-DT",0.0617956996978174
"SLC9A9-AS2",0.0617069499265695
"ANKLE2",0.0616671335743354
"RNU5E-10P",0.0616404699033498
"IRAK1BP1",0.0616264431004179
"YTHDF3",0.0615751197646741
"DENND10",0.0615672522856437
"EIF1P5",0.0614409054724458
"MBOAT7",0.0614016147390119
"DRC7",0.0613402632039663
"POLR2J3",0.0613054693642393
"AP3S1",0.0612849040814078
"PNMA1",0.0611631589613533
"NMS",0.0610420099246715
"ITPK1P1",0.0610278584139345
"CORO1C",0.0609753890517116
"STAT5B",0.060961036117036
"DOCK6-AS1",0.0609363267173331
"CD96",0.0609236375869355
"GEM",0.0608807103196051
"ABCA3",0.0608455059280526
"SYT12",0.0608314754763783
"ZNF578",0.0608202649412948
"ZNF407-AS1",0.0606677642075751
"SAE1P1",0.0605965399299506
"GNG3",0.0605965074654548
"RNF5",0.0605815080167277
"USH2A-AS1",0.060567143234826
"EEF1GP2",0.060567143234826
"PTPN6",0.0604622575257788
"ADAM7-AS2",0.0604540094140108
"EBF3",0.0604540094140108
"NANOGP1",0.0604540094140108
"RNU6-835P",0.0604540094140108
"HEXIM1",0.0604510347848741
"EOGT-DT",0.0602857867731884
"OR8B4",0.0602725686050879
"TPMTP1",0.0602522545898787
"PARVG",0.0601752463070084
"MIR7107",0.0601183167400093
"FAM204CP",0.0601183167400093
"SAMD4A-AS1",0.0601183167400093
"RNA5SP437",0.0601183167400093
"DYNAP",0.0601183167400093
"ATP6V1G1",0.0601045395815536
"TRIM60P14",0.0599674093127802
"LINC00392",0.0599674093127802
"UBE2V1P1",0.0599674093127802
"RNU6-1223P",0.0599674093127802
"MAT2A",0.0599468916229157
"PCAT1",0.0599171320955652
"SPDYE4",0.0599170518264186
"DDX46",0.0598681573842197
"AP3S1P1",0.059842232903981
"FAM110D",0.0598104009505602
"NAMA",0.0598057038880369
"RNU6-100P",0.0597901511830806
"NOTCH3",0.05978619630587
"VPS13C",0.0597656447490455
"ALDH1A2",0.0594547644160033
"LINC01849",0.0594007981696896
"ZMIZ1",0.0593770603690865
"SOD2-OT1",0.0593617297134385
"NKX6-3",0.0593517305956959
"RPSAP17",0.0593059658404933
"LINC01614",0.0592362905773264
"RAB5IF",0.0592167292527983
"PTPN22",0.0592026600102151
"ZBTB7A",0.0591371728584686
"RXFP1",0.0591295165421226
"NOLC1",0.0591139838441229
"TMEM223",0.0590610587327121
"HMOX1",0.059016619485408
"MYH9-DT",0.0589819137339242
"LINC01543",0.0589545991322557
"SNORA65",0.058923392684891
"SLC8A3",0.058923392684891
"RPS24P16",0.058923392684891
"PTPRT-AS1",0.058923392684891
"CYP8B1",0.0588891599377186
"RHBDD2",0.0588245209025262
"OR2L2",0.058738381364528
"SSR1",0.0587355164520086
"FHOD1",0.0587026813138256
"PPIAP70",0.0586920533261877
"GEMIN7",0.0586623768636904
"YTHDC2",0.0586077834285496
"TUG1",0.0585346128406258
"RPS26P31",0.0584435035497935
"C2orf74-AS1",0.0584346294396779
"NAIPP4",0.0583408716522596
"SLC9A1",0.0583061808089522
"MTAPP2",0.0582752459741538
"SPDYE11",0.0582752459741538
"LINC03075",0.0582752459741538
"HSPD1P2",0.0582752459741538
"RN7SL209P",0.0582752459741538
"TMEM150A",0.0582727081356777
"LRRC78P",0.0582486916767935
"RPL7AP78",0.0582486916767935
"RBMXP5",0.0582187607801189
"ITPRIP",0.0582167065516166
"IGLV2-11",0.0580777336864929
"NUTM1",0.0580457748500178
"TRBJ1-4",0.0579476570727591
"GPAT4-AS1",0.0578550796817257
"PLXNB3",0.0577540521603798
"URGCP",0.0576648411253757
"FOS",0.0575946960433296
"HNRNPUL2",0.057420964503214
"MIR548A1HG",0.0573878501672903
"NDUFAB1",0.0571396134192594
"ERGIC2",0.0571308201536186
"NOTCH4",0.0571169691613782
"HMGA2-AS1",0.0571021695380705
"SRSF2",0.0570529967005491
"UBE2Z",0.0570249424519515
"RNU7-40P",0.0569494148426981
"ATP6V1C2",0.0569296742048179
"EEF1A1P28",0.056925467424185
"HBS1L",0.0568364629631674
"CDC27",0.0568343483489567
"RN7SL622P",0.0567788999258469
"SMIM13",0.0567674661540444
"CXorf58",0.0566646225864292
"ELMO2",0.056652613626489
"TTC29",0.0566177652302957
"CEP72-DT",0.0566177652302957
"RNU6-227P",0.0566177652302957
"MIR4729",0.0566177652302957
"PAMR1",0.0566082710526863
"TRMT1L",0.056598091063808
"LINC01733",0.0565744658507578
"CTDNEP1P1",0.0565556902686292
"BFAR",0.0565346311695955
"ARPP19P2",0.0565135072498134
"DENND2A",0.0564466709879447
"VIPR1",0.0564251595759748
"NECAP2",0.0563700233874127
"HNRNPA1P59",0.0563696522603215
"ATP6V0CP3",0.0563696522603215
"SIGLEC18P",0.0563696522603215
"HLA-DMB",0.0562649575751436
"HNRNPA1P42",0.056169188597722
"CCDC181",0.056169188597722
"RN7SL535P",0.056169188597722
"SRP72",0.0561497575902626
"PHF5A",0.0561428977519964
"USP34-DT",0.056114995920867
"ERGIC3",0.0560229987670093
"HNRNPH3",0.0560160622688263
"RASA4DP",0.0559296715743038
"FAM83A-AS1",0.0559296715743038
"SNORD36C",0.0559296715743038
"KIAA2012",0.0558934180296537
"PTPRC",0.0558114288870652
"RBBP4",0.0557575010651293
"GIPC2",0.0556722469862907
"RNU6-181P",0.0556722469862907
"HNF1B",0.0556722469862907
"SNRK",0.0556679828816617
"NME5",0.0556229087682702
"EIF3CL",0.0556134486911267
"PEX3",0.0555936760199716
"JAZF1-AS1",0.0555693519286586
"SNX17",0.0555636412339902
"PCDHA4",0.055540650117217
"LYG2",0.0555023779000771
"SNORA31",0.0553032707103941
"SLC25A3",0.0552667980890421
"FCF1P5",0.0552647906996184
"FBXO42",0.0552498763792268
"SMC4",0.0552268324902753
"BLVRA",0.055226211930049
"PPP1R7",0.0551906035202871
"FAM9C",0.0551881013761298
"SCTR",0.0551246321767633
"POTEF-AS1",0.0551246321767633
"KPNA2P1",0.0551246321767633
"PRKG2",0.0551246321767633
"OSTF1P1",0.0551246321767633
"MUCL1",0.0551246321767633
"LINC02322",0.0551246321767633
"KBTBD3",0.0550634394614743
"LINC00574",0.0550262938797212
"RPL13AP2",0.0550245943267646
"E2F5-DT",0.0549953002719738
"RUVBL1",0.0548547215278274
"SLC46A2",0.0548516400950202
"SLC25A25",0.0548359471738974
"SGK3",0.0547594273300091
"FAM222A",0.0547406827144041
"C15orf48",0.0547334428999988
"CD83",0.0547328955688169
"ARSA",0.0547324984638283
"EIF3M",0.0546827473537677
"ADH5P4",0.0546327877753888
"PCNX2",0.0546078851688053
"ZDHHC20P3",0.0544858902113793
"PLRG1",0.054305514454298
"LRRC14",0.0542817143955824
"DYNLL1",0.0542712057004242
"ANAPC1P2",0.0542145893294006
"TM4SF18",0.0542145893294006
"CNOT6LP1",0.0542145893294006
"SREBF2",0.0541373343855735
"USP47",0.0541064852305228
"ALDH1B1",0.0541062587364885
"ARMC6",0.054043539526648
"GXYLT1P1",0.0540258836512898
"TRAJ23",0.0540258836512898
"LINC02351",0.0540258836512898
"UTS2R",0.0540258836512898
"PCDHA9",0.05402521590721
"PRMT1P1",0.05402521590721
"CSRP3-AS1",0.05402521590721
"TNPO1P3",0.05402521590721
"LINC01749",0.05402521590721
"DEFB108F",0.0538750832567644
"DSP-AS1",0.0538750832567644
"IL1RAP",0.0538278520936029
"ZNF506",0.0538104534972017
"MOB4",0.053780477539014
"ZHX2",0.0537595297325612
"RO60",0.0536498878513421
"CENPF",0.0536278730239762
"SLC35E1",0.0535615350965945
"NDC1",0.0534461140280621
"PRRG3",0.053435541242543
"TAF12-DT",0.0533428141711791
"SAA2",0.0532973271664695
"XBP1",0.0531857441229265
"MID1IP1",0.053123010604838
"PKIB",0.053094846979543
"STOML2",0.0530797929862212
"LINC00519",0.0530589675784939
"PPP4R3B",0.0529457974874529
"TMEM230P2",0.0528883220587509
"USP3",0.0528743431092024
"EDEM1",0.0527922838867471
"RINL",0.0527453676278708
"NOC2LP1",0.05274088137139
"RNU6-975P",0.05274088137139
"SP2-AS1",0.0526819583994688
"IGHV3-21",0.0526014325648663
"LINC01965",0.0525964278699119
"FAM242B",0.0525964278699119
"DDX6",0.052586893540042
"IRF2BP2",0.0525865001484333
"TTC5",0.0525545793934019
"CLASRP",0.0524407764914016
"CEP85L",0.0524400347039959
"VAMP4",0.0524360014253734
"WIPI2",0.0523648703887038
"PRKD3",0.0523626952878475
"CD80",0.0523611903522131
"MILIP",0.0523211669624934
"ELK4",0.0523084355800235
"RPSA",0.0521869250766031
"RN7SKP281",0.0521852912105923
"CABP2",0.0521852912105923
"NDUFA3P6",0.0521852912105923
"CEDORA",0.0521852912105923
"INTS11",0.0521814074456643
"MAP3K13",0.0521598654579143
"UTP18",0.052104053504154
"RPL23AP34",0.0520750406513272
"LIPN",0.0520728661028228
"PRSS27",0.0518283277061857
"LINC01942",0.0518164372251798
"OR2B8P",0.0518164372251798
"GTF2IP2",0.0518164372251798
"C1QC",0.0517797825220947
"OR13C6P",0.0517585969415211
"LINC02728",0.0517401358181017
"PRRX1",0.0516244485068615
"FNTAP1",0.0516144519410307
"DCXR",0.0515881433221127
"WASF4P",0.0515876130529357
"PLGRKT",0.0515643150321923
"PITPNA",0.0515431841659752
"COL9A2",0.0515205593366479
"RN7SKP296",0.051507551187781
"C10orf67",0.051507551187781
"APOC2",0.051507551187781
"SLC7A4",0.051507551187781
"NUDT2",0.0514811428043814
"ZXDC",0.0511938854081714
"TTC38",0.0511652808926324
"LINC02365",0.051085804930064
"RNU6-1111P",0.051085804930064
"AP1S3",0.0510594715631216
"RNU6-477P",0.0510251080152229
"MYH6",0.0510251080152229
"PTGR1",0.0509148911418455
"URM1",0.050870019833542
"TMEM19",0.0508609270437816
"STAT4",0.0508431574804935
"MAPRE1",0.0508365116158201
"ME2",0.0507861923779061
"CCDC47",0.0507433914335984
"ACTC1",0.0507334630213076
"TLR4",0.0507192570999895
"MRPL53",0.0505655129525892
"ELOBP2",0.0505348271956496
"PLXNC1",0.0505098882103241
"MAPT-AS1",0.0504641872766067
"SMIM14-DT",0.0503559993622636
"RNU7-50P",0.0503113577135725
"SH3BP2",0.0502605304513565
"PGLS-DT",0.0502588217231053
"RPL21P80",0.0502360014654222
"PRADX",0.0501813188568327
"RPS27AP7",0.0501795928638045
"OSTCP1",0.0500183799957892
"KCTD1",0.0499214334473175
"MLLT1",0.0499017317289206
"PITPNC1",0.0497953402220048
"RASGRP2",0.0497795536563756
"UAP1",0.0497416434525797
"RALGAPB",0.0496900314149371
"USP33",0.0496653261927159
"RNF213",0.0496334409104973
"DAW1",0.0495094141990076
"AOX2P",0.0495094141990076
"CHRNA9",0.0495094141990076
"NCOA4P4",0.0495094141990076
"RNU6-549P",0.0495094141990076
"SULT1A4",0.0495094141990076
"LINC01429",0.0495094141990076
"IFNL4",0.0495094141990076
"HMGCLL1",0.0495000771356368
"UHMK1",0.0494221703651391
"PLAG1",0.0493100765140999
"PCMT1",0.0491857865018965
"RNU6-532P",0.0491813297752865
"SINHCAFP1",0.0491813297752865
"NUDCD3",0.0491684517750877
"GNPAT",0.0491623205348646
"RPA4",0.0491468319068521
"ACTR3BP4",0.0491432777748922
"HCG9P5",0.0491432777748922
"XKR9",0.0491432777748922
"ARID3C",0.0491432777748922
"MFSD2A",0.0491294636534858
"PITPNA-AS1",0.0491025324984867
"SIVA1",0.0490901009160164
"RGPD8",0.0490606127803146
"IL6ST",0.0489435602020736
"STEAP3",0.048844495723762
"HNRNPA3P7",0.0487979202677333
"HCRTR1",0.0487732498297566
"CLTA",0.0487479233959389
"HLA-E",0.0487058103719788
"NDUFS2",0.0485626006686831
"RPL15P22",0.0485531428601935
"FAM8A1",0.0485476293984761
"ALPK1",0.0485271648299814
"VPS26B",0.0485047423470788
"LINC01194",0.0483695584931599
"NFATC3",0.0483665764409808
"SF3A1",0.0483212170640714
"ZNF469",0.0483095792178018
"LINC01003",0.0483030027204597
"ABO",0.0481588618227605
"FBXO33",0.0481078819351195
"PQBP1",0.0480889405558878
"EXOSC10",0.0480574024232217
"SUPT3H",0.0479786159717895
"FRRS1L",0.0478578802205999
"SUCLG2-DT",0.0478302692672391
"PRND",0.0478139444199649
"GPBP1",0.0477728529511497
"MTHFD1L",0.0477397641564976
"RPL5P17",0.0477325309076158
"PEAK1",0.047695535492455
"IFT43",0.0473946026101014
"AKR1C1",0.0473850710152887
"HJV",0.0473379002765423
"CICP23",0.0473379002765423
"RBBP4P5",0.0473379002765423
"OTOP2",0.0473379002765423
"MRPL55",0.0472626413416409
"DSEL-AS1",0.0472193607046767
"AKIRIN2",0.0471877297074248
"BRIX1",0.0471036498436285
"TDRD5",0.0470674542847374
"GAS6-AS1",0.0470394143004432
"NUDCP1",0.0467817868490268
"RIMKLA",0.0467757786084723
"SUMO2P10",0.0467757786084723
"RNU2-65P",0.0467757786084723
"ITM2BP1",0.0467757786084723
"LZTR1",0.0466557380085497
"PHF10",0.0466264221816528
"ZNF277-AS1",0.0466209834507294
"PPM1D",0.0465308456317467
"FOXRED2",0.0463927491564167
"ASF1B",0.0463625196284522
"IPO9",0.0463584089220366
"ITFG1",0.0463092709502479
"ZC3HAV1",0.0462628038515233
"USP22",0.0460944300582209
"LINC02948",0.046086584899014
"ABCC13",0.046086584899014
"RPL7AP66",0.0460641538776367
"GIMAP4",0.0460109208458147
"VAV3",0.0459815290149082
"AHI1-DT",0.0459742945606969
"SKOR1",0.0459307266497259
"CYLD",0.045909642498235
"KCNQ3",0.0459090162083003
"SNRPCP4",0.045901738185029
"TRMU",0.0457886165646921
"RPL7P47",0.0457177679587925
"BRD3",0.0456555105834883
"PCNA",0.0455901856246459
"EIF4EBP2",0.0455716322680476
"NT5DC4",0.0455421382549904
"BAZ2A",0.0455225102607242
"CTSZ",0.0455117218416215
"LGALS3BP",0.0454590781713521
"POLR2C",0.0453762794802343
"SERTAD3",0.0451872465611732
"IMPDH1P10",0.0450894689928898
"SPTBN1-AS2",0.045087207329826
"PITPNM1",0.0450640985467304
"CIRBP",0.0450545680244979
"MYL6",0.0450240453834953
"ZNF98",0.044948560543742
"SMAP1",0.0449049961365922
"RIC8A",0.0448738006335944
"PPP1CC",0.0448362291519246
"BRK1",0.0447706349078941
"NBL1",0.0447649566332841
"MRFAP1L2",0.0447363395997811
"FTH1P4",0.0446430808944512
"IGKV1-13",0.0446250652756287
"SNORD11",0.0445824076518445
"SNRNP25",0.0445791386413851
"DIP2A",0.0444553192360256
"BRD7P2",0.0444201986425481
"PXN",0.0444144723862879
"FAF2",0.0444123759363184
"GNAQP1",0.0443931703920882
"IFFO1",0.0443799313496583
"MYOSLID-AS1",0.0443037656773638
"RANP1",0.044301569739112
"INPP5B",0.0442505390354638
"SPP1",0.0442415807865142
"SHANK1",0.0442030526518636
"C19orf44",0.04418785456974
"SEMA3F",0.0441216701527667
"UQCC3",0.0440866108738971
"PKMP1",0.0440279576708329
"APBA2",0.0440144063144984
"LACTB2",0.0439939154472676
"SPEN-AS1",0.0439370261968823
"OGFOD1",0.0438366906871228
"VAMP8",0.0437964650567352
"RTF2",0.0437883916304219
"KAT7P1",0.0437090940598439
"CLYBL",0.0435604501368033
"LINC01480",0.043550391475054
"MMP14",0.0435212667244281
"TNFSF10",0.0435071353549701
"TPD52L1",0.0434933997401858
"DAG1",0.0434623397954026
"SLFNL1-AS1",0.0432857268074696
"GTF2A2",0.0432470246529816
"TDRD7",0.0432417636170423
"RPL18AP3",0.0431995224837267
"CYP4B1",0.0430449113909983
"EMILIN2",0.0428932284627057
"SGCE",0.0427282441718798
"AK1",0.0426833788817395
"COL5A2",0.0426755595070637
"CWF19L1",0.0426545380657226
"IGHV4-55",0.0426415284386467
"HULC",0.0426353011478917
"TNS2",0.0425795805163506
"SYPL1",0.0425634711228442
"TMC8",0.0424053663233465
"ARL2BP",0.0422385403323394
"MT-ATP6",0.0422352832280013
"MAP2K3",0.0422125222677332
"WNT2B",0.0421869946465839
"PARP3",0.0421782052107752
"LUC7L3",0.0421680868769076
"FRS2",0.0421101903160218
"S1PR4",0.0421073593825374
"CHI3L1",0.0420384300926464
"SPATA33",0.0418796972655546
"ALG14",0.0418638943498591
"MIR4511",0.0418580754291606
"ZFYVE26",0.0418562206742344
"LINC02924",0.0418477085731519
"TERF2IP",0.0418200525505682
"HMGN2P21",0.04177062515169
"MKNK1",0.0417019998425603
"ANXA2R-OT1",0.0416495459032991
"ACBD4",0.0416299431810585
"TRIM68",0.0415619184901694
"CAPRIN1",0.0414455916572001
"RAD52",0.0414395940218632
"FIP1L1",0.0414275599105291
"EPB41L2",0.0413742217359208
"FMO9P",0.0413719375405463
"LINC01632",0.0413719375405463
"CSNK2A2",0.0413131696513635
"DECR1",0.0412683379349532
"RPS26P45",0.0412653757472265
"ZGPAT",0.0412154893455615
"OXCT1",0.0412087265268343
"MRPL20-AS1",0.0411908961305896
"LINC01127",0.0410683393781853
"NDUFA6-DT",0.0409700831265538
"ZSWIM8",0.0408514427807239
"ARHGAP17",0.040699636287392
"PTPN9",0.0406878156432093
"E4F1",0.040669288823796
"EEF1A1P1",0.040663642877888
"IGFBP7",0.0406282590664451
"RPS27P4",0.0405428936840948
"ACACB",0.0405099752161664
"IFT22",0.0404865773500283
"TAGAP-AS1",0.0404552095354509
"TTC9",0.040437387010918
"CTDSP2",0.0403394420841979
"LINC00330",0.0403310031245179
"SDHAF1",0.0403076632579355
"FAM111A",0.0402798940935778
"EEIG2",0.040244780080643
"LINC01418",0.0401281411371704
"RNA5SP156",0.0400761452720956
"RNU2-8P",0.0400761452720956
"QRFP",0.0400761452720956
"STK11",0.0400632727696758
"ZNF326",0.0400583836334967
"CLEC16A",0.0398675299686616
"LINC02146",0.0397952421823724
"SLC9B1P3",0.0397952421823724
"TNFRSF25",0.0397855780210683
"PIGA",0.039667983240672
"TMEM87B",0.0394131650308653
"GAS7",0.0392639279385286
"VWA8",0.0392449939771268
"MRPL32",0.039186588268947
"POLG-DT",0.0390423547308042
"EIF5B",0.0390312129610632
"H2AZ2-DT",0.0389648877956827
"SETP5",0.0389227044333345
"DERA",0.0388616112092271
"TMF1",0.0388529374924013
"BEND4",0.0387499760592565
"ACTR8",0.0387002141619988
"KIF1B",0.0386391391588066
"UBR2",0.0386097985383423
"EYA2",0.0385459641311834
"MATR3P3",0.0385440865164529
"CACNG7",0.0385440865164529
"CERKL",0.03853840868628
"PLGLB1",0.0385028052268969
"ZNF284",0.0384586403070476
"EIF3B",0.0382437052860053
"ZSWIM1",0.038167573151989
"MEAF6",0.038049809988349
"CPT1A",0.0380256305431175
"BTG2",0.0380172075389267
"B3GNT8",0.0380072811854808
"POMP",0.0379750651313867
"HNRNPA1P4",0.0379698081739105
"SSB",0.0379677347086372
"ARPC5",0.0379144065785723
"HARS1",0.0379074504880008
"NSD1",0.0379046944843197
"CNTD1",0.0378914328555093
"UBA52P5",0.0378779572938492
"MAP3K1",0.0378165029573655
"GGA1",0.037746479532418
"IGKV1-8",0.0377237753911345
"IGHD4-23",0.0377237753911345
"STRIP1",0.0377108243589232
"ASB8",0.037703241411143
"LINC00467",0.0376426539293301
"MAP4K2",0.0376013337100494
"ANAPC11",0.0375808109283092
"ASTL",0.0373949310727974
"C19orf12",0.0373935593434893
"TUBAP2",0.0372231043324446
"VPS28",0.0371955477840894
"USH2A",0.037175700044595
"RPL17P5",0.0370857581028185
"ITFG2",0.037036908153922
"ARB2A",0.0370202360050078
"KCNN3",0.0370157280771649
"LILRB4",0.0370053219876705
"RPL31P63",0.0369284167033431
"SLC6A15",0.03685322169977
"LINC03000",0.036793323611817
"MBTPS1",0.0367872474061055
"ZNF534",0.0367704527790048
"YJU2B",0.03676360949722
"CD37",0.0367371350374268
"CDK11B",0.0366767800512853
"DDX17",0.0365882782725336
"PLAGL2",0.0365659108247879
"COASY",0.0365342784739571
"CANT1",0.0363841105884284
"ATP6V0E2",0.0362607231849041
"RPAP1",0.0362326456632371
"B4GALT5",0.0361800412394839
"ARL1",0.0361595196813815
"C4orf46",0.0361207155841526
"MCOLN2",0.0360464857090914
"PTPN18",0.0360248727915252
"MTMR10",0.0360053332397233
"GRPEL1",0.0359504291689155
"SLA2",0.0359179940698554
"CD101-AS1",0.0358922899919348
"PTP4A2P2",0.0358144220943477
"RPL14P1",0.0357761332837578
"B3GNT7",0.0357587038782005
"DNASE1",0.0356833548782423
"SNRPF",0.0356275850371023
"PYM1",0.0355500648913864
"LINC02552",0.0355410213865719
"LINC01872",0.0355297345524407
"DDX19A-DT",0.035506889719915
"ZNF793-AS1",0.0354472666702357
"MASP1",0.0352725535390489
"ATF1P1",0.0352725535390489
"CBLC",0.0352725535390489
"NUDT19-DT",0.0351746391570763
"ZNF492",0.0351568984000006
"HLTF-AS1",0.035126990408153
"FGL2",0.0350979756130592
"TUBB6",0.0350936023229388
"BTF3P13",0.0350916673902198
"ZNF215",0.0350759037288076
"CEP128",0.0350141217637095
"RN7SL382P",0.0349839224815245
"COPS8P2",0.0349192835671197
"FBXO47",0.0349192835671197
"ZNF729",0.0349192835671197
"POLE3",0.0348825495700886
"ADGRG7",0.0348565083778249
"MRPS24",0.0347875187960191
"SELENOKP1",0.0347240420431018
"RGS2",0.0347113945053574
"NDUFB5",0.0346963142309648
"MIDN",0.034695829113705
"DNAH2",0.0346190027539176
"SNHG14",0.0345108110490579
"SLC5A4",0.0344730226940358
"SCN8A",0.0343986117914452
"BTG1",0.0343216782023854
"BIN3",0.0342866466804738
"CSMD3",0.0342212883280736
"F7",0.0342212883280736
"COA8",0.0341694771866166
"REST",0.0341560674497683
"TMPRSS9",0.0341305813687142
"METTL26",0.0341264678125398
"CACNG3",0.0340361373356414
"ACAD9",0.0339466777052415
"EXO5-DT",0.0339298837544512
"BTF3P9",0.0339204512359016
"MLX",0.0338693755649535
"JPX",0.0338662033636927
"SEPHS1P4",0.0338168051815962
"ERCC1",0.0337756238736265
"CDKN2B-AS1",0.0337170077512939
"TMEM219",0.0337035159321101
"RPS7P4",0.033694619442629
"ABCC1",0.0336036812210939
"ZMYM4",0.0335845150434025
"DOCK8-AS2",0.0335741997163734
"ZC2HC1C",0.0335300645868514
"TRBC2",0.0334860889266536
"DGCR2",0.0334776668269743
"APPBP2-DT",0.033398323916987
"ZNF852",0.033390718203897
"RWDD2A",0.0333121653118276
"SOX15",0.033240099950038
"SYN3",0.0332312233064538
"NR3C1",0.0331469630357467
"RPL21P90",0.033091437265338
"TUBGCP2",0.0330744089531398
"REN",0.0330416346731265
"RAC1P5",0.0330416346731265
"POM121L14P",0.0330416346731265
"OR5P1P",0.0330416346731265
"OR5M1",0.0330416346731265
"LINC00642",0.0330416346731265
"E2F6P3",0.0330416346731265
"ANKRD62P1-PARP4P3",0.0330416346731265
"LPIN2",0.0329019992354331
"HGD",0.0327654641668926
"TAT-AS1",0.032764854770845
"CDC37L1-DT",0.0327606230029058
"SLC39A7",0.0327246702223928
"VAV2",0.032653455572812
"SIGLEC1",0.0326255151372242
"ITGA6",0.032558508949843
"RN7SL832P",0.0324117380586942
"ANKRD34C-AS1",0.0323867135633192
"ZNF557",0.0323166556884585
"RHCG",0.032307646670593
"TMED2",0.032249335680994
"NHLH1",0.032221332023043
"NGDN",0.0321132458755152
"ETFA",0.0321106504898368
"ERCC6L2",0.0318826652478909
"TMEM268",0.0318343058216035
"EIF4BP3",0.0318305038641547
"MGST2",0.0317749401632282
"PTCHD1-AS",0.0317359806341
"HID1",0.0317079241765266
"ZCCHC14",0.0316794558199688
"SMC5",0.0316769897441254
"FAM209B",0.0315839131369831
"TMX1",0.0314433527682968
"CD276",0.0314001957791455
"NLRP3",0.0313817072717988
"COX6CP1",0.0313723751077743
"TBPL1",0.0313529877148848
"MRPL42",0.0313525445925758
"LYPLA1",0.0312402102264358
"C1orf43",0.0312401023770418
"RBX1",0.0312197777882458
"CHEK2",0.0312044328184728
"LINC02356",0.0311459526721529
"CRX",0.0310379413809512
"MT-ND4L",0.0310013471369953
"ARRDC1-AS1",0.0309796760405394
"C2CD2",0.0309180749434285
"ANGPT2",0.0309024438696762
"CHCHD5",0.0308852323713897
"LEO1",0.0308734009424102
"NDUFB4P12",0.030697832847366
"TUFT1",0.030685130849522
"LINC00528",0.0306787591571605
"MAPK8IP1P2",0.0306546628623798
"PRDM4",0.0306406821299124
"AVPI1",0.0306260756440886
"EEF1D",0.0306025575388319
"RASSF1-AS1",0.0305600892385018
"CNNM3-DT",0.0305248195595036
"APIP",0.0304844073749264
"LINC01870",0.0304256058974698
"LEMD3",0.0303148451488354
"ATP5MGP2",0.0303057387988171
"HLA-DQB1",0.0302966388026294
"NAA35",0.0302966360152915
"SLC27A3",0.030227251785736
"LAMTOR5-AS1",0.0301947633733287
"FAM13B",0.0301444581981925
"CDYL",0.0300634828690875
"UGDH-AS1",0.0299906378497038
"TMEM185B",0.0299825676615347
"CYFIP2",0.0297790424778367
"POLR3C",0.0296871046423959
"H1-10-AS1",0.0296817029997496
"EXOC8",0.0296598693960374
"ZBTB38",0.0296551918504825
"RPL3",0.0295434305765247
"TBXAS1",0.0293544241524278
"LINC00847",0.0292987409547221
"CTNNBL1",0.0292676684700676
"SLC22A17",0.029259447725485
"UGT8",0.0292208324057202
"LINC02608",0.029206546673998
"ACTBP8",0.0291642968350656
"KRTCAP2",0.0291276168299903
"PARD3B",0.0291249139182193
"LINC02242",0.0291171982169995
"TPM3",0.0290310460412266
"ZMAT3",0.0290112877442076
"ZNF324",0.0290096777436292
"GTPBP1",0.0289665462980515
"ADD3",0.0289558262312476
"TUBGCP4",0.0289315391065818
"IRGQ",0.0289302100861107
"TOMM5",0.0289046151472725
"DTNB",0.0288754837386189
"ADPRM",0.0287497894331854
"CREB5",0.0287331107163001
"FCGR1A",0.0286740916360205
"LINC00402",0.0286497488873607
"HSCB",0.0285774189316626
"C14orf178",0.0284973475715086
"RBIS",0.028477108621775
"MDH1",0.0283895697955201
"RPP30",0.0283562391026949
"PDXP-DT",0.0282533252825808
"HYLS1",0.0281507612955903
"PREP",0.0280780680815078
"LINC01865",0.0280708676750189
"MRPS16",0.0280677365120019
"EIF1P7",0.0280072868951101
"LINC00963",0.0279708412724362
"CUL4A",0.0279438546880227
"OSM",0.0278638990845034
"CRY2",0.027852430330727
"CACNA1A",0.0278217955088733
"TMEM165",0.0278020490750802
"NPM1P39",0.0277874044379581
"KATNA1",0.0277502944214477
"UBE2L3",0.0277351034205037
"CDC73",0.027714170523336
"SUCO",0.0275796331460797
"ALDH1A3",0.0275595989878566
"DZIP1L",0.0275101439411688
"CUL5",0.0274314252832356
"RPS2P28",0.0274164760904154
"AP3B1",0.0274121395120974
"RELT",0.027374453635465
"HLA-DMA",0.0272658785897447
"DGUOK",0.02724342258522
"CCDC17",0.0271937524092177
"RPL21P4",0.027155944649614
"PAQR6",0.0271134996794373
"HTRA3",0.0270967856057251
"ST7L",0.0270941719279859
"GGA2",0.027083050408175
"IQCA1L",0.0270358109493827
"MFSD8",0.0269553900564204
"CASC3",0.0269511927774191
"GHDC",0.0268981772142245
"OR10H1",0.0268505853512173
"TMEM132A",0.0268053273261537
"MEAK7",0.0266917941094747
"RHOQP3",0.0266647251249991
"RBBP4P4",0.0266647251249991
"H3C10",0.0266647251249991
"SEPTIN14P6",0.0266647251249991
"YPEL5P2",0.0266647251249991
"SSBL3P",0.0266647251249991
"LINC03082",0.0266647251249991
"HSD17B8",0.026588419186369
"SRPRB",0.0265422944403264
"RBMX2",0.0265339572100733
"HLA-T",0.0264290493864425
"HSD17B12",0.0264259000691565
"RETREG1-AS1",0.026425123013094
"UBN2",0.0264229673650241
"ST13P5",0.0262643507754704
"PELO",0.026215526537846
"APOA2",0.0260959514575456
"RAP1B",0.0260284795615607
"CUL7",0.0259935998381713
"BIN2P1",0.0259780908250511
"SLC43A2",0.0259672461157653
"RNF103",0.0259516711937387
"OXA1L",0.025933644627465
"RIOX2",0.0259239206241921
"WDR81",0.0259113370733144
"ANAPC16",0.0258972214916746
"MBD3L3",0.025893582240676
"LINC01509",0.0258846324664841
"RNY4P34",0.0258298820252694
"SEBOX",0.0257558036326165
"FBRS",0.0257078475272086
"HLA-DPA1",0.0256839181508537
"EPOR",0.025678523037243
"DUSP28",0.0255439773232693
"TMT1A",0.0255346238342623
"ZNF813",0.0255083043887829
"ZNF441",0.0254989760930053
"ADCY3",0.0253938190853532
"CERS6-AS1",0.0253598389559718
"RPGRIP1L",0.0252802562764656
"SLC19A1",0.025253049399118
"SAMD8",0.0252508559669259
"SLX4",0.0251935074062403
"DUSP12",0.0251920000852941
"R3HCC1",0.0251868159031952
"HMGN2P10",0.0251669933758838
"RHEB",0.0251304971221859
"SRGAP3-AS3",0.0251083222681731
"SEC24C",0.0250638731253127
"HSP90AB3P",0.0250599640317197
"SEC63P1",0.0250443258158327
"LINC01962",0.025006376177618
"BMAL2",0.0249415844147974
"TPI1P1",0.0248920923932287
"H2AZ1-DT",0.0248333601366366
"GABRA2",0.0248308928508007
"RN7SL453P",0.0248308928508007
"ARHGAP40",0.0248308928508007
"EIF2AK2",0.0248257965690881
"HCG14",0.0247925602577017
"DNA2",0.024773279493441
"RNASE6",0.0246033462540253
"ASB1",0.0245726614965079
"LINC02693",0.0245445094176117
"RPS3P4",0.0244653492021501
"NDUFA5P11",0.0244416724504279
"PRSS36",0.0242931577704921
"PRAL",0.0242877048442997
"KBTBD8",0.0242017332807112
"PNKP",0.0241926532625592
"TMEM67",0.0241404113729973
"ATG7",0.0240306519143211
"GOLGA4",0.0239856107831351
"GHITM",0.0237392516489372
"CRACR2A",0.0237361680659109
"ZNF821",0.0236149224703294
"CLIC1",0.0235866847625627
"ATP5F1EP2",0.0235393312327234
"GABARAPL2",0.0234098788275779
"ATP5F1CP1",0.0232592954165287
"CNPY2",0.0232542289732527
"GPANK1",0.0232231240012985
"LINC02964",0.0231880139736262
"DDTL",0.0231544212711509
"KDM3A",0.0230834128775197
"CYFIP1",0.0230754641263584
"CAVIN3",0.0230310443501066
"UBE2E3",0.0229962024457811
"DDX39B",0.0229670071376412
"MT-TS2",0.022954675402256
"CHCHD7",0.0228946694920596
"EMC2",0.0228823505737126
"MATCAP1",0.0228542830356283
"ANKRD36C",0.0228339321539839
"PRPF6",0.0228171657993592
"GASK1B",0.0228064246568575
"NOXRED1",0.0225143683373143
"ARV1",0.022462956528666
"ACTR1B",0.0224585807088109
"UVSSA",0.0223796885383039
"LINC00336",0.0223049052804276
"RNU6-1301P",0.0222878601388932
"RPL36AP46",0.0222734373215498
"CAPN3",0.0222727761920449
"HMGN2P23",0.022268978915523
"SLC37A2",0.0222265873497154
"RTP4",0.0221800486972607
"ASPHD1",0.0221410144911028
"RN7SKP224",0.0221384487086585
"PPP1R14BP2",0.0221384487086585
"LINC02225",0.0221384487086585
"FTMT",0.0221384487086585
"USP12P1",0.0221384487086585
"AMD1P3",0.0221384487086585
"RPL7AP34",0.0221384487086585
"CASC9",0.0221384487086585
"OR1J1",0.0221384487086585
"PLCZ1",0.0221384487086585
"MIR342",0.0221384487086585
"SPINT4",0.0221384487086585
"SPINT1-AS1",0.0220814357022539
"ZNF200",0.0220377671483071
"MREG",0.0219703813755264
"GSDMA",0.0219618894986085
"POGK",0.0218703912870342
"ZNF737",0.0218485479638373
"ERVK3-1",0.0218378847759115
"RPL8P3",0.0217995136069958
"PHKA2",0.0216624873782365
"MRPS15",0.0216378372315178
"TBC1D8",0.0215979019112571
"MYADM",0.0215843472468067
"DDN-AS1",0.021574483584993
"LINC01684",0.0215456475808003
"HEXIM2-AS1",0.0215144577633811
"MOK",0.0214805776548658
"DKC1",0.0214225826696705
"EFCAB10",0.0214078805344465
"CAP2P1",0.0214006827378581
"NUP155",0.021377355183489
"TRIM32",0.0213126558130782
"ZNF699",0.0212714253684508
"CIMIP2A",0.02121218835878
"AGO1",0.0211486065211303
"LINC01094",0.0211331927621082
"VPS39-DT",0.0210487085713969
"ZNF252P-AS1",0.0207931717752918
"SIGLEC16",0.0207418055221089
"NAPSA",0.0206971991083032
"IGKV1-33",0.0206541118417359
"HERC1",0.0206502727684554
"MTCO3P29",0.0206275915111189
"LIN52",0.0205719139202859
"FLII",0.0205529873143934
"POMT1",0.0205264734669446
"AKR1A1",0.0205042717438658
"RABAC1",0.0205006511987342
"WDR55",0.020495567369113
"STAG2-AS1",0.020481844141557
"RAB8A",0.0204539221486486
"ABCF1",0.0203765302696188
"LINC01798",0.0203595562375844
"LINC00658",0.0202529002220047
"CCAR1",0.0202261782341703
"ERVV-2",0.0202063958894526
"NIN",0.0201624865113026
"TKTL1",0.020144737242651
"OBSCN-AS1",0.0201113928907384
"SP5",0.0201113928907384
"RPL22P23",0.0201113928907384
"TFDP1P2",0.0201113928907384
"ABRAXAS1P2",0.0201113928907384
"HNRNPA1P60",0.0201113928907384
"OR7E140P",0.0201113928907384
"WFIKKN2",0.0201113928907384
"SUMO2P17",0.0201113928907384
"ZPBP2",0.0201113928907384
"CSNK1E",0.0201071295844276
"BHLHE40-AS1",0.0200776491013209
"PSMD2",0.0200197967389203
"STOX1",0.0199785619179584
"FFAR1",0.0199313280638044
"POLG",0.0199234088269043
"RPL29",0.0198340329011235
"RNF39",0.0197656182932105
"IFT20",0.0197294729971448
"FDX1P1",0.0196923752218512
"ITGB5",0.0196514467623951
"PLA2G6",0.0196311897847461
"ARHGEF2",0.0195779916414987
"LINC02484",0.0195631670200009
"ZNF185",0.0194641154826571
"ESYT2",0.019441642998447
"MMP11",0.0193393483248616
"DAZAP2P1",0.019323563654082
"A2ML1-AS2",0.0192931488719258
"KIN",0.0192499013498373
"RNF13P1",0.0192389838443953
"RPL35AP36",0.0191882141626834
"PSMA6",0.0191720993963518
"RNU6-1024P",0.019159656684318
"STYXL2",0.019072482572757
"LINC02996",0.019072482572757
"LINC00411",0.019072482572757
"DUX4L46",0.019072482572757
"FALEC",0.0190649225498304
"WDR83",0.0190172785944356
"MYH13",0.0189950489886164
"SS18L2",0.0189827640524235
"SIRT3",0.0189784718324898
"ERVK13-1",0.0189553678062525
"DUT-AS1",0.018881458762346
"TGIF1",0.0188641862531287
"LEPROT",0.0188629170470361
"PYROXD1",0.0187095636075699
"TM6SF1",0.0186953016741528
"FNDC1",0.0186078554155889
"OTULINL",0.0185822770997804
"PSMA4",0.0185302893759347
"CEP43",0.0184774844340469
"TMEM30A-DT",0.018476633426785
"CDKL3",0.0184658280223188
"CAPZB",0.0184263012398317
"MARCHF9",0.0183420769381529
"FOXD2",0.0183376828253755
"RNU6-1116P",0.0183248057490908
"STOML3",0.0183248057490908
"SLC35C2",0.0183237681247656
"SDCBP2",0.0182990086392298
"EXT2",0.0182404860446708
"TPCN2",0.018240413138611
"ST8SIA2",0.0181293544661761
"ALYREF",0.018074679565405
"C19orf53",0.018053943571463
"STKLD1",0.0179590723108201
"SMARCAD1",0.017911671721347
"OLA1",0.0178919118809277
"ZDHHC19",0.0178875245927687
"DNAJB6P1",0.0178476148846994
"RC3H2",0.0178182902137107
"RNU7-63P",0.0177461361279145
"VPS45",0.01774171333147
"TMEM44",0.0177200641384329
"S100A11P1",0.0176827360957378
"HELB",0.0176410063236298
"CYP2F1",0.0176297603884637
"DEPDC1P1",0.0175997466971415
"OS9",0.0175644104965524
"PGDP1",0.0175533290358604
"FMR1-AS1",0.0174784094671148
"PDE2A-AS1",0.0174535292892915
"C6orf226",0.0174420606595065
"LMOD3",0.0174348713801988
"LINC01349",0.0174306733999005
"UBTFL6",0.0174306733999005
"PSMB3P2",0.0174306733999005
"MTND2P38",0.0174306733999005
"MTND1P7",0.0174306733999005
"LINC00592",0.0174306733999005
"SOHLH2",0.0174306733999005
"SV2B",0.0174306733999005
"MIR1288",0.0174306733999005
"CDK3",0.0174306733999005
"NOL4",0.0174306733999005
"ASXL3",0.0174006675432234
"CFLAR",0.0173908042772341
"RPS7P3",0.0173008183099141
"CLMN",0.0172902258130774
"KLF3P1",0.0172696759055705
"ATRAID",0.0172562737491152
"NPM1P26",0.017226268151194
"TOR1AIP1",0.0172201783964329
"GNGT2",0.0172130847628567
"ECD",0.0171487396358018
"LDLRAP1",0.0170685886866954
"SYF2",0.0170414326735682
"EDF1",0.0170373102570003
"SVOP",0.0170089229563768
"NVL",0.0169954573148288
"OR52N4",0.0169852688499799
"MIR555",0.01697995988767
"RAP2A",0.0169689580062404
"SIAH1",0.016887894245207
"CDH13-AS2",0.0167652189014818
"FGL1",0.0167435600313933
"TOM1",0.0167433504833118
"DDX59",0.0167419501719088
"HADHB",0.0166887048159126
"ALDOAP2",0.0166817809556591
"CPT2",0.0166482998504434
"CAMKK1",0.0166185429630421
"IFT80",0.0165842970527359
"SLC17A7",0.0165526093279666
"BSN-DT",0.016543123817635
"ITGB8-AS1",0.0165352601723407
"VRK2",0.0165240805196347
"GPR85",0.0164918102227602
"HSPA5P1",0.0164882181976355
"PIK3CD-AS1",0.0164781953156928
"TARBP2",0.0164520072853371
"SUMO1P3",0.0164374305961865
"SHE",0.0164107723698495
"UIMC1",0.0163572447035785
"ZSCAN18",0.0163466645421098
"MAP2K6",0.0162734446036084
"RNU4ATAC18P",0.0162716036155344
"TXLNG",0.016222579246317
"CHMP1B-AS1",0.0161562794628205
"PCSK5",0.0160665123590708
"HYMAI",0.0160222234993196
"SERINC2",0.0160038021742763
"RPL36AP7",0.0159812883767291
"RAB40B",0.0158695847755574
"TYW5",0.0158310232067318
"SRBD1",0.0158284518601513
"USP48",0.015759676110889
"IGKC",0.0157429696987024
"B3GAT2",0.0157283479411293
"MIR339",0.0157266569593917
"WDTC1",0.0156648766857931
"GOLGA1",0.0156616743851848
"BTBD10",0.0155610684923616
"COG1",0.0155483966079041
"PPA2",0.0155351455908713
"WASHC5-AS1",0.0155142713614905
"MRPS22",0.0154888044764162
"MIR302CHG",0.015482681655442
"EEF2KMT",0.0153633973864983
"INTS10",0.0153602429717065
"ATL3",0.0153577462815787
"RASSF2",0.0153455590073285
"CFAP92",0.0153365797626581
"OTUB1",0.015335082963887
"RPL7AP35",0.015308567488831
"PARP6",0.0152426159894136
"GPR34",0.015240328992272
"SMG1P2",0.0152313051463606
"ZNF652",0.0151400321189234
"PABPC4-AS1",0.0151214029153519
"STAT3",0.0148450319307479
"LINC02371",0.0148097177516331
"ZNF493",0.0147318662831214
"MED4",0.0146303823174464
"PKD2",0.014600539506475
"PTRHD1",0.0145962506926636
"TTC21B-AS1",0.0145452247826677
"HRNR",0.0145057654113821
"RPL21P118",0.0143909311112401
"CHST2",0.0143790365105749
"FOSB",0.0143516079246277
"EIF3FP1",0.0143378350271926
"ERO1B",0.0143357524301703
"LCDR",0.0143226540023712
"RNU6-450P",0.0142869187283868
"AGAP2",0.0142648100061985
"LARP7",0.0142563971081846
"PICK1",0.0141506255840724
"RPL17P39",0.014093992460949
"CD163",0.014067351876069
"CHCHD2P6",0.0140130318582853
"TTC31",0.0139926264119087
"CCDC74BP1",0.0139397679579014
"PHF23",0.0139242019164273
"NOL8",0.0139128749136649
"RMND5B",0.0138985631179055
"FGF9",0.0137927263498831
"CEP63",0.0137119828938044
"ST13",0.0137066311694894
"DHX36",0.0137054125782744
"PRDX6-AS1",0.0136120323415878
"TBC1D31",0.013528566436991
"TMEM161B-DT",0.0135083092638019
"LRRFIP1",0.0134935156695571
"QPCTL",0.0134588760982382
"MARCHF1",0.0134340640272461
"PIBF1",0.0134288137132018
"TMEM217",0.0134146277800486
"ZNF333",0.0133954230209416
"OR10A2",0.0133819446805434
"SS18",0.0133088963883653
"TTC7B",0.0132994207130905
"APC",0.0132908472513934
"LY6E",0.0131299189725502
"ADAMDEC1",0.0131189494435195
"C14orf39",0.0130914452527584
"YIPF1",0.0129936079676658
"LINC01266",0.0129884456048195
"ZNF621",0.0129399327105103
"TRPV4",0.0129359921829775
"SNRPD2P1",0.0129077534250989
"ZNF433-AS1",0.0128824177877276
"FAM230C",0.0128718251150229
"NPTN",0.012817020469594
"GATAD2A",0.0128002486723427
"THAP9-AS1",0.0127865089040549
"ZNF292",0.0127762883754887
"HNF4A-AS1",0.012754700277668
"NOA1",0.0126859622123117
"IFT52",0.0126496695074579
"RNF138P1",0.0125808659127475
"UNC80",0.0125754471182811
"TNFAIP8",0.0125032501580426
"PSMD11",0.012428587361432
"RNU6-1316P",0.0124165660298978
"LPGAT1",0.0123818734204209
"XIAP",0.0123789069877643
"SLC1A3-AS1",0.01237473193918
"TMEM52B",0.0123491771886998
"EGFL6",0.0123294641748311
"SLC39A13-AS1",0.0123180177547231
"RPL34P1",0.0123148663881021
"PCK2",0.0122502525154535
"CRHBP",0.0122117439347446
"BMP2K",0.0121807741168308
"KLHL12",0.0121715839808366
"SLC41A1",0.0121533162175016
"PAQR5-DT",0.0121430999787047
"AEBP2",0.0121198771708533
"CARMN",0.0120593974885785
"OSBPL8",0.0120547294476918
"SPICE1",0.0120248905438994
"DNAH9",0.0120132750202954
"LINC01748",0.0119723705252268
"TSC22D3",0.0119669761095558
"BTF3P4",0.0119508821786513
"GPR137B",0.011939212789557
"MPL",0.0118974646831368
"RNA5SP96",0.0118974646831368
"PPP4R2P2",0.0118974646831368
"RPS18P6",0.0118974646831368
"PTPN11P4",0.0118974646831368
"LINC02218",0.0118974646831368
"CALHM4",0.0118974646831368
"CNTNAP2",0.0118974646831368
"SEPTIN14",0.0118974646831368
"ART2BP",0.0118974646831368
"CYP2B6",0.0118974646831368
"SIGLEC20P",0.0118974646831368
"DSCAM-IT1",0.0118974646831368
"UBQLN1",0.0118871139659382
"CYB561D2",0.0118642784004853
"GSTK1",0.011849713797173
"LILRB2",0.0118347708916356
"ZNHIT1",0.0118166822330287
"PDF",0.0118028900571154
"HSPA14",0.0117666426771378
"BOLA2B",0.0117596020355792
"EDEM3",0.0117585327242654
"ITGA9",0.0117323642270513
"RPL13AP7",0.0116823263317792
"NPM1P8",0.0116729203197965
"SVEP1",0.011664219250563
"RMC1",0.0116358843375869
"RAMAC",0.0116159661747788
"TGFBR2",0.0115614137906367
"MAGED2",0.0114843404446757
"ARRB2",0.0114751177775145
"PER1",0.0114617343530822
"CTTNBP2NL",0.0114349664308602
"RAB6D",0.0113971104553072
"ABCD3",0.0113857983596
"TUSC1",0.0113615327279342
"DNAJC19",0.0113112870348166
"KAT8",0.0112962789649535
"VPS26A",0.0112775913822622
"NCK1-DT",0.0112544901456063
"DUSP3",0.0112053347513509
"LAMTOR3",0.0111930711409386
"CLCN3",0.0111923272082964
"RAD51-AS1",0.0111255939333178
"E2F6",0.0111136852212075
"ZNF438",0.0111089113035739
"RAB11FIP2",0.0110452415834475
"PBXIP1",0.0109899195902908
"NIPAL3",0.010950527707953
"CNNM2",0.0109306674701377
"DCUN1D1",0.0109295776404823
"TPRKB",0.0109267007203461
"ERMP1",0.0109145313348932
"MEIS2",0.0108701051879511
"PRDM1",0.0108507603300349
"CCND2",0.0108363885123072
"EXOSC6",0.0108098513412364
"SAMD11",0.0107944194810478
"HAT1",0.0107574069973872
"TPPP3",0.010724015940594
"TBC1D8B",0.0106701106840215
"JAML",0.0106229340229848
"LDHB",0.0105862459534322
"ZBTB44",0.0105859650134269
"COPG2",0.0105217654247395
"PCDHB8",0.0105096330200785
"ELOCP3",0.0104604283856414
"NPM1P5",0.0104424221320303
"CELF2-AS1",0.0104335873258926
"HES1",0.0104163958795431
"C2orf88",0.0104155609032278
"FANCA",0.0103710628462218
"FAM72D",0.0103624171005227
"C1DP1",0.01028174700383
"CAMLG",0.0102490850004126
"GRK3",0.0102456114870203
"CMPK2",0.0102250074186841
"RALGAPA1",0.0102208796955108
"NRBF2P3",0.0102088369774542
"FGD6",0.0101898517797956
"LMLN",0.0101772649556363
"TXNDC2",0.0101707827266377
"CTNNA2",0.0101621602282491
"HOOK3",0.0101397611951404
"SKA2P1",0.0101300697715342
"FGD1",0.0100183223557582
"C20orf96",0.0100016526964015
"PSMC1P9",0.00998825489944634
"AKAP12",0.00995772354536637
"ADAMTS3",0.0099550294526983
"MRPL54",0.00994761996286591
"CALM2",0.00989865121850886
"NAP1L4",0.0098931946678679
"PRPS2",0.00983184687804075
"PPFIA2",0.00976167747793009
"IGF2",0.00975049974157146
"SLC39A1P1",0.00974538931517849
"GCDH",0.0096993244014126
"ITCH",0.00968143018532621
"CICP13",0.00967930683562489
"RPS3AP10",0.00967930683562489
"B3GALT1",0.00967930683562489
"ZNF90P1",0.00967930683562489
"UNC93B8",0.00967930683562489
"UNC93B7",0.00967930683562489
"ETF1P1",0.00967930683562489
"PTCSC2",0.00967930683562489
"LINC00358",0.00967930683562489
"CICP4",0.00967930683562489
"RPS5P3",0.00967930683562489
"RPL10",0.00966642447848897
"TMEM108",0.00961403388231177
"ECHDC1",0.00959189716880786
"ESYT3",0.00953993204927879
"TMEM41B",0.00953624788230041
"APLP1",0.00953591454568388
"MAGOHB",0.0095353608653862
"KIR3DL2",0.00952766504829418
"AIG1",0.0095120902135127
"ATP2B4",0.00950893695810636
"PAIP1",0.00950184252993313
"SIRPB1",0.00947153166379076
"FECH",0.00944504076219581
"HELZ",0.00943960615102787
"MFHAS1",0.0094155273135542
"PDE2A",0.00937846419242273
"PPWD1",0.00935718655991313
"SLC4A1AP",0.00932859817119574
"LINC02931",0.00932317077116897
"PFN2-AS1",0.00928629525119834
"CPEB2",0.00927661201785772
"RCE1",0.00927372473423283
"EEF1DP8",0.00921678292642214
"GSK3A",0.00918683289301201
"EIF4E",0.00917907158250684
"CCDC12",0.00916527556666971
"ARHGEF40",0.0091403237964114
"PIGS",0.00913748892140943
"MX1-AS1",0.00909607143861127
"C4orf3",0.00907288965800171
"SLC44A1",0.00905499465180827
"APOL2",0.00902641936346044
"DCUN1D3",0.00901552085471724
"BST2",0.0089398522812837
"ASNSD1",0.00890893366710393
"HMGB1P3",0.00887184553511463
"CDR2",0.0088391761297032
"RPS6P2",0.00883312944303259
"PLK2",0.00880546137425483
"KMT5C",0.00880439309791927
"IP6K2",0.00878561910542636
"BEX4",0.00877188040043156
"PAQR9",0.00868051906669063
"ZFAND6",0.0086757162146939
"RPL13AP8",0.00865598548197587
"LINC02049",0.00863836185149492
"LINC00598",0.00863230632549524
"SCGB2B2",0.00862005050072303
"MMAA",0.00860845773232325
"SLC66A3",0.00846701283461571
"BRCA2",0.00840420867212362
"RTN4IP1",0.00839415451537931
"PLEKHA1",0.00836871221974182
"CLINT1",0.00836221934764117
"CENPO",0.0083580096707002
"ERBIN",0.0083116964712571
"GMPPA",0.00830861121542451
"ALS2",0.008269510945842
"DHCR7-DT",0.00825463927358742
"SEL1L",0.00816659527462258
"COA1P1",0.0081615105079662
"CEP57L1",0.0081595790028573
"FAM3C",0.0081513730547246
"BNIP2",0.00814387514723197
"PRR13",0.00806386108838592
"BRMS1L",0.00806357728616545
"RPL17P7",0.00804510664661765
"FANCF",0.00802203658737853
"LSM8",0.00801395321586142
"ENC1",0.00801341070117156
"RPS3AP49",0.00799122082327981
"PSMD9",0.0079654925591585
"GAPVD1",0.00796353671512057
"LMNTD2-AS1",0.00796251903062735
"ATP5PO",0.00795469673207375
"ASTN2",0.00795027654577781
"UBE2W",0.00794648880927943
"KAT5",0.00789854095794625
"ZBTB17",0.00788507557205167
"RAD23B",0.00787986261744976
"CBR3",0.00787205406183528
"ESRP1",0.0078687094647176
"WDPCP",0.00780915119684111
"ABLIM3",0.00778309361300244
"EMP3",0.00777203706605319
"PCDH7",0.00775210276216616
"OSBPL1A",0.00772283295799399
"FTH1P5",0.00766900620775561
"NSMAF",0.00766206995283951
"PENK-AS1",0.00765364435029665
"EPC1-AS2",0.00762604700590027
"IFIT2",0.00759785277106285
"PIWIL4-AS1",0.00759470651745126
"CCDC175",0.00757913602138243
"ETF1",0.00757603208674608
"TMA16",0.00754673935370575
"GUF1",0.00752071832647046
"FERRY3",0.00750733873518621
"EEF1A1P11",0.00744875934397383
"CENPN-AS1",0.00743657320403083
"AMANZI",0.00740586036499029
"CTNNA3",0.00738981063031016
"SNRPB2",0.00738155076145619
"ZMAT2",0.00737116793668748
"BTAF1",0.00736221492619721
"ST3GAL6",0.00733518173064881
"BMS1",0.00732526789311898
"MYL12AP1",0.00731435952375762
"NRK",0.00727831690828988
"RPL21P87",0.0072636097072246
"HACD4",0.00721598113337953
"PTMAP11",0.00720805542387931
"CLTC",0.00718756056998599
"PURA",0.00716529965525549
"RN7SL8P",0.00715886729167404
"C19orf73",0.00713736946244617
"CD47",0.00712794482331605
"MYO9B",0.00710186188338057
"FZD7",0.00710141128872944
"TMEM33",0.00707927754535672
"VPS18",0.00704552768533926
"CCNI2",0.00700794739903733
"OTUD7A",0.0069498588617258
"RPL13P6",0.00694477846000491
"CHIC2",0.00692608696931403
"KTI12",0.00691631908426557
"MT-TT",0.00684930039172013
"LINC02930",0.00684638360567082
"ZC3H7A",0.00681510271824683
"PRELP",0.00678113677061197
"CD244",0.00677740455732808
"F11R",0.00676445634779456
"TENT4A",0.0067620872084277
"FPGT",0.00675212381245255
"ENTPD4",0.00663006111833724
"KRR1",0.00658177625649419
"LINC02473",0.0065757128149638
"EEF1A1P19",0.00655164759939109
"VKORC1",0.00651967364829899
"RN7SL473P",0.00651069582813114
"FAM229A",0.00648537207200281
"CLPB",0.00648368472195794
"SILC1",0.00644568112620514
"PXT1",0.00643722478293076
"ZDHHC4",0.00641949685106956
"CREM",0.00639691253677486
"LANCL1",0.00638710055940212
"RAPGEF1",0.0063717044828932
"TARS3",0.00635003730490763
"GASK1B-AS1",0.00634989661356535
"ST13P7",0.00633139071553587
"POLR3H",0.00630514688508844
"TSR2",0.0062967207596181
"TPK1",0.00627077339792856
"STEAP1B",0.00625921770359231
"ATP5MGL",0.00624648711414709
"RPS18P9",0.00623830766464963
"RNU6-522P",0.00623658021412455
"BBS9",0.00620869916588316
"BMAL2-AS1",0.00618293871627525
"ING5",0.00616851708359893
"HIGD1A",0.00614699119183001
"SF3B3",0.0061320255262478
"WASHC2C",0.00610632989435434
"CIDEC",0.00609498150254977
"MRPL20",0.00607608805534913
"OSCAR",0.00603257493322072
"GOT1",0.00602051607030671
"LINC00649",0.00598237980812075
"TDRD1",0.00597085702806858
"CEACAM5",0.00596860431804418
"SMAD7",0.00596783010075991
"BCCIP",0.00594627350573731
"NRIP1",0.00593317424764355
"NEMF",0.00593068826948782
"SUMO1P4",0.00590094951523518
"CACNA1E",0.00589211552638267
"UNC5D",0.00586301041580389
"STMN1",0.00585044284139627
"MNT",0.00577665196996813
"HDDC3",0.00577051431694003
"RANGRF",0.00576419681334295
"PDE7B-AS1",0.00575519161000189
"SNX5",0.00574369479504599
"SCAMP1",0.00572485841013306
"PDE6C",0.00572068382298731
"RETREG2",0.0057084055418776
"LINC01641",0.005681091606048
"ARID1B",0.00566656568637124
"RPL5P24",0.00563069325598648
"ACYP2",0.00558584829747916
"UCHL3",0.00557063608663271
"LAPTM4A",0.00556088003678013
"ATP6V1E1",0.00552692636939262
"UQCRFS1",0.00551816911075638
"TNFSF4",0.00550428973402684
"CARNMT1-AS1",0.0055012966389646
"XRN1",0.00547020342478044
"TRAP1",0.0054627792328113
"CNGB1",0.00544017781780149
"RNF168",0.00544001208429694
"RGS7",0.00543853035625505
"SLC15A3",0.0054241551594668
"LINC01001",0.00538303020373495
"TMEM144",0.00535931630115671
"DNAAF9",0.00535484613849922
"MICOS10",0.00529780645057427
"DPP3-DT",0.0052972516241673
"SHOC1",0.00529463429052723
"RIPK2",0.00527679125551896
"IFT74",0.005266253082797
"PLGLB2",0.00525469003316171
"TCP1P1",0.00524414799721531
"SELENOW",0.00523989557276883
"DNAJC9-AS1",0.00516086618993457
"PLAC8L1",0.00515146253754338
"GATM",0.0051497418064312
"PSPC1",0.00509763328836149
"BTBD7",0.00508071077311623
"ATF3",0.00507230785426912
"CTTN",0.00505947627990147
"RPL21P63",0.00504690570624029
"ARPC4",0.00501201588120925
"CCL2",0.00498812665796329
"C8orf34-AS1",0.00495835645466011
"TEX10",0.00493999183566875
"DPM3",0.00485606454776766
"SAP130",0.00481833166483232
"ZFAND5",0.00480669923176729
"POU2F1",0.00477598459045437
"SSU72",0.00475568395503545
"SNRPD3",0.0047067975739277
"LSM12P1",0.00470451355258253
"SRP68",0.0046157254308732
"RAB31",0.00461501374820469
"LENG1",0.0046091887243978
"EIF4A1P4",0.0045823233750444
"UMAD1",0.00457987785282533
"DRAP1",0.00457770096760964
"CHCHD2P2",0.00457264070060133
"NDUFB2-AS1",0.00454874037067934
"TBCB",0.00454455376110905
"TNFRSF4",0.00453920998463478
"TMPRSS7",0.00451548087415805
"POGZ",0.00446548633845238
"RPL17P36",0.00445939980022022
"NME1",0.00445620805615271
"HEPACAM",0.00444998208656633
"NAPEPLD",0.00444855465504802
"HNRNPA2B1",0.00439300109723506
"GNS",0.00435715243885137
"ZNF19",0.00435370752564375
"DNAI7",0.00434295392777954
"PCGF5",0.00433264553733426
"INTS1",0.00431945039908702
"CCNI",0.00431312058457321
"CHMP1B",0.00429573855229314
"EGFR",0.00428035658929743
"NFYBP1",0.00421974477320607
"GIMAP1",0.00420383532192901
"GDAP2",0.0041638856148692
"GAS5-AS1",0.00415186521344295
"POLR2K",0.00410517097068181
"LINC01304",0.00407868862303644
"LINC01857",0.00406582803372997
"SUMO2P6",0.00404524140583875
"PRNCR1",0.00404207824046171
"FIRRM",0.00403952685205933
"CRLF3",0.00398517661343781
"CEP290",0.00396036791698528
"HDGFL3",0.00395832182652169
"RPS15AP1",0.00393630030894867
"PDIK1L",0.00393358357829531
"FGGY",0.003927673990499
"HDAC6",0.00389767079757243
"PPIG",0.00388578119374752
"ZNF431",0.00386872408539818
"RCC2-AS1",0.00386489559245417
"TSG101",0.00386276296127131
"RPL21P116",0.00385547799633559
"TMEM8B",0.0038522769922825
"HRH2",0.00384112739843989
"TMPO",0.00383342896450752
"PRKCQ",0.00381070855953438
"AQR",0.00380149700356897
"OVCH1",0.00380149093745878
"ABRAXAS1",0.00379973291893112
"NBPF17P",0.00375132991504841
"TAF1D",0.00374696928562838
"ATXN7",0.00374438311892472
"ZNF672",0.00373855849606852
"ZBTB8B",0.00373491207173229
"HNRNPA1L3",0.00373212783333298
"PRPSAP1",0.00371159937881666
"ALG8",0.00370310710826631
"COL28A1",0.00367461444274158
"DNAJC8P4",0.00362310800403277
"LSM5",0.00361024663626145
"OVCH1-AS1",0.00359144169768135
"THYN1",0.00358267613643658
"USP12",0.00357797777102468
"PDYN-AS1",0.00353105271326746
"PEBP1P2",0.00350787375440775
"NASPP1",0.00348972981000992
"OPHN1",0.00347645285489116
"STAC3",0.00344684359786303
"HCG24",0.00344121618074615
"IQCK",0.00343635364066741
"RNU6-91P",0.00343166798830366
"IRAK4",0.00342060503617958
"SNORD14A",0.00341333017019758
"ZNF430",0.00339681550367269
"MB21D2",0.00339151368692925
"PKN3",0.00335970887640346
"FSIP2LP",0.00335566658084488
"RAB18",0.00333711436400293
"GBE1",0.00331248663820398
"RAB3IP",0.00330268489254785
"POLR2L",0.00326447694054036
"LINC02021",0.00326348423348727
"FUNDC2",0.00325685480956684
"CAMK1D",0.0032382687016501
"CNIH4",0.0032244654372638
"SKIC2",0.00322411164087932
"NPLOC4",0.00320123329729413
"CHST15",0.00320007094531544
"MCUB",0.0031982838037888
"CCNJP2",0.00319685805296308
"MRPL37P1",0.00317342880255459
"ITPRIPL2",0.00315735289761155
"SPAG9",0.00313821545925511
"KANK1",0.0031269143842569
"CCDC160",0.0031057603541286
"ITFG1-AS1",0.00309904007932144
"SLC49A3",0.0030896229153405
"ARIH2",0.00307362002337427
"BTG2-DT",0.00304712622044349
"IFTAP",0.00304561403600328
"RPL8P4",0.00304271118930881
"TOR1B",0.0029939457715175
"ZNF727",0.0029555221996383
"MPV17",0.00294542607047571
"BTF3P3",0.00292172131509766
"SPG21",0.00291632041830023
"LINC02887",0.00290600878672803
"BRMS1",0.00286432280440342
"SLC12A6",0.00283880303868296
"TAF5",0.0028211271390726
"CWC15",0.00279217021195694
"CBL",0.00277800496542087
"SEC61B",0.00277171056218976
"TOE1",0.00276068858750593
"RPL36AP21",0.00272870449450717
"SEC11C",0.002706542979771
"TMEM161B",0.0026955966031587
"PXMP2",0.00269063843619332
"NLRX1",0.0026861648495081
"LINC01721",0.00267182834670937
"NCEH1",0.00266701207705597
"CLEC5A",0.00266414987935118
"UBE2F-SCLY",0.00265927606168904
"TMSB10P1",0.00264755116648227
"TOMM20L",0.00264385375238464
"MED4-AS1",0.00263194029912628
"CLIP2",0.00262106894488525
"ARID2",0.00262093140232098
"EIF1AD",0.00261881776563539
"ARHGAP39",0.00261052419658082
"GRTP1",0.00259833895584736
"RPL31P10",0.00255670724022366
"RNF7",0.00254563092961564
"SLC22A5",0.00253240355085444
"NOL9",0.00252995033820465
"AKAP9",0.00250639885832535
"AGAP10P",0.00250528859307925
"GABRD",0.00249853295369839
"OSTM1",0.00245279016602613
"CD2AP",0.00245000996717872
"HMGXB4",0.00243720732039224
"ZMYM5",0.00242776714383965
"HAND2-AS1",0.00240865714530435
"SH3GLB1",0.00240273421037758
"PABPC4",0.00240252897580218
"RPL29P16",0.00239324317578282
"BCL6-AS1",0.00237155083861188
"GOLM2",0.00236274793958111
"ACTR2",0.00235018098297397
"ABHD13",0.00234537614456143
"RCAN1",0.00232146450754962
"SLC51A",0.00231274931000038
"ROPN1L-AS1",0.00230592312135909
"PSME4",0.00230549313556815
"ZDHHC3",0.00229378250330381
"BHLHE41",0.00226973638127279
"SMAP2",0.00226162782339754
"LRCH3",0.00226109928339074
"SDHD",0.00226062431565612
"ANKRD49P1",0.0022495662694662
"RNU6-628P",0.00224514183633311
"SMCHD1",0.00221601271658559
"PLBD1-AS1",0.00214794313391419
"ZFAND1",0.00212711494921371
"ILRUN-AS1",0.00212683021807702
"AMIGO2",0.00212298309440547
"KLHL24",0.00211712747761382
"MED15",0.00209605029218026
"TGFBI",0.00209330025945837
"SEPTIN7",0.00208459067096176
"RPS15AP24",0.00207964953258346
"STAM-DT",0.00206976127839469
"RPS27P23",0.00206563473344693
"MT-TL1",0.00204711537995657
"GABRA6",0.00204150489002501
"ATP6V0E1",0.00203564492508111
"ZNF559",0.00203230295040126
"RPL39L",0.00201550193173457
"LITAF",0.0020069041276943
"RNVU1-29",0.00200549475141298
"CDH11",0.00200073910707094
"MRPS10",0.00199545061368801
"PSME2P6",0.00199414975267003
"DNAJB7",0.00199146267966116
"AZIN1",0.00198564820250606
"GALC",0.00198077968777141
"DIAPH2",0.00197989820591637
"FAM83D",0.00197404815813143
"C1QTNF1-AS1",0.00197183798139631
"GCC2",0.00194549489273466
"TTC14",0.00194446632658083
"HSPA6",0.00194358881901891
"STC1",0.00190835632186496
"SKP1",0.00190588406700997
"PEBP1",0.00188059053776692
"ORC2",0.00186302148812687
"NQO2-AS1",0.00185155207705475
"SERBP1P5",0.0018499199307441
"EIF2AK3",0.0018462307940226
"CTR9",0.00183436286874261
"IPMK",0.00183266705616716
"PCBP3",0.00182498017532154
"HBEGF",0.00180749924364153
"SELENOO-AS1",0.00178499587681212
"TBC1D15",0.00174386625341735
"SMTNL1",0.00173004097643983
"RPS27P7",0.00172728764079004
"TRIM52",0.00172354271101482
"CCT8P1",0.00171893898464829
"SRSF11",0.00171593735182497
"CDK4",0.00171413689909394
"SLC25A5-AS1",0.00171093166380282
"ERRFI1",0.0016932083915434
"NDUFS7",0.00168437617384059
"MTMR2",0.00168316659972894
"RNU6-1092P",0.00167993889883355
"SUPV3L1",0.00167546501269441
"LINC00957",0.00162951821258237
"ABI1",0.00162257772182819
"COL4A2-AS2",0.00161429410255959
"JMJD6",0.0016043366986752
"MTND2P28",0.00159848982942187
"TAF9BP1",0.00155072073300915
"HACD3",0.00155037351258912
"CYCSP46",0.001549469254878
"EIF4A1P2",0.00154196193620188
"TNFAIP1",0.00153695713879516
"FARP1",0.00153567545672369
"PMAIP1",0.00152640673257109
"AMPD3",0.00147497674974899
"GOSR2",0.0014623763918329
"ABCC6",0.00144626616312191
"KBTBD2",0.00144402416926999
"FAM207BP",0.00143959462047858
"KBTBD12",0.00143606790477788
"TAX1BP1-AS1",0.00142017206967805
"RPL7AP20",0.00141831185546667
"RRM1",0.00140825747021036
"NRXN1",0.00140694454431623
"EGFL7",0.00140363416787494
"RNU5D-1",0.00137219449959619
"MED10",0.00137153324815556
"TBC1D23",0.0013566242357574
"TNFRSF1B",0.00134425245532602
"ALKBH7",0.00134323194606096
"RAB3D",0.00133159221332747
"TACC2",0.00132410837319189
"CLHC1",0.00132391018744856
"C7orf50",0.00132181198097137
"VDAC1",0.00131589511519957
"NPIPB3",0.00130171101623592
"TBC1D5",0.00130030178176867
"TAF12",0.00130012831435747
"TMEM225B",0.00128819844398979
"CCNH",0.00128724282408817
"NEURL3",0.00127611160489406
"SOX9-AS1",0.00126938162071066
"KBTBD4",0.00126164851023312
"TMEM18-DT",0.00125754702443712
"PLCG1",0.00124119448506158
"UBE2J2",0.00122667801014745
"GLCCI1",0.00122279589072993
"MTCO1P2",0.00121680721859546
"NRF1",0.00121506454569069
"EEF1DP1",0.00120348839190885
"MTATP8P1",0.0011694497724604
"ZNF75A",0.0011690335152145
"SRD5A3-AS1",0.00114906695964963
"ZNF397",0.00112656579249122
"CHMP7",0.00110460896717199
"SLAMF6",0.00107513233391425
"FNDC10",0.00107213446267908
"CCT5",0.00105832029488857
"PSME3IP1",0.00105214429093056
"NUMA1",0.00104917182538913
"METRNL",0.00104708458952761
"SKIL",0.00104043244811101
"MYBPC3",0.00103292002048487
"RAB27A",0.00102867018048597
"ZNF484",0.00101080291669226
"TPT1P6",0.000990176793919811
"NEMP1",0.000954378334028094
"AKT3",0.000948423852513938
"GIGYF2",0.000928494915149138
"OSER1",0.000914663548496509
"RCCD1-AS1",0.000905638879171729
"RNF146",0.000904852256163134
"ZNG1E",0.00090296553172421
"CALD1",0.000883386099657067
"TMEM63A",0.000882378541801973
"TNIK",0.000874944051961944
"AHNAK",0.000870997759282532
"CARS2",0.000864838468119344
"MPP7",0.000849555018693614
"COX5A",0.000834466893492877
"ZBTB4",0.000832047758386373
"PRPF40A",0.000831552027818327
"ANXA4",0.000823834284594746
"PTMAP8",0.000823162437443912
"SGSM2",0.000802390164905777
"RNU6-1138P",0.000784401219425042
"GLMP",0.000770578821310956
"EDC3",0.000762377952402113
"GAPDH-DT",0.000754119560570243
"LIMS1",0.000752484232974033
"NDUFS6",0.000742078328144551
"GPX1P2",0.000739997288794829
"RBM25",0.000739476370409517
"CLP1",0.000736877296821287
"ERLEC1",0.000730322059492171
"PHF14",0.000723542339550456
"FAM136A",0.000717109090935726
"CDH4",0.000712509875342334
"MSH5",0.000712247208328223
"HSP90AB2P",0.000709979542727079
"SMARCA5",0.000709269164376812
"CFAP96",0.00070892561436858
"SLC10A3",0.000708453784765778
"SGSM3",0.000687670208681569
"TXNDC8",0.000684117584122211
"SEC24B",0.000682779497353935
"DPP4-DT",0.000667157494139972
"TNS2-AS1",0.000661653749936081
"PPP6R3",0.000637712919090411
"UPP1",0.000601336811200268
"EIF2B2",0.000599982709403755
"NDUFAF8",0.000584379351742429
"NOP2",0.000584339840287885
"POR",0.000583279478549366
"SNHG32",0.000580883038054575
"DAPP1",0.000578409059438257
"MAGOH",0.000575060100704135
"MT-ND6",0.000567485111259739
"NDUFS4",0.000565131628457974
"H4C12",0.000556913838184407
"PAIP2",0.000555932311697559
"CLDND1",0.000550228358005413
"MIR3921",0.000535273513267072
"RALA",0.000513207909382697
"G3BP1",0.00051170355453473
"BCL2L15",0.000511102222608942
"CCNF",0.000508920861714078
"RAB9A",0.00049759216195569
"DHRS12",0.000490791243614528
"WASHC5",0.000486530845563856
"TMEM86B",0.00048342208850918
"MTATP6P1",0.000483339162106644
"SIMC1",0.000474443694542902
"DPYSL2",0.000474310066352796
"SLC25A16",0.00047117509754239
"CPA1",0.000468168596446323
"FDXR",0.000467407084996804
"LSM12",0.000460521488883206
"CLCNKB",0.000458196616843178
"CISD2",0.000451090695658344
"MAN2B2",0.000444345164068044
"NFIA",0.000441042178580347
"DPY30",0.000439454078784025
"ZDHHC18",0.000439066831792653
"RBM27",0.000427414996541442
"LINC02937",0.000427401399264161
"KCTD16",0.000417607128863326
"PLLP",0.000417405098500831
"NMI",0.000412085557075441
"MGAT1",0.000411850061516856
"RPS2P55",0.000410169137594247
"COMMD7",0.00040877981269873
"JPT1",0.000403739932056478
"MSANTD2-AS1",0.000400408582557489
"RNU6-733P",0.00039942167880668
"ATP5PB",0.000383881391247321
"DCTN3",0.00038254139682512
"NAA30",0.000363489287181199
"LY6E-DT",0.000360865832478452
"TMEM241",0.000356964454456828
"CRIP1P2",0.000353408223224536
"ATAD2",0.000352729283483391
"MKLN1",0.000349895008508535
"LINC02301",0.000345865801866076
"SCARB2",0.000344218629768863
"HDC",0.00034352707437371
"NFYA",0.00033227903830689
"SLC46A3",0.000312225773639537
"RBBP8P1",0.000301756871805892
"EIF2S3B",0.000270103766898779
"ODC1",0.000264534626808283
"PWWP2B",0.000264459262296492
"NPM1P27",0.000260196418655504
"ANAPC13",0.00024856693295697
"AOC2",0.000247814219143844
"LINC00540",0.000246592658968882
"SPG11",0.000242267561193298
"LENG9",0.000238580147217777
"ELOC",0.000237103385228701
"GCLC-AS1",0.000231647524192877
"TYW1",0.000229107231802902
"MPZL1",0.000228465764345832
"PLCH1",0.000207343439096526
"RAPGEF4",0.00020496500847182
"OR6C69P",0.00020496500847182
"CR1L",0.000204848179931388
"RN7SL121P",0.000204651385733473
"DMKN",0.000202807560569302
"ANKRD18A",0.000199291008704212
"OR10J2P",0.00019735911348674
"SPIN2B",0.000197081485760081
"SLK",0.000195996424301996
"MCL1",0.00019571587380309
"LSM7",0.00019190744126744
"SYT11",0.000182022227056548
"CHST7",0.000177599164614142
"ALDH3A2",0.000171769489949401
"LINC02616",0.000171306819065972
"VPS8",0.000171103641961547
"PCMTD1",0.000169334269056216
"RGL2",0.000162124596628217
"KCNA3",0.000157562719804148
"FAM32A",0.000152625113285769
"COX17P1",0.000149050442457541
"CEP15",0.000148840637699908
"PSIP1",0.000147834484092212
"TMEM119",0.00014419407351289
"RN7SL835P",0.000143787632595914
"ANKRD36B",0.000140901635953533
"DDX5",0.0001331036926206
"TRBC1",0.000132764885979317
"TMEM147-AS1",0.000126514599460614
"FKBP2",0.000126491546246192
"C1QB",0.00012646159537977
"FAM199X",0.000124315109869436
"DNAJB4",0.000124041591460217
"DPH6-DT",0.00012290593796105
"IMMP2L",0.000120095706409739
"ZCWPW2",0.000117297636754835
"RNF139-DT",0.000116847996655944
"ACBD3-AS1",0.00011465309179658
"SRP19",0.000112678131963958
"C2CD3",0.000112396127947094
"FH",0.000109221665084025
"VPS29",0.000104170647611736
"NKAPD1",0.00010352214194534
"PPM1E",0.000103192475207344
"POLK",0.000101740802154507
"DHX29",0.000101472307570105
"ZNF551",0.000100174353557384
"COX17",9.82882876254524e-05
"IQCM",9.08445781545005e-05
"ZFPM2-AS1",9.08445781545005e-05
"DHRS7B",9.07371876642323e-05
"MRNIP",9.06255543537658e-05
"STX10",8.88030013061698e-05
"H3P25",8.36044811419266e-05
"LAX1",8.35076339763546e-05
"SPDYE5",8.17288922459697e-05
"PTGR3",7.95900488844418e-05
"SRSF8",7.54025636564606e-05
"LINC00365",7.48432823877212e-05
"SV2C",7.31743834185005e-05
"GPI",7.11778208529154e-05
"CUTC",6.92975739806636e-05
"PCBP1",6.6096224713859e-05
"CLK1",6.38602911988216e-05
"CDC5L",6.12962351409774e-05
"SLC29A1",5.96776565169224e-05
"ZC3H10",5.36366444634138e-05
"GK-IT1",5.30695907523697e-05
"AMY2B",4.79160307210388e-05
"ARL11",4.57822295728253e-05
"ANKRD13A",4.4490057297912e-05
"MRPL14",4.38310704000266e-05
"UBR5-DT",4.35801316075133e-05
"RGR",4.2186578907388e-05
"SPMIP4",4.00414693925978e-05
"KDM5C",3.48131257504496e-05
"SELENOI",3.11707982601055e-05
"PRKDC",3.09957515756654e-05
"CCDC71",3.09486841229206e-05
"TMEM107",2.760279047442e-05
"MBNL2",2.71323569137965e-05
"ZNF566",2.61303450557456e-05
"TSPYL2",2.4860117009003e-05
"PTCD1",2.29400081986262e-05
"TIRAP",2.2516018904044e-05
"AGPAT5",2.20889523887818e-05
"TDP1",2.17658684643582e-05
"ELP2",2.16318160630027e-05
"EXOC5",2.16264635403317e-05
"GTF2H1",1.61268346128298e-05
"TRIO",1.46718083218803e-05
"COG5",1.11282717318472e-05
"JAK1",1.07471755017601e-05
"PART1",9.89948508164299e-06
"NRBF2P4",8.71374889938379e-06
"ATP5MC3",8.319838374631e-06
"TGFBR1",7.25707415286605e-06
"GGPS1",7.17967504863377e-06
"ZSCAN22",6.61864503610455e-06
"CYP51A1",5.2375226463619e-06
"EVI2A",4.86392994538244e-06
"KCNT2",4.30033847504615e-06
"PRKRA",3.09488006604732e-06
"CEBPZ",2.68176887611314e-06
"COQ10B",2.14671194955086e-06
"GZMM",1.77938614080926e-06
"AK6",1.37722587387746e-06
"LINC02980",1.2234506800289e-06
"NDUFS3",7.43888562731594e-07
"MT-RNR1",5.67627482547864e-07
"ALCAM",2.54412500311586e-07
"CASKIN1",1.97142391781312e-07
"KMT2E",1.1633833496537e-07
"NXT2",7.66774105456251e-08
"PRDM16",0
"RPL21P21",0
"EEF1DP6",0
"LINC01646",0
"LINC02782",0
"LINC02781",0
"MTCYBP45",0
"MFFP1",0
"PGAM1P11",0
"RPL10P17",0
"HES5",0
"PPIAP34",0
"IFITM3P7",0
"GJB3",0
"LINC01756",0
"PLA2G5",0
"FTLP18",0
"GJB5",0
"GRIK3",0
"GUCA2B",0
"RPS29P6",0
"LINC01654",0
"SHMT1P1",0
"ACTL8",0
"PHB1P12",0
"GJA4",0
"FCF1P6",0
"RPL6P1",0
"TMA16P2",0
"MRPS6P2",0
"CZIB-DT",0
"LAMTOR5P1",0
"KLF17",0
"RPL23AP85",0
"GTF2F2P2",0
"KLF18",0
"GAPDHP51",0
"RNFT1P2",0
"COX6A1P1",0
"RPL29P5",0
"KRT8P21",0
"NDUFS5P3",0
"ST6GALNAC5",0
"COX6CP13",0
"PDE4B-AS1",0
"GJA9",0
"NEGR1-IT1",0
"PTGFR",0
"PGBD4P8",0
"MTND2P30",0
"RPL7P10",0
"GUCA2A",0
"SLC25A6P3",0
"PSAT1P3",0
"HNRNPA1P64",0
"PHKA1P1",0
"MTCO1P21",0
"MROH7-TTC4",0
"HNRNPCP9",0
"GJB4",0
"HMGB1P45",0
"MTND4P11",0
"MTCO3P21",0
"TBCAP2",0
"BARHL2",0
"SNX7-DT",0
"OOSP1P1",0
"RPS20P5",0
"TLCD4",0
"RPL21P23",0
"MTND3P21",0
"RPL21P26",0
"DNAJA1P5",0
"HSP90B3P",0
"LINC01787",0
"MTATP6P13",0
"LINC02868",0
"SLC6A17",0
"GAPDHP64",0
"SEPTIN2P1",0
"LINC02788",0
"VPS25P1",0
"MTND5P20",0
"FTLP17",0
"HIGD1AP12",0
"TSHB",0
"PSMC1P12",0
"RPS15AP9",0
"SLC6A17-AS1",0
"TXNP3",0
"PPIAP7",0
"OR10AE1P",0
"NR1H5P",0
"MTCO2P21",0
"PFN1P12",0
"MTATP6P14",0
"NKAIN1P1",0
"FMO8P",0
"TLCD4-RWDD3",0
"FMO11P",0
"FDPSP1",0
"LINC01720",0
"CNN2P10",0
"MTCO1P14",0
"PRELID1P7",0
"WDR82P2",0
"RPL5P6",0
"OR10J5",0
"NR5A2",0
"NMNAT2",0
"ISCUP1",0
"HNRNPA1P46",0
"RPS29P5",0
"TFDP1P1",0
"LINC03121",0
"BRINP3",0
"ATP5MC2P1",0
"ASTN1",0
"SRP14P4",0
"LHX9",0
"CHCHD2P5",0
"SLC26A9",0
"PRR13P1",0
"RPL7AP82",0
"LMX1A-AS2",0
"LINC01035",0
"LINC00210",0
"LINC01653",0
"OR2L6P",0
"OR2L9P",0
"MORF4L1P7",0
"TGFB2-OT1",0
"TUBB8P10",0
"QRSL1P2",0
"CLPTM1LP1",0
"RPS3AP9",0
"SHCBP1L",0
"RPL23AP22",0
"RPL10AP5",0
"PTP4A1P7",0
"SELP",0
"SLC4A1APP2",0
"RSL24D1P4",0
"BPNT2P1",0
"CAMK1G",0
"LINC01735",0
"NOS1AP",0
"RPS26P13",0
"GAPDHP75",0
"CCNQP1",0
"BRINP2",0
"TRNT1P1",0
"SMYD3-IT1",0
"KRT18P28",0
"RPL23AP16",0
"ZNF670-ZNF695",0
"RAC1P7",0
"RPL31P13",0
"NXNP1",0
"BANF1P4",0
"CHCHD4P5",0
"GAPDHP29",0
"FYB2",0
"NDUFAF4P4",0
"LINC01691",0
"GPR52",0
"FEN1P1",0
"HMGB3P6",0
"NMNAT1P2",0
"VDAC1P10",0
"LINC01677",0
"MIR4689",0
"RN7SL614P",0
"RNU6-1265P",0
"RNA5SP40",0
"MIR34A",0
"RNU6-110P",0
"RNU6-176P",0
"MIR552",0
"RNU6-605P",0
"MIR4255",0
"RNU6-636P",0
"RNA5SP43",0
"RNU6-753P",0
"MIR6732",0
"MIR6733",0
"RNU2-30P",0
"RNU6-969P",0
"RNU6-1237P",0
"RNU6-1026P",0
"MIR6079",0
"MIR5581",0
"RNU7-62P",0
"RNU6-414P",0
"RNU6-1177P",0
"RN7SKP19",0
"RNU2-15P",0
"RNA5SP23",0
"MIR7156",0
"RN7SL62P",0
"RNU6-503P",0
"RN7SL854P",0
"RNU7-8P",0
"RNA5SP22",0
"RNA5SP52",0
"SNORD3G",0
"RNA5SP50",0
"RN7SL392P",0
"RNA5SP51",0
"MIR30E",0
"RNU6-750P",0
"MIR30C1",0
"RNU6-1318P",0
"RNU6-695P",0
"MIR378G",0
"RNU4-75P",0
"MIR7852",0
"RNU1-130P",0
"RNU6-965P",0
"MIR320B1",0
"RN7SKP272",0
"RNA5SP56",0
"MIR942",0
"RN7SKP285",0
"RNU4ATAC8P",0
"RNA5SP55",0
"RNA5SP533",0
"RNU6-352P",0
"RNU6-41P",0
"RNU5F-6P",0
"RNU6-716P",0
"RNU1-141P",0
"RNU6-778P",0
"RNU2-12P",0
"MIR1255B2",0
"RNU6-609P",0
"RN7SL299P",0
"MIR3119-1",0
"RNU6-570P",0
"MIR3119-2",0
"MIR4671",0
"RNU6-465P",0
"MIR205",0
"RN7SL333P",0
"RN7SL668P",0
"RNU6-1283P",0
"RN7SL344P",0
"RNA5SP80",0
"RNU6-1205P",0
"MIR488",0
"RNA5SP73",0
"RN7SKP156",0
"RNA5SP65",0
"RNA5SP62",0
"RNU5A-8P",0
"MIR3122",0
"RNA5SP63",0
"RN7SKP98",0
"RNA5SP77",0
"RN7SKP12",0
"MIR3124",0
"RNU6-1240P",0
"RPL21P27",0
"MIR6084",0
"MIR1278",0
"LINC01758",0
"RN7SL538P",0
"LRRC7-AS1",0
"CASP3P1",0
"EEF1A1P48",0
"SEPTIN14P12",0
"THAP12P8",0
"RFKP1",0
"MIR3123",0
"RPL36P6",0
"APCS",0
"CRPP1",0
"CRP",0
"MIR4254",0
"RNU6-817P",0
"MIR92B",0
"RNU6-586P",0
"RNU4ATAC4P",0
"DNAJB6P4",0
"RNU6-1031P",0
"CDCA4P3",0
"OR10J6P",0
"RNU6-828P",0
"RN7SL731P",0
"CENPS",0
"KRT8P29",0
"MIR1182",0
"LINC01144",0
"FGFR3P6",0
"MIR3916",0
"VN1R17P",0
"OR2G2",0
"OR2G3",0
"OR3D1P",0
"RNU6-991P",0
"ADH5P3",0
"SCARNA2",0
"SCARNA4",0
"MIR6738",0
"ARHGEF2-AS1",0
"PMF1-BGLAP",0
"RHBG",0
"MIR9-1",0
"MEX3A",0
"CYP4X1",0
"CYP4Z1",0
"TUBAP9",0
"MTND1P34",0
"FOXE3",0
"VHLL",0
"LRRC52",0
"CORT",0
"F13B",0
"OLFM3",0
"NPPB",0
"SBF1P2",0
"RNU5E-1",0
"MIR6729",0
"RNU6-777P",0
"RPL23AP89",0
"MIR7846",0
"MIR4632",0
"MIR5187",0
"RNU6-481P",0
"RN7SL261P",0
"GJA5",0
"GJA8",0
"RNU1-129P",0
"RNU6-1211P",0
"RNU6-809P",0
"SNRPFP2",0
"MIR3917",0
"RNU6-369P",0
"MIR5584",0
"SNORD55",0
"SNORD46",0
"SNORD38B",0
"RNU5E-6P",0
"CCNB1IP1P1",0
"MRPS17P1",0
"OSTCP5",0
"ZBTB40-IT1",0
"EPHA8",0
"MIR6127",0
"MIR4684",0
"MT1HL1",0
"RNU6-949P",0
"CHMP1AP1",0
"RNU6-424P",0
"RPEP3",0
"SCARNA1",0
"PDE4DIPP9",0
"MIR3675",0
"RNU1-5P",0
"PADI3",0
"MIR3972",0
"RNU6-791P",0
"HHIPL2",0
"NDUFB1P2",0
"ATP6V0CP4",0
"RNU6-880P",0
"HAUS4P1",0
"GAPDHP58",0
"HSD3B1",0
"GAPDHP32",0
"HSD3BP3",0
"GAPDHP27",0
"HSD3BP5",0
"PFN1P9",0
"NOTCH2P1",0
"ADAM30",0
"INSRR",0
"RN7SL831P",0
"RN7SKP270",0
"RN7SL574P",0
"RPS21P1",0
"MTCYBP14",0
"MTND6P14",0
"MTND5P19",0
"MTND4P10",0
"MTND4LP21",0
"MTND3P8",0
"MTCO3P46",0
"MIR5698",0
"OR13Z1P",0
"OR13Z2P",0
"OR13Z3P",0
"RN7SL654P",0
"MRPL57P1",0
"RPS23P10",0
"RPS23P9",0
"PROK1",0
"KCNA10",0
"OR11I1P",0
"RN7SL148P",0
"RNU6-106P",0
"POU5F1P4",0
"RN7SKP247",0
"RNU1-114P",0
"RNVU1-17",0
"RNVU1-23",0
"RNVU1-18",0
"FAM91A3P",0
"RNU1-143P",0
"IGKV1OR1-1",0
"KCNK2",0
"CFAP276",0
"PLEKHG5",0
"ENO1P1",0
"MIR6735",0
"HYI-AS1",0
"RN7SL657P",0
"ACTG1P4",0
"AMYP1",0
"RNU4-21P",0
"KIAA1191P3",0
"HMGB1P26",0
"RNF186",0
"PLA2G2E",0
"RN7SL304P",0
"OR2M7",0
"OR14C36",0
"KNCN",0
"ARTN",0
"RN7SL479P",0
"OR2T3",0
"OR2T5",0
"OR2AS2P",0
"OR2AS1P",0
"OR2T34",0
"LCE3B",0
"LCE3A",0
"LCE2D",0
"LCE2B",0
"LCE2A",0
"PRAMEF15",0
"PRAMEF14",0
"PRAMEF17",0
"EPHX4",0
"LPCAT2BP",0
"GAPDHP46",0
"PRKAR1AP1",0
"HMGN1P5",0
"OR10T2",0
"OR10T1P",0
"EI24P2",0
"OR10R3P",0
"RNA5SP53",0
"FCAMR",0
"C1orf116",0
"RN7SL788P",0
"PDCL3P6",0
"DNAJC19P7",0
"MIR320B2",0
"RNU6-1008P",0
"DNAJB6P6",0
"SNORA55",0
"RNU7-121P",0
"RPS3AP7",0
"RN7SKP165",0
"CDKN2AIPNLP1",0
"MIR6878",0
"RNU6-1042P",0
"UBE2D3P3",0
"LINC02809",0
"MIR3620",0
"GJC2",0
"MIR6742",0
"MIR4666A",0
"RNA5SP19",0
"RNA5SP162",0
"CLDN19",0
"FAM167B",0
"RNU6ATAC35P",0
"LINC01352",0
"RPL7AP81",0
"PRELID3BP1",0
"RN7SL464P",0
"RPL30P1",0
"KCND3-IT1",0
"KCND3-AS1",0
"RPS27P5",0
"GLRX5P2",0
"KLHDC9",0
"EIF1P2",0
"RNU6-608P",0
"RNA5SP44",0
"HSPE1P8",0
"CCNT2P1",0
"RNA5SP54",0
"PSMD8P1",0
"RNU6-1309P",0
"OR10J8P",0
"HMGB1P48",0
"HSPD1P14",0
"HMGB4",0
"ZNF847P",0
"SNAP47-AS1",0
"PRAMEF28P",0
"PRAMEF27",0
"PRAMEF34P",0
"PRAMEF35P",0
"HNRNPCL2",0
"AMIGO1",0
"MIR197",0
"DDAH1",0
"AKR7A2P1",0
"HNRNPA1P63",0
"SERPINC1",0
"LINC01737",0
"RNA5SP79",0
"RN7SL837P",0
"RN7SL466P",0
"FDPSP8",0
"RD3",0
"SNORD45C",0
"SNORD45A",0
"SNORD45B",0
"MSH4",0
"CRB1",0
"MIR6734",0
"MIR4677",0
"FABP7P1",0
"HAPLN2",0
"BCAN-AS1",0
"MIR4421",0
"MIR6500",0
"RNU6-877P",0
"RNU6-1281P",0
"TUBB8P11",0
"RNF223",0
"LINC01342",0
"RPL23AP90",0
"MIR5585",0
"SNORD21",0
"RNU6-970P",0
"RN7SL692P",0
"RNU6-210P",0
"RN7SKP123",0
"RNU7-200P",0
"MIR1256",0
"RNU4-57P",0
"CCDC185",0
"RNU1-74P",0
"TNNI3K",0
"BRWD1P1",0
"RNA5SP41",0
"RNA5S1",0
"RNA5S2",0
"RNA5S3",0
"RNA5S4",0
"RNA5S5",0
"RNA5S6",0
"RNA5S7",0
"RNA5S8",0
"RNA5S10",0
"RNA5S11",0
"RNA5S12",0
"RNA5S13",0
"RNA5S14",0
"RNA5S15",0
"RNA5S16",0
"RNA5S17",0
"RNA5SP18",0
"DUSP5P1",0
"RNVU1-30",0
"FAM91A2P",0
"RNU1-68P",0
"H2AC21",0
"RNU6-704P",0
"RPL13AP11",0
"RNU6-1304P",0
"LEFTY3P",0
"LEFTY1",0
"MIR6741",0
"LEFTY2",0
"NDUFA3P3",0
"RNU6-537P",0
"MIR765",0
"GREM2",0
"RNU5F-8P",0
"OR2M4",0
"OR2T35",0
"KLHDC7A",0
"RIIAD1",0
"LINGO4",0
"KRT8P28",0
"KPLCE",0
"LCEP2",0
"LCEP1",0
"LCE1F",0
"LCE1E",0
"LCE1D",0
"AMY1A",0
"AMY1C",0
"HPDL",0
"SYPL2",0
"RNU6-180P",0
"RN7SKP276",0
"SNORA73A",0
"SNORD99",0
"SNORA61",0
"SNORA44",0
"SNORA16A",0
"RNU11",0
"GOLT1A",0
"RNA5SP74",0
"RPL12P45",0
"RN7SL503P",0
"ACTBP12",0
"RN7SL824P",0
"HMGB3P9",0
"RNU4-59P",0
"H3P3",0
"OR10X1",0
"OR2T27",0
"OR6K1P",0
"OR6K3",0
"OR2AQ1P",0
"OR10AA1P",0
"OR10J3",0
"OR14A16",0
"HSD17B7P1",0
"OR11L1",0
"OR2W3",0
"OR2AJ1",0
"CLK3P2",0
"OR2X1P",0
"OR2L8",0
"TLR12P",0
"OR2T6",0
"OR2M1P",0
"OR2M5",0
"OR2M2",0
"GM2AP2",0
"CYCSP53",0
"TBC1D3P6",0
"SRARP",0
"HSPB7",0
"CLCNKA",0
"FAM131C",0
"OR2T8",0
"ZBTB2P1",0
"OR6F1",0
"OR14K1",0
"OR9H1P",0
"OR10K1",0
"OR2T12",0
"OR2T33",0
"RN7SL432P",0
"RNY1P13",0
"OR2T29",0
"MIR6859-1",0
"MIR1302-2",0
"OR4F5",0
"OR2G6",0
"OR13G1",0
"OR1C1",0
"OR2M3",0
"OR2T10",0
"OR6N1",0
"OR2T11",0
"LINC01788",0
"RNU6-884P",0
"RPL23AP20",0
"BECN2",0
"MAP1LC3C",0
"TUBB8P6",0
"MIR3117",0
"DNAI4",0
"MAP10",0
"PLPPR4",0
"TRIM67",0
"OR2T4",0
"INSL5",0
"SLC2A7",0
"LCE4A",0
"RNU1-1",0
"RNU1-6P",0
"RNU1-3",0
"ACTRT2",0
"MIR4251",0
"CELA3B",0
"RN7SL386P",0
"RNU6-1022P",0
"CELA3A",0
"RN7SL186P",0
"RNU6-776P",0
"MIR4418",0
"RPL22P4",0
"RNU1-4",0
"UBE2U",0
"LCE1C",0
"HMGN3P1",0
"CRNN",0
"LCE5A",0
"CRCT1",0
"LCE3E",0
"LCE3D",0
"TEKT2",0
"RN7SL131P",0
"UBE2V2P4",0
"A3GALT2",0
"MIR3605",0
"RN7SL44P",0
"RNU4-27P",0
"SNORA63C",0
"ASCL5",0
"LINC02816",0
"MIR3115",0
"LCE1B",0
"LCE1A",0
"SMCP",0
"IVL",0
"LINC01527",0
"SPRR4",0
"SPRR3",0
"SPRR1B",0
"SPRR2D",0
"SPRR2A",0
"SPRR2B",0
"SPRR2E",0
"SPRR2F",0
"SPRR2G",0
"CADM3",0
"RNA5SP60",0
"OR10J1",0
"MYOM3-AS1",0
"IL22RA1",0
"CRIP1P3",0
"LGR6",0
"FMO3",0
"MIR1295A",0
"MIR1295B",0
"KRT8P45",0
"ETV3L",0
"NUCKS1P1",0
"RNA5SP42",0
"C1orf94",0
"MIR4258",0
"DCST1",0
"RPL6P31",0
"RNVU1-6",0
"RNU6-1071P",0
"NUDT4P2",0
"TEX46",0
"RNU6-723P",0
"RNU4-61P",0
"RPL21P25",0
"AGBL4-AS1",0
"AGBL4-IT1",0
"ZNF859P",0
"MTND2P29",0
"C1orf185",0
"RNA5SP529",0
"PFN1P6",0
"RNVU1-26",0
"RNVU1-2A",0
"MIR4424",0
"ANGPTL1",0
"RNVU1-14",0
"RN7SL165P",0
"NR0B2",0
"RPL12P13",0
"OSTCP2",0
"LIN28A",0
"DMRTB1",0
"GLIS1",0
"RNU7-95P",0
"MIR378F",0
"RPL36P5",0
"DNM3-IT1",0
"MIR214",0
"MIR3120",0
"MIR199A2",0
"RNU6-157P",0
"RNU6-947P",0
"RNU6-999P",0
"RNU1-132P",0
"KIF26B-AS1",0
"DNAJC19P8",0
"H3-4",0
"KISS1",0
"PRKAA2",0
"KDF1",0
"VTCN1",0
"CYP4A22",0
"ARL5AP3",0
"MIR1262",0
"DIRAS3",0
"OR6N2",0
"H3C15",0
"H3C14",0
"OR2T1",0
"SEC16B",0
"LCE2C",0
"OR2C3",0
"HNRNPA3P14",0
"ARID3BP1",0
"ST13P20",0
"LCE3C",0
"UBE2V1P8",0
"RPL23AP17",0
"PKP1",0
"MIR1231",0
"MIR6739",0
"MIR6736",0
"RNU7-70P",0
"TAFA3",0
"NUTF2P4",0
"RNVU1-19",0
"RPL36AP9",0
"FOXO6-AS1",0
"MIR215",0
"MIR194-1",0
"MIR664A",0
"SNORA36B",0
"AURKAP1",0
"XRCC6P3",0
"RN7SL861P",0
"CCDC190",0
"P3R3URF-PIK3R3",0
"COX7BP4",0
"P3R3URF",0
"LURAP1",0
"HMGB3P10",0
"RN7SKP195",0
"MIR4428",0
"RNVU1-4",0
"RPS3AP11",0
"RNU6-536P",0
"PPIAL4C",0
"PPIAL4D",0
"PPIAL4E",0
"PPIAL4F",0
"MYOG",0
"MYBPH",0
"RNU6-1099P",0
"NPM1P40",0
"RNA5SP66",0
"RNU7-13P",0
"LENEP",0
"RPS3AP8",0
"APOBEC4",0
"LINC00626",0
"SUMO1P2",0
"TMOD4",0
"RNU6-792P",0
"FOXO6",0
"RNA5SP45",0
"EDN2",0
"LINC01140",0
"MIR4711",0
"RN7SL475P",0
"SLC44A5",0
"SPOCD1",0
"CTXND2",0
"ACO2P2",0
"RNU2-70P",0
"KPRP",0
"RNA5SP59",0
"MYBPHL",0
"MIR4253",0
"LACTBL1",0
"PYHIN5P",0
"RAD1P2",0
"C8A",0
"MIR4735",0
"RN7SL326P",0
"CFHR3",0
"IRF6",0
"C8B",0
"RNU4-42P",0
"MIR7856",0
"RPL7L1P22",0
"CLCA2",0
"CLCA1",0
"CLCA4",0
"CDCA4P2",0
"RNU1-151P",0
"RNVU1-8",0
"RNU6-1171P",0
"RN7SKP88",0
"TMEM82",0
"PPP1R11P1",0
"PDE4DIPP10",0
"HS6ST1P1",0
"BMP8B-AS1",0
"LHX8-AS1",0
"RNU6-622P",0
"MIR4423",0
"PLPPR5",0
"RNU6-239P",0
"RNU6-121P",0
"VDAC1P9",0
"MIR4654",0
"RNA5SP61",0
"MIR556",0
"SPATA46",0
"TEX35",0
"C1orf220",0
"RNA5SP69",0
"RNA5SP76",0
"RN7SL431P",0
"MIR190B",0
"SNORA58B",0
"GAPDHP20",0
"LRRC37A12P",0
"RN7SL122P",0
"MIR551A",0
"TP73-AS2",0
"C1orf141",0
"MIR1537",0
"RNU6-968P",0
"RNU6ATAC18P",0
"MIR6730",0
"AADACL3",0
"PRAMEF12",0
"PRAMEF1",0
"PRAMEF11",0
"PRAMEF4",0
"PRAMEF10",0
"RNU6-1072P",0
"PRAMEF29P",0
"PRAMEF6",0
"PRAMEF13",0
"RNU6-771P",0
"PRAMEF33",0
"AADACL4",0
"PRAMEF7",0
"PRAMEF5",0
"PRAMEF8",0
"PRAMEF20",0
"LRRC38",0
"RN7SL713P",0
"LINC01647",0
"RPL22P6",0
"ZBED6",0
"MIR6068",0
"RNA5SP49",0
"RPSAP65",0
"ATP6V1G3",0
"MIR181B1",0
"MIR181A1",0
"RNU6-1062P",0
"RNU6-662P",0
"SNRPEP10",0
"RNU6-1248P",0
"PHB1P11",0
"RNU6-1319P",0
"MIR4426",0
"RN7SKP126",0
"TRIM67-AS1",0
"COX6B1P7",0
"MRPS18BP1",0
"TMEM275",0
"LELP1",0
"PRR9",0
"RPLP0P4",0
"PGLYRP3",0
"RNU6-160P",0
"LAPTM4BP1",0
"S100A15A",0
"S100A7A",0
"S100A7P1",0
"S100A7",0
"S100A7L2",0
"C1QTNF12",0
"SCNN1D",0
"MIR6726",0
"RN7SL480P",0
"RNU2-17P",0
"MIR6727",0
"MIR6808",0
"NDUFB4P8",0
"MTCO1P38",0
"MTCYBP15",0
"MTND6P15",0
"MTND5P18",0
"MZT1P1",0
"RN7SKP269",0
"TMEM274P",0
"MIR5697",0
"PDZK1",0
"RNU6-693P",0
"SLC25A38P1",0
"RNU1-153P",0
"RNU1-154P",0
"PRAMEF25",0
"RPL7AP18",0
"ATP6V0E1P4",0
"CFL1P6",0
"MRPS21P1",0
"RPS29P7",0
"CFHR4",0
"CFHR5",0
"KLHDC8A",0
"MIR135B",0
"LEMD1-DT",0
"RNA5SP534",0
"CFAP97P1",0
"RNU6-171P",0
"RPL35AP7",0
"RNU6-755P",0
"MIR5008",0
"CICP26",0
"SNRPEP7",0
"FCN3",0
"SPRR5",0
"OR2AK2",0
"OR6K6",0
"OR10R2",0
"OR2L13",0
"LCE7A",0
"OR14L1",0
"PRAMEF18",0
"CFHR2",0
"LINC01699",0
"RNA5SP70",0
"CAMTA1-AS3",0
"RNU1-8P",0
"MEF2AP1",0
"NPHS2",0
"RNU5F-2P",0
"RNU6-291P",0
"RPL39P6",0
"UBE2V2P3",0
"RNY4P25",0
"CGN",0
"MIR1976",0
"RN7SL679P",0
"RNU7-29P",0
"WBP1LP7",0
"OR4F29",0
"RNU6-1102P",0
"NPR1",0
"MIR8083",0
"RN7SL372P",0
"GEMIN2P1",0
"IPO8P1",0
"EPS8L3",0
"OR2T7",0
"WBP1LP6",0
"OR4F16",0
"CICP3",0
"CICP21",0
"RNU6-747P",0
"MIR4422",0
"KIRREL1-IT1",0
"SMIM42",0
"RNU1-7P",0
"RPL23AP19",0
"MIR6728",0
"RNU6-304P",0
"CA6",0
"RN7SL451P",0
"MIR5087",0
"RNVU1-21",0
"RNVU1-1",0
"RNU1-155P",0
"MIR6077",0
"RNVU1-3",0
"CYCSP4",0
"SETP10",0
"EIF4A1P11",0
"COX5BP8",0
"MIR4252",0
"RPSAP16",0
"YWHAQP9",0
"HNRNPA1P6",0
"PGBP",0
"OR2T32P",0
"OR2L1P",0
"ZNF731P",0
"OR2W5P",0
"PDZK1P1",0
"H2BP2",0
"CHIAP2",0
"PRAMEF36P",0
"PDE4DIPP7",0
"H2BC19P",0
"H2BC20P",0
"DDX11L1",0
"OR4G11P",0
"CROCCP4",0
"MST1L",0
"SLC35E2A",0
"LINC01145",0
"KMT2CP2",0
"PDE4DIPP4",0
"MGAT4FP",0
"SEPTIN7P13",0
"NBPF25P",0
"CLCA3P",0
"GTF2IP20",0
"CROCCP2",0
"H2BP1",0
"MTMR9LP",0
"FCGR1BP",0
"GBA1LP",0
"FAAHP1",0
"EMBP1",0
"LINC00869",0
"SEPTIN14P21",0
"LINC01347",0
"MIR6731",0
"RNU4-28P",0
"MICOS10-NBL1",0
"HTR6",0
"LINC02793",0
"RNU6-487P",0
"LARP7P1",0
"SEC22B4P",0
"RNA5SP536",0
"RPL7AP15",0
"LINC02794",0
"CYP46A4P",0
"SKINT1L",0
"SLC5A9",0
"PPP1R8P1",0
"SOD2P1",0
"HES3",0
"MIR200B",0
"MIR200A",0
"MIR429",0
"RGS4",0
"KRT18P12",0
"UBE2V1P13",0
"GAPDHP24",0
"UBXN10",0
"CDCP2",0
"HTR1D",0
"ZNF648",0
"YPEL5P1",0
"RNU6-152P",0
"MIR4794",0
"UBL4B",0
"TXN2P1",0
"ASB17",0
"RNU6-161P",0
"RNU4-77P",0
"KCNK1",0
"MIR4427",0
"CYP4Z2P",0
"TUBAP8",0
"CYP4A11",0
"CYP4A26P",0
"CYP4A43P",0
"CYP4A27P",0
"CYP4A44P",0
"CAPNS1P1",0
"TMEM240",0
"PTGER3",0
"RSPO1",0
"EPHA10",0
"ACTN4P2",0
"RNU6-584P",0
"ERI3-IT1",0
"H3P2",0
"TUBBP10",0
"HIGD1AP11",0
"SLC1A7",0
"PATJ-DT",0
"EIF2S2P5",0
"RNA5SP64",0
"MIR921",0
"FMO7P",0
"RNU6-307P",0
"ENTR1P2",0
"TNN",0
"RPS29P4",0
"LINC01657",0
"SNORA70H",0
"MIR6740",0
"RFKP5",0
"RN7SKP49",0
"SNRPD2P2",0
"TSNAX-DISC1",0
"LYPD8",0
"FNDC5",0
"MIR29C",0
"MIR29B2",0
"RNA5SP20",0
"ACTG1P21",0
"RNA5SP21",0
"RPL23AP23",0
"NBPF4",0
"SLC25A24P1",0
"NBPF5P",0
"NBPF6",0
"ST13P21",0
"RPL7L1P21",0
"THAP3P1",0
"PIN1P1",0
"RPL31P11",0
"HDAC1P2",0
"MND1P1",0
"PUDPP2",0
"SLC25A3P1",0
"RPS10P7",0
"ACTG1P25",0
"SLC44A3-AS1",0
"PFN1P2",0
"KIF28P",0
"CYMP",0
"BTNL10P",0
"MROH3P",0
"UOX",0
"PTPRVP",0
"MGAT4EP",0
"CRYZL2P",0
"GFOD3P",0
"ZPLD2P",0
"GNRHR2",0
"CALR4P",0
"PRAMEF26",0
"PRAMEF32P",0
"DIO1",0
"HNRNPA3P12",0
"LDLRAD1",0
"MIR4781",0
"COX7BP3",0
"LINC01648",0
"RN7SKP91",0
"RN7SL371P",0
"SELENOWP1",0
"NKAIN1",0
"EEF1A1P46",0
"RNU6-40P",0
"LDC1P",0
"OR14A2",0
"C1orf232",0
"CNKSR1",0
"ESPNP",0
"RN7SL269P",0
"MRPS10P1",0
"SIGLEC30P",0
"RN7SKP160",0
"RNA5SP67",0
"CACNA1S",0
"PCSK9",0
"MIR4422HG",0
"ELOCP18",0
"DEPDC1",0
"TXNP2",0
"TNR-IT1",0
"GOT2P2",0
"SNORA59A",0
"RNA5SP46",0
"TMEM125",0
"C1orf210",0
"TIE1",0
"LINC01633",0
"RNA5SP72",0
"OPTC",0
"MIR761",0
"RAB3B",0
"RNA5SP48",0
"RN7SL290P",0
"TTLL10-AS1",0
"MTOR-AS1",0
"RPL17P8",0
"BLACAT1",0
"RNU2-19P",0
"CROCCP3",0
"OR14I1",0
"LYPD9P",0
"AHCYP8",0
"LINC00970",0
"ATP1A4",0
"ELOCP20",0
"CNOT7P2",0
"RN7SL420P",0
"RNU6-1246P",0
"RLIMP2",0
"FLG",0
"RNU6-403P",0
"LINC02474",0
"AVPR1B-DT",0
"RPL6P2",0
"LINC01780",0
"RNU1-75P",0
"HAO2-IT1",0
"GAPDHP74",0
"HSD3BP2",0
"GAPDHP23",0
"RNA5SP57",0
"RNVU1-22",0
"RN7SL583P",0
"RPL36AP10",0
"RNU6-725P",0
"KRT18P32",0
"LINC00538",0
"PHB1P3",0
"LINC01760",0
"RPL26P9",0
"MIR2682",0
"MIR137",0
"NFU1P2",0
"MTCO2P34",0
"RN7SKP291",0
"RNU6-830P",0
"PIGQP1",0
"RPSAP20",0
"TBX15",0
"WARS2-IT1",0
"RBMX2P3",0
"MIR557",0
"QRSL1P1",0
"C1orf167-AS1",0
"MIR4695",0
"MIR3116-1",0
"MIR3116-2",0
"PIGPP2",0
"RPS15AP7",0
"KANK4",0
"RNU6-371P",0
"RN7SL488P",0
"RNU7-123P",0
"RN7SL130P",0
"RNU5A-5P",0
"GPR88",0
"RPL7AP17",0
"RPL36AP12",0
"MIR3121",0
"TMEM78",0
"SETP9",0
"PPIAP37",0
"ITLN2",0
"MIR3658",0
"CELA2A",0
"SCARNA21B",0
"RNU7-179P",0
"CD24P1",0
"RSC1A1",0
"TEX50",0
"LINC02961",0
"RNY4P16",0
"ANO7L1",0
"MRPS21P2",0
"RPL22P24",0
"RNU7-183P",0
"MCRIP2P2",0
"TMEM61",0
"LINC01307",0
"WDTC1-DT",0
"LINC01778",0
"NTRAS",0
"LINC01717",0
"TTC39A-AS1",0
"NFIA-AS1",0
"LINC02795",0
"LINC02772",0
"LINC02818",0
"LINC01360",0
"LINC02775",0
"LINC01770",0
"INKA2-AS1",0
"MFSD4A-AS1",0
"LINC01757",0
"LINC01680",0
"LINC02780",0
"LINC01753",0
"LINC02869",0
"LINC01745",0
"LINC01750",0
"LINC01702",0
"PPM1J-DT",0
"LINC01397",0
"GRHL3-AS1",0
"LINC01688",0
"SPATA42",0
"LINC02783",0
"LRRC52-AS1",0
"LINC01344",0
"LINC01701",0
"CRYZL2P-SEC16B",0
"LINC01361",0
"LINC02805",0
"LINC01786",0
"DHCR24-DT",0
"LINC01364",0
"LINC02801",0
"LINC02769",0
"CYMP-AS1",0
"LINC01675",0
"LINC02770",0
"PIK3CD-AS2",0
"LINC01776",0
"PRKCZ-DT",0
"LINC01139",0
"NECTIN4-AS1",0
"LINC02817",0
"LINC01221",0
"BRINP3-DT",0
"LINC01738",0
"LINC01350",0
"LINC02567",0
"NGF-AS1",0
"MDS2",0
"LINC02792",0
"USH2A-AS2",0
"POU2F1-DT",0
"LPGAT1-AS1",0
"CSMD2-AS1",0
"RNF186-AS1",0
"LINC01354",0
"LINC01682",0
"LINC01696",0
"C1orf21-DT",0
"LINC01645",0
"LINC01741",0
"LINC01661",0
"LINC01222",0
"LINC01676",0
"LINC00853",0
"LINC01141",0
"LINC01346",0
"PRDM16-DT",0
"OVAAL",0
"LINC01704",0
"LINC01765",0
"LINC03102",0
"LINC01774",0
"LINC02591",0
"LINC00582",0
"LINC01707",0
"LINC01672",0
"RWDD3-DT",0
"LINC01777",0
"PHC2-AS1",0
"DAB1-AS1",0
"DEPDC1-AS1",0
"MIR205HG",0
"LINC01142",0
"RGS5-AS1",0
"ELAVL4-AS1",0
"LINC01525",0
"CAMTA1-AS1",0
"ERICH3-AS1",0
"ERLNC1",0
"LMX1A-AS1",0
"LINC02596",0
"LINC01768",0
"LINC01736",0
"SERTAD4-AS1",0
"SPATA17-AS1",0
"LINC01779",0
"CAMTA1-IT1",0
"LINC02771",0
"MIR3659HG",0
"MIR3659",0
"DDX59-AS1",0
"FAM138A",0
"MIR6859-2",0
"NHLH2",0
"HNRNPA1P43",0
"LINC01649",0
"TEDDM1",0
"LINC00272",0
"TEDDM2P",0
"CADM3-AS1",0
"EEF1GP7",0
"OAZ1P1",0
"FTH1P22",0
"CHIAP3",0
"KMT2CP3",0
"RPL7AP19",0
"TUBB8P9",0
"CBX1P3",0
"UBBP2",0
"RPL23AP25",0
"GEMIN8P4",0
"CHORDC1P5",0
"RPS7P5",0
"MSTO2P",0
"PDE4DIPP1",0
"PFN1P4",0
"MKRN8P",0
"HSD3BP4",0
"NBPF7P",0
"NDUFS5P2",0
"HSPA7",0
"PDE4DIPP3",0
"FCGR1CP",0
"RPL22P5",0
"HMGN2P19",0
"LCEP4",0
"LCEP3",0
"LINC00302",0
"MMP23A",0
"CHIAP1",0
"RPS27AP6",0
"AIMP1P2",0
"NBPF18P",0
"OR6K4P",0
"OR6K5P",0
"OR6R1P",0
"FAM131C2P",0
"OR4G4P",0
"EIF1AXP1",0
"SPRR2C",0
"KMT2CP1",0
"DRD5P2",0
"SPTLC1P4",0
"PFN1P3",0
"RPL32P6",0
"H3P1",0
"H2BC27P",0
"MED28P8",0
"SEC22B2P",0
"RPL29P7",0
"UQCRBP2",0
"NBPF13P",0
"SEC22B3P",0
"CROCCP5",0
"SLAMF6P1",0
"H3P4",0
"PDE4DIPP5",0
"C4BPAP2",0
"SEPTIN14P17",0
"RPL23AP24",0
"NDUFA5P10",0
"ABHD17AP3",0
"GCSHP5",0
"SLC25A24P2",0
"WASH7P",0
"HSD3BP1",0
"C4BPAP1",0
"MT1XP1",0
"DDX11L17",0
"WASH9P",0
"RPL35AP6",0
"LINC01341",0
"CYCSP5",0
"C1orf202",0
"FMO6P",0
"GPR199P",0
"CHRM3-AS1",0
"LINC01650",0
"TPO",0
"TRAPPC12-AS1",0
"LINC01247",0
"SNTG2",0
"LINC02973",0
"MSGN1",0
"EIPR1-IT1",0
"HS1BP3-IT1",0
"LRATD1",0
"CDK8P1",0
"PIK3CDP1",0
"NTSR2",0
"LINC02850",0
"OSR1",0
"RPS16P2",0
"LINC01866",0
"CRTC1P1",0
"MATN3",0
"CISD1P1",0
"RPL36AP14",0
"FTH1P6",0
"LHCGR",0
"LINC01318",0
"ZFYVE9P2",0
"KCNG3",0
"FBXL12P1",0
"FSHR",0
"RPL21P70",0
"VDAC1P13",0
"DNAJB12P1",0
"RPL37P13",0
"PSMC1P10",0
"SUPT4H1P1",0
"RPL26P15",0
"RPS20P9",0
"MTND4P25",0
"RPS15AP15",0
"RPL27P5",0
"RPL21P37",0
"ST6GALNAC2P1",0
"MTND5P27",0
"EVA1A",0
"PPIAP64",0
"LRRTM4-AS1",0
"ELOBP3",0
"TPT1P11",0
"REG3G",0
"REG1A",0
"LINC01809",0
"SMIM7P1",0
"MTND6P7",0
"DRD5P1",0
"RPL37P10",0
"RPL12P18",0
"LYARP1",0
"RPL12P19",0
"SUCLA2P2",0
"RPL26P13",0
"LSM3P3",0
"FABP1",0
"EVA1A-AS",0
"ANKRD11P1",0
"ZNF863P",0
"PKDCC",0
"MRPL50P1",0
"ANAPC1P3",0
"CRLF3P3",0
"NDUFB4P7",0
"DHFRP3",0
"CCDC12P1",0
"RBX1P1",0
"ABCD1P5",0
"CTBP2P5",0
"LDHAP3",0
"LINC01867",0
"PNPP1",0
"PSAT1P2",0
"CAPZBP1",0
"RPL21P36",0
"GGCTP3",0
"FAM110C",0
"TCF7L1-IT1",0
"NKAIN1P2",0
"DBF4P3",0
"ILRUNP1",0
"CIMIP2C",0
"ANAPC1P5",0
"MTND1P29",0
"ST6GAL2-IT1",0
"SLC5A7",0
"PPIAP63",0
"LINC01593",0
"MTND4P26",0
"MTND2P21",0
"RPL22P8",0
"SMC3P1",0
"KNOP1P3",0
"LYPD1",0
"MTND5P28",0
"DPP10-AS2",0
"IGKV1OR2-1",0
"SMYD1",0
"NT5C1B-RDH14",0
"NXPH2",0
"EIF2S2P7",0
"MTCO1P43",0
"NCKAP5-IT1",0
"SRSF3P5",0
"CRYGGP",0
"EN1",0
"KRT18P33",0
"XIAPP3",0
"MTND1P28",0
"YY1P2",0
"STON1-GTF2A1L",0
"AHCYP4",0
"MTND6P9",0
"SDHCP3",0
"PPP1R2P5",0
"SNRPGP9",0
"DRC1",0
"GAPDHP57",0
"MRPS18BP2",0
"MTCYBP9",0
"TOMM40P4",0
"DSTNP5",0
"DBF4P2",0
"RPL9P13",0
"RPSAP23",0
"ACTP1",0
"KCNJ3",0
"COPRSP1",0
"SLC6A14P3",0
"MTND2P22",0
"IGKV1OR2-2",0
"RPS21P2",0
"LRRC57P1",0
"JPT1P1",0
"MTCO1P44",0
"RPL27P7",0
"RPS15AP13",0
"RPS16P3",0
"CBY1P1",0
"TBR1",0
"FIGN",0
"MTND2P19",0
"EDDM3CP",0
"RPSAP27",0
"MTCO1P7",0
"LINC01832",0
"ALDH7A1P2",0
"BMS1P19",0
"RPL27AP4",0
"EXTL2P1",0
"MTCO1P45",0
"MTND1P27",0
"LINC01854",0
"RPL17P15",0
"RPS20P12",0
"KRT18P46",0
"LINC01790",0
"LY75-CD302",0
"TPT1P2",0
"MTND2P20",0
"HSPE1P9",0
"YWHAEP5",0
"RPL23AP28",0
"MTCO2P7",0
"ELOAP1",0
"SRSF3P6",0
"VPS26CP1",0
"RNF103-CHMP3",0
"MDH1B",0
"PPIAP65",0
"TXNL4AP1",0
"PSMD14P1",0
"MTND4P28",0
"MTATP6P7",0
"RNF14P1",0
"SMC4P1",0
"MTND5P30",0
"OR7E28P",0
"GTF2A1L",0
"ZSWIM2",0
"LINC01826",0
"RPL5P8",0
"MTCO3P7",0
"LINC03097",0
"NCKAP5-AS1",0
"FAM124B",0
"PPIAP67",0
"XIRP2-AS1",0
"GLULP6",0
"MED15P5",0
"SLC44A3P1",0
"VWC2L-IT1",0
"HNRNPA1P47",0
"MTCO3P43",0
"MYL1",0
"ENSAP3",0
"DNAJC17P1",0
"SEC61GP1",0
"TMEFF2",0
"KRT18P29",0
"MTND3P15",0
"TBC1D8-AS1",0
"LINC01789",0
"MTND3P10",0
"RPS15AP14",0
"CRYGA",0
"MTND4LP14",0
"CRLF3P1",0
"CEP19P1",0
"OR7E89P",0
"TERF1P6",0
"RPL7P61",0
"CDK8P2",0
"RPS17P8",0
"GPR55",0
"FABP5P10",0
"GSTM3P2",0
"RPL19P4",0
"BOK",0
"AHCYP5",0
"ATP5PBP4",0
"LIN28AP1",0
"LINC02991",0
"MYL6BP1",0
"MTND4P27",0
"LINC01941",0
"MTND6P8",0
"SPHKAP",0
"RPL21P38",0
"IQCA1-AS1",0
"MTCYBP8",0
"MTND5P29",0
"RPL3P5",0
"MTND5P22",0
"RNF11P1",0
"IQCA1",0
"MTATP6P26",0
"H3P9",0
"LINC01935",0
"KDM3AP1",0
"LINC03116",0
"ST13P2",0
"KRT18P19",0
"KCTD5P1",0
"MIR7515",0
"MIR548S",0
"MIR7158",0
"RN7SL140P",0
"RNU6-1288P",0
"RN7SKP27",0
"RNU6-1215P",0
"MIR4262",0
"MIR4757",0
"RNU6-843P",0
"RNA5SP88",0
"MIR3125",0
"RNA5SP87",0
"RN7SL610P",0
"RNA5SP90",0
"RNU6-1117P",0
"MIR548AD",0
"RNU4-63P",0
"RN7SL414P",0
"RNU4-49P",0
"RN7SL361P",0
"MIR4432",0
"RNU1-32P",0
"RNU6-634P",0
"RNU6-221P",0
"RN7SL18P",0
"RNU6-282P",0
"RNU6-612P",0
"RN7SL51P",0
"MIR4431",0
"MIR548BA",0
"RNU6-439P",0
"RNA5SP98",0
"RN7SKP203",0
"RNU6-827P",0
"RN7SL201P",0
"RNU6-685P",0
"RNU6-812P",0
"RNU6-674P",0
"RN7SKP164",0
"RNA5SP99",0
"RNU6-1312P",0
"MIR4780",0
"MIR4771-1",0
"RNA5SP100",0
"RNU6-775P",0
"MIR5696",0
"RNU4-84P",0
"RNU2-63P",0
"RNU2-41P",0
"MIR4265",0
"MIR4266",0
"RNU7-46P",0
"RNU6-259P",0
"RN7SL635P",0
"RNU7-190P",0
"RNU6-675P",0
"MIR4435-2",0
"VTRNA2-2P",0
"RN7SKP102",0
"RNA5SP102",0
"RNA5SP103",0
"RN7SKP286",0
"MIR7157",0
"RNU6-904P",0
"RNU6-579P",0
"RN7SKP154",0
"RNU6-546P",0
"RNU6-1001P",0
"RNA5SP107",0
"RN7SL423P",0
"RN7SKP93",0
"RNU6-580P",0
"RNA5SP108",0
"RNU6-627P",0
"RN7SL283P",0
"RNA5SP105",0
"RNU6-182P",0
"RN7SL813P",0
"MIR4437",0
"MIR548AE1",0
"RNU6-915P",0
"RN7SKP42",0
"RNU6-989P",0
"RNU6-1045P",0
"MIR4774",0
"RNU6-766P",0
"RNA5SP117",0
"MIR4438",0
"MIR1258",0
"RNU2-21P",0
"SNORA70I",0
"RN7SL807P",0
"RNU6-624P",0
"MIR4268",0
"MIR5702",0
"RNU6-451P",0
"MIR3130-1",0
"MIR3130-2",0
"RNU6-1051P",0
"MIR3133",0
"RNU6-169P",0
"KCNF1",0
"RPL6P4",0
"AIDAP1",0
"LINC03037",0
"HEBP2P1",0
"RPLP0P7",0
"RN7SKP179",0
"RNU6-959P",0
"HMGB1P27",0
"NME2P2",0
"RBISP5",0
"PPIAP62",0
"RN7SL817P",0
"PPFIA1P1",0
"UGT1A11P",0
"UGT1A13P",0
"UGT1A9",0
"RPL17P11",0
"UGT1A2P",0
"UGT1A1",0
"HJURP",0
"RNU6-127P",0
"RNU6-939P",0
"RN7SL670P",0
"NECAP1P2",0
"TAF13P2",0
"HMGA1P8",0
"INO80B-WBP1",0
"G6PC2",0
"UBE2V1P6",0
"RPL23AP33",0
"CD8B2",0
"MIR1245A",0
"MIR1245B",0
"MIR3606",0
"CCDC140",0
"SNORD94",0
"MIR4779",0
"MIR1244-1",0
"RPL28P2",0
"MIR1471",0
"MIR562",0
"ECEL1P3",0
"ALPP",0
"ALPG",0
"ALPI",0
"ECEL1",0
"PRSS56",0
"CHRND",0
"BNIP3P46",0
"RNU6-1132P",0
"RNA5-8SP5",0
"MIR663B",0
"FAM201B",0
"RNU6-175P",0
"YBX1P7",0
"MIR4433B",0
"MIR4433A",0
"RN7SKP43",0
"RPL7L1P9",0
"MIR6809",0
"RNU6-848P",0
"KLF2P3",0
"GPR148",0
"CYCSP8",0
"ARHGAP42P1",0
"MTCYBP10",0
"MTND6P10",0
"MTND5P23",0
"MTND4P21",0
"MTND3P18",0
"MTCO3P18",0
"MTATP6P4",0
"MTCO2P18",0
"MTCO1P18",0
"MTND2P18",0
"MTND1P26",0
"MED15P3",0
"NOC2LP2",0
"TUBA3D",0
"MIR4784",0
"UGT1A4",0
"CFC1",0
"C2orf72",0
"RNU1-93P",0
"MIR4777",0
"ZBTB8OSP2",0
"SNORA75",0
"SNORD20",0
"SNORD82",0
"RNU2-22P",0
"NMUR1",0
"TANAR",0
"RN7SKP152",0
"RNU6-642P",0
"CDK5R2",0
"FEV",0
"MIR375",0
"MIR3131",0
"MIR153-1",0
"RESP18",0
"ECRG4",0
"RPL22P10",0
"SRSF3P4",0
"KRT18P52",0
"AK2P2",0
"RNU6-647P",0
"MIR8485",0
"RNA5SP111",0
"MAPRE1P3",0
"RNU6-964P",0
"FBXO36-IT1",0
"RNU6-1027P",0
"SLC16A14",0
"RNY4P19",0
"RNA5SP121",0
"SNRPGP8",0
"CRIPTOP2",0
"GLI2",0
"UBQLN4P2",0
"RPL27P6",0
"CSP1",0
"RNU6-111P",0
"RPSAP28",0
"NAT8",0
"RNU6-986P",0
"RPL12P15",0
"USP12P2",0
"RPS29P8",0
"GPAA1P1",0
"ZBTB45P1",0
"MIR4267",0
"MALL",0
"MIR4436B1",0
"ACTR1AP1",0
"MIR4436B2",0
"ZBTB45P2",0
"MIR4440",0
"MIR4441",0
"STON1",0
"RPS20P13",0
"USP8P2",0
"TXNP5",0
"HNRNPA3P15",0
"CFAP144P2",0
"IL1RL1",0
"SDR42E1P5",0
"MIR4772",0
"SEPHS1P6",0
"RN7SL717P",0
"MIR1301",0
"TRIM43",0
"UBTFL3",0
"RNU6-1029P",0
"HSPE1-MOB4",0
"PTCHD3P2",0
"CYB5AP2",0
"RNU6-1006P",0
"RPEP5",0
"EIF3EP2",0
"RNA5SP112",0
"STUB1P1",0
"KRT8P40",0
"MIR4444-1",0
"RPL21P35",0
"RPL23AP26",0
"TEX44",0
"RN7SL499P",0
"MIR4786",0
"OR9S24P",0
"OTOS",0
"PJVK",0
"BRD7P6",0
"TGFA-IT1",0
"KLHL41",0
"MIR4261",0
"RN7SL66P",0
"MIR3132",0
"INHA",0
"RN7SKP213",0
"DNAJB6P3",0
"RPL23P4",0
"RPS29P10",0
"RNU6-1145P",0
"DRG1P1",0
"RNU7-113P",0
"RNA5SP86",0
"RPL5P7",0
"RPSAP24",0
"RN7SL65P",0
"LRRC2P1",0
"SP9",0
"NEU2",0
"NPLP1",0
"ASS1P2",0
"RNU6-851P",0
"SOS1-IT1",0
"RNU6-198P",0
"RN7SKP38",0
"MIR9500",0
"RPL23AP31",0
"MIR4439",0
"DIRC1",0
"RN7SL604P",0
"SNORA36C",0
"C2orf15",0
"RPL22P12",0
"ACOXL-AS1",0
"GKN2",0
"GKN1",0
"MIR3126",0
"RNU6-1216P",0
"REG3A",0
"CTNNA2-AS1",0
"GNA13P1",0
"RNU6-561P",0
"MIR4264",0
"MIR8080",0
"RNA5SP109",0
"RPL31P15",0
"RNU6-1122P",0
"MIR4773-2",0
"MIR4773-1",0
"MIR3127",0
"RRAS2P2",0
"KRT18P26",0
"TOR1BP1",0
"TVP23BP2",0
"COX20P2",0
"SNORA70F",0
"RNA5SP110",0
"SCYL2P1",0
"MTCO2P16",0
"MTATP6P16",0
"MTCO3P16",0
"MTND3P16",0
"MTND4LP16",0
"MTND4P29",0
"MTND5P31",0
"ENO1P4",0
"RNU6-651P",0
"CDK15",0
"UBE2V1P11",0
"RNU6-440P",0
"RNU6-936P",0
"RN7SL856P",0
"SUCLA2P3",0
"ZFP91P1",0
"RPS26P19",0
"IGKV1OR2-108",0
"LINC01594",0
"SETD6P1",0
"WASF1P1",0
"SULT1C2P2",0
"GMCL1P2",0
"SULT1C4",0
"RNU6-1049P",0
"RNA5SP97",0
"RNU2-9P",0
"FAM8A3P",0
"RPL17P13",0
"RNU6-601P",0
"LINC01818",0
"FAM237A",0
"RNU6-31P",0
"RNU6-312P",0
"RNU6-762P",0
"RNU6-1206P",0
"RPL17P10",0
"MTND5P25",0
"MTND4LP13",0
"RN7SKP66",0
"ABCG8",0
"RNU6-1048P",0
"RN7SL455P",0
"RNU6-566P",0
"C1GALT1C1L",0
"KRT8P52",0
"RPL7P14",0
"RPL12P16",0
"RN7SKP83",0
"SAP18P2",0
"RNU6ATAC19P",0
"MRPL45P1",0
"RNU6-1168P",0
"RNU6-1007P",0
"RPL38P6",0
"SPMIP9",0
"MIR4436A",0
"IGKJ5",0
"IGKJ3",0
"IGKJ2",0
"MIR1285-2",0
"RPL39P15",0
"RPS26P20",0
"DAP3P2",0
"RNU6-436P",0
"HOXD13",0
"HOXD11",0
"HOXD10",0
"HOXD9",0
"HOXD8",0
"MIR10B",0
"HOXD4",0
"HOXD1",0
"MIR7704",0
"RPSAP25",0
"HOXD3",0
"CYCSP7",0
"RALBP1P2",0
"ASDURF",0
"RNU6-512P",0
"MIR128-1",0
"TM4SF20",0
"MIR5703",0
"NDUFB4P4",0
"RPS2P15",0
"SMARCE1P6",0
"FAM240C",0
"CICP10",0
"RPL23AP88",0
"MIR6811",0
"KCNK12",0
"VN1R18P",0
"RNU4-48P",0
"UGT1A3",0
"UGT1A8",0
"UGT1A5",0
"UGT1A7",0
"IGKV1-6",0
"IGKV3-7",0
"IGKV2-10",0
"IGKV2-18",0
"IGKV2-19",0
"IGKV6-21",0
"IGKV1-22",0
"IGKV2-23",0
"IGKV2-24",0
"IGKV3-25",0
"IGKV2-26",0
"IGKV2-29",0
"IGKV3-31",0
"IGKV1-32",0
"IGKV3-34",0
"IGKV1-35",0
"IGKV2-36",0
"IGKV2-38",0
"IGKV2-40",0
"IGKV2D-38",0
"IGKV2D-36",0
"IGKV1D-35",0
"IGKV3D-34",0
"IGKV1D-33",0
"IGKV1D-32",0
"IGKV3D-31",0
"IGKV2D-28",0
"IGKV1D-27",0
"IGKV2D-26",0
"IGKV3D-25",0
"IGKV2D-24",0
"IGKV2D-23",0
"IGKV1D-22",0
"IGKV6D-21",0
"IGKV2D-19",0
"IGKV2D-18",0
"IGKV6D-41",0
"IGKV1D-17",0
"IGKV1D-16",0
"IGKV3D-15",0
"IGKV1D-13",0
"IGKV1D-12",0
"IGKV3D-11",0
"IGKV2D-10",0
"IGKV1D-42",0
"IGKV1D-43",0
"IGKV1D-8",0
"IGKV3D-7",0
"CNTNAP5",0
"PPP1R1C",0
"ASPRV1",0
"SULT1C3",0
"IL37",0
"MIR4783",0
"GPR17",0
"SPEGNB",0
"SNRPEP5",0
"HMGB1P25",0
"KCNE4",0
"MIR4765",0
"RN7SL753P",0
"PIMREGP1",0
"RN7SL40P",0
"H3P8",0
"MTCO1P17",0
"MTATP6P17",0
"MTCO3P17",0
"MTND3P17",0
"MTND4LP17",0
"MTND4P30",0
"MTCO1P54",0
"RNU7-81P",0
"RN7SL210P",0
"AQP12A",0
"EFHD1",0
"KCNK3",0
"MYT1L-AS1",0
"RNU7-104P",0
"EVX2",0
"ASIC4",0
"RNU6-1140P",0
"PRLH",0
"AGBL5-AS1",0
"PRR30",0
"IGKV1OR2-9",0
"IGKV2OR2-10",0
"IGKV2OR2-7D",0
"IGKV3OR2-5",0
"IGKV1OR2-6",0
"IGKV2OR2-7",0
"IGKV2OR2-8",0
"IGKV1OR2-11",0
"MIR5590",0
"SNORA40B",0
"PCARE",0
"NDUFB4P6",0
"GCSHP3",0
"SNORD51",0
"SNORA41",0
"CMKLR2",0
"RN7SKP200",0
"ATP5POP1",0
"HMGN1P6",0
"RN7SKP260",0
"RNU1-133P",0
"MIR6513",0
"RNU7-148P",0
"CTAGE14P",0
"SNRPEP11",0
"GPR160P1",0
"SLC38A11",0
"RN7SL359P",0
"RNU6-997P",0
"HNRNPA1P61",0
"CYS1",0
"RAD51AP2",0
"ST6GAL2",0
"LIMS3",0
"API5P2",0
"SDHDP5",0
"RNU6-629P",0
"RNU5E-9P",0
"VAX2",0
"ATP6V1B1",0
"ELOCP21",0
"RN7SL160P",0
"RNU6-137P",0
"CHORDC1P1",0
"RN7SL575P",0
"SLC2AXP1",0
"PROM2",0
"FABP7P2",0
"RNU7-138P",0
"RNU7-176P",0
"RNA5SP113",0
"RN7SL267P",0
"RNU6-107P",0
"RPS10P9",0
"PDE1A",0
"NRAL",0
"MIR1246",0
"RNU6ATAC14P",0
"RPL31P14",0
"RNA5SP120",0
"FABP5P14",0
"TNP1",0
"UBTFL5",0
"TRIM43B",0
"KRT18P39",0
"NPM1P33",0
"RNU6-474P",0
"CNN2P11",0
"GXYLT1P7",0
"SGCEP1",0
"LINC01966",0
"METAP2P1",0
"RNU7-2P",0
"RPL17P12",0
"OTX2P2",0
"PABPC1P2",0
"RNU6-692P",0
"RNU6-715P",0
"RNA5SP106",0
"PRPS1P1",0
"CYP2C56P",0
"RNU6-542P",0
"RPS24P7",0
"POLR2DP1",0
"IL36A",0
"IL1F10",0
"GKN3P",0
"SCYGR9",0
"PHF5AP5",0
"LINC01124",0
"RNA5SP84",0
"MIR4429",0
"RNU2-13P",0
"RN7SL674P",0
"PROKR1",0
"MANEALP1",0
"RPS28P5",0
"TMEM256P2",0
"UBE2V1P14",0
"MTATP6P5",0
"MTCO2P5",0
"RPSAP26",0
"MIR5192",0
"RN7SL297P",0
"SLC30A6P1",0
"MIR6071",0
"GCKR",0
"FAM133EP",0
"SNRPGP7",0
"ARHGEF33",0
"BCYRN1",0
"MIR559",0
"FUCA1P1",0
"RPL29P8",0
"RNU6-187P",0
"RNU7-96P",0
"MFSD2B",0
"PFN4",0
"FAM228A",0
"C2orf73",0
"REEP1",0
"RNU6-640P",0
"MIR149",0
"RN7SL632P",0
"RPL21P33",0
"RNA5SP95",0
"RNU4-73P",0
"RNU7-127P",0
"RN7SL204P",0
"GBX2",0
"RNU1-31P",0
"MLXP1",0
"WBP1P1",0
"NDUFB4P5",0
"NT5C1B",0
"C2orf78",0
"SCYGR2",0
"SCYGR5",0
"SCYGR7",0
"SCYGR8",0
"SPATA3",0
"CCDC195",0
"SCYGR1",0
"SCYGR3",0
"SCYGR6",0
"RNA5SP114",0
"MIR561",0
"RNU7-147P",0
"H2ACP2",0
"CYP4F32P",0
"RNU6-1320P",0
"SOWAHCP5",0
"TEKT4",0
"MTCO3P45",0
"RPS24P6",0
"RNU5E-7P",0
"RPLP1P5",0
"RN7SL104P",0
"RPL23AP35",0
"DPRXP1",0
"MIR1302-4",0
"FIGLA",0
"CLEC4F",0
"MOB4P1",0
"KRT8P10",0
"RN7SL341P",0
"RN7SL211P",0
"RNU6-548P",0
"SCYGR4",0
"CPS1-IT1",0
"HSPA8P6",0
"CRYGFP",0
"MEAF6P1",0
"RNA5SP118",0
"SNAI1P1",0
"RNU6-242P",0
"RPL21P30",0
"RNU7-172P",0
"TSPYL6",0
"RPS6P3",0
"NIFKP9",0
"RNU6-1147P",0
"KMT2CP5",0
"SLC9B1P2",0
"HTR5BP",0
"CDRT15P4",0
"FAR2P2",0
"CYP4F62P",0
"NBEAP2",0
"CDRT15P3",0
"FAR2P4",0
"ECEL1P2",0
"CYP4F30P",0
"FAR2P3",0
"MED15P9",0
"ALMS1P1",0
"REG1CP",0
"SULT1C5P",0
"SLC19A4P",0
"MALLP2",0
"BIRC6-AS2",0
"ZNF285CP",0
"OR7E91P",0
"ANAPC1P1",0
"ANKRD20A8P",0
"PLGLA",0
"ANKRD33BP1",0
"ANKRD36BP2",0
"BMS1P23",0
"LINC01881",0
"LSP1P4",0
"FAHD2CP",0
"CXCR2P1",0
"RPL7L1P10",0
"RPL17P14",0
"WDR4P2",0
"RPL30P2",0
"RPS27P10",0
"RNA5SP119",0
"MTND2P23",0
"MIR548F2",0
"VDAC2P4",0
"RNU6-763P",0
"RNU6-1290P",0
"PLAC9P1",0
"RPL22P7",0
"RAB6C-AS1",0
"SSBP3P6",0
"ARHGAP42P2",0
"WNT6",0
"OR6B2",0
"CNGA3",0
"TEX51",0
"COLEC11",0
"ALLC",0
"GAPDHP48",0
"PRSS40A",0
"AMER3",0
"MTA3P1",0
"RNU6-932P",0
"PTP4A1P1",0
"HNRNPDLP2",0
"RN7SL393P",0
"RPL7AP22",0
"RNU6-234P",0
"NPM1P48",0
"RNU6-649P",0
"SOX11",0
"G3BP1P1",0
"RN7SKP178",0
"PPIAP68",0
"RPL27P8",0
"SIX2",0
"GPR39",0
"RN7SKP103",0
"CENPA",0
"CDKN2AIPNLP2",0
"RNU6-951P",0
"GAPDHP25",0
"RACK1P2",0
"RNU6-577P",0
"TMEM178A",0
"ATP5F1BP1",0
"RPL34P8",0
"CENPNP2",0
"MIR4771-2",0
"ARHGEF4",0
"RNU6-360P",0
"RPL9P14",0
"RNA5SP116",0
"CRYGEP",0
"CRYGD",0
"CRYGC",0
"SMIM39",0
"DBIL5P2",0
"FUNDC2P2",0
"HNRNPA1P57",0
"RPL38P2",0
"PAFAH1B1P2",0
"ATP5F1AP2",0
"DNAJB3",0
"RPS4XP5",0
"GPAA1P2",0
"MYADML",0
"VINAC1P",0
"PRORSD1P",0
"AHSA2P",0
"FAM95A",0
"OR6B3",0
"RNU2-39P",0
"EMX1",0
"NOTO",0
"MIR3129",0
"E2F3P2",0
"RN7SL820P",0
"CBX3P6",0
"MIR4435-1",0
"RPS14P5",0
"ANAPC1P4",0
"ITGB6",0
"LINC02478",0
"MIR4785",0
"MIR4776-2",0
"MIR4776-1",0
"MIR5001",0
"RPL30P3",0
"SRD5A2",0
"LINC01946",0
"RPL6P6",0
"IGKV2D-40",0
"IL36B",0
"SPTBN1-AS1",0
"POLHP1",0
"ACTG1P22",0
"ERMN",0
"RPL23AP29",0
"TUBAP13",0
"RPRM",0
"DNAJA1P2",0
"GALNT13",0
"PHB1P4",0
"IGKV5-2",0
"IGKV7-3",0
"PGBD4P5",0
"IGKV2-4",0
"SEPHS1P7",0
"MALLP1",0
"RN7SL251P",0
"RN7SL126P",0
"TMEM247",0
"LINC02580",0
"DNER",0
"AHCYP3",0
"RPL23AP27",0
"HMGB3P11",0
"NUTF2P8",0
"RN7SL117P",0
"RN7SL516P",0
"RNU6-958P",0
"LINC00486",0
"RN7SKP208",0
"MIR217",0
"MIR216A",0
"MIR216B",0
"CCDC85A",0
"RNA5SP93",0
"RNU6-508P",0
"RNA5SP94",0
"RNU6-473P",0
"CFC1B",0
"PRSS40B",0
"MIR5000",0
"SMPD4BP",0
"RNU6-617P",0
"LINC01087",0
"GRAMD4P8",0
"NANOGNBP1",0
"SRMP3",0
"DYNLT3P2",0
"RPL14P6",0
"RPL21P34",0
"C1QL2",0
"RN7SL468P",0
"MIR6888",0
"CAPZA1P2",0
"RPS29P9",0
"RNU6-664P",0
"MIR4775",0
"GPR45",0
"ASIC4-AS1",0
"LINC01796",0
"SCTR-AS1",0
"LINC02946",0
"LINC01853",0
"LINC01813",0
"RGPD4-AS1",0
"GALNT13-AS1",0
"LINC01106",0
"DNPEP-AS1",0
"LINC01381",0
"MAL-AS1",0
"LINC00487",0
"SATB2-AS1",0
"LINC01159",0
"WDR35-DT",0
"ANKRD44-DT",0
"LINC01143",0
"LINC01850",0
"RAB17-DT",0
"LINC00276",0
"LINC01107",0
"LINC01937",0
"MIR217HG",0
"LINC01953",0
"LINC01923",0
"LINC01939",0
"SNTG2-AS1",0
"LINC01802",0
"LINC01851",0
"NCKAP5-AS2",0
"LINC01833",0
"LINC01825",0
"LINC01877",0
"GBX2-AS1",0
"DPP10-AS3",0
"LINC01123",0
"LINC01886",0
"LINC01173",0
"FSIP2-AS1",0
"GCSIR",0
"SLC30A6-DT",0
"CMKLR2-AS",0
"MSH2-OT1",0
"UBE2E3-DT",0
"GACAT3",0
"GRASLND",0
"SCHLAP1",0
"LINC01812",0
"LINC01807",0
"LINC02579",0
"LINC01931",0
"SPATA3-AS1",0
"LINC01878",0
"LINC03052",0
"LINC02862",0
"DPP10-AS1",0
"CLASP1-AS1",0
"LINC02612",0
"LINC01803",0
"LINC01817",0
"SMARCAL1-AS1",0
"LINC01956",0
"LINC01875",0
"LINC01827",0
"ODC1-DT",0
"MYO1B-AS1",0
"PDE11A-AS1",0
"LINC01810",0
"MYCNUT",0
"EML6-AS1",0
"HOXD-AS2",0
"LINC01305",0
"GPC1-AS1",0
"LINC01880",0
"CNTNAP5-DT",0
"PCGEM1",0
"B3GALT1-AS1",0
"LINC00608",0
"LINC01958",0
"LINC01830",0
"LINC01884",0
"LINC02832",0
"LINC02923",0
"LINC01868",0
"LINC01104",0
"HAGLR",0
"HAGLROS",0
"KLHL30-AS1",0
"LINC01120",0
"LINC01090",0
"LINC01955",0
"LINC01918",0
"MIR4430",0
"ATP6V0E1P3",0
"RNA5SP91",0
"RNA5SP92",0
"KIF5C-AS1",0
"RNU6ATAC37P",0
"MIR4778",0
"LINC01873",0
"MEIS1-AS3",0
"MEIS1-AS2",0
"DNMT3AP1",0
"LINC01628",0
"LINC01828",0
"LINC01961",0
"MIR1302-3",0
"WASH2P",0
"RPL23AP7",0
"RNU6-744P",0
"MIR4782",0
"LINC01101",0
"USP21P2",0
"IFITM3P9",0
"CYCSP6",0
"ANAPC1P6",0
"HIGD1AP4",0
"RAD52P1",0
"KLF2P2",0
"LLPHP3",0
"RPL10P6",0
"GAPDHP59",0
"LINC01945",0
"OR7E90P",0
"UGT1A12P",0
"NF1P8",0
"MED15P8",0
"KLF2P4",0
"ECEL1P1",0
"DIS3L2P1",0
"HIGD2AP1",0
"KRT8P30",0
"HNRNPA1P66",0
"OR7E102P",0
"TIMM8AP1",0
"RPL31P17",0
"SMIM12P1",0
"KLF2P1",0
"CYP4F27P",0
"FAR2P1",0
"PDSS1P2",0
"MRPL36P1",0
"PTGES3P2",0
"UQCRHP2",0
"SEPTIN14P2",0
"KMT2CP4",0
"RPSAP22",0
"OR7E46P",0
"OR7E62P",0
"SNX18P14",0
"RPL6P5",0
"RPL31P30",0
"EEF1E1P1",0
"RPS20P10",0
"KRTCAP2P1",0
"MED15P4",0
"PGM5P4",0
"DDX11L2",0
"ACRP1",0
"RNA5SP101",0
"TRIM43CP",0
"IGKV2OR2-1",0
"IGKV2OR2-2",0
"IGKV1OR2-3",0
"GPAT2P2",0
"RN7SL313P",0
"MSL3B",0
"SPP2",0
"ST3GAL5-AS1",0
"LINC01883",0
"LINC01248",0
"RPL23AP39",0
"CHL1-AS1",0
"WNT7A",0
"CIAO2AP1",0
"RPL31P20",0
"MESTP4",0
"RPSAP32",0
"C3orf20",0
"FECHP1",0
"MTND4LP9",0
"ARPP21-AS1",0
"RPS8P6",0
"SDAD1P3",0
"RPL34P11",0
"LINC02011",0
"EFHB",0
"RPL39P18",0
"KRT8P18",0
"RPL36AP17",0
"SAP18P3",0
"RBMS3-AS1",0
"HINT2P1",0
"CYCSP12",0
"POLE4P1",0
"RFC3P1",0
"HSPA8P18",0
"NUP210P2",0
"COX6CP10",0
"HMGB3P12",0
"CRB3P1",0
"NBPF21P",0
"MTARC2P1",0
"CNN2P6",0
"MARK2P14",0
"RPS12P5",0
"RPL23AP38",0
"RHBDF1P1",0
"VENTXP4",0
"H3P11",0
"KCNH8",0
"GNAT1",0
"RBMS3-AS2",0
"ZNF652P1",0
"ILF2P1",0
"RPL7AP23",0
"VPS51P4",0
"RPS12P6",0
"CSNKA2IP",0
"PROS2P",0
"TCEAL8P1",0
"RPL17P17",0
"MTCO2P6",0
"HNRNPA3P8",0
"HMGB1P38",0
"ICE2P2",0
"RPEP2",0
"SETP6",0
"OR7E121P",0
"PPATP1",0
"TMEM183AP5",0
"FAM3D-AS1",0
"PSMC1P6",0
"WDR82P1",0
"UNC93B3",0
"OSBPL9P1",0
"SRRM1P2",0
"NDUFA5P5",0
"RARRES2P1",0
"HYDINP1",0
"ADAMTS9-AS1",0
"IMPG2",0
"MRPS17P3",0
"HSPE1P19",0
"CLUHP10",0
"TUBBP11",0
"EZRP1",0
"LINC02070",0
"MTCO1P6",0
"ACTR3P3",0
"DUSP12P1",0
"NDUFA4P2",0
"GUCA1C",0
"CCDC137P1",0
"BRD7P7",0
"RAP1BP2",0
"RPL14P2",0
"SSX2IPP1",0
"COX6CP6",0
"ST13P14",0
"RPS10P10",0
"KRT8P35",0
"UBE2Q2P9",0
"GAPDHP50",0
"DPPA2",0
"LCORLP1",0
"HMGB1P36",0
"TEX55",0
"UBL5P3",0
"OR7E66P",0
"PPIAP15",0
"ZFAND2AP1",0
"DUX4L26",0
"CCDC137P2",0
"RFKP2",0
"NPM1P17",0
"RPLP0P8",0
"FAM3D",0
"TMEM108-AS1",0
"DIMT1P1",0
"GM2AP1",0
"SOX14",0
"SDHBP1",0
"RLIG1P2",0
"FKBP1AP4",0
"PBX2P1",0
"HMGN1P10",0
"VN2R1P",0
"KCNAB1-AS1",0
"RPL21P71",0
"AFF4P1",0
"MRE11P1",0
"LINC02010",0
"SSBL6P",0
"MTCO3P38",0
"CYCSP56",0
"NPM1P28",0
"RPS6P4",0
"KLF7P1",0
"WDR70P1",0
"TOMM22P6",0
"MTND3P7",0
"MMACHCP1",0
"LARP7P4",0
"EEF1B2P8",0
"SI",0
"SPATA16",0
"MECOM-AS1",0
"MCUR1P2",0
"MTND4P17",0
"SDHDP3",0
"KRT18P35",0
"TMEM38BP1",0
"HMGN2P26",0
"SLC2A2",0
"ATP5MC1P4",0
"SLC31A1P1",0
"TPT1P3",0
"MTND4LP10",0
"RPS17P10",0
"NAALADL2-AS2",0
"DDX5P1",0
"RPL7AP25",0
"LINC01014",0
"ACTG1P23",0
"RPL28P1",0
"MTCH2P1",0
"PCBP2P4",0
"RPL32P8",0
"WWTR1-IT1",0
"TM4SF4",0
"GHSR",0
"SNRNP40P1",0
"NDUFB4P1",0
"GPR149",0
"RPL21P42",0
"EI24P1",0
"ADIPOQ-AS1",0
"NMNAT1P3",0
"EEF1A1P45",0
"TPRG1-AS2",0
"TRIM42",0
"EI24P6",0
"LINC01209",0
"KCNAB1-AS2",0
"LINC02041",0
"KLF3P2",0
"IGF2BP2-AS1",0
"RPS29P3",0
"PLAAT1",0
"PYDC2",0
"ATP13A5-AS1",0
"ENAHP1",0
"DTWD1P2",0
"ATP13A4",0
"PLCH1-AS1",0
"RPL6P7",0
"RPL7AP24",0
"PRICKLE1P1",0
"NAA50P2",0
"ETV5-AS1",0
"GAPDHP47",0
"RBM43P1",0
"RNU6-1194P",0
"RN7SKP144",0
"RNU4ATAC17P",0
"RNU6-905P",0
"RN7SL147P",0
"RN7SL120P",0
"MIR4791",0
"RNU4-85P",0
"RNU6-822P",0
"MIR3714",0
"MIR466",0
"RNU6-815P",0
"RNU6-243P",0
"RNA5SP127",0
"MIR128-2",0
"RNU6-235P",0
"MIR4272",0
"RN7SL863P",0
"RNU6-139P",0
"RNA5SP134",0
"RN7SL647P",0
"RNU7-119P",0
"RNU2-10P",0
"MIR1324",0
"RN7SKP284",0
"RNU6-739P",0
"RN7SL271P",0
"RNU6-281P",0
"RNU6-873P",0
"MIR3923",0
"MIR4273",0
"RNU6-1129P",0
"MIR548AB",0
"RNU6-1236P",0
"RNU6ATAC15P",0
"RNU6-712P",0
"MIR4445",0
"RNU6-461P",0
"RNU1-43P",0
"MIR567",0
"RNU6-823P",0
"MIR7110",0
"RNU6-1284P",0
"RNA5SP142",0
"RN7SL715P",0
"RNA5SP144",0
"RNU6-425P",0
"RNU1-100P",0
"RN7SKP177",0
"RNU6-1098P",0
"RNU7-82P",0
"MIR569",0
"RNU6-637P",0
"MIR1263",0
"MIR7977",0
"SNORA63D",0
"RN7SKP40",0
"RNU6-486P",0
"RNU6-505P",0
"RNU1-70P",0
"MIR944",0
"RNA5SP147",0
"RNU4-4P",0
"MIR4789",0
"RNU6-1233P",0
"RNU4-91P",0
"SNORA63E",0
"RNU6-1317P",0
"RNA5SP146",0
"RNA5SP148",0
"RNU6-1109P",0
"GMFBP1",0
"ABRAXAS1P1",0
"RNU6-865P",0
"UBQLN4P1",0
"MED28P2",0
"FAM136CP",0
"RPL32P7",0
"RNU6-1256P",0
"HMGB3P14",0
"HMGN1P9",0
"HMGB3P13",0
"DPPA4P2",0
"RNU6-1174P",0
"RNA5SP141",0
"MIR378B",0
"H2BP3",0
"ATOSBP1",0
"MIR568",0
"MIR4796",0
"YBX1P3",0
"EIF4E2P2",0
"STRIT1",0
"PABPC1P10",0
"MARK2P6",0
"CIDECP2",0
"LINC01327",0
"ZBBX",0
"MIR5002",0
"RPL7P15",0
"MIR4442",0
"MIR1224",0
"EEF1AKMT4-ECE2",0
"TEDDM3P",0
"LINC01839",0
"PPP2R2DP1",0
"RNU6-1227P",0
"TMIE",0
"PRSS50",0
"PTH1R",0
"BLVRBP1",0
"DDTP1",0
"RPL29P34",0
"RNF10P1",0
"UBTFL8",0
"CD24P5",0
"MIR4790",0
"RN7SL553P",0
"RNU1-62P",0
"MTCO3P47",0
"WNT5A-AS1",0
"ERC2-IT1",0
"MIR3938",0
"RN7SKP45",0
"RNA5SP133",0
"EIF2S2P2",0
"MIR5588",0
"RN7SKP212",0
"RNU6-726P",0
"CLDN16",0
"ZIC4",0
"THPO",0
"RNA5SP130",0
"AMIGO3",0
"RPL38P1",0
"HMGB1P30",0
"SNORD13P3",0
"RNU6-1105P",0
"GPS2P2",0
"SNORD2",0
"SNORA63B",0
"MIR1248",0
"SNORA81",0
"SNORA63",0
"SNORA4",0
"MCF2L2P1",0
"ATP5MC1P3",0
"FOXL2",0
"PRR23A",0
"PRR23B",0
"PRR23C",0
"RPL7L1P7",0
"PISRT1",0
"RBP2",0
"PTOV1P1",0
"PPDPFP1",0
"MIR198",0
"TRIM71",0
"ACTG1P12",0
"TIMP4",0
"MTCO1P5",0
"GSTM5P1",0
"RNU6-377P",0
"MEMO1P3",0
"PLSCR4P1",0
"RNU6-428P",0
"PLSCR5-AS1",0
"MIR15B",0
"RNU7-136P",0
"RPL6P8",0
"ARL14",0
"MIR4795",0
"KRT8P25",0
"CFAP91",0
"PHB1P8",0
"PARLP1",0
"RFKP3",0
"RN7SL762P",0
"RN7SL397P",0
"CRIP1P1",0
"ABHD14A-ACY1",0
"ALDOAP1",0
"MIRLET7G",0
"MIR135A1",0
"RPL29P9",0
"KLF15",0
"CFAP100",0
"UROC1",0
"C3orf22",0
"RNA5SP138",0
"METTL5P2",0
"SF3A2P1",0
"RNU6-646P",0
"RNU4-89P",0
"RNU6-42P",0
"LINC02025",0
"MIR5688",0
"CADM2-AS2",0
"CADM2-AS1",0
"THAP12P2",0
"RN7SL182P",0
"MIR6890",0
"C3orf84",0
"CLRN1",0
"NPHP3-ACAD11",0
"RNU6-787P",0
"RN7SL482P",0
"KIF3AP1",0
"MIR6829",0
"PPP4R2P3",0
"TMEM40",0
"KRT18P17",0
"SNORA7A",0
"IFT122P1",0
"ACSL3P1",0
"C3orf36",0
"RNA5SP136",0
"U2SURPP1",0
"ECE2",0
"AMOTL2",0
"GPR156",0
"RNU6ATAC6P",0
"RNU6-678P",0
"RNA5SP140",0
"UQCRHP4",0
"MDFIC2",0
"CPB1",0
"AGTR1",0
"PEX5L",0
"RNA5SP149",0
"RALBP1P1",0
"AHSG",0
"HRG",0
"HRGP1",0
"DNAJC19P4",0
"CNTN4-AS1",0
"JMJD4P1",0
"GP9",0
"ISY1-RAB43",0
"SDHDP4",0
"NRBF2P2",0
"RNU6-488P",0
"RNU6-511P",0
"HMGN1P7",0
"STX19",0
"RBBP4P2",0
"RPL35AP8",0
"KLHL40",0
"HHATL",0
"HHATL-AS1",0
"CCDC13-AS1",0
"IQCF1",0
"IQCF2",0
"RN7SL504P",0
"IQCF5-AS1",0
"IQCF5",0
"MIR885",0
"EI24P3",0
"SOCS5P3",0
"RNU6-454P",0
"MIR4270",0
"RN7SL110P",0
"MIR3134",0
"MIR6872",0
"PERPP1",0
"RN7SKP222",0
"FGF12-AS1",0
"FGF12-AS2",0
"FGF12-AS3",0
"RNU1-20P",0
"TREX1",0
"MIR6823",0
"MIR711",0
"TMEM89",0
"MIR6824",0
"MIR4793",0
"HTR1F",0
"TLR9",0
"C3orf80",0
"TMEM207",0
"NR1I2",0
"MRPS10P2",0
"TNNC1",0
"RN7SL870P",0
"RPL15P6",0
"LILRA2P1",0
"RPS12P7",0
"MTAPP1",0
"MIR1226",0
"RPL17P16",0
"CDC25A",0
"SNRPFP4",0
"RNU7-128P",0
"MIR4443",0
"FCF1P2",0
"MIR2115",0
"FBXW12",0
"RN7SL321P",0
"RPL6P9",0
"RNA5SP143",0
"PLS1",0
"RN7SKP25",0
"RNU7-47P",0
"RAD23BP1",0
"RNU6-138P",0
"OR5H8",0
"POU5F1P7",0
"OR5H14",0
"OR5H4P",0
"OR5H6",0
"FLT1P1",0
"UQCRC2P1",0
"FAM240A",0
"LTF",0
"RPS25P4",0
"MIR6083",0
"RNU6-143P",0
"MIR544B",0
"RPS26P22",0
"ITGB5-AS1",0
"ENO1P3",0
"MUC13",0
"APOOP2",0
"POU1F1",0
"MIR548I1",0
"RPS3AP14",0
"SNRPCP11",0
"ENPP7P4",0
"FBRSL1P1",0
"ARPC1AP1",0
"FBXO40",0
"PGAM1P4",0
"LHFPL4",0
"DUSP5P2",0
"RETNLB",0
"MIR6826",0
"NUP210P3",0
"MARK2P3",0
"MARK2P19",0
"H1-8",0
"RN7SL752P",0
"RNA5SP145",0
"SETP11",0
"GPR87",0
"MRPL42P6",0
"MIR5186",0
"TOPAZ1",0
"MIR548AQ",0
"MIR1284",0
"RPL35AP9",0
"MIR3919",0
"RPS2P19",0
"C9orf78P1",0
"RNU2-31P",0
"MIR26A1",0
"SNORA58",0
"MIR5704",0
"CPNE4",0
"HNRNPA1P17",0
"RUVBL1-AS1",0
"GP5",0
"SPINK8",0
"SHOX2",0
"ATP13A5",0
"C3orf49",0
"OR5H15",0
"KCNMB2",0
"TAFA1",0
"PRDX5P1",0
"LINC02047",0
"NIPA2P2",0
"RN7SL294P",0
"MIR4444-2",0
"MYLKP1",0
"ATP5MC2P5",0
"MST1",0
"SNORA6",0
"SNORA62",0
"NFU1P1",0
"HTR3C",0
"HTR3C2P",0
"HSP90AA5P",0
"MIR4448",0
"HTR3D",0
"LRRC31",0
"KRT18P43",0
"SAMD7",0
"FAM20BP1",0
"SEC62-AS1",0
"RNA5SP132",0
"IQCF6",0
"RPSAP69",0
"RN7SL517P",0
"CHCHD4P4",0
"EIF3KP2",0
"RN7SL216P",0
"RNA5SP125",0
"CFL1P7",0
"RNA5SP126",0
"H3P10",0
"MIR5193",0
"CAMKV",0
"RN7SL217P",0
"HNRNPA1P23",0
"WWP1P1",0
"RNU6-26P",0
"RNU6-1263P",0
"RNU6-342P",0
"RNU1-96P",0
"DNAJB8",0
"EEF1GP4",0
"SPTSSB",0
"RPS3AP53",0
"TMEM229BP1",0
"NLGN1-AS1",0
"RN7SKP234",0
"ANAPC15P2",0
"GABRR3",0
"OR5BM1P",0
"RPL39P17",0
"PRR3P1",0
"RNU6-621P",0
"TUBB8P8",0
"RNU6-860P",0
"SEPTIN14P3",0
"MIR4797",0
"RBISP6",0
"RNU7-10P",0
"PDCL3P3",0
"RNU6-386P",0
"VDAC1P7",0
"RNU6-217P",0
"RNU6-882P",0
"SLC6A1-AS1",0
"SERBP1P3",0
"CENPPP1",0
"DSTNP4",0
"ADAD1P1",0
"RPL23AP41",0
"RPL31P21",0
"PHF5AP7",0
"RNU4-56P",0
"RN7SL411P",0
"PGAM1P3",0
"ENTPD3",0
"RNU5B-2P",0
"RPL5P10",0
"HMGN2P24",0
"MRPS31P1",0
"RN7SKP58",0
"RPL36P20",0
"GEMIN2P2",0
"TPMTP2",0
"EIF4BP4",0
"LYZL4",0
"MIR8060",0
"RBBP4P7",0
"RNU6-1094P",0
"RPL18AP8",0
"RCC2P5",0
"CDV3P1",0
"TPTE2P7",0
"OR5AC1",0
"OR5AC2",0
"OR5H2",0
"OR5K4",0
"OR5K3",0
"UBFD1P1",0
"SLC6A1",0
"RPL21P40",0
"NIFKP7",0
"CD200R1P1",0
"VPS26AP1",0
"DRD3",0
"RNY3P13",0
"VPS51P10",0
"EVA1CP6",0
"SNRPCP8",0
"PSMG3P1",0
"RN7SL229P",0
"ACTBP16",0
"FLYWCH1P1",0
"RPL32P10",0
"MATR3P2",0
"FAUP2",0
"HHLA2",0
"KRT8P36",0
"A4GNT",0
"CAV3",0
"OXTR",0
"RN7SL145P",0
"SPSB4",0
"ADCY5",0
"CHRD",0
"RNU6-230P",0
"MIR5092",0
"DNAJB6P7",0
"RNU6-232P",0
"IL12A",0
"XXYLT1-AS1",0
"RN7SL36P",0
"RN7SL73P",0
"RPL31P64",0
"CABYRP1",0
"LRTM1",0
"LINC02017",0
"NDUFS6P1",0
"DONSONP1",0
"RPL31P23",0
"RPS27P11",0
"KIAA1143P2",0
"RN7SKP265",0
"LNCSRLR",0
"RNA5SP137",0
"SNORD19B",0
"SNORD19C",0
"AK3P7",0
"AKTIPP1",0
"MUSTN1",0
"MIR8064",0
"ITIH3",0
"EVA1CP5",0
"SNRPCP10",0
"RPS3AP15",0
"RN7SL767P",0
"RPS10P4",0
"KRBOX1",0
"MTND5P15",0
"ASS1P7",0
"RN7SKP52",0
"SDHAP2",0
"SMBD1P",0
"DTWD1P1",0
"RN7SKP124",0
"RN7SL724P",0
"TRMT112P5",0
"G2E3P1",0
"NIP7P2",0
"RNU6ATAC29P",0
"IQCF3",0
"FGD5P1",0
"SDHAP1",0
"OR5AC4P",0
"NMRAL2P",0
"COL6A4P1",0
"FRG2FP",0
"FAM157A",0
"RPL32P3",0
"OR7E122P",0
"INHCAP",0
"FAM86JP",0
"CIDECP1",0
"FAM86HP",0
"ALG1L1P",0
"SNHG33",0
"ANKRD18DP",0
"OR7E22P",0
"FAM86DP",0
"EMC3-AS1",0
"MIR5787",0
"RNU6-1181P",0
"RNF7P1",0
"RPS8P5",0
"RNU6-108P",0
"RNU6-483P",0
"RNU6ATAC26P",0
"MIR564",0
"CLEC3B",0
"RNU5B-3P",0
"ATP2B2-IT1",0
"ATP2B2-IT2",0
"VENTXP7",0
"ZNF385D-AS1",0
"ZNF385D-AS2",0
"LINC00882",0
"FCF1P3",0
"MTND4P16",0
"MTND4LP3",0
"MTND3P6",0
"MTCO3P35",0
"MTATP6P22",0
"MTND5P16",0
"MTND6P6",0
"MTCO1P35",0
"MTND1P16",0
"MTND2P14",0
"RNU6-1308P",0
"PTPN11P1",0
"CSP2",0
"CCDC54",0
"FGF12",0
"CCR9",0
"YWHAQP10",0
"GRM7",0
"MRPS36P1",0
"GRM7-AS2",0
"CCT6P4",0
"MTCO1P29",0
"MTCO2P29",0
"MIR5682",0
"MIR6828",0
"KRT8P13",0
"RNU6-856P",0
"RNU6ATAC16P",0
"SDHAP4",0
"MIR922",0
"RPL7L1P8",0
"PLA2G10P1",0
"EIF3EP4",0
"MTERF1P1",0
"MIR548BB",0
"TMED2P1",0
"FCRL4P1",0
"RRBP1P2",0
"RPL24P7",0
"C11orf98P3",0
"RNU6-922P",0
"RNU6-788P",0
"ARL4AP4",0
"LINC00691",0
"NPM1P23",0
"RNA5SP135",0
"MIR3136",0
"MAT2AP1",0
"GAP43",0
"PSMD12P1",0
"LAPTM4BP2",0
"RNU7-19P",0
"RNU6-557P",0
"RNU2-64P",0
"GPATCH11P1",0
"RNU6-1270P",0
"RNU7-110P",0
"RNA5SP128",0
"NICN1",0
"TAGLN3",0
"RNU7-73P",0
"RPL21P135",0
"RPL35AP10",0
"CDK2AP1P1",0
"RPL34P9",0
"SST",0
"TBILA",0
"INAVAP1",0
"HSPD1P6",0
"EEF1A1P23",0
"RPL39P5",0
"PSMD10P2",0
"KRT8P12",0
"NUP210P1",0
"BOLA2P2",0
"RPSAP31",0
"PDCL3P4",0
"MTHFD2P1",0
"RPL23AP49",0
"TPM4P2",0
"HMGB1P5",0
"TMEM30CP",0
"CDHR18P",0
"PRSS46P",0
"PRSS43P",0
"PRSS44P",0
"PRSS42P",0
"NRADDP",0
"IQCF4P",0
"C3orf86P",0
"CYP2AB1P",0
"SLC66A1LP",0
"NUDT16L2P",0
"LRRC77P",0
"BTNL12P",0
"CPHL1P",0
"MIR563",0
"RNU6ATAC4P",0
"MST1R",0
"KLHL25P1",0
"DAZL",0
"OR5K2",0
"GPR15",0
"RPL19P7",0
"ACTG1P13",0
"ARHGEF28P1",0
"ZMYND10",0
"RNA5SP131",0
"MIR4787",0
"PPIAP69",0
"MIR7976",0
"IQCJ-SCHIP1",0
"IQCJ",0
"PRR23E",0
"PRR23E2P",0
"RNU6-1047P",0
"PRR20G",0
"COL6A4P2",0
"RNU6-507P",0
"NPM1P29",0
"HNRNPA1P24",0
"EIF3JP2",0
"RPL32P9",0
"MINDY4B",0
"YTHDF3P1",0
"OR7E130P",0
"OR7E93P",0
"OR7E53P",0
"OR7E97P",0
"VPS51P6",0
"SYPL1P1",0
"DYNLL1P5",0
"RPL9P15",0
"MME-AS1",0
"RNU6-348P",0
"MTCO1P58",0
"TMEM212-IT1",0
"FGFR3P4",0
"RNU6-1120P",0
"SOX2",0
"RN7SL703P",0
"RNA5SP150",0
"PSMG3P2",0
"ZCCHC10P1",0
"AADACL2",0
"AADACP1",0
"AADAC",0
"ATP5MGP5",0
"SRP14P5",0
"MAP6D1",0
"ABCC5-AS1",0
"HTR3E-AS1",0
"LINC01840",0
"RN7SL215P",0
"RN7SKP298",0
"PSAT1P4",0
"CCDC54-AS1",0
"RN7SL815P",0
"RNU5E-8P",0
"RNU6-1200P",0
"DRG1P2",0
"LINC00903",0
"RN7SL582P",0
"TUSC7",0
"MIR4447",0
"ALDH1L1",0
"RNU1-30P",0
"RNPC3P1",0
"ATP6V0CP2",0
"NECTIN2P1",0
"ACVR2B-AS1",0
"PPIAP72",0
"RPL23AP40",0
"HMGN2P13",0
"KIAA1328P1",0
"RNU6-901P",0
"RN7SL296P",0
"RNU6-910P",0
"ZDHHC1P1",0
"LINC02000",0
"LINC01472",0
"LINC02052",0
"LINC01213",0
"LINC02008",0
"ALDH1L1-AS1",0
"LINC01998",0
"PLS1-AS1",0
"LINC01487",0
"TERC",0
"IL12A-AS1",0
"LINC01100",0
"LINC00606",0
"LINC00635",0
"LINC00488",0
"DNAJB8-AS1",0
"P3H2-AS1",0
"LINC02046",0
"LINC02066",0
"BALR6",0
"LINC02005",0
"LRRC3B-AS1",0
"LINC02040",0
"PRICKLE2-DT",0
"SRGAP3-AS4",0
"IQCJ-SCHIP1-AS1",0
"LINC01994",0
"HLMR1",0
"CD200R1L-AS1",0
"LINC01322",0
"TPRXL",0
"MELTF-AS1",0
"NAALADL2-AS1",0
"LINC01391",0
"LINC01210",0
"ZIC4-AS1",0
"PLCH1-AS2",0
"DENND6A-DT",0
"CFAP20DC-AS1",0
"LINC02044",0
"LPP-AS1",0
"LINC02054",0
"LINC01997",0
"CCDC39-AS1",0
"LINC01208",0
"LINC02048",0
"LINC01988",0
"LINC02024",0
"LRRC2-AS1",0
"LINC02020",0
"LINC02031",0
"CNTN4-AS2",0
"MORC1-AS1",0
"RARB-AS1",0
"SYNPR-AS1",0
"NAALADL2-AS3",0
"LINC01986",0
"LINC02015",0
"LINC00879",0
"LINC01985",0
"CLSTN2-AS1",0
"ATP13A4-AS1",0
"SRGAP3-AS1",0
"PIK3CA-DT",0
"ARHGEF3-AS1",0
"DLG1-AS1",0
"LINC02016",0
"LINC00692",0
"TTC14-DT",0
"LINC02077",0
"IGSF11-AS1",0
"LINC02042",0
"LINC00901",0
"LINC01972",0
"CFAP100-DT",0
"LINC02027",0
"ESRG",0
"LINC02023",0
"LINC01267",0
"RNA5SP124",0
"MIR8076",0
"MIR4446",0
"CD200LP",0
"UBE2E1-AS1",0
"LINC01981",0
"LINC00994",0
"PRICKLE2-AS2",0
"PRDX3P4",0
"PRICKLE2-AS3",0
"RAD51AP1P1",0
"IL20RB-AS1",0
"IGBP1P3",0
"VN1R20P",0
"KRT18P34",0
"RPL22P1",0
"TMED10P2",0
"GATA2-AS1",0
"ARB2BP",0
"CYCSP10",0
"MARK2P17",0
"ACTG1P1",0
"GAPDHP36",0
"HRGP2",0
"OR5H5P",0
"OR5H3P",0
"OR5H7P",0
"RPS24P9",0
"BCL2L12P1",0
"RPL7P16",0
"RPL13AP27",0
"UBA52P4",0
"PSMC1P7",0
"RPS24P10",0
"DNAJB1P2",0
"ENPP7P3",0
"RPS16P4",0
"LSP1P2",0
"ENPP7P2",0
"RPL36P7",0
"NDUFAF4P3",0
"RPS25P5",0
"IMPDH1P8",0
"CDYLP1",0
"METTL15P1",0
"MYLKP2",0
"OR7E29P",0
"DPPA2P3",0
"FAM151AP1",0
"SULT1D1P2",0
"RNU2-20P",0
"MIR551B",0
"RPSAP33",0
"RPL21P43",0
"LINC02082",0
"CFAP20DC-DT",0
"RNU6-367P",0
"MIR138-1",0
"LINC01991",0
"LMCD1-AS1",0
"ERVH-1",0
"CPZ",0
"WEE1P1",0
"ECM1P2",0
"VPS51P18",0
"HMX1",0
"GPR78",0
"RFPL4AP3",0
"OR7E84P",0
"OR7E86P",0
"MTCO3P44",0
"LINC02270",0
"MTCO3P27",0
"MTND4P9",0
"OR7E85P",0
"MTCO3P42",0
"MTND3P24",0
"RPS29P11",0
"HMGN1P11",0
"LINC02271",0
"MTND4LP22",0
"RPL31P31",0
"MTCYBP16",0
"SNX18P23",0
"MTCO3P28",0
"TECRL",0
"LINC02483",0
"SNX18P24",0
"SRIP1",0
"RPS26P24",0
"SNX18P25",0
"KCTD8",0
"HMGB1P44",0
"MTND3P5",0
"MTND6P16",0
"HNRNPA1P67",0
"CABS1",0
"LINC02493",0
"SMR3B",0
"SLIRPP2",0
"COX7B2",0
"UGT2B11",0
"NAA11",0
"LARP1BP1",0
"GK2",0
"LINC00575",0
"MTND3P22",0
"SMR3A",0
"PRDX4P1",0
"NPM1P41",0
"PPBPP1",0
"PPP2R2C",0
"UGT2B7",0
"LINC02619",0
"MTND5P4",0
"MTCO3P39",0
"MTND5P13",0
"LINC01217",0
"ATP5F1EP1",0
"PABPC1P7",0
"IGBP1P5",0
"DDX3P3",0
"HNRNPA1P56",0
"MTND5P5",0
"LINC01218",0
"MTND4LP31",0
"COL25A1-DT",0
"LINC02503",0
"DYNLL1P6",0
"PGAM4P2",0
"DKK2",0
"BTC",0
"ACTN4P1",0
"MRPS33P3",0
"PIMREGP2",0
"TRAM1L1",0
"NDUFS5P5",0
"RPL6P14",0
"FKBP4P1",0
"TUBB4BP5",0
"TTC39CP1",0
"NDNF",0
"LTV1P1",0
"KRT18P21",0
"ARHGEF38-IT1",0
"UGT2A3",0
"MUC7",0
"ACTR6P1",0
"SPOPLP3",0
"H3P15",0
"SPOPLP2",0
"TUBAP10",0
"GAPDHP56",0
"TERF1P3",0
"LINC02479",0
"CWH43",0
"RBM48P1",0
"RPL7AP26",0
"PDHA2",0
"KIAA1191P1",0
"EIF3KP3",0
"QRFPR",0
"LINC02262",0
"NDNF-AS1",0
"DUTP8",0
"SAR1AP3",0
"SPOPLP1",0
"MTCYBP44",0
"OPRPN",0
"TMEM248P1",0
"PGBD4P4",0
"TPI1P4",0
"KRT18P54",0
"GABRG1",0
"PABPC4L",0
"CRYZP2",0
"RPL17P19",0
"DDIT4L",0
"RPS3AP19",0
"PCDH10",0
"MAPRE1P2",0
"LINC02429",0
"GTF2F2P1",0
"RPS23P2",0
"PES1P1",0
"SERF1AP1",0
"R3HDM2P1",0
"CDRT15P11",0
"RBM46",0
"MTCYBP17",0
"LINC02511",0
"EEF1GP8",0
"YWHAEP4",0
"STMN1P2",0
"PTPN11P5",0
"MTATP6P9",0
"JADRR",0
"TARS2P1",0
"RPL31P26",0
"LINC02431",0
"ZSWIM5P3",0
"ADAM20P2",0
"LINC02512",0
"NPY1R",0
"TSEN2P1",0
"MTND6P17",0
"LINC01179",0
"MTND2P33",0
"FABP5P12",0
"PRMT5P1",0
"RPL21P48",0
"MTCO2P9",0
"FBLP1",0
"NPY5R",0
"NDUFB2P1",0
"MTND1P22",0
"MTHFD2P4",0
"ADAM29",0
"ASB5",0
"NDUFB5P1",0
"SPATA4",0
"LINC02504",0
"MTCO1P9",0
"LINC02477",0
"CLDN24",0
"MARK2P4",0
"RPL35AP12",0
"TRIML1",0
"SPOCK3",0
"MTND5P9",0
"TOMM22P4",0
"AKIRIN2P1",0
"LINC02514",0
"LINC02430",0
"PHB1P14",0
"RPL6P11",0
"ICE2P1",0
"ADAM20P3",0
"MTND4P8",0
"RPS23P4",0
"ZFP42",0
"MTND3P3",0
"TKTL2",0
"COPS3P1",0
"MTCO3P9",0
"LINC02496",0
"NPY2R",0
"SETP12",0
"ANP32CP",0
"RPL7AP27",0
"LINC02437",0
"DPP3P1",0
"HSPE1P23",0
"GPM6A-DT",0
"RN7SKP113",0
"MIR548I2",0
"RNU6-578P",0
"RN7SKP170",0
"MIR572",0
"SNORA75B",0
"RNU6-420P",0
"RNA5SP157",0
"RN7SL101P",0
"MIR4275",0
"RNU7-126P",0
"MIR1255B1",0
"RNU6-573P",0
"MIR4801",0
"RNU6-931P",0
"RNU6-412P",0
"RN7SL193P",0
"RN7SKP199",0
"RNU6-158P",0
"MIR8053",0
"MIR548AG1",0
"RNU6-1325P",0
"RNU6-699P",0
"RNA5SP527",0
"RNU6ATAC5P",0
"RNU4ATAC9P",0
"RNU6-499P",0
"RNU6-774P",0
"RN7SKP48",0
"MIR575",0
"RNU6-1059P",0
"MIR4451",0
"RN7SKP28",0
"RNU6-462P",0
"RNU6-551P",0
"RNU6-34P",0
"RNU6-635P",0
"SNORA24",0
"MIR8066",0
"MIR1255A",0
"RN7SKP137",0
"RNU6-948P",0
"RNU6-119P",0
"RNU6-550P",0
"RNU1-89P",0
"RNU6-224P",0
"RN7SL808P",0
"RNA5SP166",0
"RNU7-197P",0
"RNU6-1230P",0
"RNA5SP167",0
"RNA5SP165",0
"RN7SKP253",0
"MIR4799",0
"RN7SL254P",0
"MIR548G",0
"RNU4-79P",0
"RN7SKP188",0
"RNA5SP170",0
"RNU6ATAC13P",0
"RN7SKP105",0
"MIR6082",0
"RN7SL776P",0
"RNA5SP171",0
"RNA5SP173",0
"MIR4454",0
"RNU6-335P",0
"RNU6-479P",0
"RN7SL28P",0
"RNU2-34P",0
"RNU2-66P",0
"RN7SKP67",0
"RNU2-44P",0
"MIR4276",0
"RNU6-173P",0
"RNU1-51P",0
"RNU6-838P",0
"MIR4449",0
"SNORA26",0
"ERVMER34-1",0
"RN7SKP275",0
"RN7SL335P",0
"ADAD1",0
"RNU6-668P",0
"APELA",0
"FAM218BP",0
"TRIM60",0
"AMTN",0
"RNU6-520P",0
"RNU6-891P",0
"ALG1L14P",0
"USP17L10",0
"USP17L11",0
"USP17L12",0
"USP17L13",0
"USP17L17",0
"USP17L18",0
"USP17L23",0
"USP17L5",0
"USP17L27",0
"USP17L28",0
"USP17L29",0
"USP17L30",0
"RNA5SP153",0
"DEFB130D",0
"USP17L20",0
"USP17L21",0
"USP17L22",0
"USP17L24",0
"USP17L25",0
"USP17L26",0
"USP17L14P",0
"USP17L16P",0
"USP17L19",0
"USP17L9P",0
"USP17L6P",0
"LINC02173",0
"GIMD1",0
"RNU6-1196P",0
"RN7SL419P",0
"IL2",0
"MYOZ2",0
"MIR548T",0
"RPL5P11",0
"RNU6-1096P",0
"HAND2",0
"NACAP5",0
"KRT18P63",0
"RN7SL311P",0
"RNU6-506P",0
"RNU6-1074P",0
"MGARP",0
"RNU6-1214P",0
"PFDN1P2",0
"HPRT1P1",0
"FGFBP1",0
"FGFBP2",0
"MIR2054",0
"NUP58P1",0
"RPL17P20",0
"RN7SL492P",0
"UBE2CP3",0
"SULT1D1P",0
"CSN1S1",0
"STATH",0
"HTN1",0
"PRR27",0
"HTN3",0
"SOWAHB",0
"TXNP6",0
"RNU6-1187P",0
"RNU6-887P",0
"MIR5591",0
"RN7SKP96",0
"MIR4452",0
"NPNT",0
"RNU6-746P",0
"LRRC34P2",0
"FCF1P8",0
"VPS51P7",0
"ENPP7P10",0
"EFL1P2",0
"RNU2-40P",0
"RPL6P13",0
"C4orf36",0
"MIR5705",0
"RN7SL681P",0
"RNU1-44P",0
"POU4F2",0
"USP17L15",0
"BTF3L4P4",0
"PALLD-AS1",0
"HIGD1AP13",0
"MIR3945",0
"TRPC6P7",0
"MIR4455",0
"RNU6-351P",0
"RN7SL89P",0
"SCARNA22",0
"MIR943",0
"NAT8L",0
"RPS15AP17",0
"RPL21P47",0
"RNU2-16P",0
"NKX1-1",0
"MIR95",0
"RNU6-112P",0
"NCOA4P2",0
"PYURF",0
"PIGY",0
"PIGY-DT",0
"RN7SKP244",0
"RPSAP34",0
"ZACNP1",0
"EXOC7P1",0
"ASIC5",0
"RNU6-35P",0
"RN7SL275P",0
"HSBP1P2",0
"RNF14P2",0
"RNU6-205P",0
"ZBED1P1",0
"RPL7L1P13",0
"ZNF969P",0
"MIR297",0
"RNU6-289P",0
"RPL36AP23",0
"CCDC34P1",0
"TUBB8P3",0
"RPL36AP19",0
"RPL7AP29",0
"SLC25A14P1",0
"RPL30P5",0
"RPL38P3",0
"RNU6-410P",0
"RN7SL424P",0
"RN7SL822P",0
"RPSAP39",0
"LINC02469",0
"PIMREGP4",0
"CCKAR",0
"LINC02928",0
"NDUFB4P9",0
"CLGN",0
"MGAT4D",0
"UCP1",0
"RN7SL152P",0
"HIGD1AP14",0
"LRIT3",0
"KRT19P3",0
"C4orf17",0
"NMNAT1P4",0
"C4orf51",0
"EPHA5",0
"RPL32P13",0
"MIR1243",0
"MIR8082",0
"RN7SL184P",0
"IBSP",0
"RNU1-36P",0
"RPL31P24",0
"RNU6-818P",0
"RNU6ATAC31P",0
"RNU6-1298P",0
"MIR4274",0
"MICOS10P4",0
"DSPP",0
"RN7SL728P",0
"RNU7-151P",0
"MIR3139",0
"RN7SKP237",0
"RNA5SP161",0
"RNU6-197P",0
"MRPL22P1",0
"RPL36P8",0
"SNX5P1",0
"RNU6-1000P",0
"RPL36AP18",0
"MIR367",0
"MIR302D",0
"MIR302A",0
"MIR302C",0
"MIR302B",0
"GET1P1",0
"ADH7",0
"NPFFR2",0
"C4orf54",0
"UGT2B17",0
"RNU6-145P",0
"MIR4450",0
"MIR548AH",0
"OR7E103P",0
"OTOP1",0
"RPL6P12",0
"UGT2A2",0
"RNU6-907P",0
"FABP2",0
"RNU4-33P",0
"COL25A1",0
"GBA3",0
"RPS3AP16",0
"VPS51P13",0
"HELT",0
"MEPE",0
"RPL5P13",0
"LSM3P4",0
"MIR7849",0
"PF4V1",0
"CXCL1P1",0
"PF4",0
"RN7SL218P",0
"MIR3688-1",0
"MIR3688-2",0
"CSN2",0
"ODAM",0
"FDCSP",0
"LTO1P1",0
"DEFB131A",0
"NEUROG2",0
"RPL23AP94",0
"ATP5MGP3",0
"HNRNPA1P65",0
"SOD3",0
"MTCYBP43",0
"TMEM271",0
"PDE6B-AS1",0
"MIR378D1",0
"RNA5SP158",0
"MIR574",0
"RNU7-194P",0
"ZBTB8OSP1",0
"RNA5SP168",0
"AK4P6",0
"KRT19P6",0
"MIR578",0
"SCGB1D5P",0
"NOL8P1",0
"RNU6-1252P",0
"RNU4-87P",0
"RNU6-1055P",0
"RPS7P6",0
"CLRN2",0
"MIR4800",0
"RACK1P3",0
"RNA5SP164",0
"ATOH1",0
"HMGB3P15",0
"RPL35AP11",0
"PHOX2B",0
"RNU1-49P",0
"HMGB1P28",0
"ATP1B1P1",0
"SHISA3",0
"RPS7P7",0
"CCNL2P1",0
"RN7SKP82",0
"GRXCR1",0
"LINC02383",0
"RN7SL691P",0
"TRIM75",0
"LINC02600",0
"ADRA2C",0
"SMIM43",0
"RNU4-64P",0
"GC",0
"RNA5SP163",0
"CCDC110",0
"SORBS2-AS1",0
"MIR1973",0
"TRMT112P1",0
"CUL4AP1",0
"DUTP7",0
"LRRC66",0
"SPATA18",0
"RNA5SP160",0
"RNU6-836P",0
"RNU6-1195P",0
"UCHL1-DT",0
"MIR3138",0
"RNA5SP155",0
"RAF1P1",0
"CSN3",0
"FAM90A26",0
"KRT18P51",0
"HSPD1P5",0
"RN7SKP235",0
"LINC01097",0
"NKX3-2",0
"MIR5091",0
"RPL32P12",0
"RNY1P14",0
"RNU6-310P",0
"MORF4L2P1",0
"RN7SL446P",0
"MIR3140",0
"MIR4453",0
"TIGD4",0
"SLC10A4",0
"ZAR1",0
"RN7SL253P",0
"RNU6-1054P",0
"GLRB",0
"RNU6-582P",0
"RNU6-1217P",0
"IGBP1P4",0
"KLKB1",0
"SLC25A5P6",0
"RNU6-583P",0
"RPL15P8",0
"RNU6-1336P",0
"RPL9P16",0
"RNU6-853P",0
"RNY4P17",0
"OR7E94P",0
"JAKMIP1-DT",0
"PPBPP2",0
"GTF2IP12",0
"SEPTIN7P14",0
"NKX6-1",0
"RPL3P13",0
"TMPRSS11GP",0
"RNU6-95P",0
"MTND2P41",0
"TMPRSS11F",0
"TMPRSS11BNL",0
"TMPRSS11B",0
"WDR77P1",0
"RNU6-1285P",0
"FGB",0
"FGG",0
"RNU7-11P",0
"ELOCP33",0
"RNA5SP159",0
"KRT18P25",0
"CFAP184",0
"RN7SKP36",0
"MIR4798",0
"PSAPL1",0
"RN7SKP30",0
"PDCL2",0
"NMU",0
"RNU6-276P",0
"EXOC1L",0
"SPMAP2L",0
"GLDCP1",0
"SPINK2",0
"GALNTL6",0
"ZNF876P",0
"MIR571",0
"GYPB",0
"UGT2B28",0
"UGT2B24P",0
"UGT2B4",0
"UGT2A1",0
"CFAP299",0
"BMP3",0
"PRKG2-AS1",0
"RPL30P6",0
"TBCAP3",0
"FAM177A1P1",0
"RNU7-149P",0
"MIR3684",0
"ABT1P1",0
"ADH1A",0
"ADH1C",0
"MIR218-1",0
"MIR7978",0
"RPL31P25",0
"DUX4",0
"RNU7-74P",0
"MIR4802",0
"AFP",0
"AFM",0
"F11",0
"RNA5SP152",0
"RPPH1-3P",0
"MLLT10P2",0
"RNA5SP174",0
"RNA5SP175",0
"DUX4L9",0
"FRG2",0
"AGGF1P1",0
"CLUHP4",0
"DUX4L8",0
"DUX4L7",0
"DUX4L6",0
"DUX4L5",0
"DUX4L4",0
"DUX4L1",0
"DUX4L3",0
"DUX4L2",0
"RNU6-284P",0
"CHORDC1P3",0
"BNIP3P41",0
"ZEB2P1",0
"CIBAR1P2",0
"HSP90AA6P",0
"HSP90AA4P",0
"RTEL1P1",0
"MRPL42P1",0
"GUSBP5",0
"SYT14P1",0
"FTLP10",0
"RPSAP36",0
"PCNAP1",0
"CSN1S2AP",0
"CETN4P",0
"TMED11P",0
"VAMP9P",0
"SORCS2",0
"ST3GAL1P1",0
"GNRHR",0
"TMPRSS11CP",0
"TMPRSS11A",0
"EVA1CP2",0
"FAM86EP",0
"MTND2P31",0
"C9orf78P2",0
"LINC01085",0
"RN7SKP13",0
"CCNHP1",0
"MIR1305",0
"RPL22P13",0
"MIR1269A",0
"RPS23P3",0
"RN7SL205P",0
"ELL2P2",0
"AARS1P1",0
"SNORD73A",0
"RNU6-1282P",0
"RN7SKP35",0
"VEGFC",0
"RN7SKP136",0
"RNA5SP172",0
"RNU1-45P",0
"RNA5SP169",0
"SCPPPQ1",0
"PPBP",0
"MRPS36P2",0
"RNU7-192P",0
"RPSAP35",0
"NT5C3AP1",0
"GSX2",0
"RNU6-33P",0
"PPIAP76",0
"LINC02498",0
"LNCPRESS2",0
"LINC01098",0
"LINC01396",0
"LINC02353",0
"NPY2R-AS1",0
"BMPR1B-DT",0
"LINC00616",0
"PCDH10-DT",0
"LINC02481",0
"LINC02492",0
"FAM218A",0
"LINC02433",0
"LINC02276",0
"LINC02500",0
"LINC02508",0
"LINC02480",0
"LINC01438",0
"MAPK10-AS1",0
"LINC02501",0
"LNX1-AS2",0
"LINC02434",0
"LINC02267",0
"LINC02374",0
"LINC00613",0
"LINC02264",0
"LINC02171",0
"LINC02266",0
"LINC02509",0
"LINC02275",0
"LINC01365",0
"LINC02499",0
"F11-AS1",0
"LINC02172",0
"LINC02502",0
"LINC01258",0
"LINC02360",0
"PCAT4",0
"SNCA-AS1",0
"LINC02382",0
"UNC5C-AS1",0
"LINC02475",0
"LINC02269",0
"LINC02174",0
"LINC02233",0
"LINC02380",0
"LINC02379",0
"LINC02438",0
"LINC02945",0
"ADGRL3-AS1",0
"LINC02283",0
"LINC02428",0
"LINC02278",0
"STIM2-AS1",0
"GSTCD-AS1",0
"LINC02462",0
"LINC01587",0
"LINC02835",0
"HHIP-AS1",0
"LINC00955",0
"LINC02355",0
"LINC02994",0
"LINC02510",0
"LINC02517",0
"LINC02465",0
"MAP9-AS1",0
"LINC02485",0
"LINC02472",0
"LINC01096",0
"HAFML",0
"LINC02272",0
"LINC01596",0
"STPG2-AS1",0
"CHAER1",0
"MIR577",0
"CIR1P2",0
"EPHA5-AS1",0
"RNU6-431P",0
"RCC2P8",0
"LINC00682",0
"OR7E83P",0
"ENPP7P11",0
"RPL15P7",0
"EVA1CP1",0
"OR7E35P",0
"UGT2B27P",0
"FAM86MP",0
"ALG1L3P",0
"RBMXP4",0
"RPF2P2",0
"UGT2B26P",0
"ANKRD20A17P",0
"RPL6P16",0
"APOBEC3AP1",0
"RPS14P7",0
"NUDT19P5",0
"VTI1BP2",0
"FAM86KP",0
"OR7E111FP",0
"TECRP1",0
"LYPLA1P2",0
"CHCHD2P7",0
"UNC93B4",0
"OR7E99P",0
"OR7E43P",0
"UGT2A3P7",0
"KLHL2P1",0
"H3P14",0
"OR7E163P",0
"SEPTIN14P4",0
"NDUFS5P4",0
"RPL23AP84",0
"ALG1L7P",0
"ENPP7P9",0
"RPL7AP28",0
"RPL21P50",0
"LINC00498",0
"LINC00989",0
"PANCR",0
"LINC02494",0
"LINC02063",0
"LINC02145",0
"MTCO1P31",0
"MARCHF11",0
"MTCO1P30",0
"HMGB3P3",0
"RPL32P14",0
"CFAP90",0
"MTCO2P30",0
"UBE2V1P12",0
"FBXL7",0
"HPRT1P2",0
"MARK2P5",0
"MTND6P2",0
"HSPD1P15",0
"ANKH-DT",0
"CDH10",0
"ISL1",0
"ADH5P5",0
"AK4P2",0
"LINC02120",0
"GCNT1P2",0
"FST",0
"UQCRBP3",0
"GHR",0
"CDH12",0
"HMGB1P47",0
"RAB3C",0
"LINC00603",0
"SUCLG2P4",0
"RPS17P11",0
"UBL5P1",0
"CAPSL",0
"KRT18P56",0
"CCNB3P1",0
"NT5ELP",0
"RPL5P15",0
"RPS2P25",0
"RPL17P22",0
"LINC02118",0
"MFSD4BP1",0
"HNRNPKP5",0
"MTND5P10",0
"ATG10-IT1",0
"RGS7BP",0
"MTCO1P22",0
"C1GALT1P2",0
"HMGB3P16",0
"CCNO",0
"DPPA3P12",0
"MTCO3P22",0
"ISCA1P1",0
"HMGN1P14",0
"MTND4P35",0
"RACK1P1",0
"RPL5P14",0
"LINC02215",0
"MTATP6P2",0
"ZP3P1",0
"TRPC6P6",0
"LSP1P3",0
"EEF1A1P20",0
"B3GNTL1P1",0
"RPL17P21",0
"RPL21P55",0
"HMGN1P13",0
"KRT8P32",0
"BOLA3P3",0
"MTND4LP5",0
"ZCCHC10P2",0
"MRPL49P1",0
"MTCO2P22",0
"PGAM1P1",0
"KRT18P42",0
"MRPS35P2",0
"EGFLAM",0
"MTCYBP22",0
"HSPE1P10",0
"BCL9P1",0
"KATNBL1P4",0
"ATP5PFP4",0
"LINC02214",0
"MTND3P19",0
"LSM2P2",0
"PCBP2P3",0
"RPSAP37",0
"RPEP1",0
"MTCO2P24",0
"TILRLS",0
"CATSPER2P2",0
"EPB41L4A-DT",0
"IL9",0
"BHMT2",0
"EDIL3",0
"LINC02161",0
"MTND6P22",0
"GJA1P1",0
"TPT1P5",0
"LECT2",0
"ATG10-AS1",0
"RBBP4P6",0
"ESM1",0
"COQ10BP2",0
"PRELID3BP8",0
"OR7H2P",0
"TRPC7-AS2",0
"TOMM40P3",0
"TMEM171",0
"FTH1P9",0
"HMGB1P29",0
"TRPC6P9",0
"ASS1P10",0
"TRPC6P2",0
"SLCO4C1",0
"MINAR2",0
"RPL7L1P4",0
"AK3P4",0
"MTCO1P24",0
"PGAM5P1",0
"SLCO6A1",0
"ARL2BPP5",0
"MRPS5P3",0
"CTBP2P4",0
"RPL35AP15",0
"MARK2P11",0
"LSM1P2",0
"ARGFXP1",0
"GAPDHP71",0
"TMED7-TICAM2",0
"NAMPTP2",0
"LINC02995",0
"MRPL57P6",0
"RPL23AP44",0
"RPL21P59",0
"HAND1",0
"CKS1BP5",0
"BTG4P1",0
"IL3",0
"SCGB3A2",0
"RPL12P22",0
"HMGN2P27",0
"RPL7AP33",0
"ATP10B",0
"BTNL8",0
"LIFR",0
"RPS29P12",0
"NKX2-5",0
"RPL6P32",0
"ARL2BPP6",0
"TMEM69P2",0
"DRD1",0
"ARPP19P1",0
"BTNL3",0
"RPL36AP20",0
"KIF4B",0
"C5orf46",0
"SOWAHA",0
"IL4",0
"RPL13AP13",0
"HSPA8P4",0
"RASGEF1C",0
"SEMA5A-AS1",0
"ARL2BPP4",0
"INTS6P1",0
"ECSCR",0
"C1QTNF2",0
"MTCYBP37",0
"TMEM174",0
"RN7SKP73",0
"MIR4458",0
"RNU1-76P",0
"SNORD123",0
"RNA5SP177",0
"MIR4636",0
"MIR887",0
"RNU6-679P",0
"RNA5SP178",0
"RNU6-660P",0
"RN7SL58P",0
"RNU4-43P",0
"RNU6-374P",0
"RN7SKP207",0
"RNU6-1079P",0
"RNU6-378P",0
"RNU6-358P",0
"RNU6-760P",0
"MIR4279",0
"RNU6-909P",0
"MIR3650",0
"RNU7-130P",0
"RNU6-480P",0
"RNU6-1296P",0
"RNU6-272P",0
"MIR581",0
"RNA5SP185",0
"RNA5SP182",0
"RNU6ATAC2P",0
"MIR449A",0
"MIR449B",0
"MIR449C",0
"RNU6-299P",0
"RNA5SP184",0
"RN7SL169P",0
"RNU6-294P",0
"RNU6-913P",0
"MIR4803",0
"RNU7-196P",0
"RNU4-11P",0
"RN7SL378P",0
"RN7SKP295",0
"RNU6-620P",0
"RN7SKP34",0
"MIR4280",0
"RNU6-448P",0
"RNU6-804P",0
"RNY3P1",0
"SNORD138",0
"RN7SL802P",0
"RNU6-1119P",0
"RN7SKP62",0
"RN7SKP68",0
"RNU6-47P",0
"RN7SKP57",0
"RNA5SP188",0
"RNU1-140P",0
"RNU6-644P",0
"RN7SL711P",0
"RN7SL174P",0
"MIR548F3",0
"SNORA13",0
"RNU6-752P",0
"RNU6-373P",0
"RNU6-701P",0
"MIR5706",0
"RNU7-53P",0
"RNU6-718P",0
"RNA5SP189",0
"MIR4460",0
"RN7SL689P",0
"RNU6-290P",0
"RNU4-69P",0
"RNU6ATAC10P",0
"RNA5SP191",0
"RNU7-34P",0
"MIR5197",0
"RN7SL87P",0
"RN7SKP246",0
"RNU7-156P",0
"RNU6-588P",0
"RNU6-390P",0
"MIR3142",0
"MIR146A",0
"RNA5SP194",0
"RNU6-164P",0
"RN7SL868P",0
"MIR1294",0
"RN7SKP60",0
"RNU2-48P",0
"RNU6-500P",0
"RNA5SP200",0
"RNU6-209P",0
"MIR8056",0
"RNU6-168P",0
"MIR5003",0
"RNU1-17P",0
"MIR8089",0
"RNU6-525P",0
"MIR340",0
"RNU6-1036P",0
"SLC34A1",0
"PFN3",0
"RPS20P4",0
"LRRC14B",0
"SLC9A3-OT1",0
"MIR4456",0
"BRD9P2",0
"SPICP4",0
"SPCS2P3",0
"RNU6-572P",0
"SNORA74D",0
"SNORA74A",0
"RNU5B-4P",0
"RNU6-732P",0
"RN7SKP145",0
"HTR1A",0
"ACSL6",0
"FABP6",0
"NMUR2",0
"TRPC7",0
"MIR4278",0
"RN7SKP79",0
"GNL3LP1",0
"GABRA6-AS1",0
"GLRXP3",0
"ZNF474-AS1",0
"HAUS1P1",0
"PCDHA1",0
"PCDHA2",0
"PCDHA3",0
"PCDHA6",0
"PCDHA7",0
"PCDHA14",0
"PCDHA12",0
"PCDHA13",0
"PCDHAC2",0
"TLX3",0
"SNORA70J",0
"MIR3912",0
"KRT18P41",0
"LINC01187",0
"ZRSR2P1",0
"RBISP2",0
"RN7SL37P",0
"RNU7-75P",0
"CIR1P1",0
"MIR3141",0
"MIR1303",0
"RN7SL803P",0
"RPL21P57",0
"MIR378H",0
"RNU6-661P",0
"CKS1BP3",0
"RPL35AP14",0
"LRRC70",0
"RANBP3L",0
"PCDHAC1",0
"PRELID3BP5",0
"PRELID3BP6",0
"FOXO1B",0
"SNORD63B",0
"SNORD63",0
"LINC01386",0
"RNU6-1311P",0
"RNU6-1164P",0
"RN7SKP232",0
"RNU6-923P",0
"RXFP3",0
"C1QTNF3-AMACR",0
"FHP2",0
"RN7SL684P",0
"GPRIN1",0
"SNCB",0
"MIR4281",0
"EIF4E1B",0
"UGT3A2",0
"MIR580",0
"RNU6-1305P",0
"NADK2-AS1",0
"IRX2",0
"LSINCT5",0
"MIR6830",0
"MIR3936",0
"RNU6-363P",0
"POU4F3",0
"RNA5SP196",0
"RN7SL791P",0
"RNU6-456P",0
"RN7SL541P",0
"PPP2R2B-IT1",0
"COL23A1",0
"RN7SL646P",0
"RN7SKP70",0
"RNA5SP181",0
"NENFP3",0
"RPL29P13",0
"RPS27AP18",0
"IL5",0
"LINC01861",0
"RNA5SP199",0
"RNU6-556P",0
"PPP1R2B",0
"H2BL1P",0
"MIR4804",0
"RPL35AP13",0
"RN7SL782P",0
"RN7SKP122",0
"CUL1P1",0
"GRXCR2",0
"NDUFB9P1",0
"RPS27P14",0
"RN7SL616P",0
"RNU6-724P",0
"SLC27A6",0
"MIR4633",0
"NACAP6",0
"PDCD6-AHRR",0
"STC2",0
"TAS2R1",0
"MIR548AE2",0
"LINC00492",0
"EIF3KP1",0
"OR2V1",0
"RNU7-175P",0
"SUMO2P5",0
"HMGN1P12",0
"CARTPT",0
"RPL21P58",0
"FABP5P6",0
"TUBAP15",0
"HMHB1",0
"GPR151",0
"PCDHGA1",0
"PCDHGA2",0
"PCDHGB1",0
"PCDHGA4",0
"PCDHGA6",0
"PCDHGA7",0
"PCDHGB4",0
"PCDHGA8",0
"PCDHGA9",0
"PCDHGB7",0
"PCDHGA11",0
"PCDHGB9P",0
"RN7SL68P",0
"PCDHGC4",0
"PCDHGC5",0
"RPS27AP10",0
"PCDHGB5",0
"IRX2-DT",0
"MIR4638",0
"SNORD96A",0
"SNORD95",0
"RNU6-705P",0
"DCANP1",0
"MIR4635",0
"RNA5SP192",0
"RN7SKP148",0
"ATP6V1G1P6",0
"RNU6-183P",0
"PCDHB2",0
"PCDHB3",0
"PCDHB4",0
"PCDHB5",0
"PCDHB6",0
"PCDHB7",0
"PCDHB10",0
"PCDHB11",0
"PCDHB13",0
"PCDHB14",0
"PCDHB15",0
"SLC25A2",0
"SNRPCP2",0
"RN7SL208P",0
"RNU6-1148P",0
"WNT8A",0
"RNU6-460P",0
"RNU6-888P",0
"RNU6-658P",0
"RNU6-1330P",0
"ARPC1AP3",0
"ARL14EPL",0
"CTXN3",0
"HMGN1P16",0
"MARCOL",0
"SPINK13",0
"SPINK14",0
"TSLP",0
"OR1X1P",0
"FAM170A",0
"CFAP53P1",0
"LINC01947",0
"MIR378E",0
"RNU7-161P",0
"KRT18P16",0
"RNU4ATAC2P",0
"LINC01845",0
"VWA8P1",0
"RN7SKP251",0
"SUMO2P4",0
"SNORA50D",0
"APOOP1",0
"GARIN3",0
"MIR1271",0
"PROP1",0
"RNU6-1232P",0
"YBX1P5",0
"ATP6V1G1P5",0
"RNA5SP197",0
"RPL21P54",0
"RNU6-680P",0
"SLC25A5P9",0
"BIN2P2",0
"SAP18P1",0
"RNA5SP186",0
"RNU6ATAC36P",0
"HMGB1P35",0
"PDE8B",0
"RPS2P24",0
"OTP",0
"SMIM33",0
"RTRAFP2",0
"RNU6-308P",0
"DBIP2",0
"LINC01337",0
"RNA5SP183",0
"HNRNPH1P3",0
"AGXT2",0
"ZNF474",0
"ZNF475",0
"CATSPER3",0
"MIR5692C1",0
"SLC6A7",0
"LINC02065",0
"RN7SKP157",0
"MIR2277",0
"NR2F1",0
"RNU1-39P",0
"AMACR",0
"SLC6A18",0
"MIR4457",0
"LINC01511",0
"MTCO2P32",0
"CDH12P1",0
"ACOT12",0
"LINC02222",0
"OR2AI1P",0
"CICP15",0
"MTND6P3",0
"MTND5P12",0
"MTCYBP35",0
"MIR6131",0
"RPL30P7",0
"PMCHL1",0
"NBPF22P",0
"PMCHL2",0
"PCDHB17P",0
"PCDHB18P",0
"PCDHB19P",0
"CEP192P1",0
"AACSP1",0
"SDHAP3",0
"ZNF300P1",0
"SEPTIN14P5",0
"GTF2H2B",0
"NAIPP1",0
"WSPAR",0
"TSSK1B",0
"RNU4ATAC13P",0
"DDX18P4",0
"RNU6-402P",0
"RNU6-429P",0
"MIR6499",0
"RN7SL177P",0
"PGBD4P3",0
"SPINK7",0
"HTR4",0
"KCNN2",0
"RN7SKP89",0
"LINC01957",0
"MIR9-2",0
"H3Y2",0
"H3P17",0
"H3P19",0
"H3P20",0
"H3Y1",0
"H3P22",0
"MIR874",0
"MIR3655",0
"ANKRD33B-AS1",0
"MIR218-2",0
"MIR585",0
"PPIAP77",0
"PRELID3BP4",0
"MIR6831",0
"MIR1229",0
"RN7SKP150",0
"KCNIP1-AS1",0
"GABRP",0
"RN7SL623P",0
"PLCXD3",0
"RPL29P15",0
"RPL7AP32",0
"RPL6P15",0
"MIR1289-2",0
"RNU7-180P",0
"IL17B",0
"LNPPS",0
"MIR143",0
"MIR145",0
"PRDM9",0
"MSANTD5",0
"WWC1",0
"FBLL1",0
"SLC2A3P1",0
"MIR103A1",0
"MIR103B1",0
"AIG1P1",0
"CDH12P3",0
"NDUFB4P2",0
"MIR582",0
"RNU6-806P",0
"RPL31P8",0
"KRT8P31",0
"VTRNA1-1",0
"RPLP1P6",0
"PDZPH1P",0
"FBXL21P",0
"PCDHGB8P",0
"ATP6AP1L",0
"NPY6R",0
"SMIM32",0
"RN7SL629P",0
"RNU6-727P",0
"TAF11L5",0
"TAF11L3",0
"TAF11L7",0
"TAF11L8",0
"TAF11L13",0
"TAF11L4",0
"TAF11L6",0
"TAF11L10",0
"TAF11L9",0
"TAF11L2",0
"TAF11L14",0
"TMEM183AP6",0
"SETP22",0
"GFRA3",0
"FAM153A",0
"H3P24",0
"RNU2-49P",0
"CDO1",0
"DDX43P1",0
"WBP1LP4",0
"TAF11L11",0
"IRX1",0
"RN7SL814P",0
"YTHDF1P1",0
"MTCYBP40",0
"RNU6-540P",0
"RPS12P10",0
"FGF1",0
"RPS3AP22",0
"RNA5SP176",0
"EGFLAM-AS3",0
"RNU6-484P",0
"GDNF",0
"EGFLAM-AS4",0
"KCTD9P5",0
"RNA5SP179",0
"RPL19P11",0
"CDH6",0
"DUX4L51",0
"RPSAP38",0
"MTHFD2P6",0
"RNA5SP180",0
"DCAF13P2",0
"RN7SKP133",0
"FTH1P10",0
"PDCD6P1",0
"MIR4277",0
"RPL5P16",0
"MIR3977",0
"ST13P12",0
"RNA5SP187",0
"LDHBP3",0
"CCT7P2",0
"RN7SL255P",0
"RNU6-334P",0
"RAB9BP1",0
"HMGB1P22",0
"RN7SKP117",0
"FAM169A-AS1",0
"HSPD1P18",0
"ANKRD49P3",0
"RNU6-236P",0
"PSD2",0
"IRX4",0
"PCDHB1-AS1",0
"HIGD1AP3",0
"MIR4634",0
"IRGM",0
"NAIPP3",0
"GUSBP3",0
"SERF1B",0
"GUSBP18",0
"GUSBP1",0
"SALL4P1",0
"ACTBL2",0
"LNCBRM",0
"RNU6-381P",0
"FGF10",0
"FGF10-AS1",0
"RN7SL383P",0
"SLIT3-AS1",0
"LINC02201",0
"LINC01950",0
"ADAMTS19-AS1",0
"LINCADL",0
"LINC02236",0
"LINC02211",0
"LINC02115",0
"NIHCOLE",0
"LINC02121",0
"LINC02208",0
"ADAMTS16-DT",0
"FAM193B-DT",0
"LINC02059",0
"THOC3-AS1",0
"LINC02221",0
"LINC01846",0
"TERLR1",0
"LINC02106",0
"LINC02103",0
"IRX4-AS1",0
"LINC02100",0
"EGFLAM-AS1",0
"ITGA2-AS1",0
"LINC02143",0
"LINC02229",0
"LINC00491",0
"LINC01944",0
"RMEL3",0
"LINC02999",0
"LINC02200",0
"LINC01843",0
"LINC01863",0
"ERBIN-DT",0
"FABP6-AS1",0
"LINC02900",0
"LINC02213",0
"SH3TC2-DT",0
"LIFR-AS1",0
"TTC23L-AS1",0
"RAI14-DT",0
"LINC02230",0
"ZNF454-DT",0
"MYOZ3-AS1",0
"TENM2-AS1",0
"LINC03123",0
"LINC01951",0
"LINC02160",0
"LINC01848",0
"CAPSL-DT",0
"EPIST",0
"LINC01938",0
"LINC02227",0
"TRPC7-AS1",0
"LINC02117",0
"LINC01202",0
"RGMB-AS1",0
"LINC01470",0
"LINC01385",0
"CDH18-AS1",0
"SNHG18",0
"LINC02488",0
"LINC02144",0
"LINC01847",0
"LINC02116",0
"ISL1-DT",0
"LINC02104",0
"LINC02064",0
"SV2C-AS1",0
"LINC00992",0
"LINC02216",0
"LINC02219",0
"LINC02196",0
"LINC02142",0
"LINC02148",0
"LINC02123",0
"LINC01019",0
"LINC02162",0
"ACSL6-AS1",0
"LINC01949",0
"LINC00604",0
"LINC02114",0
"LINC01020",0
"FABP5P5",0
"MIR583",0
"RNU6-524P",0
"LINC02061",0
"HMGN1P17",0
"LINC01455",0
"RBX1P2",0
"TRMT112P2",0
"KRT18P45",0
"SPZ1",0
"RNU6-211P",0
"RPL37P25",0
"HSPB3",0
"PTP4A1P4",0
"GUSBP7",0
"GUSBP9",0
"SEPHS2P1",0
"RPL23AP45",0
"PRELID3BP7",0
"GUSBP17",0
"MFFP2",0
"OCLNP1",0
"CDH12P4",0
"SEM1P1",0
"GUSBP15",0
"H3P18",0
"H3P21",0
"GUSBP14",0
"SETP21",0
"POLD2P1",0
"HMGB3P17",0
"NIFKP2",0
"GUSBP13",0
"CDH12P2",0
"GUSBP19",0
"GUSBP8",0
"LINC02113",0
"GGCTP1",0
"LINC01338",0
"TRIM7-AS1",0
"TRIM7-AS2",0
"GUSBP16",0
"FOXF2-DT",0
"RPL5P20",0
"EEF1E1-BLOC1S5",0
"RPL21P61",0
"BLOC1S5-TXNDC5",0
"PIP5K1P1",0
"TOMM5P1",0
"RPL6P18",0
"HDGFL1",0
"FOXQ1",0
"RPL7AP36",0
"STMND1",0
"ISG20L2P1",0
"RPL13P",0
"NOP56P1",0
"NRSN1",0
"OR2U2P",0
"TFB2MP1",0
"RPS18P8",0
"ZNF90P2",0
"KRT18P38",0
"DDX18P3",0
"FOXF2",0
"UQCRFS1P3",0
"RPL21P62",0
"OR2G1P",0
"DCDC2",0
"BOLA2P3",0
"IMPDH1P9",0
"HNRNPA1P58",0
"RPL29P17",0
"RPL36AP25",0
"E2F4P1",0
"WBP1LP12",0
"PGK2",0
"RPL37P15",0
"PRR11P1",0
"TIAL1P1",0
"OR2U1P",0
"MTMR9P1",0
"NUFIP1P1",0
"GCNT1P4",0
"RPS15AP20",0
"LGSN",0
"RPS16P5",0
"POU3F2",0
"NDUFA5P9",0
"RUNX2-AS1",0
"GLYATL3",0
"GPR63",0
"PRDX2P4",0
"SUMO2P8",0
"TXNP7",0
"EEF1GP6",0
"GAPDHP41",0
"EIF4EBP2P3",0
"RPSAP44",0
"NEPNP",0
"SMARCE1P2",0
"RPL31P32",0
"MCHR2",0
"GAPDHP42",0
"DHFRP5",0
"GFRAL",0
"SOCS5P5",0
"ANKRD39P1",0
"RPL31P28",0
"KRASP1",0
"RPL5P19",0
"RPS4XP9",0
"VGLL2",0
"BRD7P3",0
"RPL35AP18",0
"RPS17P5",0
"SIM1-AS1",0
"PA2G4P5",0
"RAP1BP3",0
"SLC25A6P6",0
"BTF3L4P3",0
"FCF1P10",0
"RPL31P33",0
"FABP7",0
"YAP1P3",0
"KRT18P50",0
"EEF1A1P42",0
"TINAG",0
"TBX18",0
"LINC02836",0
"NPM1P10",0
"GAPDHP73",0
"FUT9",0
"BMP5",0
"FAM136FP",0
"LINC02524",0
"TUBB4BP7",0
"RPA3P2",0
"TAAR6",0
"PLN",0
"FTH1P26",0
"NDUFS5P1",0
"PPP1R14BP5",0
"TRAPPC3L",0
"MTCYBP36",0
"MEMO1P2",0
"MTCO3P31",0
"MTATP6P25",0
"RPL12P23",0
"PHB1P1",0
"MTHFD2P2",0
"MTND4LP19",0
"TINAG-AS1",0
"NUDT19P3",0
"HMGB3P19",0
"HSPD1P10",0
"MTCO1P56",0
"RPL26P20",0
"CYP51A1P3",0
"SNRPEP6",0
"RAET1M",0
"VIP",0
"EEF1DP5",0
"MTND3P20",0
"HMGB1P13",0
"RPSAP40",0
"COX6A1P3",0
"KLHL32",0
"H3P27",0
"IMPG1",0
"COX5BP2",0
"MTND4LP20",0
"MTCO2P31",0
"MTRES1P1",0
"RPL21P64",0
"CLNS1AP1",0
"RPL17P25",0
"MTND4P13",0
"ZC2HC1B",0
"SAMD5",0
"RPL31P29",0
"TAAR7P",0
"RPL10P10",0
"AK4P5",0
"CACYBPP3",0
"RPL23AP46",0
"CTAGE13P",0
"SSXP10",0
"NMBR-AS1",0
"DNAJA1P4",0
"MTATP6P31",0
"KRT18P65",0
"RPL36P10",0
"FEM1AP3",0
"OLIG3",0
"HNRNPDP2",0
"RAB23",0
"RAB1AP2",0
"RPSAP72",0
"RGS17",0
"SLC35F1",0
"RN7SL352P",0
"MIR3691",0
"RNU6ATAC21P",0
"RN7SL554P",0
"RNU6-793P",0
"MIR548A1",0
"RN7SL332P",0
"RNA5SP204",0
"RNU6-263P",0
"RNU6-1060P",0
"RN7SKP240",0
"RNA5SP205",0
"RNU6-801P",0
"RNU6-150P",0
"RNU1-54P",0
"RNU6-754P",0
"MIR5685",0
"RNU7-65P",0
"RNU1-136P",0
"RNA5SP208",0
"RNU6-1023P",0
"RNU7-66P",0
"RNU6-261P",0
"MIR548U",0
"RNU6-84P",0
"RNU6-155P",0
"RNU6-1338P",0
"RNA5SP209",0
"RNU6-280P",0
"RNU6-130P",0
"RN7SKP256",0
"RNU6-248P",0
"RN7SL643P",0
"RN7SL415P",0
"MIR4643",0
"MIR548AI",0
"RN7SL509P",0
"RNU4-66P",0
"RN7SL797P",0
"RNU7-48P",0
"RNU6-1299P",0
"MIR2113",0
"RNU6-1106P",0
"MIR4464",0
"RNU6-344P",0
"RNU6-1163P",0
"RNU6-214P",0
"RN7SKP18",0
"RNU6-897P",0
"RNA5SP215",0
"RNU6-1226P",0
"RN7SKP51",0
"RNU6-253P",0
"MIR588",0
"RNU6-200P",0
"RNU4-76P",0
"MIR3144",0
"RNU6-475P",0
"RNU1-18P",0
"SNORD101",0
"MIR3662",0
"RNU6-1222P",0
"MIR548B",0
"RNU6-194P",0
"RNU7-152P",0
"RN7SKP211",0
"RNU6-896P",0
"RNA5SP225",0
"RNU4-7P",0
"RNU6-300P",0
"RNA5SP224",0
"RN7SKP106",0
"MIR1202",0
"RN7SL564P",0
"MIR4644",0
"SNORD28B",0
"RNA5SP221",0
"PIMREGP3",0
"RPL22P14",0
"GJA10",0
"RN7SKP110",0
"RNU1-33P",0
"TCF21",0
"GSTA3",0
"RN7SK",0
"RN7SL244P",0
"GCM1",0
"RNU6-464P",0
"SOD1P1",0
"IQCB2P",0
"OR2W2P",0
"OR2B7P",0
"RPLP2P1",0
"OR2W4P",0
"MIR7161",0
"UNC93A",0
"TTLL2",0
"SIM1",0
"PRDM13",0
"RN7SL617P",0
"FAM136BP",0
"SERPINB8P1",0
"RNU6-391P",0
"KRT8P43",0
"RNU1-11P",0
"LINC02530",0
"GPR53P",0
"OR2H5P",0
"TMEM183AP1",0
"SNORD32B",0
"RPL13AP",0
"RPL23AP1",0
"MICE",0
"RPL7AP7",0
"GCNT2P1",0
"RNA5SP203",0
"GCM2",0
"ZFP57",0
"HNRNPH1P1",0
"SNORA29",0
"RN7SL403P",0
"KCNQ5-DT",0
"MIR4282",0
"KNOP1P4",0
"PGAM1P10",0
"RBPMS2P1",0
"KHDC1P1",0
"KHDC1L",0
"SDCBP2P1",0
"PAICSP3",0
"DPPA5",0
"KHDC3L",0
"OOEP-AS1",0
"RNA5SP211",0
"RNU6-527P",0
"RNU6-117P",0
"MIR587",0
"SNORA40C",0
"RNU6-1115P",0
"GSTM2P1",0
"MIR1273C",0
"CLDN20",0
"NOX3",0
"RN7SKP186",0
"MIR4640",0
"SFTA2",0
"HCG21",0
"NAPGP2",0
"RNU6-1133P",0
"C6orf15",0
"PSORS1C2",0
"POLR2LP1",0
"RNU6-153P",0
"GNG5P1",0
"PRR18",0
"HNRNPA1P49",0
"RPS6KA2-IT1",0
"MIR1913",0
"TBXT",0
"KCNK16",0
"RN7SL221P",0
"PKMP5",0
"MIR7853",0
"SNAPC5P1",0
"VTA1P1",0
"SMIM15P2",0
"ACKR4P1",0
"RPSAP43",0
"RNA5SP213",0
"LINC02536",0
"MRPS17P5",0
"GSTA1",0
"GSTA11P",0
"NCR2",0
"MIR4641",0
"SLC17A4",0
"SLC17A1",0
"H2AC3P",0
"H2BP5",0
"H3P26",0
"H3C2",0
"H3C3",0
"H1-6",0
"RPL15P4",0
"ATP6V1G2-DDX39B",0
"SNORD117",0
"SNORD84",0
"SNORA38",0
"MIR6832",0
"LY6G6F",0
"LY6G6F-LY6G6D",0
"MSH5-SAPCD1",0
"LINC02571",0
"MIR6891",0
"RNU6-283P",0
"FGFR3P1",0
"RPL36AP5",0
"RN7SKP299",0
"RNA5SP219",0
"SLC35D3",0
"RPL35AP3",0
"NHEG1",0
"NPM1P51",0
"PGC",0
"PRICKLE4",0
"SNORD48",0
"SNORD52",0
"ZBTB12",0
"CHP1P2",0
"C6orf118",0
"RNA5SP226",0
"RNU6-730P",0
"ACTG1P18",0
"RN7SL366P",0
"MICC",0
"TMPOP1",0
"SUCLA2P1",0
"MIR877",0
"TOMM6",0
"CRISP3",0
"RN7SKP204",0
"MIR3692",0
"RNU6-906P",0
"MIR4462",0
"PNPLA1",0
"HLA-Z",0
"RPL27AP7",0
"RBMXP1",0
"MIR548A2",0
"SPACA1",0
"KIAA0319",0
"RNU6-502P",0
"RNU7-26P",0
"OR2B2",0
"TRIM40",0
"TRIM10",0
"PAIP1P1",0
"MIR6721",0
"MIR6833",0
"RNU6-603P",0
"RPL7P4",0
"RN7SL353P",0
"NUP50P4",0
"MIR4463",0
"UBE2V1P15",0
"RNU1-34P",0
"RPL36P9",0
"ADGRF5",0
"ADGRF5-AS1",0
"MIR1236",0
"C4B",0
"RNA5SP206",0
"H2AC7",0
"H3C5P",0
"H2AC9P",0
"H4C6",0
"H4C7",0
"H2BC10",0
"COPS5P1",0
"EPHA7",0
"RNU6-626P",0
"OSTCP6",0
"HCRTR2",0
"OR2H2",0
"RPS6KA2-AS1",0
"RNU6-1247P",0
"RNY4P20",0
"RN7SKP268",0
"RNU6-813P",0
"RPS12P14",0
"FAM162B",0
"GPRC6A",0
"RPS29P13",0
"RNA5SP214",0
"RFX6",0
"RNA5SP220",0
"MIR3668",0
"MIR4465",0
"OR2A4",0
"CTAGE9",0
"RPL15P9",0
"MIR548H5",0
"RNA5SP217",0
"DEFB114",0
"DEFB113",0
"DEFB110",0
"DEFB112",0
"ADGRB3",0
"RNA5SP223",0
"NANOGP11",0
"HSPD1P16",0
"OR12D2",0
"UBDP1",0
"MAS1LP1",0
"MAS1L",0
"RPS17P1",0
"DDX6P1",0
"OR5V1",0
"OR12D3",0
"COL11A2P1",0
"ZNF70P1",0
"HTATSF1P1",0
"MIR6873",0
"MIR6834",0
"SMIM40",0
"MYL12BP3",0
"OR14J1",0
"SLC22A7",0
"RPL34P14",0
"RPL35AP4",0
"MIR5004",0
"MTCYBP4",0
"HSPE1P21",0
"CCT7P1",0
"RAET1E-AS1",0
"PKMP3",0
"SNORD50B",0
"SMIM11P1",0
"RNU4-72P",0
"RNU4-12P",0
"CYCSP17",0
"HNRNPLP1",0
"RPS26P29",0
"IDH1P1",0
"OR2J1",0
"OR2J2",0
"OR10C1",0
"METTL24",0
"IL20RA",0
"KRT18P64",0
"DUTP5",0
"NMBR",0
"BTN1A1",0
"H3C6",0
"TAAR1",0
"C6orf52",0
"GPR6",0
"RPS7P8",0
"RNU4-70P",0
"TYMSP1",0
"RN7SL173P",0
"TRIM39-RPP21",0
"HLA-N",0
"HCG19P",0
"UBQLN1P1",0
"RSL24D1P1",0
"H2BC14",0
"CNN3P1",0
"HCP5B",0
"MESTP1",0
"BMPR1AP1",0
"RNU6-861P",0
"RPL5P21",0
"MTCO3P1",0
"HLA-DQB3",0
"RCAN2",0
"CCN6",0
"PRL",0
"SMOC2",0
"C6orf141",0
"H3C8",0
"TAAR5",0
"LY6G6D",0
"ZKSCAN8P1",0
"ZNF603P",0
"ZKSCAN8P2",0
"VN1R11P",0
"RNU2-62P",0
"MIR3143",0
"RPL10P2",0
"CDCA7P1",0
"VN1R10P",0
"MCFD2P1",0
"RNU6-471P",0
"RNY3P15",0
"CFAP206",0
"RNU6-444P",0
"RAET1E",0
"ESDP1",0
"RPL7P26",0
"RIPPLY2",0
"GPR166P",0
"HLFP1",0
"CCNG1P1",0
"RBM11P1",0
"RNU6-302P",0
"ARMC12",0
"CMPK1P1",0
"CLPSL1",0
"CLPS",0
"RIMS1",0
"KILH",0
"KLHL31",0
"CALHM5",0
"RNU6-437P",0
"MTHFD2P3",0
"MRPL42P3",0
"PRRT1",0
"RNY3P11",0
"RPL7P28",0
"PRELID1P2",0
"TCP11",0
"SREK1IP1P2",0
"GSTA2",0
"OR1F12P",0
"OSTM1-AS1",0
"RNU6-1144P",0
"RPL36AP24",0
"RNU6-770P",0
"RN7SKP209",0
"MIR206",0
"LINCMD1",0
"MIR133B",0
"SLC25A20P1",0
"SAPCD1",0
"TAAR8",0
"TAAR9",0
"TMEM217B",0
"LRRC73",0
"RNU6-250P",0
"CANT1P1",0
"UBE2D3P5",0
"KATNBL1P5",0
"HNRNPA3P17",0
"RNU6-987P",0
"RNU1-88P",0
"RN7SL234P",0
"FABP12P1",0
"GUCA1ANB-GUCA1A",0
"GUCA1A",0
"ELOVL2",0
"PAGE4P1",0
"SCGN",0
"H2AC1",0
"H2BC1",0
"GLP1R",0
"MLN",0
"ANKRD36P2",0
"MIR7159",0
"MIR1275",0
"LINC01015",0
"RPL17P23",0
"C6orf58",0
"KRT18P9",0
"MIR6835",0
"MTCL3",0
"H3P28",0
"MIR4466",0
"BECN1P2",0
"KAAG1",0
"RPS10-NUDT3",0
"ATP6V1FP1",0
"OR2H4P",0
"OR2N1P",0
"OR2B4P",0
"TAAR3P",0
"PRIM2BP",0
"HLA-V",0
"TCP10L3",0
"CYP21A1P",0
"H2AC10P",0
"DEFB133",0
"HLA-DRB6",0
"ZNF602P",0
"RAET1K",0
"ZSCAN12P1",0
"GSTA9P",0
"HLA-L",0
"HLA-DPB2",0
"ZNF204P",0
"H2AC2P",0
"TCP10L2",0
"MIR548AJ1",0
"SMLR1",0
"DBIP1",0
"GRM1",0
"FUNDC2P3",0
"RNA5SP222",0
"LUADT1",0
"YAP1P1",0
"DDX39BP1",0
"MCCD1P1",0
"MICD",0
"HLA-J",0
"PLG",0
"RN7SL408P",0
"RPS29P32",0
"RNU6-1286P",0
"RNU4-35P",0
"GUSBP2",0
"POM121L6P",0
"B3GALNT2P1",0
"RPL21P67",0
"RNU4-18P",0
"SYCP2L",0
"ITGAEP1",0
"TFGP1",0
"RN7SL465P",0
"DNAJC2P1",0
"LPAL2",0
"LPA",0
"KRT8P44",0
"PACRG-AS3",0
"RBM22P4",0
"MIR586",0
"B3GNTL1P2",0
"OPN5",0
"RNU1-105P",0
"NACAP7",0
"RN7SL11P",0
"ARMH2",0
"RN7SL26P",0
"MIR3934",0
"MIR4642",0
"COL21A1",0
"DHFRP6",0
"MRAP2",0
"NKAIN2",0
"NCOA7-AS1",0
"ATP5PBP6",0
"ERHP2",0
"RNU6-411P",0
"MIR30C2",0
"MIR30A",0
"NGRNP2",0
"KRT19P1",0
"CIMIP3",0
"PRELID1P1",0
"ZPR1P1",0
"RPS3AP23",0
"VDAC1P8",0
"GAPDHP72",0
"RPL7AP37",0
"KATNBL1P6",0
"PPP1R2P1",0
"SELENOKP3",0
"DHFRP2",0
"DPRXP2",0
"OFCC1",0
"TEX56P",0
"ADGRF2P",0
"LY6G6E",0
"CMAHP",0
"VNN3P",0
"POLR1HASP",0
"GGNBP1",0
"GSTA5",0
"RNU6-653P",0
"CCDC162P",0
"TUBBP9",0
"SUMO2P12",0
"RN7SKP293",0
"FNDC1-IT1",0
"SPTLC1P3",0
"EEF1B2P5",0
"MRPL35P1",0
"CRIPTOP4",0
"RNA5SP202",0
"KRT18P1",0
"RN7SL471P",0
"ZNF311",0
"OR2AD1P",0
"SAR1AP1",0
"OR2B3",0
"WBP1LP8",0
"TSPO2",0
"HTR1B",0
"LINC02549",0
"RNU1-64P",0
"RN7SL128P",0
"RNU6-141P",0
"SAPCD1-AS1",0
"C4A-AS1",0
"C4B-AS1",0
"TREML3P",0
"RNU6-643P",0
"RPL32P15",0
"H3C4",0
"RNU6-293P",0
"MDH1P2",0
"PERPP3",0
"RNU6-1114P",0
"FAM8A6P",0
"UST-AS2",0
"LINC01276",0
"TDRD6-AS1",0
"MCHR2-AS1",0
"TMEM242-DT",0
"FAM135A-AS1",0
"LINC01622",0
"LINC02865",0
"ZBTB24-DT",0
"LINC02529",0
"LINC01623",0
"RCAN2-DT",0
"ADGRB3-DT",0
"MLIP-AS1",0
"TMEM14B-DT",0
"DDX39B-AS1",0
"LINC02526",0
"SYNE1-AS1",0
"LINC01625",0
"LINC02534",0
"LINC01564",0
"LINC03066",0
"LINC01621",0
"CDYL-AS1",0
"LINC02527",0
"OR2W1-AS1",0
"LINC02519",0
"ADGB-DT",0
"CCDC28A-AS1",0
"TBX18-AS1",0
"LINC02570",0
"LINC02540",0
"PACRG-AS1",0
"LINC01149",0
"LINC02525",0
"FNDC1-AS1",0
"LINC02840",0
"SCAT8",0
"LINC02829",0
"PACRG-AS2",0
"LINC02533",0
"LINC02523",0
"LIN28B-AS1",0
"DAAM2-AS1",0
"LINC02535",0
"FOXCUT",0
"LINC02521",0
"TAB2-AS1",0
"LINC01610",0
"H4C1",0
"RN7SL502P",0
"RN7SL748P",0
"MIR3925",0
"RNU2-61P",0
"RNU2-45P",0
"COX11P1",0
"OR2E1P",0
"GPX5",0
"ZBED9-AS1",0
"LINC00533",0
"RPSAP2",0
"RPL7L1P20",0
"TFAP2A-AS1",0
"MIR5689",0
"LINC02522",0
"MRPL48P1",0
"GUSBP4",0
"LINC00680",0
"GAPDHP15",0
"PBOV1",0
"SMIM28",0
"MIR3145",0
"RN7SL811P",0
"MYMX",0
"MIR4647",0
"TCTE1",0
"SPATS1",0
"MIR6780B",0
"RNU6-1113P",0
"POLH-AS1",0
"ELF2P2",0
"SLC25A51P1",0
"TPI1P3",0
"CYP2AC1P",0
"HMGB3P18",0
"R3HDM2P2",0
"NGRNP4",0
"ATP5MFP2",0
"ZDHHC20P1",0
"IFITM4P",0
"HCG4",0
"MICG",0
"RPSAP41",0
"EIF3EP1",0
"CNN2P9",0
"GSTA6P",0
"H2AC5P",0
"UQCRHP1",0
"EXOSC8P1",0
"BTN1A1P1",0
"MKRN6P",0
"TNXA",0
"STK19B",0
"RCC2P7",0
"NAA40P1",0
"RPS3AP24",0
"HLA-DPA3",0
"RPL29P1",0
"BTF3P7",0
"HLA-H",0
"HLA-DRB9",0
"SUMO2P13",0
"ANKRD18FP",0
"TPT1P4",0
"PTCHD3P3",0
"GSTA8P",0
"GSTA7P",0
"GSTA12P",0
"GSTA10P",0
"H2BC2P",0
"HLA-K",0
"DDX39BP2",0
"MCCD1P2",0
"HMGA1P7",0
"VN1R13P",0
"LARRPM",0
"AMD1P4",0
"PSMC1P11",0
"PPIAP29",0
"RPL23AP47",0
"ARPC3P5",0
"LINC02537",0
"LNCPOIR",0
"OR7E59P",0
"CYP3A54P",0
"NXPH1",0
"THRAP3P3",0
"PAPOLB",0
"RPL23AP52",0
"RPL36AP26",0
"EVA1CP3",0
"RBMX2P4",0
"NPM1P11",0
"GAPDHP68",0
"GTF3AP5",0
"PRPS1L1",0
"SNRPCP19",0
"RPS26P30",0
"PSMC1P2",0
"EEF1A1P27",0
"ZPBP",0
"RRBP1P1",0
"NPSR1",0
"ROBO2P1",0
"VN1R33P",0
"RPL31P35",0
"VWC2",0
"AMPH",0
"POM121L12",0
"GNL2P1",0
"HMGN1P19",0
"ARAFP2",0
"GTF2IP9",0
"RPS17P13",0
"ELK1P1",0
"RNF138P2",0
"AGMO",0
"SLC25A1P2",0
"RPL7P31",0
"ZNF804B",0
"MTATP6P21",0
"MTCO1P57",0
"SEPTIN14P24",0
"ZNF90P3",0
"COX6A1P7",0
"BSNDP4",0
"ARF1P1",0
"NCAPD2P1",0
"DDX43P2",0
"SLC66A2P1",0
"SAPCD2P4",0
"RPL7P30",0
"CICP8",0
"RAC1P9",0
"SOCS5P1",0
"HMGB3P21",0
"DDX43P3",0
"TEX47",0
"TAC1",0
"LINC00997",0
"SNRPCP9",0
"MOGAT3",0
"ARAFP3",0
"HAUS6P3",0
"PPP1R9A",0
"VPS51P2",0
"AP1S2P1",0
"PON3",0
"VSTM2A-OT1",0
"HINT1P2",0
"PON1",0
"DYNLL1P7",0
"LUARIS",0
"GTF3AP6",0
"LINC03012",0
"ATP5PBP2",0
"SGO1P2",0
"ZNF716",0
"EIF3IP1",0
"SNX2P2",0
"RPS10P14",0
"RSL24D1P3",0
"GRPEL2P3",0
"ASS1P11",0
"LINC02903",0
"ANKRD7",0
"MYL6P4",0
"RPL3P8",0
"KCND2",0
"DLX5",0
"RAC1P6",0
"COX6A1P6",0
"FMC1-LUC7L2",0
"SUMO2P14",0
"PRSS37",0
"CYCSP19",0
"MTCO3P41",0
"DLX6",0
"RPL31P36",0
"PPP1R2P6",0
"ZNF619P1",0
"CCZ1P1",0
"SKP1P1",0
"PAICSP6",0
"TRBV8-1",0
"RCC2P3",0
"RPL17P27",0
"ATP6V0A4",0
"MTND4P3",0
"TRBV5-2",0
"CLEC2L",0
"TRBV6-4",0
"OR2Q1P",0
"UQCRFS1P2",0
"SLC16A1P1",0
"TAS2R3",0
"PSMC1P3",0
"RABGEF1P2",0
"BUB3P1",0
"TRPC6P8",0
"TAS2R6P",0
"PRSS58",0
"NDUFB9P2",0
"AKR1D1",0
"TRBV5-3",0
"TAS2R5",0
"TMEM229A",0
"HMGN1P18",0
"MTCO1P55",0
"IMPDH1P3",0
"RPL7P59",0
"POLR2DP2",0
"MTND2P5",0
"EI24P4",0
"TMEM213",0
"TRBV1",0
"RPL21P73",0
"EIF4EP4",0
"DPY19L4P2",0
"NDUFB10P2",0
"SVOPL",0
"SNRPGP3",0
"MRM3P2",0
"MIR4656",0
"MIR3683",0
"RNU6-534P",0
"RN7SKP228",0
"RNU1-15P",0
"MIR1183",0
"RN7SL542P",0
"RNU6-1103P",0
"MIR550A1",0
"MIR550B1",0
"RNU6-438P",0
"MIR550A2",0
"MIR550B2",0
"RN7SL132P",0
"SNORA20B",0
"MIR3943",0
"RNU7-35P",0
"RNU6-575P",0
"SNORA5A",0
"SNORA5C",0
"SNORA5B",0
"SNORA9",0
"RN7SKP218",0
"RN7SL292P",0
"RNU2-29P",0
"RNU1-14P",0
"SNORA22B",0
"RNU6-1125P",0
"RNU6-1052P",0
"RNU6-1335P",0
"RNU6-417P",0
"SNORA22",0
"SNORA15B-2",0
"RNU6-912P",0
"RNA5SP231",0
"RNU6-973P",0
"RNU6-313P",0
"RNA5SP234",0
"RNU6-849P",0
"RNU6-10P",0
"RN7SKP129",0
"RNU4-16P",0
"RNU6-956P",0
"RN7SKP104",0
"MIR5692A1",0
"MIR5692C2",0
"RNA5SP235",0
"RNU6-364P",0
"RN7SL478P",0
"RNU7-188P",0
"MIR591",0
"RN7SL252P",0
"RNA5SP236",0
"SNORA25B",0
"RNU6-581P",0
"RN7SKP277",0
"RNA5SP241",0
"MIR4653",0
"RNU1-29P",0
"RNA5SP240",0
"MIR3654",0
"RNU6-797P",0
"RN7SKP223",0
"MIR4468",0
"RNU6-911P",0
"RNU1-72P",0
"RNU1-58P",0
"RNU4-74P",0
"RNA5SP247",0
"RNA5SP248",0
"RNU6-267P",0
"RN7SKP174",0
"THUMPD3P1",0
"PPP1R3A",0
"RPL36P13",0
"RNA5SP238",0
"MIR3666",0
"EN2",0
"RN7SL496P",0
"LINC01450",0
"TAS2R38",0
"RNU6-102P",0
"LINC03043",0
"FDPSP7",0
"UPK3BP1",0
"RBAK-RBAKDN",0
"RPL7P60",0
"MIR4658",0
"PVRIG2P",0
"MIR6840",0
"RNU6-393P",0
"MIR3609",0
"MIR1285-1",0
"TUBB3P2",0
"SPMIP7",0
"RN7SKP187",0
"MTND5P8",0
"NPM1P14",0
"ASIC3",0
"DDX3ILA1",0
"MAGI2-AS1",0
"MAGI2-AS2",0
"RNU6-337P",0
"RNU6-530P",0
"NUP35P2",0
"TRPC6P10",0
"TMX1P1",0
"RNU6-719P",0
"MIR653",0
"MIR489",0
"CALCR",0
"POU6F2",0
"CTAGE6",0
"GIMAP1-GIMAP5",0
"BET1P1",0
"TPM3P1",0
"MIR6132",0
"MTND4P6",0
"MTCYBP6",0
"RN7SL771P",0
"CPA2",0
"CPA4",0
"MIR335",0
"CCT8L1P",0
"CYP3A51P",0
"CYP3A7",0
"CYP3A137P",0
"CYP3A52P",0
"GJC3",0
"CNTNAP2-AS1",0
"DUTP3",0
"RANP2",0
"MIR548F4",0
"RNU6-1184P",0
"RNA5SP249",0
"RN7SL456P",0
"RN7SL72P",0
"CALM1P2",0
"RNU6-863P",0
"RABGEF1P3",0
"SRRM3",0
"PPIAP81",0
"LRRC72",0
"MIR6874",0
"AOC1",0
"PIGCP2",0
"RPL15P11",0
"MIR4649",0
"RNA5SP230",0
"MYL7",0
"VPS37D",0
"MIR4284",0
"RN7SL265P",0
"CLDN3",0
"TMEM270",0
"RNU7-27P",0
"RNU7-54P",0
"EFCAB3P1",0
"MIR5090",0
"MIR4467",0
"UPK3BL1",0
"MIR4283-1",0
"TNRC18P3",0
"SLC29A4P1",0
"PHKG1P4",0
"GPCPD1P1",0
"MTATP6P8",0
"MTCO3P10",0
"MTND4LP32",0
"MTND4P4",0
"MTND5P6",0
"MTND6P29",0
"MTCYBP29",0
"GUSBP10",0
"MTND1P4",0
"MTND2P6",0
"MTCO1P10",0
"MTCO2P10",0
"MTATP6P10",0
"MTCO3P4",0
"MTND4P5",0
"MTND5P7",0
"MTCYBP5",0
"RNU7-157P",0
"MIR3147",0
"VN1R28P",0
"SAPCD2P2",0
"PTP4A1P3",0
"NIPA2P1",0
"PTTG1IP2",0
"TRBV11-1",0
"TRBV12-1",0
"TRBV10-2",0
"TRBV5-5",0
"TRBV7-6",0
"TRBV13",0
"TRBV11-3",0
"TRBV12-3",0
"TRBV12-5",0
"LINC01448",0
"CRYZP1",0
"RPS29P16",0
"RN7SKP86",0
"HNRNPA1P9",0
"MIR4657",0
"MIR6837",0
"MIR6838",0
"MIR1302-6",0
"NPM1P13",0
"RN7SKP130",0
"HMGN2P30",0
"WBP1LP1",0
"TRPV6",0
"OR9P1P",0
"LLCFC1",0
"LYPLA1P1",0
"RNU6-296P",0
"RNU6-11P",0
"HYAL4",0
"ACTL6B",0
"EPO",0
"ZAN",0
"RN7SL750P",0
"MIR6875",0
"RN7SL549P",0
"RPS29P15",0
"RPL31P34",0
"IMP3P2",0
"RNA5SP242",0
"RN7SL81P",0
"FLNC-AS1",0
"CYCSP20",0
"RNY1P11",0
"VSTM2A",0
"RNA5SP227",0
"MTCYBP42",0
"SNORD93",0
"DCAF13P1",0
"RNU6-392P",0
"LARP1BP2",0
"MIR490",0
"KRT8P51",0
"RNU6-1272P",0
"MSL3P2",0
"MZT1P2",0
"RNU6-206P",0
"RNU7-154P",0
"RPL31P37",0
"FEZF1",0
"MIR4285",0
"TFAMP1",0
"LNCRI",0
"MIR4655",0
"MIR6836",0
"NGRNP3",0
"RN7SL556P",0
"OCM",0
"INMT-MINDY4",0
"AQP1",0
"GHRHR",0
"KPNA7",0
"TAS2R39",0
"TAS2R40",0
"HINT1P1",0
"TAS2R62P",0
"TAS2R60",0
"TAS2R41",0
"OR2R1P",0
"PAICSP5",0
"RNU6-162P",0
"CLDN4",0
"OR9A4",0
"OR2F1",0
"CICP20",0
"RNU6-326P",0
"FTLP15",0
"RNU6-388P",0
"RNA5SP229",0
"SEPHS1P1",0
"EEF1DP4",0
"GCNT1P5",0
"OR6B1",0
"FERD3L",0
"RNF14P4",0
"MIR6509",0
"TAS2R2P",0
"OR2AO1P",0
"OR2A1",0
"NOBOX",0
"PPIAP83",0
"RNU6ATAC40P",0
"OR2A41P",0
"OR2A12",0
"OR2A15P",0
"OR2A14",0
"SHH",0
"LINC00244",0
"RNU4-31P",0
"MNX1",0
"MNX1-AS2",0
"GCK",0
"RPL32P17",0
"C7orf33",0
"RNU7-20P",0
"RN7SL569P",0
"RNY4",0
"RNY3",0
"RNY1",0
"RNU6-650P",0
"COX6B1P1",0
"MIR4650-2",0
"RN7SL377P",0
"RN7SL625P",0
"PHB1P6",0
"PMS2P13",0
"PMS2P10",0
"SPDYE20P",0
"RN7SKP54",0
"NHP2P2",0
"HOXA1",0
"HOXA2",0
"HOXA6",0
"MIR196B",0
"HOXA13",0
"RPL7AP77",0
"RNU6-1080P",0
"HMGN2P11",0
"PHB1P15",0
"SPDYE19P",0
"OR2F2",0
"H2BK1",0
"C7orf78",0
"ZNF479",0
"HOXA3",0
"ZNF679",0
"TRIM60P18",0
"VN1R40P",0
"ZNF680P1",0
"HNRNPCP7",0
"BNIP3P42",0
"BNIP3P44",0
"MIR6839",0
"VN1R42P",0
"NEUROD6",0
"PPP1R17",0
"MTDHP1",0
"RNU6-1229P",0
"SNORA22C",0
"SNORA15B-1",0
"RNU6-1085P",0
"PPP1R14BP4",0
"RNU7-143P",0
"CLK2P1",0
"TPM3P4",0
"ABCF2P2",0
"RNU6-1198P",0
"MIR4651",0
"URGCP-MRPS24",0
"RASA4EP",0
"UPK3BL3P",0
"ABCF2-H2BK1",0
"ASB15",0
"SP8",0
"TMEM178B",0
"RPL36P12",0
"RWDD4P1",0
"RNU6-1322P",0
"SPDYE13",0
"SPDYE15",0
"TMSB4XP3",0
"MIR550A3",0
"TBX20",0
"GBX1",0
"FOXL3",0
"MARK2P10",0
"ASZ1",0
"ANKRD49P4",0
"CFTR-AS1",0
"CTTNBP2",0
"MIR671",0
"SPDYE8",0
"STRA8",0
"GRIFIN",0
"GDI2P1",0
"CDC14C",0
"RNU6-1136P",0
"NYAP1",0
"RN7SL416P",0
"FBXO24",0
"FAM237B",0
"GRID2IP",0
"RPL6P20",0
"VN1R37P",0
"VN1R38P",0
"SAPCD2P1",0
"ZNF735",0
"UFSP1",0
"OR9A1P",0
"RNU6-1328P",0
"RN7SL43P",0
"MIR4650-1",0
"RNU6-979P",0
"PPIAP80",0
"TRGJP2",0
"TRGJ1",0
"TRGJP1",0
"TRGVA",0
"RN7SL845P",0
"RNU6-1091P",0
"DDC-AS1",0
"TRBV16",0
"TRBV17",0
"TRBV22-1",0
"TRBV24-1",0
"TRBVA",0
"TRBV26",0
"TRBVB",0
"WBP1LP2",0
"BANF1P5",0
"SLC26A4",0
"MIR148A",0
"PTN",0
"SNORA80D",0
"ANKRD61",0
"RN7SL7P",0
"H4P1",0
"MIR29B1",0
"RAD23BP2",0
"OCM2",0
"CCDC201",0
"CICP28",0
"SEPTIN7P5",0
"PHKG1P2",0
"SLC29A4P2",0
"MIR4283-2",0
"CICP24",0
"SLC25A1P3",0
"VN1R34P",0
"ARAFP1",0
"VN1R35P",0
"VN1R36P",0
"VOPP1-DT",0
"CDC42P2",0
"TUBBP6",0
"RNU6-389P",0
"RNU6-1126P",0
"CICP12",0
"RPL7L1P2",0
"CICP17",0
"CYP3A7-CYP3A51P",0
"NECAP1P1",0
"MIR6133",0
"COX5BP3",0
"NMD3P2",0
"CNPY1",0
"PVRIG",0
"SMIM10L3",0
"RNA5SP244",0
"MIR182",0
"MIR96",0
"RNA5SP245",0
"UPK3BL2",0
"ADCYAP1R1",0
"INTS4P2",0
"ZNF733P",0
"MOXD2P",0
"OR9A3P",0
"OR9N1P",0
"OR10AH1P",0
"STAG3L5P",0
"GTF2IP7",0
"OR6W1P",0
"SLC23A4P",0
"OR2A3P",0
"OR2A20P",0
"OR2A9P",0
"NSUN5P2",0
"STAG3L3",0
"STAG3L2",0
"FKBP6P2",0
"PMS2CL",0
"GTF2IRD2P1",0
"GTF2IP1",0
"POLR2J4",0
"NUPR2P1",0
"STAG3L1",0
"FKBP9P1",0
"ZNF890P",0
"PMS2P3",0
"ZNF815P",0
"ZNF767P",0
"DPY19L2P4",0
"FAM185BP",0
"DPY19L2P1",0
"RABGEF1P1",0
"DPY19L2P2",0
"RP9P",0
"NSUN5P1",0
"SBDSP1",0
"STAG3L4",0
"PMS2P4",0
"PMS2P1",0
"GTF2IRD1P1",0
"SEPTIN7P2",0
"GTF2IP13",0
"CACNA2D1-AS1",0
"MTHFD2P5",0
"PAXBP1P1",0
"NANOGP4",0
"RPL6P21",0
"EEF1A1P26",0
"SPDYE14",0
"GRM8",0
"MIR592",0
"GRM8-AS1",0
"PRRT4",0
"MYL10",0
"MIR3146",0
"TMEM196",0
"RNU6-1097P",0
"RPL36AP27",0
"RNU6-215P",0
"PAX4",0
"MIR3914-1",0
"MIR3914-2",0
"MIR153-2",0
"MIR595",0
"MIR5707",0
"PMS2P2",0
"ALDH7A1P3",0
"TRPC6P3",0
"RN7SKP280",0
"SSU72L6",0
"RNA5SP246",0
"TSGA13",0
"RN7SKP75",0
"RNA5SP232",0
"MIR593",0
"MIR129-1",0
"RPL21P72",0
"ZNRF2P1",0
"EPS15P1",0
"RPL13AP17",0
"FABP5P3",0
"TPI1P2",0
"GTF2IP4",0
"ZNRF2P2",0
"CDHR17P",0
"TMBIM7P",0
"PRSS3P3",0
"PRSS59P",0
"KIF19BP",0
"ZBED10P",0
"BICDL3P",0
"AGR3",0
"RAD17P1",0
"BRWD1P3",0
"OR9A2",0
"OR6V1",0
"KCNH2",0
"RN7SL851P",0
"RNU6-218P",0
"CRYGN",0
"MIR3907",0
"RNU6-604P",0
"FAM180A",0
"SSMEM1",0
"STK31",0
"PCMTD1P3",0
"TPT1P7",0
"INTS4P1",0
"HOXA-AS2",0
"RPL7AP38",0
"HMGB3P20",0
"HOXA11-AS",0
"RPL35P4",0
"TRGV11",0
"TRGVB",0
"RN7SL83P",0
"SNORA15",0
"CCNJP1",0
"KRT8P20",0
"CFAP144P1",0
"RNU6-832P",0
"MTCO2P25",0
"RNU6-229P",0
"RN7SL869P",0
"RN7SL35P",0
"SNRPBP1",0
"GNAT3",0
"RNU6-274P",0
"STEAP2-AS1",0
"MIR4652",0
"NDUFAF4P2",0
"TFPI2",0
"RNA5SP228",0
"NPY",0
"RPL7AP41",0
"TSEN15P3",0
"NCF1B",0
"FAM220A",0
"OR2A2",0
"EEF1GP1",0
"LINC02830",0
"RPL31P39",0
"MTX2P1",0
"PPIAP93",0
"RNU6-1104P",0
"PNPT1P2",0
"FEZF1-AS1",0
"RNF133",0
"RNF148",0
"TAS2R16",0
"CASTOR3P",0
"LINC02854",0
"YAE1-DT",0
"POU6F2-AS1",0
"TMEM139-AS1",0
"LINC01007",0
"PPP1R9A-AS1",0
"LINC03013",0
"MACC1-AS1",0
"LINC01162",0
"LINC03016",0
"SLC26A4-AS1",0
"COMETT",0
"LINC03010",0
"HECW1-IT1",0
"MIR3147HG",0
"LINC03017",0
"CT66",0
"KIAA0087",0
"EN2-DT",0
"HILPDA-AS1",0
"GRM3-AS1",0
"POU6F2-AS2",0
"LINC00972",0
"SEC61G-DT",0
"LINC02587",0
"LINC02838",0
"ELN-AS1",0
"MNX1-AS1",0
"CRPPA-AS1",0
"TFPI2-DT",0
"EVX1-AS",0
"LINC01447",0
"EGFR-AS1",0
"SDK1-AS1",0
"HTR5A-AS1",0
"FAM131B-AS1",0
"MYH16",0
"OR2AE1",0
"AZGP1P1",0
"RPS27P16",0
"RNU6-92P",0
"CYP2W1",0
"UNCX",0
"LINC03007",0
"MMD2",0
"RBAKDN",0
"UNC93B2",0
"ALG1L5P",0
"OR7E39P",0
"OR7E136P",0
"RPL23P8",0
"DPY19L1P1",0
"FAM86LP",0
"VN1R32P",0
"SEPTIN7P4",0
"SLC25A5P3",0
"LINC01445",0
"DGAT2L7P",0
"NCOR1P3",0
"GTF2IP5",0
"OR7E7P",0
"OR7E38P",0
"CDC26P1",0
"SRSF8CP",0
"CAPZA1P4",0
"RPL7AP43",0
"MTCYBP24",0
"CCT4P1",0
"GUSBP12",0
"RPL23AP95",0
"RPSAP73",0
"RPL12P10",0
"PMS2P12",0
"TCAF1P1",0
"TTC4P1",0
"DPY19L1P2",0
"FKBP6P1",0
"PMS2P7",0
"PMS2P8",0
"PMS2P14",0
"PMS2P6",0
"PMS2P5",0
"HNRNPA1P8",0
"YWHAEP1",0
"SEPTIN7P3",0
"NCF1C",0
"STRADBP1",0
"ATP5PBP3",0
"ZNF734P",0
"TNRC18P2",0
"PSPHP1",0
"VN1R25P",0
"RBM22P3",0
"AZGP1P2",0
"TRIM60P17",0
"GUSBP6",0
"MTND4P2",0
"MTND4LP2",0
"MTND3P2",0
"MTCO3P8",0
"MTATP6P18",0
"MTCO2P8",0
"MTCO1P8",0
"MTND2P4",0
"MTND1P2",0
"AGK-DT",0
"PPP2R3B",0
"RPL14P5",0
"MTND6P12",0
"HADHBP1",0
"DRAXINP1",0
"VCX2",0
"ANAPC15P1",0
"NOLC1P1",0
"IL3RA",0
"P2RY8",0
"MTCYBP12",0
"RPL6P30",0
"SLC25A6",0
"AMELX",0
"DHRSX-IT1",0
"DHRSX",0
"SHROOM2",0
"RARRES2P3",0
"ASMTL",0
"FAM9CP1",0
"RPL24P9",0
"FAM9B",0
"HIKESHIP1",0
"GOT2P7",0
"FAM9A",0
"LINC00685",0
"GRPR",0
"TMSB10P2",0
"RPL35AP37",0
"CLDN7P1",0
"TMEM47",0
"MDM4P1",0
"BRK1P1",0
"SRSF2P1",0
"SMPX",0
"SYTL5",0
"LINC01283",0
"METTL1P1",0
"SC4MOP",0
"PLLPP1",0
"RPS15AP40",0
"HMGB1P16",0
"PGAM1P7",0
"MKI67P1",0
"H2AP",0
"MOB1AP2",0
"SIAH1P1",0
"MAGEB17",0
"RPP40P1",0
"FAM47B",0
"CTNNBL1P1",0
"PYY3",0
"NANOGP10",0
"NFYCP1",0
"CCNYL5",0
"MAGEB10",0
"ITIH6",0
"FAM236B",0
"NDP",0
"YWHAZP7",0
"AKAP4",0
"MAOB",0
"YWHAZP8",0
"KPNA4P1",0
"FOXR2",0
"HNRNPDP1",0
"PHKA1-AS1",0
"SMIM15P1",0
"DGKK",0
"SPIN4-AS1",0
"RPL23AP83",0
"PSMA5P1",0
"EDA2R",0
"TERF1P7",0
"KRT8P27",0
"SFR1P2",0
"HNRNPH3P1",0
"PCNPP4",0
"XAGE2",0
"TPMTP4",0
"SAR1AP4",0
"FGF16",0
"P2RY10BP",0
"CPXCR1",0
"HMGN1P34",0
"TUBB4BP8",0
"SETP4",0
"CALM1P1",0
"CORO1CP1",0
"EIF3MP1",0
"UBE2V1P7",0
"CYCSP43",0
"UBE2V1P9",0
"PABPC5",0
"PABPC1L2A",0
"SRIP2",0
"ARL13A",0
"COPS8P1",0
"SHC1P1",0
"STAU2P1",0
"PPATP2",0
"HNRNPDLP3",0
"FCF1P9",0
"RPS29P28",0
"TEX101P1",0
"B3GNT2P1",0
"KLHL4",0
"CAPZA1P3",0
"RPL6P29",0
"WBP11P3",0
"USP37P1",0
"FOXN3P2",0
"BUD31P2",0
"PAICSP7",0
"MRPS22P1",0
"RNF19BPX",0
"RTL3",0
"POMPP1",0
"BRAFP1",0
"USP12PX",0
"PDK1P2",0
"TGIF2LX",0
"ACTR3P2",0
"KRT18P11",0
"DLGAP5P2",0
"OOEPP1",0
"GTF3C6P1",0
"CSGALNACT2P1",0
"HK2P1",0
"BRDTP1",0
"NDUFA5P7",0
"TEX13B",0
"HNRNPDLP1",0
"C3orf49P1",0
"VDAC1P3",0
"XRCC6P5",0
"MAGEE2",0
"CCNB1IP1P3",0
"NT5DC1P1",0
"XK",0
"SERPINA7P1",0
"RPL34P36",0
"NLRP2B",0
"AP2B1P1",0
"MYCLP2",0
"TATDN2P1",0
"AWAT2",0
"TUSC2P2",0
"TUBAP6",0
"CCNB3",0
"ACTRT1P1",0
"POU3F4",0
"EIF3JP1",0
"SNX3P1X",0
"FAM236C",0
"TPT1P13",0
"KRT8P17",0
"MDH1P1",0
"MTCYBP31",0
"CYLC1",0
"RIPPLY1",0
"MTND4P31",0
"PGAM4P1",0
"FDPSP5",0
"DPRXP6",0
"RPL36P18",0
"TMEM230P1",0
"TMEM184CP1",0
"RPL7AP72",0
"NLRP7P1",0
"IMPDH1P4",0
"DCAF8L1",0
"RPL22P22",0
"SPIN4",0
"RRM2P3",0
"PCNAP3",0
"RPL7P55",0
"PRPF4BP1",0
"DCAF12L2",0
"COX6CP12",0
"OTUD6A",0
"UBE2V1P16",0
"PNPLA10P",0
"SPRYD7P1",0
"GEMIN8P3",0
"CAPZA1P1",0
"RPS7P13",0
"CBLL1P1",0
"MAGEC2",0
"VKORC1P1",0
"DUTP4",0
"PHF5AP4",0
"OR11Q1P",0
"BTG3P1",0
"H2BP8",0
"TFDP3",0
"SNURFL",0
"MTND4LP1",0
"OR5BH1P",0
"YAP1P2",0
"SPANXN3",0
"CT47A12",0
"KRT18P44",0
"HAX1P1",0
"OR7L1P",0
"TUBB4AP1",0
"ORC1P1",0
"SKP2P1",0
"PWWP3B",0
"STK24P1",0
"LINC01282",0
"SRD5A1P1",0
"CTDSPL2P2",0
"PLS3-AS1",0
"BRS3",0
"ASB12",0
"CT47A11",0
"UFM1P1",0
"ZIC3",0
"RPL32P35",0
"RPL3P12",0
"SPANXC",0
"SPANXN1",0
"PNMA6B",0
"MAGEC3",0
"TRMT1P1",0
"MTND4P24",0
"OR11N1P",0
"HSFX1",0
"CMC4",0
"AFF2-IT1",0
"M6PRP1",0
"PGBD4P6",0
"ZFYVE9P1",0
"MAGEA8",0
"CT47A7",0
"HNRNPH1P2",0
"MTND1P33",0
"RBMX2P2",0
"MAGEA11",0
"GPR50",0
"FAM226B",0
"PASD1",0
"PNMA6F",0
"NDUFB3P5",0
"RPL36AP52",0
"SPANXD",0
"MTND2P39",0
"RRM2P4",0
"RNF128",0
"ELL2P4",0
"VGLL1",0
"MAGEC1",0
"LHFPL1",0
"NAB1P1",0
"HNRNPCP10",0
"HDGFP1",0
"PRR32",0
"TCERG1P1",0
"CXorf51B",0
"HMGB3P30",0
"DCAF12L1",0
"SETP8",0
"CBX1P1",0
"OR1AA1P",0
"TJAP1P1",0
"RUVBL2P1",0
"CSGALNACT2P2",0
"IL13RA2",0
"PHKA1",0
"CD84P1",0
"MATR3P1",0
"PKMP2",0
"HMGN2P48",0
"SLIRPP1",0
"SLC6A14P2",0
"SLC6A14P1",0
"ACTBP1",0
"CT83",0
"OR13K1P",0
"SPANXA2",0
"RNU6-114P",0
"MIR651",0
"SNORA48B",0
"MIR4770",0
"MIR548AX",0
"RNU6-146P",0
"MIR548AM",0
"RNA5SP499",0
"RN7SKP183",0
"RNU6-133P",0
"RNU6-641P",0
"RNU6-49P",0
"MIR548AJ2",0
"RNU6-1087P",0
"RN7SL732P",0
"MIR3937",0
"RNU7-164P",0
"RNU6-1124P",0
"RNU6-630P",0
"RNU6-50P",0
"SNORA11",0
"MIR532",0
"MIR188",0
"MIR500A",0
"MIR362",0
"MIR501",0
"MIR500B",0
"MIR660",0
"MIR502",0
"RN7SL799P",0
"MIR223",0
"MIR8088",0
"MIR4536-2",0
"MIR676",0
"RNU6-562P",0
"MIR4536-1",0
"RNA5SP509",0
"MIR4328",0
"RN7SL790P",0
"MIR1321",0
"RNU2-26P",0
"RNU6-332P",0
"RNA5SP510",0
"MIR548M",0
"MIR384",0
"MIR325",0
"RNU1-112P",0
"RNA5SP508",0
"MIR361",0
"RNU6-974P",0
"RNU6-995P",0
"RNU6-345P",0
"RNU6-493P",0
"RNU6-394P",0
"RN7SKP194",0
"RNU6-309P",0
"RNU6-648P",0
"RN7SL74P",0
"SNORA35B",0
"RNU6-555P",0
"RN7SL379P",0
"RNU6-1323P",0
"MIR548AN",0
"RNU6-154P",0
"MIR3672",0
"RNU6-1015P",0
"RN7SKP31",0
"MIR934",0
"RN7SKP149",0
"RNA5SP517",0
"RNA5SP516",0
"MIR514A2",0
"MIR514A1",0
"RN7SKP81",0
"MIR320D2",0
"RN7SL325P",0
"MIR892C",0
"MIR514A3",0
"MIR890",0
"RNU6-985P",0
"MIR888",0
"MIR892A",0
"MIR892B",0
"MIR891B",0
"RNU1-115P",0
"MIR510",0
"MIR891A",0
"MIR4330",0
"RN7SKP267",0
"RN7SKP189",0
"MIR513C",0
"MIR513B",0
"MIR513A1",0
"MIR513A2",0
"MIR506",0
"MIR507",0
"MIR508",0
"MIR514B",0
"MIR509-2",0
"MIR509-3",0
"MIR509-1",0
"RNU6-382P",0
"RN7SL785P",0
"SNORA11C",0
"MIR4769",0
"SMSP1",0
"RPL7P57",0
"ITGB1BP2",0
"SOCS6P1",0
"SRD5A2P1",0
"H2AB3",0
"AMD1P2",0
"DPH3P2",0
"VAMP7",0
"ELOCP24",0
"TRPC6P1",0
"DDX11L16",0
"OPN1LW",0
"OPN1MW",0
"TEX28P1",0
"TEX28P3",0
"SNORA70",0
"MIR6858",0
"RN7SL697P",0
"ATF4P2",0
"HMGA1P1",0
"RNU1-142P",0
"RAB9B",0
"RNA5SP511",0
"H2BP9",0
"ELF2P1",0
"SLC25A53P1",0
"DPPA3P1",0
"MSL3-DT",0
"FRMPD4-AS1",0
"RPL17P49",0
"RN7SKP290",0
"MRPL35P4",0
"TLR8-AS1",0
"RBM22P6",0
"XAGE1A",0
"RBM22P7",0
"SSX14P",0
"SSX11P",0
"SSX7",0
"RNA5SP504",0
"SSX15P",0
"S100A11P10",0
"S100A11P8",0
"SSX21P",0
"EIF4A2P4",0
"PPIHP2",0
"QTRT1P1",0
"RNU1-57P",0
"RN7SL93P",0
"CBX1P4",0
"MIR4768",0
"NHS-AS1",0
"CHP1P3",0
"FAM136GP",0
"PABPC1L2B",0
"RBMXL3",0
"SSX2B",0
"FAM236A",0
"ZNF157",0
"RNA5SP502",0
"SHISA5P1",0
"GEMIN7P1",0
"RNU6-1321P",0
"RPS15AP39",0
"RNU6-202P",0
"FABP5P15",0
"RNU6-854P",0
"RN7SL460P",0
"SSX19P",0
"S100A11P9",0
"SSX3",0
"SSX4",0
"RNU6-800P",0
"VEGFD",0
"MIR6895",0
"MIR6894",0
"RPSAP62",0
"MPV17L2P1",0
"MIR6857",0
"TIPINP1",0
"VTRNA3-1P",0
"EEDP1",0
"RPS17P17",0
"SOX3",0
"DUSP9",0
"RPL18AP16",0
"RN7SL687P",0
"SRPK3",0
"CYCSP45",0
"MIR3202-1",0
"MIR3202-2",0
"RNU6-934P",0
"RPL36A-HNRNPH2",0
"KRT18P48",0
"RNU1-56P",0
"CXorf65",0
"MIRLET7F2",0
"PABPC1P3",0
"RNU6-330P",0
"NEXMIF",0
"RN7SL291P",0
"DUSP21",0
"GAPDHP67",0
"E2F6P4",0
"KRT18P49",0
"GAGE2E",0
"GAGE12B",0
"SALL1P1",0
"PAGE1",0
"MIR2114",0
"RPL7P56",0
"TCEAL3-AS1",0
"TMEM31",0
"HSPB1P2",0
"ZNF630",0
"ZNF630-AS1",0
"RNU6-707P",0
"SSX13P",0
"S100A11P5",0
"RNA5SP503",0
"SSX20P",0
"S100A11P7",0
"SLITRK2",0
"TNMD",0
"RAD21P1",0
"SPIN2P1",0
"RNU6-935P",0
"ARHGAP36",0
"RN7SL191P",0
"NXF2",0
"TMSB15A",0
"CTHRC1P1",0
"BMX",0
"RNU5F-7P",0
"SETP15",0
"ALAS2",0
"HDGFL3P1",0
"PAGE2B",0
"MTCO1P52",0
"MTND2P24",0
"MTND1P30",0
"CLTRN",0
"MIR4329",0
"RN7SL266P",0
"ATF4P1",0
"OR3B1P",0
"RNA5SP514",0
"AGKP2",0
"AP1M2P1",0
"CKS1BP6",0
"PCYT1B",0
"H2BP7",0
"PCYT1B-AS1",0
"SCARNA23",0
"ARX",0
"PAFAH1B2P1",0
"RN7SL91P",0
"WASH6P",0
"ARHGEF9-IT1",0
"BTF3P8",0
"MIR1468",0
"ZCCHC18",0
"PAGE5",0
"SSX1",0
"MID2",0
"TEX11",0
"RN7SL712P",0
"AKR1B1P8",0
"AGTR2",0
"SALL4P2",0
"ESX1",0
"PLCXD1",0
"CTAG1A",0
"XPNPEP2",0
"CHRDL1",0
"FCF1P4",0
"GLUD1P9",0
"RNU6-496P",0
"HMGB1P12",0
"ATP1B4",0
"RNU7-37P",0
"GLRX5P1",0
"MGAT2P2",0
"CT45A3",0
"CT45A6",0
"CT45A2",0
"CT45A8",0
"CT45A9",0
"MIR505",0
"CXorf66",0
"RN7SL727P",0
"SNORD96B",0
"AMMECR1-IT1",0
"AKAP14",0
"MIR1587",0
"RPS11P7",0
"IMPDH1P2",0
"FTHL17",0
"RNU6-894P",0
"RNA5SP501",0
"MIR3915",0
"MIR548F5",0
"DMD-AS3",0
"RN7SL667P",0
"RNU6-1225P",0
"AKIRIN1P2",0
"RNU6-245P",0
"SSX5",0
"CLDN2",0
"MAGEB18",0
"MAGEB6",0
"MAGEB5",0
"ATXN7L3P1",0
"EIF4BP9",0
"MTFR1P1",0
"RPL30P15",0
"MIR6086",0
"RN7SKP20",0
"RNU4-52P",0
"RN7SL262P",0
"MAGEA9",0
"CT47A10",0
"CT47A9",0
"CT47A8",0
"CT47A6",0
"CT47A5",0
"CT47A4",0
"CT47A3",0
"CT47A2",0
"HSFX2",0
"NCLP2",0
"SMIM10L2B",0
"ETDB",0
"CT55",0
"ETDA",0
"ETDC",0
"SMIM10L2A",0
"RNA5SP515",0
"WDR4P1",0
"H2AB1",0
"EEF1A1P31",0
"ZNF622P1",0
"H3P45",0
"RNU6-589P",0
"BEND7P1",0
"ARMCX5-GPRASP2",0
"GPRASP3",0
"GAPDHP77",0
"MFN1P1",0
"RPS5P7",0
"H2AB2",0
"TREX2",0
"AKR7A2P2",0
"COBLP1",0
"ARSF",0
"RN7SL578P",0
"RPS24P21",0
"MTND1P32",0
"MTND2P2",0
"MTCO1P19",0
"MTATP6P19",0
"MTCO3P19",0
"MTND4P32",0
"MTND5P26",0
"MTND6P32",0
"MTCYBP32",0
"RNU6-1130P",0
"GPR119",0
"CYTH1P1",0
"METTL15P3",0
"RNU6-266P",0
"MAGEB4",0
"PLCE1P1",0
"MIR224",0
"MIR452",0
"FRMPD3",0
"FXYD6P3",0
"SHISA5P2",0
"DDX3P1",0
"DDX3P2",0
"MKRN5P",0
"RPL32P36",0
"TRMT2B-AS1",0
"TMEM35A",0
"CENPI",0
"YWHAQP8",0
"MAGEB1",0
"OR13H1",0
"SPACA5B",0
"MAGEB3",0
"CXorf49B",0
"OPN1MW2",0
"MAGEA9B",0
"FAM236D",0
"ACTRT1",0
"CXorf49",0
"CTAG1B",0
"CTAG2",0
"PAGE3",0
"SSX4B",0
"CT47A1",0
"MPC1L",0
"DMRTC1B",0
"ZBED1",0
"MIR6089",0
"LINC00102",0
"XG",0
"MRPL32P2",0
"ZFP92",0
"H2BW1",0
"CT45A10",0
"PDZD4",0
"PCDH11X",0
"PNMA3",0
"DMRTC1",0
"FAM133A",0
"F9",0
"FATE1",0
"MAGEA4",0
"RPSAP60",0
"TPMTP3",0
"SNORA11E",0
"MAGED4",0
"SNORA11D",0
"RNU6-203P",0
"RPSAP63",0
"GPC3-AS1",0
"FMR1NB",0
"RNA5SP524",0
"MAGEA10",0
"XAGE3",0
"GPRASP2",0
"ASS1P4",0
"GAGE12C",0
"GAGE12D",0
"GAGE12F",0
"GAGE12E",0
"GAGE12G",0
"GAGE12H",0
"GAGE1",0
"GAGE10",0
"GAGE12J",0
"GAGE13",0
"MAGEA3",0
"MAGEA2B",0
"CSAG1",0
"MAGEA12",0
"MAGEA2",0
"PPIAP91",0
"MORF4L1P5",0
"LPAR4",0
"NT5DC1P2",0
"MIR450B",0
"MIR450A1",0
"MIR450A2",0
"MIR542",0
"MIR503",0
"MIR424",0
"PLAC1",0
"RPL21P133",0
"RPS7P12",0
"RNU4-44P",0
"MRPS18CP7",0
"RNA5SP505",0
"RPL37P24",0
"RPL7AP71",0
"NYX",0
"COL4A6",0
"ATXN3L",0
"VCX3B",0
"VCX3A",0
"RNU6-122P",0
"ZIK1P1",0
"HSPA8P20",0
"TEX13D",0
"NPM1P34",0
"CNGA2",0
"FABP5P13",0
"KRT18P53",0
"SHOX",0
"RPS27AP17",0
"MIR4767",0
"CT47B1",0
"HAPSTR2",0
"FAM156B",0
"DCAF8L2",0
"MAGEA6",0
"MAGED4B",0
"SSX2",0
"VCX",0
"SERTM2",0
"RNU6-1189P",0
"RNU12-2P",0
"MYCLP1",0
"GJA6P",0
"BLOC1S6P1",0
"HAUS1P2",0
"SUPT20HL1",0
"RNU6-1056P",0
"GLOD5",0
"RNU6-29P",0
"ERAS",0
"SNORA11G",0
"SUPT20HL2",0
"SNRPEP9",0
"RNU6-30P",0
"RNU6-587P",0
"HMGN1P33",0
"TCEAL2",0
"NCBP2L",0
"RPS26P56",0
"RNA5SP513",0
"SNORA36A",0
"MIR664B",0
"SNORA56",0
"SMIM9",0
"ARL5AP1",0
"KIAA1210",0
"XAGE1B",0
"CXorf51A",0
"SPACA5",0
"CT45A7",0
"SPIN2A",0
"SHROOM4",0
"MAP7D2",0
"MIR23C",0
"EIF1AX-AS1",0
"RNU6-98P",0
"HS6ST2-AS1",0
"NAA20P1",0
"USP26",0
"TMSB15B-AS1",0
"HS6ST2",0
"SPRY3",0
"H2AL1Q",0
"DGAT2L6",0
"RN7SL581P",0
"AWAT1",0
"RNA5SP507",0
"ARR3",0
"TRAPPC2LP1",0
"RNY4P23",0
"RNU4-81P",0
"RNU6-320P",0
"RNU6-972P",0
"SNORD61",0
"RTL4",0
"DPRXP7",0
"CCDC121P1",0
"FBLIM1P1",0
"TEX13C",0
"MIR3690",0
"RNA5SP498",0
"TPT1P14",0
"NPM1P9",0
"GRPEL2P2",0
"BLOC1S2P1",0
"NANOGP9",0
"MRPL32P1",0
"FAM47C",0
"FTH1P29",0
"NUDT19P6",0
"LINC03098",0
"MRPS17P9",0
"RN7SL118P",0
"EIF5P2",0
"SLC7A3",0
"MAGEA1",0
"PWWP4",0
"CT47C1",0
"TNPO3P1",0
"RPL36AP53",0
"SNORA35",0
"MIR1912",0
"MIR1264",0
"MIR1298",0
"MIR1911",0
"MIR448",0
"RPS26P57",0
"RN7SL190P",0
"RNU7-69P",0
"CHCHD2P1",0
"TUBB4BP3",0
"RPL12P43",0
"SAGE4P",0
"SAGE3P",0
"SAGE2P",0
"CT45A1",0
"MGAT2P1",0
"CT45A5",0
"ACE2",0
"TCP11X1",0
"TCP11X2",0
"CRIPTO3",0
"GATA1",0
"RPL18AP15",0
"RNA5SP512",0
"TRPC5OS",0
"MIR548I4",0
"SPANXN4",0
"OPN1MW3",0
"H2AL3",0
"MAGEB6B",0
"SPANXA1",0
"NXF2B",0
"SPANXN2",0
"TMSB15C",0
"NR0B1",0
"RPL12P49",0
"RNU4-6P",0
"SLC35C2P1",0
"CBX1P2",0
"RNU6-616P",0
"HMGB3P31",0
"RHOXF2B",0
"RHOXF1",0
"SFR1P1",0
"RNU6-1078P",0
"TPT1P15",0
"CITED1",0
"RNU6-383P",0
"CXXC1P1",0
"TMLHEP1",0
"SSX8P",0
"SSX9P",0
"SSX6P",0
"TCP11X3P",0
"CA5BP1",0
"NXF5",0
"NXF4",0
"CSAG4",0
"MAGEA5P",0
"CD99P1",0
"TM9SF5P",0
"RHOXF1P1",0
"PNMA6E",0
"SNORD3E",0
"WASHC3P1",0
"HNRNPA1P27",0
"NSA2P3",0
"XKRX",0
"MAGEA13P",0
"KRT8P6",0
"H2AQ1P",0
"MIR504",0
"TPM2P1",0
"GLRA2",0
"ZCCHC12",0
"DCX",0
"RNU6-1044P",0
"CDX4",0
"MORF4L1P6",0
"RPL7P53",0
"BMP2KL",0
"MIR421",0
"MIR374B",0
"MIR374C",0
"MIR545",0
"MIR374A",0
"ZCCHC13",0
"RPS6P26",0
"LNX2BP",0
"H2BW2",0
"MIR6134",0
"H3P43",0
"RNA5SP500",0
"MIR4666B",0
"PIGFP3",0
"IL1RAPL2",0
"PHB1P10",0
"RPL18AP14",0
"TEX13A",0
"KCTD9P2",0
"RNU6-207P",0
"SERPINA7",0
"RPL21P132",0
"FAM223B",0
"MIR363",0
"MIR92A2",0
"MIR19B2",0
"MIR20B",0
"MIR18B",0
"MIR106A",0
"CRLF2",0
"XAGE5",0
"RNA5SP525",0
"RNU6-764P",0
"MIR105-1",0
"MIR767",0
"MIR105-2",0
"KRT8P8",0
"NAP1L6P",0
"MRFAP1P1",0
"DENND10P1",0
"VENTXP1",0
"C4orf46P2",0
"NKAPP1",0
"MAP2K4P1",0
"PFN5P",0
"ECMXP",0
"GLRA4",0
"CHMP1B2P",0
"RNU6-434P",0
"OTC",0
"CRIPTOP1",0
"BAG1P1",0
"FTLP16",0
"UBTFL11",0
"RNU7-7P",0
"PAGE4",0
"CPSF1P2",0
"RNU6-421P",0
"NCKAP1P1",0
"KPNB1P1",0
"HMGN1P35",0
"MAGEA3-DT",0
"CSAG2",0
"CSAG3",0
"KRT8P14",0
"MFFP3",0
"MIR221",0
"MIR222",0
"SRSF6P1",0
"MED28P4",0
"KRT18P68",0
"DDX53",0
"PDCL2P1",0
"EEF1A1P40",0
"SMIM10L2B-AS1",0
"AMZ2P3",0
"PTP4A1P5",0
"PPP4R3C",0
"H3P44",0
"BMP15",0
"MTHFD1P1",0
"NUDT19P2",0
"RAB40A",0
"AKAP17A",0
"ASMT",0
"CSF2RA",0
"KCND1",0
"CBLL2",0
"ARL5AP5",0
"MMADHCP1",0
"RNU6-867P",0
"ASMTL-AS1",0
"ACE2-DT",0
"IRS4-AS1",0
"LINC00106",0
"LINC02243",0
"PINCR",0
"LINC01281",0
"LINC02601",0
"MIR325HG",0
"LINC02927",0
"LINC03077",0
"LINC03053",0
"DLG3-AS1",0
"USP27X-DT",0
"LINC00891",0
"LINC01546",0
"MIR106AHG",0
"PABPC1L2B-AS1",0
"LINC01285",0
"MAGEB17-AS1",0
"SYP-AS1",0
"LINC03113",0
"LINC01201",0
"LINC01186",0
"LINC03114",0
"UBE2DNL",0
"LINC00269",0
"PPEF1-AS1",0
"LINC02968",0
"RHOXF1-AS1",0
"GPR50-AS1",0
"MAGEA4-AS1",0
"FRMPD3-AS1",0
"DANT1",0
"LINC03112",0
"LINC01456",0
"WASIR1",0
"IL9R",0
"NUDT10",0
"EZHIP",0
"LINC01496",0
"CENPVL3",0
"CENPVL2",0
"CENPVL1",0
"IPO7P1",0
"UQCR10P1",0
"GTPBP6",0
"FTH1P14",0
"GOT2P6",0
"UQCRBP1",0
"MKRN4P",0
"NLRP3P1",0
"OR2AF1P",0
"ASS1P5",0
"MCRIP2P1",0
"NAP1L4P2",0
"RHOG2P",0
"TEX28P2",0
"SOCS5P4",0
"RANP4",0
"CNEP1R1P1",0
"S100A11P6",0
"SSX18P",0
"PPIAP89",0
"IKBKGP1",0
"RPSAP14",0
"AARSD1P1",0
"VN1R110P",0
"FTHL18P",0
"AKAP17BP",0
"MEMO1P4",0
"RHOXF1P2",0
"H2BW3P",0
"HMGB1P15",0
"FTH1P28",0
"FTH1P19",0
"FTH1P27",0
"FAM47DP",0
"LANCL3",0
"H2AL1MP",0
"RPL23AP54",0
"TMEM97P2",0
"LINC03023",0
"WBP1LP3",0
"MRPL49P2",0
"HSPA8P13",0
"SINHCAFP3",0
"CCT3P1",0
"HMGB1P23",0
"RPL10P18",0
"ADRA1A",0
"MTND5P41",0
"RPL23P10",0
"MTCYBP19",0
"PSME2P5",0
"MTND6P20",0
"SNX18P27",0
"COX6B1P4",0
"ENTPD4-DT",0
"ATP6V1G1P2",0
"RFPL4AP7",0
"NDUFA5P12",0
"RPL6P22",0
"PNMA2",0
"CYCSP22",0
"SNTG1",0
"BUD31P1",0
"KCTD9P6",0
"ZMAT4",0
"IGLV8OR8-1",0
"MRPL9P1",0
"VENTXP6",0
"COX6CP8",0
"IFITM8P",0
"C8orf34",0
"REXO1L5P",0
"RLIG1P3",0
"DPPA3P9",0
"REXO1L11P",0
"RPL13AP18",0
"HIGD1AP18",0
"RPL31P40",0
"REXO1L8P",0
"SLC2A13P1",0
"ACTBP6",0
"TPM3P3",0
"PSKH2",0
"PRDM14",0
"RPS15AP25",0
"HAUS1P3",0
"JCHAINP1",0
"REXO1L4P",0
"PSMA2P2",0
"PSMC2P2",0
"STAU2-AS1",0
"TRIM60P15",0
"RPS23P1",0
"DCAF4L2",0
"RPL6P23",0
"SLC7A13",0
"RPS4XP10",0
"REXO1L12P",0
"RPS29P2",0
"HSPA8P11",0
"TMEM69P1",0
"REXO1L10P",0
"UFM1P3",0
"CYP4F44P",0
"KCNV1",0
"MTCYBP20",0
"GAPDHP30",0
"BRIX1P1",0
"RPL10AP3",0
"RPL7L1P17",0
"CHRNB3",0
"CLXN",0
"SRSF3P2",0
"UBE2HP1",0
"KCNS2",0
"BTF3P1",0
"REXO1L9P",0
"RPL30P10",0
"SUMO2P18",0
"SDCBPP2",0
"RPS12P15",0
"RPL31P41",0
"REXO1L2P",0
"TMEM74",0
"FER1L6-AS1",0
"MRPS36P3",0
"FBXO43",0
"SUMO2P19",0
"EEF1A1P37",0
"NDUFS5P6",0
"RPL29P18",0
"CYCSP23",0
"ODF1",0
"RPL17P31",0
"NDUFA5P2",0
"LINC03084",0
"RPS20P20",0
"RPL30P16",0
"TRMT10BP1",0
"PRXL2AP2",0
"NACAP10",0
"PPIAP86",0
"TRAPPC2P2",0
"PGAM1P13",0
"BHLHE22",0
"MAL2",0
"NDUFB9P3",0
"KCNB2",0
"TMCC1P1",0
"RPS26P35",0
"PREX2",0
"COLEC10",0
"RPL36AP31",0
"CARS1P2",0
"RPSAP74",0
"LINC01299",0
"KRT8P4",0
"RPL32P4",0
"LY6D",0
"GML",0
"TMX1P2",0
"H2AZP7",0
"SLURP2",0
"CYP11B2",0
"ZNHIT1P1",0
"RPL21P78",0
"SLURP1",0
"ADCY8",0
"MAPK6P1",0
"KNOP1P5",0
"BAALC",0
"DNAJC8P3",0
"RPL21P79",0
"RPL19P14",0
"MTCO1P47",0
"TRIM55",0
"CRH",0
"HAS2",0
"DUTP2",0
"RN7SKP159",0
"RN7SL318P",0
"RNA5SP251",0
"RN7SL474P",0
"RNU6-336P",0
"RNU7-153P",0
"RNU6-397P",0
"MIR383",0
"RNU4-71P",0
"MIR3148",0
"RN7SL621P",0
"RNU6-1218P",0
"RNA5SP260",0
"MIR548H4",0
"RNA5SP258",0
"RN7SL457P",0
"RNU6-528P",0
"RNU6-533P",0
"SNORD65B",0
"RNU6-295P",0
"RN7SKP32",0
"RNU6-356P",0
"SNORD13",0
"RNA5SP531",0
"RN7SKP294",0
"MIR548AO",0
"RNU6-895P",0
"RNU6-819P",0
"RNA5SP267",0
"RNU6-596P",0
"RNU6-13P",0
"RN7SL675P",0
"RNA5SP266",0
"RN7SKP29",0
"MIR124-2",0
"RN7SL19P",0
"RNU6-656P",0
"RN7SL203P",0
"RNA5SP271",0
"RNA5SP269",0
"RNA5SP270",0
"RNU2-54P",0
"RNA5SP272",0
"MIR5708",0
"RNU6-1040P",0
"RNU6-1172P",0
"RNU6-690P",0
"MIR378D2",0
"RN7SL685P",0
"RNU6-1220P",0
"RNU6-703P",0
"SNORD3H",0
"RNA5SP274",0
"RNU6-748P",0
"RN7SL41P",0
"SNORD77B",0
"RNU6ATAC8P",0
"RNU6-914P",0
"RNU6-1224P",0
"MIR5680",0
"RNA5SP276",0
"RNU6-12P",0
"RN7SKP155",0
"RNU7-67P",0
"RN7SL228P",0
"RN7SL826P",0
"MIR2053",0
"RN7SKP226",0
"RNU6-875P",0
"MIR548AZ",0
"MIR548D1",0
"MIR548AA1",0
"RNU4-83P",0
"RNU4-37P",0
"MIR3149",0
"MIR1208",0
"MIR1302-7",0
"RNU6-442P",0
"NPBWR1",0
"MIR1205",0
"RNVU1-32",0
"MIR1206",0
"RNU4-25P",0
"MIR1207",0
"LINC02912",0
"LINC00208",0
"RNA5SP264",0
"HIGD1AP6",0
"PKMP4",0
"DPPA3P7",0
"JPH1",0
"MIR5681A",0
"MIR5681B",0
"MIR2052",0
"MTND4LP26",0
"XRCC6P4",0
"SRPK2P",0
"TTPA",0
"TARDBPP4",0
"RN7SL135P",0
"MIR6841",0
"RN7SKP206",0
"MIR3686",0
"MTRF1LP2",0
"MIR7112",0
"MIR6848",0
"SCRT1",0
"MIR939",0
"MIR1234",0
"MIR6849",0
"NATP",0
"GPR20",0
"SNORD54",0
"RNU1-124P",0
"VN1R46P",0
"POTEA",0
"RNU6-104P",0
"PPDPFL",0
"TCF24",0
"RNA5SP268",0
"MAPK15",0
"MIR4664",0
"MIR937",0
"MIR6845",0
"MIR661",0
"MIR6846",0
"MIR6847",0
"TSSK5P",0
"C8orf44-SGK3",0
"PTTG3P",0
"SNORD87",0
"TRHR",0
"MAPK6P5",0
"MIR7705",0
"RNU6ATAC41P",0
"AURKBP1",0
"RPS17P14",0
"SNORD38D",0
"RPL17P30",0
"MIR6844",0
"MIR4662B",0
"MIR4662A",0
"MRS2P1",0
"HIKESHIP3",0
"FGF17",0
"PIWIL2",0
"RPL21P77",0
"MRPL57P7",0
"MSL3P3",0
"MIR599",0
"MIR875",0
"RN7SL350P",0
"NTAN1P2",0
"MIOXP1",0
"UBE2Q2P10",0
"GOLGA2P1",0
"OR7E96P",0
"VPS51P16",0
"MIR548I3",0
"RPS3AP31",0
"SNRPCP17",0
"SLC16A14P1",0
"MIR4288",0
"RNA5SP259",0
"INTS9-AS1",0
"RPL12P24",0
"HMGB1P46",0
"SDR16C5",0
"RN7SKP175",0
"ADI1P2",0
"SMARCE1P4",0
"RN7SL395P",0
"MIR6850",0
"TMED10P1",0
"SUMO2P16",0
"RPL19P13",0
"RN7SL293P",0
"RNU6-1084P",0
"VPS51P12",0
"RNA5SP253",0
"DEFB108D",0
"USP17L7",0
"MIR3674",0
"MIR596",0
"MIR7160",0
"DEFB135",0
"DPYS",0
"KLHL38",0
"MIR8055",0
"MIR4659A",0
"MIR4659B",0
"GATA4",0
"RPL26P26",0
"RNA5SP254",0
"DEFB108E",0
"ZNF705CP",0
"FAM90A25P",0
"MIR3610",0
"AARD",0
"RN7SL303P",0
"CHILL1",0
"RPL23AP55",0
"MIR6893",0
"TONSL-AS1",0
"RGS22",0
"C8orf89",0
"RN7SKP153",0
"RN7SL760P",0
"GYG1P1",0
"RPS20P21",0
"DSTNP3",0
"RPS3AP32",0
"RNU6-1197P",0
"PPP1R42",0
"RPL34P17",0
"ALKAL1",0
"HMGB1P19",0
"FAM83A-AS2",0
"MIR4663",0
"FAM83A",0
"MIR548V",0
"STMN4",0
"PMP2",0
"FABP9",0
"NIPA2P4",0
"RPS26P34",0
"SLC10A5",0
"KRT18P37",0
"USP17L2",0
"RNA5SP261",0
"RNA5SP262",0
"RNA5SP263",0
"RNU6-663P",0
"MTND2P32",0
"RANP9",0
"RNU6-519P",0
"RNU6-869P",0
"RNU11-4P",0
"CCAT2",0
"MIR151A",0
"RNA5SP278",0
"ZNF705D",0
"FGF20",0
"LINC02933",0
"PTMAP15",0
"CPP",0
"MIR4661",0
"COX6B1P6",0
"RNU6-925P",0
"RNU6-1209P",0
"MIR3150B",0
"MIR3150A",0
"RNU6-665P",0
"RNU6-144P",0
"ZYXP1",0
"PPM1AP1",0
"RNU6-607P",0
"RN7SL709P",0
"GOT1L1",0
"RNU6-988P",0
"RNU6-323P",0
"RNU5A-3P",0
"CHRNA2",0
"GULOP",0
"MIR6843",0
"SCARA3",0
"RNU6-1086P",0
"MIR3622B",0
"MIR3622A",0
"RNU6-1276P",0
"MIR4287",0
"FBXO16",0
"RNU6-178P",0
"RNU1-148P",0
"RPL15P12",0
"RNU6-1255P",0
"VXN",0
"RNU6-1324P",0
"RNU2-71P",0
"SLC25A51P3",0
"RN7SL107P",0
"RN7SL308P",0
"HMGB1P41",0
"SNRPCP6",0
"RPS3AP33",0
"VPS51P8",0
"OR7E125P",0
"FAM90A4P",0
"USP17L4",0
"ZNF705G",0
"DEFB103B",0
"DEFB104B",0
"DEFB106B",0
"DEFB107B",0
"PRR23D1",0
"FAM90A6P",0
"OR7E157P",0
"VPS51P15",0
"VPS51P9",0
"OR7E154P",0
"PRR23D2",0
"DEFB105A",0
"DEFB106A",0
"DEFB104A",0
"DEFB103A",0
"DEFB4A",0
"ZNF705B",0
"USP17L8",0
"USP17L3",0
"SYBU-AS1",0
"FAM90A23",0
"FAM90A22",0
"FAM90A7",0
"FAM90A8",0
"FAM90A9",0
"FAM90A17",0
"FAM90A18",0
"FAM90A19",0
"FAM90A14",0
"FAM90A16",0
"FAM90A10",0
"SPAG11A",0
"FABP12",0
"VTA1P2",0
"CNBD1",0
"MROH5",0
"C8orf90",0
"CHRNA6",0
"RN7SL806P",0
"MIR4469",0
"RNU7-85P",0
"RNU1-35P",0
"RNU6-756P",0
"MIR486-1",0
"MIR486-2",0
"RN7SL149P",0
"ASNSP1",0
"OR7E161P",0
"IMPA1P1",0
"ALG1L13P",0
"ZNF252P",0
"ADAM24P",0
"SLC7A2-IT1",0
"KRT8P3",0
"RN7SKP97",0
"C4orf46P3",0
"AK3P2",0
"LY6H",0
"GPIHBP1",0
"ANGPT1",0
"DEFA1B",0
"DEFA3",0
"DEFA5",0
"VPS51P14",0
"PRR13P7",0
"MRPS16P1",0
"TMEM276-ZFTRAF1",0
"OPRK1",0
"MIR1204",0
"RNU105C",0
"RN7SL250P",0
"SOX17",0
"TRMT112P7",0
"RPL7L1P18",0
"HPYR1",0
"MIR6876",0
"NAT2",0
"SBF1P1",0
"DEFA11P",0
"DEFA7P",0
"DEFB4B",0
"SPAG11B",0
"FAM90A21P",0
"RNU6-1213P",0
"RNU7-174P",0
"MIR3151",0
"MTCO1P49",0
"COL22A1",0
"DEFB131C",0
"DEFB130B",0
"FAM86B1",0
"MIR30D",0
"RPL23AP56",0
"LINC01591",0
"ENPP7P1",0
"GSDMC",0
"POU5F1B",0
"RNU6-842P",0
"MTND4P7",0
"RNA5SP255",0
"C8orf48",0
"DEFB109C",0
"FAM86B3P",0
"XKR5",0
"RPL23AP96",0
"DEFA6",0
"DEFA4",0
"DEFA9P",0
"DEFA10P",0
"DEFA1",0
"DEFB109B",0
"DEFB108C",0
"DEFB105B",0
"LINC02949",0
"RN7SL178P",0
"RNU6-682P",0
"MIR4660",0
"RNU7-55P",0
"RNU6-1151P",0
"RNU6-526P",0
"MIR124-1",0
"PRSS55",0
"MIR4286",0
"RNA5SP252",0
"PINX1",0
"MIR1322",0
"MIR598",0
"FAM90A2P",0
"RPL23AP53",0
"RPL37P6",0
"REXO1L1P",0
"REXO1L6P",0
"RPS20P22",0
"TPT1P8",0
"TUBBP1",0
"SDAD1P1",0
"DEFB131E",0
"RPL10P19",0
"SDR16C6P",0
"TDH",0
"SMPD5",0
"RPL17P29",0
"RNA5SP273",0
"RN7SKP231",0
"DEFB131D",0
"DEFB130A",0
"VPS51P19",0
"OR7E8P",0
"OR7E10P",0
"MIR5692A2",0
"MIR3926-1",0
"MIR3926-2",0
"TCIM",0
"FAM90A3",0
"FAM90A15",0
"FAM90A13",0
"FAM90A5",0
"FAM90A11",0
"FAM90A12",0
"FAM90A20",0
"RNU6-220P",0
"LINC02990",0
"MIR4472-1",0
"RN7SL260P",0
"MROH4P",0
"RPS27AP13",0
"RNU6-1331P",0
"RNU6ATAC32P",0
"NARS1P2",0
"DEFB136",0
"DEFB134",0
"ADAM3A",0
"RPL7AP80",0
"ADAM5",0
"MIR4471",0
"RN7SKP249",0
"DUXAP2",0
"NACA4P",0
"RN7SL563P",0
"RNU6-892P",0
"LZTS1-AS1",0
"RNA5SP257",0
"SMILR",0
"CDK5P1",0
"LINC01111",0
"LINC03018",0
"LINC01603",0
"LINC03024",0
"FAM167A-AS1",0
"TDH-AS1",0
"LINC02866",0
"LINC03093",0
"LINC00967",0
"NRG1-IT3",0
"LINC01608",0
"BAALC-AS2",0
"XKR4-AS1",0
"LINC01298",0
"IADEN",0
"LINC02844",0
"MAL2-AS1",0
"LINC00824",0
"LINC03020",0
"LINC02849",0
"FAM87A",0
"LINC00964",0
"RBM12B-DT",0
"LINC02855",0
"LINC01609",0
"LINC01300",0
"MAFA-AS1",0
"MIR3150BHG",0
"LINC01414",0
"LINC02947",0
"LINC00051",0
"LINC03019",0
"LINC00681",0
"LINC02847",0
"LINC03054",0
"LINC02599",0
"SIRLNT",0
"LINC01602",0
"LINC03071",0
"LINC02209",0
"LINC00251",0
"BHLHE22-AS1",0
"LINC02906",0
"LINC02845",0
"KBTBD11-OT1",0
"LINC00588",0
"NRG1-IT1",0
"FAM66E",0
"CASC8",0
"LINC02839",0
"LINC01419",0
"RN7SL396P",0
"RNA5SP277",0
"HRURF",0
"MIR320A",0
"LINC01592",0
"RNU7-102P",0
"PPIAP85",0
"RNU4-50P",0
"SEPTIN14P8",0
"RPL29P19",0
"ASNSP4",0
"REXO1L3P",0
"HSPE1P14",0
"ZNF317P1",0
"LINC01606",0
"LINC02237",0
"SEPTIN10P1",0
"SUB1P1",0
"RPS20P23",0
"ALG1L12P",0
"SNRPCP15",0
"DEFT1P2",0
"PRR23D3P",0
"DEFA8P",0
"DEFT1P",0
"DEFB109A",0
"PRSS52P",0
"ALG1L11P",0
"OR7E15P",0
"RPL30P9",0
"LINC01151",0
"H3P29",0
"RPS29P33",0
"JKAMPP1",0
"PABPC1P11",0
"RPS27AP14",0
"SUMO2P2",0
"AKAP8P1",0
"TMEM215",0
"RPL31P42",0
"MTCO3P30",0
"GARIN3P1",0
"SAMM50P1",0
"HMGB3P23",0
"LINC03106",0
"NOP56P2",0
"RPS26P2",0
"CHCHD4P3",0
"LURAP1L",0
"LINC01627",0
"HMGN2P16",0
"BOLA3P4",0
"ASS1P12",0
"SLC4A1APP1",0
"KCTD9P3",0
"RBPJP6",0
"FTLP4",0
"ATP5F1AP1",0
"ELAVL2",0
"ATP5F1AP10",0
"FKBP4P7",0
"RPL32P21",0
"LYPLA2P3",0
"CDCA7P2",0
"RPL21P84",0
"HSPA8P17",0
"FKBP4P6",0
"FOXB2",0
"PGM5",0
"SDR42E1P2",0
"MTCO3P40",0
"ATP5MFP3",0
"SLC28A3-AS1",0
"RPS20P25",0
"GNA14",0
"FOXD4L3",0
"ATP5F1AP7",0
"FAM74A7",0
"RPL21P85",0
"RPL21P83",0
"GNA14-AS1",0
"DNAJB5P1",0
"MTCO1P51",0
"CDRT15P7",0
"SDR42E1P4",0
"SDR42E1P3",0
"LINC00583",0
"IL6RP1",0
"RBPJP2",0
"RPL7AP46",0
"CYLC2",0
"OR7E116P",0
"BARX1",0
"LINC02578",0
"MTND2P9",0
"TUBB4BP6",0
"ARL2BPP7",0
"SLC25A6P2",0
"BNIP3P4",0
"IGKV1OR-2",0
"KRT18P66",0
"FKBP4P8",0
"PHB1P7",0
"LMX1B",0
"RPL36AP6",0
"BRINP1",0
"PLPPR1",0
"RPS15AP27",0
"SPATA31A6",0
"RPS27AP15",0
"MYO5BP3",0
"CDRT15P5",0
"CCSER2P1",0
"KRT18P36",0
"ZYG11AP1",0
"MSANTD3-TMEFF1",0
"NUTF2P3",0
"RPL29P20",0
"MTATP6P30",0
"CHCHD4P2",0
"HSPE1P28",0
"ACTG1P19",0
"KRT18P24",0
"SPATA31B1P",0
"RFC5P1",0
"MTND2P8",0
"DDX10P2",0
"RPS19P6",0
"NFYCP2",0
"RNA5SP279",0
"RNU6-1073P",0
"MIR101-2",0
"RNU2-47P",0
"RN7SL98P",0
"RNU6-246P",0
"SCARNA8",0
"RNU6-264P",0
"RN7SL720P",0
"RNU6-14P",0
"RN7SKP120",0
"RN7SL849P",0
"RMRPP5",0
"RNU6-677P",0
"RNA5SP530",0
"RN7SL565P",0
"RN7SL343P",0
"RNU6-1293P",0
"RN7SL422P",0
"RN7SKP59",0
"RNU6-1303P",0
"RN7SKP242",0
"RNU2-36P",0
"RNU4-29P",0
"RN7SKP264",0
"MIR4290",0
"MIR4291",0
"MIR4289",0
"RN7SKP87",0
"RNU6-996P",0
"RNU6-329P",0
"RNA5SP291",0
"RN7SL659P",0
"RNU6-1064P",0
"MIR7702",0
"RNU6-855P",0
"RNA5SP293",0
"MIR3927",0
"RNU6-432P",0
"RNY4P18",0
"RNA5SP294",0
"RNA5SP295",0
"MIR147A",0
"RNU6-710P",0
"RNU4-82P",0
"RN7SL302P",0
"MIR455",0
"MIR181B2",0
"NRON",0
"MIR4669",0
"MIR3911",0
"MIR3960",0
"MIR2861",0
"CCIN",0
"RNU4-53P",0
"LCN2",0
"MIR219A2HG",0
"MIR219A2",0
"MIR219B",0
"RNU6-984P",0
"HSPE1P22",0
"MTATP6P29",0
"MTND3P23",0
"MTND4LP7",0
"MTND4P15",0
"BEND3P2",0
"MIR4670",0
"MIR7-1",0
"MIR4667",0
"RN7SL22P",0
"MIR6852",0
"MIR6853",0
"SPAG8",0
"FAM221B",0
"NDUFA5P4",0
"HRCT1",0
"SPAAR",0
"PGAM1P2",0
"OR2S2",0
"MIR4473",0
"RNU4-26P",0
"MIR4474",0
"MIR491",0
"SNORA30B",0
"MIR7114",0
"RNU6-86P",0
"RNU6-1327P",0
"EIF1P1",0
"DMRT1",0
"DMRT3",0
"RNU6-829P",0
"MIR548AU",0
"RN7SL181P",0
"TRPC6P4",0
"TRMT112P4",0
"FYTTD1P1",0
"RN7SL100P",0
"RNA5SP280",0
"RPL36AP34",0
"EQTN",0
"TMEM252",0
"DENRP4",0
"LCN12",0
"ENTPD2",0
"TMEM210",0
"RNF224",0
"SLC25A6P5",0
"MIR8081",0
"RN7SKP77",0
"RNA5SP292",0
"RPL7AP44",0
"RNU2-46P",0
"PARK7P2",0
"RPL36AP35",0
"ACTL7A",0
"MIR32",0
"MIR6856",0
"PRDM12",0
"RN7SL159P",0
"VN2R3P",0
"RN7SL640P",0
"SPATA31A1",0
"SKP1P3",0
"FKBP4P2",0
"SDR42E1P1",0
"ATP5F1AP8",0
"RBPJP5",0
"RN7SL763P",0
"MEP1AP1",0
"RNU6-1269P",0
"CNN2P2",0
"MUPP",0
"OR1K1",0
"KRT18P67",0
"SNORD90",0
"RNY1P15",0
"MIR600",0
"RNU6-820P",0
"MIR126",0
"SNORA17B",0
"SNORA17A",0
"LCN6",0
"MIR6722",0
"ATP6V1G1P3",0
"MIR4479",0
"C9orf163",0
"TAL2",0
"IZUMO3",0
"PRKACG",0
"SPATA31A5",0
"FRMPD1",0
"RN7SKP171",0
"RNU7-124P",0
"FAM74A3",0
"MIR2278",0
"MIR6081",0
"MIR24-1",0
"RNA5SP288",0
"MIR4672",0
"PIP5KL1",0
"YRDCP2",0
"PAPPA-AS2",0
"SNORA70C",0
"RN7SKP128",0
"RN7SKP125",0
"MIR4478",0
"MORN5",0
"TEX48",0
"CER1",0
"RNU6-1260P",0
"LDHAP4",0
"UBE2V1P10",0
"EIF3JP3",0
"TRBV21OR9-2",0
"TRBV22OR9-2",0
"TRBV23OR9-2",0
"TRBV24OR9-2",0
"TRBV25OR9-2",0
"TRBV26OR9-2",0
"TRBV29OR9-2",0
"SNORD121B",0
"RN7SKP114",0
"TUBB4BP2",0
"RN7SL187P",0
"RN7SL726P",0
"MIR204",0
"PIGUP1",0
"RPL35AP21",0
"OR13F1",0
"OR13C4",0
"OR13C8",0
"OR13D2P",0
"OR13C5",0
"OR13C2",0
"OR13C9",0
"OR13I1P",0
"OR13D3P",0
"GPR21",0
"MIR3152",0
"RN7SKP258",0
"RAP1BP1",0
"DNAI1",0
"CCL27",0
"SPATA31F1",0
"MIR6877",0
"LCN1P2",0
"SNORD24",0
"SNORD36B",0
"SNORD36A",0
"VN1R51P",0
"FAM220CP",0
"RNU6-798P",0
"OR2AM1P",0
"HMGB3P24",0
"PRPS1P2",0
"RNU6-1020P",0
"DFFBP1",0
"TAF1L",0
"SNRPCP1",0
"MIR548AW",0
"RNU7-21P",0
"MIR1302-9",0
"RNU7-171P",0
"VTI1BP4",0
"SPOUT1",0
"RNA5SP284",0
"LCN8",0
"SOHLH1",0
"GLIS3-AS2",0
"RNU6-694P",0
"PRSS3",0
"OR1J2",0
"OR1J4",0
"OR1Q1",0
"OR1L1",0
"TLK1P1",0
"RNU6-669P",0
"AHCYP2",0
"MT1P1",0
"RNU2-50P",0
"SERPINH1P1",0
"DNAJC25-GNG10",0
"RNU6-1013P",0
"RN7SL665P",0
"ENTREP1",0
"OR2K2",0
"RN7SL592P",0
"ATP5PDP2",0
"CDK2AP2P1",0
"MYO5BP1",0
"DMRT2",0
"RNU7-185P",0
"IMP3P1",0
"RN7SL722P",0
"RNU6-368P",0
"IFNNP1",0
"IFNB1",0
"IFNWP4",0
"IFNW1",0
"IFNA21",0
"OR1L3",0
"AMBP",0
"LINC02843",0
"NPR2",0
"OR13J1",0
"ELF2P3",0
"ALDOB",0
"NUTM2F",0
"MIR6851",0
"GLT6D1",0
"LCN9",0
"MIR601",0
"MIR7150",0
"PIGFP2",0
"SPATA31C2",0
"IGFBPL1",0
"ARMC8P1",0
"TCEA1P3",0
"GAS2L1P1",0
"VN1R48P",0
"FAM220BP",0
"RNU6-765P",0
"NDUFA5P3",0
"C11orf98P1",0
"AK4P4",0
"MIR199B",0
"MIR3154",0
"RN7SL75P",0
"RPS2P35",0
"DPPA3P10",0
"NANOGP5",0
"STPG3",0
"NXNL2",0
"LHX6",0
"RPL7P33",0
"SOCS5P2",0
"LCN1",0
"OBP2A",0
"MIR4673",0
"MIR4674",0
"IGKV1OR9-1",0
"FOXD4L5",0
"FRG1KP",0
"IGKV1OR-3",0
"FOXD4L4",0
"RN7SKP24",0
"IFNA17",0
"IFNWP5",0
"IFNA14",0
"IFNA22P",0
"IFNA5",0
"IFNA20P",0
"IFNA2",0
"IFNA11P",0
"IFNA12P",0
"IFNA8",0
"IFNWP2",0
"IFNA1",0
"IFNWP19",0
"MIR31",0
"H3P30",0
"IFNE",0
"STRA6LP",0
"MIR1302-8",0
"RNU6-538P",0
"ANKRD20A1",0
"RNU6-1193P",0
"CYP4F25P",0
"RPL35AP22",0
"RNU6-1082P",0
"RN7SL151P",0
"TUBB8P1",0
"UBA52P6",0
"RPS29P17",0
"MIR3621",0
"RLN2",0
"HMGN2P31",0
"RNF152P1",0
"CTAGE12P",0
"KCTD10P1",0
"MIR876",0
"MIR873",0
"ME2P1",0
"PCNPP2",0
"RNA5SP290",0
"RN7SL794P",0
"OR13C3",0
"OR13D1",0
"RN7SL544P",0
"RBPJP7",0
"RN7SKP191",0
"ORM1",0
"UBE2V1P4",0
"MIR6855",0
"CYCSP24",0
"MIRLET7A1",0
"MIRLET7F1",0
"MIRLET7D",0
"PHF24",0
"SPATA31A7",0
"SPATA31A3",0
"IFNA13",0
"FAM163B",0
"DBH",0
"DBH-AS1",0
"MYMK",0
"GXYLT1P6",0
"CYP4F33P",0
"ANKRD18B",0
"RNU6-599P",0
"CNN2P4",0
"RNU6-714P",0
"SNX18P2",0
"ADGRF5P2",0
"MEP1AP4",0
"DIRAS2",0
"RNU6-918P",0
"RNU6-1035P",0
"RNA5SP287",0
"SPATA31D4",0
"SPATA31D3",0
"SPATA31D2P",0
"RNU6-156P",0
"RNU6-559P",0
"OR13C7",0
"CSNK1G2P1",0
"PDSS1P1",0
"MTND6P5",0
"MTATP6P11",0
"EIF4A1P3",0
"BMS1P10",0
"ATP8B5P",0
"LINC00475",0
"PRSS47P",0
"FAM120A2P",0
"ZNF658B",0
"FAM95B1",0
"CTSL3P",0
"OR13C1P",0
"SPATA31F2P",0
"CELP",0
"MFSD14CP",0
"CDRT15P6",0
"FBP2P1",0
"NPAP1P9",0
"PAEPP1",0
"SNX18P3",0
"ANKRD20A2P",0
"CYP4F59P",0
"ANKRD20A3P",0
"ANKRD20A4P",0
"ANKRD20A7P",0
"ANKRD19P",0
"CNTNAP3P7",0
"SPATA31D5P",0
"FGF7P3",0
"CLCN3P1",0
"REXO6P",0
"CYSRT1",0
"OR2S1P",0
"COL5A1-AS1",0
"MIR3689C",0
"MIR3689A",0
"MIR3689D1",0
"MIR3689B",0
"MIR3689D2",0
"MIR3689E",0
"MIR3689F",0
"CARM1P1",0
"LHX3",0
"HSD17B3",0
"RNU6-1160P",0
"SPATA31C1",0
"SPINK4",0
"ADGRD2",0
"OTX2P1",0
"RBM22P5",0
"H3P32",0
"SLC1A1",0
"ECM1P1",0
"KLF4P1",0
"RPL3P11",0
"ATP5PDP3",0
"NME2P3",0
"ADIPINT",0
"OR1N1",0
"OR1N2",0
"OR1L4",0
"OR1L6",0
"OR5C1",0
"RNU6ATAC",0
"CNTNAP3C",0
"RN7SL462P",0
"WDR31",0
"RNU5D-2P",0
"BARHL1",0
"EPB41L4B",0
"MTND2P11",0
"RMRP",0
"FAM74A6",0
"FAM74A4",0
"RPL12P25",0
"PTENP1",0
"GAS2L1P2",0
"MAP1LC3BP1",0
"GXYLT1P4",0
"TOPORSLP",0
"CUTALP",0
"RNU6-1039P",0
"OR1B1",0
"GABBR2",0
"GTF3AP1",0
"RN7SL123P",0
"RPS3AP54",0
"RNF2P1",0
"PRELID3BP11",0
"SNRPEP2",0
"PPIAP33",0
"MIR602",0
"TUBBP5",0
"FAM157B",0
"RNU6-785P",0
"OR4F8BP",0
"CFAP95",0
"RN7SL570P",0
"C9orf57",0
"DPP3P2",0
"RNA5SP286",0
"RPSAP75",0
"MIR4475",0
"MIR4540",0
"MIR4476",0
"C9orf50",0
"FRG1HP",0
"PGM5P2",0
"FOXD4L6",0
"ARF4P1",0
"STPG3-AS1",0
"PAICSP2",0
"MIR3910-1",0
"MIR3910-2",0
"IFNA6",0
"IFNWP15",0
"IFNWP9",0
"IFNA7",0
"IFNA10",0
"IFNWP18",0
"IFNA16",0
"CYP1D1P",0
"FOXE1",0
"HEMGN",0
"RNU4-15P",0
"LHX2-AS1",0
"FAM242E",0
"FAM242D",0
"CFAP95-DT",0
"LINC02846",0
"WDR5-DT",0
"CDKN2A-AS1",0
"PRRX2-AS1",0
"VLDLR-AS1",0
"LINC00587",0
"FAM242F",0
"HSD17B3-AS1",0
"TMEM246-AS1",0
"LINC01613",0
"FAM88C",0
"BNC2-AS1",0
"LMX1B-DT",0
"HSPA5-DT",0
"PPP1R26-AS1",0
"BARX1-DT",0
"FAM201A",0
"TLE1-DT",0
"MIR4290HG",0
"LINC01230",0
"LINC01508",0
"GLIS3-AS1",0
"FAM88E",0
"LINC01492",0
"PBX3-DT",0
"SNX30-DT",0
"LINC03026",0
"LINC03041",0
"FAM74A1",0
"ASTN2-AS1",0
"LINC02872",0
"LINC03025",0
"FAM138C",0
"PTPRD-AS1",0
"TPD52L3",0
"RN7SL25P",0
"RPSAP49",0
"RNA5SP283",0
"PTGER4P2",0
"ADGRF5P1",0
"LINC02957",0
"LINC01189",0
"FGF7P6",0
"RBM17P2",0
"PTGER4P3",0
"CNTNAP3P2",0
"RAB28P3",0
"AQP7P4",0
"FGF7P5",0
"RBM17P3",0
"AQP7P1",0
"RPS6P12",0
"BMS1P11",0
"BMS1P9",0
"PPIAP88",0
"CDK2AP2P3",0
"RAB28P4",0
"RPL31P43",0
"AQP7P2",0
"CDC20P1",0
"ACNATP",0
"RAB28P1",0
"RPL7AP49",0
"CDRT15P14",0
"SNX18P8",0
"GXYLT1P3",0
"AQP7P5",0
"PRDX1P1",0
"SUGT1P1",0
"PRSS3P4",0
"HMGB1P37",0
"ZNF322P1",0
"SUGT1P4",0
"SUGT1P4-STRA6LP",0
"SUGT1P4-STRA6LP-CCDC180",0
"DDX11L5",0
"FRG1JP",0
"OR1H1P",0
"RPL7AP45",0
"FAM27B",0
"NPAP1P7",0
"CTSLP8",0
"YWHABP1",0
"BMS1P12",0
"BMS1P13",0
"AQP7P3",0
"ANKRD18CP",0
"SNX18P4",0
"CDRT15P12",0
"SNX18P9",0
"ZFAND6P1",0
"RPL7AP76",0
"FGF7P7",0
"CNTNAP3P5",0
"SNX18P7",0
"NPAP1P6",0
"FGF7P4",0
"OR7E109P",0
"OR7E108P",0
"RPSAP9",0
"RPL7AP47",0
"RPL35AP20",0
"IL9RP1",0
"CDK2AP2P2",0
"FGF7P8",0
"CNTNAP3P1",0
"BMS1P14",0
"IGKV1OR9-2",0
"CNTFR-AS1",0
"LINC01507",0
"LINC01388",0
"MUC5B-AS1",0
"CALCB",0
"NAV2-AS3",0
"ZNF214",0
"RPL36AP40",0
"RBMXL2",0
"CYCSP25",0
"SYT9",0
"LINC02745",0
"DNAAF11P1",0
"WIZP1",0
"DBX1",0
"LEISA1",0
"OR4C13",0
"GTF2IP11",0
"ANKRD33BP5",0
"OR4C14P",0
"ANKRD33BP6",0
"THAP12P4",0
"OR4A49P",0
"OR2BH1P",0
"EIF4A2P5",0
"MTND5P21",0
"CBX3P8",0
"TRIM51DP",0
"OR5D15P",0
"OR4A19P",0
"PHKG1P3",0
"OR5L2",0
"FOLH1",0
"OR10AF1P",0
"OR5D14",0
"OR4A21P",0
"OR4A1P",0
"OR4A7P",0
"OR4A6P",0
"OR4A18P",0
"LINC02707",0
"OR5D13",0
"OR9Q1",0
"OR4C16",0
"OR5B10P",0
"OR4R3P",0
"OR5D17P",0
"KRT18P14",0
"OR10W1",0
"OR5B17",0
"OR4A5",0
"RPL12P31",0
"CIR1P3",0
"EEF1A1P47",0
"TRIM48",0
"CCDC179",0
"OR10V3P",0
"SLC17A6-DT",0
"OR5W1P",0
"OR10Q2P",0
"OR5I1",0
"OR5W2",0
"EIF4A2P3",0
"OR10V1",0
"OR10Y1P",0
"ZFP91-CNTF",0
"RPL7AP56",0
"RCC2P6",0
"SYT7",0
"TRIM51",0
"OR10V2P",0
"HNRNPRP2",0
"RPL7AP58",0
"EEF1G",0
"OR5D16",0
"OR5B19P",0
"LINC01616",0
"OR5L1",0
"WEE2P1",0
"MUC15",0
"UBTFL10",0
"FGF3",0
"ANKRD33BP7",0
"TRIM53BP",0
"LINC02758",0
"MTND4LP18",0
"H3P34",0
"TRIM77",0
"COX6A1P4",0
"CBX3P7",0
"MTMR12P1",0
"HPRT1P3",0
"DDI1",0
"OSBPL9P2",0
"MMP27",0
"ASS1P13",0
"HMGN2P38",0
"TRIM49",0
"GAL",0
"RPA2P3",0
"UBTFL2",0
"MTND6P25",0
"SLN",0
"OSBPL9P3",0
"SMARCE1P1",0
"METTL5P4",0
"RPS4XP12",0
"PKNOX2-DT",0
"LINC02697",0
"RPS27P20",0
"PHB1P16",0
"RPL23AP62",0
"LINC01395",0
"TMEM225",0
"SPATA19",0
"BMPR1AP2",0
"PPP1R10P1",0
"PANX3",0
"ELOCP22",0
"PKNOX2",0
"TSPAN18-AS1",0
"PKNOX2-AS1",0
"ANGPTL5",0
"MIR6744",0
"MIR4299",0
"MIR8070",0
"RNA5SP332",0
"MIR302E",0
"MIR4486",0
"MIR4694",0
"RNU6-783P",0
"RNA5SP338",0
"RN7SL240P",0
"MIR8054",0
"RNU6-99P",0
"MIR3973",0
"RNU6-365P",0
"RN7SKP158",0
"MIR8068",0
"RN7SKP192",0
"MIR6860",0
"RNU6-544P",0
"MIR708",0
"RNU7-59P",0
"MIR5579",0
"RNU6-16P",0
"RN7SL223P",0
"RN7SL222P",0
"SNORD6",0
"SNORA25",0
"RN7SKP53",0
"SNORA32",0
"SNORA1",0
"SNORA8",0
"SNORD5",0
"SNORA18",0
"MIR1304",0
"SNORA40",0
"RN7SKP115",0
"MIR4693",0
"MIR4490",0
"MIR1261",0
"RNA5SP349",0
"MIR4493",0
"RNU4-23P",0
"RNU6-321P",0
"MIR8052",0
"RN7SL167P",0
"RNU6-1156P",0
"MIR4697",0
"RN7SKP121",0
"RN7SKP279",0
"SNORD15A",0
"RN7SL786P",0
"MS4A5",0
"KCNK4-CATSPERZ",0
"CATSPERZ",0
"MIR7155",0
"MIR1237",0
"SLC22A12",0
"NRXN2-AS1",0
"MIR192",0
"MIR194-2",0
"MIR6749",0
"GPHA2",0
"MAJIN",0
"MIR6879",0
"EEF1A1P18",0
"KRT8P49",0
"OR51F3P",0
"OR51N1P",0
"OR52Y1P",0
"OR52R1",0
"OR51A6P",0
"OR51G1",0
"OR51A2",0
"OR51A5P",0
"OR52J3",0
"OR52E2",0
"OR52E1",0
"OR52S1P",0
"OR52E3P",0
"OR52J1P",0
"HBD",0
"HBG2",0
"HBE1",0
"OR51AB1P",0
"OR51B4",0
"OR51B3P",0
"OR51B8P",0
"OR51B6",0
"TMEM258P1",0
"OR51J1",0
"OR51Q1",0
"OR51K1P",0
"OR51A10P",0
"OR52D1",0
"UBQLNL",0
"OLFM5P",0
"OR52V1P",0
"OR52H2P",0
"OR52T1P",0
"HNRNPA1P53",0
"OR52B6",0
"TRIM6-TRIM34",0
"OR56B1",0
"OR52N3P",0
"OR52E7P",0
"HBG1",0
"MRGPRG",0
"MRGPRE",0
"NDUFA5P8",0
"NDUFA5P1",0
"ENPP7P15",0
"SNRPCP5",0
"RPS3AP39",0
"GLYATL1P4",0
"GLYATL1B",0
"RN7SL42P",0
"SLC25A47P1",0
"RN7SL435P",0
"OR5AN2P",0
"OR5BR1P",0
"OR10D1P",0
"OR8F1P",0
"OR8G7P",0
"SLC5A4P1",0
"SNORA52",0
"RNU6-876P",0
"OR10D4P",0
"HSPB2",0
"HSPB2-C11orf52",0
"C11orf52",0
"RNA5SP351",0
"PPIHP1",0
"RNU6-893P",0
"TEX12",0
"RPS12P21",0
"ST13P10",0
"MUC2",0
"MIR4298",0
"MIR7847",0
"MIR675",0
"OR4C50P",0
"OR4C46",0
"OR4C7P",0
"OR4R2P",0
"OR4A4P",0
"OR4A3P",0
"OR4A2P",0
"KRT18P58",0
"RNA5SP329",0
"OR56A7P",0
"OR52X1P",0
"OR56B4",0
"OR56B3P",0
"OR52L2P",0
"OR52Z1P",0
"OR5AK1P",0
"OR5BQ1P",0
"RNU6ATAC12P",0
"OR8B7P",0
"OR8B5P",0
"OR8C1P",0
"OR8X1P",0
"OR8A2P",0
"OR8B10P",0
"OR8A3P",0
"OR8A1",0
"MIR1343",0
"OR52Q1P",0
"GUCY1A2",0
"GRIK4",0
"NLRP14",0
"RNU6-1306P",0
"RNU6-45P",0
"RNU6-72P",0
"RPEP6",0
"COX6CP18",0
"KCNQ1DN",0
"SNORA54",0
"RN7SKP50",0
"RNU7-28P",0
"RNU6ATAC33P",0
"MIR7154",0
"FREY1",0
"FBLIM1P2",0
"MIR4688",0
"RNA5SP345",0
"RPL32P25",0
"GAL3ST3",0
"TMEM151A",0
"RNU1-84P",0
"MIR611",0
"MIR1908",0
"MIR6746",0
"RNU6-1243P",0
"MYOD1",0
"KCNC1",0
"NXPE4",0
"RN7SL828P",0
"FOLR1",0
"OR5AK4P",0
"OR5AO1P",0
"OR5BP1P",0
"LRRC55",0
"PRG3",0
"PRG2",0
"RNU1-91P",0
"MRGPRD",0
"RNA5SP342",0
"DEFB131B",0
"TRIM34",0
"MIR6755",0
"SETP17",0
"CCDC81",0
"PTP4A1P6",0
"ALG9-IT1",0
"GNG5P3",0
"PLAAT2",0
"IMMP1LP1",0
"HIGD1AP5",0
"MRGPRX12P",0
"MRGPRX4",0
"GLTPP1",0
"MRGPRX13P",0
"SAA2-SAA4",0
"RNA5SP333",0
"RNA5SP334",0
"OR7E5P",0
"OR5F2P",0
"OR5J1P",0
"OR8I4P",0
"OR5BN2P",0
"OR8H3",0
"OR5BN1P",0
"OR8K4P",0
"OR8K5",0
"OR5J7P",0
"OR5J2",0
"OR8V1P",0
"OR4P1P",0
"OR5D2P",0
"VN2R9P",0
"OR9L1P",0
"OR9I3P",0
"OR9I2P",0
"OR5BL1P",0
"OR10Q1",0
"OR9G3P",0
"MIR6128",0
"OR9G2P",0
"OR5G1P",0
"OR5G4P",0
"OR5G3",0
"NAA50P1",0
"OR8J2",0
"OR8I1P",0
"FAM8A2P",0
"OR8K2P",0
"OR4D8P",0
"OR4D11",0
"OR4D7P",0
"OR5B1P",0
"OR5B15P",0
"OR8U1",0
"OR8L1P",0
"OR5AL2P",0
"OR5AL1",0
"OR8U3",0
"OR5M4P",0
"OR5M9",0
"OR5M7P",0
"OR5M6P",0
"OR5M5P",0
"MIR210",0
"SCT",0
"LINC02547",0
"OR4A11P",0
"OR4A12P",0
"OR4X7P",0
"OR4A10P",0
"OR4A17P",0
"RPL7AP55",0
"RNU6-943P",0
"OR10G6",0
"OR10G5P",0
"OR10G9",0
"OR10D5P",0
"MIR130A",0
"MIR6748",0
"MIR6514",0
"RNU2-2P",0
"SNORD22",0
"SNORD30",0
"SNORD28",0
"SNORD27",0
"SNORD26",0
"SNORD25",0
"RN7SKP243",0
"MIX23P5",0
"RNA5SP343",0
"KCNJ1",0
"RN7SKP239",0
"RNU6-1238P",0
"PTPRCAP",0
"COX6CP5",0
"TUB-AS1",0
"RN7SL351P",0
"RPL35AP26",0
"KIRREL3-AS1",0
"SNORD97",0
"HMGB1P42",0
"TBCEL-TECTA",0
"KCNA4",0
"FSHB",0
"MIR3166",0
"GAPDHP70",0
"KRTAP5-1",0
"KRTAP5-2",0
"KRTAP5-3",0
"KRTAP5-6",0
"ACTN3",0
"MIR4487",0
"RN7SL652P",0
"FAM180B",0
"C1QTNF4",0
"RNA5SP340",0
"P4HA3-AS1",0
"MIR548AL",0
"CYCSP27",0
"RNA5SP341",0
"RN7SKP259",0
"PPIAP42",0
"OR8G3P",0
"PLAAT5",0
"TECTA",0
"MIR6503",0
"MS4A12",0
"MS4A13",0
"MMP10",0
"KRT8P26",0
"TUBB4BP4",0
"NDUFB11P1",0
"RPS3AP42",0
"SNRPGP16",0
"MTNR1B",0
"RPL26P31",0
"FAT3",0
"RPL12P30",0
"RPS3AP41",0
"PATE1",0
"PATE3",0
"PATE4",0
"NAP1L1P1",0
"RNU4-86P",0
"RNU6-933P",0
"OR7E117P",0
"ART5",0
"ART1",0
"RNU6-1143P",0
"MIR4687",0
"RPS29P20",0
"SHANK2-AS3",0
"MIR3664",0
"FAM181B",0
"RPL7AP54",0
"SNORA70E",0
"COX5BP4",0
"RNU6-447P",0
"SCGB1C1",0
"MIR6743",0
"IFITM5",0
"RN7SL838P",0
"OR8R1P",0
"SF3A3P2",0
"RNU1-21P",0
"OR6M3P",0
"LDHAL6DP",0
"HNRNPA1P72",0
"RNU6-1292P",0
"CCDC89",0
"RNU6-126P",0
"NDUFC2-KCTD14",0
"RPL21P94",0
"B3GNT6",0
"OMP",0
"RNA5SP346",0
"RNA5SP330",0
"MIR5691",0
"KRT8P41",0
"PGA3",0
"PGA5",0
"LRRC10B",0
"MIR6747",0
"SNORA57",0
"HNRNPUL2-BSCL2",0
"RN7SL259P",0
"TP53AIP1",0
"DEUP1",0
"MRGPRX3",0
"OR5AN1",0
"OR51L1",0
"OR8J1",0
"OR4S2",0
"OR4C6",0
"OR8H2",0
"OR4D9",0
"OR52N5",0
"OR56A4",0
"OR8D1",0
"OR5A2",0
"OR10G7",0
"OR5B2",0
"OR5M3",0
"OR8B8",0
"CASP1P1",0
"OR2AL1P",0
"ABCG4",0
"RNU6-262P",0
"MIR6756",0
"MIR6752",0
"ACY3",0
"OR7E145P",0
"OR7E11P",0
"EVA1CP4",0
"SLC22A6",0
"PTTG1P2",0
"TUBAP7",0
"RPL29P22",0
"SLC22A9",0
"OR10A4",0
"OR4D10",0
"SDHCP4",0
"RPL29P21",0
"USH1C",0
"OR5P4P",0
"APOA5",0
"APOC3",0
"OR51I2",0
"OR52M2P",0
"CCDC87",0
"RN7SL12P",0
"FTLP6",0
"RNU6-874P",0
"ZNF123P",0
"OR52M1",0
"C11orf40",0
"OR5M13P",0
"OR5AM1P",0
"OR5M12P",0
"OR5AP1P",0
"OR51F2",0
"OR8B3",0
"OR8B2",0
"OR5A1",0
"OR51G2",0
"OR51A7",0
"OR52E4",0
"OR51D1",0
"OR51E1",0
"OR2AG2",0
"OR10G8",0
"OR51A4",0
"MIR6754",0
"KRTAP5-7",0
"KRTAP5-8",0
"KRTAP5-9",0
"KRTAP5-10",0
"KRTAP5-13P",0
"KRTAP5-14P",0
"OR7E87P",0
"VPS51P11",0
"OR8J3",0
"OR5AZ1P",0
"OR5BD1P",0
"CYCSP26",0
"RNU6-899P",0
"OR51A9P",0
"OR10G4",0
"SRSF3P1",0
"SEC14L1P1",0
"ACCSL",0
"ALX4",0
"SNORA3A",0
"BOLA3P1",0
"RNU7-159P",0
"RPL21P96",0
"MTCO3P15",0
"MTATP6P15",0
"MTCO2P15",0
"MTCO1P15",0
"MTND2P26",0
"MTND1P36",0
"SYT13",0
"ADAMTS15",0
"OVCH2",0
"OR10A5",0
"OR4D5",0
"OR5D18",0
"OR8K1",0
"OR8I2",0
"OR2D3",0
"OR5AR1",0
"OR4A16",0
"OR8G5",0
"PGA4",0
"OR9Q2",0
"OR2AG1",0
"OR8G1",0
"OR4C15",0
"OR51T1",0
"OR2D2",0
"OR8D2",0
"OR5M10",0
"OR6T1",0
"OR8B12",0
"OR5M11",0
"OR6M1",0
"OR4C11",0
"OR9I1",0
"TBX10",0
"OR56A1",0
"OR10AG1",0
"OR51I1",0
"OR51B2",0
"OR52H1",0
"OR5T2",0
"OR5AP2",0
"OR4D6",0
"MIR3167",0
"KIRREL3-AS3",0
"RNU6-654P",0
"DCDC1",0
"GRM5",0
"OR2AT1P",0
"KLHL35",0
"SNORD14B",0
"TTC36",0
"MIR6716",0
"SLC22A24",0
"MMP26",0
"OR51S1",0
"TMA16P1",0
"MIR612",0
"SNRPGP19",0
"MIR4690",0
"MIR4489",0
"RN7SL309P",0
"OR5P2",0
"LINC02753",0
"RNU6-1175P",0
"MIR548K",0
"VSIG10L2",0
"ANO1",0
"MMP13",0
"KRTAP5-4",0
"KRTAP5-11",0
"WNT11",0
"P2RX3",0
"OR8H1",0
"CNTN5",0
"SPICP1",0
"OR10A6",0
"OR5B12",0
"OR51V1",0
"OR8K3",0
"OR9G4",0
"APLNR",0
"OR5P3",0
"MIR4491",0
"RNU2-60P",0
"MIR34B",0
"MIR34C",0
"RN7SKP273",0
"BTG4",0
"PTPN5",0
"MRGPRX8P",0
"MRGPRX6P",0
"MRGPRX5P",0
"MRGPRX11P",0
"MRGPRX10P",0
"MRGPRX9P",0
"MRGPRX2",0
"MRGPRX1",0
"OR5T3",0
"OR52E5",0
"IZUMO1R",0
"ASCL3",0
"OR51F1",0
"RNA5SP350",0
"RPS17P15",0
"POU2AF2",0
"RPS2P39",0
"C1QTNF5",0
"LINC02956",0
"FGF19",0
"DNAJB6P5",0
"FGF4",0
"MIR4492",0
"RN7SL688P",0
"FOXR1",0
"SLC22A25",0
"SMIM38",0
"CKS1BP4",0
"RPL32P24",0
"SYT8",0
"RNU6-311P",0
"INS-IGF2",0
"MIR483",0
"IGF2-AS",0
"INS",0
"TH",0
"MIR4686",0
"RNU6-878P",0
"NXPE1",0
"ARL2-SNX15",0
"MIR6751",0
"HIGD1AP10",0
"RNU2-23P",0
"PDCL2P2",0
"ANKRD33BP8",0
"TRIM64B",0
"MTND1P35",0
"TRIM49D1",0
"TRIM49D2",0
"ANKRD33BP9",0
"TRIM53AP",0
"TRIM49C",0
"ANKRD33BP10",0
"UBTFL1",0
"TRIM64",0
"FXYD6-FXYD2",0
"RN7SL188P",0
"RN7SKP90",0
"KCNK4",0
"C11orf97",0
"SPDYC",0
"VPS51P5",0
"MTRF1LP1",0
"CLDN25",0
"ISG20L2P2",0
"KRT8P7",0
"RNU6-1123P",0
"NECTIN1-AS1",0
"OR5AK3P",0
"OR5AK2",0
"KRTAP5-5",0
"KDM4E",0
"BUD13P1",0
"BGLT3",0
"SLC22A10",0
"RNU7-23P",0
"MIR3163",0
"C11orf86",0
"ANKRD33BP2",0
"TRIM51CP",0
"TRIM49B",0
"ANKRD33BP3",0
"TRIM64C",0
"UBTFL7",0
"RNU6-46P",0
"VPS51P17",0
"MIR7113",0
"MIR4691",0
"MIR6753",0
"DDX18P5",0
"MIR548L",0
"TRIM51G",0
"ZNF705EP",0
"CYCSP28",0
"OR4B1",0
"OR4B2P",0
"OR4X1",0
"TOMT",0
"OR52E8",0
"OR51C1P",0
"OR10D3",0
"OR4A15",0
"TSGA10IP",0
"OR5D3P",0
"OR10S1",0
"MIR6745",0
"MIR129-2",0
"RPL23AP63",0
"PHB1P2",0
"PTH",0
"HMGN2P36",0
"RPL39P26",0
"CENPUP1",0
"RNA5SP331",0
"RN7SL239P",0
"RNU6-216P",0
"OR2AT2P",0
"NPM1P50",0
"HSPD1P13",0
"RNU4-55P",0
"RNU6-277P",0
"VSIG2",0
"RN7SKP287",0
"CTBP2P6",0
"MIR670",0
"RPL29P23",0
"OR8G2P",0
"RNU6-256P",0
"MIR125B1",0
"BLID",0
"MIRLET7A2",0
"MIR100",0
"RNU4ATAC10P",0
"RNU4ATAC5P",0
"GRM5P1",0
"NOX4P1",0
"OR4C1P",0
"OR9M1P",0
"TRIM51HP",0
"TRIM64DP",0
"FOLH1B",0
"OR51F5P",0
"OR51A8P",0
"OR51H2P",0
"HBBP1",0
"OR52B5P",0
"OR10N1P",0
"OR8B1P",0
"OR8B9P",0
"DEFB130C",0
"SAA3P",0
"SLC25A51P4",0
"OR5AQ1P",0
"OR5BE1P",0
"OR5G5P",0
"OR2AH1P",0
"OR5M2P",0
"ENPP7P8",0
"OR6M2P",0
"GUCY2EP",0
"OR10AB1P",0
"OR5BA1P",0
"GLYATL1P2",0
"OR7E14P",0
"TSSC2",0
"TRPC2",0
"FAM86C2P",0
"SEPTIN7P11",0
"GVINP1",0
"CASP4LP",0
"FAUP4",0
"FAM86C1P",0
"OR52B1P",0
"OR52B2",0
"OR52W1",0
"C11orf42",0
"CNGA4",0
"CCKBR",0
"RANP3",0
"RN7SKP297",0
"MIR4696",0
"RPL36AP38",0
"CALCP",0
"OR7E41P",0
"OR4C9P",0
"OR4R1P",0
"OR4A47",0
"OR4A46P",0
"OR4A40P",0
"OR4A43P",0
"OR4A45P",0
"OR4A41P",0
"OR4A42P",0
"OR4A44P",0
"ETS1-AS1",0
"MS4A8",0
"MS4A15",0
"MS4A10",0
"HEPN1",0
"NTM-IT",0
"OPCML-IT2",0
"OPCML-IT1",0
"MIR3160-1",0
"MIR3160-2",0
"F2",0
"MIR5582",0
"SNORD67",0
"SLC25A1P1",0
"RNU6-560P",0
"MOB4P2",0
"OR7E2P",0
"HNRNPCP8",0
"OR4S1",0
"OR4C3",0
"OR4C4P",0
"OR4C5",0
"OR4C2P",0
"OR4C10P",0
"TRIM77BP",0
"UBTFL9",0
"MS4A19P",0
"MS4A18",0
"OR51H1",0
"RPL15P15",0
"OR52K3P",0
"OR52I1",0
"MIR139",0
"RNU7-105P",0
"RPL15P16",0
"OR4C12",0
"OR4C48P",0
"OR4C45",0
"OR4C49P",0
"RNU6-592P",0
"GLULP3",0
"TCN1",0
"OOSP3",0
"SRD5A3P1",0
"SSU72L5",0
"SSU72L2",0
"SSU72P6",0
"SSU72L4",0
"SSU72L3",0
"SSU72L1",0
"OR52B4",0
"OR52B3P",0
"OR51R1P",0
"OR52P2P",0
"MRGPRF",0
"MIR3164",0
"RNA5SP535",0
"RNU6-952P",0
"MMP7",0
"RNU7-187P",0
"NCAM1-AS1",0
"ANKK1",0
"DRD2",0
"MIR4301",0
"RNU2-35P",0
"KDM4F",0
"OOSP1",0
"OOSP4A",0
"OOSP4B",0
"MS4A3",0
"WTAPP1",0
"KRT18P59",0
"UNC93B6",0
"MTCH1P2",0
"RPL26P30",0
"PGAM1P8",0
"XNDC1CP",0
"SRSF8BP",0
"RPL31P46",0
"RPLP0P2",0
"THEM7P",0
"OR55B1P",0
"ACTE1P",0
"SLC22A20P",0
"DOC2GP",0
"COX8BP",0
"LINC00301",0
"OR1S1",0
"OR52I2",0
"OR4P4",0
"OR2AT4",0
"MIR4488",0
"RNU6-376P",0
"MIR3920",0
"KIAA1191P2",0
"PLS1P1",0
"C11orf87",0
"TFAMP2",0
"RPSAP50",0
"OR6Q1",0
"ANO1-AS1",0
"ATP5PBP5",0
"RPL34P23",0
"SNORD14D",0
"SNORD14C",0
"PHB1P17",0
"PTGDR2",0
"ZP1",0
"MIR8087",0
"RNA5SP339",0
"CBX3P1",0
"MIR610",0
"ATP5MGP8",0
"FLRT1",0
"RPL12P46",0
"PSMA2P1",0
"LINC00958",0
"RASSF10-DT",0
"RNA5SP336",0
"RNA5SP337",0
"MED28P5",0
"LINC02553",0
"RNA5SP347",0
"MIR6073",0
"LINC01488",0
"MORF4L1P3",0
"RPL7AP79",0
"SCGB1D1",0
"SCGB1D2",0
"SCGB2A2",0
"SCGB1D4",0
"RNA5SP344",0
"MTCYBP41",0
"CSRP3",0
"E2F8",0
"PCNAP4",0
"NAV2-IT1",0
"RNA5SP335",0
"MIR670HG",0
"BBOX1-AS1",0
"LINC02873",0
"LINC02749",0
"LINC02713",0
"MIR34BHG",0
"LINC02702",0
"LINC02727",0
"MRPL23-AS1",0
"LINC01219",0
"KCNQ1-AS1",0
"LINC02720",0
"LINC02755",0
"LINC02546",0
"LINC03096",0
"ANO3-AS1",0
"RIC3-DT",0
"DISC1FP1",0
"LINC02699",0
"ARHGEF17-AS1",0
"PRPF19-DT",0
"LINC02685",0
"FBXO3-DT",0
"LINC02744",0
"LINC01493",0
"LINC02724",0
"DGAT2-DT",0
"NTM-AS1",0
"B3GAT1-DT",0
"LINC02584",0
"LINC02726",0
"LINC02717",0
"MMP20-AS1",0
"LINC02098",0
"LINC02489",0
"H19",0
"LINC02742",0
"LINC02719",0
"LINC02760",0
"KRTAP5-AS1",0
"CCDC15-DT",0
"LINC02953",0
"SHANK2-AS1",0
"FZD4-DT",0
"LINC02721",0
"LINC02747",0
"LINC02730",0
"LINC02731",0
"LINC02718",0
"LINC02716",0
"LINC02710",0
"LINC01495",0
"LNC-RHL1",0
"LINC02151",0
"LINC02741",0
"LINC01537",0
"MIR4300HG",0
"LINC02686",0
"LINC02684",0
"MRGPRG-AS1",0
"LINC01499",0
"FAM99A",0
"JRKL-AS1",0
"NAV2-AS4",0
"MPPED2-AS1",0
"LINC02740",0
"MRGPRF-AS1",0
"SLC1A2-AS2",0
"SLC1A2-AS1",0
"OVOL1-AS1",0
"KIRREL3-AS2",0
"LINC02708",0
"LINC02729",0
"NDUFV1-DT",0
"RNU6-44P",0
"TRIM51FP",0
"TYRL",0
"TRIM51BP",0
"PPIAP43",0
"BAK1P2",0
"OR51A1P",0
"FAM86GP",0
"RPS24P14",0
"WARS1P1",0
"RPL36AP39",0
"OR8Q1P",0
"FOLR1P1",0
"OR7E128P",0
"OR5E1P",0
"ARPC3P4",0
"RPL7AP57",0
"C1DP5",0
"CASP1P2",0
"UNC93B5",0
"CCND2P1",0
"MRGPRX7P",0
"COX7CP3",0
"SETP16",0
"BCAS2P1",0
"COPS8P3",0
"TRIM51EP",0
"TRIM64EP",0
"TRIM53CP",0
"ALG1L8P",0
"ENPP7P7",0
"OR7E13P",0
"PRSS23-AS1",0
"TREHP1",0
"LINC02750",0
"LINC02545",0
"LINC02733",0
"CHCHD3P1",0
"HSP90AB7P",0
"MTND1P37",0
"CCDC3",0
"HMGN1P20",0
"MTND2P16",0
"CKS1BP2",0
"ZNF33BP1",0
"ACTR3BP5",0
"RPS24P13",0
"ZNF37CP",0
"RPS4XP11",0
"GDF2",0
"CHEK2P5",0
"FXYD6P1",0
"CICP9",0
"HNRNPRP1",0
"AMD1P1",0
"FTLP19",0
"ZNF33CP",0
"HIRAP1",0
"CTSLP2",0
"MKX-AS1",0
"MRPL50P4",0
"GPN3P1",0
"MRPS35P3",0
"UBE2V2P1",0
"MYL6P3",0
"RBP3",0
"SNRPEP8",0
"RPL31P44",0
"MRLN",0
"NEK4P3",0
"MRPS21P5",0
"PRELID1P3",0
"RPSAP6",0
"THAP12P3",0
"DKK1",0
"FAM32CP",0
"NDUFA8P1",0
"LINC01520",0
"FARSBP1",0
"LINC02671",0
"RSU1P3",0
"WARS2P1",0
"ARHGAP19-SLIT1",0
"ABCD1P2",0
"CYP2C19",0
"MKNK2P1",0
"EIF4A1P8",0
"CYP26C1",0
"RPA2P2",0
"SMARCE1P7",0
"RPLP1P10",0
"KSR1P1",0
"RPL7P37",0
"LINC01514",0
"MRPL35P2",0
"RPL17P35",0
"DNTT",0
"POLR3DP1",0
"MTND5P17",0
"COX7CP4",0
"SNRPGP6",0
"TOMM22P5",0
"CYP2C61P",0
"RPL21P91",0
"RPS6P15",0
"PHB2P1",0
"IGKV1OR10-1",0
"TIMM9P1",0
"PNLIPRP3",0
"HMGN2P34",0
"LYZL1",0
"PTGES3P5",0
"CYP26A1",0
"FAM13C",0
"RAD1P1",0
"LINC02624",0
"BTF3P15",0
"RPS8P4",0
"RPL12P26",0
"HMX3",0
"DUX4L24",0
"XIAPP1",0
"PRLHR",0
"BTBD16",0
"SLC25A18P1",0
"DUX4L28",0
"NTAN1P1",0
"TXNP1",0
"LINC02661",0
"KCNK18",0
"NKX1-2",0
"DUX4L14",0
"DUX4L20",0
"RARRES2P2",0
"DUX4L25",0
"DUX4L23",0
"SAR1AP2",0
"AGGF1P2",0
"DUX4L15",0
"DUX4L29",0
"DUX4L21",0
"FOXI2",0
"DUX4L11",0
"YBX2P1",0
"CLUHP5",0
"ARMS2",0
"DUX4L10",0
"TCERG1L",0
"PPIAP38",0
"DUX4L12",0
"HMGB3P8",0
"NIP7P1",0
"ZNF488",0
"DUX4L22",0
"DUX4L13",0
"RPS26P39",0
"CCDC172",0
"BTBD7P2",0
"VAX1",0
"EMX2",0
"OPALIN",0
"GAPDHP45",0
"RPL34P19",0
"HMGB1P7",0
"RNU6-576P",0
"MIR6078",0
"RNU6-163P",0
"MIR6072",0
"RNA5SP299",0
"RNA5SP300",0
"RNU6-1212P",0
"RNA5SP303",0
"RNU6-1141P",0
"MIR4480",0
"MIR4481",0
"RN7SKP219",0
"RNA5SP306",0
"RNU6-413P",0
"MIR938",0
"RNU6-908P",0
"RNU6-632P",0
"RN7SKP220",0
"RNU7-22P",0
"RN7SL398P",0
"RNU6-1118P",0
"RNU6-795P",0
"RNU6-1170P",0
"MIR605",0
"RNA5SP318",0
"RN7SKP196",0
"RNU6-543P",0
"MIR3924",0
"RNU6-325P",0
"RNU6-478P",0
"RN7SKP238",0
"RNA5SP322",0
"MIR346",0
"RNU6-129P",0
"MIR4678",0
"RNA5SP324",0
"RNU2-43P",0
"MIR4482",0
"RN7SKP278",0
"RNA5SP326",0
"RNU5B-6P",0
"RNU6-463P",0
"RNU6-1165P",0
"RNU2-59P",0
"MIR3663",0
"RNU6-839P",0
"MIR3158-1",0
"MIR3158-2",0
"MIR609",0
"RNU6-728P",0
"MIR378C",0
"MIR3941",0
"LINC01165",0
"MIR146B",0
"RNU6-43P",0
"LUZP4P1",0
"RNU6-15P",0
"RPL9P21",0
"ANKRD1",0
"RNU6-740P",0
"DDX18P6",0
"RPL35AP24",0
"SNORA74C-2",0
"SLC9A3P3",0
"SLC9A3P1",0
"LINC02621",0
"RN7SL591P",0
"LINC02929",0
"ALDH7A1P4",0
"MIR4297",0
"EBF3-AS1",0
"LINC01561",0
"MIR4675",0
"MTND1P21",0
"MRM3P1",0
"MIR1915",0
"SKIDA1",0
"PRKG1",0
"NRAP",0
"RNU6-490P",0
"RNU2-24P",0
"RNU7-12P",0
"RPL7AP8",0
"RPAP2P1",0
"RNU6-1274P",0
"MIR607",0
"HMGN2P35",0
"CALML5",0
"CALML3",0
"RN7SL445P",0
"RPL12P28",0
"RNA5SP323",0
"RPSAP7",0
"ST13P13",0
"INA",0
"RNU11-3P",0
"MIR1307",0
"HDAC1P1",0
"RNU6-657P",0
"CTBP2P2",0
"DDX20P1",0
"RNA5SP298",0
"RN7SL754P",0
"ATP5MC1P8",0
"COX6CP15",0
"RNA5SP321",0
"MBL2",0
"FAM25C",0
"NAPGP1",0
"KRT8P38",0
"RNU6-598P",0
"EEF1A1P39",0
"DNM1P17",0
"GOLGA2P6",0
"RN7SL241P",0
"MIR7162",0
"NIFKP1",0
"CCND3P1",0
"RN7SL63P",0
"SNRPGP12",0
"HMGB3P5",0
"RNU6-571P",0
"MED28P1",0
"ACTBP14",0
"ANXA8",0
"RNU6-883P",0
"RPS26P41",0
"MYOZ1",0
"SYNPO2L",0
"BMS1P4-AGAP5",0
"RNA5SP320",0
"RPL35AP23",0
"MSMB",0
"RPL23AP61",0
"LINC00200",0
"RPS15AP28",0
"MTATP6P23",0
"MTCO2P23",0
"MTCO1P23",0
"MTND1P20",0
"FAM241B",0
"RNU6-666P",0
"RNU6-452P",0
"LINC02673",0
"FAM210CP",0
"TRIAP1P1",0
"RPL11P4",0
"RPS25P9",0
"RPS15AP5",0
"MTND4LP11",0
"RPL7AP53",0
"RNU6-687P",0
"NEFMP1",0
"MIR548F1",0
"RNY3P12",0
"NPAP1P2",0
"PGGT1BP2",0
"BMS1P21",0
"ZNRF2P3",0
"DPY19L2P5",0
"C1DP3",0
"CABCOCO1",0
"IFIT1B",0
"RNU6-805P",0
"SNX19P4",0
"RNA5SP305",0
"RN7SKP241",0
"PRPF38AP2",0
"HNRNPA1P33",0
"NPY4R",0
"RNU6-697P",0
"CDH23-AS1",0
"MIR7152",0
"RNU7-38P",0
"TPRX1P1",0
"RPS12P18",0
"MBL3P",0
"SFTPA3P",0
"LINC02679",0
"RNU6-780P",0
"CYP2C58P",0
"RPL7AP52",0
"MTND4P20",0
"CYP2C59P",0
"CYP2C60P",0
"CYP2C8",0
"PAWRP1",0
"MIR1287",0
"MIR4685",0
"LINC02620",0
"MIR4682",0
"NACAP2",0
"MAPK6P6",0
"RPL21P89",0
"RNU7-107P",0
"RPS26P38",0
"RN7SL78P",0
"MIR608",0
"MIR8086",0
"ZNF101P1",0
"RPSAP10",0
"RN7SKP39",0
"RNU4ATAC6P",0
"TPRKBP1",0
"RNU6-1067P",0
"RNU6-270P",0
"MIR202",0
"ZNF511-PRAP1",0
"CALY",0
"PRAP1",0
"MIR3944",0
"HMGB1P50",0
"SLC18A3",0
"HMX2",0
"KCNIP2",0
"RNU1-19P",0
"SNCG",0
"BMS1P3",0
"AGAP11",0
"FAM25A",0
"ADGRA1",0
"TECTB",0
"MIR6715B",0
"MIR6715A",0
"ARL6IP1P2",0
"RN7SL314P",0
"TMEM161BP1",0
"VN1R53P",0
"CEP57L1P1",0
"YY1P1",0
"CTAGE7P",0
"PPIAP32",0
"RNA5SP301",0
"MIR107",0
"MIR5100",0
"RNU6ATAC11P",0
"RNU6-535P",0
"RN7SKP167",0
"MIR5699",0
"RPL7AP51",0
"AKR1B10P1",0
"RPL21P92",0
"RNU6-1250P",0
"RN7SL394P",0
"DNAJC19P1",0
"RNU6-523P",0
"RPS3AP38",0
"POU5F1P5",0
"SYT15B",0
"AGAP5",0
"LBX1",0
"FAM25G",0
"FXYD4",0
"ZNF239",0
"RPL21P88",0
"RNU6-271P",0
"NPM1P25",0
"RPS26P40",0
"TBATA",0
"TLX1",0
"CALHM1",0
"CALHM3",0
"SH3PXD2A-AS1",0
"MED6P1",0
"MLDHR",0
"OPN4",0
"OR6L2P",0
"OR7M1P",0
"OR6L1P",0
"SPRN",0
"RN7SKP202",0
"ATOH7",0
"LINC02640",0
"KRT19P4",0
"FXYD6P2",0
"RPL7P35",0
"RN7SKP288",0
"RNA5SP327",0
"MIR4680",0
"ADRA2A",0
"BMS1P7",0
"RPS6P14",0
"COX7BP6",0
"RPL13AP19",0
"LINC02635",0
"MIR3611",0
"PTCD2P2",0
"MIR4679-2",0
"MIR4679-1",0
"EIF4A2P2",0
"RNU6-833P",0
"HMGN2P8",0
"GPR15LG",0
"LRIT1",0
"CACYBPP1",0
"ADIPOR1P1",0
"RPL31P45",0
"COMMD3-BMI1",0
"RNU6-709P",0
"UBE2V1P5",0
"MIR2110",0
"RNU6-794P",0
"RN7SL248P",0
"RNU6-1244P",0
"MIR4483",0
"PLEKHS1",0
"RNU7-165P",0
"NUP35P1",0
"MIR603",0
"RPL23P11",0
"LINC02629",0
"ELOBP4",0
"RPL37P18",0
"RPS12P16",0
"SS18L2P1",0
"RNU6-847P",0
"RNU6-193P",0
"PRDX2P2",0
"CNNM1",0
"RN7SL384P",0
"RPL5P25",0
"RPL36AP36",0
"RNU6-6P",0
"RNA5SP302",0
"OR7E110P",0
"OR7E115P",0
"RNU6-1231P",0
"CYP17A1",0
"BORCS7-ASMT",0
"AS3MT",0
"RPL22P17",0
"MIR936",0
"MIR4294",0
"FAM170B",0
"LRRC18",0
"MTND4P19",0
"MTND1P18",0
"SPMIP5",0
"RPL5P27",0
"RNU6-1266P",0
"IMPDH1P5",0
"RN7SL284P",0
"H2AZP5",0
"GNAI2P2",0
"PYROXD2",0
"RNU6-1090P",0
"PNLIP",0
"PNLIPP1",0
"PNLIPRP2",0
"SCART1",0
"LIPJ",0
"NPY4R2",0
"NKX2-3",0
"EBAG9P1",0
"NANOGP6",0
"ANK3-DT",0
"RNU2-72P",0
"RNA5SP308",0
"NUTF2P5",0
"MIR4293",0
"MIR1265",0
"PRPF38AP1",0
"MARK2P15",0
"RPS27P1",0
"GAPDHP28",0
"RN7SL846P",0
"HSD17B7P2",0
"CCNYL2",0
"FAM238C",0
"FAM25EP",0
"FAM25BP",0
"CFL1P1",0
"ODAD2P1",0
"CTSLP3",0
"GLUD1P2",0
"PTPN20CP",0
"SHLD2P1",0
"FAM21EP",0
"GLUD1P3",0
"SEPTIN7P9",0
"BMS1P1",0
"SVIL-AS1",0
"MIR4295",0
"MIR4296",0
"MRPS21P6",0
"RN7SL847P",0
"PLA2G12B",0
"PAX2",0
"PGGT1BP1",0
"MIX23P2",0
"FAM238A",0
"FAM238B",0
"TAF9BP2",0
"RPL15P13",0
"RNU6-1121P",0
"LINC02626",0
"DUSP29",0
"BUB1P1",0
"CLRN3",0
"ANKRD2",0
"HOGA1",0
"C10orf62",0
"SFRP5",0
"MIR6507",0
"ARL5AP2",0
"RPL7P36",0
"CPN1",0
"CYP2C23P",0
"TPM4P1",0
"SPCS2P2",0
"SNORA12",0
"PHB1P9",0
"RPL39P25",0
"HMGA1P5",0
"SPA17P1",0
"MIR606",0
"RN7SL518P",0
"RNU6-673P",0
"SORCS1",0
"RNA5SP325",0
"RNU6-1095P",0
"RNU6-88P",0
"MIR548AK",0
"RN7SL198P",0
"RPL26P29",0
"RNA5SP319",0
"RPL26P27",0
"RPS3AP37",0
"SNORD98",0
"MIR4681",0
"LRRC37A6P",0
"PIPSL",0
"ZNF37BP",0
"PHACTR2P1",0
"BEND3P1",0
"MBL1P",0
"GUCY2GP",0
"FRMPD2B",0
"DUSP13B",0
"DUSP13A",0
"C10orf120",0
"CUZD1",0
"C10orf88B",0
"FAM24A",0
"RNA5SP315",0
"VN1R54P",0
"CUBNP1",0
"DUXAP3",0
"RNU6-885P",0
"RPS12P2",0
"MAT1A",0
"ZNF519P1",0
"RPS7P9",0
"RPS27P18",0
"TEX36",0
"MIR4484",0
"RNU2-42P",0
"GNG10P1",0
"FANK1-AS1",0
"RNA5SP328",0
"NPM1P31",0
"RN7SKP143",0
"SPRING1P1",0
"ELOCP30",0
"MIR4683",0
"LINC00842",0
"CUX2P1",0
"EIF2AP4",0
"LINC02622",0
"DUXAP4",0
"CEP164P1",0
"RSU1P2",0
"ANKRD54P1",0
"MIR3156-1",0
"RNU6-1207P",0
"OR6D1P",0
"OR13A1",0
"RNU6-441P",0
"MTND5P42",0
"MARK2P16",0
"ATE1OSP",0
"SELENOOLP",0
"WNT8B",0
"GAD2",0
"RNU6-1075P",0
"RNU2-18P",0
"C1QL3",0
"JAKMIP3-AS1",0
"SLIT1-AS1",0
"GOLGA7B-DT",0
"LINC02681",0
"LINC02636",0
"LINC02654",0
"LINC00709",0
"LINC02651",0
"LINC01518",0
"LINC02643",0
"LINC00838",0
"MANCR",0
"CELF2-DT",0
"LINC00705",0
"LINC03046",0
"SFTA1P",0
"LINC02881",0
"LINC02623",0
"MIR3663HG",0
"PLCE1-AS1",0
"C10orf71-AS1",0
"EMX2OS",0
"LINC01264",0
"LINC00845",0
"SLC18A2-AS1",0
"LINC00710",0
"LINC02655",0
"LINC02667",0
"LINC00700",0
"LINC02647",0
"LINC00601",0
"LINC02662",0
"LINC02658",0
"PANK1-AS1",0
"NEURL1-AS1",0
"ADARB2-AS1",0
"LINC02650",0
"LINC02674",0
"LINC01475",0
"SORCS3-AS1",0
"SYT15-AS1",0
"TCERG1L-AS1",0
"HSPA12A-AS1",0
"LINC01516",0
"LINC02644",0
"LINC02653",0
"ADGRA1-AS1",0
"LINC01166",0
"LINC01168",0
"TEX36-AS1",0
"LINC00858",0
"LINC00844",0
"IATPR",0
"CERNA2",0
"LINC00841",0
"LINC02659",0
"BEND7-DT",0
"LINC00706",0
"LASTR",0
"MIR1915HG",0
"LINC02665",0
"GATA3-AS1",0
"KCNIP2-AS1",0
"LINC02627",0
"LINC01163",0
"LINC02663",0
"GRID1-AS1",0
"LINC02630",0
"GOT1-DT",0
"LINC00708",0
"PCAT5",0
"LINC00502",0
"LINC02632",0
"UNC5B-AS1",0
"LINC02652",0
"MIR202HG",0
"AKR1C8",0
"ARL4AP3",0
"AKR1C7P",0
"UCN3",0
"TUBAL3",0
"LINC02668",0
"FRMD4A-AS1",0
"KRT8P37",0
"CTSLP1",0
"DUSP8P1",0
"PPIAP39",0
"RPL23AP60",0
"TRAF6P1",0
"XRCC6P1",0
"NPM1P30",0
"IL9RP2",0
"SHLD2P3",0
"RHEBP2",0
"AGAP7P",0
"CTSLP6",0
"C1DP2",0
"C1DP4",0
"ANTXRLP1",0
"PLD5P1",0
"ORMDL1P1",0
"AKR1C6P",0
"AGAP13P",0
"OR7E26P",0
"DCLRE1CP1",0
"PFN1P11",0
"FAF2P1",0
"CTSLP4",0
"LINC00857",0
"ANKRD30BP3",0
"RPL12P27",0
"RPL26P28",0
"FAM138D",0
"DDX11L8",0
"OR7E149P",0
"A2ML1-AS1",0
"GDF3",0
"RPL7P40",0
"APOBEC1",0
"HIGD1AP8",0
"SLC15A5",0
"GYS2",0
"SUPT4H1P2",0
"RPL23AP66",0
"TIMM17BP1",0
"SYT10",0
"PSMC1P8",0
"EGLN3P1",0
"NANOGNB",0
"RPL7AP74",0
"SPMIP11",0
"AK6P2",0
"CLUHP8",0
"MRPS36P5",0
"DUX4L27",0
"TUBB8P4",0
"KRT126P",0
"MTND2P17",0
"NF1P12",0
"LINC02461",0
"KRT125P",0
"BTBD10P1",0
"RSL24D1P5",0
"KRT8P39",0
"PDZRN4",0
"KRT127P",0
"MRPL40P1",0
"MTND1P24",0
"KRT2",0
"HNRNPA1P69",0
"ARL2BPP2",0
"LNCHR1",0
"LRRIQ1",0
"PTPRR",0
"SNRPGP20",0
"DUX4L52",0
"FAM186A",0
"CCER1",0
"KRT1",0
"NTAN1P3",0
"RPL21P104",0
"RPL7P42",0
"LINC02426",0
"AK6P1",0
"KRT8P19",0
"KRT77",0
"PPFIA2-AS1",0
"RPL23AP68",0
"GGTA2P",0
"SZRD1P1",0
"NXPH4",0
"PIGAP1",0
"LINC00615",0
"NR1H4",0
"LINC02392",0
"HAUS8P1",0
"C12orf75-AS1",0
"MYF6",0
"DYNLL1P4",0
"RPL7P43",0
"GLULP5",0
"CYCSP30",0
"WSCD2",0
"RPL13AP21",0
"SLC5A8",0
"NTN4",0
"ADGRD1-AS1",0
"LRRC10",0
"MYF5",0
"RPL23AP67",0
"CCDC60",0
"TSPAN8",0
"SETP7",0
"NENFP2",0
"LGR5",0
"PRXL2AP1",0
"UBA52P7",0
"KRT18P60",0
"PRELID2P1",0
"YPEL5P3",0
"ASCL1",0
"VPS51P3",0
"LINC02463",0
"SLC17A8",0
"LINC02460",0
"RPL17P37",0
"TBX3",0
"ANHX",0
"RNU6-275P",0
"RN7SKP161",0
"RNU7-60P",0
"RNU6-837P",0
"RNU6-545P",0
"MIR3974",0
"RNU6-251P",0
"RN7SL38P",0
"RNU6-318P",0
"RNA5SP357",0
"RNA5SP360",0
"RNA5SP356",0
"RNA5SP358",0
"RNA5SP359",0
"RNU6-472P",0
"MIR1293",0
"RNU6-1093P",0
"RNU6-333P",0
"RNU6-400P",0
"RNU6-871P",0
"RNU6-279P",0
"RNU4-20P",0
"MIR1228",0
"RNU1-83P",0
"MIR6125",0
"RN7SL804P",0
"RNU6-769P",0
"MIR6757",0
"RNU6-238P",0
"RN7SKP172",0
"MIR3913-1",0
"RN7SL737P",0
"MIR3913-2",0
"RNU7-4P",0
"MIR617",0
"MIR618",0
"MIR4699",0
"MIR331",0
"RNU6-808P",0
"MIR5700",0
"MIR4495",0
"RNU6-768P",0
"RN7SL88P",0
"RN7SL483P",0
"RNA5SP367",0
"RNU4-24P",0
"RNU6-1183P",0
"RNU5E-5P",0
"RNU4-41P",0
"RNA5SP369",0
"MIR7844",0
"RN7SL330P",0
"RNU6-735P",0
"MIR4303",0
"RNU6-172P",0
"RNU6-36P",0
"RNU6-1068P",0
"RNU6-247P",0
"MIR4472-2",0
"MIR1302-1",0
"RN7SKP263",0
"RN7SKP11",0
"RNA5SP374",0
"RN7SL865P",0
"RNA5SP372",0
"RNA5SP376",0
"MIR3612",0
"MIR3922",0
"MIR135A2",0
"LINC00940",0
"CACNA1C-IT1",0
"HNRNPA1P34",0
"VDAC2P2",0
"RN7SKP216",0
"RNU6-879P",0
"INHBC",0
"MIR6758",0
"MIR6759",0
"RNU6-1083P",0
"RNU6-713P",0
"MTCH2P2",0
"RPS4XP15",0
"C12orf50",0
"RNA5SP364",0
"LRRC43",0
"IL31",0
"RNU6-485P",0
"MYRFL",0
"RNU4-65P",0
"AVPR1A",0
"RNU6-399P",0
"MIRLET7I",0
"NDFIP1P1",0
"ZKSCAN7P1",0
"CAPZA3",0
"PIK3C2G",0
"EPYC",0
"IMMP1LP2",0
"RPL29P24",0
"RNU6-600P",0
"RPL32P27",0
"WNT10B",0
"RNU6-940P",0
"RNU6-781P",0
"RN7SL380P",0
"P3H3",0
"GNB3",0
"RNU7-1",0
"MIR200C",0
"MIR141",0
"SCARNA12",0
"RN7SL734P",0
"RNU6-1271P",0
"GSTP1P1",0
"TAC3",0
"RNU6-1203P",0
"MIR6505",0
"MIR3908",0
"RPL27P12",0
"C12orf71BP",0
"REP15",0
"HMGB1P49",0
"RN7SKP15",0
"PTHLH",0
"MIR6074",0
"RNA5SP362",0
"RN7SL69P",0
"ATP5MFP5",0
"RN7SL391P",0
"LINC01559",0
"RNA5SP353",0
"RNU6-590P",0
"RN7SKP162",0
"KERA",0
"CENPUP2",0
"RNU4-67P",0
"FAM133GP",0
"TUBB4BP1",0
"FAHD2P1",0
"RNU4-32P",0
"RN7SKP250",0
"MIR4304",0
"ANKRD33",0
"PSMB3P1",0
"RNU6-558P",0
"OR6C70",0
"OR6C68",0
"OR6C64P",0
"SRP14P1",0
"RNU6-343P",0
"AMHR2",0
"MIR3198-2",0
"RNU6-950P",0
"MIR148B",0
"RN7SL744P",0
"SCARNA10",0
"SCARNA11",0
"MIR7851",0
"TMEM233",0
"RN7SKP197",0
"MIR1178",0
"RNA5SP370",0
"RNU6-1009P",0
"RNU5A-7P",0
"RASSF3-DT",0
"RERGL",0
"RPL7P39",0
"RNU6ATAC42P",0
"WIF1",0
"RNU6-166P",0
"APOOP3",0
"RNU6-927P",0
"RPL35AP29",0
"RNA5SP377",0
"RPS6P21",0
"RNA5SP378",0
"MIR6763",0
"P2RX2",0
"TSPAN19",0
"MIR3652",0
"RN7SKP261",0
"AKIRIN1P1",0
"OASL2P",0
"PPDPFP2",0
"MESDP1",0
"RNU6-494P",0
"RN7SL387P",0
"RPL29P25",0
"C1QL4",0
"MIR6762",0
"APOF",0
"IAPP",0
"SPX",0
"RPL35AP27",0
"RNA5SP375",0
"MIR8072",0
"MIR6502",0
"PDCL3P7",0
"RN7SKP166",0
"OSBPL9P5",0
"OSBPL9P4",0
"RAB11AP2",0
"RDH16",0
"OR2AP1",0
"OR6C2",0
"FIGNL2",0
"MIR492",0
"RPL21P136",0
"MIR613",0
"STX8P1",0
"H3P35",0
"CHCHD3P2",0
"OR6C7P",0
"OR6C73P",0
"OR6C76",0
"ASS1P14",0
"OR6C72P",0
"OR6C6",0
"OR6C5P",0
"ANP32D",0
"C12orf54",0
"RPS10P20",0
"NEUROD4",0
"OR9K2",0
"OR9R1P",0
"MIR614",0
"RNA5SP366",0
"GARIN6",0
"MIR3657",0
"MIR6861",0
"IQSEC3P1",0
"FGF6",0
"TMEM132C",0
"SLCO1A2",0
"RPL17P38",0
"TMEM132B",0
"ATF7-NPFF",0
"RPL31P51",0
"BRI3P2",0
"RPS15AP32",0
"MIR7106",0
"IFT57P1",0
"RNA5SP355",0
"OR6C3",0
"KRT3",0
"KRT79",0
"KRT78",0
"RPL7P41",0
"OR6C74",0
"SMCO3",0
"OR10P1",0
"MIR4700",0
"ARF1P2",0
"CABP1",0
"CCNG2P1",0
"OR6C1",0
"ACSM4",0
"PIWIL1",0
"RNU6-1077P",0
"RPS27P24",0
"RNU6-1004P",0
"MIR26A2",0
"MIR4498",0
"RPS20P31",0
"RNU4-1",0
"WNT5B",0
"RNU6-700P",0
"GOT2P3",0
"NPM1P7",0
"GCNAP1",0
"KLRF1",0
"RNU6-327P",0
"NANOGNBP2",0
"RNU4ATAC12P",0
"PTP4A1P2",0
"PPIAP44",0
"RNU6-618P",0
"RNU5F-4P",0
"RPL31P50",0
"GPRC5D",0
"INHBE",0
"AKAP3",0
"GAU1",0
"GALNT8",0
"KCNA6",0
"KCNA1",0
"DPY19L2",0
"RNU6-87P",0
"RNU6-1273P",0
"RN7SL519P",0
"HIGD1C",0
"POU5F1P3",0
"FAM90A1",0
"HADHAP2",0
"ZNF705A",0
"ZNF75BP",0
"TMT1AP1",0
"KRT7",0
"KRT7-AS",0
"KRT88P",0
"KRT83",0
"KRT85",0
"KRT84",0
"KRT90P",0
"KRT71",0
"KRT128P",0
"TAS2R7",0
"TAS2R8",0
"TAS2R9",0
"TAS2R13",0
"MIR4698",0
"MIR4494",0
"RNU6-834P",0
"PARK7P1",0
"HIGD1AP9",0
"HOXC13",0
"HOXC12",0
"HOXC11",0
"HOXC10",0
"HOXC6",0
"MIR196A2",0
"HOXC9",0
"MIR615",0
"RNU7-103P",0
"RPL23AP14",0
"TEX52",0
"RNU6-1315P",0
"TSPAN9-IT1",0
"RNU6-174P",0
"SMCO2",0
"OR8S1",0
"OR5BS1P",0
"TAS2R10",0
"BORCS8P1",0
"RN7SL459P",0
"RN7SL67P",0
"SNORA49",0
"RPL39P28",0
"HNRNPA1P70",0
"RFLNA",0
"HOXC5",0
"TAS2R50",0
"TAS2R63P",0
"TAS2R46",0
"TMDD1",0
"MIR920",0
"KNOP1P1",0
"RN7SL793P",0
"MIR1252",0
"NOP56P3",0
"DSTNP2",0
"OR6U2P",0
"OR6C71P",0
"OR6C66P",0
"DEFB109F",0
"FAM86FP",0
"OR7E47P",0
"KRT87P",0
"KRT89P",0
"EP400P1",0
"TAS2R64P",0
"RERG-IT1",0
"METTL8P1",0
"CENPCP1",0
"RNA5SP365",0
"MRPL2P1",0
"RNU6-148P",0
"KCNJ8",0
"CNTN1",0
"MREGP1",0
"PRPH",0
"PLA2G1B",0
"MSI1",0
"FZD10",0
"RNU1-146P",0
"PHB1P18",0
"OR5BK1P",0
"OR5BT1P",0
"OR8S21P",0
"OR8T1P",0
"OR10AD1",0
"H1-7",0
"RPL21P99",0
"LMNTD1",0
"GSG1",0
"AK3P6",0
"TMEM132D-AS2",0
"PRB3",0
"PRB1",0
"LSM6P2",0
"RPL35AP28",0
"AQP2",0
"AQP6",0
"ASIC1",0
"ELOCP32",0
"KSR2",0
"RNU7-170P",0
"LDHAL6CP",0
"MKRN9P",0
"SLC9A7P1",0
"RPL13P5",0
"RPSAP52",0
"RPL22P19",0
"KRT19P2",0
"HTR7P1",0
"PHB1P19",0
"RPL30P11",0
"PGAM1P5",0
"CBX3P4",0
"PAFAH1B2P2",0
"PLEKHA8P1",0
"RPS27P25",0
"SLC26A10P",0
"OR9K1P",0
"MRPS18CP4",0
"RNU6-491P",0
"AK4P3",0
"RPL30P12",0
"SMIM41",0
"MIR6760",0
"RNA5SP373",0
"RNU6-1329P",0
"DPPA3P5",0
"TTC41P",0
"HOXC-AS2",0
"GLYCAM1",0
"CACNA1C-AS4",0
"CACNA1C-AS3",0
"SULT6B2P",0
"RNU1-149P",0
"LRRC34P1",0
"RPS27P22",0
"LINC02566",0
"LACRT",0
"DCD",0
"VDAC1P5",0
"OR10A7",0
"RN7SKP65",0
"RPS6P22",0
"RNU7-120P",0
"MRPS6P4",0
"LINC02444",0
"RNU6-977P",0
"RPL6P25",0
"RNU1-117P",0
"UBE2L2",0
"SLCO1B3",0
"SLCO1B3-SLCO1B7",0
"SLCO1B7",0
"MIR1251",0
"RFX4",0
"ART4",0
"RPL21P103",0
"RN7SKP262",0
"MIR4302",0
"ITPR2-AS1",0
"RNA5SP354",0
"RACGAP1P1",0
"RNA5SP361",0
"OR7A19P",0
"MARK3P1",0
"SNORA2A",0
"EEF1A1P33",0
"RN7SKP289",0
"LINC02598",0
"KLRC4-KLRK1",0
"KLRC3",0
"IFITM3P6",0
"ADI1P3",0
"STBD1P1",0
"LINC01479",0
"AGAP2-AS1",0
"SLC25A39P2",0
"KLRA1P",0
"HSPE1P12",0
"RPS2P41",0
"ADAM1A",0
"SLC25A3P2",0
"DAO",0
"RNU6-361P",0
"RNU7-94P",0
"RPL31P48",0
"RNU6-1012P",0
"LINC02394",0
"VENTXP3",0
"GOLGA2P5",0
"RN7SL176P",0
"MIR1827",0
"LINC02452",0
"LINC02423",0
"LINC02822",0
"LINC01486",0
"LINC02617",0
"LINC03056",0
"LINC02231",0
"LINC00485",0
"LINC02439",0
"LINC02441",0
"LINC02388",0
"MRPS35-DT",0
"LINC00508",0
"LINC00507",0
"LINC02370",0
"LHX5-AS1",0
"PDE3A-AS1",0
"LINC02411",0
"TMEM132D-AS1",0
"LINC02823",0
"LINC02406",0
"AQP5-AS1",0
"CAPS2-AS1",0
"LINC02412",0
"LINC02378",0
"LRP1-AS",0
"CEP83-DT",0
"LINC02425",0
"LINC00477",0
"HOTAIR",0
"LINC02385",0
"LINC01489",0
"FIGNL2-DT",0
"LINC02414",0
"LINC02410",0
"SNRPF-DT",0
"LINC02468",0
"LINC00934",0
"LINC02443",0
"CABP1-DT",0
"TRHDE-AS1",0
"LINC02440",0
"LINC02366",0
"ADCY6-DT",0
"LINC02821",0
"LINC02445",0
"HOXC-AS1",0
"LINC02459",0
"LINC02963",0
"LINC02424",0
"KRT73-AS1",0
"CISTR",0
"LINC02403",0
"C12orf42-AS1",0
"SLC4A8-AS1",0
"LINC00942",0
"LINC02386",0
"LINC02369",0
"LINC02368",0
"GALNT9-AS1",0
"LINC02420",0
"FAM242C",0
"LINC02456",0
"TBX5-AS1",0
"LINC02464",0
"TBX3-AS1",0
"LINC01257",0
"LINC02419",0
"LINC02401",0
"LINC00939",0
"LINC02826",0
"LINC02350",0
"LINC02825",0
"LINC02347",0
"FAM32EP",0
"NDUFA5P6",0
"LINC02824",0
"LINC02372",0
"HSPE1P20",0
"RNU1-104P",0
"COPS5P2",0
"DDX12P",0
"NIFKP3",0
"RPS3AP43",0
"WASH8P",0
"TUBB8P5",0
"ZNF970P",0
"VTI1BP3",0
"RPL7AP9",0
"RPL10P13",0
"YWHAQP7",0
"KRT17P8",0
"BTG1P1",0
"PTMAP4",0
"RPL36P15",0
"OOEPP2",0
"RPL7P38",0
"RPL13AP20",0
"ALG1L10P",0
"PPIAP45",0
"BRWD1P2",0
"GNAI2P1",0
"EEF1B2P4",0
"NACAP8",0
"PCNPP3",0
"LINC02375",0
"RNU6-1069P",0
"RPL12P32",0
"TIALD",0
"IQSEC3-AS1",0
"LINC02415",0
"LSP1P1",0
"HSPD1P9",0
"C1QTNF9-AS1",0
"MTCO3P2",0
"RPS20P32",0
"RPS21P8",0
"TIMM9P3",0
"LINC00457",0
"GPR12",0
"MTUS2-AS2",0
"ZNF646P1",0
"RPP40P2",0
"GAMTP2",0
"GNG5P5",0
"FHP1",0
"FREM2-AS1",0
"POLR3KP1",0
"SLC25A5P4",0
"PRR20FP",0
"DNAJA1P1",0
"ELL2P3",0
"LINC00374",0
"RPL37P21",0
"MARK2P12",0
"LINC01442",0
"HNF4GP1",0
"RPL12P34",0
"HMGN2P39",0
"PLA2G12AP2",0
"FGFR1OP2P1",0
"NPM1P22",0
"NIPA2P5",0
"RPL31P53",0
"RPL18AP17",0
"SPATA2P1",0
"HSPD1P8",0
"RPL21P111",0
"MTCL1P1",0
"CTAGE11P",0
"PRR20B",0
"HNRNPA1P18",0
"RPS3AP52",0
"CTAGE16P",0
"LINC00333",0
"PRR20D",0
"PRR20E",0
"MTND4P1",0
"MTCO2P3",0
"OR7E111P",0
"RPL31P54",0
"CBY2",0
"UBE2D3P4",0
"WASF3-AS1",0
"LINC00377",0
"RABEPKP1",0
"ANKRD26P2",0
"POU4F1",0
"OLFM4",0
"ARF4P3",0
"PRR20A",0
"LINC01078",0
"SNRPFP3",0
"SRSF1P1",0
"PCDH17",0
"SP3P",0
"RPL21P110",0
"LINC00440",0
"RPS12P24",0
"HIGD1AP2",0
"HNRNPA1P31",0
"ELOCP23",0
"MTND5P3",0
"VENTXP2",0
"ATP6V1G1P7",0
"ARF4P4",0
"LINC01309",0
"SRGNP1",0
"GAPDHP34",0
"SCEL-AS1",0
"COX5BP6",0
"FTLP8",0
"DDX6P2",0
"LINC00351",0
"LINC00353",0
"PEX12P1",0
"PRR20C",0
"TCEAL4P1",0
"GAPDHP69",0
"NUS1P4",0
"SLITRK6",0
"RPL27AP8",0
"CYCSP35",0
"NUS1P3",0
"NALF1-IT1",0
"SOX1",0
"CALM2P4",0
"RPL7AP61",0
"DPPA3P3",0
"AKR1B1P4",0
"SPACA7",0
"GYG1P2",0
"RIOK3P1",0
"LINC01044",0
"SSR1P2",0
"RPL7L1P1",0
"NALF1",0
"TRIM60P13",0
"AZU1P1",0
"BNIP3P7",0
"MOB1AP1",0
"LINC01040",0
"TIMM8BP1",0
"MLNR",0
"GRPEL2P1",0
"MIR4499",0
"MIR2276",0
"RNU5A-4P",0
"RNA5SP26",0
"RNU6-56P",0
"RN7SKP1",0
"RN7SKP2",0
"RNA5SP27",0
"RN7SL700P",0
"RNY3P2",0
"RN7SL618P",0
"MIR5007",0
"RNA5SP30",0
"RNY4P29",0
"MIR3169",0
"RNU7-88P",0
"RNY3P5",0
"RN7SL375P",0
"RN7SL761P",0
"RNU6-80P",0
"RNY1P8",0
"RNU4-10P",0
"RNU6-66P",0
"RNU6-79P",0
"RNY3P10",0
"RN7SL571P",0
"RNU6-61P",0
"RNU6-54P",0
"RNY3P7",0
"RNU6-77P",0
"RNY3P3",0
"RNU6-38P",0
"RNU6-67P",0
"RN7SL60P",0
"SNORD31B",0
"MIR1267",0
"RNA5SP38",0
"NME1P1",0
"DDX39AP1",0
"IPMKP1",0
"RFESDP1",0
"BASP1P1",0
"HMGA1P6",0
"RNY3P4",0
"RNU6-58P",0
"SDAD1P4",0
"LINC00327",0
"LINC00352",0
"MIR15A",0
"RPL34P26",0
"RNA5SP28",0
"RNA5SP29",0
"RPL5P31",0
"PRELID3BP2",0
"MIR5693",0
"IFIT1P1",0
"ATP8A2P2",0
"NDE1P2",0
"SMAD9-IT1",0
"LAMTOR3P1",0
"CSNK1A1L",0
"CTAGE3P",0
"RN7SKP5",0
"ABITRAMP1",0
"RNU6-68P",0
"PPP1R2P4",0
"OR7E101P",0
"FKBP1AP3",0
"LINC00555",0
"BIVM-ERCC5",0
"POLR2KP2",0
"RN7SKP9",0
"SNORA31B",0
"HCFC2P1",0
"RNY4P28",0
"TARDBPP2",0
"RNA5SP31",0
"EIF4A1P6",0
"RNU6-71P",0
"PSMC1P13",0
"SLITRK1",0
"COL4A2-AS1",0
"MIR3168",0
"RN7SL597P",0
"MORF4L1P4",0
"RAC1P3",0
"MIR5006",0
"RN7SL515P",0
"RNU6-74P",0
"RPS28P8",0
"RNA5SP37",0
"PSMA6P4",0
"GJA3",0
"LINC00556",0
"GJB6",0
"SLC35E1P1",0
"RNU2-7P",0
"RANP8",0
"CNOT4P1",0
"PPIAP27",0
"RNU4-9P",0
"RPS12P23",0
"IPPKP1",0
"ELOBP1",0
"RNU6-78P",0
"RN7SL741P",0
"RNY1P3",0
"RXFP2",0
"EEF1DP3",0
"RNY1P4",0
"SCAND3P1",0
"PHB1P13",0
"RNY4P30",0
"RNY4P9",0
"UTP14C",0
"THSD1P1",0
"RN7SL320P",0
"SNRPGP11",0
"MIR4703",0
"RNU6-65P",0
"RN7SL413P",0
"CCDC70",0
"ATP8A2P3",0
"PRUNE1P1",0
"THAP12P6",0
"PARP1P1",0
"BTF3P11",0
"RPL7P44",0
"DHX9P1",0
"METTL21C",0
"SLC10A2",0
"OXGR1",0
"THSD1",0
"RNY4P24",0
"HNRNPA1L2",0
"DAOA",0
"ZIC2",0
"LINC00554",0
"NDUFA12P1",0
"ASNSP3",0
"ZIC5",0
"GSX1",0
"PLUT",0
"LINC01039",0
"CFL1P8",0
"MIR4306",0
"SKA3",0
"GRK6P1",0
"RNA5SP25",0
"ZDHHC20-IT1",0
"H2BP6",0
"RNU6-59P",0
"RN7SL766P",0
"LINC00400",0
"RPL36P19",0
"MIR8075",0
"MRPL3P1",0
"PARP4P2",0
"CCNQP3",0
"SLC25A15P2",0
"CYCSP32",0
"MRPS31P2",0
"ESRRAP1",0
"GOLM2P1",0
"RN7SL166P",0
"LINC02339",0
"RAC1P8",0
"LINC01074",0
"LINC00459",0
"RPL32P28",0
"SQSTM1P1",0
"RNU6-81P",0
"NFYAP1",0
"MIR548X2",0
"MIR4704",0
"TRIM60P19",0
"TPTE2",0
"RNU6-53P",0
"CYP51A1P2",0
"POM121L13P",0
"C1QTNF9",0
"PCDH20",0
"IRX1P1",0
"RNY1P7",0
"RPL26P34",0
"RNF17",0
"RASA3-IT1",0
"MIR548AR",0
"MIR4502",0
"CLCP2",0
"RPL23AP97",0
"LINC01055",0
"RNU6-83P",0
"HSP90AB6P",0
"RNY1P5",0
"KARS1P2",0
"ATP4B",0
"ANKRD20A19P",0
"SPACA7BP",0
"LINC00431",0
"TPTE2P3",0
"MRPS31P4",0
"OR7E156P",0
"OR7E104P",0
"MRPS31P5",0
"TPTE2P1",0
"MIPEPP3",0
"SPTLC1P5",0
"MIR3665",0
"RN7SL810P",0
"TOMM22P3",0
"KL",0
"STARD13-IT1",0
"MIR759",0
"LONRF2P2",0
"LINC00388",0
"FEM1AP4",0
"LINC00387",0
"CNN2P12",0
"ZNF965P",0
"SNX18P26",0
"LINC00328-2P",0
"RNU6-55P",0
"RNU6-76P",0
"SNX19P2",0
"USP24P1",0
"GTF2IP3",0
"RNA5SP24",0
"CENPIP1",0
"RPS10P21",0
"FGF14",0
"RNU1-24P",0
"HMGB3P7",0
"MIR2681",0
"LIPT1P1",0
"RNY1P2",0
"MIR4705",0
"RPL39P29",0
"FGF14-IT1",0
"KATNBL1P1",0
"CHCHD2P8",0
"RN7SL49P",0
"RN7SKP3",0
"RN7SKP4",0
"AMER2",0
"RPL23AP69",0
"MIR623",0
"CCR12P",0
"CCDC169-SOHLH2",0
"MIR1297",0
"MIR320D1",0
"MIR621",0
"RNA5SP34",0
"FAR1P1",0
"KRT18P27",0
"MIR622",0
"RNU6-75P",0
"LINC00410",0
"BRK1P2",0
"HNRNPA1P29",0
"GPC6-AS2",0
"RNA5SP35",0
"RNA5SP36",0
"RN7SL585P",0
"SOX21",0
"RNU6-62P",0
"RNY3P8",0
"RNY4P27",0
"CLDN10",0
"CLDN10-AS1",0
"HMGN1P24",0
"RN7SL164P",0
"MIR4501",0
"AMMECR1LP1",0
"TPTE2P2",0
"RPL21P107",0
"LINC00567",0
"CCNA1",0
"H2ACP1",0
"TUBA3C",0
"METTL21EP",0
"RNU4ATAC3P",0
"FABP5P4",0
"GPC5-IT1",0
"MIR548AS",0
"GPC5-AS1",0
"PTMAP5",0
"PCDH8P1",0
"ARL2BPP3",0
"HNRNPA1P30",0
"LINC00367",0
"RPS4XP16",0
"ESRRAP2",0
"TULP3P1",0
"GUCY1B2",0
"URAD",0
"RN7SL272P",0
"CYCSP33",0
"TPTE2P6",0
"PSPC1P2",0
"PHF2P2",0
"MYO16-AS1",0
"LINC01067",0
"RPL35P9",0
"PPIAP24",0
"LINC00373",0
"RPL29P29",0
"MFAP1P1",0
"TEX26",0
"RNY1P1",0
"RNU6-63P",0
"RPL21P108",0
"MIR3170",0
"LINC00552",0
"LINC00452",0
"ARHGEF7-AS1",0
"RN7SKP10",0
"LINC00396",0
"RN7SL783P",0
"MIR8073",0
"TXNL1P1",0
"UBBP5",0
"LIN28AP2",0
"MIR4500",0
"TET1P1",0
"MIR17",0
"MIR18A",0
"MIR19A",0
"MIR20A",0
"MIR19B1",0
"MIR92A1",0
"MIR4305",0
"RNY4P14",0
"CDKN2AIPNLP3",0
"RNU6-64P",0
"PRDX2P1",0
"LINC00427",0
"SNORD102",0
"SNORA27",0
"RNU6-70P",0
"LINC00442",0
"VWA8-AS1",0
"LINC00375",0
"SOX1-OT",0
"LINC00404",0
"LINC01046",0
"LINC00345",0
"LINC00362",0
"F10-AS1",0
"LINC01054",0
"LINC00399",0
"DCUN1D2-AS",0
"LINC00564",0
"LINC00424",0
"LINC00434",0
"ATXN8OS",0
"LINC00448",0
"LINC00572",0
"LINC00454",0
"LINC02333",0
"LINC00368",0
"LINC01049",0
"LINC00408",0
"LINC00297",0
"LINC00430",0
"LINC00349",0
"LINC00359",0
"LINC00363",0
"LINC01080",0
"HTR2A-AS1",0
"DIAPH3-AS2",0
"LINC00380",0
"NALCN-AS1",0
"LINC00378",0
"DOCK9-AS1",0
"LINC02343",0
"LINC00379",0
"LINC01077",0
"LINC01066",0
"FGF14-AS2",0
"LINC01076",0
"LINC00384",0
"LINC00385",0
"LINC00423",0
"LINC01034",0
"LINC01065",0
"GPC5-AS2",0
"FGF14-AS1",0
"LINC00354",0
"LINC00332",0
"CLYBL-AS1",0
"LINC01070",0
"LINC01058",0
"LINC02336",0
"LINC01038",0
"LINC01047",0
"LINC00364",0
"LINC00421",0
"LINC01048",0
"LINC00428",0
"LINC00331",0
"LINC00391",0
"LINC00543",0
"LINC00445",0
"LINC02334",0
"LINC00566",0
"LINC01068",0
"LINC00550",0
"LINC02342",0
"LINC00433",0
"SACS-AS1",0
"TUSC8",0
"NRAD1",0
"MIR8079",0
"SUGT1P3",0
"PCDH9-AS1",0
"RNU7-87P",0
"PCDH9-AS2",0
"LINC03032",0
"GGT4P",0
"IGSF3P1",0
"PRDX3P3",0
"LINC00437",0
"BCRP9",0
"COX7CP1",0
"PWWP2AP1",0
"OR7E33P",0
"OGFOD1P1",0
"RPL7AP73",0
"NUS1P2",0
"OR7E36P",0
"OR7E155P",0
"PPIAP28",0
"SLC25A15P3",0
"GAPDHP52",0
"PPP1R2P10",0
"GAPDHP22",0
"PPIAP26",0
"CYP4F34P",0
"ANKRD20A9P",0
"PPIAP25",0
"ATP5MC1P5",0
"WDR95P",0
"BNIP3P6",0
"TRDV2",0
"TRAJ60",0
"TRDD1",0
"TRAJ54",0
"TRAJ49",0
"TRDJ3",0
"TRDD3",0
"TRAJ59",0
"TRAJ61",0
"TRAJ47",0
"ARHGAP16P",0
"TRDD2",0
"KRT8P2",0
"ATP5MC2P2",0
"TRAJ52",0
"TRAJ55",0
"GLRX5P3",0
"TRDV3",0
"LINC02307",0
"TRAJ51",0
"RPS3AP46",0
"PSMA3P1",0
"PPIAP5",0
"TRAJ57",0
"MAD2L1P1",0
"GNRHR2P1",0
"EIF1AXP2",0
"SIX6",0
"SIX4",0
"GPHB5",0
"SALRNA1",0
"CCDC177",0
"KCNH5",0
"PARP1P2",0
"AKR1B1P5",0
"PTTG1P1",0
"RAP1AP",0
"TUBBP3",0
"NCOA4P1",0
"RPL23AP71",0
"GTF3AP2",0
"RPL9P6",0
"FTH1P13",0
"OR7E159P",0
"EIF3LP1",0
"TRAJ50",0
"FKBP1BP1",0
"RAB42P1",0
"CYB5AP5",0
"RGS6",0
"SYNDIG1L",0
"LINC00520",0
"MTCYBP27",0
"EEF1A1P2",0
"YWHAQP1",0
"MTND4P33",0
"CHORDC2P",0
"RPL23AP10",0
"IGHVIII-16-1",0
"IGHVIII-22-2",0
"IGHV1-12",0
"IGHVII-30-1",0
"IGHVII-15-1",0
"BDKRB1",0
"IGHV3-38",0
"IGHV3-22",0
"IGHV3-37",0
"IGHV4-28",0
"IGHV7-34-1",0
"IGHVIII-11-1",0
"IGHVII-26-2",0
"IGHVII-30-21",0
"IGHV1-17",0
"PEBP1P1",0
"ELK2AP",0
"IGHV7-27",0
"IGHV3-36",0
"IGHV3-25",0
"GLRXP2",0
"IGHVIII-25-1",0
"IGHVIII-38-1",0
"OR7E105P",0
"SLC20A1P2",0
"IGHV5-10-1",0
"LINC02312",0
"IGHV3-32",0
"IGHVII-33-1",0
"IGHV2-26",0
"IGHVIII-13-1",0
"HOMER2P2",0
"IGHV3-19",0
"LINC00226",0
"IGHV3-29",0
"IGHV3-13",0
"IGHV3-30-2",0
"IGHVIII-26-1",0
"IGHVII-28-1",0
"TRAJ46",0
"RNU6-458P",0
"RNU1-27P",0
"RNU6-8",0
"RNU6-1261P",0
"RNA5SP385",0
"RNU6-7",0
"RNU6-301P",0
"MIR5580",0
"MIR4708",0
"RN7SL598P",0
"RN7SKP99",0
"MIR5586",0
"RNU1-28P",0
"RNU6-552P",0
"MIR625",0
"RNU6-976P",0
"RNU6ATAC28P",0
"MIR4709",0
"RNU7-30P",0
"RN7SKP107",0
"RN7SKP255",0
"RN7SL714P",0
"RNU2-33P",0
"TRAJ37",0
"TRAJ36",0
"TRAJ33",0
"TRAJ31",0
"TRAJ29",0
"TRAJ26",0
"TRAJ25",0
"TRAJ21",0
"TRAJ20",0
"TRAJ19",0
"TRAJ18",0
"TRAJ17",0
"TRAJ16",0
"TRAJ14",0
"TRAJ11",0
"TRAJ10",0
"TRAJ8",0
"TRAJ7",0
"TRAJ5",0
"TRAJ2",0
"TRAJ1",0
"OR6E1P",0
"PSMB11",0
"CIROP",0
"BRD7P1",0
"RN7SKP205",0
"LINC00596",0
"TRAJ38",0
"LINC02287",0
"CYB5AP3",0
"RPL36AP4",0
"COX6CP11",0
"LINC02914",0
"SNRPGP1",0
"ZFP64P1",0
"METTL5P1",0
"HIF1AP1",0
"SERPINA4",0
"SERPINA5",0
"SERPINA3",0
"ADIPOR1P2",0
"OR4U1P",0
"OR4L1",0
"RNA5SP380",0
"OR4T1P",0
"PSMB7P1",0
"GTF2IP22",0
"OR11G1P",0
"OR11P1P",0
"OR11H6",0
"OR11H7",0
"SNORA79B",0
"SNORD126",0
"RPPH1",0
"RNA5SP382",0
"PTCD2P1",0
"SETP1",0
"RNASE11-AS1",0
"OR6S1",0
"RNASE4",0
"RANBP20P",0
"EDDM3DP",0
"EDDM3A",0
"EDDM3B",0
"RN7SL189P",0
"SLC39A2",0
"MIR6717",0
"RNASE13",0
"RNASE7",0
"RNASE8",0
"RNU6-252P",0
"HMGB3P26",0
"TRMT61A-DT",0
"RNU4-68P",0
"EIF4A1P12",0
"LBHD2",0
"GCSHP2",0
"RPL21P13",0
"RPL17P4",0
"CEND1P1",0
"RNU4-22P",0
"RNU4-92P",0
"MPPE1P1",0
"RPL31P5",0
"GCATP1",0
"RNU6-597P",0
"RNU6-1162P",0
"RNU7-116P",0
"RPS28P1",0
"DLK1",0
"MIR2392",0
"MIR770",0
"MIR493",0
"MIR337",0
"MIR665",0
"MIR431",0
"MIR433",0
"MIR127",0
"MIR432",0
"MIR136",0
"SNORD112",0
"MIR370",0
"SNORD113-1",0
"SNORD113-2",0
"SNORD113-3",0
"SNORD113-4",0
"SNORD113-5",0
"SNORD113-6",0
"SNORD113-7",0
"SNORD113-8",0
"SNORD113-9",0
"SNORD114-1",0
"SNORD114-2",0
"SNORD114-3",0
"SNORD114-4",0
"SNORD114-5",0
"SNORD114-6",0
"SNORD114-7",0
"SNORD114-9",0
"SNORD114-10",0
"SNORD114-11",0
"SNORD114-12",0
"SNORD114-13",0
"SNORD114-14",0
"SNORD114-15",0
"SNORD114-17",0
"SNORD114-18",0
"SNORD114-19",0
"SNORD114-20",0
"SNORD114-21",0
"SNORD114-22",0
"SNORD114-23",0
"SNORD114-24",0
"SNORD114-25",0
"SNORD114-26",0
"SNORD114-27",0
"SNORD114-28",0
"SNORD114-29",0
"SNORD114-30",0
"SNORD114-31",0
"MIR379",0
"MIR411",0
"MIR299",0
"MIR380",0
"MIR1197",0
"MIR323A",0
"MIR758",0
"MIR329-1",0
"MIR329-2",0
"MIR494",0
"MIR1193",0
"MIR543",0
"MIR495",0
"MIR376C",0
"MIR376A2",0
"MIR654",0
"MIR376B",0
"MIR376A1",0
"MIR300",0
"MIR1185-1",0
"MIR1185-2",0
"MIR381",0
"MIR487B",0
"MIR539",0
"MIR889",0
"MIR544A",0
"MIR655",0
"MIR487A",0
"MIR382",0
"MIR134",0
"MIR668",0
"MIR485",0
"MIR323B",0
"MIR154",0
"MIR496",0
"MIR377",0
"MIR541",0
"MIR409",0
"MIR412",0
"MIR369",0
"MIR410",0
"MIR656",0
"GRAMD4P3",0
"RNU6-1268P",0
"SSBP3P5",0
"ARHGAP42P4",0
"OR4N2",0
"OR4H12P",0
"OR4N1P",0
"OR4K6P",0
"OR4K4P",0
"DHRS4L1",0
"MIR7703",0
"RNA5SP383",0
"MDP1",0
"NEDD8-MDP1",0
"TGM1",0
"SNORD8",0
"EIF4EBP1P1",0
"RN7SL650P",0
"RNU6-366P",0
"RNU6-341P",0
"HSBP1P1",0
"HNRNPCP1",0
"RPL9P5",0
"CCDC198",0
"GSC",0
"OR10G1P",0
"UBE2NP1",0
"OR10G2",0
"TRAV1-2",0
"TRAV2",0
"TRAV4",0
"TRAV5",0
"RPL4P1",0
"HMGN2P2",0
"RPL17P3",0
"NMNAT1P1",0
"SNORA79",0
"UNGP3",0
"DYNLL1P2",0
"RTL1",0
"MIR5694",0
"RNA5SP386",0
"RDH12",0
"RN7SL369P",0
"RPL21P9",0
"RN7SL213P",0
"IGBP1P1",0
"RNU7-93P",0
"PHKBP2",0
"RPL29P3",0
"NKX2-8",0
"RN7SKP257",0
"SF3B4P1",0
"IGHV7-40",0
"IGHVII-40-1",0
"IGHV3-41",0
"HOMER2P1",0
"IGHV3-42",0
"IGHVII-43-1",0
"IGHVIII-44",0
"LINC00221",0
"IGHVIV-44-1",0
"IGHVII-44-2",0
"IGHV1-45",0
"IGHVII-46-1",0
"IGHVIII-47-1",0
"IGHVII-49-1",0
"IGHV3-50",0
"IGHVII-51-2",0
"IGHV3-52",0
"IGHVII-53-1",0
"IGHV3-54",0
"IGHV7-56",0
"IGHV3-57",0
"IGHV4-59",0
"IGHV3-60",0
"IGHV8-51-1",0
"VESTAR",0
"CMA1",0
"FXNP1",0
"RNA5SP388",0
"RPS26P48",0
"RNU6-921P",0
"HMGN1P3",0
"RPS29P1",0
"SYF2P1",0
"UBE2CP1",0
"SERPINA10",0
"SERPINA6",0
"SERPINA11",0
"ESRRB",0
"RN7SKP193",0
"MIR4504",0
"SYNJ2BP-COX16",0
"RNU2-51P",0
"RNU6-659P",0
"TTC9-DT",0
"RN7SL77P",0
"RN7SKP108",0
"RPL7AP2",0
"COX5AP1",0
"RPL7AP4",0
"ABI1P1",0
"RN7SL706P",0
"RN7SL108P",0
"RPL7AP5",0
"KRT18P6",0
"NUTF2P2",0
"ILF2P2",0
"OR4M1",0
"OR4K13",0
"OR4K1",0
"OR10G3",0
"NF1P11",0
"CHURC1-FNTB",0
"MIR4706",0
"CCDC196",0
"FAM204DP",0
"MIR1260A",0
"RN7SKP92",0
"RPL26P3",0
"RNU6-864P",0
"RNU11-5P",0
"RNU6-1234P",0
"NUP50P1",0
"MIR7855",0
"OR4N5",0
"OR11H4",0
"HIGD1AP17",0
"RNU6-541P",0
"LINC02329",0
"MIR7843",0
"NGB",0
"TRAV7",0
"TRAV9-1",0
"TRAV10",0
"TRAV11",0
"TRAV8-5",0
"TRAV15",0
"TRAV16",0
"TRAV18",0
"TRAV19",0
"TRAV20",0
"TRAV22",0
"TRAV23DV6",0
"TRAV24",0
"TRAV8-7",0
"TRAV27",0
"TRAV28",0
"TRAV30",0
"TRAV31",0
"TRAV32",0
"TRAV33",0
"TRAV34",0
"TRAV36DV7",0
"TRAV37",0
"TRAV39",0
"TRAV40",0
"ATP6V1G1P1",0
"MIR4539",0
"MIR4507",0
"MIR4538",0
"MIR4537",0
"IGHJ3P",0
"IGHJ2P",0
"IGHJ2",0
"IGHJ1",0
"IGHD7-27",0
"IGHJ1P",0
"IGHD1-26",0
"IGHD6-25",0
"IGHD5-24",0
"IGHD3-22",0
"IGHD2-21",0
"IGHD1-20",0
"IGHD6-19",0
"IGHD5-18",0
"IGHD4-17",0
"IGHD3-16",0
"IGHD2-15",0
"IGHD1-14",0
"IGHD6-13",0
"IGHD5-12",0
"IGHD4-11",0
"IGHD1-7",0
"IGHD6-6",0
"IGHD5-5",0
"IGHD4-4",0
"IGHD3-3",0
"IGHD2-2",0
"IGHD1-1",0
"IGHVII-1-1",0
"IGHVIII-2-1",0
"IGHV2-5",0
"IGHVIII-5-2",0
"IGHV3-6",0
"RNA5SP389",0
"IGHVII-60-1",0
"IGHV4-61",0
"IGHVII-62-1",0
"IGHV3-63",0
"IGHV3-64",0
"IGHV3-65",0
"IGHVII-65-1",0
"IGHV1-67",0
"SLC20A1P1",0
"IGHVII-67-1",0
"IGHVIII-67-2",0
"IGHVIII-67-3",0
"IGHVIII-67-4",0
"IGHV1-68",0
"IGHV1-69",0
"IGHV2-70D",0
"IGHV3-69-1",0
"IGHV1-69-2",0
"IGHV2-70",0
"IGHV3-71",0
"IGHV3-73",0
"IGHV3-74",0
"IGHV3-75",0
"IGHV3-76",0
"IGHVIII-76-1",0
"IGHVII-78-1",0
"IGHV3-79",0
"IGHV4-80",0
"IGHV7-81",0
"IGHVIII-82",0
"CCDC197",0
"NKX2-1",0
"RPL36AP1",0
"RN7SL461P",0
"RNU6-1204P",0
"OTX2",0
"MIR6765",0
"IGHE",0
"H1-8P2",0
"RN7SKP17",0
"RN7SL356P",0
"GPX2",0
"OR4K17",0
"GPR135",0
"RN7SL530P",0
"VRTN",0
"SUB1P2",0
"RPS2P2",0
"STK16P1",0
"RNU6ATAC30P",0
"RN7SL3",0
"RN7SL2",0
"RNU6-189P",0
"MIR6076",0
"PDLIM1P1",0
"RPL23AP8",0
"RPL23AP70",0
"MRPL57P8",0
"RPL7AP3",0
"OR4K15",0
"OR4Q2",0
"ISM2",0
"EXOC3L4",0
"NT5CP2",0
"NDUFB8P1",0
"RNU6-240P",0
"LINC02274",0
"SAMD15",0
"RNU6-273P",0
"RNU6-886P",0
"COX8C",0
"RNU6-1258P",0
"PRIMA1",0
"RPL21P6",0
"TBPL2",0
"MIR4503",0
"RNU6-1046P",0
"MIR208A",0
"MIR208B",0
"RNU6-1277P",0
"SNORD127",0
"RNASE10",0
"RNASE12",0
"GARIN2",0
"RNU1-47P",0
"RD3L",0
"RN7SL634P",0
"ASPG",0
"MIR203A",0
"MIR203B",0
"SETP2",0
"RNU6-1291P",0
"TMEM183AP4",0
"MIR1247",0
"RN7SL586P",0
"RNU6-419P",0
"MIR4707",0
"RNU6-244P",0
"MIR4309",0
"RN7SL546P",0
"RPL23AP11",0
"RNA5SP384",0
"RPL32P29",0
"BCL2L2-PABPN1",0
"RNU6-398P",0
"NEK2P1",0
"NF1P7",0
"RNU6-1239P",0
"NBEAP5",0
"OR11H13P",0
"CDRT15P13",0
"NBEAP6",0
"MIR151B",0
"MIR6764",0
"MIR345",0
"ZFAND2AP2",0
"H3P37",0
"SERPINA13P",0
"OR4K16P",0
"OR11H5P",0
"DPPA3P2",0
"ADAM20P1",0
"ADAM6",0
"MED15P1",0
"BMS1P17",0
"OR4K3",0
"OR4K5",0
"IL25",0
"POLR3GP1",0
"NANOGP7",0
"RN7SKP21",0
"IGHD3-10",0
"IGHD3-9",0
"DACT1",0
"DIO3",0
"RPA2P1",0
"MIR548Y",0
"OR11H2",0
"MIR4506",0
"RNU2-14P",0
"RPL36AP2",0
"RPPH1-2P",0
"RNASE9",0
"RPL13AP3",0
"NDUFB4P11",0
"RAP2CP1",0
"MED15P6",0
"BNIP3P1",0
"DUXAP9",0
"ADAM21P1",0
"SERTAD4BP",0
"TEX21P",0
"SRP54-AS1",0
"FOXG1",0
"MYH7",0
"RNASE11",0
"DOCK11P1",0
"LINC02294",0
"MIR4307",0
"MIR3171HG",0
"LINC02326",0
"GPR33",0
"RNU6-602P",0
"RNU6-455P",0
"NKX2-1-AS1",0
"EIF4BP1",0
"YWHAZP1",0
"FSCB",0
"RNU6-297P",0
"RPL18P1",0
"RNU6-684P",0
"IGHEP1",0
"RNU7-51P",0
"LINC01148",0
"LINC02330",0
"SHLD2P2",0
"SCARNA13",0
"TCL1B",0
"ARHGAP42P5",0
"LINC02297",0
"SSBP3P4",0
"RPL22P20",0
"NF1P10",0
"DUXAP10",0
"DPPA5P4",0
"COX5AP2",0
"LINC02311",0
"LINC02319",0
"LINC00524",0
"DIO3OS",0
"SFTA3",0
"LINC02309",0
"PRPF39-DT",0
"LINC02327",0
"LINC02295",0
"LINC02691",0
"MIR493HG",0
"FOXG1-AS1",0
"LRFN5-DT",0
"LINC02320",0
"LINC02300",0
"LINC02303",0
"LINC02308",0
"LINC02290",0
"PPP1R13B-DT",0
"LINC02306",0
"LINC02281",0
"FLRT2-AS1",0
"LINC00911",0
"LINC02277",0
"LINC02332",0
"LINC02292",0
"LINC01467",0
"PTCSC3",0
"MEG9",0
"LINC02305",0
"LINC00644",0
"LINC02299",0
"LINC02279",0
"OTX2-AS1",0
"LINC02293",0
"LINC02318",0
"LINC02317",0
"LINC01297",0
"OR7E106P",0
"DDX18P1",0
"PPIAP4",0
"RPL12P7",0
"ATP5MC1P1",0
"ELK2BP",0
"RPL3P4",0
"GRAMD4P4",0
"PTBP1P",0
"OR11H12",0
"LINC02314",0
"LINC02313",0
"LINC00609",0
"LINC00605",0
"EIF5-DT",0
"OR11H3P",0
"OR11J6P",0
"IGHV1OR15-1",0
"MPHOSPH10P5",0
"OR4M2-OT1",0
"OR4N3P",0
"OR11J7P",0
"IGHV1OR15-3",0
"SERPINE4P",0
"NF1P2",0
"RPL5P32",0
"ABCB10P1",0
"ZNF519P3",0
"OR4H6P",0
"DNAAF4-CCPG1",0
"OR11K1P",0
"OR4Q1P",0
"LDHAL6B",0
"HNRNPA1P45",0
"MESTP2",0
"KRT8P9",0
"BUB1B-PAK6",0
"PLCB2-AS1",0
"TBC1D21",0
"SALRNA3",0
"CYP1A2",0
"NDUFAF4P1",0
"HCN4",0
"MRPS15P1",0
"PAK6-AS1",0
"FKBP1AP2",0
"CPLX3",0
"RPL15P19",0
"LIPC-AS1",0
"LINC02204",0
"LMAN1L",0
"MTND5P40",0
"RPL21P113",0
"ZNF444P1",0
"IGDCC3",0
"CRABP1",0
"SUMO2P15",0
"THRAP3P2",0
"RPL7L1P15",0
"PGAM1P12",0
"TUBAP4",0
"TUBAP12",0
"TFDP1P3",0
"NMNAT1P5",0
"MIR5701-3",0
"RNU6-631P",0
"RN7SL106P",0
"RNA5SP390",0
"MIR4715",0
"MIR3118-4",0
"MIR4509-1",0
"MIR4510",0
"MIR3942",0
"RNU6-1014P",0
"RN7SKP101",0
"RNU1-119P",0
"RN7SKP139",0
"RNA5SP394",0
"MIR4716",0
"RN7SL307P",0
"MIR4712",0
"RN7SL494P",0
"RNU2-53P",0
"RN7SL568P",0
"SNORD3P1",0
"RNA5SP397",0
"MIR2116",0
"RNU4-80P",0
"RNU6-1",0
"RNU6-745P",0
"MIR629",0
"RN7SL429P",0
"MIR6882",0
"RNU6-19P",0
"RNU6-380P",0
"MIR4513",0
"MIR5572",0
"RNU6-401P",0
"RNU6-1339P",0
"MIR3713",0
"RN7SKP217",0
"MIR1179",0
"RNU6-185P",0
"MIR7-2",0
"MIR3529",0
"MIR1469",0
"RN7SKP254",0
"RNU2-3P",0
"SNORD116-29",0
"SNORD116-30",0
"PWAR1",0
"DMAC1P1",0
"SNORD115-1",0
"SNORD115-2",0
"SNORD115-4",0
"SNORD115-5",0
"SNORD115-6",0
"SNORD115-7",0
"SNORD115-8",0
"SNORD115-9",0
"SNORD115-10",0
"SNORD115-11",0
"SNORD115-12",0
"SNORD115-13",0
"SNORD115-14",0
"SNORD115-15",0
"SNORD115-16",0
"SNORD115-17",0
"SNORD115-18",0
"SNORD115-19",0
"SNORD115-20",0
"SNORD115-21",0
"SNORD115-22",0
"SNORD115-23",0
"SNORD115-24",0
"SNORD115-25",0
"SNORD115-26",0
"SNORD115-27",0
"SNORD115-28",0
"SNORD115-29",0
"SNORD115-30",0
"SNORD115-31",0
"SNORD115-32",0
"SNORD115-33",0
"SNORD115-34",0
"SNORD115-35",0
"SNORD115-36",0
"SNORD115-37",0
"SNORD115-38",0
"SNORD115-39",0
"SNORD115-40",0
"SNORD115-41",0
"SNORD115-42",0
"SNORD115-43",0
"SNORD115-44",0
"SNORD115-45",0
"SNORD115-46",0
"SNORD115-47",0
"SNORD115-48",0
"SNORD109B",0
"RNU6-554P",0
"RNU6-354P",0
"HNRNPA1P44",0
"RNU6-18P",0
"DNM1P31",0
"RN7SL185P",0
"RN7SL539P",0
"GOLGA6L23P",0
"RN7SL214P",0
"CSPG4P11",0
"RN7SL331P",0
"UBE2Q2P8",0
"RN7SL417P",0
"CSPG4P5",0
"UBE2Q2P11",0
"PIN4P1",0
"POTEB",0
"SEMA6D",0
"MIR1233-1",0
"RNU7-195P",0
"RLBP1",0
"MIR6766",0
"MIR9-3",0
"H3P39",0
"SLC28A2",0
"RNU6-953P",0
"MIR147B",0
"SNORA41B",0
"DPPA5P2",0
"AHCYP7",0
"RN7SL354P",0
"RPL32P30",0
"MIR549A",0
"MIR4514",0
"ANP32BP3",0
"SLC28A1",0
"RNU6-339P",0
"RNU6-796P",0
"MIR422A",0
"RN7SL796P",0
"RN7SL628P",0
"RN7SL82P",0
"FDPSP4",0
"SPCS2P1",0
"ATP5PDP1",0
"TGM7",0
"MIR7973-2",0
"MIR7973-1",0
"PLIN1",0
"JMJD7",0
"JMJD7-PLA2G4B",0
"RNA5SP393",0
"MIR4310",0
"RNU6-132P",0
"ARPIN-AP3S2",0
"MIR5094",0
"SLC51B",0
"RASL12",0
"RNU6-686P",0
"MIR4508",0
"MAGEL2",0
"RNU6-741P",0
"PAQR5",0
"LINC02896",0
"MIR1266",0
"KBTBD13",0
"SNRPCP18",0
"MIR628",0
"RNU6-1169P",0
"ITPKA",0
"UBE2CP4",0
"TUBBP8",0
"NCAPGP2",0
"KRT18P47",0
"RN7SL484P",0
"RNA5SP402",0
"CERS3-AS1",0
"CERS3",0
"RN7SL363P",0
"SCARNA15",0
"RPL21P115",0
"RPL12P35",0
"RNU6-231P",0
"MIR548AP",0
"RNA5SP400",0
"AGBL1",0
"RNU6-1332P",0
"RNU6-966P",0
"RNU1-78P",0
"TERB2",0
"EXD1",0
"PLA2G4B",0
"BCL2L10",0
"DUOXA2",0
"COX6CP4",0
"LARP4P",0
"TPST2P1",0
"MIR8063",0
"MIR630",0
"RN7SL853P",0
"MIR4515",0
"BNC1",0
"MIR626",0
"ONECUT1",0
"MIR1302-10",0
"MIR6859-3",0
"CD24P2",0
"RNU6-1287P",0
"HMGB1P33",0
"RNU6-466P",0
"MIR211",0
"TMEM202",0
"PHB1P20",0
"MIR3174",0
"SH2D7",0
"ENTREP2",0
"ANKRD63",0
"RNU6-449P",0
"HNRNPA1P74",0
"DNM1P5",0
"MIR1233-2",0
"LINC02252",0
"TMCO5A",0
"BCAR1P1",0
"GOLGA6L4",0
"SCARNA14",0
"RPL9P25",0
"SNORD18C",0
"SNORD18B",0
"SNORD16",0
"SNORD18A",0
"RN7SL286P",0
"GREM1-AS1",0
"GOLGA8F",0
"ABCB10P3",0
"ABCB10P4",0
"RN7SL719P",0
"GOLGA8M",0
"MIR4311",0
"RNA5SP392",0
"PHGR1",0
"OR4M2",0
"RPL7P5",0
"H3P40",0
"ARHGAP11A-SCG5",0
"RNA5SP399",0
"GOLGA6L2",0
"GOLGA8G",0
"GOLGA6L25",0
"GOLGA6L26",0
"GOLGA6L24",0
"MIR6085",0
"MIR190A",0
"SCG5",0
"CCDC9B",0
"OR4F4",0
"RN7SL536P",0
"RNU1-77P",0
"GOLGA6L9-AS1",0
"LINC00928",0
"RHOV",0
"DLL4",0
"CYCSP2",0
"RN7SL278P",0
"KRT8P23",0
"RN7SL673P",0
"GOLGA8T",0
"RN7SL469P",0
"DNM1P30",0
"RNU6-17P",0
"RN7SL196P",0
"TTLL13",0
"RN7SL736P",0
"RPL21P114",0
"RNA5SP396",0
"RNU6-516P",0
"IGHV4OR15-8",0
"IGHV1OR15-4",0
"MIR1268A",0
"SPATA31E3P",0
"RN7SL545P",0
"RN7SL495P",0
"GOLGA6L22",0
"MIR4313",0
"RN7SL319P",0
"DNM1P49",0
"GOLGA8S",0
"OR4N4",0
"NPM1P47",0
"MIR8067",0
"MIR1272",0
"ASB9P1",0
"EGLN1P1",0
"RN7SL238P",0
"MIR4509-2",0
"MIR4509-3",0
"RPL31P6",0
"FAM149B1P1",0
"RN7SKP181",0
"SEPHS1P2",0
"SPESP1",0
"OR4F6",0
"OR4F15",0
"OR4F14P",0
"WBP1LP5",0
"SNORD13D",0
"NDUFB10P1",0
"RNU6-844P",0
"CYP19A1",0
"MIR4713",0
"MYL12BP1",0
"EIF4EBP2P2",0
"KRT8P50",0
"RN7SL428P",0
"MIR7706",0
"RNU7-79P",0
"GOLGA6C",0
"RN7SL489P",0
"RN7SL327P",0
"RPL13P4",0
"MIR627",0
"BNIP3P5",0
"CARS1P1",0
"GOLGA8DP",0
"SORD2P",0
"CSPG4P13",0
"GOLGA6FP",0
"COMMD4P1",0
"ADAMTS7P3",0
"UBE2Q2P16",0
"GOLGA2P7",0
"DNM1P51",0
"STRCP1",0
"ULK4P2",0
"DNM1P46",0
"OR4G2P",0
"WASH3P",0
"DDX11L9",0
"CHEK2P2",0
"WHAMMP4",0
"ADAMTS7P1",0
"UBE2Q2P2",0
"UBE2Q2P6",0
"CSPG4P10",0
"GOLGA2P10",0
"GOLGA6L17P",0
"ULK4P3",0
"GOLGA8EP",0
"HERC2P2",0
"GOLGA8IP",0
"GOLGA6EP",0
"ULK4P1",0
"GOLGA6L5P",0
"UBE2Q2P1",0
"LINC00933",0
"CATSPER2P1",0
"PDCD6IPP2",0
"EFL1P1",0
"HERC2P9",0
"SCAND2P",0
"OR4F13P",0
"CSPG4P12",0
"DNM1P47",0
"DNM1P34",0
"CYP11A1",0
"MIR6881",0
"MIR4714",0
"TTC23-AS1",0
"HNRNPA1P62",0
"WHAMMP3",0
"PDCD6IPP1",0
"GABRA5",0
"TVP23BP1",0
"RNA5SP391",0
"MED28P6",0
"RN7SL487P",0
"GOLGA6D",0
"GAPDHP55",0
"GJD2",0
"TUBAP11",0
"H3P38",0
"DUXAP6",0
"ENO1P2",0
"NOX5",0
"RPL29P30",0
"HMGN2P46",0
"ACTG1P17",0
"H2AZ2P1",0
"ANP32BP1",0
"PPIAP46",0
"TMCO5B",0
"MIR184",0
"ANKRD34C",0
"GCOM1",0
"SMAD3-AS1",0
"EPB42",0
"LONRF2P4",0
"CXADRP2",0
"GRAMD4P6",0
"POTEB3",0
"MIR3118-3",0
"NF1P9",0
"MIR5701-2",0
"LINC02203",0
"OR11K1BP",0
"OR4H6BP",0
"OR4M2B",0
"OR4N4C",0
"OR4N3BP",0
"NPAP1",0
"SNORD107",0
"PWAR5",0
"SNORD64",0
"SNORD108",0
"SNORD109A",0
"SNORD116-1",0
"SNORD116-2",0
"SNORD116-3",0
"SNORD116-4",0
"SNORD116-5",0
"SNORD116-6",0
"SNORD116-7",0
"SNORD116-8",0
"SNORD116-9",0
"SNORD116-10",0
"SNORD116-11",0
"SNORD116-12",0
"SNORD116-13",0
"SNORD116-14",0
"SNORD116-15",0
"SNORD116-16",0
"SNORD116-17",0
"SNORD116-18",0
"SNORD116-19",0
"SNORD116-20",0
"SNORD116-21",0
"SNORD116-22",0
"SNORD116-23",0
"SNORD116-24",0
"SNORD116-25",0
"SNORD116-26",0
"SNORD116-27",0
"SNORD116-28",0
"ANP32AP1",0
"NUTF2P6",0
"RBM17P4",0
"RN7SL677P",0
"RNA5SP401",0
"LINC01582",0
"RNU6-1186P",0
"FAM169BP",0
"RPL18P11",0
"RBPMS2",0
"AGBL1-AS1",0
"SPATA8-AS1",0
"SPATA8",0
"PWRN4",0
"LINGO1-AS2",0
"LINGO1-AS1",0
"C15orf32",0
"LINC02348",0
"FAM138E",0
"LINC02349",0
"SKOR1-AS1",0
"FBN1-DT",0
"SCG5-AS1",0
"RORA-AS2",0
"NTRK3-AS1",0
"LINC02852",0
"LINC00052",0
"LINC01491",0
"ATP10A-DT",0
"LINC01584",0
"RYR3-DT",0
"GJD2-DT",0
"CT62",0
"LINC01586",0
"CTXN2-AS1",0
"LINC02853",0
"LINC02568",0
"LINC00929",0
"GCAWKR",0
"LINC02248",0
"LINC03065",0
"INSYN1-AS1",0
"CARMAL",0
"POLGARF",0
"RNU6-978P",0
"IGHV1OR15-9",0
"IGHV1OR15-2",0
"IGHV3OR15-7",0
"IGHD5OR15-5A",0
"IGHD4OR15-4A",0
"IGHD3OR15-3A",0
"IGHD2OR15-2A",0
"IGHD1OR15-1A",0
"FAM30B",0
"HERC2P3",0
"GOLGA6L6",0
"MPHOSPH10P4",0
"RN7SL759P",0
"SPATA31E2P",0
"IGHV1OR15-6",0
"NBEAP1",0
"RNU6-498P",0
"LONRF2P3",0
"GRAMD4P5",0
"MIR3118-2",0
"POTEB2",0
"RNU6-749P",0
"ZNF519P2",0
"MIR5701-1",0
"LINC01193",0
"OR11J2P",0
"OR11J5P",0
"IGHD5OR15-5B",0
"IGHD4OR15-4B",0
"IGHD3OR15-3B",0
"IGHD2OR15-2B",0
"IGHD1OR15-1B",0
"FAM30C",0
"BCAR1P2",0
"RN7SL400P",0
"NBEAP4",0
"RNU6-1235P",0
"VPS33B-DT",0
"RPL7AP75",0
"DNM1P33",0
"DNM1P32",0
"MPHOSPH10P2",0
"DNM1P50",0
"GOLGA8UP",0
"HMGN2P47",0
"SMAD3-DT",0
"HMGN2P40",0
"OR4G6P",0
"GABARAPL3",0
"FSCN1P1",0
"BMS1P15",0
"RHPN2P1",0
"MPHOSPH10P3",0
"HERC2P1",0
"MPHOSPH10P7",0
"HERC2P11",0
"MPHOSPH10P6",0
"HERC2P6",0
"HMGN1P26",0
"DNM1P38",0
"ISCA1P4",0
"HERC2P7",0
"UBE2Q2P12",0
"GOLGA6L3P",0
"DNM1P28",0
"RPL36AP45",0
"NIFKP4",0
"COMMD4P2",0
"DNM1P41",0
"NF1P1",0
"PCSK6-AS1",0
"EWSAT1",0
"LINC02152",0
"ARHGDIG",0
"HS3ST4",0
"LINC01195",0
"RGS11",0
"TMC7",0
"LINC01177",0
"PCMTD1P2",0
"DUX4L47",0
"PPP1R1AP2",0
"DUX4L45",0
"TCERG1P2",0
"TMF1P1",0
"LINC00273",0
"RPL23AP72",0
"SPRING1P3",0
"HSPE1P16",0
"CAPNS2",0
"NPAP1L",0
"RPS27P27",0
"LINC02141",0
"FA2H",0
"PLA2G10GP",0
"VAT1L",0
"FOXC2",0
"HSPE1P7",0
"HCCAT5",0
"LINC02135",0
"DUXAP11",0
"CX3CL1",0
"FOXL1",0
"VN2R10P",0
"GNPATP",0
"MIR6859-4",0
"RN7SL850P",0
"MIR6769A",0
"RNU6-1340P",0
"MIR548W",0
"RNA5SP405",0
"RNA5-8SP2",0
"RNU4-58P",0
"RNU6-21P",0
"RN7SKP76",0
"RNA5SP430",0
"RNU6-758P",0
"RN7SKP233",0
"RNA5SP433",0
"MIR4719",0
"CLDN9",0
"CLDN6",0
"RNU1-125P",0
"RNU1-22P",0
"OR1F2P",0
"RPL7L1P19",0
"OR2C1",0
"MTND1P8",0
"C16orf90",0
"CORO7-PAM16",0
"SNORA30",0
"TMEM265",0
"CTF2P",0
"PRSS8",0
"ZP2",0
"LINC02164",0
"RPS3AP48",0
"SNRPCP20",0
"NPM1P3",0
"LINC01570",0
"MIR8065",0
"RNU7-99P",0
"RNU6-457P",0
"RNU6-328P",0
"MT4",0
"MT1M",0
"MT1A",0
"MT1CP",0
"MT1B",0
"SBK1",0
"MIR6862-1",0
"CDC37P2",0
"CDC37P1",0
"MIR6862-2",0
"MIR4721",0
"MIR4517",0
"SLC7A5P1",0
"GDPD3",0
"GPR139",0
"MT3",0
"PDIA2",0
"SEPTIN12",0
"SULT1A3",0
"PRM3",0
"PRM1",0
"MIR548H2",0
"RNU6-1191P",0
"BCO1",0
"MIR4720",0
"MIR6504",0
"RN7SL279P",0
"RPS27P26",0
"SNORD111B",0
"SNORD111",0
"CHST6",0
"DUXB",0
"RN7SL520P",0
"ATP5PBP7",0
"CPHXL",0
"RNA5SP403",0
"RNA5SP404",0
"IMPDH1P11",0
"RN7SL493P",0
"MIR3935",0
"RHBDF1",0
"HBZ",0
"HBZP1",0
"HBAP1",0
"HBA2",0
"HBQ1",0
"RNU6-359P",0
"MIR6773",0
"RNU4-30P",0
"RPL35AP33",0
"RNU4-36P",0
"RNA5SP432",0
"SLC38A8",0
"AHSP",0
"VN1R64P",0
"VN1R65P",0
"VN1R66P",0
"LINC00254",0
"HS3ST6",0
"RNU6ATAC25P",0
"MTCYBP33",0
"MTND6P33",0
"MTND5P33",0
"MTND4P34",0
"MTND4LP24",0
"MTND3P13",0
"MTCO3P24",0
"MTATP6P24",0
"SUB1P4",0
"MIR3177",0
"MIR6767",0
"MIR6768",0
"NTN3",0
"MIR3178",0
"MIR6506",0
"MIR484",0
"MIR662",0
"SNORD68",0
"PDZD9",0
"C16orf46",0
"RNA5SP426",0
"HMGB3P32",0
"MTCH2P3",0
"MIR6772",0
"RNU6-20P",0
"GAS8-AS1",0
"CICP25",0
"ACTG1P16",0
"RNY4P3",0
"RPL10P14",0
"MIR138-2",0
"MIR6863",0
"RPS24P17",0
"RPL23AP91",0
"MIR328",0
"KCTD19",0
"RN7SKP118",0
"RNU1-123P",0
"HSD11B2",0
"RPL17P40",0
"MIR3179-2",0
"MIR3670-2",0
"MIR3180-2",0
"MIR6511A2",0
"MIR6770-2",0
"MIR6511A3",0
"MIR1538",0
"CDH15",0
"LNCPTCTS",0
"RNU6-213P",0
"RPL15P20",0
"SNORA80C",0
"RNU7-61P",0
"RNU6-416P",0
"RNU6-1043P",0
"RN7SL645P",0
"PRSS54",0
"PLA2G10FP",0
"C16orf78",0
"ADAM3B",0
"MRPS21P7",0
"MRPS21P8",0
"RPL34P29",0
"MIR6771",0
"CKLF-CMTM1",0
"CMTM4",0
"BEAN1-AS1",0
"SNORA3C",0
"RNA5SP429",0
"SNRPEP3",0
"UMOD",0
"PDILT",0
"ACSM2A",0
"C16orf92",0
"RNU6-269P",0
"RNU6-1110P",0
"SNORA46",0
"SNORA50A",0
"RNU6-1155P",0
"RN7SL143P",0
"LINC01290",0
"C16orf82",0
"PRDM7",0
"PLEKHG4",0
"RNU6-944P",0
"TLE7",0
"RNU6-1061P",0
"RNU6-208P",0
"PHB1P21",0
"MTCH2P4",0
"RNA5SP427",0
"SLC6A2",0
"PPIAP50",0
"CLEC3A",0
"KRT8P22",0
"LSM3P5",0
"RNA5SP431",0
"LINC02186",0
"TVP23CP2",0
"PPL",0
"SEC14L5",0
"RNU7-24P",0
"RPL39P31",0
"RN7SL543P",0
"C16orf96",0
"RBM22P13",0
"IGHV1OR16-1",0
"IGHV1OR16-3",0
"IGHV3OR16-9",0
"ABHD17AP8",0
"PRSS33",0
"COX6CP16",0
"LINC00311",0
"MIR5093",0
"SOD1P2",0
"SALL1",0
"PPIAP49",0
"ABCC12",0
"RNU6-898P",0
"RNU6-22P",0
"DERPC",0
"SNORA10",0
"SNORA64",0
"SNORA78",0
"RNF151",0
"RN7SL219P",0
"MIR1225",0
"LINC01567",0
"DPEP1",0
"TMEM114",0
"MIR8058",0
"RN7SL134P",0
"MIR3182",0
"LARP7P2",0
"NRN1L",0
"DPEP2NB",0
"MIR3179-1",0
"MIR5189",0
"MIR4722",0
"RN7SL274P",0
"RNU6-159P",0
"RNU6-1241P",0
"RPL10AP12",0
"MIR6774",0
"SLC7A5P2",0
"RHBDL1",0
"CCNYL1B",0
"MIR193B",0
"MIR365A",0
"RN7SKP176",0
"SDR42E1",0
"MTCYBP28",0
"RN7SKP190",0
"ACTR3BP3",0
"PABPC1P13",0
"ABCD1P3",0
"IGHV2OR16-5",0
"IGHV3OR16-15",0
"IGHV3OR16-6",0
"IGHV1OR16-2",0
"IGHV3OR16-10",0
"IGHV1OR16-4",0
"IGHV3OR16-8",0
"RN7SKP142",0
"UBL5P4",0
"TIPINP2",0
"RPS3AP2",0
"PTX4",0
"CHD9NB",0
"PRSS41",0
"TP53TG3D",0
"NPIPA7",0
"TP53TG3",0
"CPHXL2",0
"CA5A",0
"RNA5SP428",0
"BOLA2",0
"RN7SL557P",0
"AQP8",0
"PKD1-AS1",0
"MIR6511B1",0
"MIR4516",0
"MIR3180-5",0
"SNORD60",0
"DNASE1L2",0
"MIR3677",0
"MIR940",0
"MIR4717",0
"MIR5587",0
"MIR3176",0
"PRR35",0
"DDX11L10",0
"MT1JP",0
"MT1IP",0
"ABCA3P1",0
"PLA2G10CP",0
"SNX29P2",0
"PDXDC2P",0
"FRG2KP",0
"PDPK2P",0
"URAHP",0
"TUBB8P7",0
"HERC2P4",0
"RRN3P3",0
"OTOAP1",0
"PDPR2P",0
"ABCC6P2",0
"HERC2P5",0
"SLC6A10P",0
"HERC2P8",0
"TMEM231P1",0
"SMG1P1",0
"RRN3P1",0
"SMG1P3",0
"MT1DP",0
"MPHOSPH10P1",0
"MT1L",0
"SMG1P7",0
"VWA3A",0
"MIR140",0
"TP53TG3F",0
"CHEK2P6",0
"BMS1P8",0
"ENPP7P13",0
"IGHV3OR16-12",0
"IGHV3OR16-13",0
"IGHV3OR16-11",0
"ARHGAP23P1",0
"IGHV3OR16-7",0
"IGHV3OR16-16",0
"ABHD17AP9",0
"TP53TG3C",0
"PLA2G10IP",0
"NPIPA8",0
"PKD1P4",0
"MIR6511A4",0
"MIR6770-3",0
"MIR3180-3",0
"MIR3670-3",0
"MIR3179-3",0
"MIR3670-4",0
"MIR3179-4",0
"ABCC6P1",0
"MIR3670-1",0
"MIR3180-1",0
"PKD1P3",0
"MIR6511A1",0
"MIR6770-1",0
"NPIPP1",0
"MIR6511B2",0
"MIR3180-4",0
"PRSS30P",0
"NPIPB9",0
"RNU6-355P",0
"MIR4718",0
"RPL35AP34",0
"NPIPB7",0
"ANKRD26P1",0
"RNU6-845P",0
"RAB43P1",0
"CKBP1",0
"RBM22P12",0
"CLUHP3",0
"VN1R67P",0
"VN1R3",0
"RPL23AP86",0
"KREMEN2",0
"FBXL16",0
"MSLNL",0
"CBLN1",0
"CDH5",0
"DYNC1LI2-DT",0
"TERB1",0
"CA7",0
"PRSS22",0
"TPSG1",0
"PRSS29P",0
"TPSP2",0
"SSTR5",0
"C1QTNF8",0
"APOOP5",0
"PPIAP48",0
"RPS27AP16",0
"RPS2P45",0
"CASP16P",0
"ABCA15P",0
"ABCA17P",0
"CENPBD1P",0
"CDIPTOSP",0
"FBXL9P",0
"AFG3L1P",0
"SULT1A1",0
"UBE2FP2",0
"RPS15AP34",0
"PKD1P6",0
"NPIPA9",0
"PKD1L2",0
"CES1P1",0
"TEDC2-AS1",0
"TP53TG3E",0
"TP53TG3B",0
"CCNYL3",0
"CLUHP11",0
"NAMPTP3",0
"VPS35P1",0
"VN1R68P",0
"VN1R69P",0
"UBE2MP1",0
"SLC25A1P4",0
"RARRES2P5",0
"FGFR3P5",0
"RARRES2P9",0
"AGGF1P9",0
"C2orf69P4",0
"FRG2GP",0
"AGGF1P4",0
"RARRES2P7",0
"C2orf69P3",0
"ZNF971P",0
"FRG2DP",0
"RARRES2P10",0
"AGGF1P6",0
"C2orf69P2",0
"TP53TG3HP",0
"RARRES2P8",0
"AGGF1P7",0
"C2orf69P1",0
"C1QL1P1",0
"KIF18BP1",0
"RNA5SP406",0
"RNA5SP407",0
"RNA5SP408",0
"RNA5SP409",0
"LINC02167",0
"RNA5SP410",0
"RNA5SP411",0
"RNA5SP412",0
"RNA5SP413",0
"RNA5SP414",0
"RNA5SP415",0
"RNA5SP416",0
"RNA5SP417",0
"RNA5SP418",0
"RNA5SP419",0
"RNA5SP420",0
"RNA5SP421",0
"RNA5SP422",0
"RNA5SP423",0
"VN1R70P",0
"MOCS1P1",0
"KLF8P1",0
"RNU6-257P",0
"UNGP1",0
"CASC22",0
"TOX3",0
"IRX3",0
"MTND5P34",0
"RN7SL841P",0
"IRX6",0
"RPL31P56",0
"CLEC19A",0
"RNU4-46P",0
"DYNLRB2-AS1",0
"HSD17B2-AS1",0
"LINC01566",0
"LINC02124",0
"LINC02131",0
"CDH13-AS1",0
"LINC02189",0
"LINC02129",0
"FENDRR",0
"LINC02192",0
"LINC02138",0
"LINC02190",0
"LINC00922",0
"LINC01228",0
"LINC02181",0
"LINC02134",0
"SSTR5-AS1",0
"LINC02178",0
"LINC02130",0
"CDH8-AS1",0
"LINC02169",0
"LINC01081",0
"LINC01082",0
"ARLNC1",0
"LINC02133",0
"FOXC2-AS1",0
"LINC02127",0
"LINC02165",0
"LINC02128",0
"LINC00919",0
"LINC02136",0
"LINC00917",0
"LINC02183",0
"LINC03064",0
"WASIR2",0
"LINC02184",0
"LINC01571",0
"C4orf46P1",0
"WASH4P",0
"BCAP31P1",0
"HMGN2P3",0
"RPL18P13",0
"VPS51P1",0
"GAPDHP35",0
"PLA2G10DP",0
"PLA2G10KP",0
"PLA2G10HP",0
"CA5AP1",0
"PLA2G10JP",0
"PKD1P1",0
"PKD1P2",0
"NCOA5LP",0
"CES1P2",0
"ATP5F1AP3",0
"PLA2G10BP",0
"SCML2P2",0
"CHEK2P7",0
"TP53TG3GP",0
"FRG2JP",0
"RARRES2P6",0
"FRG2HP",0
"FRG2IP",0
"AGGF1P5",0
"RNU7-90P",0
"KRT18P18",0
"RNU7-71P",0
"CARHSP1-DT",0
"LITAFD",0
"LINC02177",0
"RYKP1",0
"RPL34P31",0
"RPS16P8",0
"SLC6A4",0
"TUFMP1",0
"SRSF6P2",0
"G6PC1",0
"VN1R71P",0
"SMCR2",0
"B4GALNT2P1",0
"RPL5P33",0
"KIF2B",0
"NME1-NME2",0
"ARL2BPP8",0
"PDLIM1P3",0
"ISCA1P3",0
"MARCHF10",0
"CASC17",0
"TMEM100",0
"RNU6-468P",0
"RNU6-990P",0
"MIR4522",0
"RNU6-1267P",0
"RNA5SP526",0
"MIR423",0
"RNU6-287P",0
"MIR3184",0
"MIR8059",0
"MIR6129",0
"RNU6-928P",0
"RNA5SP445",0
"MIR634",0
"RNU7-155P",0
"PTGES3L-AARSD1",0
"SNORA38B",0
"RPL17P41",0
"ARHGAP27P2",0
"ALDH3A1",0
"NDUFB4P3",0
"RN7SL449P",0
"RNU7-134P",0
"CCDC182",0
"RN7SKP94",0
"EVPLL",0
"TBC1D3P4",0
"YWHAEP2",0
"TNPO1P2",0
"SRP68P2",0
"FBXW10",0
"RN7SL627P",0
"SENP3-EIF4A1",0
"SNORA48",0
"SNORD10",0
"SNORA67",0
"SHBG",0
"EFNB3",0
"OR1D5",0
"OR1P1",0
"OR1E3",0
"RPS29P22",0
"MIR4723",0
"MIR22",0
"HNRNPA1P19",0
"OLA1P2",0
"SCDP1",0
"RNU6-1178P",0
"SPECC1P2",0
"LINC02097",0
"SOX9",0
"SPPL2C",0
"MAPT-IT1",0
"STH",0
"MIR6165",0
"RNU6-1313P",0
"MIR4740",0
"MIR3186",0
"RNU6-767P",0
"ACTG1P24",0
"TSEN15P1",0
"NXPH3",0
"PLSCR3",0
"TMEM256-PLSCR3",0
"SPEM1",0
"SPEM2",0
"SPEM3",0
"SCARNA21",0
"ALOX12B",0
"HES7",0
"MIR6883",0
"SNORD118",0
"ARHGEF15",0
"ODF4",0
"RNU7-43P",0
"CCDC42",0
"RPL19P18",0
"USP43",0
"NPM1P45",0
"MYH8",0
"MYH4",0
"PIRT",0
"RNU6-1065P",0
"RPL15P21",0
"RN7SL601P",0
"MIR744",0
"MIR1269B",0
"MIR548H3",0
"CDRT15",0
"RPL23AP76",0
"RNU6-24P",0
"SNORD1C",0
"SNORD1B",0
"SNORD1A",0
"ST6GALNAC1",0
"RNY4P36",0
"MIR636",0
"SCARNA16",0
"MIR6516",0
"MIR4316",0
"SMCO4P1",0
"RN7SL819P",0
"RPL6P26",0
"ADAM11",0
"HIGD1B",0
"KIF18B-DT",0
"TEX19",0
"NARF-AS1",0
"MIR4731",0
"RNU6-799P",0
"RN7SL792P",0
"MAPK8IP1P1",0
"KYNUP3",0
"MIR1180",0
"RNF112",0
"LINC02094",0
"RPL17P43",0
"MIR6786",0
"FSCN2",0
"MIR4738",0
"TEN1",0
"RN7SL33P",0
"SAMD11P1",0
"MIR6776",0
"MIR1253",0
"MIR3614",0
"MSX2P1",0
"EPX",0
"TMEM95",0
"MYOCD",0
"H3P41",0
"RPS12P28",0
"SNORD42A",0
"SNORD4B",0
"RPL31P58",0
"MIR6868",0
"OR1D3P",0
"RNU2-58P",0
"MIR454",0
"MIR301A",0
"RTN4RL1",0
"OVCA2",0
"MIR132",0
"MCUR1P1",0
"RN7SL624P",0
"SMG6-IT1",0
"SNORD91B",0
"SNORD91A",0
"DENRP3",0
"ACE3P",0
"RPL31P57",0
"MIR3064",0
"MIR5047",0
"KPNA2P3",0
"TRIM80P",0
"MIR3678",0
"RNU6-938P",0
"OOSP1P2",0
"MIR632",0
"GGT6",0
"SMTNL2",0
"RNU6-955P",0
"TM4SF5",0
"ATP6V0CP1",0
"RN7SL784P",0
"MIR5010",0
"ATP5MGP7",0
"HMGB3P27",0
"RNU1-80P",0
"EIF5AP2",0
"RNU7-97P",0
"MIR548AT",0
"RNU6-258P",0
"RNU6-467P",0
"SLC47A2",0
"DHRS7C",0
"RNA5SP443",0
"KRT222",0
"KRT224P",0
"KRT25",0
"KRT27",0
"KRT28",0
"KRT20",0
"KRT23",0
"GH1",0
"SNORD104",0
"SNORA50C",0
"PPY",0
"RNU6-131P",0
"MIR6782",0
"LHX1",0
"MIR2909",0
"GCGR",0
"PPP1R27",0
"NPB",0
"MYADML2",0
"NOTUM",0
"CCR10",0
"MIR6780A",0
"RPS4XP17",0
"RNU6-840P",0
"FNDC8",0
"SPICP2",0
"ATP5MGP6",0
"KRTAP17-1",0
"TBC1D3P7",0
"KRT33B",0
"KRT31",0
"KRT41P",0
"KRT37",0
"MIR6785",0
"OR4D2",0
"RPL12P37",0
"MIR657",0
"MIR3065",0
"MIR338",0
"MIR1250",0
"PVALEF",0
"MIR3183",0
"BHLHA9",0
"TRARG1",0
"MIR4525",0
"FN3K",0
"PTGES3L",0
"SUMO2P7",0
"SGCA",0
"RPL36AP47",0
"EFCAB3",0
"RNU7-52P",0
"SHC1P2",0
"SLC4A1",0
"RN7SL507P",0
"RNU6-453P",0
"RPL7L1P5",0
"MIR378J",0
"RNU6-489P",0
"MIR451A",0
"MIR451B",0
"MIR144",0
"MIR4732",0
"FADS6",0
"USH1G",0
"OTOP3",0
"RNU6-362P",0
"RN7SL573P",0
"OR1D2",0
"SETP3",0
"OR1AC1P",0
"OR1E1",0
"OR1E2",0
"RNASEK-C17orf49",0
"MIR195",0
"MIR497",0
"BCL6B",0
"GAS2L2",0
"MMP28",0
"C17orf50",0
"RNU6-920P",0
"KRT34",0
"KCNJ16",0
"TBC1D3E",0
"OR1A2",0
"TBC1D3C",0
"RN7SL716P",0
"SNRPGP17",0
"RNU4-13P",0
"CD300LD",0
"KRTAP3-3",0
"KRTAP3-2",0
"KRTAP3-4P",0
"KRTAP3-1",0
"KRTAP1-5",0
"KRTAP1-3",0
"KRTAP1-1",0
"KRTAP2-3",0
"KRTAP2-4",0
"KRTAP2-5P",0
"KRTAP4-11",0
"KRTAP4-12",0
"KRTAP4-5",0
"KRTAP4-4",0
"CORO6",0
"OR4D1",0
"ZNF29P",0
"ZNF286A-TBC1D26",0
"TBC1D26",0
"TOMM20P2",0
"SLFN14",0
"SNORD7",0
"RN7SL138P",0
"MIR4733",0
"SEC24AP1",0
"MIR4524B",0
"MIR4524A",0
"KRT43P",0
"KRT32",0
"RNU2-32P",0
"KRT36",0
"MIR6510",0
"LINC00974",0
"KRT9",0
"KRT35",0
"RNA5SP448",0
"C1QTNF1",0
"MIR4739",0
"CBX2",0
"AK4P1",0
"RN7SL45P",0
"MIR4724",0
"RNU6ATAC7P",0
"TBC1D3L",0
"RNU6-1264P",0
"BTF3P14",0
"MIR4315-1",0
"RDM1P1",0
"RPSAP66",0
"RNU6-623P",0
"RN7SL606P",0
"HMGN1P28",0
"RN7SL448P",0
"RPLP1P11",0
"RNU6-314P",0
"RNU6-862P",0
"SNORD49B",0
"SNORD49A",0
"SNORD65",0
"KRTAP2-1",0
"KRTAP4-8",0
"KRTAP1-4",0
"KLHL10",0
"CSHL1",0
"MPP2",0
"POLR3KP2",0
"KRTAP16-1",0
"GSG1L2",0
"MIR4726",0
"RNA5SP440",0
"RNU6-866P",0
"SPMAP1",0
"KCNH6",0
"MIR633",0
"TRMT112P3",0
"DNAJB6P8",0
"MIR6865",0
"MIR4730",0
"NPTX1",0
"RPL32P31",0
"RPL31P7",0
"MIR1268B",0
"RNA5SP438",0
"CCL11",0
"TBC1D28",0
"RNU1-108P",0
"RNU1-52P",0
"RNVU1-34",0
"RNU6-518P",0
"RPL35AP35",0
"MYL4",0
"RNU7-186P",0
"CPDP1",0
"NOS2",0
"SCGB1C2",0
"OR1G1",0
"RN7SL236P",0
"TMEM235",0
"RNASEH1P2",0
"RNU6-405P",0
"RN7SL620P",0
"SRP68P1",0
"FAM106C",0
"COTL1P1",0
"WNT9B",0
"RNU6ATAC3P",0
"MIR5089",0
"RPRML",0
"KRTAP4-3",0
"KRTAP4-2",0
"KRTAP4-17P",0
"KRTAP9-2",0
"KRTAP9-3",0
"KRTAP9-8",0
"KRTAP9-4",0
"KRTAP9-11P",0
"KRTAP9-10P",0
"KRTAP29-1",0
"CSH2",0
"GH2",0
"KRTAP9-6",0
"KRTAP9-7",0
"TBC1D3H",0
"RNU6-1192P",0
"TBC1D3F",0
"TBC1D3JP",0
"MTND6P35",0
"MTCYBP13",0
"MTND1P15",0
"MTND2P13",0
"NMTRS-TGA3-1",0
"MTATP6P3",0
"MTCO3P13",0
"SLC13A2",0
"FOXN1",0
"MIR142",0
"MIR4736",0
"KRTAP4-6",0
"IGBP1C",0
"KRTAP4-9",0
"TBC1D3K",0
"KRTAP4-7",0
"OR1R1P",0
"KRTAP2-2",0
"TMEM238L",0
"KRTAP4-16",0
"TNFSF12-TNFSF13",0
"RNU2-1",0
"MRPS21P9",0
"EPN3",0
"ANKFN1",0
"RPL39P33",0
"NOG",0
"KCNJ12",0
"PDLIM1P2",0
"KCNJ18",0
"SOST",0
"CD300LG",0
"RPL9P2",0
"LYZL6",0
"CCL16",0
"CCL15-CCL14",0
"CCL15",0
"RN7SL301P",0
"TBC1D3I",0
"MIR4523",0
"RNU6-1034P",0
"SRP68P3",0
"FAM106B",0
"LGALS9B",0
"TBC1D3P3",0
"MIR6778",0
"GPR179",0
"SPACA3",0
"HOXB1",0
"MIR10A",0
"HOXB5",0
"HOXB8",0
"MIR196A1",0
"MIR3615",0
"KRT17P5",0
"KRT17P2",0
"KRT16P1",0
"NOS2P2",0
"USP32P2",0
"PYY2",0
"PPY2P",0
"ZNF286B",0
"TBC1D27P",0
"OR1D4",0
"TBC1D3P2",0
"YWHAEP7",0
"OR3A4P",0
"KRT42P",0
"UBBP4",0
"LRRC37A11P",0
"NOS2P1",0
"USP32P1",0
"KRT16P6",0
"KRT16P2",0
"KRT17P1",0
"KRT17P4",0
"AOC4P",0
"CCDC144NL",0
"NPEPPSP1",0
"TRIM16L",0
"KRT223P",0
"USP32P3",0
"NOS2P3",0
"KRT16P3",0
"KRT17P7",0
"LINC00674",0
"RN7SL454P",0
"MIR6787",0
"RNU2-4P",0
"RNU6-1137P",0
"RNU6-470P",0
"MIR2117HG",0
"MIR2117",0
"RNU6-406P",0
"RNU6-971P",0
"CRHR1",0
"MIR6784",0
"RAC3",0
"HAP1",0
"RNA5SP442",0
"RN7SL399P",0
"AXIN2",0
"APOH",0
"RNA5SP444",0
"GARS1P1",0
"RNU6-1249P",0
"SMIM36",0
"RN7SL405P",0
"MIR6783",0
"RNU6-298P",0
"RNU6-1134P",0
"GPR160P2",0
"OR3A1",0
"H3P42",0
"KRTAP9-1",0
"TBC1D3P5",0
"RNU6-233P",0
"FAM187A",0
"DHX40P1",0
"TBC1D3P1",0
"MIR4737",0
"RN7SL800P",0
"WEE1P2",0
"RPL23AP87",0
"KRT16P4",0
"RPL29P2",0
"MAGOH2P",0
"RPL21P122",0
"RNF126P1",0
"RDM1P5",0
"HMGB1P24",0
"RPL12P38",0
"SH3GL1P1",0
"KRT18P55",0
"DBIL5P",0
"LINC02210",0
"TCAM1P",0
"H1-9P",0
"WFDC21P",0
"KRTAP9-9",0
"AIPL1",0
"RNA5SP435",0
"C17orf100",0
"MIR4520-1",0
"MIR4520-2",0
"ALOX15P1",0
"RPL23AP73",0
"OR3A2",0
"OR3A3",0
"C17orf114",0
"RNY4P13",0
"H2BN1",0
"WSCD1",0
"ALOXE3",0
"RN7SL774P",0
"KYNUP2",0
"SNORD3D",0
"RPL32P33",0
"RN7SKP180",0
"ROCR",0
"TEKT1",0
"ALOX12P2",0
"MRPL45P2",0
"ALOX12P1",0
"TBC1D29P",0
"SMURF2P1",0
"SH3GL1P2",0
"LRRC37BP1",0
"RN7SL316P",0
"C17orf78",0
"SNORA21B",0
"SNORA21",0
"HSF5",0
"TBX2",0
"LINC02875",0
"TBX4",0
"LINC02210-CRHR1",0
"MIR6080",0
"MIR4315-2",0
"RDM1P4",0
"SLC16A6P1",0
"AMZ2P1",0
"CACNG5",0
"RNA5SP446",0
"CACNG4",0
"CACNG1",0
"RNA5SP447",0
"EPN2-AS1",0
"SLC47A1P1",0
"MTND1P14",0
"NMTRQ-TTG12-1",0
"MTND2P12",0
"MTCO1P39",0
"SLC47A1P2",0
"HOXB-AS2",0
"ZSWIM5P1",0
"RNA5SP436",0
"ZFP3-DT",0
"COX6B1P2",0
"PRAC1",0
"HOXB13",0
"RN7SL125P",0
"RNU1-42P",0
"GIP",0
"RNU6-826P",0
"C1QL1",0
"MIR152",0
"RNU6-1201P",0
"MIR1203",0
"NEUROD2",0
"PPP1R1B",0
"PNMT",0
"MIR4728",0
"LRRC3C",0
"CSF3",0
"CDRT8",0
"LINC00670",0
"LINC01973",0
"LINC01180",0
"LINC00469",0
"LINC01497",0
"LINC02079",0
"LINC02089",0
"LINC02096",0
"ABCA9-AS1",0
"LINC01987",0
"LINC01979",0
"HID1-AS1",0
"LINC02002",0
"FAM27E5",0
"LINC01982",0
"LINC02003",0
"ERVE-1",0
"RPH3AL-AS2",0
"TMEM132E-DT",0
"LINC01028",0
"TMEM105",0
"MYOCD-AS1",0
"MIR365BHG",0
"LINC02078",0
"LINC02093",0
"SEPTIN9-DT",0
"LINC02090",0
"CACNA1G-AS1",0
"DCXR-DT",0
"MIR21",0
"MIR6777",0
"MIR33B",0
"BRI3P3",0
"MIR6884",0
"SNORD124",0
"MIR6866",0
"MIR6867",0
"PPIAP54",0
"RNA5SP441",0
"RPL23AP75",0
"TNS4",0
"LINC02076",0
"GTF2IP6",0
"CDRT15P1",0
"NSFP1",0
"PTP4A2P1",0
"HSD17B1P1",0
"RPL7AP64",0
"SPDYE22P",0
"TBC1D26-AS1",0
"NCOR1P2",0
"FTLP13",0
"RPS26P8",0
"FTLP12",0
"NOS2P4",0
"KRTAP9-12P",0
"YWHAEP3",0
"KRT16P5",0
"COTL1P2",0
"LRRC37A9P",0
"RPL29P31",0
"MSANTD3P1",0
"KYNUP1",0
"SPICP3",0
"BPTFP1",0
"RPL36AP48",0
"CDRT15P2",0
"IL6STP1",0
"CDRT15L2",0
"MEIS3P2",0
"LINC02088",0
"LINC01975",0
"RNA5SP434",0
"LINC01928",0
"SLC25A3P3",0
"COP1P1",0
"COX6CP3",0
"RPS4XP18",0
"PPIAP57",0
"AKAIN1",0
"RPS8P3",0
"NPM1P1",0
"ZBTB7C-AS1",0
"SKA1",0
"RPS24P18",0
"MAP1LC3P",0
"RIT2",0
"CTAGE1",0
"POLR3GP2",0
"HRH4",0
"ATP7BP1",0
"ARK2C",0
"RPSAP57",0
"ZBTB7C-AS2",0
"ST8SIA3",0
"CCDC68",0
"RPLP0P11",0
"MRPS5P4",0
"ARIH2P1",0
"HMGN1P31",0
"RPIAP1",0
"FBXO15",0
"MC4R",0
"LINC01903",0
"RPL31P9",0
"LINC03111",0
"CTBP2P3",0
"BDP1P",0
"CDH20",0
"MTL3P",0
"RPL30P14",0
"SINHCAFP2",0
"RAC1P1",0
"AIDAP3",0
"NPM1P2",0
"GALR1",0
"SCML2P1",0
"AKR1B10P2",0
"PLEKHB2P1",0
"SDHCP1",0
"CBLN2",0
"KRT8P5",0
"LINC01898",0
"KRT18P8",0
"EIF4A3P1",0
"PRPF19P1",0
"NETO1",0
"LINC01910",0
"LARP7P3",0
"LINC01477",0
"RPL12P40",0
"CNDP1",0
"RPL17P45",0
"LINC01916",0
"SLC25A51P2",0
"NFE2L3P1",0
"RN7SKP72",0
"RNU6-349P",0
"RN7SL282P",0
"RN7SL50P",0
"MIR4317",0
"RNU6-916P",0
"RNU6-903P",0
"RN7SL97P",0
"RNU6-1289P",0
"MIR302F",0
"RNU6-408P",0
"MIR3929",0
"MIR4318",0
"MIR924",0
"MIR5583-2",0
"MIR5583-1",0
"RNU6-1242P",0
"RN7SKP182",0
"RNA5SP454",0
"RNA5SP455",0
"MIR187",0
"MIR4743",0
"MIR4527",0
"RNU6-706P",0
"RNU6-708P",0
"RNA5SP458",0
"RNU6-737P",0
"RNU6-116P",0
"RN7SL342P",0
"RNA5SP456",0
"RNU4-17P",0
"RNU6-567P",0
"MIR5011",0
"RNU6-142P",0
"RNU6-1037P",0
"RN7SL795P",0
"RNA5SP460",0
"MIR548AV",0
"RNU6-39P",0
"RNU6-655P",0
"RPL31P59",0
"IGLJCOR18",0
"RPL21P127",0
"BOD1P1",0
"RNU6-1131P",0
"SKOR2",0
"DSG3",0
"RN7SKP44",0
"CDH2",0
"MIR4744",0
"PRR13P4",0
"RPL17-C18orf32",0
"MIR1539",0
"SNORD58C",0
"SNORD58A",0
"SNORD58B",0
"SRP72P1",0
"LIPG",0
"RNU1-46P",0
"TCF4-AS1",0
"RPL21P126",0
"AQP4",0
"RSL24D1P11",0
"LINC01897",0
"HMGN1P30",0
"MIR122",0
"MIR3591",0
"SNORA108",0
"RPL9P31",0
"RNU6-219P",0
"RNU2-69P",0
"ARHGAP28",0
"PMM2P1",0
"MIR6788",0
"RNU6-120P",0
"EXOGP1",0
"MIR320C1",0
"ATP5MC1P6",0
"ANKRD62",0
"RNU6-324P",0
"PMM2P2",0
"PPIAP56",0
"RNU6-170P",0
"MIR4319",0
"MIR4526",0
"RNU7-25P",0
"RNU6-857P",0
"DSC3",0
"DSC1",0
"RNU6-167P",0
"PSMA8",0
"RNA5SP453",0
"CLUHP6",0
"SERPINB13",0
"SERPINB4",0
"SERPINB11",0
"SERPINB3",0
"ASXL3-DT",0
"DYNAPP2",0
"DYNAPP3",0
"RN7SL551P",0
"SERPINB12",0
"LINC02979",0
"RNU7-129P",0
"THEMIS3P",0
"AKR1B1P6",0
"B4GALT6",0
"RBFADN",0
"SLC25A6P4",0
"IL9RP4",0
"MIR8078",0
"BOLA2P1",0
"LINC01904",0
"KATNBL1P3",0
"RNU6-340P",0
"CETN1",0
"RN7SKP146",0
"LRRC30",0
"LINC03101",0
"LONRF2P1",0
"GRAMD4P7",0
"RNU6-1021P",0
"OR4K7P",0
"OR4K8P",0
"SNX19P3",0
"VN1R74P",0
"GTF2IP8",0
"RNU6-1210P",0
"MIR3156-2",0
"LINC01906",0
"RN7SL862P",0
"PIGPP4",0
"RPS27P28",0
"STARD6",0
"MIR133A1",0
"MIR1-2",0
"RNU6-1038P",0
"RNA5SP451",0
"TOMM20P3",0
"RNU5F-3P",0
"MIR3976",0
"GRP",0
"RAX",0
"CPLX4",0
"RPS26P54",0
"GLUD1P4",0
"RNY4P37",0
"RNU6-1278P",0
"ELOA3DP",0
"ELOA3BP",0
"ELOA3P",0
"SERPINB7",0
"RPL12P39",0
"SCARNA17",0
"RNA5SP457",0
"ADAD1P2",0
"MIR4320",0
"RN7SL310P",0
"MYO5B",0
"STK25P1",0
"EIF4A2P1",0
"MC2R",0
"FRG2LP",0
"SERPINB10",0
"RPL17P44",0
"SLC35G4",0
"MIR7153",0
"ASNSP6",0
"GAD3P",0
"ROCK1P1",0
"NPIPB1P",0
"RNU6-346P",0
"ANKRD20A5P",0
"RNU6-316P",0
"RHOT1P1",0
"CYP4F35P",0
"FEM1AP2",0
"TUBB8B",0
"RN7SL39P",0
"MIR6718",0
"RNU6-831P",0
"ELOCP27",0
"VN1R76P",0
"MIR4528",0
"RPL29P32",0
"CUPIN1P",0
"RPL7AP67",0
"HNRNPA3P16",0
"RPL17P46",0
"SS18L2P2",0
"RSL24D1P9",0
"RPS10P27",0
"KIAA0895LP1",0
"ADGRA3P1",0
"CHORDC1P4",0
"CBX3P2",0
"CXADRP3",0
"RPLP0P12",0
"ELOA3CP",0
"LRRC37A7P",0
"ZNF271P",0
"RN7SL401P",0
"SMIM21",0
"CCND3P2",0
"ZNF516-DT",0
"ARL2BPP1",0
"RNA5SP461",0
"BNIP3P3",0
"RNU6-721P",0
"RNU6ATAC20P",0
"RNU6-702P",0
"RNU6-1032P",0
"UBE2CP2",0
"MIR4741",0
"RN7SL745P",0
"MIR8057",0
"CHST9",0
"ATP6V1E1P2",0
"UBA52P9",0
"RBM22P1",0
"PA2G4P3",0
"WBP11P1",0
"DSCAS",0
"LINC01538",0
"SLC25A52",0
"RNU6-1050P",0
"RNU5A-6P",0
"RNA5SP452",0
"RNU6-435P",0
"MIR320C2",0
"LINC01926",0
"LINC01415",0
"GACAT2",0
"LINC02958",0
"LINC01444",0
"LINC01254",0
"LINC02856",0
"LINC01541",0
"LINC01925",0
"LINC01915",0
"ARHGAP28-AS1",0
"DLGAP1-AS4",0
"LINC01917",0
"ZNF24TR",0
"LINC01895",0
"LINC01900",0
"GATA6-AS1",0
"LIVAR",0
"LINC02582",0
"LINC01901",0
"LINC01902",0
"ST8SIA5-DT",0
"LINC00683",0
"LINC01927",0
"DSG1-AS1",0
"LINC01893",0
"LINC01029",0
"LINC01896",0
"PCAT18",0
"NETO1-DT",0
"PPP4R1-AS1",0
"LINC02564",0
"LINC02837",0
"PPIAP14",0
"FAM32DP",0
"WBP2P1",0
"SDHDP1",0
"FGF7P1",0
"SMUG1P1",0
"NF1P5",0
"RPL23AP77",0
"LINC01887",0
"ADRA1D",0
"DEFB129",0
"ANGPT4",0
"DYNLT3P1",0
"EEF1A1P34",0
"DEFB125",0
"SRSF10P2",0
"LIN28AP3",0
"DEFB128",0
"DEFB126",0
"RPL7P2",0
"EIF4E2P1",0
"CST5",0
"RPL7AP13",0
"CENATACP1",0
"PGAM3P",0
"RPS11P1",0
"GAPDHP2",0
"PCMTD1P7",0
"CFTRP2",0
"GGTLC1",0
"POM121L3P",0
"CST2",0
"CFTRP3",0
"DEFB127",0
"DUX4L32",0
"DUX4L33",0
"DEFB115",0
"CST2P1",0
"CST9L",0
"LINC01734",0
"DHX35-DT",0
"GAPDHP54",0
"WFDC11",0
"RPL35AP",0
"ATG3P1",0
"SLC2A10",0
"CDH22",0
"CFAP61-AS1",0
"RPL27AP9",0
"TP53RK-DT",0
"MC3R",0
"RPL13P14",0
"DKKL1P1",0
"GAPDHP53",0
"CST9LP2",0
"RBBP8NL",0
"LINC00687",0
"CSTP2",0
"PHACTR3-AS1",0
"LINC01056",0
"ANAPC13P1",0
"SALL4",0
"SCP2D1",0
"BHLHE23",0
"RPSAP1",0
"RPL29P35",0
"FRG2EP",0
"GATA5",0
"AGGF1P10",0
"RPL7P3",0
"PIEZO1P1",0
"LLPHP1",0
"MRPS11P1",0
"RN7SL547P",0
"RN7SL607P",0
"RN7SKP111",0
"RNU6-1257P",0
"RN7SL690P",0
"RNU1-23P",0
"RNA5SP528",0
"MIR4755",0
"RNU6-639P",0
"RNA5SP532",0
"RN7SL116P",0
"RN7SL680P",0
"RNU7-144P",0
"RNU6-347P",0
"RNU7-6P",0
"RNU6-497P",0
"RNA5SP487",0
"MIR3194",0
"RNU6-929P",0
"RNU4ATAC7P",0
"RNU7-141P",0
"MIR1-1",0
"MIR133A2",0
"RN7SKP33",0
"MIR4758",0
"RNU6-563P",0
"SYS1-DBNDD2",0
"NDUFB4P10",0
"LINC01711",0
"MIR296",0
"MIR298",0
"MRPS16P2",0
"GDF5-AS1",0
"GDF5",0
"MIR1289-1",0
"C20orf173",0
"RPL36P4",0
"RPL37P1",0
"RN7SL156P",0
"RPS27AP3",0
"RN7SL443P",0
"JPH2",0
"RNU6-743P",0
"EIF4EBP2P1",0
"RPL27AP",0
"GTSF1L",0
"CST9",0
"OTOR",0
"R3HDML",0
"MIR124-3",0
"MIR3196",0
"NKAIN4",0
"MIR4326",0
"RNU6-994P",0
"CHRNA4",0
"HIGD1AP15",0
"RPL23AP6",0
"SDAD1P2",0
"RNU1-94P",0
"XKR7",0
"RNA5SP481",0
"CCM2L",0
"RNA5SP482",0
"MIR1825",0
"RNA5SP483",0
"FAM83C",0
"GDAP1L1",0
"TGIF2-RAB5IF",0
"OXT",0
"AVP",0
"RNU6-1019P",0
"RNU6-384P",0
"MIR3193",0
"COX4I2",0
"ATP5MFP7",0
"RNA5SP477",0
"ZNF877P",0
"RNU6-192P",0
"OVOL2",0
"SNORD17",0
"PTMAP3",0
"RNU7-137P",0
"GGCTP2",0
"RN7SL14P",0
"RNU2-56P",0
"RN7SKP74",0
"ACTG1P3",0
"MIR6869",0
"TVP23BP3",0
"FTLP1",0
"TCEAL9P1",0
"RN7SL666P",0
"RNA5-8SP7",0
"PAK5",0
"RNU2-52P",0
"MIR6871",0
"RPL23AP81",0
"RN7SL615P",0
"RPL7AP12",0
"PRNT",0
"IDI1P3",0
"RPF2P1",0
"SLC24A3",0
"RNA5SP484",0
"ADI1P1",0
"RNU6-1018P",0
"WFDC2",0
"RPL5P2",0
"SPINT3",0
"EPPIN-WFDC6",0
"HSPD1P21",0
"EPPIN",0
"HNRNPA1P3",0
"WFDC3",0
"SPINT5P",0
"RNU6ATAC38P",0
"TNNC2",0
"SNAP23P1",0
"DPH3P1",0
"ARF4P2",0
"SPEF1",0
"HMGB3P2",0
"SLC52A3",0
"SNORD12C",0
"SNORD12B",0
"SNORD12",0
"RPL21P2",0
"CST1",0
"CST4",0
"WFDC13",0
"MIR3617",0
"TNFRSF6B",0
"RPL19P1",0
"C20orf141",0
"TMEM239",0
"SRMS",0
"TMEM74B",0
"TPM3P2",0
"RNU7-173P",0
"SRMP1",0
"RNA5SP486",0
"RNU7-92P",0
"PEDS1-UBE2V1",0
"RN7SL636P",0
"RPL7AP14",0
"RNA5SP479",0
"CSTL1",0
"CST11",0
"SLC25A6P1",0
"GHRH",0
"HRH3",0
"ADAM33",0
"SGK2",0
"TGM3",0
"TGM6",0
"SNORA71E",0
"SNORA60",0
"MIR548O2",0
"WFDC10B",0
"MIR1257",0
"MIR3195",0
"C20orf202",0
"WFDC8",0
"CCNB1IP1P2",0
"MIR4756",0
"CYP24A1",0
"PCK1",0
"HSPD1P19",0
"CIMIP1",0
"ANKRD60",0
"MIR6812",0
"SUN5",0
"BPIFB2",0
"BPIFB6",0
"PUDPP3",0
"BPIFB4",0
"BPIFA2",0
"SOCS2P1",0
"BPIFA3",0
"RPL12P3",0
"BPIFB1",0
"ITCH-AS1",0
"ITCH-IT1",0
"FOXA2",0
"KRT18P3",0
"GCNT1P1",0
"RNA5SP476",0
"MIR3192",0
"RN7SL638P",0
"RNU6ATAC34P",0
"DTD1-AS1",0
"MIR4325",0
"RPL39P39",0
"DEFB121",0
"DEFB123",0
"DEFB124",0
"REM1",0
"WFDC12",0
"SEMG2",0
"DEFB116",0
"RPL31P3",0
"HAUS6P2",0
"RNA5SP480",0
"DEFB117",0
"DEFB118",0
"PAX1",0
"KANK1P1",0
"MTCO1P59",0
"RN7SL498P",0
"TARDBPP1",0
"LRRN4",0
"RNU1-55P",0
"FGFR3P3",0
"GFRA4",0
"MIR3646",0
"WFDC5",0
"NPBWR2",0
"IL9RP5",0
"IQSEC3P3",0
"RNA5SP478",0
"LIME1",0
"C20orf181",0
"MIR941-1",0
"MIR941-2",0
"MIR941-3",0
"MIR941-4",0
"MIR941-5",0
"MIR1914",0
"MIR647",0
"PPIAP17",0
"RPLP0P1",0
"RNU6-278P",0
"RPS3P1",0
"AIMP1P1",0
"RN7SL864P",0
"RNU6-228P",0
"MACROD2-IT1",0
"RPS10P2",0
"RNU6-1159P",0
"RNU6-115P",0
"ENSAP1",0
"CST13P",0
"CSTP1",0
"ANKRD20A21P",0
"ZNF285DP",0
"BPIFA4P",0
"DEFB122",0
"PPP4R1L",0
"FRG1CP",0
"RNU6ATAC17P",0
"RN7SL594P",0
"MED28P7",0
"BSNDP1",0
"BSNDP2",0
"NNAT",0
"GLRXP1",0
"LINC00489",0
"HSPBAP1P1",0
"PHKBP1",0
"RNU105B",0
"RPL36P1",0
"RN7SKP184",0
"RNU7-14P",0
"HMGB3P1",0
"RN7SKP100",0
"BPIFA1",0
"RPS4XP2",0
"FER1L4",0
"ZNF663P",0
"BPIFB9P",0
"KCNQ2",0
"WFDC6",0
"RN7SL197P",0
"RNU6-919P",0
"RPS21P7",0
"MIR646",0
"MTCO2P1",0
"MIR4533",0
"MIR548AG2",0
"PGBD4P2",0
"RN7SL561P",0
"CKAP2LP1",0
"PDYN",0
"LINC01751",0
"LINC01706",0
"MIR8062",0
"MIR6870",0
"FAT1P1",0
"LINC01722",0
"RNU6-27P",0
"RNU1-131P",0
"CST12P",0
"CST8",0
"CFTRP1",0
"BSNDP3",0
"NCOR1P1",0
"MIR663A",0
"RN7SL237P",0
"BPI",0
"HSPE1P1",0
"RPS2P54",0
"MIR3616",0
"LINC03079",0
"MRPS33P4",0
"C20orf203",0
"SNORA71A",0
"SNORA71C",0
"SNORA71D",0
"KCNQ2-AS1",0
"KIZ-AS1",0
"MIR1292",0
"SNORD110",0
"SNORD86",0
"SNORD56",0
"SNORD57",0
"IDH3B-DT",0
"BMP7-AS1",0
"LINC00028",0
"LINC01370",0
"LINC00686",0
"LINC01754",0
"SCP2D1-AS1",0
"R3HDML-AS1",0
"MACROD2-AS1",0
"LINC00851",0
"LINC01713",0
"RIPOR3-AS1",0
"LINC03083",0
"LINC00659",0
"LINC01718",0
"MIR663AHG",0
"LINC02967",0
"EYA2-AS1",0
"LINC00029",0
"LINC01620",0
"LINC01747",0
"MIR1-1HG",0
"NOL4L-DT",0
"LINC01432",0
"LNCNEF",0
"ISM1-AS1",0
"LAMA5-AS1",0
"LINC01728",0
"BCL2L1-AS1",0
"LINC00261",0
"LINC01441",0
"FAM242A",0
"LINC01597",0
"LINC01742",0
"LINC01522",0
"PLCB1-IT1",0
"NKX2-4",0
"RN7SKP140",0
"GSTM3P1",0
"NKX2-2",0
"NKX2-2-AS1",0
"BETALINC1",0
"VTCN1P1",0
"KRT18P4",0
"RNU6-147P",0
"BBLNP1",0
"FRG1EP",0
"CST9LP1",0
"RPS27AP2",0
"FRG1DP",0
"MLLT10P1",0
"FRG1BP",0
"RARRES2P11",0
"RPS10P5",0
"VN1R108P",0
"FAM182B",0
"SIRPB3P",0
"FAM182A",0
"NIPAL1P1",0
"LINC01716",0
"RPS4XP3",0
"RNU6-1146P",0
"RN7SL170P",0
"PTMAP6",0
"OR4F8P",0
"WBP1LP11",0
"ONECUT3",0
"ZNRF4",0
"RPS2P52",0
"CYP4F10P",0
"TEKTL1",0
"OR7C2",0
"CYP4F12",0
"OR7A11P",0
"CYP4F8",0
"OR7A3P",0
"OR7A15P",0
"CASP14",0
"OR10B1P",0
"OR10H4",0
"NCAN",0
"BORCS8-MEF2B",0
"VN1R80P",0
"MTDHP2",0
"BNIP3P24",0
"VN1R79P",0
"VN1R82P",0
"VN1R78P",0
"CPSF6P1",0
"VN1R84P",0
"BNIP3P32",0
"KRT18P40",0
"BNIP3P36",0
"VN1R90P",0
"TM6SF2",0
"BNIP3P35",0
"BNIP3P8",0
"PCGF7P",0
"CDC42EP3P1",0
"BNIP3P31",0
"RPL7AP10",0
"MTDHP4",0
"BNIP3P30",0
"ERVK-28",0
"BNIP3P33",0
"VN1R91P",0
"BNIP3P29",0
"BNIP3P40",0
"VN1R85P",0
"ZNF92P2",0
"BNIP3P38",0
"ZNF730",0
"HAPLN4",0
"MTDHP3",0
"ZNF728",0
"BNIP3P37",0
"RPL36AP51",0
"BRI3BPP1",0
"RPS4XP20",0
"VN1R92P",0
"ZNF723",0
"TAF9P3",0
"RPS4XP23",0
"RAB4B-EGLN2",0
"IRGC",0
"CYP2A6",0
"CYP2A7P2",0
"CYP2G2P",0
"BNIP3P34",0
"CYP2A13",0
"BSPH1",0
"CABP5",0
"KRTDAP",0
"KLK2",0
"MIA-RAB4B",0
"VN1R88P",0
"DKKL1",0
"VN1R81P",0
"LINC01782",0
"CHCHD2P3",0
"RPS4XP21",0
"RNU6-2",0
"MIR1302-11",0
"RNU6-782P",0
"MIR1470",0
"RN7SL70P",0
"RNU6-1028P",0
"RNA5SP469",0
"RNA5-8SP4",0
"RNU6-967P",0
"RNA5SP471",0
"RNA5SP472",0
"MIR4324",0
"ACP7",0
"IFNL3P1",0
"MSRB1P1",0
"IFNL4P1",0
"IFNL1",0
"MIR4530",0
"RPS29P24",0
"RPS29P25",0
"PNMA8A",0
"DACT3",0
"CLIC4P2",0
"MIR6791",0
"MIR4745",0
"MIR3187",0
"NANOS2",0
"MIR769",0
"PGLYRP1",0
"IGFL3",0
"TGIF1P1",0
"RSPH6A",0
"RPS4XP22",0
"UBE2L4",0
"BICRA-AS1",0
"SNORD23",0
"MIR4750",0
"MIR4751",0
"C19orf81",0
"GPR32P1",0
"SNORD88B",0
"SNORD88C",0
"KLK1",0
"CYP4F36P",0
"ZNF861P",0
"CTBP2P7",0
"MIR6886",0
"HIPK4",0
"PSG6",0
"SYCN",0
"RAX2",0
"IFNL2",0
"RNU6-317P",0
"LINC00904",0
"MIR6887",0
"MIR5695",0
"MIR6515",0
"GARIN5B",0
"TMEM190",0
"MIR6805",0
"ZNF628-DT",0
"SBK3",0
"RFPL4AP1",0
"OR7D1P",0
"OR7E18P",0
"OR7H1P",0
"UBXN2AP1",0
"ZNF560",0
"ZSCAN5DP",0
"VN2R17P",0
"SLC25A36P1",0
"RDH8",0
"MIR5589",0
"PPAN-P2RY11",0
"SNORD105",0
"SNORD105B",0
"MIR4322",0
"RPL39P34",0
"PABPN1P2",0
"ERICH4",0
"SIGLEC29P",0
"MIR99B",0
"MIRLET7E",0
"MIR125A",0
"RNA5SP468",0
"MIR6799",0
"MIR6800",0
"MIR4749",0
"FXYD1",0
"SYNGR4",0
"SPACA4",0
"KASH5",0
"PTH2",0
"SNORD32A",0
"SNORD33",0
"SNORD34",0
"SNORD35A",0
"SNORD35B",0
"COX6CP7",0
"MIR5088",0
"RNU6-841P",0
"TMEM145",0
"MIR6798",0
"NTF6A",0
"NTF6G",0
"NTF6B",0
"CGB5",0
"RN7SL708P",0
"VN1R6P",0
"RPL39P36",0
"OSTCP3",0
"RN7SL317P",0
"RNU6-698P",0
"MIR512-1",0
"MIR512-2",0
"MIR1323",0
"MIR498",0
"MIR520E",0
"MIR515-1",0
"MIR519E",0
"MIR520F",0
"MIR515-2",0
"MIR519C",0
"MIR1283-1",0
"MIR520A",0
"MIR526B",0
"MIR519B",0
"MIR525",0
"MIR523",0
"MIR518F",0
"MIR520B",0
"MIR518B",0
"MIR526A1",0
"MIR520C",0
"MIR518C",0
"MIR524",0
"MIR517A",0
"MIR519D",0
"MIR521-2",0
"RNU6-803P",0
"MIR520D",0
"MIR520G",0
"MIR516B2",0
"MIR526A2",0
"MIR518E",0
"MIR518A1",0
"RNU6-980P",0
"MIR518D",0
"MIR516B1",0
"MIR518A2",0
"MIR517C",0
"MIR520H",0
"RNU6-982P",0
"MIR521-1",0
"RNU6-751P",0
"MIR522",0
"MIR527",0
"MIR516A1",0
"MIR1283-2",0
"RNU6-1041P",0
"MIR516A2",0
"MIR519A2",0
"MIR1909",0
"MIR7108",0
"GALP",0
"RN7SL337P",0
"RN7SL842P",0
"MIR8077",0
"CEACAMP2",0
"CEACAM8",0
"CEACAMP1",0
"MIR6792",0
"EXOSC3P2",0
"PRR36",0
"LYPLA2P2",0
"LRRC8E",0
"ISCA1P7",0
"CLEC4M",0
"LINC02926",0
"SNORD41",0
"MIR6794",0
"MIR6795",0
"RNU6-195P",0
"RPL21P130",0
"MIR24-2",0
"MIR27A",0
"MIR23A",0
"MIR181C",0
"MIR181D",0
"RLN3",0
"PALM3",0
"MIR1199",0
"C19orf67",0
"RN7SL231P",0
"GDF1",0
"RNU7-140P",0
"MIR1238",0
"AP1M2",0
"LSM2P1",0
"MIR638",0
"MIR199A1",0
"MIR4323",0
"RN7SL836P",0
"PRSS57",0
"CGB2",0
"LGALS7B",0
"RNU6-140P",0
"RPL12P42",0
"TMEM221",0
"NXNL1",0
"FUT6",0
"FUT5",0
"RNA5SP462",0
"FAM83E",0
"TBXA2R",0
"MIR6885",0
"MIR6790",0
"MIR3940",0
"SLC25A41",0
"CCL25",0
"CLIP3",0
"RNU6-1307P",0
"MIR4752",0
"CYP2A7",0
"RTBDN",0
"SMIM47",0
"OR10H2",0
"GFY",0
"OR7E24",0
"OR7A10",0
"APOC4",0
"ZNF443",0
"ZNF709",0
"MTND2P40",0
"MTCO1P27",0
"MTCO2P27",0
"PPIAP20",0
"RNU6-165P",0
"HMGN1P32",0
"SEPTIN7P8",0
"MIR371A",0
"MIR371B",0
"MIR372",0
"MIR373",0
"MIR935",0
"GIPC3",0
"TMEM59L",0
"RN7SL155P",0
"RNA5SP464",0
"RNA5SP466",0
"ZNF20",0
"RSL24D1P8",0
"RNA5SP467",0
"ZNF625-ZNF20",0
"ZNF625",0
"RPS16P9",0
"OR7G1",0
"OR7G15P",0
"OR7G3",0
"ELOCP29",0
"OR7E16P",0
"OR7D4",0
"OR7A17",0
"OR7A18P",0
"RN7SL823P",0
"FXYD3",0
"C19orf85",0
"THSD8",0
"LGALS7",0
"KCNA7",0
"CGB3",0
"SLC1A6",0
"ZNF816-ZNF321P",0
"VN1R2",0
"ZNF223",0
"RNU6-902P",0
"KLK9",0
"KLK11",0
"KLK12",0
"KLK13",0
"KLK14",0
"SIGLEC21P",0
"LIM2",0
"C19orf84",0
"NIFKP6",0
"SIGLECL1",0
"RPS15AP36",0
"TARM1",0
"VN1R104P",0
"CDC42EP5",0
"LINC02959",0
"MYBPC2",0
"HNRNPDLP4",0
"ATCAY",0
"RN7SL202P",0
"MIR637",0
"SNORD37",0
"CREB3L3",0
"KLF1",0
"BNIP3P39",0
"TYMSP2",0
"OR5AH1P",0
"MIR1227",0
"MIR6789",0
"MIR4321",0
"MBD3L5",0
"MBD3L4",0
"MBD3L2",0
"GNG8",0
"KLK3",0
"ELSPBP1",0
"ZNF99",0
"IGFL4",0
"IGFL1P1",0
"IGFL1",0
"OR2Z1",0
"OR7G2",0
"OR4F17",0
"IGFL2",0
"ERVV-1",0
"NMRK2",0
"NLRP13",0
"CLEC4G",0
"IFNL3",0
"HCN2",0
"FGF22",0
"TSPAN16",0
"RN7SL525P",0
"MIR6807",0
"B3GNT3",0
"RN7SL322P",0
"GGN",0
"PPIAP59",0
"KLK5",0
"KLK6",0
"KLK7",0
"KLK4",0
"MIR8061",0
"VN1R105P",0
"KIR2DL3",0
"KIR2DP1",0
"KIR2DL1",0
"KIR3DP1",0
"RNU6-222P",0
"NLRP5",0
"MIR5196",0
"KLK8",0
"RNU6-9",0
"PRTN3",0
"KLK15",0
"CGB1",0
"NTF4",0
"ELANE",0
"MIR330",0
"SNORA68",0
"NCR1",0
"IGFL1P2",0
"RNU6-924P",0
"FAM90A27P",0
"ZSCAN4",0
"MIR4747",0
"RN7SL150P",0
"SUNO1",0
"SLC7A10",0
"RPS3AP50",0
"PRODH2",0
"FAM187B",0
"FAM187B2P",0
"DNAJC19P2",0
"DNAJC19P3",0
"CEACAM7",0
"LYPD4",0
"DMRTC2",0
"MIR7974",0
"RN7SL833P",0
"LINC03085",0
"TPRX2",0
"MIA",0
"RPL31P60",0
"PCSK4",0
"ZSCAN5C",0
"SELENOV",0
"NLRP11",0
"VN1R4",0
"NPAS1",0
"MIR3191",0
"RNU6-611P",0
"EIF5AP3",0
"IZUMO2",0
"MIR641",0
"MIR7-3",0
"ADAMTSL5",0
"MIR6801",0
"MIR643",0
"DPPA5P1",0
"BNIP3P9",0
"BNIP3P47",0
"MIR6806",0
"RNA5SP473",0
"RNF225",0
"LINC02560",0
"RNU6-1337P",0
"RN7SL693P",0
"CYP4F9P",0
"SNX33P1",0
"PMIS2",0
"COMP",0
"CEACAMP7",0
"PSG11",0
"CEACAMP8",0
"PSG2",0
"CEACAMP9",0
"PSG3",0
"CEACAMP6",0
"OR1AB1P",0
"OR4G1P",0
"OR7A1P",0
"CYP4F23P",0
"CYP2G1P",0
"OR7A2P",0
"OR7E19P",0
"ZNF542P",0
"ZNF788P",0
"OR7E25P",0
"SIGLEC22P",0
"KLKP1",0
"KIR3DX1",0
"FAM90A28P",0
"CEACAMP3",0
"CLEC4OP",0
"CYP2B7P",0
"SIGLEC17P",0
"APOC1P1",0
"ZNF818P",0
"C3P1",0
"ZNF56P",0
"NAPSB",0
"ZNF812P",0
"PSG10P",0
"SIGLEC5",0
"RPS29P27",0
"LGALS14",0
"CLC",0
"SBSN",0
"ZNF177",0
"NDUFA3P1",0
"ZNF112",0
"ZNF285",0
"ZNF285BP",0
"CEACAM22P",0
"IGSF23",0
"MIR4531",0
"CEACAM16",0
"MIR8085",0
"ERVK9-11",0
"PPP5D1P",0
"HNRNPMP2",0
"ACTL9",0
"BNIP3P13",0
"BNIP3P14",0
"BNIP3P15",0
"GNG14",0
"MIR3188",0
"MIR3189",0
"DPRX",0
"ADGRE4P",0
"MBD3L2B",0
"ANGPTL8",0
"RPL7AP69",0
"USP29",0
"DPPA3P8",0
"DUXA",0
"MIR6088",0
"CIST1",0
"MBD3L1",0
"BOLA3P2",0
"OR1M4P",0
"WASH5P",0
"CCNYL6",0
"IPO5P1",0
"TPM3P9",0
"RPL17P47",0
"ZNF321P",0
"BIRC8",0
"LILRP2",0
"ZNF702P",0
"TMEM277P",0
"TEX14BP",0
"C19orf48P",0
"VN2R19P",0
"MIR7975",0
"DNAAF3",0
"MIR6804",0
"MIR6802",0
"MIR6803",0
"RPS29P30",0
"CALR3",0
"SMIM46",0
"ZIM2",0
"MIR640",0
"CILP2",0
"SEPTIN14P19",0
"CICP19",0
"RNU6-1076P",0
"PLPP2",0
"SPMAP2",0
"ZNF887P",0
"ZNF833P",0
"ZNF491",0
"BNIP3P18",0
"BNIP3P19",0
"BNIP3P20",0
"ZNF826P",0
"MIR1270",0
"BNIP3P22",0
"BNIP3P23",0
"FIGLAP1",0
"GOLGA2P9",0
"RN7SL860P",0
"ZNF849P",0
"VN1R87P",0
"MAN1A2P1",0
"RNA5SP470",0
"RN7SL340P",0
"VSTM2B",0
"RN7SL491P",0
"LGALS16",0
"MIR8074",0
"LILRB1-AS1",0
"SIGLEC31P",0
"ZIM2-AS1",0
"SMIM17",0
"SIGLEC24P",0
"PTGER1",0
"YPEL5P4",0
"RPS29P26",0
"LGALS13",0
"CENPBD2P",0
"CIB3",0
"RNU6-993P",0
"COX16P1",0
"VN1R83P",0
"BNIP3P25",0
"ZNF222-DT",0
"ZNF30-AS1",0
"SEC1P",0
"SMIM44",0
"PTPRS-AS1",0
"MIR1181",0
"LINC01836",0
"DM1-AS",0
"PSG8-AS1",0
"UPK1A-AS1",0
"LINC01838",0
"FAM138F",0
"ZNF582-DT",0
"LINC01233",0
"LINC01791",0
"LINC01532",0
"LINC01775",0
"LINC01531",0
"LINC01837",0
"ARHGEF18-AS1",0
"VSTM2B-DT",0
"ZNF426-DT",0
"DNAAF3-AS1",0
"LINC01595",0
"ILVBL-AS1",0
"LINC01785",0
"IGFL2-AS1",0
"HAUS5-DT",0
"LINC01834",0
"PSG11-AS1",0
"LINC01858",0
"LINC02841",0
"LINC00661",0
"MIMT1",0
"PSG9",0
"CEACAMP10",0
"CEACAMP11",0
"CEACAMP4",0
"VN1R107P",0
"OR4G3P",0
"RPL23AP2",0
"CYP4F24P",0
"CYP2A7P1",0
"CYP2T3P",0
"CEACAMP5",0
"CRIPTOP7",0
"RPL10P15",0
"TMEM167AP2",0
"OR7A8P",0
"RPL23AP80",0
"VN1R96P",0
"TPRG1LP1",0
"RPL7P51",0
"SAXO3",0
"CLEC4GP1",0
"RPL28P5",0
"LETM1P2",0
"SCGB2B3P",0
"SLC6A21P",0
"BNIP3P16",0
"MARK2P21",0
"HNRNPA1P10",0
"VN1R95P",0
"CD177P1",0
"SNORA68B",0
"RN7SL789P",0
"GCM1P1",0
"RN7SKP22",0
"TSPY24P",0
"ZNF92P1Y",0
"SERBP1P2",0
"TSPY12P",0
"DUX4L19",0
"OFD1P3Y",0
"RBMY2HP",0
"ELOCP35",0
"SLC9B1P1",0
"USP12PY",0
"KDM5DP1",0
"DUX4L17",0
"PRY",0
"ZNF736P6Y",0
"TUSC2P1",0
"PUDPP1",0
"CDRT15P10",0
"PRY2",0
"OFD1P8Y",0
"RNF19BPY",0
"TSPY23P",0
"TUBB1P2",0
"ACTR3BP1",0
"RPS24P1",0
"RCC2P2",0
"ZNF736P8Y",0
"BPY2",0
"MTND1P12",0
"CTBP2P1",0
"MTND6P1",0
"PABPC1P5",0
"TSPY22P",0
"RCC2P1",0
"SHROOM2P1",0
"DUX4L18",0
"ZNF736P11Y",0
"OFD1P9Y",0
"BPY2DP",0
"CHEK2P1",0
"RBMY2UP",0
"ZNF886P",0
"ELOCP8",0
"OFD1P16Y",0
"TTTY25P",0
"ASS1P6",0
"SNX18P1Y",0
"MED14P1",0
"ZNF885P",0
"ARSFP1",0
"ZNF736P7Y",0
"SURF6P1",0
"ANKRD20A6P",0
"RBMY2KP",0
"TSPY21P",0
"TTTY19",0
"TTTY4",0
"MXRA5Y",0
"MTCYBP1",0
"USP9YP17",0
"TTTY17A",0
"AGPAT5P1",0
"FAM41AY1",0
"ELOCP15",0
"TRIM60P3Y",0
"MTND1P1",0
"PRRC2CP1",0
"ZNF736P10Y",0
"CDY12P",0
"MTND2P3",0
"CDY13P",0
"RBMY1KP",0
"ARSDP1",0
"TTTY5",0
"RBMY1D",0
"USP9YP24",0
"UBE2V1P3",0
"FAM8A4P",0
"TRIM60P8Y",0
"MED13P1",0
"RNU6-303P",0
"RN7SL702P",0
"RNA5SP520",0
"RNA5SP521",0
"RNU6-109P",0
"RNU6-184P",0
"HSFY2",0
"GPM6BP2",0
"USP9YP2",0
"ELOCP14",0
"PRYP6",0
"XKRYP2",0
"USP9YP10",0
"RNU1-41P",0
"MTCYBP2",0
"RNU6-255P",0
"GAPDHP19",0
"CLUHP1",0
"TAF9P1",0
"CDY5P",0
"ELOCP36",0
"ACTG1P2",0
"USP9YP23",0
"USP9YP27",0
"RNU1-128P",0
"TRAPPC2P3",0
"ELOCP6",0
"CDY6P",0
"USP9YP7",0
"USP9YP6",0
"CDY7P",0
"USP9YP34",0
"USP9YP32",0
"CDY8P",0
"ELOCP12",0
"TRAPPC2P8",0
"USP9YP15",0
"RNU1-95P",0
"USP9YP16",0
"ACTG1P11",0
"ELOCP26",0
"CDY9P",0
"TAF9P2",0
"CLUHP2",0
"RNA5SP522",0
"RNA5SP523",0
"TUBB1P1",0
"ELOCP13",0
"RNU1-48P",0
"USP9YP5",0
"XKRYP1",0
"PRYP5",0
"ELOCP7",0
"USP9YP1",0
"GPM6BP1",0
"RAB9AP4",0
"HSFY1",0
"TGIF2LY",0
"RBMY1F",0
"CDY2A",0
"ZNF736P3Y",0
"TRIM60P9Y",0
"RN7SKP282",0
"RNU6-941P",0
"RNU6-521P",0
"SRIP3",0
"GOT2P5",0
"ATP5PFP1",0
"TRIM60P10Y",0
"ZNF736P2Y",0
"TRIM60P11Y",0
"ZNF736P1Y",0
"ZNF736P5Y",0
"BPY2C",0
"TTTY4C",0
"CDY2B",0
"RNU6-1334P",0
"SRY",0
"TOMM22P2",0
"NAP1L1P2",0
"EEF1A1P41",0
"SFPQP1",0
"DPPA2P1",0
"VCY",0
"DAZ3",0
"DAZ1",0
"AMELY",0
"TBL1Y",0
"DAZ2",0
"AGKP1",0
"NLGN4Y-AS1",0
"RBMY1E",0
"CDY22P",0
"ELOCP17",0
"OFD1P18Y",0
"TRAPPC2P4",0
"RAB9AP3",0
"USP9YP20",0
"RNU1-40P",0
"USP9YP21",0
"XKRYP6",0
"PRYP4",0
"ELOCP11",0
"CDY23P",0
"USP9YP26",0
"HSFY8P",0
"RNU6-1314P",0
"CYCSP48",0
"VCY1B",0
"PNPLA4P1",0
"TBL1YP1",0
"RPS4Y2",0
"HSFY4P",0
"GAPDHP17",0
"TMEM167AP1",0
"TOMM22P1",0
"NEFLP1",0
"PRORY",0
"TSPY14P",0
"RBMY1HP",0
"TTTY13",0
"ELOCP5",0
"CDY10P",0
"USP9YP3",0
"USP9YP8",0
"CDY11P",0
"HSFY6P",0
"USP9YP18",0
"CDY14P",0
"ELOCP16",0
"XKRYP3",0
"USP9YP25",0
"USP9YP29",0
"RNU1-97P",0
"RAB9AP1",0
"TRAPPC2P9",0
"OFD1P11Y",0
"PRYP3",0
"RNU2-57P",0
"KRT18P10",0
"SNX3P1Y",0
"PCDH11Y",0
"ELOCP9",0
"CDY15P",0
"XKRYP4",0
"USP9YP13",0
"USP9YP11",0
"TTTY3B",0
"USP9YP12",0
"RNU1-86P",0
"RAB9AP5",0
"TRAPPC2P10",0
"OFD1P12Y",0
"ELOCP10",0
"CDY1B",0
"CDY17P",0
"USP9YP35",0
"USP9YP31",0
"CDY18P",0
"RN7SL818P",0
"UBE2Q2P4Y",0
"LINC00265-2P",0
"CICP2",0
"RBMY2XP",0
"TTTY17B",0
"TRIM60P5Y",0
"ZNF736P12Y",0
"TTTY4B",0
"BPY2B",0
"ZNF736P4Y",0
"RBMY2YP",0
"CICP1",0
"LINC00265-3P",0
"UBE2Q2P5Y",0
"GOLGA2P3Y",0
"RN7SL725P",0
"CDY19P",0
"USP9YP36",0
"USP9YP33",0
"CDY20P",0
"ELOCP34",0
"OFD1P13Y",0
"TRAPPC2P5",0
"RAB9AP2",0
"USP9YP30",0
"RNU1-107P",0
"TTTY3",0
"USP9YP9",0
"USP9YP19",0
"XKRYP5",0
"CYCSP49",0
"SLC25A15P1",0
"PARP4P1",0
"CCNQP2",0
"CDY1",0
"RBMY1J",0
"RBMY1B",0
"RBMY1A1",0
"RFTN1P1",0
"RBMY2FP",0
"RBMY2BP",0
"TTTY11",0
"ARSLP1",0
"OFD1P6Y",0
"TTTY9A",0
"XKRY",0
"XKRYP7",0
"HSFY3P",0
"ANOS2P",0
"RBMY2EP",0
"GOLGA2P2Y",0
"TXLNGY",0
"GYG2P1",0
"CDY3P",0
"USP9YP22",0
"USP9YP4",0
"ELOCP4",0
"TTTY20",0
"TSPY4",0
"FAM197Y7",0
"FAM197Y6",0
"TSPY8",0
"TSPY3",0
"RBMY2CP",0
"RBMY2DP",0
"ZNF736P9Y",0
"FAM197Y8",0
"PRKY",0
"FAM197Y5",0
"TSPY1",0
"FAM197Y4",0
"TSPY9",0
"FAM197Y3",0
"FAM197Y2",0
"TSPY10",0
"FAM197Y1",0
"TSPY25P",0
"TSPY16P",0
"TTTY22",0
"TSPY18P",0
"RBMY2OP",0
"RBMY2QP",0
"TSPY20P",0
"TSPY5P",0
"RNA5SP518",0
"RNA5SP519",0
"DUX4L31",0
"PCMTD1P1",0
"CDC27P2",0
"RNA5-8SP6",0
"DLGAP5P1",0
"TTTY23B",0
"TSPY2",0
"FAM197Y9",0
"TSPY19P",0
"LINC00280",0
"TSPY17P",0
"TTTY23",0
"FAM224B",0
"TTTY2B",0
"TTTY1B",0
"TTTY7",0
"TTTY8B",0
"TTTY16",0
"TTTY12",0
"TTTY2",0
"TTTY7B",0
"TTTY6",0
"TTTY17C",0
"TTTY6B",0
"SEPTIN14P23",0
"FAM224A",0
"FAM41AY2",0
"TTTY1",0
"LINC00279",0
"TTTY18",0
"TTTY8",0
"HSFY7P",0
"RBMY2AP",0
"STSP1",0
"RBMY2JP",0
"HSFY5P",0
"XGY1",0
"RBMY2WP",0
"USP9YP28",0
"PRYP1",0
"OFD1P1Y",0
"PRYP2",0
"USP9YP14",0
"RNASEH2CP1",0
"XGY2",0
"PPP1R12BP2",0
"REREP1Y",0
"GPR143YP",0
"OFD1P15Y",0
"REREP2Y",0
"PPP1R12BP1",0
"ANKRD36P1",0
"OFD1P2Y",0
"OFD1P5Y",0
"TTTY9B",0
"RBMY2TP",0
"OFD1P10Y",0
"GOLGA6L11P",0
"DNM1P24",0
"CSPG4P2Y",0
"CSPG4P3Y",0
"SEPTIN14P22",0
"CSPG4P4Y",0
"CSPG4P1Y",0
"DNM1P48",0
"GOLGA6L16P",0
"TPTE2P4",0
"RBMY1A3P",0
"TSPY7P",0
"TSPY6P",0
"TSPY15P",0
"RBMY3AP",0
"RBMY2NP",0
"TSPY13P",0
"TSPY11P",0
"RBMY2GP",0
"ACTR3BP7",0
"ZNF73P",0
"BNIP3P2",0
"ZNF72BP",0
"RPS10P30",0
"ZNRF3-IT1",0
"ACO2P1",0
"LIF-AS2",0
"MRPS18CP6",0
"COX5BP7",0
"MTFR2P2",0
"GTSE1-DT",0
"LINC02556",0
"FUNDC2P4",0
"SKP1P4",0
"SCUBE1-AS1",0
"RNA5SP494",0
"RNU6-1066P",0
"RN7SKP169",0
"MIR5739",0
"SNORD83A",0
"MIR6821",0
"SNORD83B",0
"SNORD43",0
"MIR4535",0
"MIR3201",0
"RN7SKP214",0
"IGLCOR22-1",0
"CPSF1P1",0
"RFPL3",0
"IGLCOR22-2",0
"IGLVIVOR22-2",0
"RN7SL305P",0
"MIR548J",0
"RPL39P41",0
"RPS10P29",0
"SPECC1L-ADORA2A",0
"ARL5AP4",0
"CRIP1P4",0
"MYO18B",0
"MIR3200",0
"EIF4HP2",0
"PPP1R26P4",0
"E2F6P1",0
"CELSR1P1",0
"RPL28P6",0
"DNAJA1P6",0
"MIR648",0
"RHEBP3",0
"ARL2BPP10",0
"ACR",0
"MIR4764",0
"SNORA50B",0
"LARGE-IT1",0
"FAM136EP",0
"YME1L1P1",0
"ARHGAP42P3",0
"USP10P3",0
"SSBP3P3",0
"RN7SKP221",0
"RNU6-495P",0
"RNU6ATAC22P",0
"RPL8P5",0
"MIR4761",0
"MIR185",0
"MIR3618",0
"MIR1306",0
"MIR6816",0
"SNORA77B",0
"KRT18P62",0
"RN7SL168P",0
"SEPTIN5",0
"GP1BB",0
"MIR1286",0
"MIR33A",0
"MIR378I",0
"PHETA2",0
"SNORD13P1",0
"RNU7-167P",0
"MIR3909",0
"MIR6069",0
"CACNG2",0
"CIMIP4",0
"RNU6-900P",0
"MIR6820",0
"CCDC116",0
"MIR301B",0
"MIR130B",0
"RNU6-225P",0
"RN7SL812P",0
"GSTT2B",0
"GSTT3P",0
"RNU6-810P",0
"RNU6-1219P",0
"EMID1",0
"SNORD125",0
"RPEP4",0
"RNU6-564P",0
"SEC14L3",0
"SDC4P",0
"GAL3ST1",0
"RN7SL268P",0
"KLHL5P1",0
"RPS29P31",0
"PRDX3P1",0
"GSC2",0
"GGTLC5P",0
"PPP1R26P3",0
"ATP5PFP2",0
"BCRP8",0
"RN7SL263P",0
"GALR3",0
"MIR658",0
"MIR659",0
"PRODH",0
"IGLVIVOR22-1",0
"MIR6817",0
"MIR649",0
"TUBA3GP",0
"MTCO1P20",0
"MTCO2P20",0
"MTATP6P20",0
"MTCO3P20",0
"MTCYBP34",0
"MTND1P10",0
"MAPK8IP2",0
"RAB36",0
"FAM227A",0
"RIMBP3C",0
"C22orf31",0
"IGLVI-70",0
"IGLV4-69",0
"IGLVI-68",0
"IGLV10-54",0
"IGLV10-67",0
"IGLVIV-66-1",0
"IGLVV-66",0
"IGLVIV-65",0
"IGLVIV-64",0
"IGLVI-63",0
"IGLV1-62",0
"IGLV8-61",0
"IGLV4-60",0
"SOCS2P2",0
"IGLVIV-59",0
"IGLVV-58",0
"BMP6P1",0
"IGLVI-56",0
"IGLV11-55",0
"IGLVIV-53",0
"TOP3BP1",0
"IGLV5-52",0
"ASH2LP3",0
"IGLV5-48",0
"ASH2LP2",0
"IGLV7-46",0
"IGLV5-45",0
"IGLV7-43",0
"IGLVI-42",0
"IGLVVII-41-1",0
"IGLVI-38",0
"IGLV5-37",0
"IGLV1-36",0
"IGLV7-35",0
"SHISA8",0
"HMGN2P9",0
"SULT4A1",0
"PNPLA5",0
"TRMT112P8",0
"MB",0
"MRPS16P3",0
"APOL5",0
"MIR6819",0
"STMN3P1",0
"CRYBB3",0
"CRYBB2",0
"DMC1",0
"OR11H1",0
"GSTT4",0
"BPIFC",0
"MIOX",0
"BBLNP2",0
"MIRLET7A3",0
"MIR4763",0
"MIRLET7B",0
"RNU6-513P",0
"RNU12",0
"PIWIL3",0
"RN7SL843P",0
"LINC02557",0
"IGLL1",0
"E2F6P2",0
"LRRC74B",0
"SLC9A3P2",0
"PPP1R26P5",0
"LINC01651",0
"SUSD2P1",0
"RN7SKP63",0
"RN7SKP210",0
"ZNF280A",0
"IGLV2-34",0
"IGLV2-33",0
"IGLV3-32",0
"IGLV3-31",0
"IGLV3-30",0
"BCRP4",0
"GGTLC2",0
"IGLV3-29",0
"IGLV2-28",0
"IGLV3-27",0
"IGLV3-26",0
"IGLVVI-25-1",0
"IGLV3-25",0
"IGLV3-24",0
"IGLV2-23",0
"IGLVVI-22-1",0
"IGLV3-22",0
"IGLVI-20",0
"IGLV3-19",0
"IGLV2-18",0
"IGLV3-17",0
"IGLV3-16",0
"IGLV3-15",0
"RNU6-331P",0
"MIR6889",0
"RN7SL385P",0
"TPTEP2-CSNK1E",0
"KCNJ4",0
"ELFN2",0
"CARD10",0
"TTLL8",0
"RIMBP3B",0
"FAM246A",0
"TBX1",0
"CPMER",0
"MIR3199-1",0
"MIR3199-2",0
"RN7SL757P",0
"GSTT2",0
"MIR1281",0
"POTEH",0
"POTEH-AS1",0
"RNU6-816P",0
"IGLV3-9",0
"MIR650",0
"IGLV3-7",0
"IGLV3-6",0
"IGLV2-5",0
"IGLV3-4",0
"IGLV4-3",0
"IGLV3-2",0
"MIR5571",0
"IGLJ1",0
"IGLC1",0
"IGLJ4",0
"IGLC4",0
"IGLJ5",0
"IGLC5",0
"IGLJ6",0
"IGLC6",0
"POM121L9P",0
"BCRP3",0
"GGT3P",0
"LRP5L",0
"P2RX6P",0
"PRAMENP",0
"CECR7",0
"USP41P",0
"FAM247A",0
"SMPD4P1",0
"POM121L4P",0
"GGT2P",0
"POM121L1P",0
"RRP7BP",0
"BCRP2",0
"RPL23AP82",0
"TMEM191A",0
"CRYBB2P1",0
"ISCA2P1",0
"AP1B1P1",0
"AP1B1P2",0
"GGTLC3",0
"PI4KAP1",0
"RN7SKP131",0
"RIMBP3",0
"SUSD2P2",0
"FAM246B",0
"CA15P2",0
"PPP1R26P2",0
"GUSBP11",0
"MIR1249",0
"RIBC2",0
"RNU6-1161P",0
"C22orf42",0
"RPL34P35",0
"RN7SL633P",0
"RPS15AP37",0
"PLA2G3",0
"SNRPNP2",0
"RNU6-1128P",0
"RNA5SP496",0
"RPL17P52",0
"RNU6-201P",0
"RNA5SP497",0
"ETFRF1P1",0
"TRNT1P2",0
"PHF21B",0
"POM121L15P",0
"SLC25A5P1",0
"LINC01399",0
"PI4KAP2",0
"C22orf46P",0
"SERHL",0
"TUBA3FP",0
"SMIM45",0
"RNU6-409P",0
"KRT18P23",0
"ANP32BP2",0
"PRR5-ARHGAP8",0
"RPL6P28",0
"RFKP4",0
"MIR4766",0
"RNU6-338P",0
"RNU6-28P",0
"H2AZP6",0
"MIR7109",0
"SEZ6L-AS1",0
"RNA5SP495",0
"VPREB1",0
"LHFPL7",0
"RPS25P10",0
"CES5AP1",0
"ZDHHC8BP",0
"RPL35P8",0
"MIR3667",0
"BMS1P22",0
"DUXAP8",0
"NEK2P2",0
"MED15P7",0
"MIR6818",0
"RPL36P17",0
"MIR3619",0
"ABCD1P4",0
"ACTR3BP6",0
"CHEK2P4",0
"KCNMB3P1",0
"CCT8L2",0
"TPTEP1",0
"SLC25A15P5",0
"PARP4P3",0
"ANKRD62P1",0
"VWFP1",0
"XKR3",0
"HSFY1P1",0
"GPM6BP3",0
"MTND1P17",0
"IGKV1OR22-5",0
"IGKV2OR22-4",0
"IGKV2OR22-3",0
"IGKV3OR22-2",0
"IGKV1OR22-1",0
"GAB4",0
"IL9RP6",0
"CACNG2-DT",0
"LINC01656",0
"LINC00207",0
"CECR3",0
"FAM230E",0
"EFCAB6-DT",0
"FAM230F",0
"SYN3-AS1",0
"LARGE1-AS1",0
"LINC01310",0
"FAM230I",0
"FAM230H",0
"LINC01589",0
"LINC01639",0
"LINC02885",0
"LINC01643",0
"LINC00895",0
"HDHD5-AS1",0
"KIAA1671-AS1",0
"MYO18B-AS1",0
"FAM230D",0
"LINC00229",0
"EFCAB6-AS1",0
"LINC01665",0
"LINC02559",0
"FAM247B",0
"FAM230G",0
"LINC01664",0
"RN7SKP252",0
"LINC01659",0
"FAM230B",0
"NBEAP3",0
"FRG1FP",0
"HMGB1P10",0
"GGTLC4P",0
"POM121L10P",0
"GAPDHP37",0
"BCRP7",0
"CA15P1",0
"RFPL4AP6",0
"TSSK1A",0
"IGLL3P",0
"BCRP1",0
"IGLL4P",0
"BCRP5",0
"POM121L8P",0
"BCRP6",0
"CSF2RBP1",0
"GRAMD4P2",0
"CCDC188BP",0
"NF1P6",0
"FABP5P11",0
"VN1R9P",0
"CYCSP41",0
"OR4K11P",0
"CTBP2P10",0
"RBPMSLP",0
"SREK1IP1P1",0
"FDPSP6",0
"NEK4P1",0
"SLC6A6P1",0
"CTBP2P9",0
"CHODL-AS1",0
"TUBAP1",0
"VN1R7P",0
"ZNF299P",0
"SNX19P1",0
"SLC25A15P4",0
"IGHV1OR21-1",0
"HSPD1P7",0
"MSANTD2P1",0
"C1QBPP1",0
"LINC00317",0
"LINC01689",0
"KRT18P2",0
"RPSAP68",0
"RPL8P2",0
"CLDN17",0
"BTF3L4P1",0
"RPL37P3",0
"THUMPD1P1",0
"PPIAP1",0
"LLPHP2",0
"KRTAP24-1",0
"NCSTNP1",0
"RPS3AP1",0
"EIF4A1P1",0
"LINC00307",0
"RNGTTP1",0
"OR4K12P",0
"RPSAP64",0
"LINC01423",0
"CLDN8",0
"LINC02943",0
"HUNK-AS1",0
"HUNK",0
"LINC00308",0
"SNX18P12",0
"EPCIP",0
"PSMA6P3",0
"MAPK6P2",0
"ZNF355P",0
"BNIP3P43",0
"ANKRD30BP1",0
"VN1R8P",0
"SNRPGP13",0
"MIR6724-2",0
"MIR6724-3",0
"RNA5-8SN3",0
"MIR6724-4",0
"RNA5-8SN1",0
"MIR6724-1",0
"RNA5-8SN2",0
"MIR3118-1",0
"RNU6-286P",0
"RN7SL52P",0
"RNU6-113P",0
"RN7SKP147",0
"RNU6-772P",0
"RNU2-55P",0
"RNU1-139P",0
"RNU4-45P",0
"MIR3156-3",0
"RN7SL163P",0
"MIR155",0
"MIR6130",0
"RNA5SP489",0
"MIR4759",0
"MIR548X",0
"RNU6-614P",0
"SNORA80A",0
"UMODL1-AS1",0
"RPL34P3",0
"EZH2P1",0
"MIR802",0
"RPS20P1",0
"PPP1R2P2",0
"RIMKLBP1",0
"RNU6-992P",0
"RPS9P1",0
"RPL3P1",0
"EXOSC3P1",0
"RNA5SP490",0
"OR7E23P",0
"HLCS-IT1",0
"RNA5SP491",0
"DPRXP5",0
"MRPL20P1",0
"RIPPLY3",0
"RNU6-696P",0
"TMEM97P1",0
"RNU6-859P",0
"RNU6-1150P",0
"H2AZP1",0
"MIR5692B",0
"MTCO1P3",0
"COL18A1-AS2",0
"COL18A1-AS1",0
"MIR6815",0
"TPTE",0
"RNU6-954P",0
"NF1P3",0
"FRG2MP",0
"RNA5SP488",0
"RBM11",0
"METTL21AP1",0
"GET1-SH3BGR",0
"MIR6508",0
"RPS26P4",0
"JCADP1",0
"MIR4760",0
"YRDCP3",0
"MIR3197",0
"PCSEAT",0
"LINC00111",0
"MIR6814",0
"TFF2",0
"TFF1",0
"TMPRSS3",0
"RNU6-1149P",0
"RSPH1-DT",0
"LINC00322",0
"RPL31P1",0
"H2BC12L",0
"MIR6070",0
"DNMT3L",0
"DNMT3L-AS1",0
"AIRE",0
"TSPEAR",0
"KRTAP10-1",0
"KRTAP10-2",0
"KRTAP10-3",0
"KRTAP10-5",0
"KRTAP10-6",0
"KRTAP10-8",0
"KRTAP10-11",0
"KRTAP12-4",0
"KRTAP12-3",0
"KRTAP12-2",0
"KRTAP12-5P",0
"KRTAP10-13P",0
"LINC00163",0
"LINC00165",0
"PCBP3-AS1",0
"TMPRSS2",0
"FTCD-AS1",0
"FTCD",0
"OLIG2",0
"TFF3",0
"KRTAP8-3P",0
"KRTAP8-1",0
"KRTAP7-1",0
"KRTAP11-1",0
"KRTAP19-8",0
"UBE3AP2",0
"MTRES1P2",0
"TIAM1-AS1",0
"FBXW11P1",0
"ERVH48-1",0
"LIPI",0
"KRTAP10-9",0
"KRTAP10-4",0
"IGSF5",0
"RPL18AP2",0
"RNU6-396P",0
"MIR6501",0
"KRTAP27-1",0
"KRTAP13-6P",0
"KRTAP13-2",0
"MIR4327",0
"KRTAP13-1",0
"KRTAP13-5P",0
"KRTAP15-1",0
"KRTAP19-1",0
"KRTAP19-2",0
"KRTAP19-3",0
"KRTAP19-4",0
"KRTAP19-5",0
"KRTAP19-9P",0
"KRTAP19-10P",0
"KRTAP19-11P",0
"KRTAP19-6",0
"KRTAP19-7",0
"KRTAP22-2",0
"KRTAP6-3",0
"KRTAP22-1",0
"KRTAP20-1",0
"KRTAP20-4",0
"KRTAP20-2",0
"KRTAP20-3",0
"KRTAP21-3",0
"KRTAP21-4P",0
"KRTAP21-2",0
"KRTAP21-1",0
"KRTAP23-1",0
"KRTAP13-3",0
"RNU6-426P",0
"VDAC2P1",0
"RPS26P5",0
"SNORD74B",0
"MIR99A",0
"MIRLET7C",0
"MIR125B2",0
"RNU1-98P",0
"SH3BGR",0
"KRTAP13-4",0
"KRTAP6-2",0
"KRTAP6-1",0
"BNAT1",0
"LINC01671",0
"BAGE2",0
"ANKRD30BP2",0
"COL6A2-DT",0
"GRAMD4P1",0
"CXADRP1",0
"LONRF2P5",0
"MIR8069",0
"FEM1AP1",0
"TERF1P1",0
"FAM207CP",0
"GXYLT1P2",0
"CNN2P7",0
"ZNF114P1",0
"CYP4F29P",0
"SNX18P13",0
"POLR2CP1",0
"GAPDHP16",0
"RBMX2P1",0
"LINC02920",0
"BACH1-IT3",0
"GRIK1-AS1",0
"RNU6-123P",0
"RNU6-926P",0
"KRTAP10-12",0
"RPL12P9",0
"KCNJ6",0
"DSCR4",0
"DSCR4-IT1",0
"DSCR10",0
"LINC01667",0
"NCOR1P4",0
"SSR4P1",0
"CYCSP42",0
"RAD23BP3",0
"PSMD4P1",0
"TRPM2-AS",0
"KCNE2",0
"SNX18P10",0
"MIR3648-2",0
"CDRT15P9",0
"SOWAHCP2",0
"LINC00314",0
"CRYAA",0
"CBR1-AS1",0
"RPL23AP4",0
"LINC01683",0
"LINC00113",0
"LINC00320",0
"APP-DT",0
"LINC01549",0
"LINC01670",0
"LINC02573",0
"PDE9A-AS1",0
"SOD1-DT",0
"LINC02575",0
"LINC00316",0
"LINC00315",0
"PICSAR",0
"LINC03105",0
"LINC01692",0
"DSCAM-AS1",0
"DSCR8",0
"FRGCA",0
"LINC03104",0
"LINC01668",0
"LINC00945",0
"LINC01690",0
"LINC01674",0
"LINC00479",0
"LINC00114",0
"TSPEAR-AS1",0
"LINC01548",0
"HEPFAL",0
"LINC00112",0
"LINC00161",0
"MRAP-AS1",0
"LINC00159",0
"LINC01425",0
"LINC00160",0
"LINC00319",0
"PLAC4",0
"BACE2-IT1",0
"CDRT15P8",0
"RPL39P40",0
"RPL37P4",0
"FGF7P2",0
"ANKRD20A18P",0
"ERLEC1P1",0
"MTCYBP21",0
"RPL23P2",0
"C21orf140",0
"SMIM34",0
"MT-TG",0
"MT-TH",0
"MT-TL2",0
"MAFIP",0
"RNA5-8SN4",0
"RNA5-8SN5",0
"ASAP1",-4.73674228821209e-08
"RANBP6",-3.64567619014869e-07
"AGAP3",-5.46409264115983e-07
"MTERF3",-1.21974779513e-06
"GPSM3",-1.25216301272078e-06
"GPBAR1",-1.33112112898519e-06
"LINC02357",-2.58357141397368e-06
"PDS5B",-2.71491628522572e-06
"YWHAZP3",-3.69429323157628e-06
"TBC1D10C",-3.85108582793094e-06
"TMEM26-AS1",-3.88525651903381e-06
"PLEKHO2",-4.3567377675093e-06
"PREB",-5.18928930217584e-06
"OIP5",-5.29384519689207e-06
"ADA2",-6.06995973509001e-06
"MAMLD1",-6.63878929825439e-06
"GAL3ST4",-7.04609513899676e-06
"ELP5",-7.17057848495462e-06
"EIF3A",-8.5790791052402e-06
"DHFRP1",-9.71689911714717e-06
"TBC1D13",-1.14015508773463e-05
"VCL",-1.3093072562769e-05
"ZNF875",-1.66606546729456e-05
"NBDY",-1.73040652164582e-05
"RN7SL200P",-1.78349526289761e-05
"YEATS2",-1.78813650351571e-05
"KYAT3",-1.79566693445389e-05
"GNAI3",-1.81849928290243e-05
"CHCHD2",-1.90346587132693e-05
"SYNPR",-2.0529996146686e-05
"TMEM79",-2.20614728059313e-05
"PDPN",-2.28490530755972e-05
"DUSP23",-2.42560209401369e-05
"PSMB2",-2.46381239542001e-05
"LIN37",-3.10394906470758e-05
"KYNU",-3.13186596049837e-05
"FAM91A1",-3.43204547286053e-05
"LPP-AS2",-3.60511488735134e-05
"COMMD4",-3.71766012337912e-05
"RETREG1",-4.07838913051129e-05
"CCDC186",-4.19618092838213e-05
"KCNQ4",-4.33468768732106e-05
"CARD19",-4.3981208550519e-05
"GNAS",-4.41268415800733e-05
"KCNN1",-4.41560735114371e-05
"LRRC8C",-4.56693291322489e-05
"G0S2",-4.63012983284279e-05
"CEP104",-5.11475992957467e-05
"MRC2",-5.12646713864629e-05
"YME1L1",-5.29080908522693e-05
"NSMCE1-DT",-5.5695870391333e-05
"PSMB6",-5.70435115323667e-05
"RNF38",-6.10568269563662e-05
"SNORA33",-6.17986736721462e-05
"PRELID3B",-6.23595414503302e-05
"FRMD6",-6.23604576308951e-05
"NUTM2A-AS1",-6.25726674133891e-05
"RAB3A",-6.62991576821704e-05
"GOLGA3",-6.96062184384068e-05
"SURF6",-7.00759202923417e-05
"LINC02109",-7.2289538178137e-05
"FAAP100",-7.29997536199958e-05
"CAMKK2",-7.70190177850809e-05
"TMEM199",-7.74008688425389e-05
"BEX2",-7.75647409647758e-05
"CDC26",-8.01869441070481e-05
"ESCO1",-8.32460013702404e-05
"NDUFV3",-8.34574456346355e-05
"GK",-8.8567264875531e-05
"LETM2",-8.90483133733975e-05
"H1-0",-9.54716537758783e-05
"NUP58",-9.62640350948887e-05
"RTN3P1",-9.88913642936846e-05
"SRP54",-0.000100405039695155
"SYNC",-0.000101513488537631
"RPL17P18",-0.000102092470686706
"WNT4",-0.000102419897311022
"CHMP4BP1",-0.000112737916876694
"PES1",-0.000115810255241689
"SENP7",-0.000116035584907752
"KCNMA1-AS3",-0.000120664332694829
"POU3F1",-0.000120759698077829
"FCGR3A",-0.000122409513030754
"ADM",-0.000135122690248145
"SPART",-0.000148932284791297
"UBE2V2",-0.000151720596854793
"CDC16",-0.000161871520593655
"TRIP6",-0.000162597812403283
"TUT7",-0.000166995803138594
"TXNRD1",-0.000170799968641948
"STYX",-0.000171966135838968
"ARFGAP1",-0.000176859948188576
"CTSC",-0.000189582454389722
"CUEDC2",-0.000194402309511047
"COQ3",-0.000197823966603753
"FUBP1",-0.000198478183450613
"YWHAZP4",-0.000206029757107166
"IL12RB1",-0.000209754565479996
"GADD45A",-0.000212118578753104
"SCAP",-0.000221045671030068
"PSMD6",-0.000224183874314559
"MIR4259",-0.000226347911660201
"AFAP1L1",-0.000229620711509247
"PPP2R3C",-0.00023269462748378
"ZNF641",-0.000233224737555554
"CLCF1",-0.000236251345961251
"HLA-DRA",-0.00023780080660852
"EIPR1",-0.000238575227790723
"VPS41",-0.000244956061453834
"MSH6",-0.000249010336379858
"RPS3AP29",-0.000249505462267665
"PNRC2P1",-0.000249902092621667
"PHKA2-AS1",-0.00025084454824294
"IFI6",-0.000257303310295991
"SMG7",-0.000259929998537716
"SCARNA18",-0.000263477516944077
"MFAP3",-0.000266145889993775
"TNFRSF8",-0.000268462855398816
"TCAF1",-0.000269634943780575
"WDR45B",-0.000272663780512465
"LTA4H",-0.000275048142319958
"MAPK1",-0.000276079411936706
"TMEM14EP",-0.000279707049654063
"RPL6P10",-0.000280067205380742
"MMP25",-0.000287092386240609
"TAF4",-0.000293245976397922
"DERL2",-0.000296560034494793
"FAM138B",-0.000297343852822768
"TOP1MT",-0.000298092081807735
"HNRNPABP1",-0.000298660272719857
"BECN1",-0.000305902228634083
"C3orf62",-0.000310145628740184
"LRSAM1",-0.000320457271922589
"RTN4",-0.000321344719033851
"TMEM256",-0.000326548786869119
"ZNF746",-0.000326871791777209
"GLA",-0.000337311815906145
"TRIM9",-0.000344267528076296
"CLCN5",-0.000347247113287196
"YTHDF2",-0.000347966821179371
"GLRX",-0.000351791503495866
"FTH1P2",-0.000353195133656495
"RANBP9",-0.000357962785192481
"LINC03094",-0.000358835495218813
"PHOSPHO2",-0.000361135587638782
"NAGLU",-0.000362660059453256
"RPL29P27",-0.000363672094268926
"RNASE2CP",-0.00036589499797856
"CCAR2",-0.00036708374800132
"SHPK",-0.000372217117645795
"COQ5",-0.000381856337269492
"NUGGC",-0.00038498480958487
"KCNQ1",-0.00039335480446575
"ZNF674-AS1",-0.00039672526716129
"DHX9-AS1",-0.000400107559903237
"TRG-AS1",-0.000405810403153003
"ZNF544",-0.000408088895953211
"SNRPGP18",-0.000409963560709886
"TOP1P1",-0.000411797378012637
"MARK3",-0.000414128396838008
"PREPL",-0.000418258408284278
"STK10",-0.000433517693314997
"SLC9B1",-0.000434071205867444
"STK3",-0.000442233115543553
"NIBAN2",-0.000457746406445405
"PIGL",-0.000458967555725634
"CDK7",-0.000460933273065911
"SAMSN1",-0.000472222736661868
"CDC42SE1",-0.000475401806381721
"FAF1",-0.000477641525704682
"NUBPL-DT",-0.000486423442263525
"SP140",-0.000486641750186022
"NELFE",-0.000487638369454474
"HSD11B1-AS1",-0.000496687432232716
"GGTA1",-0.000498032225967276
"OST4",-0.000503374340684785
"MFAP1",-0.000507343540596719
"PLCB2",-0.000508111753162123
"BTN2A1",-0.000509981509121566
"EXTL2",-0.00053054839749329
"DEDD2",-0.000533128148694155
"NSD3",-0.000537521841124427
"ZMAT1",-0.000556619461089315
"IFT81",-0.000557084180017633
"RN7SL809P",-0.000561608830707278
"ACTG1P14",-0.000577087011455324
"ATP2A2",-0.000578253862332165
"AGO2",-0.000580081017618053
"PIGB",-0.000580792408118894
"PARG",-0.000594136761377388
"TNRC18",-0.000600120007763671
"ZNF114-AS1",-0.000600122227516773
"SLIT1",-0.000603255567717139
"RPL34P34",-0.000606678186083232
"NUDT1",-0.000607990820673767
"TTC13",-0.000615754316348667
"RPS2P48",-0.000628298791970133
"ZNF276",-0.000630259156075948
"GMFB",-0.000634007202954959
"PRDX6",-0.000634938551636293
"PSMB7",-0.000655755137428179
"DGLUCY",-0.000673083493484478
"RPL21P52",-0.000676418489794843
"VSNL1",-0.000679751213113912
"THOC7",-0.000684295546704222
"NDUFS1",-0.000691096756508819
"SRGN",-0.000707203698771166
"CD2BP2",-0.000711071067931976
"SLC5A1",-0.000727425578037781
"RPS8P10",-0.000750428178818333
"CYLD-AS2",-0.000754559917625887
"RPS9P2",-0.000758143382996713
"TMEM179B",-0.00076735473219053
"RNU6-101P",-0.00077555049524735
"UBN1",-0.000784850366900238
"NMNAT3",-0.000802008556541151
"DEK",-0.00081211955470646
"HNRNPA3P5",-0.00082939070230026
"RNF115",-0.000835798518767368
"STARD3NL",-0.000838455503135541
"CCL24",-0.000839007130345205
"NDUFV2P1",-0.000839953439730455
"ARFGEF3",-0.000848145027434219
"NCOA7",-0.000853610781282505
"IGFBP4",-0.000857441247521012
"MAP3K5",-0.000861946569145935
"RAB3GAP1",-0.000865808379825286
"RBM38-AS1",-0.000875638394478942
"NTN5",-0.00088383949590238
"GTF2IRD2",-0.000893807623783811
"SYAP1",-0.000895909232751694
"RAB28P5",-0.000926067691281758
"RAB35-AS1",-0.000937615794115764
"PCIF1",-0.000939139709329163
"TAX1BP1",-0.000951555208673097
"PCYT1A",-0.000961341399810411
"HS3ST3B1",-0.000961909382743687
"TMEM198",-0.000985324977487167
"PTPRE",-0.000993519191182958
"AHI1",-0.000993652957365773
"DCC",-0.00099695403338506
"RPS25P7",-0.00100235901512861
"CAP1P1",-0.00101274456870556
"TRBJ2-6",-0.00101700751703553
"ATP1A1",-0.00101838956439035
"RPSAP54",-0.00101964806325804
"OR4K2",-0.00102220356196651
"IGHV1-14",-0.00103320119123488
"DGUOK-AS1",-0.00105651507339664
"RPUSD4",-0.00105657653214577
"EIF4A3",-0.00105800124596942
"SUDS3",-0.0010644602718871
"ARL2",-0.00106676458113777
"EMC1",-0.0010783131222429
"MBNL1",-0.0010812699358871
"HSPA8P7",-0.00109000467912928
"HNF4A",-0.00109207814725056
"PLAA",-0.00109363960669152
"RNU6-722P",-0.0010983763132282
"APBB1IP",-0.0011094379008996
"MEGF9",-0.00112143027335542
"RPS29P14",-0.00112722075539196
"LINC02901",-0.00112798552333366
"BORCS8",-0.00113084477495431
"TMX3",-0.00115108683418481
"C18orf21",-0.00116662904921361
"GOLGB1",-0.00116830341145863
"RAB39A",-0.00117703518725969
"HOTAIRM1",-0.00117770754106312
"GOLGA8J",-0.00118726132266533
"RAB11FIP1",-0.0011881195976824
"ZC3H18",-0.00119292160485732
"PTGS2",-0.00119847480687913
"MT-TM",-0.00119976641457715
"SUCLG2",-0.00121307349379149
"AMZ1",-0.00122829700829941
"PDE12",-0.00124368079886032
"PPOX",-0.00125177176566775
"GRK6",-0.00125573243441768
"PILRA",-0.00125705604864334
"MTND5P11",-0.00126064937661772
"OCEL1",-0.00126743433343195
"NR2F2-AS1",-0.00127142031383816
"ADAM28",-0.00128085118663924
"ATG14",-0.00129684348491019
"NIF3L1",-0.00130274785820637
"CUX1",-0.00130697792777543
"PLEKHA8",-0.00130840926074832
"ABHD12",-0.00131706501202862
"FCGRT",-0.00132068188878435
"GSPT2",-0.00132732716042733
"NEURL1B",-0.00133797353139643
"CSNK2B",-0.00134684402667256
"SP140L",-0.0013643762820006
"ZNF449",-0.00137807232581862
"MYCBP2-AS2",-0.00138115751000573
"RNU6-681P",-0.00138164830751046
"MCC",-0.0013839122001
"RPL21P46",-0.00139187599819497
"SF3B1",-0.00140049397264292
"NCKAP5L",-0.00140981305759141
"KIZ",-0.00141344842507179
"MIR155HG",-0.00142474547403437
"SRP9P1",-0.0014352900549939
"TOB1-AS1",-0.00143543397141531
"RPL36AP50",-0.0014538319820143
"LINC02977",-0.0014567797534122
"YIPF3",-0.00146659894270613
"GABRA1",-0.00147539630851303
"CEBPG",-0.00147815115869322
"MSL1",-0.00151264324102154
"TAF2",-0.0015139364155139
"PIGBOS1",-0.00151921962090221
"HCAR2",-0.0015372675915506
"ITGAE",-0.00154012443407094
"RNU6-1208P",-0.00155208166038145
"ACTL11P",-0.00155240994344213
"TPH2",-0.00156428621222083
"APMAP",-0.00156958387070809
"TMCO1",-0.00157089024807446
"HSPD1P3",-0.0015976203921477
"SART3",-0.00161755034302623
"LINC00910",-0.0016293966934734
"CHST12",-0.00163052032755366
"LNX2",-0.00163229740674058
"QKILA",-0.00166178068502389
"GPR22",-0.00166215575969788
"PDLIM1",-0.00166773958356099
"SNX33",-0.00167563089372018
"PRUNE1",-0.00169167029102486
"GNPNAT1",-0.00170106990463228
"GAS5",-0.00171819697163684
"H2AZP2",-0.00172058742315239
"SNORA1B",-0.00172457896912386
"NUDCD2",-0.00174438096519805
"CYGB",-0.00174532850593199
"PFDN5",-0.00174996516314839
"MIR616",-0.00176258621575125
"ADGRL4",-0.0017928115528019
"SAR1B",-0.00179575941013227
"EIF3H",-0.00179760524307466
"FIZ1",-0.00180404909086179
"DIABLO",-0.00182727523182016
"INF2",-0.00183273039111373
"DRAM1",-0.00183630725034731
"RAB8B",-0.00185154887394778
"BTF3P2",-0.00186402280572678
"KHNYN",-0.00186666950785914
"ZNF529",-0.00187452231004468
"MAN2A1",-0.00187918268859834
"DUT",-0.00188553156099564
"HNRNPL",-0.00190194982928062
"TMEM198B",-0.00191561917798617
"PRKAR2A-AS1",-0.00191788502684841
"ALKBH5",-0.00193167195666702
"PRDX3",-0.0019517796156984
"LINC01968",-0.00196668508304807
"GOLGA8R",-0.00198192762652906
"SCMH1-DT",-0.00198856531947955
"ITGAM",-0.00201124275404096
"EIF3K",-0.00201635169581921
"PPIAP35",-0.00202507136140936
"SCP2",-0.00202512641117352
"BCAS3",-0.0020427161779526
"SAP30BP",-0.00205707617721395
"SON",-0.00209714802303876
"PDE11A",-0.00210346793308545
"TRIM14",-0.00210563335039363
"AGPS",-0.00211160196767181
"IQGAP1",-0.00212387120533171
"MIR924HG",-0.00215146251394043
"TRBV29-1",-0.0021531148445143
"TTC28",-0.00215313544630094
"RTL9",-0.00216025066567823
"CELSR3",-0.00216998442347768
"WDR59",-0.00217567027976944
"RNU6-1152P",-0.0021765815436442
"NUP98",-0.0021851150497023
"SETSIP",-0.00218598704769119
"PLA2G15",-0.00219217815014021
"PRKX",-0.00220203438179844
"PTRH2",-0.00220422945616941
"GPBP1L1",-0.00221514579583903
"ZNF274",-0.00222648822254238
"WFS1",-0.0022584012491502
"CSNK1G3",-0.00226631955977173
"BRI3P1",-0.00227295645405681
"RPL10P8",-0.00227526712685695
"CCDST",-0.00227916596626825
"APEX2",-0.0022842243784561
"LAMTOR2",-0.0022871898372926
"TTC17",-0.00232150007538745
"TMEM14B",-0.00233542173333956
"PSMC1P1",-0.00236055971140246
"RPSAP12",-0.00237501878332572
"TAF9",-0.00241079812009034
"RPS10",-0.00241436394609624
"IMMT",-0.00243996116289489
"BST1",-0.00247330123383168
"ST13P18",-0.0024788114563699
"RAB14",-0.0024850786375553
"ZFP91",-0.00249308256360232
"SUN1",-0.00250308186766576
"ILF3",-0.00250432537700982
"EIF4G2",-0.00252877522279061
"ULK4",-0.00253367542716551
"SHF",-0.00253454793826631
"OAZ2",-0.00254210751861859
"CD164",-0.00254548007489292
"QARS1",-0.00255546470069758
"SLC25A5",-0.00256133401938669
"LCT",-0.00257816957102041
"RPL39P38",-0.00258377780029949
"CDH9",-0.0025855378087892
"ZNF487",-0.00259153779701032
"SMIM12",-0.00260549627877808
"KHSRP",-0.00262529008677572
"ADGRE2",-0.00263341903601456
"REL",-0.00265337741565835
"TMEM30A",-0.00271256473513599
"ORM2",-0.00273395447442333
"DCTN4",-0.00273766459792738
"C22orf15",-0.00273827475314458
"ABCB11",-0.00274724811988595
"E2F3",-0.002758966590047
"NUCKS1",-0.00276464581064337
"LINC02611",-0.00276882142830194
"FBXO30",-0.00279874520246894
"B4GALNT3",-0.00281409027245821
"KIR2DL4",-0.00281511061869074
"RASA1",-0.00282260198751007
"EP300-AS1",-0.00282710300835002
"RFX7",-0.00283140805029976
"IQSEC3-AS2",-0.0028479290581732
"TMEM183A",-0.0028584196591293
"DIS3L",-0.00291761689260925
"H4C3",-0.00293157624204357
"ZNF627",-0.00296963260044477
"MYO7A",-0.00298153753768108
"DEF8",-0.00298490321637824
"ING3",-0.00300458664070523
"VTI1B",-0.00300623451271912
"AGBL5",-0.00300667777801857
"SOX30",-0.00302765655808212
"IGHV4-4",-0.00306429247784772
"ZMYM6",-0.00307270444045304
"PRSS21",-0.00307881379348103
"KIAA1191",-0.003080917960786
"ERBB2",-0.00310284082935172
"N4BP2L2-IT2",-0.00312228213797377
"RNF121",-0.00315265379464227
"ADSS2",-0.00315293506056663
"ACP1",-0.00316024778022795
"SAFB2",-0.00316284785071025
"MCM6",-0.00316332444820109
"PDLIM2",-0.00320999490423542
"TPP2",-0.00321928684528168
"RNF185-AS1",-0.0032220060454008
"BTF3L4",-0.00322353421563601
"PHF1",-0.0032725763503554
"POLR2I",-0.00327686978903641
"EIF1P6",-0.00329976941668654
"JAG2",-0.00330916702898369
"YWHAG",-0.00331909168710651
"MYCBP",-0.00335629016092937
"SFT2D1",-0.00335681220157247
"BPHL",-0.00337434668090536
"ABCA11P",-0.00339079199018875
"KCNJ11",-0.00340934495843956
"UBL5P2",-0.00344229537463764
"EFL1",-0.00344393236758844
"SECISBP2L",-0.00344878083921467
"POLR2J",-0.00347769904935232
"WDR75",-0.00347986305668163
"SLC38A7",-0.00350689858694404
"NCLN",-0.00355278159668924
"TAF7",-0.00360789043380488
"FEM1A",-0.00360860417438727
"CDKN2D",-0.00360971353741644
"PPP1R12A",-0.0036342420004001
"MTATP8P2",-0.00363479084261791
"BNIP3L",-0.00364377786988677
"MAPK12",-0.00365240201595718
"ZNF586",-0.00365702225463945
"ZFAS1",-0.00367742247471004
"NDUFA6",-0.00371600090501164
"SMARCA2-AS1",-0.00371978318624552
"RPS15P9",-0.00376790311871585
"SREBF2-AS1",-0.00377481397014901
"RMND5A",-0.00377612118302182
"VAC14-AS1",-0.00377891616715556
"LGI4",-0.00380699379413255
"KRT72",-0.00381403340010372
"TSPAN15",-0.00384586396554634
"IL4R",-0.00384918336180705
"ARPC3",-0.00385907538289526
"PFDN1",-0.00387061782916031
"EEF1DP2",-0.00387070546324287
"MT-TW",-0.00390994127130879
"TMPRSS6",-0.00400391443619388
"MPC1",-0.004005930935959
"SESN2",-0.00401357916813674
"EEF1A1P6",-0.00402986892941579
"RSU1",-0.00403219252536345
"ZNF281",-0.00405241439360394
"PEDS1",-0.00407617097996993
"SLC29A3",-0.00408900292959847
"APPL2",-0.00410799095494481
"KRIT1",-0.0041124989212582
"DCAF11",-0.00412949020156753
"RGCC",-0.004137674607489
"NABP1",-0.00419623735279322
"IL13RA1",-0.00421623035389012
"MATR3",-0.00421852852624729
"GMNN",-0.00422644141222331
"ARMC1",-0.00426024966314378
"SAPCD2P3",-0.00426568467900727
"PDCL",-0.00428584430348776
"ATP6V1H",-0.0043104452701863
"NEK2-DT",-0.00431963084804189
"IGIP",-0.004334960373448
"NR1D2",-0.00433814372957698
"WDR1",-0.00435786393163958
"GNG10",-0.00438875920742983
"PARD6G-AS1",-0.00439891274600739
"HS6ST3",-0.00440485753786196
"NAPG",-0.0044096800997721
"MAN1A2",-0.00440998063753376
"NUFIP2",-0.00441872805657705
"DNASE2",-0.00446137676417432
"CCNY",-0.00447473338645682
"KIAA0232",-0.00448025519128398
"RAF1",-0.00448149347262376
"HMCN2",-0.00449106486235023
"GTF2B",-0.00449661983338691
"TRIM25",-0.00451529590603096
"CCDC25",-0.0045191821674194
"PLEKHM1",-0.00452572840317775
"DAP3",-0.00453872544389479
"MYO16",-0.00455782636547025
"SFT2D2",-0.00457656247453312
"NPM1P19",-0.00457659842355431
"PSMG2",-0.0045824594321139
"BAG1",-0.00459590458496404
"LINC02259",-0.00460742190729914
"RYBP",-0.00460752168807166
"GAPDHP44",-0.00460870622814848
"BAIAP2-DT",-0.00463591685688446
"PDE2A-AS2",-0.00467803730356831
"CHID1",-0.00468843739614211
"SLFN5",-0.00469687605058293
"CSRP1-AS1",-0.0047494709072649
"DHRS4-AS1",-0.00475932359205728
"EEF1A1P15",-0.00476258424876522
"FAM184A",-0.00477787185330315
"SERPINB6",-0.00478687594933704
"CSPP1",-0.0048047759113712
"UTP14A",-0.00482365935670475
"RPL12P2",-0.00484760393050183
"OPA3",-0.00486926693051879
"STON2",-0.00487579875526179
"DSE",-0.00490705213070032
"RIF1",-0.00496054006679597
"PAXBP1",-0.0049731394740815
"HNRNPA3P3",-0.00497866467881855
"WWC3",-0.00501912134461726
"DNAJC9",-0.00501970041719142
"ADO",-0.00502994351107197
"RPL3P10",-0.00509397166979673
"HEATR1",-0.00512784273035997
"PSMA7",-0.00513479400982217
"PHF5AP3",-0.00513636861667534
"SLC25A32",-0.00513766011345775
"MIPEPP1",-0.00515419879814942
"PPP1R14BP3",-0.00517023907570493
"PI4KB",-0.00518052044380691
"STOM",-0.00521640151093678
"SNRPC",-0.00527044036691612
"CNNM3",-0.00531577304165313
"PLIN4",-0.00533297533852601
"STYXL1",-0.00534957422794314
"ARGLU1-DT",-0.00535120422322604
"RCC2P4",-0.00535609287751934
"FHL3",-0.00535982093727879
"ZNF106",-0.00539344059513778
"YIPF4",-0.00540077696944677
"RAB33B-AS1",-0.00545025186842282
"SNX18",-0.00545981796645721
"RAB20",-0.00550880345230038
"MIR3175",-0.00551215956057925
"MAU2",-0.00555670425803576
"TAF15",-0.00556498154801568
"ILVBL",-0.00558662029591593
"GGA3",-0.00562989790979533
"VAMP3",-0.00568451189470363
"MRPS5",-0.00570581522425863
"RGPD5",-0.00574493786288076
"NBN",-0.00574691964787576
"CHCHD2P9",-0.00577915019313273
"RPL13A",-0.00579490266503206
"AFTPH",-0.00582578131371852
"MTCO1P40",-0.00583906535261476
"UBE2E4P",-0.00584334811902255
"SYNJ2BP",-0.00586866904556533
"PAG1",-0.00590171407125297
"LSM1",-0.00591944194035248
"MAFB",-0.00597720273508331
"TRIP10",-0.00597914232023054
"FLNB",-0.0059966768671942
"CHRM3",-0.00602159378991787
"XIRP2",-0.00602339982623355
"DUSP14",-0.00607972273334461
"USP40",-0.00608090100174151
"SEC61A1",-0.00608340491569336
"RBMXP2",-0.00611204858721649
"CCDC170",-0.00614125367991341
"MRPL9",-0.00615378164748665
"ANXA2P1",-0.00615493211323564
"RPL29P11",-0.00615649738885893
"ATP6V1B2",-0.00615782347711451
"LRRC47",-0.00615867114042503
"MRPL45",-0.00618680845140576
"LRIG1",-0.00620818249061329
"HAGHL",-0.00624428689551248
"MCAT",-0.00625645888383966
"NUP50",-0.00634523236252262
"C6orf120",-0.00634866852433476
"CELF4",-0.00636996964670445
"MT-TK",-0.0064150207877568
"INTS6L",-0.00642073963937306
"MRPL33",-0.00643553220156479
"RPL21P93",-0.00646830534962428
"CCP110",-0.00650050424291946
"ARFGEF1-DT",-0.00650765155661716
"RPL10A",-0.00652408094389657
"CTIF",-0.00654215593584943
"PTH2R",-0.00655028656547068
"INSIG1-DT",-0.00655188052610948
"MIR137HG",-0.00656847972347371
"LINC02669",-0.00658374144468917
"ST20-AS1",-0.00660103037948155
"NR2C1",-0.00661679203494641
"SPRYD4",-0.00663570037993162
"C3AR1",-0.00668518261551618
"KMT2A",-0.00672151228459251
"CPT1C",-0.00678317315912594
"LONRF1",-0.00689475874827315
"UFC1",-0.00689496711265147
"STX5",-0.00691321838550398
"CIAO2A",-0.00691762870116776
"EME1",-0.0069197175460203
"TCF7L1",-0.00698866522299041
"ROBO1",-0.00699029429364
"TDRD6",-0.00699607729144986
"PRR7-AS1",-0.0069981487581698
"PTRH1",-0.00701539576123706
"NCS1",-0.00702848186651188
"ANAPC7",-0.00705163761291085
"C18orf32",-0.00706259591141599
"APOM",-0.00714390270039844
"EHMT2-AS1",-0.00720218093585252
"PPARA",-0.00723645823545455
"CCNO-DT",-0.00723954779321833
"DDX18",-0.00724014201398514
"SYNCRIP",-0.00728930766105872
"LAIR1",-0.00733852133515706
"YPEL5",-0.00740060723775176
"SECISBP2",-0.00740443575501883
"UBQLN1-AS1",-0.00744237743553265
"TPM1-AS",-0.00744268682371939
"RABGAP1L",-0.00756164008204264
"MTM1",-0.00758768944334804
"TMTC3",-0.00762247663333058
"WDR86",-0.00764653746405738
"USP39",-0.00776436747200849
"TF",-0.00780836092037444
"MPRIPP1",-0.00781234078847408
"LINC01569",-0.0078661970288137
"YY1AP1",-0.00793190090505548
"CDK5RAP3",-0.00803853817897159
"RNY3P14",-0.0080667326682982
"RBPJ",-0.008085545198746
"MAP4K3-DT",-0.00812265324662561
"CLEC4D",-0.00814259096494611
"PRR7",-0.00817329516211786
"ADH5",-0.00829486735070156
"CD274",-0.0083232376356979
"UQCRH",-0.00850581020924195
"MAP4K3",-0.00851431601581984
"TEDC1",-0.00855402827518142
"SPTBN4",-0.0085658911240709
"TALDO1",-0.00857343996188341
"MIR3651",-0.00862066318188565
"TBL1X",-0.00863180460011261
"CMC2",-0.00865228895251129
"CDS2",-0.00866481760603644
"SMIM15-AS1",-0.00872592813789509
"RP9",-0.0087697184076857
"RPL32P18",-0.00889480867755461
"RHOQ",-0.00894774803373584
"UBAC1",-0.00894783875860849
"GAPDHP21",-0.00895478370637372
"PEG10",-0.00897811876550143
"RPL34P16",-0.00899435363949757
"FEM1C",-0.00902077917121015
"HMGB1P18",-0.00902197412031907
"RNU6-983P",-0.00902197412031907
"UBA5P1",-0.00902197412031907
"TCHHL1",-0.00902197412031907
"PPIAL4G",-0.00902197412031907
"LINC02786",-0.00902197412031907
"LINC01719",-0.00902197412031907
"LINC01712",-0.00902197412031907
"PPIAP66",-0.00902197412031907
"AQP12B",-0.00902197412031907
"RPSAP29",-0.00902197412031907
"RPL19P2",-0.00902197412031907
"GCSHP1",-0.00902197412031907
"PPIAP79",-0.00902197412031907
"LVRN",-0.00902197412031907
"H3P23",-0.00902197412031907
"ACCSLP1",-0.00902197412031907
"RHAG",-0.00902197412031907
"TREML5P",-0.00902197412031907
"TRBV4-2",-0.00902197412031907
"LUZP4",-0.00902197412031907
"RPS3AP30",-0.00902197412031907
"LINC01288",-0.00902197412031907
"RN7SL787P",-0.00902197412031907
"MIR3162",-0.00902197412031907
"FGF8",-0.00902197412031907
"KLRF2",-0.00902197412031907
"RNU6-353P",-0.00902197412031907
"RPS3AP55",-0.00902197412031907
"SLC2A8",-0.00904267198318011
"NPAS3",-0.00904531207028297
"S100A11P2",-0.00906434402360146
"BTN3A3",-0.0090666811382131
"DNAJC8P1",-0.00907225617658522
"NT5DC3",-0.00907703707479406
"RNU1-38P",-0.00911802362281048
"TMEM14DP",-0.00913618122544516
"LINC01980",-0.00914670066134703
"UPF3B",-0.00917281100418468
"SEC31A",-0.0091843292772537
"TTC23",-0.00919740597067196
"HM13-AS1",-0.00920964832919752
"RPL21P8",-0.00926234142017207
"RPL14P3",-0.0092709877861556
"RPSAP4",-0.00928930188711171
"SEMA3E",-0.00931646160153752
"ANKH",-0.00933836258583332
"WASL-DT",-0.00934948193538336
"ACTR2P1",-0.00935705412567521
"PCDH15",-0.00935794681835596
"LINC02055",-0.00937376603925407
"TMEM272",-0.00938597194854477
"CTNNA1-AS1",-0.00946430640237791
"EXOSC8",-0.00948001575944502
"NEDD8P1",-0.00952395201267637
"PARLP2",-0.00957742145078676
"CDK14",-0.00958334902795797
"HLA-S",-0.00958392722429376
"USP3-AS1",-0.00959487539627727
"CCL18",-0.00961557146089003
"CDH17",-0.00962482236401126
"SLC2A11",-0.00964491888110645
"PPP4R3A",-0.00970133538487182
"SPTLC3",-0.00979887881455128
"SETD5",-0.00982169890157717
"NIP7",-0.00982183185912892
"LBX2-AS1",-0.0099031059358067
"TPBGL-AS1",-0.00992418435608269
"ARFGAP3",-0.0100866747729463
"CERT1",-0.0101563666201703
"ISCA1P6",-0.0102367197250947
"SLC18A2",-0.010244376730001
"NFE2L2",-0.0102477853062804
"WDR5B",-0.010253784237836
"TAF6L",-0.0102655669348836
"FOXP2",-0.0102719137484448
"PUS3",-0.0102863623236372
"MED11",-0.0102893824341382
"NOP58",-0.0103156362583336
"SIN3A",-0.010334484072641
"LINC02625",-0.0103474803271607
"CEACAM6",-0.0103610495633281
"ASB9",-0.010364489779095
"BIRC5",-0.0103690033789759
"LACTB",-0.0103965603590642
"FKTN-AS1",-0.0104331966403954
"FTLP2",-0.0104573966103931
"MATN1",-0.0104581722397298
"FHAD1",-0.0104930974506558
"RPS27P17",-0.0105250048424994
"RPS24P19",-0.0106136533996384
"SEC61G",-0.0106161247349509
"RPL36AP33",-0.0106413452622873
"SNX30",-0.010660238679648
"MFSD10",-0.0106742025770421
"CRBN",-0.0107598676834714
"SETD2",-0.0107617764847707
"MT-ND1",-0.010763737153994
"HYCC2",-0.0107954425856043
"YLPM1",-0.0108441844398893
"CEBPA-DT",-0.0108600457168388
"RAD21",-0.0108870654836539
"CD3D",-0.0108964174950018
"TSC22D2",-0.0109005285329378
"ABCA5",-0.0109094044001844
"TFDP1",-0.0109171075047227
"LINC02942",-0.0109584128036201
"PBX1-AS1",-0.0109584128036201
"LINC01205",-0.0109584128036201
"DCHS2",-0.0109584128036201
"RN7SL580P",-0.0109584128036201
"LINC02919",-0.0109584128036201
"ITPRID1",-0.0109584128036201
"OR5AW1P",-0.0109584128036201
"GABRA3",-0.0109584128036201
"RPSAP76",-0.0109584128036201
"MIR1299",-0.0109584128036201
"RAB28P2",-0.0109584128036201
"OR10AK1P",-0.0109584128036201
"OR52U1P",-0.0109584128036201
"FAM99B",-0.0109584128036201
"FRMPD2",-0.0109584128036201
"UCMA",-0.0109584128036201
"LINC02672",-0.0109584128036201
"ADAMTS20",-0.0109584128036201
"RNU6-689P",-0.0109584128036201
"DET1",-0.0109584128036201
"LINC02137",-0.0109584128036201
"FBXO36P1",-0.0109584128036201
"NKPD1",-0.0109584128036201
"TPT1P1",-0.0109584128036201
"DUSP18",-0.0109678348948714
"OR7E37P",-0.0109912967846923
"IL1A",-0.0109933106122876
"PRR15L",-0.0110249527939527
"SERPINB8",-0.0110380374641421
"ATP1A2",-0.0110425144886649
"METTL5",-0.0110633212486864
"NPM1P38",-0.0111022966773551
"MTCO1P53",-0.0111148212611184
"MYO3B",-0.0111175251686501
"MAPK1IP1L",-0.0111306329359681
"KLHL6-AS1",-0.0111591619048937
"RNF113A",-0.0111956331154856
"MATN1-AS1",-0.0112109819790057
"VRK3",-0.0112162389452971
"RPLP0P9",-0.011217887136543
"TMEM42",-0.0112241394441498
"COX7A2P2",-0.0112272522864872
"ZNF883",-0.011254530790445
"BCAS2",-0.0112964563982969
"TEX15",-0.0113228494588395
"CMKLR1",-0.011342092018254
"CD300C",-0.0113495851240598
"PROSER2-AS1",-0.0113811873992446
"RN7SKP229",-0.01138308382489
"LINC01822",-0.01138308382489
"PRSS45P",-0.01138308382489
"TUBB7P",-0.01138308382489
"PCLO",-0.01138308382489
"LINC01392",-0.01138308382489
"ALOX15P2",-0.01138308382489
"AKTIPP3",-0.01138308382489
"LINC02754",-0.01138308382489
"ANKRD30A",-0.01138308382489
"TACC1P1",-0.01138308382489
"LINC02633",-0.01138308382489
"MYO16-AS2",-0.01138308382489
"UBA52P3",-0.01138308382489
"NIFKP8",-0.01138308382489
"DLGAP1-AS3",-0.01138308382489
"HRC",-0.01138308382489
"GTF2F1",-0.0114064985215353
"ST6GALNAC4P1",-0.011412992949271
"NOL11",-0.0114223705480839
"SUB1P3",-0.0114239139238584
"RPS3AP51",-0.0114511657498754
"CD3G",-0.0114616128174297
"GTF3C6",-0.0114806015706231
"HMGN1",-0.0115070579066186
"HNRNPKP1",-0.0115105716991379
"KCNJ14",-0.0115552209153422
"CHST5",-0.0115689200267721
"SEMA3G",-0.0115877815678593
"TCEA2",-0.0115879861663172
"PLAGL1",-0.0115972341783255
"GNA13",-0.0116378261761503
"H2AJ",-0.0116909243769017
"RORA-AS1",-0.0117042874008285
"DLEU1",-0.0117088698984682
"SELENOK",-0.0117807328491042
"ELL2",-0.0118365216438416
"HINT1",-0.0118438278633569
"RIBC1",-0.0118669421104723
"DDX60",-0.0119063930043823
"SEMA3B",-0.0119343793625068
"HNRNPA1P22",-0.012018181349442
"ZNF213",-0.0120255658488205
"RNF114",-0.0120425897742633
"LYRM2",-0.0120663144693148
"NFAT5",-0.0120815506697441
"RPL24P2",-0.0120875288234669
"PNRC2",-0.0121105965956694
"RBM39",-0.0121685513391631
"TOMM20P1",-0.0121747123556408
"TTK",-0.0122183435696135
"PIGX",-0.0122259006585156
"SV2A",-0.0122395958065457
"CLSTN3",-0.0122470654262617
"LINC02889",-0.0122703276779523
"SLC31A1",-0.0123065153075854
"PDIA4",-0.0123470560904274
"ASB18",-0.0123746148626624
"FRMPD4",-0.0123746148626624
"PTF1A",-0.0123746148626624
"LINC01581",-0.0123746148626624
"PCAT14",-0.0123746148626624
"TMEM147",-0.0123821348052542
"MRAS",-0.0123959098236178
"MRPS7",-0.0124661102153037
"SULT1A2",-0.012467437258903
"MTX2",-0.0124910619961129
"TLR2",-0.0125544946766014
"BABAM2",-0.0125602362818962
"MTCH2",-0.0126186738947442
"RNA5SP465",-0.012619979343112
"CD84",-0.012631525713412
"GDPD1",-0.0126507986420463
"IGHD",-0.0126658525352327
"PHACTR1",-0.0127051234045449
"BRWD3",-0.012722653169493
"SERPING1",-0.0127435261524184
"NCMAP-DT",-0.0127528559624628
"GARS1",-0.0127880063023678
"WSB2",-0.0128484936521132
"ST13P3",-0.0128896553710514
"HNRNPH2",-0.0129504206608603
"AJUBA-DT",-0.0129603169096999
"RPL31P12",-0.0130053962868612
"ZPLD1",-0.0130053962868612
"NREP-AS1",-0.0130053962868612
"CRISP2",-0.0130053962868612
"SNAP91",-0.0130053962868612
"RPL36AP29",-0.0130053962868612
"UQCRHP3",-0.0130053962868612
"LINC00347",-0.0130053962868612
"RPL13P2",-0.0130053962868612
"CLIC6",-0.0130053962868612
"FIS1",-0.0130230986613672
"VPS53",-0.013035615308386
"RPL13AP22",-0.0130433871291611
"COMMD1",-0.0130460492393514
"RPS3AP4",-0.0131025437599298
"NCBP3",-0.0131309312669388
"SLFN13",-0.013289744508597
"SUMO2P3",-0.013332715277706
"RPL23AP30",-0.0133836032060436
"PIK3R5-DT",-0.0133847149514901
"HLCS-AS1",-0.013435458752052
"PTPN14",-0.0134498482642174
"MYOZ3",-0.0134756616984558
"MYL12-AS1",-0.0134906230298188
"ATP7B",-0.01351699580396
"SNRPCP13",-0.0135202827667182
"CEP83",-0.0135219202217235
"PJA1",-0.0135442496267801
"MX2",-0.0135445100574012
"ZNF212",-0.0135470118023457
"GNG5",-0.01355343412263
"RPS19P7",-0.0136285037703919
"TLE4",-0.0136303864045746
"SORT1",-0.0136314949903188
"DNAJB14",-0.01363358700569
"TGFB3",-0.0136418704550648
"RNY1P10",-0.0136421386439505
"ARL17B",-0.0136504714231492
"HNRNPC",-0.0136870192494444
"AGK",-0.0136880491555875
"RPS27P13",-0.0136973268625396
"RPS3AP6",-0.0137367891852465
"ZPR1",-0.0137524501436689
"HIGD2A",-0.0137774855588536
"SLC43A1",-0.0138233115583072
"CEP170",-0.0138738104392847
"FAM72B",-0.0138867036536618
"SBDS",-0.0139009940106345
"MICOS10P2",-0.0139219872482878
"TRIAP1",-0.0139512187446573
"RINT1",-0.014030588772795
"ATG2A",-0.0140339928760573
"CMTM3",-0.0140823229383498
"CWC25",-0.0141167738197885
"ANKHD1",-0.0141708079771518
"HDAC8",-0.0141969545886503
"PARAIL",-0.0142604597546355
"RGS18",-0.0142758617118407
"RPL23AP32",-0.0142763486256398
"SEC24B-AS1",-0.0143068558950948
"TBCCD1",-0.0143925618075685
"FMR1-IT1",-0.0144414901494942
"ASB6",-0.014465381180549
"YTHDF1",-0.0144747364653982
"CD46",-0.0145104437651075
"STK17A",-0.0145149454541963
"TUBD1",-0.0145544133803331
"COX6A1P2",-0.0146104706956597
"C6orf62",-0.0146946379032851
"FSIP1",-0.0147375451607254
"C1QA",-0.0147962278974844
"HNRNPA1P12",-0.0148314893137107
"PDCL3",-0.0148644023204686
"DNPH1",-0.0148963471949838
"ZNF69",-0.0149853093064647
"CAT",-0.0150322268590374
"GSAP",-0.0153172449549986
"NXPE3",-0.0153495661265073
"NONO",-0.0154712935564748
"ZNF681",-0.0156248891076779
"NDUFA5",-0.0156309363110782
"WDSUB1",-0.0156716239287544
"ARGFXP2",-0.0157477837677862
"TNR",-0.0157804252296601
"XXYLT1",-0.0157879137010731
"ATP6V1E1P1",-0.0158274151992028
"OTUD6B-AS1",-0.0158458159459337
"OSER1-DT",-0.016046090258038
"ZNF217-AS1",-0.0161074617897098
"HNRNPCP2",-0.0161859229352069
"UBE2G1",-0.016262682785627
"NRP1",-0.0162648895407256
"SMNDC1",-0.0162692881383974
"OPTN",-0.0163186269435514
"FMO5",-0.0163367369885603
"ZFR",-0.0164140198227022
"PSME2P2",-0.0164697056124694
"DHCR7",-0.0165976112403111
"KCP",-0.01659940129026
"UFM1",-0.0166109693336726
"ZNF22-AS1",-0.0166576882249907
"LINC00667",-0.0167369831346116
"ZNF785",-0.0167505491129632
"LINC02288",-0.0167967517244444
"ST13P6",-0.016800484571813
"YWHAE",-0.0168525981569166
"CD68",-0.016865740006548
"CA5B",-0.0169427781528959
"RLIMP1",-0.0170410886404873
"PPIAP22",-0.0171263072526035
"TLK2",-0.0171418830615573
"PSMC2",-0.0172797425791751
"MARVELD3",-0.017323275378151
"SAE1",-0.0174311322224972
"ZNF266",-0.0174919049619066
"IQSEC2",-0.0174946634868096
"BTF3",-0.0174965537858136
"CDC42SE2",-0.0175536810161326
"ATL1",-0.0175565793529974
"CXXC5",-0.0176103511458363
"CYSLTR2",-0.0176553635353102
"CUL2",-0.0177008788275274
"CEP192",-0.0177390286994503
"ID2",-0.0177586431037064
"WDR37",-0.0177588115154427
"MTRF1L",-0.0177858786983764
"TAFAZZIN",-0.0177992910365501
"RNASE1",-0.017826316897018
"PHKG1",-0.0178266986059524
"ANKRD40",-0.0178600381277824
"THAP5",-0.0179211430850041
"CD93",-0.0179469332020374
"EPC1",-0.0179559821258381
"EOMES",-0.0179878467174821
"KLHL20",-0.0180289531671086
"FMR1",-0.0180335869146014
"TRAM1",-0.0180397613364913
"DOP1B",-0.0180419566077551
"ZNF398",-0.0181701284178114
"ZBTB1",-0.0182078865953157
"PCGF1",-0.0182156561470312
"CAMK2B",-0.0182257661991235
"TINF2",-0.0182583868850273
"GFM1",-0.0182740273728424
"ATP11B",-0.0182903511741385
"GSTO3P",-0.0183284476392373
"GLUD2",-0.0183944418146104
"ESD",-0.0184088001868273
"LSM6",-0.0184262510744033
"CAMKMT",-0.0184278206523413
"TRAF3IP2",-0.0184366271574569
"ZNF521",-0.0184938238423675
"SCIN",-0.0184942656201921
"SNX4",-0.0185054750008934
"SLC25A5P2",-0.0185391495760899
"CUTA",-0.0185766680496458
"OTUD5",-0.0186041519688506
"PRR3",-0.0186111114716194
"PGK1P1",-0.0186622879285179
"BZW1P1",-0.0187702833808192
"CDSN",-0.0188402336071229
"LINC02893",-0.0188402336071229
"AURKAP2",-0.0188402336071229
"PIANP",-0.0188402336071229
"RMST",-0.0188402336071229
"ZNF84-DT",-0.0188402336071229
"MARCHF10-DT",-0.0188402336071229
"CARD8-AS1",-0.0188705857810487
"ZBTB14",-0.0189041903764525
"ZBTB43",-0.0190172797011483
"LINC01709",-0.019022471379845
"RBM8A",-0.0190394590816451
"MPEG1",-0.0190438371075864
"HNRNPA1P26",-0.0190561588920587
"YWHAZP6",-0.0190828233576203
"ISCU",-0.0191224030431327
"ZNF597",-0.0191645821388464
"RNASEL",-0.0191694708618249
"OARD1",-0.0192156938264998
"N4BP2L2",-0.0192752389632318
"CHCHD3P3",-0.019316335633048
"GLTC1",-0.0193224741110036
"LDHAP5",-0.0193517528646908
"RPL7P54",-0.019469162243126
"EBP",-0.0195202363900422
"DUS4L",-0.0195828138990789
"NHSL1",-0.019593587613016
"KLLN",-0.0196013079099194
"HSD3B7",-0.0196101253298953
"MRPS21P3",-0.0196405031636022
"HNRNPCL4",-0.0196405031636022
"EIF4BP8",-0.0196405031636022
"OR7E129P",-0.0196405031636022
"RN7SL447P",-0.0196405031636022
"RNU6-615P",-0.0196405031636022
"ASS1P9",-0.0196405031636022
"GZMAP1",-0.0196405031636022
"PSMA6P2",-0.0196405031636022
"SPANXN5",-0.0196405031636022
"FOXN3P1",-0.0196405031636022
"LINC02153",-0.0196405031636022
"WBP1LP10",-0.0196405031636022
"LINC02561",-0.0196405031636022
"LINC01989",-0.0196405031636022
"MTCO1P1",-0.0196405031636022
"GET4",-0.0196515143417626
"ABCG1",-0.019673489458712
"SENP3",-0.0197293670165991
"AKR1B1P1",-0.019761810126529
"HNRNPCP6",-0.0197640154790006
"PSMD14",-0.0197681872091024
"RPL31P61",-0.0198858723396503
"CAMSAP1",-0.0198918787326595
"RPS27AP11",-0.019940090241347
"NINJ2",-0.0200328679394222
"ARMCX6",-0.0200379059452402
"FAAH",-0.0200863055714369
"ACSL5",-0.0200985898580777
"SLC7A14",-0.0201000964411638
"NUDT4",-0.0201350910191145
"WWOX",-0.020167940825688
"COX7A2L",-0.0202129600589765
"MTND4P12",-0.0202377620988702
"PLK1",-0.0202671671535313
"FAM200A",-0.0203176575557671
"UBE3B",-0.0203842799486857
"ICAM2",-0.0204773799588089
"COL11A2",-0.0205336112065061
"MRPL44",-0.0205949683796153
"USP2",-0.0206100815369952
"KAZN-AS1",-0.0206185062161395
"BTD",-0.0206268257452261
"APOBEC3F",-0.0206477821651081
"NNT",-0.0206759138267843
"NOVA1-DT",-0.020685973874728
"NOC3L",-0.020691579999367
"IKBIP",-0.0207218926542748
"RN7SL4P",-0.0207733898766761
"MED31",-0.0207801071158233
"ATP8B1-AS1",-0.020824062219336
"CAB39",-0.0208890196699351
"MCTP1-AS1",-0.020908035749375
"FGD4",-0.0209208257929461
"ZNF175",-0.0209279237902742
"OR7E31P",-0.0211128181285347
"TYMS",-0.0211394458221685
"ZNF433",-0.0211664705256946
"EXOC3",-0.0211788320795256
"FERMT1",-0.0212332119262674
"MYT1L",-0.0213463459096072
"ECSIT",-0.0214227764429343
"SIRPB2",-0.0214914867728643
"GLT1D1",-0.0215611533129534
"CALM2P3",-0.0215704998266832
"FAM120A",-0.0215992057095271
"ZNF718",-0.0216034096621948
"IL1B",-0.0216212930229689
"TPT1",-0.0218649905138629
"VPS54",-0.0220533116473156
"RBM12",-0.0220605642826249
"BLOC1S3",-0.0220620728757089
"LINC00571",-0.0221380572869507
"RHOU",-0.0221404031259107
"SPATA13",-0.0221493930440368
"KLF11",-0.0222490245264582
"PANK1",-0.0223336187262334
"ST7-OT4",-0.0226488746146572
"PDZD8",-0.0226814837350816
"RN7SL277P",-0.0226831083726729
"SMIM6",-0.0227167356881815
"CDYL2",-0.022734122713189
"MYO15A",-0.0228402135036707
"APOOL",-0.0229926045880857
"UCA1",-0.0230038322599953
"RTRAF",-0.0231183872007196
"GPX4",-0.0231358916822491
"SH3RF3",-0.0231713307840423
"MTND1P5",-0.0233323355614515
"FAM168B",-0.023446553656008
"CRY1",-0.0235155234162069
"TXN",-0.0235320250216461
"TMEM14C",-0.0235667764304662
"GCC2-AS1",-0.0235930618920299
"PTTG1",-0.0236499891432727
"SDHA",-0.0237591581352035
"TNS3",-0.0237712747086605
"RN7SL323P",-0.023816696598892
"RAB28",-0.0238194647637699
"SNUPN",-0.0238990183235616
"EEF1B2P6",-0.0239097765622476
"ATM",-0.0239358074303359
"HMGN1P38",-0.023946915766311
"NDUFA13",-0.0239705926423202
"TBKBP1",-0.0239773427739197
"KCNC2",-0.0239886789720732
"CCDC85C",-0.024044505669941
"HCG15",-0.0240856970398408
"AGFG1",-0.0241848297890789
"SCPEP1",-0.0242660968039559
"UBXN1",-0.0242680780823984
"GGNBP2",-0.0242719733339313
"UBE2D4",-0.0243469277486025
"IFT140",-0.0244143639444122
"ESCO2",-0.0244156203127776
"TKT",-0.0244160194119412
"MIR4458HG",-0.0244818122390678
"THRAP3",-0.024496489824721
"RASA2",-0.0245086259842802
"EEF1E1",-0.0245326117902095
"TRNT1",-0.0245566108463277
"CD44-DT",-0.0245688038443616
"RPL34P10",-0.0245743180477852
"ANKRD36",-0.0246034157285097
"MAGIX",-0.0246180801940346
"CPQ",-0.0246713542356388
"WDR47",-0.0247027786389046
"AMBRA1",-0.0247252335075854
"BPGM",-0.0247673378342615
"THBS1",-0.0247718534681068
"SERF2",-0.0248089585488192
"H2AZ2",-0.0248460807315977
"SPTLC1",-0.024887103227912
"LINC02609",-0.0249182136598705
"REG1B",-0.0249182136598705
"STIMATE-MUSTN1",-0.0249182136598705
"LINC03051",-0.0249182136598705
"VN1R21P",-0.0249182136598705
"TACR3",-0.0249182136598705
"TACR3-AS1",-0.0249182136598705
"RNU6-738P",-0.0249182136598705
"H3C11",-0.0249182136598705
"CLVS2",-0.0249182136598705
"PER3P1",-0.0249182136598705
"ZP3P2",-0.0249182136598705
"TENT5D",-0.0249182136598705
"MAPK6P4",-0.0249182136598705
"LUZP2",-0.0249182136598705
"OR9G1",-0.0249182136598705
"HMGB1P40",-0.0249182136598705
"MTND4P18",-0.0249182136598705
"SRRM4",-0.0249182136598705
"RN7SL508P",-0.0249182136598705
"RNU7-106P",-0.0249182136598705
"OR10U1P",-0.0249182136598705
"ENOX1-AS1",-0.0249182136598705
"LINC00645",-0.0249182136598705
"LINC02565",-0.0249182136598705
"RPL21P128",-0.0249182136598705
"WFDC10A",-0.0249182136598705
"NEFHP2",-0.0249182136598705
"PSG4",-0.0249182136598705
"ISX",-0.0249182136598705
"NIPA2P3",-0.0249182136598705
"BUD13",-0.0249888370045265
"CLEC2D",-0.0250011293934833
"DCAF13P3",-0.0250563520347085
"KNG1",-0.0250658877604725
"ATG12P1",-0.0250687608236431
"HMGB1P9",-0.0250977887675607
"NDUFAF5",-0.0252254269183199
"ALG6",-0.0252308147500064
"ZNF761",-0.0252866403017578
"TK2",-0.0253064633879984
"CDC42P1",-0.025388483119054
"NCOA1",-0.0254814757494309
"MORF4L2",-0.0255092067050344
"SLC25A45",-0.0255772980132217
"AP4S1",-0.0256036319591095
"LINC02882",-0.0256166488681436
"RPL6",-0.0256307267837161
"ZDHHC22",-0.0257104317664495
"SELENOTP1",-0.0258632545514687
"AKAP10",-0.0259906032081366
"ATP5PD",-0.0260427445433603
"GABBR1",-0.0261035048287882
"CENPW",-0.0261332189708515
"ENY2",-0.0263087483459247
"REXO2",-0.0264132813730019
"EIF2S1",-0.0264274734128098
"DDX24",-0.0265008693325622
"CDV3",-0.0265829257552003
"FLAD1",-0.0265999667015902
"PHF13",-0.0267375284233291
"TMEM154",-0.0267569579577176
"DCUN1D2",-0.026772102008765
"CCDC144NL-AS1",-0.0269022086309195
"ATP5MC2",-0.027028923675558
"ZNF25",-0.0270320172060813
"CCDC91",-0.0270398479258468
"ASCC2",-0.0271273755415989
"BAG5",-0.0271771770690849
"ELOVL7",-0.0271943968866868
"RCN1P2",-0.0272378714030389
"ARSD",-0.0273220671187667
"RPL18",-0.0274459574856171
"ZNF790-AS1",-0.0274520364210599
"NAF1",-0.0275240340906793
"MTMR12",-0.0275487418746791
"ANKRD28",-0.0277754529000378
"SLC25A30-AS1",-0.0278133206141298
"DYNLT1",-0.0278224764950291
"LINC02555",-0.027864132730359
"RPS7P1",-0.0278795374472607
"KIF9-AS1",-0.027883625555382
"RGPD4",-0.0279572407984239
"LINC00173",-0.0281209647323693
"CRYBG2",-0.0281419619885921
"HEATR5A-DT",-0.0282293280438305
"FCGR2C",-0.0282437458473355
"IGKV3D-20",-0.0284360348567448
"FBXW2",-0.0284705736563896
"RPL7AP30",-0.0284938346328074
"SNX13",-0.0285668524156326
"APOBEC3A",-0.028568329972372
"ACSM2B",-0.0285718568210843
"RTN3",-0.0287101636291921
"LMAN1",-0.0287376136365261
"CCL20",-0.0287400308774913
"TBC1D7",-0.0287407610294781
"HINT2",-0.028752494568703
"TUBA4A",-0.028781134392309
"UFL1",-0.0288359104362249
"IL18BP",-0.0288395524993677
"POLR3GL",-0.0288626651293317
"RPL7AP11",-0.0289744230714134
"ZNF471",-0.0290199838222246
"SSBL4P",-0.0290552383357073
"LINC01504",-0.0291227156163201
"FTO",-0.0291721428406332
"KIFC2",-0.0292280573713095
"MIR6797",-0.0292356363244755
"FPR2",-0.0292489028438085
"ACTBP7",-0.0292564100083786
"TCAP",-0.0293277357353531
"WAC-AS1",-0.029381957388147
"KAZALD1",-0.0294303976109549
"SMIM3",-0.029556746952168
"PHAF1",-0.0296163742736043
"PAFAH1B2",-0.0296838965697084
"HERC5",-0.029695209645973
"AP3D1",-0.0297840158009674
"RPF1",-0.0298026090624051
"GTF3C3",-0.0298381206302556
"COA4",-0.0298505339704628
"SYNE1",-0.0298733247202344
"RNA5SP195",-0.0299036159112822
"TFB1M",-0.029904766625023
"ACTR3B",-0.0299074486449628
"SELENOS",-0.0299963753970454
"LAMTOR4",-0.0302310091961007
"RNU4-88P",-0.0305050198423243
"LINC01555",-0.0305050198423243
"VN1R5",-0.0305050198423243
"LINC01343",-0.0305050198423243
"RN7SKP141",-0.0305050198423243
"SCN1A",-0.0305050198423243
"AGGF1P3",-0.0305050198423243
"RPS27P12",-0.0305050198423243
"PEX5L-AS2",-0.0305050198423243
"MESTP3",-0.0305050198423243
"PCDHB12",-0.0305050198423243
"LINC01340",-0.0305050198423243
"H3C12",-0.0305050198423243
"FTH1P15",-0.0305050198423243
"NR2E1",-0.0305050198423243
"TRDN",-0.0305050198423243
"OR12D1",-0.0305050198423243
"LINC01204",-0.0305050198423243
"HHLA1",-0.0305050198423243
"CASP12",-0.0305050198423243
"NELL1",-0.0305050198423243
"LGI1",-0.0305050198423243
"HKDC1",-0.0305050198423243
"RPS3AP36",-0.0305050198423243
"PNLIPRP1",-0.0305050198423243
"CYP26C1-DT",-0.0305050198423243
"RNU6-717P",-0.0305050198423243
"RN7SL390P",-0.0305050198423243
"CLEC2A",-0.0305050198423243
"ITGBL1",-0.0305050198423243
"BRD7P5",-0.0305050198423243
"RPL21P112",-0.0305050198423243
"C13orf42",-0.0305050198423243
"LINC02331",-0.0305050198423243
"DPPA3P11",-0.0305050198423243
"LINC01152",-0.0305050198423243
"DSG4",-0.0305050198423243
"DUXAP7",-0.0305050198423243
"DCP2",-0.0305920743858358
"NDUFB2",-0.0306219848620169
"RNA5SP363",-0.0307198608935992
"BTBD6",-0.0307434826762113
"UQCR11",-0.0307582990706292
"RPS15AP38",-0.0308141161933295
"INTS9",-0.0309118088418447
"HIVEP1",-0.0309379061354042
"LINC02071",-0.031024425283663
"RPL17P33",-0.031031572719763
"LRRC45",-0.0310863953605596
"ANKRD24",-0.0311592383242104
"EIF5P1",-0.0311989193712582
"SOAT2",-0.0312100126734639
"ITGB8",-0.0313067033097796
"ZBTB8OS",-0.0315000481289485
"PANK2",-0.0315063240428217
"LINC01562",-0.0315581079973141
"AQP10",-0.0317369622192021
"RNU6-961P",-0.0317369622192021
"PKP4P1",-0.0317369622192021
"LINC01831",-0.0317369622192021
"SLITRK3",-0.0317369622192021
"RANP7",-0.0317369622192021
"SNORD73B",-0.0317369622192021
"MIR3660",-0.0317369622192021
"LINC01241",-0.0317369622192021
"OR5F1",-0.0317369622192021
"OR51B5",-0.0317369622192021
"MMP20",-0.0317369622192021
"FADS2B",-0.0317369622192021
"CCT5P2",-0.0317369622192021
"SLC28A2-AS1",-0.0317369622192021
"RNA5SP485",-0.0317369622192021
"OR10H3",-0.0317369622192021
"IMMTP1",-0.0317369622192021
"POTED",-0.0317369622192021
"CRAMP1",-0.031783658388833
"INAFM2",-0.0318450639640415
"RPL21P100",-0.0318909688011906
"UPK3A",-0.0319067345110797
"LINC02701",-0.0319522421190477
"LINP1",-0.0319750503280809
"RNF227",-0.0319764015427672
"RN7SL602P",-0.0319790443265962
"RAET1G",-0.0320018525608261
"ODF2-AS1",-0.0320080262701346
"SHROOM3-AS1",-0.0320432289955377
"ADIPOR1",-0.0320456193098068
"SEC11B",-0.0320597531037244
"LINC02645",-0.0321503074222652
"NWD1",-0.0322121452188846
"RTP3",-0.0322452900469543
"PIRAT1",-0.0322463820963935
"DNAH10",-0.0322510758317264
"RPL23AP78",-0.0322522538523257
"RDX",-0.0323333770187474
"DDX19B",-0.0324703881345628
"IFI27L2",-0.0326311234966167
"AHCYL1",-0.032748039573506
"P4HA1",-0.0327573450106414
"RCC2",-0.0329714343136465
"MTF1",-0.0329856519118295
"C8orf76",-0.0330347290198881
"MTPN",-0.033098078491074
"PPP1R14C",-0.0331153028078143
"IQGAP2",-0.0332716726452541
"APOL6",-0.0332801631396507
"GSR",-0.0333127162051157
"PAQR3",-0.033360132067438
"PLEKHA2",-0.0334368615992254
"ARL4C",-0.0334622277557194
"CD44-AS1",-0.0334822376522635
"RN7SKP16",-0.0335004887655482
"YWHAZ",-0.0336840464407839
"RAB3GAP2",-0.0336872475733343
"PDK4-AS1",-0.0337247327843584
"DNAH8-DT",-0.0337565477914946
"SPTY2D1",-0.0338995519560783
"SNAPC4",-0.0339051355992647
"NCBP2",-0.0339297054372803
"TNFAIP6",-0.0339459336675782
"SERTAD2",-0.0340027393688503
"PFKFB2",-0.0340827607644194
"WDR38",-0.0341149671467499
"NRL",-0.0341247704218166
"LINC00881",-0.0342758884491245
"TMEM208",-0.0343699292549835
"HMGN2P5",-0.0345958906345279
"RNF217",-0.0346145402884222
"C16orf87",-0.0346733145262179
"LST1",-0.0346948472477796
"PGAM1P6",-0.0346991998962793
"ZNF562",-0.0347261837637721
"P2RX4",-0.034836997592787
"HMGN2P7",-0.0348739798696833
"HSD17B11",-0.0348893718244254
"OSBPL11",-0.0349787613049546
"NTMT1",-0.0350875727785518
"PIK3CD",-0.0351110302811574
"PRPF38A",-0.0352234993931916
"GTF2H5",-0.0352667277405232
"LAMB4",-0.0352726675575509
"KLHL1",-0.0352948845814317
"ULK1",-0.0355745305713257
"CNPY2-AS1",-0.0356226863484961
"MOB1A",-0.0356749523999658
"PROCA1",-0.0358465147795408
"PKP2",-0.0359435790581203
"EFCAB14",-0.0359810318603946
"NBPF12",-0.036034104670826
"LLPH",-0.0360376632717788
"HPS1-AS1",-0.0360416001219057
"ACSL1",-0.0360900749958158
"RPL21P131",-0.0360955916874447
"RPS8",-0.0363921486988258
"ERICH3",-0.0364635154066481
"HSPE1P25",-0.0364635154066481
"LINC01885",-0.0364635154066481
"PRSS51",-0.0364635154066481
"SNRPCP14",-0.0364635154066481
"SPTLC1P1",-0.0364635154066481
"CCDC169",-0.0364635154066481
"IGHV6-1",-0.0364635154066481
"RN7SKP95",-0.0364635154066481
"CHST4",-0.0364635154066481
"ABHD17AP7",-0.0364635154066481
"SLC14A2-AS1",-0.0364635154066481
"CYB5AP4",-0.0364635154066481
"RPL18AP13",-0.0364635154066481
"MIR7-3HG",-0.0364635154066481
"CLCP1",-0.0364635154066481
"LINC01784",-0.0366376476612576
"SLC22A2",-0.0367184764152097
"ZNF267",-0.036816353859298
"FGFBP3",-0.0368433330132714
"SAP30L-AS1",-0.0369095959592857
"UBXN8",-0.0369640746388852
"RPS3P6",-0.0369772221999057
"BMT2",-0.0370137240418006
"IL18",-0.0370372712515573
"MGMT",-0.0370627232604541
"IFNGR2",-0.0370643433737967
"TMED7",-0.0370670831062588
"DGCR5",-0.0370828587924523
"POF1B",-0.0370899794472111
"COPS6",-0.0371333193723756
"FBXL20",-0.0371412702896042
"RPS27AP1",-0.0371430071894534
"ARHGAP29-AS1",-0.0371629993045147
"EMP2",-0.0371686714214449
"GLIPR1",-0.0372719124068679
"PORCN-DT",-0.0372858977240974
"RBM24",-0.0373059077273384
"THAP7",-0.0374787423648271
"RPL13AP10",-0.0374900201985792
"PLAAT3",-0.0375312120215167
"TGFB3-AS1",-0.0375340574119801
"ACIN1",-0.0375478358128596
"NRCAM",-0.0377436939235152
"SARAF",-0.0379767124851514
"SNRPGP10",-0.0382920445490945
"MIEN1",-0.0385042712772034
"TMC6",-0.0385111683268
"UBE2O",-0.0385119685998464
"EEF1A1P8",-0.0385234264680653
"WBP11",-0.0386659016345636
"IPO4",-0.0386966224247389
"RPL5P22",-0.0387410309184862
"CAPN12",-0.038796842100413
"SUMF1",-0.0390404929135342
"ZFP36L2",-0.039045009198523
"TBK1",-0.0390807882787081
"SLC16A4",-0.0391117374731631
"GALNT6",-0.0391230737171595
"RNF139",-0.0391237267136764
"SUMO1",-0.0391346007043931
"SOD1",-0.0391609601359877
"CDHR2",-0.039177882622456
"TMEM65",-0.0392257621138966
"HADHA",-0.0392462720054348
"PKP4-AS1",-0.0392728177698556
"SEMA5A",-0.0392750782059921
"RALGAPA1P1",-0.0394752580205174
"HCST",-0.0394983020797037
"NHERF4",-0.0395719295470509
"LINC00639",-0.0396512251647452
"TNFRSF10A-AS1",-0.0397278664672516
"ADNP",-0.0397332851520166
"GARNL3",-0.0398666823604935
"SAP18",-0.0399440924584632
"ZNF217",-0.0399783446285496
"HSPD1P11",-0.0399942869230447
"PROS1",-0.0401265894587392
"TEAD1",-0.0401421955197893
"DSTN",-0.0401446328848381
"EEF1B2",-0.0401654086034854
"MYO15B",-0.0403339743881461
"KCTD9",-0.0405758255247799
"ISOC1",-0.0406538621373359
"ATXN7L1",-0.0406554255182439
"ZNF354A",-0.040688562718675
"HIBADH",-0.0408187592803327
"DBTP1",-0.0408383829101955
"SLC23A1",-0.0408414339495935
"MAGI1-AS1",-0.0408908692608586
"HMGB3P22",-0.0408908692608586
"TMEM130",-0.0408908692608586
"RPL21P117",-0.0408908692608586
"OR1Q1BP",-0.0408908692608586
"BCAP31P2",-0.0408908692608586
"ALOXE3P1",-0.0408908692608586
"MIX23P3",-0.0408908692608586
"CYP4F11",-0.0408908692608586
"GALNT10",-0.0409164675712535
"PSPN",-0.0409906234816268
"SIGLEC7",-0.0410576618562563
"SLC25A5P8",-0.0410828270604859
"SRC",-0.0410938405088919
"NPM1P4",-0.0411910891024544
"AP3S2",-0.0413132874533197
"PCBP2-OT1",-0.0413309479576147
"MIR548AC",-0.0414281322493313
"MAP1LC3A",-0.0414401755708621
"PTP4A2",-0.0414611948960715
"PUM1",-0.0414975110530909
"REDIC1",-0.0415405946876203
"SLC38A6",-0.0415955568050829
"BPIFB5P",-0.0416564792853082
"XPOT",-0.0416615871014485
"CRPPA",-0.0416750831307379
"TMEM50B",-0.0417638071918186
"CCDC88A",-0.0418764572353442
"FKBP1C",-0.0420055003900832
"RFPL4AP5",-0.0420714373953395
"LINC02989",-0.0420714373953395
"METAP1",-0.0422040557552414
"RPL36AP16",-0.0422785077438606
"LINC01170",-0.0422813325500296
"EIF4BP5",-0.0423586243525406
"RPL21P56",-0.0423629019128193
"LINC02058",-0.04241940547176
"DNALI1",-0.0425654032222481
"PSMD7",-0.0425719707774067
"OAS1",-0.0427019248695802
"COLGALT2",-0.0430392687563814
"TPP1",-0.0430496364761188
"TAF4B",-0.043065167516015
"OXSR1",-0.043066452088291
"SESTD1",-0.0430722832180312
"MRFAP1",-0.0431068783719449
"SAYSD1",-0.043231801645136
"PPP1R15A",-0.0432782181404591
"PRRC1",-0.0433621858173146
"SCEL",-0.0435129747835254
"STYK1",-0.0436289301823207
"ZRSR2",-0.0436496806425535
"NDUFC2",-0.0437183412527014
"ST13P19",-0.0438335346041208
"RPAIN",-0.0439120506217153
"TTC36-AS1",-0.0439563009119744
"SF3B6",-0.0440101610183379
"MTHFD1",-0.0440440113696051
"CS",-0.0441124836139689
"LINC00506",-0.0441862824339187
"LINC02700",-0.0442115522520906
"EIF5",-0.0442392748781852
"ORC3",-0.0443311369851358
"RAD9B",-0.0443316711471069
"ISCA1P2",-0.0443683945908008
"H3P7",-0.0443683945908008
"RAPGEF4-AS1",-0.0443683945908008
"FANCD2P2",-0.0443683945908008
"HNRNPA1P20",-0.0443683945908008
"ATP5MGP4",-0.0443683945908008
"CCL26",-0.0443683945908008
"LINC02902",-0.0443683945908008
"BANCR",-0.0443683945908008
"TLL2",-0.0443683945908008
"RNA5SP304",-0.0443683945908008
"STRC",-0.0443683945908008
"WFDC9",-0.0443683945908008
"H2AC19",-0.0444110210470317
"AFF4",-0.0445394004585791
"PGGHG",-0.0446316314311052
"SLC1A3",-0.0447014152274096
"SERF1A",-0.044714189390398
"MYO1D-DT",-0.0448752657108961
"ATP5MJ",-0.044970863730186
"ST3GAL1",-0.0449765842571608
"TECPR1",-0.0450411410369902
"TMEM128",-0.0450677367618916
"COX6B1",-0.045078950863929
"UBFD1",-0.0451674172275804
"NINJ1",-0.0452709305994321
"HDAC11-AS1",-0.045278443417601
"TP53INP2",-0.045339395979284
"JUN",-0.045350067156582
"RARRES2",-0.0453762527417779
"RPS5P2",-0.0454656275618423
"NDUFV2-AS1",-0.0455860212011475
"MECP2",-0.0456034264776432
"MTX1LP",-0.0456600018969473
"RN7SL339P",-0.0456600018969473
"MIR4701",-0.0456600018969473
"LINC01413",-0.0456600018969473
"EIF3F",-0.0457260433362908
"ZBTB12BP",-0.0457636335369903
"OFD1",-0.0458512036166343
"HMGN2",-0.045864554201973
"KCTD20",-0.0458672693920347
"ERP29",-0.0459301832223738
"SMIM20",-0.0459774809342984
"RPL19P20",-0.0460356771291111
"NT5C3B",-0.0462597465157018
"CHST3",-0.0462837269971706
"PGM5-AS1",-0.0463086521105911
"SSH1",-0.0463708669632135
"DLG5-AS1",-0.0464136043266995
"IFT172",-0.0464330011920783
"COQ6",-0.0464972475486512
"RPL34P24",-0.0465503966403488
"TTLL4",-0.046581401695208
"DCBLD2",-0.0469370447473852
"OXCT1-AS1",-0.0472911823485598
"HIGD1AP1",-0.047346233071299
"GRAP2",-0.0475141432139959
"PPIAP3",-0.0475155633976899
"CRIPT",-0.0475790242639691
"NBPF10",-0.0476027388834868
"MALSU1",-0.0476810549387888
"TENT4B",-0.0477352084786505
"NDUFA2",-0.0477610347301196
"HMGN2P18",-0.0478121658035461
"BBIP1",-0.0478366354400911
"DESI2",-0.0479990709710178
"RPL15P18",-0.0480376783505208
"TICAM1",-0.0480615698527345
"BRWD1",-0.0481152981597744
"GPR108",-0.0481269210912179
"PDCD4-AS1",-0.048142267406847
"SMOX",-0.0482166999784245
"ZNF354B",-0.0483745381279548
"LINC01919",-0.0485029736663861
"APPAT",-0.0485374226226398
"ACOX1",-0.0486166122512681
"ACRV1",-0.0486557718130839
"FAM41C",-0.0486838450036749
"MAGEA6-DT",-0.0486838450036749
"MIS18A-AS1",-0.0486838450036749
"ASPA",-0.0487208265853079
"PDIA3P1",-0.048739791576907
"ABAT",-0.0487812036812902
"ACTBP2",-0.0488450152798506
"CCDC121",-0.0489267536961988
"CRADD-AS1",-0.049101640243326
"SLC6A16",-0.0493706337482347
"UBE2D3",-0.04939927219293
"FAM186B",-0.0494068542604894
"PCDH1",-0.0494369394562487
"TFG",-0.0494784208194752
"CAPZA2",-0.0495362962197904
"MGAT4A",-0.0495455032541916
"RPL23P5",-0.0495993585452242
"NUDT19",-0.0498889391092024
"SIAE",-0.0499783202925999
"MT-TC",-0.050020317404579
"CD46P1",-0.0500887112972882
"OR10J7P",-0.0500887112972882
"RN7SKP55",-0.0500887112972882
"LHX8",-0.0500887112972882
"RPL10P4",-0.0500887112972882
"LINC02814",-0.0500887112972882
"DES",-0.0500887112972882
"IGKV2D-14",-0.0500887112972882
"USP21P1",-0.0500887112972882
"RN7SKP227",-0.0500887112972882
"TM4SF18-AS1",-0.0500887112972882
"LINC02050",-0.0500887112972882
"GRM7-AS3",-0.0500887112972882
"HNRNPA3P13",-0.0500887112972882
"SLC10A6",-0.0500887112972882
"ADGRL3",-0.0500887112972882
"LINC02516",-0.0500887112972882
"SLC25A48",-0.0500887112972882
"EDIL3-DT",-0.0500887112972882
"RN7SL183P",-0.0500887112972882
"HS3ST5",-0.0500887112972882
"LINC03003",-0.0500887112972882
"LCAL1",-0.0500887112972882
"SEPTIN14P1",-0.0500887112972882
"EIF4A1P13",-0.0500887112972882
"CAPZA1P5",-0.0500887112972882
"LINC02476",-0.0500887112972882
"CFAP47",-0.0500887112972882
"GPR101",-0.0500887112972882
"GYG2-AS1",-0.0500887112972882
"FAM47A",-0.0500887112972882
"SSU72P1",-0.0500887112972882
"SOX5P1",-0.0500887112972882
"ATP5MGP1",-0.0500887112972882
"OR4A50P",-0.0500887112972882
"OR51M1",-0.0500887112972882
"ROBO4",-0.0500887112972882
"LINC02695",-0.0500887112972882
"MKX",-0.0500887112972882
"PPP1R3C",-0.0500887112972882
"CUBNP2",-0.0500887112972882
"NRG3-AS1",-0.0500887112972882
"FGF23",-0.0500887112972882
"KRT82",-0.0500887112972882
"RNU6-1088P",-0.0500887112972882
"LINC02442",-0.0500887112972882
"ANKRD20A10P",-0.0500887112972882
"PPIAP23",-0.0500887112972882
"TPTE2-AS1",-0.0500887112972882
"SERPINA12",-0.0500887112972882
"LINC02250",-0.0500887112972882
"FAM153DP",-0.0500887112972882
"LINC00235",-0.0500887112972882
"LINC02140",-0.0500887112972882
"SLC24A3-AS1",-0.0500887112972882
"PPIAP10",-0.0500887112972882
"MIR517B",-0.0500887112972882
"AKR1B1P7",-0.0500887112972882
"MIR548XHG",-0.0500887112972882
"PCP4",-0.0500887112972882
"MND1",-0.050118919144972
"TERF2",-0.0501732907721024
"ANKAR",-0.0502334573380446
"MIR100HG",-0.0503130240836195
"NPM1P42",-0.0503672519978265
"LINC01339",-0.0504228028499214
"OCIAD1",-0.0505201706122529
"NFYC",-0.0506148156169796
"LEMD2",-0.0507430818119495
"WDR45",-0.0507663969345981
"SEC14L6",-0.0507741135401039
"CHMP4B",-0.0508207065117522
"DICER1",-0.0508721013443503
"PCDHA8",-0.0508870869425614
"LINC02767",-0.0509320540311061
"PPP1R3D",-0.0509352749403571
"MMP8",-0.0509880690809191
"ROBO2",-0.0510014911984322
"RPL7AP50",-0.0510369434203883
"ATRN",-0.0510804245436914
"MIR760",-0.0511461543133104
"RHOQ-AS1",-0.0511678624717923
"SPATA31D1",-0.0511749983547653
"MMADHC",-0.0512104908622657
"LDHBP1",-0.0512516130584902
"FOXP1",-0.0512729560662454
"CCDC92B",-0.0512758314108421
"LINC00513",-0.051357485548282
"GPC5",-0.0515240029105978
"ZNF80",-0.0515455681847839
"PLSCR4",-0.0515710909059766
"GNG7",-0.0517189713615978
"MTFR1L",-0.0518038439295125
"MAD1L1",-0.0518835415985022
"SPAST",-0.0519119941199969
"GCG",-0.0519637032489083
"RBM20",-0.0519872341364993
"ZFYVE28",-0.0520074622835306
"SNRPGP2",-0.0522018841584322
"PPIAP8",-0.0522376844136594
"POMGNT2",-0.0523083230120394
"PRDX1",-0.0524996738125176
"RBM4",-0.0525231500293224
"DNAJC3",-0.0525269305943467
"NDUFA10",-0.0525769511090472
"PNKD",-0.0527064142291137
"CCDC127",-0.0527748045068987
"FAM27E3",-0.0530380385014951
"TMEM184C",-0.0531289225678863
"KCNV2",-0.0532324602377579
"PICALM",-0.0534034279011149
"MUC16",-0.0535139039718862
"BLOC1S4",-0.0535672034922351
"IFT88",-0.0535794465025678
"MIPEPP2",-0.0536953297242526
"SMCO1",-0.0536953297242526
"NDST3",-0.0536953297242526
"RLIG1P1",-0.0536953297242526
"TMEM183AP2",-0.0536953297242526
"LRRFIP2P1",-0.0536953297242526
"CYCSP44",-0.0536953297242526
"RPL7L1P11",-0.0536953297242526
"USP17L1",-0.0536953297242526
"SMARCE1P3",-0.0536953297242526
"MPHOSPH10P9",-0.0536953297242526
"PDXK",-0.0537271325831115
"DLG3",-0.0537475601445053
"DNAJC14",-0.0537557248326986
"PHF19",-0.0537614077791821
"ACACA",-0.0539369526642902
"PNISR",-0.0539754020181739
"SSBP1",-0.0539999761284922
"SGCZ",-0.0540028695504152
"PPIAP87",-0.0540028695504152
"CPXM2",-0.0540028695504152
"SNHG1",-0.0540474041563204
"CHCHD3",-0.0540971903063139
"CAMK1",-0.0542161354130937
"ARSB",-0.0542244257990162
"RBMX2P5",-0.0542286089364766
"OFD1P17",-0.0544326016260399
"PRSS38",-0.0545126217533682
"CIMAP2",-0.0545126217533682
"DPP10",-0.0545126217533682
"CNTN4",-0.0545126217533682
"HNRNPA1P73",-0.0545126217533682
"KCNU1",-0.0545126217533682
"RN7SL778P",-0.0545126217533682
"LINC00558",-0.0545126217533682
"TRAV38-1",-0.0545126217533682
"RPL3L",-0.0545126217533682
"CCL14",-0.0545126217533682
"FBN3",-0.0545126217533682
"TULP4",-0.0545883901880505
"FKBP7",-0.0545945742178689
"LINC01908",-0.0547884114826945
"SLC6A20",-0.054794560239226
"LINC00690",-0.0548054163298054
"HPRT1",-0.0548138263350853
"RELL1",-0.0549341148114473
"SUGP2",-0.0549391685274253
"LINC02026",-0.0550522834805936
"SLC6A8",-0.0551130885608837
"DSCR9",-0.0551173323143815
"HMGA2",-0.0551358327182295
"TEX22",-0.0552245881388757
"NEK4",-0.0552289104054986
"HNRNPDL",-0.0552715395921658
"ACAA2P1",-0.0552831116247744
"CASK",-0.0553458981009107
"SLC22A18AS",-0.0555584812569785
"MTMR9",-0.055560761541519
"CNBP",-0.0555831523367294
"PPIH",-0.0556338503492397
"TREH",-0.0556608730886308
"RPS28P4",-0.0557048353837399
"AQP9",-0.0557076643172555
"STAG2",-0.0557247537537731
"LIN7B",-0.0557439700397203
"MTIF2",-0.0557552685130242
"COCH",-0.0558884736276535
"PGM5P4-AS1",-0.0560066617114983
"GSTZ1",-0.0560314411010648
"DNAJC7",-0.0560323230266953
"RPE65",-0.0560839144777294
"RPL18AP7",-0.0560839144777294
"FETUB",-0.0560839144777294
"LDHAL6EP",-0.0560839144777294
"ROS1",-0.0560839144777294
"LINC03005",-0.0560839144777294
"PKD1L1-AS1",-0.0560839144777294
"RPS7P14",-0.0560839144777294
"LRCH2",-0.0560839144777294
"RGN",-0.0560839144777294
"WWP1-AS1",-0.0560839144777294
"RNU6-889P",-0.0560839144777294
"MTND2P15",-0.0560839144777294
"CYCSP39",-0.0560839144777294
"MTCO2P12",-0.0562089102488531
"IBA57",-0.0562414500688856
"FBXW7",-0.0563185721555509
"NSA2P2",-0.0563326485410387
"UBP1",-0.0563585347933341
"ATP6V1C1",-0.0565702966257715
"IGHMBP2",-0.056578011869146
"PNPO",-0.0566120661281757
"CHD1",-0.0566770528267794
"NSA2P7",-0.0567557685892812
"LINC00640",-0.0567557685892812
"PRKAG2-AS1",-0.0568616891722434
"LINC01743",-0.0568746282178252
"LAMP1",-0.0568910091413167
"ZNF189",-0.0570164505795868
"SNX7",-0.0571388266807388
"PPP2R5A",-0.0571709391057939
"MAST2",-0.057324264107919
"PSMD7P1",-0.057346485045355
"TRAF6",-0.057447954331292
"PHF2",-0.0574495156509393
"NEK3",-0.0576629178249949
"RPL7P58",-0.0578082932378645
"ATG4D",-0.0578380218415259
"RTF1",-0.0578511880944968
"PRKD1",-0.0578599179257016
"A2ML1",-0.0580776689494784
"CRELD1",-0.0580802886900442
"PARP9",-0.0580829633647204
"RPS23",-0.0582762385311156
"EIF2S2P4",-0.0584063736983931
"SUMO2",-0.0584749625484166
"SMIM24",-0.0585818631140558
"SLC39A5",-0.058604125260671
"C10orf55",-0.0586417561866083
"NPTN-IT1",-0.058800054997512
"RPL4P5",-0.0589179622698077
"PCED1B-AS1",-0.0590551792133166
"DNAJC15",-0.0590633050572896
"CLN8",-0.0590953859443887
"RNPS1P1",-0.0591451773592818
"ILF3-DT",-0.0592947011786455
"ATP6V1F",-0.0593192354052754
"NOTCH2",-0.059324556615195
"LINC00309",-0.0595101244545389
"BRD9",-0.0595299895273388
"ZNG1A",-0.0595883334201034
"DND1",-0.0595894021148227
"PLPPR3",-0.059613452116765
"LINC02032",-0.0596462065913489
"HK2",-0.0598545246419626
"MTATP6P27",-0.0599031933656964
"FUCA2",-0.0599137670402054
"TRPS1",-0.0599561825732489
"PPP2R2A",-0.059966001530722
"RPS18",-0.0600031421692845
"CD22",-0.0600387624915516
"VCAN-AS1",-0.0602151969665128
"SNX5P2",-0.0605037821028675
"SETD7",-0.0605418541394439
"PELP1-DT",-0.0606011521273647
"TENT5A",-0.0606554731812861
"ALDH7A1",-0.0608908428268513
"SCOC-AS1",-0.0608916572044519
"ARHGAP27",-0.0609067415143991
"BDNF-AS",-0.0611623699549712
"RN7SL154P",-0.0611925643908667
"CCDC90B",-0.0612501050921707
"BEST3",-0.061334733374652
"YPEL4",-0.0615780502506479
"MITF",-0.0615907958961946
"DDHD2",-0.0619258192423794
"PPTC7",-0.0620525415868327
"KMT5B",-0.0622390786815601
"RPL29P12",-0.0622444208980679
"ABCC2",-0.0623258640321019
"AKR1C3",-0.0623879125845374
"GLUL",-0.0624108948401572
"SLC36A2",-0.0625354330842017
"MGAM",-0.0625757953446916
"PLA2G4E",-0.0626254146879801
"PTPN11",-0.0627061426845348
"LINC02150",-0.0627262995650799
"SMIM26",-0.0628045057296488
"RPL10AP6",-0.0628642178750581
"RPA3P1",-0.0628901207255153
"DDN",-0.0628901207255153
"MIR6793",-0.0628901207255153
"PIK3R1",-0.0629002959151846
"FTLP5",-0.0629096096465272
"MYB",-0.0629203084059246
"LINC02897",-0.062921788789353
"GABRG3-AS1",-0.062921788789353
"AGTRAP",-0.0630478436910606
"GPATCH3",-0.0630776021885377
"FIGNL1",-0.0633472682502451
"DCAF12",-0.0635407009120214
"RIMKLB",-0.0636045892666337
"ERLIN1",-0.0636465623209978
"NUDT5P1",-0.0636832693411629
"IST1",-0.0637074282043675
"SLC17A6",-0.0638089963543373
"MRPL22",-0.0639870328118394
"ELOA",-0.0640490165250349
"ARHGAP21",-0.0641955921745993
"PNISR-AS1",-0.0642328051831066
"PSMC1P4",-0.0642402226955032
"ZNHIT3",-0.0642734398808018
"GOLGA8Q",-0.0643325694558786
"VCPIP1",-0.064406749228964
"ZFYVE21",-0.0644735688380241
"AR",-0.0646650365657373
"GABPB2",-0.0646885883485181
"CCNL1",-0.0648838722526096
"SEMG1",-0.0649058639990773
"GLIPR2",-0.0649058858183627
"RUNDC3A-AS1",-0.0649947516765904
"C2orf69",-0.0649995984252551
"PIGG",-0.0650603244483679
"LRRC57",-0.0651476576921341
"SLC5A5",-0.0651734911610744
"MMACHC",-0.0651846319236433
"IQSEC1",-0.0652958969202431
"MIR219A1",-0.0653690614215927
"RPL21P24",-0.0653819598383095
"ADH4",-0.0653819598383095
"POU5F1P2",-0.0653819598383095
"OR52J2P",-0.0653819598383095
"CCNYL4",-0.0653819598383095
"DIO2-AS1",-0.0653819598383095
"SLC66A1",-0.0654719916664221
"ZFPM1",-0.0654934070314348
"NPC1",-0.0655265283507921
"DHDH",-0.0655464516032284
"SLC12A1",-0.065817968722918
"KLHDC8B",-0.0658247885049774
"TRBJ2-7",-0.0658297158225511
"FHIT",-0.0658367932280487
"ARL6IP1",-0.0658766398639784
"MYOM3",-0.0659360081108488
"MIR3649",-0.0659360081108488
"TRDJ2",-0.0659360081108488
"MS4A6A",-0.0659442575521245
"MAP3K8",-0.0659706887387082
"LINC01556",-0.0660906759980763
"LINC01744",-0.0660967728526375
"CNGA1",-0.0660967728526375
"MTND1P19",-0.0660967728526375
"TNPO3P2",-0.0660967728526375
"H2BC16P",-0.0660967728526375
"OR2A42",-0.0660967728526375
"LINC01022",-0.0660967728526375
"VN1R31P",-0.0660967728526375
"MIR764",-0.0660967728526375
"ATP5PFP3",-0.0660967728526375
"PTPRD-DT",-0.0660967728526375
"NFIB-AS1",-0.0660967728526375
"OR4A13P",-0.0660967728526375
"OR8D4",-0.0660967728526375
"OR52A5",-0.0660967728526375
"FREM2",-0.0660967728526375
"HMGN2P15",-0.066117349844062
"DNAH11",-0.066122707179413
"LINC02402",-0.0661489565156892
"H3P36",-0.0661790541208349
"GRIN3A",-0.0662011893862786
"ACO1",-0.0662189485613995
"ZNF962P",-0.0664907816119416
"LINC01523",-0.0667489261387028
"SNORD88A",-0.0667489261387028
"RPS2P7",-0.0667674985367811
"TMEM184A",-0.0671045123233443
"PHYH",-0.0671420449826212
"SLC48A1",-0.0671499103992599
"POT1-AS1",-0.0671681777883621
"MYO3B-AS1",-0.0672319826592011
"LINC01079",-0.0673858053352491
"IGHV1-24",-0.0673858053352491
"IGHV1-58",-0.0673858053352491
"RN7SL526P",-0.0673858053352491
"ARHGEF37",-0.0674098910440416
"GPRC5B",-0.0674274644027754
"DISP2",-0.0674753114866917
"TRIM5",-0.0675333903687488
"RNU6-645P",-0.0679249298675683
"CLEC7A",-0.0679589829926659
"OR1I1",-0.0680329160389234
"LY6G5B",-0.0681350896572067
"DOCK6",-0.0682091323533642
"RNU6-1010P",-0.0684187968928335
"LY86",-0.0684804543515934
"ARHGAP42",-0.0685537568450087
"ACTR2P2",-0.0685665349096358
"NECAB3",-0.0686503661989535
"FAM161B",-0.0687823773919556
"LINC01121",-0.068821903564461
"MS4A4E",-0.0689611212393641
"RSBN1L",-0.0690462829118762
"PPP1R26P1",-0.0693182872409603
"COMMD5P1",-0.0694642875957393
"LINC02253",-0.0694642875957393
"NUDT17",-0.0697651888277512
"LUNAR1",-0.0698823032319679
"SRSF10P1",-0.0698847579279909
"PCYT2",-0.069957891333232
"PRPF38B",-0.0701904784518073
"RBM23",-0.0702949262502982
"FILIP1L",-0.0705040036202126
"MIR4665",-0.0706042446883088
"OSMR",-0.070779588833648
"PFN1P10",-0.0708401402188064
"ENPP7P6",-0.0708401402188064
"RPS29P19",-0.0708401402188064
"HNRNPA1P11",-0.0708401402188064
"ARHGAP11A-DT",-0.0708725422423746
"ENPEP",-0.070972928374282
"IL1RN",-0.0710179499885621
"BEND3",-0.0711125514183008
"LINC02168",-0.0711783797572863
"EVL",-0.0712000727947837
"GNL3L",-0.0712592984094827
"TRAJ45",-0.071414383426886
"ELL",-0.0714407667617508
"OPN3",-0.0715886873300674
"MUC21",-0.0716078810280354
"ARMCX7P",-0.0716078810280354
"THAP12",-0.0716706787041934
"IFI27",-0.0716721669595513
"SETDB2",-0.0717006047293318
"GFOD1",-0.0717286589467534
"RPL9P3",-0.0717912020252734
"SMANTIS",-0.0719731308894456
"FCGR2A",-0.0720095847363696
"RNF41",-0.0720129456781448
"DEFB119",-0.0720652287317152
"LINC02337",-0.0721929225909318
"LINC01533",-0.0721929225909318
"CACNA1I",-0.0721929225909318
"LINC02972",-0.0722929833447429
"TRAJ41",-0.0722929833447429
"RNU6-1153P",-0.0722929833447429
"RBM14-RBM4",-0.0723483896656817
"ZNF676",-0.0723877181846056
"COX10-DT",-0.072412066898164
"PRICKLE1",-0.0724143827085515
"DBF4",-0.0724431464973211
"PITPNB",-0.0724863610626981
"ARL13B",-0.0725303822828712
"TM4SF19-DYNLT2B",-0.0726611554234235
"RPS6P20",-0.0726611554234235
"LINC02759",-0.0726954401440907
"MUCL3",-0.0727445546305618
"NPIPA6",-0.0727445546305618
"CFAP298-TCP10L",-0.0727961880732665
"TPST2",-0.0728321702678245
"SNRNP35",-0.072864024423458
"COX5B",-0.0729250509126873
"RPS3AP21",-0.072956446745108
"PTGES3P4",-0.0730360759569484
"SLC25A4",-0.0731003468518743
"KCNK7",-0.0731018547005642
"RN7SL442P",-0.0731716888728809
"TXNP4",-0.0732072613545377
"IFRD1",-0.0732914510426741
"OGDHL",-0.0733784131990271
"AADACL2-AS1",-0.0734708697746923
"ALG3P1",-0.0734708697746923
"MIR4521",-0.0734708697746923
"EIF4EP2",-0.0735012926944818
"UMODL1",-0.0735789831251773
"RNU6-241P",-0.0736033586218023
"BCAS2P3",-0.0736033586218023
"SIRT4",-0.0736315373944668
"SPRING1",-0.0737288458317043
"MFN1",-0.0737345296535348
"ADAM7-AS1",-0.0737550452417969
"IGSF11",-0.07378045687358
"KMT5A",-0.0737980993072777
"CHMP2B",-0.0739408751146603
"GRHL3",-0.0740215368777646
"CCDC158",-0.0740215368777646
"APONP",-0.0740215368777646
"RBM5",-0.0740751643151133
"TMEM106B",-0.0741081204330688
"PPIL3",-0.0741154582920377
"VWCE",-0.0741721197222089
"UBQLN2",-0.0742363200433539
"VPS13A-AS1",-0.0743117115838448
"ARPC3P3",-0.0743414059281944
"CDKN2AIPNL",-0.0743474329351032
"EPB41L3",-0.0743732654442365
"PTX3",-0.0744914686058901
"DUSP10",-0.0745964196052301
"PIKFYVE",-0.0746391241665073
"OTULIN-DT",-0.0746815097562662
"VEGFB",-0.0747374563372996
"TXNDC11",-0.074760914147457
"SORL1",-0.0747772642458312
"IFITM1",-0.074854530777834
"VDAC1P2",-0.0749444729450791
"CDK5RAP3P1",-0.0750057095029286
"VMA21",-0.075107935766777
"TBX21",-0.0751079938324137
"CARD18",-0.0751309760644216
"RDXP2",-0.0752884195394685
"PEAK3",-0.0753288801349143
"HECW2",-0.0753658566479623
"FAM169A",-0.0753977640353751
"RNU6-1158P",-0.0757490552212579
"SH3BP5L",-0.0762091177999696
"EMC7",-0.0763683855216962
"ENOX2",-0.0764059953024019
"RPL21P7",-0.0764553982542345
"VPS72",-0.076464311242453
"CEP97",-0.0764765141214219
"ADAMTS9",-0.0765379407098452
"LRRC3B",-0.076576530058133
"LSAMP-AS1",-0.076576530058133
"IGHV3-62",-0.076576530058133
"HCG4P8",-0.0767019539135934
"BHLHE40",-0.0767851285703141
"RPS15P5",-0.0767857836689954
"HSPE1P6",-0.0768243190298201
"S100A11",-0.0768298765561971
"DCTN6-DT",-0.0768756352765375
"CHRM5",-0.0770308839140238
"SFT2D3",-0.0771787180038848
"ZNF385D",-0.0772887571772242
"TRIM47",-0.0773230696416436
"SELENOTP2",-0.0773669958393673
"NAV2-AS5",-0.0773669958393673
"ZNF561-AS1",-0.0773945928054437
"HMGN2P6",-0.0774200478484738
"PCNX4",-0.0774344822656947
"NEDD8",-0.0774450543375297
"GRM6",-0.0774626716597071
"CNTNAP4",-0.0774626716597071
"IGKV2D-29",-0.0774833075033591
"MEIOB",-0.0774833075033591
"MIR4746",-0.0774980055653137
"SAXO2",-0.0775555465847386
"RN7SL346P",-0.0776615091461487
"DPYSL5",-0.0776810332523787
"STK33P1",-0.0776810332523787
"ROPN1L",-0.0776936779067342
"RWDD1",-0.0777880920216714
"CCDC120",-0.0778208882608497
"LCK",-0.0779060129870148
"TNFSF13B",-0.0780200149336551
"ERFL",-0.0780588383427489
"REEP2",-0.0780678473515439
"LINC01565",-0.0781716695215538
"NPM1P21",-0.0781716695215538
"OBP2B",-0.0781716695215538
"RPS15AP3",-0.0781716695215538
"LINC00313",-0.0781716695215538
"RABGAP1L-AS1",-0.0782111334810571
"MTNR1A",-0.078255479119939
"RNU2-25P",-0.0783982176721092
"RSL1D1",-0.0784785957170123
"THAP7-AS1",-0.0789333301692899
"MAEA",-0.0790296233845096
"VTRNA1-2",-0.079197728707425
"IGHV3-35",-0.079197728707425
"UBL5",-0.0792304320098627
"ORMDL2",-0.0793342260492145
"EMD",-0.079339000095189
"MYH3",-0.0797264805236542
"MSI2",-0.0797905297919891
"PPEF1",-0.0797997643147124
"MIR4518",-0.0797997643147124
"CDHR4",-0.079855894785507
"MIR1291",-0.079855894785507
"RPS3AP26",-0.079914223738946
"DRG1",-0.0799698627920609
"CYTIP",-0.0800674852204748
"FGF21",-0.0800924592961615
"GLTP",-0.0802321498764972
"CICP7",-0.0802632360792173
"ICA1",-0.0803403509355072
"SLC4A4",-0.0803832980821963
"LINC01992",-0.0804376510841119
"LINC02871",-0.0804376510841119
"KIAA0753",-0.0804387416821459
"KRT76",-0.0805629342376079
"TRAPPC2L",-0.080612817955379
"KATNBL1",-0.0806893906535065
"MT-TV",-0.0808115624085515
"FUOM",-0.0808427121958942
"KLHL34",-0.0809073541808053
"RPSAP59",-0.0809073541808053
"CENPNP1",-0.0809182188907085
"KMT5AP3",-0.0809182188907085
"TRBV7-5",-0.0809182188907085
"CALM2P1",-0.0809182188907085
"RPS3AP3",-0.0809182188907085
"IGFBP1",-0.0809571903701007
"RPS6KA3",-0.0810032674600731
"EFCAB13",-0.0811044160024331
"RPL8P1",-0.0811443645921868
"DENND6A",-0.0811991572479884
"USP36",-0.0812675665765324
"TRGV5",-0.0813149197072395
"MPDU1",-0.0813402186837728
"CYP21A2",-0.081359210655248
"LRRTM1",-0.0813659191966381
"GLRA3",-0.0813659191966381
"ZDHHC20P2",-0.0813659191966381
"RPL5P18",-0.0813659191966381
"THAP12P5",-0.0813659191966381
"GUCY2F",-0.0813659191966381
"BRD9P1",-0.0813659191966381
"DUXAP5",-0.0813659191966381
"XNDC1N-ZNF705EP-ALG1L9P",-0.0813659191966381
"RPS3AP40",-0.0813659191966381
"PDGFDDN",-0.0813659191966381
"NXT1P1",-0.0813659191966381
"DCLK1",-0.0813659191966381
"SALL2",-0.0813659191966381
"ABCA9",-0.0813659191966381
"C18orf63",-0.0813659191966381
"ASH2LP4",-0.0813659191966381
"NIT1",-0.0814016273226651
"CXCL17",-0.0815185598369623
"MESTIT1",-0.0815400019471424
"RPL9P28",-0.0816031922032493
"FAM136DP",-0.0816154263213853
"RN7SKP37",-0.0816480470769037
"RNU7-193P",-0.0816480470769037
"OR4Q3",-0.0816480470769037
"MIR4269",-0.0816640570321202
"NPM1P12",-0.0816640570321202
"XKR4",-0.0816640570321202
"TEX26-AS1",-0.0816640570321202
"NRBF2",-0.081672481319396
"CD300LD-AS1",-0.0817886289554453
"GEMIN7-AS1",-0.0817937475764052
"TMEM220",-0.0818589955474543
"NSMCE1",-0.0818687486761246
"HAUS3",-0.0818761886426442
"KLK10",-0.0818920556747524
"PTMA",-0.0819569188350225
"MUC19",-0.0819797296537225
"LINC01723",-0.0820524045097414
"MIR3161",-0.0820976447015863
"SIGLEC9",-0.0821590142032089
"C15orf39",-0.0821999772712444
"HNRNPA1P1",-0.0822355903024505
"RN7SKP46",-0.0822872223731023
"MIR150",-0.0822872223731023
"MISP",-0.0822938885376266
"TENT5C",-0.0824096327377367
"RNA5SP212",-0.082416887616317
"SPRR1A",-0.0824347786270366
"PSPC1P1",-0.0824347786270366
"RNA5SP289",-0.0825787387738925
"TRAJ13",-0.0825787387738925
"PRKCH",-0.082582067029995
"LINC01856",-0.0826120342388106
"CLVS1",-0.0826428141418092
"RPL19P5",-0.0826691836485813
"ADGRF4",-0.0827323312305184
"RN7SKP116",-0.0827323312305184
"ATG4AP1",-0.0827323312305184
"LALBA",-0.0827323312305184
"MIR3074",-0.0828559629890468
"BPIFB3",-0.082961524089109
"LINC00240",-0.0829617893276151
"RHOXF2",-0.0829617893276151
"DBT",-0.0830711440623446
"RSL24D1P2",-0.0831700745947885
"RNA5SP139",-0.0831700745947885
"PDE4D",-0.0833687454493519
"CXCL16",-0.0834649327616924
"LINC02387",-0.083475488437373
"SLC30A10",-0.0835595887774388
"MIR181A1HG",-0.0836202603189447
"EEF1A1P16",-0.0836727321854362
"RN7SKP112",-0.0836769791265321
"CCL28",-0.0836786610351274
"ACSS2",-0.0839390745816802
"KLC1-AS1",-0.0840001103922841
"OR5AS1",-0.0840002464148448
"LINC01435",-0.0840002464148448
"LINC01490",-0.0840002464148448
"ZBTB49",-0.0840120184365809
"RPL24P8",-0.084154373294641
"ARPP21",-0.0842824628147924
"TRIM46",-0.0843049609509927
"PDGFA",-0.084377396949673
"IKZF3",-0.0844104855475111
"SLC24A2",-0.0845441782499176
"MTA1-DT",-0.0845521768506331
"MYO5A",-0.0845928368252059
"NME8",-0.084601764370775
"SPAG7",-0.0846210057301508
"QSER1",-0.0846236550790849
"CD72",-0.084726498479155
"LINC00501",-0.0847475238988805
"LINC01933",-0.0847475238988805
"OR2J4P",-0.0847475238988805
"SLC17A2",-0.0847475238988805
"VWDE",-0.0847475238988805
"PNKDP1",-0.0847475238988805
"RN7SKP47",-0.0847475238988805
"ACSM5P1",-0.0847475238988805
"PKDREJ",-0.0847475238988805
"ZNRF3-AS1",-0.0847475238988805
"LINC02725",-0.0847611559377261
"JUP",-0.0849061543619308
"LINC02284",-0.0849588381172225
"PCAT7",-0.0850374697053684
"LINC02860",-0.085184558541003
"HMGB1P32",-0.085184558541003
"MIR1184-3",-0.085184558541003
"NR5A1",-0.085184558541003
"SPO11",-0.085184558541003
"ILDR2",-0.0852493502155452
"ERBB4",-0.0853011613573671
"HORMAD2",-0.0853011613573671
"DNAJC8",-0.0853605887860706
"MRPS17",-0.0853959741384976
"ANO3",-0.0854107638645622
"RNU4-34P",-0.0854107638645622
"PDE8A",-0.0854666776657558
"DAOA-AS1",-0.0854712210154118
"PRPF18",-0.0855279167091172
"TP53I11",-0.0855429531311392
"RNVU1-7",-0.0855501311262815
"ATP5MK",-0.0855600892174737
"KLHL6",-0.0855622968097713
"CSTF3-DT",-0.0856488381572316
"PRPF39",-0.0857382901094526
"RN7SL718P",-0.0857583126964029
"GUCD1",-0.0858371680890533
"HOXC8",-0.0859719836572106
"INTS4",-0.0861372195652039
"MIR519A1",-0.086209782403297
"SLC35E4",-0.0862121076257814
"H2BC11",-0.0862675200415337
"H1-10",-0.0863106658611666
"EGFEM1P",-0.0863599066127986
"HNRNPA1P13",-0.0863599066127986
"RPSAP5",-0.0863599066127986
"RAMP3",-0.0863760391671381
"HLA-F-AS1",-0.0863954961392786
"ATP1B1",-0.0864808675453365
"TAS2R19",-0.0865045248054506
"TMEM214",-0.0865357034392525
"IDS",-0.0865706973733023
"FZD10-AS1",-0.086613488393861
"SYNGR1",-0.0866960554435854
"TBC1D22A-AS1",-0.0869893312722651
"ZNF660",-0.0870641858156238
"POLR1B",-0.0870896950637032
"MAGEB16",-0.0873649733481505
"B4GALT4",-0.0874849530158335
"PCCA",-0.0875999187037074
"RPS20P24",-0.0876148272108774
"IL18RAP",-0.0876853987333213
"RPL21P17",-0.0877430343365916
"RNU6-1326P",-0.0879198224184817
"DNAJC18",-0.0880253172601571
"LGALSL-DT",-0.088298900281753
"RPL18AP9",-0.088435748910267
"TRIML2",-0.088435748910267
"OR10H5",-0.0884671915819264
"LRRC25",-0.0884737690778845
"PRKAG1",-0.0887332831083892
"KRT75",-0.0889641085077346
"AEN",-0.0889808910325199
"LINC01922",-0.0890852994959688
"SLTM",-0.0891071701067679
"ATXN2",-0.0892380945572238
"MEI1",-0.0892873752288334
"FOXO3",-0.0893264578138111
"LINC01256",-0.0893432138228975
"FOXD4",-0.0893432138228975
"LINC02682",-0.0893432138228975
"RN7SL705P",-0.0893432138228975
"DLGAP1-AS5",-0.0893432138228975
"RFNG",-0.089518601794553
"COLGALT1",-0.0897569528958538
"FOXI3",-0.089791815664453
"SEMA3D",-0.0900615083085813
"SQLE-DT",-0.0900615083085813
"WDR88",-0.0900615083085813
"CA1",-0.0902389591545896
"CTNNB1",-0.0902421959713739
"SH3YL1",-0.0904124581433231
"RPL15P3",-0.0904316949705627
"CHCHD1",-0.0904649046350473
"DNTTIP2",-0.09050296187984
"RPL3P6",-0.0905365433219625
"NBPF14",-0.0905651053914748
"LYPLA1P3",-0.0906239104574873
"DCAF8",-0.0906390017415055
"C1orf174",-0.0906528945929931
"MAK",-0.0906946656936598
"RPS27P8",-0.0907563082670448
"CNTNAP3B",-0.0908634896126436
"GAPDHP63",-0.0909020066227513
"EIF2S3",-0.0909987904311788
"SNRPGP4",-0.0910202975446325
"TCEAL3",-0.0910710474879876
"TRGC1",-0.0910907214372255
"HAUS8",-0.0911100673769273
"GBA1",-0.091140386529484
"TRIM33",-0.0912022252374151
"F5",-0.0913471614809891
"HAGH",-0.0915242570440298
"TMEM116",-0.0915369702141426
"HSPA8P5",-0.0919522970341766
"TRPC6P5",-0.0920108391598482
"SNORA37",-0.0920108391598482
"RPL31P2",-0.0920108391598482
"LINC01315",-0.0920292514717378
"PYHIN1",-0.0920420183326112
"ZNF516-AS1",-0.0920610271105841
"TMCC1",-0.0920734640285412
"TMEM62",-0.0923368915405414
"CACTIN",-0.0924272888971859
"POMT2",-0.0925163982628764
"CORO2B",-0.0925262309980911
"FSD1L",-0.09275917301869
"ZBTB24",-0.0928455825058476
"PAM16",-0.0929278732541788
"PI4K2A",-0.092994721940953
"RPL7AP31",-0.093047015814961
"RTL8A",-0.0930685445106865
"DRAM2",-0.0930697481001145
"TWF2-DT",-0.0930736258396851
"RNVU1-28",-0.0930866390837485
"TNPO2",-0.0930868542214623
"RPL13AP14",-0.0932073276074678
"LMF1-AS1",-0.0932539603100057
"GALNT11",-0.0933774294690284
"ZBTB39",-0.0934083172429328
"LINC01411",-0.0934936357619816
"H1-2",-0.0935916632380909
"KCNE3",-0.0937241344316379
"SETDB1",-0.0937668224263163
"ABTB2",-0.0940324309422478
"UGCG",-0.0941549791619285
"LINC01912",-0.0941758670665294
"ZNF519",-0.0943355750060338
"ENTPD8",-0.0944088636852474
"HMGB1P6",-0.0944965777302998
"TLE3",-0.0945087946438302
"NDUFB10",-0.0945386884174124
"GBA2",-0.0945504187084173
"KMO",-0.0946166728835828
"IFITM3P4",-0.0946505109119715
"RPS27P29",-0.0948935717935847
"ATF4P3",-0.0949275007694387
"POPDC2",-0.0950909725367566
"HNRNPA1",-0.0952189923912009
"DPPA3",-0.0952619783104303
"ZNF655",-0.0954495633216404
"RPL22",-0.0955639433170957
"DZANK1",-0.0956203049693642
"CNIH1",-0.0957314955460227
"GPR84",-0.0959148039793212
"SCGB1B2P",-0.0961889754102325
"LAMTOR5",-0.0962703904367794
"MRS2P2",-0.0963120362727366
"CACNB1",-0.0966381646148919
"TMEM123",-0.0967848398343262
"ATP5MKP1",-0.0967941121885295
"HEBP2",-0.0968032028667315
"DHX30",-0.096948846912447
"ABCG5",-0.0970871365780092
"LINC01626",-0.0970871365780092
"LINC02180",-0.0970871365780092
"PCCB",-0.0971119172962739
"HSPD1P12",-0.09735830998331
"WDR5",-0.0973776295340725
"UTP25",-0.0976383911884855
"LINC00623",-0.0976421335957225
"LINC01018",-0.0977586136626919
"ADH6",-0.0977690386069786
"IFNA4",-0.0977690386069786
"MYO1A",-0.0977690386069786
"NAP1L4P3",-0.0977690386069786
"RRAGAP1",-0.0977690386069786
"PIEZO1P2",-0.0977690386069786
"TUT1",-0.0982043756692275
"ZKSCAN8",-0.0983636641130248
"NECTIN3",-0.0986429805958818
"ATP1B3P1",-0.0987677157932868
"MYDGF",-0.0992853362255396
"HSPA9",-0.099602633282304
"INSIG1",-0.099745891299582
"KCTD7",-0.0999627119755996
"BCKDHB",-0.100162034322511
"MAPK14",-0.100496775796457
"OXR1",-0.100781707247747
"NCBP2-AS1",-0.101125456366106
"TMEM222",-0.101194022822528
"TRAF3IP2-AS1",-0.101286974757411
"EPCAM",-0.101471855886416
"AKAP13-AS1",-0.101478123586647
"ABCC10",-0.101493708953217
"SNRPB2P1",-0.101513026533524
"LINC00242",-0.10156630385375
"TMEM248",-0.102058869824089
"SNAPC5",-0.102129326409562
"CYP26B1",-0.102136046276794
"HTATSF1",-0.102238982321478
"SMG1P4",-0.102322702514669
"CD81",-0.102354545271682
"WBP4",-0.102406758615909
"MED9",-0.102533297628756
"RPAP2",-0.102819989224102
"WIPF1",-0.102826581112025
"CRYBG3",-0.102871932054376
"MPPED2",-0.103037350989053
"UQCR10",-0.103153581480229
"LINC-PINT",-0.103480165179727
"CRIM1",-0.103548593931672
"ZC3H12B",-0.103565950327673
"ZNF518B",-0.103648924081631
"RWDD3",-0.103770654106842
"RGS12",-0.103945685408156
"FAM43B",-0.104001637320339
"RBM33",-0.10405632237854
"DHRS7",-0.104072263168469
"ANP32B",-0.10449408421105
"LYRM7",-0.104584195059515
"FAR2",-0.104981452437625
"SEMA3F-AS1",-0.104986050859534
"LAMB2P1",-0.105143835280121
"ZNF503-AS2",-0.105186868732601
"PTER",-0.10523629487498
"CFAP45",-0.105271476243899
"EEF1A1-AS1",-0.105532576499031
"MIR29B2CHG",-0.105730066774245
"MIEF2",-0.105906353293346
"SERTAD1",-0.106038058047493
"TATDN1",-0.106056798428636
"MRPL57P3",-0.106118794604853
"ABCA8",-0.106246150383797
"LINC01823",-0.10635268256518
"EIF3FP3",-0.106635529121752
"ADAMTS12",-0.106686265942551
"PUM2",-0.106729337219997
"LINC00339",-0.106736334846573
"RBM39P1",-0.107118381699016
"LHFPL5",-0.107129918165723
"NEURL1",-0.107134406545447
"RABGGTB",-0.107233498599726
"NT5C2",-0.107416048725375
"RAVER1",-0.107565919987402
"UBR5",-0.107680719198341
"TESC",-0.107903951352605
"NLN",-0.107992940184761
"STIM2",-0.108442609023051
"ANXA5",-0.108520352041052
"MRPL40",-0.10873839404158
"ANKRD12",-0.108924661025562
"LINC01387",-0.109121588287055
"TRAPPC2B",-0.109128977427677
"PPFIBP2",-0.109256171258277
"CMSS1",-0.109438303015591
"C4orf33",-0.109733964599999
"HEATR5B",-0.109744385337267
"LDHAL6A",-0.109898102303392
"PARPBP",-0.109915647221207
"LRRC37A5P",-0.110111214427888
"DSCAM",-0.110111214427888
"ARL8B",-0.110169642954506
"PGGT1B",-0.11026434396779
"ODAD3",-0.11088066087865
"CCDC38",-0.11106185894889
"RPL18A",-0.111169335748293
"RPN1",-0.111329829269177
"OR5B21",-0.111580945625173
"MR1",-0.111852100805449
"COPRS",-0.112091157400484
"LINC01052",-0.112116708419035
"PHF12",-0.112416380045522
"SMC1A",-0.1124496627061
"LPXN",-0.112500512381562
"C5",-0.112505234087121
"CERS5",-0.112683537136212
"TGOLN2",-0.11292855786587
"FAM66A",-0.113196908647291
"LINC02505",-0.113220723300603
"NCF1",-0.113222683291312
"ING2",-0.113299541261916
"PLD5",-0.113583813484052
"OR2L5",-0.113583813484052
"CADM2",-0.113583813484052
"LINC01612",-0.113583813484052
"ZFP2",-0.113583813484052
"KLF14",-0.113583813484052
"LINC03095",-0.113583813484052
"RS1",-0.113583813484052
"NXPE2P1",-0.113583813484052
"LINC01153",-0.113583813484052
"KIR3DL3",-0.113583813484052
"GPR89A",-0.113797524251358
"C8orf44",-0.11381089973519
"UBA7",-0.113835408950842
"FAM83H",-0.114420136100249
"RPL6P19",-0.114749156987684
"LINC00937",-0.114766388427947
"HMGCS2",-0.114861679278177
"LINC01634",-0.114943024072252
"RAB24",-0.115201295645029
"PCNX3",-0.115377841291065
"PPP2CA-DT",-0.115682161947977
"TBCA",-0.11594128984623
"RPL5P12",-0.116235854690638
"SLC16A12",-0.116261065032384
"CTAGE10P",-0.116320600477912
"CASP2",-0.116324373817091
"NPEPL1",-0.116401547112274
"SEC22B",-0.116429228868842
"TEF",-0.116549483265987
"RPS27P21",-0.116686912114143
"MLXIP",-0.116789709640464
"ARG2",-0.116896180139717
"NOTCH2NLB",-0.116948701488904
"CLEC4A",-0.117149129007581
"LINC01797",-0.117178433298213
"THNSL1",-0.117626280861644
"MYLK4",-0.117666758789362
"METTL17",-0.117705534250037
"LINC01820",-0.117750161079815
"RBBP9",-0.117833417299326
"EIF4B",-0.117852381287916
"LINC00578",-0.118032903521511
"FAM83F",-0.118065546749316
"EIF1AX",-0.118164676339123
"C19orf38",-0.118175642892785
"ATG10",-0.118211144033145
"LINC02987",-0.118322646892235
"RAP2B",-0.118669124908838
"PDLIM1P4",-0.119186528233003
"TRIM29",-0.119260980385704
"LINC00630",-0.119355720431753
"RSF1-IT1",-0.11950106065588
"MARK4",-0.119551276597227
"OVOL3",-0.119572413615578
"UPF3A",-0.119600307997269
"NACA",-0.119695174956552
"KAT14",-0.119717391465621
"TRAF5",-0.119961462408837
"ACAA2",-0.119984004464746
"LINC00472",-0.120105980196876
"GOLT1B",-0.120200448163159
"BMI1",-0.120440007751427
"LRP2",-0.120458761097679
"UBE2F",-0.120696744578058
"ATF7IP2",-0.121041661492665
"CORO2A",-0.121138949644699
"FUCA1",-0.121234611452743
"C1orf87",-0.121371199789489
"MORC1",-0.121371199789489
"THAP12P9",-0.121371199789489
"NDST4",-0.121371199789489
"FKBPL",-0.121371199789489
"LINC00525",-0.121371199789489
"ELFN1-AS1",-0.121371199789489
"TBX22",-0.121371199789489
"RNU6-445P",-0.121371199789489
"OR52A4P",-0.121371199789489
"LINC02748",-0.121371199789489
"LINC02321",-0.121371199789489
"SYT4",-0.121371199789489
"OR1M1",-0.121371199789489
"CH25H",-0.121392753779434
"LINC01011",-0.121407236061082
"CSF3R",-0.121473848140588
"CDC42EP2",-0.121505313101971
"EPHA4",-0.121649212074213
"BRD3OS",-0.121658019219827
"H3C13",-0.12191690837497
"UBOX5",-0.122002997595976
"RPS13P3",-0.122176438048982
"OGFRL1",-0.122688292413574
"PTPN2P2",-0.122717369595887
"RAB2B",-0.122929135970839
"RHOA",-0.123136426917524
"PHF3",-0.123240778896654
"MTR",-0.123269573628424
"SLC12A4",-0.123332695710838
"NRXN1-DT",-0.123344586907559
"ANXA2P3",-0.123382234119103
"NTPCR",-0.123586217141586
"CHODL",-0.123939201774738
"TMEM258",-0.123959501749515
"NPL",-0.12436537366627
"LINC00412",-0.124557725878755
"GGACT",-0.12487887147937
"GOSR1",-0.124983200385203
"ZBTB10",-0.125028749537357
"CARNS1",-0.125100542117012
"LYZL2",-0.125100542117012
"ALKBH3-AS1",-0.125212444983928
"MUC5B",-0.125420297837343
"ARHGAP22",-0.125530327509625
"CHMP3",-0.125637859201839
"H2AC14",-0.125775784663448
"MINDY2",-0.125809880623108
"LRRC9",-0.1259844283489
"NORAD",-0.126097015089626
"JTB-DT",-0.126545358558806
"BTBD19",-0.126555215767148
"FHIP2A",-0.126827830806614
"FAM13A-AS1",-0.126913749299652
"SNRPG",-0.126943287452738
"POMC",-0.127079710912403
"DAD1",-0.127407112619111
"PRR11",-0.127794257110525
"LINC02112",-0.127984178756154
"CTSA",-0.127988384253713
"VSIG4",-0.128239370018939
"PML",-0.12844146364618
"ANGEL1",-0.128740092297665
"LINC01102",-0.12901304158946
"MXRA7",-0.129108927565193
"ENO4",-0.129230006159477
"KLHL42",-0.129270545641958
"LINC00536",-0.12941419126643
"PIP4K2B",-0.12961216170256
"NCOA4",-0.129637031345867
"SLC25A37",-0.129637961405385
"KRT18P31",-0.129745438171979
"ATP5F1E",-0.129784338965055
"PDZD7",-0.130110587766086
"HSDL1",-0.13014290059666
"IREB2",-0.130482034279076
"ODAPH",-0.130485926461821
"TTLL10",-0.130495792964213
"WASF5P",-0.131001588273066
"FKBP11",-0.131063598864963
"ARL4A",-0.131107160304598
"CD14",-0.131333621049972
"CNTRL",-0.1313725888212
"MAEL",-0.131555883208877
"RNA5SP129",-0.131585741932281
"RPL28",-0.131631520740395
"CARMIL1",-0.131643618450358
"DSC2",-0.131671463100483
"SLC39A11",-0.131744936286939
"CAPN7",-0.131855703590818
"LINC02827",-0.131883843639636
"AMD1",-0.131886798126317
"H2AC20",-0.131933175649125
"SVIP",-0.131946521489293
"STK40",-0.131990203838544
"RPL23AP74",-0.132157976928532
"RPL9",-0.13225883155766
"BCAS3-AS1",-0.132314840754736
"SRGAP3",-0.132616075785157
"COG4",-0.132882661298894
"BZW1P2",-0.133220797485591
"MT-TY",-0.133718792404889
"TMEM38A",-0.133725457825833
"MRPL35",-0.133762109215951
"PHC3",-0.133776546966347
"RPL23AP12",-0.133925911350379
"C12orf76",-0.133934938084332
"CPNE8",-0.134116822833287
"PROSER1",-0.134231499171363
"OLA1P1",-0.134273357201329
"POGLUT1",-0.134412177776546
"PRKAB1",-0.134588115948952
"MT-TA",-0.13460363120475
"ARPC1AP4",-0.134651915900358
"HPS3",-0.134850288639809
"PTPMT1",-0.135973494718423
"CETP",-0.1361393328649
"CRMA",-0.136506329289249
"RPGRIP1",-0.136672756980401
"MRPL42P4",-0.136731041196397
"FBXW7-AS1",-0.137136215264248
"CD28",-0.137383133107635
"STAB1",-0.137403918179802
"UBLCP1",-0.137415554955523
"MRPL41",-0.137648416551068
"ZNF420",-0.137688612963435
"KRT10",-0.138292226599603
"MIR4734",-0.138535965830582
"BUB1B",-0.139118214504401
"ARIH1",-0.139286054393694
"RPL10P16",-0.139544799219999
"ACTA2",-0.139821873687983
"ALG1L15P",-0.139873651815187
"BIN2",-0.139907822680974
"FBXL5",-0.140031294900611
"PPIAL4H",-0.140100128640658
"HAO2",-0.140100128640658
"LINC03126",-0.140100128640658
"CASC6",-0.140100128640658
"LINC01287",-0.140100128640658
"DNAAF6",-0.140100128640658
"LINC00839",-0.140100128640658
"SERTM1",-0.140100128640658
"STARP1",-0.140100128640658
"SEMA6B",-0.140117364604507
"ACP5",-0.140208694324186
"TRIM31",-0.140338260073236
"GALNS",-0.14035117750886
"IFT56",-0.140639606988654
"GTPBP3",-0.141148024780584
"MOCS2-DT",-0.141789792011354
"DEDD",-0.141846015196237
"FRA10AC1",-0.141916975418367
"CBR4",-0.142028046116579
"PPARD",-0.142061584741797
"RPS20P2",-0.142382219866398
"RAB1C",-0.142446372485469
"NENF",-0.142723052526332
"DCTN2",-0.142728221107859
"SCOC",-0.142793381399817
"ZNF496-DT",-0.142795897782833
"MIR1282",-0.142844532111722
"PDCD1",-0.142852349078401
"NPIPB4",-0.142888883311926
"PTCHD4",-0.142941307503638
"LINC00342",-0.14311970292673
"ATP2C1",-0.143196943473107
"TRMT112",-0.143456183592194
"HOXB2",-0.14383216581512
"GGH",-0.143930608218795
"FAM223A",-0.144154511198204
"TPM4P3",-0.144435866988187
"THAP4",-0.144441596632234
"SLC35F6",-0.144549319028657
"SPCS2",-0.144727976928044
"ZNF43",-0.144781724617745
"FNIP2",-0.144911806190211
"DIS3L2",-0.144986339068228
"GTDC1",-0.1451149929264
"NSA2P4",-0.145121654983688
"KRT6B",-0.145313352331832
"UCK2",-0.145416573063068
"CATSPER4",-0.145869457680249
"KRT74",-0.145869457680249
"SLC9A8",-0.145954586790358
"EGF",-0.145982065762838
"SLC30A8",-0.145982065762838
"RPS17P2",-0.146170693145322
"LINC00383",-0.146201592794467
"SPMIP6",-0.146693655975366
"TRIM52-AS1",-0.14681298710423
"RPL6P3",-0.147267679486834
"ZNF687",-0.147372125739126
"CSAD",-0.14741123194281
"RPL13AP6",-0.147442865697662
"VPS37A",-0.147485683742907
"PPP1R1A",-0.147777303447226
"ZNRD2",-0.14852750210544
"KIF5A",-0.148659948500691
"TMEM177",-0.149027793039831
"HAUS2",-0.14933503626011
"CTSV",-0.149359568438475
"LRPAP1",-0.14942002752138
"SPCS2P4",-0.149490472584842
"LGALS8",-0.149517201223044
"CCNT2",-0.149730060319286
"SCRN2",-0.149730242313114
"FXYD5",-0.149978138328098
"CTSB",-0.150010353534027
"GJD3-AS1",-0.150073004084451
"ZZEF1",-0.150084633216075
"BCLAF1",-0.150171477415854
"ARHGAP15-AS1",-0.150251487793985
"XRCC6P2",-0.150333379427227
"USP4",-0.150581759693336
"SET",-0.150588747901256
"DPP8",-0.150652904180447
"RIMS3",-0.15073330270383
"ADH5P2",-0.15073330270383
"MTIF2P1",-0.15073330270383
"RPL7AP21",-0.15073330270383
"NTMT2",-0.15073330270383
"OR10R1P",-0.15073330270383
"OR6Y1",-0.15073330270383
"OR6P1",-0.15073330270383
"C1orf105",-0.15073330270383
"OR10J4",-0.15073330270383
"PROX1-AS1",-0.15073330270383
"LINC01685",-0.15073330270383
"LINC02800",-0.15073330270383
"MTCYBP7",-0.15073330270383
"VWC2L",-0.15073330270383
"CDC27P1",-0.15073330270383
"MROH2A",-0.15073330270383
"CYCTP",-0.15073330270383
"RNA5SP89",-0.15073330270383
"MIR7515HG",-0.15073330270383
"LINC01913",-0.15073330270383
"LINC01808",-0.15073330270383
"DDX50P2",-0.15073330270383
"GMNC",-0.15073330270383
"PEX5L-AS1",-0.15073330270383
"LINC02051",-0.15073330270383
"FRG2C",-0.15073330270383
"RNF150",-0.15073330270383
"ENAM",-0.15073330270383
"TMPRSS11E",-0.15073330270383
"TENM3-AS1",-0.15073330270383
"LINC02358",-0.15073330270383
"RNU1-150P",-0.15073330270383
"RPSAP71",-0.15073330270383
"ADAMTS19",-0.15073330270383
"PCDHGB3",-0.15073330270383
"RPL7P20",-0.15073330270383
"FLT4",-0.15073330270383
"SPINK9",-0.15073330270383
"TAAR2",-0.15073330270383
"AKR1B15",-0.15073330270383
"UFC1P1",-0.15073330270383
"PNCK",-0.15073330270383
"PPP1R11P2",-0.15073330270383
"LINC00629",-0.15073330270383
"IDI1P2",-0.15073330270383
"PDCL3P1",-0.15073330270383
"RN7SKP85",-0.15073330270383
"DLGAP2-AS1",-0.15073330270383
"OR52L1",-0.15073330270383
"OR8B6P",-0.15073330270383
"IGSF9B",-0.15073330270383
"OR5B3",-0.15073330270383
"MFRP",-0.15073330270383
"GLYATL1",-0.15073330270383
"BSX",-0.15073330270383
"LINC02756",-0.15073330270383
"LINC02628",-0.15073330270383
"LRRTM3",-0.15073330270383
"SDR9C7",-0.15073330270383
"DBX2",-0.15073330270383
"RN7SKP7",-0.15073330270383
"LINC00557",-0.15073330270383
"LINC00415",-0.15073330270383
"LINC02157",-0.15073330270383
"LINC02490",-0.15073330270383
"LINC02346",-0.15073330270383
"LINC02915",-0.15073330270383
"MTCO1P28",-0.15073330270383
"PLA2G10EP",-0.15073330270383
"NUP93-DT",-0.15073330270383
"LINC02126",-0.15073330270383
"MYH2",-0.15073330270383
"OR1A1",-0.15073330270383
"SPECC1P1",-0.15073330270383
"LHX1-DT",-0.15073330270383
"SEL1L2",-0.15073330270383
"PLK5",-0.15073330270383
"ZNF541",-0.15073330270383
"SLC7A9",-0.15073330270383
"KRTAP8-2P",-0.15073330270383
"DDX55",-0.150841669860698
"PEPD",-0.150853926644205
"CASR",-0.151457343826989
"CHRM3-AS2",-0.151714290160117
"LINC01611",-0.151747843060411
"DOCK4",-0.151752569636348
"ZNF528",-0.151804170620129
"BLTP3A",-0.15188445878714
"AAK1",-0.151888246946033
"RASSF3",-0.151932959072149
"HAUS5",-0.151979329941947
"ARHGAP26-AS1",-0.151995468180351
"ANXA2",-0.152012532944945
"NCF2",-0.152562099312034
"EFCAB14-AS1",-0.152602112514708
"OR10K2",-0.152615435825153
"ACER2P1",-0.152615435825153
"HNRNPA3P4",-0.152615435825153
"POM121L2",-0.152615435825153
"OR51P1P",-0.152615435825153
"ACSM3",-0.152821873591029
"PDCD4",-0.152967895158192
"COL6A5",-0.152973507373418
"FAM177A1",-0.153078308151591
"B3GNT9",-0.153178389554959
"COL19A1",-0.153264399273251
"CKS1B",-0.153365602233666
"SCNN1B",-0.153425633365412
"LINC02043",-0.153439477374663
"PAK4",-0.153460023293219
"GRK3-AS1",-0.153568959820555
"PLXDC2",-0.153613361336315
"PHACTR2",-0.153631301846439
"C1GALT1P1",-0.153642977620932
"CYB5R4",-0.153650119151087
"PPIAP58",-0.153777729473628
"ZNF613",-0.15377796693356
"CLIP1",-0.154320027702047
"HNRNPA1P7",-0.154438689977503
"LRIG3",-0.154550021648812
"TRPV5",-0.155066373648184
"MECOM",-0.155230444072876
"HMGB1P14",-0.15523463484189
"ZNF235",-0.155334477500092
"ARRDC2",-0.155355052874619
"CLMP",-0.155604842894475
"RNPC3-DT",-0.155837114553136
"FLRT2",-0.155866754691626
"HDDC2",-0.156197265285631
"TRIB3",-0.156377692325856
"RASGRP3",-0.156530745267735
"DMXL1-DT",-0.156668778864702
"DIDO1",-0.156670407878118
"NBPF20",-0.156935002757269
"MT-TN",-0.157161330611136
"ST13P4",-0.157259000541011
"HLA-W",-0.157305033551718
"ING4",-0.157498971861977
"LRIG3-DT",-0.157630453666379
"SPRY2",-0.157646950888404
"TEX9",-0.15770738530398
"HSD17B14",-0.157774957043925
"YWHAB",-0.157800651098469
"CTHRC1",-0.157835528255383
"GRAPL-AS1",-0.15783947617798
"MED19",-0.157859211473869
"IMPA1",-0.15819099641517
"CFAP157",-0.158673866622922
"MGLL",-0.158701619130979
"PIDD1",-0.158824234594402
"GID8",-0.158851696217136
"PMS1",-0.158997282141765
"STAP1",-0.159057247884974
"LHFPL6",-0.159142975908226
"FEM1B",-0.159354469058035
"CPEB4",-0.159527628580863
"FICD",-0.159885107902214
"APPBP2",-0.159976340254551
"MIA2",-0.160062242032677
"OSTCP4",-0.16008669768481
"DIPK1C",-0.16036137652619
"PTPRA",-0.16039719442386
"CHMP3-AS1",-0.160760896867202
"MSRB2",-0.161556502519498
"LRRC37A13P",-0.161798450546457
"POLL",-0.161963906773595
"ANOS1",-0.162017761228515
"SLC6A14",-0.162139917569267
"ALG13",-0.162524313012864
"SRSF12",-0.162739659448496
"PMM2",-0.162802299538485
"TMEM60",-0.162811622752393
"LINC01005",-0.163080904772269
"CRNDE",-0.163321805589609
"RPS26P49",-0.163455125795515
"DIO2",-0.163455125795515
"ADAMTS18",-0.163455125795515
"C17orf99",-0.163455125795515
"ACTR3BP2",-0.163580704555591
"ELOVL2-AS1",-0.163580704555591
"OR51A3P",-0.163580704555591
"PSMD10P1",-0.163580704555591
"NAIP",-0.163692560003125
"TMSB4X",-0.16397271958324
"SSBP2",-0.164087151892266
"PNPLA8",-0.164187773320705
"UGGT1",-0.164267764304665
"FOSL1",-0.164557870921208
"FAM149B1",-0.164670079127293
"B2M",-0.164764425021126
"NFKBIZ",-0.164784450761192
"FBLIM1",-0.164886607434033
"LRRC74A",-0.164892917148197
"ZNF691-DT",-0.165085799734968
"MAGEH1",-0.165303658405932
"NUDT5",-0.165383244890667
"TMEM38B",-0.165508990958507
"RAMP2",-0.165610455817774
"LINC01999",-0.165610455817774
"DLST",-0.165630513622274
"RPL21P125",-0.165650927251605
"STT3B",-0.165700186265711
"KRT15",-0.165930049031772
"EEF1A1P35",-0.166530555768076
"ERCC6L2-AS1",-0.166587694046353
"CYCSP11",-0.166640211291084
"ARL4AP1",-0.166640211291084
"GDA",-0.16671464453561
"NTSR1",-0.167631027627666
"CD109-AS1",-0.167923946753774
"LINC03072",-0.167957114601447
"EP300",-0.168182896080868
"OTULIN",-0.168207695955182
"NPEPPS",-0.16832313198941
"S100A9",-0.168385610101141
"ANKRD23",-0.168595206228915
"RBKS",-0.168597314948741
"DLG4",-0.168598968953174
"LINC01821",-0.168636025935126
"GOT2P1",-0.168664617238414
"NDUFB8",-0.168722648382926
"HSPA8P15",-0.168754362531563
"CPPED1",-0.16882269577717
"HSPA8P9",-0.168897999124792
"PERPP2",-0.169119384290861
"RPL36AP41",-0.169122513797746
"CD180",-0.169777016846096
"PLAU",-0.169806873095889
"GADD45B",-0.170132749141966
"MFSD13A",-0.17036283325878
"PRR29",-0.170413030834947
"RNF11",-0.170479111796621
"RPS2P5",-0.170619111461671
"CIMAP1C",-0.170748084666318
"ALDH7A1P1",-0.170815850108185
"RPL36AP55",-0.170858547575295
"PCP2",-0.170888364814651
"ZNF490",-0.170969764976875
"GCLM",-0.170980625313209
"GRIN2B",-0.171354208526714
"RPL7P13",-0.171672733335529
"LNX1",-0.171721785097035
"ZNF23",-0.171930694917343
"RPL26P19",-0.171989065639793
"SYT16",-0.172103184155947
"SKAP2",-0.172416582749232
"GUSB",-0.172479887570979
"TICAM2-AS1",-0.1725509849798
"RPL37AP1",-0.172607460249142
"CCR4",-0.172633752728439
"PLEKHA3P1",-0.172737566970436
"LLGL1",-0.172867844141951
"S1PR2",-0.17296063046529
"YEATS4",-0.173011671002613
"CDK5RAP2",-0.173036733435743
"H2AZ1",-0.173257034573333
"BCAP31",-0.173307988874549
"RPS18P5",-0.173879438228935
"SPDYA",-0.174017573259401
"ROR1-AS1",-0.174060029464566
"KCNAB1",-0.174145556900604
"ATP5MF",-0.174244300216426
"PAIP1P2",-0.174428525684541
"CYSLTR1",-0.174521140326536
"ABCF3",-0.174820685407873
"CLEC4E",-0.174837420718964
"SNRPA1P2",-0.17529686425598
"SSBL5P",-0.17533807864098
"TIPRL",-0.175427594394021
"WASHC1",-0.175907852732395
"TRIM16",-0.17598839069993
"PPM1M",-0.176047433278011
"NBPF26",-0.176114308435448
"MPHOSPH10",-0.176126047761059
"RNU4-14P",-0.176257206812469
"SHISAL2B",-0.176332865480548
"SMPDL3B",-0.176618457695609
"HM13-IT1",-0.176922295938058
"PPP3CA",-0.176999628412311
"ELF1",-0.177291499878686
"LINC01517",-0.177814959795009
"TOM1L2",-0.177896448009704
"NDUFA7",-0.178012011301455
"SLC17A3",-0.17805570936598
"RPL21P51",-0.178201348504881
"ATF4",-0.17820162942345
"HMGB1",-0.178275563166359
"RAB11B-AS1",-0.178762071862463
"LINC01605",-0.178940637733956
"ERCC4",-0.179144435232657
"SPAG5",-0.179174611826036
"DLEU2",-0.179248984407461
"FILNC1",-0.1801546296859
"SLU7",-0.180165731547228
"H3-3A",-0.1805155767525
"PSAP",-0.180717966416624
"RPS23P8",-0.180910584032765
"ERO1A",-0.181133371010057
"TNRC6A",-0.181638897614276
"SPNS1",-0.181967859206392
"CHUK-DT",-0.182310164273225
"ALDH6A1",-0.182340664856657
"LINC00641",-0.182383141790727
"PCM1",-0.182787741068006
"SLC17A9",-0.183174402042023
"TADA2B",-0.183175484016316
"OR6J1",-0.183536711400995
"ZNF765",-0.183799912509445
"ATP2B3",-0.183873798045716
"LINC01515",-0.183874931689367
"CYTOR",-0.184275602771521
"SPARCL1",-0.184374347292249
"DDX52",-0.18480696107589
"CDNF",-0.184846966333925
"C22orf39",-0.185028667756953
"ERN1",-0.185319007764479
"CHST10",-0.185471440068407
"HMGCS1",-0.185488782795858
"FAM78A",-0.18553064708377
"CCNE2",-0.185589156018806
"EGLN3-AS1",-0.185870637760516
"RPSAP11",-0.186174175214194
"TMEM59",-0.186195276461762
"CANX",-0.186510323724773
"TBC1D2B",-0.186808811419917
"CLEC12A",-0.187431720871857
"CCR5",-0.187720809189601
"RPL7P12",-0.188096071384934
"AMPD2",-0.188304712256756
"EML4",-0.188660945777532
"DNAJC10",-0.188707942448631
"MDM4",-0.1888118299081
"MAB21L4",-0.18884284280929
"SP1",-0.189039056562708
"DCUN1D5",-0.189290664661764
"LINC02057",-0.189472863397699
"CPSF7",-0.189875817088054
"RRS1-DT",-0.189901391219277
"LINC02709",-0.18999028649088
"SOX6",-0.190456058351129
"KCNRG",-0.190571409179353
"PEMT",-0.190722744447144
"AAMDC",-0.190723500361362
"SFTPA2",-0.190748742637203
"RPS6KB1",-0.190829780514245
"LOXL3",-0.190937421950483
"EBPL",-0.1911872544064
"PPIAP41",-0.191989766639339
"SEC14L2",-0.192093311930021
"RUFY2",-0.192528842588244
"MED6",-0.192789360283854
"SHOC2",-0.192903636093879
"STK32A-AS1",-0.19291425700271
"TRIM15",-0.19291425700271
"CNMD",-0.19291425700271
"DHX38",-0.192976332527202
"LINC02899",-0.193020783956822
"PDCL3P2",-0.193020783956822
"ZNF358",-0.193092541874594
"CYSTM1",-0.193188747657061
"RPS13P2",-0.193382933293788
"SNAPC3",-0.193566138767986
"LYPD5",-0.193976478585014
"CERK",-0.194055677899885
"ALPK3",-0.194192939685956
"SSR4",-0.194224935802713
"NPIPA2",-0.194264804611539
"CARD16",-0.194393028085677
"BTBD7P1",-0.1944950583418
"SLC25A47",-0.194532722049195
"MLPH",-0.194581312298081
"CRACR2B",-0.194624044391296
"MIR4748",-0.194691641829729
"TNRC6B-DT",-0.195003065991665
"PSPC1-AS2",-0.195085357597715
"C11orf65",-0.195177605644177
"HSPA12A",-0.195584860271763
"MNAT1",-0.195665084934773
"TIMM29",-0.195761865592297
"MTMR6",-0.196089800297086
"MOB3B",-0.196511373321225
"FNIP1",-0.196601107281571
"BRI3",-0.196957495918911
"PABPC1",-0.197155990156552
"CPNE6",-0.197263355064903
"TMEM87A",-0.197456083344259
"COG2",-0.197519399872175
"TNFRSF11B",-0.19785966464726
"LINC02373",-0.19822152425924
"CIBAR2",-0.198280616756313
"RPS27L",-0.198568997464197
"THAP2",-0.198783003326969
"FHL5",-0.198934166991365
"MAPK8IP3",-0.198972158427533
"WDR26",-0.199392884925095
"YBX1",-0.199605501257714
"HACD1",-0.199646021485724
"BRPF1",-0.199680029189079
"RBM47",-0.199693587393151
"MICALL2-DT",-0.199718771069253
"RPS6P23",-0.199718771069253
"PIGH",-0.200048435465799
"PHF7",-0.200069784609484
"MFN2",-0.200109884058177
"SCGB1A1",-0.200302155762173
"ZNF830",-0.200470731890848
"ARSJ",-0.20062590173844
"RPL7AP48",-0.20062590173844
"RPA3",-0.200632085576052
"MYO9A",-0.200826050091441
"RFC5",-0.201062143568608
"DYNLT4",-0.201138314994795
"ABTB3",-0.201418766172316
"PRDM5",-0.201708727266317
"ST8SIA4",-0.201727378527834
"SAXO1",-0.201884046786193
"LRRC75A",-0.201929512350846
"LINC01805",-0.202025050399039
"DMRTA1",-0.202025050399039
"CYCSP29",-0.202025050399039
"LINC02594",-0.202152270215075
"TRIM41",-0.202845658803365
"PDK1",-0.202894248952777
"NANS",-0.203000704594663
"FBXO21",-0.203061661868133
"CCDC148-AS1",-0.20321535459488
"RPL7P27",-0.20321535459488
"HOXB-AS4",-0.20321535459488
"SETD9",-0.20346445630621
"FAM72A",-0.20354138588336
"ABITRAM",-0.203547666252694
"ATP6AP1-DT",-0.20374808460756
"UPF3AP1",-0.203786255201765
"ZNF689",-0.204049406974597
"CACUL1",-0.204096762039709
"LRP8-DT",-0.204702065366912
"SLC36A1",-0.205202139322317
"OR11G2",-0.205540254705354
"TUBGCP5",-0.205602218007418
"SLC2A5",-0.205695934082771
"IGKV2D-30",-0.205984035753446
"SAP25",-0.205984035753446
"RNU6-57P",-0.205984035753446
"POLD1",-0.206727462700501
"RPL23AP59",-0.206780814543169
"GREB1",-0.20682563033976
"DDX20",-0.206880171164341
"EPGN",-0.20714303797555
"AKR1C4",-0.207475360363997
"LINC00924",-0.207475360363997
"ZNF385B",-0.207633266460989
"KRT18P13",-0.207633266460989
"MYADM-AS2",-0.207674803228273
"CCDC57",-0.207717503982067
"FNDC9",-0.208159076100269
"GPR89P",-0.208159076100269
"CUBNP3",-0.208159076100269
"ADAM18",-0.208186155556954
"RPL15P1",-0.208186155556954
"TRPM8",-0.20821867586371
"RNU6-118P",-0.208340822710849
"ARL14EP-DT",-0.20840278759371
"HAVCR1",-0.208611213367841
"GTF2A1",-0.208852584569002
"SEPTIN7P7",-0.209055262686813
"RBBP8",-0.209110067401504
"KLF10",-0.209239939019823
"RWDD4",-0.209266888639507
"SPRY4-AS1",-0.209375685479982
"ZNF75CP",-0.209441057715867
"LINC00941",-0.209441344641455
"MIR4312",-0.209541847424444
"IPO13",-0.210011190955773
"KDELR2",-0.210436105051757
"ING2-DT",-0.21047130357913
"IFITM3P1",-0.210898741693939
"SMS",-0.210939134218441
"SLC2A13",-0.210943677652655
"PAX7",-0.211167473861905
"CARS1",-0.211253405742428
"HDHD2",-0.211523770638986
"ZDHHC23",-0.211997881704677
"FAM27C",-0.212550745856439
"GNPTG",-0.212565331729956
"WAC",-0.21267911920152
"PID1",-0.213007095512048
"PRR14",-0.213022817750483
"LINC02154",-0.213176357253793
"RBM48",-0.213341016975547
"RTL5",-0.213443163980751
"ATG16L2",-0.213488827898959
"FASTKD5",-0.213649448920372
"DPPA2P2",-0.213893971878169
"SCAND3",-0.213893971878169
"RPL5P26",-0.213893971878169
"SCN2A",-0.213936840943521
"LINC02820",-0.214291333171452
"LIX1L-AS1",-0.214537439474825
"AP2A2",-0.215077899620929
"ZNF668",-0.215229481791942
"OSBPL2",-0.215296869141847
"SMIM30",-0.215400399327047
"EIF2AK3-DT",-0.215772979803576
"CTCFL",-0.21590518542937
"RFX3-DT",-0.216040722923502
"ZNF792",-0.216126947726797
"AFG2A",-0.216316810789942
"PRDM10",-0.216342871889788
"LRRC36",-0.217379451561181
"ZNF207",-0.217582282235654
"VPS33A",-0.217595477855631
"STX4",-0.217757548151367
"RAI1",-0.218261407679058
"FAN1",-0.21826566157372
"HIPK1",-0.218470514035262
"BROX",-0.218830835862183
"FBLN2",-0.218888461865
"EPS15",-0.218952886631508
"COX7C",-0.218991125591533
"BAALC-AS1",-0.219039193801241
"EGR1",-0.219083120089044
"SNORA80B",-0.219350163285048
"FMNL2",-0.219613721900993
"RPL21P29",-0.219767426396233
"SSTR2",-0.219918372401422
"EEF1A1P21",-0.220050525862946
"ADAMTS8",-0.220050525862946
"VSX2",-0.220050525862946
"TMBIM6",-0.220480305252926
"CD34",-0.220508009340536
"AMDHD2",-0.220561201595546
"ANKRD44-IT1",-0.220778221916429
"MPZL3",-0.220948513907643
"PRKD3-DT",-0.221223792948217
"RPL24P6",-0.221223792948217
"LACTB2-AS1",-0.22127654974292
"PLEKHB1",-0.221324978098034
"TIMELESS",-0.221402441857512
"LINC01280",-0.22148336891701
"PPCS",-0.22160393271098
"U2AF1",-0.221713191469545
"LINC02067",-0.221737817458591
"SH3BGRL",-0.221975995813715
"RNU6-128P",-0.222043400995745
"TRIB1AL",-0.222043400995745
"RN7SKP132",-0.222043400995745
"INAVA",-0.222223548158412
"SRD5A3",-0.222307638352748
"PPIC",-0.222480692478894
"OR5T1",-0.222715990892548
"FASTKD2",-0.222767108685168
"MAML2",-0.222869806201182
"FASTKD3",-0.223813018153861
"NAIF1",-0.223881922554979
"CUEDC1",-0.223943908267075
"EEF1A1P4",-0.224011861005066
"L3MBTL4-AS1",-0.224077020894667
"ALB",-0.224307876973412
"MIR4637",-0.224307876973412
"MIR548A3",-0.224307876973412
"DCAF16",-0.224328767381487
"NME7",-0.22450783847308
"NDUFC1",-0.224531934083747
"RNU7-181P",-0.224601517956153
"SERBP1P4",-0.22475288659315
"ARPC3P2",-0.225042054748302
"MTND5P35",-0.225101763372596
"TRAJ42",-0.225101763372596
"VSIG10L-AS1",-0.225101763372596
"FKRP",-0.225293786400732
"IGFBP6",-0.225307191902237
"KRTAP25-1",-0.225568718234471
"RTEL1-TNFRSF6B",-0.225768186694875
"ZBTB25",-0.225851502044285
"FRAS1",-0.226177895763779
"RN7SL589P",-0.226368349023764
"ZNF396",-0.226386726164883
"RPLP2",-0.226467373604456
"PGBD5",-0.226678079021763
"RN7SL242P",-0.226678079021763
"RIMBP2",-0.226678079021763
"YBX1P1",-0.226749378997
"ZNF556",-0.226805120153222
"RAB11A",-0.226863737085163
"NMT1",-0.226929719691931
"ADCK5",-0.22723962212685
"JMJD1C-AS1",-0.227366591987951
"EBAG9",-0.227376669105392
"SERINC1",-0.227434358261873
"PHACTR2-AS1",-0.227618623623551
"OR2J3",-0.227697318905538
"RBMS3",-0.227756624011895
"NCL",-0.227869685442503
"CNOT7",-0.228073787768388
"DNAH12",-0.22808481324362
"KLHL36",-0.228295101352227
"OAZ1",-0.22831863097968
"CCL1",-0.228621824690858
"NDUFA3P4",-0.228866897477686
"RNU6-514P",-0.228874632491109
"PSPH",-0.228899419817568
"ADNP2",-0.22893880756348
"MED7",-0.228999910353412
"GABRA4",-0.229219860013876
"LINC02159",-0.229219860013876
"PDX1",-0.229219860013876
"LINC03031",-0.229225789823923
"SDCCAG8",-0.229226946088851
"CUL4B",-0.229364164353087
"NAP1L2",-0.229684374290863
"RORB-AS1",-0.229684374290863
"LINC02706",-0.229684374290863
"CGNL1",-0.229684374290863
"LCA5L",-0.229684374290863
"STMP1",-0.229992518571588
"LYNX1-SLURP2",-0.230365244051484
"SNX9-AS1",-0.230427783297239
"ATXN7L2",-0.230437623178462
"ELF4",-0.231045540256076
"MIR6842",-0.231152298197351
"LHX2",-0.231152298197351
"ELOA2",-0.231152298197351
"FIBP",-0.231449658872491
"CDKL4",-0.231698905344104
"NAT8B",-0.231708421675054
"MT-CO2",-0.232081911803283
"IFIT3",-0.232196563401439
"DDX47",-0.232285827161393
"ODR4",-0.232391578460249
"LINC01687",-0.232848774078283
"SLC30A2",-0.232947427447323
"PRDM8-AS1",-0.232963708517123
"C1D",-0.233576059554399
"LINC02676",-0.233721107699417
"SNRNP48",-0.233958297383354
"BMS1P16",-0.234013893397029
"FABP5",-0.234730149700685
"HECTD2-AS1",-0.234739775074513
"CDC40",-0.23504647980703
"AGXT",-0.235059924244023
"H1-8P1",-0.235059924244023
"MIR6750",-0.235059924244023
"ACCS",-0.235161428004462
"GAPDHP38",-0.235236424760957
"DNAJC5B",-0.235363844684883
"ADAMTS4",-0.235464661380895
"SLC9C2",-0.23576125289618
"ORMDL3",-0.235957124447922
"DONSON",-0.236355219691644
"NCOA2",-0.236506838704609
"SH3PXD2A",-0.23651944567365
"GLIPR1-AS1",-0.236586108045951
"DHRS3",-0.236794740267051
"RPS3AP25",-0.236814234982935
"DNMT3A",-0.237006875104488
"GLRX3P2",-0.237191311044573
"FAS",-0.237216102524123
"RALBP1",-0.237773617907659
"ETFRF1",-0.237868300169076
"TNIP2",-0.237886310447453
"MIR4280HG",-0.238383891870881
"CCDC103",-0.238911351176915
"SERINC3",-0.23891635251835
"TSPAN31",-0.239011855611058
"SOX2-OT",-0.239021350691399
"ARPIN",-0.239142457249989
"LINC01710",-0.239423863340835
"RNU6-237P",-0.239423863340835
"RN7SL678P",-0.239423863340835
"UBXN2B",-0.239459613483604
"NADK",-0.239486727523136
"PTGES3P3",-0.239685268755385
"GABRG3",-0.240033694946782
"SH2D1A",-0.24004701918555
"ADAMTS16",-0.240070941419401
"ADGRG4",-0.240180909499451
"GAREM1",-0.240293603004676
"IL5RA",-0.240297604188056
"RN7SL664P",-0.240297604188056
"RN7SKP225",-0.240297604188056
"LMBRD2",-0.240488841967465
"MRPS35",-0.24087392864388
"LNMICC",-0.241049570925856
"KIAA0586",-0.241494066856955
"DSN1",-0.24154560133121
"EEF1A1P14",-0.241951616478227
"VIM",-0.242200732137551
"SPTBN2",-0.242644648790891
"MBOAT1",-0.242735959676583
"CSTA",-0.242838010386014
"SPATA1",-0.24286759959774
"HMGN2P28",-0.242995754841766
"RPL22P16",-0.242995754841766
"TET1",-0.243070742917376
"DISP3",-0.243337169648472
"SLC9A4",-0.243337169648472
"HMGB1P31",-0.243337169648472
"LINC01940",-0.243337169648472
"PNPT1P1",-0.243337169648472
"VWA5B2",-0.243337169648472
"LINC01600",-0.243337169648472
"FLVCR2-AS1",-0.243386176500825
"RNA5SP104",-0.243410828090423
"SAGE1",-0.243410828090423
"DAZ4",-0.243410828090423
"IDI1P1",-0.243668738335136
"HEXD-IT1",-0.243668738335136
"LRRC3",-0.243921814911985
"LINC00290",-0.244116966210494
"RP1L1",-0.244116966210494
"HTR3A",-0.244116966210494
"TERF1P2",-0.244116966210494
"PGAP1",-0.244165305115191
"KIF2C",-0.244297669041124
"NRN1",-0.244707593331751
"GPR62",-0.245130141230572
"EZH1",-0.24518281744166
"REV3L",-0.24529144581676
"RASSF9",-0.245306479846949
"SMIM11",-0.245306479846949
"FKBP6",-0.245456700121656
"CCDC40",-0.245522312698014
"LINC01761",-0.245543234513654
"BRSK1",-0.245543234513654
"RPL12P14",-0.245558188949707
"MARCHF7",-0.245860267712681
"NPM1P32",-0.245872070461276
"SHISA6",-0.245872070461276
"MRPS6",-0.245936680708676
"PPM1L",-0.245950366895659
"TMEM187",-0.245959480315166
"SRSF3",-0.246117387942753
"ZNF322",-0.246160426542548
"EMICERI",-0.246294726853517
"ATP5MC1P2",-0.246338267750031
"PARD6B",-0.246358951840263
"COA1",-0.246505493532754
"ECHDC2",-0.246646369318944
"GCNT2",-0.246664459266937
"RNU6-4P",-0.246683883177078
"GTF2IRD2B",-0.246764375160183
"TINAGL1",-0.246773023443777
"MIS12",-0.246993241206327
"TPM3P7",-0.247008319776784
"PIGFP1",-0.247259922157944
"SIM2",-0.247375500208423
"RDH11",-0.247515537741947
"SLC15A2",-0.247658971836903
"NPR3",-0.247718424039316
"RPS27AP19",-0.247844363439133
"TIGD1",-0.2478563659947
"HES2",-0.248169718575512
"NOP14-AS1",-0.248219658790661
"CASC19",-0.248261074071939
"IGSF22",-0.248302705700639
"ERICH2",-0.248537062407075
"ATP2B1",-0.248547222911089
"AP3M2",-0.24901580659893
"CFHR1",-0.249026794037403
"SPAG6",-0.2492585450632
"FYN",-0.249327778200755
"RBM6",-0.249492991858576
"SLC4A7",-0.249554287104933
"HAPLN1",-0.249556045974394
"SYNDIG1",-0.249556045974394
"CDR2L",-0.249655172924793
"TXNDC12",-0.249700435909025
"RPS27P6",-0.24990772184153
"TPD52L2",-0.249919587760801
"LMBRD1",-0.250058025566789
"SREK1IP1",-0.250180896144599
"PSMG1",-0.250297546944645
"HADHAP1",-0.250338248104608
"VTRNA1-3",-0.250338248104608
"KRTAP10-10",-0.250338248104608
"RASA2-IT1",-0.250366885911293
"RAB12",-0.250504005861828
"TSPAN4",-0.25068579367999
"KIF12",-0.250911710448378
"ATXN3",-0.251035927859112
"SEC63",-0.251385902725329
"RN7SL15P",-0.251726314717402
"TRGV1",-0.251928992310881
"LAMTOR3P2",-0.251972538828827
"USP20",-0.252041266316765
"VARS1",-0.252565428983305
"CHRFAM7A",-0.252689693146129
"RNF157",-0.252767361554368
"RAB21",-0.252821053149091
"SPCS1",-0.25285203279713
"LINC02166",-0.252947675060554
"NEK2P4",-0.252951251050296
"ATP6AP2",-0.253110826280741
"AJUBA",-0.253130297580419
"ZNF133-AS1",-0.25324614013021
"ARPC4-TTLL3",-0.25403300841287
"SNORD114-16",-0.25403300841287
"LINC02179",-0.25403300841287
"SPAM1",-0.254036958585818
"GAPDHP26",-0.254036958585818
"SRRT",-0.25407046617995
"OR7E55P",-0.254486931220291
"ATP5MC1P7",-0.254486931220291
"KDM5B",-0.254562035807629
"NHLRC3",-0.255038102681811
"SLC12A8",-0.255097638201549
"PPM1B",-0.255099952046663
"TRBJ1-5",-0.255257199995601
"CDC6",-0.255356003334855
"SRXN1",-0.255459614454255
"RFESD",-0.255618750884192
"MIR22HG",-0.255689340568188
"HMGA1P4",-0.255731365839809
"SALL4P5",-0.255775778909026
"NRM",-0.256022201624679
"MT2P1",-0.256068437146122
"MIR194-2HG",-0.256342261786565
"LRRK2",-0.257108804212163
"DIP2A-IT1",-0.257378839996607
"CCT5P1",-0.257734482506114
"C21orf91-OT1",-0.257734482506114
"IFITM3P8",-0.258037105380816
"STK24-AS1",-0.258037105380816
"SGPL1",-0.258074961066622
"ZNF90",-0.258150778598373
"HECW2-AS1",-0.258311911856259
"RN7SL444P",-0.25848915419627
"KCTD9P1",-0.25848915419627
"RPL7P6",-0.258578222143099
"MTRF1",-0.258633668127543
"TSPYL4",-0.259031731410525
"NDUFAF7",-0.259162388832859
"SLC40A1",-0.259343790552649
"ANO6",-0.259664700544974
"PRANCR",-0.259800416790346
"ZNF92",-0.259913497683993
"DNAJB12",-0.259925272486914
"TMEM11",-0.260012036270055
"PRELID3BP3",-0.260071447085179
"LINC01398",-0.260121057817957
"LNX1-AS1",-0.260121057817957
"NANOGP3",-0.260121057817957
"ROR2",-0.260121057817957
"LINC01519",-0.260121057817957
"LINC02291",-0.260121057817957
"METTL9",-0.260269786499581
"LINC02092",-0.260401134624023
"RNU6-5P",-0.260516610628924
"GALNT16",-0.260530802000249
"MRPS18AP1",-0.260764419049291
"OR2V2",-0.260764419049291
"NPAP1P3",-0.260764419049291
"ANXA1",-0.260779152801323
"FAM204BP",-0.260827874438775
"ZNF280D",-0.261039807862985
"NTAN1",-0.261585217187152
"LINC00370",-0.261820807817112
"INSC",-0.261831384802886
"LINC02694",-0.261831384802886
"GPAT4",-0.261929629778014
"DMBX1",-0.261998800706463
"TRIM24",-0.262004721745595
"PPIAP75",-0.262199158062457
"RDH13",-0.262218170241183
"SNX9",-0.262365035879239
"PRAMEF2",-0.262394214805638
"ASCL4",-0.262394214805638
"OR6C65",-0.262394214805638
"GP2",-0.262394214805638
"LINC01638",-0.262394214805638
"PRADC1",-0.262412406317466
"FAM107B",-0.262487886899412
"MUC22",-0.262722463497594
"MZF1-AS1",-0.262797398769508
"MPHOSPH8",-0.262829901812221
"KATNAL2",-0.263020147465192
"RELA-DT",-0.263171343520011
"FAM151B-DT",-0.263189435482858
"IL26",-0.263235921314721
"PGRMC1",-0.26371018369177
"RPL35",-0.26399987660067
"RBISP4",-0.264045333109865
"ANKRD42-DT",-0.264062114384207
"RNU6-595P",-0.26428877123226
"NPIPA3",-0.264315717547652
"GZMA",-0.264468654858808
"SLC2A3P2",-0.264512474766913
"LINC01512",-0.264512474766913
"COLCA1",-0.264512474766913
"SFTPD-AS1",-0.264512474766913
"PIK3R4",-0.264531417112116
"ADGRE1",-0.264815597499553
"LINC01099",-0.264841716569149
"MTND6P13",-0.264841716569149
"TEKT3",-0.264841716569149
"SFXN4P1",-0.265234723370555
"LGALS8-AS1",-0.265381328610203
"SLC26A7",-0.265490389688295
"GRAMD1A-AS1",-0.26560660569843
"EVI2B",-0.265615865143327
"NEK2",-0.265747981212051
"CKMT1A",-0.265804555634547
"RNA5SP256",-0.265866181272212
"SPATA31E1",-0.265866181272212
"LINC01231",-0.265866181272212
"ZNF750",-0.265866181272212
"FAT4",-0.26605920979129
"SNORA53",-0.266191327463968
"LINC01433",-0.266404318172205
"MED14OS",-0.26649902166572
"ZNF345",-0.266716175800916
"RPL5P5",-0.266765149264263
"LINC02532",-0.266767167963877
"DOCK7-DT",-0.266829223234993
"MYG1P1",-0.266829223234993
"TRHDE",-0.266829223234993
"SUCLG2P2",-0.266855931317105
"ASB15-AS1",-0.266880114181045
"LINC02238",-0.267058474521255
"OR5K1",-0.267058474521255
"RBBP4P3",-0.267058474521255
"KIF25",-0.267058474521255
"TRBD1",-0.267058474521255
"MTND1P31",-0.267058474521255
"IRF5P1",-0.267058474521255
"DPPA4P3",-0.267058474521255
"ART2P",-0.267058474521255
"RNA5SP475",-0.267058474521255
"WBP1L",-0.267224512594202
"SLC39A1",-0.267809580413692
"WASHC4",-0.268117757416844
"ZNF807P",-0.268200072756706
"ERLIN2",-0.268382747068694
"LINC01122",-0.268700159967888
"CAPN6",-0.268778946144175
"LIN7C",-0.268832997319134
"PRKAB2",-0.269103200950758
"RNU7-125P",-0.269175336918762
"PROSER2",-0.269211124357373
"LINC02408",-0.269211124357373
"SLC4A9",-0.269407659151008
"MBIP",-0.269440388278465
"WT1-AS",-0.269730666058497
"TSHZ3-AS1",-0.269873442584315
"NDST1-AS1",-0.270362526100657
"SDS",-0.270674949279555
"FAM246C",-0.27077811739728
"UNC5C",-0.270998259359648
"EHBP1-AS1",-0.271249260708828
"MAP3K20",-0.271406332920968
"RN7SL434P",-0.271445082337014
"MAGEB2",-0.271445082337014
"ANKRD26P3",-0.271445082337014
"PIGF",-0.271661725921217
"EIF3E",-0.271687222741514
"FBP1",-0.271717777117924
"COX6B1P5",-0.272232366492481
"SSTR1",-0.27228630767574
"RFX2",-0.272689433270873
"RPL26P36",-0.272708109778481
"ANKRD42",-0.272990024794345
"CD247",-0.273170687884117
"UNKL",-0.273423361729232
"METTL1",-0.273633021786058
"ANXA8L1",-0.273749987500708
"UBE2FP1",-0.27421179731019
"PPIL1P1",-0.274378178871864
"RTRAFP1",-0.274378178871864
"RPL21P66",-0.274378178871864
"DRP2",-0.274378178871864
"SNRPFP1",-0.274378178871864
"ZNF687-AS1",-0.274695080932522
"SELENOF",-0.27519477472874
"TECRP2",-0.27526661703639
"C4A",-0.27526661703639
"HTR2C",-0.27526661703639
"DKK4",-0.27526661703639
"C10orf67-AS1",-0.27526661703639
"TLK1",-0.275318603726437
"RPL31P49",-0.275517920043004
"TBC1D3G",-0.275761684868874
"UBAC2-AS1",-0.27581554731383
"CBX3P10",-0.275828137543356
"ZNF12",-0.276248148635124
"VDAC1P4",-0.276375786542691
"CASP9",-0.276418940744059
"COX7A2",-0.27668291336194
"IGFBP5",-0.276691184516451
"OOSP2",-0.276724888288766
"PES1P2",-0.277155375517701
"RWDD4P2",-0.277299881372491
"SMYD2",-0.277604177932223
"HYAL1",-0.277783347421446
"ARMC9",-0.278230080684116
"RPL10L",-0.278691074468702
"LZIC",-0.278789533098949
"NIPBL",-0.278963633316088
"RN7SL472P",-0.279188053226693
"NUDT11",-0.279239192322079
"CERS4",-0.279284021972527
"LINC02435",-0.279378421353879
"CYRIA",-0.279403018354341
"CES2",-0.279423305859511
"NCK1",-0.280129202224863
"RNF123",-0.280322013329431
"LINC02450",-0.280634727424313
"MARCHF6",-0.280840365455449
"HOPX",-0.280960356677887
"TTYH1",-0.280971948828871
"LINC03086",-0.281235963673845
"CCDC107",-0.28124024510097
"PIN1-DT",-0.281474262833496
"CALM3",-0.28155789107116
"SCAANT1",-0.281692859041029
"PDE3B",-0.281715527213695
"NSD2",-0.281937958728472
"LINC03044",-0.282062044819483
"TM2D2",-0.282278879767458
"CCL19",-0.282318813557833
"GXYLT1",-0.282668864339793
"KANK2",-0.282983920524868
"CFAP107",-0.283522976288142
"MST1P2",-0.283522976288142
"SCN10A",-0.283522976288142
"CNTN3",-0.283522976288142
"CD200R1L",-0.283522976288142
"RPS3AP17",-0.283522976288142
"SLC25A31",-0.283522976288142
"CRLF3P2",-0.283522976288142
"C6",-0.283522976288142
"LINC02101",-0.283522976288142
"EEF1A1P36",-0.283522976288142
"TRBV7-7",-0.283522976288142
"RNU6-1135P",-0.283522976288142
"MMRN2",-0.283522976288142
"GAPDHP31",-0.283522976288142
"RNY3P9",-0.283522976288142
"IGHV3-16",-0.283522976288142
"OR11K2P",-0.283522976288142
"CES5A",-0.283522976288142
"CDRT7",-0.283522976288142
"ASIC2",-0.283522976288142
"RN7SL735P",-0.283522976288142
"DYNAPP1",-0.283522976288142
"MIR4527HG",-0.283522976288142
"VN1R93P",-0.283522976288142
"C5orf47",-0.283644917716597
"LINC02228",-0.283644917716597
"NDP-AS1",-0.283644917716597
"NKX6-2",-0.283656945617589
"NOP53-AS1",-0.283687850533015
"PTPN21",-0.283859249433915
"YWHAZP5",-0.284253508779083
"ICA1-AS1",-0.284343171377107
"UBAP1",-0.284349732252001
"HEATR4",-0.284458706679221
"UGT2B25P",-0.2845515267778
"FAM204A",-0.284817275099093
"SCG2",-0.285012747927164
"LINC01551",-0.285264855133525
"CCL7",-0.28530511402662
"CRYZL1",-0.285331074383786
"MIR3975",-0.285623255002818
"LRRC15",-0.285650569342432
"GDF6",-0.285650569342432
"OLFML1",-0.285650569342432
"ISLR",-0.285650569342432
"SCML2",-0.285720992728225
"YTHDF2P1",-0.285758138319163
"LIPA",-0.285855663116456
"PLD3",-0.28613270912376
"NAA50",-0.286150429256072
"TFCP2L1",-0.286364486737216
"ATP6V0A1",-0.286382711779774
"SNORA14A",-0.286621735384438
"RGPD1",-0.287107570228527
"CLIC4P3",-0.287226337107813
"MIR548D2",-0.287369305617728
"LINC02886",-0.287604807060616
"LINC03080",-0.287611603440735
"RNU6-1190P",-0.287781754915429
"LINC00871",-0.287891461683807
"LINC00115",-0.288000279521566
"OR52N2",-0.288039065708022
"LINC02936",-0.288127154200652
"MPDU1-AS1",-0.288153427238875
"CEP162",-0.288485797109055
"LIMS4",-0.288806147549089
"HCN1",-0.288806147549089
"TLCD3B",-0.288806147549089
"DCAF13",-0.289288450364451
"S100A13",-0.289361373565243
"MRPL10",-0.289377875091362
"MIR1290",-0.289837984730094
"LINC02562",-0.289837984730094
"MCIDAS",-0.289837984730094
"LSM1P1",-0.289837984730094
"LINC02335",-0.289837984730094
"ARPC1AP2",-0.289884218234129
"RPL22P2",-0.289940333604589
"CHML",-0.290023636088971
"FAM83B",-0.290332930523174
"SREK1",-0.290378408565898
"ZNF197",-0.290760021204012
"SLC27A2",-0.290808307221097
"MRAP",-0.29080862948556
"CCNJ",-0.290874688906451
"MPPE1P2",-0.291134796227807
"PLA2G7",-0.29119304765259
"VDAC1P11",-0.291632534068389
"CNOT7P1",-0.291697347445017
"TCAIM",-0.291788936768252
"IRAK1",-0.291873928766987
"RNF25",-0.291991832947569
"TAS2R20",-0.292021278907935
"GALNT5",-0.292025139856439
"ZNF83",-0.292176139257377
"LINC02808",-0.292406197177404
"CPO",-0.292406197177404
"RNU7-182P",-0.292406197177404
"POU3F3",-0.292406197177404
"MARK2P9",-0.292406197177404
"SEC14L4",-0.292406197177404
"VDAC1P1",-0.292431669657054
"LAMA2",-0.293270138850695
"CSPG4BP",-0.293521156378347
"RNA5SP210",-0.293521156378347
"RPL12P47",-0.293521156378347
"KRT39",-0.293521156378347
"ZFHX2",-0.293722286593331
"RAC1P4",-0.294535262351676
"HP1BP3",-0.29458680831806
"KRT13",-0.295114753751736
"LNCARSR",-0.295187724938458
"TIFA",-0.296027003363256
"LINC02984",-0.296077994754543
"LARP1B",-0.296094806397096
"LINC01482",-0.296169917366183
"TMEM170B",-0.296466298268854
"FLG2",-0.296584097208482
"GPAT3",-0.296630026841943
"NAXD",-0.297064859759513
"LINC01320",-0.297137181677999
"ARID5B",-0.297290289731509
"LINC02518",-0.297351283039795
"CCDC166",-0.297351283039795
"LINC02418",-0.297351283039795
"WDR87BP",-0.297351283039795
"AKT2",-0.297563237846333
"PPIA",-0.297611316329905
"ITPK1-AS1",-0.297898450134265
"EMB",-0.297901622435941
"ANKRD13C",-0.29810587008149
"MAGI1-IT1",-0.298274955085238
"TBC1D12",-0.298395305541798
"SLCO5A1-AS1",-0.298714961683787
"METTL4",-0.298793047046044
"ACTG1P20",-0.299014898340217
"RPL35A",-0.299064936965083
"PFAS",-0.299770286896794
"LRRFIP2",-0.299776164797004
"ZFC3H1",-0.299812039015499
"FGGY-DT",-0.300252546286951
"HYKK",-0.300470576373604
"OPA1",-0.301221009195457
"SCIRT",-0.301391384142176
"SLC35A3",-0.301684028563842
"FOXA3",-0.301691702073364
"APTX",-0.301739739109444
"DUSP7",-0.301833717104789
"LINC01996",-0.302823832472503
"PRLR",-0.302930217605424
"YBX1P2",-0.303965356009587
"CCDC13-AS2",-0.30421562594625
"POLDIP3",-0.304250611008055
"TRBJ2-4",-0.304256260573059
"WEE2-AS1",-0.304554311717397
"GPR183",-0.305523811523635
"LEPROTL1",-0.306025380193851
"PIN4",-0.306201590943552
"FAM111A-DT",-0.306531683126362
"VCAN",-0.306763446028201
"SP3",-0.307207845358163
"SRP14",-0.307243765090853
"RNU6-319P",-0.307610940865536
"MSNP1",-0.307702325742163
"RPL17P34",-0.307703307421881
"CCDC9",-0.307800539323187
"RNF19A",-0.307967830104566
"METTL2B",-0.308180199200463
"NPM1P46",-0.309054434902288
"DISC1-IT1",-0.309191739828738
"ZNF417",-0.309260915772667
"ZDHHC14",-0.310053385794697
"FAM234B",-0.310208800368754
"SPRTN",-0.310304069175833
"SLC12A5-AS1",-0.310367324113019
"TOB1",-0.310389818762554
"FAM210A",-0.310694986118605
"KIF9",-0.310807182127298
"USP13",-0.310857418771266
"RAPH1",-0.311285704149981
"CHD1L",-0.31146433668028
"ZNF286A",-0.31246016405611
"TLK2P1",-0.312496789473373
"CHST14",-0.312598661542037
"PPP4R1",-0.312878574637938
"ARHGAP1",-0.312931287695597
"KRT6C",-0.313117672297086
"BICRA",-0.313450194298028
"AFF4-DT",-0.313979716067156
"TCF12",-0.314323242875272
"ATOSB",-0.314593613638108
"ADAM21",-0.315138088824999
"OSGIN2",-0.315556596382296
"RNF181",-0.316017876241951
"TIAM1",-0.316060150754946
"LINC01888",-0.316297709592971
"LMNA",-0.316436532378472
"SH3GL1P3",-0.316440591294434
"ZNF500",-0.316812120803534
"UMLILO",-0.31695017418322
"UPF3AP3",-0.316967624212505
"CCPG1",-0.317178839587466
"PRKCD",-0.317278628083085
"SLC7A14-AS1",-0.31762541589392
"TMX4",-0.317773268453067
"ELOCP19",-0.31807017209996
"UTP11",-0.318173332616431
"PIMREG",-0.318271171742505
"OR2A13P",-0.318954254549717
"TRPM3",-0.319186294856382
"STN1",-0.31946273181277
"OSMR-DT",-0.319491918929552
"TIMM23",-0.320964399938175
"MIR26B",-0.320978400845201
"COPS9",-0.3210219605981
"PEX16",-0.321547613945916
"FZD1",-0.321909585042463
"RPL32",-0.322211899908601
"NR2F6",-0.322380092098036
"JAKMIP1",-0.322839945033864
"PGM3",-0.323458669669811
"RPL5",-0.323992011292604
"FAM118B",-0.324452798486276
"DDC",-0.324847632997359
"ACBD5",-0.324900096725088
"LINC01892",-0.325622008871221
"PACC1",-0.326533022730747
"SNORD38C",-0.326878989108694
"SLC9A3-AS1",-0.327079627196035
"CFAP126",-0.32739992362726
"TBCAP1",-0.327435802369935
"HAVCR2",-0.327718137351905
"STARD5",-0.327736144023666
"CHUK",-0.327970229941322
"FOXO1",-0.328153715801196
"PDCL3P5",-0.329523561719322
"MAP3K7",-0.330031154109714
"TPM3P5",-0.330439424617622
"EOLA1",-0.330636133642741
"TANK-AS1",-0.331111955734155
"HMGB1P39",-0.331137616256451
"RCN2",-0.331744646601308
"GALE",-0.331878861100263
"FTX",-0.331955665106692
"DCDC2C",-0.332474382862915
"LINC00348",-0.332474382862915
"DYSF",-0.332811025267421
"NEAT1",-0.333942461256314
"NASP",-0.33446333151259
"C3",-0.334953716666414
"ATG2B",-0.335095816955884
"RBM3",-0.335178034523778
"FUNDC2P1",-0.335628637458945
"ATP8B3",-0.335867972342614
"UQCRHL",-0.335972762352053
"PIK3R5",-0.33617384748598
"ADCY4",-0.336247898402961
"HMGN2P41",-0.336760611202951
"ZNF611",-0.337021926094442
"ABHD2",-0.337145305172403
"TXNDC9",-0.337674662490444
"RAD54L",-0.338221576375636
"U2AF1L4",-0.33836930466792
"GAN",-0.338470786222936
"CCDC69",-0.338546147386722
"FMN2P1",-0.338801161834191
"TMEM167A",-0.338832180540764
"LINC00456",-0.339274130648044
"DYNC1LI1",-0.3394227200567
"THSD7B",-0.339567281368402
"METTL5P3",-0.339567281368402
"LRIT2",-0.339567281368402
"CCDC122",-0.340007391601178
"NRP2",-0.340955718032774
"CAST",-0.3411936895689
"SNHG26",-0.341293951137098
"LINC01132",-0.341392714254591
"RPL17P6",-0.341485293603956
"SLC6A6",-0.342459723036644
"MUSK",-0.343074860236261
"SORCS3",-0.343291379562505
"S100A10",-0.343802405233588
"TTYH2",-0.344169580522158
"BSN",-0.345085623165083
"MISFA",-0.345241718751367
"ARMC2-AS1",-0.34542374769609
"ZSCAN12",-0.345479316552513
"NALF2",-0.345498522786916
"IL1RAPL1",-0.345498522786916
"RN7SL430P",-0.345498522786916
"LINC01440",-0.345498522786916
"LINC01362",-0.34568348509512
"MT2A",-0.345743533389896
"DNAJC5",-0.346107254450674
"PPIL4",-0.346161259283484
"HSPA2-AS1",-0.346174726096572
"CD44",-0.346261536242211
"ZNF697",-0.34664453939054
"ILRUN",-0.346736241342272
"EEPD1",-0.347114598989802
"RASAL1",-0.347263373271201
"TOMM40P1",-0.347542862651644
"LINC00907",-0.347928881098787
"DNAJC17",-0.348165266847694
"ELF5",-0.348251072020781
"ESRRG",-0.348402240574974
"ZC3H11B",-0.348709987081206
"KIFAP3-AS1",-0.349222804459915
"CLN8-AS1",-0.349470754963146
"FOXK2",-0.349670213715803
"KGD4",-0.349791677020781
"SLC37A4",-0.350064644437702
"ANK2",-0.350716265268928
"FABP5P7",-0.351055198216691
"EPM2AIP1",-0.351091530321506
"TJP2",-0.351196754022585
"HECA",-0.351293982197836
"TSHZ1",-0.3514933412005
"HYCC1",-0.351624889536749
"HIF1AN",-0.352139580020258
"SDR39U1",-0.352354121882735
"MBLAC1",-0.352910545477941
"BACH1-AS1",-0.353068611597466
"HSBP1",-0.353087078811397
"TCEAL4",-0.353617693695541
"CSE1L",-0.353789769304112
"LINC02777",-0.35385016906362
"KCTD10",-0.353995321217726
"KPTN",-0.354239892065369
"LARP4B",-0.3544709515329
"DTHD1",-0.355021813459392
"SSR3",-0.355265061831517
"LYAR",-0.356084332078429
"CYBRD1",-0.356351237429507
"CPVL-AS2",-0.356982825439508
"NTS",-0.357078595484917
"AQP4-AS1",-0.357078595484917
"RETSAT",-0.357392461479225
"SCAPER",-0.357430242772851
"RPL19",-0.357548987116616
"SLC26A1",-0.358051837164606
"SMPD1",-0.358271923950164
"CCDC159",-0.358341258348953
"CCDC93",-0.358759340142689
"PCBP2P2",-0.359570524351951
"OTUD1",-0.359773402748028
"FRMD4A",-0.360628234034734
"H3P16",-0.360719367103813
"RN7SL288P",-0.360724373018218
"MTURN",-0.360761825018623
"PDCD6IP-DT",-0.361219485817178
"RN7SKP283",-0.36134142435774
"PCOTH",-0.36135573551955
"TDRD3",-0.361534253364508
"PLPP3",-0.361538588401444
"CEPT1",-0.361847333327786
"PFDN2",-0.361865227655184
"LIPE-AS1",-0.362412495512144
"MMADHC-DT",-0.363044402614738
"CBR3-AS1",-0.364160833515092
"ASTE1",-0.36466020351536
"ZNF776",-0.364663685420207
"ADD1",-0.364852424557301
"DRG2",-0.365274165710374
"TSHZ3",-0.365296246297526
"A2M",-0.366012784319894
"CFAP210",-0.366264779848938
"LINC01752",-0.366474359293119
"HTRA2",-0.366828558316688
"TCEA1",-0.367212455165104
"GNPTAB",-0.367344011777316
"LNCAROD",-0.368038385431817
"TAGLN2P1",-0.368224261695088
"ABRA",-0.368519627648162
"MIPEP",-0.368604905050018
"PDE6B",-0.36912806585744
"MARK3P3",-0.369483919349994
"ITGA7",-0.369896979563905
"SOAT1",-0.36991620772972
"CCZ1",-0.370178153527138
"IGF2BP3",-0.370469387580646
"FBXO38-DT",-0.370508300206156
"RSRC2",-0.370957592940754
"GSTM3",-0.370994770039232
"RPL10P12",-0.371007288192872
"DIP2B",-0.371610344715397
"KCNJ5",-0.372074964273879
"RPL35P1",-0.372418066297938
"RPL23AP42",-0.372734239913325
"SPA17",-0.372734313130996
"STX3",-0.372865646075601
"SMC3",-0.372953525884955
"RPL21P120",-0.373093258224126
"AKR1B1P2",-0.373202768395889
"LINC02689",-0.373202768395889
"PSEN1",-0.373435237286652
"CXXC4-AS1",-0.373440686660626
"LSS",-0.37388880872658
"BTN3A2",-0.374376942436841
"PARP8",-0.3747994710624
"KLHDC1",-0.375244209442927
"VSIG10",-0.375349569442748
"MIR6822",-0.375460070758131
"DUSP5-DT",-0.376157470866396
"VPS35L",-0.376552942171537
"RNU6-1167P",-0.376705429232222
"GOLGA2",-0.376804795347465
"RPL19P21",-0.377576751554415
"CAPNS1",-0.377769157825256
"CBX1",-0.378693071579238
"GLT8D2",-0.378707654696732
"MPI",-0.379031307253449
"LINC02482",-0.379654302707942
"MAPRE2",-0.379911394432599
"CPLANE1",-0.380474620473977
"ZNF543",-0.380671434354755
"SLC25A18",-0.380890567792456
"SDCBPP3",-0.380970955337795
"FMC1",-0.3814007449318
"ZC3H15",-0.381896989057618
"SNRPD2",-0.382140611778646
"HPS1",-0.382633585101892
"PPDPF",-0.382675447419718
"ZNF529-AS1",-0.383136814322717
"TMED5",-0.383422066259841
"CRHR2",-0.383503346934876
"LRRC4B",-0.383503346934876
"TMEM163",-0.383760551397197
"LINC02324",-0.383831740859585
"TRIM65",-0.38504522460715
"BTF3P5",-0.38573343667969
"NFE2L1",-0.385780524048887
"EPC2",-0.386253038628261
"BDH2P1",-0.387036234843356
"WDR93",-0.387162361698815
"LINC01134",-0.387279351493391
"ARL8BP2",-0.387562463378166
"RPL5P9",-0.38781374948639
"LRP3",-0.388660832545024
"NDUFA1",-0.389569571614863
"PHF20",-0.389721110169022
"RNU7-3P",-0.389764375170536
"CALM1",-0.390191116100827
"ADRB2",-0.390290819997909
"ENSAP2",-0.391022960823406
"TBC1D24",-0.391183443566461
"HSPA13",-0.391198839417308
"MON1B",-0.39148938792908
"C4BPB",-0.391920208645763
"TMX4-AS1",-0.392374156839397
"LINC02831",-0.392772041364387
"GABRE",-0.393224164764152
"LAMP2",-0.393445029861048
"ULBP2",-0.393690837929929
"CSKMT",-0.394282041493771
"NIPA1",-0.394592820235661
"LINC01816",-0.394630498645464
"RN7SL418P",-0.39481925509689
"CFAP144",-0.39497989316674
"JAG1",-0.395384470067923
"CDK7P1",-0.3956939884629
"CDCA2",-0.396285137040308
"ENOSF1",-0.397150921565826
"MT-ND2",-0.397838398518252
"CREBRF",-0.39816514999725
"ME1",-0.398221219418706
"TMA7",-0.398480184769517
"EIF4A1P10",-0.398714194190726
"MANEA-DT",-0.398858730799788
"ZBED2",-0.399236293788167
"SLC6A9",-0.399442393819586
"RN7SL523P",-0.399449953554988
"PJA2",-0.400177856931447
"ZEB2-AS1",-0.400794936482367
"NID1",-0.400884013023735
"CZIB",-0.400916291395186
"RNMT",-0.401570162468946
"MSANTD1",-0.401575809348596
"ZNF584",-0.401831215871921
"RTL8B",-0.40226347536086
"TRIM3",-0.4028036743633
"JUN-DT",-0.403342914572045
"FAM13A",-0.403345127298399
"ZFYVE27",-0.403793626254356
"SNTN",-0.403851585198395
"SMIM18",-0.403877988803618
"PSMB4",-0.404455139798775
"ETV3",-0.404496979573386
"TRGV7",-0.404919813769937
"BCAT1",-0.405122974643427
"DRAIC",-0.405223273135042
"ABHD18",-0.405349754268801
"CDH26",-0.405380431818122
"SYTL2",-0.405834558236766
"MRPL30",-0.405850776331273
"MTCO1P42",-0.406031645174504
"UBE2V1P2",-0.406443121176767
"NDUFB1P1",-0.406940670451411
"RAP2C",-0.406961183528064
"LINC00870",-0.406973754574366
"CMTM6",-0.407021169663965
"OR2A5",-0.407254836694164
"TOR1AIP2",-0.407375778094073
"KAT7",-0.408312716798122
"LONRF3",-0.408387089102821
"CASTOR2",-0.408967706862087
"EDRF1",-0.409009389912287
"EFCAB7",-0.40920009040767
"JDP2-AS1",-0.409749987200368
"LINC02006",-0.409888413613833
"CAD",-0.40992362983452
"RPL34P22",-0.409970063397081
"FCER1A",-0.410040923172786
"CLEC1A",-0.410435876592021
"PTAR1",-0.410975837133728
"TASL",-0.411834272862472
"SF3A3P1",-0.412211316943951
"ANKRD11P2",-0.413633958913865
"ZNF674",-0.414082481128491
"KRT8P11",-0.414152915499032
"LCP2",-0.414401410486893
"WIPF2",-0.415413740709796
"IK",-0.415616303808874
"ITM2B",-0.416148036140693
"ZNF473",-0.416187866594829
"MYRF-AS1",-0.416224967126777
"LINC00334",-0.416317258799284
"MED1",-0.416662247885898
"RNA5SP474",-0.41682973843541
"ADAR",-0.41703108049681
"VNN2",-0.417369418041223
"LINC02803",-0.417791470986382
"MSR1",-0.417900150677185
"CTBS",-0.418246472804896
"MMP2-AS1",-0.418399600892049
"KIF20B",-0.418565695114121
"LGALS1",-0.420179747331093
"ASAP3",-0.420253733062202
"SEMA4C",-0.420499953936541
"C2-AS1",-0.420536602024517
"VAT1",-0.420592248633422
"INPP1",-0.420919961872226
"LINC02934",-0.421080646308149
"MLH1",-0.421161634671986
"TEPSIN",-0.421237381279826
"XCL1",-0.421271999343161
"ZNF250",-0.422474546847423
"LY9",-0.422525154268913
"PCTP",-0.422859996400423
"SLC2A3",-0.423469663575576
"PCDHB1",-0.423691852332672
"LINC02122",-0.423691852332672
"FRMD7",-0.423691852332672
"CNTNAP3",-0.423691852332672
"ARPC1A",-0.424654733643071
"RPS3AP47",-0.424810458632928
"AFAP1",-0.425348411033059
"PRR14L",-0.425807361713973
"LPCAT1",-0.425877626534112
"SNHG29",-0.42598732564968
"RPLP1",-0.426858035218647
"ENPP7P12",-0.427025162534518
"LINC01800",-0.427330847113212
"DLAT",-0.427405742496735
"SYNE3",-0.427940877231657
"TRMT11",-0.428062661908211
"RLF",-0.428616112937288
"BCLAF3",-0.429856387175639
"HNRNPCP4",-0.429900095352211
"RPE",-0.430871617416901
"PELO-AS1",-0.430915481975823
"KHDC4",-0.43122140834101
"OR2Y1",-0.431314856087309
"DIS3L-AS1",-0.431314856087309
"GABARAPL1",-0.431550730937922
"PTPRQ",-0.431572815415135
"C13orf46",-0.431812750711038
"MFSD1",-0.431907336947831
"CRADD",-0.432462203925704
"LINC00632",-0.433113714111952
"CTC1",-0.434316594617659
"PDCD2L",-0.434576049170981
"GUCY2C",-0.434894760744147
"ENTPD7",-0.434899461955087
"FEZ2",-0.435666446258355
"USP16",-0.4357479867908
"SNX29",-0.435949073785454
"MIR7111",-0.436201916643217
"PRODHLP",-0.436201916643217
"ZCCHC10",-0.436357592646449
"LINC00303",-0.436689791172461
"FNDC3A",-0.437371988524142
"SEPTIN7P1",-0.437431585586928
"CLIC1P1",-0.438115126586847
"LINC02790",-0.43834990038722
"LINC01698",-0.43834990038722
"MPTX1",-0.43834990038722
"LINC02819",-0.43834990038722
"OR5H1",-0.43834990038722
"ATP5PBP8",-0.43834990038722
"LINC02013",-0.43834990038722
"RNU6-191P",-0.43834990038722
"LINC02515",-0.43834990038722
"MARCHF11-DT",-0.43834990038722
"MAST4-AS1",-0.43834990038722
"VN1R12P",-0.43834990038722
"LINC01312",-0.43834990038722
"MIR8084",-0.43834990038722
"VSTM5",-0.43834990038722
"POU2F3",-0.43834990038722
"LIPF",-0.43834990038722
"LINC00547",-0.43834990038722
"ENOX1-AS2",-0.43834990038722
"MTDHP5",-0.43834990038722
"NLRP8",-0.43834990038722
"KIR3DL1",-0.43834990038722
"LINC01426",-0.43834990038722
"DNAJB11",-0.438390427713798
"USP51",-0.438575313085551
"ODF2L",-0.4390315647033
"SH2D6",-0.439099942646134
"POLR1D",-0.439176377157776
"INCENP",-0.439606299334881
"SLCO1B1",-0.439921015149627
"RPS18P1",-0.439921015149627
"EFCAB2",-0.440046964687944
"CDC27P3",-0.440249320178995
"LGMN",-0.440846119571831
"SNORD3B-1",-0.441403362835616
"PFDN1P1",-0.44162936302082
"EHD1",-0.442027115175879
"PAXIP1-DT",-0.442900635000728
"RAB17",-0.443125459597713
"SERGEF",-0.44330457111675
"NAV3",-0.44352339979646
"IFNK",-0.443542555270975
"ZNF402P",-0.443565159987506
"TNFRSF10A",-0.443772344838675
"PCF11-AS1",-0.443924383299624
"NLGN1",-0.444055507589119
"CTPS2",-0.444225847756222
"TNFSF9",-0.444250833238068
"CYP51A1P1",-0.444400600335563
"PIK3CG",-0.444872578184521
"ANKRD9",-0.445251148341381
"TRAM2",-0.445658803031967
"TWF1",-0.446261985999
"RPS9",-0.446370496606568
"SNORA47",-0.446504361060424
"PIGP",-0.446776996224757
"RNU2-38P",-0.446850180002842
"MIR4300",-0.446850180002842
"RNU6-565P",-0.447000560725044
"RPL15",-0.447677594417488
"LINC01708",-0.447860581868472
"OSGIN1",-0.448001612234953
"AP2A1",-0.448467539341867
"LYPLAL1-AS1",-0.448508837987968
"RPL26P6",-0.448768847930383
"LINC01138",-0.448942497402557
"PPIAP60",-0.449616203035554
"TAFA2",-0.449629703182004
"GPR182",-0.45007075102918
"MYL5",-0.45063998572313
"CHD4",-0.450814331504382
"RNU6-249P",-0.451057524258131
"CCSAP",-0.451215655961116
"SLC7A11",-0.451269769073013
"QKI",-0.451692723713828
"NRG3",-0.452002033382498
"MMP9",-0.452286199477048
"RPL36AP28",-0.452466822793298
"GCNT3",-0.452959262550141
"GPX6",-0.454899798830786
"RNF215",-0.455296347078745
"RARB",-0.455960105572317
"RPL15P5",-0.457027037847718
"MINAR1",-0.457098712615961
"PRMT9",-0.45732545011628
"LINC00701",-0.45744016321649
"POLR2H",-0.457861009013383
"H3-7",-0.457977405156301
"GBGT1",-0.459133166042796
"AFG3L2",-0.459562206883679
"FAM153CP",-0.460293054547668
"RNY1P12",-0.461694953585775
"ELP4",-0.462393290143925
"CEP192-DT",-0.463187819803301
"ZBTB11",-0.463876862149026
"SFXN5",-0.464261850861625
"CFAP300",-0.464792752472606
"ARHGEF39",-0.465569827273458
"NACA3P",-0.46582693491469
"MIR3198-1",-0.466114337288121
"ADAMTSL4",-0.466481439049611
"TMEM129",-0.466546112360569
"ZNF143",-0.46690325777103
"RPL7AP16",-0.46700083924382
"DEFB1",-0.467194665835821
"EIF4EP5",-0.467577112955115
"ZNF394",-0.467899529516765
"ADAM7",-0.468416047935644
"IARS1",-0.468490157566659
"POGLUT2",-0.468632010167211
"LYPD6B",-0.468710100192427
"EOGT",-0.469185851315467
"CKAP5",-0.469207970781058
"RPL23AP65",-0.470456532278079
"LINC02954",-0.470635991119719
"IGKV1OR2-118",-0.47085570700761
"LINC00703",-0.471113156529981
"RPL12P12",-0.471382213784403
"ISCA2",-0.471385824163556
"CNOT6L",-0.471585007208991
"AGBL4",-0.472342734534664
"EEF1A1P22",-0.472975643762212
"ZNF816",-0.473045363890604
"LINC01637",-0.473472729949988
"DDIT3",-0.473552081603175
"TBC1D22B",-0.473848136402581
"FXYD6",-0.47426798856968
"DNAJC21",-0.474649827517098
"NFYC-AS1",-0.474724283705994
"GAB1",-0.474760319917235
"FKBP3",-0.474772840826433
"FAU",-0.475398373332498
"PIGW",-0.476135779684807
"BMP2K-DT",-0.47637935408274
"TNFAIP2",-0.476550231436501
"CYTH3",-0.476598499086805
"MAP9",-0.476695693912668
"TOGARAM1",-0.476819638896029
"TNPO1P1",-0.476974122478194
"DPH3",-0.477233085522555
"ATOX1-AS1",-0.477566301018161
"RNA5SP492",-0.478159216776609
"DYTN",-0.478568160654117
"PROSER3",-0.478766877220671
"RPL29P4",-0.478995640659124
"BMP7",-0.479218847337599
"TRBV8-2",-0.479561979757116
"RPL41P5",-0.480607071741517
"LINC02232",-0.480632542220164
"KIAA1143",-0.481219759251442
"SRSF10",-0.481252048128682
"VPS13B-DT",-0.48136089583161
"STARD7",-0.481968264542857
"IMPDH1P7",-0.482202382959793
"GNGT1",-0.482728436127074
"CRTAP",-0.482809066447313
"RPL24P4",-0.483423928079526
"COPS5",-0.483778111840326
"ZNG1B",-0.484162496157032
"SIPA1L2",-0.485173318740253
"MUC20P1",-0.485265320701403
"MIR1260B",-0.485265320701403
"TRAJ35",-0.485265320701403
"TRAJ32",-0.485265320701403
"ZNF878",-0.485265320701403
"BMS1P20",-0.485509483982437
"TRA2A",-0.486821582009127
"ZFHX4-AS1",-0.487307614509618
"LOXHD1",-0.487307614509618
"MAP3K12",-0.487426445280539
"IRF2",-0.48759183520261
"CFAP36",-0.488086239956362
"ARHGEF9",-0.488100992747429
"IKZF5",-0.488530982952738
"M1AP",-0.488666842982227
"PTPRK-AS1",-0.488919646111051
"THOC1-DT",-0.489198417327803
"INTS8",-0.489754054714378
"MIAT",-0.490216259537117
"ELOB",-0.490382429097849
"PEBP1P3",-0.490713084236598
"DEFB107A",-0.49074567693792
"METTL6",-0.490882472430168
"CENPC",-0.491068170588851
"TREML4",-0.491069982931692
"HLTF",-0.49131314422153
"RNU1-67P",-0.491320949911658
"B4GALT3",-0.491394772512594
"SLA",-0.491519131461567
"AHCTF1",-0.491685970559187
"TNC",-0.492113605663685
"MED20",-0.492371511183617
"GET1",-0.492617219807744
"HMGB1P21",-0.493477695556648
"RPS19P3",-0.493608987745515
"CCDC59",-0.493669637727985
"PCED1A",-0.494311750626767
"LITATS1",-0.495025515307998
"MGST1",-0.495029073177181
"DELE1",-0.495465035074358
"MORF4L1",-0.49558965122471
"RNA5SP449",-0.496529222832688
"EEF1A1P17",-0.496982382385981
"RNA5SP387",-0.496983672319286
"STX16",-0.49800641968089
"CDC14B",-0.498314011025342
"BAG4",-0.498389662534834
"TMEM126A",-0.498868637544373
"CFAP65",-0.499482856841754
"LYST",-0.500397333991116
"ATOSA",-0.500489314973826
"TPM1",-0.500792442120337
"SLC2A9-AS1",-0.501005319816824
"ANXA2P2",-0.50116302958569
"LXN",-0.501309805281286
"SLC9A3",-0.501473541186292
"PPIAP40",-0.501524885533407
"RAMP2-AS1",-0.501998461517939
"CSTB",-0.502294023943983
"UPP2",-0.502643115068591
"FTCDNL1",-0.503074138442177
"RPS4XP14",-0.503095177039124
"PDP2",-0.503201736356866
"PLK3",-0.504155145941895
"EIF5AL1",-0.504443127753377
"LGR4",-0.504448238419932
"PDE4DIP",-0.504630687080661
"NPS",-0.505576448085453
"MIR5683",-0.505634591453415
"GMPS",-0.505920200841912
"MS4A14",-0.505967891863504
"SLC35D2",-0.506494248656738
"RPL12P1",-0.506880897997644
"HNRNPD-DT",-0.507339133723415
"LINC01191",-0.507354101310509
"SMAD4",-0.50736749395982
"RPS19P1",-0.507594555549432
"LPIN3",-0.507736455460444
"HSF2",-0.507747383884168
"CFB",-0.507789245880323
"PPP4R2",-0.507907080351216
"RETREG3",-0.509047859966326
"RBP5",-0.509150680161038
"RN7SKP64",-0.509254203337989
"GTSCR1",-0.509254203337989
"MSX2",-0.509281240550963
"NPM1P37",-0.509666115767947
"CROCC2",-0.510058398758932
"ABCC3",-0.510663110127736
"FBXO39",-0.510743042264244
"EEF1A1P5",-0.510826745896341
"THOC5",-0.511397870657574
"CGREF1",-0.511434467310853
"SNORD70B",-0.511766323340017
"FREM3",-0.511766323340017
"LINC02531",-0.511766323340017
"MFSD4B-DT",-0.511864540039387
"PLEKHF2",-0.512410157680326
"LINC01409",-0.512510764559936
"ATP5PF",-0.512543018921014
"SWI5",-0.512820630614721
"BLVRB",-0.513601537817681
"WASL",-0.514424278158682
"SATB1",-0.515035494200489
"GAPDHP49",-0.51521288233801
"LINC02641",-0.515287587433238
"LINC02393",-0.515466218659162
"NFKBIA",-0.515680560380045
"CBARP-DT",-0.515958295412754
"CA14",-0.516732241183244
"ABCA12",-0.516776686189526
"BORCS7",-0.51704377039636
"S100PBP",-0.517474406438721
"ALG13-AS1",-0.517736613633837
"TMEM98",-0.517990812133362
"ZNF71",-0.519009101234634
"PERCC1",-0.519179690452175
"MIR4646",-0.51935382419121
"PPIC-AS1",-0.520745330130133
"FREM1",-0.520846208203167
"EMSY",-0.520939738041832
"PANX1",-0.521028157536723
"MRPL47",-0.521052447745638
"SLC25A30",-0.521223114738597
"PCNP",-0.521490073905506
"ARHGAP19",-0.522052230761313
"KRAS",-0.522362790920218
"CPED1",-0.522405577390564
"LINC01700",-0.522554042598247
"NACA2",-0.523020772132842
"XPO4",-0.523214111055756
"RASSF8",-0.523780942907659
"ETV1",-0.525003427201832
"RNVU1-25",-0.525304564508748
"RPL31P19",-0.525552071797081
"AMN1",-0.526888258747889
"ARMC3",-0.526927710682863
"ALK",-0.527339700813347
"PPM1A",-0.527482920411246
"SNORD72",-0.527852739042171
"CAMTA2-AS1",-0.527899954627526
"RPSAP3",-0.528522704142678
"MIR511",-0.528524283706239
"GPATCH2L",-0.529217965344756
"CLMAT3",-0.529560684386801
"TCEAL9",-0.530036154969492
"NFIL3",-0.530586279455467
"EIF1",-0.530964326689511
"HCG22",-0.531299437582775
"UBE2Q2P13",-0.531299437582775
"KRTAP26-1",-0.531299437582775
"MRPL51",-0.531460805619201
"ABL2",-0.532214002455073
"LINC01176",-0.532247777982015
"HNRNPA1P39",-0.532522277561747
"TAF1A",-0.532616463197689
"NUP133",-0.533344992674296
"MAFK",-0.533601194409898
"EIF4A1",-0.535522709739289
"ZFPL1",-0.535592946680748
"KCTD2",-0.5357087677734
"SGPP1",-0.53602334826037
"C2CD2L",-0.536115901318243
"SLEAR",-0.536247859404012
"COX20",-0.536399957592135
"NR1D1",-0.53646916501601
"LINC02289",-0.536620529466727
"MTERF2",-0.53738026608659
"ATP2B1-AS1",-0.537751686263485
"MCU",-0.537984434393776
"PABPC1P4",-0.538395786792821
"WBP2NL",-0.5387279521402
"VPS13A",-0.539563034525566
"DNAJC19P9",-0.539782132865015
"ZFAND4",-0.540210041141987
"TMUB2",-0.541666012465439
"LINC02205",-0.541738963077397
"CCNL2",-0.541843942686888
"COX6A1",-0.54238689781398
"BDH2",-0.543244779164669
"GSTO1",-0.543351101598992
"ZNF836",-0.543551828515732
"SRSF4",-0.54369772472364
"LINC02404",-0.543908878359984
"TLK2P2",-0.544049741183203
"STX1A",-0.544280847838391
"ZFAND2A",-0.54452830272818
"FAM133CP",-0.544579425147121
"SEC22C",-0.544906070447319
"RN7SL141P",-0.544931401644546
"DYNLT3",-0.546943265490691
"ERMAP",-0.547065431758308
"RNA5SP68",-0.547158556321085
"GTF3C6P2",-0.547279196916101
"PHLDA3",-0.547417755756915
"CADM1-AS1",-0.547455923348849
"MPO",-0.547483664414259
"TRGV6",-0.547750366343599
"FAM24B",-0.548523577656661
"HSPE1P2",-0.548999099809662
"CD59",-0.549240679172815
"MXD1",-0.549762728211893
"STUM",-0.550262002917027
"FER1L6-AS2",-0.550838039440521
"RAB1A",-0.551333832816792
"MIR3681",-0.551568736053523
"ZNF341-AS1",-0.552002373700604
"RNU6-1016P",-0.552687791592114
"CRTC3",-0.552689378720904
"SLC16A5",-0.552712380071555
"JPH4",-0.552745361691774
"ATP6V0B",-0.552810673872086
"HSPE1P4",-0.553439070809223
"CEP170P1",-0.553781645984934
"THBD",-0.553921442541868
"TRAV8-2",-0.554662381148658
"SPACA9",-0.555340976264489
"CXXC5-AS1",-0.555916529684706
"SLC45A4",-0.556258466087966
"GPCPD1",-0.556553123800896
"ATP5MC1",-0.557239842165484
"EBLN3P",-0.557603861530721
"CYP7B1",-0.557913228461419
"ZC3H11C",-0.558192926256193
"PLTP",-0.558393838739604
"CHAMP1",-0.558794501441403
"TLR6",-0.559163751675143
"SCYL3",-0.559869638097397
"IGHV4-31",-0.560092586811753
"IGHV3-33-2",-0.560898403125345
"COL6A6",-0.561367301138369
"CARMIL3",-0.561910157567714
"RPSAP53",-0.562101004536811
"ZFHX3",-0.562230101585786
"SKA2",-0.563201726116701
"BCL10",-0.563203357102557
"TIGIT",-0.563833221237219
"XPO5",-0.564397638686104
"KDELR3",-0.564726711253391
"RALGDS",-0.564897447150031
"ATP13A3",-0.565768221049195
"SELL",-0.567715475102385
"IFI44",-0.567799535949985
"SP4",-0.567960714194738
"ACOT9",-0.568217256946415
"NLRP1",-0.568878011341564
"RNF175",-0.569672268565186
"TIPARP",-0.570391245854006
"VDAC1P6",-0.570426640385436
"CRYBB1",-0.570518480938608
"RPL12P20",-0.570523326157408
"PRKN",-0.570563400684035
"B3GALNT2",-0.57084751959939
"SPADH",-0.572828087126874
"COIL",-0.573458885824632
"DDIT4L-AS1",-0.57364369484735
"FGFR1OP2",-0.574464441281425
"CDC20-DT",-0.574595640204295
"CXCL12",-0.574644745113313
"UNC5A",-0.576100424234458
"GDF9",-0.57633622264065
"TTLL11",-0.576644710429151
"KPNA4",-0.577151930918474
"GPR83",-0.577238160967934
"CYCS",-0.577836188280879
"ADGRL1-AS1",-0.578560928815756
"MEIOC",-0.57928505661673
"MRRFP1",-0.579430615566407
"SPARC",-0.58020264231453
"AP1AR",-0.580935942174252
"GAS2",-0.581782833396912
"RPL5P3",-0.582063806387435
"UBE2B",-0.582198342056042
"COX4I1",-0.582460650154781
"FBXL3",-0.582873966789816
"SLC34A2",-0.582993912858219
"ATOX1",-0.583549596377772
"RELN",-0.583960951502346
"PPP3CB-AS1",-0.584990894129269
"CDCP1",-0.585538908215518
"CDH18",-0.585543047060408
"FOXP1-AS1",-0.585561535550815
"ZNF264",-0.586045781993552
"REEP3",-0.58655726482814
"NBPF11",-0.58665249503791
"LINC00836",-0.58679554196272
"PTGR2",-0.587057215151256
"RIOX1",-0.58709048695223
"ENEMAL",-0.587319818786411
"PNMA8C",-0.587345389651784
"LINC02359",-0.587816207234379
"S1PR1",-0.587946481032
"CDKN2B",-0.58889062139009
"KLRK1",-0.58890451060695
"RBM18",-0.589526030319504
"ANKRD29",-0.589871344666529
"COPB2-DT",-0.58989001190141
"RPL14",-0.589978315108551
"TRIM54",-0.591765676684593
"PIEZO2",-0.592528764271494
"TRIM37",-0.592968770720979
"CLCC1",-0.593424455073467
"BNC2",-0.593550273319947
"STK17B",-0.593611867207615
"HCCS-DT",-0.594676767596367
"SYCP1",-0.595112656249025
"GCHFR",-0.595160412515344
"RPL15P2",-0.595360865914927
"IGHGP",-0.595414673171262
"FGD5",-0.595623982811297
"ZBTB2",-0.59572083095442
"NEU1",-0.595773281613481
"SAMD1",-0.596072566855107
"ARSD-AS1",-0.596263378766252
"EML5",-0.596632644278739
"RRM2",-0.597906759790689
"CHP1",-0.597992650633319
"YWHAQP4",-0.598535840184804
"SAMD9",-0.598700069845024
"PIGR",-0.599492013018742
"GP6-AS1",-0.600146305037766
"ATP8A1",-0.600729236577361
"AXL",-0.600878803819688
"COX7CP2",-0.600967622785542
"RPS3A",-0.601836336130535
"EEF1A1",-0.602021473300414
"IGSF6",-0.602103038246981
"S100A3",-0.602348222249716
"GSTO2",-0.602777548632112
"MMRN1",-0.604935356048648
"NAP1L4P1",-0.605609128155689
"LARGE1",-0.605680888682305
"EIF4A2",-0.606805559007002
"ALKBH8",-0.607024992746683
"ANG",-0.607609220303587
"KCNK9",-0.60786022542348
"LINC02316",-0.60786022542348
"IGKV2-14",-0.608229187864495
"LYSETP1",-0.608229187864495
"LINC02220",-0.608229187864495
"H2AC4",-0.608229187864495
"DEFB108A",-0.608229187864495
"FAM90A24",-0.608229187864495
"LCN1P1",-0.608229187864495
"OLA1P3",-0.608229187864495
"UNC13C",-0.608229187864495
"ABCD4",-0.60843208153192
"XPC-AS1",-0.609437335899405
"IFI27L1",-0.609466286574359
"RAP2C-AS1",-0.609684716728396
"GTF2IRD1",-0.609974375748849
"PLAUR",-0.610130368833114
"ARMC2",-0.610151143633735
"AMER1",-0.610403192148928
"OR56B2P",-0.610709528451778
"KIRREL1",-0.610790962291819
"KRBA1",-0.611413983672797
"LINC02613",-0.612163194440161
"EIF4BP7",-0.612398597604221
"ZNF513",-0.612804419063417
"RASSF6",-0.613025686882709
"IL6R",-0.613756120257324
"BLZF1",-0.614555987596409
"RNF185",-0.614731483674565
"NOC2L",-0.615147838298538
"GRIP2",-0.61521986086994
"RPS26P47",-0.615293562126293
"PIGV",-0.615495020919651
"SLC11A2",-0.616794803839886
"PPP1R12A-AS1",-0.61686197435608
"PLA2G12AP1",-0.617141117723703
"LINC00561",-0.617141117723703
"LINC01255",-0.617187389066549
"SLC18B1",-0.617295418114228
"MON2",-0.617762637393631
"MUC5AC",-0.618676058139773
"CC2D2A",-0.620032251453248
"SEC23A",-0.62090113778129
"GOLGA8B",-0.621208593815008
"FCER1G",-0.621941611686125
"HSD3B2",-0.622036339255618
"HSP90AB5P",-0.622036339255618
"PAPOLA",-0.622917390802052
"CD55",-0.623070897792894
"CCL4",-0.626249693476628
"DST",-0.626577277908332
"ANKRD34A",-0.626870361858667
"VSIG1",-0.627122525558196
"MIR3685",-0.627122525558196
"LINC03088",-0.627122525558196
"TNNI2",-0.627182826270925
"COMMD6",-0.627530502475942
"RPS12",-0.62770350423669
"TIGD7",-0.62856684842777
"STARD4",-0.628574124638123
"USP15",-0.628579196562686
"SLC47A1",-0.630469746429169
"C2",-0.631926011891113
"GPR146",-0.632579745523723
"CTDSPL2P1",-0.634630549349539
"LINC01824",-0.635006677539428
"RN7SL567P",-0.635006677539428
"IGHV1-46",-0.635006677539428
"MIR3928",-0.635006677539428
"WFDC1",-0.63535916895351
"CDK8",-0.636456515411592
"HUS1",-0.637846448945996
"SNN",-0.638054147761161
"EAPP",-0.638198795096324
"TIMP2",-0.639483295707246
"DYRK1A",-0.639583485027256
"WDR86-AS1",-0.640174687163682
"H2AC25",-0.640439767111642
"PDK4",-0.641960541616161
"UQCRQ",-0.64266201187334
"SYT17",-0.643303016873752
"RNF144B",-0.643413276925504
"FTH1P3",-0.643625052775626
"CDKN3",-0.644948500590373
"KPNA1",-0.644966928206352
"TMEM50A",-0.645111406407898
"IFNAR1",-0.645954398395171
"USPL1",-0.646458071810831
"TMEM18",-0.646619921213986
"PHOSPHO1",-0.646717253259924
"SRRD",-0.646892727430873
"ITGA5",-0.647463984139955
"RAPSN",-0.649607473238902
"GNE",-0.65041657417701
"NANOS3",-0.652945665649501
"RANBP1P1",-0.654348020890709
"TXNL4B",-0.654573183513944
"DIRAS1",-0.655803628003976
"CTNNBIP1",-0.655942350195996
"ZW10",-0.657536545175936
"GK4P",-0.65851658760767
"ARL14EPP1",-0.659536743242986
"NSRP1",-0.659653079027661
"IRAIN",-0.659849164069339
"MCFD2",-0.660513584895821
"LINC01498",-0.660805435234929
"METAP2",-0.661199718829227
"ZNF783",-0.662598311499293
"OBI1",-0.662632230562658
"APTR",-0.66316678582976
"ZNF418",-0.663380899353543
"XYLT1",-0.665252504946471
"ARMCX1",-0.666621612252022
"RPL12",-0.666975142731731
"LINC01400",-0.667696217059901
"RPL7P32",-0.669485856256133
"SEC62",-0.669776097291124
"MAP3K19",-0.67073786836172
"CYP2U1-AS1",-0.670752734450988
"ZNF571-AS1",-0.671715154160371
"MTCYBP18",-0.671871363901307
"NRROS",-0.672154924900886
"IL19",-0.673357731904695
"LINC02687",-0.673522662355447
"HELQ",-0.674615573092933
"PLPPR2",-0.675687491557499
"NTAQ1",-0.675732901161938
"EEF1A1P12",-0.675891974665875
"DTX1",-0.67598915172984
"LINC00612",-0.676059200660635
"KLF9",-0.676139493129061
"NPM1P24",-0.676772595004591
"SSC4D",-0.677186329653023
"RNU6-711P",-0.678452220591447
"ZNF626",-0.678654812393876
"RPL29P14",-0.678925358295344
"NQO2",-0.679211073362844
"IRF9",-0.682641191833604
"RPL17P51",-0.682836161115951
"RNF157-AS1",-0.684021728082634
"FAM76AP1",-0.684212099875777
"SNORA23",-0.684212099875777
"TAB2",-0.684394758369714
"RNU6-151P",-0.685193366559231
"BZW1",-0.685390225629798
"TDGP1",-0.685579091417526
"KRT26",-0.685905929495489
"DDX31",-0.686133014933102
"STXBP4",-0.688004643781631
"GFAP",-0.688429560665601
"UBA52",-0.689222745428303
"TMEM167B",-0.689531118929835
"AIMP1",-0.690033426713939
"OR7C1",-0.690035820654514
"UBAC2",-0.690624569433041
"RNU7-77P",-0.691373239958146
"HSD11B1L",-0.692083745541412
"NUP214",-0.692107519862118
"XCL2",-0.693238091190186
"TMBIM1",-0.693774019973
"MTCO2P4",-0.694418806652463
"VASH1-DT",-0.694432074636749
"SPEN",-0.694947944231003
"TESK2",-0.695570143063054
"SKAP1-AS2",-0.696097223770877
"UCA1-AS1",-0.696107855314132
"LINC02985",-0.696877287286509
"MIR548E",-0.697414332494901
"TATDN2P3",-0.697414332494901
"TRAJ44",-0.697414332494901
"AHCYL2",-0.697810085479904
"LINC00900",-0.697844785165039
"RNU6-482P",-0.698229399511684
"RPL21P39",-0.698274850328111
"RPS11P5",-0.698990212200118
"LINC00343",-0.699681447364304
"ZFHX3-AS1",-0.700292402882063
"H3C9P",-0.70030537305994
"RICTOR",-0.700741395858622
"PPP3R2",-0.701155079405016
"IDSP1",-0.701161513958228
"FTH1P23",-0.701346148098826
"RNU4-40P",-0.701535721656652
"RNF217-AS1",-0.702057413552443
"CCNB2P1",-0.702275112990501
"CIBAR1P1",-0.702293318522583
"RNF125",-0.702356213803835
"RNA5S9",-0.702503033626447
"ZNF725P",-0.702503033626447
"EHBP1",-0.703179187635035
"SGIP1",-0.703379376615362
"KLHL26",-0.704133752975892
"HEXA",-0.704266468648425
"HOXB4",-0.704565593875149
"SERPINE3",-0.70513217008728
"GFER",-0.707634409905068
"RNU6-223P",-0.70877603640689
"WDR7",-0.709361756445015
"GARS1-DT",-0.709834962668513
"NOTCH2NLC",-0.709982338884779
"MTND5P1",-0.710766741838633
"MAP1LC3B",-0.710805969271197
"PALB2",-0.71089634238354
"GLULP4",-0.711157815902549
"RPS27AP8",-0.711711785660355
"RPS3AP13",-0.712156077145105
"MIR6775",-0.712658740050249
"BDP1",-0.712892317384044
"BGLAP",-0.713046790620487
"CALB1",-0.713046790620487
"TRAPPC2P7",-0.713046790620487
"SLC26A2",-0.713057261250155
"AGAP9",-0.713956680965265
"IGKV1D-39",-0.713967700378856
"CTDSPL2",-0.714126759095916
"CD209",-0.714341131625232
"TSPYL1",-0.714786560183138
"RPL10P11",-0.71482012751221
"RPS14",-0.715187914896132
"CACNA2D3-AS1",-0.716135687382014
"FTH1P12",-0.71650221374293
"FIBCD1",-0.716542184604006
"CD5L",-0.716575392599074
"SLC22A3",-0.716959408167
"PLD1",-0.717084108546499
"S100A1",-0.717190905606805
"ADORA2A-AS1",-0.717349705652233
"WDR5B-DT",-0.720958153939401
"GLUD1",-0.721590620343636
"SPR",-0.721593091560369
"RNU6-652P",-0.721744159034427
"MCM10",-0.722136257417132
"CMTR2",-0.722468438271982
"RHCE",-0.723001981153641
"VTRNA2-1",-0.723642549494287
"RABEP1",-0.724257286223791
"MAP3K2",-0.724320168224617
"PLEKHG4B",-0.725980894902362
"IQCD",-0.726397499657704
"PDXDC1",-0.72729672548098
"RPEL1",-0.727665670613599
"SDCBP",-0.727763674413693
"MARCKS",-0.728065321566104
"LIPE",-0.728473007173385
"GOLIM4",-0.728664039282038
"ATF7",-0.729001821868401
"MGAT4C",-0.729608717821176
"PLIN2",-0.729764717913533
"AGAP1-IT1",-0.729840057362703
"NT5C3A",-0.730190664383317
"PUS7L",-0.732388895322396
"PGRMC2",-0.73276008922553
"BFSP2-AS1",-0.733743665969379
"BTF3P10",-0.733757455139697
"C20orf144",-0.733777081909607
"RNU6-942P",-0.734052508233783
"F10",-0.734082599591471
"RN7SL5P",-0.734086100839798
"MROH2B",-0.734652149250942
"CCRL2",-0.734774795258387
"LIX1-AS1",-0.736438530900838
"ASF1A",-0.737037853073709
"ZNF708",-0.737294080827582
"TAF5LP1",-0.73730871974856
"KHSRPP1",-0.737648765499688
"CSF1",-0.738198549943372
"H1-5",-0.738264857133586
"B4GALT1",-0.739144027489873
"C1GALT1",-0.739856481895042
"TAS2R30",-0.74160354892532
"SLC26A11",-0.742890118244037
"RPS3P3",-0.743092020292548
"POLR2M",-0.743454964669227
"DYNC1I1",-0.743700819333412
"EDN1",-0.743949600258826
"TGFBR3L",-0.744110677519432
"ZNF254",-0.746404117437717
"C1orf56",-0.747339999398792
"CCL5",-0.747580253159352
"STAM",-0.748332357529495
"MYO5C",-0.749805384641449
"PNP",-0.750881235303963
"CTXN1",-0.750922449056677
"RPL36AP37",-0.751237129432858
"LTBP1",-0.751303255535202
"ZFAT-AS1",-0.751740258007388
"RNA5SP207",-0.751782935756882
"INSYN2B",-0.751807585934906
"DNAJC3-DT",-0.752650595257122
"ZYG11B",-0.754035278832704
"UBE2Q2",-0.754133751959907
"LINC03002",-0.7545099615623
"MICOS10-DT",-0.755131393369814
"RRH",-0.755456513981026
"NDUFA4",-0.755862242326092
"BTF3P12",-0.756131263606597
"RNF130",-0.757145271008009
"RNU7-41P",-0.757783692722555
"OBI1-AS1",-0.757931883955333
"OR6C4",-0.759034285990441
"IGKJ4",-0.759356687608063
"NAP1L1",-0.759490753133531
"RNASE3",-0.759535062428252
"RN7SL32P",-0.760111328525083
"CHCHD2P4",-0.760111328525083
"LINC02834",-0.760111328525083
"OR5BC1P",-0.760111328525083
"LINC01500",-0.7609137870763
"PSMD14-DT",-0.760960624202803
"ZNF213-AS1",-0.761307757836728
"PIH1D2",-0.761412676385109
"H3P6",-0.762413559080859
"FXYD6-AS1",-0.76330658756073
"A2MP1",-0.76344678350366
"SNX8",-0.76391760995574
"ARL6IP1P3",-0.764172519027115
"SLC44A4",-0.765175847936243
"YTHDF3-DT",-0.765535598464631
"AOX3P-AOX2P",-0.765668381913531
"LAMB1",-0.766103186504411
"C3orf18",-0.766154969819608
"SCML4",-0.766517742924727
"AHR",-0.766685735145981
"SYCE1L",-0.767659146326949
"CFAP418",-0.767895804004829
"RPL34P21",-0.767895804004829
"EPS15-AS1",-0.768187367085976
"LINC02286",-0.768187367085976
"COL8A2",-0.769978637941508
"ATP5ME",-0.770319246870906
"LINC02268",-0.770624755620399
"PABPC5-AS1",-0.770985442387997
"RESF1",-0.771806758712997
"IL1R1-AS1",-0.773606197035953
"RNASEH1",-0.773715176400043
"TWIST1",-0.775711090272064
"TRIL",-0.775711090272064
"RNU6-73P",-0.775711090272064
"RBMXL1",-0.777105216414256
"ORC5",-0.777585130381517
"DLX2",-0.777654660265686
"ZBTB7B",-0.777817021457473
"IGSF3P2",-0.777963452596322
"LINC03103",-0.777963452596322
"TRBV5-6",-0.778701715500661
"TNNT1",-0.778806368738112
"PAFAH1B3",-0.783380991709287
"ARHGAP44",-0.784297167451789
"RN7SL55P",-0.784547167055263
"CNN3",-0.785522424627874
"OAS2",-0.78765424614391
"SMC6",-0.78786838509
"MTCP1",-0.787962639658322
"BPESC1",-0.78824807036276
"LINC02012",-0.78824807036276
"EGFLAM-AS2",-0.78824807036276
"FRMD8P1",-0.78824807036276
"TCEAL6",-0.78824807036276
"SLC7A2",-0.78824807036276
"OR51F4P",-0.78824807036276
"OR4V1P",-0.78824807036276
"GRIA4",-0.78824807036276
"TMPRSS12",-0.78824807036276
"ZNF840P",-0.78824807036276
"LINC00898",-0.78824807036276
"FAM85B",-0.788306965025345
"LGMNP1",-0.789385076325691
"ZSCAN20",-0.79060577315073
"MRPL13",-0.790732759969419
"LINC00305",-0.790790526876518
"POTEKP",-0.791837499489113
"NBPF8",-0.792289934639959
"ACD",-0.792713189927238
"OR2A25",-0.792720947975807
"TM2D3",-0.792731126410476
"ATG12",-0.793658609774379
"TMEM266",-0.79403140284534
"NT5E",-0.794161538048432
"XPC",-0.7945466606929
"GBP3",-0.795496992739316
"MIR548N",-0.795873997981519
"HNRNPU",-0.798164471267437
"HACD2",-0.798333157377432
"DOK7",-0.799028957166752
"ITGB1",-0.800026733802694
"TH2LCRR",-0.800629269138912
"ANKS1B",-0.801078044200822
"NPM1P43",-0.802307919172393
"PEX6",-0.803714039615581
"LINC00499",-0.803869565968246
"REG4",-0.804543230035524
"ELOVL4",-0.805202762841361
"SPIN1",-0.805363590171057
"PTGIR",-0.806601724425982
"LINC02241",-0.807036199709827
"SERP2",-0.807346810986286
"TRAV14DV4",-0.807346810986286
"MLF1-DT",-0.807793998682373
"ZNG1C",-0.808171023859798
"OMD",-0.808503372089243
"RPS6KA5",-0.808527265901038
"CAPZA1",-0.809816738811351
"ZNF7",-0.809850982713498
"RNU4ATAC",-0.810199917048676
"CFAP69",-0.8102535499996
"EMSLR",-0.810387138994881
"THBS1-IT1",-0.810813973589293
"C2orf42",-0.811433481527164
"GGT1",-0.811992179643892
"AZU1",-0.812397731093953
"RN7SL649P",-0.812715569286247
"MIR6781",-0.812817850265874
"IL10RB-DT",-0.81297760551163
"KRT18P57",-0.816434609718066
"MIR3613",-0.816508197737229
"RNU6-742P",-0.816508197737229
"PLCXD2-AS1",-0.817988976414511
"IGF2R",-0.818044295744137
"SPDYE2B",-0.818302237683705
"RLIG1",-0.81879450751024
"UBALD2",-0.819153088534973
"ZNF766",-0.820428650349118
"ZNF589",-0.820558950324137
"TIMM9P2",-0.821101813620473
"LGALS3",-0.821879591237037
"RPL7P11",-0.822671670193316
"MYO19",-0.823013804158637
"RAB4B",-0.823249376955867
"BTF3L4P2",-0.824587961763597
"B4GALT4-AS1",-0.824767994650212
"RPS7",-0.825006499841654
"COX14",-0.825558242855738
"LYZ",-0.825969900177277
"FAM98A",-0.827031262915761
"ATP9A",-0.827138391201745
"MTHFD2L",-0.827536660465952
"CALCRL-AS1",-0.828363294105885
"LINC02712",-0.829156705959548
"LINC02395",-0.829184129208353
"SULT1E1",-0.82994013086972
"CCDC174",-0.830503934704613
"TACR2",-0.8311322170081
"H2AC18",-0.833465386076792
"MIR5684",-0.83408427770097
"FAM118A",-0.835462911526197
"LINC01618",-0.835711057986692
"DCHS1-AS1",-0.835711057986692
"KATNBL1P2",-0.83591706805623
"HBB",-0.83591706805623
"HAUS1",-0.836239971291473
"AGRP",-0.836503608959492
"SLC16A1-AS1",-0.83670284917763
"GAS8",-0.836729950254303
"CFL2",-0.837023277921526
"PKMYT1AR",-0.837308279017912
"PINX1-DT",-0.83836121322374
"TTC3",-0.83950464337275
"WWP1",-0.839835453684943
"NDUFS5",-0.839966198015784
"ATF4P4",-0.844302083775026
"DCLK3",-0.84487625449002
"KBTBD11-AS1",-0.84487625449002
"LINC01289",-0.84487625449002
"OR4A48P",-0.84487625449002
"ANXA2R",-0.845583390971546
"NANP",-0.84649514009933
"CCL3-AS1",-0.847546075780307
"ABHD5",-0.848267022949941
"RPLP0",-0.85066140705214
"TMEM91",-0.850769055187053
"DNAJB1P1",-0.850980451429332
"IPO11",-0.851101175820198
"KLRB1",-0.851201385026646
"GALNT1",-0.851611011971276
"TWSG1-DT",-0.851706301920184
"ST8SIA6",-0.851931335381091
"ACTBP15",-0.852213871131644
"RPL37P12",-0.852395222503743
"MARF1",-0.852718974500484
"CDKN1C",-0.853582541016389
"GARRE1",-0.854304273931761
"ZUP1",-0.855550296133968
"RNU4-8P",-0.856333860105112
"RPL23A",-0.857022829593776
"PPP1R12B",-0.857575522322132
"SPAG1",-0.857763145577962
"PLBD2",-0.857868390368275
"DAP3P1",-0.85828856777321
"RASA4CP",-0.858495623782545
"CEP41",-0.858782682150625
"RNU6-25P",-0.859687833680753
"TEX2",-0.860339319372579
"TRMT10C",-0.860416065239978
"RNF24",-0.86189730919578
"ANXA13",-0.862906439659015
"KLF7",-0.863433521849109
"YPEL3-DT",-0.863587663459604
"SENCR",-0.864270017391755
"LRRN2",-0.864512330903307
"ITIH1",-0.864512330903307
"SSR1P1",-0.864512330903307
"PLA2G4F",-0.864512330903307
"LINC00927",-0.864512330903307
"ZFR2",-0.864512330903307
"ZNF8",-0.866327641334683
"EDNRB-AS1",-0.866953339610234
"SYT1",-0.867358041438658
"RNU6-469P",-0.867899848224752
"ZNF423",-0.867904362345408
"MT-ND3",-0.86884415945173
"PCDH18",-0.869342035936648
"PCBP2",-0.869903603105781
"SUMO2P1",-0.870267138196672
"CCDC148",-0.870712466890119
"KLHL7",-0.871008479586597
"TBC1D25",-0.8715681195322
"CHRAC1",-0.872689634521326
"TPRG1-AS1",-0.872899397975857
"TFAM",-0.873726328496564
"MIR1244-4",-0.874618764047517
"GDE1",-0.87559264651496
"TM9SF3",-0.875773093340945
"PRMT3",-0.875902493476399
"LINC02282",-0.876505001414521
"AVL9",-0.87654063059505
"PPP2R5E",-0.876734071043299
"R3HDM2",-0.877989263974323
"ASPH",-0.878043256415836
"USP46",-0.879072266172581
"TMEM183AP3",-0.880906234831975
"RNF214",-0.881204424383248
"MIER1",-0.881851420874324
"PLA2G4C",-0.882050160947973
"TMEM44-AS1",-0.88294121150838
"GK5",-0.883119089646832
"ZMYND19",-0.885331624124348
"DNM1L",-0.885402209009716
"OBSL1",-0.885425444403104
"OR7E162P",-0.885727562164249
"OR7E148P",-0.885727562164249
"MTND3P4",-0.886872751978638
"LOHAN2",-0.886872751978638
"MS4A7",-0.890704605759405
"LUCAT1",-0.890902349848873
"HMGB2",-0.892001552423599
"CAND2",-0.892105445102094
"CD63",-0.892555425864605
"MIR98",-0.893402273434284
"MIR604",-0.894733717934175
"FGA",-0.894964019680641
"VEZF1P1",-0.895502834719889
"PKP3",-0.895502834719889
"CYCSP1",-0.895502834719889
"SNX6P1",-0.895502834719889
"CALU",-0.898382249105824
"DSTYK",-0.898799051258672
"SCCPDH",-0.898989801810285
"TSEN15P2",-0.899365846166651
"RN7SKP109",-0.899365846166651
"APLP2",-0.900362666195489
"MEG3",-0.900844953725803
"MIR6880",-0.9018134422559
"ANKUB1",-0.901897365618162
"MMGT1",-0.901906034535235
"PAFAH2",-0.902174065266243
"FRMD5",-0.906514124194324
"GTF3C6P3",-0.907617545484972
"SATL1",-0.908159871179764
"CCNG1",-0.909024100569674
"FANCM",-0.910038949786647
"GPSM2",-0.910098188488124
"MOB3C",-0.910099170709037
"SGSM1",-0.910160188660538
"PDCD5",-0.910262541888222
"SFXN3",-0.910575462059547
"NDUFB9",-0.910792734187075
"NDUFA12",-0.911278531527478
"RAB33B",-0.912374747829576
"INO80C",-0.913018012163193
"KIF26A-DT",-0.916688216534194
"TRDN-AS1",-0.917266113311544
"UHRF2",-0.918080035998084
"MIR124-1HG",-0.918254570241204
"ACVRL1",-0.918546129213588
"TNRC6C",-0.918815028425145
"RSAD2",-0.918861219981264
"ARHGAP18",-0.920090000765671
"SPCS3",-0.921145063678801
"LINC00877",-0.922222931874013
"TRMT2B",-0.924133517815763
"SURF2",-0.926413815015041
"CD58",-0.926666567102481
"POTEF",-0.927115563632362
"LINC01108",-0.929311086556555
"ZBTB6",-0.929472171676339
"MIR186",-0.929674004684752
"YWHABP2",-0.929736028468135
"CRADDP1",-0.930481957716021
"GJB7",-0.931102649642219
"RPS21P4",-0.931776668655409
"CCL3",-0.932103234152366
"MIR3153",-0.933044388925011
"SYN1",-0.933341049551922
"CTTN-DT",-0.933952045857357
"CTSL",-0.93506344453238
"ELF2",-0.93546836605053
"SNX1",-0.935935607142452
"FNDC3B",-0.936806478229284
"LINC00529",-0.936811798254977
"RNU1-82P",-0.937199365764105
"LINC02539",-0.937869154891665
"LMF1",-0.93797322840162
"RANBP10",-0.938610683947425
"SNORA24B",-0.939029800402912
"PSMC1P5",-0.939105253939614
"PDGFC",-0.939684647005026
"ZNF669",-0.939720849705845
"SNAPIN",-0.940320034189189
"LMO1",-0.941528971755496
"RFX8",-0.94198029735552
"HK3",-0.944410906644907
"SFTPC",-0.944575441582712
"UBE2D3-AS1",-0.945259490776434
"TSIX",-0.945348232626869
"NOX4",-0.945422186380217
"LY86-AS1",-0.945593643356306
"RNPC3",-0.946813552052016
"IRAK3",-0.946891015566352
"CFL1P5",-0.947436168585295
"ATP5F1D",-0.948322871436882
"LZTS1",-0.94901940182662
"ATXN7L3B",-0.949922899305928
"PPP1R21",-0.950102041352394
"LYSET",-0.951524248862721
"LRMDA",-0.952088176172904
"AP5B1",-0.95314383366894
"GPR79",-0.953421244662265
"NUDT21",-0.953535757148143
"MTCO1P46",-0.954381673781962
"TMEM238",-0.954504606890315
"IL10",-0.954945903266256
"PRELID1",-0.956481919171569
"TMEM71",-0.957265157203771
"CEMIP2",-0.957526429018099
"SNCA",-0.958482212362607
"IL7",-0.960313586217745
"ZNF365",-0.960427503964855
"HHIPL1",-0.961085425109664
"NEXN-AS1",-0.961752883137588
"RXYLT1-AS1",-0.96250685860806
"CAPN13",-0.964500133410924
"IL36G",-0.964500133410924
"FGF13-AS1",-0.964500133410924
"DYNLL2-DT",-0.964500133410924
"GK3",-0.964602539321542
"PRRT1B",-0.964729059726742
"UBE2D3P2",-0.964789193954338
"KCNB1",-0.965004192652736
"EPAS1",-0.96549192405598
"ZNF585A",-0.966577718760618
"ABALON",-0.966832249005993
"BAIAP2L1",-0.967428427044501
"LIN28B",-0.968267771610358
"RPRD2",-0.968409945828974
"MATN4",-0.968728176601914
"RBBP5",-0.968850914224841
"RPS27P19",-0.970937013017319
"SRRM1",-0.973056426760726
"MT-TI",-0.973625045428973
"NUP62CL",-0.973840160188755
"FAM47E-STBD1",-0.97419003874524
"PSAT1P1",-0.97419003874524
"PPP1R1AP1",-0.97419003874524
"RN7SKP71",-0.97419003874524
"SNW1",-0.974402241129658
"MMEL1-AS1",-0.975502485459043
"STAG1-DT",-0.976760716731869
"VPS26BP1",-0.977412775935685
"SYNRG",-0.977711795345001
"OR10AE3P",-0.97788976082866
"RN7SL481P",-0.978959041333166
"ZSCAN9",-0.979135489823057
"TMEM205",-0.979543044758043
"MGST3",-0.979562302478689
"RTTN",-0.98024674927321
"PHC1P1",-0.98061911888571
"RPL34P18",-0.980852785791036
"EHD2",-0.983660356415683
"ANKMY1",-0.983931179484194
"LINC02811",-0.985546142320306
"ANO5",-0.985908347774255
"NPM1P20",-0.986928390072898
"CFDP1",-0.988319855614677
"RNU6-306P",-0.988552124777777
"SNHG8",-0.988855438992951
"LINC01378",-0.989937797710834
"RNA5SP78",-0.991128602508219
"ZNF367",-0.991627077733127
"SERPINB9",-0.992244827936477
"LY96",-0.992833806089992
"MRE11",-0.993961602239668
"RHOB",-0.994191580297664
"NOVA2",-0.995114071514268
"MCTP1",-0.996574123787627
"THRIL",-0.99662193247666
"RPS15P4",-0.9979765760934
"LINC02966",-0.999010067945361
"VAPA",-0.999137563462092
"LINC02765",-0.999538404886987
"RERG-AS1",-0.999538404886987
"AKR1B10",-0.999697975855981
"ZNF615",-0.999777091687707
"EEF1A1P7",-1.0008049443411
"KCNH1",-1.00084435754147
"RPS27P3",-1.00318855483767
"TNIP3",-1.00423650620315
"LINC02960",-1.00489790085919
"CENATAC",-1.00535186661304
"ATP6V1D",-1.00629837965982
"LINC02004",-1.00743119484931
"TPX2",-1.00753995903095
"VPS33B",-1.00770533794443
"FGF13",-1.00910394581038
"RBMS1P1",-1.01033548586442
"INE1",-1.01296222854226
"SRCAP",-1.01370440891626
"EXTL3",-1.01522129815055
"LBR",-1.01714090001085
"SPCS3-AS1",-1.01740911761919
"PSMD12",-1.01915003250897
"NCKAP5",-1.02085485623753
"MS4A6E",-1.02099043688463
"LINC00470",-1.02155863184021
"CES3",-1.0240251190007
"RIN2",-1.02504856704024
"GALNT15",-1.02581679074325
"RPL4",-1.02695397098931
"FXR1",-1.02708468043645
"RPS15A",-1.02717073708263
"RNU6-1112P",-1.02758352794566
"TTC22",-1.02789787012397
"LRBA",-1.02803259101562
"MMP23B",-1.02805379265292
"PPP2R5C",-1.02944912267652
"HNRNPUP1",-1.02997007850869
"IQCH-AS1",-1.03232947975535
"ABHD4",-1.033013031256
"LTB4R2",-1.03349529978053
"PSMA3",-1.03456471007378
"ADAM9",-1.03469262385211
"SNORD13E",-1.03485453076423
"WRN",-1.03591688373963
"ESF1",-1.03708340095102
"AGAP1",-1.03711048825701
"TMEM167B-DT",-1.03793495786775
"KCNMA1",-1.03846410286424
"GCSH",-1.03894386268001
"LINC02940",-1.03957921343569
"COX10",-1.04282222624378
"SIPA1L3",-1.0434052802552
"ZNF622",-1.04394678922695
"ZBTB47-AS1",-1.04457089197165
"UGT2B10",-1.04571597871485
"OVOL1",-1.04611279881681
"OLFML2A",-1.04736449181891
"SHROOM3",-1.04775243030109
"ZBTB3",-1.04843246720395
"DENND4C",-1.04885379970011
"CNTN6",-1.05061526237469
"PA2G4P6",-1.05204091341311
"NAGK",-1.05292319634474
"ITK",-1.0547371238023
"HISLA",-1.05546134317033
"RPAP3-DT",-1.05569428003327
"IFIH1",-1.05585464209151
"NDUFB6",-1.05706574344371
"HNRNPA1P38",-1.05727236908153
"GIPR",-1.05902759479833
"SLC8B1",-1.05967034186416
"CLCN6",-1.0600745533815
"WTAPP2",-1.06009258626845
"SNHG16",-1.06112712744301
"SLIRP",-1.06130427306243
"FAM133B",-1.06296083233727
"RPS21",-1.06374334490604
"MIR30B",-1.06388085625249
"CIBAR1-DT",-1.06466591183153
"RPL15P14",-1.06702546827712
"SNCAIP",-1.06722014036201
"LINC01545",-1.06767518328838
"RMDN2",-1.06795674688731
"TMEM9B-AS1",-1.06844076292486
"TAS2R43",-1.06847297062906
"MIR619",-1.06847297062906
"DCUN1D4",-1.06871127159933
"TMED4",-1.0698266717043
"RNU6-37P",-1.07002646455354
"KCNQ5",-1.07083687099565
"RPL27A",-1.07216494139659
"UBXN7",-1.07278302097161
"GAD1",-1.07514428369187
"IL20RB",-1.0763873695161
"PRELID1P6",-1.07711432738762
"MASTL",-1.07754597918659
"LINC01585",-1.08483828703516
"DDX3X",-1.08529742781266
"SLC16A10",-1.08684431314413
"ANPEP",-1.08722847033126
"RSPH10B2",-1.08769879512955
"TESC-AS1",-1.08993521726314
"LRRTM2",-1.09122943577638
"PIGZ",-1.09139944603287
"IFT122P2",-1.09308301906606
"RNU6-370P",-1.09491653691102
"LRP12",-1.09494142534206
"COX6C",-1.09529348758807
"TNFRSF12A",-1.09564105407305
"RN7SL368P",-1.09690496414536
"ASPN",-1.09721707638659
"RNA5SP296",-1.09849261923566
"ZMYM4-AS1",-1.09870709314862
"CETN2",-1.10005922414117
"SMPD4P2",-1.1006064271793
"PRB4",-1.1010628406496
"RN7SL23P",-1.10166808297313
"KRT18P15",-1.10266198168461
"RSPO4",-1.10266198168461
"RNF8",-1.10291843172797
"DYRK3",-1.10481219059421
"PPIAP78",-1.10726838787975
"HIP1",-1.1083721556189
"ELOA-AS1",-1.10887876728424
"RNU6-188P",-1.11000986366707
"MTMR11",-1.11163473990994
"ENPP7P14",-1.11285458178505
"MMP19",-1.11517400945282
"TBC1D22A-DT",-1.1155751854335
"EFCAB6",-1.11638995602398
"PKP4",-1.11646240545124
"RBM12B",-1.11659875379632
"EIF3LP3",-1.11663869313387
"ZNF747",-1.11804417120162
"KIF1C-AS1",-1.12044551328482
"TYROBP",-1.12160948237211
"LINC00906",-1.12364200022932
"PIGPP3",-1.12532495417749
"LINC00607",-1.12560610669239
"MTCO3P11",-1.12641534022605
"GRIN2A",-1.12680030306428
"RPL11",-1.12690385005339
"PSEN2",-1.12950090109238
"OR1F1",-1.12962859470711
"S100A6",-1.13005584466368
"FDX2",-1.13055706470068
"MAF",-1.13181692569515
"ANKRD13C-DT",-1.13277078512821
"C5AR1",-1.13339430674511
"KIF21A",-1.13365520335382
"GOLGA8A",-1.13422390824886
"STX7",-1.13620705224909
"EPPK1",-1.13764318456801
"FGFR2",-1.13769320254213
"RPS28P7",-1.13902717779352
"ZNF888",-1.13909244466096
"CXCL3",-1.13945844352811
"LINC02111",-1.14260415772128
"TRIB1",-1.14271759395002
"TAGAP",-1.14293446752599
"SPATA25",-1.14379181734734
"PABPC1P12",-1.14459114721215
"PTMAP2",-1.1446441916688
"ATP6V1FP2",-1.14499105834994
"RPL23AP58",-1.147911800844
"BNIP3P27",-1.14844725452842
"RPL21P97",-1.14845357397904
"RPS26P3",-1.14902866098805
"KDM3B",-1.14922616018993
"FUT4",-1.14985655101069
"SLITRK4",-1.15133477939167
"LINC01229",-1.15153241297853
"ZCCHC17",-1.15221380607121
"ASAH1",-1.15248406247802
"WDR48",-1.15415742427504
"WWC3-AS1",-1.15476056875514
"PLOD1",-1.15644299908952
"NME2P1",-1.15950081494635
"INO80D",-1.16012051910153
"ADAMTS6",-1.16050041246023
"RMDN2-AS1",-1.16350154337725
"MIR570",-1.16362952794172
"RPL27",-1.16469986762291
"CAPN9",-1.16480296364904
"SCARNA6",-1.16480296364904
"OR4A9P",-1.16480296364904
"NLRP10",-1.16480296364904
"ST8SIA6-AS1",-1.16480296364904
"LRFN5",-1.16480296364904
"ST8SIA5",-1.16480296364904
"BNIP3P17",-1.16480296364904
"LINC02028",-1.16567071512989
"RRM2B",-1.16659689739628
"ZNF57",-1.16714157535341
"LINC01377",-1.16772538025619
"ADAMTSL4-AS1",-1.1681498251219
"S100A8",-1.16826803245503
"NLK",-1.1723424167134
"ZNF587",-1.17242281314015
"KCNIP4",-1.17349260961956
"PIK3CA",-1.17377134997895
"HERC4",-1.17378382649342
"MIR558",-1.17508464339627
"MXD3",-1.17521935611058
"SNTB1",-1.17542550970322
"GABRQ",-1.17740714526453
"MIR646HG",-1.17822819967806
"CYP2D7",-1.17963388371542
"EXTL1",-1.18100171083612
"AGBL5-IT1",-1.18100171083612
"LINC02377",-1.18100171083612
"OR51C4P",-1.18100171083612
"SUGP1",-1.18180698735792
"ARIH2OS",-1.18212023957553
"ACTBP11",-1.18240482189192
"PET100",-1.18240984513009
"MAILR",-1.18294814248334
"ZFP36L1",-1.18328101946934
"MEST",-1.18384314462646
"RPL36P14",-1.1839621427217
"BRWD1-AS1",-1.18684777465563
"RPS28",-1.18765840921558
"TRIM62",-1.18800048161741
"SERBP1P6",-1.18843070284743
"RPS13",-1.18906496010348
"PITPNM3",-1.18944433665376
"MIR933",-1.19012000258129
"NPM1P6",-1.19022176329203
"PABPC1P9",-1.19297877152843
"FBN1",-1.19509303785076
"PSMA3-AS1",-1.19614347590489
"MT-TQ",-1.19686612955012
"SLC26A5-AS1",-1.19742562789314
"TRAJ48",-1.19742562789314
"C19orf47",-1.19744780539688
"RPL21P28",-1.19980401587038
"CACTIN-AS1",-1.19984500392878
"IRAK2",-1.20033709803631
"F12",-1.20052573920542
"TMEM138",-1.20064555854991
"LINC01732",-1.20108896825672
"DLX6-AS1",-1.20144782806024
"TRBJ1-1",-1.20634803562551
"GABRR1",-1.20686699518555
"OR7E126P",-1.20721302318099
"MEF2B",-1.20748650638925
"LINC02955",-1.20802109665377
"EMCN",-1.20822776143488
"FOCAD-AS1",-1.20863974363731
"SDF2",-1.21189505983391
"CRISP1",-1.21190751929386
"EMC10",-1.21362965870919
"MTND1P23",-1.21380241196236
"H4C15",-1.21406214388741
"FKBP14",-1.21461622921487
"LINC02698",-1.21467629648921
"GPR3",-1.21477952598048
"RBM19",-1.21504802174582
"RTL6",-1.21554351905336
"LINC00624",-1.21866236126716
"RNU6-1310P",-1.21900545912571
"PTMAP9",-1.21901483281463
"MIR365B",-1.21963298315454
"INAFM1",-1.22012589093474
"SEC11A",-1.22015111610003
"KIF24",-1.22251381053664
"MBNL3",-1.22312259689299
"AGO4",-1.22347916522489
"IL17F",-1.22473299211812
"H3-3B",-1.2252637149385
"ATAD5",-1.22574578551516
"FCF1P7",-1.22586751056545
"NIPSNAP2",-1.22738508807973
"GP1BA",-1.22899847660424
"RABGEF1",-1.23006907077611
"GSDME",-1.2300772177255
"ANLN",-1.23007899445656
"CDHR5",-1.23251296552783
"LNPK",-1.23377256827034
"SLAMF9",-1.23454999816574
"ZC2HC1A",-1.23475412933497
"MAFG-AS1",-1.23490151187088
"TSKU-AS1",-1.2354599605084
"CD300E",-1.23704110499963
"IARS2P1",-1.23806202240177
"SAMMSON",-1.23883009754649
"ECT2",-1.24029132526894
"SMC2-DT",-1.24064564463376
"CDR2-DT",-1.24304437910507
"DDHD1",-1.24322164887285
"CLCN1",-1.24323959801677
"RNU6-1333P",-1.24434331164298
"GTSE1",-1.24540779036169
"PRDM2",-1.24676556892399
"NAA16",-1.24770679754876
"MIDEAS-AS1",-1.24825928901386
"SRSF6",-1.24913471530767
"TXNDC17",-1.24927656241317
"SNAPC1",-1.24937260432899
"VMP1",-1.25195630251751
"PNPLA7",-1.254584944263
"S100A16",-1.25735426287266
"SIGLEC14",-1.25750839374723
"ATP6V0E1P1",-1.25958832912627
"ALKBH6",-1.26400900225034
"KANSL3",-1.26704415882226
"APOBEC3D",-1.2678418992888
"ATP5MG",-1.2689281695374
"H1-4",-1.26910641680356
"SLCO2A1",-1.2722850578745
"CCDC88C",-1.27320449521894
"SBF2-AS1",-1.27561207190693
"RANP6",-1.2763180989059
"NPM1",-1.27633551307628
"SF1-DT",-1.27729566846167
"RNU1-103P",-1.27922041634199
"SH3GL2",-1.28042462149487
"LINC02683",-1.28076914504595
"LPAR6",-1.28112189895994
"MPP1",-1.28199187370526
"COL9A1",-1.28285128741929
"RPLP0P6",-1.28433750076363
"LINC03021",-1.28813677275763
"TREM2",-1.28953454314159
"SERPIND1",-1.28966048261142
"MORF4",-1.28997973686966
"CCDC28A",-1.29629139167143
"RPL18P10",-1.29717005913214
"CREG1",-1.29752366558843
"EMILIN3",-1.29909468230381
"DAB2",-1.29930209374034
"GUCY2C-AS1",-1.29980746906279
"RPL7P49",-1.29988039068244
"EDARADD",-1.30232432656407
"IDNK",-1.30382207521992
"NFU1",-1.3048625571076
"RPS15",-1.30489892105245
"HMGN2P22",-1.30611354505653
"FANCD2",-1.30762075980848
"OR7D2",-1.30775118863506
"ANKRD35",-1.30822549161084
"PRELID1P5",-1.31005796750332
"RN7SL16P",-1.31015875535651
"TOLLIP-DT",-1.31015875535651
"TSTD1",-1.31019599845474
"CD300H",-1.31084961193859
"RPS3AP35",-1.3124379110805
"ZNF658",-1.31299939518427
"AMMECR1L",-1.3147997265925
"PPFIA4",-1.31600935971507
"RBM22",-1.3163886111525
"ADRA2B",-1.31701857571961
"GPD2",-1.31877083911245
"USP32P4",-1.31971659394614
"CTDSPL",-1.32065359212452
"GSTA4",-1.32195107491668
"CKAP2-DT",-1.32210450148323
"TRIT1",-1.32248337629994
"CECR9",-1.32279071188776
"CD52",-1.3244006475794
"PHIP",-1.32946518674008
"CDON",-1.33122172403772
"SMG6",-1.33145675693915
"ZKSCAN4",-1.33175482524065
"PRP4K",-1.33193305375384
"PRKCE-AS1",-1.33195378070416
"GLT8D1",-1.33258026060564
"SGSH",-1.33301240624906
"ZNF451",-1.33315485837806
"SNX14",-1.33443969954656
"BICDL1",-1.33619617833991
"LINC00656",-1.33745740363789
"MIR1244-2",-1.34027043429133
"LINC01681",-1.34038704623281
"RPL34",-1.34106184086135
"TMEM212-AS1",-1.34119297120353
"RNA5SP379",-1.34119297120353
"KIF26A",-1.34119297120353
"BBS12",-1.34198767414136
"DPYSL3",-1.34223811924275
"NEIL2",-1.34281297502495
"ATP8B4",-1.34303595811174
"TSBP1",-1.34320116230151
"MRPL23",-1.34645209082231
"NDUFB4",-1.34732249030175
"LINC01277",-1.34756461179826
"SLC14A2",-1.34757634235069
"LAMA4-AS1",-1.34780715035082
"TPT1P9",-1.34871703970207
"RNA5SP317",-1.34931616734108
"ZIC1",-1.35000577031795
"RNU6-504P",-1.35105869306408
"FAM245B",-1.35532297253009
"HIF1A-AS3",-1.35564665842412
"KPNA5",-1.35723647795606
"LINC00544",-1.3577164569979
"ZNF395",-1.35924387606808
"RNU6-1280P",-1.36041173097295
"ASPM",-1.36060269811334
"RPL7P22",-1.36142866609398
"GUCA1B",-1.36149291565488
"ABTB1",-1.36298262243564
"CDADC1",-1.36404140663196
"ID2B",-1.36444326749296
"SPATC1",-1.36741787547074
"OR52K2",-1.3687730092739
"FHIP1B",-1.36917482370352
"LACC1",-1.37065828086908
"MIR4676",-1.37236046362365
"CGA",-1.37255305595
"AIF1",-1.37276501805167
"MCM9",-1.37483897074548
"RPL23AP43",-1.37537339333512
"HEATR3",-1.37542819410961
"MIOS",-1.37686927442344
"IGHV1-2",-1.3776192531994
"SLC3A1",-1.37971307377975
"NDUFA4P1",-1.3806617141637
"GPA33",-1.38072746216172
"SGF29",-1.38124419597182
"MAPK6",-1.38185313672764
"LINC02774",-1.38205799994887
"CELF6",-1.38367931681667
"BCL11B",-1.38514367510513
"FMNL1-DT",-1.38751599179805
"PPIAP2",-1.38805780274947
"APOOP4",-1.38810520050484
"RPS20P14",-1.38923300324617
"FHL1P1",-1.38960032044406
"SCGB3A1",-1.39021548692925
"MTND6P24",-1.3952478325211
"TMEM140",-1.3995202917406
"ETV2",-1.40042426034381
"OASL",-1.40209532261054
"ZBED5-AS1",-1.40304624773121
"AFMID",-1.405354508956
"TMCO6",-1.40893706814882
"MMD",-1.40950225258289
"BOC",-1.40992309075314
"RPS19",-1.40992401378697
"NUPR1",-1.41064215486686
"CEP120",-1.4107331042751
"NNT-AS1",-1.41106665456495
"MAP3K5-AS2",-1.41238336832601
"RPL37A",-1.41531863155227
"GPS2P1",-1.41711018621844
"IAH1",-1.41716727404281
"CHM",-1.42086184302995
"URI1",-1.42168870175748
"NCR3LG1",-1.42330841354574
"MCPH1-DT",-1.42513586038213
"FAM110B",-1.42681868473756
"BTRC",-1.42788650418927
"SNORA14B",-1.42835740689975
"RIC8B",-1.42993607139969
"PVALB",-1.43146164349264
"SETD1A",-1.43194713416437
"PRXL2C",-1.43403628685254
"DNAJC25",-1.43535223135635
"RCBTB2P1",-1.43676955176555
"MIR644A",-1.43676955176555
"MIR4668",-1.43681304358738
"PCDHGB2",-1.43805323174686
"MIR4692",-1.43932529399755
"MAFF",-1.4403249419658
"DDX28",-1.44075196885984
"ITPKB",-1.44123015785021
"USP10",-1.44236794709996
"COPS2",-1.442650179779
"XRCC2",-1.4443926685616
"IL1R1",-1.44722430212013
"H2BC6",-1.45090316857995
"RN7SKP163",-1.45170485315682
"OCRL",-1.45211070816448
"HTATSF1P2",-1.45279603350256
"POLQ",-1.45375929554983
"KBTBD11",-1.45381052104963
"OR7E12P",-1.45449793176653
"CHD2",-1.4545868290064
"HLA-DQB2",-1.46299875990494
"MUTYH",-1.46609536920049
"RNU6-531P",-1.46742585670419
"CHSY1",-1.46883432402326
"MORF4L1P1",-1.4690916164669
"NUSAP1",-1.46987246256847
"HSPE1P11",-1.47071931105461
"EEF1B2P3",-1.4738815135201
"AGT",-1.47469858589544
"LINC02639",-1.4749034173466
"MIRLET7IHG",-1.47502036340732
"HIGD1AP16",-1.47635507046406
"CLCN4",-1.47638171502258
"LINC02384",-1.47669105468744
"ZNF805",-1.4771395463165
"CYTH2",-1.477560471708
"MTFP1",-1.47800852524384
"SNHG12",-1.4794084791597
"OR10J9P",-1.48289489717657
"NBPF2P",-1.48289489717657
"ZSCAN23",-1.48289489717657
"MIR3159",-1.4850153053763
"MKRN2",-1.48599571825277
"PTP4A1",-1.48701856272492
"SMARCAL1",-1.48723475903367
"GNL3",-1.48772954813105
"PFKFB1",-1.48859704364319
"SMIM8",-1.4891705682311
"GPR26",-1.48966064903315
"CHASERR",-1.49236312847563
"SP7",-1.49585502613707
"DENND5B-AS1",-1.49599468705891
"DPPA3P6",-1.49699636147857
"ABCC5",-1.49838266267882
"RAD1",-1.49987718594507
"PRKAG3",-1.50080832018129
"JCAD",-1.50177731569538
"PILRB",-1.50328081284761
"ZMYND15",-1.50440934340632
"MSANTD3",-1.50503680980338
"PRKAR1B",-1.50510015901228
"DBI",-1.50996464301604
"ATXN1L",-1.51171591842204
"LINC00926",-1.51488067473861
"ICOS",-1.51488532628529
"RBM15",-1.519207621991
"RASGEF1B",-1.52688740869765
"TDRD10",-1.52851533744948
"C11orf91",-1.52851533744948
"TMEM263-DT",-1.52968127433974
"TRMT12",-1.53016066565493
"CGRRF1",-1.53101917813401
"NCAM1",-1.53113224010819
"CT69",-1.5322954182072
"RPL23P6",-1.53240469596662
"MLLT10",-1.53367472739565
"RPS27A",-1.53538566743209
"MYO3A",-1.53567584817764
"C9orf72",-1.53613624295821
"TTC39DP",-1.53637460271314
"PTMAP10",-1.53702687574322
"RPS16",-1.53775392516748
"SUGCT-AS1",-1.53858278115107
"RNU5A-1",-1.53946216297688
"IDUA",-1.54009691135591
"RPL3P2",-1.54075267764066
"MRC1",-1.54248362002933
"SYT2-AS1",-1.5427345680178
"SLC6A11",-1.5429420234657
"SLC4A10",-1.54427854574666
"IRS4",-1.54658572187098
"MAPKAPK5P1",-1.54658572187098
"SALRNA2",-1.54658572187098
"CTDSP1",-1.54766285503275
"CP",-1.55098286762917
"ZNF160",-1.55117512387063
"GTF2H3",-1.55270521087995
"DPP6",-1.55302082274082
"ALDH9A1",-1.55378949916573
"RPL41P1",-1.55414858048724
"PALS1",-1.55481342932988
"LRRIQ3",-1.55533617359093
"ZNF426",-1.55605973186207
"UBE2CP5",-1.55719450974902
"MANSC4",-1.55747657190706
"MIR548O",-1.55767529852573
"PLA2G2F",-1.56028362407781
"TFAP2B",-1.56154307692308
"C14orf28",-1.56182150602413
"SGMS1-AS1",-1.56453338393452
"RASSF10",-1.56637635710706
"PAX9",-1.56637635710706
"PRSS53",-1.56893440647545
"BDNF",-1.56893679937513
"FOXM1",-1.57004396876315
"BAHD1",-1.57064156522734
"CXCL2",-1.57299261731369
"MRRF",-1.57314779361309
"ZBTB11-AS1",-1.57460115620582
"MEG8",-1.57539150510164
"PRDM6",-1.5771334663139
"RRAGC-DT",-1.57902277096005
"LOXL1",-1.57932402984564
"LINC02345",-1.57942836916736
"HAL",-1.58013722604544
"RDXP3",-1.5802654169923
"C16orf89",-1.58222487860507
"ANKRD36BP1",-1.58281480485348
"LINC02649",-1.58500395360247
"ACOT13",-1.58535515273486
"SNRPA1P1",-1.5856991531658
"KANSL1-AS1",-1.5859233248314
"SPIRE1",-1.58616902268079
"LCORL",-1.58762723858462
"RPS12P4",-1.58974284970164
"CLIC5",-1.59017526862538
"IGKV1-5",-1.59189061114569
"TMEM37",-1.59208195447937
"GRIA3",-1.59367727935641
"RNA5SP123",-1.59372549602631
"RPSAP19",-1.59452121308154
"RNU1-2",-1.59690690735401
"CDC14A",-1.59790196386842
"MIR1244-3",-1.59881088373091
"CAVIN4",-1.60001166454012
"SLC25A40",-1.60010337850115
"CASP10",-1.6013600544625
"STX18-IT1",-1.6034225884919
"RPL36AP8",-1.60407337492914
"RNU6-731P",-1.60434186185438
"RNU6-593P",-1.60434186185438
"RNU1-109P",-1.60434186185438
"AZGP1",-1.60765639064331
"MROH6",-1.60786935270202
"LMOD2",-1.60864735223241
"SLC11A1",-1.60944920065147
"CCZ1B",-1.60983087302595
"CELF1",-1.61626516249151
"KCNE1",-1.61880605778879
"CEACAM18",-1.61917186566129
"LCE6A",-1.61958517727973
"LINC02607",-1.61958517727973
"IRX5",-1.61958517727973
"LINC01874",-1.62006530725528
"LINC01224",-1.62006530725528
"PRDM11",-1.62164152344224
"TNPO1-DT",-1.62201029899186
"DLGAP1-AS2",-1.62273852479814
"SIK2",-1.62300543290104
"DDI2",-1.62334272340474
"LINC01864",-1.62517257083236
"RNVU1-27",-1.62606273963075
"MXI1",-1.62825511007947
"XIAPP2",-1.62927211146259
"RADX",-1.63253725406033
"ZSCAN21",-1.63294980244408
"LINC00865",-1.63336272207503
"FER",-1.63473022579192
"EDRF1-AS1",-1.63523900262562
"C11orf96",-1.63624853312466
"NUDT18",-1.63710097325348
"SH3D19",-1.63779200310191
"CBX5P1",-1.63819485971824
"RPL7P23",-1.63859687596916
"MECR",-1.63915151870768
"LINC02363",-1.64174314131956
"FGF5",-1.6422106546104
"HPSE",-1.64405480225393
"ICMT",-1.64516011005973
"ZNF831",-1.64530064462388
"RANBP3-DT",-1.64555429428702
"CNOT9",-1.65104689502007
"THORLNC",-1.65128301579129
"USP6",-1.65243580427645
"REEP6",-1.65298330128402
"DOCK5",-1.65551111014836
"EPDR1",-1.65618266197206
"SLC10A1",-1.65643616256404
"LINC01126",-1.65681364905092
"SLC4A3",-1.65698756211706
"UBXN2A",-1.65753517798739
"DCTN6",-1.657917635624
"RPL21P75",-1.65874792890501
"GM2A",-1.66009294192729
"CEP70",-1.66038458198012
"ZNF568",-1.66108247839272
"RNU6-625P",-1.66170609995904
"ANKMY2",-1.66208703106105
"FBXO3",-1.6636245890484
"KIAA1671",-1.67004353633069
"ZNF722",-1.67598943807894
"TSHR",-1.67680191351374
"C1QTNF7-AS1",-1.67728396515409
"TAPT1",-1.67736917796933
"ANAPC2",-1.68270984622502
"SOS1",-1.68351781385521
"TAF8",-1.68443365573688
"PRH1",-1.68508017354774
"ZNF703",-1.68551637909505
"FAM167A",-1.68623837932817
"WIPI1",-1.69679077281797
"MTSS1",-1.70104005521357
"RPS27P15",-1.70147618640649
"SKP2",-1.7015340837135
"ZCRB1",-1.70221612229957
"RPS12P26",-1.70290105993046
"MIR210HG",-1.70349511304844
"DNASE1L1",-1.70396852239515
"TTF2",-1.70521073350183
"ZNF540",-1.70622138559796
"AP5M1",-1.70655696625062
"LINC03029",-1.70671432650506
"LNCRNA-IUR",-1.70710466780799
"RN7SL285P",-1.70905806825048
"NUP43",-1.71094524249025
"CACNA2D1",-1.71399684048089
"MDC1",-1.714941201018
"ARHGAP6",-1.71594645333571
"LINC02543",-1.71631117193097
"RDXP1",-1.71631117193097
"RN7SKP78",-1.72322567247265
"SULT2A1",-1.72562400351994
"RN7SL328P",-1.72831151626772
"FCAR",-1.72867990663211
"OGA",-1.72920131669983
"BDKRB2",-1.73252385749125
"RPRD1B",-1.73333970383906
"HMGN1P1",-1.73476350807395
"ZNF91",-1.73729249930978
"PRF1",-1.73807536314782
"RNU6-1245P",-1.74670403693084
"TOMM7",-1.74724016245618
"SPATA6",-1.74776676816657
"TLR1",-1.74834904176832
"RIC1",-1.7511432962148
"MYL12B",-1.75165380789464
"GTPBP8",-1.75300046974767
"FRRS1",-1.75306335680448
"RNFT1",-1.75364534074342
"POLA2",-1.75500704036007
"MIR6796",-1.75545247871503
"GPR153",-1.75713632592799
"RN7SL426P",-1.75773504152086
"AGAP12P",-1.75831303100415
"ARL6",-1.75840084427379
"SUZ12",-1.75930576075561
"BIRC2",-1.76061651639505
"XIRP1",-1.76127274259866
"SNURF",-1.76169177942973
"A2M-AS1",-1.76286904531609
"NPM1P18",-1.76321637370721
"COL18A1",-1.76384458568914
"RAD51",-1.76402377743367
"SENP1",-1.76426782278205
"MICB",-1.76560967883688
"LINC00867",-1.76890611811508
"ZNF652-AS1",-1.77130388111608
"RPL21P32",-1.77182956591363
"LINC01673",-1.77182956591363
"FBXO4",-1.77273054073796
"YOD1",-1.77328866768735
"ICMT-DT",-1.7760967815754
"HEXB",-1.7770194028231
"PANK2-AS1",-1.77741831687337
"COL4A2",-1.77958590173377
"RNLS",-1.78354469900398
"LINC00887",-1.78422897115427
"ZNNT1",-1.78626018092031
"ADAM17",-1.78838879419807
"PANTR1",-1.79187408939058
"FAM76A",-1.79231440089829
"GNB1-DT",-1.79394930683189
"LINC00663",-1.79416655518616
"NUP50-DT",-1.79424595699853
"DLEU2L",-1.79464384957501
"BICDL2",-1.79530386827544
"DHX40",-1.79660363157476
"SUSD4",-1.79791462071813
"TTC12",-1.79953661136647
"KAZN",-1.80059332459839
"IGSF9",-1.80180421391801
"MTCL1",-1.80611023969854
"SRSF5",-1.8079059156644
"EP400",-1.8079104341827
"CREBZF",-1.80818461338452
"SASS6",-1.81063293540426
"GIMAP2",-1.81337999323974
"ZCCHC2",-1.81507807946132
"CPAMD8",-1.81545605877363
"RPL31",-1.81835180517833
"RPL24",-1.82132971020059
"PPIAP11",-1.82253163538681
"AGTPBP1",-1.82401634865297
"HLA-G",-1.82521701638895
"PHF10P1",-1.82826590972221
"LINC03009",-1.82845734642821
"HTRA1",-1.83130417066845
"CRNKL1",-1.83527679350707
"HIPK3",-1.8401444391817
"XIST",-1.85017472237318
"UBA52P8",-1.85164603029996
"EVC",-1.85830214120577
"COL8A1",-1.86001627816595
"UBE2H-DT",-1.86024236233194
"FN1",-1.86158281475345
"AMPD1",-1.86186274368366
"ITGAV",-1.86262244348681
"LTBP2",-1.8687758454286
"IUR1",-1.87029233227188
"CLIP4",-1.87100510458227
"ZNF780A",-1.87267619775362
"MANBA",-1.87292727142125
"LINC00971",-1.87399685412074
"PTPRM",-1.87434863696247
"ASGR1",-1.87546653215919
"TILAM",-1.87649624044741
"PPIAP90",-1.87676069491495
"COX20P1",-1.87796262329808
"ANKRD45",-1.878291671928
"CPM",-1.87993837989731
"DUSP6",-1.88073674430181
"CUL9",-1.88205234229754
"LINC02569",-1.88331311626098
"RNASEH2A",-1.88362139316873
"MEP1A",-1.88378048671014
"ZBED3-AS1",-1.88455822284078
"FABP3",-1.88474822678392
"RAB6A",-1.88523691876783
"SERPINA15P",-1.88556158600834
"TBX2-AS1",-1.88556158600834
"RPL32P1",-1.88777459176063
"MCTS2",-1.88836440579483
"ADAT2",-1.89039290913178
"CDC42EP3",-1.89076798004551
"AK8",-1.89303744276284
"EFHC2",-1.89426971938055
"METTL2A",-1.89646358431232
"DPEP2",-1.89936990242494
"HTR2B",-1.89948630751099
"NR2F1-AS1",-1.90459918248089
"HMBOX1-IT1",-1.90879629546175
"XACT",-1.9098244038755
"RPL36",-1.91211939204736
"FGFR1",-1.91215579813781
"ABI2",-1.91326511925829
"FAM20C",-1.91337244404969
"LINC01394",-1.91470312904364
"KNOP1",-1.91565116358077
"UPK3B",-1.91711680064935
"TSSK3",-1.9185748102838
"AGAP14P",-1.92242882215404
"PGAP3",-1.92434435439718
"CRIPTO",-1.92904358116683
"LNC-LBCS",-1.92904358116683
"HMGN2P32",-1.92904358116683
"GMFG",-1.92955313947848
"PEX19",-1.93033803135034
"DNAJA4-DT",-1.93058929816637
"HPCAL4",-1.93120916148237
"CEP57",-1.93352895617665
"RN7SKP69",-1.93474983225863
"LINC02260",-1.93711959227106
"ARGLU1",-1.93864888429426
"PLCG1-AS1",-1.94492339661143
"CLDN7",-1.94987599057208
"MAP6",-1.95146475807053
"LINC00620",-1.95292211260819
"ZBTB34",-1.95354942145126
"RNU6-821P",-1.95526638542735
"CDC42P6",-1.95833692278245
"MBNL1-AS1",-1.96063736965955
"LINC02405",-1.96353756067602
"RNU4ATAC16P",-1.96397495452053
"TRAK2",-1.96519910934025
"NOTCH2NLA",-1.96845958849643
"PBX3",-1.96886741282709
"POTEI",-1.97082038635966
"WDR72",-1.97198483370947
"ATP5MFP4",-1.97222040513788
"DPPA2P4",-1.97266256586406
"MYNN",-1.97388643938437
"RPS24",-1.97404606557362
"LINC02182",-1.97704739952117
"NDFIP2-AS1",-1.97814796960257
"MCMDC2",-1.98054997095875
"SCAF11",-1.98244623558418
"CLN5",-1.9830526246814
"HIC2",-1.98471877990039
"ADGRE3",-1.98747725831367
"STRN3",-1.98951587931188
"SRRM2-AS1",-1.99285865797251
"ZEB2",-1.99354864291843
"SUMO2P21",-1.99463991694116
"ACP3",-1.99699703051448
"RBMS3-AS3",-1.99708645493533
"MIR4497",-2.00112749512589
"PNMA5",-2.00263364720879
"BEX3",-2.00334564698401
"RNU6-90P",-2.0037518926052
"NRXN3",-2.00780915140246
"DDX10P1",-2.0083441435627
"RNF5P1",-2.01039948495867
"RNA5SP282",-2.01168407301696
"ADARB1",-2.01183567843256
"EIF1B-AS1",-2.01267158828131
"RRAGC",-2.01462492842615
"NUPR2",-2.01576579850786
"CDH23",-2.01691326772401
"ATAD1",-2.01819551218867
"FNDC3CP",-2.01900569420403
"RN7SL743P",-2.02268261208358
"FAM221A",-2.02370839308987
"GCNT7",-2.0266035942492
"TMEM209",-2.02831447364529
"SNHG6",-2.03102576955552
"PMP22",-2.03232404821247
"VDAC1P12",-2.03342152497015
"LINC01697",-2.03407251050864
"VSIG10L",-2.03502267452322
"CDK11A",-2.03568745551055
"LINC02762",-2.03845966789656
"USP8P1",-2.03859019543057
"TRAJ27",-2.04034361038238
"BTBD9-AS1",-2.04064262910591
"LINC01726",-2.04110758018032
"LINC01705",-2.0419308733838
"RARG",-2.04305790497733
"REC114",-2.04476059935412
"TMEM64",-2.04995409248691
"LINC03060",-2.05210492996438
"AQP5",-2.05397633073877
"DLG5",-2.05530390283815
"TCEA1P2",-2.05742442770267
"PPIAP31",-2.06001239499757
"BNIP3P11",-2.0602545401679
"SLC35G6",-2.0618222721367
"ZBTB20-AS5",-2.06202338292782
"LRRC4",-2.06249204899905
"AP1S2",-2.06469733942299
"DMXL2",-2.06781141217498
"MAPRE3",-2.0696818870166
"NAMPTP1",-2.07130309358114
"RFC1",-2.07447858810074
"LINC02053",-2.07755473716415
"TREM1",-2.07758691142095
"PRECSIT",-2.07996660930792
"MIR4725",-2.08460471510222
"ALDH1A1",-2.08509021743777
"TMIGD2",-2.08615585204182
"RNA5SP493",-2.0881413800865
"MPHOSPH6",-2.09202300457016
"KNOP1P2",-2.09371915439169
"SNORD89",-2.09379431437897
"HERC3",-2.09542003180956
"ZBTB21",-2.10239068889731
"MEIG1",-2.10351740232431
"LIG3",-2.1035808474601
"PLA2G2D",-2.10365665361392
"DYNC2H1",-2.10419975318896
"SNORA70G",-2.10945695021955
"RNU6-606P",-2.1097407637789
"FZD8",-2.11162744484805
"CASD1",-2.11394615558656
"IFIT6P",-2.11448462053328
"CLEC1B",-2.11564731221852
"GOLPH3L",-2.11680429215672
"HTR1E",-2.11735500165898
"THAP5P2",-2.11789676156575
"MAPK6-DT",-2.11858767044451
"RIT1",-2.11981603757187
"CACYBPP2",-2.12000512981343
"FCGR2B",-2.12022780609375
"QRICH1",-2.12176828751616
"WDHD1",-2.1255589048747
"MACC1",-2.12743370537624
"GTPBP10",-2.12953677249466
"ZNF230",-2.12991941344571
"TWSG1",-2.13130151411227
"SLC7A11-AS1",-2.13225158510126
"TAF7L",-2.13552191573604
"LIMK2",-2.13578027482438
"KCNC4-DT",-2.13750742177535
"LINC00954",-2.13903660151195
"B4GAT1",-2.13914183967795
"RGL3",-2.14112943193286
"TOX4",-2.14191542663638
"CCDC191",-2.14725828583868
"RNFT2",-2.14776606704166
"TMEM183BP",-2.14885269916976
"RPL23AP93",-2.15639729634166
"MIRLET7A1HG",-2.15904136926892
"LINC01990",-2.15946217179061
"IGSF3",-2.16076936723389
"FEZ1",-2.16123134133874
"FTH1P7",-2.16424906689364
"RIPOR2",-2.16446790968236
"FGD3",-2.16748460260689
"CYCSP38",-2.16961638440649
"MIR5188",-2.1698934062029
"ATP5PDP4",-2.17194233302071
"KCNJ13",-2.17372036587753
"RPL38",-2.17385948821719
"IFNAR2",-2.17600220733852
"SH3BP1",-2.1799237021927
"SORBS2",-2.18076055957117
"LINC00664",-2.18255425834588
"QTRT2",-2.1829379957066
"TMEM231",-2.1866439245996
"ZBTB20-AS2",-2.18842554436545
"LINC01133",-2.18882203877378
"STARD13",-2.1895351237246
"JOSD1",-2.19054953179858
"LINC02763",-2.19173536686133
"P2RX1",-2.20025137872571
"HOXB6",-2.20133028272342
"BEGAIN",-2.20308883043688
"HMGN1P8",-2.20551190112365
"KRTAP12-1",-2.20802673108015
"MAP2",-2.20854091719962
"RPL26",-2.21032076650228
"GRB2",-2.21099426284257
"NINL",-2.21145072573784
"RPAP3",-2.21230014662507
"SDR42E2",-2.21586715021733
"RAB6C",-2.2163784765955
"PPP1R15B",-2.22063759788115
"PER3",-2.22072483151889
"IFITM3P3",-2.22194064241308
"PIGM",-2.22496445782236
"RRAGD",-2.22645792788652
"PDE7B",-2.22695112386069
"COA7",-2.22711743563768
"CPS1",-2.22802211511796
"GABARAPL1-AS1",-2.22899317704511
"LAMC1-AS1",-2.22999061855044
"SPATA31G1",-2.23521321758058
"ISG15",-2.23858005959387
"MYL12BP2",-2.24149955724396
"HCG9",-2.24194980895418
"VAPB",-2.24342910731465
"NDUFB1",-2.24841809508136
"MMAB",-2.25077322146934
"MIR27B",-2.25231461981732
"LINC01724",-2.25331516520622
"ZEBTR",-2.2556939513772
"GRIA1",-2.25614547704026
"RPS6",-2.25728511948608
"OR2T2",-2.25751233164574
"NRIP3",-2.25927443353701
"LINC01376",-2.25938607769322
"RNF222",-2.25965804140997
"RNASEH2B-AS1",-2.26084223833408
"RN7SL653P",-2.2625715612992
"RPS4X",-2.26440396503868
"ZSWIM4",-2.27583018425667
"RSL24D1P6",-2.27881811989687
"LINC01252",-2.28004927522923
"RNF180",-2.28734230869957
"PPP1R37",-2.28977100875427
"SPAG5-AS1",-2.29208471161922
"CTCF-DT",-2.29294908057125
"C16orf95",-2.29364185913507
"BTBD18",-2.29386459496875
"CRYBA1",-2.29463637839406
"RNU6-60P",-2.29708117009843
"STK33",-2.29935363965784
"AK5",-2.29950726179204
"ZNF16",-2.29954201943059
"LINC02073",-2.29955951920052
"ROMO1",-2.30055700861899
"COPS8-DT",-2.30250341510388
"HAO1",-2.30348796239402
"ATXN1",-2.30351166649266
"CLEC6A",-2.30470821408698
"DUBR",-2.31463332233138
"ADGRF1",-2.31723596604064
"ASRGL1",-2.32543744830524
"CYB561",-2.32804418608846
"SNRPGP14",-2.32828180779951
"THUMPD1",-2.33076689098665
"VWF",-2.33472270164082
"ZBTB33",-2.34711916238347
"ANKRD50",-2.34739290736545
"SNX24",-2.35044405532036
"RASL11A",-2.35084313170897
"CSNK2A3",-2.35095789624451
"MBTD1",-2.35230111594755
"NUDT4B",-2.35477179759808
"BCL2L2",-2.35879095851476
"LINC02888",-2.36284623839876
"ZBTB41",-2.36455237542909
"LARGE-AS1",-2.36563934013738
"ABCA1",-2.36804120315636
"LINC01553",-2.3702247372505
"SFTPD",-2.37081202839148
"RPS2P44",-2.37420676052425
"AURKB",-2.37530133924945
"ZNF680",-2.3753358948151
"RAB11FIP1P1",-2.37798733217492
"SLIT3-AS2",-2.3783497871496
"C5orf22",-2.3838030380955
"GPNMB",-2.38385967372059
"LNCARGI",-2.38686885312073
"LINC02448",-2.3901512882708
"CACNA2D3",-2.39083204385993
"MIR222HG",-2.39359987516651
"H2AC16",-2.39625826040813
"SNHG30",-2.396796911329
"RN7SL364P",-2.40568275714321
"SYP",-2.40744737510632
"C2orf49",-2.41066424081949
"RPL13AP15",-2.41590699969445
"RMB8AP1",-2.41769449308082
"RN7SL764P",-2.42241626722266
"RPL37A-DT",-2.42458212718302
"RPL12P4",-2.42623944142604
"CR1",-2.42665485703851
"ANKRD65-AS1",-2.43224559103843
"STARD9",-2.43367566563436
"C8orf58",-2.43810588393749
"HFM1",-2.43992454968485
"FBXL2",-2.44708378597859
"DHRS9",-2.44874417719813
"ADIPOR2",-2.449576262931
"SESN1",-2.45313816871857
"BTBD3-AS1",-2.45810475649015
"RRN3",-2.46236729524419
"PADI4",-2.46320443028996
"HPD",-2.46658072290458
"FOLR2",-2.47472649543593
"INPP5A",-2.47977481406916
"AP1AR-DT",-2.4799481567898
"PDE9A",-2.4799481567898
"LINC02352",-2.48304966935605
"CYTH1",-2.4857919390456
"ULK2",-2.48786332411794
"LINC02880",-2.48984129590967
"TM4SF19-AS1",-2.49038952387279
"RPL21P14",-2.4910979733392
"MDM2",-2.49297755640893
"CTNND1",-2.49612013942745
"MYCNOS",-2.49878775268482
"ANKRD26P4",-2.49878775268482
"MYSM1",-2.50455786598776
"RAPGEF3",-2.50538332961218
"SFR1",-2.50585260320047
"TMIGD3",-2.50713357263424
"MRPS25",-2.50727330220747
"CDC42P7",-2.50773585202399
"NDUFA11",-2.50972879312604
"IL12RB2",-2.51122853191972
"PAPPA-AS1",-2.51251191150385
"ATMIN",-2.51555955860322
"MINDY3",-2.5183284513636
"CHN2-AS1",-2.51988434188895
"PPIEL",-2.52092621579794
"DMWD",-2.52270135987757
"ETS2",-2.52345355003041
"CCDC157",-2.52399782548755
"NKTR",-2.52498374008564
"LINC02703",-2.52619245904696
"RAB41",-2.52654898466305
"LINC00559",-2.52654898466305
"RN7SL47P",-2.52810972039226
"NAMPT",-2.52968206265668
"RNU4ATAC11P",-2.53535396278788
"RHBDL2",-2.5364609691543
"SHISA2",-2.53775039564333
"BOLA3-DT",-2.54105044577627
"WDR24",-2.54308237516705
"PSRC1",-2.54368545636218
"ZNF664",-2.55122091269502
"LINC01948",-2.5525109951228
"ZNF33B",-2.55325838618311
"DNAL1",-2.55761547010845
"GATD3",-2.55891067576179
"PIERCE1",-2.55991394679548
"TRPS1-AS1",-2.56099644749094
"PDGFRL2P",-2.56135085710973
"LAMC1",-2.56721391004724
"UBE2D3P1",-2.56764267895615
"LINC01303",-2.57154728395042
"UBASH3A",-2.5726571752547
"ZKSCAN2",-2.57502798158201
"SERPINB2",-2.57656347941521
"LINC01977",-2.58107249442118
"RPS2P18",-2.58729628561337
"ZNF528-AS1",-2.59049759280665
"ENPP5",-2.59119096681812
"ZBTB20-AS1",-2.59217340481349
"PRMT8",-2.59582213409368
"ZNF211",-2.6015588363672
"ADAM10",-2.60203992520506
"RNU5F-1",-2.6115425882514
"ST18",-2.61253826800466
"RCN3",-2.6137726463406
"RPL21P98",-2.61491902188581
"MAFG",-2.61518808745293
"RBMS2",-2.61624090984488
"NLGN2",-2.61839553693399
"TRIM64FP",-2.62163856468757
"RPL19P6",-2.62227907968794
"TIMP1",-2.62414014390292
"RN7SL329P",-2.62436945745492
"NARF-AS2",-2.62923650086565
"ACADSB",-2.63317835412255
"ETS2-AS1",-2.63382722676124
"MLIP",-2.63460563363217
"UQCRB",-2.63527914609845
"USP46-DT",-2.64145612504241
"DNLZ",-2.64338683255522
"ACP4",-2.64817474984184
"DOT1L",-2.64998845212814
"SEPSECS",-2.65073126594783
"VMO1",-2.65366244538911
"SERINC5",-2.65451011225986
"MON2-AS1",-2.6570897722161
"FLCN",-2.65801152790386
"TSEN2",-2.65945098915551
"RPL10P7",-2.66097588229863
"RAB13",-2.66385352246326
"LINC02833",-2.66572626356285
"MMP17",-2.66844937150376
"MAN2A2",-2.67057586171679
"ZNF692-DT",-2.67493154127823
"SLC13A1",-2.67553854732125
"STS",-2.67766524390903
"GPRASP3P1",-2.68405798576225
"SAMD13",-2.68570245621121
"NSF",-2.69193214567636
"GPR84-AS1",-2.69281879626366
"STEAP2",-2.69325559516586
"CCDC168",-2.69470480751046
"CERNA3",-2.69838283873833
"RAMP1",-2.70259091781315
"IGLV3-13",-2.70632506346575
"TXNDC12-AS1",-2.70651757417329
"RPL26P37",-2.70877171400595
"TTC9B",-2.71331876054526
"SIMC1P1",-2.71715845465956
"LINC01739",-2.7183968702556
"EBF2",-2.7183968702556
"MIR4425",-2.72190196297742
"AVPR2",-2.72190196297742
"LINC02376",-2.72448957268465
"ADAM20",-2.72664817804204
"ZNF410",-2.73204113385152
"ITGA2B",-2.73342460789452
"PGM2L1",-2.74039899969721
"RN7SL48P",-2.74211442929375
"NALT1",-2.74455329796252
"THADA",-2.74886022411319
"ZNF675",-2.74953366118298
"LINC00702",-2.75105865299094
"YBX1P10",-2.75123705928085
"LCN15",-2.75341083656238
"LYSMD1",-2.75416826661754
"GRAMD1B",-2.75550553690574
"RN7SL555P",-2.7607057426722
"RBPJL",-2.76235659826163
"NSA2",-2.76261997246552
"CYP7A1",-2.76600054635168
"SBF2",-2.77100322983449
"SEPTIN7P6",-2.77151111801639
"KCNMA1-AS1",-2.77545180257903
"CDC42",-2.78085242865839
"CYCSP51",-2.7877854355533
"NUTF2P7",-2.7877854355533
"JARID2-AS1",-2.78889158448202
"AQP11",-2.79390682458989
"CCNYL7",-2.79660843702847
"CDCA3",-2.80131704597596
"TMEM262",-2.80151186064003
"TAS1R1",-2.80452478341559
"PRIM2",-2.80636855659984
"SLC17A5",-2.80642508890246
"MIR642B",-2.80794694613521
"C12orf57",-2.80880758586256
"LINC00698",-2.81291667958196
"PSORS1C1",-2.81651420571839
"CIRBP-AS1",-2.8170693954139
"PHLDA1-AS1",-2.8197637174949
"B3GNT2",-2.82155278444235
"CATSPER2",-2.82558088838901
"NOTCH2NLR",-2.83038273348635
"RNU6-196P",-2.83338061956796
"PPFIBP1",-2.83448349476584
"LIG4",-2.8392990242018
"RNF13",-2.83941873750258
"PLPP5",-2.8413206844781
"ADIG",-2.84327626043828
"DIPK2B",-2.84603247284641
"GRIK5",-2.85154114848098
"MACORIS",-2.85809252945966
"RPS29",-2.85912443690605
"NDUFAB1P1",-2.86021071955555
"RNU6-105P",-2.86372210338436
"ZP3",-2.86437717231445
"GFRA2",-2.86485135357977
"LINC01535",-2.86776532630803
"DDR2",-2.86932131888594
"CCL23",-2.87014567911314
"ZFHX4",-2.87371543385069
"LRP4",-2.87380532375314
"MAP2K1P1",-2.87509836620968
"LINC00923",-2.87648283529854
"LINC01730",-2.88069484856118
"ACAD10",-2.89496773099219
"CDRT4",-2.89874896515806
"POLR2KP1",-2.89937125852641
"RPL30",-2.90130095972743
"MIS18A",-2.90270131050065
"LINC00397",-2.90546786534354
"PHETA1",-2.90891055872344
"CARD6",-2.91133241973989
"ZNF610",-2.91276626649698
"DEPDC1P2",-2.91277618546399
"CXCL5",-2.91378361688742
"GMPR2",-2.91742319319404
"FAM53B-AS1",-2.91856017168655
"LRRC19",-2.91867326369241
"CNGB3",-2.9208914156699
"KLHL14",-2.9208914156699
"FOXH1",-2.92161484538775
"KIAA0825",-2.92655028615306
"KRT19",-2.9298707588368
"PNN",-2.93340036637549
"RPS17P16",-2.93469618510276
"HOXD12",-2.94281609502316
"RPS27AP5",-2.94747415983805
"CMPK1",-2.94830730342309
"NPTXR",-2.95038829667062
"KIF4CP",-2.95236369224408
"CYB561D1",-2.95551205543844
"LINC01239",-2.95660766261972
"PLEKHM1P1",-2.95826725948814
"MT1X",-2.95977945564352
"ATXN1-AS1",-2.9724665433646
"TRAPPC11",-2.9725548985047
"POLR2MP1",-2.97319038062252
"TIAM2",-2.97394771364271
"FTH1P20",-2.9755886095636
"WFIKKN1",-2.97562421831328
"WNT2",-2.97666740566377
"MIR3671",-2.97697016559177
"FTH1P24",-2.98275703348764
"SLC35F5",-3.00209980873141
"CARD14",-3.00348752895703
"RN7SL655P",-3.0074391214269
"ARSG",-3.00744981706353
"MUC17",-3.01367079704652
"RPL4P4",-3.01856257043511
"RPS29P29",-3.02038538032133
"EYA1",-3.02038538032133
"EGILA",-3.02088436649568
"MNDA",-3.02096389268897
"LINC00943",-3.02148875738943
"IGHV3-48",-3.02772250106777
"TRMT61B",-3.02773236555715
"PIGO",-3.0281727266621
"RPP40",-3.02985191798617
"ACVR1",-3.02992553100727
"HPN-AS1",-3.03002664511532
"ZNF549",-3.03160770629425
"C10orf105",-3.03574906951478
"MAGI1",-3.0402035887872
"PHLDA1",-3.04803973129599
"HOXB-AS1",-3.04826976896989
"ZNF233",-3.05768361575852
"NOP10",-3.05849051351975
"MARCO",-3.0602597223293
"MT-TR",-3.06296365198674
"SYN2",-3.06344237898746
"HTD2",-3.06351034218891
"H3C1",-3.06526501998245
"TMEM242",-3.06646406235451
"SZT2-AS1",-3.07455697447198
"PIK3C3",-3.09864212955545
"FBXL17",-3.1001141228514
"RPS12P32",-3.10139563772983
"CIR1",-3.10167178911169
"RPL30-AS1",-3.10258157734607
"ASB7",-3.10560289063449
"LRRC8D-DT",-3.10585338315672
"GTF2IP23",-3.10635395049845
"EID3",-3.10947546253975
"AFG2B",-3.124273628883
"THRA",-3.12524304728791
"LNCTSI",-3.12681429494621
"YEATS2-AS1",-3.12763716197286
"RNU6-633P",-3.13072312392209
"ZNF208",-3.13190521737903
"POFUT2",-3.13397465589853
"NBEA",-3.13946094002211
"AKR1B1",-3.1412976992427
"ELN",-3.14323855958814
"COX7A2P1",-3.14323855958814
"SPIC",-3.14392561227249
"DHODH",-3.15370658008184
"PPIAP71",-3.15643666920925
"FAM217A",-3.15947377516675
"NCLP1",-3.16014057746471
"FTLP3",-3.16507734052422
"LINC02396",-3.17428480496662
"COX7B",-3.18036363595917
"CTSK",-3.19179402026623
"TRAV3",-3.20215091836765
"TCF15",-3.20215091836765
"ZFYVE16",-3.20319207115325
"EIF5A2",-3.20513767984625
"C2orf68",-3.20701997082583
"GATA6",-3.2085521717379
"RPS25",-3.2110505870817
"NAP1L5",-3.22682622881174
"SLC9A5",-3.23659769319342
"MEX3D",-3.23789930612306
"RPL5P30",-3.2381894375129
"TRIP13",-3.24251984980418
"RPL21P11",-3.24847218386983
"LINC01914",-3.25052251112587
"SLC25A43",-3.25193789475554
"PDGFRL",-3.25449186258185
"CCNA2",-3.25767744521924
"HSPB8",-3.26417366536041
"KLF5",-3.26510080571566
"RND3",-3.26684445963514
"CACNA1D",-3.27284115961494
"THBS2-AS1",-3.28321746903599
"SNORA74B",-3.29155230099672
"COX8A",-3.29996062416633
"RN7SKP266",-3.30173531294903
"WDR41",-3.30639202862081
"LINC01794",-3.31952156730985
"HLA-DQA2",-3.33172254718037
"LINC02548",-3.34312095600427
"MTFR2",-3.34394990081029
"IL17RD",-3.34771742173624
"DACH2",-3.35659788319271
"SAT2",-3.35848042682503
"LINC02550",-3.36019117884039
"TNFSF15",-3.36140047372979
"RPL37",-3.36141829413499
"FANK1",-3.36413306657695
"TDP2",-3.36456090964808
"PCDHGA3",-3.36664631812871
"VPS37C",-3.36683809459338
"RPL7P1",-3.37205401008187
"ENPP7P5",-3.37320350625409
"ZCCHC4",-3.37802881202802
"SPRING1P2",-3.37860665655677
"RPL3P9",-3.37886243891697
"SEPTIN8",-3.39262341037376
"SAC3D1",-3.39836624673553
"TTBK1",-3.39911181646902
"PTGFRN",-3.40233055865887
"MIR4645",-3.40361829249681
"UBTD2",-3.40706051473824
"PET117",-3.4121485899808
"PELI1",-3.41353638720574
"RNU6-539P",-3.41438859864611
"COL17A1",-3.41973172455609
"RPL39P3",-3.4203306063342
"RNU6-946P",-3.4245836790581
"YY2",-3.42522726881253
"FLICR",-3.42762659764581
"RNU6-179P",-3.42965843987712
"UQCRB-AS1",-3.43160446316454
"ZC3H13",-3.43572537122725
"IGHV3-7",-3.4367913733707
"HDAC11",-3.43766866190702
"MYPOP",-3.44135737572975
"EMSY-DT",-3.44566552903167
"GLIPR1L1",-3.4469313758056
"LINC02898",-3.44931278059526
"ARHGEF2-AS2",-3.45014875303165
"SLC35D1",-3.45447371689328
"TAFA4",-3.45488561669329
"HEXA-AS1",-3.45914466028342
"PAAF1",-3.46192391618138
"SDC4",-3.46330114720894
"RPS17P7",-3.46519425520917
"RBL2",-3.46588168566535
"TTLL6",-3.46659609011377
"LINC00944",-3.46672635286157
"KIF14",-3.47174760475936
"LCLAT1",-3.47237467846543
"GOLGA8CP",-3.48070784506151
"GDPD2",-3.48225552762344
"SEZ6L",-3.48357070168267
"ELOCP31",-3.48851326875491
"HMGN5",-3.49040448435564
"SNHG3",-3.49500495072021
"DHPS",-3.49955968819886
"KLF4",-3.49990471983122
"PDE6A",-3.50395746421068
"LINC02454",-3.50871336358426
"BCL2A1",-3.50949717608624
"C2CD4A",-3.51454744483179
"PITX1",-3.51602545506574
"SNIP1",-3.52544165562759
"ARHGEF26",-3.53176802080936
"DENND11",-3.53224575351062
"TMEM252-DT",-3.53562370241499
"LTN1",-3.53662046843291
"C4BPA",-3.54096172535833
"CAMSAP1-DT",-3.55044306411466
"RNA5SP233",-3.5510009927384
"UNC79",-3.55473833728644
"MYPN",-3.5573169380495
"KCNH4",-3.55802021640235
"RNU6-720P",-3.55950451411598
"NBR2",-3.56410459964672
"MEMO1P5",-3.56992064176737
"TEX30",-3.57540693737569
"MXRA8",-3.57841047306773
"SCAT2",-3.57994987046494
"ACE",-3.58171421803915
"COQ9",-3.58668093583678
"C9orf85P2",-3.59283635322435
"GOLGA8O",-3.59332985244264
"TRBV7-2",-3.61059637986403
"HMGB1P51",-3.61167082054553
"CDC23",-3.61249395258203
"KRT5",-3.6144353139838
"APOE",-3.61660421462831
"LINC01060",-3.6197430754425
"SH3TC2",-3.62246596203503
"UAP1L1",-3.6264326429626
"PKLR",-3.62764522356721
"ZGLP1",-3.62838985212762
"MIR23AHG",-3.62980807222401
"OR4E2",-3.63338051638634
"MROH7",-3.63854080250111
"RNU2-68P",-3.63902829170151
"SHMT1",-3.64061483965802
"RPL41P2",-3.64437135369011
"FIBIN",-3.64703549954594
"PELATON",-3.64707266269686
"PARVB",-3.65092586609468
"TLCD2",-3.65334484356842
"RPS20",-3.65395358945336
"LINC00880",-3.6552933755931
"RPL39",-3.65686059862366
"LINC00677",-3.6614399864261
"PPM1L-DT",-3.66181171573697
"SNAI2",-3.66416065570658
"CFL1P4",-3.66908567821483
"RPL31P4",-3.67030170562727
"CR1-AS1",-3.69359124268494
"KHDRBS2",-3.69569713289101
"SLC25A39P1",-3.69647228469176
"NHSL2",-3.70544012166701
"RNU6-1100P",-3.7061211947122
"FOXO4",-3.70872100792308
"MAPK13",-3.7091610158807
"GNG13",-3.71225239654885
"NPC2",-3.71304553966199
"NUP133-DT",-3.71890677671619
"PA2G4P4",-3.72405334993109
"MIR642A",-3.72477259174428
"RNU6-1005P",-3.72648348230044
"RPS2P17",-3.72699606563813
"CCDC43",-3.7348119332265
"CDA",-3.73912662129442
"ZNF789",-3.73952805166936
"EPHA3",-3.74703566385987
"TRBJ2-1",-3.74729863647316
"CTSS",-3.75279407912174
"TM4SF1-AS1",-3.75279948879748
"RPS24P8",-3.75625379116657
"TFRC",-3.75930073881056
"CEP85",-3.76075916499786
"CNBD2",-3.76198102360904
"SERPINA2",-3.76392039731439
"TMEM255B",-3.76445570072626
"TMEM135",-3.76644439933503
"RPS27P30",-3.76984773198751
"LINC00861",-3.77178830284352
"STK4-DT",-3.78455127994604
"SERPINB5",-3.78585483976833
"MIR130AHG",-3.78712989539217
"SLC16A13",-3.79237995558471
"ZFP64",-3.79449132735699
"RPL7P52",-3.7982288722217
"MIR7845",-3.80450572740099
"VN1R1",-3.80495894801509
"LINC01465",-3.80715618148342
"RFFL",-3.80760126846647
"SLC39A10",-3.80787875007409
"RMDN3",-3.80850395435359
"ETNPPL",-3.81084820745763
"NME9",-3.81280192927515
"CCDC136",-3.82587379391557
"TTLL7-IT1",-3.82990040871718
"MATCAP2",-3.83753829920362
"RGL4P1",-3.8377988115597
"MYB-AS1",-3.83984533059948
"MIR3936HG",-3.84464759595839
"DCAF6",-3.84483436946715
"MAPK7",-3.84635452710342
"CCN4",-3.85261392719304
"RB1CC1",-3.85364675746
"ARL4AP2",-3.85581574353265
"RPL35P5",-3.86254711268203
"EMP2P1",-3.86419989979146
"CARD17P",-3.8658313559787
"GAPDHP65",-3.87262697589926
"LINC01366",-3.87992920609717
"TMEM191C",-3.88156264767926
"MPP4",-3.88705466556493
"RPL21P20",-3.88844230165073
"EOLA1-DT",-3.8965236743125
"RGL4",-3.89763594855952
"PIP5K1B",-3.90356880329723
"GDF15",-3.90464507038819
"RGS16",-3.90648597028466
"NMRK1",-3.90840274686235
"L3MBTL3",-3.91791096103713
"FAM21FP",-3.92001401637609
"SERPINI2",-3.92064270052933
"KCNA2",-3.92073011476133
"RLN1",-3.92073011476133
"KLHL11",-3.92299604384848
"PIK3IP1",-3.9271012582893
"USP2-AS1",-3.9273859812801
"EIF4A1P9",-3.93281572741668
"LINC01013",-3.93648369554082
"MPHOSPH9",-3.93950066341299
"IGF1R",-3.9483043134396
"RCBTB1",-3.94972293925448
"MUC20-OT1",-3.95978219610657
"LINC02917",-3.96605608563206
"TRAJ39",-3.96738372174923
"TRAJ3",-3.96738372174923
"TRAV41",-3.96921955356388
"LINC00426",-3.98387600447507
"SNORD3A",-3.98909326937414
"RRAGB",-3.98947353015827
"RPL30P4",-3.99004444046174
"LSAMP",-3.99014430998365
"AMOTL1",-3.99442855822589
"GPRC5C",-4.00007322062025
"KIAA2013",-4.00051851562089
"CRIPTOP6",-4.01886249336746
"SNORA28",-4.02528559404528
"CLCA4-AS1",-4.02914480412258
"HTR2A",-4.02914480412258
"GPC6",-4.02914480412258
"UBE2E2-DT",-4.03178800356538
"LINC02574",-4.03578884004213
"KCNH3",-4.03783574259606
"PDE4DIPP2",-4.04084583953133
"MAP7D3",-4.04599568697765
"H4C11",-4.0526387542717
"PAPLN-AS1",-4.05968862047081
"NRG2",-4.06251853843598
"PLCB1",-4.07232231640138
"LINC02315",-4.07441571638734
"SLC14A1",-4.07814162311559
"LINC02970",-4.0815077614005
"ENTPD5",-4.08457404361618
"FTL",-4.08916888293846
"SOX7",-4.09041852833692
"PLK4",-4.09517825951945
"NECTIN4",-4.10175421781294
"THEMIS",-4.10671448456408
"SPAG4",-4.10828060865352
"SNORD71",-4.1131158167193
"RNU6-670P",-4.12039238319804
"TMCO3",-4.1221538766287
"LINC01503",-4.13493634960983
"RNU6-1157P",-4.13860091156153
"EAF1-AS1",-4.14151551001002
"FMO4",-4.14382567932494
"LINC03100",-4.14438792270626
"CAGE1",-4.15904507548488
"CPLANE1-AS1",-4.15966840121627
"CHRNA7",-4.16790140357266
"RNA5SP297",-4.1713349323532
"PCBP2P1",-4.1827659420514
"KIF21B",-4.1830004540144
"RAP1BL",-4.18968719948873
"IL6R-AS1",-4.19231439703688
"NTNG2",-4.19400172841853
"EEF1A1P29",-4.19698154864376
"TRBV23-1",-4.1990160823592
"PLCE1",-4.19954299283494
"OR52A1",-4.20390937288669
"TMEM244",-4.20443892193297
"DYNLT5",-4.2064563316813
"ZDBF2",-4.20763209286793
"FBXL13",-4.20956878871729
"PUS1-AS1",-4.21419021276897
"TRAV25",-4.21755655743837
"CCDC163",-4.22838560966928
"RPL12P21",-4.23072687226603
"RAB25",-4.23134324466936
"CD109",-4.23613573610759
"RSRC1",-4.24532237786194
"CEP55",-4.24909289373699
"RPL41",-4.25142598407502
"SPRED3",-4.26134347005666
"LINC02861",-4.26785897530203
"IGHJ5",-4.26970354681435
"KLF6",-4.27057287799311
"H2BC8",-4.27939023976809
"BCL10-AS1",-4.28102068851074
"ZNF565",-4.28362445581263
"CLEC2B",-4.28374095814851
"YBEY",-4.28778229719962
"MPC2",-4.28850543939004
"PPIAP19",-4.29708099863012
"RUBCNL",-4.29863135519048
"RPL21P31",-4.30162595705012
"HTR5A",-4.30284690851289
"ZNF107",-4.30359983398535
"CATSPERB",-4.30722408656282
"GLYAT",-4.31766689770475
"NOS3",-4.32374370292658
"LIN7A",-4.32465910171442
"FBXO46",-4.32577883565347
"CFAP52",-4.32754420945378
"LINC00092",-4.32939160758333
"H3-3A-DT",-4.33127049223919
"LINC02421",-4.33628266443559
"SEMA6C",-4.33769670598644
"RABIF",-4.34652100514141
"GORASP1",-4.35140560698464
"TTC8",-4.35980134092777
"NAMPT-AS1",-4.36260767365477
"ECPAS",-4.36678678277992
"TMEM256P1",-4.36768027878508
"LINC02323",-4.37309007782585
"ZNF337-AS1",-4.37529896818607
"TRBV12-4",-4.37623344205443
"GDPD4",-4.37857251178063
"MTFR2P1",-4.38229826094728
"PYGL",-4.38417840471253
"MIR23B",-4.39661744365633
"LINC02605",-4.39761646904053
"NUP50P2",-4.39981942338545
"CLTCL1",-4.40259293180704
"RPS15AP16",-4.41835567607726
"RABGAP1L-DT",-4.42843480547555
"SKP1P2",-4.44011215162794
"ADTRP",-4.4414102335083
"C22orf23",-4.44190642921097
"LINC03108",-4.44587231406787
"CLK2",-4.44781981988478
"GAST",-4.463424491266
"TLR5",-4.46473091048252
"AKR1C5P",-4.46714017745406
"LINC00482",-4.47909029109912
"TRAV6",-4.48020686791271
"S1PR5",-4.48615534145361
"ACOT4",-4.48638427555291
"CD163L1",-4.48702629757154
"PTPN11P2",-4.49652814417613
"PLA2G4C-AS1",-4.5023181703451
"LINC01727",-4.51393481991001
"XIAP-AS1",-4.51453558320507
"ACSM5",-4.53366934673077
"RNU6-430P",-4.53714004646327
"CYP1B1",-4.53764230463531
"TACR1",-4.53947931292596
"ATXN2-AS",-4.54089220360461
"RPL31P22",-4.54835504113473
"UBE3D",-4.55127502021837
"NDUFA9P1",-4.56191940915533
"OGT",-4.56283514928293
"PCNX1",-4.57172198523989
"LINC01010",-4.58247151536011
"RNY3P16",-4.58916685145297
"RPL7P21",-4.59109114365641
"ZNF330",-4.59239285254688
"ZNF45-AS1",-4.60057660423879
"RPL13AP26",-4.6023908107172
"IFNG-AS1",-4.60608295647928
"PTPRK",-4.61072347533725
"PSORS1C3",-4.61212610748877
"TRBV7-4",-4.61986643896053
"RPS27",-4.62111816747875
"GPD1L",-4.62380949523338
"CNEP1R1",-4.6249139423713
"WDR97",-4.62652507398844
"CRTAM",-4.63065040230972
"PROZ",-4.63394876688617
"CEMP1",-4.63577827318977
"MIR548C",-4.64125472698716
"OTUB2",-4.64669657226692
"PATL1",-4.65503158823667
"COQ10A",-4.65682979605448
"FNTAP2",-4.66092801399649
"TEX14",-4.66555852480715
"FTH1",-4.66592183265054
"RASSF8-AS1",-4.67476581424022
"RN7SL510P",-4.67924906016018
"RPL7P9",-4.68743560801861
"RARRES1",-4.69104926786541
"HSD17B13",-4.69125139163031
"HINT3",-4.69143416028961
"DNAH7",-4.69314670496531
"SEC23IP",-4.69942262112771
"EID2",-4.70020586605688
"GREB1L",-4.70367023295342
"TCEAL7",-4.72045856223854
"CAVIN1",-4.72460535168396
"ZNF429",-4.73688716289645
"PRR12",-4.73825526289051
"RNASEH2B",-4.73838865837962
"SCN3B",-4.74629570533872
"PPP1CB",-4.74937145731059
"TRPM6",-4.74973057188653
"VANGL1",-4.75737196796144
"DIAPH2-AS1",-4.75931661655013
"PECAM1",-4.76058954713201
"PPP4R2P4",-4.772382822465
"HSF2BP",-4.7751525963106
"ADGRL1",-4.77593601831068
"INSL6",-4.77661812550801
"LINC00589",-4.77781169186039
"PTGER2",-4.77811928030656
"LINC03036",-4.78401449271013
"DAPL1",-4.78793407928045
"MIR3142HG",-4.79203610782625
"LINC02941",-4.79593975982066
"LINC00494",-4.80486339633903
"SGCD",-4.80673969307067
"CCDC80",-4.81110086290131
"CYP3A5",-4.81268346064045
"TRBV25-1",-4.8157784070752
"PRR13P2",-4.82282311094276
"TCTN2",-4.82389038392904
"MTCO2P19",-4.82633035946216
"MIR6761",-4.82931096393277
"MDK",-4.83612109064764
"KRBOX4",-4.84581246046184
"NUS1",-4.85313460256852
"RNU6-315P",-4.86443387437159
"PTGDR",-4.87568103413726
"PPIAP13",-4.87625028627166
"ZNF140",-4.88002854342867
"HGF",-4.88332738886303
"NHLRC1",-4.88502887968543
"MTND5P2",-4.88881320664914
"FTH1P11",-4.89071913184323
"KLRC1",-4.89787046087681
"SNORA69",-4.9019183837018
"GMPR",-4.90883350708398
"SLC22A4",-4.90991182013554
"ZNF823",-4.91135865629434
"HSPBAP1",-4.91511110257596
"RPL36AP44",-4.91725305097343
"MYCT1",-4.9245225266919
"CTBP2P8",-4.92821244343678
"POLR3F",-4.93098816772673
"RBM12B-AS1",-4.93187590545953
"CDC42EP3-AS1",-4.93307858035753
"IQGAP3",-4.93399705087916
"RPS26P42",-4.93531665172223
"MLH3",-4.93622582593945
"CELSR2",-4.93803247859373
"MUC20",-4.94573574889151
"ZKSCAN7-AS1",-4.94933037640781
"UBXN7-AS1",-4.9496816474745
"B3GALT2",-4.96269081006613
"ATP5IF1",-4.96584680241088
"ZNF473CR",-4.96818541850667
"MYRIP",-4.96913357401293
"EEF1DP7",-4.98367898521668
"LINC01963",-4.9859849240345
"CXCL8",-4.98788303746524
"AKT3-IT1",-4.98793679529735
"MFAP4",-4.98955048136567
"PPIAP47",-4.99426633047758
"IGHV3-15",-4.99879529598432
"OLR1",-5.00816177754591
"FBXO44",-5.012769705608
"CRIM1-DT",-5.02409673603632
"LINC02952",-5.02409673603632
"MAP3K5-AS1",-5.0263877037018
"TTC34",-5.03241528342463
"HSBP1L1",-5.03266646744215
"CRISPLD2",-5.03817382079093
"RAB37",-5.03861752136436
"SPATA12",-5.04737685624846
"FAM106A",-5.05032550996909
"PPARG",-5.05806203810614
"DGKG",-5.06181451490843
"USP12-AS1",-5.08363750148789
"RNU6-937P",-5.08373721214071
"CNTLN",-5.09092089245659
"C16orf54",-5.09241074448376
"PARP2",-5.09772316539921
"ZNF845",-5.1018206844536
"GPR141BP",-5.10654734015278
"ZNF174",-5.10858841799955
"KRT18P22",-5.11097743932438
"ZNF624",-5.1123468465618
"APBB2",-5.11938911397148
"C5orf34-AS1",-5.12601504954068
"SH2D5",-5.13288068162107
"PPIAP21",-5.13288068162107
"TNFAIP8L2",-5.13661696880249
"CDC42BPA",-5.13853915187869
"GFM2",-5.13856928285048
"ITIH4-AS1",-5.14016019604933
"SLC25A14",-5.14016523027869
"RNU6-1294P",-5.14399876447516
"ZNF451-AS1",-5.14500967779533
"MATK",-5.1458795704571
"CDC42P3",-5.14740521591157
"HMGN2P17",-5.14850923259579
"PABPC1P8",-5.1495394208789
"LOXL1-AS1",-5.1496954631815
"PM20D2",-5.15466320503072
"LIAT1",-5.15526141556283
"DOCK3",-5.1619851676674
"SNORD19",-5.18797157643267
"NEK11",-5.1887481400797
"BOD1L1",-5.19158609420679
"RAD21-AS1",-5.19960133538506
"ANKRD10",-5.20412975258347
"CABLES1",-5.21439642494762
"HHAT",-5.22048195551425
"AZIN2",-5.22060703411467
"RNU6-759P",-5.22376415399327
"ASAP1-IT2",-5.22702017886152
"PFN1P1",-5.23294323018823
"LINC01284",-5.24428508046963
"RNU4-2",-5.24576476631725
"PLEKHG3",-5.25041665175283
"MOSPD2",-5.25824439117863
"DPY19L1",-5.26817551152782
"AIFM3",-5.27502181427836
"ZNF704",-5.27770398701625
"TSC22D1",-5.28866285422408
"AXDND1",-5.29061910009478
"MYG1",-5.29369021317277
"LRRC75B",-5.30873312346347
"LRRC8B",-5.30922429389194
"RN7SKP173",-5.31254424320459
"RPL21",-5.31797958036625
"RPL23AP50",-5.32529164397999
"CCN1",-5.33330455463656
"DHX58",-5.33909455113159
"RBM5-AS1",-5.34647071083008
"DCAF4",-5.35592209384066
"RGPD3",-5.36018563942656
"C5AR2",-5.36425464135402
"PRDM6-AS1",-5.36698396384694
"COL10A1",-5.37001241917859
"STPG4",-5.37024478411862
"SWSAP1",-5.37316011134925
"WHRN",-5.38464795480747
"PEX7",-5.39202823659031
"TCF4-AS2",-5.39474206347693
"RPS26P18",-5.40035381279545
"TIMD4",-5.40439456944317
"USP45",-5.41198329274946
"SAR1A",-5.42221688502595
"FPASL",-5.42693686024558
"ATG9B",-5.44083139464508
"PHYHD1",-5.44553491743187
"LINC01485",-5.46652556007856
"RPL32P37",-5.46788915512672
"ZNF17",-5.4697047651052
"RPL9P7",-5.48256783812965
"ZNF324B",-5.49302434079548
"RPL21P16",-5.49941532907116
"RNU7-115P",-5.49951061866807
"ERCC6L",-5.5192909922433
"LINC03015",-5.52319478807061
"MIR378A",-5.5246520492031
"RPL36AL",-5.5264656360248
"SOD2",-5.53651671257911
"UAP1-DT",-5.53752277266938
"RPL7P8",-5.54045955159711
"FAM157D",-5.5552531618668
"BMS1P4",-5.57309940739801
"TOGARAM2",-5.59032504742545
"RPL7P34",-5.59795981746596
"C4orf19",-5.60422130061488
"LRRC40",-5.61308674581759
"ZNF600",-5.61436357153393
"ZNF26",-5.61747658665579
"RNU11-6P",-5.62232828836951
"EPHB6",-5.62782454275018
"CFD",-5.62877723958987
"TCEANC",-5.62991053803506
"UBAP1L",-5.63298255226653
"H2AC15",-5.64541823259926
"PEX11A",-5.64882790790015
"ZNF587B",-5.65340781523618
"KIAA1586",-5.6562897558416
"IFNG",-5.66039791565005
"MYOSLID",-5.66578205496385
"TDRKH-AS1",-5.67384749565996
"THG1L",-5.69019213034449
"GORAB",-5.69613170636415
"LINC01220",-5.69807724058391
"SEM1",-5.6998552085105
"ZNF614",-5.71099892436231
"H4C16",-5.72983094399818
"MAST3-AS1",-5.73790545418748
"RPL21P76",-5.74293381649898
"FAM216B",-5.74673242646716
"GCNT4",-5.77408488558449
"MRPL35P3",-5.77816520890062
"RNU6-48P",-5.79193267901137
"MUC6",-5.79698613003949
"LDLRAD4-AS1",-5.80003222115206
"THRB-AS1",-5.80130537491486
"RNU6-547P",-5.80539847830108
"CYP1B1-AS1",-5.80682636666161
"TMC3-AS1",-5.82145668910885
"LINC02446",-5.83434848766269
"HCN3",-5.83445915896526
"TNNI1",-5.83717942334565
"TCP10L",-5.84222400145979
"NFIB",-5.84265636775219
"PDZRN3",-5.85729602364683
"LGALS9DP",-5.85740381151933
"RPS6P25",-5.85759936287898
"RPP38-DT",-5.86873171414022
"TAS2R15P",-5.88025792469075
"ZG16B",-5.8916247337635
"IDI2",-5.89195302584543
"MAST3",-5.91058880585024
"PDLIM3",-5.93947085444739
"STXBP5",-5.95640190628858
"NEIL3",-5.9564886710711
"IFIT1",-5.96802865182914
"ZNF507",-5.97039805454859
"RPS11",-5.97141305710313
"IFITM3",-5.97193118520217
"FNDC11",-5.98598588278643
"HNRNPH1",-5.99318164518959
"RNU6-1011P",-5.99520628206728
"RNF141",-5.99579151860423
"BEX5",-6.00275774301849
"YBX1P6",-6.00420988278253
"INKA2",-6.00639815944061
"CEP78",-6.00906308105775
"SOWAHC",-6.01166398255937
"F3",-6.0127695093159
"EXD3",-6.01838890471528
"MRPS36P4",-6.0520194635756
"NCOA4P3",-6.05282163363698
"C5orf34",-6.05533075009266
"TNK2-AS1",-6.06464591251633
"LRIG2",-6.07249183030408
"PSMG3-AS1",-6.09431048759801
"ITGAX",-6.09454392047388
"SMPDL3A",-6.1141593136739
"PRPF4",-6.13084108580326
"STMN1P1",-6.13592482332811
"CCT4P2",-6.14264668944417
"USP27X",-6.14662768691028
"PTPRU",-6.14814316867693
"HMGB1P17",-6.1529972651557
"GATD1-DT",-6.15555192515936
"ZBED5",-6.1564619384859
"LINC02108",-6.16977291682542
"VNN1",-6.18105179786952
"UBE2D1",-6.18216047195041
"UPRT",-6.19059203174615
"RNU6-407P",-6.19747688492116
"DNAAF8",-6.1977796879136
"TXNDC16",-6.20087418997298
"LINC03078",-6.20096146527284
"MRPL53P1",-6.20644446730854
"ZNF532",-6.24914487051167
"HEATR9",-6.25036545461648
"CD8B",-6.25809500029586
"PPCDC",-6.27598051448628
"TMEM216",-6.27992562385922
"FTH1P8",-6.29674187692577
"SLC45A3",-6.29692777450544
"DUOX2",-6.30076433418067
"MAGEE1",-6.31555163464519
"MORN4",-6.32600567749373
"INPP5E",-6.33579061479484
"TRPC1",-6.3425942809782
"CPNE7",-6.35653514053748
"PRKCQ-AS1",-6.35699452158381
"ABR-AS1",-6.36311795504482
"BCAS1",-6.37440895334148
"LIMCH1",-6.37726899983427
"LRRC37A16P",-6.38037950510034
"PHYHIP",-6.39491706467225
"GLIPR1L2",-6.4036392956291
"PTGES",-6.40455970237612
"ATPSCKMT",-6.42158738992931
"TRIM59-IFT80",-6.4308742067543
"CRYBA2",-6.45171134084651
"IGHV3-33",-6.45181867545267
"TROAP-AS1",-6.46169950439235
"RPS25P3",-6.46393186399708
"CT75",-6.47519046520298
"RN7SL612P",-6.48224765572842
"CENPV",-6.48308867866441
"CYP27A1",-6.48523339462544
"ALG10B",-6.49071866401194
"ACTRT3",-6.50235614551067
"LINC01505",-6.50785439925717
"FKBP9",-6.52290391253066
"PABPC1P1",-6.53219846074078
"RUNX1-AS1",-6.53343247975421
"ITPKB-IT1",-6.54047173350797
"MADD-AS1",-6.55909059649449
"MYCN",-6.57385260085988
"HIF1A",-6.57877057862532
"PIGCP1",-6.59733146418632
"SAP30-DT",-6.6041126459914
"ANGPTL2",-6.61715155545311
"GPR150",-6.62236342785516
"CIPC",-6.62808776901859
"C1GALT1C1",-6.63529040819043
"RN7SKP127",-6.63776960862893
"KRT86",-6.64445490583001
"ARHGEF26-AS1",-6.64617437229645
"MAP3K20-AS1",-6.65087590972249
"SMARCA1",-6.66430221336049
"MIR6075",-6.68771068442691
"ANKRD10-IT1",-6.6907647057217
"RN7SL801P",-6.69141424315074
"LINC03122",-6.69951727277542
"MIR1302-9HG",-6.7205852750241
"TMEM220-AS1",-6.7209094967587
"MYG1-AS1",-6.72183889359251
"MIA2-AS1",-6.73410364791374
"DAGLA",-6.74356927623214
"PAPSS2",-6.75603874881248
"SNORD59A",-6.7729190598727
"UBE2V2P2",-6.78100191626077
"NFE2L1-DT",-6.78838907926226
"MS4A4A",-6.80791120657574
"RN7SL441P",-6.80949270473396
"LINC03028",-6.80982797421968
"ADIRF-AS1",-6.81495207212698
"FAM174B",-6.82308414215323
"MTX3",-6.83989405115204
"H3P33",-6.86111750498871
"DDX43",-6.87151598753557
"MIR4500HG",-6.87565250269091
"SPDYE12",-6.88059838878798
"MIR554",-6.89404213571131
"CKMT1B",-6.90246088637164
"EDA",-6.90399459960975
"MTCYBP23",-6.90990557655133
"EML6",-6.91908374034286
"DNAJB13",-6.92116303332691
"TRIM36",-6.93052662833903
"CCNP",-6.94195818428911
"PNMA8B",-6.95111455261056
"MRPL46",-6.95694481345358
"UBA6-DT",-6.96101718602888
"SAT1-DT",-6.96404393393496
"HDAC2-AS2",-6.98868529856536
"URB1-AS1",-6.99046907861027
"SLC16A7",-6.99421751891773
"PACERR",-6.99933422716201
"DND1P1",-7.0027413952061
"L3HYPDH",-7.06332241922774
"TMC3",-7.08052637164376
"EHD4-AS1",-7.09103978903177
"LINC02975",-7.09432424829608
"RPL21P3",-7.12129040877198
"ITPKB-AS1",-7.12683875646625
"ZDHHC11B",-7.1278632993787
"RASAL2-AS1",-7.13014115119354
"MMP21",-7.13084682729199
"LILRA5",-7.14667297599147
"SNORD66",-7.15253684311073
"HDAC10",-7.16386842998416
"TIMM23B-AGAP6",-7.16557087048049
"ARAP1-AS2",-7.17524873110473
"PODN",-7.17770086665841
"MYORG",-7.17919105082295
"RIDA",-7.19301378630976
"IGHG3",-7.200588262321
"CNST",-7.20352112133311
"CDK5R1",-7.21512882456647
"INSYN1",-7.22314386950493
"STAB2",-7.23377596649993
"DCP1B",-7.25772877337944
"RPL4P6",-7.26256848516355
"HSFX4",-7.26775205950422
"EAF1",-7.27004777854375
"NCAPG",-7.27093234668694
"SIGLEC12",-7.2754872305387
"HTR7",-7.28544918811815
"RN7SL258P",-7.29593378954873
"RNU6ATAC27P",-7.30073396516861
"LINC02895",-7.32535708573246
"DYRK3-AS1",-7.33962160543744
"RPSAP70",-7.34724303730657
"STAMBP",-7.34986847672535
"LMNB1-DT",-7.3561830878829
"STMN3",-7.36841217413705
"ACTG1P9",-7.37521962832566
"MYL6P5",-7.37554093760752
"LINC01550",-7.39036585667452
"MYT1",-7.4042735497554
"IL11RA",-7.41709521676513
"BBS2",-7.4186122008717
"PRKX-AS1",-7.41955129157401
"SNORA10B",-7.43344789649887
"LRP4-AS1",-7.46277586147963
"ALMS1-IT1",-7.46804768616766
"OBSCN",-7.49148259176031
"RGS17P1",-7.5078353761514
"ACTBP4",-7.51657616840054
"HS2ST1",-7.51746818824615
"KLHL7-DT",-7.53865656118125
"RNU6-529P",-7.5412093703772
"HORMAD2-AS1",-7.54571484229773
"SLC2A4",-7.5521901486737
"RPL23AP18",-7.59172873879602
"RYR3",-7.60363975946718
"HMSD",-7.61083696998363
"LSR",-7.6136062862379
"PIGHP1",-7.62189605791226
"PRICKLE2",-7.62865908181058
"CSTBP1",-7.62895645004501
"VMAC",-7.63817186926088
"LIN54",-7.66205726730082
"PRRT2",-7.66303519925816
"LINC02739",-7.6823470997163
"FMO1",-7.68251038146821
"HNRNPA1P50",-7.68410083197572
"STAR",-7.6925884246596
"PPP1R3E",-7.71018416648748
"DCDC2B",-7.71313554992862
"RNVU1-31",-7.72410100370626
"USF1",-7.72586562270167
"SARDH",-7.73129423335146
"KDM8",-7.73501114375533
"MAP1LC3B2",-7.74045110040123
"HS3ST2",-7.75067194654538
"ZDHHC4P1",-7.75357550051268
"CYP2D6",-7.76106761334122
"ZNF416",-7.76878521918248
"TM4SF1",-7.77154733046958
"MTMR3",-7.77596744286169
"MSTO1",-7.77945161841989
"TRBV4-1",-7.78316345988962
"CDKAL1",-7.79750763854444
"SPOCK1",-7.80323531200864
"LRRN3",-7.80628151240459
"SNORA11B",-7.81116620213153
"ALMS1",-7.81260679757798
"TENM1",-7.81885700899104
"NAP1L3",-7.82906335806848
"MAMDC4",-7.84134776885421
"ARRDC3",-7.84512971642762
"MRPL20-DT",-7.87013799615317
"CLDN23",-7.87288370736521
"CCDC27",-7.89526487007169
"ZNF37A",-7.90183950028165
"AKTIPP2",-7.90724186289886
"RN7SL798P",-7.9187440389864
"RPL26L1-AS1",-7.9201779780017
"FTH1P25",-7.92958545090283
"HNRNPA3P6",-7.9320984461279
"TRPA1",-7.98083051997106
"KDM6A",-7.98333524860942
"TAMM41",-7.98866278718494
"HSPE1P27",-7.99463110317897
"KLRK1-AS1",-8.01146670522322
"RN7SL388P",-8.02664764320283
"RN7SKP198",-8.03769539750964
"SNRPGP5",-8.04245512839562
"RPS27AP20",-8.04541586985232
"HSPE1P18",-8.04714148976754
"INPP5J",-8.05097266173338
"RPS3P2",-8.05684024941235
"MFAP2",-8.08416125081982
"RTEL1",-8.08579077565044
"TRBV11-2",-8.10241524250351
"IGBP1-AS1",-8.10241524250351
"RPS6P8",-8.10951919262684
"C9",-8.11293638951009
"MADCAM1",-8.11294403523352
"RN7SL300P",-8.13002207295567
"LINC00293",-8.15667143660421
"AKR1C2",-8.17670292833862
"NIPAL4",-8.17870975316384
"RNU6-1107P",-8.19931243839065
"STAC",-8.20527968351722
"LINC01954",-8.22216466984945
"RAB44",-8.22768991055612
"ARHGEF28",-8.23378928821285
"TTC7B-AS1",-8.24024533426595
"PCDHGC3",-8.25187586596774
"RPL34P6",-8.25927682605876
"INHBB",-8.26073758784724
"PCOLCE2",-8.27961647542634
"ADIRF",-8.30849164631177
"FITM2",-8.31604970861062
"SNORA72",-8.31787722230335
"ENOPH1P1",-8.31953777847142
"H2BC21",-8.32716191856771
"KRT17P6",-8.3303547162854
"ACKR2",-8.33371160600342
"HTR1DP1",-8.34576680864903
"TPPP",-8.35139748815597
"STRIP2",-8.35482992588901
"NEU4",-8.37391984297882
"MIR4529",-8.38188708890004
"ZNF763",-8.38281676459238
"SOX12",-8.4040995748938
"ADGRA2",-8.42112065697195
"PELI2",-8.43163192921016
"SNX16",-8.44460434774032
"TRAV12-3",-8.46274078404393
"ZNF460-AS1",-8.49748849797061
"CMYA5",-8.50785525663539
"ATP1A3",-8.51500636535359
"ERCC6",-8.5169370211098
"TRUB1",-8.52485685784261
"RN7SL334P",-8.52993634031776
"BFSP2",-8.53268423641671
"RN7SL738P",-8.5659113520552
"RASA4",-8.59194013581676
"SLC49A4",-8.61049654397101
"BIVM",-8.61085925032686
"IGFBP3",-8.62853600338788
"RNU6-94P",-8.63231814677408
"TMEM186",-8.63425618625782
"LSMEM1",-8.6346146003266
"RNU6-433P",-8.66145654782719
"ADAM22",-8.67629467245011
"DEPTOR-AS1",-8.67754200110669
"COL14A1",-8.69339614349326
"CCN5",-8.69750867458069
"MYREM",-8.70418642709519
"TRIQK",-8.70475506620498
"RNF212",-8.72826698364351
"PRKAG2-AS2",-8.73648941644338
"RPL31P18",-8.74031819116691
"SP2",-8.77281048563502
"MIR1972-1",-8.78736702469232
"CA3",-8.78770180460326
"APOBEC3H",-8.78905569654504
"PAQR7",-8.80149908352063
"FKBP1AP1",-8.80862796774065
"ABHD12B",-8.81946842576382
"INMT",-8.82784593945712
"MAN2A1-DT",-8.82823137292872
"EVPL",-8.8336302151568
"LINC01023",-8.84384319875874
"SLC25A53",-8.8673880353612
"GAPDHP61",-8.87341531670132
"FAM219B",-8.87935865407735
"CSPG4",-8.89718260559532
"BTF3P16",-8.9017800952619
"CHMP5P1",-8.90458384943216
"JRKL",-8.90485781089497
"SLC4A8",-8.91244947346983
"H3P5",-8.91503283241415
"FAIM2",-8.92662553283867
"TMA7B",-8.92667387911487
"RPL22P21",-8.93962549686151
"MRPS33P2",-8.94085431051414
"RPL22P18",-8.95766246863986
"ZFP28-DT",-8.97055756389054
"OPN1SW",-8.97246297358156
"RNU6-1017P",-8.9961389772194
"LINC02664",-9.00511813585309
"SNORA16B",-9.01898707970514
"SLFNL1",-9.02040968523422
"GDAP1",-9.02798437645802
"EFHC1",-9.02874308832563
"SUMO2P20",-9.03348510970321
"LBX2",-9.0376606932293
"RNA5SP216",-9.04396437181352
"LOLI1",-9.0570312136413
"DNAJA2-DT",-9.05805812718308
"RGPD6",-9.0683048178409
"LINC01359",-9.07207172673907
"NSA2P1",-9.0836281827357
"GNRH1",-9.09768410956643
"SPDYE10",-9.09806360977212
"FSTL3",-9.11628509312747
"NIP7P3",-9.12580456473229
"LINC02680",-9.13657819253427
"RNU6-446P",-9.13679529051784
"ACER2",-9.15703121467305
"RNU6-930P",-9.17885837894456
"RNU1-134P",-9.17958380049595
"CCDC146",-9.18277902462463
"RNU6-89P",-9.18441955003538
"B3GALNT1P1",-9.20374799010108
"CNPY4",-9.21659249651223
"TRAV8-4",-9.22631876839421
"FOXO3B",-9.23998820481393
"TAS2R31",-9.24685057562417
"PCBD2",-9.27713546878568
"OVGP1",-9.28782952944761
"LINC02195",-9.29622007405078
"FGF7",-9.3111393787068
"AMT",-9.32498771165033
"FKBP14-AS1",-9.32847875023711
"SRP14P3",-9.40322446106212
"LINC03090",-9.41253511663474
"TRBV10-3",-9.42034963677519
"CCDC24",-9.42190589165618
"NR2F2",-9.4382714221872
"PTGES2-AS1",-9.44883863337114
"ARHGAP29",-9.47389920010644
"MPZL2",-9.50011945791267
"ZNF527",-9.51230659811596
"RNU4-60P",-9.51367034481992
"PTPRN2",-9.51382235155542
"B9D2",-9.53239836048129
"CBX7",-9.53423849076584
"TWIST2",-9.55236542232926
"IFT70A",-9.577910486751
"POC1B",-9.5831021447134
"C17orf58",-9.58471004601141
"RPL9P30",-9.58571851215575
"LINC03004",-9.58911703083102
"WDR91",-9.59720250511114
"ZNF135",-9.60265043537265
"FILIP1",-9.60438895545062
"ACVR1C",-9.61182414280427
"ZNF700",-9.61859207545766
"RNU6-1053P",-9.61974117852591
"CNTROB",-9.64391343316504
"ITGB1P1",-9.64553255620143
"SDC1",-9.65062347585892
"HYDIN",-9.65096339836483
"TCP11L2",-9.65173052415032
"ZNF101P2",-9.69035751374205
"BEST1",-9.71847680858519
"VSTM4",-9.72186028716182
"TNK1",-9.75363161010224
"LYPD2",-9.76433663167965
"RNU6-387P",-9.77157266619689
"SELENOP",-9.78836464574044
"RRS1",-9.80552824584961
"PLA2G10",-9.8076713210758
"BMP2",-9.82289783929643
"GPR173",-9.82483829597077
"EGLN2",-9.83100318219766
"LCMT1-AS1",-9.83267726439654
"SYTL4",-9.83422510895962
"NPM2",-9.84078239444191
"TGFBR3",-9.85534570574807
"SUMO1P1",-9.86186310346055
"ZNF550",-9.88190030857069
"ZNF260",-9.90118635518093
"RDM1P3",-9.91133411375701
"SOD1P3",-9.92069118946875
"MMP1",-9.9286829272357
"MIR4470",-9.96377540663904
"APOC1",-9.96728432211671
"CASS4",-9.97658760105494
"ZSCAN32",-10.0022184838419
"RN7SKP26",-10.0037581440198
"AKR7A3",-10.0042738647225
"GJA1",-10.0095354789515
"MIR181A2",-10.0137199373934
"SLC9A9-AS1",-10.0333838365144
"MIR4308",-10.0708401421244
"RAB5CP1",-10.0728280168317
"CROT",-10.0808693321329
"CELSR1",-10.1020920156277
"ZNF485",-10.1077017719288
"TOB2P1",-10.1267627375513
"TDRD9",-10.1273375760696
"BICRA-AS2",-10.1305028352442
"RNF145",-10.1331900780962
"DUTP1",-10.1464928803118
"PHLDA1-DT",-10.1511498573189
"MIR326",-10.1861810411892
"DANT2",-10.189842632309
"ITGB1-DT",-10.2007484079195
"TRBV27",-10.210067770025
"S100A12",-10.2131511557701
"KRT17P3",-10.2620222622
"RNU6-1251P",-10.2664135720211
"MIR3128",-10.2735259624864
"WNT1",-10.2852247568065
"C5orf58",-10.2861000454434
"ZNF354C",-10.2905083211916
"CCDC152",-10.2911829379086
"LRRC24",-10.2951084473701
"RNU6-960P",-10.3133606130748
"C18orf54",-10.3304389854171
"SAMD12",-10.3449881536778
"YJEFN3",-10.3511095981192
"LRRN1",-10.3747168088989
"SLC39A12",-10.3770498302905
"COL1A1",-10.3794991117889
"SCRG1",-10.3944859147112
"MIR3679",-10.395841047746
"TMPRSS11D",-10.3979508161099
"KCNIP3",-10.3985245815061
"TBX5",-10.4220382522175
"ARHGEF19",-10.4288176627996
"EPHX3",-10.4632830707414
"LINC03042",-10.4752491618996
"ITIH5",-10.4938499186991
"BTF3P6",-10.5131183184551
"SERPINE1",-10.520475450926
"PIGO-AS1",-10.5332025208371
"MDGA1",-10.5942922298223
"KNDC1",-10.606431752147
"TNFAIP8L3",-10.6098531913308
"YBX1P8",-10.621147571097
"LINC01635",-10.6274793692348
"LRRC51",-10.6595977114013
"ZNF605",-10.6718587977668
"C1QTNF7",-10.6803922318326
"CCDC73",-10.691002884436
"RNU6-379P",-10.6964100845894
"MPV17L",-10.7318793382928
"RPL23AP15",-10.7445796266417
"RN7SL608P",-10.7557808416504
"BBC3",-10.7648401949995
"SOCAR",-10.7754108651021
"CPLANE2",-10.813681101149
"SNORA3B",-10.8151379794575
"LOX",-10.8543553501421
"HSPE1P26",-10.9010521295102
"KLRC2",-10.9014430236733
"TRBV2",-10.9351903719962
"KDM2B-DT",-10.9874097289235
"RNY1P6",-10.9997141744297
"RPS3AP28",-11.0006932923036
"SLC19A2",-11.0036448139218
"F2R",-11.0091319196397
"GVQW3",-11.0562370847408
"ANKHD1-DT",-11.0721479320991
"OSCP1",-11.126461257622
"MIR9-1HG",-11.1461325020096
"OLMALINC",-11.1505254012136
"ABCC9",-11.1620378440424
"MIATNB",-11.1955749376908
"RPL13AP9",-11.2032207132794
"RANBP17",-11.2596478914331
"NXN",-11.2663463336993
"GXYLT2",-11.2936007837928
"ABI3BP",-11.307965375608
"TMT1B",-11.3090324587507
"ZNF14",-11.3211634813111
"MIR223HG",-11.3315269172444
"AAR2",-11.3408492330173
"MAD2L1-DT",-11.3446462181443
"PPIAP16",-11.3584981744721
"CTDP1-DT",-11.3652089092946
"PHYHIPL",-11.375765292504
"LINC02993",-11.3827046499877
"MIR200CHG",-11.4123057646973
"TMX2P1",-11.4256867941699
"MIR589",-11.4768355166913
"SMCR5",-11.4990212589826
"CCNB2",-11.5043710846158
"H2AZP3",-11.5079900313863
"RNU1-73P",-11.519465699968
"RNF183",-11.528531300304
"CAMK4",-11.5692748316286
"CD9",-11.5706661799967
"CDK13-DT",-11.5846386101939
"CSRP2",-11.5941654682996
"SCARNA3",-11.6094900118182
"RNU6-757P",-11.6233599095954
"TOMM20P4",-11.6441345568886
"LINC00676",-11.6465735585348
"ST13P15",-11.6681612791518
"LHFPL2",-11.6811008836037
"EFCC1",-11.6904735476183
"RNA5SP82",-11.7034205722143
"FAM229B",-11.7120164487098
"DOCK4-AS1",-11.7310749027048
"SUMO4",-11.7337927401511
"LRG1",-11.7424794827076
"FAM135B",-11.7524959785375
"SPATA6L",-11.7662810882568
"LINC01451",-11.8083240583938
"RN7SL558P",-11.8086640434431
"TRBV14",-11.8494464829386
"BTN2A3P",-11.8756255815982
"RDH5",-11.9217615794306
"VTN",-11.9532305027648
"HILPDA",-11.9604971741606
"ACAD11",-11.9672222298784
"KCNAB3",-11.9850422224956
"SPDEF",-12.0387689115018
"RNU2-5P",-12.0503957814987
"RNU7-169P",-12.0627891615806
"THAP12P1",-12.0752415800801
"SIK1",-12.0772482424782
"CAMTA1-DT",-12.0786928017514
"DHRS13",-12.1234857433088
"H2BC7",-12.1657083218541
"CHCHD6",-12.2382058017979
"DYNLT2",-12.2533491119224
"LRRC63",-12.2794807948154
"IMMP1LP3",-12.2823677319163
"RN7SL1",-12.2865176513959
"TSKS",-12.2929320765546
"TRAIP",-12.2993015757661
"MIR4496",-12.3298361785106
"RPL31P52",-12.3408357502002
"IQCC",-12.3468536288467
"CASC15",-12.3482322927563
"FOXN3-AS2",-12.3568396184937
"CSGALNACT2-DT",-12.3599233279344
"CFAP44",-12.377453957449
"KRT6A",-12.3857814679807
"CRYAB",-12.3886439991616
"MIR31HG",-12.4109443879761
"BCAS2P2",-12.4249669812769
"RPL13AP12",-12.4274795512046
"RPLP0P3",-12.4288148392976
"DLSTP1",-12.4315385117433
"TALAM1",-12.4690361719505
"DSG2-AS1",-12.46941275909
"OTUD7B",-12.4857700141456
"LZTS3",-12.513230550989
"LINC02018",-12.5174583937375
"LINC02603",-12.5228698590088
"PHB1P5",-12.5277620880122
"FAM215A",-12.5298010950534
"ZNF202",-12.5359984736369
"ACBD7",-12.5591529058857
"PPP1R2C",-12.5626619020944
"ZNF295-AS1",-12.6007291267142
"SULT2B1",-12.6692850423136
"IGLV2-14",-12.6800095393465
"CCT6B",-12.6812664498606
"RN7SL840P",-12.6870936571139
"CKAP4",-12.7420752313506
"CCDC187",-12.7616342518215
"GPRC5A",-12.7930367907053
"MALAT1",-12.8041612219558
"RPL23",-12.8227959509657
"AIRN",-12.8271413224797
"ZNF234",-12.8392273767654
"CRMP1",-12.844820828178
"SEC31B",-12.8469568912573
"TONSL",-12.8699524510881
"CTDNEP1P2",-12.899015371377
"CEBPE",-12.9324548919555
"MTUS1-DT",-12.9644349004374
"RPS2P53",-12.9687807375327
"OXR1-AS1",-12.973827887534
"ABHD16B",-12.9759586593636
"RPS29P21",-13.0147532182978
"TMEM45A",-13.0862953459615
"HOXA9",-13.1037122622324
"PLCB3",-13.1208949486226
"LZTFL1",-13.1943469445826
"HMGN2P20",-13.1971420025928
"AFAP1-AS1",-13.2173167365915
"KRT10-AS1",-13.2270946092534
"CD8A",-13.2393928977487
"CARD9",-13.2618558344341
"SAT1",-13.2866228015861
"RPL7",-13.3020522300664
"PDXDC2P-NPIPB14P",-13.3125736606971
"SCARA5",-13.362014698983
"EFCAB12",-13.3845976431916
"MTND2P7",-13.3898714558848
"DLK2",-13.3998190709731
"ZNF569",-13.4011214229228
"PCCA-DT",-13.4278904933325
"MTND3P12",-13.4317145253443
"SYNCRIPP1",-13.4383609399926
"HNRNPA1P21",-13.451933210628
"GPR162",-13.4572092516131
"LINC01412",-13.465405650346
"LINC02935",-13.4932052353313
"LRRC17",-13.5281395384546
"ITIH2",-13.5327780864759
"RPL7L1P12",-13.5348566984807
"SIDT1-AS1",-13.5454017461321
"PKD2L1",-13.5617309058868
"MIR548Z",-13.5636488345483
"LINC00862",-13.5968622549897
"PGAM2",-13.6064485753083
"DNAAF11",-13.637559265089
"LATS2-AS1",-13.6383949740909
"ANTXR1",-13.6897740327949
"IFITM2",-13.7113899345325
"TMEM191B",-13.79350975686
"FCSK",-13.8184280768702
"RBL1",-13.8201036308336
"NRBP2",-13.8326037263727
"TSSK4",-13.8412733037418
"RXRG",-13.8493129434261
"GNMT",-13.8570005374795
"PHLDB2",-13.8741338158857
"TSPYL5",-13.9011719425465
"CCL21",-13.9079175941844
"PBK",-13.9152648664013
"CEP89",-13.9174967671603
"CASQ2",-13.9525653532036
"GRM7-AS1",-13.971439706787
"IGHV3-11",-13.9754050255494
"RN7SL362P",-13.9983412434268
"DPRXP4",-14.0133402062785
"VPREB3",-14.0381596812066
"C7orf57",-14.0754924599144
"IGKV1-39",-14.10127615742
"ACKR4",-14.1085702954796
"TRMT9B",-14.1441544277901
"RPL32P26",-14.158616888092
"NSUN7",-14.2175734611207
"KDM5C-IT1",-14.2324063866386
"PLD6",-14.2702865637617
"APLF",-14.2817956811252
"TGM4",-14.3206199103972
"RN7SL273P",-14.335276159386
"RNU6-667P",-14.3610737015727
"FCHO2",-14.4268039036532
"RPL35AP5",-14.4323765623076
"RPL12P11",-14.538202822405
"IGDCC4",-14.5408027951987
"HERC2P10",-14.5554387728387
"THBS2",-14.565926902425
"AGR2",-14.5955216395394
"TSGA10",-14.6126694528313
"RPS13P4",-14.6226307180394
"RPS3AP27",-14.6240443831644
"TMEM17",-14.6338584905961
"SOCS2",-14.6540702443476
"ARHGAP31-AS1",-14.6713453630906
"CPE",-14.6792696814383
"NOXO1",-14.6895211486279
"AGER",-14.7048712526376
"RN7SL76P",-14.7116856411773
"SLCO4A1-AS2",-14.7181436511079
"CA12",-14.7204037705454
"ANGPTL4",-14.7800673389524
"TUB",-14.7837101691216
"NEK5",-14.8135269586543
"HEYL",-14.8310958701649
"LINC02925",-14.8390510388133
"PCNPP5",-14.8496804429313
"ASH1L-IT1",-14.8618196801691
"CCDC34",-14.8793416064604
"SEMA3A",-15.0406584251163
"HPSE2",-15.0635632784832
"NRP2-AS1",-15.0973626318753
"LINC03058",-15.1009217615848
"IFT74-AS1",-15.2104259982092
"NT5C3AP2",-15.2122078689604
"DDX55P1",-15.2163279585668
"AUNIP",-15.2239045161482
"RAG1",-15.236550986599
"ITPRID2-DT",-15.2388746208893
"SNORD69",-15.2571020966455
"RNU6-761P",-15.313066536257
"MXRA5",-15.3135523955609
"EID2B",-15.3726241908356
"TAF1B",-15.4353326951898
"RDUR",-15.4379508306993
"NT5M",-15.4388248907193
"DIAPH1-AS1",-15.4742424088374
"NUF2",-15.482851558737
"LINC00390",-15.4996892417917
"HOMER3-AS1",-15.5356128522936
"LINC01150",-15.5520414523406
"ZNF724",-15.5675825786743
"ALS2CL",-15.5767393224695
"MYEOV",-15.585551535313
"PANX2",-15.5856680647309
"TCF23",-15.5928444741975
"MYOM1",-15.5978028968463
"DLEC1P1",-15.6255664806189
"EFEMP2",-15.6367578815433
"LIMS2",-15.6531983594943
"RPL34P20",-15.6764722345758
"RNU1-16P",-15.6996302318713
"IQCH",-15.7137428798178
"LYSMD3",-15.7159427828342
"RBM44",-15.74715336072
"WTAP",-15.8386359397122
"NUTM2G",-15.8515933035076
"CATIP",-15.8581863410968
"RPSAP21",-15.8722050843494
"PGBD4",-15.8947262465117
"YAE1",-15.953916651178
"PLCH2",-15.9696166261292
"KBTBD6",-15.980916411907
"PITX2",-16.0271737223885
"PRKCZ-AS1",-16.0366105969682
"PGLYRP2",-16.0629255458772
"RAD17P2",-16.0712642345382
"KLRD1",-16.0736092587471
"SCAMP1-AS1",-16.0840946514322
"GARIN4",-16.0920688503728
"CAPN14",-16.0950271885653
"LINC01909",-16.0987467506819
"RAB15",-16.1056489605726
"SMIM2-AS1",-16.2273115143248
"EIF4EP1",-16.2885673645718
"INE2",-16.2990307553732
"LINC01967",-16.3086408463
"LINC01262",-16.3437575927167
"RNY1P16",-16.352004352143
"GLB1L3",-16.3667747062025
"SFN",-16.3843676417505
"MAP3K10",-16.384706593814
"RNU6-418P",-16.4076212121003
"PPIAP82",-16.4135699612268
"ERP27",-16.4409580341168
"TRIM58",-16.4840474595014
"ARMH4",-16.4845765889137
"COL6A2",-16.5091448038924
"CACNA1C",-16.5399950181668
"IKBKB-DT",-16.5458026897582
"RNU6-32P",-16.5468191777902
"RN7SL230P",-16.5585081281949
"LPAR3",-16.5758711982785
"LINC00671",-16.583884715851
"PBX1",-16.5917205486215
"NPTX2",-16.6104423560597
"MYO1H",-16.6241836798884
"FBXO36",-16.6733909205234
"YRDCP1",-16.6830041104401
"MROCKI",-16.6858395399111
"DUSP8P5",-16.6941770078629
"LINC01050",-16.6985832357609
"OOEP",-16.7301266095544
"ALKBH2",-16.8810861868889
"FUT8-AS1",-16.9012300608589
"NEFM",-16.9409213646106
"MOAP1",-16.9528611080891
"ST3GAL3-AS1",-16.9746094769803
"AGA-DT",-17.0096068575188
"RPL12P44",-17.0779107443723
"RNA5SP122",-17.0865659726039
"MCEMP1",-17.1281523887526
"CCDC154",-17.1530688719053
"CCDC184",-17.2967033468689
"TRBV3-1",-17.4148237868079
"ZNF774",-17.4480752299741
"LINC02185",-17.4922360750236
"ZFP90",-17.4950532425735
"CREB3L4",-17.5161196613892
"TRAM2-AS1",-17.5860141469181
"TRBV6-5",-17.5993072616945
"LINC02427",-17.6138981533284
"USF1P1",-17.6322608872612
"CYP4F22",-17.6642333592631
"MIR766",-17.7255690114128
"TROAP",-17.7478317303819
"LEKR1",-17.7599417985009
"C1orf53",-17.7816400081626
"PAN2",-17.7836468868678
"CEACAM3",-17.7842037177502
"DCHS1",-17.8018873035039
"NTRK3",-17.8668142533603
"PDGFD",-17.9243838935462
"FCHO2-DT",-17.9604303122086
"CSGALNACT2",-17.9642179755104
"TNFRSF10A-DT",-17.971571555874
"MTCO3P23",-18.0101396176354
"PATL1-DT",-18.02761424335
"LIPK",-18.1506434893275
"CNTF",-18.192998535783
"ADGRV1",-18.2143669416399
"PHF10P2",-18.2175175508112
"ABCA13",-18.2469222435045
"CAMP",-18.2474959098623
"E2F3-IT1",-18.2680646172154
"RPL35AP2",-18.2866964754427
"TRAV26-1",-18.2881464357881
"SLC9A6",-18.3066046843744
"RPS3AP34",-18.3695963486012
"HCFC1-AS1",-18.3739370695877
"PTTG2",-18.4253178011393
"GEMIN2",-18.4334060842009
"INO80D-AS1",-18.4813955668657
"ZNF30",-18.4907662488986
"LRRC8C-DT",-18.6288578476048
"FBLN1",-18.6766280419003
"UBE2V1",-18.6803664031378
"NCAPGP1",-18.6969495921785
"IHO1",-18.7227692585729
"RNU6-638P",-18.7465447709809
"CKM",-18.7637913492636
"GCNT1P3",-18.789156523556
"P2RY12",-18.8241878312103
"RHOA-IT1",-18.8489447623562
"GATA2",-18.8696733899945
"E2F2",-18.9003532956559
"MAP3K9-DT",-18.9727056994555
"DPEP3",-19.0145650534015
"LINC02870",-19.0279380065846
"PPIP5K1",-19.0442545963015
"LINC00299",-19.0542169566776
"RBMS2P1",-19.0553864993526
"ZNF554",-19.0989112367823
"DAND5",-19.1321832188861
"GZMH",-19.1337203488413
"PPIAP30",-19.1613553198853
"C2CD4B",-19.2014953504089
"RNU6-422P",-19.223375769518
"CHRDL2",-19.2483661884915
"LUM",-19.3003165265965
"CFAP161",-19.3205322272846
"SNORA7B",-19.332742846356
"RAD51AP1",-19.3446765745356
"TOMM22-DT",-19.4037356044712
"ZNF683",-19.4317760536209
"FAM156A",-19.4491984849074
"STAG3",-19.4989075824735
"RNU6-226P",-19.5274247482184
"EYS",-19.5319748901075
"VWA1",-19.5508301100468
"LINC01530",-19.5542860385909
"PPP1R26",-19.5591127001523
"ZKSCAN7",-19.5665368796126
"PPIAP9",-19.5729521320309
"MED28P3",-19.6282896739706
"EHHADH",-19.6339739060611
"IGLV3-10",-19.7199478754689
"PBLD",-19.8010924001074
"MIR1972-2",-19.8176805307452
"KCNJ15",-19.8408290760069
"SLIT3",-19.8489179545006
"LINC02249",-19.8567751798554
"FFAR2",-19.8581285421712
"IGHV3-43",-19.8693717511674
"BICC1",-19.919890453876
"RAMACL",-19.9371381360593
"ST3GAL1-DT",-19.9941776465477
"TEX41",-19.9971534782983
"IGLV2-8",-20.0177698796062
"RRN3P4",-20.0305217716547
"HELLPAR",-20.1061641668759
"LINC01829",-20.1225815309206
"CTRC",-20.1969558978715
"ZNF799",-20.2106074414815
"CADPS2",-20.2560118539152
"NXF3",-20.2777683124707
"GDF10",-20.2995166391349
"ZFP14",-20.3296833216387
"TMEM255A",-20.3568362091878
"LINC02768",-20.4259191501179
"ZNF268",-20.481773877703
"PRADC1P1",-20.5228482739903
"CXCL14",-20.5317579739959
"ABCG2",-20.5457149955979
"RPL32P11",-20.5562850105015
"PROK2",-20.6348444914496
"LINC01852",-20.6527215482141
"PIF1",-20.7052092544055
"KRT18P5",-20.7435659850654
"HSD17B2",-20.7788037222049
"LINC01506",-20.8334280914865
"MTCH1P1",-20.9921952149845
"NOL12",-21.1641321631717
"DGKI",-21.1728483209954
"RNU6-957P",-21.2324365242637
"CASKIN2",-21.2650960650776
"SNX15",-21.2783747539491
"ZNF77",-21.3213617064403
"NCAPH",-21.3263574907372
"TDO2",-21.431757921425
"G2E3-AS1",-21.4603235116174
"HPGD",-21.4811315808333
"ITGA1",-21.5170666041701
"RPL21P106",-21.6362627452159
"NTNG1",-21.6636006753277
"ZNF486",-21.6680635716728
"GLYR1P1",-21.6763521178959
"JRK",-21.6803028223054
"TPBGL",-21.6967187305288
"MEGF11",-21.7374249640894
"PCSK6",-21.8297040701484
"TNFRSF10C",-21.8379519570289
"RPL21P1",-21.8919316304057
"MIR103B2",-21.9275666918154
"KRT8P1",-21.9451409312262
"TNFSF18",-21.9551575610589
"PSMA2",-21.9645369699758
"RPL35P6",-22.0344406334579
"PLA2G2A",-22.0539878271946
"THBS3",-22.0994737466939
"TRPV1",-22.112981851045
"C1QTNF6",-22.1259090651842
"NDFIP2",-22.1844130896206
"F2RL1",-22.3152220853086
"RETN",-22.378198978179
"SNX25P1",-22.4129196240057
"TMTC1",-22.4660288611052
"HDAC4-AS1",-22.5474426288386
"LY6S",-22.6226225311241
"ELOVL3",-22.6976508300866
"LINC01871",-22.8540427324849
"CHRNG",-22.9159183500153
"LINC02932",-22.9502521703494
"TPRG1",-23.0670348361886
"RPSAP47",-23.0708282508459
"ADM-DT",-23.0924081925665
"AKAP7",-23.1261772733819
"LINC01891",-23.1890582953786
"WNT3",-23.2209874501091
"FABP5P9",-23.2360553139941
"SLC35F2",-23.318917618027
"WDCP",-23.4010635444718
"USP44",-23.5294844197574
"LINC02344",-23.6354227934217
"TRAV38-2DV8",-23.6560410259987
"CIAO2AP2",-23.685446402461
"ELAVL4",-23.737834903739
"CFAP418-AS1",-24.0179171828384
"MEGF6",-24.0336957641616
"THY1-AS1",-24.0736931525764
"IL17C",-24.1293051835571
"MT1G",-24.1790396155518
"PKD1L1",-24.208035989248
"ARMCX4",-24.2175387080121
"COX6CP2",-24.254114205447
"HLCS",-24.2887982174099
"MAL",-24.3453407882416
"PPARGC1A",-24.4115530381845
"KCNS3",-24.5382987359623
"GPR142",-24.5941473280959
"FSD2",-24.7617544976041
"LY6S-AS1",-24.7648655998169
"SPMIP1",-24.7885838801875
"ZNF419",-24.8069922843044
"SUSD2",-24.852665036644
"AUH",-24.8650979941242
"ZNF514",-24.8798164653717
"MLC1",-24.9148439377003
"DNAH10OS",-24.9591285159324
"LINC03033",-24.9817812848986
"CALM2P2",-25.1044328478063
"TMEM51-AS2",-25.1084525881341
"RPS3P7",-25.132733155407
"RNU4-90P",-25.1654372869039
"NFX1",-25.1815849958759
"LAMA4",-25.2281003055007
"TANGO6",-25.2285231090448
"WEE2",-25.2569491345772
"CATIP-AS1",-25.2718513382357
"VAMP1-AS1",-25.4718711087215
"RPS12P27",-25.4901146491785
"EDDM13",-25.6065083980903
"HRH1",-25.7567030448783
"LINC01560",-25.884244512741
"GID4",-25.8935120792788
"OTOA",-25.9711138119421
"EMP1",-26.0219354725398
"CNN2P1",-26.0586898610922
"SULF1",-26.0924581464951
"MIR548H1",-26.1085014179188
"HSP90AB4P",-26.1623757964947
"SRPX2",-26.2799631199797
"SPATA7",-26.3171834462079
"CLYBL-AS2",-26.3590047683526
"PLEKHH2",-26.4098291043843
"ANGPTL7",-26.5188258684461
"TFPI",-26.5312138710654
"FOXP1-IT1",-26.5840092689246
"CDC42-IT1",-26.6100203135131
"GRIN2D",-26.6502995146697
"FBLN5",-26.719091707286
"RN7SL57P",-26.7545084956677
"PINLYP",-26.8682320561997
"BRF2",-26.8862821902545
"STARD13-AS",-26.8961536691053
"ZMIZ1-AS1",-26.9289192452695
"PLPP6",-27.1044758721099
"PTGIS",-27.1103063295864
"CD248",-27.1461765950942
"RNU2-27P",-27.1478708575116
"PCDH12",-27.2055594523385
"MANEA",-27.2602315012586
"SLC28A3",-27.2890934137864
"PTP4A3",-27.3075188806651
"CDR1",-27.3402963580512
"MTUS1",-27.4118631480267
"LRRC32",-27.4558188987859
"SMIM10",-27.459331557913
"MIR103A2",-27.5109720784099
"FXYD7",-27.5712609652899
"MIR193BHG",-27.6065530913772
"RPL7P7",-27.6103250517169
"MTARC1",-27.9052937028762
"GUCY1B1",-27.9214334341411
"IL33",-27.9372082866419
"ZBTB8A",-28.0640153997741
"DRC12",-28.107442646437
"NHP2P1",-28.1480509997578
"DPYD-IT1",-28.1842599857593
"UICLM",-28.2360702387577
"SPRY1",-28.4291757048248
"SNHG21",-28.5546519855737
"ARHGEF10",-28.6638589611267
"POU5F2",-28.7249542881174
"ZNF558",-28.7459528004559
"SLIT2",-28.7524134974985
"AP3B2",-28.7809140331752
"CHCT1",-28.8085051930329
"SNRPA1-DT",-28.8509472307341
"CA4",-28.9470131062557
"ID4",-29.0533194792463
"TMEM204",-29.0728728977979
"NTM",-29.2585585903906
"ZNF684",-29.3143985678848
"CMBL",-29.3980312068226
"NDUFAF2P2",-29.6010850914219
"PI16",-29.73989428043
"RHPN1",-29.7473092810498
"IGF1",-29.7999042433194
"RPL21P15",-29.9432895270534
"LNCTAM34A",-29.9762972340051
"ZNF180",-30.094210101056
"KCNH7",-30.1903288115379
"AK3P3",-30.2647453168819
"FRZB",-30.3027398025529
"ZNF41",-30.3592611140718
"ZNF225",-30.4222037775139
"MRPL27",-30.4348411234749
"MCTP2",-30.4581860731923
"RNA5SP218",-30.5363794169306
"KCTD9P4",-30.7311125745315
"PET100P1",-30.8387706666616
"TAS2R14",-30.9603495450638
"C7",-30.9968714149483
"ADCY10",-31.0170422382967
"RNF228",-31.1472771010729
"CPXM1",-31.2156895828351
"MTMR7",-31.354954591112
"CLUL1",-31.3979343541648
"BCAP29",-31.481772188952
"LINC02235",-31.491800247371
"FARS2-AS1",-31.5394384734623
"RPL5P35",-32.0253743499305
"SYNM",-32.0579973904115
"TPH1",-32.0861362758411
"TSKU",-32.1577925518315
"PLIN5",-32.2192913914918
"FAM133DP",-32.2581773879298
"NSRP1P1",-32.2773039918098
"CDC7",-32.3436679008618
"RGS5",-32.4272159845362
"SLC25A27",-33.1615003657288
"ITGB4",-33.3048960994037
"PROB1",-33.3399574150531
"CBY1",-33.4090337702845
"LINC01526",-33.4900669549547
"LINC00189",-33.7198637140106
"RPS12P31",-33.8741792790159
"COL6A3",-33.9211593416673
"FUT1",-34.009699384887
"SUGT1-DT",-34.0347788576523
"RPL9P32",-34.0830399772508
"RN7SL531P",-34.2103787356576
"LINC01960",-34.3138395774218
"PI15",-34.4124589971373
"KIF5C",-34.4335326417466
"BASP1-AS1",-34.5828083126159
"FBXW4P1",-34.6470593256965
"COX6B1P3",-34.8293970568536
"LARP6",-34.8583329245857
"RNU6-619P",-34.8747352207365
"LINC03068",-34.898705675178
"NLRP12",-35.0021108086048
"PCOLCE-AS1",-35.0369456287859
"L3MBTL1",-35.2027616183713
"DUS4L-BCAP29",-35.2521753337175
"ANKRD13B",-35.49437679103
"PLXDC1",-35.9674885166818
"IRAG1-AS1",-36.0307621576001
"NFIX",-36.177879274725
"ZNF346-IT1",-36.3811812005646
"RN7SL749P",-36.6254782704886
"ZNF275",-36.7669113322085
"ACSL3-AS1",-36.7913524510915
"F2RL3",-36.8891618061285
"FMO2",-36.9058880269367
"EFNA1",-36.9521137223146
"GPR27",-37.1317108999278
"LINC02863",-37.1365848678215
"NLRP6",-37.1996647345496
"C9orf153",-37.394942486594
"MBOAT4",-37.494002806293
"MAOA",-37.5089616221272
"OCIAD1-AS1",-37.5478741931747
"TMEM276",-37.7299790912342
"GRK5-IT1",-37.9911012499703
"RALGPS1",-39.1398306100056
"BANF1P1",-39.4120697204184
"ARL15",-39.5726121556559
"PSCA",-39.6253661424815
"NFE2",-39.7111166097263
"MRO",-39.93920944393
"FMOD",-39.9441874478336
"ZNF835",-40.3151362088454
"NNMT",-40.4828035141626
"S1PR3",-40.5901114073368
"LINC00628",-40.6913573753323
"MOBP",-40.9755200586306
"RPS17P9",-40.9887408035862
"RPL7P24",-41.21601788189
"THBS3-AS1",-41.4968254702642
"FHDC1",-42.0114568695595
"RPL7L1P16",-42.0649177369476
"PSMA1P1",-42.0716707892743
"SDC2",-42.106135196557
"CYTL1",-42.3242392914804
"LINC02938",-42.3607581237522
"IGHV3-64D",-42.3643237879588
"STEAP1",-42.7280696118115
"CEP126",-42.8310683252758
"ADAM1B",-42.858058795563
"CSF2",-43.3444004559773
"RBP7",-43.7217386649528
"CLEC12B",-43.741960470165
"KRT16",-44.2973737579926
"CCN2",-44.3017819178047
"RAB11FIP5",-44.3290805265172
"LINC01806",-44.3991156695802
"ITLN1",-44.471580549914
"ADD2",-44.5470827167438
"TRBV7-9",-44.9298765061352
"TM4SF19",-44.9851515178897
"NSA2P6",-45.063716079463
"TMEM81",-45.1394597315227
"SH2D1B",-45.3004543061721
"WDR90",-45.4804163095353
"GAPDHP39",-45.6103155282492
"LEP",-46.0674533823103
"TRBV7-3",-46.3608859183144
"IGKV3-15",-47.2157390648169
"IGHV3-20",-48.0664333574378
"FAAH2",-48.2953829391922
"ZBTB26",-48.4424569601359
"ZSCAN29",-48.5692129161168
"MTCO1P4",-48.6709923786249
"RBP4",-49.0330775720079
"TPBG",-49.276349586671
"RPL39P",-49.754664863873
"TIGD6",-50.2445694967018
"RBP1",-50.9133971597408
"ATP6V0D2",-50.9493556954661
"DCN",-51.0182597682807
"PZP",-51.2129516360692
"LYVE1",-52.1939085858123
"FXNP2",-52.7250015906453
"L1TD1",-52.8934623952551
"GAPDHP14",-53.193003666885
"THY1",-53.3542539024859
"RPL7L1P3",-53.42103838056
"COL6A1",-53.5334317080654
"ZNF337",-54.6143371138309
"MESP2",-55.0401314838545
"ANXA9",-55.0489625452336
"LINC02453",-55.2218731532395
"LINC02576",-55.2426100612061
"ZFPM2",-55.2495185325432
"EFEMP1",-55.4564690463318
"DLEU7",-55.8961378523831
"LINC02029",-55.8962872207231
"FAM209A",-56.3709185649613
"IGKV2-30",-56.5026022313588
"ZNF561",-56.7585815505817
"CMTM2",-57.7105828845556
"FABP4",-58.7679088168245
"ZBTB44-DT",-58.8581229103309
"ZNF93",-59.0323521917747
"MFAP5",-59.1728569519528
"MESP1",-59.26067695559
"DEPDC7",-59.2775233658017
"LDHD",-59.4028222283597
"BGN",-59.6248331523735
"SND1-DT",-60.0617875226351
"IRAG1",-61.6211472307227
"LINC02432",-62.6100149696782
"UNC119B",-63.5793259960363
"MMP2",-64.315767649771
"CAPS2",-64.3483318219928
"SGPP2",-65.5414634156795
"PCOLCE",-68.469928142949
"ALG9",-68.7367589811656
"RNU2-6P",-69.0708039033615
"NFE4",-70.9088401061446
"COL1A2",-71.192503356175
"SFRP4",-71.8661102103576
"C1S",-72.6599189648818
"ADGRG3",-72.8187844601899
"HP",-74.7005378811755
"C1R",-75.4170900153609
"C12orf60",-76.4767360853
"MTND6P18",-76.6393278046886
"LPL",-84.698270866544
"CCR3",-91.8161253991987
"SFRP2",-92.1836436944261
"COL3A1",-94.9289939629109
"MME",-96.4228748487815
"CXCR1",-97.9196943835022
"MGP",-97.9861902405611
"CES1",-98.9301743396936
"ALPL",-99.8674608232915
"CYP4F3",-100.250969731537
"CXCR2",-100.753600456031
"KRT17",-105.942255407875
"FCGR3B",-111.54497881826
"KRT14",-125.290887466113
"KRT18P61",-146.490309822811
