"gene","rank_metric"
"JCHAIN",632.369649508756
"IGHG1",538.806743331534
"IGHG2",519.107730616091
"IGHA1",514.519299368837
"FCRL5",511.876090158221
"IGKV3-11",508.983011687204
"IGHJ4",492.488809357494
"IGHG3",484.762227673777
"IGHA2",448.896975856512
"IGHV3-7",439.09738192932
"IGKV1-39",414.894141458781
"IGKV4-1",400.150973821975
"IGKV1-5",399.246344302109
"IGLV1-47",398.068706030114
"IGHV3-23",396.601551024382
"IGKV3-15",393.84860017456
"IGHV4-39",373.301910252253
"IGHJ6",371.272864660546
"IGLV3-1",369.064751945162
"IGHV4-34",368.028984331362
"IGLV3-19",366.899808970389
"IGHV3-74",364.118158859791
"IGHV3-20",363.092297038237
"IGKV1-16",362.810708708707
"IGLV2-11",358.983963368289
"IGKV1-9",354.979199933566
"IGKV1-27",348.321961969747
"IGHGP",346.456016749182
"IGLV6-57",342.803018061414
"IGLC2",340.470764411165
"IGHV1-18",338.081092809756
"IGKV1-8",337.818739593518
"DERL3",334.224343591546
"IGHV3-15",331.827017188735
"IGHJ5",330.934257024875
"IGHV3-48",324.856210180038
"IGHV2-5",324.14005415982
"IGKV1-12",323.077157080303
"IGHV3-43",322.229742874794
"IGHV3-21",322.074791215751
"IGKV2-28",319.70522868694
"IGKV1-6",318.460731456143
"IGHV4-59",314.264595239056
"IGKJ1",313.97821450874
"IGLL5",310.640561356743
"TAGAP",309.380849972612
"TNFRSF17",301.193317226592
"IGHV3-11",297.779320757054
"IGKV1-17",296.813768615344
"IGLV1-44",295.096811663319
"IGHV1-3",294.871235793035
"LINC02362",294.364978194097
"IGKV2-30",294.286636525113
"SRGN",293.491366319633
"IGKC",292.777276850259
"IGHV4-4",291.068063553588
"IGLV10-54",289.761015164326
"IGHV3-49",289.667321097899
"IGLV3-9",289.09988232439
"IGHV1-2",288.486419234515
"IGHV2-26",287.020459315207
"IGHV3-64D",286.9675035228
"PRDM1",285.416883863757
"IGHV1-46",280.497136641047
"IGLV3-25",276.604059974245
"IGHV3-53",274.201497037393
"CYTIP",273.191199844729
"IGLJ2",273.082091515935
"IGHJ3",270.787204294648
"POU2AF1",265.164422360185
"IGHV3-66",262.782203739024
"IGHV3-30",261.722519585135
"RHOH",261.302914222625
"IGLV2-18",260.420879866813
"IGHV1-69D",258.336675368512
"IGLV3-10",255.825835317803
"IGKV3-7",255.630686409498
"IGKV1-33",254.609839833097
"IGHV4-28",252.033223089889
"IGHV4-31",250.212511930888
"IGKJ5",247.755575829548
"IGLV2-14",242.07275998386
"CD79A",239.894004285099
"IGHG4",238.250833205847
"IGLC3",238.11203458041
"IGKJ4",235.442204094891
"IGHV3-13",234.26997786321
"IGLV3-12",232.072825616463
"IGLV3-21",231.674064685955
"IGHV3-33",223.655625015339
"MZB1",219.864835133437
"CPNE5",218.073053343177
"IGLV1-51",202.93339672616
"IGHV3-69-1",201.77822641946
"IGLJ3",199.590864208813
"ZBP1",198.046126180817
"IGKV7-3",196.138270427164
"SLC17A9",196.045569286018
"IGKV1D-39",196.02453932305
"IGHV4-61",193.906847633312
"IGKV3-20",192.399531314688
"IGKV1-13",188.083229697821
"IGHV4-55",183.429233194966
"FCRL2",181.809450061453
"MIR155HG",180.113358687641
"TRPV3",175.852800299831
"IGHV7-4-1",175.03146490674
"LY9",174.71781298986
"PLCG2",174.437692486866
"SLAMF7",174.169114357299
"IGKJ3",173.455288447521
"FAM30A",172.544088706704
"DENND5B",171.709087151787
"IGLV1-40",171.389348137344
"TMEM156",169.538310150157
"IGKV3D-20",169.189846777313
"C16orf54",165.516877909607
"IGHV6-1",163.145795157821
"IGLV2-28",159.644506951947
"XCL2",159.319073043908
"IGLV2-5",158.270830990831
"IGLV1-41",157.052994189038
"IGKV1D-16",156.722405193644
"IGHV1-24",152.400116287066
"HSH2D",150.762430932165
"IGKV3D-11",148.645517491261
"FCGR2B",145.981962468257
"PIK3CG",145.758355169884
"SLFN11",141.423851173955
"P2RY10",141.258113987688
"P2RX1",137.948421993516
"SAMSN1",134.890549759906
"PNOC",134.421550354771
"IGHM",134.13408748774
"IGHV1-58",133.861793319728
"PIM2",132.572281015767
"LINC02384",130.890309877278
"AKAP12",129.991151477905
"ITM2C",129.977340315784
"IGHV3-62",129.45702294421
"MEI1",129.195081821851
"LILRB1",128.363068881072
"MIAT",128.15762987214
"IGKV3D-15",127.578474340619
"ALDH1L2",126.180153582105
"CSF2RB",124.144802070985
"IGHV3-19",123.707151233938
"ITGA8",122.155479231239
"LINC01182",121.58181328449
"DPEP1",121.127416194541
"QPCT",120.361279743337
"IGKV3D-7",119.579048123603
"NUGGC",117.123068851565
"CYTOR",116.893213278105
"IGHV1-14",116.41173047377
"RNASE6",116.312815572352
"IGHV3-16",115.408789961685
"CD180",114.632347805198
"IGKV2-26",113.598295651335
"CIBAR2",112.034874854273
"IGKV1D-8",108.476757232163
"JAK3",108.055044254584
"IGHV1-67",107.123030760889
"SSR4",106.968017869236
"COL9A3",106.830618869571
"IGHV3-41",106.153841889387
"TASL",106.153553711627
"ATP2A3",105.985585497156
"LINC01502",105.835689142313
"RGS1",105.756305561044
"KLHL6",104.73886153253
"LINC00877",104.708682965441
"IGHV3-65",104.686962468481
"IGHV3-38",104.046884176798
"THEMIS2",103.150583620905
"SCAMP5",101.731430517907
"IGKV2-40",101.704725464208
"LINC03034",101.190940788425
"NCF4",100.426162813351
"EAF2",100.140952076343
"IGKV2-18",99.6614034373362
"IFNG",99.2729436937208
"IFNG-AS1",98.9139050958444
"ANKRD53",98.245697866873
"OR10A2",98.2420105154871
"IGHV3-25",97.8527972774818
"SPAG4",97.7740996825816
"IGKV2D-28",97.5223129920656
"PRSS21",97.3822986829252
"LY96",97.1842792058647
"IGF1",96.9979276852181
"DDX3Y",96.5889912797806
"ELMO1",96.5114189065915
"SELPLG",96.0773068837108
"CYBA",96.0642782745407
"LINC01943",95.7640098086378
"TRPV2",95.6646274544454
"IGHV3-64",95.5990814719491
"LILRB4",95.4212956660688
"STAP1",94.1245229518895
"USP9Y",93.7313180318321
"BHLHE41",93.4626668825832
"DHRS9",93.3849001145831
"IGLC6",92.8363094057511
"KLHL6-AS1",92.3647235169879
"CMTM3",92.0347938072666
"TXNDC5",91.7992284282006
"FGD2",91.7138514108038
"SLC2A5",91.6690831865255
"IGHV1OR15-9",91.1167317055412
"IGHV1OR15-2",91.1011798121824
"SNRPA1P2",90.8927847344997
"IGHV3-52",90.427507046483
"NLRP7",89.7810537415487
"TNFSF8",89.6490458402329
"IL2RG",88.6970769629066
"ZBTB32",88.4618809009567
"IGLV4-60",87.790512956641
"MIR3667HG",87.36264927982
"NCF4-AS1",87.3551363602927
"TXLNB",87.066802337904
"IGHV3OR16-13",87.0397725353074
"LINC01679",87.0253614951165
"SLC16A14",86.8143100961135
"IGHV3-72",86.7533580584305
"RAB39B",86.545225817556
"FGL2",86.4855669628724
"NCF1",86.3930953392569
"OSTN-AS1",86.1533786631716
"FKBP11",85.4900267568347
"FLI1",85.3282265117886
"IGLV5-48",85.267122547788
"LINC03047",84.8017566676581
"LTK",84.6660414879539
"CXCL10",84.6431149648552
"MOXD1",84.6388669087659
"IGKV1D-13",84.4581268734827
"SYNGR1",84.3838519390453
"IGLV1-36",84.0912225573585
"NLRP1",83.0478135586078
"BISPR",82.3393606084049
"IGHV3-71",82.0562826681759
"XYLT1",82.0007050167681
"CD27",81.8768774642427
"IGHV3-22",81.6165775827791
"KIF19",81.5701978057668
"PRR33",81.5467223004391
"OR5AN1",81.4936025249294
"CHIT1",81.1683863923135
"VPREB3",80.8990025889817
"CFAP54",80.7046782651305
"IGHD3-3",80.521974059977
"IGHJ3P",80.3507693820757
"RNVU1-26",80.1044001787515
"IGLV2-33",79.8095237267638
"TOMM20P3",78.8787859426513
"IL10RA",78.4876478868906
"EVI2A",78.4207456780545
"H2BC26",78.2754413637176
"CXCR4",78.1670819682238
"PLA2G2D",78.0099611769742
"CC2D2B",77.8746729390714
"ADAM19",77.7330028897237
"IGHV3-73",77.711105151468
"MB21D2",77.6828719587208
"LSP1",77.6579443054655
"VNN2",77.294992557235
"RPL38P5",77.2834785394293
"SNX20",77.0630170339891
"APOBEC3A",76.9703824636053
"ADM2",76.9523115773283
"RN7SL28P",76.6688069584535
"TPCN2",76.0551647766196
"LINC00528",75.9307460087639
"PARD6A",75.424562118316
"SCRG1",75.3704255443242
"KIF3C",75.1271063285722
"CEACAM21",74.9605421208025
"RAB30",73.7541481165742
"CXCR1",73.6675065477072
"IGLV9-49",73.4450205767392
"RASAL3",73.4267181892101
"UTY",73.3218626777819
"IGHV1-69",72.8387338961724
"IGHV3OR16-6",72.7425630682133
"EVI2B",72.6994877892994
"ARRDC5",72.4930126689431
"IGLV2-8",72.1574116785899
"GBA3",71.7772050818907
"SIDT1-AS1",71.5691719134366
"F12",71.5183066394038
"SLC37A2",71.4274354621945
"SLC38A5",71.2163280651804
"SSTR2",71.0158662918543
"LINC00582",70.4597325990363
"DNAAF1",70.2339408744741
"ADGRG5",70.0050008300737
"TBXAS1",69.9108033425878
"MSC",69.4881275024023
"BLK",69.3254820910578
"IGKV3-31",69.215969107012
"SLC29A3",68.9691221664161
"SPON2",68.6906617899973
"IL6",68.6799416388512
"PRR29",68.1965284177674
"ENTPD1",67.9748301285686
"CDH13-AS2",67.8756956007259
"IGKV1D-12",67.6235189015635
"CD69",67.551490912517
"IGHV7-56",67.4506727213911
"GRAP",67.3897266802839
"RAPGEF1",67.296899209288
"ITGB7",67.2251155949541
"IGKV1OR2-118",67.1177611218145
"LINC02642",66.9974537760702
"TAS1R3",66.9662573758709
"SMARCB1",66.5103740264342
"BLM",66.3776392918285
"LINC02863",66.3379402581751
"SLAMF6",66.2229952374392
"KCNMA1",65.986256328701
"SERPINB9",65.657193383084
"H2AC8",65.3039792267745
"TMEM273",65.2895057578237
"KCNN3",65.2395284250984
"RPS3AP18",65.0410763556175
"SOD1-DT",64.9988025054204
"AMER2",64.9114665957073
"P3H3",64.795586263146
"ZKSCAN8P1",64.4364587059337
"SEMA7A",64.4245388201935
"GIGYF1",64.412006889185
"RHEBL1",64.2007309647127
"GRIK1",64.1972899499317
"SRMS",64.1860173467887
"CEP128",64.1102828702348
"UBE2QL1",63.9715915126881
"LINC02711",63.6568909091517
"IGHV7-81",63.5160172122882
"F2RL2",63.4067283905358
"IGHV1-12",63.3185233578963
"IGHJ1",63.3086013005723
"ICAM2",63.3063243229556
"IGHV1OR15-1",63.2595532691072
"ARHGAP15",63.2516612743511
"AGAP2",63.2475794325662
"TNFRSF13B",63.2463376110082
"GNB3",62.8467464066815
"RUNX3",62.8336118393962
"IGLV1-50",62.733982390585
"SLC1A4",62.7215812951024
"SLA",62.4805511559352
"CYTH4",62.4678672673051
"PEBP1P3",62.0093636298706
"CARNS1",61.6755636447262
"LINC01484",61.5272788090284
"SLC10A5",61.4133830612415
"PRKAR1B-AS1",61.2102399723588
"IGKV1D-33",61.1353758255488
"TMC3-AS1",61.0762071092729
"DIO2",60.9671555324117
"NAT1",60.8982970034711
"IGHJ2",60.8513457229548
"CBFA2T3",60.8195195264568
"IGLV2-23",60.3466128882066
"BCL2",60.3269907293512
"PIK3R5",60.2529783036704
"CCL25",59.7885965637471
"ECE1-AS1",59.228632890158
"SLAMF1",58.9838490528589
"MED12L",58.8928679415884
"IGKV1D-27",58.704088512045
"LINC01588",58.3014366225187
"EI24P3",57.7276804423321
"ZYG11A",57.6882302693279
"PA2G4P6",57.6320225394608
"PPARGC1B",57.6154930675551
"LPAR5",57.5263950766407
"AIM2",57.4902781783139
"IL16",57.439468033976
"HELLPAR",57.4116161606727
"ISM2",57.3645307276392
"CD28",57.3325186134342
"FAM85B",57.0741034433689
"RFLNB",56.9238466174166
"FRZB",56.719223659589
"ABCD2",56.4568115470203
"IGKV1-37",56.239979836835
"IGHV3-35",56.1862804882759
"CLDN14",56.147611299871
"ZNF230",56.0665096903032
"ZNF583",56.0039863553241
"HAS2",55.9364741625236
"NXPE4",55.9227782648202
"KDM5D",55.7900903237408
"SLCO5A1",55.5859758494912
"NTNG1",55.5660083628798
"LINC00158",55.4517299479311
"IGKV2D-40",55.3367109141502
"AKNA",55.082425549154
"ZNF227",54.9198412014698
"FMO3",54.9130852054082
"SNORA59B",54.873503383222
"IGLV5-45",54.8639962331078
"VAV1",54.6656306976281
"GYPC",54.4217563442147
"IL21R",54.1308264904511
"CD86",54.1156103841888
"CCR10",54.0784093451642
"LINC02694",53.7091048825276
"INPP5D",53.65452389416
"IQSEC3-AS2",53.4312340261956
"KCNA3",53.3446236999321
"ARHGAP4",53.2722810294402
"HERPUD1",53.2230763471185
"IGLV3-27",53.217565993084
"RCSD1",53.1940001369553
"SRGAP3-AS4",53.1134494422368
"GPR25",52.701869652921
"MIR4435-2HG",52.4036276342045
"IRAG2",52.3756873247797
"DOK3",52.0846606935486
"TNFRSF13C",52.0416307617905
"TMPOP2",51.940304082337
"FOXH1",51.8738400252046
"ISL2",51.5396902217136
"PDE4B",51.4819044783035
"ADAM7-AS1",51.1015324049745
"CRACR2A",51.0887461917965
"NRROS",50.9880955456161
"GLIPR2",50.9696364979115
"RNU6-1158P",50.8110480037301
"TDP1",50.6252930542383
"CHST2",50.530792534608
"SYNE3-AS1",50.4695694092569
"COX20P2",50.4685134466996
"PSD2-AS1",50.4515373550591
"LINC01485",50.4079395171676
"CCR6",50.3955970502821
"PCED1B-AS1",49.7697105381509
"PAEP",49.6937252107671
"OR2AG1",49.6639759001309
"DUSP4",49.6322812861693
"FCRL4",49.6218986165524
"SPATA3-AS1",49.5276898936609
"TIAM1",49.4808127370164
"GLDC",49.3862622148367
"KCNK6",49.1413699794801
"EEF1A1P32",49.0723740114037
"LINC03106",49.0387056030619
"NOD2",48.9336835505435
"MYL4",48.8902839054097
"CTLA4",48.8888976056599
"C4orf50",48.879917894342
"DAPP1",48.8643086908741
"LINC02999",48.8312067073932
"LINC02427",48.7415663776875
"CLEC4A",48.6140372292559
"CCDC144A",48.4562550553022
"WAKMAR2",48.4016241800813
"STARD5",48.3994182830919
"PRR5",48.3163697761064
"IGKV1-35",48.2979533384808
"STEAP1B-AS1",48.2894135646341
"IGKV6-21",48.2357894652354
"CD53",48.2152439701087
"INHBA",47.9615822342005
"CR2",47.9076466485239
"SLCO4A1-AS1",47.8941447783094
"PM20D1",47.7446753620936
"RN7SL328P",47.6207938571885
"LINC03110",47.6204705250793
"IGHV1-45",47.2692708920425
"TRIM55",47.2067898206636
"ANKRD16",47.1724423447978
"IGLV3-6",46.9743287030493
"CERKL",46.9376666502574
"SLC22A1",46.7552680468293
"PTPRB",46.7420414516566
"RNF222",46.6074615839489
"TUBB4A",46.3527305898269
"SEPTIN3",46.2340042305978
"HELB",46.1650846941967
"IGHV3-47",45.880163944242
"OR2D3",45.867152156191
"ITM2A",45.8669675313417
"PI15",45.8162257308735
"CD27-AS1",45.7798522502936
"BMP6",45.5624799713992
"IGKV2D-30",45.3669881255476
"CERCAM",45.3046328596912
"CLIP2",45.2025474223179
"IGHV3-6",45.0801722140459
"CXCR3",44.7958831507403
"CD19",44.7503291406751
"CD226",44.6876192399449
"CRYBA4",44.6503596219632
"ADM",44.5371461220595
"HK3",44.5243142196017
"ORAI2",44.5201903855412
"SLC6A12",44.0497451922157
"FOXRED2",43.9770935617465
"CLDN19",43.7986292658496
"HOXB2",43.7415478931681
"SKA1",43.6140920217846
"TSHZ2",43.5946415253044
"MIR193BHG",43.5642019971806
"LINC01634",43.4652205633705
"IGHV3-76",43.1534046852324
"LINC02363",43.1393978583334
"IGHV3OR16-7",43.0927543365482
"RNVU1-15",42.8651875029927
"IGHV2-70",42.8645689157288
"TFEC",42.6088495213435
"NOL12",42.5978805769852
"HSP90AA1",42.5127657689038
"DUSP5-DT",42.4888892581959
"MIXL1",42.4568329183362
"RAB3B",42.3617575281158
"ZNF555",42.1394554767375
"ARHGAP25",41.9604090964132
"GPSM1",41.8568166519776
"STEAP1B",41.7956440249719
"IGKV2D-26",41.609509876696
"BCAN-AS2",41.5677736732754
"IGHV1-69-2",41.5325857593184
"BHLHA15",41.3520185706147
"SEC14L1",41.3234479119839
"ANK1",41.2854458884964
"ZNF225",41.1633873437184
"NPHP4",41.0901981854927
"NMNAT1P1",41.0823528874403
"TDRD15",40.7702785870222
"IGLVI-70",40.7499218051734
"GCLC",40.5503857548171
"TRAF5",40.5057346554823
"IGLC7",40.4659988477467
"MT1G",40.4544625184928
"PTPRC",40.3872693244453
"MAP3K1",40.3696492936293
"IGLV4-69",40.2965915965506
"IGHV7-27",40.2299236558037
"TRG-AS1",40.1635656232153
"LINC01891",40.0058181708601
"IGHV4-80",39.7544532805848
"SSPN",39.7021998856905
"DDIT4",39.5916707121708
"VOPP1",39.4826462361263
"IL21R-AS1",39.4519094858459
"IGHD3-9",39.3968007755026
"PRPF19-DT",39.3856474467054
"TBX15",39.3453422401143
"PTHLH",39.2054282646195
"FATE1",39.1825173653023
"TMLHE",39.1822085667136
"DENND5B-AS1",39.1371566896961
"SIRPA",39.1058736653586
"RAG1",39.0918693246923
"APLN",39.0712692456268
"SOX8",39.028264213307
"LINP1",39.003626252178
"IGHV3OR15-7",38.9121766721737
"PAQR6",38.7857533359305
"TCF21",38.6590567488335
"SMAP2",38.5312713378678
"SLCO4A1",38.4505464316394
"CRYBB1",38.3749172038812
"INSYN2B",38.2175868444936
"ZFP69",38.1480794095615
"TMEM183AP3",38.119635682263
"DINOL",38.0565324917712
"KLRG1",38.0361967696422
"ITGA5",38.0343854021901
"WASF1",37.9955147330738
"CHRNE",37.835825267749
"IGHV1-17",37.8146538570011
"ISG20",37.7891953326679
"GPR55",37.7370755890576
"NUDT19P2",37.7328730454751
"PKHD1L1",37.6908062971119
"PGLYRP2",37.5777980741507
"ITGA4",37.4901005398569
"PTPN22",37.4406844137071
"OR13A1",37.4055927563771
"MMP11",37.2929947989055
"ST3GAL1-DT",37.1567208143081
"ODAPH",37.0844187128805
"PARVB",37.0463741152806
"FCRLA",36.9434975330014
"FDPSP5",36.930286356024
"LINC02960",36.9254620515868
"LINC02918",36.9102810983391
"H2BC8",36.8910092986633
"FCGR2C",36.8256766208736
"RUFY4",36.8236992620486
"VSX1",36.823556681779
"SOCS1",36.6254565340629
"PPT2",36.6161628845702
"CCL3",36.6079455550074
"OASL",36.4627318202833
"DUSP26",36.4343516357846
"RNU6-686P",36.3873562113353
"LINC00943",36.3791348394299
"BFSP2",36.3030496020906
"PDGFRA",36.2755263588036
"ADAM28",36.2566854522479
"RPS3AP29",36.2095718296207
"RALGPS2",36.2068258536871
"CD200",36.1564404734063
"RPL21P90",36.124774208399
"GARIN4",36.0845650534478
"TSBP1-AS1",36.0187292428022
"ARHGAP15-AS1",36.0088494183896
"NPIPB11",35.9940761919659
"C18orf54",35.8695140994664
"CDKN2C",35.8188007054271
"HCLS1",35.7060381291359
"RPL7AP16",35.6619062685596
"FAM32BP",35.5729606997799
"RAC2",35.4513931602878
"ERVV-1",35.3629723074747
"TNFRSF4",35.3333470999331
"LINC00525",35.3047547528729
"CENPQ",35.295756943022
"IGHV2-70D",35.2131234098197
"FCRL1",35.1436167804246
"OTUD7A",35.121424600286
"MIR3142HG",35.1029671079756
"EEF1B2P7",35.0465373774007
"TNN",35.0023491412315
"GRM2",34.9733643604606
"TESMIN",34.8843955328785
"RASGEF1A",34.8794733511912
"KCNMA1-AS1",34.8758641517286
"PRKACB",34.8640285601206
"MYL2",34.8177551758315
"SKAP1",34.7887599555939
"TARID",34.6631853330521
"OR4C6",34.6453984117057
"TCN2",34.5420946898328
"IGKV3OR2-268",34.5409771464433
"LINC01934",34.3138105113727
"SMOX",34.2980783284091
"OR10AD1",34.1983626393185
"MTND5P25",34.0378466558914
"PDE4A",34.0344615007007
"TIGIT",33.9960471353657
"HSPA1A",33.9015774146338
"BAK1",33.8921576410349
"NEIL2",33.8664668148644
"IL19",33.7732973933144
"MLANA",33.7533207586318
"THEMIS",33.7320306684419
"IGHV5-78",33.6137742833969
"SLC28A3",33.6064836434522
"ST6GALNAC4P1",33.6064521738867
"ZSCAN2",33.4685437383723
"TRGV3",33.4505257984871
"ASPHD2",33.2759685901228
"LINC01547",33.2061771522809
"UMODL1-AS1",33.1650208631158
"RAB33A",33.0576556645392
"LYL1",33.042722471184
"IKZF3",32.9987233096034
"LCN8",32.8382658882812
"AMPD1",32.834651882568
"EIF1AY",32.7806177151859
"CABP1-DT",32.7711695402219
"VTRNA1-2",32.6606570474265
"MAP10",32.6388911448741
"USP46-DT",32.5199637947567
"LAX1",32.5049928225482
"IGKV2-24",32.499678686447
"ZNF215",32.4425134869966
"VPS9D1-AS1",32.4192483592156
"FUOM",32.3921481040283
"MUC16",32.3217941466259
"GPX2",32.3213235273664
"IGHD3-10",32.249391293625
"MOB3A",32.2465021109012
"AOC3",32.2126265912884
"LINC02972",32.2042805249378
"AMZ2P2",31.9900455992784
"ZBTB26",31.9282873381586
"FAM43A",31.853693803641
"TRAF1",31.7115822216695
"CDH13",31.6692699040268
"LTC4S",31.6533115342328
"LINC02964",31.6062362487491
"SLC4A8",31.5531596010354
"C12orf42",31.5402499833297
"SLC16A1",31.5151637567185
"TLL2",31.4850788068721
"SRPK3",31.4642722560754
"TTLL13",31.3010441141254
"CCNJ",31.1922934039496
"DUSP2",31.183573026943
"ZNF740",31.1730256223137
"ZNF273",31.1399043866953
"AK4P3",31.1276585411234
"DDX11-AS1",31.1135843655626
"MESP2",31.0965661224221
"IGSF6",31.0471606681231
"RGS2",31.0326123764717
"LINC00861",31.0256846892181
"MLKL",30.9530345932091
"ZC3H12D",30.9527690393005
"KCNA2",30.952403811993
"CNTF",30.9465735004246
"LOXL4",30.8770824626621
"RN7SL449P",30.8420130376723
"POU2F2",30.8131290904873
"ICOS",30.7200784101106
"TNFAIP3",30.708469175851
"PIEZO2",30.7009845033862
"ADAMTS4",30.6993785230459
"BIN2",30.6772194460171
"CDC6",30.6520603509812
"SMIM18",30.5570874247551
"LINC03002",30.5343125194035
"VDAC2P3",30.4776384242126
"SENCR",30.3979948776094
"HESX1",30.3824189725492
"SPP1",30.3610942950623
"LINC01480",30.3450303082128
"CD247",30.3107882952159
"FRMPD4",30.249243918412
"LINC01841",30.1997982313777
"SH2B2",30.1690548439943
"WDFY4",30.1569368749933
"RNU1-2",30.1467283199814
"KLF12",30.0544564775832
"C17orf107",30.0273982378651
"BASP1",30.0118690020163
"TSKS",29.9600853342269
"FOXC1",29.9224063490308
"OSR2",29.8889595707127
"CCL3-AS1",29.8888485426624
"IGLV3-2",29.8269850483767
"KCNN4",29.8085490022495
"VMAC",29.8014571396583
"S100Z",29.7992196334897
"DENRP2",29.7900622926122
"ANGPTL1",29.6872187340517
"REM2",29.6469254369337
"WBP2NL",29.5966906517894
"ZMIZ1-AS1",29.5336695207581
"MSH4",29.5063294440751
"MYL3",29.4384479133617
"GATD3",29.4350313396664
"MINAR1",29.3633215101586
"LINC01301",29.3482342196429
"ASNS",29.3279529653898
"ICAM3",29.2505781066035
"PGAM2",29.2281763636024
"CD200R1",29.1950944444537
"LINC01625",29.1401181107151
"LINC00944",28.9103183396937
"FCER2",28.9086383354341
"PARPBP",28.8727147098129
"KLHDC7B",28.779381812724
"IGKV1-22",28.6731822531677
"TBX21",28.5984292281375
"ALDH8A1",28.553038614372
"WNT10A",28.5355949356016
"LINC02416",28.4993665376166
"RNU6-1112P",28.36729690599
"DNAAF8",28.3584491382392
"OVOL3",28.317491633925
"SP140",28.3120995989242
"CEP295NL",28.2966239049931
"IGSF10",28.2551792707681
"ECT2L",28.2163302049465
"H1-12P",28.1775422935347
"GPR132",28.1767905623471
"LINC01717",28.0674412566543
"H3C5P",28.0273443415208
"BICD1",28.013043041335
"FSIP2",27.9134452973689
"ZEB1",27.8964015660621
"SNRPGP5",27.89523261144
"PDE3B",27.8827541395583
"IGKV2-4",27.874537146177
"TP73",27.8439268808009
"MRPL40P1",27.8131851922992
"SFPQP1",27.7423819522972
"AGMAT",27.733766367468
"EBF1",27.6277536615861
"ZNF211",27.5880978616729
"RPL9P2",27.5782554157085
"OR6A2",27.5498548737075
"GBP5",27.3976873415411
"RGS13",27.3306085079601
"CBX6",27.3269727073906
"LGALS1",27.3168283704074
"TSPAN33",27.2842612673656
"HSFX3",27.2504811958063
"FEZF1",27.228635356043
"ZNF329",27.2239342585109
"HSPA1B",27.2189551672117
"ARGFX",27.205331150768
"IGLV3-17",27.1733049523579
"ZNF547",27.1531430165053
"HOXB-AS1",27.1432141581243
"CDC42P1",27.1387310482752
"PIM1",27.1231530101755
"TSPAN5-DT",27.1126182165189
"TAGAP-AS1",27.103897109496
"AEBP1",27.0482266328291
"RN7SL4P",26.9076416965673
"RNU4-1",26.8502724749911
"IKZF1",26.7778284523304
"KRT8P42",26.7583892182561
"LINC01800",26.7270224256151
"PABPC1P4",26.6746874575012
"FAM53B-AS1",26.6701281664282
"GRIK4",26.6668918301885
"BRD7P3",26.5658920927164
"LYVE1",26.5630567472471
"SMG6-IT1",26.5017371515347
"TAS2R30",26.4866117206078
"COL7A1",26.3914197162463
"CD38",26.3689323340505
"DEF6",26.2892218080085
"TNFRSF18",26.1717241252119
"EPN2-AS1",26.1555147645187
"TYR",26.1495362956939
"IL7R",26.1411462676044
"PCDHGB2",26.1293163505319
"ST6GALNAC6",26.0618062076854
"DNAH3",26.060807909176
"MFSD2B",25.9829439861537
"SDF2L1",25.9787459793855
"PRDX4",25.9692251186708
"HCFC1-AS1",25.9369492023318
"LINC00221",25.9344998172947
"TMC3",25.89693669461
"LINC02133",25.8128431985028
"C11orf98P3",25.7809582550372
"CXorf58",25.7620814793063
"CYP27B1",25.7505634219549
"RASSF6",25.6992185047178
"C19orf38",25.6982772968493
"AGA-DT",25.6539702199676
"C16orf46-DT",25.6223767225575
"A2M",25.6153985026825
"ZFP69B",25.6107293803157
"PRDM14",25.5359767132124
"GAS1RR",25.5084430779248
"TAF1A",25.4272677988154
"SLC1A3-AS1",25.4104452769982
"XBP1",25.3661281184018
"CYBC1",25.3607126220686
"LINC01781",25.3324204162732
"RNU4ATAC",25.3266382566078
"NIPAL4",25.3229032558159
"TCF4",25.3019288966367
"SLC9A9",25.260648112361
"LRRN2",25.2595868624026
"FAM204BP",25.2348339948699
"LINC02090",25.1330203874507
"RN7SL803P",25.0008760563952
"IL10RB",24.9932847825954
"GLA",24.931463383818
"PLEKHO1",24.8676568767331
"EML2-AS1",24.8656558875787
"PAPOLA-DT",24.7498896095587
"DDIAS",24.7198294351802
"DZANK1",24.6768662894768
"MIR8071-2",24.6743958873822
"FAM193B-DT",24.6071534034268
"MBTPS1-DT",24.5636339112069
"MYO16",24.5363715806803
"MSC-AS1",24.4495937910252
"KCNK9",24.4356012922363
"MTCYBP41",24.4198278201602
"CT69",24.4056931081726
"SGCD",24.3957658943404
"TMCC1-DT",24.3731850582126
"PTAFR",24.3347762400467
"MX2",24.2469375377546
"ENPP2",24.2372670249097
"ST6GAL1",24.1971467029606
"SYVN1",24.1879668861797
"UMODL1",24.1026282390849
"MFNG",24.0871691583117
"CCR1",24.0763338943333
"APPAT",24.048236664785
"GHSR",24.041018655511
"TOR3A",23.964315344261
"TRMT112P8",23.9228867339315
"UBC",23.8781275218302
"TPTE2",23.8403425791625
"ESRRB",23.8113692731834
"RPL35AP23",23.7730760521213
"IGHV3-60",23.7609869074491
"CORO1A-AS1",23.7556055730188
"CXCL13",23.6178788381487
"FKBP1AP1",23.6051366148157
"KIT",23.6034487852055
"SNORD14E",23.5781059960684
"SLC35G5",23.4604200629793
"IL6-AS1",23.4522374218292
"GALNT6",23.4450547002304
"LMF1",23.4223376407344
"SEPTIN1",23.3449843859956
"FCRLB",23.3439094070024
"CSGALNACT1",23.2922051378146
"LINC00324",23.2762443124186
"RPL36P9",23.2528197476001
"MELK",23.2040085310785
"NAP1L5",23.1777906754902
"BCAN",23.1621632126701
"ISLR2",23.1587975220668
"IGHV1-68",23.1394999248991
"IGHV3OR16-15",23.1300169900822
"HRH2",23.1217621535244
"ULBP2",23.0152174938086
"TRAM2",23.0085702142432
"H3P8",23.0046531473116
"C1orf50",22.9023814240967
"MIR9-3HG",22.8788860749881
"ANKRD36BP2",22.8648084607524
"IGBP1C",22.8200119989729
"H2BC9",22.8179547155264
"IGHV3OR16-11",22.811582350488
"LINC02227",22.801858879896
"ITPR1-DT",22.779751381344
"RAP1GAP2",22.7733865170646
"HOXA7",22.7628718635464
"IGHV3-36",22.7446415361695
"CTBP2P2",22.7419451660299
"GMFG",22.6617305434804
"RPL21P94",22.6579934322603
"CCL4",22.6576171524457
"ZNF157",22.6364745606632
"ATP10B",22.6066504565572
"C1QB",22.4354655370233
"GRAPL-AS1",22.3487999824172
"PRELP",22.3083594401791
"SLC7A5",22.3036611332887
"STK4-DT",22.2628029197559
"CLMN",22.2468430506431
"ODF1",22.2040816847605
"USP30-AS1",22.1886425734375
"HBD",22.0711998171087
"PRIMPOL",22.0491611771334
"ABCG2",21.9792205528012
"MFSD12-AS1",21.9735028025151
"RN7SL442P",21.9505230295184
"PSAT1",21.9387708763244
"DNAJC5B",21.9020376579955
"TSC22D3",21.740924069103
"PTPN2P1",21.6698476527845
"SYCE2",21.6308655609854
"ASB2",21.6266473716651
"LSM11",21.6120362832963
"OSTN",21.5975456393036
"TRBV2",21.5779313749918
"NPM1P14",21.5302689783141
"TMEM52",21.4906680442819
"LCN12",21.4770834660603
"HSP90B1",21.4630856315325
"RNU2-17P",21.3680290823477
"MIR5195",21.3260946859284
"HCAR3",21.313163873921
"CGAS",21.2942783560795
"RNU7-18P",21.285919217376
"LINC02541",21.2624540158357
"UBXN7",21.2192449866421
"TBC1D22A-AS1",21.2129613015815
"RPH3A",21.1997088591995
"DPF3",21.1781515224418
"IGHV3OR16-17",21.1621776979657
"WEE2",21.157700471917
"APOBEC3D",21.1074756153369
"IGKV2OR22-4",21.0950781720712
"IGHD3-22",21.0603351550193
"NOXRED1",21.0446921969991
"LINC02352",21.0126155065053
"PAPLN-AS1",21.0059645967067
"CECR3",20.9860538871451
"BTN3A2",20.8555053873318
"RNU6-1289P",20.8550315764019
"CLCA4-AS1",20.8528585516094
"RPS26P13",20.8404209113277
"PKIA-AS1",20.7712804093247
"FBXO43",20.7448059550267
"MMD",20.6897111674023
"PDXP",20.6501954875046
"HAUS8",20.6162304971266
"LINC01467",20.5926123145134
"RPL11P1",20.5696373274193
"IGKV2-14",20.5612428885059
"DNAJC12",20.5524051051068
"TPST2",20.5453915775746
"SH3TC1",20.5391882284246
"LINC00322",20.504496835639
"ADCK1",20.5024953845364
"OMG",20.4887537539531
"LINC01393",20.4524303336487
"LINC02963",20.4496453147182
"SLC9B2",20.444351315726
"AOAH",20.412516054021
"MAP4K1",20.4117790332659
"HOXA-AS3",20.3830582871247
"CCR7",20.3697349231616
"HSPA1L",20.3135912059998
"PDXP-DT",20.2824375110632
"LINC01479",20.2742342473875
"FMNL1",20.1974399988747
"RN7SL277P",20.1867674018753
"IGLV1-62",20.1705284829648
"ECE1",20.1285707923966
"OXR1-AS1",20.1188197952987
"TRBJ2-3",20.1175640049885
"MIR142HG",20.0839114060371
"CD6",20.0834017149816
"PCED1B",20.0801479567634
"RERE-AS1",20.0533514262774
"GORAB-AS1",20.0203602399927
"TNNI2",20.0116752253918
"LINC02397",19.9979776667645
"KNTC1",19.9896881820629
"TAF1C",19.9524723705877
"C2orf88",19.9462503908386
"POU5F1P4",19.937663114197
"KLHDC7B-DT",19.9128137556032
"LINC02068",19.9059801573023
"AKR1B1",19.8674883904317
"LAMP5",19.8525387331409
"BCL2L11",19.8038810712732
"A1BG-AS1",19.7880376472289
"LRRC2-AS1",19.7774561561212
"COL24A1",19.739993737829
"LINC01447",19.7231461807327
"RGS14",19.7134279267773
"ABCC2",19.6446371130846
"HCG15",19.6121681857688
"MANEA",19.592471244932
"MAN1A1",19.5786280236097
"LINC01890",19.5759807475512
"ADAMTSL4-AS1",19.5686694893364
"C3orf70",19.5561676127249
"CABP5",19.5057758056961
"GMIP",19.4696767971983
"LCP1",19.4534478039842
"LINC01191",19.4120331480033
"P2RX5",19.3963718837217
"FIRRE",19.3825215957905
"PAH",19.3535480709987
"IRF4",19.3267673739561
"ERC2",19.2998443292796
"C2CD4D-AS1",19.2812302432883
"PNMA6A",19.2733572715978
"ERCC6L",19.2648906332624
"BTK",19.2094735499295
"NCKAP1L",19.1851987241941
"LINC00463",19.176335964814
"RAMAC",19.1421220287553
"PPP1R16B",19.099614522917
"IGKV2-29",19.0950006861732
"PRR11",19.091809855697
"LAMP5-AS1",19.0891159086117
"RAMP2",19.0657757176261
"PAX5",19.0089189344591
"RNU6-672P",19.0040696591825
"CCDC194",18.9495240840226
"AKR1D1",18.9179481996793
"CENPA",18.912011384693
"UBE2CP1",18.8129178778271
"KISS1R",18.7842249308111
"SNORD3B-1",18.7291861146056
"RPL5P18",18.724756727102
"TMEM169",18.6807898731861
"KDM5C-IT1",18.6756555925349
"TIGD4",18.6597545212442
"RNASEH2B-AS1",18.6191199811443
"POLR1F",18.5753807868502
"PGGT1B",18.5648510206693
"PRKAR2B",18.5370752211454
"TRAPPC4",18.5205066537484
"SPMIP4",18.4970274474196
"ETF1P2",18.4619909956911
"CAMK4",18.4569957074304
"RNU7-169P",18.4123228236052
"HLA-U",18.3392879338478
"CIB3",18.3103936590185
"PRKCB",18.2674329610192
"LINC01975",18.2617251589062
"PCDHGA3",18.2164090297344
"VOPP1-DT",18.2140268860137
"CDH17",18.1897733002999
"C16orf74",18.1788892305194
"TENT5C-DT",18.1445799246963
"LINC01819",18.122505658031
"CHN2",18.1010603644237
"NRARP",18.0923613504187
"IGHV4OR15-8",18.0265934985362
"CALB1",18.014884812688
"PLVAP",18.0138945054346
"STK4",18.0088945524645
"DPEP3",17.9540438338732
"ARHGAP6",17.9103411042201
"REM1",17.8507916345332
"NSG2",17.800923475607
"LPXN",17.7736223950743
"IGHV5-51",17.7606668093737
"DENND1B",17.7507740562959
"OTOP2",17.7428434625643
"URB2",17.7062278847216
"LINC01237",17.6942060903315
"SLC22A17",17.6908901022828
"IGHV3OR16-8",17.6852015034314
"SMARCE1P5",17.678183003243
"CAMKK1",17.6591539837546
"AGAP9",17.6557467773133
"CCDC142",17.603230114808
"AVPR1B",17.5910411644004
"LVRN",17.5573330212317
"IGHV3-63",17.5502584118017
"PLEK",17.545887297758
"GNAS-AS1",17.5264455306692
"VN1R76P",17.5218674858809
"CORO1A",17.5171149791921
"SRM",17.4962232500111
"CD37",17.4772517744514
"RALGPS2-AS1",17.4311691925879
"SOCAR",17.4258052762207
"FUT10",17.4129067067534
"KIR2DL4",17.3737733396595
"CENPJ",17.3447524137977
"ATE1",17.338336449191
"SGTB",17.3244625216387
"IMPG2",17.3085344438643
"PTPN7",17.3066384874792
"PSPN",17.281231433987
"IGHJ2P",17.2759227462745
"XCL1",17.2713929173501
"ELMO1-AS1",17.2704109362778
"KRTAP5-3",17.269137038742
"HMGN2P2",17.184473510669
"TRGV4",17.1800465100759
"MTND4P9",17.1380528372399
"CCL19",17.1095582613957
"SKAP1-AS2",17.1018568418248
"RPL7AP11",17.0934900566063
"PCSK1N",17.0904248947531
"ANKRD36",17.0850355207248
"P2RY14",17.0828041507594
"TMEM171",17.067786663109
"CCDC62",17.0435626053529
"ZNF331",17.0241939290852
"LIN7A",16.9615583545242
"TOP6BL",16.9556319913878
"AFF2",16.923793833107
"GDF7",16.9229385461567
"XKR8",16.9040610349852
"RPL23AP55",16.8899050835714
"INKA1",16.8864586487166
"XCR1",16.880587145794
"CHODL",16.8671004155151
"MROH9",16.8573001483227
"RGS6",16.8510953243026
"PDE3A",16.8417883748916
"ZNF683",16.8266796088593
"PECAM1",16.7860652301678
"C1orf220",16.7668829003942
"ITGA6-AS1",16.7288986392435
"IL1B",16.7252542528494
"OBP2A",16.7216809860935
"EOLA1",16.7107855797011
"CEBPZOS",16.6777364581486
"IGKV5-2",16.6771702775547
"IL1R2",16.658439962304
"TAT-AS1",16.6507338562592
"UTS2B",16.6357760858856
"GPX7",16.6124260287703
"P2RY6",16.6043608369115
"DENND6B",16.5879035791896
"EPCIP",16.5689722930328
"VHLL",16.565283510329
"PAPPA",16.5610681959922
"IRF7",16.5183880578485
"ADA2",16.4886466071931
"TIMP1",16.4877596548157
"CENPM",16.4579760664821
"MYB",16.4492001888068
"ARID5A",16.4341774455036
"TRABD",16.4321346030812
"ALPK2",16.3802647638227
"SIT1",16.3752020478543
"CRELD2",16.3598568211042
"CALHM1",16.3003049634072
"SETBP1-DT",16.2632951815791
"BANF1P3",16.2609182775957
"GBGT1",16.2604923421363
"DMGDH",16.2586825569494
"FBXW7-AS1",16.2205966502124
"MIR5571",16.2120695239044
"LY86",16.1609220572741
"RCN3",16.1515498565452
"LAPTM5",16.1058293351294
"POM121L10P",16.0539936464691
"BLNK",16.0530937460122
"LINC01993",16.0344382668546
"RNVU1-27",16.0190813982868
"ITGB8-AS1",16.0106429557342
"SYNGR3",16.0043933684915
"ALOX5AP",16.0037906165714
"DENND1A",16.0014485085685
"PRR7",15.9432822578614
"TMEM74",15.8887139494049
"OTULIN-DT",15.8678903616342
"C1QC",15.8353394847812
"ERAP2",15.7967087701441
"CTHRC1",15.7915182991504
"ANKRD36C",15.7363152064377
"RPL22P21",15.7311568991808
"TMEM45A",15.6720575954799
"CABP1",15.6700343726732
"CCL4L2",15.6283126683297
"CICP14",15.5597583980906
"ZNHIT2",15.4956717383688
"L3MBTL2-AS1",15.490910004631
"DNAJC8P4",15.4776327173909
"FAM27C",15.468068915107
"EOMES",15.4483933741716
"MKX",15.3870229981413
"SNORD3C",15.3829474539377
"LINC02245",15.3803967592253
"NXPE3",15.3442496762571
"PGAM1P4",15.3403628029382
"S1PR4",15.2916484215564
"NRG2",15.2825570105583
"LINC02328",15.2741286811262
"MAMLD1",15.2739173152124
"CLEC17A",15.2691085904355
"RNU6-1164P",15.23942917784
"WNT5B",15.2260497460352
"GARIN2",15.1451150062069
"ATP11B-DT",15.1346511782504
"CALHM3",15.1030906861551
"ANKRD54",15.0875982176308
"MAP4K1-AS1",15.0862719687833
"TMEM244",15.0510731412881
"RNU6-1152P",14.965791874283
"OAS2",14.957334353438
"BTN1A1",14.9472807105058
"PDLIM7-AS1",14.9244623973849
"C3orf20",14.9024668011541
"EMP3",14.8404301030029
"FAR2",14.8231307925996
"ZNF550",14.7728094121824
"STOX1",14.7617774726752
"SIAH2-AS1",14.7523199989743
"GATA3",14.7492409529209
"PRR7-AS1",14.725011793372
"GAPDHP62",14.7076788646944
"SHISAL2A",14.6887025682955
"KLF2",14.6414562698327
"VSIG8",14.6239815900961
"VSIR",14.5931389259284
"HOXB7",14.5870181021488
"SEC11C",14.5847444772789
"DDX50P1",14.5796274670504
"LINC02812",14.5682278359201
"ZNF300",14.5536317259893
"SEL1L",14.5022921713648
"BCAS2",14.4972183563914
"LINC01410",14.4905100519687
"EEF1A2",14.4814149110777
"RLN1",14.4780313096217
"BTG2-DT",14.4750083784558
"MGAT2",14.4190415657209
"OR10A5",14.3798714003353
"CRB2",14.3622008658142
"PACSIN1",14.3329966437898
"LINC00996",14.3285214071732
"LINC01888",14.286385297367
"LINC01735",14.2811639160308
"TUBA4B",14.2506445496869
"TBC1D9",14.2177455351444
"HNRNPA1P37",14.1843379179251
"WAS",14.1750287724552
"GSTM2",14.1717204159803
"RPL7P57",14.1606722300959
"ZG16",14.1507846831375
"GSTM5",14.1271712719101
"IGLV3-16",14.1237938422315
"ENTPD1-AS1",14.110322396131
"ACRV1",14.1016563334324
"TCAF2",14.0567011303708
"TRBC1",14.0373003327647
"TMEM176A",14.0138448512694
"ATP6V0CP4",13.9412945299499
"CCDC184",13.8906651458454
"PDCD4-AS1",13.8903317697855
"CYCSP34",13.8814973535954
"ENPP6",13.8746601336962
"VPS9D1",13.86281826302
"TRPM2",13.833247769629
"FAM171A1",13.7947288246702
"DUSP5",13.7926536809997
"CREB3L2-AS1",13.7846396092283
"SMC1B",13.7534219689444
"GPR137B",13.7447260485828
"MNS1",13.7180896839852
"CCM2",13.7094936800292
"IGKV1D-42",13.7074624805429
"ZFAT",13.6698279080887
"OR4D1",13.6466074976932
"ZNF567-DT",13.6364074717749
"FBXW7",13.6279928676665
"TMEM198",13.6038961807476
"ZNF449",13.6019152466877
"IGKV3-25",13.5535184336549
"XRN1",13.5505507635986
"TRIP13",13.547881337808
"GAMT",13.5024365239833
"HELLS",13.48108491735
"LINC02520",13.4458281869545
"HIGD1AP10",13.439727661973
"LINC01556",13.4205565832574
"C1QTNF4",13.3717281585238
"RNU6-1135P",13.3447906653176
"RAD51AP1",13.3079621015739
"SHCBP1",13.3064897051475
"KLRB1",13.2960415542095
"EXOC3L4",13.2911050073712
"CHRD",13.2795483154328
"CPNE2-DT",13.270720091621
"KRT8P39",13.2702930448277
"TYMP",13.2540215226996
"RPL24P6",13.2496033808827
"LINC00239",13.2473722968109
"SLC45A2",13.2058055053981
"EHMT1",13.2047166696383
"ZFAND2A",13.2043925173509
"LINC01431",13.181191431291
"TRAV24",13.1392722567261
"SLC36A3",13.1008673785981
"NUP210",13.0445952754003
"SLC16A1-AS1",13.0143635305807
"LINC02734",13.005095863412
"TRAC",12.9993933284669
"RABGAP1L-DT",12.9977792610656
"LINC01697",12.9806370890363
"TMEM140",12.9794303059728
"RNF166",12.9786640483987
"ZNF382",12.9588659042417
"GAR1-DT",12.953530063813
"IGKV1D-17",12.9455063341199
"VIM-AS1",12.9389076646972
"LINC01942",12.9313563135773
"UBE2E1-AS1",12.9311800732853
"KLK1",12.8913791629144
"OR10AC1",12.8757705366552
"NFXL1",12.8674555005311
"GFI1",12.8659260339579
"LINC03076",12.8534242395458
"FAM78A",12.8242938532728
"SASH3",12.8133620336209
"OR2B2",12.8127789663299
"IGLC5",12.7669415143103
"C19orf67",12.7657142255174
"CCDC88B",12.7625754744628
"RGS10",12.7528651268798
"FERMT3",12.7515459026981
"EIF2AK3-DT",12.7474254685882
"EYA2",12.7445543169689
"NPTXR",12.7430927559755
"CEP83-DT",12.6937163229916
"RNU6-451P",12.6598671915817
"SNORD11B",12.645059273874
"PLPP7",12.6237414721292
"FTOP1",12.6016476952062
"TXNDC15",12.5748847265548
"CXXC5",12.5731281959934
"RNA5SP29",12.5611426216368
"BICD1P1",12.5241626195227
"TNF",12.5236127765631
"BRCA2",12.4871976455838
"HDAC9",12.4074968677479
"RNA5SP165",12.3737757129633
"SCARNA14",12.3582821132593
"APOBEC3G",12.3483113250665
"TRAV16",12.2794579393223
"SLC7A7",12.2379810931237
"ZNF460",12.2308629349373
"MANF",12.2187364812884
"ATP9B",12.167678490942
"HNRNPA3P15",12.1674119282171
"WDR5B-DT",12.1644825314231
"FYN",12.1620030285091
"SGO1-AS1",12.141683224719
"CBLL1-AS1",12.1387834319667
"RN7SKP127",12.1122591641275
"CHAC1",12.1074716310534
"ALOX5",12.1044482993742
"H4P1",12.1026983104239
"ZNF821",12.1013974039003
"SAPCD2",12.08332617267
"LINC01353",12.0651283592216
"NLRP14",12.0624747450656
"DOCK10",12.0522131601957
"OAS1",12.0281871767093
"KAT14",12.0122549562796
"MTCL1",12.004300415449
"SVOP",12.0041796806378
"PHLDA1-AS1",12.0015128012626
"LNP1",11.9825555794662
"PDK1",11.9798221402816
"ZFP36L2",11.9726878652659
"LARP1P1",11.9430811888809
"ASAP1-IT2",11.9297585740025
"GFOD1-AS1",11.9171945007043
"IGHD5-12",11.8956239909253
"FUT8-AS1",11.8858214307059
"RN7SL589P",11.8838938777366
"GNG2",11.8818978405263
"LY6K",11.8615806801302
"RUNX2",11.8575664128116
"FBXL22",11.8347230572359
"FAM157D",11.8313947377863
"RN7SL749P",11.8025209494001
"GRIN3A",11.801918960783
"ATP2B3",11.7693057660405
"LINC00973",11.7582345078856
"FNBP1",11.7563270676303
"LINC02687",11.7440914979956
"JUND",11.7276190458636
"RPL23AP30",11.7105377039722
"SLC25A6P3",11.7088627346322
"CREM",11.6786462754406
"SOWAHD",11.6692956179626
"RN7SL57P",11.653353930285
"FOXN4",11.6517059157834
"LNCTSI",11.6481736026995
"UBE2V1P5",11.6450051756873
"UBE2J1",11.6255390453748
"C11orf65",11.6169414858775
"HM13-IT1",11.6083725862501
"LMF1-AS1",11.5941263596215
"IGLV3-32",11.5669455347337
"GIMAP2",11.5513487120405
"CGB7",11.5318623932584
"NUF2",11.5195632462134
"BTG2",11.5029747152364
"PPEF2",11.5012872313328
"DCLRE1A",11.489030977198
"SERPINI1",11.4441069348227
"TMX1P2",11.4341427300217
"SCGB2B2",11.4083719461166
"GOLGA2P8",11.4041078524974
"CENPU",11.3768259389695
"CPT1A",11.3605330162896
"CHCHD10",11.356736896857
"AATBC",11.3303223708631
"EOLA1-DT",11.3255710285848
"IP6K3",11.3084494825778
"C19orf84",11.2954518549103
"ANKRD17-DT",11.2508427241216
"NEU4",11.2403089868195
"FAM124B",11.2164940482575
"PSMA8",11.2143962091171
"LINC00342",11.2108412948724
"LINC02240",11.2091252577946
"ZFAT-AS1",11.1947189216353
"ZNF250",11.1816642929551
"RNU6-611P",11.1742690840426
"PANK1-AS1",11.1731807755839
"SMG8",11.1580134253222
"MSL3",11.1563203074899
"MRPL32P1",11.1469005268127
"HID1",11.134262717875
"RN7SL648P",11.1321432238082
"ARHGAP31-AS1",11.1234240811184
"IL12RB1",11.1191030092499
"MIATNB",11.1175778275336
"FCGR3A",11.1163159951108
"DSP-AS1",11.11504332344
"IQSEC1",11.0988713582838
"LINC01565",11.0821144041009
"AP1AR-DT",11.0821144041009
"RNU6ATAC",11.0734040715194
"ZNF440",11.0655541459063
"ASB5",11.040519178378
"STIM1-AS1",11.025756173165
"NR4A2",11.021530415341
"MYH3",11.0122213285207
"HDAC9-AS1",11.0057305383277
"ADGRE3",10.9899573532021
"CNIH2",10.9561128929232
"TMEM121",10.9511683834156
"STPG2",10.9214509436067
"NCAPH",10.8878759656514
"PSME2",10.8847346808109
"IGHV7-34-1",10.880279885509
"RBBP4P1",10.8683465484849
"CKAP2-DT",10.8525134936828
"CPEB1",10.851721949531
"KLHL17",10.8429780200696
"HMMR",10.8316136041907
"IGKV2D-18",10.8221703722727
"RNVU1-28",10.8102231127226
"OPRL1",10.8081499573377
"DNAJC1",10.7870068234946
"AANAT",10.7348812224866
"LMNTD2-AS1",10.7330837143286
"LINC01252",10.7165476513827
"LINC01063",10.7098757512794
"ZNF417",10.7059083022393
"CHRNA5",10.7046420006116
"NCAL1",10.702935431828
"IGLV3-7",10.6988363067441
"ZNF107",10.691183053402
"TNFAIP2",10.666671674
"PADI6",10.6638110352444
"RNU6-319P",10.65441082599
"BRAT1",10.6538474422857
"BID",10.6514863831259
"EXOSC6",10.6467953883338
"MIR933",10.615310868682
"ITCH-AS1",10.5965807281123
"OR4F7P",10.5921325714989
"PPM1K-DT",10.5899005981127
"RARB",10.5681348141698
"ZNF217-AS1",10.5586551120159
"C1QA",10.5556346748545
"RNVU1-29",10.5484641304651
"LINC02728",10.5464799563368
"IL22",10.5327670398938
"SPN",10.5266525780409
"UQCC6",10.518940233285
"SLC39A13-AS1",10.5157243123888
"RPUSD1",10.4884980804642
"SNORD70",10.4713362293133
"PHLDA1",10.4618082077536
"PSME2P1",10.4598265500772
"LINC00632",10.4594683861191
"IGHV3OR16-16",10.4592778139095
"RNU6-786P",10.4561342988125
"GRK6",10.4529255002735
"JMJD1C-AS2",10.4431988958276
"WIPI1",10.4174147293948
"SPCS3-AS1",10.4094734266505
"RPL36AP46",10.4094702971921
"LINC00222",10.3903355544966
"SELL",10.3898355505017
"GPR183",10.3838992832013
"PRCD",10.3832436505274
"HLA-C",10.3665130191136
"ERC2-IT1",10.3643429412519
"GPSM3",10.3487382107
"HSD17B1",10.3384190997226
"IDH2",10.325889468528
"FICD",10.3113530138441
"IGHV3-33-2",10.282454616542
"THEM5",10.2766867427741
"CREB3L2",10.2601903026433
"RPS3AP36",10.2587842556076
"VAMP5",10.2137256917168
"FOXP3",10.14923565034
"PRKCG",10.1463963063952
"RNU6-60P",10.1358984066371
"FAM89B",10.1331883822916
"ZNF585A",10.1234009650292
"HSPA6",10.105947566259
"CHMP4A",10.0889366662874
"IGLV3-13",10.06603852232
"ESR2",10.0408487173565
"KRT18P4",10.0210207118435
"GPRIN3",10.0080199606549
"RPL6P13",9.98306759754225
"FHL1P1",9.97980415061182
"PARVG",9.96072369393056
"TIALD",9.9522418230226
"OR2AT4",9.92415752190791
"GPR63",9.87483983595537
"ARSA",9.87207525898185
"PMVK",9.85822292571932
"SNORD13D",9.85583248253049
"UFSP1",9.79169280148842
"DTNB-AS1",9.78149927746698
"NTRK3",9.77829414110428
"FAM107A",9.77602245163506
"CYP26A1",9.77602245163506
"RHBDD1",9.76816332249574
"CACNA2D1",9.76466700680913
"TUBA3D",9.75866156049092
"NPM1P20",9.75582573749389
"RESF1",9.73901715060613
"NME2P1",9.70904421700364
"TMED10P1",9.70668217665211
"ANKRD49P2",9.70240546876258
"SNX2P1",9.70075419539552
"TVP23C-CDRT4",9.69842807495692
"TEKT2",9.67187985427639
"RARS1P1",9.67187985427639
"DNAJB1",9.67036742211298
"LBR",9.66294221215396
"DDX11",9.65101283699459
"APOBEC3C",9.64449929358225
"SUMO1P3",9.6337523499207
"RNU6-431P",9.62638642295411
"LSM10",9.61657670481617
"SLC38A4",9.60585706296478
"CCDC88A",9.57890991038642
"MTND5P28",9.57546264160965
"ZNF497",9.5671495499327
"CD3G",9.55998408896155
"IGLV3-31",9.54666449734192
"TGFBRAP1-AS1",9.53790865835662
"JMJD4",9.52739795139929
"ST8SIA4",9.51566674694508
"MYADM-AS1",9.50947766758145
"TENT5C",9.50323087515066
"LINC02100",9.50321761960025
"ARHGEF6",9.50138620461207
"MIR3174",9.47724122777449
"SPAG8",9.46995168365191
"RN7SL753P",9.46585703852969
"CCR2",9.43716261660444
"RAD51B",9.42230519899193
"MIF4GD-DT",9.40054003976664
"MYO5A",9.3595810947585
"IGKV1D-43",9.35950113505391
"KCNK12",9.35567685272911
"LAT2",9.35366104548037
"POU2AF3",9.33508074863175
"SELENOK",9.33182357753476
"CPLX4",9.33163289660386
"PCDHB15",9.30105139048221
"MIR9-2HG",9.29575989579618
"DNASE1L3",9.28674954309442
"ZNF436-AS1",9.26278460317506
"RNVU1-7",9.22206365630349
"ZNF26",9.21601465456713
"NCR3LG1",9.20742951800391
"SNCA",9.2072552557197
"LINC01275",9.20669097353576
"PPP1R18",9.15516403603214
"MED12",9.15429337463355
"DOCK2",9.14215812913023
"PMS2",9.14031411305395
"STARD7-AS1",9.13128283920231
"AK4P1",9.12420560327256
"LINC01118",9.12297437997712
"SERPINB9P1",9.1098633819579
"COL14A1",9.10847027665523
"C15orf40",9.10287435205634
"MAN2B1",9.10020049615008
"KCTD16",9.09712004205868
"TXNDC11",9.0971057598295
"ACTL10",9.09034968559062
"POLG-DT",9.08801655038731
"TULP2",9.08738518431066
"RGPD2",9.08201234446492
"GLRX",9.08194000520328
"STX8P1",9.08059606786686
"RASA3",9.07918409752657
"PLGLB2",9.07636404418627
"CYLD-AS1",9.05994105835747
"RNU5B-1",9.04857571809309
"RPL21P118",9.04705102066175
"USP30",9.03956049185541
"RN7SL541P",9.03364932990265
"CHRNA1",8.99524370170644
"INKA2-AS1",8.98345498390095
"RNU6-1010P",8.96889904497028
"HYLS1",8.94459029731428
"RABGAP1L-AS1",8.91071667435193
"TBC1D10C",8.90160987563623
"SOX2",8.90129106674546
"HNRNPA1P50",8.89355390889789
"TRAF3",8.88244767884193
"LNROP",8.87660988039834
"GJC1",8.86370103162714
"OR4F3",8.85375837536422
"ZNF383",8.84951766655467
"APOBEC3B-AS1",8.84134080958471
"WEE2-AS1",8.82941814803926
"EFHD2",8.78328373798912
"DUX4L50",8.77962456943138
"BIRC3",8.77958706172144
"IGLV4-3",8.77538072604663
"SCARNA8",8.75985140538379
"RPS2P17",8.75655951468436
"RN7SL443P",8.74299352774403
"SNORD3A",8.74198044235805
"FOLR2",8.72542198091253
"RNF151",8.70490523084707
"TUBB3P1",8.70360982331013
"NBL1",8.68160958653429
"SLC25A19",8.67824264526092
"NRN1",8.67282071259862
"MYF6",8.63854408756454
"RNU7-77P",8.62330825018352
"S100B",8.62304614347732
"FAM222A",8.61005089033709
"GSCAR",8.58044825032857
"KLF2-DT",8.56666249681457
"MARCKS",8.5645068609035
"SHOX2",8.55627243511322
"IGKV2-10",8.54910356967246
"PRCP",8.53510026442226
"SNX31",8.53244362782127
"ABCA9",8.53181783196915
"LINC01774",8.51277243614031
"A1BG",8.50364203447517
"PPCDC",8.49301109881062
"TRBV28",8.49251834279548
"BCL11B",8.46314863175797
"RASSF1-AS1",8.45855957212174
"RNVU1-18",8.45450131629994
"SEPSECS-AS1",8.44811861572202
"DEFB124",8.44132287332009
"SLC25A45",8.41878658478086
"LINC02750",8.41547870612371
"IRF5",8.40460008584548
"ZNF232-AS1",8.40300960843594
"IFI16",8.4017229864584
"H2BC7",8.34388771447745
"DOK5",8.3407746011886
"BTF3P16",8.33987090411053
"GINS4",8.32004076785404
"LINC02332",8.31465999557018
"AOC1",8.31337930321342
"KARS1P1",8.30886860368481
"SKAP1-AS1",8.29635790068222
"ZNF296",8.2900732907464
"GMPPB",8.27848478251486
"LINC02456",8.27044532065403
"LRRC66",8.25436775063365
"TRBV4-2",8.23241598867234
"DDX52",8.22427991057205
"LINC01160",8.21978378861529
"HOTAIRM1",8.21853564891242
"HSP90AA2P",8.20951736118126
"COL15A1",8.20475132384315
"ZPR1",8.17423430481169
"ACBD4",8.16738771620234
"TRAJ47",8.16364755479448
"ABHD3",8.15447978732064
"FNDC3A",8.15196165715464
"VIM",8.14689937787419
"OSM",8.12722424219058
"CDK6-AS1",8.12360064185792
"NEIL3",8.09444259782061
"SECTM1",8.07981789025129
"ACSBG2",8.0776776122139
"DCT",8.06444004464873
"ATP8B2",8.060284911732
"ZGPAT",8.05978700680643
"DTL",8.03703911524368
"ADA",8.03536318708068
"PIP4P2",8.03218568802065
"PTGDR",8.01278445759385
"PASK",8.01108951893136
"SLC25A15",8.00398762934516
"MIR4539",7.99459287249362
"GLI4",7.99063444993209
"SAXO4",7.98761478219146
"RPL36AP8",7.96592704743991
"DOK1",7.95936361327842
"RPL7L1P11",7.9590999698783
"TLR6",7.92060356647514
"QPRT",7.91969271253041
"NTMT1",7.91766043912358
"ODAD4",7.90226889537241
"ANKRD37",7.88839470776535
"HERC5",7.88019599896879
"PRKXP1",7.87884367770806
"PANO1",7.87694984175525
"HOXB3",7.87260907240579
"RN7SL225P",7.86523584197539
"DDHD1",7.86339226332163
"OTUD1",7.85696254157897
"EIF6",7.85224016221757
"ACD",7.84210299374088
"GPRIN1",7.80919472729634
"LINC01749",7.79305397627296
"KRT18P5",7.78357980900595
"FAM83C-AS1",7.7772440914675
"RPL29P15",7.77702866315047
"LINC02168",7.76146246425387
"ANXA6",7.74150472495547
"HSD3BP5",7.72608361963076
"DNAJB11",7.69941847136594
"NUCB2",7.69763988186623
"TBC1D31",7.6786536534784
"KPNA1",7.657158176086
"CDKN2B-AS1",7.65148737253636
"RNU6-387P",7.64046732715923
"SPMIP10",7.62570969849711
"BICD1-AS1",7.62559857038147
"ACAP1",7.61723205701102
"RN7SKP271",7.6160423769797
"BMF-AS1",7.60664340115242
"TOX2",7.58366543365211
"ADAMTS6",7.58293768495681
"IGHV3OR16-9",7.57291543352815
"ARSG",7.56808700616386
"NIN",7.55777409414821
"ADM-DT",7.55738800879958
"H4C9",7.54216040219139
"ZSCAN2-AS1",7.52330867415664
"ARIH2OS",7.51340012066282
"SPAST",7.50654797353856
"ANKRD39",7.50025969132786
"ERCC8-AS1",7.49613131376927
"DGKI",7.4848074404541
"TRBJ2-4",7.48008627707745
"RRN3P2",7.4799253316458
"LETM1",7.47582380863988
"PRKX",7.47487190117185
"CD8A",7.45904352886289
"SEPTIN6",7.45112145149632
"ARL6IP4",7.43512121282839
"APOE",7.42690756683574
"ARPC4",7.41741259871418
"PIGO-AS1",7.4127639261981
"THAP7-AS1",7.41121366998755
"FBXO40",7.40582997889317
"TATDN2",7.38461301028373
"LINC01055",7.37998674839991
"ERO1B",7.36912590858089
"MIR3127",7.3644624889492
"DIPK1A",7.36102153939374
"EEF1A1-AS1",7.33999969163381
"TECPR1",7.33204114083331
"MT-TE",7.33034092035504
"IDH3B-DT",7.3209740202137
"RN7SL37P",7.31376152801919
"LINC01126",7.3114430055314
"FYB1",7.31003900992667
"RNU6-1262P",7.30557606053796
"RNU5A-1",7.28586666707922
"NCLN",7.28396543965887
"SCAT1",7.28314572585602
"CBR4-DT",7.26517510234492
"DEPTOR-AS1",7.26404446584876
"SCYGR2",7.26196146930854
"CHST6",7.26196146930854
"BEND3",7.25540781591111
"NR4A1",7.25509247445684
"IGHD6-19",7.25404902139427
"WIPF1",7.25067810899864
"MIR148A",7.236844778365
"RNU6-504P",7.22725653064429
"CEP85L",7.22633030548445
"ZNF706",7.22597896418496
"LSAMP",7.21063836526339
"ZXDA",7.17128435114441
"FAM216A",7.15159511117468
"TTC14-DT",7.1512223136905
"LINC01664",7.15019574716074
"GRIN2C",7.14434102534111
"ST3GAL2",7.12105682397462
"SNORA24B",7.11534660307118
"PSAP",7.10436180998883
"SPCS3",7.10113678689169
"TYRP1",7.10010581430576
"MIR4439",7.09392922186408
"ODAD1",7.08916758030097
"STAT4-AS1",7.08869971276805
"ZNF775",7.08324266824609
"TGM2",7.08105700978977
"RUNDC3B",7.07630200884286
"DDR2",7.06743209079658
"IFFO1",7.05914134984858
"PYCR1-AS1",7.04217132623494
"GEN1",7.03317402380197
"RNU6-858P",7.03281083626891
"ACVR2B",7.01894230496482
"INPP4A",7.00218780982748
"FMNL1-DT",6.98758933652848
"FGF13",6.98644666697829
"PRKAR2B-AS1",6.98033896274513
"RPS27P6",6.97254368793309
"ABCA9-AS1",6.96464397151942
"CXCR6",6.95629966414381
"TBCEL",6.95589557043012
"GRHL1",6.95029842027552
"TRAJ54",6.94770671361289
"C5AR2",6.94090810763708
"E2F7",6.94067625152546
"RN7SL211P",6.9392882115384
"ELL2",6.9386130745528
"CDKN2A",6.93413097691941
"IGHV1OR21-1",6.91911144041787
"RPN2",6.91377136322936
"MFSD12",6.91002845348558
"LINC01320",6.90904215104329
"LINC00513",6.90677784239207
"GPRASP1",6.90143764836817
"LINC03004",6.89400285026476
"JSRP1",6.8917860932712
"COPE",6.88299601926716
"SKAP2",6.87423183090134
"RN7SL809P",6.86014253594003
"CCDC167",6.85754907275416
"ACTBP8",6.8538874298223
"ELOCP22",6.84881596296503
"MCAM",6.83760988450921
"PREB",6.83166018590153
"ODF2-AS1",6.81664972931814
"LINC02703",6.80977495528644
"PDCD1LG2",6.80942096532025
"PABIR3",6.79698035568319
"MIR548P",6.78336273452516
"HLA-B",6.78049630867915
"RAMP2-AS1",6.77797865279067
"HSD17B1-AS1",6.77098903507397
"KDELR3",6.77068782713419
"NTAN1",6.7667439321193
"NUP153-AS1",6.75906588914591
"GPR15",6.75142755082413
"TMEM86A",6.74015569313952
"LINC02955",6.74009801841042
"GNB4",6.73947737235987
"LINC02641",6.72002597674838
"CLASRP",6.7190860148824
"TTTY10",6.71586403960909
"HSPE1",6.71445213862904
"SSC4D",6.70084033962101
"FCHSD2",6.69737096807589
"LNCOC1",6.69489687499002
"FAM72C",6.69395076173322
"MYB-AS1",6.67932013600299
"IGLV8-61",6.66579630648257
"HM13",6.66046208483761
"FGF2",6.63782425264182
"TMEM242-DT",6.63147740095556
"KCNJ13",6.62261179906215
"PHLDA1-DT",6.61136945239414
"MED7",6.61097580939084
"CARMIL2",6.60380639333384
"CD79B",6.59923218789088
"LINC02579",6.58756258709273
"ATP2A1",6.57579572669921
"ZNF709",6.55813592296989
"LRRFIP1P1",6.551494189896
"TRAJ43",6.53994626169054
"RNA5SP180",6.52998594218302
"PLCB2",6.52319821897093
"MYO1D-DT",6.51905019676402
"CKAP2",6.50620790578017
"TLDC2",6.49396623463651
"APOBEC3F",6.49070199306101
"MYADM",6.48734649234
"ARHGAP42-AS1",6.48036116546958
"TESK2",6.47850401126102
"MGAT1",6.47424128237626
"SLFN12L",6.47358699315229
"SIAH2",6.47291010144149
"PIF1",6.46842942371975
"CYP2D8P",6.46463955240502
"COL4A6",6.43907432598409
"ZNF598",6.41909288194542
"NCF2",6.4122946101036
"C6orf52",6.40506114069037
"WNT6",6.40444762103826
"APBB3",6.40305366807977
"TSEN15P2",6.39864925106152
"OAF",6.39174234258996
"LIME1",6.3914373564353
"TFAP2E-AS1",6.38748730128325
"ATP11C",6.37212127085874
"AMIGO2",6.36748701399389
"TRGV5",6.35153314087666
"SLC14A1",6.33703178759411
"RPS8P5",6.33507317931486
"TCFL5",6.32947734474816
"ANKRD36B",6.31050709822465
"LINC01816",6.30493993649455
"LCAL1",6.30458045580374
"DMXL1-DT",6.30366107247674
"BMP2K-DT",6.29990957712743
"LINC00423",6.29902278488505
"RNU4-14P",6.28295376259387
"MRC1",6.27660306668668
"SPATS2",6.264162921207
"FAM171A2",6.26396457859924
"MRPS9-AS2",6.25673567084251
"NUDT6",6.23363005620162
"LINC03021",6.22285636509309
"SNAI3",6.21980311796919
"SEC24B-AS1",6.21708177215868
"TRIM62",6.21307054811148
"CLPTM1L",6.20469943942165
"PYHIN1",6.20412734953131
"ANP32BP3",6.2035135825683
"RSL1D1",6.20001779108903
"LEF1-AS1",6.19845359187566
"SNRPCP3",6.19527140609206
"IGHV3-32",6.18487016126967
"ZFX-AS1",6.18317770446048
"SRRT",6.17301782402645
"MIR1261",6.15986249103283
"VAV3",6.1555093214117
"RPL22P17",6.14989762150719
"DEPDC1B",6.13930548668011
"IFITM5",6.1259588894473
"PCDHGC3",6.1257034577045
"TESPA1",6.12563791516905
"GACAT2",6.12042133550731
"CAPN10",6.10148739955838
"CCDC83",6.10017902807828
"MT-TY",6.09633099758934
"KCNC4",6.09010512560561
"IL5RA",6.085998514452
"SETD9",6.07413812159448
"PET100",6.06433954087437
"RN7SL199P",6.06396233967778
"KLHL14",6.06103855737211
"TEX54",6.05541881776661
"AFG2B",6.04495462767846
"INTS6L-AS1",6.03819853213448
"RWDD3",6.01164373458214
"HCK",6.00857502995352
"CHST11",6.00285031273624
"AKAP1",6.00235747898767
"LRRIQ4",6.00166143645347
"SNORD46",5.99890970068156
"TSHR",5.99856522865598
"SLCO2B1",5.9975253098957
"THA1P",5.98975012561679
"LARGE-IT1",5.98303715083165
"MTCL2",5.98121238446802
"HLA-DOB",5.98033469686116
"RPS5P2",5.97868282218107
"RNA5SP194",5.97862603236513
"WDR64",5.95947892328474
"CHIC1",5.95001038704853
"GAS6-AS1",5.94650055173971
"PYCR1",5.94585889627913
"ZNF8-DT",5.93647210059134
"LINS1",5.92686422132184
"GABRR2",5.91468338291703
"MICB-DT",5.89742779755057
"GOLGA8H",5.87967480432308
"TYROBP",5.87405072171836
"TSC22D1-AS1",5.86213668549437
"RN7SL587P",5.86185891392989
"TMEM35B",5.85941397520515
"FAM106A",5.8490941617315
"MIR570",5.82998037888552
"RNASEH1",5.82845874211662
"C2orf92",5.82172515885765
"MTA1",5.82017121756068
"NOX3",5.81108546105178
"C12orf75",5.7873138483538
"GPS2P2",5.78326240940095
"LINCADL",5.78326240940095
"RPL34P20",5.78294985414539
"TRPM1",5.75422917789007
"PPP1R9B",5.73615055183009
"CHKB",5.71307312316794
"CAB39L",5.71136747256603
"RPS29P16",5.70196321657972
"RPL7AP82",5.69422146250612
"RPS6KB2-AS1",5.68719281439049
"LDLRAD4",5.68335640067935
"TSNAXIP1",5.67706378443143
"MIR602",5.67568913040412
"ADORA2A",5.67453624576996
"ARHGAP9",5.67437809171099
"HNRNPA1P76",5.67250803047791
"HAS2-AS1",5.66275102316778
"VSIG4",5.66095384997114
"ELOCP28",5.66089370243191
"ADGRB2",5.65352202111357
"SLC47A1",5.64637414490196
"RPL22P24",5.64325993158252
"PLBD1",5.63061327862655
"BACH1-IT1",5.62274629240754
"KNL1",5.62062017295943
"B3GALT1-AS1",5.62009006031481
"TM4SF19",5.61946943715288
"PDIA6",5.61567600758095
"NOXO1",5.61420678213925
"IGLL1",5.60764608058561
"RNU6ATAC23P",5.60238065703538
"RN7SKP16",5.5993531613671
"OCEL1",5.59870080863874
"DSN1",5.59100383417582
"LTB4R2",5.58965382224512
"MIR5188",5.58370151784893
"ZNF275",5.5836588451747
"PKD2",5.57667186703466
"MAP2K6",5.550387151791
"HOXB8",5.54796128117647
"KCNC4-DT",5.54317508775316
"RNU6-10P",5.54056747617761
"ACTBP11",5.53311332519702
"ANGPT1",5.53157216843585
"HEIH",5.5244025730274
"FOCAD-AS1",5.51325665331465
"CYSLTR1",5.50872220728545
"ZNRF2P1",5.50630387642329
"C11orf24",5.49927169009684
"OR10P1",5.49359785525173
"TMEM221",5.49117619188817
"CNDP1",5.48891607992517
"PLEKHN1",5.48647661451084
"QPCTL",5.48489270176137
"EDARADD",5.48118405014489
"FKBP2",5.4811041370466
"TXNDC11-AS1",5.47457479909229
"TAF5LP1",5.4694344547245
"RNU6-998P",5.46451190020691
"SPHK1",5.45999359242638
"IQGAP2",5.45391182754811
"MPC1-DT",5.44327987174678
"ITGB2",5.44072687074543
"RN7SL674P",5.43970936993996
"ZNF213",5.4349196417842
"EDEM2",5.43007243342655
"SLC28A3-AS1",5.42239562960328
"ALKBH3",5.40996382771405
"SCG5-AS1",5.40494515775259
"NEXN",5.39969259046186
"ZNF217",5.39410438255631
"UFD1",5.3881641209511
"ZAP70",5.38273931300006
"CNTNAP1",5.36750205722634
"TAF1A-AS1",5.36119252389548
"EIF4BP5",5.35630513382027
"BGN",5.35296893856483
"COX6CP14",5.35096344077054
"SNORD69",5.34605543501757
"SSBP3-AS1",5.34586462143846
"LINC02470",5.33925708778485
"TRABD-AS1",5.33450548645767
"NPAS1",5.31716721275197
"IGKV1OR2-108",5.31504370015631
"MIR4494",5.28898137715319
"YWHAH-AS1",5.28691784832901
"MAL",5.28462637475738
"HILPDA-AS1",5.2841997618458
"SMARCE1P6",5.27464525230201
"HSALR1",5.26449284537143
"CDT1",5.2583707951725
"ADTRP",5.25441631912506
"ENTPD4",5.24479559152559
"FCHO1",5.24407715616615
"E2F5",5.23543558053466
"PCDHB9",5.2345590818714
"WASHC5-AS1",5.22258753711256
"LINC01962",5.22139606399031
"JUNB",5.21964478993532
"HOMEZ",5.21617553469088
"TAP1",5.2075550446897
"ANXA2R-OT1",5.2042112752044
"ZNF70",5.1957275339192
"SNORA22",5.19266674826286
"ATP6V1G1P6",5.18539114510242
"RPS15AP29",5.18539114510242
"TRIM47",5.18514657973435
"RECQL4",5.18351286719384
"LINC01297",5.17782666777314
"PIGCP1",5.1720336633146
"POLR1E",5.17131077097202
"CLYBL-AS1",5.16656703729334
"UTS2R",5.15434700125006
"CAPS2",5.14286222048603
"ZNF501",5.13710838899104
"KLHL30",5.1323192871856
"CUBN",5.12883466086307
"FAM222A-AS1",5.12421264973191
"TPM3P1",5.12403088353601
"C16orf86",5.117795374619
"TSPAN2",5.08712555785995
"PDIA4",5.07791144247753
"KRTAP5-1",5.07607898164461
"RNU4-2",5.07084854385928
"FASLG",5.06444527549145
"GPT2",5.06249597845024
"TAP2",5.06140398965372
"RBM14-RBM4",5.05211831191442
"ARHGAP30",5.05093931719228
"SLC10A7",5.04183945313855
"TIMMDC1-DT",5.04111290639936
"ANKLE1",5.03620121726767
"SPATC1L",5.02534403657975
"LINC02970",5.02219529107237
"SANBR",5.01755930542435
"BCAN-AS1",5.01613076385058
"ZNF132",5.0125268863595
"LINC01376",5.00724259541232
"BOD1L1",5.00220350151686
"RABEP2",4.99884794852365
"NMRK1",4.99564911708984
"RNU1-73P",4.9815079706695
"IGHV1OR16-3",4.97146147672669
"SIK1",4.96934329380506
"ZFP36",4.96855623815317
"H2AZP2",4.96810762624059
"PPM1F",4.96121490437657
"BRSK1",4.95869496943595
"AHNAK",4.9586250717537
"LINC00592",4.95620095356925
"NPIPB15",4.93155684755057
"OXCT2",4.92826213634619
"UBB",4.92427006852955
"NICOL1",4.92214658393333
"LINC00299",4.92081323158523
"IGLC4",4.90759142022345
"TAPBPL",4.90543426704144
"MARCKSL1P2",4.88414088275543
"MIR7106",4.88320450540387
"MDP1",4.88078413715059
"ELFN1-AS1",4.87668986219162
"NETO2",4.86756724866634
"LINC00570",4.86444990297371
"ODAD3",4.85666120309822
"MIR4526",4.85634394720483
"CDCA3",4.85591349217173
"CABLES2",4.84743058531202
"UBE2B",4.83647217236489
"GDPD5",4.83367993127647
"MEF2C-AS1",4.83133087034255
"RPL10P18",4.82409552707731
"NDUFA4L2",4.82083287363148
"UCHL1",4.82079057570386
"AK4",4.81883766646158
"CHAC2",4.80893606053109
"PDE1B",4.80609352655641
"TLE1",4.79743961556408
"TRDMT1",4.79544659288982
"TRIM26BP",4.79078300169604
"IGHD2-2",4.78723404852053
"CHPF",4.78647198539642
"LINC01732",4.78317394240736
"ANKRD44",4.77867503180199
"LINC00652",4.77792936696098
"HOXC4",4.77688712874851
"GNG7",4.77273288183978
"ARFGAP1",4.77228121637047
"LINC03057",4.73382718125808
"GRPEL2-AS1",4.73381299256992
"TNXB",4.7314162282142
"RNVU1-31",4.72925684833154
"RNF122",4.71836990495676
"ZNF101",4.71556278368197
"GMPPA",4.7134723156225
"IRF2",4.71167612444642
"CES4A",4.7091363311106
"LINC03050",4.69393379678925
"CCDC50",4.6898713255511
"H2BP6",4.68795611910195
"LILRB1-AS1",4.67851496552816
"APOBEC3B",4.67683709743006
"SELENOO-AS1",4.67682977567744
"TLR10",4.67597351883762
"TCF19",4.66488286845888
"RUBCN",4.66402924969188
"RNU6-1111P",4.65975990769631
"ACVR1C",4.65404684386322
"KCNIP3",4.65116107877171
"MISP3",4.64749060320395
"KIF11",4.64734253034288
"TLCD4-RWDD3",4.61291281100432
"UBALD2",4.61042401573752
"IGHV3-42",4.60740211672759
"PMEL",4.60731490100424
"SRRM2",4.60123261589284
"IKBIP",4.58292348662942
"CD5",4.57930101700576
"RNU6-390P",4.56582670381098
"ANO8",4.56383550391911
"ATP13A1",4.56196710674882
"PYCARD",4.56092660802016
"LINC01318",4.55762946925912
"PFKFB1",4.55762946925912
"SSTR3",4.55459887897809
"ELK3",4.55260209492739
"CEP135",4.54803920996839
"USH2A",4.53488479403626
"IGLVI-63",4.53049238445155
"CYP2R1",4.52947272372758
"ZNF252P-AS1",4.52178337653373
"OXT",4.520804225824
"DRG2",4.51853303347726
"H3-3A-DT",4.51139956076857
"LINC02576",4.50765555062388
"ATP2B1-AS1",4.50408458484592
"NUDT2",4.48970995739265
"S100G",4.48830300961297
"KDM4B",4.48454390480076
"GPR155",4.48406319171624
"SNAP29",4.48378440095109
"WBP1",4.48008091459692
"LINC02716",4.4776907402865
"IDS",4.46497663902133
"CCDC85B",4.46362189347906
"SPCS2",4.46174778385845
"SLC4A5",4.46079348102665
"DNAI7",4.4545252477298
"GATM",4.44553841176203
"PRKAR2A-AS1",4.43719182170912
"LRWD1",4.43611748713715
"RNFT2",4.42835405750283
"TMEM184B",4.4244911342454
"ZNF212",4.41677421127817
"TAT",4.4057095650203
"SIX5",4.40249351651301
"ORAI3",4.39981518957893
"CENPB",4.39538382825472
"CYBB",4.38371378293001
"FOXO1",4.38052679646485
"KMO",4.38030036778974
"PRADC1",4.37477023277305
"NOP53",4.37410585607147
"IGLV2-34",4.37327559009531
"THAP2",4.37314018282129
"CTBP1",4.37166251167626
"RPL21P95",4.3659556946217
"FBXL16",4.36231674763761
"RHEX",4.35903059978314
"SYTL1",4.35893508840258
"LEMD2",4.35842075180562
"ITGAL",4.35457343589862
"CERNA1",4.34462140429501
"TMEM214",4.34013164064084
"LINC01498",4.33978362807454
"CLYBL",4.33528310241294
"RUNDC1",4.33051281062478
"TRBJ1-1",4.32036660281427
"MAN1A2",4.31721732279554
"GBP3",4.31554988029696
"IGKV1D-37",4.31406556818992
"LUM",4.29916944840738
"BST2",4.29513362004149
"MNX1-AS2",4.29192927922028
"DDX39B",4.2846015604213
"ZNF554",4.28448605534454
"CPLANE2",4.28009314287503
"NCAM1",4.26971623877469
"LRRC19",4.26763225684335
"TMEM271",4.26613908790665
"SEZ6",4.25645483493299
"TCF3",4.2461629262768
"GAS2",4.245201980973
"KCTD4",4.24266481399554
"PSMD11",4.23892751947114
"GAS6",4.23757716881432
"OR7C1",4.23211168105696
"TRAJ34",4.23153352505402
"NFKBIE",4.22567757384192
"NPHP3",4.22114666792851
"SEC31B",4.20548100418844
"IMMP1LP3",4.2043635384923
"MARS1",4.20290124139369
"RNF152",4.20208491795857
"IFI30",4.19846474449568
"DOK2",4.19404346532478
"LINC01802",4.1689799343357
"RN7SL1",4.15575171025158
"TSPOAP1",4.15468402651846
"FRMD6",4.15291911124336
"PLP2",4.15053773811427
"ZNF222",4.14749369903284
"SCARB1",4.14457113623587
"FBXO5",4.13022307476063
"SEL1L3",4.12843196753867
"IGHV3-30-2",4.12271970657831
"IGHV3-29",4.12269144986659
"MEF2C-AS2",4.11921399592515
"SLC45A4-AS1",4.11901073422151
"TREML2",4.11579606875823
"OR2D2",4.10350123335457
"KDSR-DT",4.09440200910997
"CCDC3",4.09308120522504
"PTP4A3",4.08902421756596
"IFT70A",4.0846405372176
"IGKV1-32",4.07831083801419
"METRN",4.06626721616223
"LINC00412",4.06595179518577
"LINC02099",4.06257788161371
"PRICKLE3",4.06000949558579
"TUBA4A",4.05915643070133
"TRMT2A",4.05401384531322
"HELZ2",4.05343263154948
"UBA5",4.04457944848116
"HELZ-AS1",4.03055617168072
"HMCES",4.02597881663914
"CD48",4.02446229034007
"RTEL1",4.00970014307527
"ANKRD20A11P",4.00858649923032
"CDC42SE1",4.00364117926326
"WWOX-AS1",3.99976151246118
"PAOX",3.99349062901
"KIFC2",3.99143061069221
"HYOU1",3.98886433701417
"MIR3155A",3.98517568575204
"LRRC17",3.98444771927456
"NIPA1",3.98436845731515
"RPL17P28",3.98404400829521
"LINC02915",3.9793291985141
"LINC00216",3.977594696161
"USP38-DT",3.97499213677195
"PSME2P3",3.97095058083315
"MRPS2",3.96801970293807
"DPH7",3.96066016099473
"RN7SL630P",3.95643300388101
"CPVL",3.95426091263561
"CTU2",3.94598606305949
"PLPP5",3.94502341221895
"IRF3",3.94097569422362
"OPN3",3.93817806297451
"CFAP97D2",3.93792133614648
"ZWILCH",3.93791948596945
"OGFOD2",3.92036536877799
"KLHL32",3.91941309854393
"NLRC4",3.91742390324215
"GALR2",3.91528412566435
"SOD1P3",3.91393366567059
"FSIP2-AS1",3.913632076204
"RABAC1",3.9133750278535
"WDR54",3.91313787399877
"LINC00309",3.91092209625797
"ERICH6-AS1",3.91031785291879
"SELENOS",3.90222773072057
"MFSD8",3.89730851092728
"ZFP91P1",3.88116676299539
"FN3K",3.87874715995429
"HARBI1",3.87453910025983
"ZC2HC1A",3.86975137717987
"MROH8",3.86692356149933
"ANKRD40",3.84766644188228
"SUMO2P8",3.84602823966989
"OR2T1",3.84055196426629
"DDOST",3.83706782287821
"FOXD2-AS1",3.82634249670791
"THAP7",3.82616849151419
"CASP10",3.81498398005598
"NBAS",3.80746617744137
"PLP1",3.80636819281145
"COX5BP6",3.80155027155927
"LINC02583",3.80128458995629
"GDPD4",3.78890002570884
"ACAP3",3.78510516443912
"ATAT1",3.78300973670776
"RENBP",3.78274043254791
"SETDB2",3.77909146516602
"EEF1B2P1",3.77890749183785
"TEX22",3.7787333046065
"CDRT4",3.77479124466918
"CDKN3",3.76991304244772
"SLC30A6-DT",3.76980176486029
"TYRO3P",3.7654460915327
"CD2",3.76195493939248
"NR2F1-AS1",3.76088721615198
"RPL17P10",3.7587598058332
"SOHLH2",3.75358404210895
"MIR1202",3.75352395609524
"TMEM119",3.74655522240701
"C1orf56",3.74634189409483
"SYNJ2",3.74478788575479
"CFAP91",3.74215040417446
"COX6CP13",3.74139350870785
"STX18-AS1",3.73787242774118
"CDR2-DT",3.73184790844055
"ASPM",3.73050366644312
"LILRB2",3.72392457851023
"CHST15",3.72157110375232
"VPS11-DT",3.7084555400693
"SPATA33",3.70004747302601
"SYK",3.69948221993383
"TBC1D1",3.69445693239165
"MRPS15P1",3.69250465129625
"CD70",3.68626611957673
"PPP1R2B",3.6787727229098
"CCR4",3.67469092981253
"ZNF526",3.66866228849136
"UGT3A2",3.6686209947874
"EMB",3.66858724763941
"FBXL19",3.66642607305978
"BABAM1",3.6650343225692
"PLCL2",3.66488159130671
"ABHD1",3.63589306907555
"PODXL2",3.62949032066685
"SFMBT2",3.62748419963441
"S1PR5",3.62109330515012
"BEGAIN",3.6130579598589
"TRBV24-1",3.6120437380451
"LINC01970",3.61127428626124
"KLRK1-AS1",3.60665004282985
"RHBDF2",3.59678676847728
"DNLZ",3.59457412121729
"SLC16A6",3.59190154516424
"RPS3AP20",3.58874511663841
"COTL1",3.58672854465214
"HSPD1P5",3.58487957954518
"FLT3",3.57149424648426
"CTSW",3.56534743184075
"HIPK2",3.5635019519613
"SEPTIN4",3.56209631457669
"SIDT1",3.56160583600222
"JAKMIP1",3.55934602956933
"CIDEB",3.5519730706713
"RPS6KB2",3.55157627545122
"AARS1",3.55127908186179
"RMI1",3.54821010899319
"RNU1-101P",3.54751150992132
"MED18",3.54105977946359
"UNK",3.53812985713917
"H1-10-AS1",3.53484992895288
"GOLGA1",3.53431722934808
"EPB41L4A-DT",3.53280656776385
"GASK1A",3.5276207578899
"ZFP41",3.52572356935889
"COMMD3",3.51332897761199
"PKD1L1-AS1",3.50912886122134
"NCAM2",3.50314449498267
"CFAP184",3.50239768284661
"FUNDC2P1",3.50059694399924
"LTBP1",3.50012251949828
"NTAQ1",3.49904044390911
"CCDC110",3.49103980908488
"OR7G2",3.483580718063
"SPCS1",3.48241559329676
"IDH2-DT",3.48065110195602
"PERM1",3.47381964605087
"CDR1",3.47136966308979
"MRPS31",3.46660730969194
"GOSR2-DT",3.46632252111889
"TCEANC",3.45986377276454
"HSPD1",3.45848508320384
"DRC3",3.45549349942748
"QRICH2",3.45341673028333
"B3GALNT1",3.45203374507203
"TNNC2",3.44512757323897
"ZNF66",3.4448382632708
"NR4A1AS",3.44065910712377
"ZSCAN1",3.4386512545021
"DPP7",3.43827255919311
"MYCBP2-AS1",3.43696750635776
"TMEM71",3.4356385836314
"RNF113A",3.41956875072692
"PTGER4",3.41916115616443
"ACSF3",3.41900516132754
"MIR3134",3.40966631818606
"TNFAIP8L1",3.40742585979196
"ZNF688",3.40698207347517
"H3C4",3.40542491543175
"ATF4P3",3.40171403520131
"PLCH2",3.39510957552466
"SNAP47-AS1",3.39229266272499
"ZNF442",3.3874320597565
"NAAA",3.38553112641068
"EGLN3",3.38545605814922
"REX1BD",3.38472868008709
"MTOR-AS1",3.3809456544076
"ANKRD61",3.3809456544076
"ZNF628-DT",3.3809456544076
"FKBP14-AS1",3.3739960063758
"LINC02367",3.36788344831518
"LDHAP2",3.36735997835386
"COL5A2",3.36527899539798
"OSER1-DT",3.35910983046782
"BCAR3",3.35778899224653
"NPB",3.35702888146167
"ZNF710-AS1",3.35386507129242
"RASGRF2-AS1",3.34216821990104
"ZNF518A",3.34071864235402
"CCPG1",3.3392381508496
"CAPN10-DT",3.33882705840411
"TRIM39",3.33747884603216
"TMEM187",3.33655790469952
"NEXMIF",3.32278410343504
"TRADD",3.32075632185628
"TMEM19",3.29808542290595
"REELD1",3.28946477410937
"RCBTB2",3.2892995060529
"EHD3",3.28851544421967
"TGIF2",3.2849839218567
"PPIF",3.271370640239
"MYCBPAP",3.26861477868821
"FBH1",3.26443927215866
"RPS19BP1",3.26354116378068
"DMRTA2",3.25945220183282
"BZW1",3.25196089648725
"SAP30",3.24821946134661
"MIR29B2CHG",3.24387417715339
"TRPA1",3.24353719277046
"PIK3R5-DT",3.24023430431174
"DEPDC1",3.234787656651
"IGHD1-26",3.22805645022589
"LINC03067",3.22563266357959
"MDC1-AS1",3.22501820682194
"MIR8071-1",3.22006338324396
"ATF6-DT",3.21930524768624
"ASLP1",3.21435124747857
"RNU7-49P",3.20820528094117
"SAP30BP-AS1",3.20775162530524
"NPIPB8",3.20400840412456
"RPS6KA4",3.20197743723458
"KMT5C",3.20026038407972
"KIRREL2",3.19634117191684
"CLASP1-AS1",3.19527536604218
"ABCB9",3.19223395096038
"LIN37",3.19164843896189
"LETM2",3.18644185504539
"APOLD1",3.18378448126145
"SNORA71B",3.18232969105573
"IRF2-DT",3.17932113210829
"SLC35B4",3.17698794818169
"KHK",3.17623737934911
"NANOS3",3.17618861418282
"BMP8B",3.17416784883723
"CACNA1H",3.17316814710557
"UBE2H",3.17273196795486
"WAPL-DT",3.17182504598812
"RN7SL23P",3.14925930720327
"GTPBP3",3.14609586189714
"IRAK1",3.13977919123713
"SRP72P2",3.13747961469887
"GNAI2",3.12270130236523
"GRB2",3.12141281341049
"ERGIC3",3.12089962577973
"PDGFRB",3.11691667058899
"H1-3",3.11664662144063
"PDCL2P2",3.11396722773716
"SAMD9",3.11300905124273
"TLE1P1",3.11275097901905
"CELF3",3.1102158448928
"ATP6V1C2",3.10412398188434
"MIR631",3.10407174827398
"DHRS11",3.0995877687553
"SLC6A4",3.09853175107556
"ORC5",3.09636081020748
"TMED9",3.09480984727849
"DRC12",3.09133446187884
"POLQ",3.09114319969629
"AVEN",3.09072276710398
"MS4A4A",3.08795369385861
"SLC35A4",3.08614234789121
"ZNF419",3.07847736475841
"NKAIN1",3.07623880018155
"WDR88",3.07238285283605
"BTLA",3.07108708698798
"DPEP2",3.07084658456751
"SLC13A5",3.07070246268736
"PEAK3",3.06847239127487
"MIR3918",3.06488756492967
"HSPA13",3.0568358242584
"SRPRB",3.05536936230802
"LINC00161",3.05132713984225
"NPIPB14P",3.04287034239843
"TIMD4",3.03939801854386
"LMNTD2",3.03914511456261
"GAPDHP60",3.03415396526658
"CDC20",3.03267134380979
"DYNLT3P2",3.03021970285057
"LINC02840",3.01887238201961
"POMC",3.01318527356797
"H2BC3",3.01310230214485
"OR2W6P",3.00627040022399
"EIF4A3",3.0050983609726
"RPL7L1P14",2.99978580077709
"MYL12BP2",2.99766675319978
"LINC02422",2.99667753489697
"H2AC14",2.99666539523008
"DUSP12",2.99332452133826
"PYCARD-AS1",2.98395864280059
"LINC02241",2.9822897945021
"MAJIN",2.97704096469848
"PRR15-DT",2.97628228524834
"PLK5",2.97491578703292
"MIR6747",2.96934910375608
"TGFB1",2.96579726291869
"UBE2Q2",2.96554311941967
"LINC00113",2.96307825495926
"ZSCAN25",2.96262090908176
"PRR29-AS1",2.96135876953525
"ZNF257",2.94981880486011
"RN7SL834P",2.94816077202883
"RHBDL3",2.94238573299061
"RAB3C",2.93769886728723
"ZNRD2",2.93418732358648
"USP36",2.93342111542174
"NOPCHAP1",2.93333766706881
"ARL9",2.92795507954415
"DUSP8P5",2.92712976894427
"MFSD3",2.91869083064418
"SNAP47",2.91500318265952
"TCL6",2.91341277355873
"MERTK",2.91058562422567
"POMT2",2.91057103391544
"MIR3155B",2.91015111172314
"SLC25A42",2.90671085687787
"ZNF761",2.90596121092162
"TAB1",2.90507856931679
"PAQR4",2.90424956035687
"SETBP1",2.90064741780638
"FBRS",2.89230755277702
"BMI1",2.89199535805812
"NANS",2.89199410099042
"FBXO16",2.88806085790996
"NSMCE3",2.8877468031254
"FANCM",2.88719242631424
"PREX1",2.88398064057214
"CEBPB-AS1",2.88297445384298
"ABCA6",2.8669175952589
"MIR210HG",2.8664467660346
"KCNAB2",2.86453416874541
"LRFN1",2.8601512143118
"DRC1",2.85746916418955
"RNU6-1208P",2.85548587063107
"RNU6-206P",2.85376818681894
"RBMXL2",2.84783030198015
"VN1R84P",2.84478505843373
"DIO1",2.84134849627275
"LMAN2",2.83310378379624
"CD1D",2.82883621495064
"DERL1",2.82742517421024
"RNF212B",2.82555687858209
"KLRC1",2.8239587414386
"PPP1R13B-DT",2.8189151940974
"SNORA74D",2.81681923573848
"THAP3",2.81590977294385
"APOB",2.80827601959102
"PPP1R21-DT",2.80506422712148
"CHRNB1",2.80307805698718
"CFLAR-AS1",2.80301930170898
"ARID3A",2.80274949754938
"SNHG9",2.80272306316373
"REDIC1",2.79872880752417
"CEP78",2.79559810804764
"LCN15",2.79141600878141
"DISP2",2.78826604322162
"CENPW",2.78725285232999
"MALT1-AS1",2.78319770949616
"ASAH2",2.78166341508718
"GORAB",2.78044271677056
"TRAJ55",2.77520782591962
"SH3GLB2",2.77401936487159
"PLK1",2.77060333437443
"CEP120",2.77026391706746
"CARHSP1",2.76980298202938
"CARD8-AS1",2.76915960887905
"TWSG1-DT",2.76904678861547
"RN7SL337P",2.76338339084874
"KBTBD8",2.76248096319908
"SP140L",2.76140950228298
"ANKRD30B",2.75927375164429
"MTNAP1",2.75617618246801
"ETDC",2.75220975864108
"SLC9B1",2.75159294997836
"SRPRA",2.74868620088314
"LAMA5-AS1",2.74821793893733
"GADD45A",2.74762293481361
"UBE2SP2",2.74575400451577
"NPRL2",2.7451616276876
"PMCH",2.74042078316452
"RPS21-DT",2.73778109828238
"SSR3",2.73361228471307
"ATG4A",2.73255164221428
"CDK6",2.72593515518534
"NBPF1",2.72555594463702
"CCDC88C",2.72186249207851
"ANKRD33B",2.72055182455419
"AKT1S1",2.71812821597835
"NME1",2.71523951560791
"C4B-AS1",2.70741867606243
"KIF7",2.70555195695526
"LINC02205",2.70298144978451
"SH3BP5",2.70243607903541
"TYW1B",2.70066847876545
"MEP1B",2.69712220955877
"CALR",2.68545198296251
"ATG16L2",2.68337698322727
"ABRAXAS2",2.67678758739647
"HSPD1P4",2.66998581317472
"MYDGF",2.66964875133508
"ASB16-AS1",2.66598057672192
"TENM3",2.66350527608125
"ZSCAN32",2.65888682850208
"DPPA2P4",2.65470152137269
"UBE2MP1",2.65107583850305
"IL27RA",2.65050983495596
"BCAR4",2.6439793339125
"GLI1",2.64279777528329
"HCAR2",2.64079148363874
"PCBP1-AS1",2.63604702989968
"ALG13-AS1",2.63217145069445
"RPL32P27",2.6290389140504
"PBXIP1",2.62629182491849
"MELTF",2.62317801613348
"PSMB8-AS1",2.6228271887516
"EIF4A1P9",2.62105347733371
"WNT11",2.62076889418985
"FKBP7",2.6204330943413
"ITIH5",2.62032597489642
"LINC02288",2.61992119092539
"LINC01053",2.61818858241838
"LRRC8C",2.61693021298663
"EHBP1L1",2.61402643315504
"GTF3A",2.61374044090331
"TYSND1",2.61295551679605
"RYR3",2.60839980418498
"SLC38A2-AS1",2.60557884689122
"GAL3ST4",2.60421126174515
"ABCB1",2.60331659125736
"ABR-AS1",2.59805692325331
"SPATA20",2.59083956466171
"BORCS6",2.58895414717252
"OR51L1",2.58843426513959
"SIRT2",2.58637710428061
"ENTPD7",2.58603787647744
"BMF",2.58212550523707
"TM2D3",2.57978546123014
"CTBS",2.57502419321448
"MTRF1L",2.57171047627869
"MBD1",2.56804741772699
"OR4F2P",2.56779869103873
"SNORD89",2.56577135873775
"DDN-AS1",2.5649955776171
"CALCB",2.55625789712597
"EPSTI1",2.55442795899941
"RGS9",2.55393377109057
"BOP1",2.54738326254793
"LRRC24",2.54694272861001
"ZNF786",2.54590850435607
"MTIF3",2.54577525055213
"GJC2",2.54555220714579
"ABHD17A",2.54236067194197
"NHP2P1",2.5401619855737
"C12orf71BP",2.53991607809545
"CARS1-AS1",2.53898933804652
"OSBPL3",2.53678236228579
"EMSY",2.52670421950657
"TRANK1",2.52504723291464
"ZNF611",2.5221609244058
"PSME2P2",2.52200790506906
"ZNF875",2.52152158922176
"SLC38A10",2.51954822168415
"PDE10A",2.51295437595213
"SFXN1",2.5106451148162
"SPI1",2.49388294666984
"MED29",2.49372040772117
"CLDN5",2.49173455967776
"CAMK2B",2.48936729028352
"PCNPP1",2.4875608604051
"MED8-AS1",2.48487271701548
"ARSB",2.48150347416745
"OS9",2.48139051821057
"TMEM183BP",2.48079703734366
"LINC00426",2.47965284779265
"PPOX",2.4774937389956
"ZDBF2",2.47700452354428
"NKAPL",2.47567590390669
"R3HDM1",2.4656127412264
"MIR646HG",2.46112262724964
"CACYBPP2",2.46061437868243
"B4GALT7",2.45832600866802
"PGF",2.45762370824302
"ZNRD2-DT",2.45705319148347
"FUT8",2.45696719485966
"ATG4C",2.45564024087402
"PCGF5",2.45456642735974
"IGKV2-19",2.44815838989875
"IGHV3-75",2.44578945622397
"L3HYPDH",2.44403846161389
"TBL2",2.44178728821665
"RNU11-2P",2.44140531678434
"VCPKMT",2.44084738818044
"HEMK1",2.44023337049973
"CDK14",2.4398785233262
"FBXL6",2.43928202960942
"MTHFD2",2.43650848434032
"LY6G5B",2.43609659604364
"CYCSP28",2.4331880245004
"PSTPIP1",2.43090422038727
"B9D1",2.42975934444432
"USP18",2.42908826890441
"PIMREGP3",2.42798332706839
"SAMD3",2.41827073349608
"CCNE1",2.41687290127181
"DHPS",2.41464115509931
"ELOVL2",2.41138878557979
"NUP107-DT",2.41102829916382
"CCDC18-AS1",2.40730374953228
"PCDHA9",2.4044253210703
"IGFLR1",2.40354329185375
"C14orf28",2.40237050653974
"PLXNC1",2.40165517488279
"OR2A7",2.3998657918071
"DEPTOR",2.39771057769476
"SHMT2",2.39511192956626
"RPS4Y1",2.39247082918177
"LINC00265",2.39072027064832
"PDGFRL2P",2.38832631291464
"PCP2",2.38494411247428
"MANEAL",2.38338463458587
"TWF1P1",2.38256580893053
"RASSF2",2.37918577858242
"SIRPG",2.37761505527169
"HOXA6",2.37623778342625
"MIX23",2.37510696687611
"LANCL2",2.37508917525999
"NHERF1",2.37256860235431
"IGHD5-18",2.37080052132542
"CLIC4",2.37018669368648
"RNU6-378P",2.36930518182434
"NCKIPSD",2.36891784705354
"TREM2",2.36732138282807
"BATF",2.35712130293709
"NPIPB4",2.355655106707
"LMAN1",2.35441692772772
"DGKA",2.35083974034431
"JUN",2.35027893012264
"ACER2",2.34967551557392
"RAB8A",2.34824987512379
"CCDC15",2.34447712083757
"SOCS3",2.34190230174027
"CDKN1B",2.34032612512284
"GNAZ",2.33796939745995
"SLC9A3R1-AS1",2.33260158008573
"DNHD1",2.33069606021978
"DNM3-IT1",2.32773573364692
"TRIM14",2.32287280124465
"EIF2AK3",2.3208133532563
"UFSP2",2.3165901567182
"ADGRE2",2.31388628102935
"GTSF1",2.31299586165552
"CELA1",2.30958559587131
"AKR1A1",2.30877606049858
"SOX15",2.30810050079823
"DNAJB9",2.30638338657662
"LINC02033",2.30559173239358
"LINC02803",2.30304514610376
"TMEM132B",2.29564028425022
"DNAJB13",2.28765905854472
"GAPDHP17",2.28765905854472
"TRGV5P",2.28595549983712
"TRIM27",2.28421564116119
"GPR180",2.28031410440288
"SOX30",2.2764998295086
"YKT6",2.2760009354038
"IGHVII-43-1",2.27107997186171
"DNTT",2.26598784416377
"FSCN2",2.26598784416377
"NRCAM",2.26538265219928
"SNX9",2.262380511667
"USF1",2.26026558736435
"C19orf12",2.25789322055274
"BCAS1",2.25759170155199
"C3AR1",2.25687445457731
"LMO2",2.25017818256518
"HTR4",2.24777284564996
"BSG-AS1",2.24287180153284
"TMEM100",2.24111817213156
"IMPDH1P10",2.23661221944095
"CENATAC-DT",2.23581305293389
"MOCOS",2.23438487321701
"INTS13",2.23391985941676
"RNU7-20P",2.23368170865807
"H3P36",2.23295601293496
"SKOR1",2.23208615483316
"IGHV3-54",2.23160153723389
"SOCS3-DT",2.2278328158562
"TAS2R20",2.22540516339458
"SGO1",2.22101091315081
"PTMAP12",2.22091895818043
"LINC02177",2.21811995973078
"NAT9",2.21327293694143
"RNU2-22P",2.21288878493352
"TMCO5A",2.21036115382973
"SFXN5",2.20689331538377
"CCND2-AS1",2.20563117035369
"SP110",2.20494344660332
"SH3BP5-AS1",2.2017836156202
"RNU6-343P",2.20101545552423
"RYR1",2.19983164327439
"CHST12",2.19131978348417
"HAUS6P1",2.19095272992818
"STK32B",2.19048480097703
"PTPN6",2.18631201057404
"PTK2B",2.18618823871303
"MICAL3",2.18148810985815
"POMZP3",2.17713994979465
"SEC24A",2.17409498080137
"LRGUK",2.17323895581335
"NEMP2-DT",2.16792293592221
"IFI35",2.16111579252818
"SLC35B1",2.15852938667626
"STIMATE",2.15412972685329
"TRAJ9",2.15404327523234
"ZDHHC8",2.15330401265344
"RNU6-476P",2.147367321753
"CHEK2",2.14018139380397
"CD33",2.13777793049399
"EXO1",2.13758274798488
"TUBB2BP1",2.13707783362371
"GMDS-DT",2.13375101698464
"RPL39P16",2.12778075511399
"AGA",2.1265281352248
"ADAT3",2.12033131696058
"SCO2",2.11796811210329
"ALG14",2.11652387146567
"MYO1G",2.11458660966084
"BEX5",2.11062027468007
"TRIO",2.11005333902046
"LINC01088",2.10634024273605
"CHDH",2.1022625885774
"PSMA7",2.09964078980467
"CTH",2.09185594259447
"RBM38",2.09127653196193
"SNORD72",2.0883009467614
"ANKRD13D",2.08452163623044
"FKBP14",2.08213670209091
"CTC1",2.0820426510278
"TRAJ30",2.07805666965444
"SRP54",2.07723443053496
"CISD2",2.07559427213107
"IGHV7-40",2.07473712772556
"CCNH",2.07448653926182
"DNAJC30",2.07380699216522
"CUTA",2.07210908752847
"TPTEP2",2.07097402239011
"OPTN",2.0691871819191
"LINC00957",2.06778541826059
"PPIAP74",2.0666965822486
"LRRK1",2.06622217742629
"IGKV2-23",2.0654145143739
"MYBL2",2.06342981770065
"ZNF517",2.06157615392066
"KHDC1-AS1",2.0615440078995
"BTD",2.06001277865994
"FCHSD1",2.05885444472453
"ANAPC5",2.05679210708372
"RNF126",2.05499579595392
"GRK2",2.05406770063465
"USP7-AS1",2.05373820455257
"CDK5RAP3",2.05344163590004
"SEC14L1P1",2.04888877227352
"CARD8",2.04747920047908
"MEF2C",2.04335428115514
"C21orf58",2.04321547550827
"GORASP2",2.04220640483728
"CASP3",2.03476802517596
"TRAV13-1",2.03471181611257
"C4orf36",2.03342908057072
"RHPN1-AS1",2.03094714787339
"FAM106C",2.02717959451874
"SKIC2",2.02685588310361
"UBE2L6",2.01989431608985
"HNRNPA1P5",2.01739401569705
"LINC01998",2.0160218730623
"OR4K13",2.0160218730623
"SH3BP5L",2.01432285860941
"SNORA80B",2.01225631285413
"TMEM59",2.00813772130716
"L3MBTL2",2.00527583456621
"KCND1",1.99908493281641
"ZNF460-AS1",1.99382851889667
"HRG-AS1",1.99254175367972
"MTND2P12",1.99216809052216
"SPHKAP",1.99171051892286
"CSGALNACT2-DT",1.99027709387896
"TFEB",1.99001678835867
"PQBP1",1.98919508909013
"SMIM13",1.98804294002803
"UHRF1",1.98627054549266
"FOSL1P1",1.98513248820722
"HNRNPH1",1.98348733957246
"ESR1",1.9829040767688
"SUB1",1.97809464090129
"PLIN3",1.97794775484597
"ALKBH8",1.96909662359681
"NDUFAF4P1",1.96560475719357
"HPD",1.96468647431988
"PHETA2",1.96408666490863
"ZNF544",1.96196603993417
"HMMR-AS1",1.96028255161234
"DDX18",1.95603855655434
"CARINH",1.9555865231848
"PARP2",1.95316424358237
"LIX1-AS1",1.95308767029195
"ZBTB46",1.95208052541313
"LINC01825",1.95109621703992
"RELB",1.95099147923235
"WNK2",1.94896398917639
"PIP4K2A",1.94862538079733
"PRKCSH",1.94757251679148
"CORO2B",1.94329783717098
"TTI2",1.94210100063361
"RPL7P21",1.94019719710905
"ZNF766",1.93846783498751
"PDCL3P5",1.93670054071999
"MBNL2",1.93451981049471
"ADAMTSL5",1.93377841473879
"ESRRG",1.93140332062888
"HYOU1-AS1",1.93037467366062
"FMNL1-AS1",1.92804999885564
"NLRP8",1.9196343545154
"AZIN1",1.9178671146215
"SNORD6",1.91756662111825
"DLX4",1.91169993561795
"IDI1P3",1.91027608086634
"COPZ2",1.90600669506411
"SAP130",1.90347302753549
"ZNF48",1.9028661861576
"CENPF",1.90065065316451
"GM2A",1.8997014890529
"PDCD1",1.89616066863723
"TGFBR3L",1.89012254688194
"RN7SL338P",1.88924155924024
"THAP8",1.88866032396865
"ADORA2A-AS1",1.888339931832
"PSMD10P2",1.88725143601195
"CBX2",1.88725143601195
"NAV1",1.88642917911268
"RHD",1.87837853909282
"SUSD3",1.87691547069939
"KIZ",1.87647704105103
"CSK",1.87594432324504
"AQP11",1.87385128946723
"BCAR3-AS1",1.87222850343639
"PPFIBP2",1.86742931945624
"ARL17A",1.86616316225384
"PPM1K",1.8638254619323
"LINC01562",1.86235600048605
"SNX8",1.86175399556146
"RN7SL230P",1.86132323049793
"IGLJ1",1.86039756355151
"HTRA2",1.85769583645431
"ARHGAP26",1.857594141265
"ZFP14",1.85729023498938
"MANEA-DT",1.8525768455914
"AMDHD1",1.84533961533117
"RELL2",1.84426827824946
"UPF2",1.84283556307599
"HCG18",1.8425169297833
"VTRNA1-3",1.84156084676627
"COLQ",1.84150969255122
"IL26",1.84093925680057
"CDK17",1.84043336610997
"TEPSIN",1.83131576981963
"FAM53B",1.83061403952496
"CFAP97D1",1.82645220247852
"INPP5E",1.8233670343443
"TPM4",1.82154478048324
"EIF1AX-AS1",1.81732265143089
"MAGEH1",1.81674515698243
"PTP4A1P3",1.81523573276888
"SEC61A1",1.81363238493872
"CCDC102A",1.81352571482417
"GLIPR1",1.81326237073097
"ALG12",1.81065913199304
"MDGA1",1.80948039259931
"IGLV3-22",1.80907265730637
"DM1-AS",1.80510030183935
"SELENOTP1",1.80381152044102
"C17orf67",1.79881152290928
"IMPDH1",1.79736249080358
"TMEM44-AS1",1.79675918999424
"CAGE1",1.78228371584341
"SH2D1A",1.78191321834299
"RFT1",1.7787978847562
"PARG",1.77657651906857
"NIPSNAP3B",1.7765192613222
"FAM174A",1.7753078094558
"MTHFD1P1",1.77429167894008
"MIR4796",1.77346142595038
"PAEPP1",1.77346142595038
"H2AC7",1.77274533462742
"RBM33",1.77192345527734
"STX11",1.77137875355033
"FRMD8",1.76928911904318
"DNAAF2",1.76787484872442
"PDIK1L",1.76785743205398
"RNU6-194P",1.76710263875847
"CAST",1.76682559345112
"LINC00304",1.7642322956569
"UBE3B",1.7639707362249
"SDAD1",1.76393038943325
"CTBP1-AS",1.76377133066596
"LINC02250",1.76329491592873
"ABCG1",1.76279139335744
"ADCY5",1.75981924525167
"CYREN",1.75863090891706
"TPD52",1.75793370243619
"RPS6KL1",1.75744903933529
"MYEOV",1.75705415278103
"RAD17P2",1.75433893169255
"IGHD2-21",1.75410453085585
"NFKB1",1.7516223831666
"RPL36AP7",1.74960736901387
"STUB1-DT",1.74758518297095
"MC1R",1.74605073131056
"CEP19",1.74529472369597
"MIR548Q",1.74378210223415
"CLN6",1.74371025839883
"LINC01755",1.73889338412598
"SAMD9L",1.73818912745648
"RNU1-1",1.73742763384119
"SDF4",1.73462653455719
"RN7SL370P",1.73388854684878
"OR1F1",1.73281008709376
"RNU6-82P",1.73088660825435
"SLC6A9",1.73058631250311
"MTCO3P12",1.73057077408124
"COL19A1",1.73050232185743
"RNU6-1209P",1.72700141267006
"ERCC8",1.72690580913231
"IGKV1D-22",1.7250254890629
"PPP4R2P6",1.72161792978057
"FTSJ1",1.72086363559249
"BANP",1.71566396498927
"TENM3-AS1",1.71390159106928
"PIK3AP1",1.71068481108061
"AGAP6",1.70924135678969
"CYB561D1",1.70792327848327
"COX6CP6",1.70773555919526
"IGHD6-25",1.70386593546712
"ITGA6",1.69395840560862
"MESD",1.69388459831948
"CYRIA",1.68496356178587
"FBRSL1",1.68292432334385
"GPANK1",1.68241063795485
"DIABLO",1.68160263831924
"RPL21P60",1.68082484824274
"RALY",1.68015192287633
"UPP2",1.67900287318664
"TMEM208",1.67860057774817
"SUPT5H",1.67514897759207
"SNRPN",1.67490514324588
"SPDYC",1.67467786246583
"RNVU1-2A",1.67366944928847
"KIF4A",1.6726051876052
"GHDC",1.67126296209896
"SCYL1",1.67005878897941
"CCDC97",1.66980640947772
"FAM117A",1.66969574284063
"TUBB3",1.66840682842342
"MXD4",1.66665215382209
"DYRK2",1.66508890391348
"ZNG1F",1.66443991181893
"RIGI",1.6636715278903
"VCAN-AS1",1.66266145203012
"FBLN2",1.66102899984821
"FARSA-AS1",1.6604991365052
"KCNJ11",1.66020698983734
"OLA1P1",1.65705684113098
"GRIN2D",1.6538962116584
"OLFML1",1.65317080064543
"MIR624",1.64894847896246
"RBAK",1.64825440162943
"DENND3-AS1",1.64729441698265
"IDUA",1.64398616970581
"EIPR1",1.64287530020139
"RWDD2A",1.64262747373871
"IGHV2OR16-5",1.64233980112806
"HTT-AS",1.63957639624361
"MIR3651",1.63904903181138
"PCBP4",1.63889972229889
"CRPPA-AS1",1.63479209193414
"FNDC3B",1.63310085465183
"TMEM255B",1.63254557262724
"NETO1",1.63254557262724
"CPTP",1.63107646300475
"EIF5",1.6293692035513
"TICAM2",1.62903824998605
"UBE2M",1.62897617653288
"NAGA",1.6285493675711
"IGKV3-34",1.62702450211591
"NUP50-DT",1.62628327393027
"QRSL1",1.62622630271252
"RNU6-645P",1.62566994972799
"TMEM269-DT",1.62476304439378
"PLTP",1.62307387595798
"OLAH",1.62196535662301
"DLGAP5",1.61959272143307
"ERCC2",1.61915503308068
"TMED10",1.61783298860893
"RN7SL414P",1.61769396164738
"MAP7D3",1.61739127426338
"KCNIP2",1.61568380633611
"PARTICL",1.6134998466098
"DUSP22",1.61280621522726
"CCDC51",1.61275222840887
"IGKV2-36",1.6117163948911
"MED8",1.6107193181009
"SPCS2P4",1.60964179303374
"FAM136A",1.60712548099498
"GSTM3P1",1.60572014681546
"FAM89A",1.60494738612986
"RNU1-4",1.60471999267301
"RNA5SP78",1.60461192123305
"SNORA38B",1.60248409042155
"MIR4466",1.60073645535647
"LINC00649",1.60006520564865
"FOXO3B",1.5988742454419
"FOXF1",1.59492018133748
"CNOT9",1.59388747536958
"BLOC1S6",1.59100027936994
"MT-ND6",1.58991220771271
"GPR62",1.58864890789515
"P3H4",1.58791875425951
"IDO1",1.58723796648883
"HAGHL",1.58721121087253
"GREB1",1.58630868524371
"LINC02418",1.5810665102822
"C1QBPP2",1.57810988885191
"TLCD4",1.57790146368253
"ANKRD46",1.5717166540771
"PFN2-AS1",1.57126883999775
"RNA5SP477",1.57099224633056
"RNF149",1.5698002020402
"COMTD1",1.56851224673355
"TCIRG1",1.56269513265892
"SELENOT",1.5622965268633
"DBF4B",1.55760189456889
"EZRP1",1.55475147008836
"MIR4537",1.55475147008836
"BRF1",1.55435076978502
"DCTN6-DT",1.55198111061343
"BFSP2-AS1",1.55194972382353
"CRLF1",1.55049136710597
"RN7SL602P",1.54932635470058
"HMGN4",1.5488859034403
"CBX7",1.5472262282163
"LINC03060",1.54585525400857
"NUDT22",1.5429601527556
"NDUFAF6",1.54005074030019
"FBXO34-AS1",1.53923041346262
"SCN11A",1.53874608025361
"ADGRL1-AS1",1.53654395124123
"C11orf68",1.53535066908809
"GPS2P1",1.53533609875437
"ZNF890P",1.5349198589826
"RELT",1.53408737493174
"ZFAND4",1.53343326177192
"ERLEC1",1.53281895816697
"LRRN1",1.53236016232331
"LINC02315",1.53106589333221
"SPARCL1",1.52500912015774
"PPP1R37",1.52492585668038
"LINC02922",1.52091624719879
"SYNM-AS2",1.51997063378458
"GRIA2",1.51479310423828
"ALDH16A1",1.51300748763913
"RASSF5",1.5128462560437
"ZBTB38",1.51000205615988
"TP53I13",1.509840992742
"FAM3C2P",1.50863745678778
"MIR7848",1.50563195010683
"CCDC90B",1.50485611265067
"IFNAR2",1.50345803790389
"FAM174A-DT",1.50297194415808
"KCNC1",1.49895443259842
"JAKMIP2",1.49887405756802
"CGREF1",1.49813529001703
"MLLT11",1.49231844845015
"PKD1-AS1",1.48970792729886
"VPS36",1.48743208074262
"GLYCTK",1.4866135739984
"WNK4",1.48132774626766
"SUMO4",1.47795931353803
"THY1-AS1",1.47795306083896
"RPL36P8",1.47738513037885
"N4BP2",1.47672084617822
"SH2D3C",1.47488183972172
"VAMP1",1.47466714542285
"SCLY",1.47435227321023
"MIS18BP1",1.47376077172323
"OR13E1P",1.471399910638
"MOB3C",1.47021093111989
"ACY3",1.47012559618484
"POU3F3",1.46878734552816
"TMIGD2",1.46698068675563
"PIERCE2",1.46487360452339
"PVALB",1.46304066131752
"DNAJB6P1",1.46294758448295
"PPP1R26P1",1.462314803785
"TRAJ25",1.46226285001061
"DNASE2",1.46218318696091
"POC1A",1.46177870385214
"ERGIC2",1.46166151023813
"FRS2",1.45967054285379
"UBE2O",1.45954854706033
"H1-10",1.45878708200159
"BBLN",1.45683599104669
"RNU6-548P",1.45328366733773
"C2orf74",1.4507296300238
"MCL1",1.45036335053703
"RINL",1.44980200228461
"CHFR",1.4493830231091
"CTBP1-DT",1.44856650309955
"TTLL11",1.44721895439054
"C1orf159",1.44682793966018
"C5orf60",1.44446829458247
"UBXN7-AS1",1.44192492797728
"SLC26A1",1.44168529403369
"CTSS",1.44105723513108
"FBXO10",1.43917890639479
"RC3H1",1.43789735596008
"DEFB118",1.43770262948084
"MTMR4",1.43729731228641
"AGPAT3",1.4365980124855
"PPP1R12A-AS1",1.43184013510529
"PDC",1.43183604606922
"CHFR-DT",1.43144310922256
"MIR875",1.42990558160241
"FAM242B",1.42990558160241
"PDE6D",1.42467297381533
"ZNF280B",1.42406923392637
"IFIH1",1.42372620154775
"RNU6-558P",1.4199541355069
"FCER1G",1.41993512616629
"RAB35",1.41802467471759
"C18orf21",1.41723531455578
"BTN2A2",1.41616217953498
"ST3GAL3",1.41495925905253
"PIM3",1.41099831614938
"NAGLU",1.4057262531803
"CTSZ",1.40459218346531
"MTND1P5",1.401694097218
"TPRG1L",1.40097370583974
"TLR1",1.39870543488177
"FDX2",1.39817581407577
"GDI1",1.39690231626635
"ZNF582",1.39207727141681
"NDEL1",1.38855799604188
"EFNA3",1.38708973441792
"PARP16",1.38651195193695
"SRP14-DT",1.38554171427894
"LINC01973",1.3826014201824
"LOXL3",1.37877520220341
"ZNHIT1",1.37861969993692
"JAZF1-AS1",1.37814878888097
"IGFBP5",1.37082139675055
"BEND4",1.36998679990208
"NDC80",1.36713740904833
"CCDC18",1.36576002002601
"BMS1P14",1.36372702846028
"E2F5-DT",1.36368547088839
"LYSMD3",1.36100637840009
"MTHFD1L",1.3606775059504
"HSPA5",1.36065179621378
"COQ8A",1.36015627860906
"OOEP",1.35934591710086
"NAGK",1.35895347242012
"PPIL1",1.35778104038698
"PRKACB-DT",1.35512346386087
"SAAL1",1.35108319722951
"IFNA20P",1.35026637206302
"OBSCN-AS1",1.34931741685715
"ERMP1",1.34885474941707
"ITGB3",1.34763692035717
"PCA3",1.34672281571744
"LRCH1",1.34506908131498
"ARFRP1",1.34406286422108
"ZNF304",1.34029838621126
"PKD1L2",1.33894905689498
"ZMIZ2",1.33611527282625
"SP2",1.33522609817598
"PPID",1.33341167184381
"RNA5SP37",1.33164912906346
"NIBAN1",1.32442892545129
"EEPD1",1.32273848868619
"DMTF1-AS1",1.32164392205801
"ATRNL1",1.32120189153128
"MARK2P9",1.32099523084893
"PIGBOS1",1.31694642871646
"TMEM158",1.31642723302371
"FOXN3",1.31557587836685
"TMEM107",1.31504818498269
"QTRT1",1.31418574629117
"SND1-DT",1.313829565539
"ALG11",1.31219552710652
"OXA1L-DT",1.31141056551207
"RAB5IF",1.3097923761261
"PPP3CC",1.30735903467008
"C2CD2L",1.30650802019818
"TAF12-DT",1.3064084034134
"ALG6",1.3061218718943
"FRG1-DT",1.30516811410358
"LINC02880",1.30509346944601
"BMS1P1",1.30509346944601
"DUSP13B",1.30509346944601
"RNU6-1188P",1.30032877680884
"SPATA22",1.29741727392826
"LDB2",1.29670180799063
"LINC01554",1.29656901213433
"RAB24",1.2935693508717
"CRIP1",1.29347891684109
"ARHGDIB",1.29284498402227
"ALG2",1.29267472698774
"LRRC45",1.29112861845587
"RBM22",1.29087402039624
"CASP5",1.29085763747287
"RHOT1P1",1.29085763747287
"PBX4",1.28969677457347
"UNC5D",1.28816006673684
"EXOSC4",1.287195884083
"DPP10-AS1",1.28697162275842
"RGCC",1.28676890113658
"RGPD1",1.28431438560688
"ZNF567",1.28350256864067
"ZBTB49",1.28197553684642
"MT-TW",1.28162116859618
"TUT1",1.28142958008106
"IGLV5-37",1.27664426487248
"H4C11",1.27547116423372
"ARHGEF25",1.27111980347648
"RNU6-722P",1.26978379101577
"ALG1L9P",1.2693933792522
"MED20",1.26899278807131
"FCMR",1.26545753126389
"HS3ST1",1.26425046116617
"ISCU",1.2634652153228
"H2BC4",1.26296925543833
"TP53INP1",1.2626981300937
"TFAP2B",1.26252848875481
"VPS26AP1",1.26166307440649
"B4GALT4",1.26010996343604
"ZSCAN21",1.2599505341352
"ZNF345",1.25983108448104
"COPDA1",1.25490835639339
"GLIS2-AS1",1.25295416876854
"EVA1B",1.25246614328461
"YAF2",1.24524892898208
"FAM133DP",1.24523509468716
"MICB",1.24374083890796
"THY1",1.2433421943401
"RIC1",1.24114950065257
"SPATA2L",1.2404017380284
"GSPT2",1.23625062210628
"PACC1",1.23217089174594
"CDC42P6",1.23194805339257
"LAMP2",1.23014882804918
"ELAC2",1.22994182199929
"C12orf50",1.22885843863706
"LMBRD2",1.2274263366398
"ZFY",1.22619306968306
"VAC14-AS1",1.22521353707741
"RHOQP1",1.22507710334948
"ACP6",1.22238626696312
"NPW",1.22110000254888
"FABP5P15",1.22109849701348
"KSR1",1.22090574066845
"TCTN3",1.22056877579915
"NR4A3",1.22034153473881
"TMEM70",1.22027562379867
"WDR27",1.21964993040983
"RN7SL656P",1.21896407857725
"CHID1",1.21686522639609
"MOCS3",1.21521257348152
"FAM3C",1.21444694247253
"MINDY2-DT",1.21348772532533
"TICAM1",1.21069221079659
"SNORD13E",1.20885873478944
"RAB6B",1.20732822326947
"BOLA2B",1.20647482051773
"C22orf15",1.2061831722157
"SLC2A1",1.20515886152296
"MCM5",1.2030649038592
"LINC02265",1.20107031812762
"RPA2",1.20090749954355
"EFCAB10-AS1",1.19728958858803
"GFER",1.19648873522671
"ATP6V0E1P1",1.19631937012474
"LINC03074",1.19554986389417
"TWF2-DT",1.19314673924038
"HINFP",1.19256272238479
"MARK3P1",1.19248181451606
"MINDY2",1.1909528253017
"PHLPP2",1.18816400785936
"RPS6KA5",1.18767129664706
"OXCT1-AS1",1.18676985562713
"BTNL9",1.18476294145702
"LINC00706",1.18476294145702
"IGHV1OR15-3",1.18476294145702
"RPS3AP19",1.18440604039881
"TMEM182",1.18423799517431
"PSMB8",1.18423745419632
"FAM240C",1.18236975709138
"YIPF2",1.18015796552518
"LINC00494",1.17863085777777
"NAF1",1.17798016210154
"OR7E128P",1.17559541004644
"SEC13",1.17377147101378
"PRPS1P2",1.17350061150531
"TERF1P5",1.17289171311439
"SEPTIN7P8",1.17284617911394
"RPL13AP16",1.17251459802098
"HSPH1",1.17083797226691
"RNU6-1255P",1.17031630702412
"BTBD7P1",1.17031630702412
"VARS1",1.16675739895672
"BRICD5",1.16571907307215
"EVC2",1.16441463141008
"RNY4P25",1.16331264885684
"FKTN-AS1",1.1627247625792
"AP4E1",1.16164144971913
"NR3C1",1.16119494662388
"TRIM38",1.16050013959506
"MARK4",1.16001221886369
"ZNF469",1.1568046175538
"CSMD1",1.15678236840053
"CHST7",1.15569633456393
"ZNF837",1.15377429421432
"NOP56P1",1.15345291137244
"H3C7",1.15185723405932
"NRTN",1.15107350734392
"RNU6-172P",1.15063396955022
"GNAT2",1.15022868889823
"FAAP24",1.15021021434836
"HSD17B8",1.14889267028195
"MIR34AHG",1.14810565308872
"TIMM23B",1.14638447518788
"FANCB",1.14535827084599
"RNU5F-1",1.14256391283056
"RSPO2",1.14162869351235
"GGH",1.14147897605047
"RPL36P14",1.14111794503742
"OSBP2",1.13937140370807
"DMC1",1.13843686848531
"MS4A14",1.13682433952003
"TRAJ12",1.13573455862763
"MIR6759",1.13467843056741
"ETNPPL",1.13398087065854
"MIR639",1.13398087065854
"LINC02355",1.13260975840307
"LAP3",1.13137593520853
"SRGAP3",1.13126523786058
"CD163",1.13106692794173
"CDK11A",1.1305328985122
"SPATA1",1.12994350529576
"ZP3",1.12793563324265
"CKLF",1.12683189604315
"BIRC6-AS1",1.12660330881579
"CDK5",1.12588577022825
"DARS1",1.12127317262873
"FAM131A",1.12093268753328
"TRAJ10",1.12078138158673
"PSMB9",1.12039719723101
"OSGEPL1",1.12037534410033
"GPR176",1.11861368301207
"GOLGA3",1.11708424249416
"SLC16A2",1.11615758319855
"SLC2A6",1.11586883546583
"ADAD2",1.11534734056045
"PURPL",1.114895373644
"ZKSCAN8",1.11464708949079
"TPM4P3",1.11353791408865
"RPL39P26",1.11310936608884
"OSTC",1.11225010225422
"LINC01429",1.11185427702713
"CD320",1.11137304897173
"WDR72",1.11091407718498
"ATP1A3",1.10996202357407
"ARMCX3",1.10900764170972
"TMEM147",1.10707875153605
"RAB40B",1.10555372938256
"NID1",1.10544897732639
"TM9SF1",1.10369918303627
"C3orf38",1.10215619058921
"TEFM",1.10096850173208
"GOLGA8R",1.10032168975092
"B4GALT2",1.09785446630502
"FAM120B",1.09744089076169
"YJU2B",1.09442246848479
"UCA1",1.08697772286136
"RNU7-56P",1.0865090029404
"IFNLR1",1.07909109099754
"LIN28A",1.07867298810047
"GHRL",1.07705449958222
"LHX4",1.07685428837429
"FLT1",1.07416508386547
"NECTIN1-DT",1.07351184303762
"RN7SL745P",1.07348151576324
"PART1",1.07254488000333
"UBE2L5",1.07253462960538
"RNU6-33P",1.07218283049812
"MIR1200",1.07218283049812
"HOXB4",1.07094247714035
"FAAH2",1.07088035344464
"TAS2R42",1.06882142188782
"CEP152",1.06547630290227
"SBK2",1.06346022164378
"TMEM258",1.0625351257206
"CHCHD2P9",1.06245991769766
"HNRNPA1P68",1.0622709692525
"B2M",1.06048168320233
"BTF3P3",1.0604304306208
"PTGS1",1.06006633844939
"MIR599",1.05771121809205
"CPHL1P",1.05253567883874
"UNC13D",1.05066559827966
"ABTB3",1.04890221467488
"ITK",1.04386071931986
"HEXD-IT1",1.04362217538539
"SMPD3",1.04215950820125
"SENP7",1.0391861714901
"PAICS",1.03906161067808
"EIF2D",1.03836123687514
"ARMCX3-AS1",1.03829034159436
"MFSD9",1.03716706558299
"NRDC",1.03647780678617
"LINC01036",1.03574643886252
"ISG15",1.03573065075735
"HK2-DT",1.03480210091377
"TMEM198B",1.03480210091377
"VAMP4",1.03235394630161
"ZBTB7B",1.0315856532554
"GLT8D1",1.03106539895384
"PIKFYVE",1.03083227839068
"RNY4P10",1.03062011795488
"XXYLT1-AS2",1.02859926232678
"TMEM38A",1.02767839468102
"CSNK1E",1.02689382718809
"SLC25A1P1",1.02604820114424
"GRM8",1.02569647173829
"SMCHD1",1.0250981815975
"NENF",1.02481664459089
"MIR3944",1.02405272368382
"PKD1P3",1.02405272368382
"AP4B1-AS1",1.02374137426165
"NDUFB2",1.0229236181397
"PLOD3",1.02180191670223
"RAB29",1.01947811123759
"STXBP6",1.01758884132091
"DEDD2",1.01748312262198
"MCTS2",1.01703550000001
"SEPTIN9",1.01696781215169
"SPART-AS1",1.01682033076242
"CACYBP",1.01675481402782
"DNAJC25",1.016081221801
"VCAM1",1.01600330229249
"KTI12",1.01517474433797
"HMGN2P20",1.01464389996557
"PMS2P3",1.01276315119875
"EZH2",1.01219947286615
"PPM1M",1.01068459525794
"LINC02591",1.00991131719544
"ZNF180",1.00978447563467
"WDR83OS",1.00843249812679
"SPRN",1.00786850432696
"RNY1P14",1.00754991585054
"MCTS1",1.00420349093709
"GRPEL2",1.00244429981934
"POLD4",1.00199949633909
"NRBP1",1.00177072297462
"RPS10P28",1.00174469132244
"KLHL5",1.00029524780408
"BCL3",0.999943088133178
"TARS3",0.999826921582432
"ELOCP31",0.998730049493069
"REPIN1-AS1",0.996498483274945
"IGHV3OR16-12",0.996056585194393
"ITGA11",0.99555473020857
"C9orf153",0.994315078142941
"EIF2S3B",0.992001794426884
"RNU6-936P",0.98933291874018
"PGAM5",0.988857052132608
"KLHL28",0.988523317057488
"NOP9",0.988416995152793
"ZNF787",0.986932717295754
"MAP3K9",0.985414714544637
"EHD4-AS1",0.984307708168409
"HNRNPH1P1",0.983502969273446
"KDELR1",0.978277036651826
"HAVCR2",0.977877669958713
"ZNF628",0.977487281438393
"MN1",0.977272578425777
"CYP46A1",0.976423992993126
"STX4",0.976350064954602
"HCG27",0.974550364826326
"LMF2",0.972182661767042
"SIL1",0.971635328238726
"SCGB1A1",0.970691567176781
"GTF3AP6",0.969696672630571
"L1CAM",0.968719229376084
"EID2B",0.968666705203636
"AP5Z1",0.967625319959669
"TAFA5",0.966448555478859
"LEFTY2",0.966438577869189
"UBE2E2-DT",0.966438577869189
"GALNT16-AS1",0.966134683095007
"FGFR1OP2",0.965859884469186
"NGLY1",0.965655462069466
"SNORA70D",0.964293637449748
"CIAO3",0.963792615717404
"CRISPLD2",0.963686066138455
"PRKD2",0.962595481836758
"UGT1A6",0.962015062717829
"LINC00499",0.962015062717829
"SLITRK2",0.962015062717829
"DRD2",0.962015062717829
"LINC02706",0.962015062717829
"A1CF",0.962015062717829
"TUBA3C",0.962015062717829
"AGKP1",0.962015062717829
"JMY",0.961755040114143
"SMPD5",0.960074360852165
"SDCBP2-AS1",0.958312749887542
"OR6J1",0.957950049124305
"ENO2",0.955472234091493
"FKBP5",0.955155062727054
"TRAF3IP3",0.954639517508822
"C2orf42",0.953392344417954
"SNORA7B",0.952914644226224
"WNT10B",0.952880498522124
"RNU4-38P",0.95180233935397
"RANBP1P1",0.951085182101749
"DGKE",0.95085766547885
"CCDC187",0.949598161811984
"OR4F28P",0.949589297502592
"MCM8-AS1",0.949580318469672
"STK10",0.949067051102171
"RASD1",0.948820076037543
"HLA-W",0.948647242308804
"ZNF71",0.947375614020976
"SLC25A40",0.945642590683278
"TBC1D15",0.945321990256709
"OR7E21P",0.944115419769483
"DCAF12L2",0.943243369873171
"PGLYRP1",0.943243369873171
"SNORD3B-2",0.942898714210238
"CREB1",0.942424762576677
"TERF2IP",0.942275010205548
"APOBEC3H",0.938576587713692
"VN1R1",0.93737862196715
"ZBED3-AS1",0.937052968216967
"LINC01435",0.936213781319586
"SSBL4P",0.93492843126475
"RNASET2",0.934922664340216
"FUCA2",0.933857817624441
"VAT1",0.933474806662539
"HTR1DP1",0.932947826856272
"LMBRD1",0.932670857036353
"ADIG",0.932491436358605
"PUSL1",0.931879330121534
"TRBV9",0.931460262189262
"LIMK1",0.931030852881024
"RPL39L",0.930291309785223
"H2BC5",0.927677547643778
"TF",0.927010670911424
"CCDC175",0.925653325771391
"GALNT2",0.925344542345504
"PACS1",0.923557158329277
"LINC01116",0.923301679008263
"MFSD1P1",0.922156979879073
"SNRPCP19",0.921749733501808
"LSS",0.919226863804667
"ZNF235",0.918660614389921
"PRR34",0.91813899606239
"ACKR3",0.917072849897489
"RTP4",0.916059227343558
"OR7A19P",0.913724303862825
"POM121L3P",0.911284764391758
"ZNF772",0.91126899530395
"SMIM8",0.90934898147275
"NKAPD1",0.907956673894581
"FGF14",0.907885646414948
"MIS12",0.90777064864476
"NSMF",0.907436443631801
"TEX35",0.907213291298825
"TAC4",0.907213291298825
"PLPP2",0.906687569795434
"CPHXL2",0.904507133122657
"MYADM-AS2",0.903296090188351
"ZNF367",0.902823235653293
"LIN7B",0.902688795312663
"PABPC4",0.902614459318039
"ETFDH",0.902404436126349
"SEPTIN7P6",0.902128321816753
"FAM151B",0.901753247879591
"RPP21",0.899309070225559
"LINC02775",0.898627470859478
"TIFA",0.897238564949954
"AGBL3",0.897088724790125
"MYOSLID",0.89687193780727
"LINC00115",0.89670286936748
"GRWD1",0.896172155680057
"PCTP",0.894352624082361
"AIFM2",0.892582554082038
"COG6",0.89073627988743
"ST13P6",0.88928489886914
"PSMC4",0.889182129541083
"RPS10P4",0.887919792293487
"MSH5",0.887439485340563
"BMP8A",0.887378876998946
"VKORC1",0.886401646379488
"RPTOR",0.883684635512373
"AUP1",0.881993822698076
"RN7SL166P",0.881423793575618
"SNX25P1",0.881263369341315
"LINC02301",0.880749034724302
"RN7SKP230",0.880506526183576
"ATP6V1E2",0.879843618718287
"NOC4L",0.878956973890945
"GSEC",0.878621953023037
"TFIP11-DT",0.877921600354824
"SPINK4",0.876108324103632
"NDUFV2-AS1",0.875816576548074
"LDLRAP1",0.874496211800049
"DNAJC10",0.872873252290927
"ZNF318",0.872774607358687
"GPKOW",0.872026982829277
"LINC02948",0.871420818761755
"NARF-AS2",0.870707710496706
"GARS1",0.869992250115417
"CHD4",0.869693559178922
"PIANP",0.868305782100277
"FBXO32",0.86794931208519
"RARS2",0.867599734531954
"UFC1",0.866557060069882
"RN7SL778P",0.864214083048568
"CTRC",0.863773369405594
"GSTA8P",0.863773369405594
"C16orf78",0.863773369405594
"LINC01892",0.863773369405594
"CYYR1",0.863773369405594
"GTPBP1",0.861482765592447
"NECAP1",0.860804217823618
"OTUD5",0.860453957033077
"FAM227B",0.859944892739751
"NPIPB2",0.858877911431342
"RPL7P42",0.857923481372032
"WDR70",0.857606238135606
"MIF-AS1",0.8544991507858
"UBASH3B",0.854497460487763
"PHGDH",0.853384836293869
"CLN3",0.852993741707196
"HSPA8",0.851270255580458
"HEXB",0.850223319879971
"PKMYT1",0.850220423094482
"OGDH",0.848412608681496
"GADD45GIP1",0.846156951427557
"ABHD8",0.846150822625944
"TARBP2",0.845074343523359
"C2orf74-AS1",0.843396635276859
"CPED1",0.843260378766516
"LINC00879",0.841659428091239
"CDC20B",0.841459196516537
"PRR12",0.840867295217805
"BAG2",0.839941970470047
"TLE3",0.839569843266507
"ZNF793-AS1",0.839387625121765
"GUK1",0.837747400427453
"GNB1L",0.837494709782345
"USP48",0.837151817371762
"NFATC2",0.834272320928948
"RNF213-AS1",0.833687437628207
"GZMK",0.833397791875674
"GSTM4",0.833190569246618
"MAP2K2",0.83157004507093
"CD300A",0.831264273798728
"MAMSTR",0.829818824667048
"RASA4CP",0.828761068596447
"CPXM2",0.824522077564304
"SNRNP40",0.824395540160637
"ANKRD28",0.823991037958489
"PDK4-AS1",0.822661924209717
"TPTE2P5",0.822145441032851
"TTC21B-AS1",0.822107857291715
"TAF9BP1",0.818862142423395
"TMEM200A",0.81769062271475
"RPSAP47",0.81699484072216
"AGAP14P",0.816483096778518
"MTG1",0.81511778351584
"PSMB10",0.815115526439064
"PABIR2",0.815092548772434
"RN7SL827P",0.812900992627866
"ELMOD2",0.812288401144828
"SCAMP2",0.811710390903409
"PRUNE1",0.810750474477505
"CALHM2",0.810121202668506
"FOSL2",0.80878472936548
"RN7SL697P",0.807160386376736
"MIR635",0.807160386376736
"PSMC3",0.807105634361218
"H2AC17",0.806613654523142
"CCT6B",0.806594958488013
"RABEPK",0.804332571782092
"NPM1P40",0.804181908083453
"RPL3P9",0.803868753692924
"ILVBL-AS1",0.803701806683503
"PPIB",0.803663461499612
"RPS15AP1",0.802864718695037
"IDNK",0.802782635447987
"TUBB2A",0.802176254052814
"ATP5MC2P3",0.801953931392092
"SLC5A6",0.800894376003917
"TP53TG5",0.800021026698878
"UFL1",0.798989317441125
"UBE2F",0.798514570553427
"CLEC2B",0.797434702281406
"LFNG",0.79665448297672
"NTF3",0.79589147957641
"SLC20A1-DT",0.795884499365496
"RNU6-824P",0.795280859342914
"IGHV3-50",0.794710687509104
"MIR7845",0.79417505214388
"IKBKG",0.794002079794082
"DEXI",0.793357520074386
"PLAUR",0.791474390110287
"HSPA8P1",0.788784278765604
"IGHV3-37",0.788696743878827
"H2AC18",0.788652593740216
"SEMA4D",0.788465850868709
"MIR3140",0.788418949147314
"BBS1",0.788012091103588
"PLCL2-AS1",0.787151705630897
"IFT27",0.786997131599587
"LINC01880",0.784506476356622
"COX5BP3",0.784506476356622
"PABPC4-AS1",0.783661772907568
"B4GALT1-AS1",0.783054945603619
"ERF",0.782530771168071
"HOOK2",0.782202626535544
"ANGPTL6",0.778674209090894
"NAPA-AS1",0.777088021758686
"SLA2",0.776453484559568
"GTF3C3",0.774954688576504
"EEF1AKMT1",0.774099698861447
"TUBB1",0.773521153493432
"SMARCAL1-AS1",0.772420596373781
"LINC00667",0.772378089875085
"CDC14B",0.770192389156661
"DENND1C",0.76952618780031
"POTEKP",0.769452912806775
"RNU6-386P",0.769162156466787
"MIR1587",0.769162156466787
"REPS1",0.768595660489415
"RSAD1",0.768367154520815
"PHF5AP7",0.768254193939589
"H3C3",0.768254193939589
"NPIPA6",0.768055648944441
"RN7SL473P",0.767884939679671
"SPG7",0.767780044149207
"PHLDB3",0.767049370980232
"PELP1-DT",0.766919216199186
"ZNF138",0.766729540581059
"PARP8",0.7647295720498
"B4GALT3",0.764509732336245
"KIAA0040",0.764198783202426
"H2BC18",0.76407932509179
"BMS1P20",0.763738231591885
"CBX8",0.763117475082191
"FARSA",0.76112250441514
"HSP90AB2P",0.76103113747418
"SGK3",0.759503649164366
"WDR91",0.756596264484842
"RARA",0.756064730964645
"PRR14",0.755368632139056
"TPM3P8",0.755218470778178
"BOLA1",0.75473117333447
"CMKLR1",0.754413382593753
"POMT1",0.753600261717545
"SLC39A3",0.752166724358334
"RPL23AP64",0.751736111824988
"PPAT",0.750761656068667
"SHKBP1",0.750469271732975
"AP3D1",0.749502439745794
"BARX1",0.749034891912052
"MOB2",0.747769441221976
"ZAR1L",0.74727063819756
"SAMSN1-AS1",0.74727063819756
"BMT2",0.746187366632146
"PPP1R35",0.745641895933143
"UQCR11",0.745415196730759
"CMPK1P2",0.74531000376292
"TELO2",0.744805855864203
"NOP58",0.743779660694685
"MUC17",0.742019064093011
"PHF13",0.741406097161594
"HLX-AS1",0.739291069958154
"ATG4D",0.739027744907884
"MESP1",0.738097143580863
"FEN1",0.73708862167006
"TRAPPC14",0.736079439688835
"TMEM184B-AS1",0.735941484084903
"NOC2L",0.735187664015142
"STAT4",0.733985406852593
"C17orf50",0.733761042629363
"GTF2IP13",0.733296905362357
"PDE7B-AS1",0.733090745754181
"PILRB",0.731387863888883
"CLCN3P1",0.731065742044564
"CDC42P2",0.73101483427265
"CARD11-AS1",0.730692219929555
"ACTL8",0.730643220518657
"IL1F10",0.730643220518657
"GATA2-AS1",0.730643220518657
"FNDC1",0.730643220518657
"GABRG3",0.730643220518657
"CLEC3A",0.730643220518657
"FENDRR",0.730643220518657
"LINC01543",0.730643220518657
"ST8SIA5",0.730643220518657
"SUV39H1",0.73031626355927
"AQP7B",0.73025210788355
"OR8B10P",0.73025210788355
"LINC03125",0.73025210788355
"IGKV1OR1-1",0.730178302448718
"S1PR2",0.729698491902532
"RNU5E-4P",0.72950936592601
"MGAM2",0.728759373861883
"RLIMP1",0.727467595169035
"ZDHHC8BP",0.726551886471491
"SLC12A6",0.726403183674731
"GPATCH1",0.726294002111243
"DNTTIP1",0.726261425751853
"SOSTDC1",0.726024031420484
"KMT5AP3",0.72567300122984
"CNPPD1",0.72533255564799
"ABHD14A",0.725063742366938
"SCFD2",0.72466885663474
"RNF216P1",0.72409710400213
"UPF1",0.723149134663723
"DERL2",0.723075425996372
"MRM2",0.723065414836108
"REEP5",0.722840522219248
"HDHD3",0.722736180906779
"SSR2",0.722126455530189
"ZFY-AS1",0.721445158950987
"SLX9",0.721106837624924
"RNU4-78P",0.720760119518162
"ASTN2",0.720394866554468
"NELFB",0.720035734758132
"ADAMDEC1",0.719868996064765
"ANKZF1",0.719577385992216
"RPL36A",0.71874756122798
"ATM",0.718096852429485
"TMEM175",0.717933360671445
"AURKAIP1",0.717254460198594
"RPS26P15",0.717027929947802
"CAD",0.716249634455661
"FRG1HP",0.716011071577342
"TERF1P4",0.713311172296651
"MIR191",0.712506836176097
"TRMT61A",0.711888983678153
"LINC00526",0.711773732822407
"GIRGL",0.711770422293944
"RNU1-3",0.710089507783025
"DNAJB12P1",0.710079398628619
"CPEB4",0.707029666524029
"SRXN1",0.706461851508848
"RNVU1-8",0.706384372406925
"IQCB1",0.706292257769652
"RCBTB1",0.704430718609805
"DTNBP1",0.70390676376752
"ZBTB12",0.703331289989647
"TMEM132E",0.703331289989647
"PRPSAP2",0.703059781402744
"FBXL14",0.702127035064298
"LAPTM4A-DT",0.702041499338782
"LINC01666",0.701818844835284
"PPIAP21",0.701596684476777
"GPBP1",0.701361024083575
"H2AC16",0.700947568306828
"MRPL55",0.700913347276368
"KIF21A",0.700827422651895
"PLEC",0.700785113502183
"MOGS",0.700508095785519
"DLK2",0.698582482993565
"ARFGAP3",0.698414026330228
"MIR548AK",0.698405544351671
"GACAT3",0.697575276904983
"EFCAB7",0.696820440884835
"MIR762",0.69680783111558
"POTEF",0.695998885309187
"MT-ND5",0.695906271616353
"DKK2",0.69451700781716
"ATG13",0.694400855544735
"LHPP",0.694389675533171
"SRSF7",0.691524213935925
"GRIA4",0.690272381084835
"MIR642A",0.68969100407701
"RPL30P13",0.689540135792836
"NDUFA6-DT",0.688941144815287
"TAOK3",0.6866397734624
"ECI1",0.684715218616921
"CASC3",0.68466198262881
"C21orf91",0.684506270974024
"DYRK4",0.684285437975152
"ZFC3H1",0.683666526539688
"RNU4ATAC16P",0.683556630635147
"HBA2",0.683556630635147
"PSMG3-AS1",0.682423440828771
"MZT2B",0.682028644123284
"DCHS2",0.680460111126809
"SOX9-AS1",0.680460111126809
"PPIAP15",0.680163400345633
"ZIK1",0.67941467020072
"ITPR2",0.679237664423274
"PHYKPL",0.679213379620237
"AMN",0.679153940696382
"BTN3A1",0.678732232309716
"C12orf56",0.678730074430721
"IL2RA",0.678554538363229
"MAD2L2",0.676798908126088
"SDC1",0.67660777378742
"WNT5A-AS1",0.676309193269968
"CCT8L1P",0.675825895272904
"ZNF749",0.675715924534796
"DELEC1",0.675279072800193
"H4C15",0.67526024039754
"MIF",0.674876820761547
"JPH3",0.67415739959724
"LINC03011",0.673319513993459
"UNC93B1",0.670953141931654
"DRAM2",0.669577099552017
"LEF1",0.669392142511443
"GAPDHP63",0.668802743965179
"HBA1",0.66865042047245
"COPB2-DT",0.667546983059777
"ZNF182",0.666256731142192
"RPL32P12",0.66618802157136
"TUBB8P2",0.665577224688642
"SLC22A10",0.665577224688642
"IGHVII-22-1",0.665347957057412
"NXT1",0.66447593004918
"KLF7",0.66424269440434
"AKAP14",0.663833953943037
"CCHCR1",0.663596075235425
"ZNF622",0.662536846678392
"EZR-AS1",0.661115427710672
"PORCN-DT",0.660540580144228
"PINX1-DT",0.658817841906797
"BICD2",0.658341221528659
"LINC02244",0.657422341840943
"TNIP1",0.657269415044511
"NPM1P42",0.656650296512221
"RPRD2",0.656549401066797
"RNU6-789P",0.6560899925215
"NKX6-3",0.654499839699033
"CNTNAP5-DT",0.654464708812964
"BCL2L10",0.653918307883336
"MIR324",0.652576842884211
"RN7SL68P",0.652371505406642
"LINC02035",0.652315004332324
"ESPN",0.652002663734753
"IGKV6D-41",0.650786245681976
"ADGRE5",0.649945161673545
"KDELR2",0.649818128670795
"PTGES2",0.649526812618983
"CNPY2",0.648962617203226
"DPP10",0.647180857997089
"HAX1",0.646829139149095
"OR10H5",0.645790503697713
"RBM6",0.644422109683765
"NOC2LP1",0.643251583742513
"MIA3",0.641690906727704
"DDX28",0.641577933810707
"TOMM70",0.640325979740982
"TRAJ46",0.639348663621518
"NOA1",0.639116817887434
"TBL1X",0.638656692202224
"FOXO3",0.637952307512301
"SNORA31",0.637838840448436
"FBXO31",0.637162684237351
"SFXN4",0.637147184269711
"ZNF780A",0.635016892131833
"LINC02370",0.634735393815906
"DCAF8-DT",0.634682783465007
"EHMT2",0.634168876520179
"ASCC1",0.633872243282864
"TIRAP-AS1",0.633689934364251
"RNA5SP195",0.631445253231061
"APOL6",0.630153855475028
"RNVU1-25",0.629045719649496
"TEX14",0.627956198781025
"MBNL3",0.627330081344715
"FANCG",0.626774205032436
"SEC61G",0.626137845644654
"IFT46",0.62596012655537
"TECR",0.625160235970653
"UCKL1",0.624947327813316
"IRAK2",0.624402273792743
"TTC7B",0.624390174557041
"SMPDL3B",0.624111785187785
"EFHB",0.622963285807798
"LINC03080",0.622372647923168
"ZNF736",0.621260929845427
"CPPED1",0.620763186028218
"ADRM1",0.620702921374358
"CHORDC1",0.620398301870278
"CARD11",0.620059908356142
"MYO3A",0.619194952949848
"ZFP1",0.61777946416632
"RAB9B",0.617283587563773
"ALOX15",0.616674333168924
"DENRP1",0.616674333168924
"CHAMP1",0.616480739846715
"ABCB4",0.616059691912815
"EXOSC3P2",0.616059691912815
"DHX35",0.615338305114863
"THOC5",0.615306011964046
"RBM48",0.615086617603503
"TAF5L",0.613728480374731
"RPL17P34",0.613611050468836
"LINC00847",0.613522864942415
"RPN1",0.612875216339898
"MORN5",0.611795430808856
"MIR4511",0.61155222071089
"SEC62",0.610421502801239
"HAUS1",0.610016446615282
"MTFP1",0.609749978897517
"ELL2P1",0.609465569111221
"LRIF1",0.608891415429423
"AP4B1",0.608464789246785
"AMPH",0.608034462893177
"PDF",0.607687951744412
"WDR74",0.607538319575241
"TXNDC12",0.605115864938214
"POU3F1",0.604454447067348
"NPIPB3",0.602308216520837
"FHL2",0.601930794143618
"SLC16A3",0.60188726360424
"UCP2",0.601497275190406
"PLEKHO2",0.601393750941891
"AMZ2",0.600407289104216
"SPATA2",0.599378809113343
"YPEL3",0.59856314195788
"UNC5A",0.598115913560324
"RPL21P125",0.596811294613763
"PIERCE1",0.596005787924113
"APBA2",0.595584554155346
"CEBPB",0.594174310521466
"MIR4538",0.593390307346666
"KIF21B",0.592749891636425
"TNFRSF14",0.592004868365449
"KTN1-AS1",0.591699390729434
"NUDT1",0.589739877135611
"TEP1",0.589730119319554
"LINC02772",0.588527890297894
"MNX1",0.587471200527831
"LINC02732",0.587471200527831
"SHC4",0.587471200527831
"GPRACR",0.5867035304777
"POGLUT2P1",0.585882788765604
"CFLAR",0.585826621956028
"ERGIC1",0.58522130333239
"MIR1302-2HG",0.584966042374932
"PSD2",0.583693784880239
"ERICD",0.583693784880239
"CCNI2",0.583637394757756
"FAM218A",0.583335557311236
"SSR1",0.582821052239415
"PAX8-AS1",0.581047466520848
"TAF7L",0.58017914811666
"PAN3-AS1",0.580104376795087
"KATNB1",0.579751946058032
"RBIS",0.579409275425476
"CMSS1",0.578085994343716
"ZEB2",0.57806248030195
"GNL3",0.576762890450369
"DDX39A",0.576126212341436
"RN7SL835P",0.575676436842318
"TMEM242",0.575030354103684
"NTN1",0.574973591168361
"TBX1",0.574413780236936
"TMEM39A",0.574114847219696
"DRAP1",0.572279629434406
"TCP11L1",0.570452548611138
"BRI3BP",0.56988231814225
"ZMAT3",0.569551127673027
"MALLP2",0.569494649953985
"ALG9",0.569262665817838
"LCP2",0.568697400826939
"LINC01366",0.56545205190548
"RNU6-1300P",0.564719513901316
"MAD2L1",0.56464802295959
"ADAMTSL4-AS2",0.562924340715454
"CARS1",0.562850752982161
"RN7SKP56",0.562747545147785
"ARMC2-AS1",0.562418512964274
"LINC02484",0.562318156003205
"FBXW11P1",0.562318156003205
"USP45",0.562217423845345
"POLR3B",0.561212474106473
"DCAF4L1",0.560560469882673
"CEP97",0.560478736517434
"RHOA-IT1",0.560218047512345
"GOLPH3-DT",0.559411545564288
"MIR548O",0.558947453744123
"CD93",0.556995932394439
"SNRPEP2",0.554705774132418
"BICRA-AS1",0.553475942661207
"SERF1A",0.551061130197786
"HGH1",0.551033623572305
"ATP6V0E1P3",0.5483833263961
"SIN3B",0.548314252893964
"CYP2D7",0.547628679759136
"RPS29P19",0.547618497965569
"GMDS",0.546317764341276
"FAM135B",0.545871375624833
"CCDC183",0.545291968626643
"RPL10P12",0.545254500273199
"GRN",0.545097363275242
"POSTN",0.544868827550109
"NDOR1",0.544847675854422
"ARMC2",0.544140315299122
"SIGLEC1",0.542914571984892
"TACC3",0.54163486491669
"GALK1",0.54136557889183
"SLC26A5",0.541227571359701
"WDR5-DT",0.540209220236108
"LINC00906",0.539940113016567
"C8G",0.538877164780957
"OGFOD3",0.537599455568569
"BCORL1",0.537242553025398
"SH3BP2",0.537092241751857
"MRPL24",0.536376183555655
"LINC02806",0.535960134776266
"LINC01089",0.535644701638144
"UBE2S",0.535424036719051
"C5orf58",0.53542081929009
"RBL1",0.53510255435944
"MIR4507",0.534760386066887
"MIR3139",0.534120671451208
"RPL10AP2",0.534053000060974
"OR10Z1",0.533782665967115
"ANKRD49",0.532733880012358
"GPR89B",0.532191924755003
"IFI27L1",0.531682512249724
"DNAJC4",0.531601567605472
"SPIN2B",0.530883758865319
"LINC01967",0.530516605558207
"SRGAP2",0.530052740694077
"RNU7-60P",0.529757682730371
"NEK2",0.529404107539576
"RGL4P1",0.529200416432592
"IGHMBP2",0.529137828785871
"CFAP410",0.528980776172733
"STAMBPL1",0.528915735567368
"NMRAL1",0.528098674516534
"HSP90B2P",0.527752574228703
"MAP4K3-DT",0.526793890615672
"GBA1",0.525772710040688
"TMEM115",0.525285526835726
"GCSHP1",0.524916181419839
"TENM2-AS1",0.524916181419839
"VIP",0.524916181419839
"SEMA3D",0.524916181419839
"SNURFL",0.524916181419839
"OR8B6P",0.524916181419839
"TMEM132D",0.524916181419839
"LINC02341",0.524916181419839
"ENPP7P14",0.524916181419839
"LINC02097",0.524916181419839
"PTPRT",0.524916181419839
"KDM4D",0.524915154791237
"LINC01574",0.52470235758181
"DUS1L",0.523823962453744
"RPL27AP3",0.522990564949216
"CRX",0.522965272741494
"ACSM2A",0.522941998866944
"PLD6",0.522789419455977
"OR4Q3",0.522188288593173
"PIGK",0.521472860685498
"CLEC2D",0.520425618885571
"KLF3-AS1",0.519513774946942
"ADGRL4",0.518701702043343
"ELAVL4",0.518701702043343
"ST13P19",0.518701702043343
"TTLL10-AS1",0.518701702043343
"SLC45A3",0.518701702043343
"LINC02593",0.518701702043343
"LINC03126",0.518701702043343
"IGKV1OR2-3",0.518701702043343
"KCNAB1-AS1",0.518701702043343
"MGARP",0.518701702043343
"DRD1",0.518701702043343
"TRAPPC3L",0.518701702043343
"TRIM40",0.518701702043343
"DUSP21",0.518701702043343
"SSX13P",0.518701702043343
"XKR5",0.518701702043343
"DEFB1",0.518701702043343
"STK33P1",0.518701702043343
"MUC5AC",0.518701702043343
"GPR182",0.518701702043343
"ANKRD33",0.518701702043343
"LINC00508",0.518701702043343
"TATDN2P3",0.518701702043343
"ANKRD63",0.518701702043343
"LINC01177",0.518701702043343
"C1QTNF8",0.518701702043343
"CTCFL",0.518701702043343
"MTDHP4",0.518701702043343
"YIPF5",0.518624016091171
"ACTG1P14",0.518080913172776
"WRAP73",0.517660118966987
"DNMT3B",0.517265498454621
"ECI1-AS1",0.516915263696358
"RPL17P6",0.516765252984463
"SMG7-AS1",0.515977991411605
"LINC02454",0.515964374932661
"DAPK3",0.51525051486069
"PTGES3L",0.515189079492055
"CLPP",0.515070454444874
"TMEM147-AS1",0.514711960965918
"VPS26B",0.514526900022848
"MIR186",0.514298471080239
"ACTBP15",0.51396728333686
"LILRA2",0.513641058635209
"TRA2A",0.513607974966595
"IGHV3-57",0.512898515166215
"MTG2",0.512470946160672
"LYPD6B",0.512236291614469
"F13A1",0.510942060417321
"ZHX1-C8orf76",0.510213855048187
"ZNF546",0.509833208034086
"GOLT1B",0.508986457190583
"TMEM150B",0.508122934927048
"FUNDC2",0.506171298983077
"GOLGA8B",0.506056604142836
"LINC01883",0.504840019724195
"NCOA3",0.503230011448348
"ARID1B",0.5025423869633
"ZNF75D",0.502392980334094
"PSENEN",0.501721838661743
"TOE1",0.501072329773626
"ZNF142",0.500491062477039
"REC8",0.499829697736445
"SET",0.498600230949546
"MGAT4C",0.497991946494371
"MXRA7P1",0.497650232585653
"RNU7-175P",0.4970747033337
"ADGRD2",0.496553825535766
"RNGTT",0.495767517430389
"ZNF529-AS1",0.495751392729627
"IRF1",0.49525406764446
"BIK",0.494374639700225
"INO80B",0.49422253147222
"METTL17",0.493668855128524
"EIF5AP4",0.493344656385799
"RAD51C",0.493343633076184
"DNAJC3-DT",0.49292930510687
"SEC61G-DT",0.492437705237537
"RNF216",0.491959859213046
"FDPSP1",0.490746011612752
"LINC01103",0.490746011612752
"SLC66A2P1",0.490746011612752
"LMBR1L",0.489405167966576
"DGAT1",0.489001233314098
"NBPF11",0.48896247337658
"PCDH12",0.488864242196194
"TBCC",0.488860472862961
"PSEN2",0.488668275545719
"OSTCP2",0.487863950867445
"SYT5",0.487774518664029
"SH3BP1",0.487608331397692
"SFRP1",0.486256944944827
"TRAV1-2",0.486157544130546
"LRPAP1",0.485177789351376
"TSPYL4",0.485084932883416
"ARF4P1",0.484784326241614
"RPL5P6",0.484740529453146
"GEMIN7P1",0.484740529453146
"NYX",0.484740529453146
"RNU6-430P",0.484740529453146
"LINC02446",0.483834953677085
"NDST2",0.483676707433597
"TRAPPC5",0.482977917710604
"LENG1",0.482647556688181
"MIR574",0.482619289522931
"PDK1P2",0.482619289522931
"RIPK3",0.481785160400899
"ARG1",0.481536461518886
"ZMYND8",0.480545332539271
"MORF4",0.480007215382923
"ZMYND10",0.479841050950584
"PNKP",0.479599436768862
"TIMM17B",0.479140294000879
"MYO1D",0.478339153348386
"RPL17P22",0.477976205477848
"MIR2467",0.477679328557131
"RNU6-1003P",0.475794708184544
"TMED2-DT",0.47136966934491
"HRH4",0.470869384417814
"CCDC32",0.469992944953545
"NLE1",0.469433322337626
"ZNF32",0.469408354281036
"ARL6IP6",0.469157233660046
"HLA-E",0.469056111241113
"RNASEH1-DT",0.468997547152575
"RPL19P16",0.468866265219181
"RAB8B",0.467854485965641
"CYP26B1",0.467455404391071
"IGHD5-24",0.467455404391071
"DLEC1P1",0.467407544801798
"ZFP42",0.467407544801798
"ZNF730",0.466299553731704
"NDUFAF8",0.465249120948743
"MINPP1",0.464992083216041
"LARP1B",0.464876698857939
"PSMD10",0.463680437571232
"ITFG1",0.463671213452514
"ATP1A2",0.463407303102763
"CYB561D2",0.46304914686752
"LINC02160",0.462328188624724
"GAPDHP51",0.462262921917872
"RN7SL627P",0.462262921917872
"USP20",0.462148619698353
"UBA52P7",0.461444997296143
"CNNM3-DT",0.461180380065272
"DUX4L37",0.460720906560399
"CRNKL1",0.460199291338383
"WNT8A",0.460071258918156
"MFFP2",0.460071258918156
"RAB5C-AS1",0.459914498295081
"UBL7",0.459125385587166
"SARAF",0.45901118270655
"C15orf39",0.458953195908098
"SLC50A1",0.4588233910957
"CCDC27",0.458775427198539
"SLC66A3",0.458603131367085
"RN7SKP95",0.458293060493166
"RNU6-564P",0.457185311202901
"DNAJC9",0.456976484837543
"LINC02465",0.456949329647156
"SELENOM",0.456847396512731
"KCTD21",0.456484013808018
"RNF4",0.456122343512128
"ATAD3A",0.454931624715493
"CALM3",0.454861596396771
"RASSF1",0.454503412707792
"ATF4",0.454433688483372
"MKI67",0.45436688266348
"LINC02043",0.454216662137252
"ATG2A",0.453283888951262
"GABPB1",0.453060619707748
"SLC30A10",0.453022251029397
"DNAJB6P4",0.452893036920519
"LINC02188",0.452859511365186
"GFRA2",0.452360828478105
"TOGARAM1",0.452337516825592
"BNIP3P5",0.452187647852489
"FAM174C",0.452140609246106
"LINC02585",0.451798929201473
"SUGT1P4-STRA6LP-CCDC180",0.449593418492997
"OR5B21",0.449593418492997
"COL4A4",0.449371448958214
"MIR2052HG",0.449230052164671
"SEC24D",0.44876543962311
"ADAMTS18",0.448146316227854
"CNOT11",0.447069723954635
"SETD4-AS1",0.446641880810803
"KPNA2",0.445106298436568
"HECA",0.444445178008502
"ZC3H10",0.444362246756598
"CCDC69",0.443716665822022
"RB1-DT",0.443525151487475
"ABHD15",0.443044889755956
"KICS2",0.442556960224313
"CAPN1-AS1",0.441680096305379
"HEY2",0.441282099118138
"ALG3",0.441044491060005
"DNPH1",0.440429929373339
"PSG7",0.440427226987081
"PGM3",0.440284785457727
"KMT5AP1",0.439610296329831
"RNU6-757P",0.439159715787506
"MZT1",0.438977163578111
"SPIN3",0.438891212637252
"KRT8P33",0.438667531612459
"MAMDC4",0.438394728821193
"HSPA12A-AS1",0.437859953327146
"RNU6-1201P",0.437859953327146
"BCORP1",0.437859953327146
"LINC01730",0.437541179799636
"HAUS6",0.436437032609631
"ZNF527",0.435845808099506
"TVP23C",0.435394486208847
"AHSA1",0.433856780366727
"GABPAP",0.43360393370118
"PCHILR",0.432305413632132
"METTL8",0.431443221117986
"TTC39C-AS1",0.430821484023832
"CNOT6L",0.430558548141119
"IFNGR2",0.42998861289261
"P3H1",0.42993233495257
"MUTYH",0.429929119079001
"NCBP2L",0.429801579826387
"CIR1",0.429219737910541
"BTAF1",0.429134486700601
"KCNA1",0.429100490402995
"PPP1R15B-AS1",0.428883877695099
"MPHOSPH9",0.428775084293422
"GPS1",0.428385495140292
"CDC37L1-DT",0.427808984676671
"CDC25B",0.427221426645963
"IRF2BP1",0.426254667094811
"MILIP",0.426063767818563
"IGHD7-27",0.425641898175939
"SUPT7L",0.424418714974547
"POLB",0.423890944698021
"UNC119",0.423754109429434
"IL2RB",0.423498393830803
"SYNE3",0.422934062525749
"H3C2",0.422829232719919
"KAT2B",0.422767141994603
"SEC23B",0.422273357685062
"DMAP1",0.422122764465045
"ATPAF2",0.421735251329865
"LINC02708",0.421125259079736
"MMP21",0.420103729904273
"TIMM44",0.419538996796855
"AGGF1",0.419434164123984
"CWF19L2",0.419431385398823
"COPRS",0.419123503246086
"JTB",0.418411117223689
"ZNF114-AS1",0.418332485308124
"ITFG1-AS1",0.417768443642171
"PSMD9",0.416609473420566
"EEF1B2P6",0.416053150859518
"FERRY3",0.416010381236462
"NXNL2",0.415544399835158
"PRRX2",0.415544399835158
"NOS3",0.415530706127828
"DPH1-AS1",0.413981864016807
"C1GALT1C1",0.413658283619952
"CALN1",0.413060475150551
"TRIM49",0.413060475150551
"SDCBPP1",0.413060475150551
"MIR6780B",0.411960186058013
"OR4F29",0.411228974148935
"IQCG",0.410724945563229
"PILRA",0.410093688661169
"TOP3BP1",0.410054543798279
"ZNF420",0.407882532344028
"CXXC1",0.407649840287286
"MIR4748",0.407209566817535
"MATR3",0.406818285054483
"ALDOC-AS1",0.40679439864459
"CRACR2B",0.406780519808515
"IFNAR1",0.40673524038408
"ARHGAP22",0.404871865362787
"MMADHC-DT",0.404474772383172
"NPM1P38",0.404375153676322
"INTS6-AS1",0.403916888160716
"ST6GALNAC4",0.4037038657804
"RAB9A",0.402337473285494
"CDKN1A",0.401484042265301
"SNX22",0.400834803628384
"TSG101",0.399290077383718
"ZNF3",0.399209173705734
"UBA6",0.398468895542505
"DDIT3",0.398407370216112
"TEX9",0.398366661182826
"IPO8P1",0.398050705219234
"IGHVIII-44",0.397294188715265
"CDC37",0.396148245589042
"IGHV3-79",0.395758274223973
"FBXO24",0.395483962741583
"SETD4",0.393885827118987
"ZZEF1",0.393756748380751
"HSP90AA5P",0.393445257601544
"MAP1A",0.39327588148432
"CCDC183-AS1",0.392469585496437
"LINC00620",0.391908295668542
"PSMD4",0.391675096063405
"RHOJ",0.390775117627923
"RPL7AP62",0.389901825172926
"CREBZF",0.389811372757513
"PMM2",0.38902167177734
"RN7SL174P",0.388896947190233
"KRBOX5",0.388075732466076
"LINC02916",0.387794241543443
"HEYL",0.386813839638327
"LCORL",0.386511899107574
"NT5CP1",0.385613233630388
"MT-TN",0.385334537809831
"NFKBIL1",0.385181255782465
"NDUFB2-AS1",0.384550137295183
"RAET1L",0.382749655183602
"TRMT2B",0.381581915359265
"VRK3",0.381200008246278
"CCDC112",0.38118550577379
"H2AC6",0.380818806521572
"SLC25A39",0.380769252731537
"MIR29A",0.380614735398204
"OR2AG2",0.38020797310771
"SEC61B",0.379730954290195
"TMEM216",0.379284176736932
"KCNQ2",0.378860963344764
"CYP51A1P2",0.378814363051591
"ABCC10",0.378735319850969
"RNU4-62P",0.378714376897438
"HPS5",0.378009425524525
"MSH2",0.377321464905407
"CLK1",0.376535742460299
"MIR4491",0.376315356838412
"PLOD1",0.37558207549696
"OR2G3",0.375428176740274
"PRAME",0.375428176740274
"ZBTB1",0.375181486071093
"IL12RB2",0.374060415512251
"ALDOC",0.373986901938242
"ACADVL",0.372628236299831
"KLHDC4",0.372078692767438
"DYNLL1P2",0.37207556662005
"RPL21P83",0.37162995748325
"VN1R107P",0.37162995748325
"MED17",0.371451272781103
"AMDHD2",0.371375438094876
"POLR3E",0.371350141561399
"RNU5D-1",0.371129458454234
"LPAR2",0.370610177168557
"MEX3A",0.370269948035052
"NFKBIB",0.370212374532536
"EML6-AS1",0.370107057521738
"LINC00278",0.369865344036834
"EIF4EBP1",0.36982245741006
"NPIPB10P",0.36957025192705
"RNA5SP48",0.369476181747164
"CDCA8",0.369432183350982
"ATP5PBP8",0.36942641257129
"DCP2",0.369282816735537
"IFIT1",0.36900539904636
"SFRP4",0.368890536046573
"MT-TC",0.368759478570238
"MPG",0.368692062397431
"NSMCE1",0.367853030715888
"RNU2-70P",0.367439186070344
"ZNF852",0.366467769624766
"ETNK1-DT",0.366165975583128
"RPL7AP70",0.365860279431426
"TTC36-AS1",0.365787364824621
"RUVBL1",0.364781629568555
"RNU6-987P",0.36434966545917
"ST18",0.364120810981366
"LINC02690",0.363937438961563
"GTF2A1",0.363683282263771
"ITPR3-AS1",0.363505611307585
"PMAIP1",0.36342638112876
"JKAMP",0.363353695076337
"RPS14P8",0.362841026424934
"MGAT3",0.362640190326894
"KRBA1",0.362208466947147
"SELENOI",0.36116733338716
"MSI2",0.36088598880472
"C4orf17",0.360798077425427
"IFFO2",0.360590028121433
"APBA3",0.360380208884587
"TPBGL-AS1",0.360243833873556
"NDE1",0.360084160765436
"SCN2A",0.359309916936679
"RBBP8",0.359116971705837
"SLC41A3",0.358437085843184
"SHOC2",0.358374443026804
"NSUN6",0.357670437778472
"FZR1",0.357418817254779
"GPAA1",0.357228438844384
"HASPIN",0.357067200287899
"DYNC1I1",0.355897070275116
"THTPA",0.355733104335649
"BBC3",0.355686641633052
"NPM3",0.355597218177516
"SMTN",0.355551789929867
"DNAJB6",0.354998965008425
"VEZF1P1",0.354783538717357
"PATJ-DT",0.353601903262116
"FGGY-DT",0.353422697066215
"ORC3",0.352184732657574
"MIR199A1",0.351701623619509
"COMMD5",0.351510926470905
"ACTR5",0.35139469518677
"SULT1C4",0.350501333446165
"ZNF189",0.349623088882351
"SMARCC1",0.349415413426862
"FBXO46",0.349167547300805
"ELP6",0.34911713298392
"TNFRSF1B",0.348958237754173
"ZNF746",0.34871329102596
"SLC5A3",0.348425775937873
"CCN6",0.348158448074439
"ANO2",0.348158448074439
"CENPS",0.346603667930708
"NDUFB11",0.346565304969926
"NPIPB5",0.346338665828525
"ZNF487",0.346008532096331
"LIN9",0.345820413881364
"CD3E",0.344793789061
"CRTAM",0.344575255750372
"PCAT4",0.34453985105343
"MTHFSD",0.344228906175934
"MIR1290",0.344216658561568
"CLPTM1",0.344154292136049
"MARCHF8",0.343725701683601
"TATDN3",0.342875798374792
"CBFA2T2",0.342672444219261
"CYGB",0.342407170405212
"BATF3",0.342299231363597
"PIEZO1P2",0.342158004918844
"R3HCC1",0.342088466533042
"YIPF1",0.341766813659251
"AP3S1",0.341535036032986
"RNASE2",0.341386275415169
"PATL2",0.341221722742858
"NUS1P1",0.341086591711987
"PLCD1",0.341076938556219
"HYAL3",0.340909030444069
"MEG8",0.340256492889745
"FBXO8",0.339688180963816
"RPL15P22",0.339586940040757
"DOCK8",0.33934849127309
"USP11",0.339190752252747
"TRBC2",0.338654921261266
"MARCKSL1",0.338483706524503
"RINT1",0.338277179956203
"CEP68",0.337911112342789
"ALG1",0.337891926202897
"LAMTOR3P2",0.337669537071921
"CICP3",0.337468885480879
"ERCC6L2-AS1",0.336670586609226
"ATF5",0.335684509407642
"LINC01630",0.335322753538407
"GSK3A",0.333977716721717
"RNY3P2",0.333373857855702
"PABPC1P10",0.33319743687675
"STON1",0.333135187006003
"LINC02256",0.332476632281553
"SURF1",0.332242212688387
"TMEM167A",0.331844844627903
"CAPN9",0.331093132630444
"COX5BP8",0.331093132630444
"PTGER3",0.331093132630444
"LRP1B",0.331093132630444
"UNC80",0.331093132630444
"NRXN1-DT",0.331093132630444
"LYZL4",0.331093132630444
"GATA2",0.331093132630444
"SNHG27",0.331093132630444
"LINC02428",0.331093132630444
"GARIN3",0.331093132630444
"SGO1P2",0.331093132630444
"LINC01602",0.331093132630444
"RNU6-783P",0.331093132630444
"SLC22A12",0.331093132630444
"RAB3IL1",0.331093132630444
"LINC02723",0.331093132630444
"NOS1",0.331093132630444
"LINC02409",0.331093132630444
"LNCOG",0.331093132630444
"RTN1",0.331093132630444
"LINC00524",0.331093132630444
"LINC01551",0.331093132630444
"FOXB1",0.331093132630444
"LINC02348",0.331093132630444
"GDAP1L1",0.331093132630444
"LINC01522",0.331093132630444
"SLC7A9",0.331093132630444
"IGLJ5",0.331093132630444
"CCS",0.33107625722625
"MPHOSPH10",0.33103408896411
"SDE2",0.330540676910623
"CDYL",0.329961117387281
"DNAJC5G",0.329248630731693
"NCSTN",0.329122681812544
"LINC02580",0.328548981988447
"DENND4A",0.327827618986813
"BACH1",0.327401951751549
"SRSF3",0.32688227710039
"RRP12",0.326687398402686
"RNU6-16P",0.326397633475519
"GAPDHP70",0.326397633475519
"KRBOX5P1",0.326397633475519
"RNU6-62P",0.325676133965944
"ZFTRAF1",0.325411421050075
"THPO",0.325251087722837
"MYO9B",0.324818099286933
"PIK3R1",0.323745617671104
"GAB1",0.32357184269571
"YRDC",0.323497713917805
"TMED2",0.323310228467732
"APBB1IP",0.322756022482389
"SLF2",0.322676094990989
"LINC00484",0.322122612229949
"RAD21-AS1",0.322018970716244
"SVIL2P",0.32152994353602
"CPSF4",0.32051938335718
"ILDR1",0.320221720067154
"KREMEN2",0.318981273397344
"ZFYVE28",0.31860106901383
"SLC9A4",0.318508863622653
"CD68",0.318461989487213
"PAIP2B",0.317943048071192
"NELFCD",0.317612691340471
"LINC02080",0.317457947231464
"FBXO45",0.31682673829234
"MAEA",0.316611118328454
"PRKRIP1",0.316417784777067
"NOC2LP2",0.316396259593789
"LINC01138",0.316042529770651
"MTND5P15",0.315646637458271
"IMPDH1P5",0.315646637458271
"EFCAB6-AS1",0.315646637458271
"C5orf67",0.31560205171156
"SNRNP70",0.315579407160861
"C2CD4B",0.31512633381788
"VAV2",0.314728804386891
"PDXK",0.314092483631152
"PRRC1",0.314049858863044
"CPB2-AS1",0.31364074632291
"NHERF2",0.313557088455807
"LRRIQ3",0.313026782893607
"UVRAG",0.312766409298771
"ZNF773",0.312726661123065
"SRGAP3-AS1",0.312632172535932
"LINC02683",0.312632172535932
"UCK2",0.311777017989369
"IGKV2-38",0.311703048459829
"TMSB4XP4",0.311592720778918
"ARL2BP",0.311559819061306
"DHX34",0.310812098152402
"SDR42E2",0.310330440965259
"SLC35B3",0.30990223245173
"UQCRH",0.309148155598034
"IGLV3-26",0.308971692942103
"PTPN1",0.308445092462756
"BMPER",0.307945825756132
"HMGB1P41",0.307945825756132
"SRA1",0.307813995416403
"ZUP1",0.307429055563294
"RDM1P2",0.307239279663103
"CKAP4",0.306739633071788
"RN7SL5P",0.306101024568099
"PYGO2",0.305996431899802
"ZNRF2",0.305837477238371
"XAF1",0.305178732083055
"LCTL",0.304896369035534
"DEF8",0.304519071628678
"NSMCE2",0.304459481732273
"SLC5A10",0.304444724749565
"B4GALT6",0.304313229245533
"RNPEPL1",0.303968346325193
"MEDAG",0.302875563508014
"HIGD1B",0.302576195198079
"MTERF4",0.302220356300538
"CRADD",0.301686138845985
"ERICH1",0.301276637991635
"RPL17P36",0.300179976588236
"CCT8P1",0.299676353221599
"RHOT1P2",0.299417347243785
"UBE4B",0.299058515999688
"RPS16P5",0.298005973188801
"MIRLET7IHG",0.297859339633013
"LMO4",0.29755101904562
"MYO18A",0.29751593944583
"NPLOC4",0.297456199713779
"LINC01266",0.297423761866402
"MLST8",0.297364287558707
"EARS2",0.297341493199828
"CPEB2-DT",0.296139595207251
"LINC02334",0.295506271898387
"POP4",0.29502016976171
"SNRNP27",0.293726251987004
"AFAP1L1",0.293207634849679
"TSSC4",0.293006843235938
"POU2F1",0.292722467517686
"MCF2L-AS1",0.292445832875887
"SNORA70G",0.290997701268008
"MT-TQ",0.289819981663071
"SLX1A-SULT1A3",0.289776257262919
"NCAPH2",0.289619119455689
"IGLVI-20",0.289484157863135
"TRMU",0.28913288916927
"RGL4",0.288552345385045
"NME2",0.288364652996719
"ZNF200",0.288249920812241
"GNA12",0.288058537595767
"CCDC93",0.28787231434855
"MPND",0.287773061505466
"NAA10",0.287693974603078
"DCAF1",0.286827040867505
"NUP210P3",0.286541328696752
"XKR6",0.286388554843184
"NBN",0.285911757176298
"NMNAT1",0.285822479281587
"FBXO44",0.28533770275855
"ARMC6",0.284728462829624
"HSPD1P1",0.283912515215291
"MIP",0.283656761524226
"CFAP119",0.283455244382749
"ZNF154",0.282218743498728
"NDUFS2",0.281932605687038
"ARK2N",0.281381954550163
"ABHD17AP1",0.280581546280448
"SPTY2D1",0.280556653835399
"ARHGAP18",0.278995536713616
"CALU",0.278912592250261
"IGBP1-AS2",0.27884436588637
"TTC33",0.278563167098956
"KHNYN",0.277765893573283
"CEBPZ",0.277242957717083
"TTC4",0.277062734422045
"MRPL20-AS1",0.27665954612621
"OPA1-AS1",0.27627985057325
"GJB2",0.275910119756011
"SLC38A4-AS1",0.275725928365214
"PCMTD1-DT",0.275128054946971
"EIF3K",0.274448616376298
"RGS19",0.2744025817086
"SCAF1",0.273894591379978
"CCDC163",0.273831410495677
"CCT6P1",0.273142427369816
"ADAT2",0.27236340254315
"ABCC12",0.272362041839915
"ZNF283",0.272331344037569
"CLCC1",0.271933673968429
"HPX",0.27167065410801
"ARID1A",0.271121399008169
"DMWD",0.271017659299565
"FAM124A",0.270968961513076
"TAS2R14",0.270648966550708
"GLMP",0.270579223933829
"P4HB",0.270154682141557
"PNMA1",0.269346486206203
"CNIH3",0.268741040751035
"ATXN2L",0.267755326980011
"PGPEP1",0.267447443643984
"MME",0.267243242221771
"PAX2",0.267243242221771
"LINC00871",0.267243242221771
"IMPDH1P11",0.267243242221771
"MIR128-1",0.267146820816069
"NUP42",0.266470873104177
"ZNF214",0.266305098810584
"PDE1C",0.266282294819493
"COCH",0.266067194049939
"MTCO1P2",0.265861836198834
"PTOV1-AS1",0.265779383770107
"GSKIP",0.265338220856827
"DPAGT1",0.264707846887743
"SLC36A1",0.264616566261331
"MBTPS1",0.264265378115358
"H4C2",0.263892547615148
"CYP4V2",0.263806919549727
"ACTR3BP2",0.263758657917103
"RPUSD3",0.263738569019784
"KNCN",0.263451002528629
"C1orf146",0.263451002528629
"CA6",0.263451002528629
"LMOD1",0.263451002528629
"NPY1R",0.263451002528629
"LINC00616",0.263451002528629
"RPS20P4",0.263451002528629
"GABRG2",0.263451002528629
"ADAMTS19",0.263451002528629
"HSPA8P16",0.263451002528629
"NPVF",0.263451002528629
"TEX101P1",0.263451002528629
"MIR219A2HG",0.263451002528629
"LINC01506",0.263451002528629
"SLC15A5",0.263451002528629
"SYT10",0.263451002528629
"RN7SKP172",0.263451002528629
"AVPR1A",0.263451002528629
"TMEM132D-AS1",0.263451002528629
"LINC02443",0.263451002528629
"ZDHHC4P1",0.263451002528629
"TGM5",0.263451002528629
"OCSTAMP",0.263451002528629
"SNAP25",0.263451002528629
"OR7A5",0.263451002528629
"KLK3",0.263451002528629
"ARHGAP42P3",0.263451002528629
"SEZ6L",0.263451002528629
"RPS27AP1",0.262343969552825
"ARPP21",0.262323449652922
"MDM2",0.262285825880083
"PRSS16",0.262156262980659
"LMNB1",0.262147322741783
"MTMR8",0.262044925410527
"NCK2",0.261923862799964
"CYRIB",0.261471709163361
"KRT18P62",0.260087312083284
"SRGAP2C",0.259788094681514
"LINC00924",0.259602510102316
"RPS4XP3",0.258878684355096
"PITPNM1",0.258776724160488
"DOCK8-AS1",0.258263397682732
"TNRC6A",0.257960112014577
"MAILR",0.257935101636678
"C1QTNF7-AS1",0.257484725857963
"MZT2A",0.257398432388721
"CORO7",0.256655756075962
"TIMM17A",0.256258131466669
"SDR39U1",0.256101490516018
"EGLN1",0.256093581213278
"LNX1-AS1",0.256022194167162
"SNRPGP9",0.255750560442819
"LINC02908",0.25560819267895
"ARHGAP11B",0.255306783375949
"MTCP1",0.255086264699966
"SH3GL1",0.254897062076715
"NLRP6",0.254791908260346
"CASP8AP2",0.254101986514257
"KIF15",0.253965736824599
"PMFBP1",0.253580614153664
"RPL18P10",0.253349357627958
"SMARCAD1-DT",0.253327426563893
"MIR1302-6",0.253327426563893
"RPS3AP27",0.252647548071319
"RNY3P12",0.252590541539359
"PGRMC2",0.252263362411675
"NFE4",0.251758993689842
"TERF1P7",0.251758993689842
"C1GALT1P3",0.251758993689842
"RNU7-28P",0.251758993689842
"SMCO2",0.251758993689842
"GLYCTK-AS1",0.2514229421953
"SP3",0.251331727636787
"SH3D21",0.250471285198286
"PUS7L",0.249948210595872
"TRAPPC9",0.249847753635245
"AGBL4",0.249056349160533
"REXO1",0.249024604741009
"SNX29",0.248488377183842
"UBN2",0.247989014047913
"TMEM38B",0.247741948345311
"SLC35F2",0.247438768176928
"ELFN1",0.247296596489834
"RBM5-AS1",0.246765493677235
"RNU6-855P",0.245928342359099
"SNORD42B",0.245928342359099
"TBC1D3E",0.245928342359099
"PKMYT1AR",0.245928342359099
"PTMAP1",0.245669028670315
"PRKD3-DT",0.244988232750653
"RPL21P17",0.244988232750653
"GABRA4",0.244988232750653
"XKR7",0.244988232750653
"BIN2P1",0.244508959801099
"EFHC1",0.244275493174895
"RNU6-689P",0.24389736994153
"HSFX4",0.243704070187566
"CHIAP3",0.243273399176771
"LINC01821",0.243273399176771
"SAR1B",0.243036969639194
"RPL4P3",0.242455094341471
"DOLPP1",0.242368692526354
"GALNS",0.242227303039283
"CIP2A",0.241141695172286
"MT-TA",0.241005071112087
"BACH2",0.240748767410345
"WDR55",0.240548781023332
"NDUFA5P11",0.24026485382124
"HMGXB3",0.239918846835237
"IDE",0.239887217875761
"KIF5C",0.239485635472309
"HSPA8P5",0.239085403802171
"MRPS33",0.238795989211846
"GPR37L1",0.23851191128801
"OR4F1P",0.238036927400919
"SLC39A5",0.237713978329344
"GTF2F2",0.237591215867224
"LINC03044",0.236095617276225
"INPP5F",0.235606295677083
"NOP56",0.235472004456499
"FUZ",0.235226136113204
"MRPL3P1",0.234577669478266
"ZNF883",0.23453691696679
"KHDC1",0.234515923531914
"RAB4A",0.234487979894847
"MEF2D",0.234108241439733
"MTND6P12",0.234104469686055
"SLC30A5",0.234000383568544
"MON2-AS1",0.233989028852761
"ALG8",0.233944976457123
"RN7SL351P",0.233909742275394
"ELL",0.233803901090104
"TRIM80P",0.233559998625681
"DGKZ",0.2332644488421
"PLEKHA8",0.233257242154068
"ANKRD55",0.233152360531331
"CCDC77",0.232994141159461
"RRM2",0.232964838641618
"TMUB2",0.232601009443218
"PCBP2-OT1",0.232314092075678
"WWC3-AS1",0.232262070403456
"MIR6781",0.232160075461892
"CSKMT",0.232088015499586
"LINC02253",0.231962031383673
"RPS4XP13",0.231852348341274
"DIO2-AS1",0.231852348341274
"CYCSP39",0.231852348341274
"LINC01849",0.231648135147825
"IRS4",0.231648135147825
"SPAG6",0.231648135147825
"LINC01067",0.231648135147825
"DHRS7C",0.231648135147825
"TBC1D3D",0.231648135147825
"OR3A3",0.231648135147825
"SLC25A12",0.231606930600146
"RPL7P50",0.231418072960772
"TRAJ3",0.230283368813019
"RPS15P5",0.230262062411735
"ZNF791",0.229796035160296
"LINC02604",0.229201172521765
"SPIN2A",0.229150069374744
"SASS6",0.229133159121932
"TPRA1",0.228941100838549
"XPO4",0.228751819633848
"GTF2E1",0.22873301656519
"EPHB1",0.228687606714852
"FRG1",0.228586488142363
"STK16",0.227656331361446
"ZNF606-AS1",0.226976865732511
"RPL7AP53",0.226739019857132
"PPP1R15A",0.226451826001072
"RAB5CP2",0.225399674052413
"PTTG1P2",0.224820540950842
"VAMP2",0.224703268298583
"LINC02292",0.224434096306414
"STK38L",0.224193766119002
"ATR",0.224144647867938
"VPS16",0.224037074817747
"RTCA",0.223236668629266
"NAA30",0.22316610742833
"GLIPR1L2",0.222950713838733
"CREB3",0.22270337875189
"PARP15",0.22252996829938
"STAG3L5P-PVRIG2P-PILRB",0.2224877997271
"LRRC14",0.222352294636724
"MBD2",0.222052797331291
"DUS2",0.221636487009465
"PARP10",0.221096037619237
"SV2C",0.220820667731204
"TRUB2",0.22019893585106
"MIR23AHG",0.219967314053027
"RNU6-236P",0.21971822841751
"RCC2P6",0.21971822841751
"ZNF865",0.219579414198599
"SFT2D3",0.219312634550898
"NDUFS8",0.219149896216819
"LINC00662",0.21896980435446
"C14orf39",0.218737119699597
"DTD2",0.2185991237471
"GSTM1",0.218266082119972
"THOP1",0.218193304125069
"DIO3OS",0.217524182205048
"RB1",0.217393501726262
"TMSB4XP2",0.217195636368424
"MIR4453HG",0.216890341018567
"COX5A",0.216869872793831
"TBC1D3P1-DHX40P1",0.216596627475442
"HERC2",0.216479519245579
"TARS1-DT",0.216475490042514
"SLC7A1",0.216443160165495
"MIB1",0.21596589030598
"EAPP",0.215892970675869
"LINC02050",0.215823602515474
"CDC14C",0.215823602515474
"IER3",0.215516244297318
"LINC02627",0.215350462681814
"RNU6-1034P",0.215350462681814
"OSTM1",0.21506334686523
"TRBJ2-2",0.214950744752969
"TMEM160",0.214821161417523
"STX5",0.214695191831331
"YWHAZP3",0.213643019264153
"EIF3LP1",0.213540349532296
"TAS2R13",0.212873695730609
"CLECL1P",0.212873695730609
"TMEM81",0.212600123063162
"HAGLROS",0.212509654700405
"HOMER3",0.212478961070563
"EIF2AK1P1",0.212229950077392
"ABCB8",0.212201695674081
"CCDC144CP",0.21216390776979
"ZNF224",0.212151672425739
"MTIF2P1",0.212078691731319
"CFAP141",0.212078691731319
"MTND4LP13",0.212078691731319
"IGKV1OR-2",0.212078691731319
"IGKV1OR9-2",0.212078691731319
"SLC2A9-AS1",0.212006965139481
"RNFT1",0.21195098277175
"OVCH1-AS1",0.211932886581541
"SLC35A2",0.211338199465853
"GLTPD2",0.211229436406363
"RPS2P54",0.211101489830312
"B3GALT4",0.211099369597212
"ZNF264",0.211076348805089
"HDDC3",0.210381882182907
"FOXN2",0.210236156962713
"RNF187",0.210062076824323
"TRMT112P6",0.209818582443533
"RHBDL1",0.209457532206991
"LINC00574",0.209273547176376
"ERP44",0.209207319262504
"METTL23",0.208971624836147
"CDCA5",0.208737110650652
"LINC02731",0.208630898850823
"PIWIL2",0.208606935038627
"LINC03048",0.208342864780774
"MTHFD2P6",0.208046983547238
"TCF24",0.208046983547238
"LINC01695",0.208046983547238
"MGAT5B",0.206941299996128
"SDR9C7",0.206808104294157
"CCDC157",0.206538707952776
"NCOA5",0.206477160560561
"ADAM23",0.206288125715223
"TIPIN",0.206232872911007
"RPL35P1",0.206205607176841
"NSD3",0.206174588208899
"LINC01141",0.206082941429786
"PIGH",0.205733090919033
"HENMT1",0.205559922516821
"NEU1",0.205128141331602
"FAM66C",0.205121121633386
"RAD9A",0.204877810450221
"FAM27E3",0.204852234306089
"GLCCI1",0.204596762038721
"SSBL2P",0.203759858880364
"YPEL5",0.203411100611557
"CDK2AP2",0.203158255865528
"FXYD5",0.203098513864081
"RPSAP70",0.202467377907457
"SGO2",0.202379120078099
"MINCR",0.202105296900124
"TMED5",0.20184090523814
"ATAD3B",0.201831053376458
"NRG3",0.201615108055254
"TAF5",0.200869095874343
"LARP1",0.200739052340802
"ALKBH1",0.200619132093191
"MIB2",0.20060760333625
"ZBTB39",0.20058680912308
"RPL7P56",0.200522780976986
"IL1RN",0.200409845490908
"TTPAL",0.199542638726963
"TRAJ11",0.19953072270048
"PRELID1P6",0.199425994823592
"ABT1P1",0.199104009602014
"IFT25",0.198974384775971
"RPL21P85",0.198758927979346
"MICOS10P2",0.198512313298887
"ASH1L-AS1",0.198333634073177
"ATP6V1G2",0.197893271970381
"DHRS3",0.197130226071162
"ABCF3",0.197117846480561
"CPLANE1-AS1",0.196983085881369
"A2M-AS1",0.19688723671701
"NKAP",0.196715478681658
"SCNN1B",0.196366847452374
"METTL21A",0.195966288998743
"STK17B",0.195835943619054
"PRMT7",0.195619621636183
"LINC01694",0.195462897725046
"MED26",0.195237607035275
"GZMB",0.194815123031162
"SLC30A4",0.194525439438567
"PPP1R14A",0.194513972980304
"ERAL1",0.194511284002361
"GCDH",0.194206921281072
"PCOLCE2",0.193889280850135
"P2RY12",0.193889280850135
"GYG2",0.193889280850135
"TRIM51",0.193889280850135
"PLPP4",0.193889280850135
"SLC24A4",0.193889280850135
"NCCRP1",0.193889280850135
"PAPSS1",0.193207263754209
"ECEL1P3",0.192862817964262
"MAGEA4-AS1",0.192862817964262
"LINC01926",0.192862817964262
"FRG1BP",0.192862817964262
"EIF2S2P1",0.192839083752721
"KCNA7",0.192839083752721
"EIF1P5",0.192669984940805
"SCLT1",0.192583994250734
"SUDS3P1",0.192554573734854
"ZNF22-AS1",0.19186882725473
"RPL13AP24",0.191691456573986
"SLC52A2",0.191688236569541
"GYG1",0.191678328161308
"KMT2C",0.191480200197123
"ZNF451",0.191473848433115
"RPS12P26",0.191394898777672
"MCM6",0.191257063843096
"CENPC",0.191172738636767
"LINC01524",0.190982617258017
"BUB3",0.190940486826935
"PAXIP1-AS2",0.190766116993271
"MXD3",0.190538277071375
"CDK5RAP3P1",0.189951896339945
"RAB30-DT",0.18964750963686
"ZNF34",0.189310441861789
"ASS1P12",0.188868110771528
"IGDCC3",0.188868110771528
"RPSAP67",0.188868110771528
"LINC02088",0.188868110771528
"C6orf163",0.188698259808629
"RPL5P15",0.188615352803042
"FIRRM",0.188536143747364
"LENG8-AS1",0.188431656040899
"ASB6",0.188381669444641
"DUSP11",0.187765288076635
"TENT4A",0.187572550040633
"AMER3",0.187540973794543
"LINC01338",0.187524414156291
"CD34",0.187145952334711
"IGLV3-15",0.186870464941507
"CDC27",0.186628170511663
"HIKESHI",0.186427126186072
"MFAP3",0.185931557456379
"KCNMB2-AS1",0.18570989891055
"ATP5MC2P1",0.185576886785048
"POLE4P1",0.185452608989361
"GRPEL2P3",0.185452608989361
"PPIAP33",0.185452608989361
"RPS23P7",0.185452608989361
"IGLV3-29",0.185452608989361
"B3GAT1-DT",0.185215236215001
"CAPN14",0.184765706423483
"KEAP1",0.184763940535478
"DAP3",0.184644313272865
"ATG101",0.184624770084163
"ATOX1",0.184617894182317
"CLEC5A",0.184365539419444
"FAM91A3P",0.184344136086205
"IQCB2P",0.184344136086205
"IGHE",0.184249237163303
"ABHD14B",0.184070804352498
"ERN2",0.184047446627918
"ASF1B",0.183891692022863
"NPM1P19",0.183620904391993
"RSPH3",0.183348190361765
"SOCS4",0.183210005791236
"RWDD4P2",0.183147793114585
"EIF3FP3",0.183133721743646
"LINC01976",0.183128689065223
"PLA2G7",0.182913453855917
"MGAM",0.182896228738336
"RNU6-934P",0.182896109857818
"NUP50P1",0.182896109857818
"RPS2P18",0.182635989577044
"EIF2S2P3",0.182635989577044
"NAP1L1P3",0.182180131220573
"PHB1P21",0.182180131220573
"ZNF736P1Y",0.182180131220573
"SLC6A15",0.182173323254278
"LINC02356",0.182137234875949
"LINC01023",0.182120507767256
"CYC1",0.182099753676444
"TRBV7-2",0.182079344264753
"POC1B-AS1",0.181910841976103
"TTI1",0.181805539483806
"PAK6",0.181528532602507
"KMT2E",0.18116161527753
"VPS13B",0.181097136950601
"DDX19A-DT",0.180959415218124
"FBXW5",0.180775823575712
"GCAWKR",0.180246198812159
"PSMD7",0.180144187878036
"CRYL1",0.179862757924875
"ATP5PDP4",0.179149465384125
"PIGU",0.179119724800442
"RPL12P21",0.179033001908143
"CD99L2",0.179012509464298
"NR5A2",0.178979933477999
"CALM1",0.178781401270267
"ROR2",0.178463993558209
"PYCR2",0.177991083196638
"LINC01471",0.177582830575574
"LGI1",0.177570609787291
"RANP6",0.177560051640477
"DEFB108B",0.177560051640477
"MPPED2-AS1",0.177483068266787
"UBE2I",0.177474675567769
"IGLV3-30",0.177405495550802
"MCC",0.17740039368482
"NLGN3",0.177124639415886
"COL6A5",0.176993262439386
"ZNF592",0.176930406541322
"PARD6BP1",0.176795338605393
"POLR2DP2",0.176645672766136
"CDC27P2",0.176645672766136
"SPEN-AS1",0.176537398897118
"MRPL41",0.1765035012996
"JAKMIP2-AS1",0.176038510552834
"MAP2K3",0.175936901890791
"SAG",0.175843066929434
"WASF3-AS1",0.175767944991622
"TINF2",0.175601440350598
"SUGT1P2",0.175573832799436
"MIIP",0.175527902463434
"G6PC3",0.175527533884461
"CSRP3",0.175472967863908
"RPL36P3",0.174877500739897
"MPPED1",0.174877500739897
"TRPC7",0.174686324912499
"DUX4L26",0.174537345352932
"PLA2G2C",0.174400728448415
"SRP72",0.174387524212435
"DLGAP3",0.174362925620171
"ANGPTL3",0.174362925620171
"LINC01653",0.174362925620171
"FAM43B",0.174362925620171
"NES",0.174362925620171
"AMY2A",0.174362925620171
"OR6K1P",0.174362925620171
"SPTA1",0.174362925620171
"SGIP1",0.174362925620171
"OR2C3",0.174362925620171
"FAM110D",0.174362925620171
"AHCYP5",0.174362925620171
"IFT70B",0.174362925620171
"ANKRD30BL",0.174362925620171
"SLC30A3",0.174362925620171
"IGKV1OR2-11",0.174362925620171
"LINC01966",0.174362925620171
"GPAT2P1",0.174362925620171
"GPR45",0.174362925620171
"MAL-AS1",0.174362925620171
"LINC01965",0.174362925620171
"CLUHP10",0.174362925620171
"RNU6ATAC15P",0.174362925620171
"MASP1",0.174362925620171
"CELSR3",0.174362925620171
"HTR3C",0.174362925620171
"INHCAP",0.174362925620171
"ROBO2",0.174362925620171
"OR7E130P",0.174362925620171
"SLC7A14-AS1",0.174362925620171
"CFAP20DC-AS1",0.174362925620171
"ADAM29",0.174362925620171
"NAT8L",0.174362925620171
"LGI2",0.174362925620171
"IBSP",0.174362925620171
"MARK2P5",0.174362925620171
"LINC02146",0.174362925620171
"BHMT2",0.174362925620171
"SLCO6A1",0.174362925620171
"RPL13AP13",0.174362925620171
"IL13",0.174362925620171
"PCDHB8",0.174362925620171
"LINC01411",0.174362925620171
"LINC03122",0.174362925620171
"ZFP57",0.174362925620171
"PRR18",0.174362925620171
"BEND6",0.174362925620171
"CRIP3",0.174362925620171
"TCP11",0.174362925620171
"ADGB",0.174362925620171
"OR2AD1P",0.174362925620171
"EEF1A1P27",0.174362925620171
"VSTM2A",0.174362925620171
"OR2A1",0.174362925620171
"RNU6-1091P",0.174362925620171
"TSGA13",0.174362925620171
"FOXR2",0.174362925620171
"IGSF1",0.174362925620171
"PNMA6F",0.174362925620171
"MAP7D2",0.174362925620171
"RPL18AP14",0.174362925620171
"LINC01203",0.174362925620171
"LINC03070",0.174362925620171
"REXO1L8P",0.174362925620171
"RPL10AP3",0.174362925620171
"RPS3AP32",0.174362925620171
"SLC26A7",0.174362925620171
"SBF1P1",0.174362925620171
"FAM87A",0.174362925620171
"AKAP8P1",0.174362925620171
"SLC34A3",0.174362925620171
"TCEA1P3",0.174362925620171
"RNU6-714P",0.174362925620171
"FGF3",0.174362925620171
"HMGN2P38",0.174362925620171
"PKNOX2",0.174362925620171
"OR8D4",0.174362925620171
"HTR3B",0.174362925620171
"POU2AF2",0.174362925620171
"NLRP10",0.174362925620171
"OR5AK3P",0.174362925620171
"ENPP7P8",0.174362925620171
"CCKBR",0.174362925620171
"B3GAT1",0.174362925620171
"LINC02704",0.174362925620171
"OPALIN",0.174362925620171
"SLC16A12",0.174362925620171
"JAKMIP3",0.174362925620171
"GNAI2P2",0.174362925620171
"PTPRR",0.174362925620171
"ASCL1",0.174362925620171
"VWF",0.174362925620171
"KRT81",0.174362925620171
"FZD10",0.174362925620171
"GALNT9-AS1",0.174362925620171
"LINC02376",0.174362925620171
"ARHGEF7-AS2",0.174362925620171
"LINC01058",0.174362925620171
"LINC02337",0.174362925620171
"RNASE11-AS1",0.174362925620171
"ADAM21",0.174362925620171
"TGM7",0.174362925620171
"LINGO1",0.174362925620171
"CTXN2-AS1",0.174362925620171
"LINC02179",0.174362925620171
"GP2",0.174362925620171
"RBFOX1",0.174362925620171
"ARHGAP23P1",0.174362925620171
"RNU6-227P",0.174362925620171
"KRT38",0.174362925620171
"MPP2",0.174362925620171
"MTATP6P3",0.174362925620171
"CCL23",0.174362925620171
"LINC02089",0.174362925620171
"COTL1P2",0.174362925620171
"GALR1",0.174362925620171
"LOXHD1",0.174362925620171
"RPS10P27",0.174362925620171
"LINC01444",0.174362925620171
"LINC01254",0.174362925620171
"PHACTR3-AS1",0.174362925620171
"JPH2",0.174362925620171
"C20orf202",0.174362925620171
"RN7SL561P",0.174362925620171
"RN7SL155P",0.174362925620171
"RPS3AP50",0.174362925620171
"ZIM2",0.174362925620171
"KIR3DL2",0.174362925620171
"LINC00661",0.174362925620171
"SLC5A1",0.174362925620171
"UCKL1-AS1",0.174220840722508
"MCRS1",0.173824539333076
"ZMYM3",0.173595871575988
"RPL12P50",0.173567945904946
"CENPI",0.173490842427831
"ZSCAN26",0.172987896726026
"GTSE1",0.17270907849165
"FAM185A",0.17259833402879
"RPS27P9",0.172571449623997
"DBP",0.172309555781006
"METTL9",0.172007199775347
"CABLES1",0.172002847835482
"ANKRD12",0.171984329743372
"SORBS3",0.17186093839017
"RNA5SP425",0.171721081801521
"USP6NL-AS1",0.171520271449016
"C4orf46",0.171092674118209
"TAB2-AS1",0.170905445439466
"ADCY4",0.170195252747364
"TXNIP",0.170134338942862
"VSTM2B-DT",0.169880868152399
"IGLVIV-66-1",0.169503920169356
"NMB",0.169154059868228
"ZNF394",0.168756756568227
"ZSCAN16",0.168634393590412
"GNRHR",0.167505208926443
"PNP",0.167387911802256
"DARS1-AS1",0.167246024048271
"S1PR1",0.167225631023027
"INSIG2",0.167090908163025
"PSME2P6",0.166884083727981
"RPL5P8",0.166286128162783
"LRRC63",0.166286128162783
"RFX8",0.166180465779483
"ICE2P2",0.166180465779483
"TERLR1",0.166180465779483
"PPP1R10P1",0.166180465779483
"TBX4",0.166180465779483
"IMMT",0.166018941029535
"DPM3",0.16595534993422
"SIRT7",0.16584337873971
"VDAC1P2",0.165635573111512
"CD200R1L",0.165328910950773
"UCHL1-DT",0.165328910950773
"RAD23A",0.165276463227761
"LINC00466",0.16508024014291
"NTNG2",0.165075590829524
"NBPF8",0.164967743644268
"XAB2",0.164711964414129
"ANXA2R",0.164676940291155
"PRELID1",0.164384641626307
"HAUS3",0.164364553533338
"SCFD1",0.163844478423129
"PROCA1",0.163571949470106
"VCP",0.163308695924131
"SF3A3P1",0.163071014615743
"PRSS37",0.16229311896591
"LIN54",0.162267365716779
"SYDE1",0.162200199816267
"ZNF880",0.162134295360739
"PHF1",0.161939520858254
"SLC3A2",0.161583444775715
"HSPD1P7",0.161476144152248
"THAP1",0.16130445815186
"EEF2KMT",0.16112131742231
"NDUFAF1",0.161068204267607
"AFTPH-DT",0.160934269406204
"PCMTD1",0.160797321567929
"DPH5",0.160456587581632
"HINT2",0.160318429152501
"TOR1A",0.160094911435619
"STIP1P3",0.160011869992715
"NAV2-AS4",0.159678444774945
"CPNE6",0.159678444774945
"TCF25",0.159522466414946
"METTL26",0.159454189631011
"TAF1L",0.159256235408582
"AXDND1",0.159248548380494
"RN7SL275P",0.159241906868739
"PRSS2",0.159241906868739
"SIRT3",0.159138030372616
"ZNF701",0.159019262737919
"SLC5A11",0.158870794648751
"LINC01743",0.158809314339942
"UNC45B",0.158809314339942
"AKR1B1P7",0.158809314339942
"MSTO1",0.15870570462202
"OR10A4",0.158643044996261
"OR51D1",0.158643044996261
"PSAT1P3",0.158563564806085
"RNU6-648P",0.158563564806085
"ZPBP2",0.158563564806085
"LINC00355",0.158037595076406
"ZNF322",0.158030490245634
"CLEC18B",0.15785868687521
"MYH10",0.157325298929115
"GAPDHP40",0.157072983642715
"ZNF75A",0.157036685030265
"LINC00689",0.156529796326172
"BCKDK",0.156513378008826
"MIX23P3",0.156023950831943
"CAP1P2",0.155922008518427
"GFM1",0.155804395060647
"LINC01355",0.155646474534843
"BTF3P10",0.155530602922681
"AEN",0.154808079632581
"DANCR",0.154764543743655
"TMEM200B",0.154443582211471
"CBX4",0.154439265186934
"MACROH2A2",0.154359118154283
"DAD1",0.15428664598047
"C1orf52",0.154211508098027
"PAGR1",0.153972079494107
"RPL6P19",0.153901625906491
"PPP4R2P4",0.153880164484273
"TRIM32",0.153674799689821
"KIF18A",0.153148761261819
"ZSCAN30",0.153118175753708
"HSF1",0.152969272339039
"RBKS",0.152728352387717
"CTNNA1P1",0.152675232065731
"FBXO7",0.152274593154264
"H2BC12",0.152143782979687
"RCC2P8",0.15202567816111
"RPS3AP30",0.15202567816111
"RANP3",0.15202567816111
"RPLP0P12",0.15202567816111
"DYNLRB1",0.151982357453963
"MCM8",0.151877297954945
"VHL",0.151783959718918
"RPL22L1",0.151625398205521
"NCAPG",0.151602071404711
"LRRC28",0.151481765582533
"GRM1",0.151444527108387
"FDX1P1",0.151347154722284
"CRABP2",0.151254692258991
"POU5F1",0.151171466704601
"E2F6P3",0.150989464467284
"ZNF358",0.150573638338115
"TUBGCP6",0.150431045130554
"LINC00659",0.150358481322973
"NFKB2",0.150238862449942
"NUAK2",0.149864699724645
"DTWD2",0.14934619819376
"COX18",0.149326527584422
"CFL1P2",0.149230833142408
"WDR46",0.148382608323058
"METTL1",0.148248263410056
"FAM193A",0.148052266016501
"IL15",0.148005430675381
"SLCO1C1",0.147904625713821
"SLC36A2",0.147440149363777
"RNF5P1",0.147264167615844
"DLEU2L",0.147238264012362
"CDC73",0.147211821858183
"CDC16",0.147147751821117
"ZNF22",0.146898019002867
"TPTE2P1",0.146841524195857
"TNPO1P2",0.146841524195857
"POLR2D",0.146671092322272
"NPM1P12",0.146300458091827
"MIR1184-1",0.146053291159017
"ACACB",0.146053221132982
"PAK6-AS1",0.145970785394007
"ACYP2",0.145895881204235
"RNF25",0.145738667929914
"GYG1P3",0.145718310078525
"LINC02242",0.145718310078525
"CBX3P9",0.145718310078525
"USP8P1",0.145718310078525
"RRM2P3",0.145718310078525
"ARMCX5-GPRASP2",0.145718310078525
"SLCO5A1-AS1",0.145718310078525
"SNORA11F",0.145718310078525
"LINC02709",0.145698905385943
"MAPK8IP3",0.145585788127121
"CFL1",0.145403774425366
"IGKV2D-24",0.145194365755965
"C1QTNF7",0.145194365755965
"RPL19P20",0.145194365755965
"IMMP1LP1",0.145194365755965
"GOLGA5",0.144937460755968
"FAM242C",0.144821783157729
"PHKG2",0.144814816461829
"RPS15AP17",0.144792391044797
"TRBV18",0.144513447687774
"RBM8A",0.14446702013378
"ATXN1-AS1",0.14441432521028
"EPRS1",0.144357299329872
"LINC01786",0.144102492561772
"DCPS",0.143694709169251
"HECTD3",0.143543077680637
"RPL21P93",0.14352787527012
"CIDEC",0.14349771552183
"INTS6P1",0.143474736707054
"PAPPA-AS1",0.143474736707054
"RN7SL317P",0.143474736707054
"ZNF10",0.143377042324556
"RPL19P6",0.143298412446119
"ATXN7",0.143028215455554
"KCTD9P6",0.14285706472875
"ZNF579",0.142829494065177
"CTIF",0.142733884764823
"LINC01012",0.142707590153166
"HHLA1",0.142707590153166
"TRMT61A-DT",0.142707590153166
"RNA5SP437",0.142707590153166
"NPM1P43",0.142484664406098
"DBF4P1",0.142147057740136
"SLC39A7",0.142140827870992
"LINC03009",0.142139355882697
"TMEM138",0.141824266221365
"RTL10",0.141654999700627
"ABCB5",0.141593606995666
"MARCHF2",0.141418491111797
"SNORA84",0.141356857423944
"ZNF213-AS1",0.14103749999554
"EML6",0.140584728618979
"ATG5",0.140516742757766
"XPO6",0.14047678403357
"ZNF580",0.140463240864415
"GUSB",0.140098831226662
"LINC02481",0.139984107081441
"USO1",0.139844905911857
"EHMT2-AS1",0.139789536914189
"SMYD5",0.139756817807371
"H3C1",0.139608462565719
"SND1",0.139050623822964
"ERV3-1",0.138880714953273
"NEB",0.138865777249669
"KCNH3",0.138288957060403
"AP2S1",0.138267889694996
"CEP43",0.138195945965837
"USP8P2",0.138177576373824
"SSBP3P1",0.138177576373824
"OR10T1P",0.138048666388424
"INO80C",0.138005629236387
"RAB28",0.137960953022169
"ZNF785",0.137653346484983
"EIF5A2",0.137621928055444
"POLR3K",0.137467696429272
"MYCL",0.137159860367027
"ABCC1",0.13712995194657
"PSMB6",0.137093761176736
"PKN1",0.13690048250633
"FADD",0.136641034680053
"LIX1L-AS1",0.136521336287257
"WFS1",0.135857764443221
"WDR24",0.135856212421099
"SLC25A51",0.135032728193507
"HIVEP1",0.13494632611448
"MMADHC",0.134912934801356
"MT1X",0.134409302626639
"KRT10",0.134337613837731
"RPS27P17",0.133862433174166
"BOLA2-SMG1P6",0.133834335527638
"PINK1",0.133745945264346
"HSPA5P1",0.133638625700099
"ARHGAP11A-DT",0.133452148936214
"ETF1",0.133401116825562
"MEF2B",0.133163166369483
"CIMAP1B",0.132790746794294
"RPL21P80",0.132728851867415
"PLEKHG7",0.132728782939437
"NAMPT-AS1",0.132720214514511
"LPAR6",0.132622603542421
"CDR2",0.132504241535702
"NRAS",0.132488214691283
"RPL10P9",0.132334602518001
"CETP",0.132204221241085
"ZRANB2-AS1",0.132153835003324
"IL15RA",0.131810221963534
"NABP2",0.131759145907088
"RSPH14",0.13172528783021
"ELMOD3",0.130962188490395
"PPEF1",0.130951636012357
"GOLGA8S",0.130951636012357
"RNASEH1P2",0.130951636012357
"YJEFN3",0.130951636012357
"UCHL5",0.130754954217037
"ZDHHC12",0.130434749919128
"HSPE1P2",0.13032508749054
"OSTCP6",0.129949215731559
"OR13C7",0.129949215731559
"GOLGA8Q",0.129949215731559
"STOML2",0.12988259660153
"PAXIP1",0.129867435246585
"LINC02021",0.129607839321895
"CNBD2",0.129367768616375
"MTRF1",0.129365210660147
"EIF4BP8",0.129269227653992
"LINC01081",0.129269227653992
"ARHGEF39",0.129230025737453
"CICP27",0.129038667621457
"OGFRL1",0.128970846297722
"DDX55",0.128637426683995
"H4C14",0.1285068943741
"CEP250-AS1",0.128411221725021
"FOXRED1",0.128385726218909
"HM13-AS1",0.127907971488384
"TARS1",0.127556618861818
"DCDC2B",0.127368160991329
"TMEM269",0.127241972616744
"MRPS24",0.127014336474091
"NDUFV1",0.126691016173337
"GNAO1-DT",0.126504824332545
"PSMD13",0.126224354624225
"PIK3CA",0.126124014086015
"VPS13B-DT",0.126009157726582
"TES",0.12597134011836
"MEF2A",0.125896834717862
"ZMYND10-AS1",0.125506302639126
"EMC4",0.125389249253554
"F2R",0.124910161936479
"DIDO1",0.124764141129701
"ANTXR2",0.124555434884733
"TIAM2",0.124417111532737
"RPS26P38",0.124210118889561
"SERTAD3",0.124201393182149
"GFRAL",0.124096452175347
"MDM4",0.124048974000047
"MACORIS",0.124011335974758
"FKBP8",0.12388603128289
"AKR1E2",0.123219503866624
"NPHP3-AS1",0.122847739215903
"IP6K1",0.1227897615973
"HAGH",0.122785160273576
"OR1I1",0.122008588062256
"ACSS1",0.121872430421846
"LINC02606",0.121859246509956
"ERN1",0.121653906388766
"BET1",0.121430893373133
"NOP14",0.121346198817538
"CERK",0.121258421788249
"NSA2P4",0.121116202354884
"RNU6-379P",0.121116202354884
"H2BP3",0.121012408080002
"TCP1P1",0.121012408080002
"ABTB1",0.120896798405962
"MIR3680-1",0.120832734784806
"RNFT1P3",0.120814263954141
"PALS2",0.120640821715291
"FAM107B",0.120233700841385
"RNU6-336P",0.120152251086438
"NIFKP4",0.11993907074568
"RHOXF1P3",0.119465714822743
"OGFOD1",0.119450816916871
"SLC30A1",0.119430562824527
"C16orf46",0.119301387743729
"ZNF202",0.119172607711662
"WBP1P2",0.119030826693171
"PPP1R3F",0.118594670375892
"AUNIP",0.118341822381172
"H4C5",0.118072081481069
"EMC7",0.117985352118163
"ANKRD11",0.11789256736828
"DCN",0.117692480299433
"FAM98C",0.117662855072367
"MPV17L",0.117643997325878
"PPIAP85",0.117462634679195
"RN7SL63P",0.117462634679195
"RPL23AP12",0.117462634679195
"GAPDHP1",0.117342015000647
"BUD23",0.116939052442717
"HEXIM2",0.116797030085084
"PIGC",0.116777510988011
"HPS1-AS1",0.116634953378866
"STYX",0.116360193180524
"OR10H1",0.115893334066741
"GTF2H3",0.11581627057063
"RPS6KA6",0.115772493765438
"ZNF184",0.11576356830097
"NCAPG2",0.115729578793721
"MT1F",0.115131656021056
"RBM10",0.115082722659302
"TOP3A",0.115044889606665
"BARD1",0.114418689265657
"PTOV1",0.113877036447375
"SHISA9",0.113764599433441
"RPL32P18",0.113502315495905
"FAM53C",0.113448388810948
"RPL34P10",0.113380472505851
"SUB1P3",0.113115217653281
"SIRT6",0.113040760980914
"SEC22B",0.112899273119114
"ATP6V0B",0.112498338357797
"ZNF92",0.112336785990368
"DDX12B",0.112293401967616
"MFSD11",0.112132982300785
"DMP1",0.111899587285777
"RPL7L1P21",0.111765052881833
"LINC02217",0.111765052881833
"CILP2",0.111765052881833
"CNKSR1",0.110899989197955
"EXO5",0.110859364456557
"MPDU1-AS1",0.110841650309469
"TTC31",0.110657424807082
"ATP5MC1",0.110332849597584
"ZFAND2A-DT",0.110283303552422
"LMX1B",0.110273254375005
"FRAT1",0.109732553913022
"ORC4",0.109686204880024
"RPS5P8",0.109584085124746
"OBP2B",0.109584085124746
"INTS7",0.109447087950086
"DNAJB4",0.109404716065798
"DOC2A",0.109343906497924
"TMEM161A",0.109321336495991
"ZCRB1",0.109276486843676
"VIPR2",0.109248208538715
"CCDC39",0.109216559697805
"HELQ",0.109124695620461
"KPNA5",0.109061618604856
"CYB5R4",0.109007053799866
"ICA1L",0.108695394394908
"COG1",0.108647349006155
"KDM5A",0.10864434611682
"CSTF2",0.108432202032223
"GPR22",0.108276352029423
"RAPGEF6",0.108123743971138
"MTMR6",0.107926223671386
"FAM3A",0.107637993289799
"GNL3L",0.107419262711069
"FAM193B",0.107173528004652
"PCSK1",0.107128966451608
"CDK2",0.106914114082438
"ACP2",0.106814615158653
"MUS81",0.106502406673547
"CDC26",0.106232405197953
"POLI",0.10603790181022
"LAP3P2",0.10552693840929
"CDK11B",0.104973467272391
"IL17RC",0.104882316076393
"MRPL21",0.104641880054813
"SLC12A9",0.104163365568011
"SLC25A35",0.104134610073679
"RNASEH2C",0.10410488794491
"TPGS1",0.103776439333199
"FERP1",0.103666516118355
"POTEJ",0.103498299980617
"SSX2IP",0.103310278343598
"NUP43",0.103186336981511
"MTA2",0.102982113635414
"EEF1D",0.102874623736802
"C4B",0.10168396091444
"INTS6L",0.101587484972227
"TMEM109",0.101559284145185
"PLEKHM1",0.101502467336188
"RFC2",0.101256565001424
"ORMDL3",0.10076442909648
"OR2A25",0.100546225541213
"IADEN",0.100546225541213
"NT5DC2",0.0999487602612196
"TLN1",0.0996314170707024
"ZMYND19",0.0993395929346836
"MYH11",0.0990214738382198
"AP2A1",0.099013886080371
"LINC00639",0.0990077681395525
"RPS12P4",0.0989749302058218
"GRAMD1C",0.0988921556801064
"ODF2",0.0984838722225768
"NDUFB8",0.0983616743610951
"MAN1B1",0.0982575076238887
"MT2A",0.0979795703853265
"CCDC7",0.0979533687355059
"FANCD2",0.0977558847508526
"GZMA",0.097167830025713
"NDUFS7",0.096923068463025
"DNAJC3",0.0968934732502344
"APOL2",0.0966299888114141
"LY6G5C",0.0965853635415065
"ST3GAL4",0.095802895271506
"RNU6-920P",0.0955545900402893
"PSMB3",0.0955397013646847
"DACH1",0.0953551428482636
"BICRA",0.0951270349202908
"TXNDC16",0.0948619200849109
"CIITA",0.0948331400706888
"PJA2",0.0947926918177837
"FAM149B1",0.0943112762587009
"TP73-AS3",0.0941569228681514
"HEATR9",0.0935644989295573
"ALG5",0.0934652612056416
"KIF9-AS1",0.0933192593023986
"TAPBP",0.092836437361539
"ZNF780B",0.092439236248903
"SCML4",0.0923237950646843
"LINC01128",0.0922034299647992
"XRCC1",0.0921047348132919
"HES6",0.0920858395400516
"CTNS-AS1",0.0918988225818392
"UBBP1",0.0915470061950452
"WHAMMP1",0.0913672644062224
"ABHD17AP6",0.0913411131190421
"PEX26",0.0913022863052425
"POGLUT1",0.0911869058860056
"GPR3",0.0907362522431995
"H2AX",0.0907024972287878
"EEF1B2P3",0.0906915515812396
"PSMC2",0.0905161050066779
"EXOC4",0.0904558273536292
"TRDV1",0.0902200677793978
"ZNF232",0.090152573618756
"ETFB",0.0899006248274869
"MRPL40",0.0897357376263812
"PLEKHF1",0.0896510543167898
"CCDC107",0.0894350360086164
"WASHC5",0.0891701987038528
"FA2H",0.0887827844207038
"ARCN1",0.0882255421375678
"GTF3C1",0.0882155784143071
"ADISSP",0.0879272559173121
"SEMA5B",0.0878214464560893
"LINC00920",0.0875464463362801
"C19orf47",0.0874239930048763
"GANAB",0.0873037994640431
"POLE2",0.087168993309159
"SMIM10L1",0.0868612685028785
"VDAC2",0.0861502840045623
"BPIFB1",0.0861389553220107
"NUS1",0.0859867683642592
"ANKRD44-IT1",0.0857345622469246
"CIAO2A",0.0856023384271911
"ZNF492",0.0854156528031776
"VASH2",0.085056695151108
"MINDY3",0.0849708159757919
"HPS4",0.0847367934949749
"MB",0.0846243600113899
"PADI4",0.0845385971978077
"CAVIN4",0.0845385971978077
"SRSF9",0.0844595417974334
"TRMT1",0.0844443744858024
"LOH12CR2",0.0843766988285772
"GRIK1-AS1",0.0843540304798761
"ARHGAP26-IT1",0.0840834736133624
"SYNRG",0.0840612387843886
"TRPT1",0.0835224245972395
"OR2T8",0.0835186289753066
"LINC01356",0.0835186289753066
"LINC00303",0.0835186289753066
"TVP23BP2",0.0835186289753066
"RNU6-377P",0.0835186289753066
"PDCL3P3",0.0835186289753066
"ACAP2-IT1",0.0835186289753066
"GRM7-AS1",0.0835186289753066
"KDR",0.0835186289753066
"RPL30P6",0.0835186289753066
"ADAMTS3",0.0835186289753066
"LINC02103",0.0835186289753066
"LINC01526",0.0835186289753066
"ZAN",0.0835186289753066
"TUSC2P2",0.0835186289753066
"EEF1A1P31",0.0835186289753066
"MIR5194",0.0835186289753066
"TCEA1P1",0.0835186289753066
"EIF4A2P5",0.0835186289753066
"SNORD15B",0.0835186289753066
"HBG1",0.0835186289753066
"RPL29P23",0.0835186289753066
"LINC02737",0.0835186289753066
"LINC02733",0.0835186289753066
"MIR6507",0.0835186289753066
"LINC01518",0.0835186289753066
"TMEM26-AS1",0.0835186289753066
"TUBAL3",0.0835186289753066
"LGR5",0.0835186289753066
"LINC00507",0.0835186289753066
"RNY1P3",0.0835186289753066
"MDGA2",0.0835186289753066
"RPL5P32",0.0835186289753066
"SCG5",0.0835186289753066
"CSTP2",0.0835186289753066
"RPS29P26",0.0835186289753066
"PARP11-AS1",0.0833311588727842
"HSD17B10",0.0832600872019448
"SNORD38A",0.0832304743181886
"FAM149A",0.0829266240649605
"IGSF8",0.0828345464518196
"SAFB2",0.0827811586436059
"RELN",0.0827434776425552
"TRAPPC2B",0.082587208975044
"CEMP1",0.0825740177471721
"NOC3L",0.0824926587003124
"RAP2C-AS1",0.0824009392696201
"KAT5",0.0821155096865518
"PKP2",0.082101359620085
"SDAD1P2",0.0820068157468274
"PRCC",0.0818950462300296
"TTC38",0.081815794027171
"GOLGA2",0.0818140190098945
"THAP6",0.0815042618245792
"SLC17A5",0.0814576955329508
"LINC02577",0.0812850209414766
"GSTO2",0.0811169877535598
"SPEG",0.0810640546261496
"UBAC1",0.081038929979397
"PRAL",0.0809280165537609
"ZMYM5",0.0809133783082923
"ERCC6",0.0808177706821956
"C8A",0.0807628905265604
"MAPRE1P1",0.0807628905265604
"BPIFB6",0.0807628905265604
"USP9YP22",0.0807628905265604
"SMO",0.0807425806325454
"FCGR1A",0.0807421045475396
"VTI1BP1",0.0806937824855663
"LINC02462",0.0803317738055699
"CHEK1",0.0799785711918435
"PAAF1",0.0798596245192531
"TAFA2",0.0797824625425723
"MDFIC",0.0796778387320212
"SLC25A28",0.0796168701474575
"LINC00891",0.0795370007263707
"LRRC2",0.0795252148439006
"GABPA",0.0793081960369611
"TLK2",0.0792889983686739
"TMEM129",0.0791200093654472
"AMFR",0.079087417301201
"U2SURP",0.0790591326640862
"TTC14",0.07905551375959
"UQCC4",0.0788234862001979
"RNU6-18P",0.07879090697894
"DMBX1",0.0787195432827859
"RNU1-20P",0.0787195432827859
"FOS",0.0785542340329834
"NOTCH2P1",0.078458202217646
"CHRM3-AS1",0.078458202217646
"FGF12-AS3",0.078458202217646
"CAMKV",0.078458202217646
"RPF2P2",0.078458202217646
"IQUB",0.078458202217646
"RNA5SP258",0.078458202217646
"OR1S1",0.078458202217646
"OR11H4",0.078458202217646
"PERCC1",0.078458202217646
"LINC01416",0.078458202217646
"FOXJ1",0.0784581610600486
"MTCO1P12",0.0784148023792402
"DQX1",0.0783859274766337
"UGGT2",0.0782363022983785
"NTRK3-AS1",0.0779805127635404
"PRSS33",0.0779805127635404
"KLHL10",0.0779805127635404
"MIR122HG",0.0779805127635404
"PAF1",0.0779573411226647
"OGA",0.0776974737573617
"PARL",0.0775405575728446
"MCF2L",0.077481563929757
"ARFGEF1-DT",0.0770744691066984
"UQCRC1",0.0770678478379548
"LRP10",0.0769765347046616
"SNRK",0.0769710471638723
"SUCLG2P2",0.0768317479097157
"UBE3C",0.0768066687947438
"TMEM14DP",0.0767963470451787
"ECI2-DT",0.076732015136128
"RN7SL525P",0.0767077475524613
"LINC00486",0.0766940136944527
"CNEP1R1",0.0764553859689648
"RPS3AP55",0.0764161396608061
"HMGN2P27",0.07638833044223
"BET1-AS1",0.076211017539982
"CCT6P3",0.0761093212147411
"LINC02420",0.0761093212147411
"PALD1",0.0760517542022863
"NUP37",0.07598257839481
"RNU6-879P",0.0759104237589932
"C1orf54",0.0758592870530359
"CDK18",0.0754676100704985
"CICP7",0.0754052158186873
"SLC25A6P2",0.0754052158186873
"IGHVII-60-1",0.0754052158186873
"ZNF280A",0.0754052158186873
"SETD1B",0.0753684750541905
"GJB7",0.0751674847214182
"HLTF-AS1",0.0748918551282165
"MIF4GD",0.0748116066073497
"MBD3L3",0.0747093591566242
"USP3-AS1",0.0746131078651181
"RPAP2",0.0743164304147066
"LINC01250",0.0740414729229003
"LINC00398",0.0740353152959689
"RAD50",0.0739679659107632
"RPL37AP1",0.0739604929325448
"ATP5F1A",0.0739047771464114
"PRR13P5",0.0738965015181498
"CCNB1",0.0736763973850827
"RIPK2",0.0735858275679651
"HSP90AA3P",0.0733817229991251
"STX5-DT",0.0733495305696368
"PPP2CA-DT",0.0732321182069268
"PARD6G",0.0731582625134766
"ERCC6L2",0.0729569526700605
"RPL35AP7",0.0729057540254476
"EXOSC1",0.0728727696300015
"TRAJ2",0.0727623274473007
"PSG8",0.0727623274473007
"C3orf18",0.0726313238138241
"EML3",0.0725489501176114
"HCCS",0.0724787263835598
"EPM2A-DT",0.0723912717726759
"VN1R32P",0.0723392076831644
"MIR378A",0.0723385132963981
"CPN1",0.0723385132963981
"LUNAR1",0.0723385132963981
"GALT",0.0722237522712106
"ISCA1P1",0.0721811987460344
"IVNS1ABP",0.072151259893078
"CBLL1P1",0.0719662587163491
"DNAJB2",0.0719560650140668
"IDH3A",0.0719249040553621
"RPS17",0.071818081133684
"RAD17",0.0716009428308918
"CD207",0.071540738112897
"ENOX1",0.071540738112897
"COQ10A",0.0715100502154145
"ATRAID",0.0714924137443489
"IGKV2D-19",0.0712952203213595
"ACCSLP1",0.0712952203213595
"OR1E2",0.0712952203213595
"BPNT2",0.0712117569353911
"ABHD4",0.0710457797146498
"LINC02743",0.0710403207747718
"RNY4",0.0709386481040898
"CTAGE12P",0.0709386481040898
"DNAAF5",0.0706479332033538
"PDGFA-DT",0.0704717837719673
"MITD1",0.0704493017280824
"RPS26P31",0.0704088194572624
"HDLBP",0.0703653027874329
"BTG1-DT",0.0703139153882391
"DPY19L4",0.070191315703529
"WDR19",0.0701703993719799
"RNY4P6",0.0701685733096145
"RNU6-314P",0.0701685733096145
"ZNF813",0.070159188154622
"TSPAN11-AS1",0.0700440538732582
"LINC02266",0.0700313068670418
"BTN2A1",0.0699658626492024
"TBRG4",0.0698676129264303
"MIR4485",0.0697012965640639
"SLC35F1",0.0695053764326512
"RARRES2P11",0.0695053764326512
"GMEB1",0.069489224095907
"MOSPD1",0.0693591800677364
"RAPGEF2",0.0692804828286796
"CHPF2",0.0692799169723574
"HMGB1P26",0.069194751021637
"LINC00563",0.0691907395481226
"HEATR5A",0.0691032403037472
"RN7SL861P",0.069079787983418
"CHRNA9",0.069079787983418
"KRTAP5-13P",0.069079787983418
"STOML3",0.069079787983418
"PHF21B",0.069079787983418
"RPL13AP14",0.0690187155234717
"WHRN",0.0688010318542416
"LINC00501",0.0687948108753927
"RRAGB",0.0687510645491538
"LSG1",0.0686795320518642
"CEACAM5",0.0685588137207035
"FKBP4P6",0.068515021716663
"AGPAT5",0.0684582454405538
"IFT52",0.0681891721048469
"NRF1",0.0681684482957824
"EIF4BP3",0.0681299654694803
"PVT1",0.0679086114679752
"MIR4505",0.0679017474157484
"RNU6-19P",0.0679017474157484
"SIRPB1",0.0676206738540288
"HLCS",0.0675468058090089
"KLHL30-AS1",0.067538546970826
"TUBB7P",0.067538546970826
"RNU6-761P",0.067538546970826
"IGHVIII-22-2",0.067538546970826
"ANTKMT",0.06735149889677
"RNU6-834P",0.0670656391329967
"MTR",0.0670514587215629
"ZC3H11B",0.0669559149902722
"NTRK1",0.0667379148915401
"CNPY2-AS1",0.066719082857852
"LINC03006",0.0666236625857926
"CMIP",0.0665444083900221
"ZNF676",0.0661060659055146
"GABARAP",0.0660445749949594
"STUB1",0.0658352194298168
"ACKR1",0.0656872839240022
"LPIN1",0.0656674942866811
"RNF139-DT",0.0656478241327504
"SERINC4",0.065358539299847
"PRUNE2",0.0652573511619289
"OR11A1",0.0650452694888374
"TM7SF2",0.0650057686540511
"DMXL1",0.0649238234813727
"AARSD1",0.064761380407151
"SLX1B",0.064730556844311
"STX18",0.0644000691009508
"LINC01324",0.0643814675179551
"AKR1B1P3",0.0643814675179551
"RNA5SP305",0.0643814675179551
"AGAP2-AS1",0.0643598685623472
"MAPKAPK2",0.0643538988633863
"GEMIN7-AS1",0.0642890049834202
"ALYREF",0.0640511955640714
"ACTR3-AS1",0.0637612881694391
"MIR425",0.0637310920484316
"ALDH18A1",0.0637274653406412
"RN7SL300P",0.063718185615615
"GOLGA6GP",0.063718185615615
"RN7SL368P",0.063718185615615
"KPNA4P1",0.063412113651667
"UFM1P2",0.063412113651667
"GRIN1",0.0634050322424548
"IGF2",0.0633884554714562
"ANO1",0.063304805448268
"STK19",0.0632018374047842
"UPF3AP1",0.0631678603445734
"RNASEH2B",0.0630906877681916
"PPP2R3C",0.062860902850804
"MIR548L",0.062633929588021
"C2orf78",0.0625671073785557
"CAP1P1",0.0625600143950951
"GLCCI1-DT",0.062542333620511
"WASHC3",0.0624515491369524
"MAFTRR",0.0622612453689372
"H1-5",0.06222817122826
"LINC02710",0.0622175153443413
"HSPE1P5",0.0622175153443413
"ADPGK",0.0622072213468968
"SACS",0.0621427461750804
"PCAT6",0.0621339664088507
"CARM1",0.0619750628264847
"TIE1",0.0619477932220903
"NDUFA8",0.0616749229991682
"GTF2H4",0.0616460411439464
"RN7SL402P",0.0616219727023492
"RNA5SP183",0.0616110743728891
"POLR3D",0.0615682063652284
"TRIM65",0.0615567170500675
"NDUFB5",0.0613787914801882
"PAX3",0.0613670955078958
"ADAP2",0.061345786091864
"LINC01389",0.0612877513880783
"HYDIN",0.0612694642503889
"ATPAF1",0.0612438791103235
"MAGED4B",0.0612086217410723
"RNA5SP172",0.0611918208675025
"IGHVIII-38-1",0.0611918208675025
"APCDD1",0.0611471012260178
"DEPDC7",0.0611204108951262
"PRMT1",0.061079788916636
"PI4KA",0.060928003146405
"CICP26",0.0608580972157103
"RNA5SP355",0.0608580972157103
"LINC00273",0.0608580972157103
"VN1R96P",0.0608580972157103
"ELF1",0.0607981766116201
"ASB1",0.0607567066951324
"MAN2A1",0.0607193536525493
"LINC00571",0.0605420824906957
"ZNF536",0.0604771569666547
"PRKAG2-AS2",0.0604215283394999
"RNU6-30P",0.0604215283394999
"RNU6-301P",0.0604215283394999
"IGHVII-78-1",0.0603430302583984
"MIR708",0.060154246901317
"MRPS18A",0.0601123417754592
"ZNF418",0.060099828794572
"SRP14P5",0.059990102559505
"THAP5P1",0.059984041921668
"OTUD6B-AS1",0.0598382796699827
"LINC02055",0.0598159283811074
"SLC44A1",0.0597639631920656
"PNPLA7",0.0597436923297381
"ZNF710",0.0596511735423866
"ISCA1",0.0596395068692376
"XYLT2",0.059576264405895
"RPSAP29",0.0595489042697304
"UBE2SP1",0.0595266534815235
"DUSP1",0.0595173364471411
"HOXD10",0.0593687189094136
"GBP6",0.0593264528395602
"IGLJ7",0.0592217781033315
"PPT2-EGFL8",0.0591365003444276
"FGD5",0.0591227744641569
"AMTN",0.0590749649050608
"VTA1",0.0590463984326955
"OR10W1",0.0588067761088349
"IGHVII-1-1",0.0588067761088349
"CASP14",0.0588067761088349
"ADPGK-AS1",0.0588000425576862
"CELF5",0.0587778805642148
"BRD7P4",0.0587707857142417
"ELP2",0.0587198540614773
"LBP",0.0586820868646945
"LINC02691",0.058633881623449
"LINC02325",0.0586085971914435
"CD300C",0.0585291416261682
"CYCSP51",0.0585033470634952
"MBLAC1",0.0583760047260168
"MICALL2-DT",0.0583237786344989
"FREM1",0.0582120181510844
"CCDC9",0.0581810846447397
"GVINP2",0.058172675581482
"HMGN2P10",0.058172675581482
"LINC01945",0.0581125065634051
"ZKSCAN3",0.0580092380989158
"IGKV2D-29",0.057991502420831
"HHATL-AS1",0.057991502420831
"LINC01623",0.057991502420831
"MDS2",0.0579874179759752
"P2RY11",0.0579365142771847
"ACAD9-DT",0.0579359288121536
"RPL21P26",0.0578348492554469
"MAEL",0.0578348492554469
"FGFR3P6",0.0578348492554469
"PLA2G2F",0.0578348492554469
"EPHX4",0.0578348492554469
"FAM131C",0.0578348492554469
"ETV3L",0.0578348492554469
"FHAD1",0.0578348492554469
"VWA5B1",0.0578348492554469
"SLC25A39P1",0.0578348492554469
"FOXO6",0.0578348492554469
"CHD5",0.0578348492554469
"GPR153",0.0578348492554469
"GRHL3-AS1",0.0578348492554469
"MTND4P28",0.0578348492554469
"MOGAT1",0.0578348492554469
"IGKV1OR2-9",0.0578348492554469
"MROH2A",0.0578348492554469
"IL36G",0.0578348492554469
"IL36RN",0.0578348492554469
"GAD1",0.0578348492554469
"RN7SL341P",0.0578348492554469
"SRD5A2",0.0578348492554469
"MIR7515HG",0.0578348492554469
"LINC01102",0.0578348492554469
"LINC01117",0.0578348492554469
"CNN2P6",0.0578348492554469
"EPHA3",0.0578348492554469
"TAFA4",0.0578348492554469
"OR5K1",0.0578348492554469
"DSTNP4",0.0578348492554469
"OR7E129P",0.0578348492554469
"AADACL2-AS1",0.0578348492554469
"HLMR1",0.0578348492554469
"LINC02027",0.0578348492554469
"CDRT15P11",0.0578348492554469
"LINC02430",0.0578348492554469
"LINC02437",0.0578348492554469
"LINC02469",0.0578348492554469
"LINC01060",0.0578348492554469
"UQCRBP3",0.0578348492554469
"LINC00603",0.0578348492554469
"MEGF10",0.0578348492554469
"NENFP3",0.0578348492554469
"NR2F1",0.0578348492554469
"LIX1",0.0578348492554469
"LINC00242",0.0578348492554469
"KRT8P43",0.0578348492554469
"GCM2",0.0578348492554469
"POM121L2",0.0578348492554469
"HECW1",0.0578348492554469
"HAUS6P3",0.0578348492554469
"MIR106B",0.0578348492554469
"CLCN1",0.0578348492554469
"XRCC2",0.0578348492554469
"ARAFP1",0.0578348492554469
"CNPY1",0.0578348492554469
"RN7SKP75",0.0578348492554469
"TNIP2P1",0.0578348492554469
"IL13RA2",0.0578348492554469
"PLCE1P1",0.0578348492554469
"POTEA",0.0578348492554469
"PPP1R42",0.0578348492554469
"MROH5",0.0578348492554469
"MIR486-1",0.0578348492554469
"RN7SL250P",0.0578348492554469
"LINC01414",0.0578348492554469
"HNRNPA1P14",0.0578348492554469
"RNA5SP296",0.0578348492554469
"CNTFR",0.0578348492554469
"IFNA8",0.0578348492554469
"MIR4290HG",0.0578348492554469
"LNCARSR",0.0578348492554469
"PDGFD",0.0578348492554469
"OR51F4P",0.0578348492554469
"RNU6ATAC12P",0.0578348492554469
"SETP17",0.0578348492554469
"OR4A12P",0.0578348492554469
"LINC02746",0.0578348492554469
"SLC22A8",0.0578348492554469
"DCDC1",0.0578348492554469
"NRXN2",0.0578348492554469
"MIR34BHG",0.0578348492554469
"LINC02744",0.0578348492554469
"FAM13C",0.0578348492554469
"ZNF488",0.0578348492554469
"RN7SL394P",0.0578348492554469
"RN7SL524P",0.0578348492554469
"SLIT1-AS1",0.0578348492554469
"NEURL1-AS1",0.0578348492554469
"LINC01475",0.0578348492554469
"LINC01168",0.0578348492554469
"ANHX",0.0578348492554469
"RIMBP2",0.0578348492554469
"CACNA1C-AS4",0.0578348492554469
"LINC02448",0.0578348492554469
"SLC4A8-AS1",0.0578348492554469
"LINC00377",0.0578348492554469
"RPL29P28",0.0578348492554469
"RNA5SP31",0.0578348492554469
"ANKRD26P4",0.0578348492554469
"PCDH8",0.0578348492554469
"SMPD4P2",0.0578348492554469
"PHF2P2",0.0578348492554469
"SALL4P7",0.0578348492554469
"GPHB5",0.0578348492554469
"SLC35F4",0.0578348492554469
"TBPL2",0.0578348492554469
"KIF26A",0.0578348492554469
"NOVA1-DT",0.0578348492554469
"LINC01148",0.0578348492554469
"ABCB10P1",0.0578348492554469
"SV2B",0.0578348492554469
"CA5A",0.0578348492554469
"CDH5",0.0578348492554469
"LINC01571",0.0578348492554469
"MYH4",0.0578348492554469
"GPR179",0.0578348492554469
"RPLP0P11",0.0578348492554469
"LRRC30",0.0578348492554469
"RNU6-1021P",0.0578348492554469
"LINC01255",0.0578348492554469
"CENATACP1",0.0578348492554469
"CST2",0.0578348492554469
"CST9L",0.0578348492554469
"BANF2",0.0578348492554469
"GHRH",0.0578348492554469
"PLCB1",0.0578348492554469
"BNIP3P31",0.0578348492554469
"GAPDHP38",0.0578348492554469
"RN7SL842P",0.0578348492554469
"RN7SL823P",0.0578348492554469
"KLK14",0.0578348492554469
"ZSCAN5B",0.0578348492554469
"C3P1",0.0578348492554469
"ZFP28-DT",0.0578348492554469
"LINC01837",0.0578348492554469
"LINC01858",0.0578348492554469
"SLC9B1P1",0.0578348492554469
"DUX4L16",0.0578348492554469
"GSTT3P",0.0578348492554469
"ANKRD30BP1",0.0578348492554469
"PSMD4P1",0.0578348492554469
"LINC00114",0.0578348492554469
"PAXX",0.0577770889660009
"RN7SL268P",0.0577576524787688
"TMEM120B",0.057607996552635
"HSPA8P7",0.0575926652162988
"ADAM6",0.0575926652162988
"PRDX2",0.0574984977597198
"WDR53P1",0.0574229960149451
"ACTBP7",0.0574012868913897
"HARS1",0.0572177458354561
"CCNE2",0.0571760733779223
"RN7SL96P",0.05702925512069
"RBM42",0.0568876950747322
"RPL29P26",0.0567368843370628
"RPL12P11",0.056657149049454
"CD46P1",0.0565629647664312
"IGHVII-26-2",0.0565629647664312
"MHENCR",0.0565419428318371
"ZBTB20-AS2",0.0564612876887261
"OR13C6P",0.0564178045013807
"ERP29P1",0.056313657710779
"KRT1",0.0562778734394523
"RAB1C",0.0562669408850026
"BCL9",0.0562630672875047
"RPSAP11",0.0562204350053687
"PTGES3P3",0.0561654338848308
"TCAF2C",0.0561233962843725
"RAB6D",0.055742898498144
"CICP12",0.055742898498144
"UBE2V1P9",0.055742898498144
"SPATA31D1",0.055742898498144
"HSCB",0.0557107112873711
"BAIAP3",0.0554030430610891
"PDZRN4",0.0553650062041472
"GAPDHP55",0.0553650062041472
"SIGLEC30P",0.0553325596015515
"BPI",0.0553325596015515
"TTR",0.0551784362437656
"ALDH1B1",0.0551555713174085
"NPRL3",0.0551544330834933
"KRT18P51",0.0550709394288782
"RASA1",0.0549353112248195
"TNFRSF8",0.0548196418728295
"TXNL4A",0.0545158418187964
"GOLGA5P1",0.0543854577181561
"LINC02076",0.0542988103862386
"LINC02235",0.0542805464430642
"LZTS1",0.0542195862302138
"DPP6",0.0541727145486666
"AKNAD1",0.0541409541503441
"IGHV5-10-1",0.0541409541503441
"FAM219A",0.0541322976348897
"AIF1",0.0540783616760112
"MT-TI",0.0538631738856808
"INTS9",0.0538348199322891
"MT1H",0.0536814080205233
"LRRC3-DT",0.053646037573216
"ZNF549",0.0535859561774856
"TVP23CP2",0.0535849772079677
"PNPLA6",0.0535728012017994
"SPPL2B",0.0535093854366023
"TOMM20L",0.0534430473788136
"MT1P3",0.0533293196664053
"MRPS34",0.053318537677287
"RNU6-1224P",0.053198793154229
"CYSLTR2",0.053198793154229
"SMR3B",0.0531943625237705
"GREM1",0.0531943625237705
"EGR2",0.0531892429886446
"MRPL54",0.0531623359810859
"FUT11",0.0531060958031768
"PCNPP5",0.0530605682846558
"KRT8P1",0.0530605682846558
"KCNJ16",0.0530605682846558
"FOXI3",0.0530091286954505
"IGKV2D-36",0.0530091286954505
"IGKV2OR22-3",0.0530091286954505
"D2HGDH",0.0529818561871481
"URM1",0.0529059607098353
"TVP23B",0.0528326886802236
"RDH12",0.0528175018298363
"SERP1",0.0524217335968712
"TSHZ3",0.0523098002948448
"GPR65",0.0520445626759758
"ST8SIA6-AS1",0.0520034406098744
"FBXO41",0.0519924499597524
"ELAVL1",0.0518987576738262
"MPV17L2",0.0517727987396068
"LINC00471",0.0517483260100251
"EMC3",0.0517121717798215
"FZD2",0.0515723381613683
"YTHDC2",0.051535296513936
"EEF1B2P2",0.0515168409920615
"POLG",0.0515011631914497
"PSD",0.0514725206044056
"RPL5P27",0.0514174982834793
"ZNF692",0.0512118726876976
"AACS",0.0512050760177435
"PDK2",0.05119980231456
"MPP1",0.0511593347556722
"KLC2-AS2",0.0510370940499825
"ATP6AP1",0.0510000573080732
"ZNF485",0.0508327662375273
"KIAA1191P1",0.0508233681684014
"RN7SL130P",0.0508197296594178
"FXYD7",0.0506951294583668
"GAREM2",0.0506353230696515
"RPL35AP5",0.0506164127578618
"SSBP4",0.0504876845694438
"FRA10AC1",0.0504329759784102
"MEPCE",0.050088509132479
"FBXL8",0.0499436340252285
"NEK1",0.0496603922163865
"MON2",0.0496294928010829
"ZNF133",0.0495278545665741
"STT3A",0.0493520066562847
"TRIM10",0.0493370290732112
"BCO2",0.0492691016707774
"SPMAP2L",0.0489854096806513
"DYNLL2-DT",0.0489854096806513
"CCNC",0.0488763666974001
"DPPA4",0.0488454309912397
"RNY4P34",0.0488212657520936
"MLIP",0.0488212657520936
"RNU2-45P",0.0488212657520936
"ARHGAP11B-DT",0.0487415742790333
"PANTR1",0.0487257143488182
"TRIB2",0.048670296380135
"RPS29P3",0.0486332647575538
"RNU6-890P",0.0485129460758374
"PRELID1P4",0.0484472145454475
"EDEM3",0.0483385531755967
"LIPC",0.048211218881807
"RANGAP1",0.0481491726386127
"ARSK",0.0481473520741813
"PTPRN",0.0480880640083199
"NBAT1",0.0480880640083199
"MIR4437",0.0480411212475279
"RPL21P41",0.0480411212475279
"SLC18A1",0.0480411212475279
"ATP12A",0.0480411212475279
"ADAM11",0.048033997776029
"TYW3",0.0478751276217528
"ZNF571-AS1",0.0478422415949143
"EIF2B1",0.0478239941719826
"SNRPA1P1",0.047807636676795
"STAB1",0.0476552954071947
"LRRC74B",0.0476163743329596
"STT3B",0.0476086333806049
"POGLUT2",0.0475287366540836
"C6orf89",0.0475080205466594
"IGKV3D-25",0.0475051497845427
"FBP2",0.0475051497845427
"IGHEP1",0.0475051497845427
"RPS24P16",0.0475051497845427
"LINC02125",0.0475051497845427
"LINC02128",0.0474279273890842
"CIDECP2",0.0473647660185577
"FDXACB1",0.0473596208850789
"ZDHHC18",0.0473259458577461
"MRPL2",0.0471910362093113
"EBI3",0.0470940537096999
"NLK",0.0469809478721115
"ZNF512B",0.0469329259295602
"IL12A-AS1",0.0469219812177556
"KMT2B",0.0468081625441047
"TMCO3",0.0466159419535868
"ARPP19P1",0.0466154506438875
"GJA10",0.0465747956267304
"HERC2P6",0.0465747956267304
"LXN",0.0465592772417129
"CHRM4",0.0464950888139844
"ATP5F1B",0.0463951495703231
"RPL12P41",0.0463547009288417
"MRPS6",0.0459697547197502
"MORF4L1P3",0.0456247499230344
"PRKD3",0.0456084265355901
"FANCA",0.0455504196547962
"KXD1-AS1",0.0452398583971913
"ANKMY1",0.0451400321774789
"PEX14",0.0451070397104171
"VWA5A",0.0449576324153682
"SERPINB11",0.044936828591202
"RNF167",0.044831002304647
"SERBP1P1",0.0448183215865238
"NCAPD3",0.0447183056923934
"PDXDC1",0.0446764531548386
"DDX42",0.0446351074894224
"PRR22",0.0445998556418879
"RWDD1",0.0445966955633918
"NPIPB12",0.0445858226442726
"EME2",0.0445836451192375
"PARP1",0.0444806759776878
"CCDC159",0.0443742295524222
"RN7SL128P",0.0443294014553129
"SGCG",0.0443294014553129
"RPS3AP4",0.0442698729580244
"SEC23A-AS1",0.0442597602806664
"ADAM8",0.0441377096091795
"NLRP12",0.0441141430355923
"ESCO1",0.0440981466040152
"USP28",0.043955526108423
"NAXE",0.0439213325991835
"ZBTB40",0.0438958067695027
"LRIG2-DT",0.043840325637213
"DNAJC15",0.0438193017959004
"MAT2AP1",0.0437950654634038
"OR6Q1",0.0437950654634038
"GPX1P2",0.0437950654634038
"MLEC",0.0436769446165281
"KLC2",0.0436746320477072
"NFYC",0.0436568844361351
"RIOK1",0.0436331040304875
"ACAD8",0.0436279611308654
"RPL12P8",0.0434639127775385
"ZHX2",0.0433934598985242
"RPL13AP15",0.0432543241725605
"MRPS22",0.0432412502980757
"CD7",0.0432401097137013
"BRWD3",0.0431418605496858
"ZNF473",0.0429423053849445
"CSMD2",0.0426053256096517
"MT-TP",0.0422849979823919
"RRBP1",0.0422589119584366
"MICOS13",0.0421610266609955
"PTOV1-AS2",0.0421329771547286
"KRBOX4",0.0420938126288063
"ARHGEF35-AS1",0.0420295169414772
"HS6ST1P1",0.041914406741385
"RASA2",0.0418571848864159
"CSTF3",0.0418007700890601
"NDUFA1",0.0417585995976018
"CSRNP1",0.0417107833646201
"RNU6-6P",0.0416244207236485
"CCDC26",0.0416017824257501
"TRMT44",0.0415412109717714
"MFFP3",0.0414324313611582
"CLIC4P1",0.0414324313611582
"IGHVII-62-1",0.0414324313611582
"GJD2-DT",0.0414324313611582
"TMX2",0.0414288587906465
"TMEM240",0.0412215831961568
"CASC8",0.0411946935874388
"LINC02752",0.0411946935874388
"LINC00939",0.0411946935874388
"PDE6G",0.0411614726407409
"LINC03000",0.0410317656563762
"IER2",0.0406015124802626
"RPL36AL",0.0405965165919945
"LRRC59",0.0405128398611381
"NUP205",0.0404807630619945
"SAMD4B",0.0404656757610495
"ALG13",0.0401575639619979
"FN3KRP",0.040036921391115
"SPATS1",0.0400235686087374
"RPL7P37",0.0400235686087374
"SAP30L",0.0399413194107221
"MAPK14",0.0398993013417111
"CENPK",0.0398079424420402
"SNX32",0.039591567982764
"SLC25A28-DT",0.0394373773462167
"SUN2",0.0394285043847771
"PPP1CC",0.0394125728386392
"SYNGAP1-AS1",0.0393094821847623
"MIR642B",0.039254459097792
"CD40",0.0392320346066052
"KBTBD3",0.0391968938697631
"DCTN6",0.0389903599464726
"NUBP2",0.0389014965771031
"KCTD6",0.038786362489687
"HNRNPD-DT",0.0386782754065682
"RPS23P10",0.0385903323520666
"HAUS5",0.0382512534865371
"RN7SL870P",0.038190119219707
"ISL1-DT",0.038190119219707
"UQCRBP1",0.038190119219707
"FNTAP2",0.038190119219707
"RPS24P17",0.038190119219707
"SLC26A6",0.0380595962456447
"COL4A2-AS1",0.0380529392884109
"THRIL",0.0379647786344601
"MTMR14",0.0377862142837932
"NMUR1",0.0377675373200997
"TIRAP",0.0377379545099783
"IGHVIV-44-1",0.0374860092681754
"IGHJ1P",0.0374860092681754
"NLGN4X",0.0374761719136041
"PNN",0.037464481568921
"VN1R7P",0.0372896262427373
"RET",0.0372164098450061
"SRF",0.0371916290944896
"MTND5P10",0.0370795813289943
"OXR1",0.0370682113834591
"GBP1P1",0.0368216283051421
"LGR4",0.0367532891504084
"CNOT3",0.0367295872434304
"WDHD1",0.0365040627974924
"SYNE2",0.0361068586688516
"PIWIL2-DT",0.0359022492615659
"SNRK-AS1",0.0357794310729402
"ZBTB48",0.0357620374388777
"SLC10A3",0.0357480316377297
"EXD3",0.0356336855445378
"SVEP1",0.0355890624068765
"GON7",0.0355814413849379
"ADARB1",0.0355458689245287
"NPIPB6",0.0355126059887195
"DHRS13",0.0351898549854312
"RHOF",0.0351313992717945
"PPIAP82",0.0351010532041333
"SEMA4A",0.0350878312659367
"KLHL18",0.0350672567489417
"LACTB",0.0350013068755158
"CPQ",0.0349860737202012
"F8A1",0.0349031453116374
"ZBTB8A",0.0347946869413222
"PABIR1",0.0347033513766684
"TRAM1",0.0346456473763629
"BCDIN3D-AS1",0.0346211241475993
"CD63-AS1",0.0346069193193498
"BOLA3",0.0346032942605002
"PTPDC1",0.0345428925271653
"SHLD2",0.0345294353749927
"H2AC15",0.0344869980741853
"CDPF1",0.0343048307381497
"ITGB2-AS1",0.0341045001926039
"DYNLL1",0.0340428323644843
"TMEM184C",0.0340026880695027
"ATXN1",0.0339925784832275
"HDAC5",0.0338046438110446
"TADA2A",0.0337604921709568
"TBC1D17",0.0337007412631007
"ATP5MKP1",0.0336533869682045
"TBC1D25",0.0333895130238297
"RUVBL2",0.033299079618762
"SQSTM1",0.0332846634911056
"UNC79",0.0332047119486056
"RNF135",0.0332046459048996
"UNC50",0.0330715583225745
"FHL1",0.0329861820135078
"FAAP100",0.0327910679207139
"ATP5F1D",0.0325467841663034
"CNP",0.0325261788751743
"NEPRO-AS1",0.0324714109206058
"KIAA2013",0.0323642397885656
"LINC01122",0.0322726979270509
"MRPS7",0.031979989374426
"BRMS1",0.0319529405323916
"UHRF2",0.0319346931059693
"RPL10P3",0.0319079562603108
"COL6A2",0.0317902012150178
"CDK16",0.0316581378365347
"STAT2",0.0313602982579877
"GNG3",0.0312533557946299
"TLK1",0.0311135624423316
"ADCK5",0.0310917493715367
"CYP20A1",0.0310074445073822
"RALGAPA1",0.0309240190360068
"ASIC3",0.0308695835279093
"ETV2",0.0308581348752369
"MYRIP",0.0307748811321571
"HMGN1P37",0.030713831202241
"RPS20P14",0.0307096168308168
"HCFC1R1",0.0306972556430746
"ATF6B",0.0305496680960145
"PLEKHA2",0.03047872568439
"CPSF3",0.030322768092858
"ZNF133-AS1",0.0303090851183468
"PAQR3",0.0302176085103044
"VAPB",0.0301842870732898
"MACC1",0.0299072132662019
"ELOB",0.0295476342632186
"ZNF799",0.0295171894979838
"SLX4IP",0.0294934289789398
"TENT2",0.0294022165196938
"CCL3L3",0.0292682377002937
"H2BC6",0.0292507195670245
"HAPLN3",0.0291279237165134
"NOMO2",0.0288951409502098
"TOX4P1",0.0288070417574343
"BORA",0.0286802281517791
"FASTK",0.0286082403014281
"TPP2",0.0285968582451292
"LLPH-DT",0.028527403444897
"TUFM",0.0282107508006029
"CTDNEP1",0.0281237513561691
"SAMM50",0.02810029209369
"LSM2",0.0280694771964102
"ARFGEF2",0.027956819618931
"ZBED5-AS1",0.027951045681602
"NUDT13",0.0278318197880201
"FBXO36",0.0275856136552817
"PTPN23-DT",0.0275141999667117
"HARS2",0.0274659258584517
"H3P3",0.0274186540505067
"PRR14L",0.0273640159964792
"YIF1A",0.0273069235238618
"BLMH",0.0272446239581941
"INO80D-AS1",0.0272422414864075
"DDT",0.0272005502608032
"TCP1P3",0.0271505701330174
"CAPS",0.0269228188911861
"NQO2-AS1",0.0268415471662923
"MCUR1",0.0267952196421699
"SNX3",0.0267588608679104
"C9orf85P2",0.0267115725716714
"DYNLL1P1",0.0266405413675385
"WDR45BP1",0.026539867496674
"CRIP1P2",0.0264822723119572
"AASDHPPT",0.0263669813436576
"KIAA0513",0.0263322650245276
"RUSF1",0.0262631445069021
"KIFAP3-AS1",0.026076232921659
"ABCA7",0.0260719632711361
"RANBP2",0.0259405533682112
"MTND4LP30",0.025910234181266
"C17orf49",0.0258830643924763
"ANKRD13C-DT",0.0258218886669853
"H2BC6-AS1",0.0257288602709247
"CCNY-AS1",0.0256907573180439
"RNU2-62P",0.0256590981661125
"LINC02951",0.0256529355282073
"DHDDS",0.0254942172684069
"KIAA1586",0.0254819817978985
"SLC27A1",0.025442921215483
"LINC00456",0.0252368185716818
"COMMD8",0.025104755219703
"MYOSLID-AS1",0.0250461842129121
"RPL21P69",0.0250079294216776
"OR6C2",0.0250002467113506
"IGHD6-13",0.0250002467113506
"KRT18P61",0.0250002467113506
"CSF2RBP1",0.0250002467113506
"SYT9-AS1",0.024904750010878
"USHBP1",0.024878558942168
"PCNA",0.0248517541100819
"CCDC190",0.0247994665405574
"AMBN",0.0247994665405574
"MTND6P22",0.0247994665405574
"RAB42",0.0247383679198832
"TMEM18-DT",0.0246859064519909
"DUSP28",0.0245411785257407
"NPIPB9",0.0244462821112793
"CIB2",0.024373024365067
"LTBP3",0.0241227960228661
"TSC22D4",0.02407272131405
"RHBDF1",0.0240087364013265
"MORN1",0.0240080991227621
"UPP1",0.0239995729202903
"TMC8",0.0239699673325755
"OR5H2",0.0239555003548305
"METTL24",0.0239555003548305
"PCAT14",0.0239555003548305
"RPL10P1",0.0239372352982297
"STRBP",0.0238846930721598
"MINK1",0.0238448640685199
"PGK1P2",0.0237755668103772
"ATF6",0.0236314356383553
"ATF2",0.0235627146075701
"RPSAP56",0.0233479012704249
"ARHGAP45",0.0233476167700136
"RPL31P45",0.0233041284230791
"AVP",0.0233041284230791
"VDAC2P5",0.0232396488868108
"U2AF1",0.0231662765118809
"ITCH",0.0230374068149086
"QNG1",0.0229360932827442
"CYCS",0.0226816607718863
"LINC01426",0.0226713921799827
"PELO",0.0225854904972099
"ZNF208",0.0223503410730055
"SOX9",0.0223420205091635
"EEF1A1P50",0.0222844820695177
"UFM1",0.0221997364680912
"CDC42SE2",0.0221295756656215
"MRPS11",0.0220597912297849
"LINC02937",0.0220448863883101
"MCOLN1",0.0220053258331356
"NRAP",0.0218930406452423
"MORF4L2-AS1",0.0218542585185917
"PPIE",0.021796559765623
"MIR7-3HG",0.0215130776536627
"DAP-DT",0.021444779140902
"MADCAM1-AS1",0.0211592494514745
"TUBB6",0.0210810854119411
"ZNF576",0.0210714345596601
"CEP55",0.0210523206701228
"PPP2R5CP",0.0210174701954866
"EEF1A1P12",0.0209602102031738
"LINC01678",0.0207989734312486
"STUM",0.0207742075771683
"HOMER1",0.020643676438001
"EIF4EP5",0.0205857996368537
"PDLIM7",0.0205354256412149
"MICU2",0.0205154775824946
"PTPN2",0.0203092921980022
"NARF",0.0202455286754585
"EGFL6",0.0202224655647606
"SMG5",0.0201369730460913
"CTNNA1-AS1",0.0200669809143418
"UAP1",0.0199194925373422
"CYCSP45",0.019889683770079
"STPG1",0.0198739821332376
"RSPH9",0.0197474616914904
"RPL7AP18",0.0196964377933832
"WBP1P1",0.0196964377933832
"SNORD36C",0.0196964377933832
"CCNQP3",0.0196964377933832
"IGHVIII-76-1",0.0196964377933832
"SMIM36",0.0196964377933832
"CARF",0.0196363873728448
"PDE6B",0.0195438966785571
"STS",0.0194519614317863
"RABL6",0.01944940393283
"HNRNPA1P26",0.0194444421112691
"LINC00520",0.0193415327246139
"APLF",0.0192062535619524
"C2orf49",0.0192020302996226
"DDX10",0.0188859351837721
"RN7SL270P",0.0188051619816054
"GZMH",0.0186711555949674
"ATG9B",0.0185808133896604
"PDCD4",0.0183653776654455
"LIN52",0.0183410776813958
"C7orf57",0.0179895807962282
"RNU6-36P",0.0179747733037879
"SNAPC3",0.0178863008683504
"PGP",0.017881164180392
"DBF4",0.017841967582997
"UQCRHL",0.0178178350570772
"RNMT",0.0177985471822818
"FARSB",0.017546037427623
"GNPTG",0.0175444440619437
"PPP1CA",0.0175066730050225
"BLZF1",0.0174821191595634
"TMEM230",0.0174460170661283
"RPS19P1",0.0173984876971037
"CHCHD2P6",0.0173844844711844
"RNU6-26P",0.0173744210338428
"ZFTA",0.0173612021498199
"STBD1",0.0173324513357883
"CCDC80",0.0172682206237538
"ARHGAP26-AS1",0.0172124312921654
"NAPRT",0.0172067102675929
"MAFG-AS1",0.0171404760210852
"NUP155",0.0170955493709432
"ZNF511",0.0170894133844603
"ENDOG",0.0170265051112793
"VDR",0.0170103196613987
"HACD4",0.0169595262883688
"CRYZL1",0.0169526074196027
"ATOSA",0.0169067270210947
"REPIN1",0.0168163661303583
"CFAP298",0.0167990672282657
"PPP2R5C",0.0167814542319958
"TMEM185A",0.0167350349398344
"ZNF581",0.0166922028138272
"TRAPPC12",0.016597953532111
"LRP1",0.0165731291666153
"MYO15B",0.0165645409693311
"CIZ1",0.0165573354708394
"BCL6",0.0164207985217062
"EIF4A2P4",0.0163830134978911
"RNU7-40P",0.0162482783181664
"TTC39C",0.016216973208785
"BEND5",0.016061427225463
"SNORA28",0.0160020841985126
"MAD2L1-DT",0.015971123578978
"CD52",0.0159159676790566
"JHY",0.015892286624384
"RFWD3",0.0158581454401677
"RAB2B",0.015803542700623
"DNAH9",0.0157533810765014
"LSM1",0.0156533761772931
"NT5C2",0.0155732729608794
"TGFB3-AS1",0.015533658287169
"ZNF831",0.0155169302520334
"SNX17",0.0154984141751839
"CHRNA3",0.0153104350746193
"IGBP1",0.0152782257907387
"DNAJC11",0.0152275739172999
"RPL34P1",0.015213972070445
"EDEM1",0.0151830329134476
"HRH1",0.0150674344380584
"LINC00987",0.0150218872728135
"SART1",0.0149341897180364
"PSME3",0.0148428887370631
"ABCA5",0.0148146562426044
"TMEM154",0.0147696776571972
"SS18L2",0.0146794676628614
"LINC02042",0.0146754111470914
"PELI3",0.0145891559386191
"OTUB2",0.0145821049057581
"ATP5IF1",0.0145707218057096
"ABCC11",0.014492840428294
"NEIL1",0.0144392680269482
"E4F1",0.0142769547360602
"PISD",0.0142670324650797
"GTF3C2-AS2",0.0142500363241598
"PGK1P1",0.0141419962974092
"VRK2",0.0141268560632355
"CD3D",0.0141167146853655
"DCAF17",0.014094009668667
"SCAND1",0.0139951618963401
"PPIAP2",0.0139071819678852
"SLC31A1",0.0138562581911093
"RBPJ",0.0137952151604534
"DYRK1B",0.013763972198985
"POT1",0.0136735535818716
"PYCR3",0.0136593869682436
"RBM45",0.0136583313182929
"PNLDC1",0.0136510742816392
"SNRPA1",0.0136217265448686
"IDH3G",0.0135889520467763
"RPS27AP8",0.0135382155737811
"AP3M2",0.0134480352174699
"GOSR2",0.0133190267655927
"CASP2",0.0133129624981543
"NDUFB7",0.0132903879374379
"UBE2J2",0.0132559603716064
"MDM1",0.0132370044007781
"LINC01754",0.0132115907447502
"BSG",0.0130566510511596
"TTYH3",0.0130120673279096
"PGAP1",0.0129063351757902
"TMEM259",0.012882533472285
"UBE2G1",0.0128701310531165
"REXO2",0.0127443722866986
"GIT1",0.0127367790353012
"HMGN1P15",0.0125808850842787
"SLC35E2B",0.0124265903075508
"ANKFN1",0.0124258836566082
"NDUFA11",0.0124107727628177
"TRIM36-IT1",0.0123551053060349
"PET117",0.0123421298590597
"EEF1B2",0.0122699765186048
"YTHDF3-DT",0.0122545910051122
"HIF1AN",0.0122062359927768
"LINC-PINT",0.012197581932229
"H2BC11",0.0121623767391929
"CASP4",0.0121252813069229
"PRNP",0.0120240636279706
"GZF1",0.0119816459201728
"GSTK1",0.0119649522103955
"SVIP",0.0119562469785356
"ZNF691",0.0118863404331074
"SEMA6A",0.0118714279867281
"TRERF1",0.0118503618630872
"YBEY",0.0118116517332907
"SLC2A9",0.0116651368838731
"CHCHD2",0.0116387146630549
"OGFR",0.0115670881717324
"RPS10P16",0.0115259561006289
"EXOSC9",0.0114887903344346
"GLRX3P2",0.0114822134002946
"CPEB3",0.0114623624561392
"TUT4",0.0114531472213037
"TMEM8B",0.0114263223758589
"LINC00896",0.0112454089255389
"H1-2",0.0112168358518998
"PCLAF",0.0111146195349184
"ENTPD6",0.011109477771402
"FES",0.0110680875018827
"ZNF707",0.0108742349734873
"SZT2-AS1",0.0108575923431727
"METTL13",0.0107870123729417
"BSDC1",0.0107306881781772
"ZNF32-AS1",0.0107259894872917
"TLK2P1",0.0106525003448757
"GOT2",0.0105558033492358
"CCDC81",0.0105462007926238
"CLDND2",0.0105333053431902
"ASB15-AS1",0.0102789139640013
"YBX1P10",0.0102221043155692
"MIDEAS",0.0102209762490191
"MR1",0.0101906328024577
"ERLIN2",0.0101584273401636
"AP1S1",0.0101133335293735
"RNF125",0.0100640229825352
"PPWD1",0.0100142387005037
"SSNA1",0.00996559294175954
"COPG2IT1",0.00994752803454964
"FRYL",0.00993829396639114
"SMU1P1",0.00983617860017391
"ZDHHC12-DT",0.00979325337208389
"SERBP1P5",0.00976436269807459
"EIF2B4",0.00973823614809683
"DNASE1",0.0097297327560412
"NEK3",0.00972671687809444
"ZNF878",0.00960184300709693
"C10orf55",0.00959375952503265
"RPS27P4",0.00946589916961579
"RPP40",0.0093785442169186
"CDH23",0.00936838109087976
"TBC1D13",0.00930200353609102
"NDUFB10",0.00928741401841248
"RAP2C",0.00927354860452996
"MIR25",0.00924746456245196
"CCZ1",0.00919389636889737
"PLBD2",0.00919313035701685
"LINC02882",0.00918950959220703
"PAK1IP1",0.00916377555160514
"LRCH3",0.00907514247094157
"ATP11B",0.00907104023646865
"SLC15A1",0.00904323082596991
"ADGRL3",0.0089800842859967
"CD163L1",0.0089800842859967
"CCL5",0.00897585970450281
"GRAPL",0.00895601501299613
"SNORA2C",0.00888508486639206
"ZFPM1",0.00886244035990486
"TFIP11",0.00863162962873835
"COPS8P2",0.00860967478250085
"INGX",0.00859636984055079
"TOR1B",0.00853830882926719
"RN7SL600P",0.00844240149842379
"SOS1",0.00827556667197074
"TRAP1",0.0082516091052764
"GEMIN7",0.00823983618250607
"MED16",0.00823025686720011
"DDB1",0.00821881257860594
"SNORA40B",0.00818772675460997
"DTWD1",0.00813069471348508
"AMD1P3",0.00811342507001944
"RIPK1",0.00809039968845958
"EEF1A1P15",0.00805634549983524
"COX7A2P2",0.00799641250036418
"ZNF616",0.00797023631672251
"FAM114A2",0.00795393545263906
"PGBD2",0.00792633270493523
"IER3-AS1",0.00790519198384235
"CHCHD2P2",0.0078202348545361
"EEF1AKMT3",0.007798163310332
"ITPRIPL1",0.0077591053582571
"NBPF14",0.0077184648620148
"NQO2",0.00770230431018317
"RAP1B",0.00768919305415148
"RIPOR1",0.00755773303026015
"HSP90AB1",0.00738684607122894
"ALKBH7",0.00734189116698816
"ZNF407",0.00725068007036769
"MTDH",0.00724714744602085
"DGLUCY",0.00716035223148385
"ADAMTS7P5",0.00710925189016459
"TTLL5",0.00708272612801607
"SLC39A13",0.00705056779016394
"KCP",0.0068937566827798
"GPATCH3",0.00687582315177561
"ORC1",0.00678722638012534
"GARIN5A",0.00675256897173331
"ANKUB1",0.00671204084256087
"KIAA1614",0.00665169818952014
"CDADC1",0.00661615110943725
"ZBTB8OS",0.00657815590547328
"XRCC6P2",0.00656921758362121
"MIR6514",0.00645320838524648
"KCMF1",0.00644855964867583
"RPL22P3",0.0063794468935332
"TMEM218",0.00636302392616009
"DTX2P1",0.00631173596265577
"ITPRID1",0.00612864029082784
"BET1L",0.00607819005383595
"PPP1R12C",0.00607128392387441
"ANKDD1A",0.00605769900290607
"COQ6",0.00605534339391175
"FLOT2",0.00604671816100725
"ENC1",0.00598970599497405
"PYGB",0.00595479629429715
"ME2",0.00594728600587895
"H3-5",0.00589928112187482
"ELOVL3",0.00589214725385299
"EIF3D",0.0058752247102122
"INTS8",0.00580124668553163
"PRDX3P1",0.00579326961385765
"SNU13",0.00577935289822231
"ZNF763",0.00577600239905777
"CLCN7",0.00572644576087947
"GFUS",0.00568785932379051
"MIR3680-2",0.00566502790306849
"RANGRF",0.00563719930439453
"LGALS9",0.00561235428842099
"MIR3153",0.0055731380351886
"CCT7P1",0.00555432461620638
"SMPD4",0.00552460984033787
"EXOC3",0.00545956847546972
"HMGN2P28",0.00544076656260848
"PPM1F-AS1",0.00543259637517332
"TSPYL2",0.00542521418462468
"C6orf136",0.00534239659472059
"SERBP1P6",0.00528496004757101
"SLC30A7",0.00525982762589507
"SHPK",0.00522396441916711
"USP15",0.00521146515470888
"NKRF",0.00520249430010426
"APEX1",0.00518615059499659
"PLAU",0.0051714599424338
"SHOC1",0.00513639231140209
"EIF2AK1",0.00504554291136061
"LMNA",0.00498859701174881
"ARL14EP",0.004969809524548
"PDPR",0.00495752901657217
"ZNF557",0.00493415439339773
"PGAM1",0.00492649936752687
"ZBTB46-AS1",0.00490865962226746
"CYP2D6",0.00490299489288547
"LINC02901",0.00489744594921127
"MUC4",0.00479113036965398
"MAP3K8",0.00473892960104597
"ACTR3BP4",0.00472722521744446
"MX1",0.00472182879338584
"EIF1P7",0.00471279507359791
"GSR",0.00470850236598507
"RBCK1",0.00468645765157142
"BRPF3-AS1",0.00464870727234898
"ZNF574",0.00449381501842249
"NME4",0.00443165861896967
"H4C8",0.00442616550546592
"LINC01011",0.00439973902684753
"PIN1",0.0043779535560965
"CCDC91",0.00437176274867888
"PDIA3P2",0.00434740649946252
"PANX1",0.00433415786105356
"ZFYVE27",0.00431993183555539
"GHRLOS",0.00430812778434002
"TCP1",0.00424770900414894
"HSPA4",0.00424633814525908
"BTF3P5",0.00424435241064471
"TMEM79",0.00421690408973266
"RPL15P11",0.00421636764646851
"PINK1-AS",0.00419966571733572
"CARMIL3",0.00416145117846877
"ZNF570",0.00415311743155255
"POM121",0.0041415816653104
"RBMXP5",0.00413987276386999
"JRK",0.0041236133263384
"VTI1A",0.00407163678442196
"LASTR",0.00406252042527296
"PM20D2",0.00401491392431359
"ZDHHC13",0.00400696991587513
"SMC2",0.0039859462785742
"TMEM234",0.00389742572656032
"HEATR5A-DT",0.0038962925193819
"GNL1",0.0038949643466239
"TBC1D14",0.00380902962045049
"EIF1AD",0.00375419872522248
"RPL21P1",0.00373995124210297
"FAM222B",0.00372350609384074
"SUMO2P20",0.00370098127376112
"ATP6V0A2",0.00368229582669673
"XIST",0.00367465780969094
"APOL1",0.00367335972888189
"RPL5P29",0.00366994750612105
"ISY1",0.00363470191172959
"E2F3",0.00361285195628334
"RANBP1",0.00357617313282885
"HNRNPCL3",0.00357119860517184
"OSTF1",0.00350498881688231
"LCMT2",0.00349478014011191
"CASC19",0.0034712960772382
"RPS15AP24",0.00345991501904435
"COX17P1",0.00345477835198514
"RN7SL629P",0.00343547093405829
"MTERF3",0.00342133140675742
"NECAP2",0.0033710851943879
"SRRM2-AS1",0.00337058871016438
"MAF1",0.00332631082217266
"PTENP1-AS",0.00324157936075112
"INTS11",0.00320103097556456
"TMTC3",0.00317477514159831
"UBR4",0.00314604691850429
"MT-TF",0.00312535808131632
"PFKL",0.00308985223683601
"NXF1",0.00308512378068406
"RNU6-122P",0.00307981537149081
"SHROOM1",0.00307204787552704
"OST4",0.00304472612054396
"COPS8",0.00300067468780661
"TM9SF4",0.00296694581950301
"UBN1",0.0029346003123376
"DCX",0.00289148929733984
"VPS51",0.00287900162226162
"ZNF827",0.00286828122491567
"TKFC",0.00286467684110105
"RN7SL404P",0.00285388598192922
"TIMM22",0.00285196684361277
"RPL21P2",0.00281522543277724
"MRPL51",0.0028047466948196
"ERVK3-1",0.00273995956480781
"ZNG1C",0.00270965669102803
"PIN4P1",0.00269192059305814
"IGLV10-67",0.0026606246902757
"SCAMP4",0.00264358651939155
"LINC00670",0.00263056365215175
"RNU4-89P",0.00260470624894636
"GPR108",0.00259225755104844
"EEF1A1P19",0.00254896192121028
"CHD8",0.00254816992777932
"NPM1P29",0.0025412154098654
"CEP57L1",0.0025383030456999
"RPL32P20",0.00253816969479705
"BRD10",0.00247126161723149
"NIF3L1",0.00247085487373415
"RPL13AP22",0.00246348302226417
"CHCHD4",0.00245430009610241
"TMEM205",0.00242963353178541
"MRPL18",0.00242172446367393
"FTLP2",0.0024143371364778
"KXD1",0.00237115162818063
"SLC25A33",0.00236662094185701
"NRBF2",0.00236494262882581
"PTGR3",0.00235079866050974
"LINC00641",0.00233688097133411
"TPRKB",0.00230590642924817
"PHF6",0.00229649100513053
"SLC16A7",0.00229574644867367
"FBXO4",0.002244722085149
"MED25",0.00223731872422667
"SLC35G2",0.00219868431986956
"CNOT2",0.00214296384146699
"USP3",0.00210093759279566
"ABI1",0.00208737338065617
"LZTR1",0.00206671959661542
"EDRF1",0.00205464459985319
"TUSC2",0.00203968782833655
"CCDC174",0.00202889936370728
"SNX15",0.00202669896067339
"SH3RF3-AS1",0.00200891857109702
"MAN2B2",0.00199980112825149
"CTNNBL1",0.00198403472683338
"GPC6",0.00196569778928188
"ZNF385D",0.00194051284362038
"PSME3IP1",0.0019397350174914
"FAM118A",0.0019303962585495
"H2AC13",0.00191999213101501
"HPS6",0.00191108458776123
"DOCK11",0.00187615403018609
"COMP",0.00187457976224097
"BRWD1-IT1",0.00187428915623893
"ROCR",0.00185807158480932
"SRRD",0.00181292447671018
"MYLK3",0.00180517529949954
"H4C3",0.00180489629540502
"MAPKAPK5-AS1",0.0017885724358816
"RPL21P39",0.00178803360492872
"ASB7",0.00177756034409451
"CAMK1D",0.00176824945238313
"G6PD",0.00173569654282648
"GATB",0.00173318107472458
"GFOD1",0.00172205261983851
"DNAAF10",0.00172066408615328
"IFNK",0.00170213756305791
"C2orf49-DT",0.00168647867314802
"QSOX2",0.00165007479009347
"PPP1R3B-DT",0.00161342043980375
"BRAP",0.0015816971492505
"INPP1",0.00157092023361274
"MAZ",0.00153931561502462
"PAX6",0.00150524659025046
"CD99",0.00149957930377849
"WDR44",0.00147772860619522
"VTRNA2-1",0.00146784152248946
"ZNF195",0.00146537877735872
"MBD4",0.00144137194276967
"THORLNC",0.00143121187950353
"ELMO2",0.00142543949626688
"NFKBID",0.00141251940219824
"GAPDH",0.00138711932955009
"GATC",0.0013755950665732
"RAVER1",0.00137360417495403
"TUBB2B",0.00136657054164336
"RPL30P14",0.00135551695747749
"LRRC56",0.00135191915091499
"RFESD",0.00132847179621361
"SNHG20",0.00132827671260684
"MT-TK",0.00131322424634464
"ACTR2",0.00130523832610533
"PSPH",0.00128763087366735
"IDI1P1",0.00127024337476469
"COL6A1",0.00126998339575134
"MTCYBP3",0.00126265911804215
"CNGA1",0.00124866567293463
"SAP30BP",0.00124410914464457
"ATP5PO",0.0012323610613343
"LIF-AS1",0.0012185507329446
"MECR",0.00121627775279218
"TCHP",0.00121296060101244
"PIGX",0.00120937996796942
"TMSB4XP1",0.00120873788394353
"LDB1",0.0011832031100112
"FTH1P23",0.00117191515254616
"P4HA3",0.00116533100728296
"CCEPR",0.00116363450481996
"ACADM",0.00116257551312466
"SHFL",0.00115016359803706
"EIF2AK4",0.00113614060977746
"MAPKAP1",0.00113363091146701
"SAMD7",0.00111157585014988
"SDHA",0.00110956840270514
"HSP90AA6P",0.00109497335242067
"SCNM1",0.00109199231194117
"ZNF185",0.00108107696916329
"IMPA1",0.00107884134229484
"CKS1BP3",0.00107436890517884
"KCTD13-DT",0.00106915632108632
"TIMM9",0.00106737282675156
"MT-TM",0.00106623613619719
"TEX261",0.00105478471646225
"SUV39H2-DT",0.0010471456419804
"PPP1R26",0.00104248187671278
"CCDC90B-AS1",0.00104207232689171
"SERPINE1",0.00102876439889977
"SMARCD1",0.0010278980882282
"PCYT2",0.00102222253041498
"TASOR2",0.00101928241663144
"ADCY6-DT",0.000979239594687507
"LINC02211",0.000963525378828752
"SNAI1",0.000948611948852477
"HCG20",0.00093547030018975
"TUT7",0.000921998898472536
"RPS7P10",0.000921811169315137
"DSE",0.000920299521027456
"ATP5F1CP1",0.000914657796216445
"LINC01094",0.000903820300423492
"SAMD10",0.000899835989984376
"KMT2A",0.00089661561537292
"NKAIN3",0.000879096147194304
"BCLAF1P1",0.000869988309583222
"C9orf72",0.000853785857791664
"SNORD11",0.000853161378031584
"RER1",0.00085053743567826
"NFKBIA",0.000839218334487844
"IL10RB-DT",0.000827149228815924
"JMJD6",0.000824633892060622
"OSBP",0.000809138773696107
"C1orf174",0.000804493813831896
"RPL10",0.000804119077428006
"CAMK2A",0.000798164039823523
"PCGF6",0.000795028466158498
"CTDP1",0.000787143291221765
"MAP3K4-AS1",0.000786582218245435
"BLOC1S3",0.000786356404114526
"C17orf75",0.000734454120145728
"DDX43",0.000713567722459486
"SDHAF2",0.000694929995084444
"PPP6R2",0.000684230676306542
"C19orf53",0.00065053646102567
"ALG10B",0.000645543738236576
"MRPL35",0.000641482049167716
"WDR5",0.000637024778530616
"SPSB3",0.000633565733141459
"GPATCH2L",0.000628355187374506
"CTNNA2",0.000623133784153752
"KPNB1",0.00061323067378695
"ETV3",0.000554861156459246
"RNU6-4P",0.000551565440452129
"FAM76B",0.0005234202576148
"LRP5",0.00049823161647605
"UQCC1",0.000489734070700906
"HNRNPA1P2",0.000488345738421849
"LRR1",0.000485041487517015
"ZFP64",0.000479089244051108
"SMARCA2-AS1",0.000478343218583208
"OPRD1",0.000474788869514746
"GAS1",0.000432717462158289
"C9orf78",0.000429622666343484
"PCNT",0.00042562657545195
"EIF2S2P4",0.000423930878010368
"PIGF",0.000419091496009507
"ZNF362",0.000415669631963732
"TCEA1",0.000415265196301339
"RPS3AP21",0.000410916310679092
"SIPA1",0.000410751020543339
"SLIT3",0.000410274868571408
"MCPH1",0.000405187765810167
"MRI1",0.000404238583405407
"ZNF532",0.000397049578335572
"PITPNC1",0.000389219796043172
"RIMS2",0.000384830669704765
"FBXL12",0.000384085318230633
"PSMC1P9",0.000380726961402321
"SH3BGRL3",0.000373110708276671
"GPATCH2",0.000355038504683005
"TMEM256",0.000343052093759498
"SLC12A2",0.000338699912888076
"TMF1",0.000335481268476078
"STX1B",0.0003214069475351
"ACTG2",0.000316928681980975
"ISG20L2",0.000299784427337949
"CCDC106",0.000296143437156315
"TMEM238",0.000295423590076543
"MRPL39",0.000295200518279187
"DDX56",0.000291449495127365
"TMEM126A",0.000290157422906313
"FAM13B",0.000286869583387522
"SDHAF4",0.000273703669512785
"HDGFL2",0.000268042623829477
"LAMTOR4",0.000256716990223858
"TNFRSF14-AS1",0.000252554913684625
"THOC3",0.000244835754003441
"SLC45A4",0.000243996895301108
"CNOT4",0.000243233698423348
"NELFA",0.000241528392443748
"YAE1",0.000225898283099795
"APPBP2",0.000223872782909677
"DDIT4L-AS1",0.000222626812225081
"NSD1",0.000222513583666516
"MRPL36",0.000222316571097103
"LINC02523",0.000221815181568857
"CFAP73",0.000219452003756087
"CFAP74",0.000193730930732616
"TBC1D10A",0.000170756936306256
"STK40",0.000168965235636327
"MAK16",0.000161138351555325
"PDLIM3",0.000157729393089913
"TH2LCRR",0.000156838205787874
"TFPT",0.000153085927094511
"BIRC2",0.000152637755589937
"ABHD16A",0.00015127849577884
"ZKSCAN7-AS1",0.000139748565821194
"BAZ2A",0.000139386711005272
"KIF26B",0.000139057831088453
"HNRNPA1P52",0.000138149511410517
"GHITM",0.000137892421849784
"METTL14-DT",0.000135830774062425
"VWA7",0.000134764675595516
"FXN",0.000126254000833336
"MTCO1P40",0.000123798313246156
"WDR45",0.000117233837300989
"HSF4",0.000115566267157225
"AQP6",0.000111532087846286
"MRPL16",0.00010994234887539
"LINC01010",0.000109786032807547
"PDE7A-DT",0.000107985063648882
"ALDH5A1",0.00010760793351707
"SAMD1",0.000105905364345277
"CNOT10-AS1",0.000103895863361621
"ZSCAN20",0.00010249383451036
"GPCPD1",9.77706474094542e-05
"ZC3HAV1L",9.71768420390839e-05
"BARX2",9.40603224999386e-05
"MRGBP",8.63388054669399e-05
"PAQR9-AS1",8.55913865404534e-05
"RNF34",7.87015939150319e-05
"ABI3",7.64262866826229e-05
"FAM157C",7.57708665170041e-05
"ZNF174",7.54424704737936e-05
"SAMD11",7.1885350773797e-05
"SARS1",6.689009319932e-05
"VPS37B",6.14274488261985e-05
"UBQLN4",5.91229689356158e-05
"INSR",5.18875008704379e-05
"ZNF627",4.63257004713804e-05
"DNAJA1P3",4.35822429251933e-05
"RCC1L",4.31128044899019e-05
"MXI1",3.86123864673953e-05
"ERVK13-1",3.40243005685217e-05
"NEMP2",2.65508387219204e-05
"ATP5PF",2.51158480913109e-05
"UBXN4",2.25352646597023e-05
"DNAH12",2.17149329276395e-05
"BMP2K",2.13167022737498e-05
"CRCP",2.10726463054933e-05
"BUD31",1.79276337502771e-05
"RPL3P7",1.49515078208358e-05
"ZNF699",1.15988701816704e-05
"YIF1B",1.1268851775325e-05
"TMEM131",1.11240414662362e-05
"PPP6R3",1.07691699659531e-05
"TMUB1",1.06570269621093e-05
"MYCNOS",8.98981333494122e-06
"RAB28P5",8.95620382222622e-06
"TAF1D",8.4075051291873e-06
"ABRAXAS1",8.34223943950858e-06
"PHF12",8.32783606041362e-06
"CCNDBP1",6.69927736034879e-06
"LSM12P1",6.3671193654186e-06
"CAP1",6.2322073105402e-06
"CALD1",5.73224742707503e-06
"SNIP1",5.38710965552963e-06
"EXOG",5.29948106393996e-06
"LINC01400",4.91836359805656e-06
"GID8",3.6770068800285e-06
"TTF2",1.31340708644564e-06
"CARS2",1.08120245053148e-06
"POLR2I",1.01047229919956e-06
"SMIM1",8.44370295778945e-07
"PPP4C",2.37680243144837e-07
"SEPHS1",1.20307437863474e-07
"ZNF524",4.83197364645256e-09
"RPL21P21",0
"EEF1DP6",0
"LINC01646",0
"LINC02782",0
"LINC02781",0
"MTCYBP45",0
"PGAM1P11",0
"DISP3",0
"RPL10P17",0
"PPIAP34",0
"ARL8BP2",0
"LINC01756",0
"PLA2G5",0
"FTLP18",0
"GJB5",0
"LINC02810",0
"GRIK3",0
"HNRNPFP1",0
"GUCA2B",0
"RPS29P6",0
"LINC01654",0
"CFAP144",0
"SHMT1P1",0
"PHB1P12",0
"GJA4",0
"FCF1P6",0
"RPL6P1",0
"TMA16P2",0
"RIMS3",0
"LAMTOR5P1",0
"KLF17",0
"RPL23AP85",0
"GTF2F2P2",0
"KLF18",0
"C1orf87",0
"GDI2P2",0
"RNFT1P2",0
"COX6A1P1",0
"ADH5P2",0
"RPL29P5",0
"KRT8P21",0
"RPL13AP9",0
"PDE4B-AS1",0
"NEGR1-IT1",0
"PGBD4P8",0
"MTND2P30",0
"HMGB1P18",0
"HNRNPA1P64",0
"PHKA1P1",0
"MTCO1P21",0
"MROH7-TTC4",0
"HNRNPCP9",0
"KATNBL1P2",0
"GJB4",0
"HMGB1P45",0
"MTND4P11",0
"MTCO3P21",0
"TBCAP2",0
"BARHL2",0
"SNX7-DT",0
"OOSP1P1",0
"RPS20P5",0
"MATR3P3",0
"IGSF21",0
"MTND3P21",0
"DNAJA1P5",0
"LINC01787",0
"MTATP6P13",0
"LPAR3",0
"LINC02868",0
"SLC6A17",0
"GAPDHP64",0
"SEPTIN2P1",0
"LINC02788",0
"VPS25P1",0
"MTND5P20",0
"SYCP1",0
"NEFHP1",0
"FTLP17",0
"TSHB",0
"PSMC1P12",0
"RPS15AP9",0
"UBE2WP1",0
"SLC6A17-AS1",0
"CDK4P1",0
"TXNP3",0
"RPS29P29",0
"ELOCP19",0
"LINC02799",0
"PPIAP7",0
"OR10AE1P",0
"NR1H5P",0
"MTCO2P21",0
"PFN1P12",0
"MTATP6P14",0
"NKAIN1P1",0
"FMO8P",0
"FMO11P",0
"LINC01720",0
"CNN2P10",0
"MTCO1P14",0
"PRELID1P7",0
"WDR82P2",0
"OR10J5",0
"GPA33",0
"ISCUP1",0
"HNRNPA1P46",0
"RPS29P5",0
"TFDP1P1",0
"LINC03121",0
"BRINP3",0
"LMX1A",0
"SELE",0
"FMO10P",0
"MIPEPP2",0
"SRP14P4",0
"RPL7AP21",0
"LHX9",0
"CHCHD2P5",0
"ILDR2",0
"PRR13P1",0
"LMX1A-AS2",0
"LINC01035",0
"LINC00210",0
"HMGB1P11",0
"OR2L6P",0
"OR2L9P",0
"RGS18",0
"MORF4L1P7",0
"TGFB2-OT1",0
"TUBB8P10",0
"QRSL1P2",0
"CLPTM1LP1",0
"RPS3AP9",0
"SHCBP1L",0
"RPL23AP22",0
"RPL10AP5",0
"PTP4A1P7",0
"SELP",0
"SLC4A1APP2",0
"RSL24D1P4",0
"BPNT2P1",0
"LINC01710",0
"GAPDHP75",0
"CCNQP1",0
"BRINP2",0
"TRNT1P1",0
"ZNF695",0
"RPL23AP16",0
"ZNF670-ZNF695",0
"RGS21",0
"EEF1A1P44",0
"RAC1P7",0
"RPL31P13",0
"PLD5",0
"NXNP1",0
"CHCHD4P5",0
"STYXL2",0
"PM20D1-AS1",0
"COLGALT2",0
"DPY19L4P1",0
"NDUFAF4P4",0
"LINC01691",0
"LINC01363",0
"GPR52",0
"FEN1P1",0
"HMGB3P6",0
"NMNAT1P2",0
"VDAC1P10",0
"MIR4689",0
"RN7SL614P",0
"RNU6-1265P",0
"RNA5SP40",0
"MIR34A",0
"RNU6-110P",0
"RNU6-176P",0
"MIR552",0
"RNU6-605P",0
"MIR4255",0
"RNU6-636P",0
"RNA5SP43",0
"RNU6-753P",0
"MIR6732",0
"MIR6733",0
"RNU2-30P",0
"RNU6-1026P",0
"MIR6079",0
"MIR5581",0
"RNU7-62P",0
"RN7SKP19",0
"RNU2-15P",0
"RNU4-88P",0
"RNA5SP23",0
"MIR7156",0
"RN7SL62P",0
"RNU6-503P",0
"RN7SL854P",0
"RNU7-8P",0
"RNA5SP22",0
"RNA5SP52",0
"SNORD3G",0
"RNA5SP50",0
"RN7SL392P",0
"RNA5SP51",0
"MIR30E",0
"RNU6-750P",0
"RNU6-125P",0
"RNU6-1318P",0
"RNU6-695P",0
"MIR760",0
"RNU4-75P",0
"MIR7852",0
"RNU6-965P",0
"MIR320B1",0
"RN7SKP272",0
"RNA5SP56",0
"MIR942",0
"RN7SKP285",0
"RNU4ATAC8P",0
"RNA5SP55",0
"RNA5SP533",0
"MIR4256",0
"RNU6-352P",0
"RNU6-41P",0
"RNU5F-6P",0
"RNU6-983P",0
"RNU6-716P",0
"RNU1-141P",0
"RNU6-778P",0
"RNU2-12P",0
"MIR1255B2",0
"RNU6-609P",0
"RN7SL299P",0
"MIR3119-1",0
"RNU6-570P",0
"MIR3119-2",0
"MIR4671",0
"RNU6-465P",0
"MIR205",0
"RN7SL333P",0
"RN7SL668P",0
"RN7SL344P",0
"RNA5SP80",0
"RNU6-1205P",0
"MIR488",0
"RNA5SP73",0
"RN7SKP156",0
"RNA5SP65",0
"RNA5SP62",0
"RNU5A-8P",0
"MIR3122",0
"RNA5SP63",0
"RN7SKP98",0
"RNA5SP77",0
"RN7SKP12",0
"MIR3124",0
"RNU6-1240P",0
"RPL21P27",0
"CAMK2N1",0
"RPS4XP4",0
"CDA",0
"MIR6084",0
"ZNF101P2",0
"LINC01758",0
"SGO1P1",0
"RN7SL538P",0
"LRRC7-AS1",0
"RN7SL242P",0
"CASP3P1",0
"EEF1A1P48",0
"SEPTIN14P12",0
"MRPS21P3",0
"THAP12P8",0
"RFKP1",0
"HNRNPA1P42",0
"MIR3123",0
"RPL36P6",0
"APCS",0
"CRPP1",0
"CRP",0
"SLAMF8",0
"SLAMF9",0
"MIR4254",0
"RNU6-817P",0
"HMGN2P18",0
"MIR92B",0
"RNU6-586P",0
"RNU4ATAC4P",0
"RNU6-1031P",0
"CDCA4P3",0
"OR10J6P",0
"RNU6-828P",0
"RN7SL731P",0
"CENPS-CORT",0
"KRT8P29",0
"MIR1182",0
"PPIAP36",0
"MIR3916",0
"RNA5SP82",0
"VN1R17P",0
"GCSAML",0
"OR2G2",0
"OR3D1P",0
"RNU6-991P",0
"ADH5P3",0
"RANP5",0
"SCARNA2",0
"SCARNA4",0
"MIR6738",0
"PMF1-BGLAP",0
"RHBG",0
"MIR9-1",0
"MTND1P34",0
"FOXE3",0
"NTMT2",0
"F13B",0
"FOXD2",0
"OLFM3",0
"NPPB",0
"SBF1P2",0
"RNU5E-1",0
"MIR6729",0
"RNU6-777P",0
"RPL23AP89",0
"MIR7846",0
"MIR4632",0
"MIR5187",0
"RNU6-481P",0
"RN7SL261P",0
"GJA5",0
"GJA8",0
"RNU1-129P",0
"RNU6-1211P",0
"RNU6-809P",0
"TMCO2",0
"SNRPFP2",0
"MIR3917",0
"RNU6-369P",0
"MIR5584",0
"SNORD55",0
"SNORD38B",0
"RNU5E-6P",0
"RNA5SP47",0
"CCNB1IP1P1",0
"OSTCP5",0
"MIR6127",0
"MIR4684",0
"RNU6-949P",0
"CHMP1AP1",0
"RNU6-424P",0
"RPEP3",0
"RNU6-1245P",0
"SCARNA1",0
"PDE4DIPP9",0
"MIR3675",0
"RNU1-5P",0
"PADI1",0
"PADI3",0
"MIR3972",0
"CICP13",0
"HHIPL2",0
"NDUFB1P2",0
"RNU6-880P",0
"HAUS4P1",0
"GAPDHP58",0
"HSD3B1",0
"GAPDHP32",0
"HSD3BP3",0
"GAPDHP27",0
"GAPDHP33",0
"LINC00622",0
"REG4",0
"PFN1P9",0
"ADAM30",0
"INSRR",0
"RN7SL831P",0
"RN7SKP270",0
"RPS21P1",0
"MTCYBP14",0
"MTND6P14",0
"MTND5P19",0
"MTND4P10",0
"MTND4LP21",0
"MTND3P8",0
"MTCO3P46",0
"MIR6737",0
"MIR5698",0
"OR13Z1P",0
"OR13Z2P",0
"OR13Z3P",0
"RN7SL654P",0
"RPL29P6",0
"RPL13AP10",0
"MRPL57P1",0
"RPS23P9",0
"PROK1",0
"KCNA10",0
"OR11I1P",0
"RN7SL148P",0
"MIR555",0
"RNU6-1297P",0
"RN7SKP247",0
"RNU1-114P",0
"RNVU1-17",0
"RNVU1-23",0
"RNU1-143P",0
"KCNK2",0
"SYT6",0
"ENO1P1",0
"MIR6735",0
"RN7SL657P",0
"ACTG1P4",0
"AMYP1",0
"RNU4-21P",0
"KIAA1191P3",0
"RNF186",0
"PLA2G2E",0
"RN7SL304P",0
"OR2M7",0
"OR14C36",0
"ARTN",0
"KRT8P47",0
"RN7SL479P",0
"OR2T3",0
"OR2T5",0
"OR2AS2P",0
"OR2AS1P",0
"OR2T34",0
"LCE3B",0
"LCE3A",0
"LCE2D",0
"LCE2A",0
"PRAMEF15",0
"PRAMEF14",0
"PRAMEF17",0
"LPCAT2BP",0
"GAPDHP46",0
"PRKAR1AP1",0
"MMP23B",0
"CD1A",0
"HMGN1P5",0
"CD1C",0
"CD1B",0
"CD1E",0
"OR10T2",0
"EI24P2",0
"OR10R3P",0
"OR10R1P",0
"RNA5SP53",0
"IL24",0
"RN7SL788P",0
"PDCL3P6",0
"DNAJC19P7",0
"RNU6-1008P",0
"AKR1B1P1",0
"DNAJB6P6",0
"SNORA55",0
"HPCAL4",0
"RNU7-121P",0
"YBX1P9",0
"RPS3AP7",0
"RN7SKP165",0
"CDKN2AIPNLP1",0
"MIR6878",0
"MIR4257",0
"RNU6-1042P",0
"UBE2D3P3",0
"LINC02809",0
"MIR3620",0
"MIR6742",0
"TRIM17",0
"RPL23AP15",0
"MIR4666A",0
"RNA5SP19",0
"RNA5SP162",0
"FAM167B",0
"RNU6ATAC35P",0
"HLX",0
"RPL7AP81",0
"PRELID3BP1",0
"RN7SL464P",0
"RPL30P1",0
"KCND3-IT1",0
"KCND3-AS1",0
"ITPKB-AS1",0
"RPS27P5",0
"GLRX5P2",0
"EIF1P2",0
"RNA5SP44",0
"HSPE1P8",0
"CCNT2P1",0
"RNA5SP54",0
"RNU7-57P",0
"RNU6-1309P",0
"OR10J2P",0
"OR10J7P",0
"OR10J8P",0
"OR10J9P",0
"HMGB1P48",0
"SLC45A1",0
"DAB1",0
"HSPD1P14",0
"HMGB4",0
"FAM133FP",0
"ZNF847P",0
"PRAMEF28P",0
"PRAMEF27",0
"PRAMEF34P",0
"PRAMEF35P",0
"HNRNPCL2",0
"GBP7",0
"RNU6V",0
"MIR197",0
"AKR7A2P1",0
"HNRNPA1P63",0
"SERPINC1",0
"LINC01737",0
"RNA5SP79",0
"RN7SL837P",0
"NENFP1",0
"RN7SL466P",0
"ARPC3P2",0
"FDPSP8",0
"DLSTP1",0
"SNORD45C",0
"SNORD45A",0
"SNORD45B",0
"MIR6734",0
"MIR4677",0
"FABP7P1",0
"AKT3-IT1",0
"HAPLN2",0
"MIR4421",0
"MIR6500",0
"RNU6-877P",0
"RNU6-1281P",0
"LINC01342",0
"RN7SL653P",0
"RPL23AP90",0
"MIR553",0
"SNORD21",0
"RNU6-970P",0
"RN7SL692P",0
"RNU6-210P",0
"RN7SKP123",0
"RNU7-200P",0
"MIR1256",0
"RNU4-57P",0
"CCDC185",0
"RNU1-74P",0
"TNNI3K",0
"ERICH3",0
"FPGT-TNNI3K",0
"BRWD1P1",0
"RNA5SP41",0
"RNA5S1",0
"RNA5S2",0
"RNA5S3",0
"RNA5S4",0
"RNA5S5",0
"RNA5S6",0
"RNA5S7",0
"RNA5S8",0
"RNA5S9",0
"RNA5S10",0
"RNA5S11",0
"RNA5S12",0
"RNA5S13",0
"RNA5S14",0
"RNA5S15",0
"RNA5S16",0
"RNA5S17",0
"RNA5SP18",0
"DUSP5P1",0
"RNVU1-30",0
"FAM91A2P",0
"RNU1-68P",0
"H2AC21",0
"RNU6-704P",0
"IGFN1",0
"RNA5SP75",0
"RPL13AP11",0
"RNU6-1304P",0
"LEFTY3P",0
"LEFTY1",0
"MIR6741",0
"NDUFA3P3",0
"LRRC71",0
"MIR765",0
"RN7SL612P",0
"FMN2",0
"GREM2",0
"RNU5F-8P",0
"IL20",0
"DNASE2B",0
"OR2L2",0
"OR2L3",0
"OR2M4",0
"PRAMEF9",0
"OR10K2",0
"LINGO4",0
"KPLCE",0
"LCEP2",0
"LCEP1",0
"LCE1F",0
"LCE1E",0
"LCE1D",0
"AMY1C",0
"OR2L5",0
"NFASC",0
"RNU6-180P",0
"RN7SKP276",0
"ACTA1",0
"SNORA73A",0
"SNORD99",0
"SNORA61",0
"SNORA44",0
"SNORA16A",0
"RNU11",0
"LINC00628",0
"RNA5SP74",0
"RPL12P45",0
"EFCAB14P1",0
"ACTBP12",0
"RN7SL824P",0
"OR10X1",0
"OR2T27",0
"OR6K3",0
"OR2AQ1P",0
"OR10AA1P",0
"MNDA",0
"OR10J3",0
"OR14A16",0
"HSD17B7P1",0
"OR11L1",0
"OR2W3",0
"OR2AJ1",0
"CLK3P2",0
"OR2X1P",0
"OR6Y1",0
"TLR12P",0
"OR2T6",0
"OR2M1P",0
"OR2M5",0
"OR2M2",0
"GM2AP2",0
"CYCSP53",0
"TBC1D3P6",0
"SRARP",0
"CLCNKA",0
"ZBTB2P1",0
"OR6F1",0
"OR14K1",0
"OR9H1P",0
"OR10K1",0
"OR2T12",0
"OR2T33",0
"RN7SL432P",0
"OR2T29",0
"MIR6859-1",0
"MIR1302-2",0
"OR4F5",0
"RNU6-1100P",0
"OR2T2",0
"OR13G1",0
"OR1C1",0
"OR2M3",0
"OR2T10",0
"OR6N1",0
"OR2T11",0
"LINC01788",0
"RNU6-884P",0
"RPL6P3",0
"RPL23AP20",0
"BECN2",0
"MAP1LC3C",0
"TUBB8P6",0
"MIR3117",0
"DYNLT5",0
"CNIH3-AS1",0
"PLPPR4",0
"OR2T4",0
"INSL5",0
"OR6P1",0
"SLC2A7",0
"OR6K2",0
"RNU1-6P",0
"PDE4DIPP8",0
"ACTRT2",0
"MPHOSPH6P1",0
"MIR4418",0
"RPL22P4",0
"MIR6769B",0
"LCE1C",0
"CRNN",0
"LCE5A",0
"CRCT1",0
"LCE3E",0
"LCE3D",0
"COL8A2",0
"RN7SL131P",0
"UBE2V2P4",0
"A3GALT2",0
"MIR3605",0
"RNU4-27P",0
"SNORA63C",0
"ASCL5",0
"LINC02816",0
"RPL36AP11",0
"MIR3115",0
"RNU6-135P",0
"LCE1B",0
"LCE1A",0
"LCE6A",0
"SMCP",0
"IVL",0
"LINC01527",0
"SPRR4",0
"SPRR3",0
"SPRR1B",0
"SPRR2D",0
"SPRR2B",0
"SPRR2E",0
"SPRR2F",0
"SPRR2G",0
"RNA5SP60",0
"OR10J1",0
"FCER1A",0
"MYOM3-AS1",0
"IL22RA1",0
"LGR6",0
"SIPA1L2",0
"MIR1295A",0
"MIR1295B",0
"PEAR1",0
"NUCKS1P1",0
"RNA5SP42",0
"C1orf94",0
"MIR4258",0
"RPL6P31",0
"ANKRD34A",0
"RNVU1-6",0
"RNU6-1071P",0
"NUDT4P2",0
"TEX46",0
"RNU6-723P",0
"RNU4-61P",0
"RPL21P25",0
"AGBL4-AS1",0
"AGBL4-IT1",0
"MTND2P29",0
"C1orf185",0
"CFL1P3",0
"RNA5SP529",0
"PFN1P6",0
"MIR4424",0
"TCHHL1",0
"RPTN",0
"HRNR",0
"RNVU1-14",0
"RN7SL165P",0
"CATSPER4",0
"DMRTB1",0
"GLIS1",0
"RNU7-95P",0
"CNR2",0
"MIR378F",0
"RPL36P5",0
"MIR214",0
"MIR199A2",0
"C1orf105",0
"RN7SKP55",0
"RNU6-947P",0
"RNU6-1089P",0
"RNU6-999P",0
"RNU1-132P",0
"KIF26B-AS1",0
"DNAJC19P8",0
"H3-4",0
"VTCN1",0
"ARL5AP3",0
"MIR1262",0
"OR2B11",0
"OR6N2",0
"H3C14",0
"SEC16B",0
"LCE2C",0
"HNRNPA3P14",0
"ARID3BP1",0
"ST13P20",0
"LCE3C",0
"KCNQ4",0
"UBE2V1P8",0
"RPL23AP17",0
"PKP1",0
"MIR5191",0
"RNU6-501P",0
"MIR1231",0
"MIR6739",0
"MIR6736",0
"RNU7-70P",0
"TAFA3",0
"NUTF2P4",0
"RNVU1-19",0
"RPL36AP9",0
"FOXO6-AS1",0
"MIR215",0
"MIR194-1",0
"MIR664A",0
"SNORA36B",0
"AURKAP1",0
"XRCC6P3",0
"RPLP0P5",0
"P3R3URF-PIK3R3",0
"P3R3URF",0
"F5",0
"HMGB3P10",0
"RN7SKP195",0
"MIR4428",0
"ZP4",0
"RPS3AP11",0
"RNU6-536P",0
"PPIAL4C",0
"PPIAL4D",0
"PPIAL4E",0
"PPIAL4G",0
"PPIAL4H",0
"HNRNPA1P59",0
"MYOG",0
"RNA5SP66",0
"TAL1",0
"RNU7-13P",0
"LENEP",0
"RPS3AP8",0
"LINC00626",0
"SUMO1P2",0
"CALML6",0
"TMIGD3",0
"RNU6-792P",0
"ADORA3",0
"RNA5SP45",0
"MIR4711",0
"RN7SL475P",0
"S100A5",0
"TCHH",0
"LINC03108",0
"ACO2P2",0
"KPRP",0
"RNA5SP59",0
"LINC01686",0
"RGS8",0
"LACTBL1",0
"PYHIN5P",0
"RAD1P2",0
"MIR4735",0
"RN7SL326P",0
"CFHR3",0
"MIR4260",0
"C8B",0
"NHLH1",0
"SPRR1A",0
"MIR7856",0
"RPL7L1P22",0
"CLCA2",0
"CLCA1",0
"CLCA4",0
"CDCA4P2",0
"MIR4753",0
"RNU1-151P",0
"RNU6-1171P",0
"RN7SKP88",0
"RNU2-38P",0
"TMEM82",0
"PPP1R11P1",0
"PDE4DIPP10",0
"PFN1P10",0
"BMP8B-AS1",0
"LHX8",0
"LHX8-AS1",0
"RNU6-622P",0
"MIR4423",0
"PLPPR5",0
"RNU6-121P",0
"AQP10",0
"VDAC1P9",0
"MIR4654",0
"RNA5SP61",0
"SPATA46",0
"SH2D1B",0
"RNA5SP69",0
"RNA5SP76",0
"RN7SL431P",0
"MIR190B",0
"SNORA58B",0
"GAPDHP20",0
"LRRC37A12P",0
"RN7SL122P",0
"MIR551A",0
"TP73-AS2",0
"BCL2L15",0
"MIR1537",0
"MIR6730",0
"AADACL3",0
"CFAP107",0
"PRAMEF12",0
"PRAMEF1",0
"PRAMEF11",0
"PRAMEF30P",0
"PRAMEF2",0
"PRAMEF10",0
"RNU6-1072P",0
"PRAMEF29P",0
"PRAMEF6",0
"PRAMEF13",0
"RNU6-771P",0
"AADACL4",0
"PRAMEF7",0
"PRAMEF5",0
"IL23R",0
"PRAMEF8",0
"PRAMEF20",0
"LRRC38",0
"RN7SL713P",0
"LINC01647",0
"DRAXIN",0
"LINC01555",0
"PRAMEF19",0
"RPL22P6",0
"MIR6068",0
"RNA5SP49",0
"RPSAP65",0
"ATP6V1G3",0
"MIR181B1",0
"MIR181A1",0
"RNU6-1062P",0
"RNU6-662P",0
"SNRPEP10",0
"RNU6-1248P",0
"CICP5",0
"RNU6-1319P",0
"MIR4426",0
"RN7SKP126",0
"TRIM67-AS1",0
"COX6B1P7",0
"MRPS18BP1",0
"CHRNB2",0
"LELP1",0
"PRR9",0
"RPLP0P4",0
"LORICRIN",0
"PGLYRP3",0
"PGLYRP4",0
"RNU6-160P",0
"S100A8",0
"S100A15A",0
"S100A7A",0
"S100A7P1",0
"S100A7",0
"S100A7L2",0
"C1QTNF12",0
"MIR6726",0
"MIR6727",0
"MIR6808",0
"RNU6-48P",0
"MTCO1P38",0
"MTCYBP15",0
"MTND6P15",0
"MTND5P18",0
"PIK3CD-AS1",0
"MZT1P1",0
"RN7SKP269",0
"TMEM274P",0
"MIR5697",0
"RNU6-693P",0
"RNU1-153P",0
"RNU1-154P",0
"PRAMEF25",0
"ATP6V0E1P4",0
"HSPE1P24",0
"CFL1P6",0
"C1orf127",0
"MRPS21P1",0
"RPS29P7",0
"CFHR1",0
"CFHR4",0
"CFHR5",0
"FCGR3B",0
"KLHDC8A",0
"MIR135B",0
"LEMD1-DT",0
"LINC02942",0
"CR1-AS1",0
"RNA5SP534",0
"SYT14",0
"CFAP97P1",0
"RNU6-171P",0
"RNU6-755P",0
"MIR5008",0
"SNRPEP7",0
"SPRR5",0
"OR2AK2",0
"OR6K6",0
"PRSS38",0
"OR10R2",0
"OR2L13",0
"LCE7A",0
"OR14L1",0
"PRAMEF18",0
"TTC34",0
"CFHR2",0
"AKR1D1P1",0
"LINC01699",0
"RNA5SP70",0
"RN7SKP229",0
"CAMTA1-AS3",0
"RNU1-8P",0
"MEF2AP1",0
"NPHS2",0
"RNU5F-2P",0
"RNU6-291P",0
"RPL39P6",0
"UBE2V2P3",0
"RN7SL444P",0
"MIR554",0
"MIR1976",0
"RN7SL679P",0
"RNU7-29P",0
"WBP1LP7",0
"HSPE1P25",0
"RNU6-1102P",0
"MIR8083",0
"RN7SL372P",0
"GEMIN2P1",0
"KCNH1",0
"EPS8L3",0
"WBP1LP6",0
"OR4F16",0
"RNU6-1199P",0
"CICP21",0
"RNU6-747P",0
"MIR4422",0
"SMIM42",0
"RNU1-7P",0
"MIR6728",0
"RNU6-304P",0
"RN7SL451P",0
"VN1R5",0
"OR10J4",0
"MIR5087",0
"RNVU1-21",0
"RNVU1-1",0
"RNU1-155P",0
"MIR6077",0
"RNVU1-2",0
"RNVU1-3",0
"CYCSP4",0
"RNU6-89P",0
"ACTN2",0
"MIR4252",0
"FAM163A",0
"YWHAQP9",0
"HNRNPA1P6",0
"PGBP",0
"FMO9P",0
"OR2T32P",0
"OR2L1P",0
"ZNF731P",0
"OR2W5P",0
"PDZK1P1",0
"H2BP2",0
"CHIAP2",0
"PRAMEF36P",0
"PDE4DIPP7",0
"H2BC19P",0
"H2BC20P",0
"DDX11L1",0
"OR4G11P",0
"CROCCP4",0
"MST1L",0
"SLC35E2A",0
"LINC01145",0
"KMT2CP2",0
"PDE4DIPP4",0
"MGAT4FP",0
"SEPTIN7P13",0
"NBPF25P",0
"CLCA3P",0
"GTF2IP20",0
"H2BP1",0
"MTMR9LP",0
"FCGR1BP",0
"GBA1LP",0
"FAAHP1",0
"EMBP1",0
"LINC00869",0
"SEPTIN14P21",0
"LINC01347",0
"PDE4DIPP6",0
"TUBA5P",0
"MIR6731",0
"RNU4-28P",0
"MICOS10-NBL1",0
"HTR6",0
"RUNX3-AS1",0
"MIR4425",0
"LINC02793",0
"RNU6-487P",0
"LARP7P1",0
"SEC22B4P",0
"RNA5SP536",0
"HYDIN2",0
"RPL7AP15",0
"LINC02794",0
"CYP46A4P",0
"SKINT1L",0
"PPP1R8P1",0
"SOD2P1",0
"HES3",0
"HES2",0
"MIR200B",0
"MIR200A",0
"RGS4",0
"UBE2V1P13",0
"GAPDHP24",0
"CDCP2",0
"CACNA1E",0
"YPEL5P1",0
"RNU6-152P",0
"TXN2P1",0
"ASB17",0
"RNU6-161P",0
"RNU4-77P",0
"CYP4A27P",0
"CYP4A44P",0
"CAPNS1P1",0
"RSPO1",0
"ACTN4P2",0
"RNU6-584P",0
"LINC01343",0
"ERI3-IT1",0
"H3P2",0
"TUBBP10",0
"HIGD1AP11",0
"SLC1A7",0
"EIF2S2P5",0
"RPS3AP10",0
"RNA5SP64",0
"FAM78B-AS1",0
"MIR921",0
"FMO7P",0
"RNU6-307P",0
"ENTR1P2",0
"RPS29P4",0
"LINC01657",0
"SNORA70H",0
"RPL10P4",0
"MIR6740",0
"RFKP5",0
"RN7SKP49",0
"SNRPD2P2",0
"TSNAX-DISC1",0
"LYPD8",0
"FNDC5",0
"MIR29C",0
"MIR29B2",0
"RNA5SP20",0
"ACTG1P21",0
"RNA5SP21",0
"RPL23AP23",0
"NBPF4",0
"SLC25A24P1",0
"NBPF5P",0
"NBPF6",0
"ST13P21",0
"THAP3P1",0
"PIN1P1",0
"RPL31P11",0
"HDAC1P2",0
"MND1P1",0
"PUDPP2",0
"SLC25A3P1",0
"RPS10P7",0
"ACTG1P25",0
"SLC44A3-AS1",0
"PFN1P2",0
"CYMP",0
"BTNL10P",0
"MROH3P",0
"UOX",0
"PTPRVP",0
"MGAT4EP",0
"CRYZL2P",0
"GFOD3P",0
"ZPLD2P",0
"GNRHR2",0
"CALR4P",0
"PRAMEF26",0
"PRAMEF32P",0
"LDLRAD1",0
"MIR4781",0
"COX7BP3",0
"LINC01648",0
"MIR4420",0
"RN7SKP91",0
"RN7SL371P",0
"SELENOWP1",0
"RPL21P22",0
"EEF1A1P46",0
"RNU6-40P",0
"LDC1P",0
"OR14A2",0
"EXTL1",0
"C1orf232",0
"ESPNP",0
"RN7SL269P",0
"MRPS10P1",0
"RN7SKP160",0
"RNA5SP67",0
"DYNLL1P3",0
"PAX7",0
"MIR4422HG",0
"ELOCP18",0
"RPE65",0
"TXNP2",0
"TNR-IT1",0
"RYR2",0
"SNORA59A",0
"RNA5SP46",0
"LINC01633",0
"RNA5SP72",0
"FTH1P25",0
"OPTC",0
"RN7SL290P",0
"RPL17P8",0
"TMCC2-AS1",0
"BLACAT1",0
"RNU2-19P",0
"OR14I1",0
"LYPD9P",0
"AHCYP8",0
"LINC00970",0
"KCNJ9",0
"ELOCP20",0
"RN7SL420P",0
"NLRP3",0
"RNU6-1246P",0
"FLG",0
"FLG2",0
"RNU6-403P",0
"AVPR1B-DT",0
"RPL6P2",0
"LINC01780",0
"RNU1-75P",0
"HAO2",0
"HAO2-IT1",0
"HSD3B2",0
"GAPDHP74",0
"HSD3BP2",0
"GAPDHP23",0
"RNA5SP57",0
"RNVU1-22",0
"LINC01362",0
"RN7SL583P",0
"RPL36AP10",0
"RNU6-725P",0
"LINC00538",0
"PHB1P3",0
"LINC01760",0
"LINC01761",0
"DPYD-IT1",0
"RPL26P9",0
"MIR2682",0
"MIR137",0
"NFU1P2",0
"GOT2P1",0
"MTCO2P34",0
"RNU6-830P",0
"PIGQP1",0
"RPSAP20",0
"MIR557",0
"QRSL1P1",0
"C1orf167-AS1",0
"MIR4695",0
"MIR3116-1",0
"MIR3116-2",0
"PIGPP2",0
"RPS15AP7",0
"RNU6-371P",0
"RN7SL488P",0
"RNU7-123P",0
"RNU5A-5P",0
"DISC1-IT1",0
"GPR88",0
"RPL7AP17",0
"RPL36AP12",0
"FOXD3-AS1",0
"VDAC1P4",0
"MIR3121",0
"LINC02814",0
"TMEM78",0
"SETP9",0
"PPIAP37",0
"ITLN1",0
"MIR3658",0
"APOA2",0
"CELA2A",0
"SCARNA21B",0
"RNU7-179P",0
"CD24P1",0
"RSC1A1",0
"TEX50",0
"LINC02961",0
"RNY4P16",0
"ANO7L1",0
"MRPS21P2",0
"MIR548AC",0
"RNU7-183P",0
"MCRIP2P2",0
"LINC01398",0
"LINC01307",0
"IGSF21-AS1",0
"LINC01778",0
"NTRAS",0
"MMEL1-AS1",0
"LINC01360",0
"ITPKB-IT1",0
"LINC01757",0
"LINC01680",0
"LINC01744",0
"LINC02780",0
"LINC01753",0
"LINC02869",0
"USH2A-AS1",0
"LINC01745",0
"LINC01739",0
"CAMTA1-AS2",0
"LINC01702",0
"KCNH1-IT1",0
"PPM1J-DT",0
"LINC01688",0
"SPATA42",0
"SLC2A1-DT",0
"LINC02783",0
"LINC02798",0
"SRGAP2-AS1",0
"LINC01701",0
"LINC01703",0
"LINC01763",0
"CRYZL2P-SEC16B",0
"LINC02786",0
"LINC02805",0
"LINC02790",0
"LINC01364",0
"LINC01031",0
"LINC02784",0
"LINC02769",0
"SLC35F3-AS1",0
"LINC01698",0
"LINC01349",0
"FHAD1-AS1",0
"LINC02770",0
"LINC01776",0
"PRKCZ-DT",0
"LINC01685",0
"LINC02787",0
"LINC02817",0
"LINC01221",0
"LINC02813",0
"BRINP3-DT",0
"CNIH3-AS2",0
"PLPPR5-AS1",0
"LINC01738",0
"LINC01350",0
"LINC02567",0
"LRP8-DT",0
"LINC02778",0
"NGF-AS1",0
"LINC02792",0
"USH2A-AS2",0
"GNB1-DT",0
"LPGAT1-AS1",0
"CSMD2-AS1",0
"RNF186-AS1",0
"LINC02800",0
"LINC01696",0
"LINC02897",0
"LINC01741",0
"LINC01661",0
"DOCK7-DT",0
"LINC01222",0
"LINC01632",0
"LINC01676",0
"LINC00853",0
"LINC01346",0
"LINC01345",0
"MICOS10-DT",0
"LINC01784",0
"OVAAL",0
"VAV3-AS1",0
"LINC01704",0
"LINC03102",0
"LINC02765",0
"LINC02607",0
"LINC02791",0
"LINC01707",0
"LINC01672",0
"LINC01708",0
"LINC01777",0
"PHC2-AS1",0
"DAB1-AS1",0
"IBA57-DT",0
"DEPDC1-AS1",0
"MIR205HG",0
"LINC01142",0
"NEK2-DT",0
"LINC02789",0
"RGS5-AS1",0
"ELAVL4-AS1",0
"LINC01226",0
"LINC01525",0
"CAMTA1-AS1",0
"ERICH3-AS1",0
"LINC01724",0
"LMX1A-AS1",0
"LSP1P5",0
"LINC01768",0
"LINC01736",0
"SPATA17-AS1",0
"CAMTA1-IT1",0
"LINC02808",0
"LINC02771",0
"VANGL2",0
"MPZ",0
"MIR3659HG",0
"MIR3659",0
"FAM138A",0
"MIR6859-2",0
"HNRNPA1P43",0
"TEDDM1",0
"LINC00272",0
"TEDDM2P",0
"PYDC5",0
"FAM87B",0
"MPTX1",0
"EEF1GP7",0
"OAZ1P1",0
"FTH1P22",0
"KMT2CP3",0
"LINC02819",0
"RPL7AP19",0
"TUBB8P9",0
"CBX1P3",0
"UBBP2",0
"RPL23AP25",0
"GEMIN8P4",0
"MTX1LP",0
"RPS7P5",0
"MSTO2P",0
"PDE4DIPP1",0
"PFN1P4",0
"MKRN8P",0
"HSD3BP4",0
"NBPF7P",0
"NDUFS5P2",0
"HSPA7",0
"PDE4DIPP3",0
"FCGR1CP",0
"RPL22P5",0
"SRGAP2D",0
"HMGN2P19",0
"LCEP4",0
"LCEP3",0
"LINC00302",0
"MMP23A",0
"CHIAP1",0
"RPS27AP6",0
"AIMP1P2",0
"NBPF18P",0
"OR6K4P",0
"OR6K5P",0
"OR6R1P",0
"FAM131C2P",0
"OR4G4P",0
"EIF1AXP1",0
"SPRR2C",0
"KMT2CP1",0
"DRD5P2",0
"SPTLC1P4",0
"PFN1P3",0
"RPL32P6",0
"H3P1",0
"H2BC27P",0
"MED28P8",0
"SEC22B2P",0
"RPL29P7",0
"UQCRBP2",0
"NBPF13P",0
"SEC22B3P",0
"CROCCP5",0
"SLAMF6P1",0
"PRAMEF31P",0
"H3P4",0
"PDE4DIPP5",0
"C4BPAP2",0
"SEPTIN14P17",0
"RPL23AP24",0
"NDUFA5P10",0
"ABHD17AP3",0
"GCSHP5",0
"SLC25A24P2",0
"WASH7P",0
"HSD3BP1",0
"C4BPAP1",0
"MT1XP1",0
"DDX11L17",0
"WASH9P",0
"RPL35AP6",0
"LINC01341",0
"CYCSP5",0
"C1orf202",0
"FMO6P",0
"GPR199P",0
"MIR137HG",0
"LINC01650",0
"LINC01740",0
"TPO",0
"TRAPPC12-AS1",0
"LINC01247",0
"SNTG2",0
"LINC02973",0
"MSGN1",0
"EIPR1-IT1",0
"HS1BP3-IT1",0
"CDK8P1",0
"PIK3CDP1",0
"NTSR2",0
"LINC02850",0
"OSR1",0
"RPS16P2",0
"VSNL1",0
"RPS13P4",0
"LINC01866",0
"CRTC1P1",0
"SLC25A5P2",0
"RPL36AP14",0
"FTH1P6",0
"ZFYVE9P2",0
"FBXL12P1",0
"FSHR",0
"PGAM1P6",0
"RPL21P70",0
"VDAC1P13",0
"RPL37P13",0
"PSMC1P10",0
"SUPT4H1P1",0
"RPS20P9",0
"MTND4P25",0
"RPS15AP15",0
"RPL27P5",0
"RPL21P37",0
"ST6GALNAC2P1",0
"MTND5P27",0
"PPIAP64",0
"LRRTM4-AS1",0
"ELOBP3",0
"TPT1P11",0
"REG3G",0
"REG1A",0
"LINC01809",0
"SMIM7P1",0
"MTND6P7",0
"DRD5P1",0
"RPL37P10",0
"RPL12P18",0
"LYARP1",0
"SUCLA2P2",0
"RPL26P13",0
"LSM3P3",0
"FABP1",0
"ANKRD11P1",0
"ZNF863P",0
"MTCYBP7",0
"MRPL50P1",0
"ANAPC1P3",0
"CRLF3P3",0
"CHMP4AP1",0
"NDUFB4P7",0
"DHFRP3",0
"CCDC12P1",0
"RBX1P1",0
"GALNT14",0
"ABCD1P5",0
"CIB4",0
"CTBP2P5",0
"GGT8P",0
"MTFR2P1",0
"LINC01867",0
"PNPP1",0
"PSAT1P2",0
"CAPZBP1",0
"RPL21P36",0
"GGCTP3",0
"RPL22P11",0
"OTX1",0
"NKAIN1P2",0
"DBF4P3",0
"ILRUNP1",0
"DUXAP1",0
"MTCYBP39",0
"ANAPC1P5",0
"RSL24D1P2",0
"CENPNP1",0
"MTND1P29",0
"ST6GAL2-IT1",0
"PPIAP63",0
"LINC01593",0
"MTND4P26",0
"MTND2P21",0
"RPL22P8",0
"SMC3P1",0
"SH3RF3",0
"KNOP1P3",0
"BBIP1P1",0
"AMANZI",0
"DPP10-AS2",0
"IGKV1OR2-1",0
"SMYD1",0
"NT5C1B-RDH14",0
"NXPH2",0
"EIF2S2P7",0
"MTCO1P43",0
"NCKAP5-IT1",0
"SRSF3P5",0
"CRYGGP",0
"EN1",0
"KRT18P33",0
"GACAT1",0
"PABPC1P6",0
"MTND1P28",0
"YY1P2",0
"STON1-GTF2A1L",0
"AHCYP4",0
"MTND6P9",0
"SDHCP3",0
"ISCA1P6",0
"PPP1R2P5",0
"GAPDHP57",0
"MRPS18BP2",0
"MTCYBP9",0
"DSTNP5",0
"DBF4P2",0
"RPL9P13",0
"RPSAP23",0
"ACTP1",0
"KCNJ3",0
"COPRSP1",0
"SLC6A14P3",0
"MTND2P22",0
"IGKV1OR2-2",0
"RPS21P2",0
"LRRC57P1",0
"C2orf80",0
"JPT1P1",0
"MTCO1P44",0
"RPL27P7",0
"RPS15AP13",0
"RPS16P3",0
"CBY1P1",0
"TBR1",0
"MTND2P19",0
"EDDM3CP",0
"RPSAP27",0
"MTCO1P7",0
"LINC01832",0
"ALDH7A1P2",0
"BMS1P19",0
"RPL27AP4",0
"EXTL2P1",0
"MTCO1P45",0
"MTND1P27",0
"LINC01854",0
"RPL17P15",0
"RPS20P12",0
"KRT18P46",0
"LINC01790",0
"LY75-CD302",0
"TPT1P2",0
"MTND2P20",0
"HSPE1P9",0
"RPL23AP28",0
"MTCO2P7",0
"ELOAP1",0
"SRSF3P6",0
"VPS26CP1",0
"MDH1B",0
"PPIAP65",0
"TXNL4AP1",0
"PSMD14P1",0
"MTATP6P7",0
"RNF14P1",0
"SMC4P1",0
"OR7E28P",0
"GTF2A1L",0
"ZSWIM2",0
"LINC01826",0
"MTCO3P7",0
"LINC03097",0
"NCKAP5-AS1",0
"LINC01920",0
"PPIAP67",0
"VWC2L",0
"XIRP2-AS1",0
"GLULP6",0
"MED15P5",0
"SLC44A3P1",0
"VWC2L-IT1",0
"HNRNPA1P47",0
"IMPDH1P7",0
"MTCO3P43",0
"ENSAP3",0
"DNAJC17P1",0
"SEC61GP1",0
"MTND3P15",0
"LINC01789",0
"RPS15AP14",0
"CRYGA",0
"MTND4LP14",0
"CRLF3P1",0
"CEP19P1",0
"CRYGB",0
"OR7E89P",0
"TERF1P6",0
"RPL7P61",0
"CDK8P2",0
"RPS17P8",0
"GSTM3P2",0
"RPL19P4",0
"ATP5PBP4",0
"LIN28AP1",0
"TEKT4P3",0
"LINC02991",0
"MYL6BP1",0
"ARPC1BP1",0
"MTND4P27",0
"LINC01941",0
"MTND6P8",0
"RPL21P38",0
"MTCYBP8",0
"MTND5P29",0
"SNF8P1",0
"RPL3P5",0
"MTND5P22",0
"RNF11P1",0
"MTATP6P26",0
"H3P9",0
"LINC01935",0
"KDM3AP1",0
"LINC03116",0
"KRT18P19",0
"MIR7515",0
"RN7SKP168",0
"MIR7158",0
"RN7SL140P",0
"RNU6-1288P",0
"RNU6-961P",0
"RN7SKP112",0
"RN7SKP27",0
"RNU6-1215P",0
"MIR4262",0
"MIR3681",0
"MIR4757",0
"RNU6-843P",0
"RNA5SP88",0
"MIR3125",0
"RNA5SP87",0
"RN7SL610P",0
"RNA5SP90",0
"RNU6-1117P",0
"MIR548AD",0
"RNU4-63P",0
"RNU4-49P",0
"RN7SL361P",0
"MIR4432",0
"RNU1-32P",0
"RNU6-634P",0
"RNU6-221P",0
"RN7SL18P",0
"RNU6-282P",0
"RNU6-612P",0
"MIR4431",0
"MIR548BA",0
"RNU6-439P",0
"RNA5SP98",0
"RN7SKP203",0
"RNU6-827P",0
"RN7SL201P",0
"RNU6-685P",0
"RNU6-812P",0
"RN7SKP224",0
"RN7SKP164",0
"RNA5SP99",0
"RNU6-1312P",0
"MIR4780",0
"MIR4771-1",0
"RNA5SP100",0
"RNU6-775P",0
"MIR5696",0
"RNU4-84P",0
"RNU2-63P",0
"RNU2-41P",0
"MIR4265",0
"MIR4266",0
"RNU7-46P",0
"RNU6-259P",0
"RN7SL635P",0
"RNU7-190P",0
"RNU6-675P",0
"RN7SL111P",0
"MIR4435-2",0
"VTRNA2-2P",0
"RN7SKP102",0
"RNA5SP102",0
"RN7SKP141",0
"RNA5SP103",0
"RNA5SP104",0
"RN7SKP286",0
"MIR7157",0
"RNU6-904P",0
"RNU6-579P",0
"RNU6-546P",0
"RNU6-1001P",0
"RNA5SP107",0
"RN7SL423P",0
"RN7SKP93",0
"RNA5SP108",0
"RNU6-627P",0
"RN7SL283P",0
"RNA5SP105",0
"RNU6-182P",0
"RN7SL813P",0
"MIR548AE1",0
"RN7SKP42",0
"RNU6-989P",0
"RNU6-1045P",0
"MIR4774",0
"RNU6-766P",0
"RNA5SP117",0
"MIR4438",0
"MIR1258",0
"RNU2-21P",0
"SNORA70I",0
"RN7SL807P",0
"RNU6-624P",0
"MIR4268",0
"MIR5702",0
"MIR3130-1",0
"MIR3130-2",0
"RN7SL32P",0
"RNU6-1051P",0
"MIR3133",0
"RNU6-169P",0
"KCNF1",0
"RPL6P4",0
"RNU6-1081P",0
"PPIAP60",0
"LINC03037",0
"HEBP2P1",0
"RPLP0P7",0
"RN7SKP179",0
"RNU6-959P",0
"HMGB1P27",0
"NME2P2",0
"RPL36AP15",0
"RN7SL817P",0
"PPFIA1P1",0
"UGT1A11P",0
"UGT1A13P",0
"UGT1A9",0
"RPL17P11",0
"UGT1A2P",0
"UGT1A1",0
"HJURP",0
"RNU6-127P",0
"RPL31P16",0
"RNU6-939P",0
"RNU6-1116P",0
"MRPL50P2",0
"HMGA1P8",0
"INO80B-WBP1",0
"MRPL53",0
"TLX2",0
"G6PC2",0
"UBE2V1P6",0
"RPL23AP33",0
"MIR1245A",0
"MIR1245B",0
"MIR3606",0
"CCDC140",0
"SNORD94",0
"MIR4779",0
"ESPNL",0
"MIR1244-1",0
"MIR1471",0
"MIR562",0
"NRBF2P6",0
"ALPI",0
"ECEL1",0
"BNIP3P46",0
"RNU6-1132P",0
"RNA5-8SP5",0
"MIR663B",0
"CDC27P1",0
"FAM201B",0
"RNU6-175P",0
"YBX1P7",0
"MIR4433B",0
"MIR4433A",0
"RN7SKP43",0
"RPL7L1P9",0
"MIR6809",0
"RNU6-848P",0
"KLF2P3",0
"GPR148",0
"CYCSP8",0
"ARHGAP42P1",0
"SSBP3P2",0
"MTCYBP10",0
"MTND6P10",0
"MTND5P23",0
"MTND4P21",0
"MTND3P18",0
"MTCO3P18",0
"MTATP6P4",0
"MTCO2P18",0
"MTCO1P18",0
"MTND2P18",0
"MTND1P26",0
"MED15P3",0
"MIR4784",0
"DAPL1",0
"UGT1A4",0
"CFC1",0
"C2orf72",0
"RNU1-93P",0
"SNORA75",0
"SNORD20",0
"SNORD82",0
"AQP12B",0
"TANAR",0
"RN7SKP152",0
"RNU6-642P",0
"CDK5R2",0
"CRYBA2",0
"MIR375",0
"RN7SL764P",0
"RESP18",0
"RPL22P10",0
"SRSF3P4",0
"CCDC74B",0
"TUBA3E",0
"RHOQP3",0
"KRT18P52",0
"AK2P2",0
"RNU6-647P",0
"MTCO1P42",0
"MIR8485",0
"RNA5SP111",0
"MAPRE1P3",0
"RNU7-9P",0
"RNU6-964P",0
"FBXO36-IT1",0
"RNU6-1027P",0
"RNY4P19",0
"RNA5SP121",0
"SNRPGP8",0
"CRIPTOP2",0
"DYTN",0
"UBQLN4P2",0
"CSP1",0
"RNU6-111P",0
"RPSAP28",0
"ALMS1-IT1",0
"NAT8",0
"RNU6-986P",0
"RPS17P7",0
"RPL12P15",0
"RPS29P8",0
"GPAA1P1",0
"ZBTB45P1",0
"MIR4267",0
"MIR4436B1",0
"ACTR1AP1",0
"MIR4436B2",0
"MIR4440",0
"MIR4441",0
"MYO3B",0
"RPS20P13",0
"TXNP5",0
"C2orf66",0
"CFAP144P2",0
"IL1RL1",0
"SDR42E1P5",0
"MIR4772",0
"SEPHS1P6",0
"RN7SL717P",0
"MIR1301",0
"TRIM64FP",0
"TRIM43",0
"UBTFL3",0
"RNU6-1029P",0
"HSPE1-MOB4",0
"PTCHD3P2",0
"CYB5AP2",0
"RNU6-1006P",0
"RPEP5",0
"EIF3EP2",0
"GCG",0
"RNA5SP112",0
"STUB1P1",0
"MIR4444-1",0
"MIR6512",0
"H3P7",0
"RPL21P35",0
"RPL23AP26",0
"TEX44",0
"RN7SL499P",0
"OR9S24P",0
"OR5S1P",0
"OTOS",0
"BRD7P6",0
"TGFA-IT1",0
"KLHL41",0
"MIR4261",0
"RN7SL66P",0
"MIR3132",0
"INHA",0
"SLC4A3",0
"DNAJB6P3",0
"RPL23P4",0
"RPS29P10",0
"RNU6-1145P",0
"RNU7-113P",0
"SLC7A15P",0
"RNA5SP86",0
"RPL5P7",0
"LINC01960",0
"RPSAP24",0
"RN7SL65P",0
"LRRC2P1",0
"SP9",0
"RPA3P1",0
"NEU2",0
"NPLP1",0
"RNU6-851P",0
"SOS1-IT1",0
"MIR9500",0
"RPL23AP31",0
"DIRC1",0
"RN7SL604P",0
"SNORA36C",0
"RPL36AP16",0
"RPL22P12",0
"BMP10",0
"GKN1",0
"MIR3126",0
"RNA5SP96",0
"REG3A",0
"CTNNA2-AS1",0
"GNA13P1",0
"RNU6-561P",0
"MIR4264",0
"MIR8080",0
"RBM7P1",0
"LRRTM1",0
"RNA5SP109",0
"RPL31P15",0
"RNU6-1122P",0
"TNFAIP6",0
"MIR4773-2",0
"MIR4773-1",0
"RN7SL124P",0
"RRAS2P2",0
"TOR1BP1",0
"RNA5SP110",0
"SCYL2P1",0
"MTCO2P16",0
"MTATP6P16",0
"MTCO3P16",0
"MTND3P16",0
"MTND4LP16",0
"MTND4P29",0
"MTND5P31",0
"ENO1P4",0
"MPP4",0
"RNU6-651P",0
"RPS2P16",0
"CDK15",0
"UBE2V1P11",0
"RNU6-440P",0
"RN7SL856P",0
"SUCLA2P3",0
"RPS26P19",0
"LINC01594",0
"SETD6P1",0
"WASF1P1",0
"SULT1C2P2",0
"GMCL1P2",0
"RNU6-1049P",0
"RBM44",0
"RNA5SP97",0
"RNU2-9P",0
"FAM8A3P",0
"LYPD6",0
"RPL17P13",0
"RNU6-601P",0
"LINC01818",0
"LRRTM4",0
"FAM237A",0
"RNA5SP115",0
"RNU6-312P",0
"RNU6-762P",0
"RNU6-1206P",0
"MTND4P23",0
"RN7SKP66",0
"ABCG5",0
"RNU6-1048P",0
"RN7SL455P",0
"RNU6-566P",0
"KRT8P15",0
"KRT8P52",0
"RPL7P14",0
"RPL12P16",0
"SAP18P2",0
"RNU6ATAC19P",0
"MRPL45P1",0
"RNU6-1168P",0
"RNU6-1007P",0
"RPL38P6",0
"SPMIP9",0
"MIR4436A",0
"IGKJ2",0
"MIR1285-2",0
"RNU6-436P",0
"HOXD13",0
"HOXD12",0
"HOXD11",0
"HOXD9",0
"HOXD8",0
"MIR7704",0
"RPSAP25",0
"CYCSP7",0
"RALBP1P2",0
"ASDURF",0
"RNU6-512P",0
"LCT",0
"TM4SF20",0
"MIR5703",0
"NDUFB4P4",0
"RPS2P15",0
"PPIL1P1",0
"RTP5",0
"CICP10",0
"RPL23AP88",0
"MIR6811",0
"DES",0
"VN1R18P",0
"RNU4-48P",0
"PTH2R",0
"UGT1A3",0
"UGT1A5",0
"UGT1A7",0
"IGKV2D-38",0
"IGKV1D-35",0
"IGKV3D-34",0
"IGKV1D-32",0
"IGKV3D-31",0
"IGKV2D-23",0
"IGKV6D-21",0
"IGKV2D-14",0
"CNTNAP5",0
"ASPRV1",0
"SULT1C3",0
"IL37",0
"MIR4783",0
"GPR17",0
"HMGB1P25",0
"MIR558",0
"MIR4765",0
"SCARNA5",0
"SCARNA6",0
"RPL39P14",0
"SNORD70B",0
"PIMREGP1",0
"RN7SL40P",0
"MTCO1P17",0
"MTCO2P17",0
"MTATP6P17",0
"MTCO3P17",0
"MTND3P17",0
"MTND4LP17",0
"MTND4P30",0
"MTCO1P54",0
"RNU7-81P",0
"TTC39DP",0
"RN7SL210P",0
"AQP12A",0
"XIRP2",0
"EFHD1",0
"MYT1L-AS1",0
"MYT1L",0
"RNU7-104P",0
"EVX2",0
"UGT1A10",0
"RNU6-1140P",0
"AGBL5-AS1",0
"PRR30",0
"IGKV2OR2-10",0
"IGKV2OR2-7D",0
"IGKV3OR2-5",0
"IGKV1OR2-6",0
"IGKV2OR2-7",0
"IGKV2OR2-8",0
"UBTFL6",0
"MIR5590",0
"PCARE",0
"NDUFB4P6",0
"GCSHP3",0
"SNORA41",0
"RN7SKP200",0
"ATP5POP1",0
"HMGN1P6",0
"RN7SKP260",0
"ACER2P1",0
"AOX1",0
"RNU1-133P",0
"MIR6513",0
"MIR6810",0
"MIR26B",0
"RNU7-148P",0
"CTAGE14P",0
"RN7SL359P",0
"RNU6-997P",0
"IL18RAP",0
"CROCC2",0
"LIMS3",0
"API5P2",0
"SDHDP5",0
"RNU6-629P",0
"CYCTP",0
"RNU5E-9P",0
"VAX2",0
"ATP6V1B1-AS1",0
"ELOCP21",0
"RN7SL160P",0
"CHORDC1P1",0
"RN7SL575P",0
"SLC2AXP1",0
"FABP7P2",0
"RNU7-138P",0
"RNU7-176P",0
"RPL10P5",0
"RNA5SP113",0
"RN7SL267P",0
"RNU6-107P",0
"SNORC",0
"LINC01805",0
"PDE1A",0
"NRAL",0
"MIR1246",0
"RNU6ATAC14P",0
"PSMB3P2",0
"RPL31P14",0
"RNA5SP120",0
"FABP5P14",0
"TNP1",0
"UBTFL5",0
"TRIM43B",0
"KRT18P39",0
"NPM1P33",0
"RNU6-474P",0
"CNN2P11",0
"GXYLT1P7",0
"CNN2P8",0
"SGCEP1",0
"METAP2P1",0
"RNU7-2P",0
"RPL17P12",0
"OTX2P2",0
"PABPC1P2",0
"LINC01911",0
"RNU6-692P",0
"RNU6-715P",0
"RNA5SP106",0
"LIMS4",0
"PRPS1P1",0
"CYP2C56P",0
"RNU6-542P",0
"HMGN2P23",0
"POLR2DP1",0
"IL36A",0
"RNU6-1180P",0
"PHF5AP5",0
"CXCR2",0
"HMGB1P4",0
"RNA5SP84",0
"MIR4429",0
"RNU2-13P",0
"PROKR1",0
"MANEALP1",0
"RPS28P5",0
"RPL23P5",0
"MSTN",0
"IL1A",0
"UBE2V1P14",0
"RRN3P4",0
"SFXN4P1",0
"MTND6P11",0
"MTND5P24",0
"MTND4P22",0
"MTND4LP12",0
"MTND3P9",0
"MTCO3P5",0
"MTATP6P5",0
"MTCO2P5",0
"RPSAP26",0
"MIR5192",0
"SLC30A6P1",0
"RNU1-38P",0
"MIR6071",0
"MYG1P1",0
"FAM133EP",0
"PLB1",0
"SNRPGP7",0
"RNA5SP89",0
"SNORD92",0
"SNORD53B",0
"ARHGEF33",0
"RN7SKP119",0
"MIR559",0
"FUCA1P1",0
"RPL29P8",0
"RNU6-187P",0
"RNU7-96P",0
"RNU6-370P",0
"FAM228A",0
"RNU6-640P",0
"MIR149",0
"RN7SL632P",0
"RPL21P33",0
"RNA5SP95",0
"RNU4-73P",0
"TMSB10P1",0
"RNU7-127P",0
"GBX2",0
"RNU1-31P",0
"SCG2",0
"MLXP1",0
"NDUFB4P5",0
"NT5C1B",0
"SCYGR5",0
"SCYGR7",0
"SCYGR8",0
"CCDC195",0
"SCYGR1",0
"SCYGR3",0
"SCYGR6",0
"RNF228",0
"RNA5SP114",0
"MIR561",0
"RNU7-147P",0
"H2ACP2",0
"CYP4F32P",0
"RNU6-1320P",0
"SOWAHCP5",0
"TEKT4",0
"MTCO1P48",0
"MTCO3P45",0
"RPS24P6",0
"LINC01914",0
"RNU5E-7P",0
"RPLP1P5",0
"RN7SL104P",0
"RPL21P32",0
"RPL23AP35",0
"DPRXP1",0
"NAT8B",0
"MIR2355",0
"KLF7-IT1",0
"MIR1302-4",0
"FIGLA",0
"CLEC4F",0
"MOB4P1",0
"SCYGR4",0
"CPS1",0
"CPS1-IT1",0
"HSPA8P6",0
"CRYGFP",0
"RNA5SP118",0
"SNAI1P1",0
"RNU6-242P",0
"RPL21P30",0
"RNU7-172P",0
"TSPYL6",0
"RPS6P3",0
"PRCPP1",0
"RNU7-182P",0
"NIFKP9",0
"CYP27C1",0
"WBP11P2",0
"RNU6-1147P",0
"KMT2CP5",0
"SLC9B1P2",0
"HTR5BP",0
"CDRT15P4",0
"FAR2P2",0
"CYP4F62P",0
"NBEAP2",0
"CDRT15P3",0
"FAR2P4",0
"CYP4F30P",0
"FAR2P3",0
"MED15P9",0
"REG1CP",0
"SULT1C5P",0
"BIRC6-AS2",0
"ZNF285CP",0
"AOX2P",0
"OR7E91P",0
"ANKRD20A8P",0
"PLGLA",0
"BMS1P23",0
"LINC01881",0
"LSP1P4",0
"CT75",0
"FAHD2CP",0
"CXCR2P1",0
"RPL7L1P10",0
"RPL17P14",0
"WDR4P2",0
"RPL30P2",0
"RPS27P10",0
"RNA5SP119",0
"MTND2P23",0
"MTCO1P46",0
"PCED1CP",0
"VDAC2P4",0
"CHN1",0
"RNU6-763P",0
"RNU6-1290P",0
"RPL21P31",0
"PLAC9P1",0
"RPL22P7",0
"RAB6C-AS1",0
"SSBP3P6",0
"ARHGAP42P2",0
"OR6B2",0
"CNGA3",0
"YWHAQP5",0
"TEX51",0
"ALLC",0
"GAPDHP48",0
"PRSS40A",0
"MTA3P1",0
"RNU6-932P",0
"PTP4A1P1",0
"CCDC148-AS1",0
"HNRNPDLP2",0
"RNU6-234P",0
"DCDC2C",0
"RNU6-649P",0
"SOX11",0
"G3BP1P1",0
"RN7SKP178",0
"PPIAP68",0
"RPL27P8",0
"SIX3",0
"RN7SKP103",0
"CDKN2AIPNLP2",0
"DPYSL5",0
"RNU6-951P",0
"RACK1P2",0
"VIT",0
"RNU6-577P",0
"ATP5F1BP1",0
"RPL34P8",0
"CENPNP2",0
"MIR4771-2",0
"RNU6-360P",0
"RPL9P14",0
"RNA5SP116",0
"CRYGEP",0
"CRYGD",0
"CRYGC",0
"SMIM39",0
"DBIL5P2",0
"FUNDC2P2",0
"HNRNPA1P57",0
"RPL38P2",0
"PAFAH1B1P2",0
"ATP5F1AP2",0
"DNAJB3",0
"RPS4XP5",0
"GPAA1P2",0
"MYADML",0
"VINAC1P",0
"PRORSD1P",0
"AHSA2P",0
"OR6B3",0
"RNU2-39P",0
"EMX1",0
"NOTO",0
"MIR3129",0
"E2F3P2",0
"RN7SL820P",0
"CBX3P6",0
"PAFAH1B1P1",0
"MIR4435-1",0
"ANAPC1P4",0
"MIR4785",0
"DLX1",0
"MIR4776-2",0
"MIR4776-1",0
"MIR5001",0
"POTEF-AS1",0
"RPL30P3",0
"LINC01946",0
"RPL6P6",0
"IL36B",0
"DLX2-DT",0
"ELF2P4",0
"MARCHF4",0
"LINC03100",0
"ACTG1P22",0
"RN7SKP281",0
"RPL23AP29",0
"TUBAP13",0
"DNAJA1P2",0
"PHB1P4",0
"PGBD4P5",0
"SEPHS1P7",0
"MALLP1",0
"RN7SL251P",0
"TMEM247",0
"DNER",0
"AHCYP3",0
"LINC01831",0
"RPL23AP27",0
"HMGB3P11",0
"ASB18",0
"NUTF2P8",0
"RN7SL117P",0
"RN7SL516P",0
"RNU6-958P",0
"RN7SKP208",0
"MIR217",0
"MIR216A",0
"MIR216B",0
"CCDC85A",0
"RNA5SP93",0
"RNU6-508P",0
"RNA5SP94",0
"RNU6-473P",0
"CFC1B",0
"PRSS40B",0
"SPATA31H1",0
"RNU6-105P",0
"SMPD4BP",0
"CCDC74A",0
"RNU6-617P",0
"LINC01087",0
"GRAMD4P8",0
"NMS",0
"NANOGNBP1",0
"SRMP3",0
"RPL21P34",0
"MARCO",0
"C1QL2",0
"RN7SL468P",0
"MIR6888",0
"CAPZA1P2",0
"RPS29P9",0
"RNU6-664P",0
"PPP1R14BP2",0
"MIR4775",0
"ASIC4-AS1",0
"GAL3ST2",0
"LINC01796",0
"LINC02946",0
"LINC01813",0
"GALNT13-AS1",0
"DNPEP-AS1",0
"LINC01815",0
"LINC01381",0
"MIR4432HG",0
"LINC00487",0
"SATB2-AS1",0
"LINC01159",0
"ANKRD44-DT",0
"LINC01143",0
"LINC01850",0
"LINC01824",0
"LINC00276",0
"HECW2-AS1",0
"MIR217HG",0
"LINC01794",0
"LINC01857",0
"LINC01953",0
"LINC01923",0
"LINC01939",0
"SNTG2-AS1",0
"LINC01851",0
"LINC01833",0
"SIX3-AS1",0
"GBX2-AS1",0
"DPP10-AS3",0
"LINC01886",0
"LINC01614",0
"LCT-AS1",0
"GCSIR",0
"LINC01804",0
"CMKLR2-AS",0
"MSH2-OT1",0
"RAPGEF4-AS1",0
"UBE2E3-DT",0
"LINC01936",0
"LINC01865",0
"GRASLND",0
"KCNH7-AS1",0
"SCHLAP1",0
"LINC01115",0
"LINC01795",0
"LINC01792",0
"LINC01963",0
"LINC01931",0
"LINC01878",0
"LINC02862",0
"LINC02612",0
"LINC01940",0
"LINC01823",0
"LINC01803",0
"LINC01817",0
"COPS8-DT",0
"LINC01956",0
"LINC01875",0
"LINC01827",0
"LINC01121",0
"AGAP1-IT1",0
"LINC02993",0
"PDE11A-AS1",0
"LINC01810",0
"HOXD-AS2",0
"LINC01808",0
"LINC01305",0
"LINC01249",0
"ZEB2-AS1",0
"PCGEM1",0
"LINC01874",0
"LINC01870",0
"LINC01958",0
"LINC01830",0
"LINC01884",0
"LINC02831",0
"UICLM",0
"LINC02923",0
"LINC01868",0
"LINC01104",0
"LINC01120",0
"LINC01955",0
"LINC01918",0
"MIR4430",0
"RNA5SP91",0
"RNA5SP92",0
"KIF5C-AS1",0
"SNORA10B",0
"H3P5",0
"RNU6ATAC37P",0
"MIR4778",0
"MEIS1-AS3",0
"LINC01798",0
"LINC01797",0
"DNMT3AP1",0
"LINC01628",0
"LINC01828",0
"FOXD4L1",0
"LINC01961",0
"MIR1302-3",0
"WASH2P",0
"RPL23AP7",0
"RNU6-744P",0
"MIR4782",0
"LINC01101",0
"USP21P2",0
"IFITM3P9",0
"CYCSP6",0
"IGSF3P2",0
"ANAPC1P6",0
"CHEK2P3",0
"HIGD1AP4",0
"RAD52P1",0
"KLF2P2",0
"LLPHP3",0
"USP21P1",0
"RPL10P6",0
"GAPDHP59",0
"OR7E90P",0
"UGT1A12P",0
"NEK2P4",0
"NF1P8",0
"MED15P8",0
"KLF2P4",0
"ECEL1P1",0
"DIS3L2P1",0
"GNAQP1",0
"HIGD2AP1",0
"KRT8P30",0
"HNRNPA1P66",0
"OR7E102P",0
"TRIM51JP",0
"TIMM8AP1",0
"RPL31P17",0
"SMIM12P1",0
"KLF2P1",0
"CYP4F27P",0
"FAR2P1",0
"PDSS1P2",0
"MRPL36P1",0
"PTGES3P2",0
"UQCRHP2",0
"SEPTIN14P2",0
"KMT2CP4",0
"RPSAP22",0
"OR7E46P",0
"OR7E62P",0
"SNX18P14",0
"RPL6P5",0
"RPL31P30",0
"EEF1E1P1",0
"ANAPC1P2",0
"RPS20P10",0
"KRTCAP2P1",0
"MED15P4",0
"PGM5P4",0
"DDX11L2",0
"ACRP1",0
"RNA5SP101",0
"TRIM43CP",0
"IGKV2OR2-1",0
"IGKV2OR2-2",0
"RN7SL313P",0
"SPP2",0
"LINC01127",0
"LINC01954",0
"LINC01822",0
"LINC01248",0
"AOX3P-AOX2P",0
"RPL23AP39",0
"CHL1-AS1",0
"CHL1",0
"CIAO2AP1",0
"RPL31P20",0
"MESTP4",0
"RPSAP32",0
"FECHP1",0
"MTND4LP9",0
"ARPP21-AS1",0
"RPS8P6",0
"PNPT1P1",0
"SDAD1P3",0
"RPL34P11",0
"SRGAP3-AS3",0
"LINC02011",0
"RPL39P18",0
"KRT8P18",0
"RPL36AP17",0
"HINT2P1",0
"FANCD2P2",0
"CYCSP12",0
"CDC42P7",0
"RFC3P1",0
"HSPA8P18",0
"NUP210P2",0
"COX6CP10",0
"HMGB3P12",0
"CRB3P1",0
"NBPF21P",0
"MTARC2P1",0
"MARK2P14",0
"RPS12P5",0
"RPL23AP38",0
"RHBDF1P1",0
"VENTXP4",0
"H3P11",0
"KCNH8",0
"GNAT1",0
"ZNF652P1",0
"ILF2P1",0
"RPL7AP23",0
"SPATA12",0
"VPS51P4",0
"RPS12P6",0
"CSNKA2IP",0
"PROS2P",0
"TCEAL8P1",0
"MTCO2P6",0
"HNRNPA3P8",0
"HMGB1P38",0
"RPEP2",0
"CADPS",0
"OR7E121P",0
"TMEM183AP5",0
"FAM3D-AS1",0
"PSMC1P6",0
"WDR82P1",0
"UNC93B3",0
"OSBPL9P1",0
"SRRM1P2",0
"NDUFA5P5",0
"RARRES2P1",0
"HYDINP1",0
"AGGF1P3",0
"MRPS17P3",0
"HSPE1P19",0
"TUBBP11",0
"LINC02070",0
"MTCO1P6",0
"ACTR3P3",0
"DUSP12P1",0
"NDUFA4P2",0
"FEZF2",0
"GUCA1C",0
"CCDC137P1",0
"BRD7P7",0
"RAP1BP2",0
"RPL14P2",0
"SSX2IPP1",0
"ZNF90P1",0
"ST13P14",0
"RPS10P10",0
"UBE2Q2P9",0
"GAPDHP50",0
"DPPA2",0
"RABGGTBP1",0
"LCORLP1",0
"HMGB1P36",0
"PLA1A",0
"NFYBP1",0
"TEX55",0
"UBL5P3",0
"RPS26P21",0
"C3orf85",0
"OR7E66P",0
"IGSF11",0
"MORC1",0
"ZFAND2AP1",0
"RPL10P7",0
"CCDC137P2",0
"UPK1B",0
"RFKP2",0
"NPM1P17",0
"RPL27P9",0
"RPLP0P8",0
"FAM3D",0
"TMEM108-AS1",0
"DIMT1P1",0
"GM2AP1",0
"HMGN2P25",0
"SOX14",0
"SDHBP1",0
"FKBP1AP4",0
"ZIC1",0
"PBX2P1",0
"HMGN1P10",0
"RPL21P71",0
"AFF4P1",0
"SLC9A9-AS1",0
"MRE11P1",0
"SYNPR",0
"LINC02010",0
"SSBL6P",0
"BCHE",0
"MTCO3P38",0
"CYCSP56",0
"SLC9A9-AS2",0
"NPM1P28",0
"RPS6P4",0
"UBTD2P1",0
"KLF7P1",0
"WDR70P1",0
"TOMM22P6",0
"MTND3P7",0
"LARP7P4",0
"EEF1B2P8",0
"SI",0
"SPATA16",0
"MCUR1P2",0
"MTND4P17",0
"SDHDP3",0
"TMEM38BP1",0
"HMGN2P26",0
"SLC2A2",0
"SLITRK3",0
"TPT1P3",0
"MTND4LP10",0
"RPS17P10",0
"HNRNPA1P20",0
"DDX5P1",0
"RTP1",0
"RPL7AP25",0
"LINC01014",0
"ACTG1P23",0
"RPL28P1",0
"MTCH2P1",0
"PCBP2P4",0
"RPL32P8",0
"NGRNP1",0
"SNRNP40P1",0
"NDUFB4P1",0
"GPR149",0
"RPL21P42",0
"EI24P1",0
"PPIAP75",0
"ADIPOQ-AS1",0
"CLSTN2",0
"NMNAT1P3",0
"EEF1A1P45",0
"IL17RD",0
"ALG1L15P",0
"TRIM42",0
"EI24P6",0
"LINC01209",0
"RPL19P2",0
"KCNAB1-AS2",0
"KLF3P2",0
"PLAAT1",0
"PYDC2",0
"CRADDP1",0
"ATP13A5-AS1",0
"ENAHP1",0
"DTWD1P2",0
"RPL6P7",0
"GMNC",0
"SMCO1",0
"RPL7AP24",0
"NAA50P2",0
"GAPDHP47",0
"RBM43P1",0
"RNU6-1194P",0
"RN7SKP144",0
"RNU4ATAC17P",0
"RNU6-905P",0
"RN7SL147P",0
"RN7SL120P",0
"MIR4791",0
"MIR3135A",0
"RNU4-85P",0
"RNU6-822P",0
"MIR3714",0
"MIR466",0
"RNU6-815P",0
"RNU6-243P",0
"RNA5SP127",0
"RN7SKP227",0
"MIR128-2",0
"RNU6-235P",0
"MIR4272",0
"RN7SL863P",0
"RNU6-139P",0
"RNA5SP134",0
"RN7SL647P",0
"RNU7-119P",0
"MIR1324",0
"RN7SKP284",0
"RNU6-739P",0
"RN7SL271P",0
"RNU6-281P",0
"RN7SL751P",0
"RNU6-873P",0
"MIR3923",0
"RN7SKP61",0
"RNU6-1129P",0
"MIR548AB",0
"MIR3921",0
"RNU6-1236P",0
"RNU6-712P",0
"MIR4445",0
"RNU6-461P",0
"RNU1-43P",0
"RNU6-823P",0
"MIR7110",0
"RNA5SP142",0
"RN7SL715P",0
"RNA5SP144",0
"RNU6-425P",0
"RN7SKP46",0
"RN7SKP177",0
"RNU7-82P",0
"MIR569",0
"RNU6-637P",0
"MIR1263",0
"MIR7977",0
"SNORA63D",0
"RN7SKP40",0
"RNU6-486P",0
"RNU6-505P",0
"RNU1-70P",0
"MIR944",0
"RNA5SP147",0
"RNU4-4P",0
"MIR4789",0
"RNU6-1233P",0
"RNU4-91P",0
"SNORA63E",0
"RNU6-1317P",0
"RNA5SP148",0
"RNU6-1109P",0
"ADGRG7",0
"GMFBP1",0
"ABRAXAS1P1",0
"RNU6-865P",0
"CPA3",0
"UBQLN4P1",0
"MED28P2",0
"POU5F1P6",0
"ABCF2P1",0
"RPL32P7",0
"RNU6-1256P",0
"HMGN1P9",0
"HMGB3P13",0
"DPPA4P2",0
"RNU6-1174P",0
"RNA5SP141",0
"CYCSP11",0
"MIR378B",0
"SNTN",0
"ATOSBP1",0
"MIR568",0
"YBX1P3",0
"EIF4E2P2",0
"STRIT1",0
"ZNF80",0
"MARK2P6",0
"LINC01327",0
"ZBBX",0
"MIR5002",0
"RPL7P15",0
"MIR4442",0
"MIR1224",0
"EEF1AKMT4-ECE2",0
"SNORD66",0
"TEDDM3P",0
"LINC01839",0
"PPP2R2DP1",0
"RNU6-1227P",0
"CRIPTO",0
"TMIE",0
"PRSS50",0
"PTH1R",0
"BLVRBP1",0
"MRPL57P3",0
"DDTP1",0
"RPL18AP7",0
"RPL29P34",0
"CPN2",0
"RNU6-1101P",0
"RPL23AP93",0
"RNF10P1",0
"UBTFL8",0
"CD24P5",0
"MIR4790",0
"RN7SL553P",0
"RNU1-62P",0
"MTCO3P47",0
"MIR3938",0
"RN7SKP45",0
"RNA5SP133",0
"H1-8P1",0
"EIF2S2P2",0
"MIR5588",0
"RN7SKP212",0
"CSRP2P2",0
"RNU6-726P",0
"GCNT1P3",0
"ZIC4",0
"RNA5SP130",0
"AMIGO3",0
"RPL38P1",0
"HMGB1P30",0
"SNORD13P3",0
"RNU6-1105P",0
"SNORD2",0
"SNORA63B",0
"MIR1248",0
"SNORA81",0
"SNORA63",0
"SNORA4",0
"MCF2L2P1",0
"ATP5MC1P3",0
"FOXL2",0
"FOXL2NB",0
"PRR23A",0
"PRR23B",0
"PRR23C",0
"RPL7L1P7",0
"BPESC1",0
"PISRT1",0
"PTOV1P1",0
"PPDPFP1",0
"MIR198",0
"RPL30P4",0
"TIMP4",0
"MTCO1P5",0
"GSTM5P1",0
"RNA5SP123",0
"MEMO1P3",0
"PLSCR4P1",0
"RNU6-428P",0
"PLSCR5-AS1",0
"MIR15B",0
"RNU7-136P",0
"SCARNA7",0
"RPL6P8",0
"MIR4795",0
"KRT8P25",0
"RN7SL762P",0
"RN7SL397P",0
"CRIP1P1",0
"ABHD14A-ACY1",0
"ALDOAP1",0
"MIRLET7G",0
"MIR135A1",0
"RPL29P9",0
"UROC1",0
"C3orf22",0
"RNA5SP138",0
"SF3A2P1",0
"RCC2P4",0
"RNU6-646P",0
"RNU6-42P",0
"LINC02025",0
"CADM2",0
"MIR5688",0
"CADM2-AS2",0
"CADM2-AS1",0
"THAP12P2",0
"MIR6890",0
"C3orf84",0
"CLRN1",0
"NPHP3-ACAD11",0
"RNU6-787P",0
"RN7SL482P",0
"KIF3AP1",0
"MIR6829",0
"TMEM40",0
"SNORA7A",0
"IFT122P1",0
"ACSL3P1",0
"GCSHP6",0
"RNA5SP136",0
"GPR156",0
"RNU6ATAC6P",0
"RNU6-678P",0
"RNA5SP140",0
"PEX5L-AS1",0
"UQCRHP4",0
"MDFIC2",0
"CPB1",0
"AGTR1",0
"RNA5SP149",0
"RALBP1P1",0
"HTD2",0
"LINC02051",0
"AHSG",0
"FETUB",0
"HRG",0
"HRGP1",0
"DNAJC19P4",0
"JMJD4P1",0
"GP9",0
"ISY1-RAB43",0
"SDHDP4",0
"NRBF2P2",0
"RNU6-488P",0
"RNU6-511P",0
"RPL35AP8",0
"RN7SL567P",0
"KLHL40",0
"HHATL",0
"CCDC13-AS1",0
"HNRNPA1P22",0
"IQCF2",0
"RN7SL504P",0
"IQCF5-AS1",0
"IQCF5",0
"MIR885",0
"SOCS5P3",0
"SCN10A",0
"RNU6-454P",0
"MIR4270",0
"RN7SL110P",0
"MIR6872",0
"PERPP1",0
"RN7SKP222",0
"FGF12-AS1",0
"FGF12-AS2",0
"TREX1",0
"MIR6823",0
"UCN2",0
"MIR711",0
"MIR6824",0
"MIR4793",0
"HTR1F",0
"TLR9",0
"TMEM207",0
"PLSCR5",0
"MRPS10P2",0
"SPMIP3P1",0
"HIGD2AP2",0
"RPL15P6",0
"LILRA2P1",0
"RPS12P7",0
"MTAPP1",0
"RFKP6",0
"MIR1226",0
"RPS27P30",0
"RN7SL664P",0
"RPL17P16",0
"SNRPFP4",0
"RNU7-128P",0
"MIR4443",0
"CAMP",0
"MRPS18AP1",0
"FCF1P2",0
"MIR2115",0
"RN7SL321P",0
"RPL6P9",0
"RNA5SP143",0
"RN7SKP25",0
"RNU7-47P",0
"RAD23BP1",0
"RNU6-138P",0
"OR5H8",0
"POU5F1P7",0
"OR5H1",0
"OR5H14",0
"OR5H4P",0
"OR5H6",0
"FLT1P1",0
"UQCRC2P1",0
"FAM240A",0
"RTP3",0
"RPS25P4",0
"MIR6083",0
"RNU6-143P",0
"MIR544B",0
"RPS26P22",0
"ITGB5-AS1",0
"ENO1P3",0
"MUC13",0
"PDHA1P1",0
"APOOP2",0
"MIR548I1",0
"SNRPCP11",0
"ENPP7P4",0
"FBRSL1P1",0
"ROPN1B",0
"ARPC1AP1",0
"DUSP5P2",0
"RETNLB",0
"SLC22A14",0
"FRG2C",0
"GRK7",0
"MIR6826",0
"MARK2P19",0
"H1-8",0
"RN7SL752P",0
"CARMIL2P1",0
"RNA5SP145",0
"SETP11",0
"GPR87",0
"P2RY13",0
"MRPL42P6",0
"MIR5186",0
"TOPAZ1",0
"MIR548AQ",0
"RPL35AP9",0
"GPR79",0
"MIR3919",0
"RPS2P19",0
"C9orf78P1",0
"RNU2-31P",0
"MIR26A1",0
"SNORA58",0
"MIR5704",0
"HNRNPA1P17",0
"VWA5B2",0
"RNA5SP139",0
"RUVBL1-AS1",0
"FAM76AP1",0
"SPINK8",0
"C3orf49",0
"OR5H15",0
"KCNMB2",0
"CPNE9",0
"TAFA1",0
"CHST13",0
"PRDX5P1",0
"LINC02047",0
"HSP90AB5P",0
"AKR1B1P2",0
"CNTN3",0
"NIPA2P2",0
"RN7SL294P",0
"MIR4444-2",0
"MYLKP1",0
"ATP5MC2P5",0
"SNORA6",0
"SNORA62",0
"NFU1P1",0
"HTR3C2P",0
"HTR3E",0
"MIR4448",0
"HTR3D",0
"KRT18P43",0
"FAM20BP1",0
"RNA5SP132",0
"IQCF6",0
"RPSAP69",0
"COL6A6",0
"RN7SL517P",0
"RPL18AP9",0
"CHCHD4P4",0
"CSTBP1",0
"RN7SL216P",0
"RNA5SP125",0
"CFL1P7",0
"RNA5SP126",0
"H3P10",0
"CDHR4",0
"MIR5193",0
"RN7SL217P",0
"ACTL11P",0
"CASR",0
"HNRNPA1P23",0
"CSTA",0
"RNU6-1263P",0
"MICOS10P3",0
"RNU6-342P",0
"RNU1-96P",0
"ROPN1",0
"CFAP20DC",0
"DCLK3",0
"DNAJB8",0
"EEF1GP4",0
"SPTSSB",0
"OTOL1",0
"RPS3AP53",0
"TMEM229BP1",0
"NLGN1-AS1",0
"RN7SKP234",0
"ANAPC15P2",0
"GABRR3",0
"OR5BM1P",0
"RPL39P17",0
"PRR3P1",0
"SERPINI2",0
"RNU6-621P",0
"RNU6-821P",0
"TUBB8P8",0
"RNU6-860P",0
"SEPTIN14P3",0
"MIR4797",0
"RBISP6",0
"RPL31P19",0
"PP1P",0
"RNU6-670P",0
"VDAC1P7",0
"RNU6-217P",0
"SLC6A1-AS1",0
"SERBP1P3",0
"CENPPP1",0
"MIR6822",0
"XIRP1",0
"ADAD1P1",0
"GALNT15",0
"RPL23AP41",0
"RPL31P21",0
"RNU4-56P",0
"RN7SL411P",0
"PGAM1P3",0
"RPL5P10",0
"EEF1GP3",0
"HMGN2P24",0
"MRPS31P1",0
"RN7SKP58",0
"GEMIN2P2",0
"RPL7AP83",0
"TPMTP2",0
"SALL4P6",0
"EIF4BP4",0
"MIR8060",0
"RBBP4P7",0
"RNU6-1094P",0
"RPL18AP8",0
"RCC2P5",0
"CDV3P1",0
"EPHA6",0
"TPTE2P7",0
"OR5AC1",0
"OR5AC2",0
"OR5K4",0
"OR5K3",0
"UBFD1P1",0
"SLC6A1",0
"RPL21P40",0
"SMIM11P2",0
"CD200R1P1",0
"DRD3",0
"RNY3P13",0
"RPS17P9",0
"VPS51P10",0
"EVA1CP6",0
"SNRPCP8",0
"PSMG3P1",0
"RN7SL229P",0
"ACTBP16",0
"FLYWCH1P1",0
"RPL32P10",0
"FAUP2",0
"A4GNT",0
"SSUH2",0
"CAV3",0
"OXTR",0
"RN7SL145P",0
"SPSB4",0
"LRRC3B",0
"RNA5SP129",0
"RNU6-230P",0
"MIR5092",0
"DUTP1",0
"DNAJB6P7",0
"RNU6-232P",0
"XXYLT1-AS1",0
"MIR3137",0
"RN7SL36P",0
"RNU6-25P",0
"RN7SL73P",0
"RPL31P64",0
"CABYRP1",0
"LINC02017",0
"NDUFS6P1",0
"RPL31P23",0
"RPS27P11",0
"KIAA1143P2",0
"RN7SKP265",0
"RNA5SP137",0
"SNORD19B",0
"SNORD19C",0
"AK3P7",0
"AKTIPP1",0
"ITIH1",0
"ITIH4",0
"MUSTN1",0
"STIMATE-MUSTN1",0
"MIR8064",0
"ITIH3",0
"OR7E55P",0
"SNRPCP10",0
"RPS3AP15",0
"KRBOX1",0
"RN7SKP52",0
"SDHAP2",0
"SMBD1P",0
"DTWD1P1",0
"RN7SKP124",0
"RN7SL724P",0
"TRMT112P5",0
"RPS27P12",0
"G2E3P1",0
"NIP7P2",0
"IQCF3",0
"FGD5P1",0
"SDHAP1",0
"OR5AC4P",0
"NMRAL2P",0
"COL6A4P1",0
"FRG2FP",0
"FAM157A",0
"RPL32P3",0
"OR7E122P",0
"FAM86JP",0
"CIDECP1",0
"FAM86HP",0
"ALG1L1P",0
"SNHG33",0
"ANKRD18DP",0
"OR7E22P",0
"FAM86DP",0
"EMC3-AS1",0
"MIR5787",0
"RNU6-1181P",0
"RNF7P1",0
"RNU6-108P",0
"RNU6-483P",0
"RNU6ATAC26P",0
"CLEC3B",0
"RNU5B-3P",0
"ATP2B2",0
"ATP2B2-IT1",0
"ATP2B2-IT2",0
"SLC6A11",0
"VENTXP7",0
"ZNF385D-AS1",0
"ZNF385D-AS2",0
"FCF1P3",0
"MTND4P16",0
"MTATP6P22",0
"MTND5P16",0
"MTND6P6",0
"MTCO1P35",0
"MTND1P16",0
"MTND2P14",0
"RNU6-1308P",0
"PTPN11P1",0
"CSP2",0
"CCDC54",0
"FGF12",0
"YWHAQP10",0
"MRPS36P1",0
"GRM7-AS2",0
"LINC02013",0
"CCT6P4",0
"MTCO1P29",0
"MTCO2P29",0
"MIR5682",0
"STXBP5L",0
"MIR6828",0
"SDHAP4",0
"MIR922",0
"EIF4EP3",0
"RPL7L1P8",0
"PLA2G10P1",0
"PRSS45P",0
"SNRPB2P1",0
"MTERF1P1",0
"MIR548BB",0
"TMED2P1",0
"FCRL4P1",0
"RRBP1P2",0
"RANP7",0
"SALL4P5",0
"RPL24P7",0
"RNU6-922P",0
"RNU6-788P",0
"NPM1P23",0
"RNA5SP135",0
"MIR3136",0
"GAP43",0
"RNU7-19P",0
"RNU6-557P",0
"RNU2-64P",0
"GPATCH11P1",0
"RNU6-1270P",0
"SUSD5",0
"RNA5SP128",0
"NICN1",0
"TAGLN3",0
"RNU7-73P",0
"ENOPH1P1",0
"RPL35AP10",0
"CDK2AP1P1",0
"RPL34P9",0
"SST",0
"RTP2",0
"HSPD1P6",0
"EEF1A1P23",0
"RPL39P5",0
"KRT8P12",0
"NUP210P1",0
"BOLA2P2",0
"RPSAP31",0
"PDCL3P4",0
"MTHFD2P1",0
"RPL23AP49",0
"TPM4P2",0
"HMGB1P5",0
"CDHR18P",0
"PRSS46P",0
"PRSS43P",0
"PRSS44P",0
"PRSS42P",0
"NRADDP",0
"IQCF4P",0
"C3orf86P",0
"CYP2AB1P",0
"SLC66A1LP",0
"NUDT16L2P",0
"LRRC77P",0
"BTNL12P",0
"MIR563",0
"CBX3P10",0
"RNU6ATAC4P",0
"SEMA3F",0
"DAZL",0
"OR5K2",0
"RPL38P4",0
"RPL19P7",0
"ACTG1P13",0
"ARHGEF28P1",0
"RNA5SP131",0
"MIR4787",0
"PPIAP69",0
"IQCJ-SCHIP1",0
"IQCJ",0
"LINC01990",0
"PRR23E",0
"PRR23E2P",0
"RNU6-1047P",0
"PRR20G",0
"LINC02034",0
"COL6A4P2",0
"RNU6-507P",0
"RNU6-720P",0
"PPIAP73",0
"HNRNPA1P24",0
"RPL32P9",0
"SAP30P1",0
"MINDY4B",0
"YTHDF3P1",0
"OR7E93P",0
"OR7E53P",0
"OR7E97P",0
"VPS51P6",0
"SYPL1P1",0
"DYNLL1P5",0
"RPL9P15",0
"MME-AS1",0
"RNU6-348P",0
"MTCO1P58",0
"TMEM212",0
"TMEM212-IT1",0
"FGFR3P4",0
"RNU6-1120P",0
"RN7SL703P",0
"RNA5SP150",0
"PSMG3P2",0
"AADACL2",0
"AADACP1",0
"SUCNR1",0
"ATP5MGP5",0
"HTR3E-AS1",0
"LINC01840",0
"RN7SL447P",0
"LINC01326",0
"RN7SKP298",0
"PSAT1P4",0
"CBX1P5",0
"RN7SL815P",0
"RNU5E-8P",0
"RNU6-1200P",0
"LINC03051",0
"DRG1P2",0
"LINC00903",0
"RN7SL582P",0
"MIR4447",0
"RNU1-30P",0
"RNPC3P1",0
"ATP6V0CP2",0
"NECTIN2P1",0
"NT5C3AP2",0
"PLCXD2-AS1",0
"THOC7-AS1",0
"THRAP3P1",0
"GAPDHP39",0
"RPL23AP40",0
"HMGN2P13",0
"KIAA1328P1",0
"LINC02877",0
"RNU6-901P",0
"SEC13P1",0
"ZDHHC19",0
"TM4SF19-DYNLT2B",0
"RNU6-910P",0
"ZDHHC1P1",0
"LINC02000",0
"LINC01472",0
"LINC02052",0
"HDAC11-AS1",0
"LINC01213",0
"LINC02008",0
"LINC01487",0
"TERC",0
"LINC01100",0
"LINC00606",0
"TM4SF19-AS1",0
"LINC00488",0
"PYDC2-AS1",0
"DNAJB8-AS1",0
"LINC02022",0
"LINC02046",0
"LINC02005",0
"LRRC3B-AS1",0
"LINC02040",0
"PRICKLE2-DT",0
"CACNA2D3-AS1",0
"CD200R1L-AS1",0
"LINC01322",0
"NAALADL2-AS1",0
"LINC01391",0
"ZIC4-AS1",0
"LARS2-AS1",0
"TM4SF18-AS1",0
"LINC02044",0
"LPP-AS1",0
"PEX5L-AS2",0
"OSBPL10-AS1",0
"LINC01997",0
"CCDC39-AS1",0
"LINC01208",0
"LINC02048",0
"LINC01988",0
"LINC02037",0
"LINC02024",0
"LINC02020",0
"LINC02031",0
"CNTN4-AS2",0
"MORC1-AS1",0
"RARB-AS1",0
"SYNPR-AS1",0
"NAALADL2-AS3",0
"LINC02030",0
"LINC01986",0
"LINC00870",0
"GRM7-AS3",0
"LINC00971",0
"CLSTN2-AS1",0
"LINC01192",0
"LRRC78P",0
"ARHGEF3-AS1",0
"TMEM212-AS1",0
"LINC00692",0
"LINC02053",0
"LINC02077",0
"IGSF11-AS1",0
"PDZRN3-AS1",0
"LINC00901",0
"LINC01972",0
"LINC02069",0
"SAMMSON",0
"LSAMP-AS1",0
"CFAP100-DT",0
"ESRG",0
"SRGAP3-AS2",0
"LINC02023",0
"VN1R21P",0
"LINC01267",0
"RNA5SP124",0
"MIR8076",0
"MIR4446",0
"OR7E100P",0
"LINC02084",0
"LINC01981",0
"LINC00994",0
"PRICKLE2-AS2",0
"PRDX3P4",0
"RAD51AP1P1",0
"IL20RB-AS1",0
"IGBP1P3",0
"VN1R20P",0
"RPS18P6",0
"KRT18P34",0
"TVP23CP3",0
"TMED10P2",0
"ARB2BP",0
"CYCSP10",0
"ACTG1P1",0
"GAPDHP36",0
"HRGP2",0
"OR5H5P",0
"OR5H3P",0
"OR5H7P",0
"RPS24P9",0
"BCL2L12P1",0
"RPL7P16",0
"RPL13AP27",0
"UBA52P4",0
"PSMC1P7",0
"RPS24P10",0
"DNAJB1P2",0
"ENPP7P3",0
"RPS16P4",0
"LSP1P2",0
"ALG1L6P",0
"ENPP7P2",0
"RPL36P7",0
"NDUFAF4P3",0
"RPS25P5",0
"CDYLP1",0
"METTL15P1",0
"MYLKP2",0
"OR7E29P",0
"COX6A1P5",0
"DPPA2P3",0
"FAM151AP1",0
"SULT1D1P2",0
"EGFEM1P",0
"RNU2-20P",0
"MIR551B",0
"RPSAP33",0
"RPL21P43",0
"LINC02082",0
"MIR138-1",0
"LINC02032",0
"LINC01991",0
"LINC02917",0
"LINC00690",0
"ERVH-1",0
"CPZ",0
"CYTL1",0
"SNRPCP13",0
"DRD5",0
"ECM1P2",0
"VPS51P18",0
"HMX1",0
"GPR78",0
"RFPL4AP3",0
"OR7E84P",0
"OR7E86P",0
"LINC02270",0
"MTCO3P27",0
"RPS3AP17",0
"OR7E85P",0
"MTCO3P42",0
"MTND3P24",0
"HMGN1P11",0
"LINC02271",0
"MTND4LP22",0
"RPL31P31",0
"GABRB1",0
"MTCYBP16",0
"SNX18P23",0
"MTCO3P28",0
"TECRL",0
"LINC02483",0
"SNX18P24",0
"LDHAP1",0
"SRIP1",0
"THAP12P9",0
"MESTP3",0
"RPS26P24",0
"UGT2B10",0
"SULT1B1",0
"SNX18P25",0
"KCTD8",0
"HMGB1P44",0
"MTND6P16",0
"HNRNPA1P67",0
"SEC63P2",0
"CABS1",0
"LINC02493",0
"SLIRPP2",0
"COX7B2",0
"UGT2B11",0
"NAA11",0
"LARP1BP1",0
"GK2",0
"LINC00575",0
"MTND3P22",0
"SMR3A",0
"PRDX4P1",0
"NPM1P41",0
"PPBPP1",0
"PPP2R2C",0
"LINC02619",0
"MTND5P4",0
"MTCO3P39",0
"MTND5P13",0
"LINC01217",0
"ATP5F1EP1",0
"TACR3",0
"PABPC1P7",0
"IGBP1P5",0
"DDX3P3",0
"LINC01216",0
"MTND5P5",0
"LINC01218",0
"MTND4LP31",0
"COL25A1-DT",0
"DYNLL1P6",0
"PGAM4P2",0
"TACR3-AS1",0
"MRPS33P3",0
"CXCL6",0
"PIMREGP2",0
"NDUFS5P5",0
"RPL6P14",0
"SETP20",0
"FKBP4P1",0
"TUBB4BP5",0
"TTC39CP1",0
"LTV1P1",0
"KRT18P21",0
"NDST4",0
"ACTR6P1",0
"SPOPLP3",0
"H3P15",0
"SPOPLP2",0
"TUBAP10",0
"GAPDHP56",0
"TERF1P3",0
"LINC02479",0
"CWH43",0
"TECRP2",0
"RBM48P1",0
"HNRNPA3P13",0
"PDHA2",0
"EIF3KP3",0
"QRFPR",0
"LINC02262",0
"DUTP8",0
"SAR1AP3",0
"SPOPLP1",0
"MTCYBP44",0
"NDUFB4P12",0
"OPRPN",0
"TMEM248P1",0
"PGBD4P4",0
"TPI1P4",0
"KRT18P54",0
"EMCN",0
"GABRG1",0
"PABPC4L",0
"CRYZP2",0
"RPL17P19",0
"LINC02429",0
"PES1P1",0
"SERF1AP1",0
"R3HDM2P1",0
"RBM46",0
"MTCYBP17",0
"LINC02511",0
"EEF1GP8",0
"YWHAEP4",0
"STMN1P2",0
"BTF3P13",0
"PTPN11P5",0
"MTATP6P9",0
"GLRA3",0
"JADRR",0
"TARS2P1",0
"RPL31P26",0
"LINC02431",0
"ZSWIM5P3",0
"ADAM20P2",0
"EEF1A1P21",0
"TSEN2P1",0
"MTND6P17",0
"FSTL5",0
"LINC01179",0
"MTND2P33",0
"FABP5P12",0
"PRMT5P1",0
"RPL21P48",0
"MTCO2P9",0
"FBLP1",0
"ASS1P8",0
"NPY5R",0
"NDUFB2P1",0
"MTND1P22",0
"TLL1",0
"MTHFD2P4",0
"NDUFB5P1",0
"LINC02504",0
"MTCO1P9",0
"LINC02477",0
"MARK2P4",0
"RPL35AP12",0
"TRIML1",0
"MTND5P9",0
"TOMM22P4",0
"AKIRIN2P1",0
"LINC02514",0
"PHB1P14",0
"RPL6P11",0
"RXFP1",0
"ADAM20P3",0
"MTND4P8",0
"RPS23P4",0
"MTND3P3",0
"TKTL2",0
"NWD2",0
"MTCO3P9",0
"LINC02496",0
"ATP5MGP4",0
"NPY2R",0
"SETP12",0
"ANP32CP",0
"DPP3P1",0
"RN7SKP113",0
"MIR548I2",0
"RNA5SP154",0
"RNA5SP156",0
"RNU6-578P",0
"RN7SKP170",0
"MIR572",0
"SNORA75B",0
"RN7SL16P",0
"RNU6-420P",0
"RNA5SP157",0
"RN7SL101P",0
"MIR4275",0
"RNU7-126P",0
"MIR1255B1",0
"RNU6-573P",0
"MIR4801",0
"RNU6-931P",0
"RNU6-412P",0
"RN7SL193P",0
"RN7SKP199",0
"RNU6-158P",0
"MIR8053",0
"MIR548AG1",0
"RNU6-1325P",0
"RNU6-699P",0
"RNU6-191P",0
"RNA5SP527",0
"RNU6ATAC5P",0
"RNU4ATAC9P",0
"RNU6-499P",0
"RNU6-774P",0
"RN7SKP48",0
"MIR575",0
"RNU6-615P",0
"RNU6-1059P",0
"MIR4451",0
"RN7SKP28",0
"RNU6-462P",0
"RNU6-551P",0
"RNU6-34P",0
"RNU6-635P",0
"SNORA24",0
"MIR576",0
"RNU6-948P",0
"RNU6-119P",0
"RNU6-550P",0
"RNU1-89P",0
"RNU6-224P",0
"RN7SL808P",0
"RNA5SP166",0
"RNU6-1230P",0
"RNA5SP167",0
"RN7SKP253",0
"MIR4799",0
"RN7SL254P",0
"MIR548G",0
"RNU4-79P",0
"RN7SKP188",0
"RNA5SP170",0
"RNU6ATAC13P",0
"RN7SKP105",0
"MIR6082",0
"RN7SL776P",0
"RNA5SP171",0
"RNA5SP173",0
"MIR4454",0
"RNU6-335P",0
"RNU6-1053P",0
"RNU6-479P",0
"RNU2-34P",0
"RNU2-66P",0
"RN7SKP67",0
"RNU2-44P",0
"MIR4276",0
"RNU6-173P",0
"RNU1-51P",0
"RNU6-838P",0
"MIR4449",0
"SNORA26",0
"RN7SKP275",0
"RN7SL335P",0
"ADAD1",0
"RNU6-668P",0
"APELA",0
"TRIM60P14",0
"FAM218BP",0
"TRIM60",0
"RNU6-520P",0
"RNU6-891P",0
"ALG1L14P",0
"USP17L10",0
"USP17L11",0
"USP17L12",0
"USP17L13",0
"USP17L17",0
"USP17L18",0
"USP17L23",0
"USP17L5",0
"USP17L27",0
"USP17L28",0
"USP17L29",0
"USP17L30",0
"DEFB108F",0
"RNA5SP153",0
"DEFB130D",0
"USP17L20",0
"USP17L21",0
"USP17L22",0
"USP17L24",0
"USP17L25",0
"USP17L26",0
"USP17L14P",0
"USP17L16P",0
"USP17L19",0
"USP17L9P",0
"USP17L6P",0
"LINC02173",0
"GIMD1",0
"RN7SL419P",0
"IL2",0
"MYOZ2",0
"MIR548T",0
"RPL5P11",0
"RNU6-1096P",0
"HAND2",0
"NACAP5",0
"RN7SL311P",0
"RNU6-506P",0
"RNU6-1074P",0
"PFDN1P2",0
"HPRT1P1",0
"PROM1",0
"MIR2054",0
"NUP58P1",0
"RPL17P20",0
"RN7SL492P",0
"RN7SL357P",0
"UBE2CP3",0
"BST1",0
"SULT1D1P",0
"SULT1E1",0
"CSN1S1",0
"STATH",0
"HTN1",0
"PRR27",0
"HTN3",0
"TXNP6",0
"RNU6-1187P",0
"RNU6-887P",0
"MIR5591",0
"GABRA2",0
"RNU6-746P",0
"LRRC34P2",0
"FCF1P8",0
"OR7E85BP",0
"UNC93B8",0
"VPS51P7",0
"SNRPCP16",0
"ENPP7P10",0
"EFL1P2",0
"RNU2-40P",0
"MIR5705",0
"HSD17B13",0
"RN7SL681P",0
"RNU1-44P",0
"POU4F2",0
"USP17L15",0
"BTF3L4P4",0
"PALLD-AS1",0
"HIGD1AP13",0
"RN7SL127P",0
"MIR3945",0
"TRPC6P7",0
"MIR4455",0
"RNU6-351P",0
"RNU6-553P",0
"IL21",0
"SCARNA22",0
"MIR943",0
"RPL21P47",0
"RNU2-16P",0
"NKX1-1",0
"MIR95",0
"RNU6-112P",0
"NCOA4P2",0
"PYURF",0
"PIGY",0
"RN7SKP244",0
"IQCM",0
"PCDH18",0
"RPSAP34",0
"ZACNP1",0
"EXOC7P1",0
"ASIC5",0
"TDO2",0
"FTH1P21",0
"RNU6-35P",0
"HSBP1P2",0
"RNF14P2",0
"RNU6-205P",0
"ZBED1P1",0
"RPL7L1P13",0
"ZNF969P",0
"MIR297",0
"RNU6-289P",0
"RPL36AP23",0
"CCDC34P1",0
"TUBB8P3",0
"RNU6-204P",0
"MSANTD1",0
"RPL7AP29",0
"RPL30P5",0
"RPL38P3",0
"RNU6-410P",0
"RN7SL424P",0
"RN7SL822P",0
"METTL5P3",0
"KPNA2P1",0
"RPSAP39",0
"CCKAR",0
"NDUFB4P9",0
"CLGN",0
"MGAT4D",0
"RN7SL152P",0
"TNRC18P1",0
"RRH",0
"LRIT3",0
"NMNAT1P4",0
"NCOA4P3",0
"EPHA5",0
"TTC29",0
"RPL32P13",0
"ANK2-AS1",0
"MIR1243",0
"MIR8082",0
"RN7SL184P",0
"RNU1-138P",0
"RNU1-36P",0
"RPL31P24",0
"RNU6-818P",0
"RNU6ATAC31P",0
"RNU6-1298P",0
"MIR4274",0
"MICOS10P4",0
"DSPP",0
"RN7SL728P",0
"RPL21P49",0
"LRRC37A15P",0
"RNU7-151P",0
"FTH1P24",0
"RN7SKP237",0
"RNA5SP161",0
"RNU6-197P",0
"MRPL22P1",0
"RPL7AP31",0
"SDAD1-AS1",0
"CXCL11",0
"RNU6-1000P",0
"RPL36AP18",0
"MIR367",0
"MIR302D",0
"MIR302A",0
"MIR302C",0
"MIR302B",0
"OSTCP4",0
"GET1P1",0
"ADH7",0
"NPFFR2",0
"C4orf54",0
"UGT2B29P",0
"UGT2B17",0
"UGT2B15",0
"TRIML2",0
"RNU6-145P",0
"MIR4450",0
"MIR548AH",0
"OR7E103P",0
"OTOP1",0
"RPS7P15",0
"LINC02260",0
"RPL6P12",0
"UGT2A2",0
"CCDC158",0
"RNU6-907P",0
"RNU4-33P",0
"COL25A1",0
"CLNK",0
"RPS3AP16",0
"VPS51P13",0
"HELT",0
"MEPE",0
"RPL5P13",0
"LSM3P4",0
"MIR7849",0
"PF4V1",0
"PF4",0
"RN7SL218P",0
"HGFAC",0
"MIR3688-1",0
"MIR3688-2",0
"CSN2",0
"FDCSP",0
"LTO1P1",0
"DEFB131A",0
"MARCHF1",0
"NEUROG2",0
"RPL23AP94",0
"ATP5MGP3",0
"HNRNPA1P65",0
"MTCYBP43",0
"PDE6B-AS1",0
"MIR378D1",0
"RNA5SP158",0
"RNU7-194P",0
"MAB21L2",0
"AK4P6",0
"MMRN1",0
"KRT19P6",0
"MIR578",0
"HADHAP1",0
"SCGB1D5P",0
"NOL8P1",0
"RNU4-87P",0
"RNU6-1055P",0
"RPS7P6",0
"CLRN2",0
"MIR4800",0
"SPICP5",0
"PMPCAP1",0
"GRID2",0
"MTND1P19",0
"RACK1P3",0
"RNA5SP164",0
"ATOH1",0
"HMGB3P15",0
"HPGDS",0
"RPL35AP11",0
"OR5M14P",0
"PHOX2B",0
"RNU1-49P",0
"HMGB1P28",0
"ATP1B1P1",0
"SHISA3",0
"RN7SKP82",0
"GRXCR1",0
"LINC02383",0
"RN7SL691P",0
"TRIM75",0
"LINC02600",0
"ADRA2C",0
"RNU4-64P",0
"LDHAL6EP",0
"RNA5SP163",0
"MIR1973",0
"TRMT112P1",0
"CUL4AP1",0
"PSME2P4",0
"MRPS33P2",0
"RNA5SP160",0
"RNU6-836P",0
"RNU6-1195P",0
"MIR3138",0
"RNA5SP155",0
"RAF1P1",0
"CSN3",0
"FAM90A26",0
"RN7SKP235",0
"LINC01097",0
"NKX3-2",0
"MIR5091",0
"RNU6-310P",0
"COMMD5P1",0
"MORF4L2P1",0
"RN7SL446P",0
"MIR4453",0
"RNU5E-3P",0
"RN7SL253P",0
"RNU6-1054P",0
"CICP16",0
"RNU6-582P",0
"RNU6-1217P",0
"CRACD",0
"KLKB1",0
"SLC25A31",0
"RNU6-583P",0
"RNU6-1336P",0
"RPL9P16",0
"OR7E94P",0
"JAKMIP1-DT",0
"PPBPP2",0
"GTF2IP12",0
"SEPTIN7P14",0
"RN7SL552P",0
"TMPRSS11GP",0
"MTND2P41",0
"TMPRSS11F",0
"TMPRSS11BNL",0
"TMPRSS11B",0
"TMPRSS11E",0
"WDR77P1",0
"RNU6-1285P",0
"FGB",0
"RNU7-11P",0
"RNA5SP159",0
"RN7SKP36",0
"MIR4798",0
"PSAPL1",0
"RN7SKP30",0
"PDCL2",0
"RNU6-276P",0
"EXOC1L",0
"FGF5",0
"GLDCP1",0
"SPINK2",0
"ZNF876P",0
"ZNF732",0
"MIR571",0
"ZNF519P4",0
"UGT2B28",0
"UGT2B25P",0
"UGT2B24P",0
"UGT2B4",0
"UGT2A1",0
"CFAP299",0
"PRKG2-AS1",0
"RNU5A-2P",0
"UNC5C",0
"MIR3684",0
"ADH1A",0
"MIR218-1",0
"MIR7978",0
"RPL31P25",0
"KCNIP4-IT1",0
"DUX4",0
"RNU7-74P",0
"AFP",0
"AFM",0
"RNA5SP152",0
"RPPH1-3P",0
"MLLT10P2",0
"RNA5SP174",0
"RNA5SP175",0
"DUX4L9",0
"FRG2",0
"RARRES2P4",0
"AGGF1P1",0
"CLUHP4",0
"DUX4L7",0
"DUX4L6",0
"DUX4L5",0
"DUX4L4",0
"DUX4L1",0
"DUX4L3",0
"DUX4L2",0
"RNU6-284P",0
"CHORDC1P3",0
"SMIM31",0
"BNIP3P41",0
"AIDAP2",0
"ZEB2P1",0
"CIBAR1P2",0
"HSP90AA4P",0
"RTEL1P1",0
"MRPL42P1",0
"GUSBP5",0
"SYT14P1",0
"FTLP10",0
"RPSAP36",0
"ABCA11P",0
"PCNAP1",0
"CSN1S2AP",0
"CETN4P",0
"ALB",0
"CFAP99",0
"ST3GAL1P1",0
"EVA1CP2",0
"FAM86EP",0
"MTND2P31",0
"C9orf78P2",0
"LINC01085",0
"RN7SKP13",0
"CCNHP1",0
"MIR1305",0
"RPL22P13",0
"MIR1269A",0
"RPS23P3",0
"RN7SL205P",0
"ELL2P2",0
"LINC01256",0
"AARS1P1",0
"SNORD73B",0
"SNORD73A",0
"RN7SKP35",0
"VEGFC",0
"RN7SKP136",0
"RNU1-45P",0
"RNA5SP169",0
"PPBP",0
"MRPS36P2",0
"RNU7-192P",0
"RPSAP35",0
"NT5C3AP1",0
"GSX2",0
"LINC02435",0
"PPIAP76",0
"LINC02498",0
"LINC01098",0
"LINC01396",0
"LINC02353",0
"NPY2R-AS1",0
"SLIT2-IT1",0
"LINC02507",0
"BMPR1B-DT",0
"LINC02357",0
"LINC02505",0
"LINC02492",0
"LINC02273",0
"LINC02276",0
"LINC02500",0
"LINC02508",0
"LINC02480",0
"LINC02377",0
"LINC01438",0
"MAPK10-AS1",0
"LINC02513",0
"LINC02501",0
"LINC02434",0
"LINC02374",0
"LINC02365",0
"LINC00613",0
"LINC02364",0
"LINC02264",0
"LINC02171",0
"LINC02509",0
"LINC02275",0
"LINC01365",0
"LINC02499",0
"LINC02172",0
"LINC01258",0
"LINC02360",0
"IL21-AS1",0
"SNCA-AS1",0
"LINC02382",0
"LINC00290",0
"UNC5C-AS1",0
"LINC02475",0
"LINC02174",0
"LINC02233",0
"LINC01095",0
"LINC02380",0
"LINC02506",0
"LINC02379",0
"LINC01259",0
"LINC02515",0
"LINC02438",0
"LINC01093",0
"ADGRL3-AS1",0
"LINC02283",0
"LINC02278",0
"PRDM8-AS1",0
"LINC02358",0
"LINC02497",0
"LINC01587",0
"LINC02835",0
"LINC02432",0
"UMLILO",0
"LINC00955",0
"LINC02994",0
"LINC02510",0
"LINC01378",0
"LINC02517",0
"LINC02466",0
"LINC02485",0
"LINC02472",0
"LINC01096",0
"MIR3945HG",0
"LINC02272",0
"STPG2-AS1",0
"CHAER1",0
"MIR577",0
"CIR1P2",0
"EPHA5-AS1",0
"OR7E83P",0
"ENPP7P11",0
"RPL15P7",0
"EVA1CP1",0
"UNC93B7",0
"OR7E35P",0
"UGT2B27P",0
"FAM86MP",0
"ALG1L3P",0
"RBMXP4",0
"UGT2B26P",0
"RPL6P16",0
"APOBEC3AP1",0
"RPS14P7",0
"NUDT19P5",0
"VTI1BP2",0
"FAM86KP",0
"OR7E111FP",0
"TECRP1",0
"LYPLA1P2",0
"CHCHD2P7",0
"UNC93B4",0
"OR7E99P",0
"OR7E43P",0
"UGT2A3P7",0
"KLHL2P1",0
"H3P14",0
"OR7E163P",0
"OR7E162P",0
"SEPTIN14P4",0
"NDUFS5P4",0
"RPL23AP84",0
"DBET",0
"ALG1L7P",0
"ENPP7P9",0
"RPL7AP28",0
"RPL21P50",0
"LINC02616",0
"LINC00498",0
"LINC00989",0
"PANCR",0
"LINC02494",0
"LINC01099",0
"LINC02063",0
"ADAMTS16",0
"MTCO1P31",0
"MARCHF11",0
"MTCO1P30",0
"HMGB3P3",0
"RPL32P14",0
"ALG3P1",0
"MTCO2P30",0
"UBE2V1P12",0
"RPS23P5",0
"HPRT1P2",0
"PTPN11P4",0
"MTND6P2",0
"HSPD1P15",0
"ANKH-DT",0
"CDH10",0
"ADH5P5",0
"RPL21P56",0
"AK4P2",0
"LINC02120",0
"GCNT1P2",0
"CDH9",0
"ADAMTS12",0
"LINC02225",0
"MCIDAS",0
"UGT3A1",0
"CDH18",0
"HMGB1P47",0
"RLIG1P1",0
"SUCLG2P4",0
"RPS17P11",0
"UBL5P1",0
"HAPLN1",0
"CAPSL",0
"KRT18P56",0
"CCNB3P1",0
"NT5ELP",0
"RPS2P25",0
"LINC02118",0
"MFSD4BP1",0
"HNRNPKP5",0
"ATG10-IT1",0
"PPIAP79",0
"C1GALT1P2",0
"HMGB3P16",0
"CCNO",0
"DPPA3P12",0
"CRLF3P2",0
"MTCO3P22",0
"HMGN1P14",0
"MTND4P35",0
"RPL5P14",0
"LINC02215",0
"NREP-AS1",0
"CMYA5",0
"TRPC6P6",0
"LSP1P3",0
"EEF1A1P20",0
"B3GNTL1P1",0
"RPL17P21",0
"PSMC1P4",0
"RPL21P55",0
"BOLA3P3",0
"RPS17P2",0
"MTND4LP5",0
"ZCCHC10P2",0
"MRPL49P1",0
"MTCO2P22",0
"PGAM1P1",0
"KRT18P42",0
"HCN1",0
"MRPS35P2",0
"EGFLAM",0
"MTCYBP22",0
"HSPE1P10",0
"KATNBL1P4",0
"ATP5PFP4",0
"ASS1P9",0
"LINC02214",0
"MTND3P19",0
"LSM2P2",0
"MAN2A1-DT",0
"PCBP2P3",0
"RPSAP37",0
"RPEP1",0
"MTCO2P24",0
"TILRLS",0
"CATSPER2P2",0
"IL9",0
"LINC02161",0
"PRR16",0
"LECT2",0
"ATG10-AS1",0
"RBBP4P6",0
"ESM1",0
"PRELID3BP8",0
"OR7H2P",0
"TRPC7-AS2",0
"MEIKIN",0
"BHMT",0
"FTH1P9",0
"HMGB1P29",0
"TRPC6P9",0
"TRPC6P2",0
"MINAR2",0
"RPL7L1P4",0
"SELENOTP2",0
"AK3P4",0
"HNRNPA3P7",0
"MTCO1P24",0
"PGAM5P1",0
"ARL2BPP5",0
"MRPS5P3",0
"RPL35AP15",0
"MARK2P11",0
"LSM1P2",0
"HMGB1P21",0
"ARGFXP1",0
"GAPDHP71",0
"TMED7-TICAM2",0
"NAMPTP2",0
"LINC02995",0
"MRPL57P6",0
"RPL23AP44",0
"RPL21P59",0
"HAND1",0
"CKS1BP5",0
"BTG4P1",0
"GABRA1",0
"RPL12P22",0
"RPL7AP33",0
"FTMT",0
"BTNL8",0
"RPS29P12",0
"C5orf47",0
"NKX2-5",0
"ADRA1B",0
"RPL6P32",0
"ARL2BPP6",0
"EEF1GP2",0
"BTNL3",0
"RPL36AP20",0
"C5orf52",0
"KIF4B",0
"CHSY3",0
"C5orf46",0
"IL4",0
"HSPA8P4",0
"RASGEF1C",0
"SEMA5A-AS1",0
"ARL2BPP4",0
"ECSCR",0
"C1QTNF2",0
"MTCYBP37",0
"TMEM174",0
"RPS15AP18",0
"RN7SKP73",0
"MIR4458",0
"RNU1-76P",0
"SNORD123",0
"RNA5SP177",0
"MIR4636",0
"MIR887",0
"RNU6-679P",0
"RNA5SP178",0
"RNU6-660P",0
"RN7SL58P",0
"RNU4-43P",0
"RNU6-374P",0
"RN7SKP207",0
"RNU6-1079P",0
"MIR579",0
"RNU6-358P",0
"RNU6-760P",0
"RNU6-909P",0
"RNU7-130P",0
"RNU1-150P",0
"RNU6-480P",0
"RNU6-1296P",0
"MIR581",0
"RN7SL801P",0
"RNA5SP185",0
"RNA5SP182",0
"RNU6ATAC2P",0
"MIR449A",0
"MIR449B",0
"MIR449C",0
"RNU6-299P",0
"RNA5SP184",0
"MIR5687",0
"RN7SL169P",0
"RNU6-294P",0
"RNU6-913P",0
"MIR4803",0
"RNU7-196P",0
"RNU4-11P",0
"RN7SL378P",0
"RN7SKP295",0
"RNU6-620P",0
"MIR3660",0
"RN7SKP34",0
"MIR4280",0
"RNU6-448P",0
"RNU6-804P",0
"RNY3P1",0
"SNORD138",0
"RN7SL802P",0
"RNU6-1119P",0
"RN7SKP62",0
"RN7SKP68",0
"RNU4-90P",0
"RNU6-47P",0
"RN7SKP57",0
"RNA5SP188",0
"RNU1-140P",0
"RNU6-644P",0
"RN7SL711P",0
"MIR548F3",0
"SNORA13",0
"RNU6-752P",0
"RNU6-373P",0
"MIR5706",0
"RNU7-53P",0
"RNU6-718P",0
"RNA5SP189",0
"MIR4460",0
"RNU6-290P",0
"RNU4-69P",0
"RNU6ATAC10P",0
"RNA5SP191",0
"RNU7-34P",0
"MIR5197",0
"RN7SL87P",0
"RN7SKP246",0
"RNU7-156P",0
"RNU6-588P",0
"MIR3142",0
"MIR146A",0
"RNU6-164P",0
"RN7SL868P",0
"MIR1294",0
"RN7SKP60",0
"RNU2-48P",0
"RNU6-500P",0
"RNA5SP200",0
"RNU6-209P",0
"MIR8056",0
"RNU6-168P",0
"MIR5003",0
"RNU1-17P",0
"MIR8089",0
"RNU6-525P",0
"MIR340",0
"RNU6-1036P",0
"PFN3",0
"LRRC14B",0
"MIR4456",0
"BRD9P2",0
"SPICP4",0
"SPCS2P3",0
"RNU6-572P",0
"SNORA74A",0
"RN7SKP64",0
"RNU5B-4P",0
"RNU6-732P",0
"MIR584",0
"RN7SKP145",0
"HTR1A",0
"NMUR2",0
"MIR4278",0
"RN7SKP79",0
"GNL3LP1",0
"LINC02159",0
"GABRA6",0
"GABRA6-AS1",0
"GLRXP3",0
"ZNF474-AS1",0
"PCDHA1",0
"PCDHA2",0
"PCDHA5",0
"PCDHA6",0
"PCDHA7",0
"PCDHA8",0
"PCDHA14",0
"PCDHA11",0
"TLX3",0
"RN7SL339P",0
"RPSAP71",0
"SNORA70J",0
"MIR3912",0
"FOXI1",0
"KRT18P41",0
"XBP1P1",0
"ZRSR2P1",0
"RBISP2",0
"RNU7-75P",0
"CIR1P1",0
"MIR3141",0
"MIR1303",0
"RNU6-661P",0
"RPL35AP14",0
"LRRC70",0
"GABRB2",0
"PRELID3BP5",0
"PRELID3BP6",0
"SNORD63B",0
"SNORD63",0
"FOXD1",0
"FOXD1-AS1",0
"LINC01386",0
"RNU6-1311P",0
"RN7SKP232",0
"RNA5SP198",0
"RNU6-923P",0
"RXFP3",0
"C1QTNF3-AMACR",0
"FHP2",0
"RN7SL684P",0
"SNCB",0
"MIR4281",0
"EIF4E1B",0
"MIR580",0
"RNU6-1305P",0
"NADK2-AS1",0
"MIR6830",0
"MIR3936",0
"RNU6-363P",0
"POU4F3",0
"RNA5SP196",0
"RN7SL791P",0
"RNU6-456P",0
"PPP2R2B-IT1",0
"FNDC9",0
"NIPAL4-DT",0
"RN7SL646P",0
"RN7SKP70",0
"CBY3",0
"RNA5SP181",0
"RPL29P13",0
"RPS27AP18",0
"IL5",0
"LINC01861",0
"RNA5SP199",0
"RNU6-556P",0
"H2BL1P",0
"MIR4804",0
"RN7SL782P",0
"RN7SKP122",0
"CUL1P1",0
"NDUFB9P1",0
"RPS27P14",0
"RN7SL616P",0
"RNU6-724P",0
"SLC27A6",0
"MIR4633",0
"PDCD6-AHRR",0
"STC2",0
"OR2V2",0
"TAS2R1",0
"MIR548AE2",0
"LINC02108",0
"LINC00492",0
"OR2V1",0
"SUMO2P5",0
"HMGN1P12",0
"CARTPT",0
"RNA5SP190",0
"FABP5P6",0
"TUBAP15",0
"HMHB1",0
"OR2Y1",0
"GPR151",0
"PCDHGA1",0
"PCDHGA2",0
"PCDHGB1",0
"PCDHGB3",0
"PCDHGA7",0
"PCDHGB4",0
"PCDHGA8",0
"PCDHGA9",0
"PCDHGA11",0
"PCDHGA12",0
"PCDHGC4",0
"PCDHGC5",0
"AHRR",0
"MIR4638",0
"SNORD96A",0
"SNORD95",0
"RNU6-705P",0
"DCANP1",0
"TIFAB",0
"NKD2",0
"MIR4635",0
"RNA5SP192",0
"CDX1",0
"REEP2",0
"RN7SKP148",0
"RNU6-226P",0
"RNU6-183P",0
"PCDHB2",0
"PCDHB3",0
"PCDHB6",0
"PCDHB7",0
"PCDHB10",0
"SLC25A2",0
"RN7SL208P",0
"SNORA74B",0
"RNU6-1148P",0
"RNU6-460P",0
"RNU6-888P",0
"RNU6-658P",0
"RNU6-1330P",0
"ARPC1AP3",0
"CTXN3",0
"HMGN1P16",0
"MARCOL",0
"SPINK14",0
"RN7SL153P",0
"OR1X1P",0
"FAM170A",0
"MROH2B",0
"CFAP53P1",0
"RPL7P20",0
"LINC01947",0
"RNU6-477P",0
"MIR378E",0
"RNU7-161P",0
"RNU4ATAC2P",0
"LINC01845",0
"VWA8P1",0
"RN7SKP251",0
"SNORA50D",0
"APOOP1",0
"MIR1271",0
"OR1X5P",0
"PROP1",0
"GMCL2",0
"CCT6P2",0
"RNU6-1232P",0
"CPLX2",0
"YBX1P5",0
"ZNF366",0
"ATP6V1G1P5",0
"RNA5SP197",0
"ANKRD31",0
"RNU6-680P",0
"SLC25A5P9",0
"BIN2P2",0
"SAP18P1",0
"RNA5SP186",0
"PDCD5P2",0
"RNU6ATAC36P",0
"CRHBP",0
"SNORA47",0
"HMGB1P35",0
"RPS2P24",0
"OTP",0
"RNU6-308P",0
"GPR150",0
"DBIP2",0
"LINC01337",0
"DDX4",0
"HNRNPH1P3",0
"ZNF475",0
"MTND3P25",0
"CATSPER3",0
"SLC25A48",0
"NEUROG1",0
"SLC25A48-AS1",0
"MIR5692C1",0
"SLC6A7",0
"GRM6",0
"RN7SKP157",0
"MIR2277",0
"RNU1-39P",0
"AMACR",0
"SLC6A19",0
"TERT",0
"MIR4457",0
"LINC01511",0
"MTCO2P32",0
"MIR6075",0
"CDH12P1",0
"LINC02222",0
"CICP15",0
"MTND6P3",0
"MTND5P12",0
"MIR6131",0
"RPL30P7",0
"PMCHL1",0
"NBPF22P",0
"PMCHL2",0
"PCDHB17P",0
"PCDHB18P",0
"PCDHB19P",0
"CEP192P1",0
"AACSP1",0
"SDHAP3",0
"ZNF300P1",0
"SEPTIN14P5",0
"GTF2H2B",0
"NAIPP1",0
"WSPAR",0
"TSSK1B",0
"RNU4ATAC13P",0
"DDX18P4",0
"CSNK1A1P3",0
"RNU6-402P",0
"CTNND2",0
"RNU6-429P",0
"MIR6499",0
"C6",0
"RN7SL177P",0
"SPINK7",0
"SPINK9",0
"RN7SKP89",0
"LINC01957",0
"MIR9-2",0
"H3Y2",0
"H3P17",0
"H3P19",0
"H3P20",0
"H3Y1",0
"H3P22",0
"SPOCK1",0
"MIR874",0
"MIR3655",0
"ANKRD33B-AS1",0
"SLIT3-AS2",0
"MIR218-2",0
"MIR585",0
"PPIAP77",0
"PRELID3BP4",0
"MIR6831",0
"MIR1229",0
"KCNIP1",0
"KCNIP1-AS1",0
"RN7SL623P",0
"RPL6P15",0
"MIR1289-2",0
"RPL35AP16",0
"RPL35AP17",0
"RNU7-180P",0
"IL17B",0
"LNPPS",0
"MIR143",0
"MIR145",0
"PRDM9",0
"MSANTD5",0
"FBLL1",0
"SLC2A3P1",0
"MIR103A1",0
"MIR103B1",0
"RNU6-738P",0
"AIG1P1",0
"CDH12P3",0
"NDUFB4P2",0
"RNU6-806P",0
"RPL31P8",0
"CAB39P1",0
"VTRNA1-1",0
"RPL36AP21",0
"RPLP1P6",0
"HMGB3P22",0
"PDZPH1P",0
"FBXL21P",0
"PCDHGB8P",0
"ATP6AP1L",0
"NPY6R",0
"SMIM32",0
"RNU6-727P",0
"TAF11L5",0
"TAF11L3",0
"TAF11L7",0
"TAF11L8",0
"TAF11L13",0
"TAF11L4",0
"TAF11L6",0
"TAF11L10",0
"TAF11L9",0
"TAF11L2",0
"TAF11L14",0
"SETP22",0
"H3P24",0
"RNU2-49P",0
"DDX43P1",0
"WBP1LP4",0
"TAF11L11",0
"TAF11L12",0
"RN7SL814P",0
"YTHDF1P1",0
"MTCYBP40",0
"RNU6-540P",0
"RPS12P10",0
"RPS3AP22",0
"H3P23",0
"RNA5SP176",0
"EGFLAM-AS3",0
"RNU6-484P",0
"GDNF",0
"EGFLAM-AS4",0
"KCTD9P5",0
"RNU6-1190P",0
"RNA5SP179",0
"RPL19P11",0
"CDH6",0
"DUX4L51",0
"RPSAP38",0
"DCAF13P2",0
"RN7SKP133",0
"FTH1P10",0
"PDCD6P1",0
"MIR4277",0
"RPL5P16",0
"MIR3977",0
"ST13P12",0
"RNA5SP187",0
"LDHBP3",0
"CCT7P2",0
"RN7SL255P",0
"RNU6-334P",0
"RAB9BP1",0
"HMGB1P22",0
"RN7SKP117",0
"HSPD1P18",0
"ANKRD49P3",0
"RNA5SP193",0
"IRX4",0
"FAT2",0
"SUMO2P6",0
"HIGD1AP3",0
"MIR4634",0
"IRGM",0
"NAIPP3",0
"GUSBP3",0
"GUSBP18",0
"GUSBP1",0
"SALL4P1",0
"ACTBL2",0
"LNCBRM",0
"RNU6-381P",0
"FGF10",0
"FGF10-AS1",0
"RN7SL383P",0
"SLIT3-AS1",0
"LINC02102",0
"LINC01950",0
"ADAMTS19-AS1",0
"LINC02228",0
"LINC02115",0
"NIHCOLE",0
"LINC02121",0
"ADAMTS16-DT",0
"LINC02220",0
"LINC02059",0
"THOC3-AS1",0
"LINC02221",0
"LINC01340",0
"LINC01846",0
"LINC02106",0
"LINC01170",0
"IRX4-AS1",0
"MARCHF11-AS1",0
"MARCHF11-DT",0
"EGFLAM-AS2",0
"EGFLAM-AS1",0
"LINC02058",0
"LINC02229",0
"LINC00491",0
"LINC01944",0
"RMEL3",0
"LINC02200",0
"LINC01843",0
"LINC02197",0
"LINC02239",0
"LINC01933",0
"ATOX1-AS1",0
"FABP6-AS1",0
"LINC02039",0
"LINC02900",0
"LINC02105",0
"LINC02212",0
"LINC02213",0
"SH3TC2-DT",0
"LINC02230",0
"LINC02223",0
"LINC02111",0
"LINC02996",0
"LINC02199",0
"LINC03123",0
"LINC01951",0
"TNPO1-DT",0
"LINC01848",0
"CAPSL-DT",0
"LINC02122",0
"LINC02982",0
"EPIST",0
"LINC01938",0
"TRPC7-AS1",0
"GDNF-AS1",0
"SEMA6A-AS2",0
"LINC02117",0
"LINC01202",0
"LINC01470",0
"KCNIP1-OT1",0
"LINC01339",0
"LINC01385",0
"LINC02147",0
"LMNB1-DT",0
"CDH18-AS1",0
"LINC02488",0
"LINC02144",0
"LINC01847",0
"LINC02116",0
"LINC02104",0
"LINC02064",0
"SV2C-AS1",0
"LINC01333",0
"LINC02216",0
"LINC02219",0
"LINC02196",0
"LINC02142",0
"LINC02148",0
"LINC02123",0
"LINC01194",0
"LINC01019",0
"LINC02162",0
"ACSL6-AS1",0
"LINC01377",0
"LINC01949",0
"LINC00604",0
"LINC02114",0
"LINC02109",0
"LINC01020",0
"FABP5P5",0
"MIR583",0
"RNU6-524P",0
"LINC02061",0
"HMGN1P17",0
"LINC01948",0
"LINC01455",0
"TRMT112P2",0
"KRT18P45",0
"SPZ1",0
"RNU6-211P",0
"HSPB3",0
"PTP4A1P4",0
"GUSBP7",0
"CSPG4BP",0
"GUSBP9",0
"SEPHS2P1",0
"RPL23AP45",0
"RPL36P11",0
"PRELID3BP7",0
"GUSBP17",0
"OCLNP1",0
"NAIPP4",0
"CDH12P4",0
"SEM1P1",0
"GUSBP15",0
"H3P18",0
"H3P21",0
"GUSBP14",0
"NAIPP2",0
"SETP21",0
"POLD2P1",0
"HMGB3P17",0
"NIFKP2",0
"GUSBP13",0
"CDH12P2",0
"GUSBP19",0
"GUSBP8",0
"GGCTP1",0
"TRIM7-AS1",0
"GUSBP16",0
"LINC02226",0
"FOXF2-DT",0
"RPL34P16",0
"RPL5P20",0
"JARID2-DT",0
"EEF1E1-BLOC1S5",0
"RPL21P61",0
"BLOC1S5-TXNDC5",0
"SPTLC1P2",0
"PIP5K1P1",0
"TOMM5P1",0
"RPL6P18",0
"HDGFL1",0
"RPL6P17",0
"RPL7AP36",0
"STMND1",0
"ISG20L2P1",0
"RPL13P",0
"NRSN1",0
"OR2U2P",0
"TFB2MP1",0
"RPS18P8",0
"OR2J4P",0
"ZNF90P2",0
"DDX18P3",0
"FOXF2",0
"UQCRFS1P3",0
"OR2G1P",0
"JARID2-AS1",0
"IMPDH1P9",0
"HNRNPA1P58",0
"RPL29P17",0
"RPL36AP25",0
"E2F4P1",0
"WBP1LP12",0
"PGK2",0
"RBBP4P3",0
"NANOGP3",0
"RPL37P15",0
"PRR11P1",0
"TIAL1P1",0
"OR2U1P",0
"MTMR9P1",0
"LAP3P1",0
"GCNT1P4",0
"RPS15AP20",0
"LGSN",0
"POU3F2",0
"NDUFA5P9",0
"RUNX2-AS1",0
"GLYATL3",0
"RPL35P3",0
"PRDX2P4",0
"LAMA4-AS1",0
"TXNP7",0
"EEF1GP6",0
"GAPDHP41",0
"EIF4EBP2P3",0
"RPSAP44",0
"NEPNP",0
"SMARCE1P2",0
"RPL31P32",0
"MCHR2",0
"GAPDHP42",0
"DHFRP5",0
"SOCS5P5",0
"ANKRD39P1",0
"RPL31P28",0
"LINC02857",0
"PRSS35",0
"KRASP1",0
"RPL5P19",0
"RPS4XP9",0
"ELOVL4",0
"EEF1A1P36",0
"VGLL2",0
"RPL35AP18",0
"RPL7AP35",0
"RPS17P5",0
"SIM1-AS1",0
"RPL23AP48",0
"SLC25A6P6",0
"BTF3L4P3",0
"TNPO3P2",0
"FCF1P10",0
"RPL21P66",0
"RPL31P33",0
"LIN28B",0
"FABP7",0
"YAP1P3",0
"KRT18P50",0
"EEF1A1P42",0
"TINAG",0
"HTR1E",0
"TBX18",0
"LINC02836",0
"NPM1P10",0
"GAPDHP73",0
"FUT9",0
"FAM136FP",0
"FAM83B",0
"COL10A1",0
"LINC02524",0
"TUBB4BP7",0
"RPSAP42",0
"RFPL4B",0
"RPA3P2",0
"TAAR6",0
"FTH1P26",0
"PPP1R14BP5",0
"RPL7P29",0
"MTCYBP36",0
"MEMO1P2",0
"MTCO3P31",0
"C11orf98P2",0
"TAAR2",0
"MTATP6P25",0
"RPL12P23",0
"PHB1P1",0
"MTHFD2P2",0
"MTND4LP19",0
"TINAG-AS1",0
"ATF1P1",0
"NUDT19P3",0
"HMGB3P19",0
"MTCO1P56",0
"RPL26P20",0
"SSR1P1",0
"SNRPEP6",0
"LDHAL6FP",0
"RAET1M",0
"EEF1DP5",0
"MTND3P20",0
"HMGB1P13",0
"RPSAP40",0
"COX6A1P3",0
"H3P27",0
"COX5BP2",0
"MTND4LP20",0
"MTCO2P31",0
"MTRES1P1",0
"RPL21P64",0
"CLNS1AP1",0
"RPL17P25",0
"MTND4P13",0
"ZC2HC1B",0
"TAAR7P",0
"RPL10P10",0
"AK4P5",0
"HMGB1P17",0
"CACYBPP3",0
"RPL17P24",0
"RPL23AP46",0
"CTAGE13P",0
"SSXP10",0
"RPSAP45",0
"NMBR-AS1",0
"RPL7P27",0
"DNAJA1P4",0
"MTATP6P31",0
"KRT18P65",0
"RPL36P10",0
"FEM1AP3",0
"OLIG3",0
"HNRNPDP2",0
"RAB1AP2",0
"RPSAP72",0
"RGS17",0
"RN7SL352P",0
"MIR6720",0
"MIR3691",0
"RNU6ATAC21P",0
"RN7SL554P",0
"RNU6-793P",0
"RNU6-522P",0
"MIR548A1",0
"RN7SL332P",0
"RNA5SP204",0
"RNU6-263P",0
"RNU6-1060P",0
"RN7SKP240",0
"RNA5SP205",0
"RNU6-801P",0
"RNU6-150P",0
"RNU6-930P",0
"RNU1-54P",0
"RNU6-754P",0
"MIR5685",0
"RNU7-65P",0
"RN7SL580P",0
"RNA5SP208",0
"RNU6-1023P",0
"RNU7-66P",0
"RNU6-261P",0
"RNU6-84P",0
"RNU6-1338P",0
"RNU6-280P",0
"RN7SKP256",0
"RNU6-248P",0
"RN7SL643P",0
"RN7SL415P",0
"MIR4643",0
"MIR548AI",0
"RN7SL509P",0
"RNU4-66P",0
"RN7SL797P",0
"RNU7-48P",0
"RNU6-1299P",0
"MIR2113",0
"RNU6-1106P",0
"MIR4464",0
"RNU6-344P",0
"RNU6-1163P",0
"RNU6-214P",0
"RN7SKP18",0
"RNU6-897P",0
"RNA5SP215",0
"RNU6-1226P",0
"RNU6-253P",0
"MIR588",0
"RNU6-200P",0
"RNU4-76P",0
"MIR3144",0
"RNU6-475P",0
"RNU1-18P",0
"MIR3662",0
"RNU6-1222P",0
"RNU7-152P",0
"RN7SKP211",0
"RNU6-896P",0
"RNA5SP225",0
"RNU2-8P",0
"RNU4-7P",0
"RNU6-300P",0
"RNA5SP224",0
"RN7SKP106",0
"RN7SL564P",0
"MIR4644",0
"SNORD28B",0
"RNA5SP221",0
"DNAJC19P6",0
"RPL22P14",0
"RN7SKP110",0
"RNU1-33P",0
"GSTA3",0
"RN7SK",0
"RN7SL244P",0
"RNU6-464P",0
"SOD1P1",0
"OR2W2P",0
"OR2B7P",0
"OR2B6",0
"RPLP2P1",0
"OR2W4P",0
"MIR7161",0
"MIR3939",0
"TTLL2",0
"SIM1",0
"GPR31",0
"TFAP2D",0
"SLC22A16",0
"RN7SL617P",0
"MIR4645",0
"FAM136BP",0
"SERPINB8P1",0
"RNU6-391P",0
"RNU1-11P",0
"LINC02530",0
"GPR53P",0
"OR2H5P",0
"TMEM183AP1",0
"RPL13AP",0
"MOG",0
"RPL23AP1",0
"MICE",0
"HCG9P5",0
"HLA-P",0
"RPL7AP7",0
"GCNT2P1",0
"RNA5SP203",0
"SNORA29",0
"PTCRA",0
"RN7SL403P",0
"MIR4282",0
"KNOP1P4",0
"PGAM1P10",0
"RBPMS2P1",0
"KHDC1P1",0
"KHDC1L",0
"SDCBP2P1",0
"PAICSP3",0
"DPPA5",0
"KHDC3L",0
"OOEP-AS1",0
"RPS6P8",0
"RNA5SP211",0
"RNU6-527P",0
"RPL21P65",0
"RNU6-117P",0
"MIR587",0
"SNORA40C",0
"RNU6-1115P",0
"GSTM2P1",0
"MIR1273C",0
"CLDN20",0
"RN7SKP186",0
"MIR4640",0
"HCG21",0
"RNU6-1133P",0
"C6orf15",0
"PSORS1C2",0
"POLR2LP1",0
"VARS2",0
"RNU6-153P",0
"GNG5P1",0
"HNRNPA1P49",0
"MIR1913",0
"TBXT",0
"KCNK16",0
"LNCDAT",0
"PKMP5",0
"MIR7853",0
"MIR5683",0
"SNAPC5P1",0
"VTA1P1",0
"SMIM15P2",0
"MTCH1P1",0
"ACKR4P1",0
"RPSAP43",0
"RNA5SP213",0
"LINC02536",0
"MRPS17P5",0
"GSTA11P",0
"NCR2",0
"MIR4641",0
"SLC17A3",0
"H2AC3P",0
"H2BP5",0
"H2AC4",0
"RPL15P4",0
"MCCD1",0
"ATP6V1G2-DDX39B",0
"SNORD117",0
"SNORD84",0
"SNORA38",0
"MIR6832",0
"MIR4646",0
"LY6G6F",0
"LY6G6F-LY6G6D",0
"MSH5-SAPCD1",0
"RNU6-850P",0
"RNU6-975P",0
"WASF5P",0
"LINC02571",0
"MIR6891",0
"RNU6-283P",0
"FGFR3P1",0
"ZDHHC20P2",0
"RPL36AP5",0
"ATP6V0CP3",0
"RNA5SP219",0
"SLC35D3",0
"RPL35AP3",0
"CAPN11",0
"NPM1P51",0
"PRICKLE4",0
"SNORD48",0
"SNORD52",0
"MAS1",0
"CHP1P2",0
"C6orf118",0
"RNA5SP226",0
"RNU6-730P",0
"ACTG1P18",0
"RN7SL366P",0
"MICC",0
"TMPOP1",0
"SUCLA2P1",0
"MIR877",0
"TOMM6",0
"CRISP3",0
"RN7SKP204",0
"MIR3692",0
"HSPE1P26",0
"SYNJ2-IT1",0
"RNU6-906P",0
"MIR4462",0
"MIR3135B",0
"HLA-Z",0
"RPL27AP7",0
"MIR548A2",0
"RN7SL183P",0
"SPACA1",0
"AP3S1P1",0
"RNU6-502P",0
"RNU7-26P",0
"TRIM15",0
"EGFL8",0
"MIR6721",0
"RNU6-603P",0
"RN7SL353P",0
"NUP50P4",0
"MIR4463",0
"UBE2V1P15",0
"RNU1-34P",0
"TULP1",0
"MIR1236",0
"CYP21A2",0
"RNA5SP206",0
"H2AC9P",0
"H4C6",0
"H4C7",0
"COPS5P1",0
"RPL17P26",0
"RNU6-626P",0
"FTH1P15",0
"MRPL30P1",0
"SLC17A2",0
"HCRTR2",0
"OR2J3",0
"FAM217A",0
"RPS6KA2-AS1",0
"RNU6-1247P",0
"RNY4P20",0
"RN7SKP268",0
"CCDC170",0
"RNU6-813P",0
"RPS12P14",0
"FAM162B",0
"RPS29P13",0
"RNA5SP214",0
"RFX6",0
"RNA5SP220",0
"MIR3668",0
"MIR4465",0
"OR2A4",0
"RPL15P9",0
"MIR548H5",0
"SELENOKP2",0
"CRISP1",0
"DEFB114",0
"DEFB113",0
"DEFB110",0
"DEFB112",0
"ADGRB3",0
"RNA5SP223",0
"NANOGP11",0
"HSPD1P16",0
"OR12D2",0
"UBDP1",0
"MAS1LP1",0
"MAS1L",0
"RPS17P1",0
"OR5V1",0
"OR12D3",0
"HLA-DPA2",0
"COL11A2P1",0
"ZNF70P1",0
"HTATSF1P1",0
"MIR6873",0
"MIR6834",0
"SMIM40",0
"OR14J1",0
"RPL34P14",0
"RPL35AP4",0
"MIR5004",0
"MTCYBP4",0
"HSPE1P21",0
"RAET1G",0
"PKMP3",0
"SNORD50B",0
"SMIM11P1",0
"RNU4-72P",0
"RNU4-12P",0
"CYCSP17",0
"HNRNPLP1",0
"RPS26P29",0
"IDH1P1",0
"HS3ST5",0
"OR2J1",0
"OR2H1",0
"OR2J2",0
"OR10C1",0
"KRT18P64",0
"DUTP5",0
"TPT1P6",0
"NMBR",0
"H3C6",0
"TAAR1",0
"GPR6",0
"FHL5",0
"RNU4-70P",0
"TYMSP1",0
"RN7SL173P",0
"TRIM39-RPP21",0
"HLA-N",0
"HCG19P",0
"UBQLN1P1",0
"RPL8P1",0
"H4C10P",0
"CNN3P1",0
"HCP5B",0
"HLA-T",0
"KIF25",0
"MESTP1",0
"BMPR1AP1",0
"RNU6-861P",0
"RPL5P21",0
"RNU1-61P",0
"MTCO3P1",0
"HLA-DQB3",0
"PXT1",0
"PRL",0
"SMOC2",0
"MYCT1",0
"LY6G6D",0
"ADGRF4",0
"ZNF603P",0
"ZKSCAN8P2",0
"VN1R11P",0
"RPL10P2",0
"MCFD2P1",0
"HNRNPA1P1",0
"CD83P1",0
"RNU6-471P",0
"RNY3P15",0
"CFAP206",0
"ST13P16",0
"RNU6-444P",0
"ESDP1",0
"COL11A2",0
"BTNL2",0
"RIPPLY2",0
"FRMD1",0
"GPR166P",0
"HLFP1",0
"CCNG1P1",0
"RBM11P1",0
"RNU6-302P",0
"CMPK1P1",0
"CLPSL2",0
"CLPSL1",0
"CLPS",0
"KILH",0
"KLHL31",0
"CALHM5",0
"CALHM4",0
"MTHFD2P3",0
"MRPL42P3",0
"PRRT1",0
"RNY3P11",0
"RPL7P28",0
"PRELID1P2",0
"HSPE1P11",0
"SREK1IP1P2",0
"GSTA2",0
"OSTM1-AS1",0
"NR2E1",0
"RNU6-1144P",0
"RPL36AP24",0
"RNU6-770P",0
"RN7SKP209",0
"CGA",0
"RCN1P1",0
"MIR206",0
"LINCMD1",0
"MIR133B",0
"IL17A",0
"SLC25A20P1",0
"IL17F",0
"GJE1",0
"SAPCD1",0
"MUC22",0
"TAAR8",0
"TAAR9",0
"TMEM217B",0
"LRFN2",0
"RNU6-250P",0
"UBE2D3P5",0
"KATNBL1P5",0
"HNRNPA3P17",0
"RNU1-88P",0
"RN7SL234P",0
"FABP12P1",0
"GUCA1ANB-GUCA1A",0
"PAGE4P1",0
"SCGN",0
"H2AC1",0
"H2BC1",0
"GLP1R",0
"MLN",0
"ANKRD36P2",0
"MIR7159",0
"MIR1275",0
"LINC01015",0
"RPL17P23",0
"C6orf58",0
"GRM4",0
"KRT18P9",0
"MIR6835",0
"TTBK1",0
"H3P28",0
"BECN1P2",0
"RPS10-NUDT3",0
"RPL7P25",0
"ATP6V1FP1",0
"OR2H4P",0
"OR2N1P",0
"OR2B4P",0
"TAAR3P",0
"PRIM2BP",0
"HLA-V",0
"TCP10L3",0
"CYP21A1P",0
"H2AC10P",0
"DEFB133",0
"HLA-DRB6",0
"ZNF602P",0
"RAET1K",0
"ZSCAN12P1",0
"GSTA9P",0
"HLA-L",0
"BTN2A3P",0
"HLA-DPB2",0
"ZNF204P",0
"H2AC2P",0
"TCP10L2",0
"MIR548AJ1",0
"EYA4",0
"SMLR1",0
"DBIP1",0
"FUNDC2P3",0
"RNA5SP222",0
"LUADT1",0
"YAP1P1",0
"DDX39BP1",0
"MCCD1P1",0
"HLA-J",0
"RN7SL408P",0
"RPS29P32",0
"RNA5SP218",0
"RNU6-1286P",0
"GUSBP2",0
"POM121L6P",0
"VN1R12P",0
"IL22RA2",0
"B3GALNT2P1",0
"RPL21P67",0
"ENPP3",0
"RNU4-18P",0
"SYCP2L",0
"RN7SL465P",0
"KRT8P44",0
"PACRG-AS3",0
"NUDT19P4",0
"RBM22P4",0
"MIR586",0
"B3GNTL1P2",0
"RN7SKP116",0
"OPN5",0
"RNU1-105P",0
"FCF1P5",0
"NACAP7",0
"RN7SL26P",0
"MIR4642",0
"DHFRP6",0
"NKAIN2",0
"ATP5PBP6",0
"ERHP2",0
"RNU6-411P",0
"MIR30C2",0
"MIR30A",0
"NGRNP2",0
"CIMIP3",0
"PRELID1P1",0
"ZPR1P1",0
"RPS3AP23",0
"VDAC1P8",0
"GAPDHP72",0
"RPL7AP37",0
"KATNBL1P6",0
"PPP1R2P1",0
"SELENOKP3",0
"DHFRP2",0
"DPRXP2",0
"OFCC1",0
"TEX56P",0
"ADGRF2P",0
"LY6G6E",0
"CMAHP",0
"VNN3P",0
"POLR1HASP",0
"GGNBP1",0
"GSTA5",0
"CCDC162P",0
"TUBBP9",0
"CLVS2",0
"TRDN",0
"SUMO2P12",0
"RN7SKP293",0
"ERVFRD-1",0
"OR12D1",0
"FNDC1-IT1",0
"SPTLC1P3",0
"EEF1B2P5",0
"MRPL35P1",0
"LINC01108",0
"CRIPTOP4",0
"RNA5SP202",0
"MTCO2P33",0
"RN7SL471P",0
"OR2W1",0
"OR2P1P",0
"SAR1AP1",0
"OR2B3",0
"WBP1LP8",0
"UNC5CL",0
"TSPO2",0
"HTR1B",0
"RPS6P7",0
"MEI4",0
"LINC02549",0
"RNU1-64P",0
"E2F3-IT1",0
"RNU6-141P",0
"C4A-AS1",0
"HCG24",0
"TREML1",0
"TREML3P",0
"TREML4",0
"RNA5SP207",0
"TREML5P",0
"RNU6-643P",0
"RPL32P15",0
"LINC02543",0
"MDH1P2",0
"MIR4639",0
"RNU6-1114P",0
"CHCHD2P4",0
"FAM8A6P",0
"NHSL1-AS1",0
"LINC00243",0
"SNX9-AS1",0
"LINC02487",0
"LINC02538",0
"LINC03003",0
"TDRD6-AS1",0
"MCHR2-AS1",0
"TDRG1",0
"LINC00951",0
"MROCKI",0
"LINC01622",0
"LINC02865",0
"SIMALR",0
"LINC02529",0
"TRDN-AS1",0
"RCAN2-DT",0
"ADGRB3-DT",0
"ELOVL2-AS1",0
"MLIP-AS1",0
"LINC02526",0
"LINC02919",0
"LINC02534",0
"LINC01564",0
"LINC03066",0
"LINC01621",0
"GCLC-AS1",0
"LINC01611",0
"CDYL-AS1",0
"LINC01312",0
"CD109-AS1",0
"LINC01016",0
"LINC02527",0
"OR2W1-AS1",0
"LINC02519",0
"LINC01624",0
"ADGB-DT",0
"CCDC28A-AS1",0
"TBX18-AS1",0
"LINC02540",0
"LINC00602",0
"PACRG-AS1",0
"LINC01149",0
"LINC02525",0
"FNDC1-AS1",0
"LINC02539",0
"SCAT8",0
"LINC02829",0
"PACRG-AS2",0
"LINC02533",0
"DNAH8-AS1",0
"MIR548A1HG",0
"TRIM31-AS1",0
"LIN28B-AS1",0
"DST-AS1",0
"KCNQ5-AS1",0
"LINC02535",0
"LINC01600",0
"ETV7-AS1",0
"LINC01512",0
"RN7SL502P",0
"RN7SL748P",0
"RNU2-61P",0
"PNRC1-DT",0
"GABRR1",0
"COX11P1",0
"OR2E1P",0
"GPX6",0
"GPX5",0
"ZBED9-AS1",0
"COX8CP1",0
"LINC00533",0
"RPSAP2",0
"RPL7L1P20",0
"TFAP2A-AS1",0
"LINC00518",0
"MIR5689",0
"LINC02522",0
"MRPL48P1",0
"GUSBP4",0
"POM121L14P",0
"LINC00680",0
"GAPDHP15",0
"PBOV1",0
"SMIM28",0
"MIR3145",0
"RN7SL811P",0
"MYMX",0
"MIR4647",0
"RNU6-1113P",0
"ELF2P2",0
"SLC25A51P1",0
"TPI1P3",0
"CYP2AC1P",0
"HMGB3P18",0
"R3HDM2P2",0
"NGRNP4",0
"ATP5MFP2",0
"ZDHHC20P1",0
"IFITM4P",0
"HCG4",0
"MICG",0
"RPSAP41",0
"EIF3EP1",0
"CNN2P9",0
"RBISP4",0
"GSTA6P",0
"H2AC5P",0
"UQCRHP1",0
"EXOSC8P1",0
"BTN1A1P1",0
"MKRN6P",0
"TNXA",0
"STK19B",0
"RCC2P7",0
"NAA40P1",0
"RPS3AP24",0
"HLA-DPA3",0
"RPL29P1",0
"GPR89P",0
"BTF3P7",0
"HLA-H",0
"HLA-DRB9",0
"SUMO2P13",0
"ANKRD18FP",0
"TPT1P4",0
"PTCHD3P3",0
"GSTA7P",0
"GSTA12P",0
"GSTA10P",0
"H2BC2P",0
"HLA-K",0
"DDX39BP2",0
"MCCD1P2",0
"HMGA1P7",0
"VN1R13P",0
"RPL7AP34",0
"PSMC1P11",0
"PPIAP29",0
"RPL23AP47",0
"ARPC3P5",0
"LINC02537",0
"LINC02518",0
"RPL22P16",0
"PER3P1",0
"MEOX2",0
"CYP3A54P",0
"CCNB2P1",0
"NXPH1",0
"PAPOLB",0
"RPL23AP52",0
"EVA1CP3",0
"RBMX2P4",0
"NPM1P11",0
"GAPDHP68",0
"GTF3AP5",0
"PRPS1L1",0
"RPS26P30",0
"RAMP3",0
"PSMC1P2",0
"RRBP1P1",0
"NPSR1",0
"ROBO2P1",0
"ADCY1",0
"VN1R33P",0
"RPL31P35",0
"VWC2",0
"POM121L12",0
"GNL2P1",0
"HMGN1P19",0
"ARAFP2",0
"NACAD",0
"GTF2IP9",0
"RPS17P13",0
"ELK1P1",0
"RNF138P2",0
"AGMO",0
"SLC25A1P2",0
"RPL7P31",0
"ZNF804B",0
"MTATP6P21",0
"MTCO1P57",0
"KPNA2P2",0
"SEPTIN14P1",0
"SEPTIN14P24",0
"COX6A1P7",0
"BSNDP4",0
"ARF1P1",0
"NCAPD2P1",0
"EIF4A1P13",0
"DDX43P2",0
"SAPCD2P4",0
"RPL7P30",0
"CICP8",0
"RAC1P9",0
"SOCS5P1",0
"HMGB3P21",0
"DDX43P3",0
"EEF1A1P28",0
"TEX47",0
"TAC1",0
"RPL7AP40",0
"ARAFP3",0
"VPS51P2",0
"AP1S2P1",0
"VSTM2A-OT1",0
"HINT1P2",0
"HGF",0
"DYNLL1P7",0
"LUARIS",0
"ATP5PBP2",0
"EIF3IP1",0
"SNX2P2",0
"RPS10P14",0
"RSL24D1P3",0
"MTND1P3",0
"ASS1P11",0
"LINC02903",0
"LAMB4",0
"MYL6P4",0
"RPL3P8",0
"KCND2",0
"RAC1P6",0
"COX6A1P6",0
"FMC1-LUC7L2",0
"SUMO2P14",0
"RPL7AP42",0
"CYCSP19",0
"PRELID3BP10",0
"MTCO3P41",0
"TRBV6-2",0
"DLX6",0
"ERHP1",0
"PPP1R2P6",0
"COL26A1",0
"ZNF619P1",0
"RPL21P76",0
"CCZ1P1",0
"SKP1P1",0
"PAICSP6",0
"TRBV8-1",0
"RCC2P3",0
"RPL17P27",0
"MTND4P3",0
"TRBV5-2",0
"CAPZA1P5",0
"CLEC2L",0
"TRBV6-4",0
"TRBV4-1",0
"OR2Q1P",0
"UQCRFS1P2",0
"SLC16A1P1",0
"TAS2R3",0
"PSMC1P3",0
"TRBV7-3",0
"RABGEF1P2",0
"AKR1B15",0
"TRBV8-2",0
"BUB3P1",0
"TRPC6P8",0
"TAS2R6P",0
"PRSS58",0
"TRBV5-3",0
"ZP3P2",0
"TRBV6-1",0
"WNT16",0
"TMEM229A",0
"HMGN1P18",0
"MTCO1P55",0
"IMPDH1P3",0
"RPL7P59",0
"MTND2P5",0
"EI24P4",0
"TRBV1",0
"TRBV7-1",0
"AKR1B10",0
"RPL21P73",0
"EIF4EP4",0
"NDUFB10P2",0
"SNRPGP3",0
"MRM3P2",0
"PIP5K1P2",0
"MIR4656",0
"MIR3683",0
"RNU6-534P",0
"RN7SKP228",0
"RNU1-15P",0
"MIR1183",0
"RN7SL542P",0
"SNORD65C",0
"RNU6-1103P",0
"MIR550A1",0
"MIR550B1",0
"RNU6-438P",0
"MIR550A2",0
"MIR550B2",0
"RN7SL132P",0
"SNORA20B",0
"RNU6-565P",0
"MIR3943",0
"RNU7-35P",0
"RNU6-575P",0
"SNORA5A",0
"SNORA5C",0
"SNORA5B",0
"SNORA9",0
"RN7SKP218",0
"RN7SL292P",0
"RNU2-29P",0
"RNU1-14P",0
"SNORA22B",0
"RNU6-1125P",0
"RNU6-1052P",0
"RNU6-1335P",0
"RNU6-417P",0
"SNORA15B-2",0
"RNU6-912P",0
"RNA5SP231",0
"RNU6-973P",0
"RNU6-313P",0
"RNA5SP234",0
"RNU6-849P",0
"RN7SKP129",0
"RNU6-956P",0
"RN7SKP104",0
"MIR5692A1",0
"MIR5692C2",0
"RNA5SP235",0
"RNU6-532P",0
"RNU6-364P",0
"RN7SL478P",0
"RNU7-188P",0
"MIR591",0
"RN7SL252P",0
"RNA5SP236",0
"SNORA25B",0
"RNU6-581P",0
"RN7SKP277",0
"RNA5SP241",0
"RNU6-517P",0
"MIR4653",0
"RNA5SP237",0
"RNU1-29P",0
"RNA5SP240",0
"MIR3654",0
"RNU6-797P",0
"RN7SKP223",0
"MIR4468",0
"RNU6-911P",0
"RNU1-72P",0
"RNU1-58P",0
"RNU4-74P",0
"RNA5SP248",0
"RNU6-267P",0
"RN7SKP174",0
"THUMPD3P1",0
"MIR3666",0
"BLACE",0
"EN2",0
"RN7SL496P",0
"LINC01450",0
"RNU6-102P",0
"UPK3BP1",0
"PMS2P11",0
"PMS2P9",0
"RBAK-RBAKDN",0
"MIR93",0
"MIR4658",0
"GPC2",0
"PVRIG2P",0
"MIR6840",0
"RNU6-393P",0
"MIR1285-1",0
"TUBB3P2",0
"SPMIP7",0
"RN7SKP187",0
"MTND5P8",0
"MTND6P24",0
"ASB10",0
"DDX3ILA1",0
"MAGI2-AS1",0
"MAGI2-AS2",0
"RNU6-337P",0
"RNU6-530P",0
"NUP35P2",0
"TRPC6P10",0
"RNU6-719P",0
"CICP22",0
"MIR653",0
"MIR489",0
"CALCR",0
"RNU6-1254P",0
"GIMAP1-GIMAP5",0
"GIMAP3P",0
"BET1P1",0
"RNA5SP239",0
"MIR6132",0
"MTND4P6",0
"MTCYBP6",0
"RN7SL771P",0
"CPA4",0
"MIR335",0
"CYP3A51P",0
"CYP3A7",0
"CYP3A137P",0
"CYP3A52P",0
"CNTNAP2-AS1",0
"DUTP3",0
"RANP2",0
"MIR548F4",0
"RNU6-1184P",0
"RNA5SP249",0
"RN7SL456P",0
"RN7SL72P",0
"CALM1P2",0
"RNU6-863P",0
"RABGEF1P3",0
"SRRM3",0
"PPIAP81",0
"FDPSP2",0
"RPL36AP29",0
"LRRC72",0
"MIR6874",0
"PIGCP2",0
"SDHDP2",0
"MIR4649",0
"RNA5SP230",0
"MYL7",0
"VPS37D",0
"RN7SL265P",0
"RNU7-27P",0
"RNU7-54P",0
"EFCAB3P1",0
"MIR5090",0
"MIR4467",0
"UPK3BL1",0
"MIR4283-1",0
"TNRC18P3",0
"SLC29A4P1",0
"PHKG1P4",0
"SEPTIN7P15",0
"MTATP6P8",0
"MTCO3P10",0
"MTND4LP32",0
"MTND4P4",0
"MTND5P6",0
"MTND6P29",0
"MTCYBP29",0
"GUSBP10",0
"MTND1P4",0
"MTND2P6",0
"MTCO1P10",0
"MTCO2P10",0
"MTATP6P10",0
"MTCO3P4",0
"MTND4P5",0
"MTND5P7",0
"MTCYBP5",0
"RNU7-157P",0
"MIR3147",0
"VN1R28P",0
"SAPCD2P2",0
"NIPA2P1",0
"PTTG1IP2",0
"TRBV10-1",0
"TRBV11-1",0
"TRBV12-1",0
"TRBV10-2",0
"TRBV11-2",0
"TRBV12-2",0
"TRBV6-5",0
"TRBV7-4",0
"TRBV5-4",0
"TRBV6-6",0
"TRBV7-5",0
"TRBV5-5",0
"TRBV6-7",0
"TRBV7-6",0
"TRBV5-6",0
"TRBV6-8",0
"TRBV7-7",0
"TRBV5-7",0
"TRBV7-9",0
"TRBV13",0
"TRBV10-3",0
"TRBV11-3",0
"TRBV12-4",0
"TRBV12-5",0
"LINC01448",0
"S100A11P1",0
"RN7SKP86",0
"HNRNPA1P9",0
"MIR4657",0
"MIR6837",0
"MIR6838",0
"RN7SKP266",0
"NPM1P13",0
"RN7SKP130",0
"INHBA-AS1",0
"HMGN2P30",0
"WBP1LP1",0
"TRBD1",0
"TRBJ1-2",0
"TRBJ1-3",0
"TRBJ1-4",0
"TRBJ1-5",0
"TRBJ1-6",0
"TRBJ2-5",0
"TRBV30",0
"TRPV6",0
"TRPV5",0
"OR9P1P",0
"PIP",0
"LLCFC1",0
"LYPLA1P1",0
"RNU6-296P",0
"HYAL6P",0
"ACTL6B",0
"EPO",0
"MIR6875",0
"RN7SL549P",0
"RPS29P15",0
"IMP3P2",0
"RNA5SP242",0
"RNA5SP243",0
"RN7SL81P",0
"FLNC-AS1",0
"SPMIP1",0
"CYCSP20",0
"RNY1P11",0
"CPA5",0
"MTCYBP42",0
"SNORD93",0
"RNU6-392P",0
"LARP1BP2",0
"MIR490",0
"KRT8P51",0
"CHRM2",0
"RNU6-1272P",0
"MZT1P2",0
"RNU7-154P",0
"RPL31P37",0
"MIR4285",0
"TFAMP1",0
"LNCRI",0
"MIR4655",0
"MIR6836",0
"RN7SL556P",0
"OCM",0
"INMT-MINDY4",0
"TAS2R39",0
"TAS2R40",0
"RN7SL481P",0
"FAM131B",0
"MIR6892",0
"TAS2R62P",0
"TAS2R60",0
"TAS2R41",0
"OR2R1P",0
"PAICSP5",0
"RNU6-162P",0
"OR2F1",0
"RNU6-241P",0
"CICP20",0
"RNU6-326P",0
"IGFBP1",0
"FTLP15",0
"RNU6-388P",0
"RNA5SP229",0
"SEPHS1P1",0
"EEF1DP4",0
"GCNT1P5",0
"OR6B1",0
"FERD3L",0
"RNF14P4",0
"MIR6509",0
"SSBL5P",0
"TAS2R2P",0
"OR2AO1P",0
"OR2A42",0
"NOBOX",0
"PPIAP83",0
"RNU6ATAC40P",0
"OR2A41P",0
"OR2A12",0
"OR2A14",0
"OR2A13P",0
"LINC00244",0
"RNU4-31P",0
"GCK",0
"RPL32P17",0
"C7orf33",0
"RN7SL569P",0
"RNU6-650P",0
"COX6B1P1",0
"MIR4650-2",0
"RN7SL377P",0
"RN7SL625P",0
"TRIM74",0
"PHB1P5",0
"PHB1P6",0
"PMS2P13",0
"PMS2P10",0
"ZNF853",0
"SPDYE20P",0
"RN7SKP54",0
"NHP2P2",0
"HOXA1",0
"HOXA2",0
"HOXA9",0
"MIR196B",0
"HOXA11",0
"HOXA13",0
"EVX1",0
"RPL7AP77",0
"TRIM50",0
"FKBP6",0
"RNU6-1080P",0
"HMGN2P11",0
"PHB1P15",0
"SPDYE19P",0
"OR2F2",0
"H2BK1",0
"C7orf78",0
"ZNF479",0
"SPAM1",0
"HOXA3",0
"TRIM60P18",0
"VN1R40P",0
"ZNF680P1",0
"BNIP3P42",0
"BNIP3P44",0
"MIR6839",0
"VN1R42P",0
"PPP1R17",0
"MTDHP1",0
"RNU6-1229P",0
"SNORA22C",0
"SNORA15B-1",0
"RNU6-1085P",0
"PPP1R14BP4",0
"RNU7-143P",0
"TPM3P4",0
"ABCF2P2",0
"RNU6-1198P",0
"CCL26",0
"CCL24",0
"MIR4651",0
"URGCP-MRPS24",0
"RASA4EP",0
"UPK3BL3P",0
"ABCF2-H2BK1",0
"MIR4648",0
"VGF",0
"SP8",0
"CYP3A4",0
"SUN3",0
"HOXA10",0
"TMEM178B",0
"RPL36P12",0
"RNU6-1322P",0
"SPDYE9",0
"SPDYE11",0
"SPDYE13",0
"SPDYE15",0
"GTF3C6P3",0
"PRR15",0
"TMSB4XP3",0
"MIR550A3",0
"S100A11P2",0
"TBX20",0
"GBX1",0
"FOXL3",0
"MARK2P10",0
"WNT2",0
"ASZ1",0
"ANKRD49P4",0
"CTTNBP2",0
"MIR671",0
"SPDYE8",0
"STRA8",0
"GRIFIN",0
"GDI2P1",0
"RNU6-1136P",0
"RN7SKP198",0
"SAP25",0
"RPL6P20",0
"VN1R37P",0
"VN1R38P",0
"SAPCD2P1",0
"ZNF735",0
"OR9A1P",0
"RNU6-1328P",0
"RN7SL43P",0
"MIR4650-1",0
"PPIAP80",0
"TRGJ2",0
"TRGJ1",0
"TRGJP",0
"TRGJP1",0
"TRGV9",0
"TRGVA",0
"TRGV8",0
"TRGV7",0
"TRGV6",0
"TRGV2",0
"TRGV1",0
"TRGC1",0
"RN7SL845P",0
"TRBV14",0
"TRBV15",0
"TRBV16",0
"TRBV17",0
"TRBV19",0
"TRBV22-1",0
"TRBV23-1",0
"TRBV25-1",0
"TRBVA",0
"TRBV26",0
"TRBVB",0
"TRBV27",0
"PGBD4P1",0
"TRBV29-1",0
"WBP1LP2",0
"SLC26A4",0
"RN7SL521P",0
"RN7SL7P",0
"MIR29B1",0
"RAD23BP2",0
"OCM2",0
"CCDC201",0
"TRIM60P16",0
"CICP28",0
"SEPTIN7P5",0
"PHKG1P2",0
"SLC29A4P2",0
"MIR4283-2",0
"CICP24",0
"NMD3P1",0
"SLC25A1P3",0
"VN1R34P",0
"VN1R35P",0
"VN1R36P",0
"TUBBP6",0
"RNU6-389P",0
"SUMO2P3",0
"CICP11",0
"RPL7L1P2",0
"CICP17",0
"CYP3A7-CYP3A51P",0
"NECAP1P1",0
"GPR141",0
"GPR141BP",0
"CDCA3P1",0
"NME8",0
"MIR6133",0
"NMD3P2",0
"GIMAP5",0
"SMIM10L3",0
"RNA5SP244",0
"MIR182",0
"MIR96",0
"MIR183",0
"RNA5SP245",0
"UPK3BL2",0
"ADCYAP1R1",0
"ZNF733P",0
"TCAF2P1",0
"MOXD2P",0
"OR9A3P",0
"OR9N1P",0
"OR10AH1P",0
"STAG3L5P",0
"GTF2IP7",0
"OR6W1P",0
"SLC23A4P",0
"OR2A3P",0
"OR2A20P",0
"OR2A9P",0
"NSUN5P2",0
"STAG3L3",0
"STAG3L2",0
"FKBP6P2",0
"PMS2CL",0
"GTF2IRD2P1",0
"GTF2IP1",0
"POLR2J4",0
"NUPR2P1",0
"STAG3L1",0
"FKBP9P1",0
"ZNF815P",0
"ZNF767P",0
"DPY19L2P4",0
"FAM185BP",0
"DPY19L2P1",0
"RABGEF1P1",0
"DPY19L2P2",0
"RP9P",0
"NSUN5P1",0
"SBDSP1",0
"STAG3L4",0
"PMS2P4",0
"PMS2P1",0
"GTF2IRD1P1",0
"SEPTIN7P2",0
"CACNA2D1-AS1",0
"MTHFD2P5",0
"PAXBP1P1",0
"HTR5A",0
"CHN2-AS1",0
"NANOGP4",0
"RPL6P21",0
"EEF1A1P26",0
"SPDYE14",0
"MIR592",0
"GRM8-AS1",0
"PRRT4",0
"MYL10",0
"MIR3146",0
"TMEM196",0
"RNU6-1097P",0
"RPL36AP27",0
"NPC1L1",0
"RNU6-215P",0
"GALNT17",0
"MIR3914-1",0
"MIR3914-2",0
"MIR153-2",0
"MIR595",0
"MIR5707",0
"PMS2P2",0
"HOXA4",0
"MARK2P13",0
"ALDH7A1P3",0
"TRPC6P3",0
"RN7SKP280",0
"SSU72L6",0
"RNA5SP246",0
"KLF14",0
"RNA5SP232",0
"MIR593",0
"MIR129-1",0
"LEP",0
"EPS15P1",0
"RPL13AP17",0
"FABP5P3",0
"TPI1P2",0
"GTF2IP4",0
"ZNRF2P2",0
"CDHR17P",0
"TMBIM7P",0
"PRSS3P3",0
"PRSS59P",0
"ZBED10P",0
"BICDL3P",0
"BRWD1P3",0
"SSPOP",0
"OR9A2",0
"OR6V1",0
"KCNH2",0
"RN7SL851P",0
"CRYGN",0
"MIR3907",0
"RNU6-1154P",0
"FAM180A",0
"RNU6-223P",0
"SSMEM1",0
"PCMTD1P3",0
"TPT1P7",0
"INTS4P1",0
"HOXA-AS2",0
"RPL7AP38",0
"HMGB3P20",0
"HOXA10-AS",0
"HOXA11-AS",0
"RPL35P4",0
"HNRNPA1P73",0
"TRGV11",0
"TRGVB",0
"TRGV10",0
"RN7SL83P",0
"SNORA15",0
"CCNJP1",0
"KRT8P20",0
"CFAP144P1",0
"RNU6-832P",0
"MTCO2P25",0
"MTCO1P25",0
"RNU6-229P",0
"RPL10P11",0
"RN7SL35P",0
"SNRPBP1",0
"GNAT3",0
"RNU6-274P",0
"STEAP2-AS1",0
"MIR4652",0
"NDUFAF4P2",0
"RNA5SP228",0
"NPY",0
"RPL7AP41",0
"TSEN15P3",0
"NCF1B",0
"AOAH-IT1",0
"NPM1P18",0
"FAM220A",0
"OR2A2",0
"EEF1GP1",0
"LINC02830",0
"RPL31P39",0
"MTX2P1",0
"PPIAP93",0
"RNU6-1104P",0
"PNPT1P2",0
"FEZF1-AS1",0
"RNF133",0
"SLC13A1",0
"CASTOR3P",0
"LINC02860",0
"LINC02854",0
"POU6F2-AS1",0
"LINC01007",0
"LINC03013",0
"NPSR1-AS1",0
"LINC01162",0
"PRKAR1B-AS2",0
"CPVL-AS1",0
"LINC01392",0
"LINC01446",0
"HECW1-IT1",0
"LINC01287",0
"MIR3147HG",0
"LINC03017",0
"LINC03095",0
"KIAA0087",0
"EN2-DT",0
"POU6F2-AS2",0
"ZNF775-AS1",0
"LINC01449",0
"LINC00972",0
"LINC02476",0
"SLC12A9-AS1",0
"HOTTIP",0
"LINC02838",0
"MNX1-AS1",0
"TFPI2-DT",0
"EVX1-AS",0
"SDK1-AS1",0
"PTPRN2-AS1",0
"LINC02932",0
"HTR5A-AS1",0
"DLX6-AS1",0
"FAM131B-AS1",0
"LINC02902",0
"LNCPRESS1",0
"MYH16",0
"AZGP1P1",0
"RPS27P16",0
"RNU6-92P",0
"CYP2W1",0
"UNCX",0
"MMD2",0
"RBAKDN",0
"RNU1-82P",0
"UNC93B2",0
"ALG1L5P",0
"OR7E39P",0
"OR7E136P",0
"RPL23P8",0
"DPY19L1P1",0
"FAM86LP",0
"VN1R31P",0
"SEPTIN7P4",0
"SLC25A5P3",0
"LINC01445",0
"LINC03075",0
"PHKG1P1",0
"DGAT2L7P",0
"NCOR1P3",0
"GTF2IP5",0
"OR7E7P",0
"OR7E38P",0
"CDC26P1",0
"MRPL42P4",0
"SRSF8CP",0
"CAPZA1P4",0
"RPL7AP43",0
"MTCYBP24",0
"CCT4P1",0
"GUSBP12",0
"RPL23AP95",0
"RPSAP73",0
"RPL12P10",0
"PMS2P12",0
"TCAF1P1",0
"TTC4P1",0
"DPY19L1P2",0
"FKBP6P1",0
"PMS2P7",0
"PMS2P8",0
"PMS2P14",0
"PMS2P6",0
"PMS2P5",0
"HNRNPA1P8",0
"YWHAEP1",0
"GTF2IP14",0
"SEPTIN7P3",0
"NCF1C",0
"STRADBP1",0
"ATP5PBP3",0
"ZNF734P",0
"TNRC18P2",0
"PSPHP1",0
"VN1R25P",0
"RBM22P3",0
"AZGP1P2",0
"LINC01005",0
"ZNF722",0
"GUSBP6",0
"MTND4P2",0
"MTND4LP2",0
"MTND3P2",0
"MTCO3P8",0
"MTATP6P18",0
"MTCO2P8",0
"MTCO1P8",0
"MTND2P4",0
"MTND1P2",0
"AGK-DT",0
"PPP2R3B",0
"RPL14P5",0
"HADHBP1",0
"PRKX-AS1",0
"DRAXINP1",0
"VCX2",0
"ANAPC15P1",0
"NOLC1P1",0
"IL3RA",0
"P2RY8",0
"MTCYBP12",0
"RPL6P30",0
"SLC25A6",0
"AMELX",0
"DHRSX-IT1",0
"DHRSX",0
"RARRES2P3",0
"ASMTL",0
"FAM9CP1",0
"RPL24P9",0
"FAM9B",0
"GOT2P7",0
"FAM9A",0
"LINC00685",0
"GRPR",0
"TMSB10P2",0
"BEND2",0
"RPL35AP37",0
"CLDN7P1",0
"MDM4P1",0
"BRK1P1",0
"SRSF2P1",0
"KLHL34",0
"SMPX",0
"LINC01283",0
"METTL1P1",0
"SC4MOP",0
"PLLPP1",0
"RPS15AP40",0
"HMGB1P16",0
"PGAM1P7",0
"H2AP",0
"MOB1AP2",0
"SIAH1P1",0
"MAGEB17",0
"RPP40P1",0
"FAM47B",0
"SCML2",0
"CTNNBL1P1",0
"YBX1P8",0
"PYY3",0
"NANOGP10",0
"NFYCP1",0
"EFHC2",0
"CHTF8P1",0
"CCNYL5",0
"MAGEB10",0
"ITIH6",0
"ZFRP1",0
"CFAP47",0
"FAM236B",0
"NDP",0
"YWHAZP7",0
"AKAP4",0
"YWHAZP8",0
"HNRNPDP1",0
"PHKA1-AS1",0
"SMIM15P1",0
"DGKK",0
"NDP-AS1",0
"SPIN4-AS1",0
"RPL23AP83",0
"PSMA5P1",0
"EDA2R",0
"MTND1P31",0
"KRT8P27",0
"SFR1P2",0
"HNRNPH3P1",0
"THAP12P1",0
"PSMA1P1",0
"PCNPP4",0
"TPMTP4",0
"SAR1AP4",0
"FGF16",0
"P2RY10BP",0
"CPXCR1",0
"HMGN1P34",0
"SETP4",0
"MTND2P25",0
"CTDSPL2P1",0
"CALM1P1",0
"CORO1CP1",0
"EIF3MP1",0
"UBE2V1P7",0
"CYCSP43",0
"PABPC5",0
"PABPC1L2A",0
"SRIP2",0
"ARL13A",0
"COPS8P1",0
"SHC1P1",0
"STAU2P1",0
"HNRNPA1P25",0
"PPATP2",0
"HNRNPDLP3",0
"FCF1P9",0
"RPS29P28",0
"B3GNT2P1",0
"KLHL4",0
"CAPZA1P3",0
"RPL6P29",0
"WBP11P3",0
"USP37P1",0
"FOXN3P2",0
"ATG4AP1",0
"BUD31P2",0
"MRPS22P1",0
"RNF19BPX",0
"RTL3",0
"POMPP1",0
"BRAFP1",0
"SERBP1P4",0
"USP12PX",0
"TBX22",0
"TGIF2LX",0
"DLGAP5P2",0
"KIF4CP",0
"OOEPP1",0
"HMGB1P32",0
"GTF3C6P1",0
"TRAPPC13P1",0
"CSGALNACT2P1",0
"HK2P1",0
"BRDTP1",0
"LRRFIP2P1",0
"NDUFA5P7",0
"TEX13B",0
"HNRNPDLP1",0
"C3orf49P1",0
"XRCC6P5",0
"MAGEE2",0
"CCNB1IP1P3",0
"NT5DC1P1",0
"SERPINA7P1",0
"RPL34P36",0
"NLRP2B",0
"AP2B1P1",0
"MYCLP2",0
"AWAT2",0
"CCNB3",0
"ACTRT1P1",0
"POU3F4",0
"SNX3P1X",0
"FAM236C",0
"TPT1P13",0
"MDH1P1",0
"MTCYBP31",0
"PPP1R2C",0
"CYLC1",0
"VEZTP1",0
"RIPPLY1",0
"MTND4P31",0
"PGAM4P1",0
"DPRXP6",0
"MTND6P13",0
"TMEM230P1",0
"TMEM184CP1",0
"RPL7AP72",0
"NLRP7P1",0
"IMPDH1P4",0
"RPL22P22",0
"PCNAP3",0
"RPL7P55",0
"PRPF4BP1",0
"COX6CP12",0
"OTUD6A",0
"UBE2V1P16",0
"PNPLA10P",0
"SPRYD7P1",0
"GEMIN8P3",0
"CAPZA1P1",0
"RPS7P13",0
"LUZP4",0
"SPANXB1",0
"MAGEC2",0
"VKORC1P1",0
"DUTP4",0
"SLITRK4",0
"PHF5AP4",0
"OR11Q1P",0
"BTG3P1",0
"CYCSP44",0
"H2BP8",0
"TFDP3",0
"MTND4LP1",0
"OR5BH1P",0
"YAP1P2",0
"SPANXN3",0
"CT47A12",0
"KRT18P44",0
"LINC00850",0
"HAX1P1",0
"OR7L1P",0
"TUBB4AP1",0
"ORC1P1",0
"SKP2P1",0
"PWWP3B",0
"STK24P1",0
"LINC01282",0
"SRD5A1P1",0
"CTDSPL2P2",0
"RAC1P4",0
"BRS3",0
"ASB12",0
"CT47A11",0
"UFM1P1",0
"ZIC3",0
"RPL32P35",0
"RPL3P12",0
"SPANXC",0
"SPANXN1",0
"PNMA6B",0
"MAGEC3",0
"TMEM185AP1",0
"TRMT1P1",0
"OR11N1P",0
"HSFX1",0
"CMC4",0
"AFF2-IT1",0
"M6PRP1",0
"PGBD4P6",0
"ZFYVE9P1",0
"MAGEA8",0
"CT47A7",0
"HNRNPH1P2",0
"MTND1P33",0
"RBMX2P2",0
"MAGEA11",0
"GPR50",0
"FAM226B",0
"PASD1",0
"MTCYBP38",0
"MAGEA7P",0
"NDUFB3P5",0
"RPL36AP52",0
"SPANXD",0
"MTND2P39",0
"RRM2P4",0
"ELL2P4",0
"ANKRD11P2",0
"MAGEC1",0
"LHFPL1",0
"NAB1P1",0
"HNRNPCP10",0
"HDGFP1",0
"PRR32",0
"TCERG1P1",0
"CXorf51B",0
"HMGB3P30",0
"DCAF12L1",0
"SETP8",0
"CBX1P1",0
"OR1AA1P",0
"TJAP1P1",0
"RUVBL2P1",0
"NDUFB5P2",0
"CSGALNACT2P2",0
"CD84P1",0
"ADGRG4",0
"PKMP2",0
"HMGN2P48",0
"SLIRPP1",0
"NAP1L3",0
"SLC6A14P2",0
"SLC6A14P1",0
"ACTBP1",0
"OR5AW1P",0
"OR13K1P",0
"SPANXA2",0
"RNU6-114P",0
"MIR651",0
"SNORA48B",0
"MIR4770",0
"MIR548AX",0
"RNU6-146P",0
"RN7SL658P",0
"MIR548AM",0
"RNA5SP499",0
"RN7SKP183",0
"RNU6-133P",0
"RNU6-641P",0
"RNU6-591P",0
"RNU6-49P",0
"MIR548AJ2",0
"RNU6-1087P",0
"MIR3937",0
"RNU7-164P",0
"RNU6-1124P",0
"RNU6-630P",0
"RNU6-50P",0
"SNORA11",0
"MIR532",0
"MIR188",0
"MIR500A",0
"MIR362",0
"MIR501",0
"MIR500B",0
"MIR660",0
"MIR502",0
"RN7SL799P",0
"MIR223",0
"MIR8088",0
"MIR4536-2",0
"MIR676",0
"RNU6-562P",0
"MIR4536-1",0
"RNA5SP509",0
"MIR4328",0
"RN7SL790P",0
"MIR1321",0
"RNU2-26P",0
"RNU6-332P",0
"RNA5SP510",0
"MIR548M",0
"MIR384",0
"MIR325",0
"RNU1-112P",0
"RNA5SP508",0
"MIR361",0
"RNU6-974P",0
"RNU6-995P",0
"RNU6-345P",0
"RNU6-493P",0
"RNU6-394P",0
"RN7SKP194",0
"RNU6-309P",0
"SNORA35B",0
"RNU6-555P",0
"RN7SL379P",0
"RNU6-1323P",0
"RNU6-154P",0
"MIR3672",0
"RNU6-1015P",0
"RN7SKP31",0
"MIR934",0
"RNU6-3P",0
"RN7SKP149",0
"RNA5SP517",0
"RNA5SP516",0
"MIR514A2",0
"MIR514A1",0
"RN7SKP81",0
"MIR320D2",0
"RN7SL325P",0
"MIR892C",0
"MIR514A3",0
"MIR890",0
"RNU6-985P",0
"MIR888",0
"MIR892A",0
"MIR892B",0
"MIR891B",0
"RNU1-115P",0
"MIR510",0
"MIR891A",0
"MIR4330",0
"RN7SKP267",0
"RN7SKP189",0
"MIR513C",0
"MIR513B",0
"MIR513A1",0
"MIR513A2",0
"MIR506",0
"MIR507",0
"MIR508",0
"MIR514B",0
"MIR509-2",0
"MIR509-3",0
"MIR509-1",0
"RNU6-382P",0
"SNORA11C",0
"NPM1P49",0
"MIR4769",0
"SMSP1",0
"ZCRB1P1",0
"SOCS6P1",0
"SRD5A2P1",0
"MIR1184-2",0
"MIR1184-3",0
"H2AB3",0
"AMD1P2",0
"DPH3P2",0
"VAMP7",0
"ELOCP24",0
"TRPC6P1",0
"DDX11L16",0
"OPN1LW",0
"OPN1MW",0
"TEX28P1",0
"TEX28P3",0
"SNORA70",0
"MIR6858",0
"ATF4P2",0
"FMN2P1",0
"HMGA1P1",0
"RNU1-142P",0
"BMI1P1",0
"RNA5SP511",0
"H2BP9",0
"ELF2P1",0
"TMSB15B",0
"SLC25A53P1",0
"DPPA3P1",0
"MSL3-DT",0
"LIMK2P1",0
"FRMPD4-AS1",0
"RPL17P49",0
"RN7SKP290",0
"MRPL35P4",0
"TLR7",0
"TLR8-AS1",0
"RBM22P6",0
"XAGE1A",0
"RBM22P7",0
"SSX14P",0
"SSX11P",0
"SSX7",0
"RNA5SP504",0
"SSX15P",0
"S100A11P10",0
"S100A11P8",0
"SSX21P",0
"SPANXN5",0
"PPIHP2",0
"QTRT1P1",0
"RNU1-57P",0
"RN7SL93P",0
"MIR766",0
"CBX1P4",0
"MIR4768",0
"NHS-AS1",0
"FAM136GP",0
"PABPC1L2B",0
"RBMXL3",0
"SSX2B",0
"FAM236A",0
"NALF2",0
"RNA5SP502",0
"SHISA5P1",0
"RN7SL15P",0
"RNU6-1321P",0
"RPS15AP39",0
"RNU6-202P",0
"RN7SL460P",0
"SSX19P",0
"S100A11P9",0
"SSX3",0
"SSX4",0
"RNU6-800P",0
"MIR6895",0
"MIR6894",0
"RPSAP62",0
"MPV17L2P1",0
"MIR6857",0
"TIPINP1",0
"VTRNA3-1P",0
"EEDP1",0
"RPS17P17",0
"SOX3",0
"DUSP9",0
"RPL18AP16",0
"RN7SL687P",0
"MIR3202-1",0
"MIR3202-2",0
"MIR718",0
"RPL36A-HNRNPH2",0
"KRT18P48",0
"NUTF2P7",0
"RNU1-56P",0
"CXorf65",0
"PABPC1P3",0
"RNU6-330P",0
"RN7SL291P",0
"DIPK2B",0
"CT45A11P",0
"GAPDHP67",0
"E2F6P4",0
"KRT18P49",0
"GAGE2E",0
"GAGE12B",0
"SALL1P1",0
"PAGE1",0
"MIR2114",0
"RPL22P23",0
"GPR101",0
"TCEAL3-AS1",0
"HSPB1P2",0
"ZNF630-AS1",0
"RNU6-707P",0
"S100A11P5",0
"RNA5SP503",0
"SSX20P",0
"S100A11P7",0
"VSIG1",0
"TNMD",0
"RAD21P1",0
"SPIN2P1",0
"RNU6-935P",0
"SPRING1P2",0
"ARHGAP36",0
"RN7SL191P",0
"NXF2",0
"TMSB15A",0
"CTHRC1P1",0
"BMX",0
"RNU5F-7P",0
"SETP15",0
"HDGFL3P1",0
"PAGE2B",0
"PAGE2",0
"MTCO1P52",0
"MTND2P24",0
"MTND1P30",0
"MIR4329",0
"RN7SL266P",0
"ATF4P1",0
"OR3B1P",0
"PNKDP1",0
"RNA5SP514",0
"AGKP2",0
"FRMD8P1",0
"CKS1BP6",0
"PCYT1B",0
"H2BP7",0
"PCYT1B-AS1",0
"SCARNA23",0
"ARX",0
"RN7SL91P",0
"WASH6P",0
"ARHGEF9-IT1",0
"MIR1468",0
"ZCCHC18",0
"PAGE5",0
"SSX1",0
"TEX11",0
"RN7SL712P",0
"AKR1B1P8",0
"SALL4P2",0
"ESX1",0
"PLCXD1",0
"CTAG1A",0
"XPNPEP2",0
"FCF1P4",0
"GLUD1P9",0
"CAPN6",0
"RNU6-496P",0
"HMGB1P12",0
"ATP1B4",0
"RNU7-37P",0
"H3P46",0
"GLRX5P1",0
"MGAT2P2",0
"CT45A3",0
"CT45A6",0
"CT45A2",0
"CT45A8",0
"CT45A9",0
"MIR505",0
"CXorf66",0
"RN7SL727P",0
"MIR3978",0
"SNORD96B",0
"AMMECR1-IT1",0
"SNORA69",0
"IMPDH1P2",0
"FTHL17",0
"RNU6-894P",0
"RNA5SP501",0
"MIR3915",0
"MIR548F5",0
"DMD-AS3",0
"RN7SL667P",0
"RNU6-1225P",0
"SSX5",0
"DRP2",0
"MAGEB18",0
"MAGEB6",0
"MAGEB5",0
"ATXN7L3P1",0
"EIF4BP9",0
"MTFR1P1",0
"RPL30P15",0
"MIR6086",0
"RN7SKP20",0
"RNU4-52P",0
"MAGEA9",0
"CT47A10",0
"CT47A9",0
"CT47A8",0
"CT47A6",0
"CT47A5",0
"CT47A4",0
"CT47A3",0
"CT47A2",0
"HSFX2",0
"NCLP2",0
"SMIM10L2B",0
"ETDB",0
"CT55",0
"ETDA",0
"WDR4P1",0
"H2AB1",0
"ZNF622P1",0
"FOXN3P1",0
"H3P45",0
"RNU6-589P",0
"BEND7P1",0
"GPRASP3",0
"GAPDHP77",0
"GUCY2F",0
"MFN1P1",0
"RPS5P7",0
"H2AB2",0
"F8A2",0
"COBLP1",0
"GYG2-AS1",0
"ARSH",0
"ARSF",0
"RN7SL578P",0
"RPS24P21",0
"FNDC3CP",0
"MTATP6P19",0
"MTCO3P19",0
"MTND4P32",0
"MTND5P26",0
"MTND6P32",0
"MTCYBP32",0
"RNU6-1130P",0
"GPR119",0
"CYTH1P1",0
"METTL15P3",0
"RNU6-266P",0
"MAGEB2",0
"MAGEB4",0
"MIR224",0
"MIR452",0
"FXYD6P3",0
"SHISA5P2",0
"UHRF2P1",0
"MKRN5P",0
"RPL32P36",0
"CLIC4P3",0
"TRMT2B-AS1",0
"TMEM35A",0
"YWHAQP8",0
"MAGEB1",0
"OR13H1",0
"SPACA5B",0
"STARD8",0
"MAGEB3",0
"CXorf49B",0
"OPN1MW2",0
"MAGEA9B",0
"FAM236D",0
"ACTRT1",0
"CXorf49",0
"CTAG1B",0
"CTAG2",0
"PAGE3",0
"SSX4B",0
"CT47A1",0
"MPC1L",0
"DMRTC1B",0
"ZBED1",0
"MIR6089",0
"LINC00102",0
"XG",0
"MRPL32P2",0
"H2BW1",0
"CT45A10",0
"PCDH11X",0
"PNMA3",0
"FAM133A",0
"MAGEA4",0
"RPSAP60",0
"TPMTP3",0
"SNORA11E",0
"SNORA11D",0
"RNU6-203P",0
"RPSAP63",0
"GPC3-AS1",0
"LARP1BP3",0
"FLICR",0
"GPR173",0
"FMR1NB",0
"RNA5SP524",0
"MAGEA10",0
"XAGE3",0
"FRMD7",0
"ASS1P4",0
"GAGE12C",0
"GAGE12D",0
"GAGE12F",0
"GAGE12E",0
"GAGE12G",0
"GAGE12H",0
"GAGE2A",0
"GAGE1",0
"GAGE10",0
"GAGE12J",0
"GAGE13",0
"GABRQ",0
"MAGEA3",0
"MAGEA2B",0
"CSAG1",0
"MAGEA12",0
"MAGEA2",0
"MAGEA6-DT",0
"PNMA5",0
"PPIAP91",0
"MORF4L1P5",0
"PRXL2CP1",0
"NHS",0
"RPL7P54",0
"LPAR4",0
"NT5DC1P2",0
"RPL36AP54",0
"MIR450B",0
"MIR450A1",0
"MIR450A2",0
"MIR542",0
"MIR503",0
"MIR424",0
"PLAC1",0
"RPL21P133",0
"RPS7P12",0
"RNU4-44P",0
"RNA5SP505",0
"RPL37P24",0
"RPL7AP71",0
"DACH2",0
"ATXN3L",0
"VCX3B",0
"VCX3A",0
"FAM47A",0
"ZIK1P1",0
"HSPA8P20",0
"TEX13D",0
"NPM1P34",0
"AVPR2",0
"PRRG3",0
"CNGA2",0
"FABP5P13",0
"KRT18P53",0
"SHOX",0
"RPS27AP17",0
"MIR4767",0
"CT47B1",0
"HAPSTR2",0
"FAM156B",0
"MAGEA6",0
"SSX2",0
"VCX",0
"SERTM2",0
"RNU6-1189P",0
"RNU12-2P",0
"MYCLP1",0
"DNAAF6",0
"GJA6P",0
"BLOC1S6P1",0
"HAUS1P2",0
"SUPT20HL1",0
"RNU6-1056P",0
"RNU6-29P",0
"ERAS",0
"SNORA11G",0
"TRO",0
"SUPT20HL2",0
"SNRPEP9",0
"RNU6-587P",0
"EIF5P1",0
"HMGN1P33",0
"CLDN34",0
"RNA5SP513",0
"SNORA36A",0
"MIR664B",0
"SNORA56",0
"ARL5AP1",0
"XAGE1B",0
"CXorf51A",0
"HEPH",0
"SPACA5",0
"CT45A7",0
"MIR23C",0
"RNU6-98P",0
"HS6ST2-AS1",0
"NAA20P1",0
"TMSB15B-AS1",0
"SPRY3",0
"H2AL1Q",0
"CCDC160",0
"IGBP1-AS1",0
"DGAT2L6",0
"RN7SL581P",0
"RNA5SP507",0
"RAB41",0
"TRAPPC2LP1",0
"RNY4P23",0
"GDPD2",0
"RNU4-81P",0
"RNU6-320P",0
"RNU6-972P",0
"SNORD61",0
"TRPC5",0
"DPRXP7",0
"CCDC121P1",0
"FBLIM1P1",0
"TEX13C",0
"MIR3690",0
"RNA5SP498",0
"TPT1P14",0
"NPM1P9",0
"GRPEL2P2",0
"BLOC1S2P1",0
"CCT4P2",0
"RTL9",0
"TFDP1P2",0
"FAM47C",0
"FTH1P29",0
"HNRNPA1P28",0
"NUDT19P6",0
"LINC03098",0
"MRPS17P9",0
"RN7SL118P",0
"RNY3P16",0
"EIF5P2",0
"SLC7A3",0
"MAGEA1",0
"PWWP4",0
"TNPO3P1",0
"SSU72P1",0
"HTR2C",0
"RPL36AP53",0
"SNORA35",0
"MIR764",0
"MIR1912",0
"MIR1264",0
"MIR1298",0
"MIR1911",0
"MIR448",0
"RPS26P57",0
"RN7SL190P",0
"FAM9C",0
"RNU7-69P",0
"CHCHD2P1",0
"TUBB4BP3",0
"RPL12P43",0
"SAGE4P",0
"SAGE3P",0
"SAGE2P",0
"CT45A1",0
"MGAT2P1",0
"CT45A5",0
"RPSAP59",0
"TCP11X1",0
"TCP11X2",0
"KLHL13",0
"CRIPTO3",0
"GATA1",0
"RPL18AP15",0
"RNA5SP512",0
"TRPC5OS",0
"MIR548I4",0
"MCF2",0
"SPANXN4",0
"MAGEB16",0
"TENT5D",0
"OPN1MW3",0
"H2AL3",0
"MAGEB6B",0
"SPANXA1",0
"NXF2B",0
"TEX28",0
"TMSB15C",0
"NR0B1",0
"RPL12P49",0
"RNU4-6P",0
"SLC35C2P1",0
"CBX1P2",0
"RNU6-616P",0
"HMGB3P31",0
"RHOXF2B",0
"RHOXF2",0
"SFR1P1",0
"TMEM255A",0
"RNU6-1078P",0
"RPS26P11",0
"TPT1P15",0
"RN7SL388P",0
"RNU6-383P",0
"CXXC1P1",0
"TMLHEP1",0
"SSX8P",0
"SSX9P",0
"SSX6P",0
"FSIP2LP",0
"TCP11X3P",0
"CA5BP1",0
"NXF5",0
"NXF4",0
"CSAG4",0
"MAGEA5P",0
"ARMCX7P",0
"CD99P1",0
"TM9SF5P",0
"RHOXF1P1",0
"PNMA6E",0
"SNORD3E",0
"WASHC3P1",0
"NSA2P3",0
"XKRX",0
"MAGEA13P",0
"KRT8P6",0
"H2AQ1P",0
"MIR504",0
"TPM2P1",0
"GLRA2",0
"RNU6-1044P",0
"CDX4",0
"MORF4L1P6",0
"RPL7P53",0
"BMP2KL",0
"MIR421",0
"MIR374B",0
"MIR545",0
"MIR374A",0
"ZCCHC13",0
"RPS6P26",0
"LNX2BP",0
"H2BW2",0
"TMEM30BP1",0
"MIR6134",0
"IL1RAPL1",0
"RNA5SP500",0
"MIR4666B",0
"PIGFP3",0
"NXF3",0
"IL1RAPL2",0
"PHB1P10",0
"TEX13A",0
"RNU6-207P",0
"NRK",0
"SERPINA7",0
"RPL21P132",0
"PPIAP90",0
"TCEAL6",0
"FAM223A",0
"FAM223B",0
"MIR363",0
"MIR92A2",0
"MIR19B2",0
"MIR20B",0
"MIR18B",0
"MIR106A",0
"CRLF2",0
"XAGE5",0
"SAGE1",0
"RNA5SP525",0
"GABRA3",0
"RNU6-764P",0
"MIR105-1",0
"MIR767",0
"MIR105-2",0
"NAP1L6P",0
"MRFAP1P1",0
"DENND10P1",0
"VENTXP1",0
"C4orf46P2",0
"NKAPP1",0
"MAP2K4P1",0
"PFN5P",0
"ECMXP",0
"GLRA4",0
"CHMP1B2P",0
"RNU6-434P",0
"OTC",0
"CRIPTOP1",0
"BAG1P1",0
"FTLP16",0
"UBTFL11",0
"RNU7-7P",0
"PAGE4",0
"CPSF1P2",0
"RNU6-421P",0
"NCKAP1P1",0
"KPNB1P1",0
"HMGN1P35",0
"MAGEA3-DT",0
"CSAG2",0
"CSAG3",0
"MIR221",0
"MIR222",0
"SRSF6P1",0
"MED28P4",0
"DDX53",0
"PDCL2P1",0
"EEF1A1P40",0
"SMIM10L2B-AS1",0
"ETS2P1",0
"AMZ2P3",0
"PTP4A1P5",0
"PPP4R3C",0
"RDXP2",0
"BMP15",0
"PPP1R11P2",0
"TCEAL7",0
"AKAP17A",0
"ASMT",0
"RBBP8P1",0
"CSF2RA",0
"CBLL2",0
"ARL5AP5",0
"MMADHCP1",0
"RNU6-867P",0
"LINC03099",0
"ASMTL-AS1",0
"ACE2-DT",0
"FGF13-AS1",0
"FMR1-AS1",0
"IRS4-AS1",0
"LINC00106",0
"LINC01204",0
"LINC02243",0
"PINCR",0
"LINC01281",0
"LINC02601",0
"LINC02927",0
"LINC02931",0
"LINC03077",0
"LINC03053",0
"DLG3-AS1",0
"MIR223HG",0
"MIR106AHG",0
"PABPC1L2B-AS1",0
"PABPC5-AS1",0
"MAGEA8-AS1",0
"L1CAM-AS1",0
"MAGEB17-AS1",0
"SYP-AS1",0
"LINC00629",0
"LINC03113",0
"LINC01201",0
"PLXNB3-AS1",0
"LINC03114",0
"UBE2DNL",0
"LINC00269",0
"PPEF1-AS1",0
"PTCHD1-AS",0
"LINC02968",0
"GPR50-AS1",0
"LINC03112",0
"LINC02154",0
"LINC01456",0
"WASIR1",0
"IL9R",0
"EZHIP",0
"LINC01496",0
"CENPVL3",0
"CENPVL2",0
"CENPVL1",0
"IPO7P1",0
"UQCR10P1",0
"GTPBP6",0
"FTH1P14",0
"GOT2P6",0
"MKRN4P",0
"NLRP3P1",0
"OR2AF1P",0
"MCRIP2P1",0
"NAP1L4P2",0
"TEX28P2",0
"SOCS5P4",0
"RANP4",0
"CNEP1R1P1",0
"S100A11P6",0
"SSX18P",0
"PPIAP89",0
"IKBKGP1",0
"RPSAP14",0
"VN1R110P",0
"FTHL18P",0
"MEMO1P4",0
"RHOXF1P2",0
"H2BW3P",0
"HMGB1P15",0
"FTH1P28",0
"FTH1P19",0
"FTH1P27",0
"FAM47DP",0
"H2AL1MP",0
"RPL23AP54",0
"TMEM97P2",0
"OR6R2P",0
"LINC03023",0
"SGCZ",0
"WBP1LP3",0
"MTND6P19",0
"MRPL49P2",0
"MSR1",0
"HSPA8P13",0
"MBOAT4",0
"SINHCAFP3",0
"HMBOX1-IT1",0
"CCT3P1",0
"HMGB1P23",0
"ADRA1A",0
"MTND5P41",0
"RPL17P33",0
"PAICSP4",0
"RPL23P10",0
"MTCYBP19",0
"PSME2P5",0
"VENTXP5",0
"MTND6P20",0
"SNX18P27",0
"IDI1P2",0
"COX6B1P4",0
"ENTPD4-DT",0
"ATP6V1G1P2",0
"MAPK6P4",0
"PSAT1P1",0
"RFPL4AP7",0
"NDUFA5P12",0
"RPL6P22",0
"CYCSP22",0
"SNTG1",0
"BUD31P1",0
"ZMAT4",0
"PDCL3P1",0
"IGLV8OR8-1",0
"MRPL9P1",0
"VENTXP6",0
"COX6CP8",0
"IFITM8P",0
"REXO1L5P",0
"RLIG1P3",0
"DPPA3P9",0
"REXO1L11P",0
"RPL13AP18",0
"HIGD1AP18",0
"SLC2A13P1",0
"ACTBP6",0
"MMP16",0
"TPM3P3",0
"PSKH2",0
"RPS15AP25",0
"HAUS1P3",0
"JCHAINP1",0
"REXO1L4P",0
"PSMA2P2",0
"PSMC2P2",0
"STAU2-AS1",0
"ERICH5",0
"TRIM60P15",0
"IRF5P1",0
"DCAF4L2",0
"RPL6P23",0
"SLC7A13",0
"RPS4XP10",0
"MYL12AP1",0
"FSBP",0
"REXO1L12P",0
"RPS29P2",0
"HSPA8P11",0
"REXO1L10P",0
"RALYL",0
"UFM1P3",0
"CYP4F44P",0
"MTCYBP20",0
"GAPDHP30",0
"BRIX1P1",0
"RPL7L1P17",0
"CHRNB3",0
"MTND2P38",0
"SRSF3P2",0
"UBE2HP1",0
"KCNS2",0
"MTCO2P4",0
"BTF3P1",0
"NPM1P52",0
"REXO1L9P",0
"RPL30P10",0
"SUMO2P18",0
"NASPP1",0
"SDCBPP2",0
"RPS12P15",0
"RPL31P41",0
"RPSAP48",0
"REXO1L2P",0
"NRBF2P4",0
"FER1L6-AS1",0
"MRPS36P3",0
"EEF1A1P37",0
"NDUFS5P6",0
"MTND1P7",0
"ARF1P3",0
"ANXA13",0
"SLEAR",0
"RPL29P18",0
"CYCSP23",0
"RPL17P31",0
"NDUFA5P2",0
"LINC03084",0
"RPS20P20",0
"MTCO1P4",0
"PDCL3P2",0
"RPL30P16",0
"TRMT10BP1",0
"PRXL2AP2",0
"ATP6V0D2",0
"NACAP10",0
"PPIAP86",0
"TRAPPC2P2",0
"ATP5PFP3",0
"PGAM1P13",0
"BHLHE22",0
"NDUFB9P3",0
"KCNB2",0
"TMCC1P1",0
"RPS26P35",0
"PTCSC1",0
"COLEC10",0
"RPL36AP31",0
"CARS1P2",0
"RPSAP74",0
"IMPDH1P6",0
"LINC01299",0
"KRT8P4",0
"RPL32P4",0
"LY6D",0
"GML",0
"H2AZP7",0
"LYPD2",0
"CYP11B2",0
"ZNHIT1P1",0
"RPL21P78",0
"SLURP1",0
"KNOP1P5",0
"CSMD3",0
"BAALC",0
"DNAJC8P3",0
"RFPL4AP5",0
"RPL21P79",0
"RPL19P14",0
"MTCO1P47",0
"CRH",0
"RPL35AP19",0
"RN7SKP159",0
"RN7SL318P",0
"RNA5SP251",0
"RN7SL474P",0
"RNU7-153P",0
"RNU6-397P",0
"MIR383",0
"RNU4-71P",0
"MIR3148",0
"RNU6-1218P",0
"MIR548H4",0
"RN7SL457P",0
"RNU6-528P",0
"RNU6-533P",0
"SNORD65B",0
"RNU6-295P",0
"RN7SKP32",0
"RNU6-356P",0
"SNORD13",0
"RNA5SP531",0
"RN7SKP294",0
"MIR548AO",0
"RNU6-895P",0
"RNU6-819P",0
"RNA5SP267",0
"RNU6-596P",0
"RNU6-13P",0
"RN7SL675P",0
"RNA5SP266",0
"RN7SKP29",0
"MIR124-2",0
"RN7SL19P",0
"RNU6-656P",0
"RN7SL203P",0
"RNA5SP271",0
"RNA5SP269",0
"RNA5SP270",0
"RNU2-54P",0
"RNA5SP272",0
"MIR8084",0
"RNU6-1040P",0
"RNU6-1172P",0
"RNU6-690P",0
"MIR378D2",0
"RN7SL685P",0
"RNU6-1220P",0
"RNU6-703P",0
"SNORD3H",0
"RNA5SP274",0
"RN7SL41P",0
"SNORD77B",0
"RNU6ATAC8P",0
"RNU6-914P",0
"MIR5680",0
"RNA5SP275",0
"RNA5SP276",0
"RNU6-12P",0
"RN7SKP155",0
"RNU7-67P",0
"RN7SL228P",0
"RN7SL826P",0
"MIR2053",0
"RN7SKP226",0
"RNU6-875P",0
"MIR548AZ",0
"MIR548D1",0
"MIR548AA1",0
"RNU4-83P",0
"RNU4-37P",0
"MIR3149",0
"MIR1208",0
"MIR1302-7",0
"RNU6-442P",0
"NPBWR1",0
"C8orf17",0
"MIR1205",0
"RNVU1-32",0
"MIR1206",0
"RNU4-25P",0
"MIR1207",0
"LINC02912",0
"RNA5SP264",0
"HIGD1AP6",0
"PKMP4",0
"DPPA3P7",0
"CYP11B1",0
"STMN2",0
"MIR5681A",0
"MIR5681B",0
"MIR2052",0
"MTND4LP26",0
"XRCC6P4",0
"TTPA",0
"TARDBPP4",0
"RN7SL135P",0
"NEFL",0
"MIR6841",0
"RN7SKP206",0
"MIR3686",0
"MTRF1LP2",0
"MIR7112",0
"MIR6848",0
"SCRT1",0
"MIR939",0
"MIR1234",0
"MIR6849",0
"NATP",0
"GPR20",0
"RN7SL323P",0
"SNORD54",0
"MOS",0
"VN1R46P",0
"AFG3L2P1",0
"RNU6-104P",0
"PPDPFL",0
"DLGAP2",0
"FER1L6",0
"RNA5SP268",0
"LINC02878",0
"CCDC166",0
"MIR4664",0
"MIR937",0
"MIR6845",0
"MIR661",0
"SPATC1",0
"MIR6846",0
"MIR6847",0
"TSSK5P",0
"C8orf44-SGK3",0
"PTTG3P",0
"SNORD87",0
"MAPK6P5",0
"MIR7705",0
"RNU6ATAC41P",0
"AURKBP1",0
"RPS17P14",0
"HTRA4",0
"SNORD38D",0
"RPL3P10",0
"RNU6-285P",0
"RPL17P30",0
"MIR6844",0
"MIR4662B",0
"MIR4662A",0
"MRS2P1",0
"TEX15",0
"RPL21P77",0
"MRPL57P7",0
"RN7SKP85",0
"RN7SL350P",0
"NTAN1P2",0
"MIOXP1",0
"UBE2Q2P10",0
"GOLGA2P1",0
"OR7E96P",0
"VPS51P16",0
"MIR548I3",0
"RPS3AP31",0
"SNRPCP17",0
"SLC16A14P1",0
"MIR4288",0
"RNA5SP259",0
"RPL12P24",0
"OR4F21",0
"NKX2-6",0
"RN7SKP175",0
"POU5F1P2",0
"KCNU1",0
"SMARCE1P4",0
"RN7SL395P",0
"MIR6850",0
"SUMO2P16",0
"RPL19P13",0
"RN7SL293P",0
"RNU6-1084P",0
"VPS51P12",0
"RNA5SP253",0
"DEFB108D",0
"USP17L7",0
"MIR3674",0
"MIR596",0
"MIR7160",0
"SLC30A8",0
"DEFB135",0
"DPYS",0
"DCSTAMP",0
"MIR548A3",0
"KLHL38",0
"MIR8055",0
"MIR4659A",0
"MIR4659B",0
"GATA4",0
"RPL26P26",0
"RNA5SP254",0
"DEFB108E",0
"ZNF705CP",0
"FAM90A25P",0
"ENPP7P6",0
"OC90",0
"MIR3610",0
"RN7SL303P",0
"CHILL1",0
"MIR6893",0
"RGS22",0
"C8orf89",0
"RN7SKP153",0
"RN7SL760P",0
"GYG1P1",0
"RPS20P21",0
"RNU6-1197P",0
"PURG",0
"RPL34P17",0
"ALKAL1",0
"HMGB1P19",0
"FAM83A-AS2",0
"MIR4663",0
"FAM83A",0
"STMN4",0
"PMP2",0
"FABP9",0
"FABP4",0
"RPS26P34",0
"KRT18P37",0
"USP17L2",0
"RNA5SP261",0
"RNA5SP262",0
"RNA5SP263",0
"RNU6-663P",0
"MTND1P6",0
"MTND2P32",0
"RANP9",0
"TMEM249",0
"RNU6-519P",0
"RNU6-869P",0
"RNU11-4P",0
"CCAT2",0
"MIR151A",0
"RNA5SP278",0
"ZNF705D",0
"CPP",0
"MIR4661",0
"COX6B1P6",0
"RNU6-925P",0
"MIR3150B",0
"RNU6-144P",0
"ZYXP1",0
"PPM1AP1",0
"RPL32P19",0
"RNU6-607P",0
"GOT1L1",0
"ADRB3",0
"RPL12P48",0
"RNU6-988P",0
"STAR",0
"RNU6-323P",0
"PPIAP84",0
"RNU5A-3P",0
"MIR6842",0
"GULOP",0
"MIR6843",0
"RNU6-1086P",0
"MIR3622B",0
"MIR3622A",0
"RNU6-1276P",0
"MIR4287",0
"RNU1-148P",0
"RPL15P12",0
"VXN",0
"RNU2-71P",0
"RN7SL107P",0
"CKS1BP7",0
"RNU11-6P",0
"SNRPCP6",0
"RPS3AP33",0
"VPS51P8",0
"OR7E125P",0
"FAM90A4P",0
"USP17L1",0
"USP17L4",0
"ZNF705G",0
"DEFB103B",0
"DEFB104B",0
"DEFB106B",0
"DEFB107B",0
"PRR23D1",0
"FAM90A6P",0
"OR7E157P",0
"VPS51P15",0
"VPS51P9",0
"OR7E154P",0
"PRR23D2",0
"DEFB107A",0
"DEFB105A",0
"DEFB106A",0
"DEFB104A",0
"DEFB103A",0
"HSPD1P2",0
"ZNF705B",0
"DEFB108A",0
"USP17L8",0
"USP17L3",0
"SYBU-AS1",0
"FAM90A23",0
"FAM90A22",0
"FAM90A7",0
"FAM90A8",0
"FAM90A9",0
"FAM90A17",0
"FAM90A18",0
"FAM90A19",0
"FAM90A14",0
"FAM90A16",0
"FAM90A10",0
"SPAG11A",0
"FABP12",0
"IFITM3P8",0
"VTA1P2",0
"IARS2P1",0
"SOX5P1",0
"C8orf90",0
"ZNF572",0
"CHRNA6",0
"RN7SL806P",0
"MIR4469",0
"RNU7-85P",0
"RNU1-35P",0
"RNU6-756P",0
"MIR486-2",0
"RN7SL149P",0
"ASNSP1",0
"OR7E161P",0
"IMPA1P1",0
"ALG1L13P",0
"ZNF252P",0
"ADAM24P",0
"C4orf46P3",0
"AK3P2",0
"LY6H",0
"GPIHBP1",0
"DEFA1B",0
"DEFA3",0
"DEFA5",0
"VPS51P14",0
"PRR13P7",0
"MRPS16P1",0
"LY6L",0
"TMEM276-ZFTRAF1",0
"OPRK1",0
"MIR1204",0
"RNU105C",0
"SOX17",0
"TRMT112P7",0
"SEC11B",0
"RPL7L1P18",0
"HPYR1",0
"NAT2",0
"RPL35P6",0
"DEFA11P",0
"DEFA7P",0
"DEFB4B",0
"SPAG11B",0
"FAM90A21P",0
"RNU6-1213P",0
"RNU7-174P",0
"MIR3151",0
"MTND2P7",0
"MTCO1P49",0
"DEFB131C",0
"DEFB130B",0
"MIR30B",0
"MIR30D",0
"RPL23AP56",0
"LINC01591",0
"POU5F1B",0
"RNU6-842P",0
"MTND4P7",0
"RNA5SP255",0
"C8orf48",0
"DEFB109C",0
"FAM86B3P",0
"RPL23AP96",0
"DEFA6",0
"DEFA4",0
"DEFA10P",0
"DEFA1",0
"DEFB109B",0
"DEFB108C",0
"DEFB105B",0
"LINC02949",0
"RN7SL178P",0
"RNU6-682P",0
"RNU7-55P",0
"RNU6-1151P",0
"RNU6-526P",0
"MIR124-1",0
"RNU6-729P",0
"RP1L1",0
"MIR4286",0
"C8orf74",0
"RNA5SP252",0
"SOX7",0
"PINX1",0
"MIR1322",0
"MIR598",0
"DEFB109D",0
"FAM90A2P",0
"RPL23AP53",0
"RPL37P6",0
"REXO1L1P",0
"REXO1L6P",0
"RPS20P22",0
"TPT1P8",0
"TUBBP1",0
"SDAD1P1",0
"DEFB131E",0
"RPL10P19",0
"SDR16C6P",0
"RPL17P29",0
"RNA5SP273",0
"RN7SKP231",0
"DEFB131D",0
"DEFB130A",0
"VPS51P19",0
"OR7E8P",0
"OR7E10P",0
"MIR5692A2",0
"MIR3926-1",0
"MIR3926-2",0
"FAM90A3",0
"FAM90A15",0
"FAM90A13",0
"FAM90A5",0
"FAM90A11",0
"FAM90A12",0
"FAM90A20",0
"RNU6-220P",0
"LINC02990",0
"FAM90A24",0
"MIR4472-1",0
"RN7SL260P",0
"ADGRB1",0
"MROH4P",0
"RPS27AP13",0
"RNU6-1331P",0
"CRIPTOP5",0
"RNU6ATAC32P",0
"DEFB136",0
"DEFB134",0
"ADAM3A",0
"RPL7AP80",0
"ADAM5",0
"ADAM18",0
"ADAM2",0
"MIR4471",0
"RN7SKP249",0
"DUXAP2",0
"NACA4P",0
"RN7SL563P",0
"PSCA",0
"RNU6-892P",0
"LZTS1-AS1",0
"RNA5SP257",0
"SMILR",0
"CDK5P1",0
"LINC01111",0
"LINC03018",0
"LINC03024",0
"FAM167A-AS1",0
"TDH-AS1",0
"LINC03093",0
"LINC00967",0
"NRG1-IT3",0
"BAALC-AS2",0
"XKR4-AS1",0
"LINC01298",0
"LINC03090",0
"LINC02844",0
"LINC00824",0
"LINC03020",0
"LINC02849",0
"LINC00293",0
"LINC02855",0
"TRIB1AL",0
"MIR124-2HG",0
"WWP1-AS1",0
"LINC01609",0
"EXTL3-AS1",0
"FAM83A-AS1",0
"LINC01300",0
"LINC02947",0
"LINC00051",0
"LINC03019",0
"LINC00681",0
"LINC02847",0
"LINC03054",0
"LINC02599",0
"LINC02153",0
"SIRLNT",0
"DLGAP2-AS1",0
"SQLE-DT",0
"LINC01288",0
"LINC03071",0
"LINC02209",0
"LINC02950",0
"LINC00251",0
"BHLHE22-AS1",0
"LINC02906",0
"LINC02845",0
"LINC00536",0
"ADAM7-AS2",0
"LINC00588",0
"NRG1-IT1",0
"MIR124-1HG",0
"FER1L6-AS2",0
"LINC02839",0
"LINC01419",0
"DSCC1",0
"RN7SL396P",0
"RNA5SP277",0
"HRURF",0
"MIR320A",0
"LINC01592",0
"RNU7-102P",0
"RN7SKP135",0
"LINC01289",0
"PTPN11P2",0
"RNU4-50P",0
"SEPTIN14P8",0
"RPL29P19",0
"ASNSP4",0
"REXO1L3P",0
"HSPE1P14",0
"ZNF317P1",0
"LINC01606",0
"SERPINA15P",0
"LINC02237",0
"SEPTIN10P1",0
"SUB1P1",0
"RPS20P23",0
"ALG1L12P",0
"SNRPCP15",0
"DEFT1P2",0
"PRR23D3P",0
"DEFA8P",0
"DEFT1P",0
"DEFB109A",0
"PRSS52P",0
"ALG1L11P",0
"OR7E15P",0
"RPL30P9",0
"LINC00968",0
"CIBAR1-DT",0
"MSRA-DT",0
"H3P29",0
"HNRNPA1P41",0
"RPS29P33",0
"JKAMPP1",0
"PABPC1P11",0
"RPS27AP14",0
"SUMO2P2",0
"RPL31P42",0
"MTCO3P30",0
"LINC01242",0
"GARIN3P1",0
"SAMM50P1",0
"HMGB3P23",0
"NOP56P2",0
"RPS26P2",0
"CHCHD4P3",0
"LINC01627",0
"HMGN2P16",0
"BOLA3P4",0
"RBPJP6",0
"FTLP4",0
"ATP5F1AP1",0
"ATP5F1AP10",0
"FKBP4P7",0
"RPL32P21",0
"LYPLA2P3",0
"CDCA7P2",0
"TCEA1P4",0
"RPL21P84",0
"HSPA8P17",0
"PPIAP87",0
"FOXB2",0
"SDR42E1P2",0
"MTCO3P40",0
"ATP5MFP3",0
"RPS20P25",0
"FOXD4L3",0
"ATP5F1AP7",0
"FAM74A7",0
"GNA14-AS1",0
"DNAJB5P1",0
"MTCO1P51",0
"CDRT15P7",0
"SDR42E1P4",0
"ASS1P3",0
"OR7E31P",0
"SDR42E1P3",0
"MTND3P4",0
"LINC00583",0
"IL6RP1",0
"RBPJP2",0
"RPL7AP46",0
"CYLC2",0
"OR7E116P",0
"LINC02578",0
"GAPDHP26",0
"MTND2P9",0
"TUBB4BP6",0
"ARL2BPP7",0
"BNIP3P4",0
"KRT18P66",0
"FKBP4P8",0
"RPL21P87",0
"DEPDC1P2",0
"HNRNPA1P15",0
"RPS20P24",0
"PHB1P7",0
"RPL36AP6",0
"HMGN2P32",0
"BRINP1",0
"RPS15AP27",0
"SPATA31A6",0
"RPS27AP15",0
"MYO5BP3",0
"CDRT15P5",0
"CCSER2P1",0
"KRT18P36",0
"ZYG11AP1",0
"MSANTD3-TMEFF1",0
"LINC01243",0
"NUTF2P3",0
"TMEFF1",0
"RPL29P20",0
"MTATP6P30",0
"CHCHD4P2",0
"HSPE1P28",0
"NPAP1P4",0
"ACTG1P19",0
"KRT18P24",0
"SPATA31B1P",0
"RFC5P1",0
"MTND2P8",0
"RPS19P6",0
"NFYCP2",0
"RNA5SP279",0
"RNU6-1073P",0
"RNU2-47P",0
"RN7SL98P",0
"RNU6-246P",0
"RNU6-264P",0
"RN7SL720P",0
"RNU6-14P",0
"RN7SKP120",0
"RN7SL849P",0
"RMRPP5",0
"RNU6-677P",0
"RNA5SP530",0
"RN7SL565P",0
"MIR4477A",0
"RN7SL343P",0
"RNU6-1293P",0
"RNA5SP285",0
"RN7SL422P",0
"RN7SKP59",0
"RNU6-1303P",0
"RN7SKP242",0
"RNU2-36P",0
"RNU4-29P",0
"RN7SKP264",0
"RNU6-1228P",0
"MIR4291",0
"MIR4289",0
"RN7SKP87",0
"RNU6-996P",0
"RNU6-329P",0
"RNU6-492P",0
"RNA5SP291",0
"RN7SL659P",0
"RNU6-1064P",0
"MIR7702",0
"RNA5SP293",0
"MIR3927",0
"RNU6-432P",0
"RNY4P18",0
"RNA5SP294",0
"RNA5SP295",0
"MIR147A",0
"RNU6-710P",0
"RNU4-82P",0
"RN7SL302P",0
"MIR455",0
"MIR181A2",0
"MIR181B2",0
"NRON",0
"RN7SL30P",0
"MIR4669",0
"SNORA65",0
"MIR3911",0
"MIR3960",0
"MIR2861",0
"CCIN",0
"RNU4-53P",0
"MIR219A2",0
"MIR219B",0
"SPATA31F3",0
"RNU6-984P",0
"RPL21P82",0
"HSPE1P22",0
"MTATP6P29",0
"MTCO3P29",0
"MTND3P23",0
"MTND4LP7",0
"MTND4P15",0
"BEND3P2",0
"MIR4670",0
"MIR7-1",0
"MIR4667",0
"MIR6852",0
"MIR6853",0
"NDUFA5P4",0
"PGAM1P2",0
"OR2S2",0
"MIR4473",0
"RNU4-26P",0
"RPL7AP48",0
"MIR491",0
"SNORA30B",0
"ENTPD8",0
"MIR7114",0
"RNU6-86P",0
"EIF1P1",0
"DMRT1",0
"DMRT3",0
"RNU6-829P",0
"RN7SL181P",0
"TRPC6P4",0
"TRMT112P4",0
"FYTTD1P1",0
"PPP3R2",0
"BAAT",0
"RN7SL100P",0
"RNA5SP280",0
"RPL36AP34",0
"EQTN",0
"GDA",0
"TMEM252",0
"DENRP4",0
"PTGDS",0
"LCNL1",0
"FUT7",0
"ENTPD2",0
"TMEM210",0
"RNF224",0
"SLC25A6P5",0
"MIR8081",0
"RN7SKP77",0
"RNA5SP292",0
"RPL7AP44",0
"RNA5SP289",0
"PARK7P2",0
"RPL36AP35",0
"ACTL7B",0
"ACTL7A",0
"MIR6856",0
"FIBCD1",0
"PRDM12",0
"RN7SL159P",0
"VN2R3P",0
"RBM17P1",0
"RN7SL640P",0
"SPATA31A1",0
"SKP1P3",0
"FKBP4P2",0
"SDR42E1P1",0
"ATP5F1AP8",0
"RBPJP5",0
"RN7SL763P",0
"MEP1AP1",0
"RNU6-1269P",0
"CNN2P2",0
"MUPP",0
"OR1K1",0
"SNORD90",0
"MIR600",0
"RNU6-820P",0
"LSM1P1",0
"MIR126",0
"SNORA17B",0
"SNORA17A",0
"LCN6",0
"MIR6722",0
"MIR4292",0
"MIR4479",0
"TAL2",0
"IZUMO3",0
"PRKACG",0
"SPATA31A5",0
"FRMPD1",0
"RN7SKP171",0
"RNU7-124P",0
"RNU6-881P",0
"SNORD62A",0
"SNORD62B",0
"FAM74A3",0
"MIR2278",0
"MIR6081",0
"MIR24-1",0
"RNA5SP288",0
"MIR4672",0
"YRDCP2",0
"PAPPA-AS2",0
"SNORA70C",0
"RN7SKP128",0
"RN7SKP125",0
"MIR4478",0
"TEX48",0
"CER1",0
"RNU6-1260P",0
"LDHAP4",0
"PSIP1P1",0
"UBE2V1P10",0
"TRBV21OR9-2",0
"TRBV22OR9-2",0
"TRBV23OR9-2",0
"TRBV24OR9-2",0
"TRBV25OR9-2",0
"TRBV26OR9-2",0
"TRBV29OR9-2",0
"RNU4ATAC11P",0
"SNORD121B",0
"RN7SKP114",0
"RN7SL187P",0
"RN7SL726P",0
"MIR204",0
"PIGUP1",0
"RPL35AP21",0
"OR13F1",0
"OR13C4",0
"OR13C8",0
"OR13D2P",0
"OR13C5",0
"OR13C2",0
"OR13C9",0
"OR13I1P",0
"OR13D3P",0
"GPR21",0
"MIR3152",0
"RN7SKP258",0
"RAP1BP1",0
"SAXO1",0
"PSMC3P1",0
"SPATA31F1",0
"MIR6877",0
"CEL",0
"LCN1P1",0
"LCN1P2",0
"SNORD24",0
"SNORD36B",0
"SNORD36A",0
"VN1R51P",0
"FAM220CP",0
"RNU6-798P",0
"OR2AM1P",0
"HMGB3P24",0
"RNU6-1020P",0
"RNA5SP281",0
"SNRPCP1",0
"RNU7-21P",0
"MIR1302-9",0
"RNU7-171P",0
"KCNV2",0
"SPOUT1",0
"RNA5SP284",0
"MIR4477B",0
"LRRC26",0
"SOHLH1",0
"KCNT1",0
"RNU6-694P",0
"OR1J1",0
"OR1J2",0
"OR1J4",0
"OR1Q1",0
"OR1L1",0
"TLK1P1",0
"YRDCP1",0
"RNU6-669P",0
"RNU2-50P",0
"SERPINH1P1",0
"DNAJC25-GNG10",0
"RNU6-1013P",0
"RN7SL665P",0
"RNU2-25P",0
"RN7SL592P",0
"ATP5PDP2",0
"CDK2AP2P1",0
"MYO5BP1",0
"RNU7-185P",0
"RNF183",0
"IMP3P1",0
"RN7SL722P",0
"RNU6-368P",0
"IFNNP1",0
"IFNB1",0
"IFNWP4",0
"IFNW1",0
"IFNA21",0
"OR1L3",0
"LINC02843",0
"OR13J1",0
"ELF2P3",0
"SPATA31E1",0
"CA9",0
"NUTM2F",0
"MUSK",0
"MIR6851",0
"GLT6D1",0
"LCN9",0
"OR1L8",0
"MIR601",0
"MIR7150",0
"PIGFP2",0
"LHX2",0
"SPATA31C2",0
"ARMC8P1",0
"GAS2L1P1",0
"VN1R48P",0
"FAM220BP",0
"RNU6-765P",0
"C11orf98P1",0
"AK4P4",0
"FAM240B",0
"MIR199B",0
"MIR3154",0
"RN7SL75P",0
"RPS2P35",0
"DPPA3P10",0
"NANOGP5",0
"ECM2",0
"LHX6",0
"RPL7P33",0
"LINC02907",0
"SOCS5P2",0
"LCN1",0
"MIR4673",0
"MIR4674",0
"IGKV1OR9-1",0
"FOXD4L5",0
"FRG1KP",0
"IGKV1OR-3",0
"FOXD4L4",0
"CARD9",0
"RN7SKP24",0
"ARID3C",0
"NR5A1",0
"IFNA17",0
"IFNWP5",0
"IFNA14",0
"IFNA22P",0
"IFNA5",0
"IFNA2",0
"IFNA11P",0
"IFNA12P",0
"IFNWP2",0
"IFNA1",0
"IFNWP19",0
"MIR31",0
"H3P30",0
"IFNE",0
"STRA6LP",0
"MIR1302-8",0
"RNU6-538P",0
"RNU6-1193P",0
"CYP4F25P",0
"RPL35AP22",0
"RNU6-1082P",0
"KHSRPP1",0
"RN7SL151P",0
"TUBB8P1",0
"ERVFRD-3",0
"UBA52P6",0
"MIR3621",0
"HMGN2P31",0
"RNF152P1",0
"KCTD10P1",0
"MIR876",0
"MIR873",0
"ME2P1",0
"LINGO2",0
"PCNPP2",0
"RNA5SP290",0
"RN7SL794P",0
"RN7SKP225",0
"OR13C3",0
"OR13D1",0
"RN7SL544P",0
"RBPJP7",0
"RN7SKP191",0
"UBE2V1P4",0
"MIR6855",0
"MIRLET7A1",0
"MIRLET7F1",0
"MIRLET7D",0
"SPATA31A7",0
"SPATA31A3",0
"IFNA13",0
"TLR4",0
"FAM163B",0
"DBH",0
"DBH-AS1",0
"MYMK",0
"CNN2P3",0
"GXYLT1P6",0
"CYP4F33P",0
"RNU6-599P",0
"SNX18P5",0
"CNN2P4",0
"SNX18P2",0
"ALOX15P2",0
"ADGRF5P2",0
"MEP1AP4",0
"DIRAS2",0
"RNU6-918P",0
"MIR6854",0
"RNU6-1035P",0
"RNA5SP287",0
"SPATA31D3",0
"SPATA31D2P",0
"RNU6-156P",0
"MIR1299",0
"RNU6-559P",0
"CSNK1G2P1",0
"PDSS1P1",0
"MTND6P5",0
"MTND1P11",0
"MTCO1P11",0
"MTCO2P11",0
"MTATP6P11",0
"MTCO3P11",0
"MTND4P14",0
"MTND5P14",0
"TCF3P1",0
"INSL4",0
"EIF4A1P3",0
"BMS1P10",0
"ATP8B5P",0
"LINC00475",0
"PRSS47P",0
"FAM120A2P",0
"ZNF658B",0
"FAM95B1",0
"CTSL3P",0
"OR13C1P",0
"SPATA31F2P",0
"CELP",0
"MFSD14CP",0
"LRRC37A5P",0
"CDRT15P6",0
"FBP2P1",0
"NPAP1P9",0
"SNX18P3",0
"ANKRD20A2P",0
"CYP4F59P",0
"ANKRD20A3P",0
"ANKRD20A4P",0
"ANKRD20A7P",0
"ANKRD19P",0
"CNTNAP3P7",0
"SPATA31D5P",0
"FGF7P3",0
"REXO6P",0
"OR2S1P",0
"COL5A1-AS1",0
"MIR3689C",0
"MIR3689A",0
"MIR3689D1",0
"MIR3689B",0
"MIR3689D2",0
"MIR3689E",0
"MIR3689F",0
"FCN2",0
"FCN1",0
"CARM1P1",0
"LHX3",0
"HSD17B3",0
"RNU6-1160P",0
"SPATA31C1",0
"RNU4ATAC15P",0
"OTX2P1",0
"RBM22P5",0
"H3P32",0
"TRBV20OR9-2",0
"ECM1P1",0
"PES1P2",0
"RPL3P11",0
"ATP5PDP3",0
"NME2P3",0
"ADIPINT",0
"OR1N1",0
"OR1N2",0
"OR1L4",0
"OR1L6",0
"SKA2P1",0
"OR5C1",0
"ADAMTSL2",0
"SARDH",0
"RN7SL462P",0
"CFAP77",0
"RNU5D-2P",0
"BARHL1",0
"MTND2P11",0
"RMRP",0
"FAM74A6",0
"FAM74A4",0
"RPL12P25",0
"PTENP1",0
"GAS2L1P2",0
"GXYLT1P4",0
"TOPORSLP",0
"CUTALP",0
"TXNDC8",0
"RNU6-1039P",0
"CCL21",0
"GTF3AP1",0
"RN7SL123P",0
"RPS3AP54",0
"RNF2P1",0
"TUBBP5",0
"FAM157B",0
"RNU6-785P",0
"OR4F8BP",0
"CFAP95",0
"RN7SL570P",0
"C9orf57",0
"DPP3P2",0
"RNA5SP286",0
"RN7SKP47",0
"RPSAP75",0
"RNU6-445P",0
"MIR4475",0
"MIR4540",0
"MIR4476",0
"PGM5P2",0
"PAICSP2",0
"MIR3910-1",0
"MIR3910-2",0
"IFNA6",0
"IFNWP15",0
"IFNA4",0
"IFNWP9",0
"IFNA7",0
"IFNA10",0
"IFNWP18",0
"IFNA16",0
"CYP1D1P",0
"FOXE1",0
"RNU4-15P",0
"LHX2-AS1",0
"FAM242E",0
"FAM242D",0
"CFAP95-DT",0
"FAM225B",0
"CDKN2A-AS1",0
"PRRX2-AS1",0
"LINC02834",0
"LINC02692",0
"LINC00587",0
"FAM242F",0
"IFT74-AS1",0
"LINC01474",0
"LINC01613",0
"FIBCD1-AS1",0
"LINC01241",0
"LMX1B-DT",0
"HSPA5-DT",0
"TMEM252-DT",0
"LINC01239",0
"PPP1R26-AS1",0
"BARX1-DT",0
"LINC03094",0
"RORB-AS1",0
"LINC01230",0
"LINC02247",0
"LINC00092",0
"LINC01451",0
"LINC01492",0
"PBX3-DT",0
"SNX30-DT",0
"LINC03041",0
"FAM74A1",0
"ASTN2-AS1",0
"LINC02872",0
"LINC03025",0
"LINC01509",0
"LINC01235",0
"CYP4F26P",0
"LINC02893",0
"TPD52L3",0
"RN7SL25P",0
"RPSAP49",0
"RNA5SP283",0
"PTGER4P2",0
"MYO5BP2",0
"ADGRF5P1",0
"LINC02957",0
"FGF7P6",0
"RBM17P2",0
"PTGER4P3",0
"CNTNAP3P2",0
"RAB28P3",0
"AQP7P4",0
"FGF7P5",0
"RBM17P3",0
"AQP7P1",0
"RPS6P12",0
"BMS1P11",0
"BMS1P9",0
"PPIAP88",0
"CDK2AP2P3",0
"RAB28P4",0
"RPL31P43",0
"AQP7P2",0
"CDC20P1",0
"ACNATP",0
"RAB28P1",0
"RPL7AP49",0
"CDRT15P14",0
"SNX18P8",0
"GXYLT1P3",0
"AQP7P5",0
"PRDX1P1",0
"SUGT1P1",0
"PRSS3P4",0
"HMGB1P37",0
"ZNF322P1",0
"SUGT1P4",0
"DDX11L5",0
"FRG1JP",0
"OR1H1P",0
"RPL7AP45",0
"FAM27B",0
"NPAP1P7",0
"CTSLP8",0
"YWHABP1",0
"BMS1P12",0
"BMS1P13",0
"AQP7P3",0
"ANKRD18CP",0
"SNX18P4",0
"CDRT15P12",0
"SNX18P9",0
"ZFAND6P1",0
"RPL7AP76",0
"FGF7P7",0
"CNTNAP3P5",0
"RAB28P2",0
"SNX18P7",0
"NPAP1P6",0
"CYP4F60P",0
"FGF7P4",0
"OR7E109P",0
"OR7E108P",0
"RPSAP9",0
"RPL7AP47",0
"RPL35AP20",0
"IL9RP1",0
"CDK2AP2P2",0
"FGF7P8",0
"CNTNAP3P1",0
"CNTFR-AS1",0
"LINC01507",0
"NFIB-AS1",0
"LINC01388",0
"MUC5B-AS1",0
"H3P33",0
"RPL36AP40",0
"CYCSP25",0
"SYT9",0
"LINC02745",0
"DNAAF11P1",0
"WIZP1",0
"DBX1",0
"BBOX1",0
"LUZP2",0
"LEISA1",0
"OR4C13",0
"GTF2IP11",0
"ANKRD33BP5",0
"OR4C14P",0
"ANKRD33BP6",0
"THAP12P4",0
"OR4A49P",0
"OR2BH1P",0
"MTND5P21",0
"CBX3P8",0
"TRIM51DP",0
"OR5D15P",0
"OR4A19P",0
"PHKG1P3",0
"OR5L2",0
"FOLH1",0
"OR10AF1P",0
"OR5D14",0
"OR4A21P",0
"OR4A1P",0
"LINC02735",0
"OR4A7P",0
"OR4A6P",0
"OR4A18P",0
"LINC02707",0
"OR5D13",0
"OR9Q1",0
"OR4C16",0
"OR5B10P",0
"OR4R3P",0
"OR5D17P",0
"KRT18P14",0
"OR10AK1P",0
"OR5B17",0
"OR4A5",0
"RPL12P31",0
"OR4A8",0
"CIR1P3",0
"GLYAT",0
"EEF1A1P47",0
"TRIM48",0
"CCDC179",0
"OR10V3P",0
"SLC17A6-DT",0
"OR5W1P",0
"OR10Q2P",0
"OR5I1",0
"OR5W2",0
"EIF4A2P3",0
"OR10V1",0
"OR10Y1P",0
"ZFP91-CNTF",0
"RPL7AP56",0
"SLC5A12",0
"OR5BC1P",0
"OR10V2P",0
"HNRNPRP2",0
"RPL7AP58",0
"EEF1G",0
"OR5D16",0
"OR5B19P",0
"LINC01616",0
"LDLRAD3",0
"OR5L1",0
"SYT12",0
"WEE2P1",0
"UBTFL10",0
"ANKRD33BP7",0
"TRIM53BP",0
"LINC02758",0
"MTND4LP18",0
"H3P34",0
"TRIM77",0
"COX6A1P4",0
"CBX3P7",0
"MTMR12P1",0
"HPRT1P3",0
"DDI1",0
"OSBPL9P2",0
"MMP8",0
"MMP27",0
"ASS1P13",0
"TOMM20P1",0
"NOX4",0
"SCARNA9",0
"VSTM5",0
"RPA2P3",0
"TRPC6",0
"UBTFL2",0
"MTND6P25",0
"SLN",0
"OSBPL9P3",0
"SMARCE1P1",0
"HNRNPA1P60",0
"ARL6IP1P3",0
"METTL5P4",0
"RPS4XP12",0
"PKNOX2-DT",0
"LINC02697",0
"RPS27P20",0
"PHB1P16",0
"RPL23AP62",0
"SLC17A6",0
"TRPC6P5",0
"LINC01395",0
"BMPR1AP2",0
"PANX3",0
"TSPAN18-AS1",0
"PKNOX2-AS1",0
"ANGPTL5",0
"MIR6744",0
"MIR4299",0
"MIR8070",0
"RNA5SP332",0
"MIR302E",0
"MIR4486",0
"MIR4694",0
"RNA5SP338",0
"RN7SL240P",0
"MIR8054",0
"RNU6-99P",0
"MIR3973",0
"RNU6-365P",0
"RN7SKP158",0
"MIR8068",0
"MIR3162",0
"RN7SKP192",0
"MIR6860",0
"RNU6-544P",0
"RNU7-59P",0
"MIR5579",0
"MIR4300",0
"RN7SL223P",0
"RN7SL222P",0
"SNORA25",0
"RN7SKP53",0
"SNORA32",0
"SNORA1",0
"SNORA8",0
"SNORD5",0
"SNORA18",0
"MIR1304",0
"SNORA40",0
"RN7SKP115",0
"MIR4693",0
"MIR4490",0
"RNA5SP349",0
"MIR4493",0
"RNU4-23P",0
"RNU6-321P",0
"MIR8052",0
"RN7SL167P",0
"MIR4697",0
"RN7SKP121",0
"RN7SKP279",0
"SNORD15A",0
"MOGAT2",0
"RN7SL786P",0
"MS4A5",0
"KCNK4-CATSPERZ",0
"CATSPERZ",0
"MIR7155",0
"MIR1237",0
"SLC22A11",0
"NRXN2-AS1",0
"MIR192",0
"MIR194-2",0
"MIR6750",0
"MIR6749",0
"MIR6879",0
"EEF1A1P18",0
"OR51C4P",0
"KRT8P49",0
"OR51F3P",0
"OR51N1P",0
"OR52Y1P",0
"OR52R1",0
"OR51A6P",0
"OR51G1",0
"OR51A3P",0
"OR51A2",0
"OR51P1P",0
"OR52J2P",0
"OR52E2",0
"OR52E1",0
"OR52S1P",0
"OR52E3P",0
"OR52J1P",0
"HBB",0
"HBG2",0
"HBE1",0
"OR51AB1P",0
"OR51B4",0
"OR51B3P",0
"OR51B8P",0
"OR51B6",0
"TMEM258P1",0
"OR51J1",0
"OR51Q1",0
"OR51K1P",0
"OR51A10P",0
"OR52D1",0
"UBQLN3",0
"OLFM5P",0
"OR52V1P",0
"OR52H2P",0
"OR52T1P",0
"HNRNPA1P53",0
"OR52B6",0
"TRIM6-TRIM34",0
"OR52U1P",0
"OR56B1",0
"OR52N3P",0
"OR52E6",0
"MRGPRG",0
"MRGPRE",0
"NDUFA5P8",0
"NDUFA5P1",0
"GLYATL1P1",0
"GLYATL1P4",0
"GLYATL1B",0
"MPEG1",0
"RN7SL42P",0
"SLC25A47P1",0
"RN7SL435P",0
"OR5AN2P",0
"OR5BR1P",0
"OR10D1P",0
"OR8F1P",0
"OR8G7P",0
"SLC5A4P1",0
"CEND1",0
"SNORA52",0
"RNU6-876P",0
"OR10D4P",0
"HSPB2",0
"HSPB2-C11orf52",0
"PPIHP1",0
"TEX12",0
"MRPS36P4",0
"RPS12P21",0
"RPS6P16",0
"ST13P10",0
"MUC2",0
"MIR4298",0
"MIR7847",0
"LINC01150",0
"MIR675",0
"OR4C50P",0
"OR4C46",0
"OR4C7P",0
"OR4R2P",0
"OR4A4P",0
"OR4A3P",0
"OR4A2P",0
"OR52L1",0
"KRT18P58",0
"RNA5SP329",0
"OR56A7P",0
"OR52X1P",0
"OR56B4",0
"OR56B3P",0
"OR52L2P",0
"OR52Z1P",0
"OR5AK1P",0
"OR5BQ1P",0
"OR8B7P",0
"OR8B5P",0
"OR8C1P",0
"OR8X1P",0
"OR8A2P",0
"OR8A3P",0
"MIR1343",0
"OR52Q1P",0
"GUCY1A2",0
"RNU6-1306P",0
"RNU6-45P",0
"RNU6-72P",0
"MIR3165",0
"RPEP6",0
"COX6CP18",0
"KCNQ1DN",0
"SNORA54",0
"RN7SKP50",0
"RNU6ATAC33P",0
"MIR7154",0
"FREY1",0
"FBLIM1P2",0
"MIR4688",0
"RNA5SP345",0
"RPL32P25",0
"CATSPER1",0
"GAL3ST3",0
"BRD9P1",0
"RNU1-84P",0
"MIR611",0
"MIR1908",0
"MIR6746",0
"RNU6-1243P",0
"MYOD1",0
"NXPE2P1",0
"RN7SL828P",0
"HSPE1P18",0
"PRR13P3",0
"OR5AK4P",0
"OR5AO1P",0
"OR5BP1P",0
"LRRC55",0
"PRG3",0
"PRG2",0
"RNU1-91P",0
"LINC02701",0
"MRGPRD",0
"RNA5SP342",0
"DEFB131B",0
"INSC",0
"MIR6755",0
"ALG9-IT1",0
"GNG5P3",0
"LGALS12",0
"RN7SL596P",0
"ATP5MGP1",0
"HIGD1AP5",0
"MRGPRX12P",0
"MRGPRX4",0
"MRGPRX13P",0
"SAA4",0
"SAA2-SAA4",0
"RNA5SP333",0
"RNA5SP334",0
"OR7E5P",0
"OR5F1",0
"OR5F2P",0
"OR5J1P",0
"OR8I4P",0
"OR5BN2P",0
"OR8H3",0
"OR5BN1P",0
"OR8K4P",0
"OR8K5",0
"OR5J7P",0
"OR5J2",0
"OR8V1P",0
"OR4V1P",0
"OR4P1P",0
"OR5D2P",0
"VN2R9P",0
"OR9L1P",0
"OR9I3P",0
"OR9I2P",0
"OR5BL1P",0
"OR10Q1",0
"OR9G3P",0
"MIR6128",0
"OR9G2P",0
"OR5G1P",0
"OR5G4P",0
"OR5G3",0
"NAA50P1",0
"OR8J2",0
"OR8I1P",0
"FAM8A2P",0
"OR8K2P",0
"OR5BB1P",0
"OR4D8P",0
"OR4D11",0
"OR4D7P",0
"OR5B1P",0
"OR5B15P",0
"OR8U1",0
"OR8L1P",0
"OR5AL2P",0
"OR5AL1",0
"OR8U3",0
"OR5M4P",0
"OR5M9",0
"OR5M7P",0
"OR5M6P",0
"OR5M5P",0
"MIR210",0
"SCT",0
"DRD4",0
"LINC02547",0
"OR4A11P",0
"OR4A9P",0
"OR4X7P",0
"OR4A10P",0
"OR4A17P",0
"OR4A13P",0
"OR4A50P",0
"RPL7AP55",0
"RNU6-943P",0
"OR10G6",0
"OR10G5P",0
"OR10G9",0
"OR10D5P",0
"MIR130A",0
"MIR6748",0
"RNU2-2P",0
"SNORD22",0
"SNORD30",0
"SNORD28",0
"SNORD27",0
"SNORD26",0
"SNORD25",0
"RN7SKP243",0
"DPPA4P3",0
"RNA5SP343",0
"KCNJ1",0
"RN7SKP239",0
"RNU6-1238P",0
"PTPRCAP",0
"COX6CP5",0
"CASC23",0
"TUB-AS1",0
"RPL35AP26",0
"KIRREL3-AS1",0
"SNORD97",0
"HMGB1P42",0
"TBCEL-TECTA",0
"KCNA4",0
"MIR3166",0
"FAM99B",0
"KRTAP5-6",0
"IFITM10",0
"ACTN3",0
"MIR4487",0
"RN7SL652P",0
"RNU5E-10P",0
"FAM180B",0
"RNA5SP340",0
"YPEL5P2",0
"P4HA3-AS1",0
"CYCSP27",0
"RNA5SP341",0
"RN7SKP259",0
"OR8G3P",0
"TECTA",0
"MIR6503",0
"MS4A12",0
"MMP10",0
"TUBB4BP4",0
"NDUFB11P1",0
"PGAM1P9",0
"RPS3AP42",0
"SNRPGP16",0
"MTNR1B",0
"RPL26P31",0
"FAT3",0
"MMP1",0
"RPL12P30",0
"RPS3AP41",0
"SNRPCP14",0
"PATE1",0
"PATE2",0
"PATE3",0
"PATE4",0
"RNU6-933P",0
"LINC02954",0
"OR7E117P",0
"ART1",0
"RNU6-1143P",0
"RNU7-50P",0
"MIR4687",0
"RPS29P20",0
"SHANK2-AS3",0
"MIR3664",0
"FAM181B",0
"RBMXP3",0
"EIF2S2P6",0
"RPL7AP54",0
"COX5BP4",0
"WBP1LP10",0
"RNU6-447P",0
"SCGB1C1",0
"MIR6743",0
"RN7SL838P",0
"OR8R1P",0
"RNU1-21P",0
"OR6M3P",0
"DLG2-AS2",0
"LDHAL6DP",0
"HNRNPA1P72",0
"CCDC89",0
"RNU6-126P",0
"DCHS1-AS1",0
"DCHS1",0
"LRRC32",0
"B3GNT6",0
"OMP",0
"MIR1260B",0
"RNA5SP346",0
"RNA5SP330",0
"MIR5691",0
"KRT8P41",0
"SNORA23",0
"PGA3",0
"LRRC10B",0
"C11orf98",0
"SNORA57",0
"HNRNPUL2-BSCL2",0
"CHRM1",0
"RN7SL259P",0
"TP53AIP1",0
"MRGPRX3",0
"OR8J1",0
"OR4S2",0
"OR8H2",0
"OR52N5",0
"OR56A4",0
"OR52A5",0
"OR5B3",0
"OR52A1",0
"OR10G7",0
"OR52N1",0
"OR5B2",0
"OR5M3",0
"OR8B8",0
"CASP1P1",0
"OR2AL1P",0
"ABCG4",0
"NHERF4",0
"RNU6-262P",0
"MIR6756",0
"MIR6752",0
"CABP2",0
"OR7E145P",0
"OR7E11P",0
"EVA1CP4",0
"TUBAP7",0
"RPL29P22",0
"SLC22A9",0
"OR9G1",0
"OR4D10",0
"SDHCP4",0
"RPL29P21",0
"USH1C",0
"OTOG",0
"OR5P1P",0
"APOC3",0
"OR56A3",0
"OR51I2",0
"OR52K2",0
"OR52K1",0
"OR52M2P",0
"CCDC87",0
"FTLP6",0
"RNU6-874P",0
"OR52M1",0
"C11orf40",0
"OR5M13P",0
"OR5M1",0
"OR5AM1P",0
"OR5M12P",0
"OR5AP1P",0
"OR51F2",0
"OR8B3",0
"OR5A1",0
"OR51G2",0
"OR51A7",0
"OR52E4",0
"OR5T1",0
"ART2BP",0
"OR51E1",0
"OR10G8",0
"OR51A4",0
"MIR6754",0
"KRTAP5-7",0
"KRTAP5-8",0
"KRTAP5-10",0
"KRTAP5-14P",0
"OR7E87P",0
"VPS51P11",0
"OR8J3",0
"OR5AZ1P",0
"OR5BD1P",0
"CYCSP26",0
"RNU6-899P",0
"OR51A9P",0
"OR51E2",0
"OR10G4",0
"ACCSL",0
"ALX4",0
"SNORA3A",0
"MMP3",0
"MMP12",0
"BOLA3P1",0
"RNU7-159P",0
"MTCO3P15",0
"MTATP6P15",0
"MTCO2P15",0
"MTCO1P15",0
"MTND2P26",0
"MTND1P36",0
"SYT13",0
"ADAMTS15",0
"OR4D5",0
"OR5D18",0
"OR8K1",0
"OR8I2",0
"OR5AR1",0
"OR4A16",0
"OR8G5",0
"PGA4",0
"OR9Q2",0
"OR5AS1",0
"OR8G1",0
"OR4C15",0
"OR51T1",0
"OR8D2",0
"OR5M10",0
"OR6T1",0
"OR6X1",0
"OR8B12",0
"OR8B4",0
"OR5M11",0
"OR5M8",0
"OR6M1",0
"OR4C11",0
"OR9I1",0
"TBX10",0
"OR56A1",0
"OR51I1",0
"OR51B2",0
"OR5T2",0
"OR5AP2",0
"OR4D6",0
"MIR3167",0
"KIRREL3-AS3",0
"RNU6-654P",0
"MS4A6E",0
"OR52N2",0
"OR2AT1P",0
"ZDHHC20P3",0
"TPBGL",0
"SNORD14B",0
"MIR6716",0
"SLC22A24",0
"MMP26",0
"OR51S1",0
"TMA16P1",0
"GLYATL2",0
"MIR612",0
"MIR4690",0
"MIR4489",0
"MS4A4E",0
"LINC02753",0
"RNU6-1175P",0
"FOLR3",0
"KRTAP5-4",0
"KRTAP5-11",0
"CIMAP1A",0
"P2RX3",0
"OR8H1",0
"MYBPC3",0
"CNTN5",0
"SPICP1",0
"OR5B12",0
"OR51V1",0
"OR8K3",0
"OR9G4",0
"APLNR",0
"OR5P3",0
"MIR3159",0
"RNU2-60P",0
"MIR34B",0
"MIR34C",0
"BTG4",0
"HOATZ",0
"PTPN5",0
"MRGPRX8P",0
"MRGPRX6P",0
"MRGPRX5P",0
"MRGPRX11P",0
"MRGPRX10P",0
"MRGPRX9P",0
"MRGPRX2",0
"OR5T3",0
"OR52E5",0
"ASCL3",0
"OR51F1",0
"RNA5SP350",0
"RPS17P15",0
"RPS2P39",0
"C1QTNF5",0
"MFRP",0
"DUXAP5",0
"IFITM9P",0
"LINC02956",0
"FGF19",0
"DNAJB6P5",0
"FGF4",0
"MIR4492",0
"RN7SL688P",0
"FOXR1",0
"SLC22A25",0
"SMIM38",0
"GLYATL1",0
"SMIM35",0
"RPL32P24",0
"RNU6-311P",0
"INS-IGF2",0
"MIR483",0
"IGF2-AS",0
"INS",0
"MIR4686",0
"C11orf21",0
"RNU6-878P",0
"NXPE2",0
"NXPE1",0
"ARL2-SNX15",0
"MIR6751",0
"RNU2-23P",0
"ANKRD33BP8",0
"TRIM64B",0
"MTND1P35",0
"TRIM49D1",0
"TRIM49D2",0
"ANKRD33BP9",0
"TRIM53AP",0
"TRIM49C",0
"ANKRD33BP10",0
"UBTFL1",0
"TRIM64",0
"FXYD6-FXYD2",0
"RN7SL188P",0
"RN7SKP90",0
"C11orf97",0
"VPS51P5",0
"XNDC1N-ZNF705EP-ALG1L9P",0
"MTRF1LP1",0
"CLDN25",0
"ISG20L2P2",0
"RNU6-1123P",0
"NECTIN1-AS1",0
"OR5AK2",0
"KRTAP5-5",0
"KDM4E",0
"BUD13P1",0
"BGLT3",0
"CHST1",0
"LRFN4",0
"RNU7-23P",0
"MIR3163",0
"C11orf86",0
"ANKRD33BP2",0
"TRIM51CP",0
"TRIM49B",0
"ANKRD33BP3",0
"TRIM64C",0
"UBTFL7",0
"RNU6-46P",0
"RPS3AP40",0
"VPS51P17",0
"OR7E1P",0
"MIR7113",0
"MIR4691",0
"MIR6753",0
"TRIM51G",0
"ZNF705EP",0
"MIR3161",0
"OR4B1",0
"OR4B2P",0
"OR4X2",0
"OR4X1",0
"TOMT",0
"OR52E8",0
"OR51C1P",0
"OR10D3",0
"OR4A15",0
"OR56B2P",0
"OR5D3P",0
"OR10S1",0
"MIR6745",0
"MIR129-2",0
"RPL23AP63",0
"PHB1P2",0
"CASP12",0
"PTH",0
"HMGN2P36",0
"FAR1-IT1",0
"CENPUP1",0
"RNA5SP331",0
"RNU6-216P",0
"OR2AT2P",0
"NPM1P50",0
"HSPD1P13",0
"RNU4-55P",0
"RNU6-277P",0
"ROBO4",0
"RN7SKP287",0
"CTBP2P6",0
"MIR670",0
"OR52P1",0
"OR8G2P",0
"RNU6-256P",0
"BLID",0
"MIRLET7A2",0
"MIR100",0
"RNU4ATAC10P",0
"RNU4ATAC5P",0
"GRM5P1",0
"NOX4P1",0
"OR4C1P",0
"OR9M1P",0
"TRIM51HP",0
"TRIM64DP",0
"FOLH1B",0
"OR51F5P",0
"OR51A8P",0
"OR51H2P",0
"OR52A4P",0
"HBBP1",0
"OR52B5P",0
"OR10N1P",0
"OR8B1P",0
"OR8B9P",0
"DEFB130C",0
"SAA3P",0
"SLC25A51P4",0
"OR5AQ1P",0
"OR5BE1P",0
"OR5G5P",0
"OR2AH1P",0
"OR5M2P",0
"EEF1A1P49",0
"OR6M2P",0
"GUCY2EP",0
"CARD17P",0
"OR10AB1P",0
"OR5BA1P",0
"GLYATL1P2",0
"OR7E14P",0
"TSSC2",0
"TRPC2",0
"FAM86C2P",0
"SEPTIN7P11",0
"GVINP1",0
"CASP4LP",0
"FAUP4",0
"FAM86C1P",0
"OR52B1P",0
"OR52B2",0
"OR52W1",0
"C11orf42",0
"CNGA4",0
"RN7SKP297",0
"MIR4696",0
"RPL36AP38",0
"CALCP",0
"CALCA",0
"OR7E41P",0
"OR4C9P",0
"OR4R1P",0
"OR4A47",0
"OR4A48P",0
"OR4A46P",0
"OR4A40P",0
"OR4A43P",0
"OR4A45P",0
"OR4A41P",0
"OR4A42P",0
"OR4A44P",0
"MIR6090",0
"ETS1-AS1",0
"MS4A8",0
"MS4A10",0
"HEPN1",0
"NTM-IT",0
"OPCML-IT2",0
"OPCML-IT1",0
"MIR3160-1",0
"MIR3160-2",0
"F2",0
"MIR5582",0
"SNORD67",0
"RNU6-560P",0
"FNTAP1",0
"MOB4P2",0
"OR7E2P",0
"HNRNPCP8",0
"OR4S1",0
"OR4C3",0
"OR4C4P",0
"OR4C5",0
"OR4C2P",0
"OR4C10P",0
"TRIM77BP",0
"UBTFL9",0
"MS4A19P",0
"MS4A18",0
"OR51H1",0
"RPL15P15",0
"JAML",0
"OR52K3P",0
"OR52I1",0
"NPAS4",0
"OR56A5",0
"PDE2A",0
"MIR139",0
"RNU7-105P",0
"PDE2A-AS1",0
"MIR4692",0
"OR4C12",0
"OR4C48P",0
"OR4C45",0
"OR4C49P",0
"RNU6-592P",0
"GLULP3",0
"CBLIF",0
"TCN1",0
"OOSP3",0
"SRD5A3P1",0
"MS4A2",0
"SSU72L5",0
"SSU72L2",0
"SSU72P6",0
"SSU72L4",0
"SSU72L3",0
"SSU72L1",0
"OR52B4",0
"OR52B3P",0
"OR51R1P",0
"OR52P2P",0
"MIR3164",0
"RNA5SP535",0
"RNU6-952P",0
"MMP20",0
"RNU7-187P",0
"NCAM1-AS1",0
"TTC12-DT",0
"MIR4301",0
"RNU2-35P",0
"KDM4F",0
"OOSP1",0
"OOSP4A",0
"OOSP4B",0
"OOSP2",0
"MS4A3",0
"WTAPP1",0
"KRT18P59",0
"UNC93B6",0
"ZNF75CP",0
"RPL26P30",0
"PGAM1P8",0
"XNDC1CP",0
"SRSF8BP",0
"RPL31P46",0
"RPLP0P2",0
"THEM7P",0
"OR55B1P",0
"ACTE1P",0
"SLC22A20P",0
"DOC2GP",0
"COX8BP",0
"LINC00301",0
"OR1S2",0
"OR52I2",0
"OR4P4",0
"MIR4488",0
"TPH1",0
"HNRNPA3P9",0
"MIR3920",0
"KIAA1191P2",0
"PLS1P1",0
"C11orf87",0
"TFAMP2",0
"RPSAP50",0
"ABCC8",0
"ANO1-AS1",0
"ATP5PBP5",0
"BSX",0
"RPL34P23",0
"SNORD14D",0
"SNORD14C",0
"PHB1P17",0
"ZP1",0
"LGR4-AS1",0
"RNA5SP339",0
"MIR610",0
"ATP5MGP8",0
"RPL12P46",0
"PSMA2P1",0
"LINC02757",0
"RASSF10-DT",0
"NELL1",0
"RNA5SP336",0
"RNA5SP337",0
"AKTIPP3",0
"MED28P5",0
"LINC02553",0
"RNA5SP347",0
"MIR6073",0
"MS4A6A",0
"RPL7AP79",0
"RPL34P22",0
"SCGB1D1",0
"SCGB1D2",0
"SCGB2A2",0
"SCGB1D4",0
"PPP1R1AP1",0
"RNA5SP344",0
"E2F8",0
"PCNAP4",0
"NAV2-IT1",0
"RNA5SP335",0
"HMGB1P40",0
"SLC6A5",0
"MIR670HG",0
"LINC02952",0
"ALKBH3-AS1",0
"BBOX1-AS1",0
"LINC02873",0
"LINC02749",0
"LINC02748",0
"LINC02761",0
"LINC02713",0
"LINC02751",0
"LINC02702",0
"LINC02727",0
"LINC02548",0
"MRPL23-AS1",0
"LINC01219",0
"LRP4-AS1",0
"KCNQ1-AS1",0
"LINC02688",0
"LINC02720",0
"LINC02755",0
"LINC02546",0
"LINC03096",0
"ANO3-AS1",0
"RIC3-DT",0
"DISC1FP1",0
"LINC02699",0
"LINC02712",0
"LINC02685",0
"LINC02682",0
"LINC01493",0
"LINC00900",0
"LINC02764",0
"LINC02724",0
"LINC02552",0
"LINC02700",0
"HNRNPKP3",0
"DGAT2-DT",0
"NTM-AS1",0
"LINC02584",0
"LINC02726",0
"LINC02717",0
"MMP20-AS1",0
"LINC02098",0
"LINC02725",0
"LINC02739",0
"H19",0
"LINC02742",0
"IUR1",0
"LINC02719",0
"LINC02760",0
"CCDC15-DT",0
"LINC02953",0
"LINC02756",0
"LINC02759",0
"LINC02689",0
"LINC02721",0
"LINC02747",0
"TSKU-AS1",0
"LINC02714",0
"LINC02730",0
"LINC02718",0
"PDGFDDN",0
"LINC01495",0
"LNC-RHL1",0
"LINC02151",0
"LINC02741",0
"LINC01537",0
"MIR4300HG",0
"LINC02686",0
"MRGPRG-AS1",0
"PDE2A-AS2",0
"LINC01499",0
"FAM99A",0
"LINC02698",0
"MYRF-AS1",0
"JRKL-AS1",0
"LINC02705",0
"LINC02740",0
"MRGPRF-AS1",0
"OVOL1-AS1",0
"KIRREL3-AS2",0
"LINC02729",0
"LINC02695",0
"RNU6-44P",0
"WT1",0
"WT1-AS",0
"RAB39A",0
"TRIM51FP",0
"TYRL",0
"FADS2B",0
"TRIM51BP",0
"PPIAP43",0
"BAK1P2",0
"OR51A1P",0
"OR7E12P",0
"FAM86GP",0
"RPS24P14",0
"WARS1P1",0
"RPL36AP39",0
"OR8Q1P",0
"FOLR1P1",0
"OR5E1P",0
"ARPC3P4",0
"RPL7AP57",0
"RDXP1",0
"C1DP5",0
"CASP1P2",0
"UNC93B5",0
"CCND2P1",0
"ART2P",0
"MRGPRX7P",0
"COX7CP3",0
"SETP16",0
"BCAS2P1",0
"COPS8P3",0
"TRIM51EP",0
"TRIM64EP",0
"TRIM53CP",0
"ALG1L8P",0
"OR7E13P",0
"PRSS23-AS1",0
"LINC02545",0
"LINC02763",0
"CHCHD3P1",0
"HSP90AB7P",0
"MTND1P37",0
"HMGN1P20",0
"MTND2P16",0
"ZNF33BP1",0
"ARMC3",0
"ACTR3BP5",0
"PABPC1P12",0
"RPS24P13",0
"ZNF37CP",0
"GDF2",0
"CHEK2P5",0
"FXYD6P1",0
"CICP9",0
"HNRNPRP1",0
"SLC39A12",0
"AMD1P1",0
"FTLP19",0
"ZNF33CP",0
"PTF1A",0
"RPL36AP55",0
"HIRAP1",0
"CTSLP2",0
"MKX-AS1",0
"MRPL50P4",0
"GPN3P1",0
"MRPS35P3",0
"UBE2V2P1",0
"MYL6P3",0
"PHYHIPL",0
"RBP3",0
"SNRPEP8",0
"RPL31P44",0
"MRLN",0
"NEK4P3",0
"MRPS21P5",0
"THAP12P3",0
"FAM32CP",0
"LINC01520",0
"GRID1",0
"RSU1P3",0
"WARS2P1",0
"NPAP1P3",0
"ARHGAP19-SLIT1",0
"SDHCP2",0
"ABCD1P2",0
"CYP2C19",0
"LINC02628",0
"MKNK2P1",0
"EIF4A1P8",0
"CYP26C1",0
"RPA2P2",0
"SMARCE1P7",0
"RPLP1P10",0
"KSR1P1",0
"TLK2P2",0
"LINC01514",0
"MRPL35P2",0
"RPS2P36",0
"RPL17P35",0
"POLR3DP1",0
"MAPKAPK5P1",0
"COX7CP4",0
"SNRPGP6",0
"MTND4P18",0
"TOMM22P5",0
"CYP2C61P",0
"RPL21P91",0
"RPS6P15",0
"PHB2P1",0
"IGKV1OR10-1",0
"TIMM9P1",0
"PNLIPRP3",0
"HMGN2P34",0
"LYZL1",0
"PTGES3P5",0
"RAD1P1",0
"LINC02624",0
"TMEM26",0
"BTF3P15",0
"RPS8P4",0
"HMX3",0
"DUX4L24",0
"XIAPP1",0
"PRLHR",0
"FRG2B",0
"SLC25A18P1",0
"DUX4L28",0
"NTAN1P1",0
"LINC01153",0
"TXNP1",0
"LINC02661",0
"HABP2",0
"KCNK18",0
"NKX1-2",0
"DUX4L14",0
"DUX4L20",0
"RARRES2P2",0
"DUX4L25",0
"DUX4L23",0
"SAR1AP2",0
"AGGF1P2",0
"DUX4L15",0
"DUX4L29",0
"DUX4L21",0
"FOXI2",0
"RPS10P18",0
"GPR26",0
"DUX4L11",0
"YBX2P1",0
"CLUHP5",0
"ARMS2",0
"DUX4L10",0
"TCERG1L",0
"PPIAP38",0
"DUX4L12",0
"HMGB3P8",0
"NIP7P1",0
"DUX4L22",0
"DUX4L13",0
"RPS26P39",0
"CCDC172",0
"BTBD7P2",0
"VAX1",0
"EMX2",0
"RPL34P19",0
"HMGB1P7",0
"RNU6-576P",0
"MIR6078",0
"RNU6-163P",0
"RNU6-889P",0
"MIR6072",0
"RNA5SP299",0
"RNA5SP300",0
"RNU6-1212P",0
"RNA5SP303",0
"MIR511",0
"RNU6-1141P",0
"MIR4480",0
"MIR4481",0
"RN7SKP219",0
"RN7SKP37",0
"RNA5SP306",0
"RNU6-413P",0
"RNA5SP304",0
"RN7SKP132",0
"RNU6-632P",0
"RN7SL825P",0
"RN7SKP220",0
"RNU7-22P",0
"RN7SL398P",0
"RNU6-1118P",0
"RNU6-795P",0
"RNA5SP312",0
"RNA5SP318",0
"RN7SKP196",0
"RNU6-543P",0
"MIR3924",0
"RN7SL840P",0
"RNU6-325P",0
"RNU6-478P",0
"RN7SKP238",0
"RNA5SP322",0
"MIR346",0
"RNU6-129P",0
"MIR4678",0
"RNA5SP324",0
"RNU2-43P",0
"RN7SKP278",0
"RNA5SP326",0
"RNU5B-6P",0
"RNU6-463P",0
"RNU6-1165P",0
"RNU2-59P",0
"MIR3663",0
"RNU6-839P",0
"MIR3158-1",0
"MIR609",0
"RNU6-728P",0
"MIR378C",0
"MIR3941",0
"LINC01165",0
"RNU6-43P",0
"LUZP4P1",0
"RNU6-15P",0
"LINC03089",0
"RNU6-740P",0
"DDX18P6",0
"RPL35AP24",0
"SNORA74C-2",0
"RNA5SP317",0
"SLC9A3P3",0
"SLC9A3P1",0
"LINC02621",0
"RN7SL591P",0
"ZNF365",0
"LINC02929",0
"ALDH7A1P4",0
"MIR4297",0
"EBF3-AS1",0
"LINC01561",0
"MIR4675",0
"MRM3P1",0
"MIR1915",0
"RNU6-490P",0
"RNU2-24P",0
"RNU7-12P",0
"RPL7AP8",0
"RNU6-1274P",0
"MIR607",0
"HMGN2P35",0
"CALML5",0
"CALML3",0
"RN7SL445P",0
"NRBF2P5",0
"RPL12P28",0
"RNA5SP323",0
"FFAR4",0
"RAB11AP1",0
"RPSAP7",0
"MARCKSL1P1",0
"INA",0
"RNU11-3P",0
"MIR1307",0
"HDAC1P1",0
"RNU6-657P",0
"DDX20P1",0
"RNA5SP297",0
"RNA5SP298",0
"RN7SL754P",0
"ATP5MC1P8",0
"COX6CP15",0
"RNA5SP321",0
"KCNMA1-AS3",0
"MBL2",0
"RN7SL453P",0
"FAM25C",0
"RPL7P34",0
"LIPF",0
"NAPGP1",0
"KRT8P38",0
"RCBTB2P1",0
"LIPN",0
"RNU6-598P",0
"EEF1A1P39",0
"DNM1P17",0
"GOLGA2P6",0
"RN7SL241P",0
"MIR7162",0
"NIFKP1",0
"CCND3P1",0
"HNRNPA1P32",0
"SNRPGP12",0
"HMGB3P5",0
"RNU6-571P",0
"ACTBP14",0
"BMS1P4-AGAP5",0
"RNA5SP320",0
"ZSWIM8-AS1",0
"C10orf71",0
"SNORA74C-1",0
"MSMB",0
"RPL23AP61",0
"LINC00200",0
"ATP5MC1P7",0
"MTATP6P23",0
"MTCO2P23",0
"MTCO1P23",0
"MTND2P15",0
"MTND1P20",0
"RNU6-666P",0
"RNU6-452P",0
"LINC02673",0
"FAM210CP",0
"TRIAP1P1",0
"PTCHD3",0
"RPL11P4",0
"RN7SL644P",0
"RPS25P9",0
"RNA5SP309",0
"SPTLC1P1",0
"RPS15AP5",0
"MTND4LP11",0
"RNU6-687P",0
"NEFMP1",0
"MIR548F1",0
"GAPDHP21",0
"NPAP1P2",0
"PGGT1BP2",0
"BMS1P21",0
"DPY19L2P5",0
"C1DP3",0
"CABCOCO1",0
"RPL15P14",0
"SNX19P4",0
"RN7SKP241",0
"PRPF38AP2",0
"HNRNPA1P33",0
"RNU6-697P",0
"CDH23-AS1",0
"C10orf105",0
"MIR7152",0
"RNU7-38P",0
"RPS12P18",0
"MBL3P",0
"RNU6-780P",0
"CYP2C58P",0
"RPL7AP52",0
"CYP2C59P",0
"CYP2C60P",0
"MIR1287",0
"MIR4685",0
"LINC02620",0
"SORCS3",0
"MIR4682",0
"NACAP2",0
"OGDHL",0
"MAPK6P6",0
"SHQ1P1",0
"RN7SL78P",0
"MIR608",0
"ZNF101P1",0
"RPSAP10",0
"RN7SKP39",0
"RNU4ATAC6P",0
"TPRKBP1",0
"RNU6-1067P",0
"RNU6-270P",0
"RPL5P28",0
"UTF1",0
"VENTX",0
"MIR202",0
"ZNF511-PRAP1",0
"CALY",0
"BANF1P2",0
"PRAP1",0
"HMGB1P50",0
"CHAT",0
"SLC18A3",0
"DRGX",0
"HMX2",0
"FGF8",0
"RNU1-19P",0
"SNCG",0
"BMS1P3",0
"AGAP11",0
"FAM25A",0
"RN7SL733P",0
"ADGRA1",0
"TECTB",0
"MIR6715B",0
"MIR6715A",0
"ARL6IP1P2",0
"RNU6-811P",0
"RN7SL314P",0
"TMEM161BP1",0
"VN1R53P",0
"CEP57L1P1",0
"YY1P1",0
"PPIAP32",0
"RNA5SP301",0
"MIR107",0
"MIR5100",0
"RNU6ATAC11P",0
"RPL5P26",0
"COX6CP17",0
"RNU6-535P",0
"RN7SKP167",0
"MIR5699",0
"CTNNA3",0
"RPL7AP51",0
"MIR7151",0
"AKR1B10P1",0
"RPL21P92",0
"RNU6-1250P",0
"DNAJC19P1",0
"RNU6-523P",0
"POU5F1P5",0
"AGAP5",0
"LBX1",0
"FAM25G",0
"LIPK",0
"RPL21P88",0
"RNU6-271P",0
"NPM1P25",0
"RPS26P40",0
"TBATA",0
"TLX1",0
"MLDHR",0
"OPN4",0
"OR6L2P",0
"OR7M1P",0
"OR6L1P",0
"RN7SKP202",0
"ATOH7",0
"LINC02640",0
"KRT19P4",0
"FXYD6P2",0
"TACR2",0
"RBP4",0
"RPL7P35",0
"MYPN",0
"DPYSL4",0
"LRRTM3",0
"RN7SKP288",0
"RNA5SP327",0
"MIR4680",0
"MIR548E",0
"ADRA2A",0
"BMS1P7",0
"RPS6P14",0
"COX7BP6",0
"RPL13AP19",0
"MIR3611",0
"ATP6V1G1P4",0
"PTCD2P2",0
"MIR4679-2",0
"MIR4679-1",0
"RNU6-833P",0
"RNU1-65P",0
"HMGN2P8",0
"GPR15LG",0
"CDHR1",0
"LRIT2",0
"RGR",0
"LRIT1",0
"CACYBPP1",0
"ADIPOR1P1",0
"EBLN1",0
"COMMD3-BMI1",0
"RNU6-709P",0
"MIR2110",0
"RNU6-794P",0
"RNU6-1167P",0
"RN7SL248P",0
"EPC1-AS1",0
"RNU6-1244P",0
"MIR4483",0
"RNU7-165P",0
"LYZL2",0
"NUP35P1",0
"MIR603",0
"RPL23P11",0
"LINC02629",0
"ELOBP4",0
"SS18L2P1",0
"RNU6-847P",0
"RNU6-193P",0
"PRDX2P2",0
"RPL5P25",0
"RPL36AP36",0
"UCMA",0
"RBISP1",0
"RNA5SP302",0
"OR7E110P",0
"OR7E115P",0
"RPL32P23",0
"RN7SKP78",0
"RNU6-1231P",0
"PTGES3P4",0
"BORCS7-ASMT",0
"MIR936",0
"MIR4294",0
"FAM170B",0
"LRRC18",0
"MTND4P19",0
"TACC1P1",0
"MTND1P18",0
"PNLIPRP1",0
"SPMIP5",0
"RNU6-1266P",0
"RN7SL284P",0
"H2AZP5",0
"NUTM2B",0
"RNU6-1090P",0
"PNLIP",0
"PNLIPP1",0
"PNLIPRP2",0
"LIPJ",0
"NPY4R2",0
"EBAG9P1",0
"NANOGP6",0
"RNU2-72P",0
"CFAP46",0
"RNA5SP308",0
"NUTF2P5",0
"MIR4293",0
"MIR1265",0
"PRPF38AP1",0
"MARK2P15",0
"RPS27P1",0
"GAPDHP28",0
"SLC39A12-AS1",0
"AIFM1P1",0
"PCDH15",0
"RN7SL846P",0
"HSD17B7P2",0
"CCNYL2",0
"BMS1P2",0
"FAM21FP",0
"FAM238C",0
"BMS1P4",0
"FAM25EP",0
"FAM25BP",0
"CFL1P1",0
"LINC00993",0
"ODAD2P1",0
"CTSLP3",0
"GLUD1P2",0
"CCNYL4",0
"AGAP12P",0
"PTPN20CP",0
"SHLD2P1",0
"FAM21EP",0
"GLUD1P3",0
"SEPTIN7P9",0
"SVIL-AS1",0
"MIR4295",0
"COL13A1",0
"MIR4296",0
"MRPS21P6",0
"NEUROG3",0
"RN7SL847P",0
"C10orf90",0
"HTR7",0
"NUTM2HP",0
"PGGT1BP1",0
"MIX23P2",0
"RNA5SP307",0
"LINC03028",0
"FAM238A",0
"FAM238B",0
"TAF9BP2",0
"RPL15P13",0
"RNU6-1121P",0
"LINC02626",0
"DUSP29",0
"BUB1P1",0
"CLRN3",0
"HOGA1",0
"C10orf62",0
"HPSE2",0
"ARL5AP2",0
"RPL7P36",0
"CYP2C23P",0
"TPM4P1",0
"SPCS2P2",0
"SNORA12",0
"RNU6-422P",0
"RPL39P25",0
"HMGA1P5",0
"MIR606",0
"RN7SL518P",0
"RNU6-673P",0
"RNA5SP325",0
"RNU6-1095P",0
"RNU6-88P",0
"RN7SL198P",0
"CXCL12",0
"C10orf53",0
"RPL26P29",0
"RPS3AP37",0
"SNORD98",0
"PITX3",0
"SNORA19",0
"MIR4681",0
"LRRC37A6P",0
"PIPSL",0
"ZNF37BP",0
"PHACTR2P1",0
"BEND3P1",0
"MBL1P",0
"GUCY2GP",0
"FRMPD2B",0
"DUSP13A",0
"C10orf120",0
"DMBT1L1",0
"CUZD1",0
"C10orf88B",0
"RNA5SP315",0
"VN1R54P",0
"CUBNP1",0
"RSU1P1",0
"DUXAP3",0
"RNU6-885P",0
"RPS12P2",0
"ZNF519P1",0
"DYDC1",0
"DYDC2",0
"SH2D4B",0
"RPS7P9",0
"RPS27P18",0
"TEX36",0
"ALDOAP2",0
"MIR4484",0
"RNU2-42P",0
"GNG10P1",0
"FANK1-AS1",0
"RNA5SP328",0
"SNRPD2P1",0
"RN7SKP143",0
"SPRING1P1",0
"UQCRHP3",0
"ELOCP30",0
"MIR4683",0
"CUX2P1",0
"EIF2AP4",0
"LINC02622",0
"TMEM72",0
"DUXAP4",0
"CEP164P1",0
"RSU1P2",0
"ANKRD54P1",0
"MIR3156-1",0
"RNU6-1207P",0
"CUBNP2",0
"OR6D1P",0
"RNU6-441P",0
"MTND5P42",0
"RBM20",0
"ATE1OSP",0
"SELENOOLP",0
"WNT8B",0
"GAD2",0
"RNU6-1075P",0
"RNU2-18P",0
"LINC00701",0
"JAKMIP3-AS1",0
"ZNF25-DT",0
"LINC02660",0
"LINC02681",0
"LINC02636",0
"PLCE1-AS2",0
"LINC02654",0
"LINC00703",0
"LINC00709",0
"LINC02666",0
"LNCAROD",0
"LINC00838",0
"MANCR",0
"CELF2-DT",0
"LINC00705",0
"LINC02670",0
"LINC03046",0
"LINC02633",0
"MIR3663HG",0
"TLX1NB",0
"C10orf71-AS1",0
"LINC01375",0
"LINC01164",0
"LINC01264",0
"LINC02870",0
"LINC00845",0
"SLC18A2-AS1",0
"LINC02655",0
"LINC01519",0
"KCNMA1-AS2",0
"LINC02667",0
"SLC16A12-AS1",0
"LINC02672",0
"LINC00700",0
"LINC02647",0
"LINC00601",0
"LINC02662",0
"LINC02944",0
"LINC02645",0
"LINC02658",0
"LINC03036",0
"NRG3-AS1",0
"LINC00836",0
"ADARB2-AS1",0
"LINC01553",0
"LINC02650",0
"LINC02675",0
"LINC02674",0
"SORCS3-AS1",0
"LINC00839",0
"LINC03029",0
"TCERG1L-AS1",0
"LINC01516",0
"GPR158-AS1",0
"LINC02644",0
"ADGRA1-AS1",0
"LINC01166",0
"FAM170B-AS1",0
"TEX36-AS1",0
"LINC00858",0
"ARHGAP22-IT1",0
"LINC00844",0
"IATPR",0
"LBX1-AS1",0
"CERNA2",0
"LINC00841",0
"LINC00840",0
"LINC02659",0
"BEND7-DT",0
"LINC02665",0
"GATA3-AS1",0
"LINC01163",0
"ZEBTR",0
"LINC02663",0
"LINC00702",0
"GRID1-AS1",0
"LINC02630",0
"LINC00708",0
"PCAT5",0
"LINC00502",0
"LINC02632",0
"CYP26C1-DT",0
"LINC02652",0
"AKR1C5P",0
"AKR1C8",0
"ARL4AP3",0
"LINC02561",0
"AKR1C7P",0
"UCN3",0
"ANTXRL",0
"LINC02668",0
"FRMD4A-AS1",0
"KRT8P37",0
"PABPC1P8",0
"SLC9B1P3",0
"CTSLP1",0
"FAM245A",0
"DUSP8P1",0
"PPIAP39",0
"RPL23AP60",0
"TRAF6P1",0
"IL9RP2",0
"SHLD2P3",0
"RHEBP2",0
"AGAP7P",0
"CTSLP6",0
"C1DP2",0
"C1DP4",0
"ANTXRLP1",0
"PLD5P1",0
"AKR1C6P",0
"AGAP13P",0
"OR7E26P",0
"DCLRE1CP1",0
"PFN1P11",0
"FAF2P1",0
"CTSLP4",0
"CUBNP3",0
"ANKRD30BP3",0
"RPL12P27",0
"RPL26P28",0
"FAM138D",0
"KCNA5",0
"OR7E149P",0
"OR7E140P",0
"MFAP5",0
"CLEC4E",0
"GAPDHP31",0
"CLEC1A",0
"CLEC9A",0
"RPL15P17",0
"DDX55P1",0
"OR7E148P",0
"CLEC4D",0
"RPL7P40",0
"APOBEC1",0
"HNRNPABP1",0
"PRB2",0
"A2ML1",0
"RPL21P100",0
"HIGD1AP8",0
"GYS2",0
"CLEC6A",0
"SUPT4H1P2",0
"RPL23AP66",0
"TIMM17BP1",0
"PSMC1P8",0
"NANOGNB",0
"RPL7AP74",0
"SPMIP11",0
"AK6P2",0
"CLUHP8",0
"MRPS36P5",0
"DUX4L27",0
"TUBB8P4",0
"KRT126P",0
"MTND2P17",0
"RPS3P6",0
"GAPDHP44",0
"NF1P12",0
"LINC02461",0
"KRT125P",0
"BTBD10P1",0
"RSL24D1P5",0
"KRT127P",0
"MTND1P24",0
"KRT2",0
"HNRNPA1P69",0
"ARL2BPP2",0
"LNCHR1",0
"SPIC",0
"SNRPGP20",0
"DUX4L52",0
"ALX1",0
"CCER1",0
"NTAN1P3",0
"RPL21P104",0
"SOAT2",0
"MYBPC1",0
"LINC02426",0
"AK6P1",0
"KRT8P19",0
"KRT77",0
"RPL23AP68",0
"TMCC3",0
"NXPH4",0
"PIGAP1",0
"LINC00615",0
"NR1H4",0
"RPL21P106",0
"LINC02392",0
"HAUS8P1",0
"C12orf75-AS1",0
"DYNLL1P4",0
"RPL7P43",0
"GLULP5",0
"CYCSP30",0
"WSCD2",0
"RPL13AP21",0
"IFITM3P5",0
"LRRC10",0
"MYF5",0
"RPL23AP67",0
"SETP7",0
"GALNT9",0
"PRXL2AP1",0
"LSM3P2",0
"KRT18P60",0
"PRELID2P1",0
"YPEL5P3",0
"VPS51P3",0
"LINC02463",0
"RPS6P20",0
"RPS26P45",0
"SLC17A8",0
"LINC02460",0
"STAC3",0
"RPL17P37",0
"LINC02393",0
"TBX3",0
"CASC18",0
"RNU6-275P",0
"RN7SKP161",0
"RNU6-837P",0
"RNU6-545P",0
"MIR3974",0
"RNU6-251P",0
"RN7SL38P",0
"RNU6-318P",0
"RNA5SP357",0
"RNA5SP360",0
"RNA5SP356",0
"RNA5SP358",0
"RNA5SP359",0
"RNU6-472P",0
"MIR1293",0
"RNU6-333P",0
"RNU6-400P",0
"RNU6-871P",0
"RNU6-279P",0
"RNU4-20P",0
"MIR1228",0
"RNU6-595P",0
"MIR6125",0
"RN7SL804P",0
"MIR3913-1",0
"RN7SL737P",0
"MIR3913-2",0
"RNU7-4P",0
"MIR617",0
"MIR618",0
"MIR4699",0
"MIR331",0
"RNU6-808P",0
"MIR5700",0
"MIR4495",0
"RN7SL88P",0
"RN7SL483P",0
"RNA5SP367",0
"RNU4-24P",0
"RNU6-1183P",0
"RNU5E-5P",0
"RNU4-41P",0
"RNA5SP369",0
"MIR7844",0
"RN7SL330P",0
"RNU6-735P",0
"MIR4303",0
"RNA5SP368",0
"RNU6-1068P",0
"MIR4472-2",0
"MIR1302-1",0
"MIR620",0
"RN7SKP263",0
"RN7SKP11",0
"RNA5SP374",0
"RN7SL865P",0
"RNA5SP372",0
"RNA5SP376",0
"MIR3612",0
"RNU6-717P",0
"RN7SL508P",0
"MIR3922",0
"MIR135A2",0
"LINC00940",0
"CACNA1C-IT1",0
"HNRNPA1P34",0
"VDAC2P2",0
"PZP",0
"TPT1P12",0
"RN7SKP216",0
"OSTF1P1",0
"TBX5",0
"INHBC",0
"MIR6758",0
"B4GALNT1",0
"RNU6-1083P",0
"RNU6-713P",0
"MTCH2P2",0
"RPS4XP15",0
"IL31",0
"SNORA53",0
"RNU6-485P",0
"RNU4-65P",0
"KCNC2",0
"MIR4497",0
"RN7SL441P",0
"RNU6-399P",0
"MIRLET7I",0
"NDFIP1P1",0
"ZKSCAN7P1",0
"PLCZ1",0
"CAPZA3",0
"EPYC",0
"IMMP1LP2",0
"RPL29P24",0
"RNU6-600P",0
"RNU6-940P",0
"RNU6-781P",0
"RN7SL380P",0
"GPR162",0
"RNU7-1",0
"MIR200C",0
"MIR141",0
"SCARNA12",0
"RN7SL734P",0
"RNU6-1271P",0
"FGF23",0
"GSTP1P1",0
"RNU6-1203P",0
"MIR6505",0
"MIR3908",0
"RPL27P12",0
"HMGB1P49",0
"RN7SKP15",0
"MIR6074",0
"RPL21P18",0
"RNA5SP362",0
"RN7SL69P",0
"RN7SL391P",0
"MIR4496",0
"LINC01559",0
"RNA5SP353",0
"RNU6-590P",0
"RN7SKP162",0
"KERA",0
"LINC02909",0
"CENPUP2",0
"RNU4-67P",0
"FAM133GP",0
"TUBB4BP1",0
"FAHD2P1",0
"RNU4-32P",0
"RN7SKP250",0
"MIR4304",0
"STAB2",0
"OR10AE3P",0
"PSMB3P1",0
"OR6C70",0
"OR6C64P",0
"VAMP1-AS1",0
"AMHR2",0
"MIR3198-2",0
"RN7SL390P",0
"RNU6-950P",0
"GPR84",0
"SCARNA10",0
"SCARNA11",0
"MIR7851",0
"MIR1178",0
"RPL35AP30",0
"HMGA2",0
"RNU6-1009P",0
"RNU5A-7P",0
"ATP6V1E1P3",0
"RASSF3-DT",0
"CLEC4C",0
"RNU6ATAC42P",0
"RNU6-166P",0
"APOOP3",0
"RPL35AP29",0
"RNA5SP377",0
"RPS6P21",0
"RNA5SP378",0
"RNU6-1017P",0
"MIR6763",0
"LRCOL1",0
"P2RX2",0
"RNA5SP379",0
"TSPAN19",0
"MIR3652",0
"RNU7-106P",0
"RN7SKP261",0
"AKIRIN1P1",0
"OTOGL",0
"OASL2P",0
"PPDPFP2",0
"MESDP1",0
"RNU6-494P",0
"RN7SL387P",0
"RPL29P25",0
"C1QL4",0
"DNAJC22",0
"MIR6762",0
"LHX5",0
"APOF",0
"IAPP",0
"RPL35AP27",0
"MIR4701",0
"MIR8072",0
"MIR6502",0
"PDCL3P7",0
"RN7SKP166",0
"OSBPL9P5",0
"OSBPL9P4",0
"RAB11AP2",0
"NUAK1",0
"OR2AP1",0
"FIGNL2",0
"CLLU1",0
"MIR492",0
"RPL21P136",0
"MIR613",0
"RPL12P33",0
"OR6C4",0
"H3P35",0
"OR6C7P",0
"OR6C75",0
"OR6C73P",0
"PHC1P1",0
"OR6C76",0
"OR6C69P",0
"OR6C72P",0
"OR6C6",0
"OR6C5P",0
"ANP32D",0
"RPS10P20",0
"LALBA",0
"NEUROD4",0
"OR9K2",0
"OR9R1P",0
"MIR614",0
"RNA5SP366",0
"GARIN6",0
"MIR3657",0
"MIR6861",0
"RN7SKP71",0
"RPL7AP60",0
"IQSEC3P1",0
"FGF6",0
"TMEM132C",0
"CLEC12B",0
"RPL17P38",0
"ASCL4",0
"ATF7-NPFF",0
"RPL31P51",0
"NTS",0
"BRI3P2",0
"RPS15AP32",0
"IFT57P1",0
"RNU4-54P",0
"OR6C3",0
"KRT3",0
"OR6C74",0
"SMCO3",0
"PDE6H",0
"RN7SKP134",0
"MIR4700",0
"ARF1P2",0
"CCNG2P1",0
"WNT1",0
"ADAMTS20",0
"OR6C1",0
"ACSM4",0
"PIWIL1",0
"RNU6-1077P",0
"RPS27P24",0
"RNU6-1004P",0
"MIR26A2",0
"MIR4498",0
"RNU6-700P",0
"GOT2P3",0
"NPM1P7",0
"LINC02390",0
"GCNAP1",0
"KLRF1",0
"KLRF2",0
"CLEC2A",0
"CLEC12A-AS1",0
"CLEC12A",0
"RNU6-327P",0
"NANOGNBP2",0
"RNU4ATAC12P",0
"PTP4A1P2",0
"PPIAP44",0
"RNU6-618P",0
"RNU5F-4P",0
"RPL31P50",0
"GAU1",0
"GALNT8",0
"KCNA6",0
"DPY19L2",0
"RPL36AP41",0
"RNU6-87P",0
"RN7SL519P",0
"TMPRSS12",0
"POU5F1P3",0
"GCSHP4",0
"HADHAP2",0
"ZNF705A",0
"ZNF75BP",0
"TMT1AP1",0
"KRT88P",0
"KRT83",0
"KRT84",0
"KRT82",0
"KRT90P",0
"KRT71",0
"KRT74",0
"KRT72",0
"KRT73",0
"KRT128P",0
"OVCH1",0
"TAS2R7",0
"TAS2R8",0
"TAS2R9",0
"PRR4",0
"PRH2",0
"MIR4698",0
"MIR6880",0
"FAM186B",0
"POLR2KP1",0
"PARK7P1",0
"HIGD1AP9",0
"HOXC13",0
"HOXC12",0
"HOXC11",0
"HOXC10",0
"HOXC6",0
"MIR196A2",0
"HOXC9",0
"HOXC8",0
"MIR615",0
"RNU7-103P",0
"RPL23AP14",0
"NRIP2",0
"RNU6-1315P",0
"PRMT8",0
"RNU6-174P",0
"OR8S1",0
"KNOP1P2",0
"BORCS8P1",0
"RN7SL459P",0
"RN7SL67P",0
"SNORA49",0
"RPL39P28",0
"HNRNPA1P70",0
"RFLNA",0
"HOXC5",0
"TAS2R50",0
"TAS2R31",0
"TAS2R63P",0
"TAS2R46",0
"TAS2R43",0
"TMDD1",0
"SCN8A",0
"IQSEC3",0
"KNOP1P1",0
"RN7SL793P",0
"MIR1252",0
"DSTNP2",0
"OR6U2P",0
"OR6C71P",0
"OR6C66P",0
"DEFB109F",0
"FAM86FP",0
"OR7E47P",0
"KRT87P",0
"KRT89P",0
"EP400P1",0
"TAS2R64P",0
"A2MP1",0
"RERG-IT1",0
"RERG-AS1",0
"METTL8P1",0
"RNA5SP365",0
"MRPL2P1",0
"RNU6-148P",0
"MREGP1",0
"PRPH",0
"RNU1-146P",0
"PHB1P18",0
"OR5BK1P",0
"OR5BT1P",0
"OR5BJ1P",0
"OR8S21P",0
"RPL21P99",0
"NANOGP1",0
"LMNTD1",0
"GSG1",0
"GLT1D1",0
"AK3P6",0
"NLRP9P1",0
"TMEM132D-AS2",0
"PRB3",0
"PRB4",0
"RPL35AP28",0
"AQP2",0
"ELOCP32",0
"RNU7-170P",0
"TMTC1",0
"LDHAL6CP",0
"SLC9A7P1",0
"RPL13P5",0
"RPSAP52",0
"RPL22P19",0
"KRT19P2",0
"HTR7P1",0
"PHB1P19",0
"RPL30P11",0
"PGAM1P5",0
"CBX3P4",0
"PAFAH1B2P2",0
"PLEKHA8P1",0
"RPS27P25",0
"SLC26A10P",0
"OR9K1P",0
"MRPS18CP4",0
"RNU6-491P",0
"RPL30P12",0
"MIR6760",0
"RNA5SP373",0
"HSPA8P14",0
"CCDC63",0
"GRIN2B",0
"RNU6-1329P",0
"DPPA3P5",0
"TTC41P",0
"HOXC-AS2",0
"GLYCAM1",0
"CACNA1C-AS3",0
"ST8SIA1",0
"SULT6B2P",0
"RNU1-149P",0
"LRRC34P1",0
"RPS27P22",0
"LINC02566",0
"LACRT",0
"VDAC1P5",0
"MUCL1",0
"OR10U1P",0
"OR10A7",0
"OR6C65",0
"RN7SKP65",0
"RPS6P22",0
"RNU7-120P",0
"MRPS6P4",0
"LINC02444",0
"RNU6-977P",0
"RPL6P25",0
"RNU1-117P",0
"UBE2L2",0
"SLCO1B3",0
"SLCO1B3-SLCO1B7",0
"SLCO1B7",0
"MIR1251",0
"RFX4",0
"RPL21P103",0
"RN7SKP262",0
"TDGP1",0
"MIR4302",0
"ITPR2-AS1",0
"RNA5SP354",0
"DBX2",0
"RACGAP1P1",0
"SSBL3P",0
"RNA5SP361",0
"OR11M1P",0
"MIR1291",0
"SNORA2A",0
"SNORA2B",0
"RN7SKP289",0
"KLRC4-KLRK1",0
"KLRC4",0
"KLRC3",0
"IFITM3P6",0
"LINC02156",0
"ADI1P3",0
"STBD1P1",0
"KLRC2",0
"SLC25A39P2",0
"KLRA1P",0
"HSPE1P12",0
"MIR6761",0
"RPS2P41",0
"ADAM1A",0
"MIR619",0
"DAO",0
"RNU6-361P",0
"RNU7-94P",0
"RPL31P48",0
"RNU6-1012P",0
"LINC02394",0
"VENTXP3",0
"GOLGA2P5",0
"RN7SL176P",0
"MIR1827",0
"LINC02423",0
"LINC02822",0
"LINC01486",0
"LINC02617",0
"R3HDM2-DT",0
"LINC03056",0
"HOXC-AS3",0
"LINC02400",0
"LINC02439",0
"LINC02441",0
"LINC02388",0
"LINC02457",0
"LHX5-AS1",0
"PDE3A-AS1",0
"SLC6A12-AS1",0
"LINC02411",0
"LINC02417",0
"LINC02823",0
"LINC02406",0
"CAPS2-AS1",0
"LINC02412",0
"LINC02378",0
"LRP1-AS",0
"LINC02425",0
"LINC00477",0
"HOTAIR",0
"LINC02408",0
"LINC02385",0
"LINC01489",0
"LINC02373",0
"LINC02455",0
"LINC01405",0
"LINC01404",0
"FIGNL2-DT",0
"CACNA1C-IT3",0
"LINC02414",0
"LINC02468",0
"LINC00934",0
"LINC02820",0
"TRHDE-AS1",0
"TROAP-AS1",0
"LINC02440",0
"LINC02366",0
"LINC02404",0
"LINC02874",0
"LINC02821",0
"LINC02445",0
"HOXC-AS1",0
"LINC02459",0
"LINC02424",0
"LINC02387",0
"KRT73-AS1",0
"CISTR",0
"LINC02403",0
"C12orf42-AS1",0
"LINC00942",0
"LINC02386",0
"LINC02442",0
"LINC02395",0
"LINC02396",0
"LINC02369",0
"LINC02368",0
"DBX2-AS1",0
"TBX5-AS1",0
"LINC02464",0
"TBX3-AS1",0
"LINC02258",0
"LINC01257",0
"LINC02458",0
"LINC02391",0
"LINC02419",0
"LINC02401",0
"LINC02826",0
"LINC02359",0
"LINC02350",0
"LINC02825",0
"LINC02347",0
"FAM32EP",0
"NDUFA5P6",0
"LINC02824",0
"LINC02372",0
"HSPE1P20",0
"RNU1-104P",0
"COPS5P2",0
"CLLU1-AS1",0
"DDX12P",0
"NIFKP3",0
"RPS3AP43",0
"WASH8P",0
"TUBB8P5",0
"ZNF970P",0
"VTI1BP3",0
"RPL7AP9",0
"RPL10P13",0
"YWHAQP7",0
"KRT17P8",0
"BTG1P1",0
"PTMAP4",0
"RPL36P15",0
"OOEPP2",0
"RPL7P38",0
"RPL13AP20",0
"ALG1L10P",0
"PPIAP45",0
"BRWD1P2",0
"GNAI2P1",0
"EEF1B2P4",0
"NACAP8",0
"PCNPP3",0
"LINC02375",0
"MIR7107",0
"STMN1P1",0
"RNU6-1069P",0
"LINC03088",0
"LINC02827",0
"IQSEC3-AS1",0
"LINC02415",0
"LSP1P1",0
"ZNF962P",0
"RPL17P51",0
"MTCO3P2",0
"RPS20P32",0
"FABP3P2",0
"MTUS2-AS1",0
"LINC00562",0
"RPS21P8",0
"CHCHD2P11",0
"TIMM9P3",0
"GPR12",0
"MTUS2-AS2",0
"ZNF646P1",0
"RPP40P2",0
"GAMTP2",0
"GNG5P5",0
"FHP1",0
"POLR3KP1",0
"SLC25A5P4",0
"PRR20FP",0
"DNAJA1P1",0
"ELL2P3",0
"LINC00374",0
"RPL37P21",0
"LINC00547",0
"MARK2P12",0
"KLHL1",0
"LINC01442",0
"HNF4GP1",0
"RPL12P34",0
"HMGN2P39",0
"PLA2G12AP2",0
"ZDHHC20P4",0
"COX4I1P2",0
"FGFR1OP2P1",0
"NPM1P22",0
"RPL31P53",0
"RPL18AP17",0
"SPATA2P1",0
"HSPD1P8",0
"RPL21P111",0
"MTCL1P1",0
"CTAGE11P",0
"PRR20B",0
"HNRNPA1P18",0
"VDAC1P12",0
"RPS3AP52",0
"CTAGE16P",0
"LINC00333",0
"PRR20D",0
"PRR20E",0
"MTND4P1",0
"MTCO2P3",0
"OR7E111P",0
"RPL31P54",0
"CBY2",0
"UBE2D3P4",0
"BCAS2P3",0
"RABEPKP1",0
"POU4F1",0
"PSMD10P3",0
"OLFM4",0
"ARF4P3",0
"CCT5P2",0
"PRR20A",0
"LINC01078",0
"SNRPFP3",0
"SRSF1P1",0
"PCDH17",0
"RPL21P110",0
"LINC00440",0
"RPS12P24",0
"HIGD1AP2",0
"HNRNPA1P31",0
"ELOCP23",0
"MTND5P3",0
"VENTXP2",0
"ATP6V1G1P7",0
"ARF4P4",0
"LINC01309",0
"SRGNP1",0
"GAPDHP34",0
"FTLP8",0
"DDX6P2",0
"LINC00351",0
"LINC00383",0
"LINC00353",0
"PEX12P1",0
"PRR20C",0
"TCEAL4P1",0
"NUS1P4",0
"SLITRK6",0
"RPL27AP8",0
"CYCSP35",0
"NUS1P3",0
"SOX1",0
"CALM2P4",0
"RPL7AP61",0
"DPPA3P3",0
"AKR1B1P4",0
"SPACA7",0
"GYG1P2",0
"RIOK3P1",0
"LINC01043",0
"LINC01044",0
"SSR1P2",0
"RPL7P45",0
"GRK1",0
"TRIM60P13",0
"AZU1P1",0
"BNIP3P7",0
"MOB1AP1",0
"LINC01040",0
"TIMM8BP1",0
"GRPEL2P1",0
"MIR4499",0
"MIR2276",0
"RNU5A-4P",0
"RNA5SP26",0
"RN7SKP1",0
"RNY3P9",0
"RN7SKP2",0
"RNA5SP27",0
"RN7SL700P",0
"RN7SL618P",0
"MIR5007",0
"RN7SKP6",0
"RNA5SP30",0
"RNY4P29",0
"MIR3169",0
"RNU7-88P",0
"RNY3P5",0
"RN7SL375P",0
"RN7SL761P",0
"RNU6-80P",0
"RNY1P8",0
"RNU4-10P",0
"RNY3P10",0
"RN7SL571P",0
"RNA5SP33",0
"RNU6-61P",0
"RNU6-54P",0
"RNY3P7",0
"RNU6-77P",0
"RNY3P3",0
"RNU6-38P",0
"RNU6-67P",0
"RN7SL60P",0
"SNORD31B",0
"MIR1267",0
"RNA5SP38",0
"NME1P1",0
"MTND3P1",0
"DDX39AP1",0
"IPMKP1",0
"RFESDP1",0
"BASP1P1",0
"HMGA1P6",0
"RNY3P4",0
"RNU6-58P",0
"SDAD1P4",0
"LINC00327",0
"LINC00352",0
"MIR3613",0
"MIR16-1",0
"MIR15A",0
"RPL34P26",0
"RNA5SP28",0
"RPL5P31",0
"PRELID3BP2",0
"MIR5693",0
"IFIT1P1",0
"ATP8A2P2",0
"NDE1P2",0
"SMAD9-IT1",0
"LAMTOR3P1",0
"EIF4A1P5",0
"CSNK1A1L",0
"TMEM272",0
"CTAGE3P",0
"TRPC4",0
"RN7SL288P",0
"RN7SKP5",0
"ABITRAMP1",0
"RNU2-6P",0
"RNU6-68P",0
"PPP1R2P4",0
"OR7E101P",0
"FKBP1AP3",0
"SIAH3",0
"NALCN",0
"LINC00555",0
"BIVM-ERCC5",0
"POLR2KP2",0
"FAM204CP",0
"RN7SKP9",0
"SNORA31B",0
"RNA5SP39",0
"HCFC2P1",0
"RNY4P28",0
"TARDBPP2",0
"EIF4A1P6",0
"RNU6-71P",0
"PSMC1P13",0
"SLITRK1",0
"COL4A2-AS2",0
"RN7SL597P",0
"MORF4L1P4",0
"RAC1P3",0
"RNU6-57P",0
"TUBBP2",0
"OR7E37P",0
"MIR5006",0
"RN7SL515P",0
"RNU6-74P",0
"RPS28P8",0
"MAPK6P3",0
"PSMA6P4",0
"GJA3",0
"LINC00556",0
"GJB6",0
"SLC35E1P1",0
"RANP8",0
"CNOT4P1",0
"PPIAP27",0
"RPS12P23",0
"IPPKP1",0
"ELOBP1",0
"RNU6-78P",0
"RN7SL741P",0
"RXFP2",0
"EEF1DP3",0
"RNY1P4",0
"SCAND3P1",0
"PHB1P13",0
"RNY4P30",0
"RNY4P9",0
"DAOA-AS1",0
"UTP14C",0
"THSD1P1",0
"RN7SL320P",0
"SNRPGP11",0
"MIR4703",0
"RNU6-65P",0
"CCDC70",0
"ATP8A2P3",0
"PRUNE1P1",0
"THAP12P6",0
"PARP1P1",0
"ARHGEF7-IT1",0
"BTF3P11",0
"MYCBP2-AS2",0
"ATP11AUN",0
"METTL21C",0
"SLC10A2",0
"OXGR1",0
"RNY4P24",0
"HNRNPA1L2",0
"DAOA",0
"ZIC2",0
"LINC00554",0
"NDUFA12P1",0
"ASNSP3",0
"ZIC5",0
"NPM1P4",0
"GSX1",0
"PLUT",0
"RNU6-73P",0
"PDX1",0
"LINC01039",0
"CFL1P8",0
"MIR4306",0
"GRK6P1",0
"RNA5SP25",0
"ZDHHC20-IT1",0
"RNU6-59P",0
"RN7SL766P",0
"LINC00400",0
"RPL36P19",0
"ENOX1-AS1",0
"DGKZP1",0
"MIR8075",0
"PARP4P2",0
"SLC25A15P2",0
"CYCSP32",0
"MRPS31P2",0
"ESRRAP1",0
"GOLM2P1",0
"LINC02339",0
"RAC1P8",0
"LINC01074",0
"LINC00459",0
"RPL32P28",0
"SQSTM1P1",0
"RNU6-81P",0
"NFYAP1",0
"STARP1",0
"MIR548X2",0
"MIR4704",0
"TRIM60P19",0
"LINC00561",0
"EIF4A1P7",0
"RNU6-53P",0
"POM121L13P",0
"TNFSF11",0
"IRX1P1",0
"ANKRD20A10P",0
"RNY1P7",0
"RPL26P34",0
"RASA3-IT1",0
"MIR548AR",0
"MIR4502",0
"CLCP2",0
"RPS6P23",0
"HSP90AB6P",0
"RN7SKP7",0
"RNY1P5",0
"F7",0
"PROZ",0
"ATP4B",0
"DLEU7",0
"ANKRD20A19P",0
"SPACA7BP",0
"LINC00431",0
"TPTE2P3",0
"MRPS31P4",0
"OR7E156P",0
"OR7E104P",0
"MRPS31P5",0
"MIPEPP3",0
"SPTLC1P5",0
"RN7SL810P",0
"TOMM22P3",0
"STARD13-IT1",0
"CNMD",0
"MIR759",0
"LONRF2P2",0
"LINC00388",0
"FEM1AP4",0
"LINC00387",0
"FAM207BP",0
"GXYLT1P1",0
"CNN2P12",0
"ZNF965P",0
"SNX18P26",0
"LINC00328-2P",0
"RHOT1P3",0
"RNU6-55P",0
"RNU6-76P",0
"SNX19P2",0
"USP24P1",0
"GTF2IP3",0
"RNA5SP24",0
"CENPIP1",0
"RPL21P109",0
"RPL35AP31",0
"RPS10P21",0
"ARL11",0
"RNU1-24P",0
"HMGB3P7",0
"MIR2681",0
"LIPT1P1",0
"RNY1P2",0
"MIR4705",0
"RPL39P29",0
"FGF14-IT1",0
"KATNBL1P1",0
"CHCHD2P8",0
"RN7SL49P",0
"RN7SKP4",0
"PABPC3",0
"RPL23AP69",0
"MIR623",0
"CCR12P",0
"LNCARGI",0
"CCDC169-SOHLH2",0
"LINC00558",0
"MIR320D1",0
"MIR621",0
"MAB21L1",0
"ACOD1",0
"LINC00559",0
"RNA5SP34",0
"FAR1P1",0
"KRT18P27",0
"MIR622",0
"RNU6-75P",0
"BRK1P2",0
"HNRNPA1P29",0
"GPC6-AS2",0
"RNA5SP35",0
"GPC6-AS1",0
"RNA5SP36",0
"RN7SL585P",0
"SOX21-AS1",0
"SOX21",0
"BRD7P5",0
"RPL21P112",0
"LINC00557",0
"RNY4P27",0
"MEMO1P5",0
"CLDN10",0
"CLDN10-AS1",0
"DZIP1",0
"RN7SL164P",0
"MIR4501",0
"AMMECR1LP1",0
"TPTE2P2",0
"RPL21P107",0
"LINC00567",0
"CCNA1",0
"H2ACP1",0
"METTL21EP",0
"RNU4ATAC3P",0
"FABP5P4",0
"GPC5-IT1",0
"PTMAP5",0
"PCDH8P1",0
"ARL2BPP3",0
"HNRNPA1P30",0
"LINC00367",0
"RPS4XP16",0
"ESRRAP2",0
"TULP3P1",0
"GUCY1B2",0
"CDX2",0
"URAD",0
"RN7SL272P",0
"CYCSP33",0
"TPTE2P6",0
"PSPC1P2",0
"MYO16-AS2",0
"RPL35P9",0
"PPIAP24",0
"CLYBL-AS2",0
"LINC00373",0
"RPL29P29",0
"LINC00330",0
"PTPN2P2",0
"TEX26",0
"RNY1P1",0
"RNU6-63P",0
"LINC00402",0
"RPL21P108",0
"LINC00347",0
"RNF113B",0
"RN7SKP8",0
"MIR3170",0
"LINC00552",0
"LINC00452",0
"C13orf46",0
"ARHGEF7-AS1",0
"RN7SKP10",0
"LINC00396",0
"RN7SL783P",0
"MIR8073",0
"TXNL1P1",0
"UBBP5",0
"LIN28AP2",0
"MIR4500",0
"SLITRK5",0
"LINC00397",0
"TET1P1",0
"C13orf42",0
"PPIAP23",0
"MIR17",0
"MIR18A",0
"MIR19A",0
"MIR20A",0
"MIR19B1",0
"MIR92A1",0
"MIR4305",0
"RNY4P14",0
"CDKN2AIPNLP3",0
"RNU6-64P",0
"LINC00427",0
"SNORD102",0
"SNORA27",0
"RNU6-70P",0
"LINC00442",0
"VWA8-AS1",0
"FRY-AS1",0
"LINC00540",0
"LINC00375",0
"LINC01069",0
"LINC02335",0
"LINC01075",0
"SOX1-OT",0
"LINC00404",0
"LINC00446",0
"LINC00415",0
"LINC01046",0
"LINC00345",0
"LINC00362",0
"F10-AS1",0
"LINC00676",0
"PRECSIT",0
"LINC00399",0
"LINC02338",0
"DCUN1D2-AS",0
"LINC00564",0
"LINC00424",0
"LINC00434",0
"LINC00366",0
"ATXN8OS",0
"LINC00448",0
"LINC00572",0
"LINC00454",0
"LINC02333",0
"LINC00368",0
"LINC01049",0
"LINC00408",0
"LINC00297",0
"LINC00430",0
"LINC00411",0
"LINC01072",0
"LINC00395",0
"LINC00349",0
"LINC00359",0
"LINC00363",0
"LINC01080",0
"LINC00382",0
"LINC00544",0
"HTR2A-AS1",0
"LINC00348",0
"DIAPH3-AS2",0
"LINC01198",0
"LINC00380",0
"NALCN-AS1",0
"LINC00378",0
"LINC00379",0
"LINC00392",0
"LINC01077",0
"ENOX1-AS2",0
"TEX26-AS1",0
"LINC01066",0
"LINC01076",0
"LINC00384",0
"LINC00385",0
"LINC01065",0
"LINC00462",0
"FGF14-AS1",0
"LINC00354",0
"LINC00332",0
"LINC01070",0
"LINC02336",0
"LINC01038",0
"LINC01047",0
"LINC00364",0
"LINC00421",0
"LINC01048",0
"LINC00428",0
"LINC00331",0
"LINC00343",0
"LINC00543",0
"LINC00358",0
"MIR4500HG",0
"LINC00445",0
"LINC00376",0
"LINC00365",0
"LINC00566",0
"TPTE2-AS1",0
"LINC00550",0
"LINC02342",0
"LINC00433",0
"SACS-AS1",0
"NRAD1",0
"MIR8079",0
"LINC02938",0
"SUGT1P3",0
"PCDH9-AS1",0
"RNU7-87P",0
"PCDH9-AS3",0
"LINC01052",0
"LINC03032",0
"IGSF3P1",0
"PRDX3P3",0
"BCRP9",0
"COX7CP1",0
"PWWP2AP1",0
"OR7E33P",0
"OGFOD1P1",0
"RPL7AP73",0
"NUS1P2",0
"OR7E36P",0
"OR7E155P",0
"PPIAP28",0
"SLC25A15P3",0
"GAPDHP52",0
"PPP1R2P10",0
"GAPDHP22",0
"PPIAP26",0
"CYP4F34P",0
"ANKRD20A9P",0
"PSPC1P1",0
"PPIAP25",0
"ATP5MC1P5",0
"WDR95P",0
"ANKRD26P3",0
"BNIP3P6",0
"TRDJ1",0
"TRDV2",0
"TRAJ60",0
"TRDD1",0
"TRAJ49",0
"TRDJ3",0
"TRDD3",0
"TRAJ48",0
"TRAJ59",0
"TRAJ61",0
"TRAJ58",0
"TRDJ4",0
"TRDJ2",0
"TRAJ56",0
"KIAA1143P1",0
"ARHGAP16P",0
"TRDD2",0
"TRAJ53",0
"KRT8P2",0
"TRAJ45",0
"TRAJ52",0
"GLRX5P3",0
"TRDV3",0
"LINC02307",0
"TRAJ51",0
"RPS3AP46",0
"PSMA3P1",0
"PPIAP5",0
"TRAJ57",0
"MAD2L1P1",0
"EIF1AXP2",0
"RPL17P2",0
"SIX6",0
"SCOCP1",0
"ATP5F1AP4",0
"SALRNA1",0
"CCDC177",0
"PARP1P2",0
"AKR1B1P5",0
"PTTG1P1",0
"TUBBP3",0
"NCOA4P1",0
"GTF3AP2",0
"HNRNPUP1",0
"RPL9P6",0
"CYCSP1",0
"RPL21P8",0
"OR7E159P",0
"TRAJ50",0
"FKBP1BP1",0
"RAB42P1",0
"UBA52P3",0
"CYB5AP5",0
"CLEC14A",0
"MTCYBP27",0
"EEF1A1P2",0
"YWHAQP1",0
"SSTR1",0
"MTND4P33",0
"OR7K1P",0
"MTND5P35",0
"CHORDC2P",0
"RPL23AP10",0
"IGHVIII-16-1",0
"IGHVII-30-1",0
"IGHVII-15-1",0
"BDKRB1",0
"IGHVIII-11-1",0
"IGHVII-30-21",0
"PEBP1P1",0
"ELK2AP",0
"GLRXP2",0
"IGHVIII-25-1",0
"OR7E105P",0
"SLC20A1P2",0
"LINC02312",0
"KCNK13",0
"IGHVII-33-1",0
"IGHVIII-13-1",0
"HOMER2P2",0
"LINC00226",0
"FOXN3-AS2",0
"IGHVIII-26-1",0
"IGHVII-28-1",0
"RNU6-458P",0
"RNU1-27P",0
"MIR3171",0
"RNU6-1261P",0
"RNA5SP385",0
"RNU6-7",0
"MIR5580",0
"MIR4708",0
"RN7SL598P",0
"RN7SKP99",0
"MIR5586",0
"SNORD56B",0
"RNU1-28P",0
"RNU6-552P",0
"RNU6-976P",0
"RNU6ATAC28P",0
"MIR4709",0
"SNORA11B",0
"RN7SKP107",0
"RN7SKP255",0
"RN7SL714P",0
"RNU2-33P",0
"TRAJ44",0
"TRAJ42",0
"TRAJ41",0
"TRAJ40",0
"TRAJ39",0
"TRAJ37",0
"TRAJ36",0
"TRAJ33",0
"TRAJ32",0
"TRAJ31",0
"TRAJ29",0
"TRAJ28",0
"TRAJ27",0
"TRAJ26",0
"TRAJ24",0
"TRAJ23",0
"TRAJ22",0
"TRAJ21",0
"TRAJ20",0
"TRAJ19",0
"TRAJ18",0
"TRAJ17",0
"TRAJ16",0
"TRAJ14",0
"TRAJ13",0
"TRAJ8",0
"TRAJ7",0
"TRAJ6",0
"TRAJ5",0
"TRAJ4",0
"TRAJ1",0
"OR6E1P",0
"CMTM5",0
"BRD7P1",0
"RN7SKP205",0
"LINC00596",0
"TRAJ38",0
"LINC02287",0
"CHGA",0
"CYB5AP3",0
"RPL36AP4",0
"COX6CP11",0
"LINC02914",0
"SNRPGP1",0
"ZFP64P1",0
"METTL5P1",0
"RNU4ATAC14P",0
"SERPINA4",0
"SERPINA5",0
"SERPINA3",0
"ADIPOR1P2",0
"OR4U1P",0
"OR4L1",0
"RNA5SP380",0
"OR4T1P",0
"PSMB7P1",0
"GTF2IP22",0
"OR11G1P",0
"OR11P1P",0
"OR11H6",0
"OR11H7",0
"SNORD126",0
"RPPH1",0
"RNA5SP382",0
"PTCD2P1",0
"SETP1",0
"OR6S1",0
"EDDM3DP",0
"EDDM3A",0
"RN7SL189P",0
"MIR6717",0
"TPPP2",0
"RNASE13",0
"RNASE7",0
"RNASE8",0
"CKAP2P1",0
"SNORD9",0
"HMGB3P26",0
"RNU7-160P",0
"RNU4-68P",0
"EIF4A1P12",0
"BTF3P2",0
"LBHD2",0
"GCSHP2",0
"RPL21P13",0
"RPL17P4",0
"CEND1P1",0
"TMEM179",0
"LINC02280",0
"MIR4710",0
"RNU4-92P",0
"MPPE1P1",0
"RPL31P5",0
"RNU6-597P",0
"RNU6-1162P",0
"RNU7-116P",0
"RPS28P1",0
"MIR548H1",0
"DLK1",0
"MIR2392",0
"MIR770",0
"MIR493",0
"MIR337",0
"MIR665",0
"MIR431",0
"MIR433",0
"MIR127",0
"MIR432",0
"MIR136",0
"SNORD112",0
"MIR370",0
"SNORD113-1",0
"SNORD113-2",0
"SNORD113-3",0
"SNORD113-4",0
"SNORD113-5",0
"SNORD113-6",0
"SNORD113-7",0
"SNORD113-8",0
"SNORD113-9",0
"SNORD114-1",0
"SNORD114-2",0
"SNORD114-3",0
"SNORD114-4",0
"SNORD114-5",0
"SNORD114-6",0
"SNORD114-7",0
"SNORD114-9",0
"SNORD114-10",0
"SNORD114-11",0
"SNORD114-12",0
"SNORD114-13",0
"SNORD114-14",0
"SNORD114-15",0
"SNORD114-16",0
"SNORD114-17",0
"SNORD114-18",0
"SNORD114-19",0
"SNORD114-20",0
"SNORD114-21",0
"SNORD114-22",0
"SNORD114-23",0
"SNORD114-24",0
"SNORD114-25",0
"SNORD114-26",0
"SNORD114-27",0
"SNORD114-28",0
"SNORD114-29",0
"SNORD114-30",0
"SNORD114-31",0
"MIR379",0
"MIR411",0
"MIR299",0
"MIR380",0
"MIR1197",0
"MIR323A",0
"MIR758",0
"MIR329-1",0
"MIR329-2",0
"MIR494",0
"MIR1193",0
"MIR543",0
"MIR495",0
"MIR376C",0
"MIR376A2",0
"MIR654",0
"MIR376B",0
"MIR376A1",0
"MIR300",0
"MIR1185-1",0
"MIR1185-2",0
"MIR381",0
"MIR487B",0
"MIR539",0
"MIR889",0
"MIR544A",0
"MIR655",0
"MIR487A",0
"MIR382",0
"MIR134",0
"MIR668",0
"MIR485",0
"MIR323B",0
"MIR154",0
"MIR496",0
"MIR377",0
"MIR541",0
"MIR409",0
"MIR412",0
"MIR369",0
"MIR410",0
"MIR656",0
"GRAMD4P3",0
"RNU6-1268P",0
"SSBP3P5",0
"ARHGAP42P4",0
"OR4N2",0
"OR11K2P",0
"OR4H12P",0
"OR4N1P",0
"OR4K6P",0
"OR4K4P",0
"DHRS4L1",0
"MIR7703",0
"RNA5SP383",0
"NEDD8-MDP1",0
"SNORD8",0
"EIF4EBP1P1",0
"RN7SL650P",0
"RNU6-366P",0
"RNU6-341P",0
"HSBP1P1",0
"HNRNPCP1",0
"RPL9P5",0
"C14orf180",0
"GSC",0
"RBBP4P5",0
"OR10G1P",0
"UBE2NP1",0
"TRAV1-1",0
"OR10G2",0
"ARL6IP1P1",0
"TRAV2",0
"TRAV3",0
"TRAV5",0
"RPL4P1",0
"GPRASP3P1",0
"RPL17P3",0
"RTL1",0
"MIR5694",0
"RNA5SP387",0
"RNA5SP386",0
"RN7SL369P",0
"RPL21P9",0
"RN7SL213P",0
"RNU7-93P",0
"PHKBP2",0
"RN7SKP257",0
"SF3B4P1",0
"IGHVII-40-1",0
"HOMER2P1",0
"IGHVII-44-2",0
"IGHVII-46-1",0
"IGHVIII-47-1",0
"IGHVII-49-1",0
"IGHVII-51-2",0
"IGHVII-53-1",0
"IGHV8-51-1",0
"VESTAR",0
"RPS26P49",0
"CMA1",0
"CTSG",0
"FXNP1",0
"RNA5SP388",0
"RPS26P48",0
"RNU6-921P",0
"BLZF2P",0
"HMGN1P3",0
"RPS29P1",0
"SYF2P1",0
"RPL12P5",0
"SERPINA6",0
"SERPINA12",0
"RN7SKP193",0
"MIR4504",0
"SYNJ2BP-COX16",0
"RNU2-51P",0
"RNU6-659P",0
"KRT18P7",0
"TTC9-DT",0
"RN7SL77P",0
"EGLN3-AS1",0
"RN7SKP108",0
"RPL7AP2",0
"COX5AP1",0
"RPL7AP4",0
"ABI1P1",0
"RN7SL706P",0
"RN7SL108P",0
"INSM2",0
"ILF2P2",0
"OR4K2",0
"LRFN5",0
"OR4M1",0
"OR4K14",0
"OR4K1",0
"OR10G3",0
"NF1P4",0
"NF1P11",0
"CHURC1-FNTB",0
"MIR4706",0
"ZDHHC22",0
"FAM204DP",0
"MIR1260A",0
"RN7SKP92",0
"RPL26P3",0
"RNU6-864P",0
"RNU11-5P",0
"RNU6-1234P",0
"MIR7855",0
"OR4N5",0
"OR4E2",0
"LINC02329",0
"MIR7843",0
"NGB",0
"RNASE3",0
"TRAV6",0
"TRAV7",0
"TRAV8-1",0
"TRAV9-1",0
"TRAV10",0
"TRAV11",0
"TRAV12-2",0
"TRAV8-4",0
"TRAV8-5",0
"TRAV13-2",0
"TRAV14DV4",0
"TRAV9-2",0
"TRAV15",0
"TRAV12-3",0
"TRAV8-6",0
"TRAV17",0
"TRAV18",0
"TRAV19",0
"TRAV20",0
"TRAV21",0
"TRAV22",0
"TRAV26-1",0
"TRAV8-7",0
"TRAV27",0
"TRAV28",0
"TRAV29DV5",0
"TRAV30",0
"TRAV31",0
"TRAV32",0
"TRAV33",0
"TRAV26-2",0
"TRAV34",0
"TRAV35",0
"TRAV37",0
"TRAV38-1",0
"TRAV38-2DV8",0
"TRAV40",0
"ATP6V1G1P1",0
"IGHD4-23",0
"IGHD1-20",0
"IGHD4-17",0
"IGHD3-16",0
"IGHD2-15",0
"IGHD1-14",0
"IGHD4-11",0
"IGHD2-8",0
"IGHD1-7",0
"IGHD6-6",0
"IGHD5-5",0
"IGHD4-4",0
"IGHD1-1",0
"IGHVIII-2-1",0
"IGHVIII-5-1",0
"RNA5SP389",0
"IGHVII-65-1",0
"SLC20A1P1",0
"IGHVII-67-1",0
"IGHVIII-67-2",0
"IGHVIII-67-3",0
"IGHVIII-67-4",0
"IGHVII-74-1",0
"IGHVIII-82",0
"TRIM9",0
"COX4I1P1",0
"CCDC197",0
"RN7SL461P",0
"RNU6-1204P",0
"OTX2",0
"MIR6765",0
"H1-8P2",0
"VASH1-DT",0
"RN7SKP17",0
"RN7SL356P",0
"LRRC74A",0
"JPH4",0
"CDH24",0
"OR4K17",0
"GPR135",0
"RN7SL530P",0
"VSX2",0
"VRTN",0
"SUB1P2",0
"STK16P1",0
"RNU6ATAC30P",0
"RNU6-539P",0
"RN7SL3",0
"RN7SL2",0
"RNU6-189P",0
"MIR6076",0
"PDLIM1P1",0
"RPL7AP3",0
"SYT16",0
"OR4K15",0
"OR4Q2",0
"ATP5MC1P2",0
"NT5CP2",0
"ACOT6",0
"NDUFB8P1",0
"RNU6-240P",0
"LINC02274",0
"SAMD15",0
"RNU6-273P",0
"COX8C",0
"RNU6-1258P",0
"PRIMA1",0
"SLC25A21",0
"MIR4503",0
"RNU6-1046P",0
"MIR208A",0
"MIR208B",0
"CEBPE",0
"RNU6-1277P",0
"RNASE12",0
"RNU1-47P",0
"VDAC3P1",0
"RD3L",0
"RN7SL634P",0
"MIR203A",0
"MIR203B",0
"SETP2",0
"RNU6-1291P",0
"TMEM183AP4",0
"MIR1247",0
"RN7SL586P",0
"MIR4707",0
"RNU6-244P",0
"MIR4309",0
"RN7SL546P",0
"RPL23AP11",0
"NPAS3",0
"RNA5SP384",0
"RPL32P29",0
"BCL2L2-PABPN1",0
"SRMP2",0
"RNU6-398P",0
"KCNK10",0
"NEK2P1",0
"NF1P7",0
"RNU6-1239P",0
"NBEAP5",0
"OR11H13P",0
"CDRT15P13",0
"NBEAP6",0
"TOMM40P1",0
"MIR151B",0
"MIR6764",0
"MIR345",0
"RN7SL523P",0
"SMOC1",0
"SLC8A3",0
"ZFAND2AP2",0
"H3P37",0
"SERPINA13P",0
"OR4K16P",0
"OR11H5P",0
"DPPA3P2",0
"ADAM20P1",0
"MED15P1",0
"BMS1P17",0
"OR4K3",0
"OR4K5",0
"IL25",0
"NANOGP7",0
"LRRC9",0
"RN7SKP21",0
"DACT1",0
"DIO3",0
"OR4E1",0
"RPA2P1",0
"RPS15AP3",0
"MIR548Y",0
"OR11H2",0
"MIR4506",0
"RNU2-14P",0
"RPL21P7",0
"RPPH1-2P",0
"TUNAR",0
"RPL13AP3",0
"NDUFB4P11",0
"RAP2CP1",0
"MED15P6",0
"BNIP3P1",0
"DUXAP9",0
"ADAM21P1",0
"SERTAD4BP",0
"TEX21P",0
"SRP54-AS1",0
"FOXG1",0
"MYH7",0
"RNASE11",0
"DOCK11P1",0
"RRAGAP1",0
"LINC02294",0
"MIR4307",0
"MIR3171HG",0
"LINC02326",0
"GPR33",0
"RNU6-602P",0
"EIF4BP1",0
"YWHAZP1",0
"FSCB",0
"RNU6-297P",0
"RPL18P1",0
"LINC03059",0
"RNU6-684P",0
"TMEM63C",0
"RNU7-51P",0
"LINC02296",0
"LINC02330",0
"SHLD2P2",0
"SCARNA13",0
"TCL1B",0
"LINC03058",0
"ARHGAP42P5",0
"LINC02297",0
"SSBP3P4",0
"RPL22P20",0
"NF1P10",0
"DUXAP10",0
"COX5AP2",0
"LINC02833",0
"LINC02311",0
"LINC02304",0
"LINC02319",0
"LINC02309",0
"PRPF39-DT",0
"LINC02295",0
"LINC02322",0
"MIR493HG",0
"FOXG1-AS1",0
"LRFN5-DT",0
"LINC02316",0
"LINC02320",0
"LINC02300",0
"LINC02303",0
"LINC02308",0
"LINC02290",0
"LINC03033",0
"LINC02306",0
"LINC02281",0
"LINC02282",0
"LINC00640",0
"LINC00519",0
"FLRT2-AS1",0
"LINC00911",0
"LINC02286",0
"LINC00645",0
"RNASE2CP",0
"FAM181A-AS1",0
"MEG9",0
"LINC00523",0
"LINC02321",0
"LINC02305",0
"LINC00644",0
"LINC02299",0
"LINC02279",0
"OTX2-AS1",0
"LINC02293",0
"LINC02324",0
"LINC02318",0
"G2E3-AS1",0
"TTC7B-AS1",0
"LINC02317",0
"HISLA",0
"OR7E106P",0
"PPIAP4",0
"RPL12P7",0
"ATP5MC1P1",0
"ELK2BP",0
"RPL3P4",0
"GRAMD4P4",0
"PTBP1P",0
"OR11H12",0
"LINC02313",0
"LINC00605",0
"LINC00677",0
"OR11H3P",0
"OR11J6P",0
"MPHOSPH10P5",0
"OR4M2-OT1",0
"GOLGA6L1",0
"OR4N3P",0
"OR11J7P",0
"SERPINE4P",0
"NF1P2",0
"ZNF519P3",0
"OR4H6P",0
"RPLP0P10",0
"HNRNPA1P71",0
"DNAAF4-CCPG1",0
"OR11K1P",0
"OR4Q1P",0
"LDHAL6B",0
"GAPDHP43",0
"HNRNPA1P45",0
"MESTP2",0
"GEMIN8P1",0
"BUB1B-PAK6",0
"PLCB2-AS1",0
"TBC1D21",0
"SALRNA3",0
"CNOT6LP1",0
"CPLX3",0
"GOLGA6A",0
"LIPC-AS1",0
"RPL21P14",0
"LMAN1L",0
"MTND5P40",0
"SUMO2P15",0
"HDC",0
"THRAP3P2",0
"RPL7L1P15",0
"LINC02157",0
"PGAM1P12",0
"TUBAP4",0
"KRT8P24",0
"TUBAP12",0
"TFDP1P3",0
"NMNAT1P5",0
"MIR5701-3",0
"RNU6-631P",0
"RN7SL106P",0
"RNA5SP390",0
"MIR4715",0
"MIR3118-4",0
"MIR4509-1",0
"MIR4510",0
"MIR3942",0
"RNU6-1014P",0
"RN7SKP101",0
"RNU1-119P",0
"RN7SKP139",0
"RNA5SP394",0
"RN7SL307P",0
"MIR4712",0
"RN7SL494P",0
"RNU2-53P",0
"RN7SL568P",0
"SNORD3P1",0
"RNA5SP397",0
"MIR2116",0
"RNU4-80P",0
"RNU6-745P",0
"MIR629",0
"RN7SL429P",0
"MIR6882",0
"RNU6-380P",0
"MIR5572",0
"RNU6-401P",0
"RNU6-1339P",0
"MIR3713",0
"RN7SKP217",0
"MIR1179",0
"RNU6-185P",0
"MIR7-2",0
"MIR3529",0
"MIR1469",0
"RN7SKP254",0
"RNU2-3P",0
"SNORD116-29",0
"SNORD116-30",0
"PWAR1",0
"DMAC1P1",0
"SNORD115-1",0
"SNORD115-2",0
"SNORD115-3",0
"SNORD115-4",0
"SNORD115-5",0
"SNORD115-6",0
"SNORD115-7",0
"SNORD115-8",0
"SNORD115-9",0
"SNORD115-10",0
"SNORD115-11",0
"SNORD115-12",0
"SNORD115-13",0
"SNORD115-14",0
"SNORD115-15",0
"SNORD115-16",0
"SNORD115-17",0
"SNORD115-18",0
"SNORD115-19",0
"SNORD115-20",0
"SNORD115-21",0
"SNORD115-22",0
"SNORD115-23",0
"SNORD115-24",0
"SNORD115-25",0
"SNORD115-26",0
"SNORD115-27",0
"SNORD115-28",0
"SNORD115-29",0
"SNORD115-30",0
"SNORD115-31",0
"SNORD115-32",0
"SNORD115-33",0
"SNORD115-34",0
"SNORD115-35",0
"SNORD115-36",0
"SNORD115-37",0
"SNORD115-38",0
"SNORD115-39",0
"SNORD115-40",0
"SNORD115-41",0
"SNORD115-42",0
"SNORD115-43",0
"SNORD115-44",0
"SNORD115-45",0
"SNORD115-46",0
"SNORD115-47",0
"SNORD115-48",0
"SNORD109B",0
"RNU6-554P",0
"RNU6-353P",0
"DNM1P31",0
"RN7SL185P",0
"RN7SL539P",0
"GOLGA6L23P",0
"RN7SL214P",0
"RN7SL331P",0
"UBE2Q2P8",0
"RN7SL417P",0
"CSPG4P5",0
"UBE2Q2P11",0
"POTEB",0
"RPL32P2",0
"MIR1233-1",0
"MIR6766",0
"MIR9-3",0
"H3P39",0
"SLC28A2",0
"RNU6-953P",0
"MIR147B",0
"SNORA41B",0
"DPPA5P2",0
"AHCYP7",0
"RN7SL354P",0
"RPL32P30",0
"MIR549A",0
"MIR4514",0
"RNU6-339P",0
"RNU6-796P",0
"MIR422A",0
"GAPDHP61",0
"RN7SL796P",0
"RN7SL628P",0
"RN7SL82P",0
"ATP5PDP1",0
"MIR7973-2",0
"MIR7973-1",0
"SCG3",0
"RPL36AP43",0
"RNA5SP393",0
"MIR4310",0
"RNU6-132P",0
"ANPEP",0
"ARPIN-AP3S2",0
"RNU7-111P",0
"RNU6-667P",0
"CILP",0
"MIR4508",0
"RNU6-741P",0
"LINC02896",0
"MIR1266",0
"RPSAP55",0
"KBTBD13",0
"SNRPCP18",0
"MIR628",0
"RNU6-1169P",0
"ITPKA",0
"UBE2CP4",0
"RPL21P116",0
"NCAPGP2",0
"RN7SL484P",0
"RNA5SP402",0
"CERS3-AS1",0
"RNU6-322P",0
"RNU6-181P",0
"CERS3",0
"RN7SL363P",0
"SCARNA15",0
"CELF6",0
"RPL12P35",0
"RNU6-231P",0
"MIR548AP",0
"RNA5SP400",0
"RNU6-1108P",0
"RNU6-1332P",0
"RNU6-966P",0
"RNU1-78P",0
"TERB2",0
"PLA2G4B",0
"COX6CP4",0
"LARP4P",0
"TPST2P1",0
"MIR8063",0
"MIR630",0
"FABP5P8",0
"MIR4515",0
"BNC1",0
"PERPP2",0
"MIR1302-10",0
"MIR6859-3",0
"CD24P2",0
"RNU6-1287P",0
"HMGB1P33",0
"MIR211",0
"TMEM202",0
"PHB1P20",0
"NDUFA3P4",0
"SH2D7",0
"RNU6-449P",0
"HNRNPA1P74",0
"DNM1P5",0
"MIR1233-2",0
"BCAR1P1",0
"RN7SL584P",0
"GOLGA6L4",0
"RPL9P25",0
"MIR4512",0
"SNORD18C",0
"SNORD18B",0
"SNORD16",0
"SNORD18A",0
"RN7SL286P",0
"ARHGAP11A",0
"GREM1-AS1",0
"SLC12A1",0
"GOLGA8F",0
"ABCB10P3",0
"ABCB10P4",0
"RN7SL719P",0
"GOLGA8M",0
"MIR4311",0
"RNA5SP392",0
"PHGR1",0
"OR4M2",0
"GOLGA6B",0
"RPL7P5",0
"H3P40",0
"GOLGA6L7",0
"RNA5SP399",0
"GOLGA6L2",0
"GOLGA6L25",0
"GOLGA6L26",0
"GOLGA6L24",0
"MIR6085",0
"MIR190A",0
"OR4F4",0
"RN7SL536P",0
"RNU1-77P",0
"GOLGA6L9-AS1",0
"LINC00928",0
"CYCSP2",0
"RN7SL497P",0
"RN7SL278P",0
"KRT8P23",0
"GOLGA8J",0
"RN7SL673P",0
"RN7SL469P",0
"DNM1P30",0
"RNU6-17P",0
"RN7SL196P",0
"RN7SL346P",0
"RN7SL736P",0
"RPL21P114",0
"RNA5SP396",0
"GCNT3",0
"RN7SL376P",0
"IGHV1OR15-4",0
"MIR1268A",0
"SPATA31E3P",0
"RN7SL545P",0
"MPHOSPH10P9",0
"RN7SL495P",0
"GOLGA6L22",0
"MIR4313",0
"RN7SL319P",0
"DNM1P49",0
"RN7SL510P",0
"OR4N4",0
"NPM1P47",0
"MIR8067",0
"MIR1272",0
"ASB9P1",0
"EGLN1P1",0
"RN7SL238P",0
"MIR4509-2",0
"MIR4509-3",0
"FAM149B1P1",0
"RN7SKP181",0
"SEPHS1P2",0
"MIR4312",0
"RN7SL209P",0
"OR4F6",0
"OR4F15",0
"OR4F14P",0
"WBP1LP5",0
"NDUFB10P1",0
"CYP19A1",0
"MIR4713",0
"EIF4EBP2P2",0
"RN7SL428P",0
"MIR7706",0
"GOLGA8VP",0
"GOLGA6C",0
"RN7SL489P",0
"RN7SL327P",0
"RPL13P4",0
"MIR627",0
"CARS1P1",0
"ELMO2P1",0
"GOLGA8DP",0
"SORD2P",0
"CSPG4P13",0
"GOLGA6FP",0
"COMMD4P1",0
"ADAMTS7P3",0
"UBE2Q2P16",0
"GOLGA2P7",0
"DNM1P51",0
"STRCP1",0
"ULK4P2",0
"UBE2Q2P13",0
"DNM1P46",0
"OR4G2P",0
"WASH3P",0
"DDX11L9",0
"CHEK2P2",0
"WHAMMP4",0
"WHAMMP2",0
"ADAMTS7P1",0
"UBE2Q2P2",0
"UBE2Q2P6",0
"GOLGA2P10",0
"ULK4P3",0
"GOLGA8EP",0
"HERC2P2",0
"GOLGA8IP",0
"GOLGA6EP",0
"ULK4P1",0
"GOLGA6L5P",0
"LINC00933",0
"PDCD6IPP2",0
"EFL1P1",0
"HERC2P9",0
"SCAND2P",0
"OR4F13P",0
"ADAMTS7P4",0
"DNM1P47",0
"GOLGA2P11",0
"DNM1P34",0
"MIR6881",0
"HNRNPA1P62",0
"PDCD6IPP1",0
"GABRA5",0
"TVP23BP1",0
"RNA5SP391",0
"RHCG",0
"MED28P6",0
"RN7SL487P",0
"GOLGA6D",0
"GJD2",0
"TUBAP11",0
"H3P38",0
"RNU6-188P",0
"ALDH1A2-AS1",0
"MTCO3P23",0
"MTND3P12",0
"MTND5P32",0
"MTCYBP23",0
"DUXAP6",0
"NPM1P5",0
"ST8SIA2",0
"ENO1P2",0
"NOX5",0
"RPL29P30",0
"HMGN2P46",0
"ACTG1P17",0
"CSNK1A1P1",0
"H2AZ2P1",0
"ANP32BP1",0
"PPIAP46",0
"TMCO5B",0
"MIR184",0
"ANKRD34C",0
"GCOM1",0
"LINC01581",0
"LONRF2P4",0
"CXADRP2",0
"GRAMD4P6",0
"POTEB3",0
"MIR3118-3",0
"NF1P9",0
"MIR5701-2",0
"LINC02203",0
"OR11K1BP",0
"OR1Q1BP",0
"OR4H6BP",0
"OR4M2B",0
"OR4N4C",0
"OR4N3BP",0
"PWRN2",0
"SNORD107",0
"PWAR5",0
"SNORD64",0
"SNORD108",0
"SNORD109A",0
"SNORD116-1",0
"SNORD116-2",0
"SNORD116-3",0
"SNORD116-4",0
"SNORD116-5",0
"SNORD116-6",0
"SNORD116-7",0
"SNORD116-8",0
"SNORD116-9",0
"SNORD116-10",0
"SNORD116-11",0
"SNORD116-12",0
"SNORD116-13",0
"SNORD116-14",0
"SNORD116-15",0
"SNORD116-16",0
"SNORD116-17",0
"SNORD116-18",0
"SNORD116-19",0
"SNORD116-20",0
"SNORD116-21",0
"SNORD116-22",0
"SNORD116-23",0
"SNORD116-24",0
"SNORD116-25",0
"SNORD116-26",0
"SNORD116-27",0
"SNORD116-28",0
"ANP32AP1",0
"NUTF2P6",0
"RBM17P4",0
"RN7SL677P",0
"RNA5SP401",0
"LINC01582",0
"RNU6-1186P",0
"FAM169BP",0
"CHRNB4",0
"RPL18P11",0
"RPL21P15",0
"RNU6-549P",0
"GABRG3-AS1",0
"SPATA8-AS1",0
"SPATA8",0
"PWRN4",0
"LINGO1-AS2",0
"LINGO1-AS1",0
"C15orf32",0
"LINC02895",0
"SMASR",0
"FAM138E",0
"IRAIN",0
"LINC02349",0
"THSD4-AS1",0
"SKOR1-AS1",0
"FBN1-DT",0
"RORA-AS2",0
"LINC01413",0
"ANKRD34C-AS1",0
"LINC02490",0
"LINC02255",0
"LINC02852",0
"LINC00052",0
"ATP10A-DT",0
"LINC02351",0
"LINC00927",0
"RYR3-DT",0
"CT62",0
"LINC01586",0
"LINC02346",0
"LINC02853",0
"LINC00929",0
"LINC02248",0
"LINC03065",0
"LINC01169",0
"LETR1",0
"LINC02251",0
"INSYN1-AS1",0
"POLGARF",0
"RNU6-978P",0
"SLC20A1P3",0
"IGHD5OR15-5A",0
"IGHD4OR15-4A",0
"IGHD3OR15-3A",0
"IGHD2OR15-2A",0
"IGHD1OR15-1A",0
"FAM30B",0
"HERC2P3",0
"GOLGA6L6",0
"MPHOSPH10P4",0
"RN7SL759P",0
"SPATA31E2P",0
"IGHV1OR15-6",0
"NBEAP1",0
"RNU6-498P",0
"LONRF2P3",0
"GRAMD4P5",0
"MIR3118-2",0
"POTEB2",0
"RNU6-749P",0
"ZNF519P2",0
"MIR5701-1",0
"LINC01193",0
"OR11J2P",0
"OR11J5P",0
"IGHD5OR15-5B",0
"IGHD4OR15-4B",0
"IGHD3OR15-3B",0
"IGHD2OR15-2B",0
"IGHD1OR15-1B",0
"FAM30C",0
"BCAR1P2",0
"RN7SL400P",0
"NBEAP4",0
"RNU6-1235P",0
"VPS33B-DT",0
"RPL7AP75",0
"DNM1P33",0
"DNM1P32",0
"MPHOSPH10P2",0
"DNM1P50",0
"HERC2P10",0
"HMGN2P47",0
"SMAD3-DT",0
"HMGN2P40",0
"OR4G6P",0
"GABARAPL3",0
"HNRNPLP2",0
"FSCN1P1",0
"BMS1P15",0
"RHPN2P1",0
"MPHOSPH10P3",0
"HERC2P1",0
"MPHOSPH10P7",0
"HERC2P11",0
"MPHOSPH10P6",0
"HMGN1P26",0
"DNM1P38",0
"ISCA1P4",0
"HERC2P7",0
"UBE2Q2P12",0
"NIFKP8",0
"GOLGA6L3P",0
"DNM1P28",0
"RPL36AP45",0
"COMMD4P2",0
"GOLGA8CP",0
"NF1P1",0
"BMS1P16",0
"PCSK6-AS1",0
"MIR4713HG",0
"EWSAT1",0
"NHLRC4",0
"LINC02152",0
"ARHGDIG",0
"HS3ST4",0
"LINC01195",0
"HS3ST2",0
"PCMTD1P2",0
"DUX4L46",0
"DUX4L47",0
"PPP1R1AP2",0
"DUX4L45",0
"TCERG1P2",0
"TMF1P1",0
"RPL23AP72",0
"GSG1L",0
"SPRING1P3",0
"HSPE1P16",0
"CCL17",0
"CAPNS2",0
"NPAP1L",0
"RPS27P27",0
"LINC02141",0
"PLA2G10GP",0
"VAT1L",0
"CNTNAP4",0
"DPPA3P11",0
"FOXC2",0
"HSPE1P7",0
"RPL7AP63",0
"HCCAT5",0
"LINC02135",0
"DUXAP11",0
"FOXL1",0
"VN2R10P",0
"GNPATP",0
"MIR6859-4",0
"MIR6769A",0
"RNU6-1340P",0
"MIR548W",0
"RNA5SP405",0
"RNA5-8SP2",0
"RNU4-58P",0
"RNU6-21P",0
"RN7SKP76",0
"RNA5SP430",0
"RNU6-758P",0
"RN7SKP233",0
"RNA5SP433",0
"MIR4719",0
"RNU1-125P",0
"RNU1-22P",0
"ZSCAN10",0
"OR1F2P",0
"RPL7L1P19",0
"OR2C1",0
"MTCO1P28",0
"MTND1P8",0
"SRL",0
"CORO7-PAM16",0
"SNORA30",0
"TMEM265",0
"MIR4519",0
"CTF2P",0
"NDUFA3P6",0
"ZP2",0
"LINC02164",0
"RPS3AP48",0
"SNRPCP20",0
"NPM1P3",0
"LINC01570",0
"MIR8065",0
"RNU7-99P",0
"RNU6-457P",0
"RNU6-328P",0
"MT4",0
"MT1CP",0
"MT1B",0
"RNU6-1005P",0
"RNU6-196P",0
"TPRKBP2",0
"RNY1P10",0
"MIR6862-1",0
"IL27",0
"CDC37P1",0
"MIR6862-2",0
"MIR4721",0
"MIR4517",0
"SLX1B-SULT1A4",0
"SLC7A5P1",0
"GPR139",0
"SULT1A4",0
"PDIA2",0
"SEPTIN12",0
"SULT1A3",0
"TNP2",0
"PRM3",0
"PRM2",0
"PRM1",0
"MIR548H2",0
"RNU6-1191P",0
"MIR4720",0
"PPIAP51",0
"MIR6504",0
"RN7SL279P",0
"RPS27P26",0
"SNORD111B",0
"SNORD111",0
"RN7SL520P",0
"ATP5PBP7",0
"RNA5SP403",0
"RNA5SP404",0
"RN7SL493P",0
"MIR3935",0
"HBZ",0
"HBM",0
"HBZP1",0
"HBAP1",0
"HBQ1",0
"RNU6-359P",0
"MIR6773",0
"RNU4-30P",0
"RPL35AP33",0
"RNU4-36P",0
"RNA5SP432",0
"SLC38A8",0
"COX6A2",0
"VN1R64P",0
"VN1R65P",0
"VN1R66P",0
"LINC00254",0
"RNU6ATAC25P",0
"TEKT5",0
"MTCYBP33",0
"MTND6P33",0
"MTND5P33",0
"MTND4P34",0
"MTND4LP24",0
"MTND3P13",0
"MTCO3P24",0
"MTATP6P24",0
"CCNYL7",0
"MIR3177",0
"MIR6767",0
"MIR6768",0
"NTN3",0
"ATP6V0C",0
"MIR3178",0
"MIR6506",0
"MIR484",0
"MIR662",0
"SNORD68",0
"CLEC18C",0
"MIR3181",0
"RNA5SP426",0
"HMGB3P32",0
"ADGRG3",0
"DRC7",0
"MTCH2P3",0
"MIR6772",0
"RNU6-20P",0
"GAS8-AS1",0
"ACTG1P16",0
"MIR138-2",0
"MIR6863",0
"CFAP69P1",0
"RPL23AP91",0
"MIR328",0
"RN7SKP118",0
"RNU1-123P",0
"RPL17P40",0
"MIR3179-2",0
"MIR3670-2",0
"MIR3180-2",0
"MIR6511A2",0
"MIR6770-2",0
"MIR6511A3",0
"MIR1538",0
"LNCPTCTS",0
"RNU6-213P",0
"RPL15P20",0
"SNORA80C",0
"RNU7-61P",0
"RNU6-1043P",0
"RN7SL645P",0
"PRSS54",0
"PLA2G10FP",0
"ADAM3B",0
"MRPS21P7",0
"MRPS21P8",0
"RPL34P29",0
"MIR6771",0
"CKLF-CMTM1",0
"CMTM2",0
"BEAN1-AS1",0
"SNORA3C",0
"CMTM1",0
"SNRPEP3",0
"UMOD",0
"PDILT",0
"ACSM5",0
"C16orf92",0
"RNU6-269P",0
"RNU6-1110P",0
"RNU6-103P",0
"SNORA46",0
"SNORA50A",0
"RNU6-1155P",0
"RN7SL143P",0
"GEMIN8P2",0
"RPL12P36",0
"C16orf82",0
"ACSM2B",0
"RN7SL743P",0
"TLE7",0
"RNU6-208P",0
"SNORD71",0
"MTCH2P4",0
"SLC6A2",0
"PPIAP50",0
"KRT8P22",0
"LSM3P5",0
"RNA5SP431",0
"RPS26P52",0
"LINC02186",0
"CHP2",0
"MIR1273H",0
"CACNG3",0
"RNU7-24P",0
"RPL39P31",0
"C16orf96",0
"RBM22P13",0
"IGHV1OR16-1",0
"ABHD17AP8",0
"COX6CP16",0
"LINC00311",0
"LINC02890",0
"SOD1P2",0
"SALL1",0
"NECAB2",0
"PPIAP49",0
"RNU6-237P",0
"RNU6-898P",0
"RNU6-22P",0
"DERPC",0
"SNORA10",0
"SNORA64",0
"SNORA78",0
"RN7SL219P",0
"MIR1225",0
"LINC01567",0
"TMEM114",0
"MIR8058",0
"RN7SL134P",0
"MIR3182",0
"LARP7P2",0
"NRN1L",0
"KARS1P3",0
"DPEP2NB",0
"PLA2G10EP",0
"MIR3179-1",0
"MIR5189",0
"ZFPM1-AS1",0
"MIR4722",0
"RN7SL274P",0
"RNU7-125P",0
"NPIPA3",0
"RNU6-159P",0
"RNU6-1241P",0
"MIR1910",0
"RPL10AP12",0
"MIR6774",0
"MEFV",0
"SLC7A5P2",0
"CCNYL1B",0
"MIR193B",0
"MIR365A",0
"LINC03107",0
"RN7SKP176",0
"HSD17B2",0
"MTCYBP28",0
"RN7SKP190",0
"ACTR3BP3",0
"PABPC1P13",0
"ABCD1P3",0
"FAM153DP",0
"ABHD17AP7",0
"BCAP31P2",0
"IGHV1OR16-2",0
"IGHV3OR16-10",0
"IGHV1OR16-4",0
"RN7SKP142",0
"UBL5P4",0
"RPS23P6",0
"TIPINP2",0
"RPS3AP2",0
"PTX4",0
"TP53TG3D",0
"NPIPA7",0
"PABPN1L",0
"TP53TG3",0
"RNA5SP428",0
"BOLA2",0
"RN7SL557P",0
"AQP8",0
"MIR6511B1",0
"MIR4516",0
"MIR3180-5",0
"SNORD60",0
"DNASE1L2",0
"MIR3677",0
"MIR940",0
"LINC00235",0
"MIR5587",0
"MIR3176",0
"DDX11L10",0
"MT1JP",0
"MT1IP",0
"ABCA3P1",0
"PLA2G10CP",0
"SNX29P2",0
"PDXDC2P",0
"FRG2KP",0
"PDPK2P",0
"URAHP",0
"TUBB8P7",0
"HERC2P4",0
"RRN3P3",0
"OTOAP1",0
"PDPR2P",0
"ABCC6P2",0
"HERC2P5",0
"SLC6A10P",0
"HERC2P8",0
"TMEM231P1",0
"SMG1P1",0
"RRN3P1",0
"SMG1P3",0
"MT1DP",0
"MPHOSPH10P1",0
"MT1L",0
"SMG1P7",0
"MIR140",0
"CLEC18A",0
"TP53TG3F",0
"CHEK2P6",0
"BMS1P8",0
"ENPP7P13",0
"ABHD17AP9",0
"TP53TG3C",0
"PLA2G10IP",0
"NPIPA8",0
"PKD1P4",0
"MIR6511A4",0
"PKD1P5",0
"MIR6770-3",0
"MIR3180-3",0
"MIR3670-3",0
"MIR3179-3",0
"MIR3670-4",0
"MIR3179-4",0
"ABCC6P1",0
"MIR3670-1",0
"MIR3180-1",0
"MIR6511A1",0
"MIR6770-1",0
"NPIPP1",0
"MIR6511B2",0
"MIR3180-4",0
"PRSS30P",0
"RNU6-355P",0
"MIR4718",0
"RPL35AP34",0
"NPIPB7",0
"ANKRD26P1",0
"RNU6-845P",0
"CKBP1",0
"RBM22P12",0
"CLUHP3",0
"VN1R67P",0
"VN1R3",0
"RPL23AP86",0
"MTND4LP25",0
"CA7",0
"CALB2",0
"TPSG1",0
"TPSB2",0
"TPSD1",0
"PRSS29P",0
"TPSP2",0
"SSTR5",0
"APOOP5",0
"PPIAP48",0
"RPS27AP16",0
"RPS2P45",0
"CASP16P",0
"CENPBD1P",0
"CDIPTOSP",0
"FBXL9P",0
"AFG3L1P",0
"SULT1A1",0
"UBE2FP2",0
"RPS15AP34",0
"PKD1P6",0
"GREP1",0
"CES1P1",0
"CES5A",0
"TEDC2-AS1",0
"ITGAL-AS1",0
"TP53TG3E",0
"TP53TG3B",0
"CCNYL3",0
"CLUHP11",0
"NAMPTP3",0
"VPS35P1",0
"VN1R68P",0
"VN1R69P",0
"SLC25A1P4",0
"RARRES2P5",0
"FGFR3P5",0
"AGGF1P8",0
"RARRES2P9",0
"AGGF1P9",0
"C2orf69P4",0
"FRG2GP",0
"AGGF1P4",0
"RARRES2P7",0
"C2orf69P3",0
"ZNF971P",0
"FRG2DP",0
"RARRES2P10",0
"AGGF1P6",0
"C2orf69P2",0
"TP53TG3HP",0
"RARRES2P8",0
"AGGF1P7",0
"C2orf69P1",0
"C1QL1P1",0
"KIF18BP1",0
"RNA5SP406",0
"RNA5SP407",0
"RNA5SP408",0
"RNA5SP409",0
"LINC02167",0
"RNA5SP410",0
"RNA5SP411",0
"RNA5SP412",0
"RNA5SP413",0
"RNA5SP414",0
"RNA5SP415",0
"RNA5SP416",0
"RNA5SP417",0
"RNA5SP418",0
"RNA5SP419",0
"RNA5SP420",0
"RNA5SP421",0
"RNA5SP422",0
"RNA5SP423",0
"VN1R70P",0
"UBA52P8",0
"MOCS1P1",0
"KLF8P1",0
"RNU6-257P",0
"UNGP1",0
"CASC22",0
"MTND5P34",0
"RN7SL841P",0
"RPL31P56",0
"RNU4-46P",0
"CEDORA",0
"LINC01227",0
"LINC02191",0
"LINC02140",0
"LINC02137",0
"LINC01566",0
"LINC02195",0
"LINC02132",0
"LINC02131",0
"CDH13-AS1",0
"LINC02189",0
"LINC02858",0
"LINC02194",0
"LINC02129",0
"LINC02192",0
"LINC02138",0
"LOHAN2",0
"LINC00922",0
"LINC01228",0
"LINC02175",0
"LINC02134",0
"SSTR5-AS1",0
"LINC02178",0
"MMP2-AS1",0
"LINC02176",0
"LINC02130",0
"CDH8-AS1",0
"DNAJA2-DT",0
"LINC01082",0
"ARLNC1",0
"FOXC2-AS1",0
"LINC02127",0
"LINC02165",0
"LINC02185",0
"LINC00919",0
"LINC02180",0
"LINC02136",0
"LINC00917",0
"CASC16",0
"LINC03064",0
"LINC02184",0
"MPHOSPH6-DT",0
"LINC02139",0
"MIR6775",0
"SLX1A",0
"C4orf46P1",0
"WASH4P",0
"BCAP31P1",0
"HMGN2P3",0
"RPL18P13",0
"VPS51P1",0
"GAPDHP35",0
"PLA2G10DP",0
"PLA2G10KP",0
"SMG1P6",0
"PLA2G10HP",0
"CA5AP1",0
"PLA2G10JP",0
"PKD1P1",0
"PKD1P2",0
"NCOA5LP",0
"CES1P2",0
"ATP5F1AP3",0
"PLA2G10BP",0
"SCML2P2",0
"CHEK2P7",0
"IL9RP3",0
"TP53TG3GP",0
"FRG2JP",0
"RARRES2P6",0
"FRG2HP",0
"AGGF1P5",0
"RNU7-90P",0
"RNU7-71P",0
"LINC02126",0
"RPS16P8",0
"SYPL1P2",0
"TUFMP1",0
"G6PC1",0
"TMIGD1",0
"VN1R71P",0
"B4GALNT2P1",0
"WFIKKN2",0
"KIF2B",0
"CA10",0
"NME1-NME2",0
"ATG12P1",0
"PRELID3BP3",0
"ARL2BPP8",0
"RPL7P48",0
"PDLIM1P3",0
"ISCA1P3",0
"IGF2BP1",0
"MARCHF10",0
"LINC02594",0
"RNU6-468P",0
"RNU6-990P",0
"MIR4522",0
"RNA5SP526",0
"MIR423",0
"RNU6-287P",0
"MIR3184",0
"MIR8059",0
"MIR6129",0
"RNU6-928P",0
"RNA5SP445",0
"MIR634",0
"RN7SKP14",0
"RNU7-155P",0
"PTGES3L-AARSD1",0
"RN7SL622P",0
"ARHGAP27P2",0
"NDUFB4P3",0
"RNU7-134P",0
"CCDC182",0
"RN7SKP94",0
"TBC1D3P4",0
"YWHAEP2",0
"LGALS9C",0
"SRP68P2",0
"SENP3-EIF4A1",0
"SNORA48",0
"SNORD10",0
"SNORA67",0
"OR1D5",0
"OR1P1",0
"OR1E3",0
"RPS29P22",0
"MIR4723",0
"RN7SL105P",0
"MIR22",0
"HNRNPA1P19",0
"RNU6-1178P",0
"SPECC1P2",0
"MAPT-IT1",0
"STH",0
"MIR6165",0
"SRP14P3",0
"RNU6-1313P",0
"MIR3186",0
"TSEN15P1",0
"PLSCR3",0
"TMEM256-PLSCR3",0
"SPEM1",0
"SPEM3",0
"FGF11",0
"SCARNA21",0
"ALOXE3P1",0
"MIR4314",0
"MIR6883",0
"SNORD118",0
"MIR4521",0
"ARHGEF15",0
"PPIAP52",0
"CCDC42",0
"MFSD6L",0
"PIK3R6",0
"CFAP52",0
"RPL19P18",0
"GLP2R",0
"NPM1P45",0
"RCVRN",0
"MYH13",0
"MYH8",0
"MYH1",0
"PIRT",0
"RNU6-1065P",0
"RPL15P21",0
"RN7SL601P",0
"MIR744",0
"ARHGAP44-AS1",0
"MIR1269B",0
"HS3ST3A1",0
"MIR548H3",0
"CDRT15",0
"RPL23AP76",0
"CDRT7",0
"RNU6-24P",0
"SNORD1C",0
"SNORD1B",0
"SNORD1A",0
"RNY4P36",0
"MIR636",0
"SCARNA16",0
"MIR6516",0
"RNU4-47P",0
"CYCSP40",0
"MIR4316",0
"SMCO4P1",0
"RN7SL819P",0
"RPL6P26",0
"KIF18B",0
"KIF18B-DT",0
"TEX19",0
"MIR4731",0
"TEKT3",0
"RNU6-799P",0
"RN7SL792P",0
"KYNUP3",0
"MIR1180",0
"LINC02094",0
"RPL17P43",0
"MIR6786",0
"MIR4738",0
"TEN1",0
"RN7SL33P",0
"MIR6776",0
"MIR1253",0
"MIR3614",0
"MSX2P1",0
"PHOSPHO1",0
"MYOCD",0
"H3P41",0
"SNORD4A",0
"SNORD42A",0
"SNORD4B",0
"CALM2P1",0
"MIR6868",0
"OR1D3P",0
"RNU2-58P",0
"MIR454",0
"MIR301A",0
"OVCA2",0
"MIR212",0
"RN7SL624P",0
"SNORD91B",0
"SNORD91A",0
"ACE3P",0
"RPL31P57",0
"MIR3064",0
"MIR5047",0
"KPNA2P3",0
"MIR3678",0
"RNU6-938P",0
"OOSP1P2",0
"MIR632",0
"LINC02075",0
"RNU6-955P",0
"TM4SF5",0
"ATP6V0CP1",0
"ATP5MGP7",0
"RNU1-80P",0
"UBE2V2P2",0
"RNU6-625P",0
"KCNH4",0
"HCRT",0
"SPECC1-DT",0
"KCTD9P1",0
"RNU6-258P",0
"RNU6-467P",0
"ASIC2",0
"RNA5SP443",0
"KRT222",0
"KRT224P",0
"KRT24",0
"KRT25",0
"KRT28",0
"KRT20",0
"KRT23",0
"GH1",0
"SNORD104",0
"SNORA50C",0
"RNU6-131P",0
"MIR6782",0
"MIR2909",0
"GCGR",0
"MYADML2",0
"MIR6780A",0
"RPS4XP17",0
"RNU6-840P",0
"FNDC8",0
"SPICP2",0
"ATP5MGP6",0
"KRTAP17-1",0
"TBC1D3P7",0
"KRT33A",0
"KRT33B",0
"KRT31",0
"KRT41P",0
"KRT37",0
"MIR6785",0
"OR4D2",0
"RPL12P37",0
"MIR657",0
"MIR3065",0
"MIR338",0
"MIR1250",0
"PVALEF",0
"MIR3183",0
"BHLHA9",0
"TRARG1",0
"MIR4525",0
"SUMO2P7",0
"SGCA",0
"USP32P4",0
"RPL36AP47",0
"EFCAB3",0
"RNU7-52P",0
"SHC1P2",0
"SLC4A1",0
"RNU6-453P",0
"RN7SL258P",0
"MIR378J",0
"RNU6-489P",0
"MIR451A",0
"MIR144",0
"MIR4732",0
"FADS6",0
"USH1G",0
"OTOP3",0
"RNU6-362P",0
"RN7SL573P",0
"OR1D2",0
"SETP3",0
"OR1AC1P",0
"OR1E1",0
"RNASEK-C17orf49",0
"MIR195",0
"MIR497",0
"BCL6B",0
"YBX2",0
"RASL10B",0
"KRT34",0
"OR1A2",0
"TBC1D3C",0
"TBC1D3",0
"RN7SL716P",0
"SNRPGP17",0
"RNU4-13P",0
"CD300LD",0
"KRT39",0
"KRTAP3-3",0
"KRTAP3-2",0
"KRTAP3-4P",0
"KRTAP1-5",0
"KRTAP1-3",0
"KRTAP1-1",0
"KRTAP2-3",0
"KRTAP2-4",0
"KRTAP2-5P",0
"KRTAP4-11",0
"KRTAP4-12",0
"KRTAP4-5",0
"KRTAP4-4",0
"KRT40",0
"ZNF29P",0
"ZNF286A-TBC1D26",0
"TBC1D26",0
"E2F3P1",0
"TOMM20P2",0
"SLFN14",0
"SNORD7",0
"RN7SL138P",0
"DPRXP4",0
"MIR4733",0
"SEC24AP1",0
"MIR4524B",0
"MIR4524A",0
"KRT43P",0
"KRT32",0
"RNU2-32P",0
"KRT36",0
"MIR6510",0
"LINC00974",0
"KRT9",0
"KRT35",0
"CCDC92B",0
"DNAI2",0
"BTBD17",0
"RNA5SP448",0
"MIR4739",0
"ENPP7",0
"RN7SL79P",0
"RN7SL45P",0
"MIR4724",0
"MIR193A",0
"MIR4725",0
"MIR365B",0
"TBC1D3L",0
"RNU6-1264P",0
"BTF3P14",0
"MIR4315-1",0
"RDM1P1",0
"CHCT1",0
"RPSAP66",0
"HMGN1P28",0
"RPLP1P11",0
"RNU6-862P",0
"MIR1288",0
"SNORD49B",0
"SNORD49A",0
"SNORD65",0
"KRTAP2-1",0
"KRTAP4-8",0
"KRTAP1-4",0
"HSPB9",0
"CSHL1",0
"POLR3KP2",0
"KRTAP16-1",0
"GSG1L2",0
"SPDYE4",0
"ASGR2",0
"PYY",0
"MIR4726",0
"RNA5SP440",0
"RNU6-866P",0
"MIR4727",0
"KCNH6",0
"MIR633",0
"TRMT112P3",0
"GPR142",0
"SLC35G3",0
"MIR6865",0
"MIR4730",0
"RPL32P31",0
"MIR1268B",0
"RNA5SP438",0
"CCL7",0
"CCL11",0
"CCL13",0
"CCL1",0
"TBC1D28",0
"RNU1-108P",0
"RNU1-52P",0
"RNVU1-34",0
"RNU6-518P",0
"RPL35AP35",0
"RNU7-186P",0
"CPDP1",0
"LGALS9DP",0
"SCGB1C2",0
"OR1G1",0
"TMEM235",0
"NEK4P2",0
"RNU6-405P",0
"SRP68P1",0
"COTL1P1",0
"RNU6ATAC3P",0
"RPRML",0
"KRTAP4-2",0
"KRTAP4-1",0
"KRTAP4-17P",0
"KRTAP9-2",0
"KRTAP9-3",0
"KRTAP9-8",0
"KRTAP9-4",0
"KRTAP9-11P",0
"KRTAP9-10P",0
"KRTAP29-1",0
"CSH2",0
"GH2",0
"KRTAP9-6",0
"KRTAP9-7",0
"TBC1D3G",0
"TBC1D3H",0
"RNU6-1192P",0
"TBC1D3F",0
"TBC1D3JP",0
"RNA5SP439",0
"MTND6P35",0
"MTCYBP13",0
"MTND2P13",0
"NMTRS-TGA3-1",0
"MTCO3P13",0
"CSH1",0
"FOXN1",0
"MPO",0
"MIR142",0
"MIR4736",0
"KRTAP4-6",0
"KRTAP4-9",0
"KRTAP4-7",0
"OR1R1P",0
"KRTAP2-2",0
"TMEM238L",0
"KRT26",0
"KRTAP4-16",0
"TNFSF12-TNFSF13",0
"RPL21P4",0
"BRCA1P1",0
"RNU2-1",0
"RPL39P33",0
"KCNJ12",0
"PDLIM1P2",0
"KCNJ18",0
"CACNA1G",0
"WHSC1L2P",0
"SOST",0
"CD300LG",0
"LYZL6",0
"CCL16",0
"CCL15",0
"CCL18",0
"RN7SL301P",0
"TBC1D3B",0
"TBC1D3I",0
"MIR4523",0
"LGALS9B",0
"TNPO1P3",0
"TBC1D3P3",0
"RPL21P121",0
"MIR6778",0
"SRCIN1",0
"SPACA3",0
"HOXB1",0
"MIR10A",0
"HOXB5",0
"HOXB9",0
"MIR196A1",0
"MIR3615",0
"KRT17P5",0
"KRT17P2",0
"KRT16P1",0
"NOS2P2",0
"USP32P2",0
"PYY2",0
"PPY2P",0
"ZNF286B",0
"TBC1D27P",0
"OR1D4",0
"TBC1D3P2",0
"YWHAEP7",0
"OR3A4P",0
"KRT42P",0
"UBBP4",0
"LRRC37A11P",0
"NOS2P1",0
"USP32P1",0
"KRT16P6",0
"KRT16P2",0
"KRT17P1",0
"KRT17P4",0
"AOC4P",0
"CCDC144NL",0
"NPEPPSP1",0
"CCDC144BP",0
"TRIM16L",0
"KRT223P",0
"LRRC37A4P",0
"USP32P3",0
"NOS2P3",0
"KRT16P3",0
"KRT17P6",0
"KRT17P7",0
"LINC00674",0
"RN7SL454P",0
"RN7SL756P",0
"MIR548D2",0
"MIR548AA2",0
"MIR6787",0
"RNU2-4P",0
"RNU6-1137P",0
"MIR2117",0
"RNU6-406P",0
"RNU6-971P",0
"MEOX1",0
"CD300H",0
"CRHR1",0
"MIR6784",0
"RNA5SP442",0
"RN7SL399P",0
"LINC02563",0
"PSMD7P1",0
"RNA5SP444",0
"GARS1P1",0
"RNU6-1249P",0
"RN7SL405P",0
"MIR6783",0
"SUZ12P1",0
"RNU6-298P",0
"RNU6-1134P",0
"GPR160P2",0
"NGFR",0
"OR3A1",0
"CA4",0
"SCARNA20",0
"SEPTIN7P12",0
"KRTAP9-1",0
"TBC1D3P5",0
"RNU6-233P",0
"FAM187A",0
"TBC1D3P1",0
"MIR4737",0
"RN7SL800P",0
"WEE1P2",0
"RPL23AP87",0
"KRT16P4",0
"RPL29P2",0
"MAGOH2P",0
"RPL21P122",0
"RNF126P1",0
"RDM1P5",0
"RPL12P38",0
"SH3GL1P1",0
"KRT18P55",0
"DBIL5P",0
"LINC02210",0
"TCAM1P",0
"H1-9P",0
"EFCAB15P",0
"WFDC21P",0
"KRTAP9-9",0
"AIPL1",0
"KIAA0753",0
"MIR4520-1",0
"MIR4520-2",0
"ALOX15P1",0
"RPL23AP73",0
"OR3A2",0
"RNY4P13",0
"H2BN1",0
"WSCD1",0
"RN7SL774P",0
"SNORD3D",0
"RPL32P33",0
"RN7SKP180",0
"FBXO39",0
"TEKT1",0
"ALOX12P2",0
"MRPL45P2",0
"TBC1D29P",0
"SMURF2P1",0
"LRRC37BP1",0
"RN7SL316P",0
"C17orf78",0
"SNORA21B",0
"SNORA21",0
"MIR6779",0
"LINC02875",0
"PLEKHM1P1",0
"MIR4315-2",0
"RDM1P4",0
"SLC16A6P1",0
"AMZ2P1",0
"CACNG5",0
"RNA5SP446",0
"RNA5SP447",0
"SLC47A1P1",0
"MTND1P14",0
"NMTRQ-TTG12-1",0
"MTCO1P39",0
"HOXB-AS2",0
"ZSWIM5P1",0
"RNA5SP436",0
"SPECC1P1",0
"CD300LB",0
"RPL9P28",0
"COX6B1P2",0
"PRAC1",0
"PRAC2",0
"MIR3185",0
"HOXB13",0
"RN7SL125P",0
"RNU1-42P",0
"GIP",0
"RNU6-826P",0
"C1QL1",0
"MIR152",0
"MIR1203",0
"PNMT",0
"KRT8P34",0
"LRRC3C",0
"CDRT8",0
"LINC02074",0
"LINC01180",0
"LINC00469",0
"LINC01497",0
"LINC02079",0
"LINC01992",0
"LINC02096",0
"LINC01987",0
"LINC02086",0
"LINC01979",0
"HID1-AS1",0
"NGFR-AS1",0
"LINC01483",0
"FAM27E5",0
"LINC01982",0
"LINC02003",0
"RPH3AL-AS1",0
"TMEM132E-DT",0
"LINC01028",0
"LINC01563",0
"MYOCD-AS1",0
"LHX1-DT",0
"MIR365BHG",0
"LINC02078",0
"LINC02093",0
"C1QTNF1-AS1",0
"MARCHF10-DT",0
"LINC01152",0
"FAM215A",0
"CACNA1G-AS1",0
"MIR21",0
"SMCR5",0
"MIR33B",0
"BRI3P3",0
"MIR6884",0
"SNORD124",0
"MIR6866",0
"MIR6867",0
"RNA5SP441",0
"GTF2IP6",0
"CDRT15P1",0
"NSFP1",0
"PTP4A2P1",0
"HSD17B1P1",0
"RPL7AP64",0
"SPDYE22P",0
"TBC1D26-AS1",0
"NCOR1P2",0
"FTLP13",0
"RPS26P8",0
"FTLP12",0
"NOS2P4",0
"KRTAP9-12P",0
"YWHAEP3",0
"KRT16P5",0
"LRRC37A9P",0
"RPL29P31",0
"KYNUP1",0
"SPICP3",0
"RPL36AP48",0
"CDRT15P2",0
"IL6STP1",0
"CDRT15L2",0
"ZSWIM5P2",0
"RNA5SP434",0
"LINC02092",0
"CD300LD-AS1",0
"LINC01928",0
"SLC25A3P3",0
"COX6CP3",0
"RPS4XP18",0
"PPIAP57",0
"BOD1P2",0
"TPMTP1",0
"RPS8P3",0
"NPM1P1",0
"ZBTB7C-AS1",0
"RPS24P18",0
"RIT2",0
"CTAGE1",0
"POLR3GP2",0
"ATP7BP1",0
"RPSAP57",0
"MRPS5P4",0
"ARIH2P1",0
"HMGN1P31",0
"RPIAP1",0
"BOD1L2",0
"WDR7-OT1",0
"CDH7",0
"MC4R",0
"LINC01903",0
"RPL31P9",0
"LINC03111",0
"CTBP2P3",0
"DHFRP1",0
"BDP1P",0
"CDH20",0
"MTL3P",0
"CDH19",0
"LINC02565",0
"RAC1P1",0
"RPS2P6",0
"NRBF2P1",0
"AIDAP3",0
"NPM1P2",0
"ZNF521",0
"SCML2P1",0
"AKR1B10P2",0
"PLEKHB2P1",0
"SDHCP1",0
"CBLN2",0
"KRT8P5",0
"LINC01898",0
"HNRNPA1P11",0
"EIF4A3P1",0
"PRPF19P1",0
"LINC01910",0
"LARP7P3",0
"LINC01477",0
"RPL12P40",0
"RPL17P45",0
"LINC01922",0
"DOK6",0
"ENTR1P1",0
"SLC25A51P2",0
"NFE2L3P1",0
"RN7SKP72",0
"RNU6-349P",0
"RN7SL282P",0
"RN7SL50P",0
"MIR4317",0
"RNU6-916P",0
"RNU6-903P",0
"RN7SL97P",0
"MIR302F",0
"RNU6-408P",0
"MIR3929",0
"MIR4318",0
"MIR924",0
"MIR5583-2",0
"MIR5583-1",0
"RNU6-1242P",0
"RN7SKP182",0
"RNA5SP454",0
"RNA5SP455",0
"MIR187",0
"MIR4743",0
"MIR4527",0
"RNU6-706P",0
"RNU6-708P",0
"RNA5SP458",0
"RNU6-737P",0
"RNU6-116P",0
"RN7SL342P",0
"RNA5SP456",0
"RNU4-17P",0
"RNU6-567P",0
"MIR5011",0
"RNU6-1037P",0
"RN7SL705P",0
"RN7SL795P",0
"RNA5SP460",0
"MIR548AV",0
"RNU6-39P",0
"RNU6-655P",0
"RPL31P59",0
"IGLJCOR18",0
"RPL21P127",0
"BOD1P1",0
"RNU6-1131P",0
"SKOR2",0
"DSG4",0
"RN7SKP44",0
"MIR4744",0
"PRR13P4",0
"RPL17-C18orf32",0
"MIR1539",0
"SNORD58C",0
"SNORD58A",0
"SNORD58B",0
"SRP72P1",0
"RNU1-46P",0
"RNA5SP459",0
"TCF4-AS1",0
"MIR4529",0
"RPL21P126",0
"ONECUT2",0
"RNU6-742P",0
"LINC01897",0
"HMGN1P30",0
"MIR122",0
"SNORA108",0
"RPL9P31",0
"RNU6-219P",0
"RNU2-69P",0
"MIX23P1",0
"PMM2P1",0
"MIR6788",0
"RPL21P128",0
"RNU6-120P",0
"EXOGP1",0
"ANKRD62",0
"RNU6-324P",0
"PMM2P2",0
"PPIAP56",0
"CIDEA",0
"RNU6-170P",0
"MLECP1",0
"MIR4319",0
"C18orf15",0
"MIR5190",0
"RNU7-25P",0
"RNU6-857P",0
"DSC1",0
"DSG1",0
"RNU6-167P",0
"RNA5SP453",0
"CLUHP6",0
"SERPINB13",0
"SERPINB4",0
"ASXL3-DT",0
"DYNAPP2",0
"DYNAPP3",0
"DYNAP",0
"DIPK1C",0
"RN7SL551P",0
"C18orf63",0
"DTNA",0
"SERPINB12",0
"RNU7-129P",0
"THEMIS3P",0
"AKR1B1P6",0
"ELOA2",0
"SLC25A6P4",0
"KCNG2",0
"IL9RP4",0
"MIR8078",0
"BOLA2P1",0
"ADCYAP1",0
"LINC01904",0
"KATNBL1P3",0
"RNU6-340P",0
"SALL3",0
"CETN1",0
"RN7SKP146",0
"LINC03101",0
"LONRF2P1",0
"GRAMD4P7",0
"POTEC",0
"OR4K7P",0
"OR4K8P",0
"SNX19P3",0
"VN1R74P",0
"GTF2IP8",0
"RNU6-1210P",0
"MIR3156-2",0
"LINC01906",0
"RN7SL862P",0
"RNA5SP449",0
"PIGPP4",0
"TXNDC2",0
"RPS27P28",0
"CCDC178",0
"MC5R",0
"SNORA37",0
"RN7SL233P",0
"MIR133A1",0
"MIR1-2",0
"RNU6-1038P",0
"RNA5SP451",0
"RPS4XP19",0
"RNU5F-3P",0
"MIR3976",0
"TMEM200C",0
"GRP",0
"RAX",0
"RPS26P54",0
"GLUD1P4",0
"SIGLEC15",0
"RN7SKP26",0
"RNY4P37",0
"RNU6-1278P",0
"ASXL3",0
"ELOA3DP",0
"ELOA3BP",0
"ELOA3P",0
"SERPINB7",0
"SERPINB2",0
"RPL12P39",0
"SCARNA17",0
"RNA5SP457",0
"ADAD1P2",0
"MIR4320",0
"RN7SL310P",0
"STK25P1",0
"EIF4A2P1",0
"MC2R",0
"FRG2LP",0
"SERPINB10",0
"RPL17P44",0
"ACTBP9",0
"SLC35G4",0
"MIR7153",0
"ASNSP6",0
"GAD3P",0
"ROCK1P1",0
"NPIPB1P",0
"RNU6-346P",0
"RPL26P35",0
"ANKRD20A5P",0
"RNU6-316P",0
"CYP4F35P",0
"TERF1P2",0
"FEM1AP2",0
"SYT4",0
"RN7SL39P",0
"DLGAP1-AS3",0
"MIR6718",0
"RNU6-831P",0
"ELOCP27",0
"MIR4528",0
"RPL29P32",0
"CUPIN1P",0
"DYNAPP1",0
"RPL7AP67",0
"MRO",0
"HNRNPA3P16",0
"RPL17P46",0
"SS18L2P2",0
"RSL24D1P9",0
"KIAA0895LP1",0
"ADGRA3P1",0
"CBX3P2",0
"CXADRP3",0
"ELOA3CP",0
"LRRC37A7P",0
"OACYLP",0
"ZNF271P",0
"RN7SL401P",0
"SMIM21",0
"CCND3P2",0
"ARL2BPP1",0
"RNA5SP461",0
"BNIP3P3",0
"RNU6-721P",0
"RNU6ATAC20P",0
"RNU6-702P",0
"RNU6-1032P",0
"UBE2CP2",0
"MIR4741",0
"MIR8057",0
"ATP6V1E1P2",0
"UBA52P9",0
"RBM22P1",0
"PA2G4P3",0
"WBP11P1",0
"SLC14A2-AS1",0
"DSCAS",0
"LINC01538",0
"SLC25A52",0
"RNU6-1050P",0
"PGDP1",0
"RNU5A-6P",0
"RNA5SP452",0
"RNU6-435P",0
"MIR320C2",0
"LINC01544",0
"LINC01415",0
"LINC01882",0
"LINC01443",0
"LINC-ROR",0
"GTSCR1",0
"LINC00907",0
"LINC02856",0
"LINC01541",0
"LINC01925",0
"MIR3976HG",0
"LINC01899",0
"LINC01905",0
"LINC01539",0
"ARHGAP28-AS1",0
"LINC00668",0
"LINC01478",0
"LINC01929",0
"LINC01895",0
"LINC02582",0
"GAPLINC",0
"LINC01908",0
"LINC01901",0
"LINC01902",0
"LINC01912",0
"DSG1-AS1",0
"LINC01893",0
"LDLRAD4-AS1",0
"LINC01029",0
"LINC01896",0
"PCAT18",0
"NETO1-DT",0
"MIR4527HG",0
"GREB1L-DT",0
"LINC02564",0
"LINC02837",0
"LINC01924",0
"LINC00305",0
"LINC02864",0
"TCF4-AS2",0
"PPIAP14",0
"FAM32DP",0
"WBP2P1",0
"LINC01894",0
"SDHDP1",0
"FGF7P1",0
"SMUG1P1",0
"NF1P5",0
"LINC01887",0
"LINC01387",0
"ADRA1D",0
"RSPO4",0
"ANGPT4",0
"DYNLT3P1",0
"EEF1A1P34",0
"SRSF10P2",0
"INSM1",0
"LIN28AP3",0
"DEFB128",0
"DEFB126",0
"LINC03086",0
"RPL7P2",0
"EIF4E2P1",0
"PA2G4P2",0
"RPL7AP13",0
"PGAM3P",0
"SYNDIG1",0
"RPS11P1",0
"GAPDHP2",0
"PCMTD1P7",0
"PDYN-AS1",0
"CFTRP2",0
"CFTRP3",0
"SCRT2",0
"DEFB127",0
"DUX4L32",0
"DUX4L33",0
"DEFB115",0
"CST2P1",0
"LINC01734",0
"WFDC9",0
"WFDC10A",0
"DHX35-DT",0
"GAPDHP54",0
"WFDC11",0
"RPL35AP",0
"ATG3P1",0
"CDH22",0
"CFAP61-AS1",0
"DUX4L34",0
"RPL27AP9",0
"TP53RK-DT",0
"MC3R",0
"RPL13P14",0
"CBLN4",0
"DKKL1P1",0
"CFAP61",0
"GAPDHP53",0
"CST9LP2",0
"LINC00687",0
"LINC01056",0
"ANAPC13P1",0
"SOX18",0
"RPL17P1",0
"SCP2D1",0
"BHLHE23",0
"RPSAP1",0
"RPL29P35",0
"FRG2EP",0
"AGGF1P10",0
"RPL7P3",0
"PIEZO1P1",0
"LLPHP1",0
"MRPS11P1",0
"RN7SL547P",0
"RN7SL607P",0
"RN7SKP111",0
"RNU6-1257P",0
"RN7SL690P",0
"RNU1-23P",0
"RNA5SP528",0
"RNU6-937P",0
"RNU6-639P",0
"RNA5SP532",0
"RN7SL116P",0
"RN7SL680P",0
"RNU7-144P",0
"RNU6-347P",0
"RNU7-6P",0
"RNU6-497P",0
"RNA5SP487",0
"MIR3194",0
"RNU6-929P",0
"RNU4ATAC7P",0
"RNU7-141P",0
"MIR1-1",0
"MIR133A2",0
"RN7SKP33",0
"MIR4758",0
"RNU6-563P",0
"SYS1-DBNDD2",0
"NDUFB4P10",0
"LINC01711",0
"STX16-NPEPL1",0
"MIR296",0
"MIR298",0
"MRPS16P2",0
"GDF5-AS1",0
"GDF5",0
"MIR1289-1",0
"C20orf173",0
"RPL36P4",0
"RPL37P1",0
"RN7SL156P",0
"RPS3AP3",0
"RPS27AP3",0
"RNU6-743P",0
"EIF4EBP2P1",0
"RPL27AP",0
"GTSF1L",0
"CST9",0
"OTOR",0
"R3HDML",0
"MIR124-3",0
"BIRC7",0
"MIR3196",0
"NKAIN4",0
"MIR4326",0
"RNU6-994P",0
"CHRNA4",0
"HIGD1AP15",0
"RPL23AP6",0
"RNU1-94P",0
"RNA5SP481",0
"CCM2L",0
"RNA5SP482",0
"RSL24D1P6",0
"MIR1825",0
"RNA5SP483",0
"TGIF2-RAB5IF",0
"RN7SL555P",0
"RNU6-1019P",0
"UBE2V1P1",0
"RNU6-384P",0
"ATP5MFP7",0
"MYLK2",0
"ZNF877P",0
"RNU6-192P",0
"SNORD17",0
"PTMAP3",0
"RPL15P1",0
"RNU7-137P",0
"GGCTP2",0
"RN7SL14P",0
"RNU2-56P",0
"RN7SKP74",0
"SNPH",0
"MIR6869",0
"SIRPB2",0
"RNU6-917P",0
"SIRPD",0
"FTLP1",0
"MMP9",0
"SLC12A5-AS1",0
"TCEAL9P1",0
"C20orf144",0
"RPL31P2",0
"RN7SL666P",0
"PROKR2",0
"RNA5-8SP7",0
"PAK5",0
"GNRH2",0
"RNU2-52P",0
"MIR6871",0
"RPL23AP81",0
"RPL7AP12",0
"PRND",0
"PRNT",0
"RNA5SP484",0
"ADI1P1",0
"RNU6-1018P",0
"RPL5P2",0
"SPINT3",0
"EPPIN-WFDC6",0
"RNA5SP485",0
"SPINT5P",0
"SNAP23P1",0
"NTSR1",0
"DPH3P1",0
"ARF4P2",0
"HSPA12B",0
"SPEF1",0
"HMGB3P2",0
"DEFB132",0
"RPL39P",0
"FAM209B",0
"SNORD12C",0
"SNORD12B",0
"SNORD12",0
"PSMD10P1",0
"CST1",0
"CST4",0
"KCNG1",0
"RPL13P2",0
"TNFRSF6B",0
"RPL19P1",0
"C20orf141",0
"TMEM239",0
"TCF15",0
"SPATA25",0
"RAD21L1",0
"TPM3P2",0
"RNU7-173P",0
"SRMP1",0
"RNA5SP486",0
"RNU7-92P",0
"PEDS1-UBE2V1",0
"RN7SL636P",0
"COX6CP2",0
"CSTL1",0
"CST11",0
"SLC25A6P1",0
"PARAL1",0
"HRH3",0
"ADAM33",0
"SGK2",0
"TGM3",0
"TGM6",0
"SNORA71E",0
"SNORA60",0
"SLC32A1",0
"RN7SKP173",0
"COL20A1",0
"MIR1257",0
"MIR3195",0
"CCNB1IP1P2",0
"MIR4756",0
"PCK1",0
"HSPD1P19",0
"CIMIP1",0
"MIR6812",0
"SUN5",0
"PUDPP3",0
"BPIFB4",0
"BPIFA2",0
"SOCS2P1",0
"BPIFA3",0
"RPL12P3",0
"BPIFB5P",0
"BPIFB3",0
"ITCH-IT1",0
"GCNT1P1",0
"RNA5SP476",0
"MIR3192",0
"RNU6ATAC34P",0
"DUXAP7",0
"RTEL1-TNFRSF6B",0
"MIR4325",0
"RPL39P39",0
"SPO11",0
"MTND1P9",0
"DEFB121",0
"DEFB123",0
"SEMG1",0
"SEMG2",0
"DEFB116",0
"RPL31P3",0
"HAUS6P2",0
"RNA5SP480",0
"DEFB117",0
"DEFB119",0
"PAX1",0
"CHGB",0
"KANK1P1",0
"MTCO1P59",0
"RN7SL498P",0
"TARDBPP1",0
"RNU1-55P",0
"FGFR3P3",0
"GFRA4",0
"LINC01433",0
"FERMT1",0
"MIR3646",0
"WFDC5",0
"MYT1",0
"NPBWR2",0
"IL9RP5",0
"CICP4",0
"IQSEC3P3",0
"CYB5AP4",0
"SSTR4",0
"RNA5SP478",0
"MIR6813",0
"LKAAEAR1",0
"RPS18P1",0
"C20orf181",0
"RNU1-134P",0
"MIR941-1",0
"MIR941-2",0
"MIR941-3",0
"MIR941-4",0
"MIR941-5",0
"MIR1914",0
"MIR647",0
"PPIAP17",0
"RPLP0P1",0
"SEL1L2",0
"RNU6-278P",0
"RPS3P1",0
"AIMP1P1",0
"RN7SL864P",0
"RNF11P2",0
"MACROD2-IT1",0
"RPS10P2",0
"RNU6-1159P",0
"RNU6-115P",0
"RNA5SP475",0
"CST13P",0
"CSTP1",0
"ANKRD20A21P",0
"ZNF285DP",0
"BPIFA4P",0
"DEFB122",0
"PPP4R1L",0
"FRG1CP",0
"RNU6ATAC17P",0
"RN7SL594P",0
"MED28P7",0
"BSNDP1",0
"BSNDP2",0
"HNF4A",0
"PPIAP3",0
"GLRXP1",0
"LINC00489",0
"HSPBAP1P1",0
"HAO1",0
"PHKBP1",0
"RNU105B",0
"RPL36P1",0
"RN7SKP184",0
"PPIAP10",0
"RNU7-14P",0
"HMGB3P1",0
"NEFHP2",0
"PTPRT-AS1",0
"RN7SKP100",0
"BPIFA1",0
"APCDD1L",0
"RPS4XP2",0
"MKRN7P",0
"FER1L4",0
"ZNF663P",0
"SNRPFP1",0
"RNU6-919P",0
"RPS21P7",0
"RNA5SP474",0
"MIR646",0
"MTCO2P1",0
"MIR4533",0
"MIR548AG2",0
"PGBD4P2",0
"SIRPG-AS1",0
"CKAP2LP1",0
"PDYN",0
"LINC01751",0
"LINC01706",0
"MIR8062",0
"MIR6870",0
"FAT1P1",0
"LINC01722",0
"RNU6-27P",0
"RNU1-131P",0
"CST12P",0
"CST8",0
"CFTRP1",0
"BSNDP3",0
"NCOR1P1",0
"MIR663A",0
"RN7SKP185",0
"RN7SL237P",0
"KIAA1755",0
"HSPE1P1",0
"MIR3616",0
"LINC03079",0
"MRPS33P4",0
"C20orf203",0
"SNORA71A",0
"SNORA71C",0
"SNORA71D",0
"KCNQ2-AS1",0
"KIZ-AS1",0
"MIR1292",0
"SNORD110",0
"SNORA51",0
"SNORD86",0
"SNORD56",0
"SNORD57",0
"LINC01270",0
"BMP7-AS1",0
"LINC00028",0
"CASC20",0
"LINC01370",0
"LINC00686",0
"LINC01723",0
"SCP2D1-AS1",0
"APCDD1L-DT",0
"R3HDML-AS1",0
"LINC00851",0
"LINC01713",0
"LINC01733",0
"LINC03083",0
"LINC01721",0
"OGFR-AS1",0
"LINC01718",0
"EYA2-AS1",0
"LINC00029",0
"LINC01620",0
"LINC01747",0
"MIR1-1HG",0
"CRMA",0
"NOL4L-DT",0
"HAR1B",0
"LINC01432",0
"LINC00658",0
"LINC00654",0
"LNCNEF",0
"ISM1-AS1",0
"HAR1A",0
"LINC01746",0
"LINC01728",0
"LINC01440",0
"LINC01441",0
"FAM242A",0
"LINC01428",0
"LINC01742",0
"LINC01523",0
"PLCB1-IT1",0
"PTPRT-DT",0
"NKX2-4",0
"RN7SKP140",0
"NKX2-2-AS1",0
"LINC01727",0
"BETALINC1",0
"LINC01726",0
"VTCN1P1",0
"RNU6-147P",0
"SCREEM1",0
"TRERNA1",0
"LINC00656",0
"BBLNP1",0
"FRG1EP",0
"CST9LP1",0
"RPS27AP2",0
"MLLT10P1",0
"RPS10P5",0
"VN1R108P",0
"SIRPB3P",0
"NIPAL1P1",0
"RNU6-1146P",0
"PTMAP6",0
"OR4F8P",0
"WBP1LP11",0
"C2CD4C",0
"PALM",0
"ZNRF4",0
"FTLP5",0
"ZFR2",0
"CYP4F10P",0
"TEKTL1",0
"OR7C2",0
"OR7A11P",0
"CYP4F8",0
"OR7A3P",0
"OR7A15P",0
"OR10B1P",0
"OR10H4",0
"NCAN",0
"VN1R80P",0
"MTDHP2",0
"BNIP3P24",0
"VN1R79P",0
"VN1R82P",0
"BNIP3P27",0
"VN1R78P",0
"CPSF6P1",0
"BNIP3P28",0
"ZNF209P",0
"BNIP3P32",0
"BNIP3P36",0
"VN1R90P",0
"TM6SF2",0
"BNIP3P35",0
"BNIP3P8",0
"PCGF7P",0
"CDC42EP3P1",0
"RPL7AP10",0
"BNIP3P30",0
"BNIP3P33",0
"VN1R91P",0
"BNIP3P29",0
"MTDHP5",0
"VN1R85P",0
"ZNF92P2",0
"BNIP3P38",0
"HAPLN4",0
"BNIP3P37",0
"RPL36AP51",0
"BRI3BPP1",0
"RPS4XP20",0
"VN1R92P",0
"CHST8",0
"TAF9P3",0
"RPS4XP23",0
"RAB4B-EGLN2",0
"SNX6P1",0
"NLRP4",0
"IRGC",0
"CYP2A6",0
"CYP2A7P2",0
"COX7A1",0
"CYP2G2P",0
"BNIP3P34",0
"CYP2A13",0
"BSPH1",0
"KRTDAP",0
"RPL36P16",0
"KLK2",0
"MIA-RAB4B",0
"SUMO1P4",0
"VN1R88P",0
"ZNF578",0
"VN1R81P",0
"LINC01782",0
"CHCHD2P3",0
"RPS4XP21",0
"RNU6-2",0
"MIR1302-11",0
"RN7SL121P",0
"MIR7850",0
"RNU6-782P",0
"MIR1470",0
"RN7SL70P",0
"RNU6-1028P",0
"RNA5SP469",0
"RNA5-8SP4",0
"RNU6-967P",0
"RNA5SP471",0
"RNA5SP472",0
"RN7SL154P",0
"ACP7",0
"IFNL3P1",0
"MSRB1P1",0
"IFNL4P1",0
"IFNL1",0
"RN7SL566P",0
"MIR4530",0
"RPS29P25",0
"MIR6791",0
"MIR4745",0
"MIR3187",0
"NANOS2",0
"MIR769",0
"IGFL3",0
"TGIF1P1",0
"RPS4XP22",0
"UBE2L4",0
"SNORD23",0
"MIR4750",0
"MIR4751",0
"LRRC4B",0
"GPR32P1",0
"GPR32",0
"ACP4",0
"SNORD88B",0
"SNORD88A",0
"SNORD88C",0
"CYP4F36P",0
"ZNF861P",0
"CTBP2P7",0
"MIR6886",0
"SERTAD3-AS1",0
"PSG6",0
"RAX2",0
"FGF21",0
"RNU6-317P",0
"LINC00904",0
"MIR6887",0
"LGI4",0
"MIR5695",0
"MIR6515",0
"GARIN5B",0
"IL11",0
"TMEM190",0
"MIR6805",0
"SBK3",0
"RN7SKP109",0
"RFPL4AL1",0
"RFPL4AP1",0
"RN7SL477P",0
"OR7D1P",0
"OR7E18P",0
"OR7H1P",0
"UBXN2AP1",0
"ZNF560",0
"ZSCAN5DP",0
"VN2R17P",0
"SLC25A36P1",0
"COL5A3",0
"RDH8",0
"MIR5589",0
"PPAN-P2RY11",0
"SNORD105",0
"SNORD105B",0
"MIR4322",0
"RPL39P34",0
"PABPN1P2",0
"SIGLEC8",0
"SIGLEC12",0
"SIGLEC6",0
"SIGLEC29P",0
"RPL9P33",0
"SPACA6-AS1",0
"MIR99B",0
"MIRLET7E",0
"MIR125A",0
"FPR2",0
"RNA5SP468",0
"RPS18P13",0
"MIR6799",0
"MIR6800",0
"MIR4749",0
"FXYD1",0
"HSPB6",0
"MIR4999",0
"GAPDHP76",0
"PTH2",0
"SLC17A7",0
"FLT3LG",0
"SNORD32A",0
"SNORD33",0
"SNORD34",0
"SNORD35A",0
"SNORD35B",0
"MIR150",0
"MIR5088",0
"RNU6-841P",0
"TMEM145",0
"ERVV-2",0
"MIR6798",0
"NTF6A",0
"NTF6G",0
"NTF6B",0
"CGB5",0
"RN7SL708P",0
"VN1R6P",0
"OSTCP3",0
"RNU6-698P",0
"MIR512-1",0
"MIR512-2",0
"MIR1323",0
"MIR498",0
"MIR520E",0
"MIR515-1",0
"MIR519E",0
"MIR520F",0
"MIR515-2",0
"MIR519C",0
"MIR1283-1",0
"MIR520A",0
"MIR526B",0
"MIR519B",0
"MIR525",0
"MIR523",0
"MIR518F",0
"MIR520B",0
"MIR518B",0
"MIR526A1",0
"MIR520C",0
"MIR518C",0
"MIR524",0
"MIR517A",0
"MIR519D",0
"MIR521-2",0
"RNU6-803P",0
"MIR520D",0
"MIR517B",0
"MIR520G",0
"MIR516B2",0
"MIR526A2",0
"MIR518E",0
"MIR518A1",0
"RNU6-980P",0
"MIR518D",0
"MIR516B1",0
"MIR518A2",0
"MIR517C",0
"MIR520H",0
"RNU6-982P",0
"MIR521-1",0
"RNU6-751P",0
"MIR522",0
"MIR519A1",0
"MIR527",0
"MIR516A1",0
"MIR1283-2",0
"RNU6-1041P",0
"MIR516A2",0
"MIR519A2",0
"MIR1909",0
"MIR7108",0
"GALP",0
"MIR8077",0
"CEACAMP2",0
"CEACAMP1",0
"MIR6792",0
"RPS27AP19",0
"RETN",0
"PRR36",0
"CTXN1",0
"ISCA1P7",0
"LINC00664",0
"BNIP3P26",0
"CD209",0
"SNORD41",0
"MIR5684",0
"MIR6794",0
"MIR6795",0
"RNU6-195P",0
"RPL21P130",0
"MIR24-2",0
"MIR27A",0
"MIR23A",0
"MIR181C",0
"MIR181D",0
"MIR1199",0
"RN7SL231P",0
"GDF1",0
"DIRAS1",0
"RPL35AP38",0
"MIR1238",0
"LSM2P1",0
"MIR638",0
"MIR6793",0
"HIKESHIP2",0
"MIR4323",0
"RN7SL836P",0
"PRSS57",0
"CGB2",0
"NXNL1",0
"FUT5",0
"RNA5SP462",0
"MADCAM1",0
"RPL32P37",0
"MIR6790",0
"MIR3940",0
"SLC25A41",0
"RN7SL663P",0
"MIR4752",0
"CYP2A7",0
"OR10H2",0
"GFY",0
"OR10H3",0
"OR7E24",0
"OR7A10",0
"CIMAP1D",0
"APOC4",0
"APOC4-APOC2",0
"APOC2",0
"RPS2P53",0
"RPS29P23",0
"MTND2P40",0
"MTCO1P27",0
"MTCO2P27",0
"MTATP6P27",0
"PPIAP20",0
"RNU6-165P",0
"HMGN1P32",0
"MIR371A",0
"MIR371B",0
"MIR372",0
"MIR373",0
"CACNG7",0
"CACNG8",0
"MIR935",0
"CACNG6",0
"VSTM1",0
"GIPC3",0
"TEKTIP1",0
"TMEM59L",0
"RNA5SP464",0
"RNA5SP467",0
"ZNF625-ZNF20",0
"ZNF625",0
"RPS16P9",0
"OR1M1",0
"OR7G1",0
"OR7G15P",0
"OR7G3",0
"OR7D2",0
"ELOCP29",0
"OR7E16P",0
"OR7A17",0
"OR7A18P",0
"SHISA7",0
"C19orf85",0
"MEX3D",0
"CGB8",0
"LGALS7",0
"SLC1A6",0
"ZNF816-ZNF321P",0
"VN1R2",0
"RNU6-902P",0
"KLK9",0
"KLK13",0
"SIGLEC9",0
"SIGLEC7",0
"SIGLEC20P",0
"SIGLEC21P",0
"IGLON5",0
"VSIG10L",0
"LIM2",0
"NIFKP6",0
"SIGLECL1",0
"RPS15AP36",0
"TARM1",0
"LILRA5",0
"VN1R104P",0
"LINC02959",0
"RN7SL526P",0
"RN7SL202P",0
"MIR637",0
"SNORD37",0
"CREB3L3",0
"HMGB2P1",0
"KLF1",0
"VN1R93P",0
"BNIP3P39",0
"TYMSP2",0
"OR5AH1P",0
"MIR1227",0
"MIR6789",0
"MIR4321",0
"LEUTX",0
"MBD3L5",0
"MBD3L4",0
"MBD3L2",0
"GNG8",0
"ZNF667",0
"ELSPBP1",0
"ZNF99",0
"IGFL1P1",0
"IGFL1",0
"OR2Z1",0
"OR4F17",0
"IGFL2",0
"GRIK5",0
"CLEC4G",0
"DPF1",0
"IFNL3",0
"HCN2",0
"FGF22",0
"RPL32P34",0
"MIR6807",0
"UNC13A",0
"INSL3",0
"KCNN1",0
"TEX101",0
"ZNF541",0
"RN7SL322P",0
"NFILZ",0
"NKPD1",0
"PPIAP59",0
"KLK5",0
"KLK6",0
"OSCAR",0
"KLK4",0
"LAIR2",0
"LILRA1",0
"MIR8061",0
"VN1R105P",0
"KIR3DL3",0
"KIR2DP1",0
"KIR2DL1",0
"KIR3DP1",0
"RNU6-222P",0
"FCAR",0
"NLRP5",0
"CEACAM18",0
"MIR5196",0
"FFAR1",0
"PRTN3",0
"KLK15",0
"SHD",0
"ELANE",0
"MIR330",0
"SNORA68",0
"NCR1",0
"RPL36AP50",0
"IGFL1P2",0
"RNU6-924P",0
"FAM90A27P",0
"MIR4747",0
"RNU6-1223P",0
"RN7SL150P",0
"LINGO3",0
"FAM187B2P",0
"HAMP",0
"DNAJC19P2",0
"DNAJC19P3",0
"CEACAM7",0
"LYPD4",0
"DMRTC2",0
"MIR6797",0
"ERFL",0
"MIR7974",0
"RN7SL833P",0
"TPRX1",0
"LINC03085",0
"FPR1",0
"TPRX2",0
"SULT2A1",0
"MIA",0
"RPL31P60",0
"ZSCAN5C",0
"SELENOV",0
"NLRP11",0
"VN1R4",0
"MIR3190",0
"MIR3191",0
"EIF5AP3",0
"MIR641",0
"MIR7-3",0
"MIR6801",0
"MIR643",0
"DPPA5P1",0
"ZNF534",0
"BNIP3P9",0
"BNIP3P10",0
"BNIP3P47",0
"IFNL4",0
"KIR2DS4",0
"MIR6806",0
"RNA5SP473",0
"ZNF132-DT",0
"RN7SL693P",0
"CYP4F9P",0
"SNX33P1",0
"PMIS2",0
"CEACAMP7",0
"PSG11",0
"CEACAMP8",0
"PSG2",0
"CEACAMP9",0
"PSG3",0
"CEACAMP6",0
"PSG1",0
"OR1AB1P",0
"OR4G1P",0
"OR7A1P",0
"CYP4F23P",0
"CYP2G1P",0
"OR7A2P",0
"OR7E19P",0
"ZNF542P",0
"WDR87BP",0
"ZNF788P",0
"OR7E25P",0
"SIGLEC22P",0
"KLKP1",0
"KIR3DX1",0
"FAM90A28P",0
"ZNF781",0
"CEACAMP3",0
"CLEC4OP",0
"CYP2B7P",0
"SIGLEC17P",0
"APOC1P1",0
"ZNF56P",0
"NAPSB",0
"ZNF812P",0
"PSG10P",0
"SIGLEC5",0
"RPS29P27",0
"LGALS14",0
"CLC",0
"ZNF559-ZNF177",0
"HRC",0
"ATP4A",0
"ZNF177",0
"NDUFA3P1",0
"ZNF112",0
"ZNF285",0
"ZNF229",0
"ZNF285BP",0
"CEACAM22P",0
"IGSF23",0
"MIR4531",0
"CEACAM16",0
"MIR8085",0
"CCER2",0
"ERVK9-11",0
"PPP5D1P",0
"HNRNPMP2",0
"ACTL9",0
"RFPL4A",0
"BNIP3P13",0
"RPS8P11",0
"BNIP3P14",0
"BNIP3P15",0
"GNG14",0
"MIR3188",0
"DPRX",0
"ADGRE4P",0
"MBD3L2B",0
"ANGPTL8",0
"RPL7AP69",0
"USP29",0
"ZIM3",0
"DPPA3P8",0
"DUXA",0
"MIR6088",0
"MBD3L1",0
"BOLA3P2",0
"OR1M4P",0
"WASH5P",0
"CCNYL6",0
"IPO5P1",0
"TPM3P9",0
"RPL17P47",0
"ZNF321P",0
"BIRC8",0
"LILRP2",0
"ZNF702P",0
"CYP2T1P",0
"TMEM277P",0
"TEX14BP",0
"C19orf48P",0
"KIR3DL1",0
"VN2R19P",0
"MIR7975",0
"DNAAF3",0
"PTPRH",0
"MIR6804",0
"MIR6802",0
"MIR6803",0
"RPS29P30",0
"CALR3",0
"SMIM46",0
"MIR640",0
"PHF5AP1",0
"SEPTIN14P19",0
"CICP19",0
"RNU6-1076P",0
"SPMAP2",0
"ZNF887P",0
"BNIP3P18",0
"BNIP3P19",0
"BNIP3P20",0
"ZNF826P",0
"MIR1270",0
"BNIP3P22",0
"BNIP3P23",0
"FIGLAP1",0
"RNU6-1179P",0
"GOLGA2P9",0
"RN7SL860P",0
"RAD54L2P1",0
"ZNF849P",0
"VN1R87P",0
"MAN1A2P1",0
"RNA5SP470",0
"RN7SL340P",0
"VSTM2B",0
"FFAR3",0
"GPR42",0
"RN7SL491P",0
"LGALS16",0
"MIR8074",0
"VSIG10L-AS1",0
"SIGLEC10-AS2",0
"SIGLEC10-AS1",0
"SIGLEC31P",0
"ZIM2-AS1",0
"SMIM17",0
"SIGLEC24P",0
"YPEL5P4",0
"LGALS13",0
"CENPBD2P",0
"ADAMTS10",0
"COX16P1",0
"VN1R83P",0
"BNIP3P25",0
"ZNF222-DT",0
"ZNF30-AS1",0
"SEC1P",0
"SMIM24",0
"SMIM44",0
"CYP4F2",0
"PTPRS-AS1",0
"MIR1181",0
"PSG8-AS1",0
"LINC01838",0
"FAM138F",0
"LINC00905",0
"UQCRFS1-DT",0
"LINC01233",0
"LINC01791",0
"ZNF566-AS1",0
"LINC01532",0
"ZNF473CR",0
"LINC01775",0
"LINC01531",0
"LINC01533",0
"ARHGEF18-AS1",0
"DNAAF3-AS1",0
"LINC01595",0
"LINC01785",0
"CBARP-DT",0
"LINC01224",0
"LINC01535",0
"ZNF888-AS1",0
"LINC01872",0
"LINC01834",0
"PSG11-AS1",0
"LINC01859",0
"LINC03103",0
"MIMT1",0
"PSG5",0
"PSG4",0
"PSG9",0
"CEACAMP10",0
"CEACAMP11",0
"CEACAMP4",0
"LINC03078",0
"CD177",0
"ZNF8-ERVK3-1",0
"OR4G3P",0
"RPL23AP2",0
"CYP4F24P",0
"CYP2A7P1",0
"CYP2T3P",0
"CEACAMP5",0
"CRIPTOP7",0
"RPL10P15",0
"TMEM167AP2",0
"OR7A8P",0
"RPL23AP80",0
"TPRG1LP1",0
"SIGLEC27P",0
"RPL7P51",0
"CLEC4GP1",0
"RPL28P5",0
"SIGLEC18P",0
"LETM1P2",0
"LILRP1",0
"SCGB2B3P",0
"SLC6A21P",0
"BNIP3P16",0
"MARK2P21",0
"HNRNPA1P10",0
"VN1R95P",0
"CD177P1",0
"RPS12P31",0
"RN7SL789P",0
"GCM1P1",0
"RN7SKP22",0
"TSPY24P",0
"ZNF92P1Y",0
"SERBP1P2",0
"TSPY12P",0
"DUX4L19",0
"OFD1P3Y",0
"RBMY2HP",0
"ELOCP35",0
"USP12PY",0
"KDM5DP1",0
"DUX4L17",0
"PRY",0
"ZNF736P6Y",0
"TUSC2P1",0
"PUDPP1",0
"CDRT15P10",0
"PRY2",0
"OFD1P8Y",0
"RNF19BPY",0
"TSPY23P",0
"TUBB1P2",0
"ACTR3BP1",0
"RPS24P1",0
"RCC2P2",0
"ZNF736P8Y",0
"BPY2",0
"MTND1P12",0
"CTBP2P1",0
"MTND6P1",0
"PABPC1P5",0
"TSPY22P",0
"RCC2P1",0
"SHROOM2P1",0
"DUX4L18",0
"ZNF736P11Y",0
"OFD1P9Y",0
"BPY2DP",0
"CHEK2P1",0
"RBMY2UP",0
"ZNF886P",0
"ELOCP8",0
"OFD1P16Y",0
"TTTY25P",0
"ASS1P6",0
"SNX18P1Y",0
"MED14P1",0
"ZNF885P",0
"ARSFP1",0
"ZNF736P7Y",0
"SURF6P1",0
"ANKRD20A6P",0
"RBMY2KP",0
"TSPY21P",0
"TTTY19",0
"TTTY4",0
"MXRA5Y",0
"MTCYBP1",0
"USP9YP17",0
"TTTY17A",0
"AGPAT5P1",0
"FAM41AY1",0
"ELOCP15",0
"TRIM60P3Y",0
"MTND1P1",0
"PRRC2CP1",0
"ZNF736P10Y",0
"CDY12P",0
"MTND2P3",0
"CDY13P",0
"RBMY1KP",0
"ARSDP1",0
"TTTY5",0
"CDY4P",0
"RBMY1D",0
"USP9YP24",0
"UBE2V1P3",0
"FAM8A4P",0
"TRIM60P8Y",0
"MED13P1",0
"CYCSP46",0
"RNU6-303P",0
"RN7SL702P",0
"RNA5SP520",0
"RNA5SP521",0
"RNU6-109P",0
"RNU6-184P",0
"HSFY2",0
"GPM6BP2",0
"USP9YP2",0
"ELOCP14",0
"PRYP6",0
"XKRYP2",0
"USP9YP10",0
"RNU1-41P",0
"OFD1P7Y",0
"MTCYBP2",0
"ZNF839P1",0
"RNU6-255P",0
"GAPDHP19",0
"CLUHP1",0
"TAF9P1",0
"CDY5P",0
"ELOCP36",0
"ACTG1P2",0
"USP9YP23",0
"USP9YP27",0
"RNU1-128P",0
"TRAPPC2P3",0
"ELOCP6",0
"CDY6P",0
"USP9YP7",0
"USP9YP6",0
"CDY7P",0
"USP9YP34",0
"USP9YP32",0
"CDY8P",0
"ELOCP12",0
"TRAPPC2P8",0
"USP9YP15",0
"RNU1-95P",0
"USP9YP16",0
"ACTG1P11",0
"ELOCP26",0
"CDY9P",0
"TAF9P2",0
"CLUHP2",0
"RNA5SP522",0
"RNA5SP523",0
"TUBB1P1",0
"ELOCP13",0
"OFD1P4Y",0
"RNU1-48P",0
"USP9YP5",0
"XKRYP1",0
"PRYP5",0
"ELOCP7",0
"USP9YP1",0
"GPM6BP1",0
"RAB9AP4",0
"TRAPPC2P7",0
"HSFY1",0
"TGIF2LY",0
"RBMY1F",0
"CDY2A",0
"ZNF736P3Y",0
"TRIM60P9Y",0
"RN7SKP282",0
"RNU6-941P",0
"RNU6-521P",0
"SRIP3",0
"GOT2P5",0
"ATP5PFP1",0
"TRIM60P10Y",0
"ZNF736P2Y",0
"TRIM60P11Y",0
"ZNF736P5Y",0
"BPY2C",0
"TTTY4C",0
"DAZ4",0
"CDY2B",0
"RNU6-1334P",0
"SRY",0
"TOMM22P2",0
"NAP1L1P2",0
"EEF1A1P41",0
"DPPA2P1",0
"CASKP1",0
"TMSB4Y",0
"VCY",0
"DAZ3",0
"DAZ1",0
"AMELY",0
"TBL1Y",0
"DAZ2",0
"NLGN4Y-AS1",0
"RBMY1E",0
"CDY22P",0
"ELOCP17",0
"OFD1P18Y",0
"TRAPPC2P4",0
"RAB9AP3",0
"USP9YP20",0
"RNU1-40P",0
"USP9YP21",0
"XKRYP6",0
"PRYP4",0
"ELOCP11",0
"CDY23P",0
"USP9YP26",0
"HSFY8P",0
"RNU6-1314P",0
"CYCSP48",0
"VCY1B",0
"PNPLA4P1",0
"TBL1YP1",0
"RPS4Y2",0
"HSFY4P",0
"TMEM167AP1",0
"TOMM22P1",0
"NEFLP1",0
"PRORY",0
"TSPY14P",0
"RBMY1HP",0
"TTTY13",0
"ELOCP5",0
"CDY10P",0
"USP9YP3",0
"USP9YP8",0
"CDY11P",0
"HSFY6P",0
"USP9YP18",0
"CDY14P",0
"ELOCP16",0
"XKRYP3",0
"USP9YP25",0
"USP9YP29",0
"RNU1-97P",0
"RAB9AP1",0
"TRAPPC2P9",0
"OFD1P11Y",0
"PRYP3",0
"RNU2-57P",0
"SNX3P1Y",0
"RPL26P37",0
"PCDH11Y",0
"ELOCP9",0
"CDY15P",0
"XKRYP4",0
"USP9YP13",0
"USP9YP11",0
"TTTY3B",0
"USP9YP12",0
"RNU1-86P",0
"RAB9AP5",0
"TRAPPC2P10",0
"OFD1P12Y",0
"ELOCP10",0
"CDY1B",0
"CDY17P",0
"USP9YP35",0
"USP9YP31",0
"CDY18P",0
"RN7SL818P",0
"UBE2Q2P4Y",0
"LINC00265-2P",0
"CICP2",0
"RBMY2XP",0
"TTTY17B",0
"TRIM60P5Y",0
"ZNF736P12Y",0
"TTTY4B",0
"BPY2B",0
"ZNF736P4Y",0
"RBMY2YP",0
"CICP1",0
"LINC00265-3P",0
"UBE2Q2P5Y",0
"GOLGA2P3Y",0
"RN7SL725P",0
"CDY19P",0
"USP9YP36",0
"USP9YP33",0
"CDY20P",0
"ELOCP34",0
"OFD1P13Y",0
"TRAPPC2P5",0
"RAB9AP2",0
"USP9YP30",0
"RNU1-107P",0
"TTTY3",0
"USP9YP9",0
"USP9YP19",0
"XKRYP5",0
"CYCSP49",0
"SLC25A15P1",0
"PARP4P1",0
"CCNQP2",0
"CDY1",0
"RBMY1J",0
"RBMY1B",0
"RBMY1A1",0
"RFTN1P1",0
"RBMY2FP",0
"RBMY2BP",0
"TTTY11",0
"ARSLP1",0
"OFD1P6Y",0
"TTTY9A",0
"XKRY",0
"XKRYP7",0
"HSFY3P",0
"TAB3P1",0
"ANOS2P",0
"RBMY2EP",0
"GOLGA2P2Y",0
"TXLNGY",0
"GYG2P1",0
"CDY3P",0
"USP9YP4",0
"ELOCP4",0
"TTTY20",0
"TSPY4",0
"FAM197Y7",0
"FAM197Y6",0
"TSPY8",0
"TSPY3",0
"RBMY2CP",0
"RBMY2DP",0
"ZNF736P9Y",0
"FAM197Y8",0
"PRKY",0
"FAM197Y5",0
"TSPY1",0
"FAM197Y4",0
"TSPY9",0
"FAM197Y3",0
"FAM197Y2",0
"TSPY10",0
"FAM197Y1",0
"TSPY25P",0
"TSPY16P",0
"TTTY22",0
"TSPY18P",0
"RBMY2OP",0
"RBMY2QP",0
"TSPY20P",0
"TSPY5P",0
"RNA5SP518",0
"RNA5SP519",0
"DUX4L31",0
"PCMTD1P1",0
"RNA5-8SP6",0
"DLGAP5P1",0
"TTTY23B",0
"TSPY2",0
"FAM197Y9",0
"TSPY19P",0
"LINC00280",0
"TSPY17P",0
"TTTY23",0
"FAM224B",0
"TTTY2B",0
"TTTY1B",0
"TTTY7",0
"TTTY8B",0
"TTTY16",0
"TTTY12",0
"TTTY2",0
"TTTY7B",0
"TTTY6",0
"TTTY17C",0
"TTTY6B",0
"SEPTIN14P23",0
"FAM224A",0
"FAM41AY2",0
"TTTY1",0
"LINC00279",0
"TTTY18",0
"TTTY8",0
"HSFY7P",0
"RBMY2AP",0
"STSP1",0
"RBMY2JP",0
"HSFY5P",0
"XGY1",0
"RBMY2WP",0
"USP9YP28",0
"TTTY14",0
"PRYP1",0
"OFD1P1Y",0
"PRYP2",0
"USP9YP14",0
"RNASEH2CP1",0
"XGY2",0
"PPP1R12BP2",0
"REREP1Y",0
"GPR143YP",0
"OFD1P15Y",0
"REREP2Y",0
"PPP1R12BP1",0
"ANKRD36P1",0
"OFD1P2Y",0
"OFD1P5Y",0
"TTTY9B",0
"RBMY2TP",0
"OFD1P10Y",0
"GOLGA6L11P",0
"DNM1P24",0
"CSPG4P2Y",0
"CSPG4P3Y",0
"SEPTIN14P22",0
"CSPG4P4Y",0
"CSPG4P1Y",0
"DNM1P48",0
"GOLGA6L16P",0
"TPTE2P4",0
"RBMY1A3P",0
"TSPY7P",0
"TSPY6P",0
"TSPY15P",0
"RBMY3AP",0
"RBMY2NP",0
"TSPY13P",0
"TSPY11P",0
"RBMY2GP",0
"ACTR3BP7",0
"ZNF73P",0
"BNIP3P2",0
"ZNF72BP",0
"RPS10P30",0
"ACO2P1",0
"ISX",0
"ENTHD1",0
"MRPS18CP6",0
"COX5BP7",0
"MTFR2P2",0
"GTSE1-DT",0
"RPL35AP36",0
"LINC02556",0
"FUNDC2P4",0
"SKP1P4",0
"YES1P1",0
"SHISAL1",0
"SCUBE1-AS1",0
"RNA5SP494",0
"RNU6-1066P",0
"RN7SKP169",0
"SNORD83A",0
"MIR6821",0
"SNORD83B",0
"SNORD43",0
"MIR4535",0
"MIR3201",0
"RN7SKP214",0
"IGLCOR22-1",0
"SLC5A4-AS1",0
"CPSF1P1",0
"IGLCOR22-2",0
"IGLVIVOR22-2",0
"RN7SL305P",0
"MIR548J",0
"RPL39P41",0
"ACTR2P1",0
"MYO18B",0
"MIR3200",0
"PPP1R26P4",0
"E2F6P1",0
"CELSR1P1",0
"RPL28P6",0
"DNAJA1P6",0
"MIR648",0
"RHEBP3",0
"ACR",0
"MIR4764",0
"SNORA50B",0
"FAM136EP",0
"YME1L1P1",0
"USP10P3",0
"SSBP3P3",0
"RN7SKP221",0
"RNU6ATAC22P",0
"RN7SL162P",0
"RPL8P5",0
"MIR4761",0
"MIR185",0
"MIR3618",0
"MIR1306",0
"MIR6816",0
"SNORA77B",0
"CCDC188",0
"RN7SL168P",0
"SEPTIN5",0
"GP1BB",0
"MIR1286",0
"MAPK12",0
"MIR33A",0
"MIR378I",0
"SNORD13P1",0
"RNU7-167P",0
"MIR3909",0
"MIR6069",0
"CACNG2",0
"SLC5A4",0
"CIMIP4",0
"RNU6-900P",0
"MIR6820",0
"MIR4534",0
"CCDC116",0
"MIR301B",0
"MIR130B",0
"RN7SL280P",0
"RNU6-225P",0
"KLHL12P1",0
"RNU6-810P",0
"RNU6-1219P",0
"SNORD125",0
"NEFH",0
"SDC4P",0
"KLHL5P1",0
"RPS29P31",0
"MLC1",0
"TSSK2",0
"GSC2",0
"GGTLC5P",0
"PPP1R26P3",0
"TUBA8",0
"ATP5PFP2",0
"GALR3",0
"MIR658",0
"MIR659",0
"PHF10P2",0
"IGLVIVOR22-1",0
"MIR6817",0
"MIR649",0
"TUBA3GP",0
"MTCO1P20",0
"MTCO2P20",0
"MTATP6P20",0
"MTCO3P20",0
"MTCYBP34",0
"MTND1P10",0
"RIMBP3C",0
"MPPE1P2",0
"IGLVI-68",0
"IGLVV-66",0
"IGLVIV-65",0
"IGLVIV-64",0
"SOCS2P2",0
"IGLVIV-59",0
"IGLVV-58",0
"BMP6P1",0
"IGLVI-56",0
"IGLV11-55",0
"IGLVIV-53",0
"IGLV5-52",0
"ASH2LP3",0
"ASH2LP2",0
"IGLV7-46",0
"IGLV7-43",0
"IGLVI-42",0
"IGLVVII-41-1",0
"ASH2LP1",0
"IGLVI-38",0
"ASH2LP4",0
"IGLV7-35",0
"SHISA8",0
"HMGN2P9",0
"SULT4A1",0
"PNPLA5",0
"MRPS16P3",0
"APOL5",0
"MIR6819",0
"STMN3P1",0
"SCARF2",0
"GSTT4",0
"BPIFC",0
"BBLNP2",0
"MIRLET7A3",0
"MIR4763",0
"MIRLET7B",0
"RNU6-513P",0
"RNU12",0
"PIWIL3",0
"RFPL2",0
"SLC16A8",0
"RPL31P62",0
"RPL32P5",0
"CECR9",0
"RN7SL843P",0
"LINC02557",0
"POM121L7P",0
"E2F6P2",0
"SLC9A3P2",0
"PPP1R26P5",0
"LINC01651",0
"SUSD2P1",0
"RN7SKP63",0
"RN7SKP210",0
"FAM246C",0
"NFAM1",0
"BCRP4",0
"GGTLC2",0
"IGLVVI-25-1",0
"IGLV3-24",0
"IGLVVI-22-1",0
"RNU6-331P",0
"RNU6-375P",0
"MIR6889",0
"MCHR1",0
"TPTEP2-CSNK1E",0
"KCNJ4",0
"RIMBP3B",0
"FAM246A",0
"CPMER",0
"RN7SL757P",0
"MIR1281",0
"POTEH",0
"POTEH-AS1",0
"RNU6-816P",0
"MIR650",0
"IGLV3-4",0
"IGLC1",0
"IGLJ4",0
"IGLJ6",0
"POM121L9P",0
"BCRP3",0
"GGT3P",0
"LRP5L",0
"P2RX6P",0
"PRAMENP",0
"CECR7",0
"USP41P",0
"FAM247A",0
"SMPD4P1",0
"POM121L4P",0
"GGT2P",0
"POM121L1P",0
"RRP7BP",0
"BCRP2",0
"RPL23AP82",0
"TMEM191A",0
"CRYBB2P1",0
"ISCA2P1",0
"AP1B1P1",0
"AP1B1P2",0
"PI4KAP1",0
"RN7SKP131",0
"RIMBP3",0
"SUSD2P2",0
"FAM246B",0
"CA15P2",0
"PPP1R26P2",0
"GUSBP11",0
"MIR1249",0
"UPK3A",0
"RIBC2",0
"MIR4762",0
"C22orf42",0
"RFPL1",0
"RN7SL633P",0
"SNRPNP2",0
"MIR3928",0
"RNU6-1128P",0
"RNA5SP496",0
"RN7SL20P",0
"RPL17P52",0
"RNU6-201P",0
"RNA5SP497",0
"ETFRF1P1",0
"DRICH1",0
"TRNT1P2",0
"POM121L15P",0
"SLC25A5P1",0
"LINC01399",0
"PI4KAP2",0
"C22orf46P",0
"SERHL",0
"TUBA3FP",0
"SMIM45",0
"HDAC10",0
"SHANK3",0
"RNU6-409P",0
"ANP32BP2",0
"RPL6P28",0
"JTBP1",0
"MIR4766",0
"RNU6-28P",0
"H2AZP6",0
"MIR7109",0
"SEZ6L-AS1",0
"RNA5SP495",0
"CPT1B",0
"VPREB1",0
"LHFPL7",0
"RPS25P10",0
"SCUBE1-AS2",0
"CES5AP1",0
"RPL35P8",0
"MIR3667",0
"BMS1P22",0
"DUXAP8",0
"TOMM40P2",0
"NEK2P2",0
"MED15P7",0
"MIR6818",0
"HORMAD2",0
"RPL36P17",0
"MIR3619",0
"ABCD1P4",0
"PABPC1P9",0
"SLC9B1P4",0
"ACTR3BP6",0
"CHEK2P4",0
"KCNMB3P1",0
"CCT8L2",0
"TPTEP1",0
"SLC25A15P5",0
"PARP4P3",0
"ANKRD62P1",0
"VWFP1",0
"XKR3",0
"HSFY1P1",0
"GPM6BP3",0
"ZNF402P",0
"MTND1P17",0
"IGKV1OR22-5",0
"IGKV3OR22-2",0
"IGKV1OR22-1",0
"IL9RP6",0
"LINC01521",0
"LINC01640",0
"LINC01656",0
"LINC00207",0
"LINC02558",0
"FAM230E",0
"FAM230F",0
"SYN3-AS1",0
"CABP7-DT",0
"LINC01310",0
"FAM230H",0
"LINC01639",0
"LINC02885",0
"LINC01643",0
"LINC01638",0
"PSLNR",0
"LINC00895",0
"NHIP",0
"MYO18B-AS1",0
"FAM230D",0
"FAM230J",0
"LINC00229",0
"LINC02554",0
"LINC01665",0
"LINC02559",0
"FAM247B",0
"FAM230G",0
"TNRC6B-DT",0
"RN7SKP252",0
"LINC01659",0
"FAM230B",0
"NBEAP3",0
"FRG1FP",0
"HMGB1P10",0
"GGTLC4P",0
"GAPDHP37",0
"BCRP7",0
"CA15P1",0
"RFPL4AP6",0
"TSSK1A",0
"IGLL3P",0
"GOLGA2P4",0
"BCRP1",0
"IGLL4P",0
"BCRP5",0
"POM121L8P",0
"BCRP6",0
"GRAMD4P2",0
"CCDC188BP",0
"NF1P6",0
"FABP5P11",0
"VN1R9P",0
"CYCSP41",0
"OR4K11P",0
"CTBP2P10",0
"RBPMSLP",0
"SREK1IP1P1",0
"MIR548XHG",0
"FDPSP6",0
"SLC6A6P1",0
"CTBP2P9",0
"CHODL-AS1",0
"TUBAP1",0
"TMPRSS15",0
"ZNF299P",0
"SNX19P1",0
"SLC25A15P4",0
"MSANTD2P1",0
"C1QBPP1",0
"LINC00317",0
"LINC01689",0
"KRT18P2",0
"KRTAP25-1",0
"RPSAP68",0
"EEF1A1P1",0
"RPL8P2",0
"CLDN17",0
"RPL37P3",0
"THUMPD1P1",0
"PPIAP1",0
"LLPHP2",0
"KRTAP24-1",0
"NCSTNP1",0
"RPS3AP1",0
"EIF4A1P1",0
"LINC00307",0
"OR4K12P",0
"RPSAP64",0
"TPT1P1",0
"LINC01423",0
"CLDN8",0
"LINC02943",0
"HUNK-AS1",0
"LINC00308",0
"SNX18P12",0
"NIPA2P3",0
"LINC01700",0
"FDX1P2",0
"PSMA6P3",0
"ZNF355P",0
"BNIP3P43",0
"VN1R8P",0
"GTF2IP2",0
"ADAMTS5",0
"SNRPGP13",0
"MIR6724-2",0
"MIR6724-3",0
"RNA5-8SN3",0
"MIR6724-4",0
"RNA5-8SN1",0
"MIR6724-1",0
"MIR3648-1",0
"RNA5-8SN2",0
"MIR3118-1",0
"RNU6-286P",0
"RN7SL52P",0
"RNU6-113P",0
"RN7SKP147",0
"RNU6-772P",0
"RNU2-55P",0
"RNU1-139P",0
"RNU4-45P",0
"MIR3156-3",0
"RN7SKP236",0
"MIR155",0
"MIR6130",0
"RNA5SP489",0
"MIR4759",0
"MIR548X",0
"RNU6-614P",0
"RN7SL740P",0
"RPL34P3",0
"EZH2P1",0
"MIR802",0
"RPS20P1",0
"RPL23AP3",0
"RNU6-992P",0
"RPL3P1",0
"EXOSC3P1",0
"RNA5SP490",0
"OR7E23P",0
"TCP10L",0
"HLCS-IT1",0
"RNA5SP491",0
"DPRXP5",0
"MRPL20P1",0
"RIPPLY3",0
"RNU6-696P",0
"TMEM97P1",0
"MYL6P1",0
"RNU6-859P",0
"RNU6-1150P",0
"MRPL51P2",0
"MTCO1P3",0
"COL18A1-AS2",0
"COL18A1-AS1",0
"MIR6815",0
"TPTE",0
"RNU6-954P",0
"NF1P3",0
"PPP6R2P1",0
"FRG2MP",0
"RNA5SP488",0
"PCBP2P1",0
"METTL21AP1",0
"RNF6P1",0
"GET1-SH3BGR",0
"MIR6508",0
"MYL6P2",0
"RPS26P4",0
"JCADP1",0
"MIR4760",0
"DSCAM-IT1",0
"MIR3197",0
"PCSEAT",0
"LINC00111",0
"MIR6814",0
"RNA5SP492",0
"TFF2",0
"TFF1",0
"RNU6-1149P",0
"RSPH1-DT",0
"RPL31P1",0
"H2BC12L",0
"MIR6070",0
"DNMT3L",0
"DNMT3L-AS1",0
"KRTAP10-1",0
"KRTAP10-2",0
"KRTAP10-3",0
"KRTAP10-5",0
"KRTAP10-6",0
"KRTAP10-7",0
"KRTAP10-8",0
"KRTAP10-10",0
"KRTAP10-11",0
"KRTAP12-4",0
"KRTAP12-3",0
"KRTAP12-2",0
"IMMTP1",0
"KRTAP12-1",0
"KRTAP12-5P",0
"KRTAP10-13P",0
"LINC00163",0
"LINC00165",0
"PCBP3-AS1",0
"FTCD-AS1",0
"OLIG2",0
"OLIG1",0
"POTED",0
"KRTAP8-2P",0
"KRTAP8-3P",0
"KRTAP8-1",0
"KRTAP7-1",0
"KRTAP11-1",0
"KRTAP19-8",0
"UBE3AP2",0
"MTRES1P2",0
"HMGN1P2",0
"LIPI",0
"KRTAP10-9",0
"KRTAP10-4",0
"IGSF5",0
"B3GALT5",0
"RPL18AP2",0
"RPS5P3",0
"MIR6501",0
"RN7SL678P",0
"KRTAP26-1",0
"KRTAP27-1",0
"KRTAP13-6P",0
"KRTAP13-2",0
"MIR4327",0
"KRTAP13-1",0
"KRTAP13-5P",0
"KRTAP15-1",0
"KRTAP19-1",0
"KRTAP19-2",0
"KRTAP19-3",0
"KRTAP19-4",0
"KRTAP19-5",0
"KRTAP19-9P",0
"KRTAP19-10P",0
"KRTAP19-11P",0
"KRTAP19-6",0
"KRTAP19-7",0
"KRTAP22-2",0
"KRTAP6-3",0
"KRTAP22-1",0
"KRTAP20-1",0
"KRTAP20-4",0
"KRTAP20-2",0
"KRTAP20-3",0
"KRTAP21-3",0
"KRTAP21-4P",0
"KRTAP21-2",0
"KRTAP21-1",0
"KRTAP23-1",0
"KRTAP13-3",0
"RNU6-426P",0
"VDAC2P1",0
"RPS26P5",0
"SNORD74B",0
"MIRLET7C",0
"MIR125B2",0
"RNU1-98P",0
"KRTAP13-4",0
"KRTAP6-2",0
"KRTAP6-1",0
"BNAT1",0
"MTND6P21",0
"BAGE2",0
"ANKRD30BP2",0
"COL6A2-DT",0
"GRAMD4P1",0
"CXADRP1",0
"LONRF2P5",0
"MIR8069",0
"FEM1AP1",0
"TERF1P1",0
"FAM207CP",0
"GXYLT1P2",0
"CNN2P7",0
"ZNF114P1",0
"CYP4F29P",0
"SNX18P13",0
"POLR2CP1",0
"GAPDHP16",0
"RBMX2P1",0
"LINC02920",0
"BACH1-IT3",0
"RNU6-123P",0
"RNU6-926P",0
"KRTAP10-12",0
"RPL12P9",0
"GAPDHP14",0
"KCNJ6",0
"DSCR4-IT1",0
"LINC01667",0
"NCOR1P4",0
"SSR4P1",0
"CYCSP42",0
"RNU6-1326P",0
"RAD23BP3",0
"TRPM2-AS",0
"SNX18P10",0
"MTCO1P1",0
"MIR3648-2",0
"CDRT15P9",0
"SOWAHCP2",0
"LINC00314",0
"CRYAA",0
"RPL23AP4",0
"LINC01683",0
"CYYR1-AS1",0
"LINC00320",0
"APP-DT",0
"LINC01549",0
"LINC01670",0
"LINC02573",0
"PDE9A-AS1",0
"LINC00316",0
"LINC03105",0
"LINC01692",0
"DSCAM-AS1",0
"LINC01673",0
"DSCR8",0
"LINC03104",0
"LINC01668",0
"LINC00945",0
"LINC01690",0
"LINC01674",0
"LINC00479",0
"LINC01548",0
"LINC00189",0
"C21orf91-OT1",0
"LINC00112",0
"LINC01684",0
"LINC00159",0
"LINC01687",0
"B3GALT5-AS1",0
"LINC01425",0
"LINC00160",0
"LINC00319",0
"BACE2-IT1",0
"CDRT15P8",0
"RPL39P40",0
"RPL37P4",0
"FGF7P2",0
"ANKRD20A18P",0
"ERLEC1P1",0
"MTCYBP21",0
"MTND5P1",0
"RPL23P2",0
"SMIM34",0
"MT-TG",0
"MT-TH",0
"MAFIP",0
"RNA5-8SN4",0
"RNA5-8SN5",0
"H2AZ1-DT",-9.78790852266411e-12
"NASP",-4.91189548186679e-07
"SCARNA18B",-5.35594154542242e-07
"RPS27AP5",-5.67248749123172e-07
"MCEE",-8.88953302125088e-07
"NUDT15",-9.790425469494e-07
"PHF14",-1.53475853384334e-06
"KIAA1191",-2.01138824971957e-06
"BRD9",-2.41896492210565e-06
"RPL37P23",-2.91351539150278e-06
"SHBG",-3.23617687732728e-06
"TBL3",-4.08799359369733e-06
"ISOC1",-4.27485417785758e-06
"INE1",-6.10227214280561e-06
"RPL14P3",-1.34087560157635e-05
"SPTAN1",-1.37536535268253e-05
"KRT18P28",-1.52550273824249e-05
"EPS15-AS1",-2.17517926019334e-05
"MTCO1P22",-2.27778211968911e-05
"SERGEF",-2.31226362698707e-05
"TMEM51",-2.53042701065861e-05
"EIF2B3",-2.64427796138928e-05
"SNAPC2",-2.6681705157346e-05
"PIP4P1",-2.71255194304522e-05
"RNF103",-3.04398481647096e-05
"NAGPA",-3.15362973674564e-05
"WDR41",-3.16435767153871e-05
"RPL21P123",-3.40922004672298e-05
"PPIAP71",-4.10553353000376e-05
"MACO1",-4.39898026311732e-05
"MTND2P28",-4.40321011826108e-05
"MT-TD",-4.46031486409181e-05
"MICAL1",-4.71657442100869e-05
"SLC25A11",-5.22223049107366e-05
"BORCS5",-5.52626850626888e-05
"TUBG1",-6.13918870582694e-05
"GLTPP1",-6.59079491963427e-05
"EIF3JP1",-7.0588671094905e-05
"CNNM3",-7.50881100731151e-05
"FIS1",-7.52974107346935e-05
"LITAF",-7.55433473799742e-05
"RNF5",-7.63367851842354e-05
"TNS3",-8.03720525860493e-05
"TCTA",-8.09526488701559e-05
"SEPTIN8",-8.47112905187764e-05
"CCSAP",-8.50737143951373e-05
"TIPRL",-9.66948458801682e-05
"BCAS3-AS1",-9.91300751043576e-05
"RPS2P1",-9.91369294197265e-05
"RPL21P52",-0.000102139946384705
"CCT7",-0.000103481941278929
"PTGDR2",-0.000104833868999423
"BRD7P2",-0.000107357113084511
"CTSA",-0.000121622554025272
"MDK",-0.00012542758158104
"RPL7AP6",-0.000126403177257419
"YTHDF2P1",-0.000126858828362812
"SPCS2P1",-0.000131638055019993
"ZC3H18",-0.000133402807660948
"CNPY3",-0.000136641434277702
"HDAC7",-0.00013822915931718
"RPL7P58",-0.000146280027813075
"LAMC3",-0.000156639182506479
"POTEM",-0.000157181252426673
"NBPF26",-0.000162900951068966
"BCL2L12",-0.000168889795854452
"RPL5P3",-0.000169597190850307
"C9orf85",-0.000170353448385864
"HNRNPUL1",-0.000177410618903162
"WDR38",-0.000179299664751843
"PEX16",-0.000180543967681934
"SRP19",-0.000182248029174084
"RPL13AP2",-0.000189269697013899
"YWHAZP5",-0.000192854387475481
"ARMC1",-0.000194405898920165
"PEX6",-0.000196166870662469
"ABHD17AP5",-0.000199799058084861
"SHLD1",-0.000202912751596825
"FRGCA",-0.000210744429499308
"NADK2",-0.000215874188072303
"PDE11A",-0.000222594076360947
"DNAJC13",-0.000232191686465507
"RNU6-516P",-0.000246977102457442
"STXBP4",-0.000248003186824234
"RLF",-0.000250608532380824
"NPM1P8",-0.000262114367659155
"NR1H3",-0.000263087394808746
"PIGT",-0.00026873536037395
"GMPSP1",-0.000283854990109127
"ETV6",-0.000285402372374503
"PALM2AKAP2",-0.000287137215264686
"CROCCP1",-0.000290516181710123
"ACTBP2",-0.000292140284562438
"MAP3K11",-0.000295930816064983
"RNF213",-0.000296697060326326
"MIR3661",-0.000309488222939581
"TNFSF13B",-0.000317122983110176
"PIAS3",-0.000321370248201815
"CASP8",-0.000322292589804607
"EIF5A",-0.000326612135606335
"TADA3",-0.000327588348427349
"NELFE",-0.000343203182279682
"NDUFB1P1",-0.000344357876645288
"FRG1GP",-0.000350705717948333
"USP7",-0.000352539343651967
"HMGB1P9",-0.000360615522850289
"MYPOP",-0.000365070507895111
"TTLL1-AS1",-0.000373169330168491
"PTPRJ",-0.000376419336559755
"NEMP1",-0.000377947041181812
"MSNP1",-0.000394600873892187
"MSS51",-0.000395703006700801
"ACIN1",-0.000402069308757875
"SURF2",-0.000403252196783542
"SEPTIN7",-0.000407192897870428
"TRAPPC3",-0.000410490713517993
"MRRFP1",-0.000413399284673499
"SAC3D1",-0.000415320250503664
"NPIPA5",-0.000416299184000959
"RN7SL306P",-0.000439803577707269
"MRPL44",-0.000446405936503423
"SWINGN",-0.0004618728155525
"H2BC16P",-0.000475558613532088
"UBA1",-0.000489485168420293
"CRIP1P4",-0.000494018842636128
"KLF6",-0.000495101581069852
"HYCC2",-0.000496033557691513
"CEP250",-0.000507648983628273
"MAGED2",-0.000509318149520495
"ATIC",-0.000513866027594266
"SAMHD1",-0.000527690095217793
"APPL1",-0.000544207839871932
"GOLPH3",-0.000547367256083454
"RPL13AP8",-0.000554096192704172
"ERCC1",-0.00055565686248683
"DCTN1-AS1",-0.000556470678586281
"ACAD11",-0.000564046288827054
"ZC3H8",-0.000565678856934927
"GPR143",-0.000573209282365818
"TMED4",-0.000578741727225428
"NUTM2E",-0.000585281668895713
"CHUK-DT",-0.000591418342744867
"UBBP3",-0.00060257149882606
"ST13P18",-0.000608585802034152
"IKBKE-AS1",-0.000613558294685261
"ZFPL1",-0.000614839884311876
"PARS2",-0.00061625022271939
"SEC61A2",-0.000622569234148744
"ARC",-0.000641310327649752
"XRCC4",-0.000664915677783154
"TBC1D12",-0.000680216650319942
"RANBP3",-0.000680432346502026
"ARMCX6",-0.000691961627504638
"ATP13A3",-0.00071434459973154
"ZW10",-0.000717003287496976
"METAP1D",-0.000732363879323623
"RPS5",-0.000754146309964434
"VAC14",-0.000760335173197623
"MYH6",-0.00077216830727225
"LAS1L",-0.000775773073328227
"C11orf16",-0.000793724640897616
"DNAJB14",-0.000812804099485671
"SNX5P1",-0.000817157201851181
"PPP1R2",-0.000820207786182345
"PFKFB3",-0.00084927835286847
"GGT1",-0.000852519503925227
"ACO2",-0.000898645990202459
"MYO15A",-0.000919138570789689
"NSUN4",-0.000922040350152576
"NMT2",-0.000933346959791227
"MTA1-DT",-0.00094182907094732
"LINC02261",-0.000946125012015177
"RN7SL672P",-0.000958933474048643
"VRK1",-0.000960352676382537
"UBAP2",-0.000961260082512462
"RNU6-238P",-0.000985844396702211
"ARL8A",-0.00098736174603432
"NUDCD1",-0.00102963621665966
"PTS",-0.00103042372541423
"KCTD5",-0.00103434860055872
"ZNF274",-0.00104099324552254
"REEP6",-0.00104492097385837
"PIEZO1",-0.0010556615917113
"SF3A2",-0.00106274723486179
"GTDC1",-0.0010686768379206
"TGDS",-0.00107299957007362
"USP10",-0.00107338714434531
"ATP23",-0.00108258621674218
"NDUFA9",-0.00110643132416203
"ZFHX4",-0.00110706828904963
"PDIA5",-0.00111920243247193
"SH2D6",-0.00112018578277288
"RIOX1",-0.00112860702274166
"ANKRD26",-0.00114205944841544
"POLR2MP1",-0.00115243486102202
"KCTD3",-0.00116126312248381
"MTMR2",-0.00117641133390211
"ZNF430",-0.00117655685608012
"CBLL1",-0.00120541955479146
"GOPC",-0.00127898612772768
"S100A3",-0.00128053104445435
"COPG1",-0.00130718368129638
"PAICSP1",-0.00135009176447668
"PKD1",-0.00135065702184266
"TTC3",-0.00135095907907123
"NOMO3",-0.00135795646292394
"SYMPK",-0.00139958043193073
"NBPF15",-0.0014062481903324
"TMEM127",-0.00141536546483839
"PPIAP40",-0.00142594161987305
"RPS26P47",-0.00142804417266204
"RIC8A",-0.00144412268316434
"NDUFB4",-0.00147336432700146
"MRPL53P1",-0.00147415048472962
"NEU3",-0.00150218951645735
"DLGAP4",-0.00151011646899378
"TRIP10",-0.00153310268147165
"SLC25A10",-0.00153938897971259
"EHD4",-0.00157835840125852
"RNF123",-0.00159961787090084
"PITPNA-AS1",-0.00161091123452848
"CNNM2",-0.00161512352629794
"LINC03124",-0.00162173692786025
"NDUFAB1",-0.00162381399213936
"NTN5",-0.00163580424078453
"GRK4",-0.00164172921776988
"MYCBP2",-0.00164346297248295
"ALKBH4",-0.00166259156966737
"PPIL3",-0.00166286617466847
"OXNAD1",-0.00169529391129785
"SPRYD4",-0.00170062106146033
"GUCY2C-AS1",-0.00170245029539975
"PPP1R15B",-0.00172185939553417
"GTPBP8",-0.00178156094499544
"RNF181",-0.00182525037839742
"CAPZA1",-0.00183860118188908
"PELP1",-0.00184774252794622
"IPO4",-0.00186943997997956
"SMIM7",-0.00188132594706249
"LAMA5",-0.00189221307123045
"HSPA8P8",-0.00190471319413239
"TSPOAP1-AS1",-0.00190677797706805
"FBXL15",-0.00195396310749901
"NHP2",-0.00197006023754006
"SULF2",-0.00199675586880026
"ABALON",-0.00201394097316693
"APPBP2-DT",-0.00203264021886022
"NAMA",-0.00204068118859317
"JMJD8",-0.00210076168018542
"PIRAT1",-0.00211900649694704
"MTRFR",-0.00213703792626157
"ANKS4B",-0.00214629819868039
"ATG4B",-0.00216408694879149
"MRPS16",-0.00217061129835699
"MCUB",-0.00219970363707488
"DAZAP1",-0.00221183416261981
"SP100",-0.00222540739939332
"GRIPAP1",-0.00223131205725357
"RNPS1",-0.00225389909220618
"MCTP2",-0.00229181505200048
"DEPP1",-0.00229449394369931
"CLCF1",-0.00232962199555539
"UBLCP1",-0.00236326041100779
"TSN",-0.00236495696817773
"PHOX2A",-0.0024543676547149
"WDR62",-0.00246026015844957
"MAF1P1",-0.00246871757651152
"MIDEAS-AS1",-0.00248568758859246
"TRUB1",-0.00249575678399648
"ANXA2R-AS1",-0.00251579482735524
"ZNF807P",-0.00255004365353678
"MIR4434",-0.00255042807088177
"NFX1",-0.00257056119428856
"TBC1D7",-0.00259298429793061
"LGALS8-AS1",-0.00265650116780523
"RPL5P30",-0.00267014422402058
"POP7",-0.00267459464304502
"ZCCHC17",-0.0026975149964787
"ILVBL",-0.00271336545017889
"FCGRT",-0.00281372346218458
"APOBEC2",-0.00283822344607602
"MFF",-0.0028447988958258
"PLCB4",-0.00285344617714945
"DDX60L",-0.0028718163114279
"SLU7",-0.00288653351643436
"NPIPB13",-0.00291378056320796
"ELP1",-0.00292990807421105
"CD2AP-DT",-0.00293983822723695
"ATP5MF",-0.00294230540838075
"ANKRA2",-0.00299010636124286
"CLASP2",-0.0030152021205554
"RPS8P10",-0.00303289094852397
"PELI1",-0.00305441811414264
"SGF29",-0.00307574174793276
"TMEM276",-0.00310197122408135
"MRPL28",-0.0031054646775262
"TMEM39B",-0.0031105211137335
"DAP",-0.00316224545621109
"PIK3CD",-0.00317415051284526
"CSNK2B",-0.0031760965700942
"PGBD4",-0.00318953457786091
"THSD7B",-0.00319007829727384
"RN7SL775P",-0.00321639725412469
"SRSF9P1",-0.00321945905557732
"MISFA",-0.00323168664820669
"MYREM",-0.00323575410414005
"WDR47",-0.00326058503822549
"RPL7P47",-0.00328366551709737
"GID4",-0.00328548278029725
"NSUN3",-0.00330724401502439
"ALAD",-0.00330777487224855
"TARS2",-0.00331757138021394
"MTOR",-0.00337179627251836
"SLC2A4RG",-0.00337662218834363
"SNHG31",-0.00340007689109669
"PKIG",-0.00343912807406509
"COX6B1",-0.00344214024652736
"ADIPOQ",-0.00344947377511955
"SLC35E3",-0.00345237698101714
"DROSHA",-0.00353062713123273
"PNPLA2",-0.00356823478597121
"IL17RA",-0.00357725885691589
"TDRD5",-0.0035813461098893
"TMEM203",-0.00359712501172624
"STRIP1",-0.0037181078736198
"DNMT3A",-0.00372227452105231
"HS1BP3",-0.00372236988686425
"EPCIP-AS1",-0.00372510302174999
"SEC63",-0.00373235722116129
"CIC",-0.00373388132177017
"PTCD1",-0.00378135335401505
"PPHLN1",-0.00381770497095095
"MT-CO2",-0.00384264452827698
"TWF1",-0.00390335975660936
"RNU6-91P",-0.0039078734214367
"GADD45B",-0.00396559317211195
"LPCAT4",-0.00398921203930954
"PRPSAP1",-0.00403107733341635
"MIR3150BHG",-0.00404949682592757
"PRDM4-AS1",-0.00405179696768924
"GIPR",-0.00409276524039785
"PRKAG1",-0.00419701329582719
"NDUFB3",-0.00421688946216654
"PAMR1",-0.00422808024649581
"NT5C3A",-0.00425506405665924
"ZNF444",-0.00426013006693576
"MTND1P23",-0.00426159784803172
"EPX",-0.00428177789450012
"GLMN",-0.00428212437693007
"TAF6",-0.00436816350154794
"FAM90A1",-0.00440803428664413
"ATG3",-0.00441108230601251
"SFMBT1",-0.0044287412416634
"TNFAIP8",-0.00444050127173031
"NUDT4B",-0.00446755555667822
"WTAPP2",-0.0045181698229283
"LTV1",-0.00452432757605978
"SMDT1",-0.00456449665874275
"ADAM22",-0.00457320692530006
"RNF115",-0.004588673063275
"ADAT1",-0.00460243916817987
"PGAP3",-0.00464189818887012
"SS18",-0.00468623388553818
"DTYMK",-0.00471082350663509
"PRMT5",-0.00479304241468186
"TMEM161B",-0.00481035124216567
"APTX",-0.00481486317471029
"PHKB",-0.00482053431134422
"MAPK8",-0.00482459962713818
"EDF1",-0.00485734487885773
"PARLP2",-0.00487932787596956
"SH3GLB1",-0.00489290699341984
"AAAS",-0.00490701707631444
"IGFBP6",-0.00492724312347801
"GAPDHP49",-0.00494238621762455
"MUL1",-0.0049641210405439
"RNA5SP427",-0.00496604385157551
"LPA",-0.00497663778350161
"STX8",-0.00499583172166584
"TEC",-0.00504980523198692
"CCDC82",-0.00506306743015873
"FOXD3",-0.00507032846646318
"C15orf62",-0.00510727940026
"KCTD12",-0.00511817917912671
"ARRDC3-AS1",-0.00512668440347122
"ASB8",-0.00513864678869167
"KDM6B",-0.00517336552390842
"SLC22A5",-0.00520858879463893
"PSMF1",-0.00521079137899975
"HPS1",-0.00521555356616021
"PHF5A",-0.00529490794376136
"SLC46A1",-0.00532817651228134
"P2RX6",-0.00534744604383171
"FBN2",-0.00537579405691316
"LINC02842",-0.00541778585311068
"IRAG1",-0.0054209839825524
"DSCR4",-0.00544264367189404
"EXT2",-0.0054497380273498
"SRC",-0.00545159901323039
"ARHGDIA",-0.00548915250171955
"RPL32P11",-0.00557915173528315
"TWF2",-0.00568158829786012
"API5P1",-0.005726616841879
"CHMP2A",-0.00580396016398115
"EIF3G",-0.00585165518537191
"JADE2",-0.00588251405109374
"PRPF38B",-0.00589090018608209
"MRPS18B",-0.00589526132540465
"RPL10P16",-0.00589708420669645
"SPSB1",-0.00595095626822486
"NUDT17",-0.00596864711037644
"CEROX1",-0.005998444572684
"CATIP-AS1",-0.00609410085198172
"REXO4",-0.00614714716807845
"CHMP4B",-0.00615482464353326
"PPP6R1",-0.00617523165609017
"RPL13AP5",-0.00618203560160412
"PIH1D1",-0.00619387445198039
"RD3",-0.00620104747504306
"DDX50",-0.00620211429554584
"RSPH1",-0.00622745264211434
"GRK5",-0.00625724714036155
"MGME1",-0.00642024695737307
"ING3",-0.00643111066526367
"RAB11B",-0.00645640842908388
"CUEDC2",-0.00651713747126732
"SPRTN",-0.00652630778223756
"SNHG6",-0.00652820180808637
"RRP1B",-0.00654512697069369
"KLHL8",-0.00657313381741703
"MAPK7",-0.00657508596425492
"PTGES3",-0.00661176918062749
"ANKRD13C",-0.00664183515650171
"UXT",-0.00666044983904685
"F8A3",-0.00668702161425267
"RAB3A",-0.0067539452277677
"ZFP82",-0.00676083639455659
"ARHGAP33",-0.00680811341211963
"ABCA10",-0.00685962151489684
"MFSD5",-0.00687992169925248
"RPSAP61",-0.00688936141612198
"SLC25A14",-0.00694383803862437
"MT-TS2",-0.00701402674417729
"CENPT",-0.00702689958528389
"VPS18",-0.00709434171629985
"ZNF14",-0.00710187964947191
"PWWP2B",-0.00715442297755607
"TMEM225B",-0.00715601105601881
"ZNF566",-0.00718821369035894
"MPLKIP",-0.00721375644559096
"CFAP57",-0.00721391604894325
"CYB5RL",-0.00724341099571624
"DENND6A",-0.00725617723281889
"ISOC2",-0.00737369484752343
"ODR4",-0.0074190037981393
"DNAJC27-AS1",-0.00747680762883003
"EIF4HP1",-0.0075750505440505
"TRIM11",-0.00759988592092391
"LINC01517",-0.00760000154302476
"RNU6-5P",-0.007631338023107
"ABHD18",-0.00764777164827691
"SLC7A14",-0.00767469440889879
"POLR2J",-0.00767805415519032
"SPOP",-0.007716557519432
"HYKK",-0.00772747244665831
"DPH2",-0.00774099746503009
"PLA2G6",-0.00777829529441107
"SLC9A8",-0.00779047008487893
"SNRPGP18",-0.00782191091666226
"PICALM",-0.00785065778639664
"WBP2",-0.00787020354895259
"MKKS",-0.00787861893047016
"FIBP",-0.00788440380686393
"CFAP210",-0.00799791509075775
"LINC00867",-0.00800059625894691
"CDC123",-0.00800252086501298
"RPSAP4",-0.00800523343644699
"ARF6",-0.00802060766428355
"MIR3681HG",-0.00802417781092278
"TSPAN31",-0.00806392883479098
"ANKH",-0.00813014226425348
"DLX2",-0.00818428935037147
"LIMD2",-0.00822987296176296
"LINC01719",-0.00826625675048617
"RPL7AP27",-0.00829106274453373
"RTN3",-0.00829143779572152
"CCDC73",-0.00830073016373963
"FBXW4",-0.00831721495708623
"GALK2",-0.00833312014354337
"GABARAPL1-AS1",-0.00835352086643194
"LINC01572",-0.00838145943772849
"CISH",-0.00842314023254204
"ANGEL1",-0.0084285835115901
"SERF1B",-0.0084601551074529
"SEC16A",-0.0084793538843136
"TAFAZZIN",-0.00849814873662431
"HIVEP2",-0.00850294821782404
"MEAK7",-0.0085235077665143
"LAG3",-0.00854724131383476
"CFL1P5",-0.00855333811536216
"CIAO2B",-0.0085813207328996
"MRFAP1L1",-0.00858697358537388
"KIF20A",-0.00867127398515838
"RPL5P23",-0.00870175237164129
"PPM1G",-0.00871056224789344
"PTP4A2P2",-0.00871532777159225
"PKP4P1",-0.00873192518642033
"YIPF3",-0.00873398049785877
"RPS14P4",-0.00873469771403692
"STYXL1",-0.00874245977741321
"MEAF6P1",-0.0087473563507397
"VN2R1P",-0.0087473563507397
"LINC02066",-0.0087473563507397
"LINC00698",-0.0087473563507397
"OCIAD1-AS1",-0.0087473563507397
"NPM1P36",-0.0087473563507397
"MS4A13",-0.0087473563507397
"FARSBP1",-0.0087473563507397
"TRHDE",-0.0087473563507397
"LINC01490",-0.0087473563507397
"FTH1P13",-0.0087473563507397
"LINC02327",-0.0087473563507397
"LINC02207",-0.0087473563507397
"LINC02210-CRHR1",-0.0087473563507397
"GINS3",-0.00875837334912382
"PLK3",-0.0087691535514284
"GOLGA8A",-0.00877372345849079
"MPC1",-0.00878757520273202
"MPV17",-0.00880151506695087
"RPL5P22",-0.00883518644419052
"RNU1-67P",-0.0088979212142486
"FBLIM1",-0.00893855258948529
"TAGLN2P1",-0.00898828884120891
"PPP2R5D",-0.00906796388038116
"DGCR6L",-0.00907137303875659
"ANKRD10-IT1",-0.00908696332365153
"RPS3AP28",-0.00910023149314101
"GTF2B",-0.00910673450012348
"TNR",-0.00917454306225485
"SMG1P4",-0.00920494874671067
"DDX49",-0.00920898280760287
"FKRP",-0.00921178343051248
"SLC66A1",-0.00922283359418733
"TRIM4",-0.00925310800754344
"ZNF630",-0.00926596206142642
"NAA16",-0.00928241070008086
"MTATP8P2",-0.00930054109243723
"CUL7",-0.00932059577514916
"ST13P3",-0.00934253040034693
"IDSP1",-0.0093508948074282
"MFF-DT",-0.00936675757721692
"RPL34P18",-0.00940750577560993
"SCRN2",-0.00944597341491838
"TENM4",-0.00947436773666436
"HTATIP2",-0.00947835347280001
"CREB5",-0.00952776542611966
"UNKL",-0.00954800119029444
"ASCC3",-0.00957297612911475
"GRIA1",-0.00958930484185306
"KIFBP",-0.00962188547971989
"TACO1",-0.00963856405660626
"HSP90AB3P",-0.00968361986913745
"INPP4B",-0.00968921389504842
"TRAF7",-0.00969907560961077
"FEZ1",-0.00979689249488185
"FABP6",-0.00980350484158748
"MRPS18C",-0.00984056576937582
"ORAI1",-0.00988780818207681
"CD84",-0.00991245044351522
"CCDC78",-0.0100281873061519
"SLC1A5",-0.0100311621020835
"CSTF2T",-0.0100715065358535
"GOSR1",-0.0100740310796913
"SRSF2",-0.0101815498563417
"UBALD1",-0.0102097244578084
"AIRIM",-0.0102380956138603
"COX19",-0.0102429900627857
"RPS27L",-0.0102651321623856
"PXK",-0.0102681256435019
"OPLAH",-0.0102859663905503
"OLA1",-0.010326690453888
"DMRTC1",-0.0103830129022298
"RPL32P16",-0.0103987228467165
"ATAD5",-0.0104120439957682
"MRPS12",-0.0104121258271226
"MAP3K2-DT",-0.0104142822473178
"MTAP",-0.0104300631341029
"PABPN1",-0.0104637550210636
"KLHDC1",-0.0104669651066537
"AP2M1",-0.0104938180080161
"PPIAP53",-0.0105684724808186
"BTF3P4",-0.010572527560989
"COPS6",-0.0105756340441542
"RNASEH1P1",-0.0105833491754352
"GALNT16",-0.0106043175769672
"TMEM263",-0.0106106124699305
"PCED1A",-0.0106111788997413
"MEN1",-0.0106231166617236
"EP400",-0.0106303454188355
"ZFAND3",-0.0106885250870034
"HRAS",-0.0107026285498591
"HIC2",-0.0107028345619538
"TCEAL5",-0.0107184481340791
"HCST",-0.0107324952781101
"EEF1A1P16",-0.0107773093137686
"SEPTIN11",-0.0107796712622812
"ATP1B3P1",-0.0109593157594397
"SPG11",-0.0109987999588638
"RNF170",-0.011004446163295
"HABP4",-0.011059530162455
"DLL4",-0.0111157714785592
"SENP1",-0.0111194157291058
"SF3A3",-0.0111293330991148
"EHD1",-0.0111479219152661
"RPUSD4",-0.0111925736056237
"KCTD17",-0.0112072988116708
"LINC02767",-0.0112854355419736
"KANSL2",-0.0113530929610487
"ARL5B",-0.0113531378980265
"SUGP2",-0.0113869625897368
"NEK10",-0.0113954202466414
"FKBP4",-0.0114409967351929
"HNRNPR",-0.0115089084096395
"PIK3C2B",-0.0115324665827886
"EIF2B5-DT",-0.011543950275387
"P4HTM",-0.0115512821951675
"GLYR1",-0.0115581472296867
"RIOK2",-0.0116233669607747
"MTX2",-0.0116483421820778
"ZNF584-DT",-0.0117349288471049
"PHRF1",-0.0117507984617585
"FARS2",-0.0117874003977001
"TERF1",-0.011821601767406
"PCCB",-0.0118514397344166
"CSNK1G2",-0.0119769810837967
"RNU4-39P",-0.0119799991518254
"LSM5",-0.0120442339450357
"SLC35B2",-0.0120723767002272
"LSM8",-0.0120991098344025
"CRAT",-0.0121291166033077
"SPOPL-DT",-0.0121395241666267
"KLHL22",-0.0122322452226636
"TRABD2B",-0.0122559191908136
"BLTP2",-0.0122755691123891
"CCDC134",-0.0123640479951037
"SLC20A1",-0.0124017418019234
"SYAP1",-0.0124637420155383
"ITGAE",-0.0124712842151509
"RHOT2",-0.0124771703759322
"SERINC3",-0.0124873994917541
"CCND2",-0.0125401943786061
"FH",-0.0125695741867745
"BLOC1S1",-0.0125974124524445
"OAZ1",-0.0126442263418177
"SFI1",-0.0126453834868947
"PDCD11",-0.0126531857198551
"HSPA14",-0.0126740344829211
"NDST3",-0.0127017731197152
"GPS2",-0.0127079378425932
"SNTA1",-0.0127634588423915
"POLH-AS1",-0.012771770103884
"RPS27P13",-0.0127795577197195
"CEP83",-0.0128951754431415
"YWHAQP4",-0.0129173541601782
"NUB1",-0.0129277174458029
"EIF3FP1",-0.0129681362684818
"FAM227A",-0.0130269141004528
"SURF4",-0.0130641799652376
"ATP6V1F",-0.0131144233397443
"COQ4",-0.0131308734722419
"LNPEP",-0.013171768243083
"NKIRAS2",-0.0132026546483986
"C6orf226",-0.0134057087898124
"RPL12P17",-0.0134340470422352
"PPRC1",-0.0134710169868925
"TFB1M",-0.0134945075970193
"EIF4BP7",-0.0135566067826562
"B4GALNT4",-0.013589095989475
"ZNF407-AS1",-0.0135970029215586
"PPP1R14B-AS1",-0.0136081651809813
"XDH",-0.0137506115866745
"RPS3P3",-0.0138144262942256
"TTC27",-0.0138754535144215
"SETX",-0.0139258419961896
"ZC3H7B",-0.0139437981115027
"SNRPB",-0.0140466756224023
"DMPK",-0.0141033375648887
"MYL6P5",-0.0141095378856193
"NDUFAF3",-0.0141124246917158
"SIGMAR1",-0.0143090833897282
"TMPO-AS1",-0.0143166682421588
"TFG",-0.014334173365972
"UQCRC2",-0.0143562282787441
"SEPHS1P4",-0.0144345732517037
"TMEM209",-0.0145067315381264
"COP1",-0.0145615018247601
"VPS54",-0.0145977436111827
"WDR13",-0.0146185667938219
"BORCS8",-0.0147429177821502
"NACA3P",-0.0147826177923648
"ZNF804A",-0.0148286569441619
"MFSD14A",-0.0148594633093081
"TCAF1",-0.014917040575924
"PHACTR1",-0.0149381946041894
"ACTN4P1",-0.0149798594114785
"IFI6",-0.0149801813848469
"VEGFB",-0.014989505931428
"CASC15",-0.0150116441548315
"COBLL1",-0.0150876913171381
"DDX6",-0.015104746297949
"PPP1CB",-0.0151867933550247
"HDAC4",-0.0151934590771037
"ANKIB1",-0.0152763749545819
"CTSD",-0.0153106243602202
"PPIAP58",-0.0156203510580219
"GNA13",-0.0156365023109705
"RBM33-DT",-0.0156410075286581
"H1-4",-0.0157571312528981
"AP1B1",-0.0158772825117114
"TXNDC9",-0.0158981239289814
"ADD3-AS1",-0.0159233734861808
"ZNF850",-0.0159796297077171
"SMC2-DT",-0.0159930257407567
"INAFM1",-0.0160320416330004
"BCL2A1",-0.0160743643089874
"EPB41L4A",-0.0161500774653531
"CCDC117",-0.0162074017629453
"UIMC1",-0.0162169922701677
"ARHGEF19",-0.0163040344156976
"SLC31A2",-0.0163196910635501
"WBP11",-0.016362133209158
"ADCY7",-0.0163809267887527
"SCN7A",-0.0164177759302962
"ARF1",-0.0164402561516891
"CUX2",-0.0164764973412895
"PPIP5K2",-0.0165749766935994
"CENPE",-0.0166415622609171
"SLC23A1",-0.0167968851700828
"PPP2R5B",-0.0168251137627927
"YDJC",-0.0168762235112051
"UBA7",-0.0170081313310381
"EEF1A1P17",-0.0170389812652277
"FYTTD1",-0.0170445537592624
"ADGRF3",-0.0172221891288927
"HSD3B7",-0.0173068231296386
"NDUFV2P1",-0.0173635968708731
"PDCD2L",-0.0174283366198818
"SREBF2-AS1",-0.0174562065270638
"CHMP7",-0.0175471994948589
"SLC4A1AP",-0.0175593927532725
"RNF13",-0.0175613616161852
"CHM",-0.0176350731279831
"MIER2",-0.0176809861928374
"MIR1244-3",-0.0177053530063656
"ITPRIP-AS1",-0.017817802707028
"DOLK",-0.0178253940459203
"NUDT18",-0.0178471594312291
"RPS19P7",-0.0178946524528995
"PSMB1",-0.0179220361044923
"NUP98",-0.0179274442058421
"DND1P1",-0.0179463449652046
"IMMP1L",-0.0179498824664182
"MTFMT",-0.0179676069130374
"DMTN",-0.0180142646805485
"MAGOHB",-0.018108319306412
"PORCN",-0.0183220906284318
"MAD2L1BP",-0.0183684131623007
"RWDD4",-0.0183734619272124
"SYNCRIPP1",-0.0183951726494307
"MYOM3",-0.0185150369808905
"PGK1",-0.0186056389211418
"H3C12",-0.0186481030571113
"SPAG5-AS1",-0.0188096933539052
"POMP",-0.0188226848968282
"SBF2-AS1",-0.0190318074146454
"CLN8-AS1",-0.0190491450708066
"ZNF295-AS1",-0.0190896960814894
"MRPL49",-0.019100627152166
"GTF3C2",-0.019114653174139
"LINC00960",-0.0192002599025918
"ACTR1A",-0.0192687777999158
"TRMO",-0.0192975561673464
"KHSRP",-0.0193429710357693
"ENOX2",-0.0193450108777729
"CLDND1",-0.0194529591882668
"PFDN6",-0.0194992244869111
"TFAP2E",-0.0195060313537519
"OXSM",-0.0195654545716265
"PHYH",-0.0195928969360186
"LMBR1",-0.0196008615417488
"NOCT",-0.0196979913706657
"EOLA2-DT",-0.0197497910176901
"RPL21P45",-0.0198557651033117
"RNA5SP209",-0.0198557651033117
"SUGT1",-0.019908533166961
"CDV3",-0.019919240984701
"ASTE1",-0.0199237661572326
"POLR3G",-0.0199440482222956
"FAM136CP",-0.019947165992151
"HSDL1",-0.0202324751302469
"NPM1P46",-0.0202631118564529
"DCTN2",-0.0202864673536589
"MICALL1",-0.0202873421830489
"MYO19",-0.02045551537543
"PTPA",-0.0205545201471492
"GTF2H2",-0.0205972222392686
"RARRES1",-0.0206766917847708
"KARS1",-0.0206844634361482
"PMPCB",-0.0206975867746747
"LINC01147",-0.0207031150061436
"RPP14",-0.0207779916493829
"AIG1",-0.0207820466225795
"NIPAL1",-0.0208182134066485
"GPATCH11",-0.0208897373080207
"KLF3",-0.0209771016200433
"PDCD7",-0.0209971731978236
"DDX19B",-0.0210633833253373
"ERO1A",-0.02111144207158
"DNAJC16",-0.0211477003612545
"RELA-DT",-0.0211919616477914
"HMBS",-0.0212303980143148
"PHC3",-0.0213842839334832
"TRAPPC10",-0.021401819330441
"SZRD1",-0.0214654595274361
"COQ5",-0.0215049782894316
"DCTPP1",-0.021549204876807
"DNAJA1",-0.0215539160132026
"ARMH1",-0.0215687724366504
"DHRS1",-0.0215699015940307
"SCAMP3",-0.0216529987821532
"RPA1",-0.0217219407065136
"LINC01864",-0.0217304935909573
"MTMR12",-0.0217486930583363
"EPC2",-0.0217717437360699
"ZNF148",-0.0218284802230621
"POLR2E",-0.0218387038523726
"NIPSNAP1",-0.0218526167340415
"RASGRP3",-0.0218915540191954
"R3HDM4",-0.0219212339362594
"GEMIN5",-0.0219721501943546
"ERLIN1",-0.02200627493534
"MIR6126",-0.0220423521892711
"CDK7P1",-0.0221827189561174
"CAMKMT",-0.0223116847623854
"FHIP1B",-0.0223328981694645
"ZNF500",-0.0223537703784956
"LINC01907",-0.0224132799646168
"NKILA",-0.0224989563085632
"SF1-DT",-0.0225158580252097
"TAOK2",-0.0225350217767447
"SF3B2",-0.0226164369608667
"POLR2F",-0.0226387308162268
"ZNF782",-0.022650165827102
"SMIM29",-0.0226745894820838
"NHEJ1",-0.0226861377816277
"ZBTB21",-0.0226914474054441
"ZC3H11C",-0.0227437782786271
"IQGAP3",-0.0227699831626014
"SLC30A6",-0.0227802139233125
"WDR33",-0.0227877569712875
"ZMPSTE24",-0.0229626655776894
"DNAJB12",-0.0230123301762981
"C1orf162",-0.023057417148727
"JTB-DT",-0.0230579286325261
"ZNF410",-0.0230695885448538
"CEP290",-0.0231180510141462
"SPIN4",-0.0231453754762092
"EXOSC5",-0.0231939868626671
"POLR1H",-0.0232259742412793
"SWT1",-0.0233008640627528
"HMGB3",-0.0234200474679762
"SBNO1-AS1",-0.023461137405015
"METTL5",-0.0234758867895681
"EFNA4",-0.0235427462207926
"CICP6",-0.0236782568726307
"GTF2F2P1",-0.0236782568726307
"CTAGE6",-0.0236782568726307
"APH1B",-0.0236886909529459
"ABHD12",-0.0238588566473047
"LTN1",-0.0239077940462671
"HMG20A",-0.0239649744825221
"LINC01964",-0.0239673117355849
"FKBP3",-0.0240105108743495
"EEF1DP8",-0.0240697188401673
"MIR503HG",-0.0240926081904208
"TSR3",-0.0241030094172532
"LINC00173",-0.0241240528511866
"PPM1J",-0.0241421400696136
"KRT18P26",-0.0241421400696136
"CSNK2A1",-0.0241674663731899
"SEMA3F-AS1",-0.0242287593335238
"SFXN3",-0.0242533099933087
"ZNF859P",-0.0242556138016904
"IGKV2D-10",-0.0242556138016904
"RPL7AP22",-0.0242556138016904
"CHP1P1",-0.0242556138016904
"RHAG",-0.0242556138016904
"LINC03005",-0.0242556138016904
"MIR325HG",-0.0242556138016904
"MSL3P3",-0.0242556138016904
"ZFHX4-AS1",-0.0242556138016904
"NDUFC2-KCTD14",-0.0242556138016904
"SLC22A6",-0.0242556138016904
"OR11H1",-0.0242556138016904
"ATP6V1E1P1",-0.02432807663529
"RN7SL718P",-0.0243518279209589
"MED23",-0.0243728529153671
"GCC2",-0.0243915276068827
"RBM17",-0.024448581507298
"CDKN2AIP",-0.0245343495413713
"NOP53-AS1",-0.024579886133018
"TGOLN2",-0.0246395515610831
"KLHL21",-0.0246702067509004
"ZNF771",-0.0247564102107057
"GALNTL5",-0.0247574891850558
"HNRNPA1P38",-0.024801376077218
"CNTRL",-0.024811416814202
"JUN-DT",-0.02489652212181
"AGTPBP1",-0.0248992774307276
"MLF2",-0.0249151446114993
"TSC2",-0.0249738162164036
"TADA1",-0.0249969898854948
"BANF1P4",-0.0250638446054711
"GET4",-0.0250805866061468
"ZNF134",-0.0252459625382253
"BCDIN3D",-0.0253294891903001
"RPL23AP57",-0.0253876050978892
"SCYL3",-0.0254055945957384
"PIAS4",-0.0254067340487177
"RPS15P4",-0.0254181562470903
"ZDHHC4",-0.0254399880076921
"PAK1",-0.0255707276812725
"MAPRE1P2",-0.0257686758586797
"COL9A1",-0.0257686758586797
"LINC01605",-0.0257686758586797
"ATP6V1G1P3",-0.0257686758586797
"PSMG1",-0.0257916728708366
"WASF2",-0.0258282634149198
"UBQLN1-AS1",-0.025875023131458
"PPIAP9",-0.0259435438900717
"MT-TR",-0.0260026141152789
"PRH1",-0.0260062994803331
"MIR1972-1",-0.0260328212473089
"CYTH1",-0.0262050872308211
"ETF1P1",-0.0262060317586755
"RAB1A",-0.0263172174571773
"ING4",-0.026360660995392
"EIF2S2",-0.0263654689344605
"UGGT1",-0.0263749973380619
"MIR645",-0.0264700944005136
"RPL12P14",-0.0264916914872069
"KRT18P29",-0.0264916914872069
"NEUROD1",-0.0264916914872069
"SNRPGP19",-0.0264916914872069
"GPR83",-0.0264916914872069
"HEPACAM",-0.0264916914872069
"LINC02550",-0.0264916914872069
"MIR4734",-0.0265665105793597
"SUMO2P17",-0.0267498437464408
"GUCA1A",-0.0267570389987361
"TIMM29",-0.0267819134114025
"OXA1L",-0.0269552696748552
"TMEM62",-0.0269767492023829
"CDK13",-0.0270894601917722
"NAA60",-0.0271275920516316
"PANK1",-0.0271642804382887
"CNOT7P2",-0.027216306151224
"PAQR9",-0.027216306151224
"SF3B4",-0.0272925370164257
"EOLA2",-0.0273147753913283
"HSPE1P23",-0.0273173082771606
"ANKRD20A17P",-0.0273173082771606
"ANKRD20A1",-0.0273173082771606
"RN7SL543P",-0.0273173082771606
"IGFL2-AS1",-0.0273173082771606
"GOLPH3L",-0.0273780605568617
"UBA2",-0.0275940159430133
"FAM86B2",-0.0276196985304125
"DENND2C",-0.0276304939206866
"INSIG1-DT",-0.0277320202769623
"TRBJ2-7",-0.0278710800920528
"WEE1",-0.0279614965615424
"MLH3",-0.0280835688203952
"AIP",-0.028206584209111
"NOLC1",-0.028240165939997
"FLVCR1-DT",-0.0282492279774808
"SLC25A38P1",-0.0283468286748343
"DHX40",-0.0284108838844786
"TSR1",-0.0284203179711573
"AP3B1",-0.0284295349582482
"WIPI2",-0.0286556743639627
"HMGN3P1",-0.0286568649422273
"ASS1P2",-0.0286568649422273
"PPP4R2P3",-0.0286568649422273
"RPL21P58",-0.0286568649422273
"MTND2P2",-0.0286568649422273
"FAM66E",-0.0286568649422273
"RPL9P21",-0.0286568649422273
"RNU7-193P",-0.0286568649422273
"CACNG2-DT",-0.0286568649422273
"EIF3M",-0.0287130349243232
"GON4L",-0.0288453399308442
"SRBD1",-0.0289009089079662
"CALM2P2",-0.0289035097565867
"ZC3H7A",-0.0290515428252266
"CD2BP2",-0.0290538001092968
"NUDT8",-0.0290612179676771
"ARL1",-0.0291415869645394
"SLC25A32",-0.0291921093135555
"LINC01677",-0.0292315502814795
"RPL7AP30",-0.0292338620090035
"NSF",-0.0292689068227431
"RPL13P12",-0.0292896116006456
"ZNF595",-0.029295628609434
"CFAP418-AS1",-0.0293752877314415
"SLC49A3",-0.0293920528005899
"NAMPTP1",-0.0294607981097594
"KRT19P3",-0.0295433187193935
"SNX5P2",-0.0295433187193935
"LINC02389",-0.0295433187193935
"FRG1DP",-0.0295433187193935
"PPIAL4A",-0.0295593309738132
"FBXO9",-0.0296320797450566
"PDE7A",-0.0297524359996677
"RDH14",-0.029753798740321
"TOP2B",-0.0297669567807948
"LMLN",-0.0298667751723898
"LYPLA1",-0.0299496259021425
"PRDX2P3",-0.0299530698207494
"RPS3AP49",-0.0299544228234846
"SUMO2P21",-0.0303250250555042
"ACOT8",-0.030342455238378
"TFR2",-0.0303506253699259
"CMTM7",-0.0304010191878843
"COX7A2",-0.0304015257359408
"PIGHP1",-0.030425336163959
"FCGBP",-0.0305123671594945
"MAGT1",-0.0305243598239882
"LINC01980",-0.030574791090843
"RPL31P7",-0.030574791090843
"DCAF8",-0.0305942745027181
"ATP1A4",-0.0307242450423385
"DDX3P2",-0.0307303055292904
"PPIL2",-0.0307727839093341
"STIP1",-0.0308174841288712
"PRODH2",-0.0308288924938593
"FRAT2",-0.0309531788519599
"TBC1D3K",-0.0309793448484409
"PI4KB",-0.0310106022918687
"SLC29A1",-0.0310303716328943
"NDUFS5P3",-0.0310946180635995
"DSG3",-0.0310946180635995
"EEFSEC",-0.0311665127117529
"SSU72-AS1",-0.0311795656094288
"INO80E",-0.0311830773405907
"KRT18P67",-0.0312619457855346
"RNU6-541P",-0.0312619457855346
"LINC02182",-0.0312619457855346
"OTUB1",-0.0313643994397627
"ITPKB",-0.0314568179428219
"NUFIP1P1",-0.0314585580838015
"EXOSC10",-0.0314793055271358
"VBP1",-0.0315510866907881
"RPL7P12",-0.0315585079666189
"AATF",-0.031571298097258
"CSNK1G3",-0.0316235816473489
"PVRIG",-0.0316375093286339
"LINC01608",-0.0316552104474118
"SLC37A1",-0.0317640716195442
"TMPRSS3",-0.0318125808350013
"DOCK3",-0.031857197625107
"H2BC15",-0.0318618412149056
"FHOD3",-0.0318993780701381
"BASP1-AS1",-0.0319164762668189
"RN7SL732P",-0.0319164762668189
"KIF1C-AS1",-0.031938364126823
"FABP5P10",-0.0319590872869557
"HYPK",-0.0319597978460288
"RHNO1",-0.0320736641944796
"RORA-AS1",-0.0321055492556101
"ACTR2P2",-0.0321218032378247
"RPL23AP71",-0.0321905272984659
"RPL21P117",-0.0321905272984659
"TRBJ2-1",-0.032205461147278
"RFPL1S",-0.0322418663508354
"XIAP",-0.0322702722761945
"AKR7A3",-0.0323616898299708
"VDAC3",-0.0324505107283328
"C7orf50",-0.0325677857022553
"TMEM101",-0.0326742684961378
"GABPB1-IT1",-0.0326885250989327
"SLC36A4",-0.0326936408454875
"EEF1A1P7",-0.0327397489379905
"NARS1P2",-0.0327653095460306
"RAP2A",-0.0328014253432155
"NAMPT",-0.0328860173557982
"CCNT2",-0.03292596045495
"DGKG",-0.0330295687615102
"BOLL",-0.033063461198897
"ECE2",-0.033063461198897
"MIR582",-0.033063461198897
"RN7SL560P",-0.033063461198897
"SPATA31D4",-0.033063461198897
"MIR6080",-0.033063461198897
"MAPRE1",-0.0331721664126844
"PKDREJ",-0.0333404102645779
"SUMO3",-0.0334511454985652
"USP50",-0.0334808946531599
"TRBV3-1",-0.0336485853060665
"RBM5",-0.0337057919550434
"CIMIP2A",-0.033761571954665
"ENOPH1",-0.0338887912065468
"LINC02671",-0.0339129564322241
"INKA2",-0.033914943789061
"CSPP1",-0.0339253149462083
"WDR36",-0.0340148301530504
"H3P16",-0.0340157181543768
"SECISBP2",-0.0340802885790481
"RNU6-97P",-0.0341889132534853
"CDNF",-0.0342296599436912
"CNOT7P1",-0.0342423177670695
"RBP7",-0.0344896949320228
"LINC02267",-0.0348190611056799
"SNRPCP2",-0.0348190611056799
"PSMA6P2",-0.0348190611056799
"MTND5P17",-0.0348190611056799
"CR1",-0.0348276385059136
"MRPS14",-0.0348523434834341
"TXNL1",-0.0348581687160027
"BCYRN1",-0.0349027688600661
"H3P43",-0.0349027688600661
"LINC01427",-0.0349027688600661
"SBNO2",-0.0349928199884124
"DCTN3",-0.0350406619287771
"CINP",-0.0350826740743309
"RBM23",-0.0351258711048801
"PCK2",-0.0351394205973144
"LINC01873",-0.0352066733629517
"MATR3P2",-0.0352066733629517
"INTS4P2",-0.0352066733629517
"RNU7-43P",-0.0352066733629517
"ZNF137P",-0.0352066733629517
"TSIX",-0.0352212786126724
"RPL3",-0.0352351634587111
"TMEM123",-0.0353247907961221
"CACNA1I",-0.0355722100819179
"TAS2R10",-0.0356006606218396
"ZBTB40-IT1",-0.0356035866376291
"NSA2P5",-0.0356035866376291
"RN7SL767P",-0.0356035866376291
"OR2A5",-0.0356035866376291
"NEUROD6",-0.0356035866376291
"RPS20P31",-0.0356035866376291
"CRTC2",-0.0356903927091444
"CTDSPL2-DT",-0.0356940880393066
"RPS27P2",-0.0357149311530381
"SERPINA11",-0.0357752820667625
"RPS24P7",-0.0358016421120891
"MCRIP2",-0.0359573557506679
"RPL36AP28",-0.0359836695058924
"CTAGE7P",-0.0359836695058924
"IST1",-0.0360338978484591
"ST20-MTHFS",-0.036077882234149
"TCEAL3",-0.0361391081804951
"RPL12P26",-0.0361406343155945
"HNF4A-AS1",-0.0361491820693044
"IKBKE",-0.0362050796642496
"CAPN7",-0.0362939622742823
"IFITM3P4",-0.0363621821254949
"SLC25A1",-0.0363642852274544
"ADGRE1",-0.0363646499387654
"ARID5B",-0.0364405839802725
"ILF2",-0.0364895874398437
"RPL13AP23",-0.0365102578551528
"LINC02802",-0.0365658998203957
"LINC01206",-0.0365658998203957
"DDX6P1",-0.0365658998203957
"LINC03031",-0.0365658998203957
"RPL7P39",-0.0365658998203957
"WHAMMP3",-0.0365658998203957
"FTH1P2",-0.0366260680641688
"NUTF2P2",-0.0368809519662095
"ANKRD45",-0.0369104261548141
"ALG1L2",-0.0369104261548141
"C7orf25",-0.0369104261548141
"KCNK4",-0.0369104261548141
"OR2G6",-0.0369960083865382
"BSN",-0.0369960083865382
"KIF19BP",-0.0369960083865382
"RN7SL426P",-0.0369960083865382
"CEACAM3",-0.0369960083865382
"LIM2-AS1",-0.0369960083865382
"HOMER3-AS1",-0.0369960083865382
"BEX1",-0.0370671117659335
"PTDSS2",-0.0370934899480524
"RPS7P14",-0.0371550528422174
"H4C13",-0.0372052203671268
"TRBJ2-6",-0.0373111642527976
"DLL3",-0.0374127354961232
"AKAP1-DT",-0.0374217054533277
"PIGY-DT",-0.0375433053429568
"PDGFB",-0.0375645317241361
"E2F4",-0.0376007341394871
"SLC31A1P1",-0.0376083856906078
"TPSAB1",-0.0376083856906078
"RPS15AP12",-0.0376886819931685
"MTCO1P53",-0.0377193996741818
"NECTIN3-AS1",-0.0377449482358
"PIGB",-0.037807174880697
"ZBTB20-AS5",-0.0378456376464303
"PRXL2B",-0.037857088868514
"CPO",-0.0378591666483471
"RPL36P13",-0.0378591666483471
"OR7E158P",-0.0378591666483471
"FAM217B",-0.0378672955292861
"FDPS",-0.0379000287754896
"BCL2L1",-0.0379915782049413
"RPL12P19",-0.0380649269112393
"ABHD11",-0.038084950524707
"CLTB",-0.0381010486942587
"MSH3",-0.0381465805381735
"COX15",-0.0381593260657652
"H2AC11",-0.038192209217856
"ZNF681",-0.0381968762602488
"PWRN1",-0.0382180773439371
"DISP1",-0.0382405081686776
"USP16",-0.0382647486951712
"VAMP9P",-0.038361712086919
"RCOR2",-0.038361712086919
"LINC02643",-0.038361712086919
"SHISA6",-0.038361712086919
"CD8B",-0.038458806945516
"CWC15",-0.0384930513846801
"RNU6-1216P",-0.0385748271070366
"ETV5-AS1",-0.0385748271070366
"LINC02503",-0.0385748271070366
"RNU6-1126P",-0.0385748271070366
"SEPTIN14",-0.0385748271070366
"BTF3P8",-0.0385748271070366
"OR4D9",-0.0385748271070366
"LINC02002",-0.0385748271070366
"NCOA4P4",-0.0385877782058601
"RPL8P4",-0.0386310483682297
"ACTR8",-0.0387038061951364
"PSMG3",-0.0387342565106944
"POLL",-0.0388247449717372
"CA11",-0.039032479135103
"PMS1",-0.0390589165412564
"EEF1AKMT4",-0.039091844292889
"HLCS-AS1",-0.0390919166521116
"TMC2",-0.0392442151451584
"DNM2",-0.0393860154687695
"LRRC39",-0.0394428325406475
"EFTUD2",-0.0394871220439712
"POLK",-0.0395484848480154
"HMGN2P7",-0.0396843824083739
"TMED11P",-0.0396915303708176
"CDH12",-0.0396915303708176
"MARK2P17",-0.0397291417971235
"RNU6-228P",-0.0397291417971235
"RMND5B",-0.0397850328172777
"PLA2G15",-0.0398010976923963
"EMILIN1",-0.0398715244578137
"ISCA1P2",-0.0398835475318954
"LINC01205",-0.0398835475318954
"TH",-0.0398835475318954
"TBX2-AS1",-0.0398835475318954
"MIR3591",-0.0398835475318954
"NUDT4",-0.0400420623084391
"YME1L1",-0.0400663555428305
"LINC01001",-0.0401137103908061
"RFC4",-0.0401285999414834
"GK3",-0.0401300287873262
"ATP5MF-PTCD1",-0.0401646533243308
"CRYBG1",-0.0402612683926993
"SOWAHA",-0.0402648240358827
"UGT1A8",-0.0402776742427144
"RPS18P9",-0.04035680873247
"SYN2",-0.0403686789625712
"TONSL",-0.0403725129475527
"TRIB3",-0.0404703267925821
"PPIAP6",-0.0405021532257957
"SEPTIN2",-0.0406324171630296
"SEPTIN14P6",-0.0407085394511797
"ONECUT3",-0.0407085394511797
"VPS35L",-0.0407796598604405
"NF1",-0.0407875826783423
"RN7SL34P",-0.0408017637938063
"PSD4",-0.0408650642885687
"RN7SL470P",-0.0408751515043107
"RNU6-1267P",-0.0408751515043107
"GAPDHP29",-0.0409022587120907
"PPIAP66",-0.0409022587120907
"CLP1",-0.0409347158640434
"PDPK1",-0.0409450877630263
"ACOX3",-0.0409732319258048
"NPAT",-0.0409748400312974
"SNORD53",-0.0410020126887748
"LINC02143",-0.0410020126887748
"RPL36AP26",-0.0410020126887748
"PNCK",-0.0410020126887748
"NBPF12",-0.041043667214815
"RPS11P7",-0.0410672397871614
"RN7SKP197",-0.0410672397871614
"CLEC1B",-0.0410672397871614
"MIR7976",-0.0412970509032195
"IMP4",-0.0413022792152257
"PAIP2",-0.0413437153049736
"ZNF90P3",-0.0413688009338042
"BEST3",-0.0413688009338042
"TTC7A",-0.0413849014235509
"NECTIN1",-0.0414321303805271
"MYBL1",-0.0414571337224336
"TNFSF9",-0.0414722897729756
"SIGLEC14",-0.0415311937813082
"PHPT1",-0.0416238610586599
"TMEM204",-0.0416780561335819
"DENND3",-0.0416884143864003
"CYP4F22",-0.0417776770441339
"RPL23AP78",-0.0418615481471686
"USF3",-0.0419195483194479
"MTHFD2P7",-0.0420213455111134
"IPO9-AS1",-0.0420609829001384
"MIR4794",-0.0421457975524984
"SHISAL2B",-0.0421457975524984
"MIR548AU",-0.0421457975524984
"ENSAP1",-0.0421457975524984
"MTND4LP3",-0.042242193514595
"MTCO3P35",-0.042242193514595
"GDF3",-0.0423444161170727
"ENTREP2",-0.0423444161170727
"LYPLAL1-AS1",-0.0424460962219164
"ITIH4-AS1",-0.0424478266303528
"KCTD9P2",-0.0424810639578629
"NRBF2P3",-0.0425282296508933
"H3C15",-0.042568697712594
"BICRAL",-0.0425701528423241
"HLTF",-0.0425800696934396
"S1PR1-DT",-0.0426537335526677
"VCPIP1",-0.0427123031416394
"NPIPA9",-0.0427754198758293
"WDTC1-DT",-0.0430022222559287
"DSCAM",-0.0430108977360792
"RDXP3",-0.0430441050165781
"MIR3175",-0.0430441050165781
"ABCA17P",-0.0430441050165781
"H2AC25",-0.0430787252102436
"MX1-AS1",-0.0431372801170351
"TK2",-0.0431842642964666
"LINC01133",-0.043296927576272
"SLURP2",-0.043296927576272
"SPRR2A",-0.0433142026887059
"LINC02218",-0.0433142026887059
"SEC14L5",-0.0433411424111085
"LINC02421",-0.0434074771321813
"MAP2K1P1",-0.0434869681073348
"MIR4253",-0.0435942350577491
"CFAP44-AS1",-0.0435942350577491
"DNAJC2P1",-0.0435942350577491
"SPESP1",-0.0435942350577491
"MYCNUT",-0.0436492311631634
"LINC02516",-0.0436492311631634
"MIR6864",-0.0436492311631634
"SLC35D1",-0.0437153575931897
"ELOBP2",-0.0437520430046573
"CROCCP2",-0.0438063277812507
"RBM12B-AS1",-0.0438315767604949
"LINC01629",-0.0439541761612584
"RELA",-0.043974393196129
"RN7SL503P",-0.044058730482869
"KRT8P40",-0.044058730482869
"FAM83C",-0.044058730482869
"COMMD4",-0.044104832019437
"CXCL1P1",-0.0442748159428541
"OR1B1",-0.0442748159428541
"IZUMO1R",-0.0442748159428541
"ANKRD30A",-0.0442748159428541
"TUBBP8",-0.0442748159428541
"AMY1A",-0.0442989472380505
"RPL26P15",-0.0442989472380505
"TMEM215",-0.0442989472380505
"TRAK1",-0.0443145796678132
"RPL7P11",-0.0443393351150429
"ACTG1",-0.0443672384982828
"MTND3P5",-0.0443692325143482
"RPS6P2",-0.0443772533550778
"MIR4452",-0.0443772533550778
"SKIC8",-0.0444076701724825
"KLHL12",-0.0444184233824699
"TAF3",-0.0444620077412642
"KDSR",-0.0446116869080027
"B3GAT3",-0.0446264246724821
"LINC02502",-0.0446370051978112
"HTR3A",-0.0446831681717446
"DYNLRB2-AS1",-0.0447024865454551
"NIP7",-0.0447044306948204
"NLRP13",-0.0447049334419853
"TRBJ2-2P",-0.0447937952943122
"PSMC1",-0.0448010444382231
"TRIM35",-0.0448101713729783
"RN7SL440P",-0.0448287021230864
"HMGB1P3",-0.0448287021230864
"OR10A6",-0.0448287021230864
"RPL7P10",-0.0448434838191074
"RNU6-514P",-0.044938390995368
"RNU6-100P",-0.044938390995368
"DKK4",-0.044938390995368
"GASAL1",-0.044938390995368
"KRT79",-0.044938390995368
"RPL7P44",-0.0449403145533999
"HMGB3P4",-0.0449403145533999
"LINC02208",-0.0449911507979626
"RERGL",-0.0449911507979626
"LINC02985",-0.0449911507979626
"LINC00410",-0.0449911507979626
"LINC02611",-0.0449968008693709
"RPP25",-0.0450133417966941
"NDUFB1",-0.0450191722794531
"LINC02277",-0.0450653335498699
"KRT8P26",-0.0451752619274755
"RPS12P28",-0.0451769130443025
"ADIPOR1",-0.0451961516808725
"CLK4",-0.0452266370795425
"MIR6825",-0.0452795839946573
"RNU6-979P",-0.0452795839946573
"ARL14EP-DT",-0.0452795839946573
"AS3MT",-0.0452795839946573
"SPDYE12",-0.0452951785200307
"RPL31P38",-0.0453120175605546
"RPS26P56",-0.0453836337438374
"LHX1",-0.0454262367228607
"EIF4A1P11",-0.0454417322294943
"FXYD2",-0.0455212836910728
"USB1",-0.045616256180179
"VPS13A-AS1",-0.0456891908959677
"OLFM2",-0.0457179365296692
"MIR3198-1",-0.0457565635443376
"TMPO",-0.0457859739417576
"DNAJB7",-0.0457989224060181
"RPS7P2",-0.0458225188877256
"RNU6-537P",-0.0458225188877256
"ADGRF5-AS1",-0.0458225188877256
"TDRD9",-0.0458225188877256
"RPS26P58",-0.0458563853259954
"CHSY1",-0.0459352236297653
"RRAGAP1-AS1",-0.0459442013290844
"DPY19L4P2",-0.0460244368424385
"NPM2",-0.0460244368424385
"CICP23",-0.0460244368424385
"RAB6A",-0.0460296522220294
"ZNG1B",-0.0460481259596868
"TMEM223",-0.0460988348351814
"C2orf69",-0.0461231299936536
"RSL24D1",-0.0461535635509689
"PLEKHG4B",-0.0462930744032533
"RPL37P11",-0.0463276583437683
"GRM7",-0.0463531167231277
"LINC01626",-0.0463531167231277
"SMARCE1P3",-0.0463531167231277
"SINHCAFP1",-0.0463531167231277
"RN7SL362P",-0.0463531167231277
"PUDP",-0.0463620742268857
"HNF1A-AS1",-0.0463704071661116
"LBHD1",-0.0463812045736405
"IMPDH1P8",-0.0464000769066347
"BTBD6P1",-0.0464458234946129
"GOLGA6L17P",-0.0464570031713091
"RPL31P58",-0.0464570031713091
"ZBTB20-AS4",-0.0464590448304176
"COPZ1",-0.0465248258654906
"PTMAP15",-0.0465436250609044
"SAMD13",-0.0465707998491907
"LINC01994",-0.0465707998491907
"ZPBP",-0.0465707998491907
"MTND1P15",-0.0465707998491907
"FAM230A",-0.0465707998491907
"ATMIN",-0.0466041189263189
"ZNF123P",-0.0466346899699693
"HPCAL1",-0.0467011874072032
"FLOT1",-0.0467456372494054
"LEPROTL1",-0.0468311311038995
"AMBRA1",-0.0468826986219673
"RN7SL670P",-0.0469071507306622
"LINC01210",-0.0469071507306622
"ERICH4",-0.0469071507306622
"MIR644A",-0.0469219068625351
"RPS13P3",-0.0469509295821691
"NDST1",-0.0469785757758359
"RNU6-288P",-0.0470405857164538
"DDTL",-0.0471019184004517
"ST7-AS1",-0.0471067739252045
"EXOC6",-0.0471380511167914
"DNAI1",-0.0473290490709949
"RAPGEF3",-0.047376906321611
"RTN3P1",-0.047783165504313
"HNRNPD",-0.047861450282737
"SUPT4H1",-0.0480045280690239
"ZNF747",-0.0481474794738056
"TMEM44-AS2",-0.048187877787502
"TMEM102",-0.0482090714426218
"DNAJC19P5",-0.04827903653796
"ARPP19P2",-0.04827903653796
"PHB1P8",-0.04827903653796
"MIR499B",-0.04827903653796
"CYP4F3",-0.04827903653796
"EPHA8",-0.048343014694651
"RNU6-854P",-0.048343014694651
"DIS3L-AS1",-0.048343014694651
"ERVK-28",-0.048343014694651
"LRRC53",-0.0483553681746588
"RNU7-197P",-0.0483553681746588
"SCN4A",-0.0483553681746588
"RNU6-945P",-0.0483553681746588
"PHF23",-0.0484554571874855
"FHIP2A",-0.0484800819021227
"ZNF490",-0.0485176453720922
"HIGD1AP12",-0.0485900205946433
"CHP1P3",-0.0485900205946433
"MIR605",-0.0485900205946433
"PHB1P9",-0.0485900205946433
"RYKP1",-0.0485900205946433
"OR9A4",-0.0486814701311756
"LINC02452",-0.0486814701311756
"DIS3",-0.0487806056401432
"ACBD3-AS1",-0.0488026112757283
"UBA6-DT",-0.0488252101219292
"NHLRC2",-0.0488304299172026
"WDR83",-0.0489583744440167
"FBXO3-DT",-0.0489924222807261
"CPSF2",-0.0492815442745608
"APOM",-0.0493136982022035
"PLXNA4",-0.0493417997172724
"OR51A5P",-0.0493491102091312
"RPL31P61",-0.0493491102091312
"STEAP2",-0.0494696710726523
"EIF1P3",-0.0496828826535691
"PPARA",-0.0497278928139422
"HAUS7",-0.0497793716186235
"HCFC2",-0.0497818559634739
"RPL17",-0.0497942339898602
"RPL22P2",-0.0497962489141355
"GREB1L",-0.0498127968283585
"AKR7A2",-0.0498338248677741
"MIR8066",-0.0499674914666479
"ISCA2",-0.049978300237027
"AMPD3",-0.0500710398748384
"KRR1",-0.0501291896663123
"SLC22A7",-0.0501805098643401
"ST13P4",-0.0502228953205862
"RNVU1-4",-0.0503329750083777
"KIAA0930",-0.0504904901027828
"RPL31P12",-0.0505434472215517
"SLC8A1",-0.0505899882052407
"SORL1-AS1",-0.0506276771004572
"KLHDC2",-0.0506496584927227
"ESS2",-0.0507361867958189
"NFE2L3",-0.0508621466114178
"ATAD3C",-0.0508686363812931
"COG8",-0.0508776138407431
"TEDC2",-0.0509324577851401
"LARGE-AS1",-0.050934436820485
"C2CD3",-0.0509593680418984
"PIN4",-0.0509944571008479
"BRCC3",-0.0510362406752071
"PRMT5-AS1",-0.0510860551785829
"RPL12P6",-0.0512169085898935
"TMEM89",-0.0513877334150045
"RNU6-604P",-0.0513877334150045
"RNA5SP395",-0.0513877334150045
"RNU1-109P",-0.0513877334150045
"CERS1",-0.0513877334150045
"ICOSLG",-0.0514377428700094
"PELO-AS1",-0.0515103316759927
"DVL2",-0.0515193501250493
"DDHD1-DT",-0.0515589724876548
"ZNF594",-0.0516408002041733
"TNRC6B",-0.0517451466579463
"JAM3",-0.0518158942890086
"MSMP",-0.0518691677006319
"CDC42-AS1",-0.0520614782281895
"CENPCP1",-0.0520679414250329
"MIR5010",-0.052204165206034
"KCNE1",-0.052204165206034
"TSBP1",-0.0522529363483564
"CARD18",-0.0523341510385415
"RPL13AP7",-0.052335207718392
"NAV2-AS5",-0.052339466381193
"CNGB1",-0.052339466381193
"COPB2",-0.0524170398195024
"FZD3",-0.052467216058954
"TMEM170A",-0.0526029654903711
"ABCB11",-0.0526502414890117
"SEMA3G",-0.0526964021390258
"GCFC2",-0.0527889973509135
"ALKBH6",-0.0528420231999125
"DDO",-0.0528473361411659
"PCBP3",-0.0529392635414458
"ZNF593",-0.0529839651642553
"MAP3K14-AS1",-0.053156327971299
"C1orf122",-0.0531726596287946
"UPF3B",-0.053206512175348
"FAM178B",-0.0533790431858135
"NDUFAF4",-0.0533974399254829
"RPL7P7",-0.0534995171310476
"KIF1A",-0.0537470846388045
"ETFA",-0.053812769926153
"SLC25A5P5",-0.0539787109809325
"OPCML",-0.0540013897844612
"VWA3A",-0.0540013897844612
"RNU6-1333P",-0.0540458840169462
"MIR4269",-0.0540458840169462
"AOX3P",-0.0540458840169462
"LINC02436",-0.0540458840169462
"ASS1P14",-0.0540458840169462
"POLR2K",-0.0541106553107472
"HSPA2-AS1",-0.0542918323173917
"RBM26-AS1",-0.0542964286899338
"LYAR",-0.0542994356420052
"RPL18",-0.054343311593456
"TLNRD1",-0.0543612443763063
"CDK4",-0.054490828399479
"PEX10",-0.0545132472396932
"NEDD8P1",-0.0545798687346086
"CSPG4P11",-0.0546028133992448
"RBP1",-0.0546845294979988
"THOC1",-0.0547403179564719
"RIPOR3",-0.054780192781321
"GPX1",-0.0547888240430255
"ASAP1",-0.0548255416505327
"PHAX",-0.0548578441570491
"PPP2R2B",-0.0549911397297346
"TMEM275",-0.0550374891009813
"FBXO42",-0.055063335460137
"TAC3",-0.0551164810911485
"BMAL1",-0.0551519164388844
"C2orf76",-0.055302506527348
"NFATC2IP-AS1",-0.0553038798263169
"ZBTB7A",-0.0553674278719915
"MIEF1",-0.0554423079719899
"MDH1",-0.0555518997621404
"FXYD6",-0.0556389048704539
"SPHK2",-0.0556526653848205
"L1TD1",-0.0558160153528844
"NPM1P21",-0.0558748153084622
"MUC12",-0.0558752730208518
"B3GNT4",-0.0559698786635315
"TBC1D22A",-0.0560584700669568
"MIA2",-0.0560679102740224
"CNOT10",-0.0561113784214578
"MIR1278",-0.0561319842449168
"UGT2A3",-0.0561319842449168
"RPL10P8",-0.0561319842449168
"LINC03010",-0.0561319842449168
"RN7SL48P",-0.0561319842449168
"HNRNPA1P36",-0.0561553985626508
"BRMS1L",-0.0562451471842262
"DPM1",-0.0563418425939875
"BTF3P9",-0.0564558987339698
"RPL21P68",-0.0564558987339698
"EBF3",-0.0564558987339698
"ATP10D",-0.0565233983798295
"RASGRP1",-0.0567099541959773
"STARD7",-0.0567305027423183
"MKNK2",-0.0567896948605751
"ZNF286A",-0.0568091658669747
"SCN5A",-0.057010037153857
"UNC93A",-0.057010037153857
"RPS27P15",-0.057010037153857
"LINC00393",-0.057010037153857
"RSL24D1P11",-0.057010037153857
"BRPF3",-0.0571766131830607
"UBASH3A",-0.0571808239948705
"NSUN5",-0.0571978012171423
"PEG13",-0.0572461909356438
"NIT1",-0.0574817593817179
"AGPAT1",-0.057486219017283
"IMPDH2",-0.0574947180861784
"SLC25A1P5",-0.05759184508872
"TUBGCP3",-0.0576237915374844
"STARD4",-0.0577362779299117
"SAMD14",-0.0577714964039052
"PES1",-0.0578601483262505
"MTERF2",-0.0579212549908542
"RPL18AP3",-0.0579296850400336
"KRT85",-0.0579371887378337
"HEXD",-0.0582389272551674
"FAU",-0.0582441645895239
"RANP1",-0.0582675692155651
"RPS26P20",-0.0583279079231203
"RNF114",-0.0583568895623178
"TOR1AIP1",-0.0584720623169588
"AIMP1",-0.0585345611344916
"TXLNA",-0.0585569099487561
"MIR616",-0.0587335811375109
"LINC02656",-0.058743922194317
"LINC01752",-0.0589501177994313
"WDR89",-0.0589506848902004
"DPCD",-0.0591019303103873
"SFT2D1",-0.0591208882432246
"TAF9",-0.0595886878464557
"TUBB4B",-0.0599612489987416
"PABPC1",-0.0602505817153832
"HMGN2P41",-0.0602709634309758
"MRPL37",-0.0603261178395892
"POLR2J2",-0.0603528031701416
"SRSF5",-0.0604850266384521
"PSMD8",-0.0608457245909668
"DYNLRB2",-0.0609040167710671
"UBE2K",-0.0609968568911384
"ELP5",-0.0612551191807544
"EOGT-DT",-0.0612746907475876
"RPS4XP7",-0.0612748429073815
"CCT8",-0.0612947101745223
"CDC42EP3-AS1",-0.0613303650304731
"UBE2R2-AS1",-0.0614796934028538
"COL1A2",-0.0614810146597443
"ARHGAP27",-0.0615249217466251
"RNF215",-0.0618830479150246
"NDRG3",-0.0620137659483658
"TMEM132A",-0.0620748618461337
"PSMD3",-0.062122709721446
"PRKDC",-0.0622245491756863
"LRTM2",-0.0626602035484448
"GFPT1",-0.0627142116234593
"KLF13",-0.062757434843398
"SV2A",-0.0628481630544536
"RIMOC1",-0.0629069748457873
"SMIM20",-0.0629090739712564
"TMEM176B",-0.0631890032735081
"FBXO30",-0.0632140384458133
"MUC12-AS1",-0.0632402792343781
"LSR",-0.0634167050387008
"FAM234B",-0.0634282035836794
"BMERB1",-0.0634841934573239
"RNU6-610P",-0.0635887787372423
"NBR1",-0.0637533416305398
"NCBP1",-0.0637635569991976
"FDX1",-0.0638109557530082
"HORMAD2-AS1",-0.0638235784774832
"AK6",-0.063958742248964
"TIMM10B",-0.064101867202568
"SMN2",-0.0641503237344191
"CEP350",-0.0644438527567824
"CHD9",-0.0645459476048329
"PDHA1",-0.064571169417546
"IQCF1",-0.0646967313566172
"CTDNEP1P1",-0.0646967313566172
"TUSC7",-0.0646967313566172
"HMGCLL1",-0.0646967313566172
"OR10AG1",-0.0646967313566172
"TBC1D23",-0.0647276902862215
"DALRD3",-0.0647444215734764
"PPP4R3B-DT",-0.0648183612571249
"RPL21P46",-0.0648697512551296
"FAM8A1",-0.0650845201610424
"MAFA",-0.0650853969245914
"CTRB1",-0.0652202987787597
"LAMTOR5-AS1",-0.0654991005877006
"MANBAL",-0.065513994250769
"MTMR9",-0.0655840507705785
"LRRC41",-0.065696782423844
"PRELID3BP11",-0.0657044628228815
"P2RX4",-0.0659197706566669
"GFM2",-0.0661212276318426
"VPS37A",-0.0661572029156429
"HMGN2P15",-0.0662392524439709
"CARD16",-0.0663275574588427
"ZNF292",-0.066571163471965
"CST7",-0.0666825648824304
"CSPG4",-0.066809451035887
"LRRC47",-0.0668319631211008
"MRPL22",-0.0669776983275358
"PTMAP9",-0.0671574468311571
"CATIP",-0.0672823246281809
"RNU6-395P",-0.0673541888743152
"HAT1",-0.0674752758172923
"CSRP1",-0.0675700606439622
"MIR5739",-0.0676706262762716
"PIK3CD-AS2",-0.0678183356634644
"RUFY1",-0.0678649714559606
"MRPL3",-0.0679251950239954
"LINC01354",-0.0680488885433366
"RBMXP2",-0.0681845731968941
"MRPL1",-0.0682839263718084
"DACT3-AS1",-0.0683407781861409
"LRRC46",-0.0684421414176211
"MUC20-OT1",-0.0684446054171452
"EEF1A1P8",-0.0685166639433319
"SGK1",-0.0686471734201422
"MIGA1",-0.068675165178357
"TIMM8B",-0.0687002609794376
"NT5DC3",-0.0687288394828024
"NPM1P32",-0.068733089849912
"RPL11P5",-0.068733089849912
"LINC02343",-0.068733089849912
"SRSF12",-0.068787006771299
"NAPG",-0.0688051841245266
"HGS",-0.0688132854124489
"SIKE1",-0.0690580495258128
"LSM3",-0.0690771092402521
"SH2D2A",-0.0690993654297004
"CROT",-0.0691996797359533
"NAT10",-0.069229086923054
"SARM1",-0.0692630088683717
"EXOC2",-0.0694154954975414
"MAPT-AS1",-0.0694168789743897
"MTMR1",-0.0694422082709023
"LINC02676",-0.06949241525153
"ARPC1AP4",-0.0695270850633313
"ASB3",-0.0695450438589713
"RPS3P4",-0.0697018678932442
"CITED2",-0.0697712170926369
"FANCI",-0.0698133221133144
"NOL10",-0.0698295473283541
"PHB1P11",-0.0701510901494806
"GNG5B",-0.0701510901494806
"MAP1LC3BP1",-0.0701510901494806
"LINC01916",-0.0701510901494806
"PHTF2",-0.070208038771532
"IGHD",-0.0702722791671143
"IQCD",-0.0704575275154914
"NDUFB9P2",-0.0707983765647586
"ZNF324",-0.0708727700978156
"OSER1",-0.0709018342413936
"ECH1",-0.0710194020926056
"FAF1",-0.0710473359466637
"ST7L",-0.0710918406451439
"P2RX5-TAX1BP3",-0.0714080904170752
"ZNF644",-0.0715808508047446
"FAM182B",-0.0716847408578504
"RBM4B",-0.07173907048728
"UQCRQ",-0.0719063532901231
"FBL",-0.0720281477899679
"FAM50B",-0.0721236604415964
"HNRNPA1P44",-0.0721521611489295
"GALNT1",-0.0722675304784411
"ZNF652",-0.0722742021224777
"GOLGA4-AS1",-0.0727939226574016
"ACOT4",-0.0729810624588096
"HIGD1AP14",-0.0730063300695354
"SGTA",-0.073112485011661
"GSDMD",-0.0731730414703874
"IER5L-AS1",-0.0733302431828498
"MIR1972-2",-0.0734719899658306
"VEGFD",-0.0735164410320326
"RPL35P10",-0.0739366699408853
"SNRPGP4",-0.0739562651400012
"GPNMB",-0.0739713596115671
"HEXA-AS1",-0.0740301600642823
"EIF5B",-0.0745780322598419
"USP19",-0.0746333932031587
"NDUFS6",-0.0747054046650278
"USE1",-0.0747196061016271
"CCDC86",-0.0747215439911222
"CHL1-AS2",-0.0751390045441793
"KRT18P1",-0.0751390045441793
"GAPDHP69",-0.0751390045441793
"PDZD4",-0.0753639763388652
"LINC01409",-0.0754764711278298
"NEUROG2-AS1",-0.075652943814244
"PCGF3-AS1",-0.0757667682923439
"KLC2-AS1",-0.0758512055730714
"AFF1",-0.0758689180215737
"SLC2A11",-0.0758790599625358
"SLC49A4",-0.0759802397741597
"TUBB8P11",-0.0759906645566418
"LINC02832",-0.0761229022785889
"RP9",-0.0762161365885143
"CYTH2",-0.0762691462109101
"PLEKHH1",-0.0763222612282133
"MCM3AP",-0.0764424224567368
"NIPA2P5",-0.076484434177949
"SEC23A",-0.076493738481429
"RTN4IP1",-0.0766108220460774
"SUPT16HP1",-0.07675514362173
"ERI1",-0.0769166244314099
"MTO1",-0.0769374368542887
"TAF12",-0.0770525577406743
"RBM34",-0.0771252523190181
"VWA8",-0.0772844921321934
"APOBEC4",-0.0773641786014035
"KRT8P10",-0.0773641786014035
"MIR4290",-0.0773641786014035
"ST7",-0.0776312685968436
"SMARCE1",-0.0776736220116442
"SEMA6B",-0.077791941581959
"HNRNPA1P55",-0.0780292019062207
"GOLGB1",-0.07816759325662
"YLPM1",-0.078304914909115
"CALCRL",-0.0784890436493835
"CHTF18",-0.0788280155820488
"IRF8",-0.0789517937855983
"LMO7-AS1",-0.0791383669173807
"INCA1",-0.0791672139771734
"RPS7P8",-0.0795992390556553
"OR2AE1",-0.0795992390556553
"KCNV1",-0.0795992390556553
"LINC00485",-0.0795992390556553
"MYH2",-0.0795992390556553
"ITM2BP1",-0.0795992390556553
"RPL7P26",-0.0798096815406215
"HIBADH",-0.0798908135368464
"RNU6-969P",-0.0799111748126547
"NKX6-1",-0.0799111748126547
"RPL31P29",-0.0799111748126547
"CARMAL",-0.0799111748126547
"RNY3",-0.0799821109147026
"RTRAF",-0.0799877609198105
"LINC02939",-0.0800269064021225
"LINC02976",-0.0800886400430668
"NPR3",-0.0801602243067595
"THBS3",-0.080396622448393
"SNRPCP9",-0.0806188536083912
"KDM1A",-0.0806258389348433
"DDHD2",-0.0806732070565522
"SALL4",-0.0806984832487968
"RNF7",-0.0807584895801359
"SAPCD2P3",-0.0808285706201534
"BTBD9",-0.0808406321690367
"API5",-0.0809627115387321
"LENG9",-0.0809651705302545
"AAK1",-0.0809892900825185
"CEP57",-0.0810532202566934
"URB1-AS1",-0.0811145841655452
"RPS20P2",-0.0811900077454578
"FOSB",-0.0813070972305754
"TMEM179B",-0.0814641711973467
"KCNQ5",-0.0815520046754435
"PARK7",-0.0816105037901556
"CLIC1",-0.0817950083408843
"KLF16",-0.0820827751144415
"XKR4",-0.0821197529046417
"RBBP5",-0.0821420696425056
"GOLGA8T",-0.0821424286393552
"AAMP",-0.0821587375997004
"PPIAL4F",-0.082254100681435
"ZBED4",-0.0822649712104832
"CTCF",-0.0825781540678121
"SLC25A30-AS1",-0.0826567636836057
"ZNF226",-0.0826983172311792
"ARMC8",-0.0827550164586767
"TMEM94",-0.083078739854243
"RNU7-181P",-0.0835807295284358
"ACP1",-0.0836632543885193
"ERCC3",-0.0836864772469219
"CNBP",-0.0837287189245083
"LDHAP7",-0.0838853439194186
"POTEG",-0.0839901728948151
"BRCA1",-0.0840141100774558
"RIIAD1",-0.0840575222945464
"ARHGEF2-AS2",-0.0840575222945464
"TOMM40P4",-0.0840575222945464
"COX4I2",-0.0840575222945464
"MIR4746",-0.0840575222945464
"COPS5",-0.0843596195030263
"RPS15AP11",-0.0844615728931524
"HSPE1P4",-0.0847499163008734
"CEP104",-0.0848479002217047
"DNAJC9-AS1",-0.084971429523721
"NCBP2AS2",-0.0851109679185023
"NDUFB6",-0.0851280406365654
"DOP1A",-0.0852182580293325
"DKC1",-0.0853894907268304
"ATP5MC2P4",-0.0855587657119156
"EFNB3",-0.0855712391543869
"C8orf76",-0.0856032479887089
"DPY19L3",-0.0856243841123319
"STAG1",-0.0856302396685278
"PSIP1",-0.0858405538864321
"HNRNPA1P27",-0.0861797999450718
"SDHB",-0.0863037791675784
"NOTCH2NLA",-0.086425314080991
"POTEI",-0.0864283901562314
"CUL4B",-0.0864898134627322
"WDR17",-0.0865931735891825
"GOLGA8N",-0.0867356359575982
"CANX",-0.0867578235796462
"RNF13P1",-0.0868109274681248
"ARAP3",-0.0868109274681248
"RPS25P7",-0.0868109274681248
"MIR3609",-0.0868109274681248
"HHIPL1",-0.0868109274681248
"RN7SL163P",-0.0868109274681248
"SLC35C1",-0.0868860129085112
"GLB1",-0.0869056675977582
"METTL2B",-0.0869522110851862
"ZNF593OS",-0.0869543437874545
"ZNF428",-0.0869947330731792
"RSPH10B",-0.0871193797690556
"MMP17",-0.0872298192570188
"NANOS1",-0.0873389039998825
"BZW1P1",-0.0873666968615781
"PPIAP11",-0.0874111217419406
"NOL3",-0.0875357360572183
"UBE2F-SCLY",-0.087561846865372
"ECI2",-0.0877630843101613
"TRAF2",-0.0878424440857855
"GOLM2",-0.0879647300873809
"ZNF689",-0.0881346896118349
"EPB41L4A-AS1",-0.0881406032014673
"ZNF552",-0.0882110021185911
"MRPL34",-0.0884418275648807
"CISD1P1",-0.0884686878989119
"KAT7",-0.0885083444092881
"COQ10B",-0.0888685844770038
"RPL21P44",-0.0888860385513115
"MLYCD",-0.0890607555100742
"THAP4",-0.089064318753996
"UTP18",-0.0891856148021627
"DUX4L35",-0.0892442180893411
"HLA-S",-0.0893553155439796
"H3C9P",-0.0893934012412414
"TNKS2-DT",-0.0894494727089877
"SKP2",-0.0895592763607445
"ARIH2",-0.0895765079686621
"RNU6-529P",-0.0896260751656129
"GNLY",-0.0896586416603103
"BMS1",-0.0897479385716241
"CCL8",-0.0898157079402251
"DDX1",-0.0898851645597843
"IFITM3P3",-0.0900245037787323
"TSPAN5",-0.0901919760210212
"TMEM143",-0.0903879654003888
"RPSAP53",-0.0904638761730791
"RNU6-106P",-0.0907608757157424
"TUBGCP5",-0.0909362569706946
"DIP2C",-0.0910595906896433
"TLE5",-0.0911569741299675
"TMX4-AS1",-0.0914448973021454
"STXBP2",-0.0916164589871299
"LINC01304",-0.0916480568138319
"DDX10P2",-0.0916480568138319
"YWHAZP2",-0.0917293431449114
"PHF21A",-0.0917907613931949
"RECK",-0.0920256866116565
"CD5L",-0.0921712432572963
"ZNF346-IT1",-0.0921712432572963
"KRT18P18",-0.0921712432572963
"LYPLA2P2",-0.0923882509467236
"UQCRB",-0.0925878369397282
"AQP9",-0.0926862054889854
"RPL3P3",-0.0929005817467324
"ACTR3",-0.0931732534819305
"APOL3",-0.0932969179220069
"MTND6P4",-0.0933500107317764
"XRCC6P1",-0.0933875333362514
"MIOS",-0.0935449444638776
"RN7SKP23",-0.0936407325032036
"NUCKS1",-0.0938038079948465
"PET100P1",-0.0940681801294248
"PPIAP62",-0.094220506748475
"RBMX2P5",-0.094220506748475
"RPL12P47",-0.094220506748475
"LETMD1",-0.094298591440051
"RPS2",-0.0943080443309831
"IFI27L2",-0.0944381028413737
"LINC01615",-0.0944972370630273
"EXT1",-0.0945363302469761
"PSMD7-DT",-0.0945469573975003
"MGAT4A",-0.094564054649011
"DTNB",-0.0949434304982743
"CDK13-DT",-0.0949446812133266
"KCTD21-AS1",-0.094973690377622
"WARS2",-0.094980511443864
"ST13P2",-0.0950378066445527
"PPIEL",-0.0950798322215785
"LINC01675",-0.0950798322215785
"LINC02045",-0.0950798322215785
"SNAP91",-0.0950798322215785
"OR5BS1P",-0.0950798322215785
"TECPR2",-0.0952658783073771
"KRI1",-0.0952722300815408
"RUSC1-AS1",-0.0953519898790216
"ARF4",-0.0953659013132654
"SLC5A2",-0.0954189908757103
"MIR4280HG",-0.095462015040403
"MED14OS",-0.0955542786735077
"TICAM2-AS1",-0.0957136410051506
"ZMIZ1",-0.0958161328392374
"DCAF11",-0.0961365002924991
"COPB1",-0.0962133424507003
"INPP5K",-0.0964819848448274
"MON1A",-0.0965799575606
"DHX37",-0.0966797956276388
"ACBD3",-0.0967298890187589
"LGMNP1",-0.0972556262835382
"SMTNL1",-0.0973467776461676
"NDFIP2-AS1",-0.0974204205313541
"ZFHX2-AS1",-0.0977911760645256
"NSFL1C",-0.0978143229264623
"GNRHR2P1",-0.0978222230213034
"RPL21P12",-0.0978222230213034
"PDZD9",-0.0978222230213034
"RNU4-34P",-0.0978222230213034
"FAM133CP",-0.0980051364738095
"TLE4",-0.0981542905414447
"NPM1P24",-0.0981703270073964
"SENP3",-0.0981874919833243
"CLPB",-0.0983425357823855
"LINC02113",-0.0983520336199723
"ZNF33A",-0.0983575797719527
"MMP19",-0.0984169338929186
"SYCP2",-0.098449137970008
"ODF2L",-0.0988160779116652
"MICOS10",-0.0989501884906454
"MVD",-0.0990348436103676
"BRI3P1",-0.0991875540841145
"IFITM3P1",-0.0992105420369833
"NBR2",-0.0992669075943366
"B4GAT1",-0.0993938946260628
"ZNF830",-0.0994340043485004
"RPL21P53",-0.099519989754734
"SRSF4",-0.0996846354688509
"ZNF18",-0.0997581934344715
"KCNJ14",-0.0998392453385536
"CALCOCO1",-0.099849980480718
"SPIN1",-0.10004061282359
"RPS27AP12",-0.100059343422586
"NIPAL2",-0.100156699581133
"MTMR3",-0.100197641599504
"PNPLA8",-0.10020950123651
"GK-IT1",-0.100263502135856
"TNFSF18",-0.100392853406163
"CSRP1-AS1",-0.100416191482979
"CYP51A1P1",-0.100498663772045
"ST8SIA3",-0.100498663772045
"ACOT9",-0.100786459655019
"PLEKHG1",-0.100880404313238
"STRIP2",-0.100945986310996
"FOXM1",-0.101287298486783
"GLIDR",-0.101318607687428
"FHIT",-0.101453848926707
"CDIPT",-0.101587267546777
"RPL35",-0.101739078386785
"RPL3P6",-0.101819186601842
"POC1B",-0.101869963523814
"TRAPPC6A",-0.102010072013239
"GPX3",-0.102106828614089
"TSHZ3-AS1",-0.102320144734902
"JARID2",-0.102393694777949
"AGBL5",-0.102892870713371
"ZNF805",-0.103024946834048
"ATP5MC3",-0.103110135052601
"MRFAP1L2",-0.103130442720215
"ZBTB6",-0.103186135840114
"UTP6",-0.103190974140051
"HMGA1",-0.103269587723766
"SCN2B",-0.103361979639271
"ZNF840P",-0.103626948619425
"ACAA2P1",-0.103684823857185
"DDX41",-0.103746689870304
"RNU7-79P",-0.103790924536529
"JADE3",-0.103796607748174
"MED22",-0.103912674211047
"MED14",-0.104063812565738
"ANKHD1",-0.104115064808168
"TRIB1",-0.104146828532613
"ARAF",-0.104231661854195
"MAML3",-0.104277472829495
"MT-CO1",-0.104299429749986
"WRN",-0.104499179311092
"RPS23P2",-0.104589576251132
"SLC34A1",-0.104589576251132
"BANF1P5",-0.104589576251132
"AKR7A2P2",-0.104589576251132
"GLULP4",-0.104589576251132
"ST13P13",-0.104589576251132
"RGS11",-0.104589576251132
"XPOTP1",-0.104589576251132
"USP14",-0.104762362600088
"TMCO4",-0.104900222266958
"LY6E",-0.104944752806133
"SEC31A",-0.105229387931505
"ITPA",-0.105446093873037
"TRIM69",-0.105492743764762
"ITGB3BP",-0.105494329922823
"GTF2H1",-0.105514740701137
"RPS24P19",-0.10581319217249
"CFL1P4",-0.105839063166717
"ASS1P7",-0.105839063166717
"LAPTM4BP2",-0.105839063166717
"SLC25A5P6",-0.105839063166717
"RPL5P17",-0.105839063166717
"VDAC1P3",-0.105839063166717
"CLXN",-0.105839063166717
"VDAC1P11",-0.105839063166717
"KRT8P9",-0.105839063166717
"ZCCHC10P1",-0.105848349155317
"RNA5SP238",-0.105848349155317
"ENPP7P1",-0.105848349155317
"C9orf50",-0.105848349155317
"DNM1P41",-0.105848349155317
"PRAM1",-0.105848349155317
"MFSD1",-0.105970509996901
"RSL24D1P1",-0.106043586824043
"GKAP1",-0.106169232242316
"RN7SL785P",-0.106361933319558
"CDO1",-0.106477119294261
"KRT12",-0.106477119294261
"PTMAP10",-0.106593366622236
"TPM3",-0.106625696482356
"POLR1G",-0.106676196434611
"TRA2B",-0.106939448834718
"ARMC7",-0.106996975410549
"RNU6-11P",-0.10705539245146
"PA2G4P1",-0.10705539245146
"CICP25",-0.10705539245146
"TRMT13",-0.107330822851661
"NAXD",-0.107478456337951
"RARS1",-0.107492948104129
"CEBPG",-0.107774066604435
"WWOX",-0.107851548722929
"VDAC1",-0.108008557276428
"RSF1-IT2",-0.108052068060326
"PA2G4P5",-0.108112098099213
"MARCHF6-DT",-0.108156805465179
"YWHAEP5",-0.108208580025022
"ATP8B3",-0.108473775473415
"TRMT10B",-0.108489032505553
"LIG1",-0.108716769361684
"UBQLN1",-0.108810618221746
"PRPF18",-0.108827699643003
"CIAO2AP2",-0.108907562764372
"MIR4427",-0.108907562764372
"DUX4L8",-0.108907562764372
"KRT8P17",-0.108907562764372
"PABPN1P1",-0.109023012397229
"MRPS18CP7",-0.109099736876811
"MTX1",-0.109248243306504
"AP1M2P1",-0.109248529104788
"EBNA1BP2",-0.109307725051854
"MT-RNR2",-0.109401560938426
"OPN1SW",-0.109691962830391
"ARHGAP23",-0.109795004760753
"MIR6833",-0.110005378821426
"RNU6-1025P",-0.110005378821426
"PSMB11",-0.110005378821426
"SLC12A3",-0.110005378821426
"TBX2",-0.110005378821426
"ZNRF3-IT1",-0.110005378821426
"RPL21P135",-0.110278294178117
"RPS4XP8",-0.110278294178117
"MTND4P24",-0.110278294178117
"TRIP4",-0.110331759783249
"DYNC2I1",-0.110403330041651
"COG2",-0.110535025737892
"TM9SF2",-0.110592155367915
"PIGG",-0.110825445518769
"NFU1",-0.111046141688304
"RNF139",-0.111388428345612
"RBM18",-0.111490672416486
"HNRNPA1P13",-0.111551896913077
"KLC4",-0.111610054189304
"GLIPR1-AS1",-0.111708383325613
"KRAS",-0.111711395778272
"GALNT4",-0.111713294007352
"ABRACL",-0.111813892219158
"RSKR",-0.111904919948244
"PRMT9",-0.111933117126783
"BRD2",-0.112102742667898
"THBS3-AS1",-0.112211755784835
"CCDC28B",-0.112340393612949
"MAP3K9-DT",-0.112392668825242
"HAVCR1",-0.112477726587435
"PKMP1",-0.112489294436393
"NOL7",-0.112572395693945
"MYBBP1A",-0.112717801069048
"SMC3",-0.112742533557886
"ESRRA",-0.113033151364416
"NOL9",-0.113419039432474
"TMEM262",-0.11349320735724
"ZNF131",-0.113522510741284
"BCS1L",-0.11382610627167
"PURB",-0.113856528123286
"PTBP1",-0.113973686509294
"RPL17P41",-0.114092624219424
"DICER1-AS1",-0.114275563373909
"MTFR1",-0.114492287754465
"EIF2A",-0.114521912838981
"CWC25",-0.114602530860601
"TERF2",-0.114618300320672
"TMPRSS11D",-0.11464501322054
"LINC02587",-0.11464501322054
"FAM221B",-0.11464501322054
"TSTD3",-0.114959201274362
"TLR8",-0.115134671321764
"EOGT",-0.115174602930621
"LDHAP3",-0.115239155778418
"RNA5SP146",-0.115328428056171
"SPINK6",-0.115328428056171
"ADAMTS2",-0.115328428056171
"HNF4G",-0.115328428056171
"RPS3AP44",-0.115328428056171
"STRA6",-0.115328428056171
"RPL21P20",-0.116078141959895
"RPL6P27",-0.116273107862235
"RPS15P9",-0.116284116629855
"ELOF1",-0.116701057824258
"RNF103-CHMP3",-0.116780700327889
"CLEC4M",-0.117152373160675
"OSBPL10",-0.117211406620208
"ETV7",-0.117212238751317
"GPR174",-0.117284232895258
"TRMT112",-0.117464710426531
"DLGAP4-AS1",-0.117585097413504
"RPS26P3",-0.117720815591008
"MIR7111",-0.117889933332301
"FAM225A",-0.117889933332301
"SERPINA9",-0.117889933332301
"GOLGA6L10",-0.117961567454292
"KLHDC8B",-0.11816477173065
"VASH1",-0.118458751835777
"TBPL1P1",-0.118671490530342
"SPDYE2B",-0.118851545460023
"SPDYE1",-0.118878039331593
"DVL1",-0.118910954631904
"LINC01649",-0.118918503695578
"NDUFS1",-0.118926883089911
"XPA",-0.118986535348834
"TRAPPC2L",-0.119086267979752
"NUDT16L1",-0.11922429485446
"MS4A7",-0.119361346833742
"CRTAP",-0.11951740138706
"U2SURPP1",-0.119537370347496
"COX5BP1",-0.119537370347496
"RNA5SP168",-0.119537370347496
"RBMXP1",-0.119537370347496
"CPA1",-0.119537370347496
"HNRNPA3P1",-0.119537370347496
"MAP3K14",-0.119635470446803
"SKA2",-0.119688462123604
"RNU6-1057P",-0.119817886909563
"LINC02361",-0.120005699113014
"NDUFS5",-0.120012758174534
"ERAP1",-0.120171725205159
"MIR3665",-0.120252392202043
"MCOLN2",-0.120595767426056
"PNPLA4",-0.120754136997686
"RNF2",-0.120767267221971
"KRT8P32",-0.120767588542835
"ASS1P10",-0.120767588542835
"TMEM183AP2",-0.120767588542835
"MAT1A",-0.120767588542835
"RPL23AP37",-0.120809082734868
"HNRNPA1P61",-0.120809082734868
"VCAN",-0.120955019422652
"RPAP1",-0.121286678817537
"RRS1-DT",-0.121306678477308
"EFHD2-AS1",-0.12145553703572
"RNF182",-0.12153707792744
"HSPB1",-0.121700996312797
"DBT",-0.121723108386257
"PPP1R3G",-0.121750951822093
"RNF14",-0.121987876123617
"CYB5D2",-0.122035825375705
"NFYC-AS1",-0.122164317181125
"RNU6-1275P",-0.122201593849537
"DIRC3",-0.122201593849537
"KCTD9P3",-0.122201593849537
"INPPL1",-0.122366099101062
"PMPCA",-0.122392476980539
"TTBK2-AS1",-0.12252047690802
"RPL21P62",-0.12274070463102
"RTBDN",-0.12274070463102
"LINC00682",-0.122828449973606
"RPL12P32",-0.122828449973606
"OR7D4",-0.122828449973606
"GCKR",-0.123000676800267
"LINC01491",-0.123000676800267
"SCDP1",-0.123000676800267
"ATP5MC1P6",-0.123000676800267
"DEFB129",-0.123000676800267
"RPS26",-0.123053135491669
"TRAF6",-0.123115943894128
"TMEM253",-0.123151432935062
"SUMO1P1",-0.123151432935062
"PIK3R2",-0.123362694689157
"LARGE1-AS1",-0.123362694689157
"FTCDNL1",-0.123514039396292
"CNIH1",-0.123643662147541
"KLC1",-0.123670761546635
"ACTR3P2",-0.123753570506023
"MAPK6P1",-0.123753570506023
"HSD17B3-AS1",-0.123753570506023
"LINC02684",-0.123753570506023
"MTATP6P2",-0.123846900638096
"RNU6-791P",-0.124107463121115
"MIR3131",-0.124107463121115
"C21orf140",-0.124107463121115
"UQCRFS1",-0.124312219197582
"MTND5P30",-0.124340130899705
"TNFSF12",-0.124668370729467
"RNU6-118P",-0.124717337005351
"PLPBP",-0.124747344245795
"KAT6A",-0.124749700054691
"SIRT4",-0.124844665358983
"TCEANC2",-0.124985135679737
"DCAF15",-0.125319766894114
"GIT2",-0.12534224120715
"GTF3C5",-0.125492903113292
"ROPN1L-AS1",-0.125698308913516
"MRPL10",-0.125943685361214
"RFX3-DT",-0.126071987212852
"ORMDL1",-0.126124488906708
"COA8",-0.12629189517493
"ODF4",-0.126384007430638
"BBS2",-0.126464282034484
"GAS7",-0.12658813996094
"TMEM50B",-0.126636668345359
"HTRA3",-0.126788055476832
"TAGLN2",-0.126842515097465
"PRSS55",-0.126864096960287
"UCK1",-0.126906986999142
"C19orf73",-0.12715101677702
"DCAF6",-0.127173874798841
"MTND3P6",-0.127177787524526
"SEPTIN7P7",-0.127177787524526
"HSP90B3P",-0.127231555713288
"TMPRSS11CP",-0.12726669549483
"SNORA73B",-0.127475348262499
"PRAMEF4",-0.127510575887999
"LINC02238",-0.127510575887999
"LINC01181",-0.127510575887999
"LINC02252",-0.127510575887999
"PLEKHA3",-0.12755635154233
"RNU4-40P",-0.127726015910762
"MAGED1",-0.127764231059271
"ZNF467",-0.127865999978339
"TBC1D9B",-0.128038396630592
"PPP2CA",-0.128081003434499
"RPS2P55",-0.128107119921075
"LINC01682",-0.128109341393707
"LINC01262",-0.128109341393707
"RASL12",-0.128109341393707
"MSANTD3P1",-0.128109341393707
"SIGLEC16",-0.128109341393707
"LINC02575",-0.128109341393707
"UBA52P5",-0.128245736586518
"ITFG2",-0.128288621418989
"RPF2",-0.128446649664659
"RPL21P3",-0.128723303540882
"FAM230C",-0.128905085477902
"HMGN2P21",-0.129011689590903
"MCF2L2",-0.129575065563394
"PGM2",-0.129662588741634
"SLC5A7",-0.12978561510355
"COG7",-0.129791796875113
"NPS",-0.12979224840033
"RNU6-249P",-0.12979224840033
"RNU6-731P",-0.130549441387095
"SKP1P2",-0.130589048525911
"SNORA14B",-0.130618354703182
"RPL21P24",-0.130618354703182
"RAD51AP2",-0.130618354703182
"MIR5708",-0.130618354703182
"DLG5-AS1",-0.130618354703182
"ZNF484",-0.130662928760163
"RBM14",-0.130671771613291
"ARPC2",-0.130731895097581
"HDAC6",-0.130738924351512
"RNASE9",-0.130836081641086
"CCDC154",-0.130836081641086
"SARNP",-0.131057197595821
"OLFML2B",-0.131087831478777
"LINC00882",-0.131133424951073
"GFPT2",-0.131151701262871
"DYNLT4",-0.131382261685673
"METTL18",-0.131394839675351
"ATP5ME",-0.131446740705587
"FZD4-DT",-0.1315347673998
"ZNF114",-0.131590957246314
"PPATP1",-0.131771005769699
"TOGARAM2",-0.131834984088128
"GNPNAT1",-0.132060909351873
"PCDHGB6",-0.132101155676288
"SMIM15-AS1",-0.132193512210921
"LINC00208",-0.132285550261947
"OR51M1",-0.132285550261947
"KCNS1",-0.132285550261947
"TMSB4XP6",-0.132506759814116
"TRAPPC11",-0.13276031392622
"ATG12P2",-0.132989568879223
"LINC02596",-0.133112987327904
"RHOQP2",-0.133112987327904
"LINC03022",-0.133112987327904
"PPP2R1B",-0.133145719797144
"EMC8",-0.133176429980121
"TFRC",-0.133628506780473
"PRAMEF33",-0.133822090487897
"SCN3A",-0.133822090487897
"NHEG1",-0.133822090487897
"NAT16",-0.133822090487897
"ADAM7",-0.133822090487897
"MIR8087",-0.133822090487897
"MIR1297",-0.133822090487897
"CRYBG3",-0.133828342839014
"KRT8P14",-0.133901321034958
"RPL36P2",-0.134001900254381
"GP1BA",-0.134082917693257
"FDPSP7",-0.134132137254477
"TMEM222",-0.134152854120276
"B3GAT3P1",-0.13415848215281
"MPPED2",-0.13415848215281
"SP3P",-0.13415848215281
"SERPINB5",-0.13415848215281
"CNNM4",-0.134368393088314
"CRAMP1",-0.134374582525526
"BRF2",-0.134561477545869
"MOB4",-0.134687587225463
"RPS18P12",-0.134703577801684
"GTF2A2",-0.134777176498518
"IPO7P2",-0.134892776994332
"SAYSD1",-0.135001290948797
"UST-AS1",-0.135012154975296
"PRR35",-0.135012154975296
"VDAC1P1",-0.135040887437517
"PFAS",-0.135098447996685
"RNU6-1099P",-0.135227513726369
"RN7SL660P",-0.135227513726369
"SF3A3P2",-0.135240167288409
"PPP1R7",-0.135283417609543
"RPL7P8",-0.135578560567347
"PROK2",-0.135626645707502
"CRISP2",-0.135642795281726
"SLC17A1",-0.135642795281726
"ODCP",-0.135642795281726
"LINC01546",-0.135642795281726
"RPL7L1P1",-0.135642795281726
"HS3ST6",-0.135642795281726
"GATA5",-0.135642795281726
"MAGOH3P",-0.13574669128907
"HSPA9P1",-0.135797468531664
"CDKN2D",-0.135843692609824
"EMC1-AS1",-0.135892919685304
"OXCT1",-0.135960173952535
"SNHG28",-0.136003889292177
"PLS1-AS1",-0.136003889292177
"PPM1L-DT",-0.136003889292177
"GZMAP1",-0.136003889292177
"HNRNPA3P4",-0.136003889292177
"CASC6",-0.136003889292177
"CPHXL",-0.136003889292177
"HOXB-AS4",-0.136003889292177
"MIR4324",-0.136003889292177
"KCNE4",-0.136010223191211
"ICE2P1",-0.136010223191211
"MIR339",-0.136010223191211
"AIRE",-0.136010223191211
"ZNF474",-0.136139087728202
"OTUD4P1",-0.136177636700512
"FAM83G",-0.136435775768531
"KANSL1-AS1",-0.136511334114937
"TUBGCP4",-0.13653938830324
"TCERG1",-0.136658574146701
"DBNL",-0.1366838361242
"MIR548AN",-0.136784269093381
"ANKRD18B",-0.137128225318034
"MUC5B",-0.137128225318034
"MCM10",-0.137128225318034
"MAT2B",-0.137158907813341
"CIRBP",-0.13717816435853
"RBMX2",-0.137370047537602
"RNVU1-24",-0.137397341242713
"PSMD12P1",-0.137514354153957
"PSMD5",-0.137660883815574
"ERH",-0.137672497009031
"SLC15A4",-0.137890566385912
"LINC01852",-0.137963256683043
"CDC27P3",-0.137979664638321
"RNU6-1",-0.138055299882158
"TET1",-0.138072284219956
"UBE2NL",-0.138102904588599
"DXO",-0.138312767295783
"APEH",-0.138386930458025
"RFKP3",-0.138666633966919
"PCDHGB7",-0.138666633966919
"RAB18",-0.138784604059675
"RN7SL505P",-0.138920941488592
"MIR5093",-0.138920941488592
"LINC02181",-0.138920941488592
"SLC8A2",-0.138920941488592
"MT-TL2",-0.138920941488592
"UXT-AS1",-0.138960524210774
"HYCC1",-0.138974290634514
"PRELID2",-0.139034232488524
"HBS1L",-0.139189403140654
"RCC2-AS1",-0.139330068909789
"RTF2",-0.139400057101427
"RGPD4-AS1",-0.139588789143318
"PIK3C2G",-0.139588789143318
"RPSAP3",-0.139588789143318
"ACTC1",-0.139588789143318
"LSM6",-0.139814854252437
"ASF1A",-0.139834649228247
"ZNF672",-0.139900357883335
"GRPEL1",-0.140167995233626
"DCAF13P1",-0.140488789471508
"LOLI1",-0.140493221229705
"RPL19P21",-0.140501888329661
"ACTG1P15",-0.14052235396729
"ZBED6",-0.140677236543633
"CPLX1",-0.140677236543633
"KCNQ5-DT",-0.140677236543633
"TAS2R38",-0.140677236543633
"DCAF8L1",-0.140677236543633
"SPPL2C",-0.140677236543633
"NPM1P31",-0.140762295080054
"NPEPPSP2",-0.141021609847327
"MIR3158-2",-0.141021609847327
"RN7SL192P",-0.141021609847327
"RPL9P18",-0.141308880570175
"ERVW-1",-0.141308880570175
"TMC6",-0.141332785769517
"LINC02646",-0.141399026369921
"RIMS4",-0.141399026369921
"THRSP",-0.141424781260028
"BEND3P3",-0.141463421433726
"GAR1",-0.141539497165303
"OTOF",-0.141611011657594
"RAC1P5",-0.141611011657594
"GNE",-0.141665503460564
"SENP5",-0.14181738275956
"RPL8",-0.141918053566607
"TPK1",-0.141969050849922
"GPR35",-0.142013378247315
"HSPA8P19",-0.142118755468926
"LINC01173",-0.142515742871869
"IGFBP2",-0.142755381570479
"CIAO1",-0.143021592539038
"RNU6ATAC24P",-0.143337437951382
"GRHPR",-0.14339716035375
"JRKL",-0.14384544358935
"CBFB",-0.14390849708482
"SLC24A1",-0.144143827490631
"CASP9",-0.144159434987411
"UBE2D4",-0.144272655143417
"TMCO1-AS1",-0.144334019708963
"TDRD7",-0.144651542442894
"MTCO2P12",-0.144847400340612
"VCF2",-0.144874343192695
"GGT7",-0.145207913829424
"DAXX",-0.14575663977467
"H2AZ1",-0.145849576574046
"UPF3AP2",-0.145957968618889
"C6orf120",-0.14614004495775
"PSMB2",-0.146172052897319
"ARPC5L",-0.146317996866776
"RDH16",-0.146354659995542
"TMX3",-0.146623676130992
"MSRB1",-0.146684041153935
"STOML1",-0.146760011638183
"ZNF655",-0.146786737678535
"LCE4A",-0.147089183595444
"OR2T7",-0.147089183595444
"MYO3B-AS1",-0.147089183595444
"LINC01811",-0.147089183595444
"TAAR5",-0.147089183595444
"ZNF716",-0.147089183595444
"RNU4-16P",-0.147089183595444
"CFTR-AS1",-0.147089183595444
"OR8A1",-0.147089183595444
"SLC4A11",-0.147089183595444
"LILRA4",-0.147089183595444
"MRPL52",-0.147181676758819
"OXCT2P1",-0.14726781526545
"RNA5SP435",-0.14726781526545
"CMKLR2",-0.147303213288711
"RNU6-293P",-0.147303213288711
"NALT1",-0.147303213288711
"KRTAP4-3",-0.147303213288711
"ZBTB25",-0.14732687840441
"MIR4660",-0.147344547867095
"RNF225",-0.147344547867095
"SNF8",-0.147444635886771
"C18orf32",-0.147478954853694
"LY86-AS1",-0.147486956467904
"PLCG1",-0.147489815831115
"BCAS2P2",-0.147943277945181
"HNRNPA1P56",-0.148130172514209
"RPL36AP2",-0.148130172514209
"ARRDC1",-0.148261805529373
"EBAG9",-0.148341661405082
"KIF28P",-0.148436597194631
"SPATA13-AS1",-0.148436597194631
"YBX2P2",-0.148436597194631
"TAF1B",-0.148921393450181
"INCENP",-0.149063141794811
"TMEM241",-0.149135290907583
"AFG2A",-0.149167075421386
"FOXO1B",-0.14924652341819
"AP5B1",-0.149475692371609
"GLG1",-0.149546706873773
"GPN1",-0.149745070371377
"AGL",-0.149777824966744
"TRPM7",-0.150524229783647
"ZNF587",-0.150583012528282
"RPS27P21",-0.15062788734441
"HSD17B2-AS1",-0.150665078962979
"SNRPEP5",-0.150677964840973
"ADD1",-0.150935026398839
"FILNC1",-0.151421759870201
"KRT18P22",-0.15148022828369
"NIPA2",-0.151497837547018
"YIPF6",-0.151661779967923
"LINC00598",-0.151896360286215
"MRPS17P1",-0.151906561299276
"LINC02268",-0.152038221108079
"H3-3A",-0.152502411091996
"GDF9",-0.152531324642947
"CCDC88C-DT",-0.152760778564958
"PIGZ",-0.152774757552643
"PRKRA",-0.15282294580947
"ZNF98",-0.152948594888256
"GNPAT",-0.15340817318907
"CD2BP2-DT",-0.153419623059496
"MFSD6",-0.15348311573665
"PSMB7",-0.153619681313685
"PPM1B-DT",-0.153630876524132
"CYP2U1",-0.153653794659566
"NPM1P26",-0.153698843155917
"CPA2",-0.153994933693502
"ENPP7P15",-0.153994933693502
"NDUFV3",-0.154096233760859
"MRPL12",-0.154392590231439
"EMC6",-0.154480520392546
"RNPC3-DT",-0.154532573769856
"TANGO6",-0.154662785060128
"LINC01232",-0.154870287934256
"CDC37L1",-0.154961217219084
"SDHAF3",-0.155196616367115
"EZR",-0.155280178188327
"AKIRIN1",-0.155646175465475
"UBXN11",-0.155767874732482
"UNC45A",-0.155902530099537
"NFIA-AS2",-0.155906394047756
"LINC02012",-0.155906394047756
"KCNMB4",-0.155906394047756
"FBXO36P1",-0.155906394047756
"H4C16",-0.155936129237837
"ATRIP",-0.156279538367819
"PARD6G-AS1",-0.156362682052891
"FOXN3-AS1",-0.156475355388422
"OFD1P17",-0.15679201420623
"CCDC86-AS1",-0.157496069840199
"TRPM8",-0.157570045649019
"TAAR4P",-0.157570045649019
"OR2A15P",-0.157570045649019
"TAS2R16",-0.157570045649019
"PKD2L1",-0.157570045649019
"TSPAN11",-0.157590617438573
"SLAIN2",-0.157684388711354
"SPTBN4",-0.157879307873683
"TTC13",-0.158086996114524
"PDLIM5",-0.15822266837235
"FXYD6-AS1",-0.158717832932224
"YJU2",-0.158915129471129
"RBM25-AS1",-0.15899737465661
"B3GALT6",-0.159006589666018
"CYP2C8",-0.159248418360302
"NENFP2",-0.160046037887322
"MTCYBP11",-0.160351434209172
"SLC25A3P2",-0.160351434209172
"TMEM64",-0.160716301846066
"RN7SL170P",-0.160795428275023
"FAM204A",-0.160796611007849
"ZNF679",-0.16081359083405
"HMGB1P46",-0.16081359083405
"DPPA3",-0.16081359083405
"LINC02291",-0.16081359083405
"ZNF423",-0.16081359083405
"GRIN2A",-0.16081359083405
"PLPPR3",-0.161262422546898
"LINC01766",-0.161262422546898
"LINC02402",-0.161708261429055
"GPR158",-0.161734621665126
"KNSTRN",-0.162088010136497
"PEX3",-0.16217253310342
"DUS3L",-0.162191770623466
"DEPDC5",-0.162440177838421
"EIF3C",-0.162467139332759
"NDST1-AS1",-0.162668570802394
"SUPV3L1",-0.162963991684965
"NCOA2",-0.163119587490771
"ACVRL1",-0.163316350489375
"PPP1R11",-0.164007779140299
"WFDC3",-0.164841991222762
"SNORA3B",-0.165800151267395
"NPHS1",-0.166234132890223
"NAV3",-0.166519541167093
"OR11G2",-0.166519541167093
"MIR5094",-0.166519541167093
"LINC02521",-0.166673065774833
"F9",-0.166673065774833
"KCNH5",-0.166673065774833
"GAB4",-0.166673065774833
"LUZP1",-0.166745714433855
"PSMA5",-0.166806237542194
"FAM88C",-0.16689706817875
"ALKBH5",-0.167493526378643
"TMEM104",-0.167525545658978
"LINC01352",-0.167534102098976
"MAP3K7CL",-0.167746540467073
"MYL6B-AS1",-0.167860553940931
"SHISA4",-0.167912648972221
"CCDC61",-0.168242785450674
"SRP68",-0.168249931510924
"C22orf39",-0.168413670684934
"TPT1P9",-0.168572494716065
"MIR320B2",-0.168598173844835
"CDPF1P1",-0.168598173844835
"MKRN9P",-0.168598173844835
"BTBD2",-0.169265514453473
"SLC27A2",-0.16948928187584
"PLXNA1",-0.169559705492722
"ST8SIA6",-0.169735240134639
"SMG6",-0.169836844260623
"CRIPT",-0.169975459638138
"SLC43A1",-0.17010853253985
"CD14",-0.170220388564345
"ANKRD65-AS1",-0.170568285866274
"CDK5RAP1",-0.170856226332392
"NUDT9",-0.170954574642965
"TCTE1",-0.171013203310098
"DDX24",-0.171112934870858
"ZNF76",-0.171470651447661
"TUBA1B",-0.171475204241983
"ST13P7",-0.171488441908878
"HDAC3",-0.17165607505364
"RNU2-37P",-0.171736190760814
"LRRC37A3",-0.1723850878712
"MTND5P11",-0.172482385563361
"SERTAD2",-0.172585888297012
"PCID2",-0.172852826952195
"CHURC1",-0.172973674440378
"GEMIN8",-0.172992015287964
"NR1D1",-0.173246450142115
"DCLK1",-0.173352188821022
"LINC02512",-0.173453986069219
"KRT18P8",-0.1738674075713
"CHRND",-0.173917873216024
"LINC02269",-0.173917873216024
"HEY2-AS1",-0.173917873216024
"FGF20",-0.173917873216024
"OR7E4P",-0.173917873216024
"CCDC198",-0.173917873216024
"B4GALT4-AS1",-0.174002288412108
"CCNL1",-0.174036845059736
"CC2D1B",-0.174039133802694
"MIR4482",-0.174354456304681
"POLDIP2",-0.174627416824265
"ERG28",-0.174957800330963
"PCDHA3",-0.175051303457469
"SNORD32B",-0.175051303457469
"RNU6-1273P",-0.175051303457469
"NDFIP1",-0.17528646739874
"DAB2IP",-0.17598254023776
"POGZ",-0.176146327070929
"TUBB",-0.176426674805036
"AKAP11",-0.17643799450347
"TADA2B",-0.17648750075831
"ANAPC11",-0.17684361042758
"CCT2",-0.176862374701117
"CABIN1",-0.176992395999636
"LCE2B",-0.176995851471809
"TRIM67",-0.176995851471809
"COPS3P1",-0.176995851471809
"MRGPRX1",-0.176995851471809
"CEACAM8",-0.176995851471809
"ZNF91",-0.17703735612819
"INTS12",-0.177476706950402
"ABHD17B",-0.177499323115296
"LRRC8D",-0.177837978292485
"DNAJC24",-0.177883462494659
"NAA35",-0.178229180773358
"PPIH",-0.178511472467491
"RNF19B",-0.178644282427686
"SH2D3A",-0.178804935988285
"GTF3C2-AS1",-0.179169382624653
"MRPS35",-0.179376294518372
"GPN3",-0.17940567836914
"MTF1",-0.179485912873648
"PCIF1",-0.179744529731954
"GOLGA7",-0.179912392995925
"CERS5",-0.180465715544778
"CGGBP1",-0.180820581325793
"CIMIP2C",-0.18108845691432
"CUTC",-0.181294426836016
"IFIT5",-0.181640824028221
"STIM1",-0.181858626945879
"CAPN1",-0.18191514921886
"CATSPERE",-0.181950881125134
"RPS3AP51",-0.182026438596311
"UBE2A",-0.182169356800848
"SWI5",-0.182377579689594
"SWSAP1",-0.182548129810224
"MVP-DT",-0.182568494947887
"CHRNA2",-0.182846227416135
"BTN3A3",-0.182871108217104
"CRYGS",-0.182916459470429
"ZNF808",-0.183220038975003
"CNRIP1",-0.18357874750868
"CCDC66",-0.183658447009843
"SMYD2",-0.183991218214482
"SMN1",-0.184080154034636
"RAPGEF4",-0.184582619668621
"KIF14",-0.18458559985444
"NEK7",-0.184713881539063
"CFD",-0.185114951893927
"EBF2",-0.185155799645009
"PSMA6P1",-0.185214526116058
"BRD7",-0.185463388406744
"INTS10",-0.185556828530735
"HOXC13-AS",-0.18557217530628
"BCL7B",-0.185660419621783
"CPSF7",-0.185789898120406
"AFTPH",-0.186144626560986
"PRDX1",-0.186318810479416
"RPA3",-0.186327347301227
"GLO1",-0.186499434633672
"MAP1LC3B2",-0.186505314167197
"RCC2",-0.186555619370155
"HDAC2-AS2",-0.186757043010617
"CXorf38",-0.186933719455695
"MOV10",-0.187136066391632
"RPL5P12",-0.187238346756381
"TOMM20P4",-0.187562949971256
"MT-ND2",-0.187725440550956
"SLC8B1",-0.187728146053844
"ARFIP2",-0.187746191539281
"RUFY1-AS1",-0.18784427060451
"GOLGA8K",-0.18813327852749
"ZNF665",-0.188393205776036
"ZEB1-AS1",-0.18843308169449
"UGT8",-0.188639003495346
"COASY",-0.188694306631925
"ATP5MJ",-0.189046770220231
"MEX3C",-0.189350846857702
"CSPG4P12",-0.189374502601024
"MIR132",-0.189374502601024
"INSIG1",-0.189592780472969
"GYS1",-0.189756458859979
"PCDHGA5",-0.190073811904649
"MFSD4A",-0.190168494455783
"C2CD5",-0.190235146727497
"POMGNT1",-0.190331753930101
"KATNBL1",-0.190339031292257
"ZG16B",-0.190521455764362
"DNPEP",-0.190808912170732
"NEUROD2",-0.19097450603861
"ZNF77",-0.190982707607189
"SLC33A1",-0.191019054482671
"HNRNPM",-0.191160484258574
"RPL15P3",-0.191224508624668
"SMIM3",-0.191522668233126
"STEEP1",-0.19158675374648
"TUBG1P",-0.191756045056679
"GRAMD1B",-0.191865525471771
"CCT4",-0.192136973509103
"TPP1",-0.192151942734698
"ZNF432",-0.192226045533672
"GATD1-DT",-0.192251098242335
"CNDP2",-0.193163352387011
"KLC4-AS1",-0.193428694823992
"GALC",-0.194194783446164
"DPF2",-0.19442243317093
"CPNE1",-0.194433183215179
"HNRNPAB",-0.194511167055817
"RMB8AP1",-0.194569883106797
"PPIAP13",-0.195448991806306
"PAXIP1-DT",-0.195467423160615
"CCDC186",-0.195476573908647
"MAX",-0.195873571319948
"SFSWAP",-0.196272697999341
"MAP1LC3B",-0.196393629299699
"ARHGAP39",-0.19705338341563
"PROX2",-0.197541650187434
"HSPA9",-0.197768839158308
"WIZ",-0.19786250100812
"ZFX",-0.197951668629281
"NACA2",-0.198146042591545
"ASPA",-0.198261178143713
"TPI1P1",-0.198474607982937
"MRNIP",-0.198652093699638
"EIF3JP2",-0.198732125692383
"OPRM1",-0.198880043502371
"PER1",-0.198891883015982
"HSPBAP1",-0.199046195390285
"RNU6-260P",-0.199366579306831
"ANKMY2",-0.199462425410475
"TNNT3",-0.199571001819277
"GGA2",-0.19979775605391
"NSMAF",-0.199828882834454
"ETNK1",-0.199983690557826
"ZNF669",-0.20011979493601
"ZBTB34",-0.200420906327243
"SUCO",-0.201133053374653
"PTDSS1",-0.201277508336703
"WDR25",-0.201473644442661
"MTND3P10",-0.202189850502289
"TMEM183A",-0.202379359978255
"SNRNP25",-0.202412090734003
"MVB12A",-0.20247609580498
"SUDS3",-0.202850866021015
"CCDC12",-0.202851468347736
"ZNF843",-0.202954210211824
"TPMT",-0.203003858378255
"BCL7C",-0.203039388747323
"PPP4R3B",-0.20316654833687
"BCLAF1P2",-0.203178233380165
"PRDM13",-0.20352731110923
"CSNK2A3",-0.204073446385058
"HTATSF1P2",-0.20409196058507
"ANXA2P3",-0.204118437651186
"DIMT1",-0.204613473339088
"CSE1L-DT",-0.204694953201435
"SYT2",-0.204732849861684
"ZNF586",-0.205604873279581
"RNF185-AS1",-0.206243841689104
"IGF2R",-0.206365557362403
"EIF2B5",-0.206441465580431
"ST13P5",-0.206556047523017
"LHB",-0.207047639255699
"YTHDF1",-0.207321022044877
"KMT5AP2",-0.207593809562502
"MIR342",-0.207593809562502
"RPSAP8",-0.208015721251564
"NINJ1",-0.208060008193676
"LINC02940",-0.208170898687493
"ZNF24",-0.209067064369238
"CLINT1",-0.209284047322814
"TRIM52",-0.209365009106957
"RPS27P23",-0.209981707041473
"MAPK11",-0.210237359003959
"CIMAP3",-0.21031602308674
"ITGB8",-0.210788892133081
"PLCL1",-0.211188417261789
"DDAH2",-0.211265513351235
"SLC9A3-OT1",-0.211512183868318
"DDX27",-0.212288738273895
"SNURF",-0.213108673852809
"BTBD6",-0.213168169181325
"LINC00954",-0.213445779363978
"SDHC",-0.213729075544456
"PRKCD",-0.213901319560204
"MRPL17",-0.213953997025641
"KIF1C",-0.214379420118767
"RPS2P28",-0.214476108250828
"ZNF37A",-0.214658323968528
"HDHD5",-0.215081138241291
"STK25",-0.215130134554744
"CDS2",-0.215306451536777
"GPR176-DT",-0.215359060397743
"MAFG",-0.215575025292406
"SLC2A3P2",-0.216112697042454
"RN7SL869P",-0.216112697042454
"SLC25A5P7",-0.216519850206352
"TOMM34",-0.216527271492615
"CHST5",-0.216547340456428
"POLR1C",-0.217219402702756
"LEMD1-AS1",-0.217369493369232
"SRPX",-0.217372841568306
"SLC35C2",-0.217580639143408
"ASCC2",-0.217587863235753
"PWWP3A",-0.217606786211358
"ARPC4-TTLL3",-0.217733438474626
"DNAJC8P1",-0.217873315349488
"HNRNPCP3",-0.217957349084523
"DCC",-0.218043251790556
"CBL",-0.2181216413594
"RPL34P33",-0.218164886576304
"WBP4",-0.218186289619193
"NBPF17P",-0.21825454673052
"RN7SL850P",-0.218979365470927
"RPL3P2",-0.219412181312536
"RPS10P3",-0.219554776554163
"MRPL50",-0.219755091599179
"CMTR1",-0.220420052534277
"RPL21P28",-0.220549316314099
"GIHCG",-0.220691461357281
"FMR1",-0.220959608260811
"ZBTB22",-0.221076457306907
"CYB561A3",-0.221364991580228
"ZNF248",-0.221657441757879
"A4GALT",-0.222097132597269
"CDIP1",-0.222606426713997
"ZNF589",-0.222682930789415
"GSS",-0.222858738487919
"LINC01856",-0.222900824157142
"LINC01022",-0.222900824157142
"LINC02623",-0.222900824157142
"ALDOA",-0.222967172056511
"DNAJC7",-0.224058031627512
"LINC00517",-0.224061105643664
"CEP164",-0.224285380013139
"PANK4",-0.224470258121879
"ARPC1B",-0.224541687934548
"NCKAP5L",-0.224675381181374
"PCGF3",-0.224809062721205
"RPL13P6",-0.225786501107444
"SLCO4A1-AS2",-0.22584859500268
"PLEKHA3P1",-0.225902113315154
"HELZ",-0.225940415951874
"SCYGR9",-0.226233102160261
"CKM",-0.226233102160261
"LINC00938",-0.226303212607398
"RNU6-1022P",-0.226595196022075
"TAS2R5",-0.226595196022075
"FAM98A",-0.226690959139238
"ZNF561-AS1",-0.226765120529263
"TMCC2",-0.227203862401064
"LOX",-0.22759507298456
"RNU2-5P",-0.228359524156248
"H3C13",-0.228367323023385
"KDM3A",-0.22836842337469
"RN7SKP51",-0.228726052654457
"LINC01989",-0.228726052654457
"EFCAB10",-0.228777904315996
"ZNF729",-0.228810206490361
"PRPF19",-0.229066345687158
"SUGP1",-0.229195863756546
"SLC6A13",-0.229445846534882
"EXOC5",-0.229590552769075
"TIMM50",-0.229860729173781
"C4orf33",-0.229883696856853
"LDLRAD2",-0.230074849471244
"UNC13C",-0.230158907423011
"LINC01151",-0.230287377769224
"LINC01277",-0.230464370519373
"SHISA5",-0.230822760516557
"GPR89A",-0.231081200456278
"H3P47",-0.232414077352013
"PPIAP19",-0.232707144402264
"RN7SL273P",-0.232732709604186
"BCL11A",-0.232835462249823
"ARMC5",-0.232972731377311
"GK5",-0.232974985672683
"MAN2C1",-0.233090921745868
"EEF1A1P33",-0.2331611291155
"SERPINB3",-0.233568037538269
"RNFT1-DT",-0.233622626243722
"UBE2E3",-0.233892119017854
"BVES",-0.233997870524828
"RP2",-0.234242424255469
"RPL34P34",-0.234407673817019
"TULP3",-0.234456951573491
"ITFG2-AS1",-0.234529368618838
"RNU7-84P",-0.235019695688469
"TTLL8",-0.235490039436947
"ZC3HAV1",-0.235618706512835
"PXDC1",-0.235890617016887
"CTBP2P4",-0.235914229476146
"H4C12",-0.236036297706158
"CEPT1",-0.236529868318884
"SIK2",-0.236830341467225
"ITGB5",-0.236896610277248
"BLOC1S4",-0.236931271399623
"PPP1R14BP3",-0.237399980899716
"ST13P15",-0.237620099730129
"HS6ST1",-0.237866232606326
"LINC01783",-0.238076462002176
"PPP4R3A",-0.238110957529371
"THOC1-DT",-0.23816440037625
"LINC02762",-0.238496397541892
"EWSR1",-0.238657041157061
"NAP1L4",-0.239001735504395
"WASHC4",-0.239069843982089
"FUBP1",-0.239348688422
"PPP5C",-0.239374946036966
"ALMS1P1",-0.239379599865332
"RNA5SP351",-0.239379599865332
"KCNK7",-0.239379599865332
"RNU6ATAC9P",-0.239379599865332
"RN7SL784P",-0.239379599865332
"PHOX2B-AS1",-0.239844308904071
"DPP3-DT",-0.24013626136654
"DNAJC8P2",-0.240463600534866
"SHARPIN",-0.240661547806538
"JAZF1",-0.240988605685345
"LATS2",-0.241188298014539
"BAZ2B-AS1",-0.241222127706149
"NSA2P2",-0.241353023125786
"GPX1P1",-0.241408888308025
"SNRNP35",-0.241545674643467
"MSL3P2",-0.241780693737834
"FRMPD2",-0.241780693737834
"RPL7P13",-0.241803738688665
"MIR548U",-0.242461459702238
"RNY1P9",-0.242461459702238
"LRRC58",-0.242741810905281
"NAE1",-0.242838275238088
"PEX2",-0.243044445070099
"AKTIPP2",-0.243360917277363
"LINC01812",-0.24368708636709
"ERI3",-0.244088407132675
"AGPS",-0.24419423992244
"ATP6AP2",-0.244198672039797
"FGFRL1",-0.24478428829811
"LINC01273",-0.244900334093319
"TMBIM6",-0.246051127865222
"DNAI3",-0.246801420021232
"NME3",-0.247235295332236
"ANKRD13B",-0.247693549223223
"DPT",-0.247931398256057
"GDF6",-0.247931398256057
"FAIM2",-0.247931398256057
"EPS15L1",-0.248109496040844
"ADPRM",-0.248232953750773
"PPIAP16",-0.248296186457808
"RPL29P12",-0.248372769487259
"EMC2",-0.248497606720583
"TMED3",-0.248499345093735
"TDRKH",-0.24888706065045
"OSGEP",-0.248961693960492
"RNU6-1282P",-0.24928109215445
"NFATC2IP",-0.2495518909074
"AP3M1",-0.249655965773766
"OR5AU1",-0.249872937928076
"TPM3P5",-0.249883457752507
"CFAP65",-0.249898292109777
"FGFBP3",-0.24995419502267
"SERPINE2",-0.250165137102723
"C16orf95",-0.250545379024558
"RNA5SP515",-0.250833431171413
"ALS2",-0.250839484808159
"TIGAR",-0.251090313438184
"ZBTB8OSP1",-0.251203924258108
"MIR4755",-0.251203924258108
"BMP7",-0.251408089889391
"MALSU1",-0.251487217502024
"CWC27",-0.251565539124585
"RPSAP18",-0.251618186990464
"OMA1",-0.251701147432966
"HSPB1P1",-0.251927997462198
"NAPA",-0.252255988151821
"GABRD",-0.25226323091809
"ARL5AP4",-0.252783672323171
"RN7SL74P",-0.253061597163827
"SRSF8",-0.253077251181062
"ZNHIT3",-0.253200629385046
"PTCH1",-0.253580070780913
"SCARB2",-0.253876943661688
"PCDHA13",-0.253968281923475
"MIR2117HG",-0.253968281923475
"GDAP2",-0.254139190003876
"MCM2",-0.25461358394731
"PRKACA",-0.254633697295761
"TOLLIP",-0.255154253199059
"RPL21P129",-0.255355684664412
"PRF1",-0.255489985227695
"ACTG1P12",-0.255503448897365
"RNU6-437P",-0.255594582209917
"DPRXP3",-0.255594582209917
"TUBGCP2",-0.255909248012523
"SLC22A2",-0.256061590227446
"MIR30C1",-0.256071085782943
"MTCO3P44",-0.256071085782943
"EPB42",-0.256125482735212
"SELENOF",-0.256205282155049
"MMGT1",-0.256881787469898
"LAGE3",-0.257127734892624
"MYD88",-0.257286649578767
"POLDIP3",-0.257788319004332
"MTTP",-0.257889235899451
"FAM177A1P1",-0.257889235899451
"CASC17",-0.257889235899451
"CDC34",-0.257933408327085
"CHCHD3P2",-0.25797669157919
"EMC9",-0.258012064682876
"RSF1",-0.25807776354327
"PRPH2",-0.258107884468962
"ETFRF1",-0.258324296484062
"RBFA",-0.258338272675449
"ZNF436",-0.258527543816504
"RPS15",-0.258654567539194
"WDR87",-0.25891916028875
"PDCD2",-0.259082229066911
"TAMALIN",-0.259093165006046
"LINC02065",-0.259193549744479
"PFKP-DT",-0.259940901877875
"MGAT3-AS1",-0.259985658056031
"ERCC5",-0.260070951798513
"LYG1",-0.260215021205182
"PRELID1P3",-0.260300641307124
"CKS1BP2",-0.260396748182754
"QARS1",-0.260671929858497
"DHRS4",-0.260804792399813
"TMSB4XP8",-0.260920156279515
"MAPK9",-0.261688505994133
"IMP3",-0.261699541964689
"NOSIP",-0.261702816738621
"POLM",-0.262030312500175
"TTC3-AS1",-0.262032392545537
"PECR",-0.262112640112385
"STARD6",-0.262255794796211
"TSACC",-0.262295296295968
"ACOXL",-0.262564707599157
"TMEM161B-DT",-0.263023660504248
"CD82-AS1",-0.263038506654342
"NOL8",-0.26378056375785
"WDR20",-0.263797488396013
"TMEM14B",-0.264449353263354
"TTLL7-IT1",-0.26472644006318
"RN7SL434P",-0.26472644006318
"ENPP7P7",-0.26472644006318
"ANG",-0.264781892301572
"GARIN1A",-0.264961779022768
"FLVCR1",-0.265120376684907
"THAP5P2",-0.265166897935986
"UCHL3",-0.265206943215659
"ZNF385C",-0.265352745939599
"TMEM87B",-0.265371882867657
"HDAC1",-0.265626525406544
"CCNA2",-0.265904062593383
"MIR6757",-0.265992435093894
"LINC00474",-0.266134773982
"BRWD1",-0.266160231530513
"GNB1",-0.266240028877109
"ZNF675",-0.266312822651724
"TRMT12",-0.266931049193353
"AARS2",-0.266939450988456
"LAMA4",-0.267024480546617
"NODAL",-0.267077374601869
"RNU6-509P",-0.267381490031014
"BTF3L4P1",-0.267381490031014
"RCN1",-0.267400649340576
"SUPT3H",-0.26748497472907
"MNT",-0.267785849103521
"DCTN5",-0.267950740408072
"GET1",-0.268123875492308
"RBPJL",-0.268541851215996
"DND1",-0.268833911278545
"SS18L1",-0.269228158002612
"PKN3",-0.269365331311599
"FAM168A",-0.269428303130274
"CD44-DT",-0.269544063758151
"PTPN18",-0.26957046214269
"RNU6-1337P",-0.269628787259329
"OR7E59P",-0.269648245777921
"RPL21P137",-0.269666005399879
"MPDU1",-0.269677838638759
"DHFR",-0.269746918582371
"SLC30A9",-0.269792364031897
"GLE1",-0.269900726606616
"PRDX3",-0.269908623181843
"RN7SL246P",-0.270366175491877
"MEAF6",-0.270375304957024
"GLRX5",-0.270398845639841
"ITM2B",-0.270760336098655
"ANAPC16",-0.270818647392685
"HIBCH",-0.270894557977926
"COL11A1",-0.271199557871511
"DEFA9P",-0.271199557871511
"UBQLNL",-0.271199557871511
"SPDYA",-0.271384015424184
"CACTIN-AS1",-0.271568755296013
"TBC1D5",-0.271572555343233
"MRPL48",-0.271678162108577
"PPP1R8",-0.271877797412927
"MRPS23",-0.271897545213882
"DIAPH3",-0.272173826523519
"NBPF10",-0.272219716635373
"GDI2",-0.272389751798667
"SAMD11P1",-0.272392956929592
"FADS3",-0.272594003340029
"C5orf22",-0.272622615974515
"EIF3F",-0.272677249499607
"MED28-DT",-0.272971428961562
"ANO9",-0.273186048210351
"WDSUB1",-0.273315512197412
"RBMXL1",-0.273414646388784
"CAMSAP1",-0.273643958634875
"RABGGTA",-0.273695202762629
"ZC3H15",-0.273819159576569
"MIR10B",-0.273922735555448
"RN7SL430P",-0.273922735555448
"LINC00648",-0.273922735555448
"RAB33B-AS1",-0.274261910581091
"PRRC2C",-0.274421533362402
"CDC42BPB",-0.274761568965532
"PFN1P1",-0.274884095665497
"TMEM248",-0.275439007425421
"DHRS12",-0.275469424283062
"ZNF543",-0.275604114322082
"PEPD",-0.275727060580312
"M6PR",-0.276074979476551
"LINC01583",-0.276361508079519
"HNRNPA3P5",-0.276380121880834
"SERF2",-0.278250086192126
"KLC1-AS1",-0.278503200834828
"RPL36AP1",-0.278576314327722
"PRPF6",-0.27865984989503
"LINC02945",-0.278709713028564
"EFCC1",-0.278786760402005
"FOSL2-AS1",-0.279737148886665
"PBRM1",-0.279745879623047
"DCAF13P3",-0.280159200459061
"TAF7",-0.280299682026292
"PTPRA",-0.280422269286215
"SLC22A18AS",-0.280756854664965
"RPS27P29",-0.28079670779011
"RPL21P131",-0.281239205680459
"GPHA2",-0.282059403140501
"ZNF723",-0.282099850962437
"EEF1AKMT2",-0.282220371011014
"FAM135A-AS1",-0.282282794380781
"ZRANB2",-0.282576161707432
"CYP3A5",-0.282601634360453
"RN7SKP292",-0.283076106778868
"LNCPOIR",-0.283076106778868
"SNORD59A",-0.283076106778868
"APBA1",-0.283135841702704
"USP53",-0.28317849115077
"HMGN2P4",-0.283356448722519
"MYO7B",-0.283526576741045
"MIRLET7F2",-0.283613591033895
"MIR4474",-0.283613591033895
"MIR3189",-0.283613591033895
"RPL21P75",-0.284006069693558
"MPRIPP1",-0.284060776979226
"ZNF529",-0.284202713691976
"SNRPD1",-0.285115179736431
"HMGN2P22",-0.285268480882485
"KIR2DL3",-0.285268480882485
"BBIP1",-0.285272866644183
"CCAR1",-0.285625116789992
"TAX1BP1-AS1",-0.286012539801106
"C8orf82",-0.286040815781568
"EVI5",-0.286204348583759
"FHIP2B",-0.286599436783409
"ACTR10",-0.286673076775188
"SLC15A3",-0.286782293195302
"GTF2E2",-0.286952715532164
"WDR45B",-0.287108090231752
"CACNB2",-0.287573808498213
"THAP5",-0.287837627945435
"ZNF335",-0.28792884771303
"ADCY2",-0.288168783815918
"LNCSRLR",-0.288226699167426
"ATP5F1EP2",-0.288382233568631
"C1orf43",-0.288864036686355
"DGUOK",-0.289100041806333
"ZNF814",-0.28913515551351
"ZNF668",-0.289181866995713
"MAPKAPK3",-0.289220498451144
"IL6ST",-0.289357653848072
"C10orf143",-0.289409024616574
"CEP95",-0.289776415582792
"BLTP3B-DT",-0.289788501100882
"PAIP1P1",-0.290444586721804
"MIR101-2",-0.290649245657078
"GABARAPL1",-0.290849166591507
"NCLP1",-0.291537676922241
"FAM88E",-0.291593638453557
"SLC25A20",-0.291860686139492
"TTC17",-0.291886913735625
"ATOSB",-0.292003951901224
"EI24",-0.292172838677015
"EEF1A1P22",-0.292493375050324
"VPS13C-DT",-0.292656849893845
"SLC9C2",-0.292667227920807
"CDC42EP2",-0.29277734441084
"PLBD1-AS1",-0.29302510621844
"GPN2",-0.293159732930435
"CCNO-DT",-0.294130136139391
"TIPARP",-0.294268608950668
"MIR548B",-0.295064097265328
"LINC02284",-0.295064097265328
"EMC1",-0.295187296734924
"PRDM15",-0.295377412685291
"YTHDF2",-0.29580280069422
"PANDAR",-0.296160353152516
"WDPCP",-0.296202358959763
"ARL14EPP1",-0.296267120234776
"VPS52",-0.29653490136809
"MPHOSPH6",-0.296796702712696
"KLHL24",-0.296902297238283
"GBA2",-0.297019005277399
"PPM1A",-0.297297236626282
"TRIM26",-0.297479438181986
"APOOL",-0.297916809151914
"SH3PXD2A",-0.297988315382424
"LINC02049",-0.298304711755999
"PPP1R14B",-0.298394030626209
"SLC38A6",-0.298574001311904
"RMDN2",-0.298806722052707
"CCDC137",-0.299014851679
"APLP1",-0.299034281248235
"NEMF",-0.29918115568133
"MDC1",-0.299454829547769
"MYCBP",-0.299766928110279
"GNL2",-0.300173421146975
"METTL5P2",-0.300441865963505
"NAA80",-0.300609456803512
"LRRC25",-0.300974313350341
"CYLD",-0.301067763892441
"GPR84-AS1",-0.301364071217854
"GXYLT1",-0.301606667792844
"LINC02777",-0.30183131838237
"BRD1",-0.301844571884007
"NPPC",-0.301910168586648
"RAD54L2",-0.30193001457751
"MTIF2",-0.302101900917863
"IER5",-0.302308945116352
"BDH2P1",-0.302618468837068
"NARS1",-0.30277928125592
"PDCD5P1",-0.303064756253713
"DPM2",-0.303242908392667
"NDC1",-0.303277382059461
"LINC00910",-0.303292631379948
"TXN2",-0.303868938580446
"GOLGA8O",-0.30396415765512
"VPS28",-0.304230033648756
"PRANCR",-0.304384057447953
"RHOG2P",-0.304415804179649
"RN7SKP38",-0.304477717197458
"EDRF1-DT",-0.304601576817339
"TMEM250",-0.304712862616789
"GGA1",-0.304869843074574
"GPR137",-0.305805026958694
"BECN1",-0.307100975318749
"RPL21P98",-0.3073574174292
"RNU1-130P",-0.307419822352505
"PCYT1A",-0.307474035584129
"UBR5-DT",-0.307802497816594
"TSEN15",-0.307929607765703
"TIAL1",-0.308053918903107
"RPL37P25",-0.308472375511249
"CBX1",-0.308476836617234
"NIFKP7",-0.308502568042233
"MAGED4",-0.308502568042233
"MIR451B",-0.308502568042233
"TRRAP",-0.308569193279541
"RPF2P1",-0.30881002593752
"EBLN3P",-0.309260983378171
"NUFIP1",-0.30958116316504
"CAND1",-0.309591087355906
"EFCAB13",-0.309594729085351
"SPATA19",-0.310548498770312
"EDDM3B",-0.310548498770312
"ASAH2B",-0.310758543109471
"RNU2-28P",-0.311572071611399
"H3P26",-0.311833031614567
"NDUFA13",-0.311871171493663
"TRPC4AP",-0.31189728201572
"TRIM54",-0.31199413261201
"FAM24A",-0.312236043269192
"RNU7-63P",-0.312275123674355
"RPL39P15",-0.31243281219495
"H3P13",-0.31243281219495
"GRIK2",-0.31243281219495
"SNORA79B",-0.31243281219495
"SLC38A9",-0.312680102959846
"SH2B3",-0.312887591198592
"DESI1",-0.31302237667129
"BCAP31",-0.314413389467476
"SPDYE7P",-0.314539659140212
"PHKA1",-0.314689942879326
"HMGN1P4",-0.314812259808494
"PRKAG2",-0.315343787596124
"VIRMA-DT",-0.315377626394708
"SETSIP",-0.31543259733166
"PDZRN3",-0.31586679332388
"EEF1GP5",-0.316151295469744
"TMEM33",-0.316391334165702
"PLEKHF2",-0.316402306188527
"JADE1",-0.316479585040267
"FLYWCH2",-0.316526575499514
"FGF17",-0.317008827942694
"AP1AR",-0.317080893315606
"LINC00529",-0.317208775519075
"HJV",-0.317366897990463
"SCNN1G",-0.317440744796162
"FNTB",-0.317441658306015
"ANAPC10",-0.317719164864874
"RILPL1",-0.31775181092405
"KRT8P7",-0.317940049090191
"CD300LF",-0.31822486020247
"ZNF776",-0.318341004928582
"ARL3",-0.318465550581293
"CRYZP1",-0.318485648126237
"MIR5009",-0.318485648126237
"LYPD5",-0.318485648126237
"IL17REL",-0.318485648126237
"RPS6KA1",-0.318733330533029
"ZCCHC10",-0.31879920772833
"RABEP1",-0.318850292619175
"FGF18",-0.319309154706074
"CYB561",-0.319517168107723
"ABCC4",-0.319574453066349
"TBL1XR1-AS1",-0.3196007026886
"RPL21P10",-0.319686196147865
"PUF60",-0.319825975411218
"SBF1",-0.319861755887376
"RPS2P4",-0.320002736152321
"UBR7",-0.320583003569066
"PSMD14",-0.320994912282049
"C12orf57",-0.321162342244673
"CCDC200",-0.321167307265435
"ZNF548",-0.321448290315355
"ADPRH",-0.321541199396018
"MAP4",-0.321811462676726
"BRME1",-0.321877939363863
"ARL5A",-0.322001522106952
"BLTP1",-0.322058005235704
"ARL10",-0.322446193577832
"RPL31P10",-0.322569370214802
"HSPA4L",-0.322887592140043
"LINC01641",-0.322982508393747
"MRRF",-0.322985120689739
"LCOR",-0.32308078462628
"GARIN1B",-0.32328258608937
"FAIM",-0.323307925661544
"IPO13",-0.323404798146899
"MRPS5",-0.323890601312206
"DCAF5",-0.324099924899956
"GOT1-DT",-0.324239839759755
"HIP1R",-0.324511381782285
"BATF2",-0.324636724792988
"EEIG1",-0.325710202424502
"TNFSF10",-0.325808184245765
"EME1",-0.326042526255649
"WWP1P1",-0.326643452058869
"FAM133B",-0.326794991530458
"FAM95A",-0.326958469750966
"WDR7",-0.327766267432009
"CHMP6",-0.32803384119651
"GBF1",-0.328312733147357
"RPL7AP50",-0.3286179577439
"COPA",-0.328642804656168
"B3GALNT2",-0.328654307894322
"CSAD",-0.329033695990924
"PI4K2B",-0.329124138557125
"BCRP8",-0.32914041769155
"FSD1",-0.329197429617608
"RNU7-149P",-0.329423045006766
"MIS18A-AS1",-0.329423045006766
"AVL9",-0.329613706669933
"LINC00184",-0.330002962651483
"CEP192",-0.330353513144266
"STARD3",-0.330433883523174
"PSMA1",-0.330513410163436
"ENSAP2",-0.330696574883209
"MIR924HG",-0.330712181946898
"C1QTNF6",-0.330768982005375
"ERFE",-0.33141720504552
"CYCSP29",-0.33141720504552
"CCNQ",-0.331494272739731
"TMX1",-0.331509083043498
"PRADX",-0.331536011222364
"TRIM68",-0.331627590761425
"KRT8P13",-0.331858694548413
"PIGFP1",-0.332097312909774
"FBXL19-AS1",-0.332153729692495
"TMED1",-0.332543827144073
"SINHCAFP2",-0.332686437019986
"YIPF4",-0.332837986252126
"ABCE1",-0.332947714448252
"ZNF790-AS1",-0.333140053133505
"SNORD19",-0.333210218447254
"CDC40",-0.333323618520286
"KRCC1",-0.333388128483651
"PLEKHJ1",-0.334149577697013
"ETAA1",-0.334188515845348
"MAP3K2",-0.334266247983109
"MRPS21",-0.334388476987595
"KDM2A",-0.334578234674505
"CCDC138",-0.334836945424136
"RPS27AP11",-0.335067197878118
"STARD9",-0.335079215111403
"NME6",-0.335252179624774
"ASTL",-0.335615956204691
"ATP5MK",-0.335714973955893
"KRT18P25",-0.335792542096882
"LINC01176",-0.33580712187119
"MIR3143",-0.336064273854559
"FMO1",-0.336786437569623
"FBXO22",-0.33690557059636
"DCP1A",-0.337038228644587
"LNCPRESS2",-0.337408510141779
"GPR85",-0.337408510141779
"NDUFA3",-0.337878381458357
"MIDN",-0.337931348828315
"PARP12",-0.338483127380945
"NXT2",-0.338622000996216
"PHF7",-0.338690690691791
"NTPCR",-0.338753643927592
"COX17",-0.338861312051189
"PCOLCE-AS1",-0.339121770018658
"SLC9A3",-0.33924067042302
"HNRNPA3P12",-0.339560480041843
"LINC02886",-0.339680332332377
"RBM15-AS1",-0.339711350315615
"REV1",-0.34046864690157
"ITGB1BP1",-0.340539118599389
"ATP1B3",-0.340711559321636
"CAPRIN2",-0.340746665821161
"RN7SKP291",-0.340804187261985
"RPL31P18",-0.340804187261985
"MIR17HG",-0.34088373649452
"HPS3",-0.341580646713234
"NUBPL",-0.341802073006146
"LINC01291",-0.341967012298245
"SNHG15",-0.342006559591426
"SELENOO",-0.342264751997715
"SUGT1P4-STRA6LP",-0.342673057459799
"MTHFD1",-0.342807677814795
"LINC02811",-0.342915774909355
"RTL4",-0.343304639598533
"MIR3150A",-0.343304639598533
"LINC00958",-0.343304639598533
"HNRNPCP2",-0.3434096014272
"LINC01140",-0.343645935329573
"LINC02232",-0.343645935329573
"RAP1BL",-0.343955177405608
"MT-TV",-0.344172922071405
"PEBP1P2",-0.344302422000622
"MRPL15",-0.344329418757652
"DOCK7",-0.344631303491335
"EIF4ENIF1",-0.34472223826718
"KRT19P1",-0.344864556529946
"DSCR9",-0.345008548473368
"SPAG7",-0.345098845392417
"EIF4G1",-0.345602478717195
"ATXN7L3",-0.345757821200991
"NADSYN1",-0.345844330504682
"RPL7AP66",-0.345963953913646
"RBM3",-0.346736410241921
"VPS37C",-0.348002630047549
"TMEM183AP6",-0.348229959442655
"HIGD2B",-0.348229959442655
"NLGN4Y",-0.348229959442655
"RAD23B",-0.348252781958955
"MMACHC",-0.348326039173708
"ZNF770",-0.348437083766622
"TBL1XR1",-0.348541094676672
"RPS7P4",-0.34857401983599
"CMAS",-0.349239003039766
"ABT1",-0.349306010994564
"NPIPA2",-0.349892264467397
"FILIP1L",-0.350252813036667
"STEAP1",-0.350273253415128
"LRCH4",-0.350517315169609
"SLC39A9",-0.350521700556371
"MIR3682",-0.350606703923636
"YWHAZP6",-0.350818458203005
"WAC",-0.350879717235699
"TMEM202-AS1",-0.351336499011784
"AHCTF1",-0.351427034692052
"RYBP",-0.351716801197257
"MAK",-0.352375559095076
"DRG1",-0.352391487913987
"RABGEF1",-0.352604938426656
"C9orf43",-0.353288084103653
"RPL18A",-0.353392022127305
"RPL32P1",-0.353757945767442
"GHRHR",-0.353757945767442
"LINC00391",-0.353757945767442
"KBTBD6-DT",-0.353865812633929
"ATP6V0D1",-0.353883067775344
"EXOSC10-AS1",-0.353920719036203
"RPS10",-0.35400902299905
"HS6ST3",-0.355241623657116
"KANTR",-0.355694007879896
"DOHH",-0.355826125742008
"RRM1-AS1",-0.35586019730808
"DDX47",-0.355928478992246
"RPP25L",-0.356031260166198
"ABCB7",-0.356067416619271
"LYRM4",-0.356326005259475
"PRPF31-AS1",-0.356918916048638
"RWDD4P1",-0.357626610810602
"ZNF846",-0.357819721634066
"GLUD1",-0.357833721736984
"MEIS3P2",-0.357901131450186
"IGBP1P4",-0.358041105679515
"RNU6-306P",-0.358051392419254
"ZNF728",-0.358051392419254
"NOMO1",-0.358136340639005
"RPL17P5",-0.358209885235197
"UBL4A",-0.358255936416942
"MYL6B",-0.358844149819224
"AP5S1",-0.359190392452295
"MRFAP1",-0.359935848548366
"EMX2OS",-0.360485689969244
"RPRM",-0.360499320979724
"RPS18P5",-0.360603927697778
"EIF4A2",-0.360683720264759
"RNU6-574P",-0.360711361740567
"CRABP1",-0.361513660003944
"TIGD3",-0.36163665752246
"DMRT2",-0.361733773415259
"MDN1",-0.362179351728828
"LYPLA1P3",-0.362202465210441
"LMTK3",-0.362206809672277
"YWHAZP4",-0.362625702898744
"HMBOX1",-0.362708410449291
"PCDHGA4",-0.36274722757827
"KLK12",-0.36274722757827
"BPTF",-0.363093034607186
"EMC10",-0.363229400829738
"MRPL9",-0.364529788529117
"RNU6-9",-0.364573766921792
"RIOK3",-0.364589419367265
"PRMT6",-0.365164594154653
"AMIGO1",-0.365197837152491
"ACBD5",-0.365756966286573
"OR52J3",-0.365967060351493
"PRRT3",-0.366531165387093
"CHORDC1P5",-0.366684295049814
"DGCR6",-0.36711003149114
"CTR9",-0.367356581994294
"OR6C68",-0.367756225566638
"RNA5SP210",-0.368012365655186
"MIR6777",-0.368012365655186
"EEF2",-0.368140456713736
"IL4I1",-0.368142652978617
"DNAJA2",-0.368322217493398
"RPL36AP49",-0.368510726049577
"MIR3120",-0.368832933222345
"GFRA1",-0.368882151199338
"NDUFA4P1",-0.369100887605898
"PARLP1",-0.3692159530763
"BCKDHA",-0.369489557384008
"COPS9",-0.369554412876866
"MIR219A1",-0.370007864883533
"RABGAP1L",-0.370242658711017
"PPP1R10",-0.3707196672238
"ATP1B2",-0.371154830244913
"CASTOR2",-0.371330401739747
"TMEM254",-0.371723527243118
"GLI2",-0.372229451135094
"RGPD5",-0.372450809068692
"GNB2",-0.372629498543528
"ZFYVE19",-0.373287124977153
"PIP5K1A",-0.373304426435576
"PCOLCE",-0.373323839487893
"RAB36",-0.373573625535224
"COPS3",-0.373750458039145
"POLRMT",-0.373771808645698
"MORF4L2",-0.374276243119209
"MPHOSPH8",-0.374313968334548
"USP8",-0.37441819991438
"SAT2",-0.374492976187771
"TET3",-0.375055122515067
"EIF3I",-0.375824827473594
"KRT8P35",-0.376018343718896
"PPP1R13B",-0.376203729652803
"H2AC19",-0.376456008950453
"EMD",-0.376675178407144
"DHX38",-0.376686329196499
"CDC14A",-0.376923399166966
"CD8B2",-0.377194857569627
"SETD5",-0.377230139062456
"MRPL20",-0.37724654543759
"NCK1-DT",-0.37730663784105
"EIF2S1",-0.377535675341136
"RPSAP19",-0.377632784309856
"HNRNPA1P51",-0.37841959115497
"WASF4P",-0.378539451063932
"OR8D1",-0.378629845173023
"KBTBD7",-0.378639748502024
"CDCA4",-0.379053890566229
"CXCL5",-0.379606957826739
"LTBP2",-0.379631649429742
"RN7SKP3",-0.379705476612066
"MDH2",-0.379729139131216
"ADAR",-0.379746729013014
"WARS1",-0.379784434598115
"ARHGEF10",-0.380077877941726
"CEP295",-0.380082459554284
"HNRNPA1P35",-0.380100159007485
"CNTNAP2",-0.380386720230344
"RNF121",-0.380543459539285
"MIR548O2",-0.380847582003242
"CUL4A",-0.380979295845506
"MIR4665",-0.381215045340905
"RPS3AP5",-0.381464453109434
"GNG4",-0.381868336637663
"MAP4K2",-0.382150859011346
"MTA3",-0.38279006147902
"SLC12A4",-0.383098397240685
"UBE2D3P1",-0.383357019137715
"RPS2P48",-0.383443203680062
"TOMM22",-0.383790124805157
"KRT6C",-0.383991593721147
"LINC00336",-0.384007590185358
"MT-TS1",-0.384043790152603
"FKBP15",-0.384073250657285
"PA2G4P4",-0.384368980660997
"TMEM120A",-0.384494445762555
"TTC21B",-0.384581556054195
"NUCB1-AS1",-0.3846497523209
"ACER1",-0.385053780556359
"ATP5MC2",-0.385070397586385
"AKR1C4",-0.385117124197121
"PRPF31",-0.385888708599955
"SYF2P2",-0.386178689404611
"ZNF445",-0.387046906574612
"EML2",-0.387237859165601
"LINC01280",-0.388705769922819
"ZNF311",-0.388705769922819
"CDKAL1",-0.38952624600092
"AKAP8L",-0.389660588906258
"PHF11",-0.389667841086175
"ITPRIP",-0.389717674714938
"MIR499A",-0.389725372825422
"NUDCD2",-0.390010035689062
"KHDRBS1",-0.390364811027858
"AFG3L2",-0.390757344840981
"MIGA2",-0.390872034357299
"RNU6-268P",-0.391286044806199
"HSPA8P9",-0.391325652261955
"LNX1-AS2",-0.391562948209058
"MYG1",-0.391562948209058
"MAB21L3",-0.392253491429784
"RNU6-1252P",-0.392317056382823
"HMGN1P13",-0.392317056382823
"MAP2K5-DT",-0.392554188286507
"HSD11B1-AS1",-0.392646660896937
"ABCA2",-0.392766248388132
"DCD",-0.393158659582309
"PRICKLE1",-0.393209941525957
"THYN1",-0.393443781869914
"H2BC17",-0.393625750719235
"SNRPC",-0.393717199214598
"PANK2-AS1",-0.393858029131321
"HUS1",-0.394058139032247
"RPL21P51",-0.394785163448125
"KIAA1210",-0.394935101407593
"SLC25A5P8",-0.395009859529069
"PRPF4",-0.395667358646468
"LINC01807",-0.395787118921336
"IRF9",-0.396460314873008
"RPL13AP25",-0.39647461546935
"FBXW10",-0.396730436064468
"SLC13A2",-0.396730436064468
"C19orf18",-0.396817686862173
"SLC25A23",-0.39693144933693
"TNK2",-0.397264884147558
"C2CD4D",-0.397391314818409
"FAUP1",-0.397677348727066
"ZSCAN16-AS1",-0.397748697939161
"DLX5",-0.398160055300637
"ATRN",-0.398780193361671
"VPS29",-0.399579808030872
"NAA20",-0.400136594034467
"OR52N4",-0.400230407069598
"KRT17P3",-0.400710802764708
"ALDOB",-0.400835237265647
"WTAP",-0.401353853369521
"ARHGEF4-AS1",-0.401363614292709
"RBBP8NL",-0.40156742719781
"TMEM219",-0.401607071567421
"PPP1R12B",-0.402375259250815
"SART3",-0.402701032709662
"GPCPD1P1",-0.402705117677666
"DGKB",-0.402705117677666
"LINC02204",-0.402705117677666
"WNT9B",-0.402705117677666
"KLK8",-0.402705117677666
"NOXA1",-0.403342790151983
"MXD1",-0.403437005062123
"SUMO2P10",-0.403720488754643
"ABL1",-0.403758548141067
"MIR3934",-0.403788698277613
"RNF17",-0.403880814338087
"KRT18P13",-0.40390602568064
"TMEM168",-0.403924472962353
"SYNGR2P1",-0.404814819015344
"JAK1",-0.404899217597246
"FBXO28",-0.405322517705197
"OSBPL8",-0.405425532480728
"OR7E126P",-0.405614567435075
"GTF2IP23",-0.405693670152569
"CD44-AS1",-0.406190312390538
"OSGIN1",-0.406527940596625
"PJA1",-0.406683261323119
"TRIM63",-0.406869413723713
"RGSL1",-0.407094685289401
"ZNF230-DT",-0.407308174924553
"SUMO2P4",-0.407557862895395
"PYGO2-AS1",-0.407754811907983
"ENDOV",-0.40857356084981
"ARHGAP17",-0.409033073578727
"PTP4A1P6",-0.40908183272793
"YPEL4",-0.40908183272793
"HIGD1C",-0.40908183272793
"ZNF426-DT",-0.40908183272793
"DHRS7",-0.409307347789787
"THUMPD3",-0.409385141426649
"MANSC4",-0.409707035880449
"MAIP1",-0.409738297870826
"DVL3",-0.409790792895632
"DNTTIP2",-0.409803597295651
"SNX10",-0.409970083299526
"LINC01030",-0.410154904838531
"ZNF789",-0.410234359350408
"NXT1-AS1",-0.410757627038551
"RNA5SP68",-0.410961271304496
"MAP1LC3P",-0.410961271304496
"RABL3",-0.411006753847216
"IFRD1",-0.411442069818107
"APIP",-0.411613463318201
"H3-3B",-0.411620450502711
"STXBP5-AS1",-0.411633139689192
"CDC42",-0.412296179362109
"COA6",-0.412476339831428
"SF3B5",-0.412609071514362
"RXYLT1-AS1",-0.41281574966287
"AICDA",-0.413096450454095
"PTPRD-DT",-0.413489402110377
"GNB5",-0.41383632456133
"TSSK6",-0.413867967413251
"KDM5C",-0.41395001903371
"INTS4",-0.414002819416707
"TAF4B",-0.414215625518269
"NOL11",-0.414238309079616
"PLEKHH3",-0.414265271829111
"NXT1P1",-0.414308726505109
"CDH8",-0.414308726505109
"ARFGAP2",-0.414562852360134
"FRRS1L",-0.414696444311507
"ZNF621",-0.41478470463711
"PDAP1",-0.415112681950974
"LINC01311",-0.415335152860611
"LINC01505",-0.415344768199056
"OPA1",-0.415559996947271
"GC",-0.415732177609081
"RNF207",-0.415862271833551
"SLC25A3",-0.4167033431586
"EPC1-AS2",-0.416726374947421
"MIR31HG",-0.416918022860905
"DHX9P1",-0.416998951284613
"PRDM4",-0.417386682783028
"RNU6-510P",-0.417927042342371
"PARAIL",-0.418759420848905
"CPOX",-0.418944095964971
"PSMD2",-0.419148322172336
"KDM4C",-0.419389181044669
"SSU72",-0.420520069985947
"ABHD10",-0.420615418348388
"ZNF23",-0.420646612483905
"NEK4P1",-0.420646612483905
"DHX36",-0.420883726970739
"WDR48",-0.420939547816291
"COX5B",-0.421162030602586
"B3GALT1",-0.421510739158999
"RN7SL655P",-0.4227141104926
"KRT18P3",-0.422737657630592
"N4BP3",-0.423078825657489
"DECR1",-0.423183533141011
"TUBA1B-AS1",-0.423370653864984
"GLS2",-0.423576770441698
"SPC25",-0.424727970337538
"RBM15B",-0.425166683870748
"XPR1",-0.425223935367856
"CLIC1P1",-0.425456106502467
"CCDC122",-0.425517678445239
"KLRD1",-0.425555166071032
"EEF1A1P38",-0.425770269659258
"HIVEP2-DT",-0.425863820946445
"CFDP1",-0.426126871467999
"HCFC1",-0.426833131814271
"TMEM69P2",-0.42688779704216
"HYAL4",-0.42688779704216
"MTCH2",-0.427209422886235
"TMEM199",-0.427718812926802
"IGSF9B",-0.428115335142025
"FBXO48",-0.428132292831607
"RPL15P18",-0.428480811082222
"PCBP1",-0.4285160071146
"PSMD6",-0.429092093314337
"LINC02201",-0.429140281315798
"RN7SL787P",-0.429140281315798
"IK",-0.429529379196101
"MCM3AP-AS1",-0.42968324373057
"THG1L",-0.42985197981388
"RN7SL55P",-0.430175763270904
"RNU6-623P",-0.430219186143216
"SETD2",-0.430307189218044
"OCIAD2",-0.430326080696352
"FBXW9",-0.430347350722257
"CBX3",-0.430844645547784
"GZMM",-0.430961958377803
"RPS7P7",-0.43121199903231
"GPR68",-0.431339189871552
"EREG",-0.431401152967754
"MYL5",-0.432072045558929
"SFXN2",-0.43217018285827
"KRT18P20",-0.432496293870002
"DCST2",-0.432652335719989
"RNU6-1279P",-0.432667788906507
"RHBDD3",-0.432790391122954
"ZNF45-AS1",-0.433550555956643
"ASH1L",-0.43367184195335
"SMIM41",-0.433692686424889
"CENPH",-0.434005989883338
"NPM1P39",-0.43401531252424
"RBM26",-0.434666839769556
"FAM136DP",-0.434842247910318
"LINC02966",-0.435054164905085
"ZC2HC1C",-0.436002271725307
"G0S2",-0.436096267966092
"BBS7",-0.436739271492637
"RPL7P32",-0.437098539766829
"RPL12P2",-0.437872667152149
"LAIR1",-0.438151458096774
"LONRF1",-0.43820798554497
"HNRNPA1P21",-0.438250955479489
"APOBR",-0.438378858733947
"LINC02447",-0.438551225373941
"MAFF",-0.439292081343592
"SORBS2-AS1",-0.439360234093226
"PCSK4",-0.439464759384645
"AHCY",-0.439474705749417
"CTSF",-0.43951199162393
"TPD52L2",-0.43952004716016
"USP33",-0.439921696987676
"PTPMT1",-0.440009334130169
"LINC02774",-0.441055444316332
"GDAP1",-0.441202976900954
"RECQL",-0.441221751777118
"PURA",-0.4414999341273
"ZNF341-AS1",-0.441703607683228
"OSBPL9",-0.442204744944745
"RPL26P36",-0.442526801639044
"KMT2D",-0.442614085783234
"LINC02987",-0.442628524109917
"RNF185",-0.442711315118608
"ZNG1DP",-0.442770544516679
"RALGAPB",-0.443073886914794
"KRT8P48",-0.443124640409568
"CFAP44",-0.44324634597108
"AZI2",-0.443357495111482
"MYL12BP1",-0.443453905630055
"TOR2A",-0.443822027496184
"PCCA",-0.444047835844633
"ZNF24TR",-0.44469681966993
"BLTP3B",-0.444842613222365
"ARL16",-0.445441619544541
"ELOCP2",-0.445669048998609
"KYNU",-0.445856018282467
"CARMIL1",-0.445926651190476
"RHEBP1",-0.446208468475086
"SNORA79",-0.446208468475086
"CCDC33",-0.446690793010101
"SPG21",-0.446749595555188
"RETREG3",-0.446905911333802
"MTND4P20",-0.446952736893836
"SSBP1",-0.44721002886053
"XPO5",-0.447464026742024
"RNF112",-0.447902022437037
"LINC00612",-0.447951801222136
"JOSD2",-0.448035329273883
"ADNP2",-0.448281989549261
"SDF2",-0.449436498078489
"POLR2H",-0.449558749299716
"VPS39",-0.44971298985312
"RN7SL535P",-0.449952159758701
"RANBP20P",-0.449952159758701
"SMKR1",-0.450729819505546
"RPL7AP78",-0.450729819505546
"RPL7P41",-0.450729819505546
"FBXO47",-0.450729819505546
"LINC02087",-0.450729819505546
"BPIFB2",-0.450880064649716
"LINC00237",-0.450880064649716
"MMADHCP2",-0.4512499402078
"TIMM8BP2",-0.451417986253896
"MAVS",-0.451436862602258
"EEF1A1P9",-0.451861139490645
"ABCF2",-0.451945445989429
"CHD7",-0.452276317890865
"RPLP1",-0.452289595684001
"PTMAP8",-0.452619065227232
"MZF1",-0.45304016274494
"SILC1",-0.453118890447247
"LRRC23",-0.45351485355858
"RPL7L1",-0.453585405366654
"CDC42P3",-0.453739356885861
"MTDHP3",-0.453739356885861
"SENP2",-0.454367605559026
"ZSCAN5A",-0.454687830736799
"RPLP0P9",-0.455293646072744
"GTF2IRD2B",-0.455937258655828
"ZNF738",-0.456843876192633
"CD160",-0.456894199182206
"PDIA3",-0.45755833134253
"ZNF721",-0.458403816911965
"MCMBP",-0.458628489745648
"UAP1L1",-0.459811702250349
"SGMS1-AS1",-0.459988799599287
"SYCE1L",-0.46043172647199
"VPS26C",-0.460693429821805
"SIRPAP1",-0.460734392618234
"MROH6",-0.460774817074644
"KHDC4",-0.461247472583664
"LIMS1",-0.461332195335283
"TREX2",-0.461866115847279
"RNU7-30P",-0.461866115847279
"ANAPC2",-0.462130380118612
"PFN1",-0.462208844466314
"NUDT21",-0.463039002381874
"PDE6A",-0.463614917314723
"KIF5A",-0.463689942028011
"COA4",-0.464106180070685
"SPPL2A",-0.464113768655545
"EPHA7",-0.464162815669632
"RXYLT1",-0.464225773581087
"WDR1",-0.464747309377475
"TALDO1",-0.464951390954807
"PCNX4",-0.465012357866966
"MYG1-AS1",-0.465639485609572
"LINC01885",-0.466383894321667
"OR2A1-AS1",-0.46639626984559
"DDR1-DT",-0.466430636571723
"IER5L",-0.466483386645025
"SKIL",-0.466655681574197
"UBAC2-AS1",-0.466763902893168
"ZNF124",-0.468462920910572
"RPL6P24",-0.468534638174926
"ANAPC13",-0.468984387028506
"PDS5A",-0.4691003059381
"MIR8086",-0.469518696796702
"SLBP",-0.469779777218206
"PPIAP31",-0.469858905439052
"BCAP29",-0.46997216163194
"NUBP1",-0.470057377487592
"PEMT",-0.470182246335574
"SNRNP200",-0.470521285602139
"EXD2",-0.470548535653504
"STAMBP",-0.470722955316533
"MLLT6",-0.471112305046376
"SNORD14A",-0.471205637170283
"GRSF1",-0.472112687367621
"COX10",-0.472340543924056
"CCNF",-0.472612569033587
"TNK1",-0.472719359180511
"ZCWPW2",-0.473324795508292
"ZNF414",-0.473388292643001
"ZFHX3-AS1",-0.474165376044454
"SRP14P2",-0.474333206866867
"MBD6",-0.474424190624467
"FTH1P8",-0.474560380148784
"RNF168",-0.474724227459993
"TG",-0.474835899514875
"LEMD3",-0.474960862667806
"CD164",-0.475224580733335
"LSM7",-0.47544431923467
"MEA1",-0.475756712044218
"CHD1-DT",-0.475855885949471
"CABP7",-0.476031078062493
"TRPS1-AS1",-0.476250468144845
"OCIAD1",-0.476657442647719
"CCDC57",-0.47666079875706
"LINC01607",-0.476977061434638
"EED",-0.476983801826224
"DDX59",-0.477185879527817
"RNU6-1294P",-0.477465409852731
"SPRED3",-0.478016834862341
"MKNK1-AS1",-0.478024596226747
"SNORA80A",-0.478265104893051
"RSU1",-0.478482529144429
"CRYBA1",-0.478800834254899
"PPP1R21",-0.478937525716326
"QRICH1",-0.478986789741529
"AP1M1",-0.479337370735023
"TIMMDC1",-0.479362101379399
"HMOX2",-0.479640798225426
"GABPB2",-0.479654315718812
"RAB2A",-0.47989591494653
"MRPS26",-0.480579347971143
"TDG",-0.480661851783553
"TBCCD1",-0.480865688583042
"AMPD2",-0.481116262237023
"KANSL1L",-0.481184862084291
"HCG11",-0.481228677748724
"TBC1D10B",-0.481339579220732
"ZNF528-AS1",-0.481534197147983
"KDM7A",-0.481741496697361
"MRPL47",-0.482020127047135
"DCTN4",-0.482116678815151
"RAB3GAP2",-0.482173122035747
"TSEN34",-0.48263807392409
"MTMR11",-0.482707820256337
"ACSBG1",-0.482809889302617
"TEX264",-0.483048152471872
"DSTNP3",-0.483186397427131
"PIGW",-0.483452208982271
"ASXL2",-0.484268042338479
"IZUMO4",-0.484386093605099
"MRAS",-0.484490748778528
"CPEB2",-0.484544126012669
"SPDYE17",-0.485480498329707
"KRR1P1",-0.485834706297766
"DELE1",-0.486033977561502
"SLC39A14",-0.486086608147255
"GLUD2",-0.486306936919829
"RPL21P97",-0.486374965399491
"HSD17B7",-0.486908670733966
"AK8",-0.486944420174349
"ESYT1",-0.487034010345846
"PRDM2",-0.487249167514264
"LINC02887",-0.487517936516627
"TUFT1",-0.487555720490558
"BAG3",-0.488486271014906
"ZNF747-DT",-0.488601157656603
"LHCGR",-0.488661445543197
"PRB1",-0.488661445543197
"ING5",-0.488806529252027
"CIRBP-AS1",-0.489013244522972
"IFT122P2",-0.489352645485324
"MRPL57",-0.489370940912443
"DYNLT3",-0.49037639504387
"DYRK1A",-0.490551922165364
"RGP1",-0.490743133821527
"SNORD101",-0.490966615745811
"VPS4A",-0.490974026151007
"ENSA",-0.491307433547484
"BNIP2",-0.491815329064085
"RIOX2",-0.492067248875338
"PPAN",-0.492125708123872
"SLC25A38",-0.492299718065662
"PARN",-0.492625043392673
"MIR1282",-0.492691946547055
"TUBAP2",-0.492800769447981
"SREK1",-0.49284300371497
"EPS15",-0.492894751944614
"CRADD-AS1",-0.493441227624694
"SP4",-0.49368540851673
"SPDYE3",-0.493975583164288
"SERINC1",-0.494388750603444
"CCDC127",-0.494589566741116
"CETN3",-0.495191440345647
"GSTT2",-0.495699034844281
"RSPRY1",-0.496411840156979
"NDUFC1",-0.497174906048476
"RNU6-198P",-0.497805522095128
"PHIP",-0.497924992830026
"MRPS10",-0.498685589099279
"LUC7L",-0.498686527243841
"INTS1",-0.50007247660788
"RPL15P8",-0.500089521928986
"ATP5F1E",-0.500138192456791
"TOMM40",-0.500296465268529
"TDRD6",-0.50038722116163
"FAM186A",-0.50038722116163
"GGTA2P",-0.50038722116163
"DTD1-AS1",-0.50038722116163
"H3P6",-0.500428488279697
"SLC25A21-AS1",-0.500567607648219
"RN7SL621P",-0.500845647906381
"LINC01187",-0.500914641129368
"WAPL",-0.501512802700324
"ZC3H3",-0.501658974313464
"C19orf25",-0.501735088090133
"COMMD10",-0.501984029020779
"SMAD5-AS1",-0.502236112917056
"RN7SL386P",-0.502671105695428
"APONP",-0.502671105695428
"RN7SL364P",-0.502671105695428
"LINC02841",-0.502671105695428
"HNRNPCL4",-0.503955601337882
"LCN10",-0.503955601337882
"PRSS3P1",-0.504534304189207
"ZNF664",-0.504571839416161
"ADI1",-0.505169919057164
"HLA-F",-0.505328609994811
"LINC00630",-0.505492853103681
"ZBTB11",-0.50580783663641
"POLR1B",-0.505954972749934
"NT5DC1",-0.506009516588506
"PSMC1P1",-0.506098101648679
"SPDYE2",-0.506479717186509
"YWHAZP10",-0.50663818432834
"NCK1",-0.50669092636249
"SDS",-0.507214474937424
"NHLRC3",-0.507273956366631
"TWIST1",-0.507920468502275
"TDRKH-AS1",-0.507955836761369
"APMAP",-0.508052166771955
"MIR4717",-0.508240157518118
"EEF1A1P14",-0.508532971777341
"IQCE",-0.508602020165674
"FAM210A",-0.50897246666765
"ACSL6",-0.509161179412132
"NDRG1",-0.510388701743797
"ANXA7",-0.510949809743287
"RNA5SP310",-0.511165021493447
"VPS35",-0.511309816868746
"MKNK1",-0.511541250310737
"XPNPEP1",-0.511843886038135
"EDA",-0.512128974782047
"RNF220",-0.512160643557861
"SNX2",-0.512299565570412
"HSPD1P3",-0.512882605429383
"IPP",-0.512998487782388
"HMGN1P38",-0.513076129099445
"RNY1",-0.51321991302298
"MIR548AW",-0.51321991302298
"YARS1",-0.5138668828408
"FTX",-0.513886705604423
"MIR1255A",-0.514322890921785
"NDUFV1-DT",-0.514322890921785
"RAB23",-0.514755948354241
"ZFYVE16",-0.51507554602026
"DNAJB1P1",-0.515083981822099
"SLIRP",-0.515277450524439
"MED13",-0.515528183057554
"BAZ1B",-0.515579971144336
"PCMT1",-0.516257845515249
"ACP3",-0.516353068385662
"SLC25A34-AS1",-0.517023839034441
"ANGPT2",-0.517474933903225
"DHODH",-0.517525974635644
"PPIAP47",-0.517665614792246
"KRT18P32",-0.517757258263534
"EIF3J",-0.518285481453067
"DBN1",-0.518525190179985
"DNAJB6P2",-0.518593039223268
"UBXN2B",-0.518852720927816
"XPNPEP3",-0.519254455868063
"RPL10AP6",-0.520843785477237
"PSME1",-0.521526841720202
"RPS10P9",-0.522809656815117
"NAIP",-0.523018298803474
"LINC01412",-0.523396172452626
"B3GLCT",-0.523455219399847
"EEF1A1P4",-0.524041376726259
"HMG20B",-0.524228944730258
"PKD2L2",-0.525117013591683
"TOX4",-0.526621720841495
"ZNF597",-0.526905578395155
"FAM106B",-0.52729249673988
"UBE4A",-0.527426094863116
"ATF3",-0.527676740785021
"TRIR",-0.527780830106084
"SCARNA18",-0.527809082441251
"ZNF2",-0.528462519888316
"NLRC5",-0.528626971470137
"FAM50A",-0.528630595175126
"LTBP4",-0.528756918771705
"FOXK2",-0.529133484577687
"CCDC125",-0.5294683189041
"H3P12",-0.529603900898711
"ETHE1",-0.530156306765152
"TPX2",-0.53034062228295
"RIPOR3-AS1",-0.530847459390958
"RNU2-7P",-0.530898619385143
"POLE3",-0.531112010515025
"GIMAP8",-0.533446619945098
"JAGN1",-0.534427493108813
"SLC37A4",-0.534911693223538
"TMEM18",-0.535242350145955
"CALML3-AS1",-0.53529261314744
"DDX23",-0.535827311622835
"DEAF1",-0.536460094775452
"TRIM60P17",-0.536475575313149
"XPO7",-0.536484760269499
"NCAPD2",-0.536691191974592
"PRRC2A",-0.536995994687259
"ZNF561",-0.537780315721805
"RPS8",-0.53783558200687
"CHRDL2",-0.537952479403073
"SRRM5",-0.537955855894188
"FANCL",-0.538044275697072
"WDR37",-0.538135691242117
"YWHAZ",-0.539090128024204
"XPC",-0.539120950012206
"ZSCAN12",-0.539913437662509
"CYP51A1",-0.5406271911459
"RPL23AP43",-0.541095670825191
"ZNF439",-0.541107502186401
"POLR3GL",-0.541223089807205
"LINC01977",-0.541301722662769
"BCL10-AS1",-0.541305605292613
"KRT18P47",-0.541492080845855
"RN7SL735P",-0.541492080845855
"MED30",-0.542204726919239
"MAU2",-0.542427065754817
"GAA",-0.542446280110178
"MRPS9-AS1",-0.542458519011899
"PRKCIP1",-0.542511497686252
"COQ9",-0.543611744020035
"DCLRE1C",-0.543918601702511
"SUMF2",-0.54400424522825
"ZSCAN23",-0.545431850752293
"MPC2",-0.546644467886905
"DOCK9-DT",-0.54682543632305
"ANP32A",-0.547326055554161
"PRPF39",-0.547537427114676
"ZNF512",-0.547897942595681
"RNU6-1214P",-0.548119448224818
"SLC35G6",-0.548645829588671
"KCTD15",-0.549970191205265
"BRIP1",-0.551379046861449
"CDSN",-0.551890977145
"PAX4",-0.551890977145
"LINC01050",-0.551890977145
"ATXN7L2",-0.552100763952871
"SRPK2P",-0.552521068095971
"B3GNT9",-0.55294923854871
"RGPD8",-0.553115300602514
"LINC00665",-0.553710473946338
"REG1B",-0.554271488002487
"TTLL6",-0.554271488002487
"URI1",-0.554369728051755
"ADRA2B",-0.55442121560901
"CHRNG",-0.554483077637019
"LRTOMT",-0.554525267736091
"MCM3",-0.55475194762319
"PROSER2",-0.55519738170693
"PAFAH2",-0.555612603672531
"MFN1",-0.555649733805628
"DPH3",-0.555730214289783
"RPL24P2",-0.555958646956257
"RNU6-1324P",-0.555967458938835
"KARS1P2",-0.555967458938835
"NADK",-0.556181996601164
"MAGEL2",-0.55641990231426
"CGB1",-0.55641990231426
"ERC1",-0.558459324851314
"TBRG1",-0.558611058392396
"MIR146B",-0.559017164166428
"ABCB6",-0.559047986762745
"PPP3CA",-0.559565765178606
"NPM1P37",-0.559672271709721
"CCT3",-0.55984977503414
"FAHD2B",-0.560181179114256
"RPS4XP11",-0.560197093872418
"YEATS2",-0.560342857944429
"PAPOLA",-0.560404637610615
"RRP36",-0.560634302258901
"STMN1",-0.561054876563328
"RPS3AP25",-0.561081944615275
"RAB3D",-0.561417317255617
"CPSF6",-0.561610379159986
"RPL7P6",-0.56172387237879
"SMUG1",-0.561780634922433
"ABITRAM",-0.562079835867637
"GCHFR",-0.562679181089642
"MT-RNR1",-0.562888089263551
"TRAJ35",-0.562910159527293
"AARSD1P1",-0.563089008856011
"ZNF638",-0.563199480327848
"LARP7",-0.563578731953989
"ERP29",-0.563749034748814
"FAM88D",-0.563809008469958
"MIR99A",-0.564059117212219
"ST7-AS2",-0.564063041553632
"TVP23BP3",-0.564237764317947
"TNFRSF25",-0.564739264714305
"SP1",-0.564984343379958
"LCK",-0.565397974218805
"LINC01271",-0.565433770796408
"BUB1",-0.565473643630283
"ZNF398",-0.565901656142397
"EPM2AIP1",-0.566877103473933
"ATP6V1C1",-0.566902376239952
"RPRD1B",-0.567233749103123
"MTATP8P1",-0.568411150368321
"FAM120AOS",-0.568497588848577
"PPP6C",-0.568805688690419
"KNOP1",-0.568935438694802
"B3GNT3",-0.568968667370318
"PDHX",-0.569831111902565
"TNS2-AS1",-0.569862118211955
"FTH1P16",-0.569925474894555
"HOXB-AS3",-0.570122647572563
"RAD52",-0.570143268590362
"RN7SL76P",-0.570340543982054
"RNA5SP466",-0.570880774368522
"IGHVIII-5-2",-0.571067227463099
"KBTBD4",-0.571169096810119
"UBE2G2",-0.571263416294638
"RNU6-628P",-0.571485414143933
"PAUPAR",-0.571485414143933
"RNA5SP363",-0.571485414143933
"MAMDC2",-0.571847822852643
"MTCH1P2",-0.571860980148997
"FXR1",-0.57227580879901
"INTS5",-0.572471914861308
"DDN",-0.573061027543819
"OSBPL2",-0.573068108488343
"TAX1BP1",-0.573586291456519
"CSRP2",-0.573849995087713
"RBM38-AS1",-0.574053382809287
"FAHD2A",-0.574439360151427
"RPL17P9",-0.574546432506295
"SYNGR2",-0.575091396426687
"SLC25A46",-0.575110368841929
"EDC3",-0.575120480094394
"CHMP3-AS1",-0.575856663056425
"ENTPD5",-0.576225684368087
"GPSM2",-0.576369929931506
"MLXIP",-0.576375512787216
"LGALSL-DT",-0.576843695997429
"SLC35D2",-0.577610656770162
"ELP4",-0.577897579109192
"BOLA3-DT",-0.578381205611808
"RNF138P1",-0.578505729967889
"ACTBP4",-0.578505729967889
"MIR4714",-0.578505729967889
"ELAC1",-0.57873029092532
"PFKM",-0.579282246767445
"METTL6",-0.57938390857742
"WASHC1",-0.57951482267369
"ADARB2",-0.58013432409231
"PITPNB",-0.580308413899646
"ZER1",-0.580367630449478
"ACOT12",-0.580426656833883
"ARK2C",-0.580426656833883
"MED9",-0.581100241573179
"P2RY4",-0.582633681185265
"RNU6-376P",-0.582633681185265
"FKBP1AP2",-0.583559338370818
"HNRNPKP1",-0.58377331206258
"MRS2",-0.583823337333014
"ZNF280C",-0.584032138284206
"RNPS1P1",-0.584695441477416
"PDCD5",-0.585316005460713
"TMEM109-DT",-0.586205704385497
"ACTR1B",-0.58625193126823
"SMIM23",-0.586796574087434
"RPS14P5",-0.586949408258056
"C5AR1",-0.587170714144535
"NOB1",-0.587252430333944
"PLG",-0.587281742502344
"PKNOX1",-0.58743116728468
"SNHG11",-0.587992916636326
"USP6",-0.587993135890323
"KLHL36",-0.588368174698463
"RNF40",-0.588707386634612
"NYAP2",-0.588778724766594
"ICE2",-0.588828254088154
"TRAPPC13",-0.589322781897398
"ARMCX5",-0.589338465106267
"RAE1",-0.58979016666807
"TAF8",-0.589812112559246
"QSER1",-0.590028759058455
"CORO1C",-0.590723433270506
"SLCO1B1",-0.591028305230138
"ZNF646",-0.591555141086026
"BAZ1A-AS1",-0.591862023890989
"HIRIP3",-0.592003017347356
"GTPBP10",-0.59217906229324
"BCLAF1",-0.593207045242514
"UBE2E4P",-0.593410406321246
"SNX11",-0.594024650495396
"TWSG1",-0.594436895108558
"KCNC3",-0.594952146789647
"RNA5SP227",-0.595082296553685
"RNU6-1088P",-0.595088446091346
"RBM27",-0.595132673212396
"BAD",-0.5951673684224
"AAR2",-0.595177461590533
"PEX11G",-0.5954382633395
"MT2P1",-0.595439725746059
"SCRN3",-0.595464847328522
"BTF3P12",-0.596338587914742
"PNPO",-0.596799750637068
"UBE3A",-0.597060945187414
"PTCHD3P1",-0.597822081548691
"ARL15",-0.597927931450602
"AGK",-0.598348581467702
"RGS5",-0.598945032936728
"PNO1",-0.601604638209679
"RNF20",-0.601614608196147
"SNHG26",-0.601819270524159
"STAG1-DT",-0.601838616364552
"RETSAT",-0.60208788644874
"USP34-DT",-0.602154194357327
"RPL7AP39",-0.602255336251513
"EIF3L",-0.602466285333627
"HSPBP1",-0.602800069451966
"RPL7P17",-0.603303167680754
"SGSH",-0.603560671910955
"CD96",-0.603779938664698
"LAMTOR2",-0.60407191869017
"CRLF3",-0.604314209441563
"POGK",-0.604489966167546
"CCDC59",-0.604526065102878
"KCTD20",-0.605054521196692
"TMEM14C",-0.605685260822368
"NSL1",-0.606192105084744
"BZW1P2",-0.606442155153686
"LINC01189",-0.606617159569039
"WDFY2",-0.606621832260603
"SETP6",-0.606885669834083
"OAT",-0.607206212185777
"HNRNPA1P39",-0.607222895680047
"RPLP0P6",-0.607462631714256
"KPTN",-0.607534890834705
"PLEKHG2",-0.60772904490282
"XPC-AS1",-0.608784343939134
"PABPC1L",-0.608871128142467
"IL7",-0.609910469460959
"SEC24B",-0.61037377808413
"SEPTIN10",-0.610572110230038
"MYO1A",-0.610893525743899
"SNORA9B",-0.611061467349102
"PLEKHS1",-0.61115145748243
"PLA2G4D",-0.61115145748243
"MKRN3",-0.611209126047804
"KCNAB1",-0.611329166604315
"DHX16",-0.611621619098176
"SCAF4",-0.612135040770016
"CLK3",-0.612178468559198
"YAE1-DT",-0.612287697932651
"ZNF263",-0.612353746115417
"HNRNPCL1",-0.612827010830698
"SNRPGP10",-0.613244182534507
"ABCA12",-0.613979149781054
"FFAR2",-0.615282469309834
"ZNF181",-0.615520028358247
"UTP14A",-0.616203865000546
"ASH2L",-0.616672886202506
"ZNNT1",-0.616680891184588
"ZMYM1",-0.616725637214533
"ART3",-0.616934955304966
"PCF11",-0.617008349194279
"TTL",-0.618015541664645
"PWP2",-0.618379593519449
"SLC38A1",-0.618441365011119
"QKI",-0.618591443395881
"SGPP1",-0.618771477369197
"MARCHF3",-0.619952195091906
"SYNM-AS1",-0.621477683543189
"BOK-AS1",-0.621516931739956
"CX3CR1",-0.621912329292561
"CAVIN3",-0.62271656233079
"YARS2",-0.622796133297294
"RCCD1-AS1",-0.62412319835034
"HNRNPDL",-0.624132779419847
"C1orf35",-0.624222720408747
"MATR3P1",-0.624232064184776
"ZFAND2B",-0.624862457514862
"CEP44",-0.625317395919357
"ICMT",-0.625324548087646
"NSG1",-0.626147190196954
"CIAPIN1",-0.626361490537064
"MSANTD4",-0.626504733044221
"MALINC1",-0.626824417481258
"SMIM26",-0.627349871693686
"ZNF585B",-0.627664783719076
"LINC01278",-0.627776912318957
"CDK12",-0.628339852021142
"PPP1R3D",-0.629291484763871
"RPS11P5",-0.629575394620545
"RITA1",-0.630229525852027
"FPGS",-0.630381248505668
"DPH5-DT",-0.630395464667001
"EGR3",-0.630879318498089
"SMARCA2",-0.631373709828425
"TPRG1",-0.63197067082533
"DNAJC28",-0.632464961083643
"VDAC1P6",-0.633077158742449
"EFCAB14",-0.633375923723236
"TIA1",-0.634653617424279
"COX6B2",-0.634962392407345
"SYNGR4",-0.635198244206971
"MYH15",-0.635483032790556
"BANF1P1",-0.635746699797795
"RPF1",-0.6368483545458
"HMGA1P4",-0.637733519449964
"PGD",-0.637751647560233
"MAN2A2",-0.638424360237149
"SHQ1",-0.638503892603658
"DCAF16",-0.638646523541388
"LDHBP2",-0.638971860243458
"NEK9",-0.639961336002967
"HMGB2",-0.640345010022026
"RN7SL204P",-0.64055532144906
"DDX50P2",-0.64055532144906
"TUBB8B",-0.64055532144906
"VPS72",-0.640805321452989
"DDX19A",-0.641221375567132
"DENND4B",-0.641814150690685
"SUMO2P19",-0.643113810369645
"TMEM256P1",-0.643113810369645
"RNA5SP375",-0.643113810369645
"MAST3",-0.643802779747233
"MIR5000",-0.643859848433374
"TRNT1",-0.64425361795666
"EIF3KP1",-0.644311285634362
"INTS14",-0.644529233758455
"INVS",-0.644968500188713
"ATRX",-0.645060539597352
"ZNF165",-0.646319528185654
"MPI",-0.646499320337865
"CXXC5-AS1",-0.647307735033847
"TNK2-AS1",-0.647494116691247
"ZMYM6",-0.647593110314511
"CTCF-DT",-0.648388167542315
"ORMDL2",-0.648469767631044
"MRPL43",-0.648588560992578
"RPS2P46",-0.648797640535086
"FOSL1",-0.648908893058144
"LINC01214",-0.649605955917848
"TRMT61B",-0.649942823279995
"ATXN2-AS",-0.651045066550257
"RAD18",-0.651121479066062
"GEMIN6",-0.651191562223364
"THBS4",-0.651222593596019
"MED4",-0.651316097179559
"GGT4P",-0.651718855487393
"MT-ND3",-0.653047797029534
"ARHGAP10",-0.653208656441047
"LCA5L",-0.653246887013776
"WRAP53",-0.653465594165048
"PPP2R1A",-0.653866937018525
"WDR73",-0.653959424351701
"SNX16",-0.65468443729138
"ZRSR2",-0.656415888634645
"GTF3C6",-0.656434214997261
"LINC00921",-0.65646043407436
"TRMT6",-0.656502421431967
"ABCF1",-0.657270147730255
"CAMTA2-AS1",-0.65755008777559
"DNAH17-AS1",-0.658019075980466
"ARPC1AP2",-0.658230451793776
"PJVK",-0.659880291981662
"HNRNPA0",-0.659951845413965
"PHB2",-0.660470311343622
"MED4-AS1",-0.660656169487219
"GTF2H2C",-0.660836412530405
"GTF3C4",-0.660857756839286
"UBQLN2",-0.661414087529109
"PSEN1",-0.661466753422387
"FAM32A",-0.661647695386901
"RBBP4",-0.661767187192877
"MINDY1",-0.661922688323878
"PGAM4",-0.66199523544086
"DCAF10",-0.662554522907779
"MASTL",-0.663485846101158
"DPH1",-0.663540377128987
"SHC1",-0.663861140678012
"DMAC2",-0.66602977855613
"HNRNPA1P12",-0.667041016332357
"USPL1",-0.667298609541089
"MRPL58",-0.667312014921694
"LAMTOR1",-0.6677204725808
"PRIM1",-0.667929131633134
"TBCAP1",-0.668475206141398
"NRL",-0.669255568847663
"INPP5A",-0.669285120781135
"TMEM230P2",-0.669400545421733
"RN7SL709P",-0.66940792595122
"MARF1",-0.669822815403683
"KIF3B",-0.670199041567419
"EIF3A",-0.670942244510018
"DDB2",-0.671223656170867
"CCNT1",-0.671489352277291
"DTX2",-0.671563293874279
"PIMREGP4",-0.671939359611959
"RPL39P38",-0.672201344692161
"MMP24OS",-0.672222486871058
"LINC02801",-0.673560849449944
"PIWIL4",-0.673560849449944
"HIGD1AP17",-0.674185279657038
"STAT5B",-0.674536797251699
"RPL6",-0.674600162151465
"FAM83F",-0.674605868128155
"CAMTA2",-0.675095726739185
"SLC4A1APP1",-0.675116254743516
"ACAT1",-0.675295541967517
"LZTFL1",-0.675297406471046
"ADSS2",-0.675304842364243
"UBE2H-DT",-0.675710123587281
"TYW1",-0.675935438503037
"DNAJC2",-0.67616246463796
"DSCR10",-0.676372464839661
"CCDC146",-0.677146585637871
"RRP1",-0.67727788383329
"RNU6-856P",-0.677319142484639
"PPIAP8",-0.677419019921761
"FSHB",-0.677931796921676
"APH1A",-0.678584226767886
"GMPR2",-0.678691830000422
"GPAT4",-0.678773275507799
"CELA2B",-0.678928933873217
"HOXD4",-0.68018924135648
"IL3",-0.68018924135648
"GARS1-DT",-0.680725612890353
"RNA5SP370",-0.681433417423732
"PIK3C3",-0.681475787245616
"MIR153-1",-0.681525812359444
"COLGALT1",-0.681589576869867
"ATP2A1-AS1",-0.681626900189945
"RNU4-59P",-0.681667802081206
"SESN2",-0.68223952124753
"ZNF829",-0.682320805225236
"H2AZP1",-0.682364296617959
"MAP3K12",-0.682614850542376
"DTX1",-0.683038442127907
"VEGFA",-0.683625979354801
"DHCR7-DT",-0.683719488481302
"PFKFB4",-0.68398634626847
"LINC02345",-0.684249932565448
"RNA5SP450",-0.684377663492906
"ITPK1-AS1",-0.684407566654321
"SETP14",-0.684567551993998
"RPS6P25",-0.684969011703338
"THAP11",-0.685414866365829
"RPL23AP59",-0.685994343902429
"DBTP1",-0.686342974355023
"UQCRB-AS1",-0.6863921177047
"MAFA-AS1",-0.686554651504509
"MUC7",-0.686892754981432
"DHX33-DT",-0.686892754981432
"NMD3",-0.687301608376611
"CBR1",-0.687376925816879
"H6PD",-0.68768279261525
"LINC02450",-0.687890562543357
"MGAT4B",-0.688492614313016
"XRCC3",-0.688766391219664
"SIK3",-0.69021580329858
"MMUT",-0.691436885149667
"METTL15",-0.691482924771459
"GCSAM",-0.691566136656518
"RAB5A",-0.692207423701919
"NUDT5P1",-0.692453756621393
"CLSTN3",-0.693095120743922
"MRPS15",-0.69329251328237
"OGG1",-0.693714183954577
"GARRE1",-0.693894707553533
"BSND",-0.69406551918263
"UTP23",-0.694119925739157
"LINC00458",-0.694120672571196
"KLF15",-0.694686297069226
"HUWE1",-0.694791351615915
"FIP1L1",-0.696019066454811
"DNAJC27",-0.696110901027652
"AUH",-0.696671224461609
"STXBP3",-0.697189421862791
"MOSMO",-0.697497046385327
"ANKHD1-DT",-0.697629823486762
"DHX29",-0.69801113805334
"CSNK1D",-0.698605633357839
"HIGD1AP1",-0.699006074370212
"MIR497HG",-0.699099831587495
"N4BP2L2",-0.699598727131711
"PDE8A",-0.699829737649477
"MAPRE2",-0.701477573149474
"SLC7A6OS",-0.701543042276945
"RNU6-31P",-0.702151329482637
"CHCHD1",-0.702387947695063
"COX7A2L",-0.702718749506258
"RPLP1P13",-0.702743927135627
"PSMB4",-0.70310592138691
"MOB1A",-0.703440076078318
"LRRC37A",-0.703841947936777
"SND1-IT1",-0.703945138606194
"RGS17P1",-0.703974325216608
"NMNAT3",-0.704313445143782
"GRINA",-0.704450416727649
"FAR1",-0.704829867070856
"TMEM134",-0.705223502795074
"IQCC",-0.705475951162056
"TIMM10",-0.705680094869928
"POLR2M",-0.706075188512716
"LINC01361",-0.708272179672795
"TANGO2",-0.708301490173507
"GYPE",-0.708642315638556
"MED27",-0.709334831209577
"PSMC1P5",-0.71019646092383
"TBP",-0.710617336879422
"MAP2K1",-0.711009376224077
"GINM1",-0.713049903339736
"ZKSCAN5",-0.713570410470623
"SH3KBP1",-0.713876905823316
"CCNL2",-0.714309583366325
"KGD4",-0.714733592259627
"EIF4E3",-0.714944408181222
"PDRG1",-0.715104937221696
"CDC42EP3",-0.715647779354755
"MFSD4B-DT",-0.715905780058263
"C1QBP",-0.715931001542751
"NR1D2",-0.716874811776892
"EIF2AK2",-0.717777328599801
"GMNN",-0.717820198467231
"DCTN1",-0.717874908515525
"TMA7B",-0.71900305258238
"GNG10",-0.720519113211397
"ADCY10",-0.721832378158815
"CAB39",-0.722002553337362
"BCOR",-0.722017875878795
"PSMA2P3",-0.722440811564433
"ZNF724",-0.722440811564433
"SBDS",-0.724566394271899
"CNTD1",-0.724950566430651
"RPAP2P1",-0.725009622731506
"HNRNPL",-0.72503027943918
"WARS2-AS1",-0.725172046534854
"ZBTB8B",-0.725725903846299
"FLYWCH1",-0.725762294996351
"PTPN11",-0.72582068919323
"GNPTAB",-0.725911858956741
"HPF1",-0.72617419072285
"ZNF725P",-0.726484576433628
"EFCAB11",-0.726651110900355
"PPY",-0.726651110900355
"IGFL4",-0.726651110900355
"XRCC6",-0.727410395257913
"RNU4-35P",-0.727435716051327
"PUS3",-0.728230784165475
"ARPC5",-0.72893438184043
"TM9SF3",-0.729117994792393
"RAB6C",-0.729766078286168
"FLAD1",-0.729890506997386
"PCNX3",-0.729916657502135
"RNU6-8",-0.730229549077818
"DIP2A-IT1",-0.730586985843584
"SNHG10",-0.730814335150169
"MIR3677HG",-0.731532729176067
"RPL21P120",-0.731583376352799
"MIR548K",-0.731611227112025
"G3BP1",-0.731877686308914
"AP4M1",-0.732696250075291
"VN1R10P",-0.733427637748283
"SMTNL2",-0.733427637748283
"CCL15-CCL14",-0.733427637748283
"SF1",-0.733796258047724
"POP5",-0.733845932684427
"NUDT9P1",-0.734082088830234
"SRSF6",-0.734317191890204
"ABHD6",-0.734404018097444
"RPL7P22",-0.734562204668239
"GET3",-0.735113298239573
"RNU6-199P",-0.735424615360759
"SNORD127",-0.735424615360759
"FAM229B",-0.736509461345205
"SLC6A8",-0.736561503023497
"RPL21P29",-0.736925150191889
"IFT20",-0.737374689954799
"DNAJA3",-0.73780911195088
"SLC39A6",-0.738143129182614
"SDHD",-0.738633655600738
"FBXO6",-0.739080977109542
"AGTRAP",-0.739441608902693
"RFXANK",-0.739915967043224
"LINC02473",-0.740515779870192
"TANK-AS1",-0.74062580841353
"TIMM23",-0.741238579933706
"CCR5",-0.741434047239028
"LIPT1",-0.742796724368914
"CHKB-CPT1B",-0.74296882959904
"H2AJ",-0.743117772614965
"EIF4EP2",-0.743154918845971
"COQ7",-0.743168051068323
"MIR302CHG",-0.744006512544707
"MIR5089",-0.744169895749516
"RAB43P1",-0.744296726648635
"PSMD1",-0.744300908523338
"TYK2",-0.745088640448562
"AKT2",-0.745341206119395
"MIR548AS",-0.745600356798335
"CARHSP1-DT",-0.745600356798335
"CRTC3",-0.745829154222287
"ARID4A",-0.74636349483004
"ILK",-0.746860995634508
"CXCL9",-0.746993168169591
"SMIM27",-0.747210748480476
"RPS3AP6",-0.747307893456603
"EEF1A1P24",-0.747637715171089
"RXRB",-0.748795023569563
"SMCO4",-0.748932820062875
"BPNT1",-0.7499569406236
"LINC01968",-0.75002177349131
"RPS7P1",-0.750587813684128
"ADRB1",-0.751070932440827
"ATXN1L",-0.751182000288596
"TMEM232",-0.751623963128482
"HOXD3",-0.752058796300518
"VILL",-0.752470698422334
"TAF10",-0.752805828346914
"CHMP5",-0.753747728344214
"SYTL3",-0.753775573065476
"PKN2-AS1",-0.75453095599936
"ANAPC15",-0.755181051577391
"GFAP",-0.755291452663624
"HMGN5",-0.756331404490331
"UBE2D3P2",-0.756697325424541
"LINC01853",-0.756915760272981
"TRIM7-AS2",-0.756915760272981
"MIR548AY",-0.758030310489204
"LACC1",-0.758186233788786
"MED10",-0.758606903200181
"NKX2-2",-0.759405578775494
"LDB3",-0.760860384589809
"RGPD4",-0.761437236713773
"SLC38A7",-0.761444498024231
"JPT2",-0.763691825285876
"SOS2",-0.765143661385663
"CTNS",-0.765589952748645
"ARRB2",-0.767193078592688
"ENDOU",-0.767348405338276
"NR2C2",-0.767704184790545
"NSMCE4A",-0.767948062592332
"TMCO6",-0.768588355688327
"RPL29P16",-0.7688174011935
"TP53BP1",-0.769251339327755
"MYNN",-0.769363646144483
"MIR9-1HG",-0.769676466240125
"ILF3",-0.770113532573686
"OR2AI1P",-0.770446464887199
"LINC02314",-0.770446464887199
"INTS2",-0.77049845915177
"MYL12BP3",-0.770519383481156
"MAPK13",-0.770985876524985
"ZBTB20",-0.771610612702886
"RNU6-218P",-0.773146031286312
"HMGB3P27",-0.773146031286312
"FAM47E-STBD1",-0.773193431929007
"THAP12",-0.773208765547346
"MIEF2",-0.77365500639135
"SLTM",-0.773720327749738
"MARK1",-0.774446895449633
"RBX1P2",-0.774446895449633
"OBSCN",-0.775474327485028
"PSMC6",-0.776865567205993
"NUP107",-0.777302954153828
"TOMM5",-0.777705277936943
"U2AF1L4",-0.778070059468349
"PAN3",-0.778320574112657
"ZMAT5",-0.778522058065622
"RN7SL832P",-0.778732621476287
"PCDHGB9P",-0.778925841401837
"UBA5P1",-0.779259780847176
"RN7SL608P",-0.7793075869677
"CUL2",-0.779928520354303
"RPS7P3",-0.780930535755195
"CCDC168",-0.781319710827297
"LDHBP1",-0.781385194517125
"MAP3K19",-0.781421588018328
"RNY3P8",-0.781586221913587
"SYS1",-0.781727312781819
"ZNF470",-0.782054923738776
"LINC00881",-0.782339145380786
"RPL11P3",-0.782912189548718
"TNKS",-0.783187250395034
"PITRM1",-0.783469798799466
"UROD",-0.784570059063679
"MAP2K5",-0.784937028726953
"FAM168B",-0.785733053616662
"HNRNPA3P10",-0.786455944756024
"RABGGTB",-0.786975118779847
"SYT1",-0.787201571462297
"BBS5",-0.787332892194094
"DGUOK-AS1",-0.787399789273517
"GTF3C6P2",-0.787513107873991
"REST",-0.790277161315737
"WDR75",-0.790325429074368
"AGO3",-0.791125466118979
"PRKAG3",-0.791246506138225
"PPP2R2D",-0.791270877902576
"CYCSP38",-0.792082159565763
"ARGLU1-DT",-0.792689098595918
"RPL36",-0.792831874769187
"VPS13C",-0.793298664076423
"WDR5B",-0.793455992916787
"HMGB1P20",-0.794492980502947
"LAMP1",-0.794547066525709
"RNU6ATAC16P",-0.795153672334984
"MIR3617",-0.795153672334984
"MSANTD7",-0.795185031638032
"RN7SL620P",-0.795322599297316
"BAX",-0.796253445746756
"KBTBD11-OT1",-0.796447829532678
"SLC44A2",-0.796914733000541
"GAB3",-0.797066877316893
"ELDR",-0.797074264004533
"MKS1",-0.79731568137669
"HTR2B",-0.797688742182229
"CFAP68",-0.798731922768616
"ZNG1A",-0.798795308247012
"SUCLA2-AS1",-0.798808870270875
"NUP62CL",-0.798957342465446
"ZNF317",-0.799326051760424
"KIF17",-0.799605779640004
"AIFM3",-0.800045197731008
"B4GALNT2",-0.80204033757095
"SCAF8",-0.802140013430225
"STX17",-0.802165789033816
"PSMC2P1",-0.802463636272412
"ELOCP33",-0.802835799726605
"SEC11A",-0.802856791271817
"KCNQ1OT1",-0.80323103826622
"AFF4-DT",-0.803599054341748
"HOXB6",-0.80366175379334
"BPTFP1",-0.80366175379334
"SH2B1",-0.804308424998224
"MRPL11",-0.804545611433755
"COG3",-0.805418877985948
"ORC2",-0.805529368217188
"DEDD",-0.805586324288777
"RNU7-45P",-0.806284917788953
"MADD-AS1",-0.806333475838435
"A2ML1-AS2",-0.806333475838435
"DPPA3P6",-0.806333475838435
"ZNF496-DT",-0.80768960714051
"CCP110",-0.808507609541717
"IFNL2",-0.808579226032329
"MOV10L1",-0.808579226032329
"BMPR2",-0.809096344906897
"SMPD2",-0.809678062992741
"NPM1P48",-0.810187927384894
"LMTK2",-0.811193878974692
"GP6",-0.81122750218671
"EXOC5P1",-0.811359815270441
"RIDA",-0.811512358682767
"PCNX4-DT",-0.811833007442802
"RPL7A",-0.812072810906818
"FKTN",-0.812238712673692
"CDK9",-0.812527102043474
"EIF1P6",-0.81306658614824
"IL6R-AS1",-0.813670236086071
"CLNS1A",-0.81369734453371
"NUTM2D",-0.814135903990756
"CMPK1",-0.814198312119164
"TSTD2",-0.815337425150194
"RN7SL297P",-0.816057857041397
"KCNIP2-AS1",-0.816057857041397
"POLR2G",-0.816188576991594
"HDHD2",-0.81622775528669
"CLCN2",-0.816966495287804
"TM2D2",-0.817099139203395
"TRAPPC2",-0.817379009251538
"CD82",-0.817409271739611
"MSL2",-0.81782851289211
"PRDX2P1",-0.818125851243754
"FNDC4",-0.818644853098451
"SNHG12",-0.818769004701512
"G3BP2",-0.819025587152192
"ZNF800",-0.820457458789175
"CPSF1",-0.820515880234557
"LINC00313",-0.820618168527305
"GCNA",-0.82119418627696
"ZNF136",-0.821713840654655
"PDCL3",-0.822544162642716
"METTL25B",-0.82353763746309
"EIF4BP2",-0.823847052207004
"FAM192BP",-0.824273115202471
"EXOSC3",-0.824723178082753
"PLIN1",-0.825950823425855
"NORAD",-0.826176927124463
"ZBTB14",-0.826841700764163
"SMARCA5-AS1",-0.827078156229494
"MRPL35P3",-0.827238046784706
"POC1B-GALNT4",-0.828060575677931
"TBCB",-0.828171652001564
"AKAP13-AS1",-0.829131388342592
"LAYN",-0.829208240719352
"PPIAP35",-0.829763240190322
"RN7SL44P",-0.830197437993727
"PLRG1",-0.830534318921066
"SLC51A",-0.830636696302247
"UBR2",-0.830773502524852
"GNG5",-0.831849444193773
"RALGDS",-0.831870031453791
"MTREX",-0.832365750927259
"MPPE1",-0.834245359234551
"ZCCHC8",-0.834594377182186
"USP47",-0.834811513457307
"KIF22",-0.835242797259563
"NUDCP2",-0.835891184131905
"POM121B",-0.83603377192139
"FANCD2OS",-0.836742917392913
"SRP9P1",-0.837647726056715
"UBE3D",-0.838510535554957
"RPS2P5",-0.838786276674242
"H1-6",-0.839116669333343
"CAMLG",-0.839601017464652
"INTS6",-0.83997672440462
"SCAPER",-0.840335386289509
"FANCF",-0.841040408950794
"ULK1",-0.841732273912448
"MBLAC2",-0.843875223566251
"SNHG14",-0.844347306541208
"ADD3",-0.84448421969038
"RNY1P12",-0.844748638805309
"TRAF3IP1",-0.845134467115181
"ARAP1-AS1",-0.845181130060771
"SPDYE5",-0.845709016028479
"SLC2A3",-0.846051587097904
"MTND4P12",-0.846849444978765
"USP4",-0.846868735060693
"SCRN1",-0.846906730416579
"FZD9",-0.848143538731087
"COX7B",-0.848536178503281
"CCRL2",-0.848888078681408
"SLC7A6",-0.848996895623765
"GDPGP1",-0.849649669305946
"SLC25A17",-0.850124238693114
"CDC25C",-0.850318081906893
"FRG2IP",-0.850896761720142
"ACTB",-0.850922716426746
"ACTG1P3",-0.851336231117552
"FEV",-0.851432116986638
"SLC25A14P1",-0.851432116986638
"THOC2",-0.852497847927734
"ROMO1",-0.852845161228365
"PPCS",-0.852898704607125
"IQCH-AS1",-0.852985556765045
"CSTF3-DT",-0.853697233855514
"TILAM",-0.854217022853611
"LINC01560",-0.854981296146701
"LCMT1",-0.855032500315963
"KCTD13",-0.85557086486884
"BCAS3",-0.856349228931461
"SFPQ",-0.856371580161128
"ADCY3",-0.856480980621902
"DNAJC9P1",-0.856732173148983
"KNG1",-0.857023231422359
"MYOT",-0.857896349105664
"NUDT5",-0.857936021955197
"EIF3LP2",-0.858159608971429
"RNU6-1156P",-0.858183164325904
"DHX40P1",-0.858368373686125
"LINC02101",-0.858466977439576
"LENG8",-0.858703671839697
"POLR2A",-0.859179437149741
"GUCA2A",-0.859890008124768
"PARP4",-0.859894123113059
"INIP",-0.86022691759595
"TMEM186",-0.860937370046792
"TINCR",-0.861038225634757
"NAA50",-0.861088528423432
"TANK",-0.861256178788348
"AKIRIN2",-0.861261566611707
"FNBP4",-0.861844103590805
"FAM219B",-0.861992513262723
"RPL7P23",-0.86208037921463
"SNORD51",-0.862126241142357
"BOLA2P3",-0.862126241142357
"MMS22L",-0.86215835693525
"RETREG2",-0.862505021356954
"POLD2",-0.863679461860188
"RNU6-993P",-0.863934504841268
"RPS29P14",-0.863942568522799
"TCAP",-0.863960846755271
"SERPINF1",-0.864157919758565
"COX7BP2",-0.864488907294971
"GGNBP2",-0.864963666508955
"KCNMB3",-0.865905459037142
"ADCY9",-0.865956045291653
"ELOA-AS1",-0.865977318504223
"COA5",-0.866115091176077
"RBBP4P4",-0.866505701405725
"SMIM10L2A",-0.866505701405725
"GSTO1",-0.866559579876208
"KLHL7",-0.867292708087131
"SDHAF1",-0.867711508666758
"PSMB5",-0.868040593004012
"ZNRF2P3",-0.868287151462706
"ATP5F1C",-0.868302789850137
"HCAR1",-0.868813333820838
"CLSTN1",-0.868956453394661
"MIR320C1",-0.86896557796244
"GCSH",-0.870230155293954
"LINC01079",-0.870402811897098
"PPP1R35-AS1",-0.870527539206306
"ASIC1",-0.870568217798783
"SFTPA3P",-0.870957533646762
"MAP1S",-0.871466882844424
"DLG1",-0.871660951485309
"MGMT",-0.872471820468105
"C1DP1",-0.872772404338766
"SNRPG",-0.872979908112163
"PSMC5",-0.873568613487028
"EEF1E1",-0.873936967995515
"ELOCP3",-0.87405045553179
"CAMKK2",-0.874560980566803
"NDUFA12",-0.875802603260883
"TRIM25",-0.876046597202656
"RSRC1",-0.87624665478681
"TP53RK",-0.876924822830289
"CWC22",-0.877129649452564
"NDUFAF5",-0.877137372945779
"CCT5",-0.877273538992215
"RAB43",-0.877593369569801
"INTS15",-0.877705142638636
"SMAD6",-0.879597459450191
"ZNF687",-0.88063710091706
"PRDM8",-0.880737939295602
"PAN2",-0.882315339048609
"CMC2",-0.883087297175137
"KLF8",-0.883507152902033
"SNORD38C",-0.883522290482026
"SEC22A",-0.883648623725435
"SEPTIN4-AS1",-0.884246999582553
"RNU6-415P",-0.884608414048728
"ZNF251",-0.884985201534588
"PHF20L1",-0.885906262957725
"L2HGDH",-0.886073017093521
"RRP9",-0.886089359190404
"POLR3F",-0.886162069410768
"ADH1B",-0.886170946671306
"TBC1D20",-0.88692747652105
"ABTB2",-0.886986265282525
"CSE1L",-0.887043485277476
"GOT2P2",-0.887100219195542
"PSMD12",-0.887217124293672
"PMEPA1",-0.887902592775156
"CREBL2",-0.888276362829903
"UBE2R2",-0.888324291349975
"MIR326",-0.889789744505516
"RNY4P3",-0.889789744505516
"GPM6B",-0.889908339002222
"CD109",-0.890968488086249
"CLPX",-0.891405266670011
"STRAP",-0.892073334788807
"NOM1",-0.89288056997714
"RPL7AP5",-0.892972375234813
"ATP6V1FP2",-0.893115848599459
"DCLRE1B",-0.893262858127856
"RPL27AP5",-0.893723051564609
"GABPB1-AS1",-0.894155797918423
"CADM3-AS1",-0.895404967417511
"LRIG2",-0.895627685340096
"ZCCHC7",-0.895964721842462
"IRAG1-AS1",-0.896341653159936
"POLR3H",-0.896376159740106
"ANGPTL2",-0.897364448139858
"ASCL2",-0.897821282196776
"GAS2L1",-0.898027720106721
"ADNP-AS1",-0.899470574902949
"CELSR2",-0.899740803608188
"RPL8P3",-0.899836754416307
"TCEA2",-0.900268981519135
"FBXO2",-0.900362194519101
"STK24-AS1",-0.901219004059243
"MRPL38",-0.901868114228751
"SLC41A2",-0.902210028301727
"SIVA1",-0.902947122864591
"C16orf87",-0.902950049693311
"CAAP1",-0.903041675535426
"PRPF40A",-0.903047745327256
"RBBP9",-0.903158019114261
"RNF8",-0.903266482835785
"AFMID",-0.903543886231197
"MIR762HG",-0.903811366125282
"ATG7",-0.903915253190429
"COX4I1",-0.904032931122078
"TMEM184A",-0.904181636859567
"PFN1P8",-0.904457167666552
"AP1S2",-0.904812322349517
"LYRM7",-0.905128261193527
"HEPHL1",-0.905132089170243
"XRCC5",-0.906065235258521
"RPL21P6",-0.906250404483052
"RNU1-16P",-0.906354504749888
"MRPS9",-0.906522481724611
"ZFR",-0.906756500274266
"CEP170P1",-0.908271400236152
"AKAP9",-0.909289804624979
"MGA",-0.909388447263479
"INPP5B",-0.909630334605452
"SPRYD3",-0.909774391836859
"SSB",-0.910708387446888
"CREBBP",-0.911819330426766
"GCA",-0.911943539360094
"KRT75",-0.913111633485257
"BIN1",-0.913451306046671
"CNN1",-0.913489682369306
"RPS13P5",-0.913743028570696
"HS2ST1",-0.913788655265636
"USP6NL",-0.913818856473617
"MAPK6P2",-0.914408751045294
"SLC26A11",-0.914537999707462
"CDCA7",-0.91469679447403
"RNU4-8P",-0.915093842447453
"NDUFS3",-0.916187075747993
"GNGT1",-0.91685828490805
"FAM182A",-0.916983945841979
"TRIM44",-0.917393421167141
"MAPRE3-AS1",-0.917508278530981
"LINC02091",-0.917508278530981
"ZNF69",-0.918180215980958
"NUP54",-0.918956607234786
"METTL22",-0.919232489118882
"NUP50",-0.919555582961242
"CMTM6",-0.920575491709942
"TAF11",-0.922369290492227
"CFAP157",-0.923479798347758
"ATXN10",-0.923672261546442
"FUS",-0.923990899743169
"RAB1B",-0.926119678058995
"SUCLG1",-0.92622103065926
"LINC02664",-0.92631729249755
"AVIL",-0.926586167723497
"YWHABP2",-0.927514529571946
"SCMH1-DT",-0.928028791569893
"ELMOD1",-0.928486114770813
"DDX20",-0.928804675245508
"TRIM66",-0.928884375518924
"SNX13",-0.929334998976323
"HMGCL",-0.929359948759742
"CBX5P1",-0.929410622017821
"ACTN4",-0.929441043614222
"IFITM1",-0.929848947308838
"DZIP3",-0.93077820494625
"ARID2",-0.932129079401059
"FNTA",-0.932333625009687
"HAAO",-0.93251945897338
"PIDD1",-0.932599389179434
"ZNF587B",-0.932653902901123
"TRPS1",-0.932996134242245
"AGAP10P",-0.933168385005981
"INO80D",-0.933410470371103
"LINC02259",-0.933946710960806
"ZNF600",-0.934106384622491
"DPP9-AS1",-0.93451733955128
"TMEM192",-0.934610806614497
"SLC25A47",-0.934792712026939
"TSPAN14-AS1",-0.93523757537759
"MRPL13",-0.935769637946022
"CORO1B",-0.93577314452819
"XYLB",-0.936445679347389
"LINC02531",-0.936533905432385
"CYB5R3",-0.936642889329829
"LASP1",-0.936854041487074
"ARHGAP19",-0.936910877175081
"RABL2A",-0.937660239468967
"DNAJA4",-0.937750914429617
"ZZZ3",-0.937941911080283
"BNIP3P40",-0.937962481643619
"KBTBD6",-0.939260676937229
"CHD6",-0.939351454902228
"C16orf95-DT",-0.939807484013451
"SULT6B1",-0.94081505889565
"NPM1P6",-0.94124786400807
"IMPACT",-0.941398570087049
"CSGALNACT2",-0.941951873792753
"RBISP5",-0.942160545177713
"ANKS1A",-0.942407031095535
"PSMC3IP",-0.942872365869092
"UBA3",-0.943872202929799
"UQCC3",-0.944079627758943
"AP1G2",-0.944621889257894
"LINC02073",-0.94494748547169
"NDUFAF7",-0.945181399337462
"SLC25A4",-0.947198859752034
"CLDN11",-0.947502710301202
"ATP2B1",-0.948142619409013
"RPS6KA2-IT1",-0.948197604891631
"EIF4HP2",-0.948197604891631
"TRIM34",-0.948260006172922
"NRIP3",-0.948476118058776
"LDHAP5",-0.948776581118026
"DCTD",-0.949407564907321
"ZNF606",-0.949609022806995
"PIAS1",-0.951158274441807
"GPX8",-0.951444134505498
"ENO3",-0.951989140770113
"NEURL3",-0.952294085902256
"HRCT1",-0.952294085902256
"SNRPGP2",-0.952904103695591
"POTEE",-0.953117245228657
"PIGP",-0.953249337984534
"LINC00589",-0.953512087612804
"DNAJA4-DT",-0.953512305631258
"SCPEP1",-0.955458843247369
"SYNGAP1",-0.95606297895857
"NBDY",-0.95635219846622
"BPHL",-0.957289379307977
"GMFB",-0.957347970423591
"RPSAP46",-0.957602425063114
"AP5M1",-0.957740152625266
"RMDN3",-0.957786360301888
"PCDH9-AS2",-0.960009289431136
"RAF1",-0.960201166139474
"ARID3B",-0.960712025630103
"RAPSN",-0.961255225005614
"MIR761",-0.961630214783927
"LRRC37A17P",-0.962054727614056
"FBXO11",-0.96245457840222
"RPL12P1",-0.962555925710616
"TMEM131L",-0.962696902034034
"TCEA1P2",-0.96342665091992
"PDIA3P1",-0.963911776877571
"CHKB-DT",-0.96431259582162
"YBX1",-0.964971222709038
"H2AC20",-0.967916122343576
"FBN1",-0.968253798674883
"LINC01501",-0.968415667293922
"MFSD14B",-0.968671793259267
"SNX4",-0.968885010822884
"C14orf178",-0.969239972743181
"DDIT4L",-0.969918180357926
"HDAC11",-0.97033295612055
"BBX",-0.970369338043798
"SOX6",-0.970417967218197
"RBM19",-0.97054811387403
"HAND2-AS1",-0.971248113320864
"LINC02653",-0.972274802379648
"RNY4P17",-0.972432919441417
"H2BC10",-0.973735972088183
"DDX54",-0.97396682829822
"PTPRE",-0.975001831677731
"RSBN1L",-0.975164107283095
"ALDH1A3-AS1",-0.975852429212729
"MIR4271",-0.97633791615182
"DMAC1",-0.977716794647124
"GUF1",-0.97772288712543
"MIR3157",-0.978065595692984
"OR2B8P",-0.978128618575927
"CNKSR2",-0.978313922680634
"BTBD9-AS1",-0.978965990904925
"ZNF429",-0.979105719687958
"NACA",-0.979274451387148
"USP34",-0.979298121300135
"ZNF248-AS1",-0.979478285374671
"CFAP20DC-DT",-0.979952711306036
"HEXA",-0.980233370799797
"GPAT2",-0.981489961443233
"SLC25A30",-0.982285316530913
"PRDM6-AS1",-0.982770603464533
"VMO1",-0.982770603464533
"RN7SL381P",-0.982951093563147
"ZKSCAN1",-0.982992265146294
"RPL5P5",-0.983079564050527
"TAF6L",-0.983418131902044
"SNX10-AS1",-0.983543608822064
"MLX",-0.983994178251207
"TERB1",-0.984323774530534
"TAF15",-0.984530748270752
"RTF1",-0.985981695352345
"PXYLP1",-0.986213125882286
"LYPLAL1",-0.986262226767226
"ALKBH2",-0.986264689959083
"LRRCC1",-0.986456054357387
"ALPK1",-0.987577839151283
"HIF1AP1",-0.987853311707408
"TMEM11",-0.987880188614698
"SNW1",-0.988166850470374
"LINC02071",-0.989311752300912
"UQCRFS1P1",-0.989533695996024
"AP1G2-AS1",-0.990817553544632
"WDR59",-0.990985267010831
"CAPN15",-0.991348552547757
"GIGYF2",-0.991945309452632
"ACOT13",-0.992657115228922
"POLN",-0.993446185365375
"ZNF346",-0.993570414161443
"POFUT2",-0.994320742212575
"LINC02648",-0.994720648290673
"HEMGN",-0.99536792004995
"RTN2",-0.996991483145884
"PRP4K",-0.998002725342282
"EIF4A1P2",-0.999567410173583
"UBIAD1",-0.999582366174882
"RMND5A",-0.99967443291748
"MAGEF1",-1.00052454878391
"CHST3",-1.00288203671062
"MARCHF6",-1.00317247177215
"PDE12",-1.00340192492223
"ST20",-1.00401468133149
"SERAC1",-1.00571414850579
"TMC1",-1.00666807877192
"FNBP1P1",-1.00695425249561
"RNU6-95P",-1.00704971643551
"RNU6-252P",-1.00704971643551
"FLRT2",-1.00729477932986
"SF3B3",-1.00822887299807
"SPATA21",-1.00831779541687
"CCNI",-1.00856084512423
"RIC3",-1.00922608300088
"RN7SL750P",-1.00923279033669
"PSPC1",-1.01110356140827
"LINC03016",-1.01165069804663
"FBXO33",-1.01197627851754
"PPP1R12A",-1.01236913840971
"PITPNA",-1.01427489338553
"NCS1",-1.01486703203945
"COX20P1",-1.01488652833238
"SURF6",-1.01510094788451
"SNAI3-AS1",-1.01545103935768
"NAPEPLD",-1.01579057733773
"ZNF33B",-1.01632160166952
"CFB",-1.01641387245783
"WASHC2A",-1.01667951131047
"GSN-AS1",-1.01672539750019
"ATP5PB",-1.01695749380761
"SRD5A3-AS1",-1.01800936324653
"RPH3AL",-1.01801867267558
"NAP1L4P3",-1.01857227524436
"CA5B",-1.01886929927709
"ANXA9",-1.01898463661068
"ITGAM",-1.01910230136189
"EPN2",-1.01928769427989
"RLIM",-1.02107198393854
"UBE2Q1",-1.02121632641002
"RACGAP1",-1.02201372740074
"CFAP96",-1.02310553794595
"RNU7-107P",-1.02336919765086
"CDK3",-1.02336919765086
"ELAVL3",-1.02336919765086
"CGRRF1",-1.02360055740221
"FOXCUT",-1.02451024655625
"GAS2L2",-1.02451024655625
"SNHG1",-1.02510582301478
"KMT5B",-1.02552039299127
"KLHL15",-1.02554053451535
"ACAD10",-1.02555228152181
"CFAP20",-1.02574271217053
"CX3CL1",-1.02642744156104
"RTL8C",-1.02664304995401
"PRG4",-1.02794646532797
"THAP12P7",-1.02860860780407
"ARL2BPP10",-1.02885245989981
"ST20-AS1",-1.02901637807866
"C2CD6",-1.02904663900447
"ZNF839",-1.02914887238533
"ACY1",-1.03004746178567
"TMEM225",-1.03124111843729
"ZBTB2",-1.03128311855746
"ZSWIM8",-1.0314254844727
"RBBP7",-1.0315394174871
"IPO9",-1.03175534944535
"RNU6-681P",-1.03183044865708
"LSM12",-1.03235724365143
"LINC02974",-1.03266187473806
"TMEM263-DT",-1.03275006006764
"KRT18P23",-1.03283040141011
"DOK7",-1.03319763378345
"FURIN",-1.03363165076226
"MSRB3-AS1",-1.03434813339528
"RSRP1",-1.03470270534127
"RN7SL236P",-1.03493442183819
"APRT",-1.03545471716976
"CCDC28A",-1.03598154827726
"TMEM14B-DT",-1.03600503126149
"GCC2-AS1",-1.03653384855071
"ZNF280D",-1.03877543353198
"LRRC15",-1.04027259379214
"RRP7A",-1.04112428698433
"CCDC124",-1.04115148157361
"NRSN2",-1.04227933718156
"RREB1",-1.04267843687613
"WDTC1",-1.04272336048839
"UBL5",-1.04324645983689
"PLLP",-1.04340435961371
"RRAGA",-1.04366802730453
"TRPM5",-1.0437884600804
"DENND2D",-1.04421310530426
"RNGTTP1",-1.04479315720857
"PRXL2C",-1.04491108429699
"ATG12",-1.04617900970711
"DDX46",-1.04661010900167
"POLR3A",-1.04766127177143
"TTC9C",-1.0486342516373
"MAP2K7",-1.04874985936687
"NPM1P35",-1.04970630075585
"TMA7",-1.0499042677515
"CNST",-1.05033821555607
"SFR1",-1.05059983304329
"TAB3-AS1",-1.0507325188973
"TMEM42",-1.05077782659082
"GLRA1",-1.05146979660523
"ASXL1",-1.05220482030777
"TRIM37",-1.05334225509676
"SNN",-1.05368255845913
"LINC00992",-1.05387588960551
"LINC02371",-1.05418064739602
"CKS2",-1.05436318406452
"LINC02779",-1.0560639795303
"LINC00294",-1.0560792854712
"SHPRH",-1.05636216864195
"TUBG2",-1.05636968903405
"BHLHE40-AS1",-1.05641372368351
"ING1",-1.05708173825868
"MAP3K6",-1.0580519214582
"PAPOLG",-1.05860974552743
"LINC02149",-1.0594372637781
"BTRC",-1.05956733904057
"THEM6",-1.0596519890929
"RPL27P6",-1.06061409000118
"HACL1",-1.06065895851306
"GPAT4-AS1",-1.06109609677948
"LRRD1",-1.06121930160904
"AMY2B",-1.06152389080902
"ADGRA2",-1.0624445009591
"SNAPIN",-1.06296735478537
"ENKD1",-1.0630093178064
"RO60",-1.06311994334234
"TBK1",-1.06348724849573
"MED13L",-1.06413784062315
"WDR4",-1.0641835773948
"TMCO1",-1.06481668650547
"SMIM15",-1.06556779089859
"BPIFB9P",-1.06633833686019
"KCNK15-AS1",-1.06672383854255
"TSFM",-1.06691648713952
"RAB10",-1.06820622932006
"CRLS1",-1.06917834062289
"ELOVL7",-1.07084105739787
"ERBIN",-1.07158586477611
"RILP",-1.07172505676039
"LINC03012",-1.07180905618116
"NUCB1",-1.07201473822018
"RFK",-1.07219380166656
"ATP5MG",-1.07225282838204
"TRIP11",-1.07233344687661
"RPL7P49",-1.07266320814843
"DYNC1I2P1",-1.07337484491241
"CMC1",-1.07350411615469
"BEAN1",-1.07354803039611
"RHOQ",-1.07429846471757
"ISLR",-1.07529557412353
"SRR",-1.07564259337144
"ODC1",-1.0759847346479
"MROH1",-1.07620343725668
"BIRC5",-1.07642678865675
"PRX",-1.07701078789274
"IFNGR1",-1.07745781471527
"UBL7-DT",-1.07810310792009
"UBE2D2",-1.07924748207313
"PPP1R36",-1.07980479358024
"VCF1",-1.07985522434793
"DPY19L3-DT",-1.08209335010645
"SF3A1",-1.08416498121429
"SPEGNB",-1.08433762552662
"RSPH6A",-1.08488513177433
"NUSAP1",-1.08589516293767
"PODNL1",-1.08669479516285
"ZBTB45P2",-1.08721018690936
"KAZN-AS1",-1.08736000637082
"THRA",-1.08822378636327
"RPL24P8",-1.08822972282725
"ZNF777",-1.08875927928653
"DNASE1L1",-1.08880754810031
"CCDC169",-1.08922054876677
"CADPS2",-1.08936061588377
"NPY4R",-1.09007143256904
"RPL36AP32",-1.09069077639097
"UBTF",-1.09138219947497
"TP53TG1",-1.09142543302387
"LINC02631",-1.09208464378284
"LINC02285",-1.09208464378284
"NPAP1",-1.09208464378284
"PICK1",-1.09230460429874
"CACTIN",-1.09280328325997
"ERMARD",-1.09330593239062
"RPL17P7",-1.0937874203064
"SPEN",-1.09410983595713
"ABHD13",-1.09456483409688
"ZNF516-DT",-1.09537136932668
"LINC03072",-1.09540073656012
"CYP4A43P",-1.09545257438742
"ZNF276",-1.09592571656914
"RBX1",-1.09630206372302
"VLDLR",-1.09648100073532
"RN7SL336P",-1.09719206317845
"SNX29P1",-1.09726813136611
"SNAP23",-1.09731076784294
"SPTLC1",-1.09751266259453
"PRSS3",-1.09751905329898
"UCP3",-1.09811863480355
"MALT1",-1.09825219958438
"EXOC1",-1.09863356971861
"STK11",-1.09959696685392
"CALCOCO2",-1.09962841560087
"CHUK",-1.10017809973503
"RAP1AP",-1.10019737886399
"DENR",-1.10048703643994
"RRAGC",-1.10071789071022
"SPDYE18",-1.1007630380458
"MECP2",-1.10080018951769
"MELTF-AS1",-1.10156518576796
"RPS10P13",-1.1030035292398
"FAM138C",-1.10300457483957
"RNU6-665P",-1.10334371018907
"NUMB",-1.1034946116825
"EIF4B",-1.10401821510501
"RPL34P27",-1.10482946668069
"RBM4",-1.10594768082332
"EPN3",-1.10604476970705
"ARHGEF1",-1.10612803501896
"TDH",-1.10726918133694
"RIMS1",-1.10834936602273
"PI16",-1.10853138052426
"ZBTB20-AS1",-1.10945425336523
"LY6E-DT",-1.10950917666085
"METTL3",-1.10991139739376
"NEDD1",-1.11082022320926
"SLC16A10",-1.11087380865202
"ZBTB17",-1.11186930796463
"FARP2",-1.11264106903856
"BTF3-DT",-1.11285261809815
"HPRT1",-1.11532587788764
"PLA2G4E-AS1",-1.11665501402582
"ATP6V1G1",-1.11696630287855
"MAGOH",-1.11778588650781
"SLC17A4",-1.11785268826043
"SOX5",-1.118361201192
"SCN3B",-1.11885923020313
"IDH3B",-1.11897658607287
"YBX1P1",-1.11910809120892
"ADK",-1.1195952922589
"RPS2P7",-1.11986471974028
"ZNF451-AS1",-1.11995512933882
"TAB2",-1.12014228576282
"SLC24A5",-1.12060434791723
"ECSIT",-1.12062242452414
"S100PBP",-1.12099133183003
"NCOA1",-1.1214128587736
"CNTN4-AS1",-1.12197389970374
"MSANTD3",-1.12283687193585
"TOP1",-1.12322900193316
"CEP63",-1.1233382513375
"ASTN1",-1.12357864049739
"MIR3199-2",-1.12568766368151
"ACP5",-1.12605261681509
"LINC01915",-1.12717019553851
"CARD14",-1.12816381506046
"TRIM73",-1.12876406857519
"OR8B2",-1.12904397217592
"PLET1",-1.12956950968628
"SNX19",-1.13034501885935
"HMGN2P6",-1.1320199357318
"LARS1",-1.13249364141739
"CTPS2",-1.13275374689038
"POM121C",-1.13287327160291
"ZCCHC2",-1.13341519155129
"MMEL1",-1.1338443105557
"RPS19",-1.13404804471438
"XRN2",-1.1346492640788
"RABL2B",-1.13610111864164
"SMC1A",-1.13979189062199
"BRK1",-1.13982801668167
"RPL31P22",-1.14085795232119
"GRIN3B",-1.141391215367
"RFX3",-1.14198684617848
"AK3",-1.1420109237113
"PHF19",-1.14221671124923
"ZNF584",-1.14224748219746
"EMSY-DT",-1.14310709635493
"L3MBTL1",-1.1436352568763
"ELF2",-1.14403604148275
"ENY2",-1.14467298509146
"KIF2A",-1.14474382645868
"IRAK4",-1.14541145904023
"LINC02773",-1.14566312505753
"DIP2A",-1.14569902804888
"FOXD4L6",-1.14733891545352
"KRT18P68",-1.14768733560736
"TRIM61",-1.14769399733719
"PPM1L",-1.14954001736701
"RNU6ATAC29P",-1.14973398907852
"NUP62",-1.15076588862189
"RNU6-844P",-1.15106712684929
"NHSL2",-1.15243993519648
"KLHL20",-1.15298256983001
"MIR5690",-1.15380958301984
"FDXR",-1.156194998327
"BSN-DT",-1.15672174367877
"RN7SKP151",-1.15683309208919
"PPP4R2P1",-1.15730435686306
"LMAN2L",-1.15749646232662
"FABP5P2",-1.15810410156399
"TNPO1",-1.1587482824903
"RDH11",-1.15881190520498
"LPP",-1.15904571030516
"LINC00504",-1.15927323623008
"UBR5",-1.15942303254288
"LINC02532",-1.1598953204159
"NAA38",-1.16030214910139
"TP53INP2",-1.16042631175459
"PCBP2",-1.16108312795397
"MICD",-1.16331823952379
"ATP5PD",-1.16422908215811
"PCBD2",-1.16589503850232
"COG4",-1.16615956854899
"PNN-AS1",-1.16629442659792
"TPM3P6",-1.16709336705867
"ZNF768",-1.16791787911548
"SNED1",-1.16807277319298
"THAP9-AS1",-1.16876323144424
"HECTD2-AS1",-1.16940408052935
"SMCR2",-1.16962149427274
"RPS23P8",-1.17049002252752
"TFB2M",-1.17126964169984
"TGFBR1",-1.17176394874668
"EPHA10",-1.17244787432318
"KCNE5",-1.17251111642019
"DUTP2",-1.17251111642019
"RPP30",-1.17388119565931
"EEF1A1P29",-1.17449214341544
"ENG",-1.17545484708909
"DCUN1D2",-1.17592961116264
"EDN3",-1.17615920304251
"GNAS",-1.17640282804296
"PKHD1",-1.1768501147584
"PRORP",-1.17807200670333
"SYNC",-1.17824680323987
"SIGIRR",-1.1787670968221
"TRAPPC1",-1.17976269242639
"SLC9A1",-1.18045600805785
"LIG3",-1.18158228026519
"PHKA2-AS1",-1.1833188125616
"STKLD1",-1.1841344254714
"MT-ND4L",-1.18446532575289
"ARHGEF2-AS1",-1.18484575100392
"GVQW3",-1.18501526434671
"PPM1D",-1.18518589262396
"SRP9",-1.18585162559055
"DMTF1",-1.18646850681265
"MFSD4A-AS1",-1.18677723744647
"PRPS1",-1.18733693171792
"FUBP3",-1.18825901683006
"SKA3",-1.1884928525125
"ZNF506",-1.18864626317857
"ZNF266",-1.18938354089241
"ERVH48-1",-1.18980748567031
"TMPRSS11A",-1.19072520917617
"DLG1-AS1",-1.19112256098169
"ATG16L1",-1.19113844057748
"RNU6-137P",-1.19155021004843
"TOB1-AS1",-1.19288125580307
"RPL37P2",-1.19301335638414
"PTP4A2",-1.19307159427077
"OXSR1",-1.19390965798604
"ZCCHC24",-1.1941525427004
"TMEM60",-1.19437587654289
"BBS9",-1.19460700957604
"SLC35E1",-1.19699677202513
"LINC01465",-1.19831457371039
"WWC2-AS1",-1.19834436008277
"LINC03043",-1.19834436008277
"GAPDHP65",-1.19875291403313
"ATP6V0E2-AS1",-1.19887836808321
"PIGM",-1.19922902867885
"EPC1",-1.20170565080718
"SIX2",-1.20263585193938
"CYB5R1",-1.20325386681426
"SDCBPP3",-1.20356499432468
"PRMT5-DT",-1.20373706959891
"SPATA9",-1.20428267076278
"DLST",-1.20555501810539
"KRTAP5-2",-1.20608480220881
"LAMTOR3",-1.20717076362965
"HNRNPA3P3",-1.20785783528985
"SNRPA",-1.20803983092395
"ABHD5",-1.20896448021216
"MARK3",-1.20922247342094
"DYNC1LI1",-1.21001984702612
"NUFIP2",-1.21038938434183
"TATDN1",-1.21047199918348
"LLPH",-1.21167144114432
"KIFAP3",-1.21238024504639
"C11orf58",-1.21338907693742
"GCN1",-1.21374086967394
"HP1BP3",-1.21418758422702
"PTRH1",-1.21463391994579
"HOOK3",-1.21467614683632
"DUSP8",-1.21586076144789
"CEACAM20",-1.21785085168411
"IL23A",-1.21804315270054
"SELENOKP1",-1.21942967183438
"RIC8B",-1.22013159320397
"H3P44",-1.22032706370566
"UGP2",-1.22040606659783
"TRIM52-AS1",-1.22109006305341
"PTPRD-AS1",-1.22171106726737
"NOP10",-1.22171993301044
"ZNF326",-1.2219600756976
"NDUFA7",-1.22237264198041
"RNU6-1316P",-1.2224384107692
"TGFA",-1.22272088497743
"PIK3IP1-DT",-1.22412326530756
"TRIP12",-1.22431068904094
"CORT",-1.22467607268801
"LINC01124",-1.22467607268801
"RPS11",-1.22494819443683
"ZFAND1",-1.22507719631407
"UBE2E1",-1.22529005627629
"CHROMR",-1.2264361436027
"UTP20",-1.22653844250808
"PRSS51",-1.22696041237367
"RBSN",-1.22711594751492
"TLE1-DT",-1.22855796386211
"ABAT",-1.22896570193776
"EEF1A1P10",-1.23004338137511
"MDFI",-1.23017960104549
"RNASEK",-1.23042284810108
"CCDC47",-1.23050435567822
"PCDHB1-AS1",-1.23126639724046
"ZNF562",-1.23172353957051
"SSRP1",-1.23264480170098
"ADAMTSL1",-1.23364394798015
"VSTM2L",-1.23364394798015
"DAAM2-AS1",-1.23518735096086
"ATP5MGP2",-1.23600881389133
"AGXT",-1.23605598084796
"RPS29",-1.23665022056872
"SEC22C",-1.23670949040922
"RN7SL853P",-1.23742116197084
"CD46",-1.23813803176577
"EIF2B2",-1.23887719257811
"TRIAP1",-1.24004200338524
"STAT5A",-1.24046663657238
"TSPAN8",-1.24102249507307
"MIR3685",-1.24164736273596
"CALM2P3",-1.24177939163322
"ILKAP",-1.24221301183204
"UST-AS2",-1.24235430986621
"TIMM8A",-1.24283763973444
"GOLGA4",-1.24386708711906
"COA6-AS1",-1.24413245995874
"CCL27",-1.24417685515933
"CSRNP2",-1.24456643377962
"FKBP1C",-1.24487037712662
"DNAJB5",-1.24536964270332
"EID1",-1.24550119597291
"SLC39A10",-1.24577174393438
"HSPE1P3",-1.24624227802864
"LINC01597",-1.24735699942477
"PUS1",-1.24771697732212
"CCDC103",-1.24842657865546
"LYSMD4",-1.24857333898838
"MIR548S",-1.25052210937048
"SEPTIN9-DT",-1.25070727425124
"METTL14",-1.25122743642454
"PIGL",-1.25153204427347
"NAP1L1",-1.25283818020841
"MARK3P3",-1.25421260740436
"COX6A1P2",-1.25422648446926
"RPL10P14",-1.25477141236863
"AIFM1",-1.25580269042076
"LINC01473",-1.25663455919025
"KIN",-1.25728480466595
"B3GNTL1",-1.25778956068895
"HTATSF1",-1.25790788234147
"MIR4308",-1.25811927965331
"ARHGEF7",-1.25985706491051
"SNRPB2",-1.25995708318
"RPS27AP10",-1.26120036277694
"PDCD6IP",-1.26374553496548
"RNU6-151P",-1.26403896053936
"RPL4",-1.2650745572494
"THUMPD1",-1.26525053268686
"RPS12P17",-1.26620107133585
"RN7SL285P",-1.26627985900741
"DHX9-AS1",-1.26769113275133
"PDE4DIP",-1.2681444676196
"CBY1",-1.26823159796865
"EIF3KP2",-1.26901659626758
"NKTR",-1.26966666405658
"DPP3",-1.27113819116673
"EPG5",-1.27145727932369
"TAX1BP3",-1.27155999550621
"RUSC1",-1.27216714456675
"ZMYM2",-1.2726124204431
"FDFT1",-1.27321734329331
"KCNAB3",-1.27377973532333
"PDSS2",-1.2745178765267
"LINC02067",-1.27616419908232
"MIR4263",-1.27648359598061
"PA2G4",-1.27662045760889
"DERA",-1.27690748510793
"CYP2E1",-1.27743114351497
"FAM76A",-1.27767542322103
"SCX",-1.2782667434891
"DNAJC19P9",-1.27875787898618
"SOCS5",-1.27955471134301
"THADA",-1.2797527926493
"ZNF236",-1.28004276712911
"NEDD8",-1.28015458676558
"GPR107",-1.2806555342387
"DONSON",-1.28110310459588
"MTF2",-1.28140944002575
"COX8A",-1.2814279739948
"LINC02891",-1.28179417942982
"NNT-AS1",-1.28212950437259
"FTCD",-1.28245624195579
"PDXDC2P-NPIPB14P",-1.28262637450881
"PPP1R3E",-1.28410008788713
"ETS1",-1.28491955609045
"CYCSP55",-1.28494023245319
"ALDH7A1P1",-1.28538416922491
"PCBP2P2",-1.28673304746875
"RFFL",-1.28706882868347
"C4orf51",-1.28713254943072
"TPT1-AS1",-1.28735856686819
"RPS4XP6",-1.28976502096104
"CACNG4",-1.28984083615959
"MAPK1IP1L",-1.28986667570583
"NIFK-AS1",-1.29014506175001
"GABARAPL2",-1.29086929338089
"CELF1",-1.2913191868399
"RHCE",-1.29145014794223
"GNS",-1.29159730990257
"LRP4",-1.29174467713361
"ZDHHC24",-1.2921603040045
"TESHL",-1.29428355613993
"RNU1-100P",-1.29470312166884
"VPS8",-1.29484568678238
"ANXA11",-1.29546992202344
"PRAG1",-1.2954947239758
"HSPD1P12",-1.29710930031709
"H2AZ2",-1.29741686570226
"SUPT16H",-1.29854749121173
"RDH5",-1.29861247793576
"TOMM7",-1.30048197148906
"TRIM7",-1.30265016759151
"MRGPRF",-1.30296624880666
"FABP5P1",-1.3031166464258
"SIGLEC11",-1.30511197235914
"EEF1A1P25",-1.30553375673962
"BLTP3A",-1.30853334168505
"PGR-AS1",-1.30863356362077
"ZNF433-AS1",-1.30911278327973
"EIF3E",-1.30931354890453
"NEPRO",-1.30969180961439
"SERPINE3",-1.31134359691571
"PRR11-AS1",-1.31156672029418
"ANO10",-1.31202010620055
"NIFK",-1.31272185663345
"RC3H1-IT1",-1.31293091880565
"TMEM106B",-1.31496303968968
"ESYT2",-1.31536111309702
"RBM22P2",-1.31539740559151
"TVP23A",-1.31652438041229
"NFATC3",-1.31669360719929
"RNU6-805P",-1.31724106778754
"CST5",-1.31806538643267
"MATK",-1.3182802678948
"GPAT2P2",-1.31854925817097
"SSBP3",-1.31925327438127
"HNRNPKP4",-1.32008576633034
"LINC01999",-1.32061263140314
"TRAV4",-1.32094507000472
"RNU4-5P",-1.32178582131089
"KDM6A",-1.32259336632141
"PLAT",-1.32331715787454
"FTO",-1.32577044880943
"C8orf33",-1.3264673398313
"LIPM",-1.32678239521161
"NUDC",-1.32745107642612
"NOTCH2NLB",-1.32750915337256
"WDR6",-1.32843109109508
"C1RL-AS1",-1.32968348967077
"CCDC22",-1.32987392379088
"MRPL42",-1.3303036323601
"HMGCR",-1.33271415791658
"STIL",-1.33352805001129
"MON1B",-1.33449155701084
"BCL6-AS1",-1.33460872092865
"ARHGEF9",-1.33496238812065
"PRRC2B",-1.33597030533563
"FTLP3",-1.33658630543914
"DLG5",-1.33683513613603
"UBE2D3",-1.3370895352045
"RBM39P1",-1.33725510279185
"ZNF79",-1.3380020654678
"TSPAN17",-1.33962216303677
"TP63",-1.33970656694118
"RNU6-807P",-1.34245039711588
"SPTLC2",-1.3426771059387
"KAT6B",-1.34271616478361
"OR2T35",-1.34389546203589
"KIAA1614-AS1",-1.34473825024999
"ZFP3-DT",-1.34503040495686
"MOSPD2",-1.34519322408144
"RBMX",-1.34520836498417
"SLC7A4",-1.34542954027666
"RNU6-212P",-1.34600552298384
"FCF1",-1.34642088034508
"PPP1R14D",-1.34651339170454
"ZNF835",-1.34673028808976
"RNU7-41P",-1.34724036372127
"DOK4",-1.34806105639869
"RAB5C",-1.34900199466192
"MOCS2",-1.35080956550776
"BTBD1",-1.35087679593494
"LYRM1",-1.35153887637349
"TOPORS",-1.3525959597059
"NDUFA5",-1.3540744450819
"SNUPN",-1.35415590410238
"RNU6-1327P",-1.35485630102398
"HMGXB4",-1.3549175293017
"USP24",-1.35508413605372
"PYGM",-1.35610099277345
"PHB1",-1.35654341410762
"SLC12A7",-1.35691495075912
"HEPACAM2",-1.35699221965724
"GOLGA8G",-1.35699221965724
"TMEM260",-1.35725047853224
"GTF2IRD2",-1.35790895528659
"MGST3",-1.35973408006413
"ASPSCR1",-1.36024824714946
"LSINCT5",-1.36057247551655
"MIR4740",-1.36057247551655
"NSD2",-1.36109328931978
"ASPN",-1.36156059647702
"SLC35F5",-1.36156190675004
"LCDR",-1.36175727199259
"TOMM20",-1.36290554108946
"ISYNA1",-1.36292139876192
"RNH1",-1.36388248740928
"YTHDF3",-1.36410154781269
"SLC25A22",-1.36780521467051
"MAP4K4",-1.3682089412512
"SPDYE21",-1.36884422396579
"ZRANB1",-1.37057601516298
"ANP32B",-1.37092353695078
"RPL7P24",-1.37121539758973
"KLHDC3",-1.37126878911745
"RPL15P19",-1.37176270662747
"SP2-AS1",-1.37227908325664
"STRN4",-1.37242052332373
"EXOSC7",-1.3731000931967
"TMEM69",-1.37362619882118
"ZNF563",-1.37479912105714
"PAFAH1B1",-1.37490224131362
"CEP85",-1.37622271449327
"RPL14P1",-1.37658630947022
"HDAC2",-1.37682543960156
"LINC01585",-1.37699323628089
"LINC01779",-1.37732949536748
"FZD10-AS1",-1.37732949536748
"PCMTD2",-1.37901077477226
"CDK8",-1.37989334622303
"MORC3",-1.38165698420516
"GFI1B",-1.381842874039
"KRT6B",-1.38193933572377
"LARGE1",-1.38229267535487
"ZNF587P1",-1.38293743920145
"CDK5RAP2",-1.38403174741326
"WDR53",-1.38447529625308
"TRNAU1AP",-1.3848297081312
"TMEM167B-DT",-1.38530270523685
"UBE2D3-AS1",-1.3859231843314
"FZD6",-1.38929346169983
"POLR2J3",-1.38976438636014
"OLA1P2",-1.39091232181157
"NCBP3",-1.39113650994569
"METAP2",-1.39212921180256
"SYNPO2L",-1.39504724360546
"KLC3",-1.39679291082084
"USP5",-1.3971716612991
"SETD7",-1.39732162039461
"FAM245B",-1.39753002483329
"NSRP1",-1.39927773021197
"KLHL33",-1.39933962176455
"PLD3",-1.39936817738315
"ACVR2B-AS1",-1.39973800993254
"DHX57",-1.40094920806026
"RPIA",-1.40326575033797
"DCUN1D1",-1.40492703714492
"SUZ12",-1.40492981648584
"ZNF653",-1.40499348694835
"SCARA3",-1.4051848759586
"ZNF354B",-1.40592478476095
"INPP5B-AS1",-1.4069760062779
"CEP131",-1.40733867355785
"RPLP0",-1.40847373962689
"ZCCHC3",-1.40933464691074
"PHETA1",-1.41052113030772
"LRRC8A",-1.41055620858596
"SLC10A1",-1.41279344935785
"MEMO1",-1.41285280098079
"GRIP1",-1.41452390565437
"CPT2",-1.41502142380232
"SORD",-1.41643939494399
"NRDE2",-1.41685508961788
"CHIC2",-1.41715837244108
"RN7SL89P",-1.41779445049301
"CORO6",-1.41839644153948
"COSMOC",-1.41852416616743
"ARNT",-1.41891902625568
"ALOX12B",-1.41899115544946
"PSMA6",-1.42008270666285
"F10",-1.42331934585173
"H3C8",-1.42355986475873
"FAT4",-1.42381033754712
"RPL4P5",-1.42399324474347
"MIR98",-1.42401240263604
"PCNX1",-1.42423679110183
"WDR18",-1.42424365381604
"YBX3P1",-1.42507961181136
"TMEM117",-1.42617319710347
"FAM83D",-1.4271760034801
"C2orf81",-1.42797993499078
"ACAD9",-1.42825789611285
"MRPS30",-1.42889185302374
"NEURL4",-1.42961427168257
"TRAV23DV6",-1.43091214594195
"MTM1",-1.43234827134149
"SNHG30",-1.43237730168692
"PIK3R3",-1.43308124372995
"TOP3B",-1.43382707398517
"HNRNPK-AS1",-1.43412779990016
"NUTM2B-AS1",-1.43450105021125
"RPL21P11",-1.43470996594743
"MSANTD2",-1.43482327654008
"COMMD9",-1.43567068902622
"EIF3B",-1.43592274000188
"MAP7D1",-1.43628116751817
"SEPSECS",-1.43650022526376
"PDZD11",-1.43693657529995
"STIM2",-1.43963255041265
"RPL23AP19",-1.43978079954442
"RNU6-140P",-1.43978079954442
"ARPC1A",-1.44120107802864
"SLC9A2",-1.442438031682
"TNIP2",-1.44262004980242
"IQCA1L",-1.44319830109
"BRWD1-AS1",-1.44351248937326
"DCAF4",-1.44353373425604
"ANKEF1",-1.4436412703488
"MRPL32",-1.44423052666317
"ZDHHC5",-1.44431419331168
"PRPS2",-1.44467755238049
"ATP5MFP6",-1.44518818519119
"NFE2L1",-1.44537913223012
"NRM",-1.44586607000046
"FAM117B",-1.44735563685286
"KIF9",-1.44983109237874
"CHCHD5",-1.44987348527438
"AIF1L",-1.45177954708997
"SBF2",-1.45286793340541
"RNU6-942P",-1.45303398860739
"ZSCAN22",-1.45610372465216
"MKRN1",-1.45969905384751
"ANXA8",-1.46003168520405
"RPL29P11",-1.46433226703304
"CDC5L",-1.46442476126567
"FUCA1",-1.46477754085779
"CR1L",-1.46516344577229
"ZNF385A",-1.465576049601
"DLX3",-1.46843566846142
"ARL4C",-1.46882263449669
"RPS4X",-1.46897603693352
"PREP",-1.46964739674664
"RN7SL329P",-1.46989861929332
"KIAA0232",-1.47253266685773
"ITPK1P1",-1.47275750482072
"CAPZB",-1.47293982939899
"NKD1",-1.47468487958512
"LEPR",-1.47516108716824
"EPB41",-1.47556562293606
"GPR160",-1.47581915630858
"NAT14",-1.47616236386639
"MPZL1",-1.47662230164546
"TPR",-1.47746266613312
"MT-CYB",-1.47847364562487
"NSDHL",-1.47864674630239
"MXRA5",-1.48057033904152
"BNIP3P17",-1.48070156662011
"ZNF575",-1.48076071149364
"TMEM150A",-1.48086062646
"HNRNPKP2",-1.48122115700454
"CERS4",-1.48238699685006
"DCAKD",-1.48312066494243
"EXOC3-AS1",-1.48326075193338
"PLAA",-1.48352592545162
"GBP2",-1.48356707469121
"GRXCR2",-1.48390889789322
"PRSS1",-1.4842990531229
"C4A",-1.48430070766829
"ABCD4",-1.48474670392701
"CTDSP1",-1.4848592955628
"MIR3199-1",-1.48531217576713
"KANK4",-1.48570674755869
"LILRA6",-1.48578810301243
"RPL12P12",-1.48626667249588
"RGL2",-1.48657665071865
"VPS25",-1.4879017278057
"TMEM44",-1.48841749780785
"ZNF397",-1.48863706354836
"PDS5B",-1.48888467345235
"MARK2",-1.48939653301009
"WASL",-1.48955056959947
"RRM1",-1.49026217062907
"PDCD6-DT",-1.49041820761143
"MTND1P21",-1.49134294613969
"ZBTB20-AS3",-1.49364333453864
"CRTC1",-1.49390941548666
"TPM2",-1.49449134195607
"CELF4",-1.49629611682284
"PDHB",-1.49636147515471
"BOC",-1.49644412772719
"MCAT",-1.49783291172591
"TMEM50A",-1.49803995181437
"MSRA",-1.49871435017498
"COL2A1",-1.49985785064279
"NMT1",-1.50006653467518
"PLCG1-AS1",-1.50050485390573
"PHF24",-1.50144883132238
"LIMS1-AS1",-1.50154234027811
"CDCA2",-1.50253798561263
"ATXN3",-1.50317261540948
"KLHL26",-1.50329812152904
"DENND11",-1.50391109857281
"LINC00506",-1.5041002713447
"RNU6-784P",-1.5041002713447
"ARL6IP1",-1.50655410435713
"NPL",-1.50672310804354
"ACAA1",-1.50776797525965
"SIGLEC10",-1.50882849188717
"CASP1",-1.50976431180519
"AREL1",-1.50977953256132
"LINC02598",-1.51031478365829
"MIR4754",-1.51083853398736
"RB1CC1",-1.51224355298991
"SMNDC1",-1.51367432323008
"RNU6-531P",-1.51381478118347
"TTC36",-1.51417846700181
"MT-TL1",-1.51509695436901
"JAK2",-1.51539536556766
"KRT8P46",-1.51620301780494
"FASTKD1",-1.51764245147085
"KIAA0586",-1.52086641287362
"MIR16-2",-1.52191859267943
"NCBP2",-1.52309853696538
"ST13",-1.52324709784676
"RPS7P11",-1.52563598726179
"LCLAT1",-1.52697552065658
"RACK1",-1.5297357678596
"C1orf141",-1.5304541531832
"EIF5AL1",-1.53110387344356
"RPL21P54",-1.53466313193597
"ANKRD2",-1.53504312529902
"TRIM8",-1.53663354148463
"ZNF568",-1.53726979110753
"ZNF146",-1.5373796298671
"RFKP4",-1.53773084174243
"ANKRD42",-1.5385238867802
"MPST",-1.53899577549673
"GPRC6A",-1.53905368835035
"PAFAH1B2P1",-1.53905368835035
"LTA",-1.53985347075565
"SBNO1",-1.54057113572004
"TOM1",-1.5409203240483
"DFFA",-1.54163309834924
"NOTCH4",-1.54243392472333
"RPL23AP75",-1.54271948125932
"MAP4K3",-1.54372125957153
"THEM4",-1.54431897376108
"SMAP1",-1.54467296851745
"LINC02236",-1.5453568345571
"RPL10L",-1.5453568345571
"OR2L8",-1.5456435725122
"YY1AP1",-1.54612675806172
"RPE",-1.54697368585844
"COMMD7",-1.54769409980078
"ZBTB43",-1.54834890219965
"C1GALT1",-1.54858404505193
"DNAJC8",-1.54919912639635
"EXOC3L2",-1.55033602171099
"LINC01829",-1.55211927809675
"PEX11B",-1.55388899024906
"MKRN2",-1.55476624411007
"COX6CP1",-1.55487103941612
"POLE4",-1.55548724637597
"STRN3",-1.55614939039864
"SP7",-1.55729101875281
"UBE2Q2P1",-1.55765540045548
"C17orf58",-1.56065608243367
"MIX23P5",-1.56107357697784
"RNU6-769P",-1.56107357697784
"PRSS41",-1.56107357697784
"MIA2-AS1",-1.56175793833012
"NCOR1",-1.56185268389573
"RPS3P7",-1.56375852566998
"PYM1",-1.56384131257176
"CHMP1B",-1.5643206662682
"KDM2B",-1.56610675278279
"EEIG2",-1.56623500172058
"DNAJB6P8",-1.56657466369318
"KIAA1328",-1.56673347689957
"ZSCAN5A-AS1",-1.56704282939076
"BSN-AS1",-1.56869885771573
"LDHD",-1.56914257391456
"RPL9P32",-1.56983921287666
"DDX17",-1.57127088179869
"USF2",-1.57303212007501
"GRAMD1A",-1.57423969319321
"FABP3",-1.57481521607099
"ZNF765",-1.57505011069331
"PHC1",-1.57555680587952
"PNKD",-1.57669100644912
"CT47C1",-1.57851891807606
"LINC02651",-1.57851891807606
"SEBOX",-1.57851891807606
"MIER1",-1.5797778415741
"HERC1",-1.58155971040424
"TTK",-1.58180787747544
"SAMD12",-1.58196085767138
"FAM114A1",-1.58196240351432
"SLC38A2",-1.58298339678203
"RGPD3",-1.58312612943373
"CATSPER2",-1.58381943698606
"PPFIA1",-1.58410215442999
"TCEAL8",-1.58556868689929
"ZNF12",-1.58584117287545
"C5orf24",-1.58761537431408
"AHCYP2",-1.58793797200437
"DNAJC17",-1.5895624176044
"AKAP10",-1.59039136710024
"CDK7",-1.59061351604295
"MARCHF7",-1.5941083150976
"UROS",-1.59433028749026
"UMAD1",-1.59848850143075
"RPAP3",-1.59862771857286
"ZNF441",-1.59869773834247
"CPEB1-AS1",-1.5990415567914
"THRAP3P3",-1.59918075941421
"SNRPD2",-1.59935462314263
"MAGEE1",-1.59992123445153
"RBM41",-1.601489887666
"CS",-1.60308119945008
"CELF2",-1.60374525613
"SPTBN5",-1.60441047480893
"IL18BP",-1.6045323186754
"CKS1B",-1.60560219362989
"SRSF3P1",-1.60588550789214
"OR5A2",-1.60835373731295
"TRIM28",-1.61128357622312
"RPL35AP13",-1.61273137037942
"DSC3",-1.61344937222691
"LYPLA2P1",-1.61625663974062
"NUP88",-1.61785102394147
"MAST2",-1.61787188157499
"MIR28",-1.61827316366686
"LARP6",-1.61827316366686
"RN7SL744P",-1.61951228756687
"ZNF790",-1.61982374453676
"FAM120A",-1.62102902631607
"MIR3193",-1.6214891386211
"RPL15P2",-1.62179830692168
"RNU6-396P",-1.62243953175142
"NPFF",-1.62527679263231
"RNU6-32P",-1.62551931873956
"BRD8",-1.62559135290668
"PNRC1",-1.62571016455629
"PDC-AS1",-1.62648181208558
"ADGRL1",-1.628583400242
"FAM88F",-1.62886724503179
"LCMT1-AS1",-1.62899872505532
"CBARP",-1.62900451472303
"RALY-AS1",-1.62938725933074
"NBPF9",-1.62941565202565
"UTS2",-1.62992421820847
"RASGEF1B",-1.63123308482113
"ST13P11",-1.63192632990819
"MIR194-2HG",-1.63196533770338
"ALAS1",-1.63265361462422
"UBE2L3",-1.63419862375034
"LINC01503",-1.63428276226778
"DHTKD1",-1.6352272899491
"TAB3",-1.63531840684758
"GSK3B",-1.63561362416065
"ST7-OT4",-1.63608725514093
"PRDM6",-1.63670053901717
"RPL4P7",-1.63843621638555
"EXOC7",-1.63846979993596
"SMC4",-1.63947224345431
"PGM5-AS1",-1.63992977860521
"MZF1-AS1",-1.6403620449364
"SALRNA2",-1.6409708156556
"CCL14",-1.6409708156556
"CD300E",-1.6409708156556
"MIR7854",-1.64173059858704
"DYNC1LI2-DT",-1.64173059858704
"NAB1",-1.64186307770161
"SGPL1",-1.64226140166589
"LINC02166",-1.64258543486294
"LYRM4-AS1",-1.64309343494422
"MIR1284",-1.64334151738679
"KYAT3",-1.64411959808184
"EPHA1",-1.64567938473836
"KIF13B",-1.64607781518159
"CAPN12",-1.64637868921455
"MNAT1",-1.64817426221181
"LGALS8",-1.64832318091658
"DCAF13",-1.64980270112785
"SLC12A2-DT",-1.6500126109941
"ARV1",-1.65004126211472
"EIF4E",-1.65038242226757
"CYP4Z2P",-1.65089066048776
"GGTLC3",-1.65099757466831
"LYSETP1",-1.65209482772173
"RPL31P40",-1.65209482772173
"MVP",-1.65261523802111
"KLHL9",-1.65341309464755
"ATP5MFP1",-1.6536065791718
"BROX",-1.65437207455087
"LINC00595",-1.65507440506451
"HMGB1P6",-1.65592225054988
"LRRIQ1",-1.65613764621417
"ICMT-DT",-1.65695047147643
"PRPF8",-1.65726444545012
"ZFP62",-1.65728752147347
"ZNF518B",-1.65728811282183
"PCCA-DT",-1.65850614976295
"NGRN",-1.65940075413185
"CEP192-DT",-1.65956164344868
"CAHM",-1.65965760231373
"SCGB1B2P",-1.65996212838679
"RGS9BP",-1.66043882235767
"NCOA6",-1.66134304768969
"BNIP1",-1.66334914373308
"ERICH6B",-1.66359528378704
"RPS28P7",-1.66579892711216
"LONP1",-1.66619023989279
"ARHGEF40",-1.66641469415487
"ROCK1",-1.66735667770355
"KISS1",-1.66750634164274
"EXOSC8",-1.66774864615638
"LINC02381",-1.66940319890045
"RPL13",-1.66956622174118
"UBXN1",-1.66992979835974
"S100A12",-1.67185466213719
"SRRM1",-1.6719252566804
"AHCTF1P1",-1.67286347412099
"MAST1",-1.67402951775508
"PSMA4",-1.67566958541411
"PDCD10",-1.67641374247536
"GIMAP6",-1.67815444582161
"STAT1",-1.67841012929856
"RBMS2",-1.67841926859729
"TRMT5",-1.67851980194474
"RNF32",-1.68117587841909
"NARS2",-1.68279926578289
"HSPE1P6",-1.68305346620739
"TNFRSF10A",-1.68385535433536
"KRT10-AS1",-1.68432637473126
"ARHGEF3",-1.68461700042939
"SNORA70E",-1.6852733172211
"NR1I2",-1.68848649042209
"POC5",-1.68850756335683
"LSM4",-1.68974412093969
"KRT76",-1.69398224169556
"CFL2",-1.69408535833419
"SOX10",-1.6940884565317
"GNAI3",-1.69428711337855
"SLC2A13",-1.69486574493556
"CILK1",-1.69526166530827
"TRMT10C",-1.69632514825713
"ZRANB3",-1.69685677839817
"FAM199X",-1.69767839607064
"RAD1",-1.69863841379979
"EIF1AX",-1.69898899605559
"BICRA-AS2",-1.70230901904232
"RPL27A",-1.70432535386472
"TRAV36DV7",-1.70436833046022
"DAAM1",-1.70626925531796
"PAG1",-1.70657701214221
"RAB4B",-1.70797365828405
"HIGD2A",-1.70832931450403
"ZNF396",-1.7083414688859
"CRBN",-1.70953690901691
"MYL6",-1.70997195294425
"DPP9",-1.70998150705576
"DUSP7",-1.71034205420113
"LINC01681",-1.71142940897451
"LAMTOR5",-1.71143327468217
"LINC00885",-1.71271533101484
"TMBIM4",-1.71286071789771
"GATAD2B",-1.71407083986868
"PRSS53",-1.71412192598892
"FBXL3",-1.71423084571493
"SOX2-OT",-1.71487635346585
"LRIG3-DT",-1.71514724499659
"BCAS4",-1.71545362416239
"RPL26",-1.7163457645976
"RRAGC-DT",-1.71648969392267
"DFFB",-1.71931680872656
"LINC02190",-1.71981492212243
"PPME1",-1.72045212966344
"ARAP1",-1.72139307297839
"ASNSD1",-1.72308780371433
"RPL21P16",-1.72432722723937
"NPEPL1",-1.72705139693054
"ISL1",-1.72828037707776
"RAB11B-AS1",-1.72848102674967
"SOCS2-AS1",-1.72862844918374
"EIF4BP6",-1.73062482416644
"MIR32",-1.73086998859941
"PLPP6",-1.73229095212731
"UBE2T",-1.73258257850227
"FIZ1",-1.73293066162138
"BCL2L14",-1.73491202128362
"GTPBP4",-1.73567108721181
"RHOB",-1.7356875931076
"TEX30",-1.73589656898035
"ATP2B4",-1.73651295324211
"POMK",-1.73665193573146
"RN7SL141P",-1.73748791144964
"SMG1P5",-1.73760957581267
"FTL",-1.73810593496008
"ADAL",-1.7387496610786
"RPS29P17",-1.73940032310998
"WARS2-IT1",-1.73975921338292
"RND2",-1.7404734145565
"DHRS4-AS1",-1.74121321268401
"SMIM9",-1.74150355145016
"HBP1",-1.7430859484321
"CC2D1A",-1.74312294475455
"VMA21",-1.74383285420637
"CHMP1B-AS1",-1.74534122362643
"ACAT2",-1.74650723019187
"CSDE1",-1.74702673533757
"GLRX3",-1.74870898457809
"HCP5",-1.74925366888942
"MSX2",-1.74975316840469
"ZPLD1",-1.75141422787864
"RND1",-1.75181349447826
"ZNF282",-1.7530370731542
"MRPS30-DT",-1.75612095861526
"RPS20P33",-1.75659593308198
"CFAP97",-1.75890527799335
"RBFADN",-1.76226112997303
"MVK",-1.76230398719994
"AMD1P4",-1.76232228323886
"LINC00621",-1.76280722257425
"TARDBP",-1.76580605990443
"MRPL23",-1.76736021421798
"NT5C3B",-1.76860651221354
"LINC00581",-1.77028044539235
"NUMA1",-1.77110155918914
"TMEM243",-1.7712614732785
"RNU6-23P",-1.772767562114
"MIR181A1HG",-1.77503449403735
"GRID2IP",-1.7793714439822
"TMEM151B",-1.78001206181517
"USP26",-1.78001206181517
"BORCS8-MEF2B",-1.78001206181517
"SLC66A2",-1.78193660772935
"LRRN4CL",-1.78373688416713
"VTI1B",-1.7856706094575
"OARD1",-1.78612457122303
"PPIAP78",-1.7863329686124
"FEM1A",-1.7876662698218
"RN7SKP296",-1.78818485004895
"RAB5CP1",-1.7889578967893
"SESN1",-1.78924724365761
"HADH",-1.78989134848034
"CTU1",-1.79062722377858
"TMEM268",-1.79112514714437
"MSL1",-1.79133343765134
"MYCN",-1.79248342317798
"TFDP1",-1.79284595162997
"CCDC34",-1.7931036552958
"RN7SL577P",-1.7933134127509
"SREK1IP1",-1.79476911811477
"RPL34-DT",-1.79585228994054
"BIN3",-1.79970857551646
"MLLT1",-1.80048850554683
"NFYB",-1.80214551904309
"PTCH2",-1.8024046085862
"SLMAP",-1.80274351550563
"NCOR2",-1.80385917312289
"EIF2S3",-1.80393952002698
"SEMA6C",-1.80435814481796
"CASP6",-1.80528055319832
"LINC03068",-1.80530060666707
"MT1P1",-1.80729039317792
"RN7SL559P",-1.80775375899959
"RPL12P13",-1.8088923484144
"DSTYK",-1.80903048309827
"DDX31",-1.80954467526476
"CTSB",-1.8104777328603
"C1orf216",-1.8118632431674
"ACER3",-1.81190898456777
"SCOC",-1.81221538676398
"STRN",-1.81395714564893
"ZNF836",-1.81451845753377
"CLDN15",-1.81701680753179
"ZBTB12BP",-1.81793387070045
"MIR4728",-1.81882354328562
"NID2",-1.81947512478094
"ITPK1",-1.82048941912723
"FAM111A-DT",-1.82078747419154
"ELF3-AS1",-1.82086546261368
"YWHAH",-1.82112986724083
"TBPL1",-1.82212067287583
"HPDL",-1.8221960969107
"RUFY2",-1.82371469300253
"CACNA1B",-1.82446918290488
"DYNC1LI2",-1.82598548031709
"CD2AP",-1.82710094618636
"LACTB2-AS1",-1.82716293511003
"PTCD3",-1.82756731229416
"SNX6",-1.82789605914162
"EYA3",-1.82842522631653
"SMURF2",-1.82959857293222
"PDCL",-1.83001043752642
"ARPP19",-1.83010389014039
"FAM200A",-1.83171647173093
"EAF1-AS1",-1.83253398564684
"ACBD6",-1.83280099173037
"ZC3H6",-1.83283536326214
"CWF19L1",-1.83413476485911
"SPANXN2",-1.83436083884139
"UBAP1L",-1.83456069964838
"MIR4742",-1.83734859144201
"CD80",-1.83734859144201
"AFG1L",-1.83793879527505
"RTL8A",-1.83834444169986
"CHORDC1P4",-1.83835096122206
"FKBP1A",-1.83840274935585
"NOP14-AS1",-1.84004444700556
"RAB3GAP1",-1.84131189488076
"LINC02958",-1.84186512947924
"RPL34",-1.84239705087381
"RFX5",-1.84284085744291
"SPDYE6",-1.84393839400362
"SHF",-1.84571596822655
"EEF1A1P35",-1.84770075943476
"ARHGAP1",-1.84854763131729
"UBR1",-1.85062435112326
"PWP1",-1.85087966362152
"RBMX2P3",-1.85167771899047
"KDM8",-1.85328193041611
"PTER",-1.85371517896028
"SDCBP2",-1.85418113412642
"RHOA",-1.85455584402404
"RFPL3",-1.85457821153727
"GSTCD",-1.85826972497884
"SRPK2",-1.85924218212753
"RCE1",-1.8595899696797
"SNRPE",-1.86142691688548
"CIB1",-1.86181648153722
"PKIA",-1.86193994663922
"MIR4251",-1.86195158688036
"NOL6",-1.86206025876186
"COQ7-DT",-1.86214615012737
"MSLNL",-1.86261074574937
"ARHGAP28",-1.86289375656117
"DUT-AS1",-1.86387984472335
"RCHY1",-1.86493594795985
"RTCB",-1.86543090504123
"RBM7",-1.86588713175459
"RPL5P1",-1.86645865616632
"RPL28P2",-1.86795639364277
"ZNF671",-1.86834554922683
"RAB21",-1.87000645718068
"TMPRSS5",-1.87175808895459
"ARL4AP2",-1.87225713846766
"SLC11A2",-1.87231567664867
"RPL13AP26",-1.87273384673779
"RNF214",-1.87323680380515
"CTSK",-1.87431432466648
"LMNB2",-1.8771657515983
"METTL2A",-1.87753763186694
"MACIR",-1.87806393057879
"LACTB2",-1.87824643616757
"LINC01709",-1.88001865902433
"SPSB2",-1.88037184570484
"ST6GALNAC3",-1.88102020382298
"GFOD2",-1.88109392468984
"ZNF696",-1.88118965044164
"MTAPP2",-1.88122419111879
"CBR1-AS1",-1.88122419111879
"SCAP",-1.88125893898138
"RELCH",-1.8816839726516
"EEF2K",-1.88245528935954
"ZNF609",-1.88252339439569
"SARS2",-1.88355200061545
"SLC7A11",-1.88377919681837
"RNU6-748P",-1.88474919633006
"NCBP2-AS1",-1.88513462601211
"RBISP3",-1.88579587626535
"ZNF350",-1.88635468275525
"KAT7P1",-1.88664592678151
"ATF7",-1.88829650912603
"TMEM220",-1.88856189339042
"STRC",-1.89013114167747
"CBX3P5",-1.89089777541175
"ANAPC4",-1.89399057380301
"CABYR",-1.89414773151379
"P4HA2",-1.89648295290138
"RXRA",-1.89978967886099
"CCT6A",-1.90030866590367
"UGDH-AS1",-1.9006839782406
"ANKRD44-AS1",-1.9017726334637
"TUBB8",-1.90219748129074
"MORC2-AS1",-1.90231488723209
"NT5DC4",-1.90324149715531
"ATP6V0D1-DT",-1.9038092658405
"RHEB",-1.90421424256906
"SMAD5",-1.90478487455029
"CNOT1",-1.90737498478825
"MRPS17",-1.90827633103315
"PHF20",-1.90871421228158
"MRPL19",-1.90892041993187
"LIF-AS2",-1.9094964220066
"LATS1",-1.90967412976128
"TSGA10",-1.91435906533312
"RPL9P3",-1.91471956965164
"EIF3J-DT",-1.91486761346918
"DCAF8L2",-1.91495668257406
"LINC02006",-1.91603613535708
"PSMG2",-1.91633897213486
"TIAM1-AS1",-1.91655819277606
"LNCATV",-1.91689854285309
"SMG7",-1.91780554559456
"MIR4470",-1.91852684244339
"ARMCX2",-1.91923128110157
"POLR2B",-1.91940656688091
"LINC00390",-1.92063556624357
"LINC02715",-1.92336942013556
"SLC43A2",-1.92476100412286
"DKK3",-1.92526895486152
"CDKN2AIPNL",-1.92652155857771
"EIF4E2",-1.92707339689588
"PSMA3",-1.92729791075026
"PCDHGA10",-1.92770035121333
"TIMM9P2",-1.92840961855762
"ZNF778-DT",-1.93058624315246
"PWWP2A",-1.93099512609401
"MRTFB",-1.93179169516151
"DLEC1",-1.9325339759491
"RBM39",-1.93326521050525
"MPRIP",-1.93410152809255
"PRELID1P5",-1.9341272840612
"LILRB3",-1.93413326297504
"SCARNA3",-1.93415909176218
"GPC3",-1.93649491949353
"ZNF90",-1.93692329777742
"HNRNPA2B1",-1.93729016413941
"FAM215B",-1.93757419016961
"SLC25A25-AS1",-1.93770785561597
"MCCC2",-1.93796888396279
"UTP11",-1.93839791197081
"SEM1",-1.9385716198097
"LIX1L",-1.93869682324281
"MED19",-1.9388756377024
"SLC39A11",-1.93893695655919
"CRACDL",-1.94038582324858
"DNAH8",-1.9434074341341
"SNAPC5",-1.94443795573107
"FBXW12",-1.94444276777545
"RPL41P5",-1.94512513851351
"ITSN2",-1.94539193316465
"CITED1",-1.94721607807943
"ANKRD23",-1.94780491182023
"DEGS1",-1.94954578599694
"RPL26L1-AS1",-1.94979261993765
"FBXL17",-1.9499484234476
"COPS4",-1.95185652761989
"IGBP1P1",-1.95261887240818
"ACAP2",-1.95301630177013
"ADPRS",-1.95350076040442
"CRK",-1.95466473239628
"NDUFA2",-1.9571270680607
"RPS18",-1.95888121055657
"CCDC38",-1.95961810433047
"MIR4786",-1.96395047688851
"TNS4",-1.96479651981967
"ZNF7",-1.96725737812957
"MTUS2",-1.96770261573076
"SPATS2L",-1.96797540608594
"ZCCHC4",-1.96810713823377
"TSKU",-1.96823385131951
"RN7SL22P",-1.96838263248351
"ATP8B4",-1.9688409843589
"TXK",-1.96914406526227
"ZFAND6",-1.96925868627719
"PNISR",-1.96935343793627
"VEZT",-1.96953414804526
"PFDN2",-1.96961471287834
"SNHG8",-1.96990374340632
"ITGA10",-1.97088848630398
"SCARA5",-1.97121079259744
"LINC00534",-1.97140763548432
"BABAM2",-1.97224251645591
"PTTG1",-1.97376271703288
"HMGB3P9",-1.97499923219231
"KRT18P10",-1.97552178111846
"ATF7IP",-1.97919475648122
"PLN",-1.97920536334985
"RNPEP",-1.98164406719443
"DNAH10",-1.98219195012591
"TMED8",-1.98311447189602
"KIAA0319L",-1.98574578359683
"PTPRZ1",-1.98621903095366
"DUSP16",-1.98657654820822
"GDF11",-1.98701845872213
"RPS17P16",-1.9919624456491
"RPL29",-1.99357519619454
"TGS1",-1.9938599181283
"TSNAX",-1.9962840192488
"IARS1",-1.997100766673
"RBM15",-1.99964014783165
"ARAP1-AS2",-1.99974525140056
"UBE2W",-1.9998112952079
"AKAP7",-2.00223205408774
"ELOC",-2.00299734306763
"MFAP1",-2.00337604625061
"RPS3AP38",-2.00528799020411
"LRRC57",-2.00585977777696
"GUCD1",-2.0061725482464
"ABCB10",-2.00639689596666
"RCOR3",-2.00837099575957
"EXTL2",-2.00945726221231
"TMEM181",-2.00969215978876
"SSBP2",-2.01049894475973
"PITX1",-2.01054982055238
"CBX5",-2.01315838321398
"RN7SL472P",-2.01416877799071
"RPS7",-2.0146949760112
"STX12",-2.01477177702145
"RPL35A",-2.01516607121598
"TMEM128",-2.01749193500863
"ZNF19",-2.01833969371161
"ZYX",-2.01925284806744
"RPL24P4",-2.02165749388366
"NOX1",-2.02241129540549
"PRPF3",-2.02342603332446
"PTRH2",-2.02378231345215
"PLIN2",-2.02623164419658
"TMBIM1",-2.02651839437502
"ZNF502",-2.02734003227663
"RNF10",-2.02798574623295
"TXN",-2.02850348527201
"FBXL13",-2.02914169029995
"IKBKB",-2.02962727575882
"IRF2BPL",-2.029751068397
"RNU7-80P",-2.0312254659958
"HCG4B",-2.0320983949247
"LOXL2-AS1",-2.03334717147931
"METAP1",-2.03346139517318
"PHAF1",-2.03381369169271
"SRSF11",-2.03511448869078
"LILRB5",-2.03551006661566
"PRDX5",-2.03701723066253
"NUDT3",-2.037689743177
"BMAL2",-2.03919825834394
"MT-ATP8",-2.04033875968547
"FIG4",-2.04059564726381
"ZMAT2",-2.04157945025912
"LRRC42",-2.04671903398733
"VPS13A",-2.04735603009741
"IER3IP1",-2.04750937386919
"BUD13",-2.04834181634308
"DHRS7B",-2.04979127819989
"KANK1",-2.0501742503308
"RIMKLBP2",-2.05067180713485
"HACD3",-2.05138266555651
"DGKQ",-2.05222285607408
"CYP4A22-AS1",-2.05371399859471
"YWHAB",-2.05372719154006
"ATP7A",-2.05375948785986
"MIR320E",-2.05415696803738
"FRMPD3-AS1",-2.05437156778599
"KIF16B",-2.05459808682799
"SRP68P3",-2.05563639885984
"SNAP25-AS1",-2.0559063069071
"CHCHD7",-2.05747942594926
"HMGN2P5",-2.05870054951742
"TMEM106C",-2.05910580608332
"NQO1-DT",-2.06072022114275
"C15orf61",-2.06096558540048
"CDH15",-2.06152883174893
"OGT",-2.06211087100607
"TAS2R4",-2.06440379049529
"TEF",-2.06506806710903
"ANKRD24",-2.06668589440861
"PTPRG-AS1",-2.06736963479269
"PUM1",-2.06880191750628
"BAG5",-2.06961903147711
"TICRR",-2.06973901344696
"RORA",-2.06993922570881
"EIF4A1P4",-2.07064492733795
"PPIG",-2.07097635686791
"RN7SL146P",-2.07299023055259
"BLOC1S2",-2.07354771155603
"SERPINB8",-2.07471014798626
"SPATA24",-2.07486481649674
"CANT1",-2.07635787957712
"RNU6ATAC39P",-2.07738044173058
"SAP30-DT",-2.07887396519258
"NF2",-2.08004657072126
"FUNDC1",-2.08378263379926
"HEATR3-AS1",-2.08638419833097
"SSH2",-2.08726707697725
"H2BC21",-2.0874822329299
"RPL21P86",-2.08754795145587
"ITGA7",-2.08930733920705
"CHML",-2.09215837640773
"CARNMT1",-2.09284609839728
"NRXN1",-2.09309393861806
"RASSF4",-2.09456443649048
"MRTFA",-2.09466897014418
"IL31RA",-2.09486944593934
"SUCLA2",-2.0953793059422
"FAM216B",-2.09568427948549
"ZNF648",-2.09665425783379
"MAPK8IP1P1",-2.10080880403893
"ADAM15",-2.1010093525922
"MUC3A",-2.10127254921016
"PIP4K2C",-2.10131482827951
"FBXO3",-2.10191487692509
"ARRDC1-AS1",-2.1019993664398
"SMYD3",-2.10234609355011
"UHMK1",-2.1024202635312
"KLHL42",-2.10339228377797
"STAM2",-2.10386826887918
"SETP5",-2.10411555388093
"NKX2-3",-2.10411555388093
"SENP6",-2.10471162082247
"ZNF654",-2.10518231232754
"TOP1P1",-2.10744560929929
"MEGF11",-2.10816089592563
"ANXA2P1",-2.10948073577015
"COG5",-2.10951913407367
"NDUFC2",-2.11062647648399
"PCDH20",-2.11070753914098
"CLUH",-2.1108754212632
"NFS1",-2.11089304748216
"MSH6",-2.11118297326324
"GPATCH4",-2.1124211705679
"NAP1L1P1",-2.11260100296188
"BAZ2B",-2.11389448687465
"STX10",-2.11438911152646
"TAF13P2",-2.11448879721722
"SCRIB",-2.11690012188856
"SAMD8",-2.1170555273056
"ANKRD42-DT",-2.11879574301497
"CLASP1",-2.11917412017439
"WHAMM",-2.11994826624086
"USP1",-2.12059471427402
"DCUN1D5",-2.12152445592252
"RPL41",-2.12285531999045
"OFD1",-2.12328774474224
"EBP",-2.12458306471676
"PRR3",-2.12489282880312
"CZIB-DT",-2.12543043583769
"RPS16",-2.12574815815439
"TNFRSF10B-AS1",-2.12660417727451
"SLC22A18",-2.1266512284389
"ZMYND11",-2.12811943433013
"NUP85",-2.13047182389969
"LRRC8B",-2.13102023635357
"FAAP20",-2.13275667811477
"STAG2-AS1",-2.1337450503706
"TENT4B",-2.1338985328946
"IDI1",-2.13396282911096
"RPS26P28",-2.13563641327046
"NKIRAS1",-2.13589425018745
"GNPDA2",-2.13714532067282
"HNRNPH2",-2.13739121920524
"SPAG1",-2.13741653882115
"TTC19",-2.13749009033158
"HSD17B11",-2.13773741258767
"DUT",-2.13834283352138
"CDC37P2",-2.13856519879947
"DHX30",-2.13908191287323
"CARD19",-2.14132250761923
"CDYL2",-2.14137090316088
"TRIM56",-2.14307685005032
"ACTL6A",-2.14498392526146
"BRDT",-2.14573132074683
"C6orf47",-2.14637622877928
"RAB33B",-2.14758264379679
"STAU2",-2.1478928626519
"RMDN1",-2.14820564340343
"AGAP3",-2.14875166379188
"TTBK2",-2.14925464164248
"ACLY",-2.15068329128725
"SPIB",-2.15082945505708
"TRAV12-1",-2.15089253070504
"LINC01635",-2.15207107622721
"NMU",-2.1541619014852
"PCDH10-DT",-2.15755507143144
"NIPBL",-2.15888532671549
"EFCAB13-DT",-2.16007484394031
"HPGD",-2.16160572201276
"GAB2",-2.16245254098146
"SDHDP6",-2.1627566857763
"NDUFA6",-2.16321705205782
"HUS1B",-2.16384234790795
"TTC32-DT",-2.16430310869677
"RAB11FIP4",-2.1648836229344
"RNA5SP260",-2.16491354456038
"RNU6-101P",-2.16537206976419
"KRT18P38",-2.16739960790789
"ANKAR",-2.16885186981218
"PPP1R2P2",-2.17078395068123
"LINC01276",-2.17110359198564
"ASIP",-2.17194689149747
"RPS27A",-2.17331265413935
"SOAT1",-2.17497539698074
"MIR3168",-2.17527302287693
"FBXO15",-2.1754507745257
"BTBD7",-2.17607710795762
"SOD1",-2.17656201729357
"SNHG5",-2.17732234335417
"RPL21",-2.17791400247225
"C6orf47-AS1",-2.17797814983513
"MESTIT1",-2.17832349696828
"TMEM141",-2.17850922137147
"BTG1",-2.18174518062992
"SF3B6",-2.18191605321724
"METTL25",-2.18271118509755
"C1orf53",-2.18681688061257
"PHF10",-2.18855315940088
"ZBTB46-AS2",-2.19002100960172
"PTEN",-2.19102069360224
"TRAPPC6B",-2.19273610600735
"ZBTB9",-2.19331814146341
"RNU6-495P",-2.19363231390723
"TAF13",-2.1937225651911
"LINC00837",-2.19446177863577
"MBOAT7",-2.19452959348876
"AP1S3",-2.19455710639715
"TRMT1L",-2.19519132652878
"CERT1",-2.19536972136774
"LINC01584",-2.19663935095401
"HDDC2",-2.19675361431669
"ING2",-2.19677244437225
"PARP9",-2.1969096755026
"MSRB2",-2.1970690711863
"HAPSTR1",-2.20298526254975
"DHX8",-2.20298806135548
"IDH1-AS1",-2.20577662059514
"DENND10",-2.20828886722557
"FAM88B",-2.20868268369341
"BCCIP",-2.21172797452155
"MAP3K7",-2.21274252046975
"ZBTB10",-2.21275756211392
"CHCHD3P3",-2.21337245447858
"PGBD1",-2.21464697592049
"RNU6-1283P",-2.21525076730048
"EPOR",-2.21692348880654
"XIAPP3",-2.21954412045766
"SERBP1",-2.22095646904122
"EFR3A",-2.22152371561697
"ITPRIPL2",-2.22340447095926
"LIN7C",-2.22360299092143
"FTH1P12",-2.22432601615777
"MIR5692B",-2.22483469632464
"SPATA3",-2.22522681008998
"TRIM31",-2.22522681008998
"PLK4",-2.22629326685847
"U2AF2",-2.22683926201242
"LGALSL",-2.22716252245366
"UBE2E2",-2.22867469707215
"MTFR1L",-2.2294753772744
"GSTP1",-2.231102648308
"RN7SL558P",-2.23214207212328
"VPS33B",-2.23281740548494
"LINC00691",-2.23338251568502
"SRSF10",-2.23368767164362
"RSL24D1P8",-2.23657234421955
"MTSS1",-2.24019774915539
"ZNF446",-2.24021012202266
"PAIP1",-2.24110677382396
"DICER1",-2.24265530241662
"SLC35A5",-2.24340990011497
"GPR160P1",-2.24535015312241
"TULP4",-2.24585715709151
"CKAP5",-2.24595360682587
"RAB12",-2.24784716299976
"FRMD4A",-2.24823964302576
"RAB40AL",-2.24879671644899
"RNU6-245P",-2.24939045950325
"RABIF",-2.249522622091
"SOX5-AS1",-2.24956269033692
"RLN3",-2.25156828455088
"RTKN",-2.25189199654237
"LINC00174",-2.25338421646324
"SIRT1",-2.25632048857057
"SMAD3-AS1",-2.2583069224294
"KDM3B",-2.25918865843677
"LSM14A",-2.2599291549885
"ATP1B3-AS1",-2.2602537889917
"CHMP4C",-2.26050657369278
"CCDC24",-2.26101816967092
"OGFRP1",-2.26240993615758
"PPT1",-2.263480099677
"ZNF44",-2.26521680468893
"LINC02551",-2.2653841782095
"ZFYVE21",-2.26601332722602
"TSC1",-2.26664170514594
"C11orf54",-2.26825120767275
"MIR429",-2.26959859693218
"CLHC1",-2.27146693706991
"YTHDC1",-2.27227300777334
"MMS19",-2.27341900851785
"LINC02169",-2.27654149645591
"CD55",-2.27822071419964
"PLA2G12AP1",-2.27930210397263
"LINC01596",-2.28099117252055
"RBM12B-DT",-2.28099117252055
"GTF2I",-2.28180967056983
"DCAF12",-2.28406530018825
"RASGRP4",-2.28441651021782
"KCNJ10",-2.28571380118799
"TEX29",-2.28571380118799
"RARA-AS1",-2.2862535160804
"ZNF324B",-2.28978264484084
"DARS2",-2.2911064321154
"DNM1L",-2.2915719880008
"BHLHE40",-2.29223381475207
"ZSCAN29",-2.29223744852388
"NDUFA4",-2.29428583801783
"CYMP-AS1",-2.29611834940624
"C2orf73",-2.29611834940624
"ZFHX2",-2.29783408333689
"SLC18B1",-2.29863728254389
"CNOT7",-2.29942798488697
"CELF2-AS1",-2.30056980851113
"FBXO38",-2.30151397087128
"ZC3H12A",-2.30186023426191
"N6AMT1",-2.30209104110782
"RNA5SP122",-2.30211872323043
"CAMTA1-DT",-2.30215461444845
"URGCP",-2.30235239482764
"PPA2",-2.30239132095671
"RAD51",-2.30251936237946
"STAM-DT",-2.30743726340007
"BTBD10",-2.30830149736416
"FAM161B",-2.30863472324349
"SGSM3",-2.30891258922621
"DNAJC6",-2.30960839913006
"RNU6-1284P",-2.30973167855896
"LRBA",-2.31310551274119
"AFF4",-2.31425582455492
"HNRNPA1P4",-2.31479798559111
"MRPL45",-2.31489795937959
"OBI1",-2.31616662224396
"RPL31P49",-2.31640939523859
"ATL3",-2.31847102863229
"PPIAP22",-2.31863068865428
"AK2",-2.31894670532667
"ENTR1",-2.31982310688583
"MRPS25",-2.32242222904887
"CEP162",-2.32356490374999
"PCDHB12",-2.32446000969645
"RPS27P8",-2.32525592123308
"RNU6-354P",-2.32757349023631
"MAPK4",-2.32759518520239
"TNFAIP8L3",-2.32794416460776
"ASB15",-2.33165025649733
"MIR103A2",-2.33168407216835
"LINC01716",-2.33278015683046
"RPS29P24",-2.33278015683046
"CUL1",-2.33384695131009
"EFCAB8",-2.33519629937189
"NKG7",-2.33694622390086
"MATN1",-2.33701029979499
"CRIP1P3",-2.33702602284674
"CDK19",-2.34084340742425
"FLVCR2-AS1",-2.34371207652461
"UPF3A",-2.34575182243041
"MND1",-2.3458203656413
"RFC1",-2.34647795652307
"SNRPF",-2.34782701693902
"SAE1",-2.34852856678182
"PP2D1",-2.34860163851747
"DYM-AS1",-2.34986215516564
"CYP2C9",-2.35018520754602
"LRRC40",-2.35104119251414
"RRM2P2",-2.35305861268083
"IFIT1B",-2.35448165174729
"HEATR1",-2.35452551065479
"RPS27AP20",-2.35503869243656
"SYTL4",-2.35628176321212
"MACROD1",-2.3570258151526
"OIP5-AS1",-2.35747894369944
"H2AZP3",-2.3589995646419
"SMG1-DT",-2.35937139770124
"KY",-2.36072429221813
"MTATP6P1",-2.36091515067144
"BNIP3",-2.36161195471576
"PIN1-DT",-2.36346255018661
"LMO1",-2.36369812980967
"RNU6-482P",-2.3641900525048
"SMIM12",-2.36613250031291
"RNU6-1153P",-2.36800756308849
"PGM2L1",-2.3682143055292
"ZFP37",-2.36839235938705
"DDA1",-2.36910950591312
"SPX",-2.36951242830007
"SEMA6A-AS1",-2.37002066563922
"RPL31P47",-2.37100256285789
"AATK",-2.3711097227143
"PTPN23",-2.37229402207483
"TTC32",-2.3792626920241
"TNFRSF10A-AS1",-2.37951507418248
"ZNF619",-2.38049796139167
"PIAS2",-2.38090996151384
"PTAR1",-2.3820235873462
"RLIG1",-2.38545594263216
"CDAN1",-2.38601217656152
"SRP14P1",-2.3896482442223
"EGILA",-2.39051919550222
"TRDC",-2.39102723032523
"CYB5B",-2.39197302017121
"DDX25",-2.39241718286183
"PLGRKT",-2.39389855184142
"ANAPC10P1",-2.39478933371997
"ICE1",-2.39568998597999
"PGS1",-2.39572219950788
"SNX12",-2.39631721828945
"RN7SL384P",-2.39816858076159
"RNU6-1092P",-2.39845048387558
"EIF4A1",-2.39900559202359
"SUGT1-DT",-2.39917180705566
"RMC1",-2.40117996432901
"FAM229A",-2.40128210030079
"ZNF614",-2.40154655747688
"PPTC7",-2.4033100724748
"RNLS",-2.40403182753824
"RNU1-124P",-2.4048097749533
"TONSL-AS1",-2.4048097749533
"TMEM9",-2.40497551332145
"NOTCH2NLR",-2.40538393618899
"FREM2-AS1",-2.40538393618899
"SCAANT1",-2.40572979945267
"HNRNPK",-2.40713398064523
"TRIM33",-2.4071800407924
"CCNB1IP1",-2.4079874896564
"NDUFS4",-2.40927419148281
"FAM24B",-2.40992652254939
"FAM72D",-2.41029721982855
"ZBTB8OSP2",-2.41069088810361
"ALMS1",-2.41093239644997
"ACSM6",-2.41112307402357
"OAZ2",-2.41143170631198
"ARPC3",-2.41257165613054
"CRYZ",-2.41429657189248
"RBM28",-2.41432410134962
"PACS2",-2.41463140894275
"THUMPD3-AS1",-2.41520986236582
"RFX1",-2.41535484112411
"SAFB",-2.41537784334642
"TRIM46",-2.41604300422917
"MAT2A",-2.41610169317824
"RNU6-177P",-2.41711731561581
"NUP214",-2.41836148212147
"NDUFAF2P1",-2.41848217702446
"HLA-F-AS1",-2.42194255672266
"KLHL11",-2.42222863900987
"ZNF674-AS1",-2.42345141401318
"PUS7",-2.42382351408305
"FER",-2.42411879571894
"ATP13A2",-2.42415790287072
"RN7SL448P",-2.42705434167264
"ULK4",-2.4274601449704
"HGSNAT",-2.42758375606085
"TRAV8-3",-2.42811891760214
"APC",-2.42854021593742
"RPL21P119",-2.42964107086082
"QRFP",-2.43243518058224
"LINC02979",-2.43297994470358
"COMMD1",-2.43304648490352
"ZNF404",-2.43341261429012
"RNA5SP201",-2.43366846669998
"TRAV25",-2.43422229773982
"RNU6-407P",-2.43480501866228
"BACE1-AS",-2.4352140594448
"KRT18P16",-2.43686287421193
"HIF1A-AS3",-2.43929324089899
"PCYOX1",-2.43976454296793
"ANKRD34B",-2.44110967622155
"SLC1A2-AS2",-2.44110967622155
"EHBP1",-2.44176995154672
"TALAM1",-2.44235110481163
"N4BP1",-2.44315506892556
"LINC02016",-2.44338762825206
"HIGD1A",-2.4445213533447
"ADORA1",-2.4448786113169
"GNAL",-2.4466209571844
"LINC00623",-2.44802229055654
"SACM1L",-2.44952199396605
"DNAH1",-2.45198976240507
"HS3ST3B1",-2.45216247738018
"SEH1L",-2.45378065353073
"ZNF207",-2.45441111598308
"KRIT1",-2.4547873643745
"ZNF85",-2.454915398013
"TPI1",-2.45497593329392
"BSPRY",-2.45552214348024
"RHOD",-2.45567454339338
"SLC35F6",-2.45640944085295
"MAST3-AS1",-2.45652827189344
"PCDHB1",-2.45675474128372
"H2AC12",-2.45720479191618
"APPL2",-2.45761314657639
"DUSP10",-2.45771928441733
"SZRD1P1",-2.4577444620722
"IRS1",-2.45987870465845
"CAMTA1",-2.45994867437451
"RPS13P2",-2.46026392806178
"LINC00339",-2.46376739461113
"PTGES2-AS1",-2.46409043851846
"PGA5",-2.46409043851846
"YRDCP3",-2.46409043851846
"PLAC9",-2.46599470768191
"TRAK2",-2.46608292938929
"PLGLB1",-2.46764652626629
"DZIP1L",-2.47028237674208
"NRIR",-2.47054954319942
"NPM1P27",-2.47121041659847
"TCEAL1",-2.47334720547281
"ZNG1E",-2.47345987926086
"MALAT1",-2.47450110204478
"ZDHHC11",-2.47470533275351
"CETN2",-2.47763856342896
"ERICH6",-2.47858039192514
"NCDN",-2.47870463522858
"MRE11",-2.47958890388576
"SH3BGRL",-2.48043162255446
"C6orf62",-2.48108355126214
"EIF1B-AS1",-2.48129805979206
"GATAD1",-2.48328052407714
"PRPF38A",-2.48450010366296
"NEURL1",-2.48665933523728
"DYM",-2.48745232013087
"MIR1244-2",-2.4892792681341
"MIR6876",-2.49050472843555
"UBE2N",-2.49092988619687
"C2CD2",-2.49144214774295
"RYK",-2.49287929387539
"BAG1",-2.49427698732228
"SLC2A8",-2.49434654855087
"HSF2BP",-2.49488993906346
"GCLM",-2.49503142672767
"HNRNPF",-2.49629245858967
"KPNA6",-2.49711219227463
"C17orf114",-2.49723542027521
"LYNX1-SLURP2",-2.49739344684226
"PER3",-2.49859788750562
"TSGA10IP",-2.49894215585015
"TRIM36",-2.50035749895989
"MTCO2P2",-2.50057224545905
"ZNF764",-2.5021322071961
"SLC39A4",-2.50763362652077
"HLA-A",-2.50947977210086
"MED31",-2.51013288119577
"TPCN1",-2.51047327209881
"LINC01801",-2.51145767181665
"SCGB2A1",-2.5119023061652
"DDX21",-2.51335410190374
"BANF1",-2.51431785121342
"ZNF302",-2.51548132299868
"UBTD2",-2.51571692161421
"GSK3B-DT",-2.51690942542913
"KAT8",-2.51705282697287
"MRPL4",-2.51723844667247
"RPL4P6",-2.51741325793589
"RNU6-886P",-2.51887228704228
"SETDB1",-2.52062070645315
"LINC01134",-2.52097987571544
"COPS7B",-2.52176727026971
"RAN",-2.52197554858948
"RPSAP15",-2.52248289731046
"RPL13A",-2.52266835902772
"SLC35A3",-2.52441864425974
"RNA5SP311",-2.5285631619094
"XPOT",-2.53109242575639
"MRPL27",-2.53149581925894
"HSD11B1L",-2.53314497690076
"MIR564",-2.53447672866085
"APOA4",-2.53481125279713
"UPK1A",-2.53529251919389
"RPS6KB1",-2.54090310066106
"PXN-AS1",-2.54313312136024
"AXIN1",-2.54387253752821
"KRT8P50",-2.54422823916838
"RSL1D1-DT",-2.54507972000917
"SCYGR10",-2.54532988673104
"AKIRIN1P2",-2.54532988673104
"SMARCAD1",-2.54653207407597
"RALA",-2.54754270346952
"RNU6-882P",-2.5482221579871
"TEK",-2.54830747367962
"RSPH4A",-2.54853142035861
"IFT43",-2.55161459431849
"ZNF143",-2.55501619166814
"GTF2F1",-2.55521556867198
"MYEF2",-2.55542976218886
"ATG9A",-2.55612452102799
"SMYD4",-2.55751699507308
"LINC02323",-2.55783322373512
"RNU4-9P",-2.55877476385182
"MRAP-AS1",-2.55877476385182
"OPA3",-2.559460162567
"GORASP1",-2.56291235043272
"NUP133",-2.56323344078285
"ARHGEF37",-2.56396436061643
"PHKG1",-2.56452092141349
"KRTCAP2",-2.56589890881846
"SH3GL1P2",-2.56643423534595
"LAPTM4A",-2.56692901989444
"MIR625",-2.56754121657695
"KRT18P40",-2.56787748688243
"CCR5AS",-2.56822114746678
"KIAA2012",-2.56829161008703
"NUDT16",-2.5683825635977
"LINC01569",-2.56889927824447
"RNU1-63P",-2.56938642485531
"EP300",-2.57037154086539
"TMCC1",-2.57043202914987
"GAPVD1",-2.57045865509621
"LYRM2",-2.57074716969497
"IZUMO2",-2.57688321115383
"APOO",-2.57745640471591
"GPATCH8",-2.57971439232585
"AAMDC",-2.58019486666688
"RDM1",-2.58116862183187
"MASP2",-2.5828481732954
"SRSF10P1",-2.58307635097892
"TRAV8-2",-2.58362425476604
"GALNT11",-2.5854095057827
"TMTC4",-2.59579832478714
"NT5E",-2.59679029646977
"PTPN9",-2.59827260650925
"ZMYM4-AS1",-2.60103663286883
"LINC02625",-2.60118912871605
"LINC03026",-2.60134028865856
"CHCHD3",-2.60319749467752
"UBE2Q1-AS1",-2.60719442831791
"STK24",-2.608794863705
"FBXO17",-2.60922018920945
"CHTOP",-2.61182698062017
"CENPN",-2.61186433240951
"TIMM21",-2.6126421364941
"RHOQ-AS1",-2.61275463337439
"KDM4A-AS1",-2.61369212488264
"ABCC5",-2.61376030947571
"AJM1",-2.61464771564714
"NFYA",-2.61508603980979
"LONP2",-2.61597375156128
"IBTK",-2.61679515154301
"NSA2P6",-2.61779756471437
"TYMS",-2.62106937090557
"TNNI3",-2.62111150317624
"SEC23IP",-2.62210550037698
"MORF4L1P1",-2.62246847076942
"TMEM43",-2.6266578421722
"LUC7L3",-2.62722636385178
"TMT1A",-2.62774601780668
"MAP3K5-AS1",-2.62921788422868
"IPO7",-2.62967584622608
"MMP24",-2.62982955315416
"GOLGA6L9",-2.63039095779968
"SYN1",-2.63333552325221
"PLCXD2",-2.63776164631869
"STK33",-2.64018832890315
"PTPRS",-2.6402821188917
"PGGHG",-2.64240788326578
"HTT",-2.64268451768438
"RHOT1",-2.64346310568954
"ADH5P4",-2.64512932316135
"FOXP4",-2.64558115792872
"NANOG",-2.64761439758692
"MRPL15P1",-2.64846380596856
"PBDC1",-2.64880689821322
"RNU6-239P",-2.65022204592981
"DFFBP1",-2.65142771726334
"SNORA70F",-2.65160846740006
"SNORA33",-2.65220343534222
"TOM1L2",-2.65220451576826
"FKBPL",-2.65324942075057
"HADHB",-2.65351041453332
"NUDT16-DT",-2.65772880783972
"NUDT19",-2.66027432285923
"DHX15",-2.66269330513045
"BZW1-AS1",-2.66332369741011
"NSUN2",-2.66352057285616
"P2RX7",-2.66549091034492
"TUBE1",-2.66957689369724
"ADAMTS7",-2.66997987726103
"CSPG5",-2.67134834584665
"ARL17B",-2.67298199209015
"NRG1",-2.67334717397129
"QTRT2",-2.67716244655763
"MOGAT3",-2.67819759375495
"WASL-DT",-2.67834415807943
"KANSL1",-2.67928226268405
"COPS7A",-2.68084614063951
"WDR35",-2.68250693871557
"IPO11",-2.68373565030368
"SLC48A1",-2.68399847827525
"STAC2",-2.68493858315783
"CERS2",-2.68564227428816
"GNG11",-2.6857300628722
"MRPL33",-2.68575209767945
"ZFYVE1",-2.68643093487991
"MT3",-2.68729974896834
"RPS28P4",-2.68731296891088
"PRSS56",-2.68879667228827
"TESK1",-2.68912354561347
"NOS2",-2.6893271256812
"RGPD6",-2.68936898858106
"WDR93",-2.68970169511007
"RABGAP1",-2.69169368243179
"FAM228B",-2.69303481863611
"LIMASI",-2.69333697004169
"RN7SL531P",-2.69433945584193
"YY1",-2.69641316979441
"ATF7IP2",-2.69656145385703
"TTC1",-2.6974330294233
"NCMAP-DT",-2.69909640380221
"AMY1B",-2.70041044191536
"UPB1",-2.70087034040901
"MIR6719",-2.70111498718613
"B9D2",-2.70154153735776
"RPL12P20",-2.70464030201155
"DPY19L2P3",-2.70649323107298
"ANGEL2",-2.70703197755439
"NDUFB9",-2.70726544210874
"JDP2-AS1",-2.70780871730336
"AQR",-2.70827967907804
"GPC5-AS2",-2.70978521390989
"CTAGE9",-2.7132406818024
"BAG6",-2.71669911659221
"SUPT6H",-2.71773756919798
"TFAM",-2.72089417794125
"CDCA7L",-2.72205599743912
"RPS24P8",-2.72444433615079
"MT1E",-2.72603555010728
"E2F6",-2.72779666205299
"ECHS1",-2.72842020577347
"ARFGEF1",-2.72882927271727
"EPB41L5",-2.73029642902842
"HMGCS1",-2.73125884923326
"MIR4259",-2.73230452670858
"TMED7",-2.73394144421027
"MRPL30",-2.73605795231617
"PLEKHM2",-2.73670505058391
"AGAP4",-2.736824035626
"MCFD2",-2.73786641208406
"MIR652",-2.7402072476094
"BMAL2-AS1",-2.74161242711887
"DTHD1",-2.74167622066016
"TGFBRAP1",-2.74897046780691
"MGRN1",-2.74942432708246
"PITHD1",-2.75171120016507
"ZNF471",-2.75206214017799
"NSA2P7",-2.75363519541072
"REV3L",-2.75365696066463
"CASP7",-2.75395429062751
"RN7SKP245",-2.75448224818676
"CT70",-2.75637193334265
"ZNF84-DT",-2.75789148914584
"YIPF7",-2.75887525452038
"SMG1P2",-2.7631927769406
"PGAP6",-2.76442317859577
"BLVRA",-2.76649637602613
"TSEN54",-2.7675174617561
"UPK1A-AS1",-2.77017429887573
"RHOG",-2.77079872439367
"SMU1",-2.77294897147381
"UBE2V1",-2.77319516310647
"HCRTR1",-2.77736422667611
"PMF1",-2.77856648416659
"ENPP4",-2.77913591852635
"SCART1",-2.77979585110677
"RNU6-419P",-2.78066550418786
"GALM",-2.78150256582634
"RNU6-674P",-2.78199595618488
"BRSK2",-2.78199595618488
"RAC3",-2.78211197881039
"PPIP5K1",-2.78375659353179
"CIBAR1P1",-2.78409488731731
"HMGN1P36",-2.78438895088324
"YBX3",-2.78547189175373
"HMCN1",-2.78625312391614
"REEP4",-2.78687282189547
"WWP2",-2.78721189989017
"ZCCHC12",-2.78960378132626
"ABHD17AP4",-2.79007531457538
"H3P31",-2.7930004100356
"LINC00842",-2.80003743015844
"SKIC3",-2.80069912502679
"FSCN1",-2.80185918580243
"TCAIM",-2.80258159138686
"GGPS1",-2.80400381777552
"PKIB",-2.80431437579887
"FBXL4",-2.80449207595674
"DDX39B-AS1",-2.80540489573744
"ZNF16",-2.80577123163262
"DET1",-2.806557351312
"TMEM105",-2.80666096307626
"ZNF17",-2.80671868090273
"ARSI",-2.80675287822068
"ANP32E",-2.80682140031248
"LINC02145",-2.80839535475013
"CGB3",-2.80839535475013
"HNRNPCP7",-2.81081730041868
"LINC01618",-2.81084794056149
"IVD",-2.8112936888456
"UVSSA",-2.81326692898397
"PIGN",-2.81406528522105
"TRIM59",-2.81655041773508
"IFT140",-2.81822366723331
"RNU6-466P",-2.81959127799731
"BCL10",-2.82114104427327
"UCA1-AS1",-2.82326753420805
"ONECUT1",-2.82589441413459
"NPTN",-2.83069871886997
"RPL36AP37",-2.83071057342599
"MFSD10",-2.83079162283977
"GSE1",-2.83171290097875
"CTRL",-2.83197742709008
"FAM200C",-2.83212617789505
"PAK2",-2.83274218605801
"DDX5",-2.83333093531707
"LRRC3",-2.83367138410215
"JMJD1C",-2.8344730072036
"LYPLAL1-DT",-2.83460447914347
"ATP8A1-DT",-2.83484801917776
"ZNF431",-2.83539223294723
"ZNF444P1",-2.83672299998701
"EFCAB6-DT",-2.83672299998701
"RNU6-142P",-2.83703565420516
"AMD1",-2.8394826459494
"KMT2E-AS1",-2.84155928582873
"RPS3AP47",-2.84355230925533
"ACOXL-AS1",-2.84450724980287
"CCDC148",-2.84569912225855
"RNU6-944P",-2.84670467658706
"FECH",-2.84965861719102
"SLFN13",-2.85239444701629
"RPL28",-2.85250321876139
"DISC1",-2.85291881570455
"TRH",-2.85315796768221
"RN7SL649P",-2.85528388293126
"SAP18P3",-2.85528388293126
"RASSF3",-2.85573350227804
"SRPK1",-2.86004498939377
"GBP1",-2.86187508525495
"MORC2",-2.86204127900644
"MRTO4",-2.86302396453689
"TRMT11",-2.86413920706318
"MTPN",-2.86881247032599
"RALB",-2.86980790659413
"SPDL1",-2.87072846481062
"COL18A1",-2.87091484064443
"RNU6-893P",-2.8723666944154
"TTYH2",-2.87301572927026
"TMEM14A",-2.87331539856798
"CKS1BP4",-2.87449192035764
"SNORA20",-2.87717502544875
"SUMO1",-2.87742085116741
"CAPNS1",-2.8777038982323
"TIGD7",-2.88099831535275
"CCDC14",-2.88302475027171
"ADIPOR2",-2.88325340809027
"RNA5SP151",-2.88349148769836
"SAT1",-2.88404812039834
"RPL26L1",-2.88513559398616
"DPYD-AS2",-2.88621132679262
"RAP1GDS1",-2.88840866669564
"DYNLL2",-2.8891039339527
"MIR4729",-2.89021357814162
"ZNF480",-2.89106988099363
"PTPN11P3",-2.89457576246117
"SMARCA5",-2.89744562760524
"ARHGAP42",-2.89802758856706
"RNU6-1161P",-2.89905077115507
"FASTKD3",-2.89964802049454
"KATNAL2",-2.90056475408558
"CPLANE1",-2.90119258347257
"TSPAN32",-2.90159184699848
"ANXA5",-2.90260896666625
"NACAP6",-2.90299371735865
"UTP15",-2.90553803564811
"STAU1",-2.90567379143758
"TNFRSF11B",-2.90614620820503
"FRMPD3",-2.90687861755954
"RPL31P34",-2.90716496400615
"IL17RB",-2.91235670473425
"CASC2",-2.9130454814026
"NONOP2",-2.91315086883281
"CLK2",-2.91486958266048
"NOTCH2",-2.91641801208106
"OLMALINC",-2.91768013106993
"RSRC2",-2.91802417173211
"HMGB1P1",-2.91829238849
"SEC62-AS1",-2.91857402794345
"IARS2",-2.9190248826458
"ZC3HC1",-2.91976213634622
"CECR2",-2.92082477276335
"STMP1",-2.92087141207044
"COL28A1",-2.92153069303182
"RPL5P24",-2.92158719161303
"ZNF426",-2.92168846518391
"USP40",-2.92485775750042
"LRRC43",-2.92883695760916
"TTC28",-2.92890267404088
"USP9X",-2.92893562472703
"ROCK2",-2.92994223696806
"FSIP1",-2.92999533116203
"TMEM151A",-2.93463588981999
"FBLN7",-2.93486115418879
"LINC02965",-2.93600499092543
"HEATR4",-2.93633962673055
"LY6S-AS1",-2.938337557308
"LRRC37A2",-2.93869526043004
"ZNF221",-2.94220036867843
"NGDN",-2.94311883349499
"MED11",-2.94338292217851
"RASA4DP",-2.94464201126069
"MIR103B2",-2.94540486829013
"PPP2R2A",-2.94636121224851
"RIT1",-2.94640062239802
"UMPS",-2.94711268165308
"TAGLN",-2.94734549778458
"TBCK",-2.94786639065785
"CD58",-2.95109303450032
"RPS2P52",-2.95152968489384
"MAPT",-2.95411928082878
"H2BC13",-2.95662775926917
"RNU6-85P",-2.95833261016492
"COILP1",-2.95863132565344
"ABCC13",-2.96093866094321
"EIF4H",-2.96182818534747
"ARHGAP44",-2.96325304162864
"MTRES1",-2.96550497439454
"SP5",-2.96872401888343
"TRAM2-AS1",-2.97144119002504
"GPI",-2.9742740745185
"TMEM116",-2.98126345096837
"TYW5",-2.98614547567133
"DOCK4-AS1",-2.99142632423948
"MARS2",-2.9982461020585
"SLC26A2",-3.00053414994845
"TNPO3",-3.00088286421397
"MIR548AL",-3.00102566883021
"SNX5",-3.00249924919079
"ASPDH",-3.00279583526728
"AIMP2",-3.00367378988908
"MAN1C1",-3.00457034555192
"SUMF1",-3.00545652340863
"EVPLL",-3.00612042262755
"ATP6V1A",-3.00729672962768
"MRM3",-3.01094657999184
"UBE2D1",-3.01129200349982
"RPS27AP7",-3.01135059799443
"ZC3H14",-3.0115233823685
"RN7SL605P",-3.011821255392
"MARCHF5",-3.01332285143546
"MEIG1",-3.01619686082563
"ILF3-DT",-3.01774760313875
"LERFS",-3.01783161395806
"MTERF1",-3.0203741825453
"YEATS4",-3.02678910151517
"NSA2",-3.02898210131589
"SRD5A1",-3.0292208719727
"DDX3X",-3.02943378062303
"SETD6",-3.02957387367546
"THOC6",-3.02988763714514
"RPS21",-3.03046361209831
"PPIAP42",-3.03099668848212
"MIR590",-3.03120864959733
"BAG4",-3.03486188393943
"RAB14",-3.03649487760232
"PRKAR1B",-3.0371156564996
"OR1A1",-3.03793507205326
"PI4K2A",-3.03829754798471
"RN7SKP248",-3.03858768423972
"CNN2",-3.0403936464822
"ZNF287",-3.04305992740066
"PCNP",-3.04507895539581
"TSR2",-3.04654450530363
"FAM177A1",-3.04667521484322
"THRAP3",-3.04768800185918
"AKIP1",-3.04853443056827
"MYL11",-3.04878808259878
"TMEM30A-DT",-3.04896488234593
"RPL23AP92",-3.05616423326271
"RNU2-10P",-3.05700457982311
"DENND2A",-3.06054708241093
"PPFIA2",-3.06087682167476
"MIR4273",-3.06164700885672
"KIF20B",-3.06293298583991
"PATZ1",-3.06575027247428
"RCAN3",-3.06619791182677
"CCAR2",-3.06750652202413
"TMEM86B",-3.07488454749188
"CHRAC1",-3.07904318899227
"PPP3CB",-3.07963858325268
"ELK4",-3.08485388604781
"SH3BGR",-3.08536264875459
"SUMO2",-3.08557789545769
"SYNPO2L-AS1",-3.08815087724597
"H3C11",-3.08815580026705
"RBM25",-3.08824454718226
"GALNT13",-3.08909847098254
"MTND1P32",-3.08962297789173
"LPO",-3.0908382894595
"LSM14B",-3.09120204953412
"ZNF354A",-3.0918143108731
"TDRD3",-3.09216624794993
"SPTBN1-AS1",-3.09625371624088
"TYRO3",-3.09639037673742
"ZDHHC2",-3.09785121224136
"CLBA1",-3.09794411520362
"SNORA68B",-3.09815997196324
"RNU6-835P",-3.09873068574429
"LINC02978",-3.10887548672021
"PDK3",-3.10992495120248
"GJA1P1",-3.10995030713306
"RRAS2",-3.11127824096705
"FRS3",-3.11189693384091
"NOVA1",-3.11214525133615
"NXPH3",-3.11392251332736
"LINC01500",-3.11441423713205
"CHASERR",-3.11454450500998
"VWCE",-3.11669783326215
"GSDMB",-3.11683122633474
"ASB16",-3.11750143258954
"LARP4",-3.11793293350751
"RNU5B-2P",-3.11833837081032
"NUDCD3",-3.11885874980686
"HSPE1P13",-3.12024491783748
"IGFBP7",-3.12354282386848
"RNY1P6",-3.12430772595241
"ATF4P4",-3.12508219224155
"SMYD3-AS1",-3.12659650342645
"RPL29P33",-3.12749509649487
"ATP5MGL",-3.12826610039208
"UTP3",-3.12859627327918
"FAM230I",-3.1301549094549
"FAF2",-3.1309061919241
"NIT2",-3.13241096248851
"MIR626",-3.13403337754002
"AGXT2",-3.13539844841974
"LY6S",-3.14008433324332
"TNFSF4",-3.1405644589431
"MIR3650",-3.1411581365625
"CPSF4L",-3.14259759361088
"ZNF670",-3.14511456099676
"LINC02981",-3.14555790948345
"CCDC144NL-AS1",-3.14570808938938
"TEN1-CDK3",-3.14605602934026
"FN1-DT",-3.14650021802188
"LINC01144",-3.14766738037573
"PKM",-3.14880989397178
"CADM3",-3.14978191178418
"SOD2-OT1",-3.15152099830786
"CFAP92",-3.1516113946321
"TM7SF3",-3.15609496826495
"RNF26",-3.1577357124099
"RWDD2B",-3.15961506915747
"WDR82",-3.16038972558091
"LINC02249",-3.16286580905261
"ZDHHC16",-3.1631191181789
"TDRD12",-3.16318398339432
"CNBD1",-3.16406768358423
"PIGO",-3.16434873197619
"RASL10A",-3.16813052076347
"NUP93",-3.16941362641794
"PTTG2",-3.17036624699571
"NVL",-3.17085596556272
"LINC02980",-3.17231944246726
"RPL7P1",-3.17309756086768
"TSPAN10",-3.17723817620677
"MAPK8IP3-AS1",-3.17749340885171
"SPATA4",-3.17896928202157
"FRRS1",-3.1791958089983
"KL",-3.17957851376187
"PPIL4",-3.17959752566529
"FBXL20",-3.18023643198807
"COMMD2",-3.1840788380364
"GTPBP2",-3.18432530379895
"ECPAS",-3.18448310513358
"CD101-AS1",-3.18449760707137
"SF3B1",-3.18479293752643
"VPS4B",-3.18493112391104
"CRKL",-3.18564617082817
"DPPA5P4",-3.18569674364188
"DHDDS-AS1",-3.18848252984808
"CHRFAM7A",-3.18873598171802
"MEIOC",-3.18999124904333
"OTOA",-3.19206294180876
"RN7SL480P",-3.19231141337122
"RFTN1",-3.19508117598168
"CBS",-3.20454322025987
"IL32",-3.20492890693191
"BIVM",-3.20637258031835
"USP38",-3.20688879936854
"RPL41P1",-3.21072249547801
"ZCWPW1",-3.21298659447086
"C10orf88",-3.21337720033438
"CHD1",-3.2134519972876
"RUBCNL",-3.21783902725295
"ARHGAP29-AS1",-3.2178840973811
"SRCAP",-3.22093789038268
"CYP3A43",-3.22136933471418
"MYH9-DT",-3.22454610238873
"AGT",-3.22795489426109
"DTX3L",-3.22988860581182
"TIGD5",-3.23384786831447
"FLNC",-3.23544179116177
"MOCS1",-3.23754239457596
"ZYG11B",-3.23992474651555
"NAP1L4P1",-3.24411967623882
"RNU7-195P",-3.24513210934495
"FAS",-3.24521410956469
"RNF146",-3.24561511361651
"NONO",-3.2460124921285
"ZSWIM7",-3.24972860333284
"FAHD1",-3.25014359789508
"MEX3B",-3.250728337384
"ZDHHC20",-3.25157946766603
"TMEM9B-AS1",-3.25270798207182
"LNPK",-3.25317899602615
"RNU6-315P",-3.25441245032467
"MLF1-DT",-3.25516621838059
"RN7SL182P",-3.25537786760702
"HEPFAL",-3.25655375247754
"PARP6",-3.25801303363043
"GSDMA",-3.25830072199562
"ABHD15-AS1",-3.25898441872111
"GNGT2",-3.26033218889824
"IL12B",-3.26463824222046
"LBX2",-3.26845594854448
"RNU6-776P",-3.27010361925598
"SPART",-3.27272397028155
"HK1",-3.27281483953458
"ZBED3",-3.27378146624749
"BRIX1",-3.278889094184
"UEVLD",-3.282649742762
"RNA5SP247",-3.28267945556896
"PRAF2",-3.28300753739053
"CLTC",-3.28524796475291
"PHKA2",-3.28619481002987
"GPRC5D",-3.28627636021729
"ENPP7P5",-3.28672683785997
"PARP3",-3.28709704461477
"BFAR",-3.28863139571567
"FBXO25",-3.28931989840375
"COLEC11",-3.28958265891847
"SPIRE2",-3.29262145309416
"SLC4A9",-3.2948254824639
"MKLN1",-3.29590184603313
"LINC00315",-3.30073824626339
"TMEM220-AS1",-3.30114002174789
"NDUFA10",-3.30194088648407
"GPX4",-3.30307837247803
"EEF1A1P13",-3.30332908130304
"TGFB3",-3.30640621382786
"EEF1A1P6",-3.30669294866318
"CLN5",-3.30680630619685
"GAPDHS",-3.3074832250488
"MBOAT1",-3.30996306774987
"TMEM9B",-3.31038752783203
"C1QTNF1",-3.31066730127632
"COA1",-3.3110673973965
"SNORA80E",-3.31113073647448
"KCTD2",-3.31248009306565
"RPL6P10",-3.31663758777373
"ZNF320",-3.3187112679435
"CREG2",-3.32272573868046
"BNIPL",-3.32357381288453
"ANKLE2",-3.32416942368881
"NFE2L2",-3.32798457702476
"LINC01765",-3.33055946446785
"JOSD1",-3.33225398246443
"SNHG17",-3.33647854040237
"GSTZ1",-3.33894979913598
"C12orf43",-3.33957345423616
"UCN",-3.33965042195266
"FLII",-3.33973401602873
"TSPO",-3.3404591242597
"KCTD10",-3.34049738344828
"TRIM58",-3.34233708904574
"AJAP1",-3.34265568983673
"ANKRD33BP1",-3.34291737987617
"MT-CO3",-3.34497616113916
"CHERP",-3.34503372567948
"SUGCT",-3.34644213144216
"NMI",-3.3477465309086
"TMEM165",-3.34958351405116
"TSPAN9-IT1",-3.35045666320191
"HERC4",-3.3520058462247
"PIP5KL1",-3.3520061823078
"PBX2",-3.353429251171
"RPS9P2",-3.35677199214311
"TNKS2",-3.35944470033949
"PARP11",-3.36147754465145
"BICC1",-3.36325609426255
"PUM2",-3.36341171397085
"H3C10",-3.36443171142051
"DENRP3",-3.36716371290525
"MEIS3",-3.36733004419118
"ALDH1L1-AS1",-3.37096032108598
"BDP1",-3.37126805732227
"CASQ1",-3.37173187851283
"MED1",-3.3753298898567
"DYNC2LI1",-3.37674221348477
"GPR155-DT",-3.37917895991138
"MIR556",-3.38113695430648
"ALOX12P1",-3.38113695430648
"SRSF1",-3.3816224737663
"SQOR",-3.38188940580317
"SNORD121A",-3.38240047271149
"HMGA2-AS1",-3.38295669636376
"KLF10",-3.3862595573164
"TRHR",-3.38672436345374
"GPD2",-3.38886797719056
"LINC00863",-3.38940561968301
"SYTL5",-3.39019524446025
"PACRG",-3.3917510842017
"LRRC4C",-3.39207056818224
"TTF1",-3.39437735164162
"F8",-3.39706769784217
"TSPYL1",-3.4002185120686
"OSTCP1",-3.40060449264499
"SNORA77",-3.40088835274506
"CLTA",-3.40191023197338
"RCN1P2",-3.40192717389321
"PEF1",-3.40220132202557
"MYRFL",-3.40717692521195
"TCF12",-3.41124271705686
"DDRGK1",-3.41201132626759
"UFC1P1",-3.41220470935595
"LIMA1",-3.4138530455149
"RALGAPA1P1",-3.41782068268495
"POLR3C",-3.42069115070494
"LINC01018",-3.42104866630194
"ZNF223",-3.42117515710227
"HSD17B12",-3.42125158820313
"ACTR6",-3.42318529197816
"UQCC2",-3.42457346759693
"CRMP1",-3.42669241853064
"COX6A1",-3.42806850029189
"KIF26A-DT",-3.42988587747632
"MYO16-AS1",-3.43355196930948
"RAET1E-AS1",-3.43509673849283
"BAZ1A",-3.43580328820192
"RERE",-3.43848594615561
"DDX59-AS1",-3.44006150305929
"ADAMTS13",-3.44016312091353
"HINT1",-3.44351893128037
"SPATA13",-3.44596085540712
"PIP5K1B",-3.44723808942062
"RAB5B",-3.44813958751139
"NRBP2",-3.44919877218661
"ARHGEF2",-3.44940106617709
"EVA1CP5",-3.44962705132806
"RPL37A-DT",-3.45194079199831
"MT-ATP6",-3.45515075673592
"CREBRF",-3.45554507133504
"PKLR",-3.45735536716073
"WDR86-AS1",-3.45740534942511
"ZNF35",-3.45904207117519
"BDH1",-3.462137970098
"GARNL3",-3.46339628939585
"STRADB",-3.46409739162343
"RPL10A",-3.46475631577038
"STK35",-3.46488437928545
"GNG13",-3.4673818253018
"PCDHB14",-3.4677430129691
"INSYN1",-3.4677430129691
"TAF2",-3.46789819460817
"ZNF350-AS1",-3.47048510211092
"CISD3",-3.47066871817453
"MYLIP",-3.47151531379598
"CMTR2",-3.47177893241866
"CDC7",-3.47277304816842
"SMAD1-AS2",-3.47347231164542
"GIPC1",-3.47987051236684
"TREHP1",-3.48010879609144
"C14orf119",-3.48030081607534
"MAP4K5",-3.48033391490381
"RAB26",-3.48152453255269
"SLC39A1",-3.48157975679806
"EIF4A1P10",-3.48516717743061
"USP46",-3.48641067439705
"GRAP2",-3.48928656253714
"MIR3925",-3.49019230549568
"NDUFB8P2",-3.49422800344615
"CAPG",-3.49645833882977
"GABRP",-3.49737505195548
"ZNF700",-3.49750376884655
"AP2B1",-3.50146779599875
"LINC02971",-3.50156599598365
"ADCK2",-3.50206078870011
"MCRIP1",-3.50318603781732
"RTRAFP2",-3.50338707647856
"FASTKD2",-3.50499534655478
"POLR2L",-3.50500872588153
"LINC02926",-3.50669342553363
"HAUS4",-3.50785172630553
"ATXN7L3B",-3.50926490388063
"EPIC1",-3.50999331884212
"PDE4DIPP2",-3.51142551999613
"PRDX6-AS1",-3.51223111180094
"RPSAP17",-3.51333274976805
"ABCC5-AS1",-3.51381619738569
"PLAAT2",-3.51595512724267
"WDR43",-3.52122632099484
"LITAFD",-3.52320992889682
"SNX21",-3.52441158929008
"RPL21P134",-3.52600852113218
"POR",-3.52679669819213
"WIPF2",-3.52866092796138
"ANKRD13A",-3.53231543278528
"SREBF2",-3.53379190967682
"SCAMP1-AS1",-3.53502625120589
"ICAM4",-3.53807288294869
"LINC02331",-3.54038638173884
"SLC25A26",-3.54151537031293
"RPL12P4",-3.54206262076653
"PHF5AP3",-3.54507857063475
"APTR",-3.54628960426281
"POLR2C",-3.54965401259761
"CTDSP2",-3.55072851450682
"MEMO1P1",-3.55225963049258
"IGFBP7-AS1",-3.55240119586057
"LINC01545",-3.55303113465902
"TPRN",-3.55557211108655
"IL6R",-3.5604355399734
"B3GNT2",-3.56130961741429
"LINC03062",-3.56336388480808
"ZNF341",-3.56560410934329
"ASL",-3.56579164708878
"PACSIN2",-3.56766943803078
"RPL39P36",-3.56935914303141
"RNU6-653P",-3.57127007935699
"SDR42E1",-3.57503742406784
"PCDHA10",-3.5751250303273
"HDGF",-3.57864741182772
"GPM6A-DT",-3.58035191027524
"PTMAP11",-3.58061147579452
"MAP1B",-3.58260107109998
"ELP3",-3.58281655401468
"POLA2",-3.5833561057125
"RPL34P35",-3.58777331566387
"EGR1",-3.5885097014241
"AKT3",-3.59541903835445
"RNU6-908P",-3.5963850398842
"USP42",-3.59776417063817
"IL17D",-3.59779065565683
"CPNE3",-3.6009593798817
"SLC25A16",-3.60137029326352
"MLH1",-3.60262013959736
"DLEU2",-3.60613741471653
"PKD2L2-DT",-3.60721701108701
"CABP4",-3.60760408560586
"TMEM167B",-3.60867880389598
"HES7",-3.61201742813342
"FBXO38-DT",-3.61228314769812
"RN7SKP213",-3.61369563957578
"RNF31",-3.61371693503416
"NRAV",-3.61458783379291
"RNU6-652P",-3.61797707053328
"PPP4R2",-3.61908921822003
"SMAD2",-3.62051672059938
"DHRS4L2",-3.62147770891606
"LINC01488",-3.62192157030013
"CD24P4",-3.62624472713177
"BRD3OS",-3.6281715164134
"SUV39H2",-3.63005620272898
"VPS50",-3.63107348601333
"VPS41",-3.63390338045978
"EIF4G3",-3.63422094826441
"YWHAE",-3.63558771064068
"RBM12",-3.63701012385609
"SDCCAG8",-3.63839064361542
"UBA52",-3.64081850087046
"UBE2V2",-3.64147959456074
"ACSM5P1",-3.64403835450034
"PYDC1",-3.6443801668202
"ARHGEF18",-3.64949191568171
"GEMIN4",-3.65062912941434
"ASH1L-IT1",-3.65258764617006
"UNC5B-AS1",-3.65339131878974
"IGSF22-AS1",-3.65404510523695
"SAP18",-3.66029454013534
"ARID4B",-3.66169165382591
"MBD5",-3.66235317403116
"TBCE",-3.66249375791943
"CADM1",-3.66289391350004
"RRP8",-3.66328509737606
"PIK3R4",-3.66787558487954
"CAMK1",-3.67003963093181
"TMLHE-AS1",-3.67317488887163
"RPS26P42",-3.67471111820996
"LINC02560",-3.67618114507119
"SNX1",-3.67973669307393
"RNU6ATAC7P",-3.67982069633958
"MBTPS2",-3.68134229895025
"ARGLU1",-3.68138914229966
"KIAA1143",-3.68232933914004
"SMPD1",-3.68689255984156
"ARHGAP21",-3.68880032267276
"TOB2",-3.68898833330905
"TUBB4BP2",-3.69059284803894
"DTX2P1-UPK3BP1-PMS2P11",-3.69438615667515
"CLDN3",-3.69645146645468
"HIPK4",-3.69716781464807
"SNED1-AS1",-3.69985021150244
"MROH7",-3.70096453823907
"CTAGE8",-3.70224830869745
"LIMD1",-3.70264005035733
"BNC2-AS1",-3.70357634589782
"CENATAC",-3.70531110097441
"HFM1",-3.70633282290757
"ADO",-3.7084392898888
"GIPC2",-3.70887216322349
"TJAP1",-3.71222845673176
"SMC6",-3.71224178891378
"CFAP161",-3.71569005305844
"MMAB",-3.71890672935732
"NECAB3",-3.71899500260789
"ZDHHC6",-3.72366612967811
"ARG2",-3.72714876093174
"PAFAH1B2",-3.72762132077571
"ZFP91",-3.72822051103905
"CDHR2",-3.72900898177675
"TMEM30CP",-3.7309960197971
"LYST",-3.7327481725273
"HNRNPC",-3.73572019580522
"BUB1B",-3.73730705116092
"RPL7P60",-3.73766978871791
"ITGB1",-3.73984910165878
"SYNCRIP",-3.7403445736748
"SLC28A1",-3.74431562801817
"CDKN2B",-3.74717483371461
"PGM1",-3.74890970772967
"SMIM11",-3.74911681691791
"SETD3",-3.75124829774756
"NUP160",-3.75169978828865
"NAA15",-3.75308770587755
"SUCLG2",-3.75370308436682
"AQP5-AS1",-3.75399677575873
"MICU1",-3.75708179230655
"SLC26A5-AS1",-3.75769487199852
"MAPK3",-3.7579424937244
"TMEM80",-3.7594860872011
"SCYL2",-3.76003278642969
"APAF1",-3.76365013797005
"ZNF497-AS1",-3.76401837807357
"RPL38",-3.76486349180512
"PPA1",-3.76514158638196
"CTSO",-3.76773072751124
"DPH6-DT",-3.76796330583291
"MITA1",-3.76889502901281
"LINC02112",-3.76896544766053
"AIDA",-3.76934415105766
"MTLN",-3.76950463630402
"PDE5A",-3.77123023918091
"SLC4A2",-3.77174088194806
"TRIM3",-3.77513601078068
"RN7SKP273",-3.77598361176806
"LIG4",-3.77607363533011
"UBE2C",-3.77905953966989
"BACE1",-3.77910963048718
"RPL5P35",-3.77916021352167
"FLNA",-3.78098383793249
"SATB1-AS1",-3.78180692696307
"ACSL3",-3.78263122203897
"HECTD4",-3.78294631881796
"UPK2",-3.78398799984156
"MAN1B1-DT",-3.78513289748394
"PAX8",-3.78517872717443
"CFAP58-DT",-3.7874714330477
"ACOX1",-3.78749723198931
"BBS4",-3.7917836651561
"ERI2",-3.79535361343779
"MIR22HG",-3.79785004357595
"RPAIN",-3.8018446167764
"SPON1",-3.80245847150159
"NBEAL2",-3.8050920843197
"RNU6-470P",-3.80524127651719
"WDFY1",-3.80542289345169
"ALPG",-3.80562440234591
"POU6F1",-3.80769178094286
"OTUD3",-3.80857319350717
"HHEX",-3.80859075028243
"MFN2",-3.81079718987393
"EPN1",-3.81303899479568
"SPARC",-3.81380687926756
"CENPP",-3.81452531766608
"LINC02928",-3.81541646142342
"TMEM31",-3.8156670570506
"DIAPH3-AS1",-3.81604932850567
"SMIM14-DT",-3.81942257370712
"CALHM6-AS1",-3.82344949096238
"LINC00467",-3.82398607030278
"HECTD1",-3.82403277821526
"APEX2",-3.82555090937864
"ELOA",-3.82607617743528
"ELN-AS1",-3.82811956547465
"PHACTR3",-3.83343255841007
"SNORA70B",-3.83376713344872
"TSEN2",-3.83386845604702
"OTULIN",-3.83532266222993
"ADAMTS14",-3.83580791788759
"SLC11A1",-3.83974627977382
"VPS45",-3.84226938902028
"COL4A2",-3.8469562921792
"LINC01917",-3.84755994775961
"KMT5A",-3.84803131657192
"PARM1",-3.84897902933089
"RPL23AP36",-3.84900168207839
"TBC1D8",-3.85016078740877
"ARHGEF12",-3.8519257457227
"HMGN1P24",-3.85271215284384
"PRELID3B",-3.85392448520814
"DHX33",-3.85442181834428
"TIGD6",-3.85476505525006
"CASD1",-3.85500400769372
"DBR1",-3.85521009832396
"HR",-3.85612639538594
"ITPRID2-DT",-3.85780147361207
"TMEM237",-3.85833102553435
"GAL",-3.8689622257383
"DDC-AS1",-3.87016042378359
"TBXA2R",-3.87016042378359
"RPEL1",-3.87316469898455
"RASL11A",-3.87614551658212
"TAB3-AS2",-3.87672601898561
"LIAS",-3.88317320196045
"ECD",-3.88372211178051
"APC2",-3.88534223470301
"SLF1",-3.88588571845708
"SRGAP1",-3.88617905319536
"PRMT2",-3.88915711441915
"GRIA3",-3.89034212106001
"SUMO2P1",-3.89057210157557
"MIR3173",-3.89466067550482
"PRDX3P2",-3.89842310707491
"ATN1",-3.90047617124828
"ACOT1",-3.90224607750008
"PRR13",-3.90234353418949
"MFAP4",-3.90320602730828
"CHMP1A",-3.90508022734206
"RNU6-414P",-3.9082227410942
"RPAP3-DT",-3.90966180845255
"UBR3",-3.91127076325032
"ACCS",-3.9118501640771
"RPS14",-3.91187709078923
"PTGIR",-3.91224675134695
"IFRD2",-3.91427728295099
"CPXM1",-3.91548048498551
"DCAF7",-3.91663308059147
"BPGM",-3.92066322678522
"MAPKBP1",-3.92336035799138
"NRSN2-AS1",-3.92339625102823
"CRY2",-3.92426364824931
"TMEM88",-3.92539596822248
"KIFC1",-3.9261580560315
"SNX18",-3.92637146320979
"JPX",-3.92848597905441
"LYN",-3.9291469311195
"ACAA2",-3.92984146534046
"RPL21P5",-3.93063035158397
"NFATC1",-3.93111676736297
"DNM1",-3.93188786824766
"NOTCH2NLC",-3.93451888639795
"PMM1",-3.93479590440923
"USP27X-DT",-3.93687370255375
"FKBP10",-3.93842482926414
"RIF1",-3.93866465696544
"YBX1P2",-3.93947088522972
"DMAC2L",-3.94075780375759
"OSBPL7",-3.9407747599077
"VAMP3",-3.9415908199471
"PCDH7",-3.94227095043017
"LYPLA2",-3.94331831750293
"SNAI2",-3.94381754469175
"RILPL2",-3.94806999170966
"PHTF1",-3.95047533384497
"CUX1",-3.95048249193993
"METTL4",-3.95315310482629
"LARRPM",-3.95373095920907
"GAK",-3.9537741176453
"C16orf90",-3.95399681756892
"RFXAP",-3.9545413508001
"RPL35P5",-3.95518745317833
"PEX5",-3.95599062338014
"TIMM13",-3.96429405201489
"RPL35AP32",-3.96585895986558
"ART5",-3.970040301154
"ING2-DT",-3.97076093720678
"PLEKHD1",-3.97131683515717
"OSGIN2",-3.97274282076998
"CAPN5",-3.97295326381364
"EAF1",-3.97403108572596
"SUOX",-3.97629846512086
"VGLL4",-3.97788558303022
"PDCD6IP-DT",-3.97911034717569
"CAMK2N2",-3.97966526285468
"EXTL3",-3.97991123638086
"LRRC73",-3.98801096042565
"IL18R1",-3.99284843999487
"TBCAP3",-3.99390449488448
"MTX3",-3.99420868177184
"SAXO5",-3.99529531554277
"ROGDI",-3.99697564058867
"RNF11",-3.99708322207956
"ITGB1P1",-3.99786378263124
"HMCN2",-3.99971060778024
"CKMT1B",-4.00011998039171
"TRGJP2",-4.00065735134863
"PIWIL4-AS1",-4.0034290549731
"SMS",-4.00425664069033
"ORC6",-4.0063471025862
"THBS1-IT1",-4.00731976358008
"PHACTR2-AS1",-4.00790774779687
"CNTN2",-4.00796447312976
"RPL31P63",-4.00886402914642
"RNF130",-4.00998975940004
"CASKIN2",-4.01100080820115
"ZNF408",-4.01128403788957
"JPT1",-4.01209157512752
"ZNF395",-4.01248040121062
"ATAD1",-4.01318223707338
"LHFPL3-AS1",-4.01377136693345
"TOMM22-DT",-4.01457137279287
"HMGN1",-4.01583902217507
"ANAPC1",-4.01731876834766
"TWNK",-4.02003578613553
"ACVR1",-4.02198131190266
"BTG3-AS1",-4.02255739480707
"NSMCE1-DT",-4.0234594306815
"RSF1-IT1",-4.02457348126064
"FAM162A",-4.03027850599257
"TST",-4.03566862225165
"GOT1",-4.03629817048804
"SYT11",-4.03780851796315
"CCDC71",-4.0383470142037
"RPL4P2",-4.04238540605861
"PRC1",-4.04404802825207
"NIPSNAP2",-4.04435689313259
"FBXL5",-4.04465807255521
"DNMBP",-4.045109427806
"BLVRB",-4.04544867276694
"RBPMS2",-4.04653146679709
"ZNF225-AS1",-4.04700148507211
"SEPHS2",-4.0483829246511
"ADM5",-4.0496047795226
"ITSN1",-4.04967641152697
"EFCAB2",-4.05188488768635
"HNRNPDLP4",-4.05198338771446
"NNT",-4.05246815310074
"LINC03007",-4.05482862339942
"COX7C",-4.05577991105413
"BDNF",-4.06191433816631
"PAFAH1B3",-4.06329380157018
"TTLL12",-4.06718629665974
"NAV2-AS2",-4.07193352531959
"SMG1",-4.07970419680368
"LINC02609",-4.07986571809979
"CSTF1",-4.08020336002433
"CCR3",-4.08206401625985
"ADAM32",-4.08346797963154
"PEX13",-4.08457780334541
"RPL9P7",-4.08489496765894
"OR2K2",-4.08649427610413
"PSMD14-DT",-4.08865612434249
"SMIM30",-4.08974050738369
"LBX2-AS1",-4.08995359566024
"NUDT11",-4.09007149449121
"RNF38",-4.09202228390846
"ATF1",-4.09404816138957
"ZNF384",-4.09766246232008
"NT5C",-4.09768924160219
"B3GAT2",-4.09966556924446
"VGLL3",-4.10026705848107
"DR1",-4.10132510696615
"LEO1",-4.10137262798159
"MT-TT",-4.10423252259273
"GINS2",-4.10509195188935
"MYLK4",-4.10772844337598
"VPS33A",-4.1144907575927
"LINC01397",-4.11474799216851
"ZFAS1",-4.11641619297802
"MED15",-4.11865817994814
"SYNPO2",-4.12010244775991
"RPS2P32",-4.12154717252092
"KCTD18",-4.12393131035901
"ZNF620",-4.12472454904448
"GIMAP4",-4.13235841313812
"SUN1",-4.13280681796444
"FAM118B",-4.13514547003216
"DNAH8-DT",-4.13900914888758
"THOC7",-4.13945010532706
"POLRMTP1",-4.14170767374249
"SLC47A1P2",-4.14492627466497
"CDK10",-4.14522813920903
"ITPR1",-4.14563876104183
"MED28P1",-4.14809586536577
"ZXDB",-4.14973107820399
"CCDC65",-4.15097390097111
"LHFPL3",-4.15506976985599
"MTURN",-4.15524083552421
"SNRPD3",-4.15563984319649
"GLRX2",-4.15770683658892
"FIGNL1",-4.15957282190732
"NR2F6",-4.16000409206034
"IP6K2",-4.16010197373868
"CPNE8-AS1",-4.16657943570804
"FOCAD",-4.16993025198687
"RNU6-1024P",-4.17342631830669
"DDX11L8",-4.17488434385248
"ST8SIA5-DT",-4.1768825240765
"RNF44",-4.17930015517463
"ROPN1L",-4.17946893526212
"MIR604",-4.18130638554294
"LRRC75B",-4.18151722674157
"FAM66B",-4.18410483318866
"FGD3",-4.18608558982616
"FTSJ3",-4.1872462603657
"MIR1296",-4.18751639994849
"LDAH",-4.19008821504316
"TAMM41",-4.19089443708452
"LINC01220",-4.19115868369692
"ZC3H13",-4.19284381388258
"ARL2",-4.19767740103232
"LINC00892",-4.19835790436542
"NUP153",-4.19889518809722
"TTC5",-4.20042287420473
"RN7SL413P",-4.20226316815038
"NCOA4",-4.20508346136499
"TTLL9",-4.21062893546754
"MYO1C",-4.21153160068302
"GAST",-4.22042444218714
"SMARCD2",-4.22085576872984
"EIF1",-4.2245903017564
"AKT1",-4.22477143470031
"MIR6885",-4.22499785968249
"PRKCI",-4.22550685229626
"RPL41P2",-4.22861599166909
"EXOSC2",-4.23659016441734
"PPP1R1A",-4.24129119060536
"EXOC6B",-4.24495377374209
"GMCL1",-4.24593643584273
"RTTN",-4.24651752465982
"DHX9",-4.24724449797735
"PTGIS",-4.24877969670621
"ITPRID2",-4.25026384773634
"PITRM1-AS1",-4.25035697381064
"CLMAT3",-4.25213812048207
"MCMDC2",-4.25877075376534
"FAM151B-DT",-4.26153845916145
"TPGS2",-4.26528304384108
"MAD1L1",-4.26615090003511
"BTF3L4P2",-4.26644028678016
"MIR4716",-4.2698401590771
"KDM4A",-4.27034915272211
"TNFRSF10A-DT",-4.27181732445328
"RPL23AP74",-4.27297539331957
"ACOT7",-4.27333803077908
"HNRNPA1P54",-4.27572488104921
"PLSCR1",-4.27821099140796
"DYNLT2",-4.27972502296525
"CD40LG",-4.28184422809743
"ANKRD26P2",-4.2839385968228
"HADHA",-4.28514322189689
"RNU6-606P",-4.28515939052817
"POU1F1",-4.28527341493111
"MIR573",-4.28547772584269
"SRRM1P3",-4.28798213180338
"C7",-4.28863130604456
"SIAE",-4.28975627996997
"LINC00868",-4.28993227666569
"SLC3A1",-4.29283958741666
"ZNF783",-4.29326467397255
"HYI",-4.29368895778497
"MUC6",-4.29422091976062
"TIMELESS",-4.29562851699437
"SIPA1L3",-4.29686383997262
"ANKS3",-4.2976394604227
"ARPC3P3",-4.30167159965743
"TK1",-4.30294559596642
"HMGB1",-4.30515080767137
"RNU6-593P",-4.31132492922226
"C4orf3",-4.31259581678122
"SOWAHC",-4.31730409380253
"ATG10",-4.32005362737201
"RNA5SP479",-4.3216058596342
"LRRC8D-DT",-4.32167061569072
"RNU6-759P",-4.32275350494881
"SPATA31G1",-4.32680026006516
"MID1",-4.32698283066326
"TMEFF2",-4.32973050936177
"MTCYBP18",-4.33161715764134
"ALDH1L1-AS2",-4.3329057020175
"PKN2",-4.33435111965794
"HERPUD2",-4.33532460204441
"CENPO",-4.3377537270771
"GGN",-4.33919275936676
"MYH9",-4.34061045273735
"PRKAR2A",-4.34207809682212
"STAM",-4.34452144290025
"SLC38A3",-4.34681674052705
"TAPT1",-4.34803305149682
"PEX1",-4.348517568362
"ARHGAP35",-4.35095833616398
"PPFIBP1",-4.35136605322123
"TMEM266",-4.35192863770578
"RPSA",-4.35549278058698
"PPP4R1",-4.35768163029651
"ANKRD36BP1",-4.35958603071303
"CRIPTOP6",-4.35966065204788
"LINC02354",-4.36203026490996
"MAP3K13",-4.36430746874129
"ARHGEF34P",-4.36689267422267
"FMNL2",-4.36935871756724
"MIR148B",-4.36983895897636
"RNF144B",-4.37089067988429
"C20orf204",-4.37349594928728
"DLG3",-4.37511526594106
"NEGR1",-4.37653861830006
"RICTOR",-4.38006513762979
"ATP6V0E1",-4.38153854714423
"ZGRF1",-4.38225371724079
"RNU2-46P",-4.38457773733564
"MIR4279",-4.38468818952227
"RPL39",-4.38593894362449
"ARMC10",-4.38725905972692
"NR2C1",-4.38780935464004
"CBLN1",-4.38848722028602
"BTF3",-4.3975644680846
"ZBTB11-AS1",-4.39865605218707
"LNCTAM34A",-4.3997453673017
"ADCY10P1",-4.40031715952632
"VWDE",-4.40277185118939
"RRAS2P1",-4.40334704479113
"EML4-AS1",-4.4034855948526
"GGCX",-4.40359914235064
"SAXO2",-4.40516129184526
"USP39",-4.40680365660995
"CBLN3",-4.40936509825994
"RN7SL239P",-4.41297448006367
"PARP14",-4.41540670651153
"UBE2U",-4.41585877727117
"RNU7-110P",-4.41976082991591
"CADM1-AS1",-4.42054860847338
"ODAD2",-4.42203088212657
"NECAP1P2",-4.42260525591307
"RPS27P3",-4.42354645142748
"LINC02610",-4.4243308866794
"CHTF8",-4.42524720726658
"GBE1",-4.42558822207765
"ACOT2",-4.42599999407033
"PEA15",-4.42690435029032
"ZNF253",-4.42804925788761
"ZNF556",-4.42848831024021
"SLIT2",-4.43010298508238
"ZMYM4",-4.43058505555749
"FXR2",-4.43112820837088
"PFDN1P1",-4.43175807071028
"THBS4-AS1",-4.43219485084227
"EHHADH",-4.43618288461535
"TRAIP",-4.43694003590477
"FAN1",-4.43799035468905
"TCF7",-4.43839681271939
"SCTR-AS1",-4.43894792790918
"RN7SKP96",-4.43959693201941
"ACTA2",-4.44259846860034
"CELA3A",-4.44332991230997
"LINC01645",-4.44371241503605
"MARK2P3",-4.44371241503605
"WNK1",-4.44768714828278
"TMOD4",-4.44839834846734
"RCL1",-4.44964067726032
"CZIB",-4.45006770119861
"CSPG4P10",-4.45435431640756
"IAH1",-4.4550959698824
"GAS8",-4.4561254286675
"RPL34P31",-4.46922874007123
"STPG4",-4.46964605738982
"IDI2-AS1",-4.47024027099442
"RRN3",-4.47049654452045
"NEDD9",-4.47355199803363
"SEC14L2",-4.47424204867076
"ARMC10P1",-4.47690669568591
"MED28",-4.47716241231698
"ACYP1",-4.47735261087612
"ZNHIT6",-4.48786062208818
"GPR161",-4.48833144910594
"GSTO3P",-4.49047483005824
"LST1",-4.49149338084259
"PIP4K2B",-4.49167948934298
"HTR1D",-4.49195962237813
"MRPL37P1",-4.49431989264864
"AOC2",-4.4993874888563
"HCG25",-4.50256064719286
"MT-ND4",-4.50461907266789
"NUP35",-4.50549903890219
"GGA3",-4.50556583597627
"PIK3C2A",-4.50845547673262
"LINC02298",-4.50860296917891
"LINC02344",-4.50884052539006
"RLBP1",-4.50950668736599
"LINC02925",-4.51011664354934
"SRP14",-4.51040236178156
"ITIH2",-4.51086601383923
"TSNARE1",-4.51413380092893
"LMCD1",-4.51895769896063
"ZKSCAN2-DT",-4.52052037804752
"FGD5-AS1",-4.5209125225197
"PIK3IP1",-4.52096579484122
"H2BC14",-4.52116873795361
"IWS1",-4.52119662181992
"TAS2R15P",-4.52122569678444
"NUP133-DT",-4.52209104765784
"ARL4AP4",-4.52325634247038
"SUPT20H",-4.52455631857877
"CD44",-4.52624979024616
"CTAGE15",-4.5287604497171
"BRAF",-4.53076136144657
"ZBTB47-AS1",-4.53111708064402
"RLIG1P2",-4.53204113584285
"MIR23B",-4.5322224419865
"GOLIM4",-4.53611473428659
"RNY1P16",-4.53648982033469
"LINC01762",-4.53902124715329
"RNU6-1177P",-4.53957938821321
"RPS25",-4.54129311185867
"RRS1",-4.54506288102391
"DPY30",-4.54554217331482
"MATCAP2",-4.54633005646465
"EIF1B",-4.54728814134985
"TOR4A",-4.54919573190076
"ICAM5",-4.55008472426883
"ZNF565",-4.55376389369688
"MFFP1",-4.55541020150508
"LRRFIP2",-4.56053885891341
"POFUT1",-4.56057063125995
"MED28P3",-4.56159623669351
"ITGA2-AS1",-4.56309253043885
"RNU6-790P",-4.56316610813811
"RN7SL113P",-4.56420877488196
"ACRBP",-4.56540948856324
"LINC01579",-4.56574834732572
"SLX4",-4.56634262107089
"HDAC4-AS1",-4.56683715232504
"CCDC191",-4.56732972952963
"TMEM126B",-4.56792832435662
"GK4P",-4.56945074600493
"SHH",-4.57021945246797
"PPP4R2P2",-4.57376703670824
"RNU6-416P",-4.57441250007874
"GP5",-4.57475604185537
"RPS9",-4.57534379220385
"PROSER2-AS1",-4.57837660071019
"NEAT1",-4.58075665501619
"HEXIM1",-4.58367583925562
"CYP4Z1",-4.58454444066053
"LZTS3",-4.59016565970561
"ZNF510",-4.59209037689855
"KRT18P63",-4.59411202301399
"GSAP",-4.5959773169963
"LINC00880",-4.59599981203968
"ELOVL1",-4.59682515154514
"LINC00636",-4.59741534150365
"KRTAP5-9",-4.59741534150365
"MATCAP1",-4.59876541963693
"ANO7",-4.59900283188037
"MIR3671",-4.59919179864859
"CBLB",-4.60461231178351
"P4HA1",-4.60563960503103
"KRT13",-4.60638532954955
"SPICE1",-4.60696398613836
"HEXIM2-AS1",-4.60995939420708
"WDR76",-4.61211508758178
"DNAJC18",-4.61315112470068
"OTUD4",-4.61511438704376
"TMEM72-AS1",-4.61543737514108
"TMEM106A",-4.61686150678845
"AGBL5-IT1",-4.61911679352249
"ZNF316",-4.61968657237757
"PML",-4.6203573107543
"IRAK1BP1",-4.62112468901125
"NARF-AS1",-4.62112667845193
"RPL39P3",-4.62254840645225
"AQP3",-4.62669418016832
"TMEM68",-4.6295939152554
"CA1",-4.63075898176163
"ENPEP",-4.63091933811963
"OAZ3",-4.63514187719172
"RNU6-450P",-4.63689120448144
"RENO1",-4.63881399973009
"MYSM1",-4.64144120743481
"MRS2P2",-4.64552710639142
"HSPD1P10",-4.65145856690759
"CACUL1",-4.6514985552071
"CLDN24",-4.65659050130423
"CUL5",-4.6573500413069
"EML5",-4.6578122061455
"NTHL1",-4.65840023459714
"RN7SL704P",-4.65863788625161
"TCF23",-4.6601300244433
"ATP6V1D",-4.66258808360618
"TMSB10",-4.66509654101712
"RASA2-IT1",-4.66537677990592
"MIR3936HG",-4.66639990107705
"BCLAF3",-4.66858357714654
"SIN3A",-4.66875371862633
"ACO1",-4.67130372485237
"FAXDC2",-4.67476318296436
"CLTCL1",-4.67674534061365
"RPS20P15",-4.67698363914526
"C3orf62",-4.67909519009932
"BUD13-DT",-4.68002820656043
"GJD4",-4.68641040073415
"SNORA80D",-4.686592969823
"ALDH4A1",-4.68878747439217
"IPO5",-4.6938079444106
"HMGB3P14",-4.69631232203439
"CITED4",-4.70095700720761
"TMEM246-AS1",-4.70242938006583
"HOXA5",-4.70389092999722
"GALNT7",-4.70681862460678
"ITGAX",-4.71129843714072
"FKBP1B",-4.71222419769202
"MYBPC2",-4.71552671151164
"MAP2",-4.71708851930834
"CD63",-4.72073851882189
"CLIP4",-4.72117458101091
"PCSK7",-4.72428796333348
"TRABD2A",-4.72596137654263
"PGAP2",-4.72721670867371
"TRPM3",-4.72789011458392
"KLK7",-4.72958691807085
"RPS3AP26",-4.73170909044769
"GRAMD2B",-4.73264215463231
"TTC12",-4.73736618065881
"RNU6-1061P",-4.73817520232012
"TOP1MT",-4.73827737642726
"RFX7",-4.74156537438355
"ZGLP1",-4.74227561291281
"TSLP",-4.74316288319685
"SPATA45",-4.74373604576075
"LINC01107",-4.74444237778906
"TET2",-4.74691737352228
"RNU7-115P",-4.75159007566659
"ESF1",-4.75257401202044
"DAP3P1",-4.75389458971528
"GCC1",-4.7551532722258
"CFAP126",-4.75699979896915
"KIRREL3",-4.76222756935408
"PHACTR4",-4.76520309048395
"MIEN1",-4.76637997550155
"GRM5-AS1",-4.76739304570346
"GDPD1",-4.76755514020499
"RPS3A",-4.76898858637051
"C9orf163",-4.76956363378221
"TMEM14EP",-4.77424159397636
"ENGASE",-4.7758168088133
"FAH",-4.77611525271589
"CES2",-4.77829374743922
"SMARCAL1",-4.78034022926621
"RPL23AP42",-4.78228915318556
"DNAJC19",-4.78269511291979
"HMGB1P14",-4.78791460452985
"TGFB2-AS1",-4.79196914726312
"PDZD8",-4.80627199988037
"TUBD1",-4.80890004083361
"GPR152",-4.80925179297885
"STX7",-4.80947806807365
"HINT1P1",-4.81169348535594
"STIM2-AS1",-4.8118812422362
"NANP",-4.8147161340522
"ANKFY1",-4.81599777856407
"SNHG7",-4.81661150016233
"CTAGE10P",-4.81686751541781
"NPIPA1",-4.82455836786635
"LSMEM2",-4.82503985377064
"SZT2",-4.82693647760167
"TMX4",-4.82771108494652
"LINC02846",-4.82948288787004
"PTPN4",-4.83319968864044
"TPH2",-4.83489239580082
"WDR77",-4.83735425437079
"WFDC10B",-4.84009328287276
"AP2A2",-4.8408638250582
"ZNF334",-4.84286115293018
"ARRDC2",-4.84402740646508
"DAZAP2",-4.84510502922165
"TJP2",-4.84651752922936
"SON",-4.84918699952187
"FAM72A",-4.85115182405501
"FAM13A",-4.8512842100468
"ANKRD17",-4.85135662390353
"ASRGL1",-4.85539000606679
"SMARCC2",-4.85600137486382
"FGR",-4.85798176351036
"UBE2FP3",-4.86559499221301
"TOMM40P3",-4.86719833609444
"HMGN3-AS1",-4.86759855759547
"RPS26P18",-4.86946567491004
"EYA1",-4.8697548138414
"ARB2A",-4.87040527759364
"GDE1",-4.8706243004796
"CISD1",-4.87438438158809
"TRAT1",-4.87559678539768
"USP12",-4.87893211814959
"ACTG1P10",-4.8811858503507
"EDC4",-4.88138001044162
"RASL11B",-4.88309855813931
"C5orf15",-4.88459143695513
"PFDN1",-4.88978854904632
"MYO1B-AS1",-4.89153629369536
"COX7CP2",-4.8925299034379
"INHBE",-4.89407599895547
"SCP2",-4.89890022752128
"XPO1",-4.90010189714028
"N4BP2L1",-4.90831781115001
"BLCAP",-4.91299745612848
"GGACT",-4.91655963987004
"GYPA",-4.91656347267654
"NEK8",-4.92109807880011
"LLGL2",-4.92218131414849
"SMAD4",-4.92259848082559
"LINC01068",-4.92476398555847
"PXDNL",-4.92678048238984
"UFD1-AS1",-4.93165502739479
"RN7SKP97",-4.93310514939645
"IFT88",-4.93755103054383
"NFRKB",-4.93958929019189
"MIR101-1",-4.94806880192468
"TOX-DT",-4.95086618225291
"CHADL",-4.95487095338471
"SFRP5",-4.96158490595485
"GSTM3",-4.9632613739741
"CTSC",-4.96405024453027
"CFAP43",-4.96449009054586
"PALS1",-4.97108999505801
"PRKAA1",-4.97424911442772
"CAPZA2",-4.97458658649685
"CHMP5P1",-4.97709336835932
"RASSF7",-4.97819263007983
"CTDSPL2",-4.9783075539448
"LTO1",-4.97830931741614
"PNMA8B",-4.98232846087909
"SCAF11",-4.9828965385141
"ATP13A5",-4.98518017277207
"IFT122",-4.98558280986777
"CH25H",-4.98862948335479
"AURKB",-4.98948436523477
"TSPEAR",-4.99370965485232
"DLEU1",-5.00040356397075
"LMLN-AS1",-5.002284115823
"PPP2R5E",-5.00596381326044
"NDNF-AS1",-5.00632382352465
"PEDS1",-5.00633015208169
"TRIM21",-5.00680459331468
"CLOCK",-5.00865779827677
"LDHA",-5.01090420963688
"SEMA4C",-5.01471915427709
"AHI1-DT",-5.01539326181194
"TSHZ1",-5.01578501029239
"PGLS",-5.01996031910754
"CASQ2",-5.02829220991403
"RNU6-1307P",-5.03046708441556
"PALB2",-5.03376450123293
"TMEM51-AS2",-5.0360309255774
"CTNNAL1",-5.03795302228406
"FAM169A-AS1",-5.03840184441866
"AMN1",-5.04163514713267
"CIROP",-5.04172913507932
"COP1-DT",-5.04246717601118
"SLC9A6",-5.04372525583412
"RNU6-701P",-5.04415391971618
"SVOPL",-5.04556304092729
"CYFIP2",-5.04576636594744
"ZNF175",-5.0460347470353
"TRAPPC8",-5.04791937648387
"COP1P1",-5.04803073877919
"TRMT10A",-5.0493168980137
"MEIOB",-5.05216388773117
"ATAD2B",-5.05307210207134
"CDC42EP5",-5.05426761550881
"BALR6",-5.05516122878341
"LINC02871",-5.05516122878341
"RAP1A",-5.05630674165321
"ZNF778",-5.058437555644
"ANKRD62P1-PARP4P3",-5.05861827997218
"PLA2G4E",-5.06056095524049
"RNF6",-5.06644816620749
"MAPK6-DT",-5.07171998884602
"BYSL",-5.07343373113225
"RN7SL418P",-5.07431608756824
"HEBP2",-5.07484697337463
"EPHX2",-5.07944883556514
"R3HCC1L",-5.07998975064589
"PRKAB1",-5.08144980502911
"PCDHB16",-5.08147203294593
"ANKRD60",-5.08491082009163
"CDC23",-5.08609281186246
"SNHG4",-5.090954154969
"LUC7L2",-5.09231115953691
"GPBP1L1",-5.0924361219237
"TDP2",-5.09446463300035
"RNF157-AS1",-5.09469549139108
"RNU6-338P",-5.10437002771025
"RGMA",-5.104929511842
"RAC1",-5.10772700411461
"RHO",-5.10868186359167
"ARL4D",-5.1134902584133
"RNU7-3P",-5.11822665462281
"TRD-AS1",-5.11881167538491
"TXNRD2",-5.12361729196246
"ABL2",-5.12624428765924
"PCBD1",-5.12976084976404
"PNRC2P1",-5.13289192982661
"LRPPRC",-5.13555699489582
"LCA5",-5.14098786877731
"FAM81A",-5.14104001900189
"CLEC20A",-5.14208534898802
"SIPA1L1-AS1",-5.14273041949416
"WASHC2C",-5.14360119933188
"IL4R",-5.14656697526451
"RAB19",-5.15024278655081
"RNU7-97P",-5.1509068768066
"EFL1",-5.15157861193695
"PRLH",-5.15275489821917
"RAB11FIP3",-5.15337222062978
"MCU",-5.15551913555986
"RNU6-178P",-5.1557735684462
"RNU6-1251P",-5.15589641521744
"SIDT2",-5.16084630858802
"RN7SL126P",-5.16101527866058
"BIRC6",-5.16397575898603
"PCM1",-5.1643837254261
"TCTN1",-5.16532491256738
"ATP6V1B1",-5.16569302581317
"DNAJC14",-5.1659347112429
"RPL15",-5.16809369408095
"NUTM2A",-5.17030428340511
"RN7SL262P",-5.17380670620091
"ORMDL1P1",-5.17695757162491
"COX7BP4",-5.180458756657
"FAM78B",-5.18075046851632
"SERPINA2",-5.18075046851632
"NIPAL3",-5.18597254555708
"RHBDD2",-5.18672814494731
"FOXS1",-5.18879739065295
"UBE2Z",-5.19048488991383
"POGLUT3",-5.1908933209306
"CXXC4-AS1",-5.19401924051375
"DIS3L2",-5.20252992561257
"CHCHD6",-5.20329598120871
"RCN2",-5.20538525392199
"APRG1",-5.20742503507886
"AP1G1",-5.21347216078943
"PRKCE-AS1",-5.21423750887762
"RNA5SP212",-5.21423750887762
"CPT1C",-5.21473332516458
"IQGAP1",-5.21516092542305
"UVRAG-DT",-5.21620299447907
"ATP6V1E1",-5.22098055056998
"SINHCAF",-5.2236225939535
"TUBAP6",-5.22715262842845
"TXLNG",-5.2277123498808
"C9orf40",-5.22820838267216
"RN7SL172P",-5.22984740814715
"MMACHCP1",-5.23012119172457
"CCDC192",-5.23124167646968
"PTTG1IP",-5.23217251400826
"CNTNAP3C",-5.23656794093474
"STX18-IT1",-5.23925490175009
"RNU6-190P",-5.24156812767799
"FAM156A",-5.24402070634779
"LAMB1",-5.24458095284686
"IHH",-5.24461315255338
"GSN",-5.24539500721622
"AGFG2",-5.24723994788346
"RPS25P3",-5.24731988047938
"DUSP15",-5.24769367625731
"MIR920",-5.24782203421339
"AHDC1",-5.2495505141053
"C1orf74",-5.25069177839836
"SYF2",-5.25103233736336
"CDHR5",-5.25510247989923
"TBC1D19",-5.25540734108974
"AK5",-5.25548409678758
"CLCN3",-5.25573882181517
"MRPL42P2",-5.25701369859344
"TNNT2",-5.259337512683
"PLCH1-AS1",-5.26356670891386
"UNGP3",-5.26356670891386
"TRIM29",-5.26438421278583
"SUSD6",-5.26577887421947
"RPL21P72",-5.27110286224438
"MYOC",-5.2744324416816
"USP22",-5.2765361317429
"FOXJ3",-5.27849445721645
"BMPR1A",-5.28089348471976
"YES1",-5.28211426794217
"XNDC1N",-5.28691078984921
"WFDC13",-5.28731725069075
"DEFB125",-5.30526865171397
"FGF1",-5.30533496083113
"NEK5",-5.30588796846999
"UBD",-5.3110204413256
"RDM1P3",-5.31558528444945
"CAPRIN1",-5.31822840477607
"COX11",-5.31906685762631
"SP6",-5.32472573254973
"RN7SL574P",-5.32704593978796
"TXNL4B",-5.32712548589863
"LINC01619",-5.32793560623619
"AHNAK2",-5.32864196667318
"CHD3",-5.32890682138458
"KDM5B",-5.33095478587421
"WFIKKN1",-5.33464304407743
"WDR3",-5.34125099651908
"TENM1",-5.34179446552929
"DAZAP2P1",-5.34344396240834
"FPR3",-5.34432655723625
"PICSAR",-5.34611998755215
"TSPAN9",-5.34766853278397
"COX14",-5.34780477866068
"CAPN2",-5.34897174315918
"FABP2",-5.35362671419388
"GLTC1",-5.35627114906133
"TEX53",-5.35698930192071
"COPS2",-5.36661918201956
"PGM5P3-AS1",-5.3668378435235
"RUSF1-DT",-5.37110559492186
"PLAAT3",-5.37446538712207
"VCL",-5.37528889587839
"PTMAP2",-5.38032346469878
"DENND4C",-5.38057574508106
"GNAO1",-5.38061408068211
"SUCLG2-DT",-5.38314541355454
"CDKL3",-5.38352537552402
"PNPT1",-5.38435666051476
"DUTP7",-5.38468197097505
"PLA2G4C-AS1",-5.38572439584957
"RAC1P2",-5.38625266371736
"SERPINF2",-5.39045953094382
"PFN4",-5.39164746000137
"C11orf91",-5.39246899942902
"GKN3P",-5.39779418825057
"TMA16",-5.4001890651803
"UBAP2L",-5.40333014257633
"PPP1R27",-5.40397521468129
"IL11RA",-5.406433639637
"AGO1",-5.40891738335352
"RN7SKP283",-5.41072376224849
"ECHDC3",-5.4113936873313
"SHANK2-AS1",-5.41168188148289
"BRD4",-5.41584346171627
"SH3D19",-5.41978812594076
"BTBD19",-5.42011598683771
"TRIM13",-5.42275217332032
"SMC5",-5.42428497771896
"PPP4R1-AS1",-5.4289946883438
"PPM1E",-5.43086678724347
"PRDM5",-5.43137367567152
"ZNF717",-5.43592881852623
"RNU6-927P",-5.43748817401685
"RPS23",-5.43813688285121
"CARNMT1-AS1",-5.4412319267201
"MLLT10",-5.44660370300573
"PCDH10",-5.44720840585274
"ULK3",-5.45176048135535
"RPS18P14",-5.45521190841809
"NEK11",-5.4570307482754
"NET1",-5.45770939923505
"TXNDC17",-5.45867840046865
"LINC01013",-5.4587747825172
"TM2D1",-5.46404717300132
"C8orf58",-5.46573554261565
"RNU1-103P",-5.46663366099513
"GAS5",-5.46822949053933
"PSMA3-AS1",-5.47054515247945
"HLA-DMA",-5.47153592742964
"APOD",-5.47199854779725
"GAPDHP45",-5.47227742363977
"SBK1",-5.47286478115632
"MIR4518",-5.47359168000178
"TP53",-5.4744392140786
"MIR1302-9HG",-5.47555063301447
"GPC1-AS1",-5.47638873153258
"RPL7P4",-5.4794612950056
"ARL6IP5",-5.47997143264378
"RNU6-433P",-5.48229674345497
"LINC00460",-5.48259601054776
"MOB1B",-5.49146537981325
"PIGPP3",-5.4915694116192
"HNRNPH3",-5.49572288132925
"EFCAB9",-5.49725908455072
"ANKRD18EP",-5.49829998979684
"HEATR6",-5.49835140440102
"HSD11B1",-5.50373351559785
"TBC1D16",-5.511535572206
"FTH1P1",-5.51470246861264
"UNG",-5.51507858302819
"SPDYE10",-5.51567240120994
"RN7SL197P",-5.51740988945588
"ZNF30",-5.51911846233478
"PSMD8P1",-5.52469914311955
"RN7SL220P",-5.5256279348786
"KRT18P17",-5.52791587067161
"SLC10A5P1",-5.53434717755167
"CST3",-5.53475651340248
"RAB27A",-5.53564750311991
"BCL7A",-5.53948649770691
"STK26",-5.5405085370871
"CLIP1",-5.54161447871114
"NBPF20",-5.54340783949047
"DEFB4A",-5.54457432974807
"ALOXE3",-5.55258742807568
"CYP51A1-AS1",-5.55364587822346
"VPS11",-5.55418073437461
"MAPK1",-5.55530043609613
"RFC5",-5.56332330096896
"KRT8P8",-5.56415443065445
"RNU4-22P",-5.56540826456102
"ATP13A3-DT",-5.56702661710738
"SMIM19",-5.5679563273906
"C1orf21-DT",-5.56824662419955
"LINC02054",-5.57172959890115
"RNF157",-5.5730360206403
"RPSAP6",-5.57408484451245
"AKTIP",-5.57556198509044
"PTN",-5.5823220693831
"C1D",-5.58550309345499
"ID3",-5.58554757568118
"RAB7A",-5.58561952424737
"HINT3",-5.58725609620975
"FJX1",-5.5878935284985
"RNU1-83P",-5.58916592189344
"ELAVL2",-5.58990477141092
"SNHG16",-5.59203490269204
"LEPROT",-5.59209741997
"NABP1",-5.59221996056984
"ZSCAN31",-5.59618522371559
"IL10",-5.60155378334022
"NUTM2A-AS1",-5.60309464602637
"TTYH1",-5.60350166240956
"CARMN",-5.60642036028137
"SPATA32",-5.60957772678323
"SLC4A7",-5.61072060417304
"RNU6ATAC18P",-5.61225046090786
"HMGN3",-5.61378352880559
"RNU6-613P",-5.61927013219319
"NUP58",-5.62317602789258
"RPL7L1P16",-5.62460448387838
"COX6B1P5",-5.62598156889534
"MYCL-AS1",-5.62671617167665
"EVA1A-AS",-5.63056126867241
"PEBP1",-5.63504206553854
"CEP89",-5.63681083727578
"NOP2",-5.64075014824359
"STYK1",-5.64290611245441
"RPL5P4",-5.65205314924799
"ABI2",-5.65310187048552
"PLXNB2",-5.6538457585984
"FNDC11",-5.6543679548229
"SLC25A24",-5.65456162069481
"LINC01772",-5.65677172295976
"UBAP1",-5.65916015503479
"MOSPD3",-5.65943292368551
"LINC02029",-5.66104839500627
"MCM4",-5.66214583503491
"CEP20",-5.66306301162327
"DBNDD2",-5.67499112758974
"SH3PXD2B",-5.67652050312063
"APOOP4",-5.67937734388368
"ZC3H4",-5.68978210239571
"AGO4",-5.69118850382243
"ATP6V1H",-5.69409489020855
"RNU6-1280P",-5.6946297684207
"KBTBD11-AS1",-5.69776673201136
"NTM",-5.70050174488087
"SPAG17",-5.70314219941866
"DNAH6",-5.70792703121114
"METTL16",-5.71161594270174
"KCNE2",-5.71232153464919
"RNA5SP217",-5.71379314540395
"CTSV",-5.7164039157778
"ZNF703",-5.71932969357102
"LINC01285",-5.72225799028918
"IRGQ",-5.72470706834977
"CHPT1",-5.72620157714476
"ENHO",-5.72679989075727
"DNM3",-5.73150636243785
"RANBP9",-5.73631351102929
"ATL1",-5.73640765841098
"ANAPC7",-5.74443461124295
"NFIL3",-5.74817748842117
"CYFIP1",-5.75279862084543
"TRBV20-1",-5.75854302846519
"CD164L2",-5.76595013417538
"NOP16",-5.76846179118656
"OLFML2A",-5.76972337752497
"ICAM1",-5.7704072064863
"SGSM3-AS1",-5.77245042440096
"IPPK",-5.77473511494762
"BOD1",-5.77493550686043
"S100A4",-5.77725886296054
"TPT1",-5.78040086700848
"ZC3H11A",-5.7805610074497
"WDR26",-5.78100656825254
"CNTN4",-5.78422861852294
"ANO3",-5.78492786632028
"GPR157",-5.80004370187586
"LINC01913",-5.80061628624628
"COX6C",-5.80174965955693
"TRAF3IP2",-5.8031027754357
"TRBV12-3",-5.80340782578331
"CCDC6",-5.80412920406971
"UBE2CP5",-5.80494321200365
"TMSB4X",-5.80605662330494
"ZXDC",-5.81363020262189
"ANKRD7",-5.81474181862473
"STAP2",-5.81643940100151
"RASA4B",-5.81717802508644
"GSPT1",-5.81741138847218
"SLC24A3-AS1",-5.8207884832245
"PGBD5",-5.82727370566957
"LRRC8C-DT",-5.82790051489081
"ZNF236-DT",-5.83017921078372
"PIGS",-5.83300138203046
"REC114",-5.8330385812087
"RAB34",-5.83851348421899
"COL9A2",-5.84127567450905
"PHOSPHO2",-5.8433889446657
"ZNF692-DT",-5.84388109050391
"HNRNPA1L3",-5.84891830491033
"SEC24C",-5.85421604040923
"RNF150",-5.85435509134435
"RPS28",-5.85458164500278
"TGIF2P1",-5.85721876587073
"WDR81",-5.85775027227595
"ARMH3",-5.86460827193616
"ZNF833P",-5.86462327477272
"CD74",-5.86950637999759
"ADAMTS17",-5.87068945999958
"RRAS",-5.8728593629031
"FBXL7",-5.8748142554292
"PKD1L1",-5.87996313699921
"AIDAP1",-5.88319049008599
"TROAP",-5.88421709051871
"SLC9A3-AS1",-5.88812577561108
"TBC1D22A-DT",-5.88855673375611
"DDX18P1",-5.88897343037071
"LINC01034",-5.89046934672554
"SH3GL3",-5.89155741938327
"WDR12",-5.89346658751135
"FAM13A-AS1",-5.89503240393649
"CFAP251",-5.89720316924954
"ATP6V1B2",-5.90040587763567
"GDF10",-5.91169248765714
"KBTBD12",-5.9118403246068
"IFIT6P",-5.9130979366912
"S1PR3",-5.91987216170845
"RPS10P29",-5.9219419891813
"RDX",-5.92721310568789
"CDCA7P1",-5.92788328377673
"DNAH14",-5.92815193520963
"PTRHD1",-5.92977739420597
"TMX1P1",-5.93047548729994
"RN7SL812P",-5.934975029923
"GATAD2A",-5.93936646050832
"RPP38",-5.9401875087255
"NPTX1",-5.95227287203245
"DAGLA",-5.95394893539255
"RN7SL416P",-5.95447630462382
"LINC02183",-5.95447630462382
"LANCL1",-5.96069585787328
"DSP",-5.96251351317976
"RPL5",-5.96314463281935
"MAPKAPK5",-5.96576975783265
"IL20RB",-5.96695550619318
"LYSET",-5.96849453261403
"LOXL2",-5.97193195093374
"CAMSAP2",-5.97377473741684
"CYB5D1",-5.97513227991736
"CRYBB2",-5.9753220640085
"MCM9",-5.97641091798874
"RAB44",-5.97650679808491
"PLD2",-5.97767395978092
"RAMACL",-5.98059365622127
"EEF1A1P11",-5.98116383164654
"SRSF6P2",-5.98623638621316
"ELOVL5",-5.98760196429621
"SPTBN2",-5.99480638145518
"EIF3H",-5.99658269683607
"LNX1",-5.99729932328519
"TMEM52B",-6.00027554992558
"AP3B2",-6.00116686999297
"C20orf96",-6.00221786720768
"RALBP1",-6.00259358296712
"ATXN2",-6.00584849369268
"NIPSNAP3A",-6.00706439167781
"UPRT",-6.00900508987976
"ZNF513",-6.01249388256668
"ZNF8",-6.01426935669301
"CLSPN",-6.01427337922339
"M1AP",-6.01662355232315
"KCNB1",-6.0166975515539
"EEF1DP7",-6.03436395771895
"UACA",-6.03518148360114
"FUT4",-6.03903575043214
"CCNY",-6.04546594946468
"LINC02124",-6.04551338836568
"CSDC2",-6.04558297966977
"COA7",-6.04617144605655
"HSBP1",-6.04698531717118
"SEMA4B",-6.04745998550477
"DIP2B",-6.05218935845211
"MIR378G",-6.05444702214127
"TFDP2",-6.05670327219594
"LRRC69",-6.07416717153534
"FAM81B",-6.08080745436113
"KLF11",-6.08187506853406
"POLR1D",-6.08220519435628
"MYH7B",-6.09011306070127
"VASP",-6.09331809773923
"ZKSCAN7",-6.09531617833864
"SMIM2-AS1",-6.09540185085566
"IDH1",-6.09615722193924
"POLH",-6.09907892973505
"RN7SL385P",-6.09926074626646
"ZNF140",-6.10083484775273
"CUL3",-6.10208143143617
"TXNP4",-6.1087299890922
"RPS15AP28",-6.10929170355246
"BGLAP",-6.10995825597585
"ADSL",-6.11133070917436
"CENPV",-6.112839233003
"FAM66D",-6.11307280007366
"NEK6",-6.11699291317737
"TMEM229B",-6.12015626240089
"IGDCC4",-6.12207069313892
"ARPC3P1",-6.12384215942003
"ACTMAP",-6.1271742949641
"NLRP2",-6.1285292631072
"ZNF629",-6.13063657571123
"FOXK1",-6.13441115214486
"RPL4P4",-6.13610083207099
"SLC38A11",-6.14056901243278
"VPS26A",-6.1458198420628
"FCF1P7",-6.14722250431481
"MAF",-6.15028219617658
"ACBD7",-6.15033391838167
"SLC41A1",-6.15154017361518
"RPL7L1P5",-6.15325058202809
"NHLH2",-6.15427070162889
"TMEM254-AS1",-6.15477376726172
"KLHL3",-6.15649103511029
"ILRUN-AS1",-6.16439555998495
"KLHL35",-6.1711670603965
"IREB2",-6.17472802045049
"PRODHLP",-6.17546031384608
"MTCO2P19",-6.17763627480425
"UXS1",-6.18382795270829
"OIP5",-6.18723003850279
"FTH1P20",-6.18758446991606
"ZNF330",-6.18964045485554
"ARL14EPL",-6.1901158787598
"AVPI1",-6.19470989895685
"NFIA-AS1",-6.19991581008186
"ADH5",-6.20062796576072
"TASP1",-6.20583315548695
"DAG1",-6.21137276122468
"PAXBP1",-6.21480561324222
"DTD1",-6.21483172857539
"LGALS7B",-6.21862124539002
"ODC1-DT",-6.23269595902656
"PRRX1",-6.23489538204518
"PDE9A",-6.23740420068381
"RECQL5",-6.24397116673043
"ITPR3",-6.25120024657486
"DYNC1I2",-6.25208470783954
"FTH1P7",-6.25263098951636
"MTHFS",-6.25316046147172
"RAP2B",-6.26255598645866
"SMAD7",-6.2671974114259
"HIPK3",-6.26725677782623
"RFPL3S",-6.27060458593196
"MIR4513",-6.27302468642664
"PIPOX",-6.27679106308679
"KIRREL1-IT1",-6.2780883571733
"BCR",-6.27964478648371
"FNIP1",-6.28342773491738
"CSNK2A2",-6.28906834950395
"PTGES3P1",-6.29024615518025
"HNRNPLL",-6.29044716703161
"DOT1L",-6.29275146408874
"TATDN2P2",-6.2954014786296
"ADAM20",-6.30230634679974
"EEF1A1P5",-6.3040601552872
"MED6",-6.31021585995886
"TTC16",-6.31081859515699
"LINC02795",-6.31532032503566
"ZNF425",-6.31604695984106
"NDUFS5P1",-6.31647186407376
"FAM13B-AS1",-6.31910350646274
"RN7SL513P",-6.32040164523265
"STARD3NL",-6.32134227670327
"TUG1",-6.32141934425
"COX10-DT",-6.32301298115413
"CYP8B1",-6.32406375123438
"RPL14",-6.33078734820711
"EEA1",-6.33146755680939
"INTS9-AS1",-6.33191881789064
"LHFPL2",-6.3337675223813
"ABCA15P",-6.33595904116884
"PSME4",-6.33873448174501
"GPR171",-6.3457813542498
"ANKRD52",-6.35415718334206
"ANKRD10",-6.3595295152611
"COMMD6",-6.36296301087878
"MRPS27",-6.36328824382292
"EFCAB12",-6.36567919370143
"SWAP70",-6.37653464281009
"STPG3",-6.37673804002545
"WDR97",-6.38206221168186
"PHLDA2",-6.38428998969978
"ALDH9A1",-6.38672101891142
"SKI",-6.39081841575713
"CHRM3-AS2",-6.39382473113757
"PUM3",-6.39428263789446
"RNF141",-6.40034079038966
"RHOU",-6.40305369462076
"DNAH11",-6.40451031810428
"ADGRV1",-6.40494100357673
"PRR19",-6.40843373109236
"CROCCP3",-6.4093253329764
"EMG1",-6.4096323441717
"LINC01090",-6.42556826870129
"THSD1",-6.42614807676106
"HMSD",-6.42787314312584
"MUC20P1",-6.43112791752529
"WFDC12",-6.43414422130872
"SOCS7",-6.43430929866961
"CREG1",-6.43702139169612
"SIMC1P1",-6.44830905559922
"LINC00963",-6.44999015748202
"SAT1-DT",-6.45043485787311
"CFAP53",-6.464679607927
"STX16",-6.47361045454674
"KCNH7",-6.47426919842338
"GMEB2",-6.47646020318471
"PCSK6",-6.47697365257807
"FTH1P5",-6.4830434033002
"RSBN1",-6.48318690997944
"ACTR3B",-6.48333062940006
"GAPT",-6.48334682980987
"STAG2",-6.48510385286153
"ZNF658",-6.50611757881437
"WRNIP1",-6.52243336954825
"RAD21",-6.52299572773598
"SNHG32",-6.53857047477911
"LINC02861",-6.54271145208066
"NLGN2",-6.54739272427521
"SUB1P4",-6.55302437844029
"PAK4",-6.55565314733465
"ZNF493",-6.56590659712652
"HMGA1P2",-6.56780140887729
"RN7SL186P",-6.57134251854638
"LINC02433",-6.57142113547802
"LINC00578",-6.57241823781822
"MIPEP",-6.57470582180916
"LINC01234",-6.57556345983017
"RNU6-1107P",-6.58097587654667
"NTF4",-6.58551269267514
"MIR6796",-6.59421321593223
"RNF14P3",-6.60064837915945
"RNU6-37P",-6.60125294187853
"TFAP2A",-6.60619422937675
"PDCD6",-6.61091327376767
"LITATS1",-6.62059306261984
"RNU6-968P",-6.62582837943059
"NCL",-6.62941048468829
"HCG4P8",-6.63531462553083
"ZNF528",-6.63625102725006
"BACH1-IT2",-6.63852734291434
"KIF5B",-6.63949981516042
"SHMT1",-6.6473158211203
"RNU6-469P",-6.65226909530012
"C11orf71",-6.65591252371525
"SNORA1B",-6.65755135318826
"ARHGAP27P1-BPTFP1-KPNA2P3",-6.65905365359593
"ANAPC1P1",-6.65914197493352
"DOCK8-AS2",-6.65977707764953
"C22orf23",-6.66449779030745
"USP12-AS1",-6.67026656625472
"DNAAF11",-6.6781971178367
"SCO1",-6.68051178801084
"NIBAN3",-6.68062817589168
"KLRK1",-6.68110349650578
"FBXL2",-6.68405286200493
"ETF1P3",-6.69210722940379
"CDCA4P1",-6.69520691607458
"STPG3-AS1",-6.69815070077303
"NACC1",-6.70041929073912
"LINC02936",-6.70111957454153
"PLD1",-6.70179171315802
"DNAL4",-6.70688050228823
"DSEL-AS1",-6.70893946674074
"PTMA",-6.71382450026924
"RPS12P3",-6.71736746528012
"PTMS",-6.71745348290669
"SNHG22",-6.71749677960269
"CCDC30",-6.72062067693967
"TRIM45",-6.7228042742422
"OLA1P3",-6.7228042742422
"DPH6",-6.72444190897546
"PRODH",-6.72562815539484
"SMIM10",-6.72734083551212
"CHAF1A",-6.72800821193316
"ZNF708",-6.7332444919056
"DPYSL3",-6.73404269434086
"ADORA2BP1",-6.74328830404484
"ILRUN",-6.75477641707066
"MIR4668",-6.76356306605154
"ACSL3-AS1",-6.76363467058522
"PRICKLE1P1",-6.76520221000023
"TMEM65",-6.77236528554025
"SPATA17",-6.77299950138545
"TP53I3",-6.77376698058508
"POLR1A",-6.77376982870925
"MORN2",-6.77803678481954
"ERLNC1",-6.78387503664085
"ZBTB24",-6.78764003271208
"TM4SF4",-6.7885715072766
"AWAT1",-6.78984379898397
"RPL23AP70",-6.79237536642895
"NIPBL-DT",-6.79725860910251
"CSNK1A1",-6.80205727353668
"GCH1",-6.80566296783828
"TSC22D2",-6.81490163797901
"TNFRSF10D",-6.81510469767668
"KRT18P15",-6.81668162464997
"HILPDA",-6.82323581578903
"BTG3",-6.82557513293641
"CLEC16A",-6.83594096817374
"MORC4",-6.83650223039471
"ZNF649-AS1",-6.83999239179839
"SNRPGP14",-6.84637128817926
"WFDC8",-6.85417195507224
"KBTBD2",-6.86032901602936
"NANOGNBP3",-6.86525740119217
"EMILIN2",-6.86776621972592
"GHR",-6.87183120174373
"AHI1",-6.87463026714194
"TM4SF18",-6.88190956649871
"NOL4",-6.89314248198821
"XRRA1",-6.89724959237075
"IRF2BP2",-6.89772153551946
"TSPAN16",-6.89947793003861
"GLB1L3",-6.89989581814791
"PIGQ",-6.90000974144133
"RPS15AP10",-6.90093485500489
"RNU7-140P",-6.90898564228564
"VIRMA",-6.90911383440991
"RN7SL11P",-6.90913001131766
"NR2C2AP",-6.91009183999266
"TMEM30A",-6.91568260239814
"USP21",-6.92594630426784
"GPR39",-6.93049575940989
"AK9",-6.93088719570099
"SCIN",-6.93480378765295
"ENO1-AS1",-6.93633080942382
"ZBED5",-6.93771736018587
"RNA5SP233",-6.93795492715437
"MIR548AT",-6.9379932316488
"LINC01919",-6.94141625685742
"CNTROB",-6.94388435147086
"JAM2",-6.94454117121851
"C2CD5-AS1",-6.94986023636648
"FEM1B",-6.95225842832554
"OR10A3",-6.95757707080163
"ARHGEF4",-6.9578634953453
"FARS2-AS1",-6.95897328908273
"RN7SL12P",-6.96414575737527
"MIR202HG",-6.96509259422201
"KYNUP2",-6.97261224250875
"MYC",-6.97621658827991
"TRIM41",-6.97630524693734
"GRAMD1A-AS1",-6.97696524036651
"UBXN2A",-6.9773185324158
"TSPAN4",-6.97811198767999
"PDP2",-6.98462532077617
"PRSS27",-6.98589762162031
"IFT74",-6.98658812461631
"JDP2",-6.99254629686953
"POLR3GP1",-6.99320678554172
"ADI1P2",-6.99596573926425
"TCEAL4",-7.00052958909667
"ZNF507",-7.00197755363853
"RPS4XP14",-7.00380010137436
"KCTD1",-7.00562158192054
"HAUS2",-7.00841345314158
"LINC02889",-7.01169662734585
"UFL1-AS1",-7.01354900680067
"KLHL25P1",-7.01835993083622
"RPL19P5",-7.01838603911894
"PROSER3",-7.02025487302545
"BTF3L4",-7.02198492036192
"WFDC6",-7.02619770637568
"CD101",-7.0323290683077
"C12orf71",-7.03630550100048
"ZNF626",-7.03723663093354
"MLNR",-7.04749704116911
"MIR4676",-7.04835748234009
"RALGAPA2",-7.05069420931735
"RNF32-DT",-7.07839066660288
"ST14",-7.08251646376968
"RPS12P20",-7.08519351278311
"RPLP2",-7.08582475310927
"ERCC4",-7.09002171483077
"NBPF2P",-7.09260903046524
"RASA4",-7.0933691160228
"CLIP3",-7.09757728119778
"EGLN2",-7.10010904836823
"FOXP1-AS1",-7.10068683982678
"ARL8B",-7.10222693164172
"CNOT8",-7.10499650767112
"ST6GAL2",-7.10885890462933
"RWDD3-DT",-7.10898829480141
"KCNJ2-AS1",-7.1142179986647
"FAM135A",-7.11928983351728
"BRD3",-7.1209355996525
"RPL31P4",-7.12462772440914
"EIF4A2P2",-7.12609135905273
"CHMP4BP1",-7.1270454890405
"LPCAT3",-7.13261181439659
"CREB3L4",-7.14524966070241
"MCM7",-7.14583634147328
"SAXO3",-7.14823212975243
"PSMD6-AS2",-7.14975622971839
"SPNS2-AS1",-7.15100418558173
"GCNT7",-7.15868068890326
"FCAMR",-7.16629366166299
"RN7SL689P",-7.16646291219814
"SUFU",-7.16723463872946
"CCR8",-7.16890400278421
"COQ10BP2",-7.17560651371435
"PRR5L",-7.18281608287528
"HIF1A",-7.18791409503694
"LDHB",-7.19001815122685
"SH2D5",-7.19764967940075
"HMGN2",-7.19770607643064
"PACSIN3",-7.19793261605192
"RPL12P44",-7.20012723480269
"KLF17P1",-7.20766329481506
"GMPS",-7.20782720258103
"NQO1",-7.22077197597544
"SLC25A25",-7.22638285510642
"MT-ND1",-7.22656663900728
"LINC02057",-7.2295632749018
"RPS27AP9",-7.23120375916916
"FOXO4",-7.23413181701176
"PFDN4",-7.24771123450093
"CTTN-DT",-7.25472057771241
"LEKR1",-7.25689524664863
"RUNX1",-7.25887749754626
"RNU2-68P",-7.25918122694338
"NARF-IT1",-7.25931074958255
"PACRGL",-7.26220766078624
"TOMM40L",-7.26292728066122
"RPL7AP32",-7.2646238565634
"RBBP6",-7.26481330466526
"CD72",-7.26921745528533
"OR52H1",-7.26988535591944
"CCDC126",-7.27001188094538
"ATXN7L1",-7.27097044049319
"BAALC-AS1",-7.27149460012467
"NALF1-IT1",-7.27486927281085
"RTN4RL2",-7.27904513527248
"PCDHGA6",-7.28135140726373
"LIPA",-7.28226901447008
"MSL3B",-7.28406949208261
"GYPB",-7.28637716749712
"TMEM63A",-7.28727509115648
"DNAAF9",-7.29718247371207
"KSR2",-7.30056344235466
"ANK3-DT",-7.30509064509062
"RHOC",-7.31394577006983
"RPL37A",-7.31482371083592
"PLXNA3",-7.31514572191062
"ASTILCS",-7.3166759033063
"POLG2",-7.31857586593641
"TPRG1-AS2",-7.32311963731566
"FAM111A",-7.32394173926872
"ABR",-7.32765552040977
"SNRPCP5",-7.32980996605892
"SEC63P1",-7.32982482495787
"ZNF41",-7.33479337946383
"RAD54L",-7.34995928346932
"MTCO1P19",-7.35712497471695
"LINC00899",-7.36019511351167
"GGCT",-7.36282979837876
"TMEM191C",-7.37158749242992
"CHRDL1",-7.3751170048433
"YWHAG",-7.380262941217
"TTC23-AS1",-7.3805074143338
"CNTNAP3B",-7.38170594576145
"MFSD4B",-7.38354219032571
"CD83",-7.38452609707667
"LINC00671",-7.3864945966947
"ZBTB37",-7.39408479267993
"ADAM10",-7.39418128473647
"RAB13",-7.39551028763271
"AGO2",-7.39617657490226
"ZFAND5",-7.40000612145058
"EFCAB5",-7.4022277481256
"LIMS2",-7.40341929267682
"MRPL57P8",-7.4035964980336
"DHFR2",-7.40565793813507
"RPL26P19",-7.41107424165634
"MIR27B",-7.41290465699671
"RN7SL619P",-7.4146398140953
"EID2",-7.41671460114237
"MKRN2OS",-7.42662021058003
"KIAA0825",-7.4291681800756
"FAM181A",-7.43007738231946
"LINC02828",-7.43212892472898
"SOX13",-7.43405096560836
"MIR4284",-7.43902930581763
"RLIMP2",-7.44011181262389
"MST1",-7.44092468127504
"OSBPL11",-7.4412903421572
"NINJ2-AS1",-7.44398145731555
"CSTB",-7.44780150494571
"ZNF793",-7.44821355850646
"SMIM14",-7.44935071170579
"UTP25",-7.45227209056498
"CCNG2",-7.46021687831809
"RAB1AP1",-7.46045065273223
"EZH1",-7.46160977412511
"MTPAP",-7.46630054448642
"ANKRD49P1",-7.46758261133543
"RNU4ATAC18P",-7.46821744597063
"RPL23AP97",-7.4711229114351
"YWHAQ",-7.47236674572039
"RNY1P13",-7.47259948314882
"ECHDC1",-7.48121675005873
"TRIM59-IFT80",-7.48218057444305
"DNAJC21",-7.48836424071848
"REEP3",-7.48971360040887
"TAOK1",-7.49081016723261
"RNU4-60P",-7.49732784382799
"ATP2A2",-7.49905643266341
"RASGRP2",-7.50084302630634
"C2CD4A",-7.50732764632129
"TMEM69P1",-7.50804898494239
"TMEM191B",-7.51186541595203
"TMEM88B",-7.51243368678551
"NFAT5",-7.51267520590611
"SPPL3",-7.51579600596068
"ATL2",-7.51748904181016
"KTN1",-7.51791333329087
"HMGN1P8",-7.51869804995159
"OR51B5",-7.52056623918896
"HCCS-DT",-7.52209438238705
"RNY1P15",-7.52247264523356
"ZDHHC7",-7.52552144546037
"RPL27",-7.52956963332546
"DDI2",-7.53796363077962
"CTPS1",-7.54146340283189
"ARIH1",-7.5414639845886
"C1QTNF9-AS1",-7.54658203961049
"APOL4",-7.54992889947574
"TSPAN3",-7.55190056965425
"PIP5K1C",-7.55368499546814
"BNIP3L",-7.55559763558238
"MUC20",-7.56007894239277
"ADAMTSL4",-7.5607231245012
"PABPC1P1",-7.56089591635207
"INTS3",-7.57297047865079
"PERP",-7.57850864767841
"CCNG1",-7.5823708255331
"CCDC196",-7.58492048752412
"ZNF121",-7.59007631796957
"MIR1277",-7.59974963904831
"MSN",-7.60109363484171
"BRCC3P1",-7.60326986309066
"FGD6",-7.60547815493346
"ST3GAL6-AS1",-7.60766696648035
"PLXNB3",-7.60975763947087
"BORCS7",-7.61256891222326
"ZHX1",-7.61552081365641
"RNU6ATAC27P",-7.61595426070687
"DTX3",-7.6173820385792
"RPS6KC1",-7.62276284183843
"FBXW11",-7.62477797592381
"IGHEP2",-7.62920163851436
"FGFBP2",-7.63219979739342
"PDLIM1P4",-7.63254697368464
"PSKH1",-7.63574492705123
"BAK1P1",-7.63879554822718
"F2RL1",-7.64042167946044
"OSTCP8",-7.64661951254771
"UBAC2",-7.64873568783766
"MIR4637",-7.6557708766706
"SLC1A3",-7.65661440975865
"LINC01637",-7.65828672332705
"ZNF106",-7.6611219704637
"AMT",-7.66381540017291
"CCDC43",-7.66571783659477
"RBBP4P2",-7.67305668942192
"PDLIM4",-7.67336157152518
"NEXN-AS1",-7.6751272954342
"RPL17P18",-7.67682750650845
"ITGAV",-7.6779634196647
"HAUS1P1",-7.67827178119563
"RPL30-AS1",-7.67863461925548
"CEP126",-7.67892860360885
"NDUFA3P2",-7.68426429697471
"SNHG19",-7.68468691720766
"STK38",-7.68673212011476
"ABCA13",-7.6868059111798
"RAB22A",-7.69346628323675
"COMT",-7.69537874547932
"TPT1P5",-7.70305490308874
"CYP4A22",-7.704847528132
"CHRM3",-7.70718968513799
"PGPEP1L",-7.70841778251393
"PLPP1",-7.70892857458116
"CASTOR1",-7.71178613007983
"SPEF2",-7.71325595571596
"SLC24A3",-7.72039052104725
"CCDC25",-7.72353771489303
"DUSP3",-7.72480766319554
"RPL12P42",-7.72713540629809
"LINC02413",-7.73433870937824
"HSPA8P15",-7.73478874938201
"HIC1",-7.74534681725759
"LINC02449",-7.74593129596718
"AGAP1",-7.75874695746278
"LINC02941",-7.75894510660206
"KIDINS220",-7.75967496242502
"SAMD4A",-7.7598457335759
"PRLR",-7.76180259697885
"TOR1AIP2",-7.78081298135985
"IKZF5",-7.78539619355026
"AURKAP2",-7.794633415049
"TAF1",-7.79731180577333
"PUS10",-7.79859457050796
"H1-7",-7.80341030537384
"STMN3",-7.80450675341299
"EIF3CL",-7.80945592250218
"PPFIA4",-7.81654099661778
"RNU6-455P",-7.81662284521611
"RNF32-AS1",-7.81729472285743
"GAPDHP25",-7.81804753737157
"MACROD2-AS1",-7.81810830195763
"UBE2V1P2",-7.82804810104832
"FEZ2",-7.8311622777076
"RNF138",-7.83522585374613
"ELMO3",-7.85159250958612
"TMEM184C-DT",-7.85656036150587
"ZNF319",-7.86250650607605
"RNU6-367P",-7.86662062586511
"SLFN5",-7.86703830129071
"LINC02614",-7.86763347858087
"PLCD3",-7.87051091742346
"CSNK1G2-AS1",-7.87053148191721
"MIR4777",-7.87211890012957
"HMGB1P31",-7.8745047929374
"LINC00482",-7.87642128889373
"SPOPL",-7.87729610916273
"CDIN1",-7.87740397947985
"PDE7B",-7.87760371582952
"C1orf167",-7.87970920105732
"MCPH1-DT",-7.8832897456848
"KIF6",-7.89174519715934
"ELL3",-7.89522662787987
"NR1I3",-7.90105231811396
"PPIAP72",-7.90125192390459
"PHF3",-7.90411785694199
"LTB",-7.9100369080468
"COL4A3",-7.91314860122003
"RPL17P50",-7.92611004667066
"BLOC1S5",-7.92704699257559
"ALK",-7.92712756336428
"RBL2",-7.92744794687946
"NOTCH3",-7.93492373791308
"BBS10",-7.93549616403903
"CCDC13",-7.94270620114013
"PLA2G12A",-7.94294056548051
"HMGN1P1",-7.94356108359161
"RPS3AP39",-7.95348108054386
"GNPDA1",-7.95720736566835
"CEP76",-7.97137526551754
"PCYOX1L",-7.98057183653421
"B3GALT9",-7.98218702906218
"LIAT1",-7.98509205286549
"GANC",-7.98510171814205
"LINC03082",-7.99396058011996
"SPATA6L",-7.99740430124689
"PPIA",-8.00098617714979
"FAM151A",-8.00124539079998
"MACROH2A1",-8.00305827039744
"SATL1",-8.00496196208943
"ARF3",-8.01328547395819
"CCDC136",-8.01404328091931
"MAG",-8.01495106150489
"YPEL1",-8.01764166877435
"NECTIN4-AS1",-8.02136475152686
"LYRM9",-8.02173152362297
"RFTN2",-8.03047105607543
"GRB14",-8.03252237583327
"WDR11-DT",-8.03508812040867
"NFATC4",-8.03520618431636
"SETD1A",-8.03545124675453
"BCKDHB",-8.03731528688368
"RPL21P113",-8.04201191428795
"ITGA2B",-8.07260256213709
"NGRNP3",-8.08426407010624
"YPEL2",-8.08428966392256
"ARNT2",-8.08590114731621
"PREPL",-8.09050097404419
"SUGCT-AS1",-8.09592537349752
"LYG2",-8.09746874840563
"TRIM2",-8.10301303084891
"CCDC102B",-8.10513722947157
"CTSL",-8.10632125129214
"NUTM2G",-8.10731547537265
"MIR125B1",-8.10904675900145
"OVGP1",-8.11527519343876
"FLACC1",-8.11753459228002
"PATL1",-8.11827253070455
"RNF169",-8.12395591106191
"WDR11",-8.12524317909694
"AMH",-8.12692305872715
"CASC11",-8.12971085829667
"CENPX",-8.13174457173764
"RPL18AP13",-8.14107939133224
"MED24",-8.14690441499295
"LRRC37A13P",-8.14763140083927
"CCNJP2",-8.15453967273505
"LINC00326",-8.15777238331356
"LOXL1",-8.16061460706963
"SMCR8",-8.16397624914252
"PLCH1-AS2",-8.16756962684333
"KRT18P6",-8.18055328069271
"ACHE",-8.18380635133539
"PDP1",-8.18386682259904
"NT5C1A",-8.19167465997151
"RAB11FIP2",-8.1956622535324
"ZNF415P1",-8.20405640287225
"JMJD1C-AS1",-8.20483453516211
"RNF208",-8.20717500899922
"FAM110B",-8.20842011326708
"MFGE8",-8.21176684382367
"FTH1P11",-8.21484722885177
"LARP4B",-8.2248030337381
"KRT5",-8.22786708702282
"ZNF43",-8.23738510233677
"PROC",-8.24298956795531
"RETREG1-AS1",-8.24336576755404
"PXN",-8.24404326788849
"TBCD",-8.24724359540864
"GJA9",-8.24909068156829
"TNFSF13",-8.25189702099451
"CPD",-8.25643178876795
"TMEM74B",-8.25985557775374
"FADS1",-8.26250387699362
"MTCH1",-8.26907042420585
"LINC01750",-8.27009088010925
"PCF11-AS1",-8.27151024021475
"RPS15AP6",-8.27391967448196
"FBXO34",-8.27447421039257
"SLC23A3",-8.27778305830977
"RCAN2",-8.2822353170134
"MUC19",-8.28447601054318
"NT5M",-8.28468995526248
"CHKA-DT",-8.28866565766611
"SAR1A",-8.28867127799412
"LINC02899",-8.29390991455297
"RPL23A",-8.29708874192144
"HERC3",-8.29826976285124
"UGT2B7",-8.30100005736823
"GTF2I-AS1",-8.30111157338648
"RPS27P19",-8.30127267565039
"DIPK2A",-8.3052882993463
"SNX30",-8.305784423479
"WAC-AS1",-8.313736539995
"H1-1",-8.31511268479864
"STAT3",-8.32407787224646
"DENND5A",-8.32571910276043
"RPL21P81",-8.32897967738305
"PRADC1P1",-8.3313733357739
"COL17A1",-8.33460497033438
"RNU6-1093P",-8.34010071053096
"RNU6-1310P",-8.34614366237292
"ZNF607",-8.34732120107595
"TRAF4",-8.34889693469067
"RNU6-79P",-8.35402146350062
"ZBTB41",-8.35632633202446
"PPP1R3B",-8.35961348816546
"SPRYD7",-8.36420236447251
"CCND3",-8.36603183430315
"SPACA9",-8.36725889374858
"MLLT3",-8.36890458558246
"CATSPER2P1",-8.38198269773437
"IL12A",-8.39501213330674
"DNAL1",-8.39647321225438
"MIR548N",-8.40272845458087
"RPS19P3",-8.40995872614137
"ZNF281",-8.41106853272492
"TRIP6",-8.41396969819147
"LINC02924",-8.41800144664172
"LINC01871",-8.42563688917691
"PRR5-ARHGAP8",-8.43099421740806
"AHSP",-8.43689697173966
"ZBTB4",-8.44070455622742
"YWHAQP6",-8.44818290737012
"GASK1B-AS1",-8.44933661745075
"FCSK",-8.44948539793994
"SETP10",-8.45835132938835
"RDH10-AS1",-8.45885420986778
"YPEL3-DT",-8.46298807296791
"PAIP1P2",-8.46363289096192
"PI3",-8.4636349678795
"CCDC74BP1",-8.46722824013549
"LNX2",-8.47025800050359
"CEP72-DT",-8.47271093620575
"GLS",-8.47759022217968
"RPS3AP13",-8.4782085676713
"AASDH",-8.4797819166022
"GAS5-AS1",-8.48366437712654
"TRPC1",-8.49252749446948
"ZNF525",-8.49343446582735
"TP53BP2",-8.49368416136676
"FMC1",-8.4945331239392
"TSPAN14",-8.49477329033561
"RPS13",-8.50411074490268
"ZNF100",-8.50661987988112
"ZNF337-AS1",-8.51025229331318
"VNN1",-8.51735190908128
"PCDH19",-8.51788998974874
"CEP41",-8.53791300867073
"RPL30",-8.54916522534128
"DGCR2",-8.55256916831374
"PER2",-8.55674249904588
"AKAIN1",-8.55688363568413
"NAALADL2-AS2",-8.55743512007436
"ACSF2",-8.56111580325836
"MORF4L1",-8.56685276915522
"FGD4",-8.58139784542314
"CALHM6",-8.58281683219102
"RING1",-8.58478477132597
"CFAP70",-8.58825681102073
"LINC02572",-8.58849769947169
"C1QTNF9",-8.58903885019002
"RGMB-AS1",-8.58935810007366
"ADAM17",-8.59170112694459
"MOAP1",-8.59223065974883
"VPS53",-8.59250406938503
"RNU6-711P",-8.59316223289234
"ENAM",-8.60289436733944
"TNNT1",-8.62233416059877
"RC3H1-DT",-8.63351077592567
"RPL32",-8.63356153535876
"LINC00898",-8.63632408792862
"PADI2",-8.65203110374715
"FBXL18",-8.65598163706224
"TTC22",-8.65704225942038
"YY2",-8.65784414350987
"B4GALT1",-8.65859528748888
"SLC16A9",-8.65919376412597
"KCNK3",-8.66066494097127
"PRIM2",-8.66237662619605
"CSRP3-AS1",-8.66365723396015
"TKT",-8.66377687867558
"CYP51A1P3",-8.6641251839621
"PRDX6",-8.66428049290159
"NPM1",-8.66619697813904
"LRRC34",-8.66664150528341
"NELL2",-8.67018021292688
"NSRP1P1",-8.67274846546862
"MIRLET7BHG",-8.6768296615617
"RPL17P39",-8.67801702592838
"TBCA",-8.68065529158069
"ARRDC3",-8.68556409001177
"C9",-8.68682491367751
"LY75",-8.70459788311294
"MINDY4",-8.70706269401574
"GPT",-8.70791034357415
"P4HA2-AS1",-8.7081682632932
"RNU6-1237P",-8.7120138934465
"ABHD16B",-8.72230147771119
"NFE2L1-DT",-8.72268485775953
"SPTBN1",-8.72694683799582
"KPNA3",-8.72756911199618
"REL-DT",-8.73190329884418
"SLC25A43",-8.7361948093875
"SERPINB6",-8.74506048062577
"PGR",-8.75449573568755
"COIL",-8.76010330678683
"DAAM2",-8.76017145999128
"RPRD1A",-8.76898222154038
"SNRNP48",-8.7691342670578
"EPHX3",-8.77305763616295
"CLN8",-8.78743294346205
"RPS3AP35",-8.79285393714988
"EML4",-8.80221831879519
"ATP9A",-8.80275074430465
"SYNJ1",-8.81174898362447
"RNY3P14",-8.81619857430146
"DCXR",-8.82102473462157
"LPP-AS2",-8.82260551801878
"PANX2",-8.83570345974798
"FAM210B",-8.84233652760398
"CTXN2",-8.84520489760139
"CIBAR1",-8.84809281924551
"MIR597",-8.8493224578313
"RPL21P19",-8.85443820930494
"LINC00334",-8.85522280995187
"CFAP45",-8.85805913219596
"RPL24",-8.86039155503935
"POMGNT2",-8.8675685682596
"KLRG2",-8.86924173868613
"CD81-AS1",-8.87649784027363
"HIGD1AP16",-8.88114159964209
"TBKBP1",-8.89067560081501
"TENM2",-8.89274654506157
"SPMIP8",-8.90959226285994
"MYO5B",-8.91567054619246
"CD151",-8.91848918719379
"ARHGEF17-AS1",-8.92405745684898
"TSSK3",-8.92500091821079
"ZSWIM6",-8.92838103816521
"PRMT3",-8.93047174127456
"NLN",-8.93738364092556
"PAM",-8.94160626924433
"AEBP2",-8.94643072143476
"OR52E7P",-8.95771882847498
"CFAP418",-8.9612724046528
"MIR3975",-8.96430592633264
"RELL1",-8.96600400412246
"HEATR5B",-8.9703926590145
"RNA5SP371",-8.9746810795759
"SPAAR",-8.97973769953101
"COL6A3",-8.98361507859405
"KPNA4",-8.98768963218116
"FGD1",-8.98947141380695
"LRRC52-AS1",-8.99290029771923
"NIP7P3",-8.99489440238845
"DUXB",-8.99639882912482
"SEPTIN7P1",-8.9994155439502
"CHD2",-9.00337368054029
"MAPK8IP2",-9.0050507726198
"LLGL1",-9.00934369079081
"RPSA2",-9.01050029751024
"LINC00857",-9.01226679647937
"ARR3",-9.01517592810544
"PLCE1-AS1",-9.01950586834659
"ZSWIM4",-9.02242990730711
"DHX32",-9.02371953968323
"NCOA7-AS1",-9.02757113217484
"GOLGA7B-DT",-9.02868022778655
"CHAD",-9.02921760027377
"KCTD9P4",-9.03231342684328
"RBM24",-9.03793433220183
"POLHP1",-9.0431788126202
"C1orf131",-9.04459456911426
"TIPARP-AS1",-9.04780919225952
"ZNF516-AS1",-9.04989002509269
"DGCR5",-9.05018440075551
"RPS3",-9.05232175901889
"HOMER2",-9.05345159623475
"LINC01054",-9.06028587117182
"MRPS35-DT",-9.0618313142517
"DDX51",-9.06320393280129
"ATAD2",-9.06372330278457
"FAM111B",-9.06711940847282
"RNPC3",-9.07015241883619
"LAMC1",-9.07272810795416
"MYL9",-9.07272817588919
"RASIP1",-9.07482376935645
"ZNF160",-9.08123300611665
"DCXR-DT",-9.08322540387677
"CCZ1B",-9.08573345145193
"RN7SL263P",-9.0949409107495
"NAALAD2",-9.09581773466352
"RBM12B",-9.10843749847941
"BCAT1",-9.11031820643462
"SLC8A1-AS1",-9.11399733571053
"LRFN3",-9.1177482257921
"DDX60",-9.12019020675933
"ZNF84",-9.12814934717195
"RPL31P6",-9.13079327809427
"CCDC180",-9.13183154091623
"RCOR1",-9.14466590770385
"SYNM",-9.14640501127289
"GPR61",-9.14728400724901
"ZNF891",-9.15750139162615
"ATP6V0E1P2",-9.15930583130927
"PYROXD1",-9.16164870071167
"HEY1",-9.1654525655913
"SH3GL2",-9.17114081870018
"BACH1-AS1",-9.17208239954612
"DLGAP1",-9.18058607447096
"TSPEAR-AS1",-9.18853825574579
"PPP1R3A",-9.18962825883552
"MIR4733HG",-9.20568498751754
"GSTCD-AS1",-9.20729291881137
"FBF1",-9.2084501038569
"BZW2",-9.21649422762236
"KIF23-AS1",-9.2232930415394
"EMID1",-9.22519016341992
"PLA2G4C",-9.23104489107354
"CIMIP2B",-9.23449417230747
"LAPTM4BP1",-9.23614674947417
"FOXD4",-9.23919734370075
"SLC27A5",-9.2404859285777
"CCNL2P1",-9.24975668786583
"LINC02015",-9.25647759142482
"RPL7P9",-9.26523481316534
"C19orf33",-9.2652510117126
"ABHD2",-9.26531819119296
"CTDP1-DT",-9.2728287341436
"HSPD1P21",-9.27442662434007
"DSCAML1",-9.27844470732208
"OCA2",-9.28082017553345
"CCN2",-9.28119357275062
"DYNC1H1",-9.28311907039727
"DIS3L",-9.28367948410373
"RPL21P115",-9.28448799366618
"HCG14",-9.28522366242979
"PRKAR1A",-9.28780419945086
"SUNO1",-9.29027078987913
"DPP8",-9.29462818372721
"RFC3",-9.29691196528528
"ZKSCAN2",-9.29754879496184
"LRP3",-9.3059280710242
"RPL21P96",-9.31044937525112
"TSSK4",-9.31372573438177
"SNTB2",-9.31890250812114
"ACSL5",-9.32111211264453
"TMEM25",-9.32194955743553
"ZFP36L1",-9.3263320342518
"MFAP2",-9.33071494644517
"LAMA2",-9.33604867545229
"RPL9",-9.33622669519305
"RNU2-11P",-9.34140213120228
"RPL23AP50",-9.34333071700623
"PPM1B",-9.34384913335689
"RNF217-AS1",-9.34649490828583
"CD276",-9.34788361954235
"RN7SL144P",-9.34864921099281
"STK3",-9.3520179407855
"PHF2",-9.35255925411338
"LTA4H",-9.36985610089578
"LINC02898",-9.38550473212154
"FUT2",-9.38598241662909
"AGRN",-9.38681787292627
"NLGN1",-9.3868285199289
"SYCN",-9.38686656369933
"WNT5A",-9.39104363309012
"ATPSCKMT",-9.40340432783211
"SLC14A2",-9.40807751950757
"TRAV39",-9.40816094017098
"PLAC4",-9.41050792583651
"ANK2",-9.41542310433504
"ALDH1L1",-9.42503881166151
"MTRR",-9.43385098766219
"ARL4AP5",-9.44595833398678
"ULBP3",-9.45004332121047
"ALAS2",-9.4506804548619
"PHLDB1",-9.45382986448854
"EIF5-DT",-9.45638818146421
"RPL36AP33",-9.45682247415523
"CCN5",-9.45877902160013
"LINC02693",-9.47339564375445
"PPP1CB-DT",-9.47656721574456
"ANKRD35",-9.48239658843635
"UBL4B",-9.48510658015938
"RPL12P29",-9.49264457130008
"SPON1-AS1",-9.49543794972848
"MIOX",-9.49684441754156
"ZNF260",-9.50089125435284
"PPARG",-9.51591786553145
"SNHG25",-9.51976188117413
"FBXO21",-9.52045374813444
"ELFN2",-9.52573886441518
"KLHDC10",-9.52614056674244
"JMJD7-PLA2G4B",-9.54060839317251
"MEGF9",-9.54866811293385
"PSORS1C1",-9.5530290769138
"SPADH",-9.55608459803526
"RPGRIP1L",-9.55640718629537
"CCDC150",-9.55867081868655
"CDR2L",-9.56398198903358
"MED21",-9.57626648646536
"ADNP",-9.57917325753061
"RPS27P7",-9.58020883549572
"DAPK1",-9.58303661105566
"LINC00635",-9.58709178803261
"CBR3",-9.58740568657682
"ATG2B",-9.59119163896981
"MIR378H",-9.60644135362925
"NFKBIZ",-9.61686266297764
"TNFAIP1",-9.63409719659911
"RPS2P2",-9.63893682873395
"HLA-DQB1-AS1",-9.64136930574434
"FLT4",-9.64289165884907
"RN7SL296P",-9.65011202352698
"JCAD",-9.65042740019754
"PEX5L",-9.65461229421188
"AR",-9.65617986480536
"LINC01978",-9.65743338869766
"LRRC7",-9.6582855441961
"GINS1",-9.66157084345546
"SYDE2",-9.66162044407287
"LINC00437",-9.66666063612385
"ETV4",-9.68503626086972
"RPL21P57",-9.68593234958277
"LINC01132",-9.68659074029551
"PPIL6",-9.69496166387376
"FAM184B",-9.70614378685986
"GRAMD4",-9.7092667279838
"PPDPF",-9.71277646333291
"TFE3",-9.71796595688784
"ALCAM",-9.71834184265996
"AMER1",-9.72470514163627
"MTMR7",-9.72640520257918
"PROSER1",-9.72982481675161
"IQCA1-AS1",-9.73015885877171
"SPIDR",-9.73330601456124
"CDK20",-9.73664273979224
"RACK1P1",-9.74128659652898
"ITGB4",-9.74670132447937
"ACSS2",-9.74698466876862
"HRK",-9.7485987291607
"ZNF496",-9.75068764321395
"ZNF169",-9.75728857177804
"SEMA4G",-9.76547448392635
"HNRNPUL2",-9.76743415931479
"ACSL4",-9.76769474581569
"THBS1-AS1",-9.7689991052085
"HNRNPA3P6",-9.77129443401161
"PITX1-AS1",-9.77604372076379
"GRM5",-9.78164880980952
"HNRNPA1",-9.78350531380158
"TACC1",-9.78582662916139
"TTC28-AS1",-9.78626980086638
"PODN",-9.78754846627479
"PHEX",-9.79451206112812
"LINC02975",-9.79999725104575
"PANK2",-9.80344271830474
"SMIM5",-9.80345504536591
"C3orf80",-9.81928527880854
"SSH3",-9.83018102179281
"RNU6-272P",-9.83515863138137
"FAM241A",-9.83553919071452
"DGCR11",-9.83622867222277
"CCDC115",-9.83847158392729
"SRGAP2B",-9.84278336763242
"MIR548F2",-9.84707334377031
"SC5D",-9.85847872723064
"GALNT7-DT",-9.86710288468898
"VKORC1L1",-9.88532518752011
"HIKESHIP1",-9.88629591449025
"B3GALT2",-9.88684597711693
"MAPK8IP1P2",-9.89929909621476
"GPER1",-9.9013785502554
"EHHADH-AS1",-9.90521563145346
"CSF1R",-9.91321768964555
"C17orf100",-9.92472054659227
"HMGA1P3",-9.92881820726894
"RNU6-1196P",-9.92967918654534
"RPL5P33",-9.95117121578739
"ACTG1P20",-9.95140036839988
"RNASE4",-9.95186131870657
"LRP2BP-AS1",-9.95257793231588
"CAP2",-9.95279512823013
"LINC02934",-9.95319144596751
"GUCY2D",-9.95516962569824
"PNPLA1",-9.96293458265348
"KATNA1",-9.96777980934706
"OR5P2",-9.97143392800744
"RNU6-767P",-9.97737351316595
"SLC9A5",-9.97950704543891
"RERG",-9.98426381380158
"RNU6-915P",-9.98641069608574
"SIM2",-9.99836702122856
"IKBKB-DT",-10.0000856755838
"RN7SKP163",-10.0045203590895
"FOXP4-AS1",-10.013029338468
"NANOGP8",-10.0147475773493
"HAUS5-DT",-10.0188431429223
"HDHD5-AS1",-10.0323402382486
"MCTP1-AS1",-10.0358954054176
"CD200LP",-10.0365349406271
"PLPPR2",-10.0394370826423
"CST6",-10.0457965274634
"LRRN3",-10.0636840909355
"CHI3L2",-10.0638347328042
"MAP6D1",-10.0638449600894
"TOPBP1",-10.0655601552625
"CDH11",-10.0672489387148
"IL1RL2",-10.0673603516544
"SPTSSA",-10.0706289743124
"MIR6124",-10.0737091271397
"DCLK2",-10.0750704309151
"TSPAN13",-10.0795287068261
"MAP3K4",-10.0798203927816
"SPAG16-DT",-10.0803399107032
"PPP1R16A",-10.08210716154
"SLK",-10.0828026327299
"A2ML1-AS1",-10.0846590397808
"GOLGA8UP",-10.0849376541061
"LINC03008",-10.0863938467191
"MTHFD2L",-10.0873153724948
"RGS16",-10.0875972767869
"SHLD3",-10.0887173901685
"PRICKLE2-AS3",-10.090374602702
"C5orf34",-10.0983743742577
"GATD1",-10.098928210317
"RNF19A",-10.0992278160374
"SLC39A1P1",-10.0995653218686
"LINC01436",-10.1013163810416
"RPS4XP1",-10.1121016171248
"RPL19",-10.1170629706504
"PLEKHB2",-10.1183961107747
"RPL36AP30",-10.119234168172
"LRRC51",-10.1215715915141
"MMP14",-10.1245770141861
"LINC01139",-10.1292636840317
"CDC42BPG",-10.1303046795052
"SNX25",-10.1389355171846
"RN7SL221P",-10.1413888096499
"LINC01229",-10.1439430733095
"SOD3",-10.1494328417513
"RPL13P8",-10.1530758270307
"SGCB",-10.1535857397698
"PIBF1",-10.1571101560875
"PAM16",-10.1574749590045
"IPO8",-10.1582861904254
"CEP170B",-10.159463381498
"DLGAP1-AS5",-10.1690829514214
"LINC02933",-10.1713219798871
"ZDHHC23",-10.1768266772982
"TTC9B",-10.1790195282719
"MEP1A",-10.1823146389913
"PTPRN2",-10.1855145254855
"RANBP6",-10.1856093139121
"DNA2",-10.1865209371519
"ARMC12",-10.1875478624118
"ALDH1A2",-10.1895894105116
"RPS21P4",-10.1922486859114
"SLC2A3P4",-10.1924934338503
"RPS2P44",-10.2003350685908
"HNRNPA1P40",-10.2011581071849
"CUL9",-10.2015270516045
"MT1M",-10.2062298290536
"LINC02884",-10.2088626414851
"KCNIP4",-10.2103735828066
"CEP170",-10.2135786263362
"FST",-10.216633593218
"TRBV21-1",-10.2207348761543
"DLD",-10.2252945634372
"CFAP58",-10.2255203674478
"AURKA",-10.2258100043713
"STK39",-10.2323150857264
"THBS1",-10.2324813510152
"KLHL7-DT",-10.2533478652392
"YEATS2-AS1",-10.2537487306783
"ZNFX1",-10.2562699253786
"GEM",-10.2568617897556
"AKAP5",-10.261296563078
"LAMC1-AS1",-10.2804113809834
"COA3",-10.2836041968112
"NPEPPS",-10.2838940317332
"RMDN2-AS1",-10.2854373470114
"LINC02569",-10.2894043988563
"SCIRT",-10.289570777991
"MYO9A",-10.2918815267519
"ZNF205",-10.2981167691349
"PERPP3",-10.302611216976
"PLA2G2A",-10.3027721466429
"RNASEH2A",-10.3101082100963
"SCAMP1",-10.3161612547933
"CKMT1A",-10.3273728584685
"AAGAB",-10.3474873307846
"RDH13",-10.3612658509753
"RASSF8",-10.3617589878801
"MTSS2",-10.3633973998154
"KRT6A",-10.364283740395
"TEX41",-10.3686839422751
"GNA14",-10.3735916822009
"RLN2",-10.376138340535
"ECT2",-10.377280107267
"MYO7A",-10.3785166354082
"CTAGE4",-10.3894225544485
"EEF1A1",-10.3929204675998
"SLAIN1",-10.3987100592885
"IFT56",-10.4060439324549
"LINC00457",-10.4152623188426
"LINC02613",-10.4194716601139
"LINC01231",-10.4237238041271
"EDNRB-AS1",-10.4239265322195
"RIMKLA",-10.4261027983177
"OLR1",-10.4281159310851
"NHLRC1",-10.4308071475797
"HES1",-10.431133912061
"ACADS",-10.4408132815638
"SCNN1D",-10.459688381455
"UBXN8",-10.460673378952
"RPL34P24",-10.4728324054938
"SPR",-10.4765908123389
"RNU2-65P",-10.4770353833731
"POP1",-10.4841745702261
"ANKRD18A",-10.491291383725
"NUPR2",-10.4913532992364
"ROBO1",-10.4917043891167
"SLC52A1",-10.4947337082497
"ABI3BP",-10.4959179689403
"EDN2",-10.4969488092511
"GLUL",-10.5077751486467
"MBNL1-AS1",-10.5100141880984
"KCNG4",-10.5169923696619
"MARK2P16",-10.5275248748291
"TMEM47",-10.5367344593468
"LINC01806",-10.5522588619948
"MRPL46",-10.5623026981749
"FN1",-10.5721689632795
"RN7SL638P",-10.5803531633938
"RNU6-83P",-10.6000438051474
"MS4A1",-10.6069199722224
"ICAM4-AS1",-10.6204147053157
"SLC19A1",-10.6209759494221
"ENTPD3",-10.6249184677332
"AZU1",-10.625948922176
"PPIAP41",-10.6320300314858
"CACNG1",-10.6370362785127
"LUCAT1",-10.6380837701469
"MAOB",-10.6401411950851
"SLC19A4P",-10.6422924160571
"RBM43",-10.6435106249352
"LINC01002",-10.646042177224
"APOA1",-10.647865416191
"RPS2P29",-10.6594151402103
"CAMSAP3",-10.6618864526467
"EPB41L2",-10.6702121920821
"PGLS-DT",-10.6736875412454
"CAMSAP1-DT",-10.6751603297998
"ECEL1P2",-10.6777755037984
"RBP5",-10.6792136260443
"RN7SL606P",-10.6795063923436
"RPS12P27",-10.6839087307029
"EIF3EP4",-10.6848593145918
"HIPK1",-10.6876330839502
"REL",-10.6902683985804
"TUBA1A",-10.6908542408992
"RPL34P21",-10.6914144587212
"CCDC92",-10.6917336413685
"ZBTB3",-10.6950194221743
"RNA5SP352",-10.7024479893749
"ZNF577",-10.7031536991341
"KCTD5P1",-10.7044540924495
"TLCD1",-10.712034244146
"DST",-10.7162725629663
"KLF4P1",-10.7169744600951
"LINC02818",-10.7198851159622
"LINC00663",-10.7224635464184
"SMARCA4",-10.7226412597599
"KYAT1",-10.7259034474684
"CDC25A",-10.7324181370356
"TUB",-10.7346588927361
"PAWRP1",-10.7351637652844
"PRKCZ",-10.7387322158692
"SGSM2-AS1",-10.7461487409389
"ATP5MC2P2",-10.7570505549366
"SPTBN1-AS2",-10.7570715443734
"AKAP8",-10.7600384401632
"PRDM11",-10.767916392761
"HNRNPA3",-10.7822682832776
"PLAAT4",-10.784549685569
"TAS2R19",-10.7861059696612
"FREM3",-10.7953876362645
"CAMK2D",-10.7995473470362
"DGCR8",-10.8003087749968
"ZNF519",-10.8048255195576
"TTN-AS1",-10.8150299406435
"MTMR10",-10.8194228486689
"AP3S2",-10.8202845568329
"CACNA1S",-10.8214951437516
"UBP1",-10.82865775359
"TSTD1",-10.830561392943
"MPP7-DT",-10.8376024259136
"CDK2AP1",-10.8455911776957
"CYCSP24",-10.8498700342908
"VMP1",-10.8542399032706
"KATNIP",-10.8581933559214
"TXNRD1",-10.8681898298611
"EPB41L1-AS1",-10.8726873569373
"BFSP1",-10.876425901171
"RPL14P6",-10.8845100886696
"FARP1",-10.8871220052104
"MYL1",-10.8883331129703
"COQ3",-10.8954848895729
"HCG22",-10.8966323499841
"RNU7-133P",-10.9056545223164
"IRS3P",-10.9057472330671
"MEIS1-AS2",-10.9124905807646
"RPSAP51",-10.9142129827525
"CACFD1",-10.9166661193838
"CADM4",-10.925468231059
"RPS24",-10.9281898765993
"KANK3",-10.9424835285889
"CYP7A1",-10.9524410052229
"PDZD7",-10.9592073420415
"ZCCHC9",-10.9638143717135
"ARHGAP31",-10.9716200078274
"CRB3",-10.9787581993231
"C19orf44",-10.9835692152279
"LINC01123",-10.984538291712
"LINC02766",-10.9860227957138
"KIAA1549",-10.9936990525761
"RNU6-128P",-10.9995823301097
"SH3YL1",-11.0020700590184
"PPARD",-11.01976432368
"RPS27",-11.0345566844442
"NEURL1B",-11.0364517324154
"PRKCZ-AS1",-11.0427779502389
"ENEMAL",-11.0467388449235
"C12orf54",-11.0518568591069
"DUBR",-11.0538790450571
"ACSM3",-11.0611688611356
"TUBA1C",-11.0621820695946
"SLC25A29",-11.0645464436397
"HMGN2P17",-11.0692000780403
"ARF5",-11.0723669653124
"CARD10",-11.0766693882945
"MIR938",-11.0811478551705
"PRRT3-AS1",-11.0980831316792
"NAPB",-11.1007571657782
"TEKT4P2",-11.1020732796108
"ZHX3",-11.1103233877594
"OXLD1",-11.1156959723275
"CHST14",-11.1197352530036
"SLC15A2",-11.1220580609116
"RPL36P18",-11.1235853843171
"DDX10P1",-11.1280531892296
"KRT86",-11.1281824335906
"SPINDOC",-11.1410515650607
"SNHG29",-11.1563323615447
"CLCN6",-11.1596119415692
"IFT172",-11.1605223531466
"IDO2",-11.1693114714761
"CCDC54-AS1",-11.1702432702867
"MTNR1A",-11.1857085918934
"ZNF674",-11.2005429641184
"SIAH1",-11.2011768617376
"CDK1",-11.2070301780111
"PCDHGB5",-11.2078345535827
"MIR378D2HG",-11.2138077077787
"SYP",-11.2142029080429
"MAP3K20",-11.2161820725584
"MFAP1P1",-11.2224934420102
"MMP2",-11.2231881153409
"WDR86",-11.2245011205768
"CPNE8",-11.2490916015531
"CRYBB3",-11.2570518163006
"DYRK3",-11.2571698460394
"LURAP1",-11.2631671786574
"CCT5P1",-11.2632482101944
"TIMM23B-AGAP6",-11.2661058866732
"LINC02231",-11.2760487949409
"TMOD2",-11.2804509583419
"LINC02474",-11.2829471007473
"PRSS36",-11.2830647810452
"AGFG1",-11.2855023581514
"XK",-11.2875213772378
"SPINT2",-11.2949873614237
"SNORA66",-11.29872179735
"SLC22A4",-11.3012888571832
"FAM171B",-11.3241201015644
"SYT7",-11.3246109921856
"STX2",-11.3264161020518
"RDUR",-11.3355680114744
"DCUN1D4",-11.3526014992646
"PPIAP70",-11.3540427027313
"RPL17P48",-11.3550650358332
"ZCCHC14-DT",-11.3566956353325
"HSPB7",-11.359867880029
"ABLIM2",-11.3600265841761
"THAP9",-11.3673839004534
"CLIC5",-11.3801707224283
"ERVMER34-1",-11.3815523240504
"RNA5SP256",-11.387345872574
"RAB3IP",-11.3892600631817
"RNU6-90P",-11.3902664141056
"SPECC1",-11.3993971404597
"HCN3",-11.4002262186146
"NAV2-AS3",-11.4015431772354
"HIKESHIP3",-11.4093041210716
"GPR82",-11.4131156984939
"TUBAP9",-11.4137145206739
"LINC01186",-11.4213677154225
"USP27X",-11.4220242954535
"S100A1",-11.4372648528543
"DYNLT1",-11.4388754313848
"ARHGAP12",-11.4403163989385
"FIBIN",-11.4432535237752
"TRAV41",-11.471738764651
"MCCC1",-11.4732580909447
"FAM41C",-11.479735360073
"ATP8B1",-11.4805010795271
"ZNF615",-11.4805789644344
"JAG2",-11.4839259480101
"IHO1",-11.4921834807663
"TRAM1L1",-11.494728366027
"FCGR2A",-11.4987689772106
"SPINT1-AS1",-11.5053816523193
"SLC12A5",-11.5184314716124
"ITGAD",-11.5196169777159
"R3HDM2",-11.5205765240298
"BNIP3P11",-11.5220602192171
"MBD3",-11.5227047755842
"RN7SL393P",-11.5284308501375
"RIN3",-11.5290978030794
"ACADSB",-11.5292467914497
"SYCP3",-11.5366770961216
"ANKK1",-11.5397824596573
"PLEKHA7",-11.54133456178
"ABRA",-11.5497166974723
"RAB11A",-11.5512143240502
"TMPRSS6",-11.5518821768272
"FYCO1",-11.5580075861972
"RIMKLB",-11.5599802151043
"RAB31",-11.5613386842802
"ARHGAP11A-SCG5",-11.5640109156013
"CCSER2",-11.5693640720873
"DYNLT2B",-11.5708608766216
"MYHAS",-11.5722172825274
"ALG10",-11.5872086917307
"POU2F1-DT",-11.5883881073137
"CKS1BP1",-11.6043601815173
"LINC02542",-11.6058474569966
"EIF5AP2",-11.6062457291684
"KRTAP5-AS1",-11.6082833711274
"PCAT7",-11.6087380518789
"ARL4A",-11.6110396700738
"NEK4",-11.6115772414414
"KRT15",-11.6123139576276
"ERBIN-DT",-11.6246788640625
"RANBP10",-11.626474365372
"SRI",-11.6378196397294
"ZDHHC9",-11.6382379774392
"PRKCQ-AS1",-11.6382920532707
"CRNDE",-11.6395075425159
"DESI2",-11.6406555776549
"ANKRD40CL",-11.6414245245217
"FAM187B",-11.6414245245217
"CELSR1",-11.6422439655708
"WSB2",-11.6476873706783
"ASS1P5",-11.6482446155125
"SNRPCP4",-11.6505199608834
"NAXD-AS1",-11.6609171499905
"TMEM41B",-11.6643324342583
"GPHN",-11.6657984685843
"LSM6P2",-11.6694230921901
"SDK1",-11.6772025868924
"SBSN",-11.6985788942793
"SCCPDH",-11.7009111029629
"PROX1-AS1",-11.7055411386807
"KIAA2012-AS1",-11.7103543704503
"TMEM87A",-11.721478665074
"CPVL-AS2",-11.7291945310417
"STX3",-11.7295064882855
"PNMA8C",-11.7409693373775
"SLC35A1",-11.7419769853296
"FLCN",-11.7420983847286
"CLIP1-AS1",-11.7434713972858
"CCNP",-11.7523038317229
"TMEM61",-11.7550972222069
"IFT80",-11.7562390301536
"KCNRG",-11.7607241772688
"TBC1D24",-11.7627531283572
"TNFAIP8L2",-11.7641254036159
"BAIAP2L2",-11.7705201123806
"CBX3P1",-11.7769263191747
"BCAT2",-11.7794982474537
"FEM1C",-11.7829824231675
"HIRA",-11.7837723999975
"LHFPL5",-11.7907116858231
"DNAH17",-11.7940414954514
"RHPN2",-11.7955395521234
"FAM86B1",-11.7974689303564
"POLE",-11.7994121700407
"RAPGEFL1",-11.8015441877587
"NEURL2",-11.8030347793757
"RN7SL507P",-11.8046752727832
"FXYD3",-11.8108275814945
"TTLL4",-11.8123022052917
"SLC25A18",-11.8125107260009
"VIPAS39",-11.8373139667724
"HNRNPA1P16",-11.8442140340546
"VAMP8",-11.8576279581422
"INMT",-11.8586571300334
"LYSMD1",-11.8608775229248
"FZD7",-11.8659452246795
"CATIP-AS2",-11.8738924225473
"MMRN2",-11.87440537527
"CD248",-11.8987121917437
"TMEM201",-11.9011246962326
"SLC1A2-AS1",-11.9143806238301
"STK31",-11.915633905824
"STK32C",-11.9219073377939
"PBX1-AS1",-11.9231708121716
"PICART1",-11.9385872685862
"LRRC37B",-11.9515616389696
"ICA1-AS1",-11.9525843809602
"PLEKHB1",-11.9537374035613
"LZIC",-11.9608556853816
"NBEA",-11.9637499499426
"PTGER1",-11.9768712699875
"NGF",-11.9797933154672
"HVCN1",-11.982843008903
"DUSP14",-11.985245775661
"SLIT1",-11.9904701797435
"RNA5SP364",-11.9932573763502
"REV3L-IT1",-11.9967104401747
"LINC02615",-12.0006251383642
"ADAMTS9-AS2",-12.0024554711281
"MTHFR",-12.0043316759487
"BNC2",-12.0151984647075
"ZNF697",-12.0153227453854
"LY6G6C",-12.0184797230946
"ZMAT1",-12.0288348204265
"DNMT1",-12.0363012331012
"NCEH1",-12.0364961795964
"EFCAB6",-12.0435985132418
"BAP1",-12.0460328113928
"PROX1",-12.0640810471476
"LINC03052",-12.0646115252526
"SOCS6",-12.0733885779245
"INSL6",-12.0803652101825
"ME3",-12.0829129974363
"SCPPPQ1",-12.0839402217955
"SYT3",-12.08414626039
"ELN",-12.0846788524543
"PBK",-12.0862427894247
"MIR548C",-12.0867803093325
"CACHD1",-12.0900741262102
"FTLP20",-12.0901180936477
"ZNF277-AS1",-12.0937716001732
"TCTN2",-12.0955667125574
"NNAT",-12.0985796401028
"BMPR1B",-12.0991196233981
"FANK1",-12.1078100858184
"KIF27",-12.1078599307731
"TMEM164",-12.113046676505
"HSD11B2",-12.114881034831
"RPL36AP13",-12.121781311388
"CHKA",-12.1285532379918
"TMTC2",-12.1386532385301
"F2RL3",-12.1426883913767
"LOXL1-AS1",-12.1459788232679
"LINC03042",-12.1526674126423
"ZDHHC21",-12.1767954221489
"NDUFAB1P1",-12.1778448611491
"PHYHD1",-12.1798902131054
"MT1HL1",-12.1883506021475
"SLC26A4-AS1",-12.1891392044983
"RNU6-157P",-12.2192853437837
"ZNF343",-12.2202292254291
"UBXN6",-12.2215225634535
"ACTG1P9",-12.2371236352651
"FAM110A",-12.240096461219
"PEX11A",-12.2423266026401
"ZNF454-DT",-12.2519509521846
"FAXC",-12.252385562922
"CYLD-AS2",-12.2792576030531
"BCL2L13",-12.2814707770511
"GLYR1P1",-12.2864661282287
"LINC00205",-12.2897762771166
"USP35",-12.3052991900133
"ZDHHC11B",-12.3069890480008
"HSPG2",-12.313337356614
"GUCA1B",-12.3193564970314
"RNA5SP493",-12.3303641190932
"RN7SL47P",-12.3385720631836
"FRMD3",-12.3399041628162
"MIR600HG",-12.3444760688325
"EXO5-DT",-12.3487283480917
"MARCHF9",-12.3497959281555
"RALGPS1",-12.3541591608823
"STX1A",-12.3662677001588
"BCL2L2",-12.3855025319553
"RBFOX3",-12.3882063152958
"ZNF45",-12.3941953594974
"ARHGEF35",-12.3950456127008
"VPS13D",-12.4214449859398
"CBX3P3",-12.4260059077455
"ZNF514",-12.4301420134576
"TMEM130",-12.4305029046034
"RIMKLBP1",-12.4388525419564
"GLIPR1L1",-12.4402679199002
"FGGY",-12.4408335142156
"PRKG1",-12.4419689549216
"KAZALD1",-12.4468246170136
"ADH4",-12.4480149331084
"SCUBE3",-12.4490564627863
"TNFRSF11A",-12.4611864639384
"MMP13",-12.463314866017
"METRNL",-12.4711840230616
"RPL22P18",-12.471791162164
"HYAL2",-12.47939232639
"GUCY2C",-12.4889610914559
"MBP",-12.4892116926103
"C17orf99",-12.4954597942223
"PFDN5",-12.4962102532579
"MYOCOS",-12.4964139923835
"KBTBD11",-12.4971378758954
"ANKHD1-EIF4EBP3",-12.5025012890638
"FBXW8",-12.5144809507542
"SPNS2",-12.5256479457911
"RMND1",-12.5268331171153
"STAG3",-12.5274694152968
"PLAC8",-12.5278443403665
"SLC40A1",-12.5502604508527
"CCR9",-12.5520778278722
"LMO7DN",-12.5600523100191
"LINC02562",-12.5610589037491
"NYNRIN",-12.5617171114748
"RASD2",-12.5706054842213
"RNF41",-12.5749172749032
"TOLLIP-DT",-12.5784525712703
"SLC29A2",-12.5787699301839
"ZNF784",-12.5809643688581
"ENPP7P12",-12.5843406279311
"SLC46A2-AS1",-12.5851713490154
"ZNF564",-12.589243778227
"ZNF277",-12.5899428017135
"ARMCX4",-12.5982579487769
"G2E3",-12.607424347002
"RPL17P17",-12.6204400032465
"SPNS1",-12.6216545629923
"RNU6-638P",-12.6371720130441
"ENO1",-12.6378187150679
"PROB1",-12.6435000611747
"NOVA2",-12.6474761059559
"HNRNPU",-12.6548932373683
"ZNF860",-12.6550960636406
"LINC00865",-12.6585290927402
"TMEM231",-12.659244500888
"KCNMB1",-12.6613405584199
"TACR1",-12.6647516323951
"CACNA2D4",-12.6687246464613
"CSTPP1",-12.6709587186161
"NOTUM",-12.6763443225414
"SH3BGRL2",-12.6874731635765
"LINC01927",-12.6932601760441
"USP25",-12.7047125821517
"MAGI1-IT1",-12.7049521748336
"ZSWIM9",-12.7191526602723
"RPL29P4",-12.7227232158816
"DHCR7",-12.723414512959
"RPS3AP14",-12.7298267484445
"HSDL2-AS1",-12.730612463227
"UGCG",-12.7308199428346
"CRY1",-12.7337699034622
"LINC01748",-12.7349853185324
"CNOT6",-12.7355691278498
"SSH1",-12.7425836436693
"LINC02988",-12.7463953000079
"ERBB2",-12.7495216093309
"CDKN1C",-12.7495277449553
"ZRANB2-DT",-12.7505397615888
"PLEKHA4",-12.7525271778787
"THNSL1",-12.7645784127554
"TFAP2C",-12.7671327490369
"GASK1B",-12.7698527520639
"KAT2A",-12.7745095669237
"TRIQK",-12.7781122373498
"PCGF1",-12.7923493052823
"ADAP1",-12.7976938057281
"DNM1P35",-12.7989315785755
"MATN4",-12.8085342092206
"DIP2C-AS1",-12.8108558029893
"SYPL2",-12.8127444408396
"AK3P5",-12.8155272129486
"LINC02289",-12.8169794895026
"H2AZ2-DT",-12.8194066055322
"MATN1-AS1",-12.8229699846501
"CD302",-12.8267640823613
"CDH3-AS1",-12.8309924167283
"FIGN",-12.8334152495109
"ZNF530",-12.8430940521913
"AKR1C2",-12.8471155997078
"SLC25A36",-12.8485078054861
"TMEM53",-12.8594819024972
"MYO1F",-12.8649515175408
"RPL23P6",-12.8651853500653
"USP12P1",-12.8676947991855
"BAHCC1",-12.8729527122995
"NPR2",-12.8815591857357
"SYNJ2BP",-12.8857812846628
"ATXN7L3-AS1",-12.8858695294744
"RS1",-12.8860571430694
"SLC26A3",-12.8864765767645
"HTR2A",-12.8925698824886
"MTFR2",-12.9047050652077
"RRM2B",-12.9137079683122
"RAB40C",-12.9222562731971
"RNA5SP319",-12.9316048159253
"OR8T1P",-12.9326529842743
"LINC01876",-12.9362166548218
"SHC2",-12.9377471185992
"PITPNM2",-12.9435107777879
"RGS7BP",-12.9468397712665
"IGF2BP3",-12.9475351844281
"MAP3K20-AS1",-12.9494163004489
"PPFIA3",-12.9527202418956
"LINC02997",-12.9550093604772
"LINC01589",-12.9636184537412
"LRRC20",-12.9665354611592
"HSPA2",-12.9754337512152
"KIF24",-12.9845752003584
"ZNF599",-12.9859461111243
"IDI2",-12.9885024925333
"FCHO2-DT",-12.9970368514842
"CNFN",-13.0333148089837
"RRAD",-13.0420419798078
"MACF1",-13.0473770582736
"FAM72B",-13.0603176274013
"FAM221A",-13.0776851001313
"PAX9",-13.0830950359084
"UPF3AP3",-13.0938609105745
"HS6ST2",-13.0968484581266
"NOP56P3",-13.1003834653679
"PTPRJ-AS1",-13.1027691546307
"LRRC75A",-13.1173370458128
"HIPK1-AS1",-13.1195054269584
"NINJ2",-13.1392535610977
"FBLN1",-13.1426487326643
"MT1A",-13.1620920117297
"VPS26BP1",-13.1671586303881
"MIR5585",-13.1756130131998
"RNU6-853P",-13.1978392410192
"CLCNKB",-13.2009136477113
"PANK3",-13.2120950724817
"GPR18",-13.2352246629697
"SNORD3J",-13.235805859999
"STN1",-13.2400802506966
"RNU6-960P",-13.2428144292437
"HLA-DQA1",-13.2500571923131
"CLEC11A",-13.2542139845843
"RPL35P2",-13.2633540604319
"PGBD4P3",-13.2708220613889
"SPNS3",-13.2759941819699
"ATP6AP1-DT",-13.2775262044159
"TFCP2",-13.2799873585981
"PAPPA2",-13.285286226556
"DEGS2",-13.2856761126415
"GALE",-13.2888256582974
"LINC00511",-13.2904236060311
"WWTR1-IT1",-13.2989771358003
"TRAFD1",-13.2994014201612
"FAM91A1",-13.3034871828937
"HYI-AS1",-13.3051157290351
"PEX19",-13.3126905828744
"AKAP17BP",-13.3148432822002
"PDLIM1",-13.3197509665222
"KRT18P11",-13.3262715091972
"RNU6-56P",-13.3567355277668
"IQANK1",-13.3732361106868
"SLC25A13",-13.3739378015904
"ALDH3B2",-13.3759254012831
"DNAJC5",-13.3776845532239
"RNU6-130P",-13.3886550900741
"SYN3",-13.3896518493116
"UBFD1",-13.3931061002218
"ARL13B",-13.4004754865574
"PATJ",-13.4087062459961
"SCEL-AS1",-13.4132923529368
"ANLN",-13.4139350014429
"MICALL2",-13.4197603504599
"RPL11",-13.4243093547322
"CYP2F1",-13.4288643469839
"IL13RA1",-13.4420866144563
"MIR1279",-13.4462893873285
"CLDN16",-13.4509803629798
"LINC02881",-13.482063690902
"RPL7L1P3",-13.4876017301202
"HSBP1L1",-13.5176049905988
"PTBP3",-13.5222602952736
"TNFRSF10C",-13.5306359084262
"NDUFAF2",-13.5356893399184
"PRRG4",-13.5375731946359
"KANSL3",-13.5414309048723
"SLC25A53",-13.5420245494185
"SLC25A5-AS1",-13.5491887380491
"PLAG1",-13.5540696985956
"C11orf52",-13.5558656357795
"FADS2",-13.570863102764
"HLA-G",-13.5734653408814
"UTP4",-13.5823981842034
"RTN4RL1",-13.6021058012746
"RPL37P18",-13.6190205673745
"RND3",-13.619568816538
"THUMPD2",-13.6259374446862
"MICA",-13.627193730626
"GPALPP1",-13.6319723169421
"FBXW2",-13.6342571345025
"SPATA20P1",-13.6391225724512
"ZNF333",-13.6415164855385
"CAMK2G",-13.6508774079722
"ZNF818P",-13.6511957454488
"UBOX5-AS1",-13.6596181563229
"EPB41L1",-13.6601182400427
"LINC01504",-13.6648904659122
"CYSTM1",-13.6744922906216
"MAFK",-13.6795249846214
"AURKC",-13.6829956661426
"PFN2",-13.6950616812718
"AHCYL1",-13.712177903274
"CCDC71L",-13.7409541647658
"SLCO3A1",-13.741139933281
"URB1",-13.7452296047535
"TLE2",-13.745527596661
"LSMEM1",-13.7458691428333
"TEX52",-13.7459101598749
"ESPL1",-13.746804236015
"DNM3OS",-13.7530366977255
"LINC02984",-13.7615260945408
"RPL32P32",-13.769421593914
"NUDT19-DT",-13.7701246841129
"TKTL1",-13.7763134493805
"PRRG2",-13.7913472013385
"STRADA",-13.8026641933957
"SERTAD1",-13.8068202347694
"SRFBP1",-13.8111612615575
"DYSF",-13.8192253641515
"KIF23",-13.8248843556538
"BCL2L1-AS1",-13.8283003856433
"SPA17P1",-13.8285719875353
"RPS26P59",-13.8293132114564
"QDPR",-13.8482906805102
"LRP2BP",-13.8530577710371
"KDF1",-13.8571376619258
"RPL21P74",-13.864640695736
"NYAP1",-13.8667512171281
"CNN3-DT",-13.8709298931978
"MAGIX",-13.8766166419779
"SPOCK2",-13.8830472477056
"IQCJ-SCHIP1-AS1",-13.8861052219052
"ALX3",-13.9013869837467
"JAG1",-13.9128235538969
"FAF1-AS1",-13.9152012297376
"C2",-13.9160567900009
"RBMS3-AS1",-13.9276244409195
"RNU6-1292P",-13.9309851547476
"EIF4G2",-13.9341455930799
"FGFR4",-13.9371345700626
"ZBTB45",-13.9489924844513
"MID1IP1-AS1",-13.9491498511339
"SELENOH",-13.9516547102104
"PHLPP1",-13.9521288371642
"SLC25A44",-13.9550531757145
"SLC22A13",-13.9555148324973
"ZNF571",-13.9599530376524
"LINC01344",-13.9825873628349
"LASP1NB",-13.9912195573663
"NBPF3",-13.9928573123822
"BANCR",-13.9935318171657
"CCN4",-13.9989730283781
"LINC01705",-14.0276035814807
"KCNN2",-14.0277667249246
"LYPD3",-14.0375123319288
"HSPA12A",-14.0384180660564
"MAP2K4",-14.0459076572414
"SNAPC1",-14.0473391757934
"PEF1-AS1",-14.0609592889968
"GLIS3-AS2",-14.0621642835947
"LGALS2",-14.0641149585584
"TOP2A",-14.0678710588821
"MAP7",-14.0716649129551
"RPL37",-14.0795669236585
"LAGE3P1",-14.0803336860354
"ESD",-14.0904345167553
"SERPINB1",-14.0918039671458
"HLA-DQB1",-14.098365165692
"ARL5C",-14.1011387042677
"GRK5-IT1",-14.1022881063905
"CD244",-14.1196003308212
"SPOCD1",-14.1261882015589
"ARFIP1",-14.1368060225567
"PRDM10",-14.1376948588179
"CNIH4",-14.1500954868979
"C5orf34-AS1",-14.1592666059383
"ID2",-14.1707006021496
"POLD1",-14.1731924406545
"LIFR",-14.1831520145301
"PXMP2",-14.1989910162292
"NDUFAF2P2",-14.2105382271298
"RPS6KA3",-14.2129722988966
"TRPV1",-14.2179624373988
"ZNF605",-14.2330291996544
"EEF1DP1",-14.2449776351967
"CLDN2",-14.2459618816737
"CCDC85C",-14.2502426406268
"SVBP",-14.2541011313717
"EDDM13",-14.2606983429296
"RRAGD",-14.2617466707102
"HES5",-14.2771202219246
"RNY4P7",-14.2801701215444
"RCCD1",-14.2821105251237
"GPR4",-14.2838806180794
"L3MBTL3",-14.2862266477196
"NUDCP1",-14.2875169110456
"HSPA8P3",-14.2982991376771
"ITGA3",-14.3029129486531
"TAS1R2",-14.3083761300309
"TASOR",-14.3245381715211
"ZNF845",-14.3255311434463
"PRXL2A",-14.3318520642577
"LINC03015",-14.3569700960442
"NBPF19",-14.3594118556003
"GADL1",-14.3613211724095
"ALOX12",-14.3655608394098
"CTRB2",-14.3665719637635
"MBNL1",-14.3777743892538
"RPL37P12",-14.3805410481089
"FASTKD5",-14.3900668659206
"ARMC9",-14.3968498424208
"HCN4",-14.4073809816347
"BEX2",-14.4078640180872
"ATP6V0E2",-14.4139870846343
"NDUFB4P8",-14.4217941386992
"XKR9",-14.4272595659944
"FAM174B",-14.4307022432367
"ATG14",-14.4379493546913
"SLC6A18",-14.4613375101123
"IQSEC2",-14.465216971653
"GJD3",-14.4699921414278
"JMJD7",-14.4734509638348
"QSOX1",-14.4934639997858
"APOA5",-14.4952662760149
"HNF1A",-14.5261158661986
"CES3",-14.5281755877214
"PLEKHG6",-14.5310202813251
"FNDC7",-14.5482278808156
"TRPV4",-14.5543716683564
"SNX27",-14.5823487020909
"EYS",-14.6084793254543
"PLXDC2",-14.6191878208413
"UBXN10",-14.6226459856907
"PUS1-AS1",-14.624086632443
"ZNF234",-14.6263296566235
"PCOTH",-14.6406893419074
"NAALADL1",-14.6491448163998
"RNU1-136P",-14.6654739906016
"CD274",-14.6694601656381
"SAMD12-AS1",-14.6720163207657
"PPIC-AS1",-14.6753436369593
"NKX6-2",-14.6758362139529
"FAM98B",-14.6762999203966
"NDUFV2",-14.6778996960745
"TNPO2",-14.6829280284688
"AMBP",-14.6854463487516
"DNAH2",-14.6924011803629
"EGFL7",-14.7034345643668
"FYB2",-14.7057375860214
"TNS1-AS1",-14.7128047676326
"MILR1",-14.7143074085921
"MAP3K10",-14.724092080337
"HSD17B4",-14.7332558939716
"CEP72",-14.7404142444147
"KIF13A",-14.7460332237612
"CACNA1C",-14.7715511990866
"RPS15A",-14.7807207199139
"ZNF841",-14.7810098187851
"LGMN",-14.7844664800114
"LINC02574",-14.7850326470738
"ZNF594-DT",-14.7895959510288
"H2AZP4",-14.7931457899816
"RBMS2P1",-14.7938743498853
"DEPDC1P1",-14.7976559278131
"NCMAP",-14.8119401010992
"ADRB2",-14.8207017928971
"GP6-AS1",-14.8217163311906
"BEX4",-14.8225266726885
"MCUR1P1",-14.8235132144386
"ITGBL1",-14.8240495079679
"DIRAS3",-14.8344372489708
"CXCR5",-14.8350571501465
"KDM7A-DT",-14.8442690833899
"RNU4-42P",-14.8493334657699
"SLC7A10",-14.8604215476477
"LYPD1",-14.8604999262727
"TMEM41A",-14.8619217886046
"HK2",-14.879141655394
"KDM1B",-14.8909642830364
"SLC28A2-AS1",-14.8996854436513
"HNRNPA3P11",-14.9086929480993
"TGIF1",-14.9108873780047
"EXOC8",-14.9152479767411
"PEX7",-14.9168189196939
"MIR374C",-14.9208019662322
"LINC01863",-14.9240076801203
"ZFAND3-DT",-14.9255430424956
"PCDHAC1",-14.9315257236571
"CCDST",-14.9329787259292
"HAS3",-14.942753717485
"ISM1",-14.961069495324
"CHRM5",-14.9631552265254
"OTUD6B",-14.9661080627468
"SMURF1",-14.9662289356881
"ASB9",-14.9682045033965
"RGS12",-14.9787226785309
"RAB37",-14.984443741163
"DENND6A-DT",-14.9919119634506
"KRBA2",-15.0023472037063
"CDC42EP4",-15.0062761078917
"TMPRSS7",-15.0100844659882
"SAPCD1-AS1",-15.0250615469647
"SYNPO",-15.0292196867159
"SGCE",-15.0379861525258
"SNAPC4",-15.038992020796
"PAQR7",-15.0454095272509
"RANBP3L",-15.046642939461
"ZNF582-DT",-15.0487139515955
"UCP1",-15.0494484064492
"TRIM24",-15.0530784880747
"AQP4-AS1",-15.0551731472069
"POPDC2",-15.0586703569806
"RPL21P63",-15.0615353297211
"TEDC1",-15.0616571963142
"IGSF22",-15.0710328713931
"FSTL3",-15.0867857051179
"MAGI1-AS1",-15.0887563617198
"HSPE1P27",-15.089937668155
"EEF1DP2",-15.0900052129808
"GCNT1",-15.0943033031734
"C1GALT1C1L",-15.0997802006959
"FAM66A",-15.106919662093
"MAP3K5",-15.1103574074847
"LINC02482",-15.1135315179267
"MAML1",-15.1141493381578
"SLC44A5",-15.1245611623438
"PEX12",-15.1360199072841
"TMPPE",-15.1639665133424
"EDAR",-15.166821091758
"MRAP2",-15.1700672619578
"C1R",-15.1704630159511
"UBL3",-15.1791329328421
"TMEM270",-15.2161101871779
"PDGFA",-15.2335896153519
"ZNF20",-15.2352032232809
"CCNK",-15.2525583073914
"APOC1",-15.2555040831887
"RNU6-136P",-15.2667347918695
"CCL2",-15.2735208534824
"CHST4",-15.2924897026518
"SLC4A10",-15.302650269745
"SLC5A5",-15.3048976795847
"CHMP3",-15.308825907936
"SPINK1",-15.3163740200095
"RPS15AP19",-15.3221063100121
"CDCA4P4",-15.3440963885983
"CALML4",-15.3472139780792
"DLAT",-15.3531291272515
"TIGD2",-15.360542817916
"TUBAP8",-15.361978447848
"ZNF347",-15.3656662564928
"E2F2",-15.3660815448583
"WDR49",-15.3685455563378
"BICDL1",-15.3770472148076
"ACAN",-15.3866353635069
"HSF5",-15.3903326156618
"NAP1L5P1",-15.3912361037427
"CAV1",-15.3912990867028
"RNU6-1170P",-15.3993276197935
"SCAI",-15.4077168786289
"KIAA0319",-15.411637531608
"AFAP1-AS1",-15.4190368041576
"AREG",-15.4216053093266
"ZNF713",-15.4250998648269
"KIF3A",-15.4340760835979
"CCK",-15.4598220735422
"TDRD10",-15.4608959021155
"COL1A1",-15.4800501902402
"FAP",-15.4988130384596
"TMEM121B",-15.5025246031536
"CA3",-15.5069427813596
"CYP2B6",-15.5104755445173
"DLGAP1-AS4",-15.518528840269
"EFNB2",-15.524069609229
"TTLL10",-15.5259647486057
"ALPK3",-15.5593613531145
"KRTCAP3",-15.5727013940197
"KRT8P11",-15.5780728074429
"LGALS3BP",-15.5804979924171
"IL17C",-15.5871277315559
"EIF4EBP2",-15.5892427037058
"KIAA1958",-15.5913456784795
"DCK",-15.6124103691167
"RNU6-1157P",-15.6155253881951
"RNU6ATAC38P",-15.622186221159
"ARL14",-15.6339348498763
"CAND2",-15.6367891098551
"ZFP90",-15.6381009788993
"ZNF337",-15.6381492966765
"C2-AS1",-15.6411822644138
"HIP1",-15.644162431675
"KIF25-AS1",-15.6446225215069
"RN7SKP150",-15.6520513401679
"RNU6-446P",-15.6543580799938
"TTC24",-15.6559461585447
"FABP5P9",-15.675914802546
"RTN4",-15.6787056628055
"SECISBP2L",-15.6849680423229
"ELAPOR2",-15.6894237428227
"MDN1-AS1",-15.6912181696097
"RSPH10B2",-15.6986488799853
"AQP7",-15.7008176622846
"RPSAP16",-15.7049991162538
"CHMP2B",-15.7059252489385
"SPAG5",-15.71305967766
"MIR222HG",-15.7181137047576
"KCTD19",-15.7237364740904
"TMEM95",-15.7257800822355
"ZNF737",-15.7310570268621
"UBOX5",-15.7381409108752
"NCR3",-15.7405911388526
"RAG2",-15.7498739192167
"EPHB6",-15.7612069390913
"DACT3",-15.7885182734306
"TAF9B",-15.78940630527
"INO80",-15.7997294175101
"RTCA-AS1",-15.8028385202519
"PLEK2",-15.8274473266203
"MAPK15",-15.8285131448723
"DIAPH1-AS1",-15.8294844921084
"TMEM91",-15.8310259981206
"MIR548Z",-15.834373596714
"OXER1",-15.8396762607809
"THBS2",-15.8424566038725
"EP300-AS1",-15.8492940768615
"RNU6-1301P",-15.8520301834971
"FER1L5",-15.8528252510821
"LINC02866",-15.8579174258711
"RPL23AP18",-15.8651532587791
"KREMEN1",-15.8734955444545
"FZD4",-15.8815702064803
"MAPK6",-15.8852948537887
"HAP1",-15.8977411755745
"EEF1A1P30",-15.9023351481302
"SERPINH1",-15.9130980997087
"LDHC",-15.9198327089103
"OVOL1",-15.9203607115274
"GALNT10",-15.9211682563558
"NUP93-DT",-15.9330935516682
"CASK-AS1",-15.937887487098
"ENPP1",-15.9577852951067
"MIR133A1HG",-15.9673721329629
"RPSAP12",-15.97071169216
"ZNF652-AS1",-15.972198665148
"CRHR2",-15.9818820410236
"DNAH10OS",-15.9822071056987
"GPR19",-15.985604250585
"CEACAM19",-15.9865686068762
"FRAS1",-16.0036170379457
"TMC7",-16.0052057847091
"AKAP13",-16.013623615011
"PHF8",-16.0246215992905
"PPP2R3A",-16.0385839803833
"PRKN",-16.0502504889857
"ITGAEP1",-16.0640430757749
"MRM1",-16.0900589279877
"GCM1",-16.0901901058284
"TLE6",-16.0920053908085
"PDE4C",-16.0922629016277
"FCN3",-16.1031901778115
"ATP6V0A1",-16.1254415006932
"GAS2L3",-16.1303529771502
"FBP1",-16.1337341461135
"RN7SL769P",-16.1487398689302
"RASAL1",-16.1502013754874
"ACTA2-AS1",-16.151762910351
"NPM1P30",-16.1553006198265
"C2orf68",-16.1589210480785
"CDKL4",-16.1729786919317
"SLC12A8",-16.176392777347
"BRI3",-16.18336938593
"YBX1P4",-16.1898343498993
"KIF1B",-16.1924641780063
"DRAIC",-16.1941720497154
"LINC02848",-16.1975580699218
"LINC01215",-16.2119798414059
"RPS6",-16.2158890902708
"MAP3K3",-16.2173024364691
"RPSAP13",-16.2174148845358
"HDAC8",-16.218952264744
"NECTIN3",-16.2240022038659
"SLC16A11",-16.2294331187865
"OAS3",-16.2318594024551
"SIPA1L1",-16.2361397918373
"ADAMTS9-AS1",-16.2425659620223
"GBP4",-16.2507506623284
"AJUBA-DT",-16.2594324939995
"RNU6-883P",-16.264498704421
"KLF3P1",-16.2686553098295
"MYL12A",-16.2796900533649
"FRMD3-AS1",-16.2818758866865
"USP54",-16.2840556445938
"BMP1",-16.2896280295945
"FGL1",-16.2931571000049
"HAS1",-16.2938955092653
"LINC00964",-16.2965096857068
"RPL22P1",-16.3073321341076
"BMP5",-16.3129935090269
"NUBPL-DT",-16.3327117758032
"ABRAXAS1P2",-16.3379773969444
"RRP15",-16.3387310839727
"AGPAT2",-16.3581829585575
"RAB11FIP1",-16.3597711441296
"KRT8P31",-16.363804577284
"EFNB1",-16.3692281517279
"KPNB1-DT",-16.3703466924017
"PPFIA2-AS1",-16.3730784166203
"SPACDR",-16.3838383368769
"PSMD6-AS1",-16.3914123240382
"ZNF639",-16.3985611594534
"GPRASP2",-16.4252840967761
"RN7SL309P",-16.429198041174
"SNHG3",-16.4349145428844
"SLC30A2",-16.4382404087589
"RGS3",-16.4409715348617
"GPC5-AS1",-16.4446883114562
"DEUP1",-16.4518856709962
"PCGF2",-16.4619637533342
"TPRX1P1",-16.4652751517208
"NUTF2",-16.4717013972593
"HHLA2",-16.4835926322899
"TCF7L2",-16.4970290847917
"ARHGEF38",-16.4978215211515
"EDRF1-AS1",-16.5063828247302
"GRM3-AS1",-16.5070794823151
"GABBR2",-16.5075539428846
"MGLL",-16.5097248382161
"RPL32P22",-16.5128325413976
"PLIN5",-16.5191322134468
"LINC01836",-16.52206962746
"RNU6-1127P",-16.5282032961716
"ALDH3A2",-16.5323077567655
"SLC52A3",-16.5404847601014
"RASSF10",-16.5518458749172
"ABCD3",-16.5571931665033
"OSBPL1A",-16.5697152045875
"IZUMO1",-16.5735829523485
"UTRN",-16.5760594480558
"KIAA1671-AS1",-16.5792465663584
"GLB1L2",-16.5830350489676
"CYP2C18",-16.5878502932604
"TATDN2P1",-16.6166431270202
"EFEMP2",-16.6192176296494
"KLF9",-16.6298045359824
"ZNF83",-16.6322624527791
"SNX14",-16.6352645496309
"RNU6-1016P",-16.6369926285896
"LINC00852",-16.6370300933678
"RAB11FIP1P1",-16.6552114555967
"ZACN",-16.6612488467514
"N4BP2L2-IT2",-16.689934292736
"AKAP3",-16.7320897155244
"PTCHD4",-16.7337981921853
"PCCA-AS1",-16.7340815101082
"RNA5SP265",-16.7522828729763
"ASS1P1",-16.7575913121639
"HSPD1P9",-16.7584317335773
"FCRL6",-16.7647640492874
"TMEM67",-16.7664816528702
"BBOF1",-16.7726886259297
"MYOF",-16.7786290917422
"TRBV5-1",-16.7838640835736
"GLOD4",-16.7901813716241
"TPM3P7",-16.7920523833005
"SPECC1L",-16.7933777114964
"VSIG10",-16.8085787407935
"CRYBG2",-16.810939517086
"AFAP1L2",-16.8131917485769
"RPL5P34",-16.8359006548082
"VWA3B",-16.8500920390794
"ZSWIM3",-16.8540159469546
"PIH1D2",-16.8562990150707
"LIF",-16.8598559038528
"FITM1",-16.8658502974795
"RPSAP54",-16.867561375677
"LDAF1",-16.8921986304227
"S100A11",-16.8936137847693
"ZDHHC17",-16.8936604972895
"ARHGEF17",-16.900766916978
"CDH4",-16.9147616550177
"ZNF454",-16.9555483647841
"KLHDC9",-16.9757746730732
"AFDN-DT",-16.9763240113527
"KIF12",-16.9956807580872
"MGP",-17.0129014050298
"SCAT2",-17.0132330722357
"PPP1R12A-AS2",-17.0391670754199
"ZNF491",-17.0419320558097
"SPACA4",-17.0490462270024
"RPL7P52",-17.0544491341716
"ABLIM3",-17.0612662264359
"AGRP",-17.0639183705154
"KCNK15",-17.0715687883722
"USP12P2",-17.0738144272754
"SYT2-AS1",-17.0774432116515
"RPS26P55",-17.082089719289
"ZBTB44",-17.0836598832691
"EBF4",-17.1046967264513
"TGM1",-17.1085150633722
"PTPN20",-17.1127375175749
"KANSL1L-AS1",-17.1140826726287
"RNU4-86P",-17.116833994452
"SCUBE1",-17.1350977950485
"MIR567",-17.1476497251346
"RAD51D",-17.1485783493543
"SAV1",-17.149540044479
"OBI1-AS1",-17.1587617726425
"LINC01331",-17.1782706702968
"VAPA",-17.1818455526852
"GIMAP1",-17.1901784879832
"ACKR2",-17.1928144733728
"LINC01303",-17.2048545045749
"MXRA8",-17.2119532288269
"RNU6-768P",-17.2136558330802
"SIMC1",-17.2182630630772
"MMP25",-17.2302249455956
"EIF1P4",-17.2303841254936
"PITX2",-17.2357265520292
"CFH",-17.251398596542
"NGEF",-17.2608065605905
"ACTN1-DT",-17.2873946070327
"CDC42-IT1",-17.2919212674069
"LINC02150",-17.3039559322316
"MIR3679",-17.3147815648496
"THRB",-17.3244377380582
"C12orf60",-17.3292777849401
"ZC3H12B",-17.3332178907375
"ATP6V0A4",-17.3347132683715
"VSIG10L2",-17.3412839239779
"POF1B",-17.3517352470539
"RASSF8-AS1",-17.3625512080404
"LAMB2",-17.3656614688049
"SMG9",-17.3750609037546
"EPS8L2",-17.3858323292095
"CTNNB1",-17.3951204359128
"LINC01725",-17.4370200778693
"RNU4-51P",-17.4375731057381
"CEMIP",-17.438401241788
"CBR4",-17.439341256154
"INE2",-17.4533142795963
"TERF2IPP1",-17.4546632954516
"NUP210L",-17.4659549517192
"LRRC31",-17.4672300710771
"LINC00310",-17.4693797388077
"NAPGP2",-17.4798300042469
"PTP4A1",-17.4819847872592
"RC3H2",-17.4903082311087
"VPS39-DT",-17.4912299630524
"WDR45P1",-17.5091115080457
"CCNYL1",-17.5218819348398
"SPMIP6",-17.5347934849537
"PHF10P1",-17.5354706845955
"MAGOH-DT",-17.5470675328341
"HLA-DQA2",-17.5554722759732
"ZFP3",-17.5654745345353
"BDKRB2",-17.5706996917841
"LINC02202",-17.5711032545164
"FAM234A",-17.5752484484942
"EIF5A2P1",-17.5823451148209
"PNISR-AS1",-17.6079273204267
"RPL7AP14",-17.6112625335957
"NOD1",-17.616468713862
"CHP1",-17.6196263075209
"RN7SL200P",-17.6388571699849
"TMEM123-DT",-17.651416996555
"SNX33",-17.6649822071998
"PPIAP54",-17.6731650151695
"BVES-AS1",-17.6781240755788
"GJC3",-17.7022683849145
"PINLYP",-17.7289284134177
"TFGP1",-17.7378998226853
"WBP1L",-17.7440923177479
"HERC6",-17.7746595313209
"LMOD2",-17.783432080971
"C17orf113",-17.7991879939358
"PTGER2",-17.8007011936654
"DLL1",-17.8036804531636
"RNF227",-17.8268045797302
"TET2-AS1",-17.8317218607467
"PLCE1",-17.8658991199969
"FMR1-IT1",-17.9172633155604
"GGTA1",-17.9185701665979
"TEX10",-17.9442627777482
"SNORA16B",-17.9442869171164
"SPAG16",-17.9693525821552
"MEG3",-17.9789290738343
"ZNF844",-17.9791475858877
"CTSH",-17.9815625388133
"ANXA2P2",-17.9974363319243
"SLC20A2",-18.0080157138438
"TOB2P1",-18.0299553677445
"HPN-AS1",-18.0346036465424
"LINC01348",-18.0359158793371
"RPS3P2",-18.046197761652
"TMEM135",-18.0723463119162
"RN7SKP299",-18.0737692109603
"TCOF1",-18.0880826228691
"RAD17P1",-18.0913754727518
"RAB40A",-18.1015704115899
"RPS26P43",-18.103899335671
"PIK3CA-DT",-18.1042617606998
"GRK3-AS1",-18.1059209609027
"UGDH",-18.1147333455165
"CTBP2",-18.133329018547
"GPR75",-18.1341616983809
"MAST4",-18.149771141301
"FALEC",-18.1511750271142
"F11R",-18.1658562966106
"HAFML",-18.1724352577368
"ZBTB7C-AS2",-18.1768906272664
"STARD13",-18.1793127391192
"AFAP1",-18.1798362748261
"LINC02014",-18.182997836739
"PRPF40B",-18.2031760824553
"SATB1",-18.2034782765628
"CASKIN1",-18.2138023344005
"DNAH7",-18.2142718462457
"CRB1",-18.2223228412332
"MCPH1-AS1",-18.2290031236698
"PDSS1",-18.2384648182939
"CYSRT1",-18.2389616062699
"UNC13B",-18.2395568773606
"COL22A1",-18.2432942617219
"RARG",-18.2491970328457
"P2RY1",-18.2622801539489
"TTC39B",-18.2632675082552
"C2orf50",-18.2802651321447
"CYP4A26P",-18.313849897086
"FCF1P1",-18.3151453855443
"DGKD",-18.3160992986338
"CFAP298-TCP10L",-18.3295551491743
"RMI2",-18.3350444710997
"BCL9P1",-18.3539408811247
"TTC39A-AS1",-18.36337526086
"CD4",-18.3709930441106
"C5orf63",-18.3948004493764
"HORMAD1",-18.3995974935522
"S100A13",-18.4027568379884
"RNF39",-18.4040716744153
"KLHL23",-18.4062709058319
"RPL21P89",-18.4193974266015
"IL6ST-DT",-18.4408690482443
"PRSS12",-18.4494116544948
"GALNT3",-18.4609810171807
"ARMH2",-18.475119540923
"PNPLA3",-18.4783263842782
"IRX1",-18.4845016006573
"LINC02983",-18.4888206997688
"SFT2D2",-18.4937738334918
"PAXBP1-AS1",-18.4995141856778
"SLC37A3",-18.51098973579
"RFX5-AS1",-18.5111424967132
"THSD8",-18.5155745980639
"ZFP28",-18.5271678493373
"USP37",-18.5479727291715
"PSPC1-AS2",-18.5526169665038
"UBL5P2",-18.5538571437425
"ENTREP3",-18.5572267087514
"HSDL2",-18.5589219578068
"FOXP1-IT1",-18.5619054564618
"MLF1",-18.5623358783985
"ABCA1",-18.5811434826609
"LINC02041",-18.5918298967911
"CAMK2G-AS1",-18.6032513220073
"LINC01877",-18.6056096498131
"ZDHHC3",-18.6209953550886
"C3orf33",-18.6223868661001
"CYP4A11",-18.6308886267234
"MAP7-AS1",-18.6324169852936
"MIR130AHG",-18.633109065722
"UQCR10",-18.6378044843069
"NUMBL",-18.6508698204757
"RBP2",-18.6603096481848
"NACC2",-18.6687204380835
"GART",-18.6816020120941
"AMOT",-18.6824908943935
"SLC7A2-IT1",-18.6852546446373
"PLEKHG5",-18.6947913594401
"EIF3JP3",-18.6973763111839
"MID2",-18.7046923770073
"RNU6-418P",-18.7063634978065
"ST3GAL3-AS1",-18.7065924695954
"KRT80",-18.7103713477858
"CNTN1",-18.7138209873857
"RPS26P6",-18.7183980503861
"TCL1A",-18.7328916504539
"STK17A",-18.7525105911357
"GCATP1",-18.7629960803318
"ESAM-AS1",-18.7791250941384
"ANKRD6",-18.8184844687249
"ZNF433",-18.8288411317889
"ZNF268",-18.8584184578643
"USP51",-18.8888708228785
"SPINK13",-18.8935740838099
"FUT6",-18.899326428714
"DAPK1-IT1",-18.9001213833967
"PHYHIP",-18.9066576335413
"NR6A1",-18.9122482433429
"KIF2C",-18.9145441809239
"FNDC10",-18.9165025598201
"LYZ",-18.9224286435547
"TAS1R1",-18.922980754077
"CDC20-DT",-18.9260552697643
"BAMBI",-18.9284637863107
"CCDC17",-18.9301313842747
"ERMAP",-18.9444333093661
"BSCL2",-18.9632850000085
"MIR3128",-18.9719905016659
"ZNF254",-18.9803049757394
"LRRC37A16P",-18.9863621198162
"LRRFIP1",-18.9892323666855
"MALRD1",-18.9930481714109
"TMED6",-19.0020378938512
"LINC02637",-19.0160877678569
"DAGLB",-19.0229922088843
"RN7SL452P",-19.0236831845002
"RPL12",-19.0515353758719
"MYBPH",-19.0708425445893
"TMEM236",-19.0916957870442
"LRRTM2",-19.1197787886938
"LINC01770",-19.1273631593116
"ABHD12B",-19.128370122159
"LINC01983",-19.1360673621173
"FMN1",-19.1774073919667
"LGALS3",-19.1826231423161
"ACTR3C",-19.1906597324513
"RAET1E",-19.1971880757625
"LINC03040",-19.2075798854911
"CLDN6",-19.2141450145259
"FBN3",-19.2156070311686
"RPEP4",-19.2239101451968
"DHDH",-19.2295893947122
"TRIM23",-19.2368170252889
"GTF2H5",-19.2488339948966
"PCDHB11",-19.251636707783
"CSNK1G1",-19.2537701619147
"HSPD1P11",-19.2648914390535
"C1QTNF9B",-19.2741650419864
"CC2D2A",-19.2805832764924
"NCOA7",-19.2849068333125
"MFSD13B",-19.2885416190058
"ARHGAP8",-19.2908520831819
"COX7A2P1",-19.2916347795136
"ESCO2",-19.2980380929991
"CACNA2D3",-19.3115437965863
"CERS6-AS1",-19.3154669851066
"ARHGAP40",-19.3201473662956
"RAD54B",-19.3225599654334
"ZNF470-DT",-19.3290672685879
"CD59",-19.3393986393091
"SLC25A5",-19.3400554707191
"RPL26P27",-19.3486250110054
"NPFFR1",-19.3590222611306
"RNU6-247P",-19.3631554799117
"FAM20B",-19.3641900842207
"ZFPM2",-19.3801551979896
"EPHX1",-19.3865992815459
"ZNF888",-19.3889361071735
"PRKCA-AS1",-19.3893534736265
"STING1",-19.3898267418891
"RNU7-10P",-19.3979235099049
"ZWINT",-19.4012683022187
"NRG4",-19.4080210270979
"RPL3P13",-19.4112958214691
"CD47",-19.4213879927075
"MLXIPL",-19.4365527059989
"TRAF3IP2-AS1",-19.4579036118045
"CORO2A",-19.4662089368074
"ARL4AP1",-19.4735868172226
"COX6CP7",-19.4743549870507
"PRKD1",-19.4750661697538
"TGFBR1P1",-19.4752332116681
"LINC02405",-19.4803849498557
"RARRES2",-19.4901757905672
"DIAPH1",-19.4928943030265
"ENOSF1",-19.4968596961667
"ZNF267",-19.5110061045699
"CBR3-AS1",-19.5118526163046
"PDE6C",-19.5171885727613
"CCL22",-19.5245995153731
"LINC01900",-19.5445328278259
"AMZ1",-19.5496552540262
"RCC1",-19.5590798075732
"OMD",-19.5653641079157
"LINC01418",-19.5654863653762
"YY1-DT",-19.5660855663614
"XIAP-AS1",-19.5670588670777
"IQCK",-19.5828748009039
"DUTP6",-19.5833915703182
"FAM161A",-19.5947141716497
"IFT57",-19.6138368516507
"RPL5P9",-19.6260272514995
"ZNF792",-19.627722332479
"CHAF1B",-19.6332423610456
"SPMIP3",-19.6441419504719
"PTPRQ",-19.6713080745098
"SEMA3A",-19.6913387061329
"SEPTIN7-DT",-19.6977886856204
"ETFBKMT",-19.7028478408692
"PLCD4",-19.7187479232216
"IQCH",-19.7193886923666
"TM6SF1",-19.7290231367174
"RNU6-254P",-19.7470469560804
"C10orf95-AS1",-19.755078336366
"IGSF9",-19.7566506248564
"RUNDC3A",-19.7584308507902
"ADSS1",-19.7711155160373
"RNU6-946P",-19.7921644411025
"CFAP100",-19.8023502096253
"TIGD1",-19.8389043706733
"FAM153CP",-19.839343365406
"ZBTB42",-19.843373854263
"RN7SL738P",-19.8485518584821
"RPS12",-19.8490503207038
"PLA2R1",-19.8785619491616
"NDUFA5P3",-19.8843626581831
"COMETT",-19.9051189914337
"MIS18A",-19.9092067383785
"KRT8P28",-19.9154178247387
"BTBD10P2",-19.920721194152
"HFE",-19.9234329200208
"SLC2A14",-19.9459092223264
"RAB35-AS1",-19.9466654136094
"GPLD1",-19.9810215669696
"STAC",-19.9919814351539
"OSGEPL1-AS1",-19.9991333033532
"LINC01508",-20.0352211209414
"FSD1L",-20.0360741790155
"CP",-20.0475363408924
"NCAPGP1",-20.0675828636335
"CIPC",-20.0940639717462
"PRRT2",-20.0998975398605
"SMARCD3",-20.1094880790778
"POLD3",-20.1233116414481
"LINC01820",-20.1372316690645
"FOXA3",-20.1413186843987
"ATP5MFP5",-20.1416179723502
"ZFP92",-20.1489166946147
"LARS2",-20.1596239213685
"RPS29P21",-20.1622915997654
"MAP3K15",-20.1661344620549
"LRSAM1",-20.1754525189156
"CHD1L",-20.1887308505125
"SKP1",-20.1916216499178
"VTN",-20.1990154353695
"IPMK",-20.2007441183643
"PDE4D",-20.2013834952533
"NCKAP5-AS2",-20.2200933184699
"RN7SL215P",-20.2223032447421
"LINC02568",-20.241169730023
"C8orf44",-20.2573325161086
"USP2-AS1",-20.2684662121999
"CNPY4",-20.3057848109015
"CTXND2",-20.3146266750739
"C12orf76",-20.3168247812982
"ACACA",-20.3184246251734
"TMEM97",-20.3195780241599
"BTBD18",-20.3275699945746
"ABCG8",-20.3325791792231
"LINC01971",-20.3488022326759
"HEBP1",-20.3666574902624
"TNNI1",-20.3706648113388
"SDCBP",-20.4167497529641
"TMEM170B",-20.4210678598967
"CASS4",-20.4261523087606
"NMRK2",-20.427720969315
"TBC1D8-AS1",-20.4500945382391
"PARD3-DT",-20.4675715573047
"ABCD1",-20.473598348539
"COL4A1",-20.4807887771279
"L3MBTL4-AS1",-20.515565582504
"MIPEPP1",-20.5179362192635
"NIM1K",-20.5227624795486
"C3orf36",-20.5267251487254
"ZNF608",-20.5523158345643
"ATP7B",-20.5826555515936
"PLAC8L1",-20.5879841930082
"HOOK1",-20.589561754203
"ROM1",-20.6064598785026
"ARHGAP24",-20.6222606206525
"CPA6",-20.622689698493
"STX19",-20.6408674414501
"SNORA72",-20.6432736929317
"EPM2A",-20.6446789591425
"RNA5SP429",-20.663997309177
"RAPH1",-20.66766683674
"LINC01530",-20.6740616848267
"TRIM72",-20.6751729106702
"ELK1",-20.6754738063284
"SGSM2",-20.6832706746988
"BCL9L",-20.6886649690101
"CHRNA10",-20.7004211932102
"CNNM1",-20.7178246033417
"B3GNT5",-20.723882825597
"PPP4R2P5",-20.7288864415416
"MAMDC2-AS1",-20.7614445742563
"ADGRD1-AS1",-20.7769855516185
"MSMO1",-20.7881358693556
"TBX6",-20.8110017478219
"ZNF354C",-20.821334225331
"HNRNPCP6",-20.8254103036409
"CD81",-20.8265195070586
"NLRP9",-20.8313762423483
"SLC5A9",-20.8340619462888
"RNA5SP465",-20.8439555199252
"RPL35AP2",-20.8518510176658
"RPS12P32",-20.8532804347003
"FDPSP4",-20.8533218965907
"EPPIN",-20.8774048757416
"ABCA8",-20.8804507470366
"FARP1-AS1",-20.8964833176134
"FSCN3",-20.9206615481562
"PPIAP55",-20.9374384358362
"STARD10",-20.9513211599984
"ANGPTL7",-20.9656517003911
"LINC01284",-20.9736921400758
"MYO1H",-20.9831036300086
"NWD1",-20.9904385938692
"TVP23CP1",-20.9957865856226
"MADD",-20.9972289292133
"IFIT3",-21.0001860504773
"RASAL2-AS1",-21.0032667762736
"TNPO1P1",-21.0114599721857
"PENK-AS1",-21.0128084434838
"B4GAT1-DT",-21.0230021362128
"MTBP",-21.0234186571499
"ZNF624",-21.0318005954628
"BANK1",-21.0349754501526
"TEAD3",-21.0407763133043
"TTLL7",-21.0699961853709
"BCAR1",-21.086531225148
"RSAD2",-21.1023767876603
"ZNF596",-21.135082885562
"STK36",-21.1365487455958
"ZNF391",-21.1393453036464
"EHBP1-AS1",-21.1617384308281
"LYNX1",-21.1844027104877
"RNU6-1098P",-21.1901722154281
"TNRC6C",-21.1954839768519
"ANXA10",-21.1956371652118
"RPS20",-21.2070521711243
"ADAMTSL3",-21.2370626960615
"PSORS1C3",-21.2602393111949
"TGFBR2",-21.2602784705874
"ZNF678",-21.2710276505615
"ID1",-21.2787496437087
"DPY19L1",-21.2816454016411
"RNF111",-21.2918252649513
"GRIP2",-21.2959116757938
"CTDNEP1P2",-21.3203127313564
"LINC02639",-21.3220449331827
"MANBA",-21.3245695187904
"SAP30L-AS1",-21.3247190897881
"SORBS2",-21.3613655464459
"CIMAP1C",-21.3692111178489
"FAM167A",-21.3774067751207
"LINC01394",-21.3775208133055
"DDX18P5",-21.3789245700774
"GK",-21.3819441088473
"WDFY3-AS1",-21.3826449486222
"TGM4",-21.3934827552515
"STEAP3-AS1",-21.3951927550197
"CEACAM4",-21.3967138182546
"MIR3074",-21.400846241748
"ARVCF",-21.415213401184
"UBTD1",-21.4279736333996
"HNRNPA3P2",-21.4284295140884
"CT66",-21.4287760423957
"SULT2B1",-21.4309416806658
"PEAK1",-21.4355635927901
"RPL29P3",-21.4502974180965
"MAPK8IP1",-21.4616808906613
"GRHL3",-21.4666220441046
"RIPOR2",-21.4765334184805
"ZFPM2-AS1",-21.4889698186209
"KCNJ5-AS1",-21.5192035801185
"FLRT1",-21.5239912721606
"PCDHB5",-21.5296075435279
"TTC8",-21.5341569615982
"MCOLN3",-21.5516799024966
"ATP8A1",-21.5521677119391
"RNVU1-33",-21.555366749575
"SYCE1",-21.5567504223253
"GGT5",-21.5654523704111
"MFSD13A",-21.5889488569057
"SLC16A13",-21.5903941759049
"CCDC8",-21.6086926180785
"DOCK9-AS1",-21.6175703470331
"C14orf93",-21.6179430833861
"VASN",-21.6300144560106
"SPDEF",-21.650757019523
"INSYN2A",-21.6682283042522
"RPP38-DT",-21.6719999726767
"SOD2",-21.6735217738834
"ATP5MFP4",-21.6783523938775
"RPL9P29",-21.6893228774301
"TP53I11",-21.6938489054326
"LINC00607",-21.7431831686523
"HROB",-21.7438217147724
"RAB15",-21.7538014757265
"KIAA1549L",-21.7729502021302
"RHBDL2",-21.7851630646972
"NCALD",-21.7920651242568
"HECTD2",-21.7994649073463
"ASB14",-21.8067224313083
"NANOGP2",-21.8069707003942
"TRPM4",-21.8082524080711
"ST3GAL5",-21.8091092783495
"FAM209A",-21.8160527196844
"CNGB3",-21.8227583859352
"FTH1P3",-21.8230545843234
"CDKL1",-21.8490484949331
"RNU6-547P",-21.8509954530486
"GLTP",-21.8527902913968
"RPL7",-21.8591675892801
"CATSPERD",-21.8668037512366
"ZAR1",-21.8693867787144
"KLHDC7A",-21.8771188665304
"DCUN1D3",-21.8850027479005
"LINC00862",-21.9006403465078
"PLSCR2",-21.9007106711497
"RPL23AP77",-21.9077257617812
"ENKUR",-21.9134013115395
"CELA3B",-21.9135126951273
"FSD2",-21.9257054192885
"NFIC",-21.9259096740321
"SLC24A2",-21.9312397656195
"SULF1",-21.9323242881422
"PFKP",-21.939257329054
"CACNA1D",-21.9513569730532
"TNFRSF9",-21.9574085146935
"RNF207-AS1",-21.9769958915359
"TMPRSS4",-21.9918800294348
"HNRNPMP1",-22.0301571006725
"STX6",-22.0317070205302
"THRB-AS1",-22.0348227821893
"MICA-AS1",-22.0448837448788
"PRRT1B",-22.0458321267792
"ZNF892",-22.053696009459
"SLC46A2",-22.0717667150382
"KHDRBS3",-22.0855384815682
"RPGRIP1",-22.08685611252
"MRPL14",-22.0881437819309
"ADH6",-22.0916402742691
"SERPINA10",-22.0947695254573
"NISCH",-22.0965726306208
"SPA17",-22.0977892581752
"VLDLR-AS1",-22.0997601659519
"REPS2",-22.1156174225645
"RADIL",-22.1355104504821
"LINC02768",-22.1417172964798
"NPC1",-22.147535344291
"IL33",-22.1477982822157
"ZNF416",-22.1760154636312
"RNU6-1011P",-22.1785779433237
"PALMD",-22.1788574149761
"CEMIP2",-22.1791375845456
"IKZF4",-22.2018080263186
"UNC5B",-22.2143905376807
"CYP1A1",-22.2289392731633
"CCNT2-AS1",-22.2580855325424
"LINC00323",-22.2644450080175
"RNU6-94P",-22.2704150901562
"ULBP1",-22.2738881673559
"DOCK6",-22.2943088010734
"ZNF727",-22.3057970236973
"UAP1-DT",-22.3154788508998
"TOX",-22.3183870687225
"RCAN1",-22.3304213842396
"RBMS1",-22.3344257857548
"SLC25A27",-22.3375545300026
"RASGRF2",-22.3464901391709
"IL1RAP",-22.3650572138852
"RN7SKP137",-22.3848341033235
"NOS1AP",-22.386622604168
"TMOD3",-22.4012944854708
"SLC29A4",-22.4057453581803
"ACMSD",-22.4177319728133
"ACKR4",-22.4181380749858
"CNTLN",-22.4316274132903
"NKX2-8",-22.4409397077806
"CHST9",-22.4555135248181
"CLIC3",-22.4572610697295
"ZNF25",-22.4669921602
"H4C1",-22.4682160087653
"PRMT1P1",-22.4985818250822
"NMNAT2",-22.5039663480592
"TMEM177",-22.5749210875356
"CLDN12",-22.5919395018472
"TNC",-22.5967704557731
"ZNF711",-22.6034814207483
"GPAM",-22.6146954212764
"SCOC-AS1",-22.630543608739
"RPS3AP34",-22.6364426196094
"CDKL5",-22.6500920629052
"PSTK",-22.6520305618076
"NLRC3",-22.6593850918258
"LINC02669",-22.6761301683336
"ARNT2-DT",-22.6761301683336
"SLC7A11-AS1",-22.7034932055975
"RPL13AP6",-22.7080199057173
"RTN4R",-22.7371769363371
"PIK3CB",-22.7372430331431
"TARBP1",-22.748018556862
"LPAR1",-22.8089458666701
"FCRL3",-22.8380709800141
"IRAK3",-22.85870327944
"RSPO3",-22.8740866017921
"SERINC5",-22.8796497403232
"SLC39A2",-22.8868916401316
"COL3A1",-22.8898986313487
"MSANTD2-AS1",-22.8901675268492
"MYOM1",-22.9091705192651
"SCIMP",-22.9230532029977
"DCBLD2",-22.9237205290767
"RNF144A",-22.9277564799521
"AMMECR1L",-22.9283217729879
"LAT",-22.9294210944051
"SRRM4",-22.9450233032309
"RN7SL615P",-22.9473137348948
"UQCC5",-22.9529422875728
"COX20",-22.9570779017411
"BNIP3P45",-22.9635070272743
"COLCA1",-22.9704310422017
"F11-AS1",-22.9770795582082
"DUSP23",-22.9872356522733
"ST3GAL6",-23.0032656321995
"SMIM47",-23.0076225591058
"SCN4B",-23.0221265834154
"FAM200B",-23.0276940359875
"HSF2",-23.0306683379249
"CXCL16",-23.0408006262498
"FAM201A",-23.0600570816084
"TMEM150C",-23.0801725081911
"PPP2R5A",-23.0898032609471
"GPBAR1",-23.103521450786
"DPYD",-23.1067543170421
"RHOV",-23.1192188946602
"OLFML3",-23.1300233306301
"TBC1D22B",-23.1428523002747
"VGLL1",-23.1599431429323
"LINC01106",-23.1734395507994
"DSG2-AS1",-23.1744529197636
"ARHGAP20",-23.1887016859151
"ERG",-23.2008971026261
"TMEM108",-23.2025290459425
"RNF24",-23.2066168323283
"PLD4",-23.2608586536199
"MIR3649",-23.2820503600664
"NSA2P1",-23.2929461250027
"FRK",-23.2969272230906
"DEPDC4",-23.3054252391968
"FRMD6-AS2",-23.3090600942504
"SLC9C1",-23.3104128050171
"TEAD4",-23.3147733294371
"BBS12",-23.3335009094367
"MICU3",-23.3542395125895
"LINC01985",-23.3608536211172
"MRPS6P2",-23.3860908815006
"LIMD1-AS1",-23.3923707077576
"LINC02453",-23.4180969227349
"LINC01644",-23.4262852583303
"RNU6-1176P",-23.4398274741522
"NPDC1",-23.4501906837769
"TMEM11-DT",-23.4525222806611
"NUDT10",-23.4640633040933
"NOL4L",-23.4894663179292
"HULC",-23.4983859426582
"TNRC18",-23.5238881056326
"PPP3CB-AS1",-23.524093860585
"ITPKC",-23.5258992922718
"LHFPL4",-23.5393810243731
"DIAPH2-AS1",-23.5457047893772
"RN7SL8P",-23.5488090720719
"TTN",-23.5542571591513
"DDX3P1",-23.5962246962404
"ECHDC2",-23.6205013343102
"RP1",-23.6412768956155
"PCDHB13",-23.65813550779
"VIL1",-23.6699495348745
"XACT",-23.6752553181645
"LINC02603",-23.6932430277599
"LINC00608",-23.7274747734014
"AOPEP",-23.7363751697552
"TCEAL9",-23.7503202635693
"LINC01515",-23.7545973847579
"CACNA1F",-23.7611896896391
"LINC01937",-23.7622958144738
"PACERR",-23.7701961716013
"LEMD1",-23.7910703853808
"ECM1",-23.8215219114539
"MIR1302-5",-23.8417313884497
"C1S",-23.8527073003316
"GPRC5B",-23.8750158246677
"RN7SKP80",-23.8806553384299
"LBH",-23.8830932401998
"CCDC120",-23.8869550550178
"RTKN2",-23.9012585437789
"CKMT2",-23.923238879137
"SOX4",-23.9394492960718
"PRKCA",-23.9536786249247
"NRIP1",-23.9878223485596
"RTL6",-24.01342903361
"LINC01842",-24.0138880456693
"HHAT",-24.017636020893
"MYO5C",-24.0191716516917
"COL21A1",-24.0237271050191
"GAN",-24.0240649578664
"WTIP",-24.0304081462843
"ATCAY",-24.036004659647
"NDFIP2",-24.0933559598265
"HNRNPCP4",-24.0981097799835
"PRKG2",-24.1779073213456
"PRTFDC1",-24.1878008733479
"PRKAG2-AS1",-24.1919164056534
"LINC02009",-24.193938266119
"ZNF682",-24.199614398446
"CNR1",-24.2103486465201
"LINC01712",-24.2208925731953
"COL8A1",-24.226984472235
"LINC02935",-24.2281445409236
"MYOZ1",-24.2424488410907
"ZKSCAN4",-24.2570896505574
"PPP3R1",-24.3256730086964
"PRC1-AS1",-24.3456153361665
"ZNF93",-24.3535934507784
"RIBC1",-24.3821111909111
"TBC1D30",-24.3951188184541
"COL5A1",-24.4047750260113
"RIN1",-24.4067704556824
"ZNF551",-24.4098589232875
"PRKCH",-24.4118050495568
"SALL2",-24.4237814430101
"MECOM-AS1",-24.4264703736532
"TRIM5",-24.443439729951
"FSTL1",-24.4647305351234
"DOP1B",-24.4679039850761
"RPS15AP16",-24.4858104356429
"THAP12P5",-24.4925100490068
"FLNB-AS1",-24.5010413780064
"RXFP4",-24.5150085613201
"LARGE2",-24.5179458694026
"ID2B",-24.5288605713094
"ASAP2",-24.5344726009243
"ICA1",-24.5358101413009
"RN7SL698P",-24.5426726339799
"RNU6-66P",-24.5468416431502
"GPD1",-24.5596642722586
"MRTFA-AS1",-24.5999435773103
"SMYD3-IT1",-24.6075197871355
"GPR27",-24.6313111865597
"GJB1",-24.6727055386979
"KCNT2",-24.6743629469674
"NEDD4",-24.6836783764518
"CLVS1",-24.6956349057237
"IRS2",-24.6986929543402
"LINC02888",-24.7029941367602
"ZNF667-AS1",-24.7139250740856
"TYMSOS",-24.7223618174418
"ZNF443",-24.7250006575252
"AFDN",-24.7552389992145
"PGRMC1",-24.7659429969461
"AGPAT4",-24.7669043293085
"AKAP6",-24.7716567096492
"EFS",-24.8018078442876
"PLCB3",-24.8205434978048
"LCAT",-24.8441508450147
"MSRB3",-24.8677917204765
"EIF4EBP3",-24.8683786799634
"SMAD3",-24.8741555129821
"GJD3-AS1",-24.8778764862818
"MCCC1-AS1",-24.8910914278955
"RNF148",-24.9065225275465
"ELF4",-24.9200795922247
"CEP70",-24.9356072635255
"FANCC",-24.9430055746102
"TOMM20L-DT",-24.9452683933322
"FXYD4",-24.9605664432464
"TNNC1",-24.979946089993
"TFPI2",-24.9918022764997
"MYL12B",-25.0105843335386
"EVI5L",-25.0238269639975
"RNU2-27P",-25.0447738529066
"APOA1-AS",-25.0727345661096
"CYP2F2P",-25.0803040924249
"CDC42P5",-25.0918360207049
"PTCD2",-25.1135860688239
"TRIM8-DT",-25.1157346348455
"WNT7B",-25.1237774242795
"MED6P1",-25.1283427666653
"RPSAP76",-25.1342958870582
"LINC00624",-25.1518368330141
"RNF223",-25.1943459688863
"KLB",-25.2194464583789
"ADPRHL1",-25.2479487019888
"ALDH6A1",-25.2512646612707
"LIVAR",-25.2605145071806
"BTBD16",-25.2968942414355
"NINL",-25.3170816639308
"SNORA14A",-25.3264343996881
"PLK2",-25.3427765616414
"GPR34",-25.3485064669802
"KRT78",-25.3576379851997
"EVC",-25.3668296471802
"ZNF684",-25.3693671683456
"MAP3K21",-25.378899416387
"ZNF284",-25.3853695809006
"REP15",-25.4059402039879
"UNC119B",-25.4139731738461
"FGF7",-25.4208938512276
"BBS7-DT",-25.426492829263
"CMTM8",-25.4304497595486
"CXCL3",-25.4842960832226
"STOM",-25.5009444747418
"LINC01610",-25.5176328684842
"TMX2P1",-25.5290034388528
"GJB3",-25.5532207958951
"DGKH",-25.5591223531915
"KCTD11",-25.5698037262605
"HES4",-25.589990021695
"RNF145",-25.5923491945016
"STARD4-AS1",-25.5945618272567
"SLC23A2",-25.5983762382029
"SLC30A4-AS1",-25.6271760244257
"SPMIP2",-25.6317257256602
"HMGCS2",-25.6409672329789
"YBX1P6",-25.6435021803106
"BCO1",-25.6674319472683
"OIT3",-25.6692152800572
"MYL12-AS1",-25.6861653258823
"PXMP4",-25.6925509834607
"SLC6A3",-25.7070897814215
"GALNTL6",-25.7098688222945
"HSP90AB4P",-25.711840464577
"RNF43",-25.7606358151195
"MSI1",-25.7835506574111
"LTB4R",-25.7964790330254
"PIGA",-25.8048539827112
"SNORD100",-25.816941236771
"DLG4",-25.8190473320079
"RPS3AP12",-25.8282998327331
"RPS6KA2",-25.8473311903154
"ALDH3B1",-25.864007096352
"TOB1",-25.8837818050422
"WWC3",-25.8852295953834
"CDK5R2-AS1",-25.9032705390984
"MTCYBP35",-25.9055674317833
"HMGN1P7",-25.9248430298784
"DIAPH2",-25.9440724267981
"GTF2A1-AS1",-25.9452048703828
"LINC01714",-25.9565457265205
"EPGN",-25.9640917817563
"SPACA6",-25.9691976562523
"SPAG9",-25.9757832823861
"SEC14L4",-25.9898275639107
"OGN",-25.9923133985488
"MORN3",-25.9959881397983
"MIR4307HG",-25.9990600123333
"RPL36AP19",-26.0139888061666
"PIMREG",-26.020029424372
"DYNC2I2",-26.0273379882964
"C19orf81",-26.0410343876997
"PSRC1",-26.0789887135324
"CTNNA1",-26.0859970179597
"ARL8BP1",-26.0878175572179
"TTC3P1",-26.0934825236339
"DPYD-AS1",-26.1152076498076
"WFDC1",-26.1208984185207
"C1QL3",-26.1291413722112
"PPIAP30",-26.1328329071185
"RPL31P36",-26.1347321163275
"ZFP2",-26.142333495587
"ZNF718",-26.1459375963265
"LINC00370",-26.1672967979114
"MYORG",-26.1717921711031
"PSMG4",-26.1858260080961
"TCF12-DT",-26.1874160232787
"MAPRE3",-26.1927852046175
"MOB3B",-26.2318846992759
"SH3RF2",-26.2443556695108
"GNA15-DT",-26.2536010737637
"ZNF233",-26.2850733109777
"TMEM63B",-26.2865988900521
"CFAP90",-26.2976536014623
"CIMAP2",-26.3038383797536
"RBMS3-AS3",-26.3157566309919
"PARGP1",-26.3235003939135
"CEBPA-DT",-26.3254114475287
"TTC23L",-26.3280398450354
"DRG1P1",-26.329539093138
"ZMPSTE24-DT",-26.3426336673616
"LRRC27",-26.344292058537
"IGF2BP2",-26.3495287521394
"CYB5R2",-26.3526690978355
"FPGT",-26.3604816921246
"LINC02026",-26.3695342573758
"LRIG1",-26.3756602997185
"IMMP2L",-26.3911459855943
"PLA2G12B",-26.3986172156615
"MIR4802",-26.4022018750038
"IPCEF1",-26.4084428592462
"RPL36P20",-26.4186823772346
"MRPS28",-26.448785041265
"ZNF641",-26.4643995460121
"FAM237B",-26.4680025558069
"TIMP2",-26.5118084744712
"RNU6-957P",-26.5791449516724
"LRRC49",-26.5968587861799
"SERTM1",-26.6185849161932
"KDM2B-DT",-26.6241533994964
"PCDHB4",-26.644888597434
"CA14",-26.6786523306299
"GADD45G",-26.6871285671697
"ST3GAL1",-26.6902526273394
"PRKAB2",-26.7048024515818
"PCDHA4",-26.7071597442335
"MFSD2A",-26.709240290146
"PAPLN",-26.7420891770811
"MIER3",-26.7519003558237
"TTLL3",-26.759425917666
"ASGR1",-26.7664603421415
"KIRREL1",-26.8383655603958
"RBM47",-26.8397092283215
"ST6GALNAC2",-26.8631218188524
"KANK2",-26.8642709704455
"PLAAT5",-26.8648353928754
"LINC00937",-26.8946239962462
"MRPL20-DT",-26.913237670109
"RNF216-IT1",-26.9136329005913
"CD22",-26.9160452323732
"RPL21P23",-26.9279070577545
"HNRNPA1P3",-26.9325270972724
"DSTN",-26.9551709679352
"ZNF256",-26.9572486729454
"TRMT9B",-26.9599372709736
"KRT16",-26.9616046237808
"LRP2",-26.9828610873751
"TCF20",-26.9922609326904
"CROCC",-26.9972289834731
"CIST1",-27.0010975233762
"FAM177B",-27.0133671918403
"ZFYVE26",-27.0237942499036
"HNRNPA1P7",-27.050336570274
"AIRN",-27.0615197423307
"HLA-DOA",-27.0622364272854
"SLC13A4",-27.069841038532
"SFRP2",-27.0865412836513
"HYAL1",-27.1010348934778
"GAPDHP66",-27.1309744878301
"ACTG1P24",-27.1491141973802
"LRRC37A14P",-27.1505111993069
"PHC2",-27.1595429793531
"OTUD7B",-27.1787196883371
"HLA-DQB2",-27.2130926550176
"CERNA3",-27.2146680422437
"INHBB",-27.2186500134458
"ZNF239",-27.2200001435909
"PIR",-27.2310580981607
"CFAP69",-27.2333130066015
"GPR137C",-27.2334581911784
"ZFHX3",-27.2438767285045
"TFF3",-27.2451946063908
"SAE1P1",-27.2626825456847
"ARPIN",-27.2863579812828
"LINC00941",-27.2983069602043
"IFITM3P7",-27.3017528787223
"SAMD4A-AS1",-27.3058263487551
"GALNT5",-27.3871172907486
"ZNF117",-27.4208575089537
"CNN2P1",-27.4368399860196
"RAI1-AS1",-27.4463761043512
"RNF212",-27.4564165569535
"SCMH1",-27.4701813356591
"PLAGL2",-27.4765695466146
"DCST1-AS1",-27.5086589227315
"ATP5MC1P4",-27.5090792104777
"CDK5R1",-27.5294388252773
"DIPK1B",-27.5416967180691
"COX16",-27.5419282123733
"PTPRK-AS1",-27.5461845971049
"MIR1276",-27.547756477829
"DIXDC1",-27.55942862221
"LINC00678",-27.5721524397225
"C1orf226",-27.6337806564007
"SPRING1",-27.6362575414266
"PBLD",-27.6363610348665
"VTI1BP4",-27.6379934911305
"KRTAP3-1",-27.6447566469366
"ITGB1BP2",-27.6467873800494
"RPL37AP8",-27.6516053679143
"CYP2J2",-27.6744976024192
"ANXA2",-27.6760610888342
"NRP2-AS1",-27.6777166204383
"SUSD1",-27.6994713777638
"FAM20C",-27.7035059158574
"RAI1",-27.7049769816594
"ARL6",-27.7148587535958
"EIF4EP1",-27.7253191571159
"RPL9P30",-27.7258593605064
"SYT8",-27.7352232034351
"ZNF438",-27.7509297248623
"SCAND3",-27.7643428743682
"C11orf96",-27.7999361344209
"RADX",-27.801988443912
"SCML1",-27.8070780248771
"RNU6-580P",-27.8165948716721
"GABBR1",-27.8184084996401
"THBS2-AS1",-27.8304131574995
"ASB4",-27.8551520465548
"LINC02038",-27.8618545610377
"KEL",-27.8618625194317
"NAA40",-27.9105332707596
"DHRS2",-27.9123591102968
"RNU6-155P",-27.9226719848795
"ADAMTS8",-27.9438817814883
"LINC01603",-27.9532535941262
"SYCE3",-27.9936770590524
"RPL23AP34",-28.0136636060831
"BEST2",-28.0252029654042
"FAM153A",-28.0365958652189
"GNRH1",-28.0452309279117
"LINC02930",-28.0471095491437
"FZD5",-28.0537376740174
"BAIAP2",-28.0743009236662
"TMPRSS9",-28.0834687279956
"DRAM1",-28.0888707259007
"LINC02198",-28.0951542083194
"TUBAP14",-28.1070559528229
"TWF1P2",-28.1220467284632
"SERP2",-28.1227974653181
"ZNF197",-28.1419182515781
"RPL10AP1",-28.1438599171347
"CNTN6",-28.183705863668
"PRDM16-DT",-28.1903753508988
"SLFN12",-28.1954881547018
"ECRG4",-28.24250079055
"LINC01482",-28.2482264463575
"KLLN",-28.2623754841716
"MEST",-28.2688833742823
"CFAP36",-28.2781515121601
"RPL31P52",-28.2874246549975
"RPL7AP26",-28.2884314045259
"SRPX2",-28.3163484061234
"MAGI3",-28.3545830864687
"KATNAL1",-28.3683132712848
"LINC02570",-28.3704087907015
"SUSD4",-28.3951966435075
"RAD9B",-28.416467374104
"MXRA7",-28.4173906781057
"CLDN22",-28.447832442609
"MIR548V",-28.4528888924167
"ELOVL6",-28.4729482696341
"ASPHD1",-28.4767212738233
"OSMR",-28.4880855155884
"BNIP5",-28.4913326501049
"ZNF726",-28.5086918399979
"TFAP4",-28.5153939521878
"ZNF540",-28.5296927108747
"ARHGEF26-AS1",-28.5408681051233
"PCDHAC2",-28.5429455309615
"PLPP3",-28.5717061133862
"RN7SL798P",-28.5768573930754
"KRBOX1-AS1",-28.5930731532078
"WEE1P1",-28.6013761981925
"SHANK1",-28.6014252457042
"QRSL1P3",-28.6167523851128
"CDC45",-28.6631341131907
"LZTS2",-28.6685804188523
"DCBLD1",-28.6719151893877
"KLHL2",-28.6796124170411
"MTUS1",-28.6840083170106
"REXO5",-28.6844391952469
"TPM1-AS",-28.6951212079835
"TRIM71",-28.6985493711733
"LRRC1",-28.7154606783297
"IGFBP3",-28.7216929919389
"HDGFL3",-28.7453036051474
"SLC6A16",-28.7919688149793
"NPC2",-28.824869913756
"GDPD3",-28.8279551963393
"TBC1D32",-28.8341095599079
"SPATA18",-28.8525171054946
"LIPT2",-28.8692828690213
"NOTCH1",-28.890141456754
"LCMT1-AS2",-28.9144455771904
"DSTNP1",-28.9157574996538
"RGS20",-28.9210317173701
"H3P42",-28.9435276150227
"SPANXA2-OT1",-28.9454317850125
"COA1P1",-28.9492972772326
"HACE1",-28.9542266852851
"NRIP3-DT",-28.9853163000011
"LMCD1-AS1",-28.9857570435706
"MREG",-28.9934489151706
"PTPN12",-29.0056737939036
"ART4",-29.0079025665734
"TEX2",-29.0141270643796
"DHH",-29.020631510276
"RPGR",-29.0432874181394
"PKP4-AS1",-29.0490833582165
"HAL",-29.0764036259057
"COPG2",-29.0929102797211
"MPZL3",-29.1079831305665
"ZNF816",-29.112058845354
"LINC02736",-29.1289706778
"LINC00642",-29.1478690966828
"GAS6-DT",-29.2001900270503
"CRELD1",-29.2161791257093
"IQCN",-29.2940656032573
"MRAP",-29.3273008061809
"WDR35-DT",-29.3360040811792
"SLC10A6",-29.3388593508633
"SQLE",-29.4259675803683
"SMIM6",-29.4288575896339
"NRP1",-29.4290250073151
"PXDN",-29.4347428301307
"RNU6-619P",-29.4638071245165
"ANKRD9",-29.4854607995717
"LINC00683",-29.4886611700964
"RPL7AP65",-29.4990441106166
"LINC02608",-29.5370567263625
"ASAH1",-29.5496166289997
"TDRD1",-29.5614807270722
"IGIP",-29.5776805400559
"AHCYL2",-29.577827673169
"REN",-29.5865893050583
"WNT3A",-29.5893412398635
"KRT14",-29.6033557270432
"KRT8P36",-29.6080477805574
"NFIB",-29.6124982198089
"CTTNBP2NL",-29.6215419539874
"RN7SKP69",-29.6375595887208
"VWA2",-29.6517601663044
"CYP7B1",-29.6680342373721
"ITGA1",-29.7179427351029
"CAV2",-29.7188415729645
"LAMB2P1",-29.7212410988403
"DNAAF4",-29.7238856992434
"ARMH4",-29.7283609982543
"ABCA4",-29.7318237599653
"LPIN2",-29.7397885298185
"KPNA7",-29.7433457220295
"SLC9A7",-29.7545888500286
"AGBL1-AS1",-29.7553025984003
"TRGC2",-29.7561551708694
"ATP2C1",-29.813436722381
"DLGAP1-AS1",-29.8136626166051
"PTPRG",-29.8263519207405
"CHD9NB",-29.831568893735
"ZBTB18",-29.8637558540013
"MBTD1",-29.8728425256101
"STXBP5",-29.8848324807704
"EPOP",-29.9289654086534
"HMOX1",-29.9522206945877
"RPL31",-29.9569522587407
"RPSAP21",-29.9625931692719
"DYRK3-AS1",-29.9631412322239
"UST",-29.9708921892984
"GPR37",-29.9940651588623
"NUP188",-30.0100400105279
"SMAGP",-30.0198565986016
"LEAP2",-30.0205983733659
"SLC16A5",-30.0378340536632
"MYOM2",-30.060646645371
"NUDT12",-30.0611163778726
"SELENOW",-30.0655533967067
"ZFYVE9",-30.0898964580592
"LINC02028",-30.0900362598051
"USP43",-30.1300375307708
"RTRAFP1",-30.1399583825349
"ANO6",-30.1430677725136
"DBNDD1",-30.1792528205414
"PPL",-30.1888302329097
"RN7SL51P",-30.213316110562
"PMP22",-30.2480172494797
"ABCC3",-30.2542861577756
"POLA1",-30.3084563108621
"ANKRD1",-30.3092605185019
"KCNG3",-30.3298523400693
"CLEC10A",-30.3571143072589
"ARNILA",-30.3627785446756
"PAWR",-30.3700370022821
"ERVE-1",-30.372887735984
"TESC",-30.37370809631
"SNX24",-30.3894057893519
"WSB1",-30.3933643544636
"H3P25",-30.413249019835
"SERHL2",-30.4177529764527
"LINC02679",-30.4221571291208
"LINC01909",-30.4733906233795
"LINC00997",-30.5111256403052
"SPATA6",-30.5533377020906
"CRPPA",-30.5769644884469
"SLC39A8",-30.5849196238393
"AGBL2",-30.6004381987249
"RAD51-AS1",-30.64220740248
"KCTD7",-30.6450449565982
"CYP11A1",-30.6473895176138
"LINC01424",-30.6514216968435
"BTF3P6",-30.6573362289183
"LDHAL6A",-30.6610229490529
"PDE8B",-30.6935068965493
"DAW1",-30.6940264510486
"PLEKHM3",-30.7380833957776
"SNRPEP4",-30.7455652735682
"IGFBP4",-30.7744109870989
"CD9",-30.7850125263966
"NR2E3",-30.7858169749533
"NPPA",-30.81770602161
"DHX58",-30.8374935240394
"FANCE",-30.8404693941468
"ZNF155",-30.8786469201621
"PTCSC2",-30.8820192330318
"LINC02649",-30.8915558109672
"CFP",-30.9018609155525
"CKMT2-AS1",-30.9085291861525
"LINC02883",-30.9243492311402
"SPIRE1",-30.9607747498024
"GNA15",-30.9617464972007
"H3-7",-30.9730740772459
"TRIT1",-31.0023899558292
"ABLIM1",-31.0298683930454
"RAP1BP3",-31.0307591227523
"TTC21A",-31.0477415578644
"EMICERI",-31.053306717128
"RABGAP1L-IT1",-31.0992839881605
"FUT1",-31.1694298873882
"PGAP4",-31.1843555074549
"LMOD3",-31.2124420101035
"NAGS",-31.2153130185996
"SNRPEP11",-31.2409865778325
"APP",-31.2882744946563
"SPEM2",-31.2895300648501
"SIRT5",-31.2905307255921
"GLDN",-31.2923788620287
"LINC02986",-31.2955575057936
"MIRLET7A1HG",-31.3235924498733
"TMEM51-AS1",-31.3525165631734
"SH3PXD2A-AS1",-31.3695954033205
"SPMAP1",-31.3904070737207
"TMPRSS13",-31.4312241658768
"GULP1",-31.4707099734067
"CKAP2L",-31.4810297404939
"EPAS1",-31.4838610065674
"ASPH",-31.487561649803
"FTLP14",-31.5225903572495
"CLEC19A",-31.5325805183328
"TMEM92-AS1",-31.5454103270557
"SLC27A3",-31.5515249324005
"ZBTB24-DT",-31.5597096115135
"ANKS1B",-31.5747536696187
"ZC3H12C",-31.6173484464284
"RUSC2",-31.6196281313939
"NAV2",-31.6247859343767
"ANKRD66",-31.6445463106217
"RN7SL334P",-31.6465571112018
"CBLC",-31.654947432904
"MKI67P1",-31.7060094934746
"FTH1",-31.720712901524
"LIPT2-AS1",-31.7344858521271
"RPL15P5",-31.74197292412
"FBXW10B",-31.7433989135516
"LRCH2",-31.7713550286039
"CFAP263",-31.7926359078475
"CAT",-31.7978500709915
"DUS4L",-31.8020015147212
"LRRC52",-31.8169270185231
"NLRX1",-31.844135484245
"ADHFE1",-31.8470175576196
"DPP4-DT",-31.8599641501612
"SPECC1L-ADORA2A",-31.8839352518835
"MAP6",-31.9023551482279
"LAMA1",-31.9138135126378
"CD24",-31.9181351929581
"DUSP19",-31.9262576532051
"TMOD1",-31.9270997945811
"CLEC7A",-31.9480968022374
"SPDYE16",-31.9728388735587
"NPHP1",-31.9783171012084
"SNRPA1-DT",-31.9852617796713
"CDH2",-32.0071472068038
"RPL7P18",-32.0195899423628
"CSRNP3",-32.0267715562208
"PRRG1",-32.0567002297157
"ARHGAP5-AS1",-32.0881451213923
"RN7SKP154",-32.0999484744575
"ASB11",-32.1003605862948
"C15orf48",-32.1729653918442
"RPS24P12",-32.2060644485391
"HCG9",-32.2579051573044
"CACNA1A",-32.2788580490669
"VIPR1",-32.2917684650283
"MIR1244-4",-32.3118043213421
"TPM1",-32.3506152431713
"GPC1",-32.3764322970342
"RFNG",-32.3787021414197
"SLC35F3",-32.42923001575
"XXYLT1",-32.4335748272101
"FITM2",-32.4414265139866
"FMNL3",-32.4652908430142
"RPL7AP20",-32.4816268295752
"SSC5D",-32.5320498949848
"ASS1",-32.5354600925892
"EBLN2",-32.5360249508636
"ZSWIM1",-32.5712421126355
"ADAM12",-32.586117723604
"SH2D4A",-32.5989615793755
"CYCSP52",-32.6024637269222
"EFCAB14-AS1",-32.6075198036396
"HEG1",-32.6224147868166
"ID2-AS1",-32.6284818318498
"AQP5",-32.6585589971823
"AKR7L",-32.6711800827511
"PC",-32.6903207655775
"AK7",-32.6935490413217
"FLNB",-32.6946913783212
"PDZK1",-32.7028188054643
"SOX12",-32.7245182501114
"SLC44A4",-32.7504718363557
"MEIS3P1",-32.7553194591683
"RBMS1P1",-32.7562246512417
"MTCL3",-32.8097412505598
"NME7",-32.841016177914
"STK11IP",-32.8411208507319
"ZNF558",-32.859098254067
"NAA25",-32.8874425516946
"MGAT5",-32.8917475758113
"SLC22A15",-32.9320961953013
"ZBTB33",-32.9368545098174
"B4GALT5",-32.9403189569038
"OR2H2",-32.9443258808539
"LRP11",-32.9527398120611
"SEMA3C",-32.9756810197921
"POU6F2",-32.9885128839932
"SPOCK3",-32.99380028121
"MORN4",-32.9958809350967
"INAFM2",-33.0208054202644
"ZNF74",-33.0662518462028
"PNRC2",-33.076928508666
"TREH",-33.0791573537906
"CATSPERG",-33.1192228437547
"LINC00240",-33.1481635059516
"ULK2",-33.1604100179133
"LINC03073",-33.166725406172
"ALDH2",-33.1773790287712
"SPC24",-33.1839321678966
"EGLN3P1",-33.1858442483679
"GGT6",-33.1875254615018
"LPGAT1",-33.1888888950107
"DOCK6-AS1",-33.2074740543776
"LRP12",-33.2333804533528
"SLC25A34",-33.2731347069986
"ZBTB7C",-33.3324741237589
"CCDC121",-33.3324782325327
"NAIF1",-33.3813180573438
"ZNF569",-33.4136587498585
"CNTNAP3",-33.4138209650732
"ANGPTL4",-33.4388552245744
"ZNF81",-33.4885674406074
"CCNB2",-33.4990611126297
"SIX1",-33.5024106391149
"PODXL",-33.5118474432779
"ZNF503-AS1",-33.5491461588386
"MCEMP1",-33.5565361474097
"MAFB",-33.6496259694944
"PROM2",-33.6500695548619
"PRNCR1",-33.6673757218033
"GSTT2B",-33.6682432091757
"RXRG",-33.6728297631265
"PLS3-AS1",-33.6796436190583
"RNASE10",-33.6805814338303
"SOWAHB",-33.6864042094121
"SNHG21",-33.7274333275121
"SLC46A3",-33.7819089961488
"SATB2",-33.8371026346921
"SERTAD4-AS1",-33.8521668040419
"OSBPL5",-33.8958227920188
"WNT4",-33.91523601824
"DNAI4",-33.919554361436
"ZBTB47",-33.9579403172481
"CCDC171",-34.0219298280794
"TMEM245",-34.0239910050865
"PYGL",-34.0389779298327
"TTLL1",-34.0457380800847
"ASPG",-34.0877850140492
"DNAJB5-DT",-34.1154881131079
"USF1P1",-34.1210063358705
"LRG1",-34.1818511925994
"PRDM7",-34.183198727026
"TRIOBP",-34.1896660914375
"NBEAL1",-34.223705254799
"RPL3L",-34.2442348337023
"MST1P2",-34.2468875692752
"ZBTB44-DT",-34.2667739211227
"BCAM",-34.286210356544
"NUTM1",-34.3011454673001
"IFT81",-34.3027467260044
"INO80-AS1",-34.3044612282992
"DAP3P2",-34.3151518805519
"DTX4",-34.3432158693616
"PDLIM2",-34.3706402706264
"TBC1D2B",-34.3915834289687
"ZNF823",-34.3927139468612
"CATSPERB",-34.3934974087749
"PROCR",-34.3975203918308
"CIT",-34.4022257413896
"CLCN4",-34.4137369533808
"ACTRT3",-34.4959923396261
"WNT9A",-34.4996083223102
"C5",-34.512069654761
"DKKL1",-34.5210017044419
"TTC23L-AS1",-34.5214209203249
"LRTM1",-34.5573747626077
"FABP5P7",-34.5677371989578
"CENPN-AS1",-34.5980898093134
"KCNQ1",-34.607989012909
"FHL3",-34.6307067651482
"BTBD8",-34.6364124431566
"TMEM267",-34.6586898726715
"NPTX2",-34.6741640868642
"MYO1E",-34.6774945986754
"RNU6-1138P",-34.6802342387719
"ARHGAP5",-34.7458132458844
"HMGB1P39",-34.7528388685042
"PDZD2",-34.7853872221198
"VIPR1-AS1",-34.8106427270257
"SMIM33",-34.8454184055681
"AK3P3",-34.851473238908
"ZDHHC14",-34.8690808777519
"S100P",-34.8744557901765
"GNA11",-34.8927840873979
"ZSCAN18",-34.9158380940056
"FRMD5",-34.927586588412
"IFT22",-34.9431092801161
"CACNB3",-34.9504504908675
"IKZF2",-34.981332032914
"RDH10",-35.0431977510918
"C1QTNF3",-35.074475111287
"HDX",-35.0859729879447
"UBE2FP1",-35.1640641872506
"NEO1",-35.1712894350262
"TMEM178A",-35.1733411508093
"PTPRD",-35.1985105784002
"PRDM10-DT",-35.2080591934855
"FAM53A",-35.227840256844
"KLK11",-35.249167949417
"ZSCAN4",-35.2494261898681
"PLIN4",-35.2572003585186
"CLDN23",-35.2722035445717
"PAK3",-35.2812434504199
"ACE2",-35.2842627471333
"TXNDC12-AS1",-35.3850518947213
"FZD8",-35.4146562832791
"CLK2P1",-35.4243510795995
"PSTPIP2",-35.431455246967
"GABRB3",-35.5274931227483
"NDUFA8P1",-35.5372288462466
"ERMN",-35.5539731444521
"ZNF468",-35.5578330991535
"C10orf67-AS1",-35.5612390803821
"EMP1",-35.5774057282047
"SPATA41",-35.5821114088518
"ALPP",-35.583523659101
"SLC2A4",-35.5999326520612
"FASN",-35.6292897835416
"USP32",-35.6377563250697
"RGS7",-35.6488980598937
"KALRN",-35.6699302894125
"H4C4",-35.6701252917924
"DCP1B",-35.703290166454
"RPL23AP65",-35.7083646373586
"ITGA9-AS1",-35.7155312121143
"BDNF-AS",-35.7169082664298
"AP4S1",-35.7261224274095
"NTRK2",-35.7360588248587
"MIR589",-35.7373544348077
"NEBL-AS1",-35.744969734562
"NATD1",-35.7652107419175
"PCP4",-35.7694836061062
"WDCP",-35.7825626561095
"NPAS2-AS1",-35.7853092540873
"WNT2B",-35.8316491297198
"POPDC3",-35.8774491359075
"LINC01476",-35.9208070399618
"KRT18P12",-35.9304337356506
"CXCL14",-35.9340970204238
"RHOBTB3",-35.9403103520716
"DUOX2",-35.9501291910846
"CASK",-35.9648326422434
"MFAP3L",-35.9944480504833
"ZNF618",-35.9994143370076
"XIAPP2",-36.0294653438151
"GAPDH-DT",-36.0336572301388
"ACSM1",-36.0365883833796
"RPL23AP8",-36.0583554631648
"ZNF862",-36.0730825446938
"GIN1",-36.130807019887
"WWC2-AS2",-36.1326474838907
"TTC39A",-36.1426631953453
"PTGR2",-36.1451690785942
"MEGF8",-36.1640084470759
"SIX4",-36.1659942237302
"CDC42P4",-36.166537776036
"RPL22",-36.1702246107014
"RPS15AP38",-36.1807248649529
"SDC3",-36.1816567712908
"SLC51B",-36.1826355722803
"CAMK1G",-36.1979268724186
"CPNE7",-36.2019378505709
"ZNF660",-36.212804337006
"MOCS2-DT",-36.2414253694824
"LINC02605",-36.2876917925574
"HEATR6-DT",-36.3141679406172
"ZNF486",-36.318249131928
"KCNK17",-36.3199883007467
"WNT7A",-36.3583815915677
"ASB13",-36.3737714988449
"CT83",-36.3855207245139
"SLC26A8",-36.3982372631778
"OR5P4P",-36.3982908802683
"ZSWIM5",-36.4101517168146
"CLUL1",-36.4157573379178
"TLCD5",-36.4177483198473
"CYTH3",-36.4242959904232
"NICN2P",-36.4547420983247
"TBC1D8B",-36.4735969945879
"EID3",-36.4827264112199
"PHACTR2",-36.5202116093201
"MAST4-AS1",-36.5936480860759
"GAL3ST1",-36.617457059216
"LHFPL6",-36.6202572030817
"SAA2",-36.6242599491398
"LINC01932",-36.6347795814886
"FAM131B-AS2",-36.6469442399328
"ALDH3A1",-36.6491450963058
"ABHD17C",-36.6558198340409
"MMP25-AS1",-36.664046399565
"PTBP2",-36.6662169536717
"SLC1A1",-36.6719487096413
"THSD7A",-36.6987839155037
"TEAD2",-36.6998823068682
"ARHGEF28",-36.7081300049463
"ARHGEF38-IT1",-36.7114375276702
"LINC03109",-36.7213412526158
"DACT2",-36.7589643969811
"EPHA2-AS1",-36.7622363493968
"RHOBTB1",-36.7710164830678
"ACOT11",-36.7718912653508
"TMEM217",-36.7843852093992
"CALM2",-36.8096265809232
"EBPL",-36.8371276321235
"TANC2",-36.8402692394053
"MPRIP-AS1",-36.8601531230236
"CCBE1",-36.86629757423
"TPPP",-36.8698814658037
"LINC01091",-36.8842153005544
"PPM1H",-36.8951504460206
"GPD1L",-36.907273418181
"CFAP300",-36.9094983659055
"LRRC4",-37.0222015427668
"CYP4F11",-37.0285410446005
"C1GALT1P1",-37.058253498981
"FHOD1",-37.1432107716449
"C3orf52",-37.1575330933411
"TLN2",-37.2080366449604
"INAVA",-37.2326833857662
"GALNT12",-37.3030303191687
"DCST1",-37.311940688202
"SH3BP4",-37.3124838984086
"KRT27",-37.3163705601806
"SGSM1",-37.3196738054141
"C10orf67",-37.3239803742555
"RPS12P16",-37.3363080387034
"LURAP1L-AS1",-37.375180781206
"SENP8",-37.4137507247094
"DAPK2",-37.4185531048388
"ASIC4",-37.4382528150363
"CDHR3",-37.4384245099588
"MAP3K5-AS2",-37.4822057753757
"SORT1",-37.4927069319766
"LIMK2",-37.5188166321876
"SLC13A3",-37.5206967626694
"OVCH2",-37.5357725659858
"CDH16",-37.5362498482435
"RPL29P14",-37.5600123662872
"PNMA8A",-37.5770020140974
"LIPE-AS1",-37.5902943778596
"TRIM6",-37.6353658331357
"PPP1R1C",-37.6360026967461
"ZC4H2",-37.6750425914307
"SORCS1",-37.7193006434849
"NME5",-37.7270246105182
"GPR146",-37.7733555345319
"GIMAP7",-37.7824045039164
"RAB17-DT",-37.7853101606011
"SH3TC2",-37.7927921883841
"ADD2",-37.7942721217816
"MARK2P8",-37.797027415658
"FHIP1A-DT",-37.7997613725106
"PGM5",-37.8093573603731
"DDC",-37.83084066081
"RN7SL382P",-37.8450885126054
"MRNIP-DT",-37.8875378157608
"TMEM233",-37.8976211149317
"FOXP1-DT",-37.9509834288284
"ZNF461",-38.0378534864642
"LINC00470",-38.0425069996883
"KRT17",-38.0812554070256
"EPHB2",-38.103272486895
"JUP",-38.1611298828033
"CTBP2P8",-38.1783910739
"ARHGEF26",-38.1787216027362
"TPT1P10",-38.1789637601743
"IL20RA",-38.2463525253014
"ZSCAN9",-38.4039961221376
"LARP4B-DT",-38.4043300701354
"ANKRD27",-38.4165152140068
"GRB10",-38.42415285485
"MATN2",-38.4487011961316
"MEIS1",-38.4630619197082
"REEP1",-38.4739566481714
"RPS9P1",-38.4872888442067
"CYP39A1",-38.4878918570076
"FAM120C",-38.496600441825
"RPS23P1",-38.5182060195941
"ADIRF-AS1",-38.5254382689826
"TRPM6",-38.5493520594569
"CACNB1",-38.6150976135371
"DNMBP-AS1",-38.6801901257884
"RPS26P41",-38.6895419712062
"SCN1B",-38.751809161483
"IFITM2",-38.7604443034399
"ARHGEF10L",-38.77714384716
"IYD",-38.7805982008722
"RPL13AP12",-38.8233954679422
"RNU6-179P",-38.8321107879622
"ZMYND12",-38.8390804418046
"NOG",-38.8412280566009
"PRSS48",-38.8772899688826
"ADCY8",-38.8930665070597
"KLHL29",-38.9205766596994
"HLA-DPA1",-38.9880486116998
"LINC00923",-38.9907872554149
"LINC02796",-39.070127264696
"LCIIAR",-39.1700685783966
"RNU6-608P",-39.1985702844131
"TSPAN18",-39.2221818505881
"EGR4",-39.232586312082
"MAPK10",-39.2332919366682
"RN7SL180P",-39.2610983784788
"PPP1R3C",-39.2646283494239
"ORM2",-39.2912750936803
"ZNF503-AS2",-39.3183691370499
"DUSP6",-39.3275465196227
"KIAA0408",-39.3304248566666
"ANXA8L1",-39.37316501359
"SRD5A3",-39.3992322014661
"CYP4F12",-39.4359108288112
"TGFBI",-39.4486676833321
"CA13",-39.5185823463958
"MACROD2",-39.5234368193403
"TMEM139-AS1",-39.6465729783796
"LDOC1",-39.6674395246289
"LPCAT1",-39.6859271431011
"CTTN",-39.7063341299332
"ZNF559",-39.7296196359065
"CCN3",-39.7850409950224
"BEST1",-39.8102125978387
"IBA57",-39.8211609263245
"NFIX",-39.8282534462229
"DOC2B",-39.8897325731244
"KRT18",-39.9843356751087
"MIR1915HG",-40.0049526392941
"MYO1B",-40.0203551857804
"RUFY3",-40.0386500481947
"WDFY3-AS2",-40.0483371996896
"CASC9",-40.0713562935206
"MKLN1-AS",-40.0730362505604
"ARHGEF11",-40.0735376080142
"NDRG4",-40.1103037692547
"ZFP30",-40.1707141233943
"THBD",-40.1714739136438
"ANO4",-40.1865180410846
"RGMB",-40.1955535138533
"BRPF1",-40.2070173976488
"DUSP18",-40.2260661393415
"KRT18P31",-40.2639481581365
"TPRXL",-40.2931714318623
"DEK",-40.3653145928148
"EXOC3L1",-40.3784913802386
"ALDH1A3",-40.3893045014871
"C2orf15",-40.3929470840929
"FAM83H",-40.3942968528832
"SERINC2",-40.3948893226664
"NAP1L2",-40.4410435877398
"RNA5SP282",-40.4610336959861
"TRIM16",-40.5177795980842
"SORCS2",-40.5598828670574
"SLC43A3",-40.6383039384571
"PKD1L3",-40.6406410795369
"PRELID3A",-40.6524152469455
"GLB1L",-40.654069203058
"SPRY1",-40.6809963315426
"RPL29P27",-40.7034954265418
"MTND6P18",-40.708961617617
"TTC9",-40.7689339533165
"SPTB",-40.82485593106
"LNC-LBCS",-40.8262309325764
"RPL15P16",-40.8356144840034
"DNAH5",-40.853884061133
"RBMS3-AS2",-40.8787876604477
"SH3GL1P3",-40.8981261305167
"FHIP1A",-40.9212373138177
"EPHA1-AS1",-40.9372221048263
"CCDC60",-40.9493714254907
"CCDC40",-40.9543467426641
"DHCR24-DT",-40.9704551668483
"ARGFXP2",-40.997485488021
"MBOAT2",-41.0083341281623
"MACC1-AS1",-41.0248728915812
"TENT5B",-41.1492513868255
"ZNF677",-41.1614418834376
"MIR200CHG",-41.1637268605944
"CYS1",-41.2223985658836
"TAPT1-AS1",-41.2270629017583
"MATN3",-41.2350120157918
"PLEKHG4",-41.34641577825
"RNF175",-41.3467221490742
"SDSL",-41.3800331540477
"PGM5P4-AS1",-41.4442235130041
"CRIM1-DT",-41.4906328834841
"FGF14-AS2",-41.4914608269959
"DBI",-41.6185796870157
"MEIOSIN",-41.6453644750582
"ROR1-AS1",-41.6531264134093
"AZIN2",-41.7326450627438
"LRRC61",-41.762362571237
"RAVER2",-41.7681214763175
"ZMYND15",-41.8223681029234
"FAM169A",-41.8439905364356
"PLS1",-41.8703609581758
"CLUAP1",-41.8705141798662
"LATS2-AS1",-41.9188803897898
"CYP24A1",-42.0099846689127
"AXL",-42.0460435297526
"SYT15-AS1",-42.0565477928504
"CRYAB",-42.0938726122377
"WASIR2",-42.1104290405723
"ARMT1",-42.1266840171028
"SBSPON",-42.1798970789251
"AHR",-42.1814121082433
"GOLM1",-42.2305905765942
"DGAT2",-42.2342179643404
"RPL7L1P12",-42.2679234943759
"LRRC8E",-42.3077593665729
"LPAL2",-42.317855287826
"CFAP276",-42.3246899587125
"VSTM4",-42.3831475192617
"ACVR1B",-42.3954174698362
"PPP1R9A",-42.4004299648856
"CPNE4",-42.504021357879
"SLC7A8",-42.535796578887
"HACD2",-42.5395645552929
"MYLK-AS1",-42.5894278249912
"DYNC2H1",-42.5965247420684
"ZNF135",-42.6624439938106
"TNKS1BP1",-42.7705397873655
"APLP2",-42.7861434275835
"RPL23",-42.8129715372846
"EXD1",-42.8205611142306
"ST3GAL5-AS1",-42.8478744854476
"EPHA4",-42.8623350433442
"ASAP3",-42.8851086824486
"OSMR-DT",-42.8930780688062
"LINC01550",-42.8962981650776
"PYROXD2",-42.9396995363002
"SLCO1A2",-42.9690376290954
"TMEM139",-42.980667639811
"WDR90",-42.9822994551061
"ARHGEF5",-42.9881558030264
"HPSE",-43.0172548010748
"CPM",-43.0443391468788
"CORIN",-43.0451491344961
"PREX2",-43.0716581534636
"GK-AS1",-43.1054258604664
"PTPRO",-43.1252617899501
"PPIC",-43.1379266715528
"INAVAP1",-43.1406471256748
"CLTRN",-43.1697649292777
"NFIA",-43.1751218087849
"LINC00472",-43.1775637583098
"ZNRF3-AS1",-43.2717700925928
"GPC5",-43.3362250658899
"SPINT1",-43.3650031039897
"ZNF28",-43.3904496189232
"COX6B1P3",-43.437551071742
"PKDCC",-43.4648482737856
"ROBO3",-43.4814785458993
"SLC6A6",-43.5216370662439
"RBFOX2",-43.5420175718228
"LIFR-AS1",-43.5456305062225
"SMIM43",-43.601312382279
"PARM1-AS1",-43.6054598967257
"KRT8P45",-43.6102268799612
"RHOBTB2",-43.6183688880863
"LINC01003",-43.6400197995476
"ATP2C2-AS1",-43.649047647722
"ITGA9",-43.6912670894777
"STK32A-AS1",-43.7318887219317
"IFI44",-43.7394339139357
"LINC01315",-43.744291272691
"FLVCR2",-43.7598674890718
"LINC02478",-43.8681653036979
"LINC00926",-43.8944736286286
"PCNX2",-43.9130463391239
"CCSER1",-43.9871223458691
"PTPN3",-44.0603924904025
"KCNE3",-44.0873679607967
"FOXP1",-44.1266504244881
"HIVEP3",-44.1363659791828
"TESC-AS1",-44.1387077468528
"ZNF649",-44.1506372627884
"EPCAM-DT",-44.2096689387329
"RHOXF1",-44.2746628326646
"NAB2",-44.3224830201575
"HEATR3",-44.3762818072171
"EFEMP1",-44.3785311911694
"CRISPLD1",-44.4202927483165
"CAP2P1",-44.4328822009848
"PON2",-44.4718655378986
"SERPING1",-44.4736938175603
"FAM47E",-44.5254226897395
"TGFB2",-44.5963914292525
"MIR4458HG",-44.612179192276
"LIPG",-44.6359576664083
"PRSS23",-44.7137456012125
"RN7SL683P",-44.7710906413874
"POT1-AS1",-44.7905193294365
"SNRPGP15",-44.8040109072722
"CRYM",-44.8257161737297
"PTCSC3",-44.8388980259198
"CLIC4P2",-44.851026659988
"LYSMD2",-44.8514293588084
"SHROOM2",-44.8652980321952
"RAB4A-AS1",-44.8698083869116
"VEZF1",-44.9390983361547
"SEPTIN7P10",-44.9661401306276
"MYO6",-44.9844992955459
"ANO5",-44.9918252898868
"PNMA2",-45.0171290540506
"PON1",-45.020131485293
"SHANK2",-45.038315726921
"EML1",-45.0621207162669
"MVB12B",-45.0645624395019
"RTL8B",-45.06494902343
"HMGB1P8",-45.0865045735699
"PARD6B",-45.1022268700596
"MYLK",-45.1306379331709
"LRP8",-45.1528627250849
"FXNP2",-45.155547645922
"MAB21L4",-45.1555980203346
"RPSAP5",-45.199700945744
"ZNF415",-45.2430008261252
"HSD17B6",-45.2501097469252
"THRB-IT1",-45.3305171880267
"PCSK5",-45.382207911362
"EMILIN3",-45.4022721605951
"LINC02989",-45.4293627625654
"RN7SL308P",-45.4567253829235
"PHLDB2",-45.459582801249
"ST6GALNAC5",-45.4868485400016
"SORBS1",-45.5163982918395
"LINC01460",-45.5649154911447
"TBX19",-45.5748758853685
"TRIL",-45.6382940303483
"NOSTRIN",-45.9554154903877
"MYZAP",-45.973192053853
"RPL36AP44",-45.9886629609663
"LINC02489",-46.0151492822957
"TMT1B",-46.0296279453667
"IRX6",-46.0383498206323
"KAAG1",-46.0723481333268
"KRT18P35",-46.0780133046536
"B3GALNT1P1",-46.1320824509776
"RPLP0P3",-46.1410191692869
"TMEM256P2",-46.1585939568053
"ZDHHC15",-46.1590720536178
"ZNF573",-46.2128430746571
"ERRFI1-DT",-46.3273105814724
"CLCN5",-46.3643232118016
"ADGRG2",-46.4901388128531
"GNMT",-46.4907089412389
"TPRG1-AS1",-46.5206790263168
"IL34",-46.5568561554147
"MPL",-46.5835131807135
"ST6GALNAC1",-46.5942402495523
"SERTAD4",-46.6188735318953
"SETMAR",-46.625560826394
"ATP1A1-AS1",-46.8078175892691
"RBMS3",-46.8273015156805
"CYP1A2",-46.870186085169
"AADAT",-46.8879427672585
"LINC01671",-46.9080733003523
"EFNA2",-46.9524849405474
"RAB7B",-46.9768884352614
"KASH5",-47.0516326982288
"ADH1C",-47.1144298362474
"DECR2",-47.1286412602048
"FSTL4",-47.1826234986187
"SPRY4-AS1",-47.1973236173511
"LINC02754",-47.2312429155482
"BMP4",-47.3028383778498
"SPINK5",-47.384529499206
"ADAM9",-47.4233404008898
"ANXA4",-47.4756849569932
"DUS4L-BCAP29",-47.488220212442
"CDS1",-47.506307227809
"MBIP",-47.5253546959297
"TNFRSF1A",-47.5360064790887
"SLC35E4",-47.5494549741219
"GSDME",-47.5544153002151
"TUSC8",-47.5755283429736
"METTL27",-47.6052294636841
"CPE",-47.6278370663921
"RORB",-47.6405818302308
"ENDOD1",-47.7114576638823
"CLCP1",-47.7124915763529
"ALDH7A1",-47.7373857468959
"ITGA2",-47.7723374391579
"SLC10A4",-47.7966439567045
"TTC23",-47.8372093483819
"CIAPIN1P",-47.9498382822431
"SLC18A2",-48.0359556189618
"RNU6-733P",-48.0398677644803
"EGF",-48.1063678816093
"WNT3",-48.1190003116088
"GRM3",-48.1219311744229
"LINC02004",-48.1379732320682
"TEX38",-48.2424905697915
"TJP1",-48.3154174879044
"ETNK2",-48.3202889816396
"MARVELD1",-48.3216858568208
"SH3RF1",-48.3253099834557
"TNIK",-48.439356109288
"IGFALS",-48.4577866163135
"PATL1-DT",-48.5857932122372
"SEMA6D",-48.5960789694178
"PSMA2",-48.6134183591969
"FBXW4P1",-48.6353159938283
"MARK2P18",-48.6490984425078
"SKIDA1",-48.6747963761357
"PTPN14",-48.7905246768632
"SFN",-48.8178237096889
"EEF1A1P3",-48.8743249105538
"FKBP9",-48.9687676057253
"KRT18P57",-49.0042998730398
"FZD1",-49.0392837549157
"LINC01996",-49.0527937487372
"SLC27A4",-49.1408776199278
"CCDC13-AS2",-49.1784209006824
"DPPA2P2",-49.1863592192028
"TGFB1I1",-49.2283216298202
"SLCO2A1",-49.3299303150359
"ASAH1-AS1",-49.4022982195923
"PALM3",-49.4117606100428
"SELENON",-49.4890580463049
"KCNQ3",-49.5073881754773
"SPINT4",-49.5733792706693
"HMGB1P24",-49.5922811998645
"RUNX1-AS1",-49.6092311579171
"WDR31",-49.6174137249259
"RPS15AP37",-49.6724600242005
"LPCAT2",-49.6901381876869
"GLIS3-AS1",-49.6995235452471
"ESAM",-49.7251463557127
"NFE2",-49.7266171158062
"C4BPB",-49.7829386208674
"P2RY2",-49.7835936761077
"RBM11",-49.7847424742933
"KLK10",-49.7907197954776
"FAM138B",-49.8495975836977
"CYP2S1",-49.9349437218216
"ZNF610",-50.1127580030422
"ATP1B1",-50.126806151093
"EDIL3-DT",-50.2292782808973
"MOBP",-50.2634366084075
"CDH26",-50.3273771453098
"ZBED2",-50.4513157011844
"PTX3",-50.5328364741866
"ADAM1B",-50.5537978355397
"EMSLR",-50.5630284755755
"SMAD1-AS1",-50.5811468429212
"SNRPF-DT",-50.6289127863328
"NUDT7",-50.6454034636046
"HGD",-50.658436152894
"SMANTIS",-50.7182121207381
"LGALS4",-50.7295127310863
"HIF3A",-50.7343944362423
"PLA2G3",-50.8013193410937
"SOBP",-50.8580052163696
"PALLD",-50.9326923759717
"HERPUD2-AS1",-50.9994374381693
"NPTN-IT1",-51.0633953562858
"NUDT14",-51.0641173707602
"GRTP1-AS1",-51.0671282112989
"RUNDC3A-AS1",-51.1123767507663
"SAA1",-51.1259549433037
"WNK3",-51.1347632626508
"NME9",-51.1488429234322
"LRATD1",-51.1527145790216
"IMPG1",-51.1531043722564
"ZCCHC14",-51.1616266420491
"SDK2",-51.1664904491924
"EGOT",-51.1818283649173
"NNMT",-51.2084634298659
"USP49",-51.2422796062588
"ZNF662",-51.243097186968
"C22orf31",-51.2533892782458
"MAML2",-51.2647101090407
"ZNF613",-51.3178617533323
"GEMIN2",-51.325190065346
"NEFM",-51.3502371027839
"MIR663AHG",-51.356164979586
"ASMER1",-51.4541982318167
"MEIS2",-51.4680803504362
"ZNF219",-51.5055623096835
"GRK3",-51.6208527779717
"LINC03014",-51.6653925245242
"SEZ6L2",-51.6873484008013
"NREP",-51.8967675364268
"OVOL2",-51.9383622077997
"FABP5",-52.0544291875927
"ZNF691-DT",-52.1200696594576
"RNF217",-52.2305375438698
"PCDHA12",-52.2408217924215
"FGFBP1",-52.2632005307405
"IFI27",-52.291835607535
"E2F1",-52.3151888756088
"COL23A1",-52.3498718418516
"SLC19A3",-52.384102812481
"DMXL2",-52.3878081244938
"DCDC2",-52.4495633891596
"ZNF750",-52.5164771719574
"PPM1N",-52.5193829108889
"C1orf198",-52.5340609671104
"ATP1A1",-52.6043982059588
"NEDD4L",-52.625793408106
"ZP3P1",-52.6620037255292
"PITPNM3",-52.7618973529359
"NRXN3",-52.7868718425726
"PLA2G10",-52.836174237569
"HBEGF",-52.8455632830741
"FTH1P4",-52.8532868763371
"EPS8",-52.8840684818965
"COL27A1",-52.9311550797797
"SLC35G1",-52.9474549245097
"MRPS21P9",-53.1284685695054
"PELATON",-53.2355727211081
"PTGFR",-53.253891410016
"GLRB",-53.2542741614382
"ANKS6",-53.3695715706189
"COQ8B",-53.517560282047
"LINC02894",-53.5478483227681
"ARHGEF16",-53.5503536922229
"EGFR-AS1",-53.5628608390941
"TNFRSF12A",-53.6837735475291
"SVIL",-53.6851537806697
"MPP3",-53.6999698310985
"MMP15",-53.9224671333574
"RFX2",-53.9350774748408
"TSPAN12",-53.954591624168
"OCRL",-53.9713922675158
"LINC00887",-54.0740489802053
"LINC01767",-54.1480825553006
"RBPMS",-54.1633787829753
"PAQR8",-54.2193201631855
"KLHL25",-54.2330138210764
"TMEM144",-54.2482839485608
"CTXND1",-54.2602840709014
"ZNF774",-54.3981510071163
"SLFNL1",-54.4260665149836
"SYNDIG1L",-54.4332661836794
"CCN1",-54.4540756454818
"MPDZ",-54.4554551813434
"DLGAP1-AS2",-54.4626077913857
"MAGI2",-54.4627533775448
"ITGB1-DT",-54.4974281882249
"LRAT",-54.5586525708858
"MAP9-AS1",-54.5599510049955
"TENT5A",-54.6139789238952
"POU5F2",-54.6599166368383
"PAQR5-DT",-54.7016589222608
"MSX1",-54.8196209926788
"LPIN3",-54.8764676185321
"FPASL",-54.8978391321102
"CACNA2D2",-54.9033280985557
"GATA6-AS1",-55.0136207664934
"PARD3B",-55.0993650685592
"PLA2G4A",-55.1078838172033
"NALF1",-55.1213751672539
"HYMAI",-55.1544130474985
"LINC01269",-55.1811260133219
"LANCL3",-55.1811675922964
"DANT1",-55.1828896102887
"LDLR",-55.1911197922816
"ZNF680",-55.1984292323151
"SLC22A31",-55.2073927851715
"LINC02977",-55.2121028070397
"EPS8L1",-55.213420199779
"SLFNL1-AS1",-55.2424759141543
"NIPA2P4",-55.2909681745671
"FGFR3",-55.3089128539252
"GLOD5",-55.3168354056875
"IFTAP",-55.3910177603277
"SEC14L6",-55.4049333982805
"CDH3",-55.4084783510922
"INPP5J",-55.5689634518012
"SHB",-55.7800796136152
"KCNJ5",-55.8032687730225
"SULT1C2",-55.8385870241626
"PLSCR4",-55.8530128917524
"PSD3",-55.8725169543123
"PCDH1",-55.8968700742263
"RUNX1T1",-55.901365583414
"ZNF879",-56.090296049638
"LINC02019",-56.1721118915134
"ACVR2A",-56.2632769229774
"MOK",-56.2657435032998
"CEP15",-56.3450132274612
"PTK6",-56.377848317413
"RPL32P26",-56.3982287451438
"PENK",-56.4455400314762
"STOX2",-56.4579645767875
"SYT17",-56.5320190465241
"LONRF2",-56.543164855121
"KRT4",-56.5491441673801
"RPL23AP32",-56.5532381965934
"WIPF3",-56.6008835166611
"PAICSP7",-56.6183462405728
"FGF9",-56.6693874992935
"MYOZ3-AS1",-56.6866562977417
"LIPE",-56.7486501196834
"GMPR",-56.7708040629823
"TGFBR3",-56.7734512697825
"KCTD9",-56.7765487239714
"EDNRA",-56.8212475898645
"VANGL1",-56.836395676991
"USP13",-56.8754154526803
"SCARF1",-56.8811119553015
"SLC2A12",-56.9271324117701
"TMC4",-56.9761981918464
"ARRDC4",-57.0171958599148
"SMAD9",-57.0917728830575
"PCSK2",-57.1702234763502
"CLDN9",-57.2570468432216
"CMPK2",-57.2644909152068
"S100A2",-57.2783932866757
"DNALI1",-57.3191660923704
"TWIST2",-57.4840210712895
"KHDRBS2",-57.5062691553746
"PITPNM2-AS1",-57.5796666004951
"GSTA1",-57.6294285934971
"IL17RE",-57.6964276697406
"IGFBPL1",-57.7178921604115
"ACOX2",-57.7322518651518
"RGL3",-57.7325691298529
"CHST10",-57.745415076052
"TCF7L1-IT1",-57.7457669812807
"RPH3AL-AS2",-57.7493422934306
"OSBPL6",-57.7662349750473
"NRGN",-57.8274712795407
"PPP4R4",-57.8464412216052
"HUNK",-57.994587355795
"ANKDD1B",-58.011217902752
"CACNB4",-58.0694238066172
"CCL28",-58.0759751017749
"GOLGA7B",-58.2209950844058
"SREBF1",-58.24748560638
"CRTC3-AS1",-58.2755243313125
"TATDN1P1",-58.3510705473462
"SYNE1",-58.3777310021749
"BTBD3-AS1",-58.3829948255738
"PLEKHA6",-58.3901464834452
"CLIC2",-58.4044200730098
"SCUBE2",-58.4824475775648
"GHET1",-58.4952642420393
"TINAGL1",-58.5348569245505
"TBILA",-58.5711012200462
"PIGV",-58.6037351390136
"CMBL",-58.6087432983175
"SEC14L3",-58.6278075789909
"TMEM54",-58.6282316669664
"ACE",-58.6852627272181
"BTC",-58.7386727592273
"TTC6",-58.7721122419131
"PRKCE",-58.7856981197842
"COQ2",-58.8187976360614
"THAP10",-58.8435985410127
"GRTP1",-58.868896350571
"RN7SKP83",-58.8756293162381
"MMAA",-59.1258944484827
"GCAT",-59.1488297400659
"TLR2",-59.1513903906573
"CYP17A1",-59.2194925820439
"CTF1",-59.2324028202775
"OR1F12P",-59.2740227828424
"PRTG",-59.290017926423
"LINC00539",-59.3087422915826
"RMST",-59.321154556909
"SGMS1",-59.3624208868806
"CHIA",-59.4340916509648
"PKP4",-59.5473677208753
"PCSK9",-59.5509595317585
"FBXO27",-59.5536182355729
"B4GALNT3",-59.6574367091616
"ZNF704",-59.657659627526
"ARSL",-59.7290383888291
"ESYT3",-59.7799480116935
"ADGRL2",-59.7956054982354
"SPATA7",-59.798281629379
"ZNRF1",-59.8307598985036
"IMPA2",-59.847255102943
"MIPOL1",-59.9083198345269
"BTBD3",-59.93232770202
"SEMA3B-AS1",-59.9453572341392
"RANBP17",-59.9771657169856
"THRB-AS2",-60.0164629377305
"MUC15",-60.0206295492977
"RAPGEF5",-60.0934248368682
"ARAP2",-60.146213074208
"PHLDA3",-60.1729243740521
"CXXC4",-60.2162691156181
"CAPN13",-60.4189845201048
"ADGRG1",-60.4298411478686
"ATP2C2",-60.567894367665
"MTARC2",-60.6226888516188
"DKK1",-60.6779574442126
"EHD2",-60.7154379862071
"MYRF",-60.7327762824444
"GSDMC",-60.7349742094458
"DENND2B-AS1",-60.8584213359502
"FCHO2",-60.883034124847
"MIR181A2HG",-60.8990931903564
"POU2F3",-60.9353000899174
"LINC01359",-60.9489030893865
"RNA5SP216",-60.9727860349289
"TIMP3",-61.0078178765808
"SLC2A10",-61.0207535208766
"NR2F2-AS1",-61.0588196308508
"SCUBE3-AS1",-61.0798310308211
"PRKAA2",-61.2896830485137
"FMO4",-61.3962699752769
"RPL23AP58",-61.3970233861804
"TNS2",-61.4206926540015
"PTPRU",-61.5495450597357
"ENO4",-61.6016738642457
"TMEM17",-61.661912993832
"FOXJ2",-61.6868650448412
"CHRNA7",-61.7314680565159
"RNASEL",-61.7470958364977
"GUCY1B1",-61.7540203419919
"CLMP",-61.8230061645325
"HLA-DRB1",-61.8235341390611
"TSC22D1",-61.8278513492242
"CEACAM16-AS1",-61.87715343935
"SCD5",-61.9401544019215
"AASS",-62.006880865276
"ADCY6",-62.0140684034486
"HLF",-62.0600147774076
"HLA-DRB5",-62.0612430879021
"TPPP3",-62.3596423799254
"RTL5",-62.3897319476448
"MISP",-62.4106209704478
"ADGRG6",-62.5311029242463
"C8orf88",-62.7214136997001
"L3MBTL4",-62.7256591558892
"ALKAL2",-62.8251339427095
"NCKAP5",-63.0669370577866
"GLCE",-63.163413638022
"FAT1",-63.1820947858694
"SLC25A51P3",-63.2401201230196
"RANBP3-DT",-63.3136869029047
"TPST1",-63.5809243137295
"TAF4",-63.5993977962783
"CCDC181",-63.7515157625749
"PEG3",-63.8313257071273
"RHOXF1-AS1",-63.8638413172441
"PCAT19",-63.8874426353368
"NPAS2",-63.9658677688097
"PDGFRL",-64.2551645778805
"EPHB4",-64.3142076834838
"RAB11FIP5",-64.3164878709853
"SRI-AS1",-64.3719880618863
"ZBTB5",-64.4144944739642
"HPR",-64.4253910593575
"ACTN1",-64.4492683129644
"DMRTA1",-64.6166912243523
"BACE2",-64.698952796899
"RPL26P6",-64.8587425612148
"ZNF141",-64.8952221781516
"ANXA1",-64.9056267559777
"ZNF623",-65.0166099987252
"CPNE2",-65.1122043197502
"SNCAIP",-65.1676013761572
"RAB27B",-65.2229745507515
"MITF",-65.5194452069319
"FAM241B",-65.5578956850384
"TSPAN6",-65.5917076219534
"TNIP3",-65.6225291253852
"GNG12",-65.6322572821501
"RPUSD2",-65.6654947402577
"RPS15AP30",-65.8081266060535
"CMTM4",-65.9735261787256
"SCN1A",-65.9754152216411
"SLC47A2",-65.9853035422991
"EIF3LP3",-66.0067524935939
"SLC16A4",-66.0489596602889
"SLC5A8",-66.128540170837
"GLT8D2",-66.161355615624
"S100A10",-66.220749128015
"RBPMS-AS1",-66.221828053002
"NDRG2",-66.3801006281357
"BAHD1",-66.4085436358422
"MYBPHL",-66.5092862302355
"INF2",-66.5141483947139
"ARMCX1",-66.5575613463166
"TNFRSF19",-66.5816842068883
"PBX3",-66.6646499376569
"ZDHHC1",-66.7384700664091
"NANOGP9",-66.7499614705292
"PTCHD1",-66.7883406635202
"IFITM3",-66.8079295787471
"SHISA2",-66.8256879163019
"SEMA3E",-67.0504224753491
"GLIS2",-67.0920388771766
"ETV5",-67.095438428793
"ATP10A",-67.1399401374139
"MST1R",-67.1439692369375
"PRKCH-AS1",-67.2169115526512
"MYOZ3",-67.2512814455369
"CRIP2",-67.2639476683606
"C1RL",-67.2734968505124
"LNCRNA-IUR",-67.3478226177253
"SLC1A2",-67.4409445221817
"LINC02680",-67.5157723806659
"GNG12-AS1",-67.554563733571
"FAM110C",-67.6233993629206
"RPA4",-67.6976214908302
"EVL",-67.7606170214854
"BAIAP2-DT",-67.9505827425342
"RPS29P11",-67.9973485437586
"CTNNBIP1",-68.0151233626122
"SYTL2",-68.1123655439382
"PPP1R13L",-68.1413746487155
"PLAGL1",-68.1690897283127
"NXN",-68.2850380284432
"PTGES",-68.3839471896105
"CA8",-68.5761801694355
"TLR3",-68.7062560859162
"TRPC3",-68.8640979417916
"GABRE",-68.969561987089
"RGL1",-68.9766018436889
"RHPN1",-69.0097836901534
"AGTR2",-69.1751493152884
"COL16A1",-69.259537565548
"NAALADL2",-69.5288469617856
"RAI14-DT",-69.6681227813784
"DOCK9",-69.7741733343759
"KCNK5",-69.9933974535461
"CSF2",-70.0122927216473
"AGBL1",-70.0145051338029
"LINC00261",-70.037054546255
"EFNA1",-70.0712899910961
"MRC2",-70.1706502547217
"PTPN21",-70.1711575424302
"TCP11L2",-70.4994719457864
"MAGI1",-70.6040592076757
"RAB20",-70.69946687616
"INTU",-70.7023494385064
"ZNF57",-70.7470934814588
"FDPSP3",-70.7826842752051
"MAST4-IT1",-70.785702340963
"HPCA",-70.8213092327407
"LNMICC",-70.9003459433355
"GPRC5D-AS1",-71.0068007952048
"QKILA",-71.0234218897507
"KNDC1",-71.0737777764041
"TMEM45B",-71.1717404648429
"EFR3B",-71.2267738683387
"MID1IP1",-71.2468816727131
"CENPL",-71.2872440271261
"PLOD2",-71.3018726464544
"MIOS-DT",-71.3067417868646
"RAB38",-71.4623059149409
"DSC2",-71.4757498772112
"PRDM16",-71.4901130567474
"PPP1R9A-AS1",-71.6560042839954
"HLA-DPB1",-71.70574295607
"PLCXD3",-71.7220952309636
"FERMT2",-71.8140648495765
"S100A6",-71.8228022494967
"ATP11A",-71.8577378777905
"SESN3",-71.8585453780222
"MIR100HG",-72.0246471538939
"GTF2IRD1",-72.1978674876161
"C1orf115",-72.3547701479288
"RAI2",-72.4461966394513
"MTND5P2",-72.7294567924219
"DOCK1",-72.7653542604558
"EMP2P1",-72.9203981411067
"AKR1C3",-73.0285323948913
"LINC02410",-73.193744602947
"NECAB1",-73.1964347807049
"MEGF6",-73.3344389597657
"LINC02635",-73.3635206117941
"SFTPD-AS1",-73.5025755125248
"BEST4",-73.5410232484931
"XAGE2",-73.5682335283462
"F11",-73.7052802915365
"CCDC68",-73.8026813391779
"LANCL1-AS1",-73.8806290700494
"ZNRF3",-74.0014866699742
"PRSS22",-74.0269513771368
"OLFM1",-74.049873506484
"AARD",-74.0975717137999
"SNX7",-74.2985867768902
"TOX3",-74.3435769417532
"AJUBA",-74.3773837874466
"IGF2BP2-AS1",-74.4445484590332
"PPP2CB",-74.4900771083495
"CIART",-74.5289049271972
"TSPYL5",-74.6139885032788
"COL4A5",-74.6597996485343
"TLR5",-75.0184834280785
"CEBPD",-75.0566715754781
"MS4A15",-75.067564520529
"ADGRA3",-75.1309315539652
"GALNT18",-75.2137659816249
"LINC01612",-75.2473728665586
"PRR13P2",-75.3582299635623
"TNFSF14",-75.3816346520557
"TMEM213",-75.3904732391703
"ATP11A-AS1",-75.4210203958596
"TCEAL2",-75.4709144605001
"IQCA1",-75.5354460830294
"LINC00930",-75.553127953961
"SEMA4F",-75.646569955671
"DOCK4",-75.7625065284356
"SERPIND1",-75.843724766868
"GFRA3",-75.8587483193884
"PRKG1-AS1",-76.0384717339578
"LRIG3",-76.1194036664187
"PLXDC1",-76.3126084008173
"SYPL1",-76.3279721802818
"YOD1",-76.4374097797272
"ABCC6",-76.4598188364013
"ELAPOR1",-76.5541099029023
"APBB1",-76.5677010514878
"TRNP1",-76.5755530407864
"RNF180",-76.614167301481
"LRRN4",-76.6518917551439
"ANKRD22",-76.7005240477649
"DSEL",-76.9076043463949
"ZNF687-AS1",-76.9628152751266
"USP31",-76.9785346365906
"BICDL2",-77.029159544677
"FNBP1L",-77.0837987696548
"TXNRD3",-77.1371752643573
"ZMYND19P1",-77.5015696294533
"ZNF714",-77.5584178209425
"CSF3",-77.5637671359619
"USP44",-77.614610800875
"SCHIP1",-77.639235836564
"SMAD1",-77.6610992580486
"SYT15",-77.6664759521547
"SYNE4",-77.7937810503716
"MTUS1-DT",-78.0634434204351
"LINC00710",-78.1476800198028
"MAP1LC3A",-78.1646954106365
"MPIG6B",-78.3970002139826
"LINC02555",-78.4246980235088
"ESRP2",-78.5088268482927
"FOXQ1",-78.5862973184339
"STK32A",-78.5980386125991
"SAMD5",-78.6370554758438
"SLC19A2",-78.663343975967
"PRKCQ",-78.7250960875502
"CSF1",-78.8525446309259
"SHROOM3-AS1",-78.8995718867914
"ODAM",-79.0755927234155
"GXYLT2",-79.1009898105552
"DONSONP1",-79.1964767095026
"ARHGAP32",-79.6057633724408
"NR3C2",-79.6721161975198
"PLEKHH2",-79.9047083300326
"EPHB3",-80.1383921299553
"NUP50P2",-80.1615318889907
"ATP8B1-AS1",-80.252057474459
"FAM83E",-80.2529721331261
"OSCP1",-80.8960124930774
"GLI3",-80.9203124412685
"HECW2",-80.9393390529442
"CDON",-81.0600684001745
"ATP5PBP1",-81.120247702734
"MPZL2",-81.1928154055194
"TLCD3B",-81.2212339938202
"CUEDC1",-81.2491118688464
"PLXND1",-81.273343855197
"IRX2-DT",-81.2810033611078
"EVPL",-81.526827741604
"MARVELD3",-81.6586848709145
"RGN",-81.9833240905206
"PLEKHG3",-82.0993289851872
"CYP4X1",-82.1610324569335
"RPL7P19",-82.1888170182816
"SNHG18",-82.2446279067932
"FGA",-82.4397706493411
"BDH2",-82.6458003134519
"TLCD3A",-82.7063064755621
"THNSL2",-82.8257612715883
"ENAH",-82.9380879861891
"DMD",-83.0006934908248
"HMGB1P51",-83.0122763992784
"JPH1",-83.101522899285
"TMEM125",-83.1053946464819
"BEND7",-83.3000389194998
"ID4",-83.34751241068
"AXIN2",-83.3511469574548
"NR2F2",-83.5058980930941
"EPB41L4B",-83.7204594879688
"RPL34P6",-83.8493610791231
"ERBB4",-84.1757427824506
"PYGO1",-84.3934135160287
"KIAA1671",-84.3953397312167
"FUT3",-84.5882502751672
"ATP8A2",-84.6534169456488
"NCKAP1",-84.9720000397203
"ENPP5",-85.4756673550774
"IRF6",-85.4947073054036
"TLCD2",-85.6278362112396
"CAVIN2-AS1",-85.7889070881206
"CNN3",-86.1379980641912
"CLIC6",-86.2053160283889
"PBX1",-86.480367757844
"TPBG",-86.4881874300126
"TCF7L1",-86.7199044224834
"USP2",-86.7300917303129
"RAMP1",-86.786926263499
"RASAL2",-86.8425687858412
"ACSS3",-86.8633017761898
"CASZ1",-87.1443854035363
"MGST2",-87.3030349282339
"NDUFA9P1",-87.337865600758
"LGI3",-87.3429922607582
"KCND3",-87.3548974886113
"PLEKHA1",-87.9186354030334
"WWTR1-AS1",-87.9929443214844
"TMEM185B",-88.3690400042038
"SASH1",-88.5246069625877
"IFIT2",-88.5419894335801
"SPRED1",-88.8000661612784
"SORL1",-88.8130938591298
"ORM1",-89.4594763974935
"TUSC1",-89.466245212395
"SHC3",-89.470393390928
"HKDC1",-89.4754003563328
"CEACAM1",-89.533776755223
"ADAMTS1",-89.5443002414634
"FBLN5",-89.7062739284034
"PCAT1",-89.7194325139108
"EPB41L3",-89.8393317844265
"PRICKLE2",-89.8481526442088
"UPK3B",-89.8780475710424
"HSD17B14",-89.956437311067
"PLS3",-90.0782724275022
"KAZN",-90.1213204267842
"TDRP",-90.4152460306115
"CPAMD8",-90.5413998614096
"DANT2",-90.5418723389515
"AMMECR1",-90.6020695234122
"CCL20",-90.8232794793972
"FAAH",-91.0655002486722
"TNFRSF10B",-91.0994270905442
"ME1",-91.1093821097466
"ZNF462",-91.1694557117177
"FMOD",-91.3234023416879
"OPHN1",-91.3341397405213
"RPL7P46",-91.4485123767485
"FOXP2",-91.4675987253361
"APOH",-91.7273859065386
"SULT1A2",-91.8241299240743
"GRHL2",-91.9267751577782
"EVA1C",-91.9353505003816
"CTDSPL",-92.0264137799556
"ATOH8",-92.0973181270366
"TREM1",-92.267825496536
"C9orf152",-92.3539617043734
"SYBU",-92.3543638318673
"SOCS2",-92.3839136659711
"TSPAN15",-92.5019680198347
"FRY",-92.6353878549501
"SLC26A9",-92.8530896314504
"CEP112",-92.88599443621
"SLC44A3",-93.1812961279972
"MUC21",-93.4595206630431
"CERS6",-93.4618349844918
"ARRB1",-93.4645165379363
"PLCH1",-93.6882853054018
"STEAP3",-93.7347013672518
"S100A9",-93.9802540779635
"SCN9A",-94.0038584598952
"GGTLC1",-94.2020327104088
"PLEKHA5",-94.2036138628481
"GPM6A",-94.2177452902052
"WDFY3",-94.2557959777743
"MAP9",-94.3134093251786
"DPYSL2",-94.4061537363365
"PKP3",-94.5047589513543
"ELF5",-94.6489387589749
"CARD6",-94.6582624855136
"C8orf34",-94.9119369482699
"PDPN",-94.9679058372195
"LINC02018",-95.1468273031856
"CFAP221",-95.1702375995583
"ADORA2B",-95.7978594293928
"TFPI",-95.8618826092601
"DAB2",-95.9316361450243
"OBSL1",-95.9560444969636
"ROR1",-95.957727491901
"NDN",-96.0766286060157
"WASF3",-96.1608796324615
"FGFR1",-96.1880913910285
"ALS2CL",-96.387766555851
"CDKL2",-96.4270889190033
"LINC00609",-96.5647829986416
"DENND2B",-96.716215593978
"NR1H2",-96.7967916232487
"PROS1",-96.854399867406
"PCLO",-96.955051411744
"NHSL3",-97.021590134341
"MANSC1",-97.0442047893152
"ANOS1",-97.0809402061302
"STAT6",-97.0912996451368
"LINC01290",-97.2017922551964
"EPPK1",-97.2441016765927
"RNF128",-97.2469695558838
"RORC",-97.2660995241024
"LAMA3",-97.9202818170349
"KRT8",-98.0572912760072
"RIPK4",-98.0814201030267
"TRIM22",-98.0824664545765
"C6orf141",-98.1045265157805
"HACD1",-98.2488311516474
"RAP1GAP",-98.313294677699
"ITLN2",-98.4124601186345
"MIR99AHG",-98.5578246114044
"ZNF503",-98.5601075774595
"ARHGAP29",-98.5802574995722
"NECTIN4",-98.6615334495053
"CKB",-98.8045781535905
"CCNJL",-98.9514339338726
"GPRIN2",-99.092733202341
"FMO2",-99.1418449161021
"ADAMTS9",-99.269685490857
"FREM2",-99.4146266848601
"GOLT1A",-99.6151285519957
"PELI2",-99.6351776736073
"PLXNB1",-99.637411649428
"SLC6A20",-99.8499231065704
"RASSF9",-100.057725733128
"KCTD14",-100.153500083671
"SHE",-100.282807665285
"COL12A1",-100.533569304491
"HLA-DRA",-100.62223087025
"SCN1A-AS1",-100.640114857371
"PID1",-100.792196087588
"NIBAN2",-101.060244853761
"PLPPR1",-101.095805623336
"P3H2-AS1",-101.129253339493
"PCP4L1",-101.166435198387
"SHROOM4",-101.446040244916
"ETS2-AS1",-101.70143614207
"ANTXR1",-101.765243977276
"AFF3",-101.871408468237
"OTULINL",-101.937436557434
"KLF5",-102.04027186888
"IGF1R",-102.27551836251
"MAGI2-AS3",-102.291895082312
"SELENOP",-102.69335126175
"WLS",-102.754137487666
"ERRFI1",-102.840713723244
"BOK",-103.090160580992
"ADIRF",-103.363055507681
"TBC1D4",-103.795036958111
"SHTN1",-103.940247788352
"GPAT3",-104.331952262818
"LONRF3",-104.740333384564
"NAV2-AS1",-105.091688632767
"SPRED2",-105.625094978922
"SLC25A37",-106.209201951277
"GNAI1",-106.237261651798
"TMEM92",-106.49991553992
"CDCP1",-107.395700690429
"CELF2-AS2",-107.777361415203
"PTGFRN",-107.984786862973
"CYP2U1-AS1",-108.508999108233
"LCN2",-108.676237616603
"PAQR5",-109.248033677023
"APBB2",-109.434070661606
"TMEM163",-109.754381977589
"PPARGC1A",-109.786516786445
"DAND5",-109.856551857105
"ERP27",-109.992602884306
"HNMT",-110.150900513458
"MTARC1",-110.258952917338
"MYO10",-110.693017507739
"THSD4",-111.219646017796
"WWP1",-111.257958261041
"EVA1A",-111.732822422645
"CGN",-111.844401129639
"STXBP1",-111.935249153855
"IGSF3",-112.006600506183
"SNTB1",-112.10639708241
"DDR1",-112.22417911137
"ABCC9",-112.25103624511
"TANC1",-112.35975131494
"TEAD1",-112.395994488719
"BAIAP2L1",-112.557476125793
"CCDC141",-112.561756002663
"EDIL3",-113.209487171134
"EDN1",-113.263644368134
"GRAMD2A",-113.391411662871
"C14orf132",-113.730492218935
"TUSC3",-114.156960057063
"ERBB3",-114.479199828532
"LIMCH1",-115.075802166483
"ADGRF1",-115.100187401311
"TCEA3",-115.198100695604
"MFHAS1",-115.62965686198
"DLG2",-115.75088767507
"ENTREP1",-116.254664804614
"CCDC149",-116.552332934277
"ARSJ",-116.558352714039
"F3",-116.611250176006
"PTK7",-116.746065217423
"TNFRSF21",-116.800814635522
"RETREG1",-117.023665743342
"MALL",-117.128836329894
"CCDC152",-117.777268321149
"STARD13-AS",-118.231988343739
"HLA-DMB",-118.49600630697
"AMOTL1",-118.828893043632
"ZNF483",-118.905843898258
"TMEM37",-119.184804196092
"ERICH2-DT",-119.296775737853
"SESTD1",-119.345517048161
"TUBB4BP8",-119.545036687932
"CYP27A1",-119.828683902857
"RASGRF1",-119.892774856478
"AMOTL2",-120.397832889548
"C6orf132",-120.690192092417
"CA12",-120.726011556654
"ADGRD1",-120.764022762257
"CES1",-121.062475649729
"NPR1",-121.717014539327
"COBL",-122.044752747881
"ZNF516",-122.43545459533
"CREB3L1",-122.485115100575
"PTPRM",-122.953782411473
"NSUN7",-123.571477234609
"C10orf95",-123.616135801777
"LAMC2",-123.673179324238
"PVR",-124.077636110772
"CAPN3",-124.382916391787
"SEMA3B",-125.005316746043
"HNF1B",-125.181853204228
"CDH1",-125.193066140951
"LRMDA",-125.626489338018
"RNU6-633P",-125.795463866178
"KCNJ8",-125.946858256434
"NRP2",-126.419346689349
"AUTS2",-126.815083865247
"H1-0",-126.909836063085
"ANKRD65",-126.980529188582
"IRX3",-127.088703227694
"CA2",-127.695984078113
"C8orf34-AS1",-127.769831216569
"EPDR1",-127.785402588715
"SPRY2",-127.945513002073
"SDC4",-128.206386164455
"KIFC3",-128.590574658634
"PDK4",-128.868607481445
"HTRA1",-129.280993205777
"GCNT4",-129.43162861778
"CYB5A",-129.840029700704
"MYH14",-130.077677047166
"SPRY4",-130.622925292787
"ABO",-130.876185393603
"LRRK2-DT",-131.431256748732
"STON2",-131.70311129253
"KCNS3",-131.94686941848
"IFI44L",-132.977956940089
"PRR15L",-133.644609616781
"SPTLC3",-133.66150222511
"SYT15B",-133.688335933942
"CFTR",-133.816717314398
"PPP1R1B",-134.128650344702
"CCDC9B",-134.4127575372
"VEPH1",-134.757894360448
"C3",-135.28401702459
"LRRC36",-135.292381652243
"IRX5",-135.300563880277
"PARD3",-135.385165636965
"SEMA5A",-136.10207801761
"KITLG",-136.464658794604
"SLCO4C1",-136.505624834166
"MET",-136.794418748352
"DSG2",-137.249771190294
"PFKFB2",-137.946285415528
"FOXA1",-137.95840439057
"TMEM98",-138.102616929984
"EDNRB",-138.119333698837
"B3GNT7",-138.270614375648
"FAM20A",-138.521565796516
"CAVIN1",-138.526443940611
"DMKN",-138.624889182284
"SLC7A2",-139.970076748246
"LINC02471",-140.066240033432
"CPB2",-140.154179526001
"TBC1D2",-140.3810173634
"STC1",-140.541107990327
"MMP7",-140.953780778216
"SMIM22",-141.187309051248
"PDGFC",-141.215872030155
"MPP7",-142.329828148651
"LTBR",-142.36984100809
"ARSD-AS1",-142.467609113632
"TSPAN7",-142.853302213468
"ANKRD50",-143.021615853552
"CLDN7",-143.315987556883
"SMPDL3A",-143.557953298085
"MICAL2",-143.682999545176
"HOPX",-144.449674668961
"DDAH1",-144.710183681231
"SCEL",-145.84385686029
"SMARCA1",-145.966199607079
"MCTP1",-146.621775560602
"AADAC",-147.182846996895
"C1orf210",-147.491413346131
"PLXNA2",-149.129738813745
"TJP3",-149.152591009762
"SCD",-149.379480101837
"GPC4",-149.419404853241
"GSTA4",-149.674226638868
"GLIS3",-149.945256016994
"LRRK2",-151.145955343301
"PLA2G1B",-151.44729855253
"FAM3B",-151.57001226493
"SLC22A23",-152.098608818528
"SLC4A4",-152.826849632984
"RAB17",-153.378491950047
"IL18",-153.66810988489
"GKN2",-153.834073126652
"FILIP1",-153.906559598092
"PPP1R14C",-153.970869509965
"TOM1L1",-156.94929359902
"AKR1C1",-156.989751512494
"MUCL3",-157.359771062057
"GUCY1A1",-158.336245126383
"SGPP2",-158.701994069074
"PTGS2",-159.02207675749
"LAD1",-162.005024606627
"CDC42BPA",-162.533424980519
"LAPTM4B",-162.917035550083
"B3GNT8",-162.918439777058
"FMO5",-163.171786397745
"FAM184A",-163.683859895545
"VWA1",-163.767813117657
"DPP4",-164.180661191247
"CANT1P1",-164.945000395858
"CEBPA",-165.11153275633
"NUPR1",-165.243856175374
"C4orf19",-165.785403977553
"ANXA3",-165.899626275628
"CAVIN2",-166.469660255216
"CNKSR3",-168.081680343342
"ACSL1",-168.139298916383
"CTNND1",-168.660167196795
"DUOXA2",-168.912882203924
"AK1",-169.14580350201
"SYNE1-AS1",-169.493901515234
"KLF4",-169.740690007991
"GAREM1",-169.948160872684
"CYP1B1-AS1",-170.080131381199
"GCNT2",-170.423312854732
"TSPAN1",-170.800918397732
"IL1R1-AS1",-170.811855286113
"SCTR",-172.290449850288
"OR2I1P",-172.893224303342
"TNS1",-173.181500008245
"CEACAM6",-173.945491112459
"TC2N",-173.962294674176
"LRP6",-175.235596539682
"PARVA",-176.004291826913
"PTK2",-176.425094804125
"FNIP2",-176.466372601951
"PCDH9",-176.840013517465
"PEG10",-177.036383229136
"CXCL8",-177.058044760799
"PTPRK",-177.4625991605
"RAB32",-177.824736609084
"PTGR1",-179.631502736317
"ZBTB16",-180.207985865689
"FHDC1",-182.345774338387
"PAPSS2",-183.120239533016
"ETS2",-183.284382972541
"WWC1",-183.96740025646
"HHIP-AS1",-184.724634010442
"AP1M2",-184.731097079284
"CGNL1",-186.222494118889
"KRT8P3",-187.318338616305
"PLA2G4F",-187.899119412171
"GRB7",-188.325132894142
"ANKRD29",-188.365793448643
"ARSD",-189.65411786471
"SHROOM3",-190.52199169072
"FGG",-191.353738651511
"KCNK1",-191.484126601411
"ERICH2",-191.806928097107
"SDC2",-192.777328127805
"GNAQ",-192.958660629577
"CDC42EP1",-193.292209429401
"NECTIN2",-193.550421393783
"LPL",-193.727995919054
"CYBRD1",-193.912512729871
"LRATD2",-194.997931238792
"BEX3",-195.409294602405
"IRX2",-198.867594139851
"ETV1",-199.433002204851
"ALDH1A1",-200.662450041593
"TMC5",-201.266730988958
"NKX3-1",-201.455524958823
"CXCL1",-203.20009975141
"EXPH5",-204.399730866377
"TFCP2L1",-206.62854591318
"DUOX1",-207.47872037557
"MARVELD2",-207.486774935259
"KCNJ2",-208.900492132375
"GDF15",-209.07021778243
"ANK3",-209.935049525974
"FGFR2",-210.141097924826
"ALOX15B",-211.392229651078
"ESRP1",-211.808353738339
"BMP3",-212.481683918809
"FRMD4B",-212.588702566847
"SCNN1A",-212.905604478065
"GATA6",-212.990478429114
"KIAA1217",-213.59572317992
"TMEM30B",-214.024287408925
"LINC02967",-214.959765244676
"EPHA2",-215.507272766212
"CD36",-215.685232045936
"CA3-AS1",-217.930483978432
"ACADL",-218.52576134439
"SCGB3A2",-219.62862149443
"CCND1",-220.315116258488
"WWC2",-221.652429302067
"AZGP1",-223.279964992369
"NKX2-1-AS1",-224.371259429234
"NHSL1",-224.555118746717
"CAPN8",-225.658749707791
"PTPN13",-226.331304682353
"SLC22A3",-228.594781171352
"NTN4",-230.891426639562
"AGR2",-234.367724968244
"NPNT",-234.972062543857
"C1orf21",-235.6970550827
"CSF3R",-237.280889620914
"S100A16",-238.925336562895
"ZNF385B",-241.250813778942
"C1orf116",-243.061073093073
"NR0B2",-243.575475201652
"CRIM1",-244.670286281954
"CLDN1",-245.851732460958
"BMP2",-252.700571434242
"FOXA2",-252.764820774012
"EFNA5",-254.75526079912
"TPD52L1",-255.654812813599
"ATP13A4-AS1",-256.456105943694
"RIN2",-256.583679608211
"CALCRL-AS1",-258.523459906085
"DOCK5",-259.317383842652
"MMP28",-260.433284175043
"SFTA1P",-260.784791141307
"COLEC12",-262.33071922385
"NEBL",-262.349229514023
"WWTR1",-262.43825357568
"HP",-263.557401519741
"KRT7-AS",-263.565356926902
"CFI",-264.719042019638
"LTF",-265.694525911901
"PON3",-268.214530371294
"CTSE",-269.721341972493
"NDNF",-270.655202138893
"ELF3",-270.873095590857
"HAGLR",-271.987204252948
"EGFR",-272.985851516181
"TNFSF15",-273.007164976287
"ARFGEF3",-273.226950316012
"PTPRF",-273.524559219153
"FLRT3",-275.651467338046
"HPN",-279.057488841701
"AQP1",-279.925998548313
"PDZK1IP1",-284.146282404233
"GJA1",-286.545299422932
"LURAP1L",-288.099248580678
"RAB25",-288.940148787767
"GPRC5C",-289.160951309012
"OCLN",-291.062844336296
"HHIP",-291.89003891981
"VSIG2",-296.854801551272
"HOXD1",-298.328619403382
"MAL2-AS1",-302.163074331144
"HSPB8",-303.002549165834
"ITGB6",-308.57892829297
"TM4SF1-AS1",-311.55810235652
"CXCL2",-313.882905944582
"KRT19",-316.195738150384
"KCNJ15",-317.732201135379
"CLU",-322.398517857729
"DMBT1",-323.082941449442
"YAP1",-325.940899564219
"EMP2",-326.299867757212
"LIPH",-327.448253147972
"CXADR",-328.136758948684
"WIF1",-328.289179429052
"CYP1B1",-333.390980752521
"LAMB3",-334.443762478705
"AGER",-334.768871483795
"KRT7",-337.857946522052
"MECOM",-339.725841836811
"DUOXA1",-346.332973721278
"P3H2",-355.286837535093
"CHI3L1",-356.531433448493
"NAPSA",-359.046808265109
"RAI14",-360.197983071721
"ATP13A4",-365.670776611582
"MLPH",-366.549987732711
"IL1R1",-367.928469056616
"LMO3",-370.036512924868
"ROS1",-378.482794428355
"MSLN",-380.949665558732
"TACC2",-406.910763808389
"SLC6A14",-413.54566617817
"MAOA",-420.997344632964
"MUC1",-428.37032360251
"CLDN18",-434.040971896281
"EHF",-435.724782982489
"SGMS2",-436.631849464773
"AGR3",-439.803481424368
"SERPINA1",-446.970077454312
"STEAP4",-448.37719941194
"ADGRF5",-449.651514273143
"CRTAC1",-451.135681257303
"SUSD2",-451.840599537842
"CYP4B1",-452.603038596548
"TACSTD2",-462.049372048296
"RASEF",-462.137138951971
"TM4SF1",-462.677161817949
"SCGB3A1",-466.011331625121
"DHCR24",-521.643600705801
"PGC",-529.18130400671
"RNASE1",-529.70376891914
"TMPRSS2",-536.545062147389
"CLDN4",-558.138152970898
"ABCA3",-562.936947192588
"ALPL",-565.845514161603
"DLC1",-577.4318932979
"SFTA3",-581.03083113293
"S100A14",-590.158094082866
"SLPI",-593.247791856092
"SLC34A2",-632.85960357075
"NKX2-1",-633.457142629439
"GPRC5A",-635.898249057666
"MAL2",-641.426732002605
"C4BPA",-655.523301965474
"SFTPB",-668.357867235644
"SELENBP1",-669.709312937467
"PIGR",-679.207286378295
"C16orf89",-697.574386080749
"AQP4",-702.940951553852
"LAMP3",-705.964650951966
"SFTPC",-715.867834994177
"SDR16C5",-717.106517096155
"PRSS8",-751.756313777112
"SFTA2",-762.297753143477
"SFTPA1",-769.659966838015
"SFTPA2",-807.985122433864
"LMO7",-837.502230515849
"TCIM",-886.752303648533
"WFDC2",-919.849912747234
"PEBP4",-939.727042905298
"MGST1",-974.442678471965
"CXCL17",-1065.64765463984
"EPCAM",-1239.53307340413
"FOLR1",-1360.46253758445
"SFTPD",-1554.25633345443
