"gene","rank_metric"
"EPCAM",1470.93924850281
"TACSTD2",1458.55471265301
"CLDN4",1205.08742059763
"MGST1",1156.99971424598
"GPRC5A",1046.80828796815
"C3",1023.62837611072
"TGM2",857.292481527805
"FOLR1",854.323756084497
"PIGR",851.087164561151
"TFPI",828.035963884552
"WFDC2",799.769665769949
"EMP2",797.221323808786
"CEACAM6",795.537542149315
"CXCL17",764.591951628888
"SLC34A2",730.084252143096
"MMP7",718.587690426968
"MPZL2",702.149277721645
"SLPI",665.460175040978
"CTSE",645.685294290049
"SFTPB",645.284966745437
"S100A16",635.105511383531
"PON2",633.128001898384
"TSPAN1",632.549274271301
"ASS1",615.731872569001
"CLDN1",612.845839392144
"AGR2",602.706211641585
"LAPTM4B",600.643469644507
"NAPSA",598.705474780305
"MAL2",595.891531601257
"SELENBP1",586.401930455265
"TM4SF1",572.543285589823
"CEBPD",566.511106707812
"C4BPA",553.422519665056
"CXCL2",546.635703093543
"SCGB3A1",543.238303692633
"PDZK1IP1",522.416210017224
"DHCR24",514.53903217423
"KRT19",512.344326685129
"IFI27",507.684920864993
"CLDN7",499.518277316632
"IGFBP4",499.235543896826
"APP",493.203712306416
"PRSS8",484.408498259185
"CCN1",468.34350412497
"NECTIN2",462.627220124606
"RPS4Y1",461.7157629356
"RAB25",441.8616983555
"SFTPA2",437.83425754801
"SFTPD",423.795869151278
"SFTPA1",413.963892101082
"MUC5B",408.957785125784
"TMEM125",404.477132744762
"C16orf89",401.14512297781
"ERBB3",389.987947205425
"TSPAN8",388.744964617855
"CTSL",388.644129396915
"AQP1",388.600948525011
"TM4SF1-AS1",382.874006662365
"TIMP3",375.756526254315
"RBPMS",373.049200105947
"AGR3",372.267200386936
"CFB",368.292651526323
"TMC5",368.084778297709
"CCND1",364.459000980088
"HTRA1",364.405350392749
"IMPA2",362.706781314565
"CXADR",359.446583357216
"NKX2-1",359.396642191462
"VWA1",359.093236976131
"TSPAN4",357.045415284882
"AGTRAP",354.7206505061
"MALL",353.659636853362
"JUP",353.561116822529
"OCLN",347.760490108879
"SCGB3A2",346.936866426499
"EFEMP1",345.967520601013
"KRT8P3",342.423872917768
"SLC22A31",340.061903431452
"SERPINH1",339.906439670946
"SLC44A4",334.423842177195
"MLPH",330.702643636974
"PTGR1",330.013324124452
"PKP3",329.421715130855
"GDF15",327.120692984112
"STEAP4",326.463070015552
"LCN2",326.063085873944
"TFAP2C",325.854573799259
"CAVIN2",325.811153264189
"KIAA1217",324.745606003499
"S100A14",311.421606489154
"KRT7-AS",310.448754596721
"NRP1",309.753872131016
"ACADS",305.645974917148
"CXCL8",304.919882250536
"KRT7",303.362202065141
"TCEA3",300.652209277037
"EPHA2",296.849107427588
"CP",296.257483290109
"AQP4",295.841141036763
"SFTA3",294.51178042075
"HNMT",292.638497195807
"EVA1C",287.428962180968
"LAD1",286.866938274226
"EDIL3",286.076946309572
"ACTN1",285.586816803237
"AP1M2",282.463331001308
"SPINT1",279.630884908459
"C1S",279.041842401568
"SPINK1",277.418591671817
"TSPAN15",274.321492019643
"BPIFA1",273.461579913556
"CAPN8",269.53467255609
"TMEM54",269.253223430421
"SPDEF",267.03444651167
"MSLN",266.685999141705
"NUPR1",265.607305934974
"FLNB",264.780579854345
"C4orf19",263.208792266678
"SMIM22",263.203341584182
"CLU",261.495210644803
"SORD",261.307811758009
"OR2I1P",258.744926198253
"H1-0",258.643249777918
"CST3",258.241183521368
"FOXA2",258.157489050822
"TCIM",255.545576175203
"LIMCH1",254.663320708804
"CDC42EP1",253.731045302702
"TNS1",252.767535538954
"ANXA3",252.593604117854
"TMEM37",251.59217762834
"GPC4",250.229424374755
"LMO3",249.099462485709
"RBMS3",247.950942496977
"OSMR",247.738231318457
"PRR15L",245.745377106073
"SERINC2",244.400172542272
"HOXD1",243.929228270675
"ABCC3",242.784717762414
"SGMS2",242.15901661961
"TMPRSS4",241.697640090076
"CDCP1",241.127126933311
"NRP2",240.657431857913
"CDH3",239.767962230313
"CAVIN1",237.55966232982
"PPIC",236.146381576092
"MUC1",235.839058047352
"AQP5",232.971173519178
"FGG",231.620158421259
"NFIB",230.799454436076
"ABHD17C",230.779083430539
"ITGA3",230.389718264183
"LAMB2",229.114066449128
"LAMP3",229.068379522928
"CALCRL-AS1",228.64322011425
"KCNK1",227.994967424171
"GNAQ",227.551456907588
"GPRC5C",227.517969604825
"ABCA3",224.663090385478
"IL1R1",224.521527106627
"TMPRSS2",223.808903013336
"KIF23-AS1",223.599805522382
"EGFR",223.060631239245
"MYOF",222.569343942905
"STXBP1",220.187638858163
"ERRFI1",219.575880849441
"SFTA2",218.614318280285
"BPIFB1",216.386006707987
"EPS8",214.254552784926
"ST6GALNAC1",213.771940710046
"DSP",213.619956253558
"DMKN",212.529999807341
"LIPH",211.321108929976
"SPRY2",210.507242510788
"HAGLR",209.728262920938
"IGFBP2",209.31704479919
"MAOA",209.268728397434
"TMEM98",207.973945267129
"SLC6A14",207.746659280931
"LMO7",206.553056893423
"PLEKHA5",206.243111321172
"ADGRF1",205.787152973591
"SCNN1A",203.791300430286
"PON3",202.712854414713
"STEAP3",202.35150662318
"C1orf116",202.232629513743
"TNFSF15",202.00796890392
"C8orf34-AS1",201.312356691602
"CFI",201.211515512691
"SFTA1P",200.337387916183
"HPCA",198.925513847626
"PLS3",198.431219980544
"SCGB1A1",198.133879050845
"MUC4",197.820266856797
"CAVIN2-AS1",197.784629365778
"CHI3L1",197.265576299991
"SDR16C5",197.211664431815
"ANKRD65",197.157416752952
"CPNE2",197.142511662763
"ENAH",197.029350978603
"EFNA5",195.599789591514
"WWTR1-AS1",194.661121905321
"RAI14",193.990161236272
"KCNJ15",193.751860399349
"PPP1R9A",193.163562169958
"CX3CL1",192.900078943197
"SAA1",191.915939309054
"UBTD1",191.512057366086
"EHD2",190.220724796194
"KRT8",190.069055471735
"SLC40A1",189.322317739011
"SH3RF1",188.864591649462
"NR2F2",188.496527344201
"RNF144B",187.991285439208
"ALDH1A1",187.950828077033
"CPNE8",187.597498854091
"CYP4B1",186.896343489956
"ALDH3A1",186.020919960323
"HABP2",185.473201621486
"ITGA1",185.046986379788
"TSPAN6",184.760538688355
"PTPRF",184.750769081431
"ARSL",184.264960704146
"GNG12",184.156454353412
"VSIG2",181.890700714417
"IFITM3",181.865914002582
"DENND2B",181.437029090731
"ATP2C2",181.118922417473
"AKR1C3",180.550564759951
"ETS2-AS1",180.528211494314
"SERPINA1",180.293232264536
"NNMT",180.254951373043
"EXPH5",177.967667876207
"NTPCR",175.812584975657
"RAB17",175.566245170323
"PTGES",175.393030219869
"C6orf132",175.276846160589
"ZNF462",174.60869667474
"HS3ST1",174.412502973326
"KCNS3",173.905543599923
"CRIM1",173.749315507624
"AASS",172.796146896828
"IRAK3",172.717542864055
"NKX2-1-AS1",172.608588631891
"CDC42BPA",172.315011159467
"MAL2-AS1",171.380385451699
"RASEF",171.350845750263
"ITGB6",171.162189349665
"CYP4X1",170.877752907004
"MYO10",170.515258402668
"MECOM",170.27919484354
"CALD1",169.169217710937
"USP9Y",169.024324111679
"C1orf210",168.865565727849
"RCAN1",168.686288429847
"CEBPA",168.283345230453
"TMEM45B",167.766149633238
"WLS",167.044334848268
"ANK3",167.019668198097
"TUSC1",166.982481692426
"CYBRD1",166.605961071669
"RARRES1",165.823321693075
"SCTR",165.630371995888
"IGFBP3",165.327048927822
"LTF",164.563254444899
"GCNT2",164.035357045408
"SFN",163.771505782308
"LRRK2",163.667180949347
"AMOTL2",162.406595156418
"TOX3",162.333231185706
"PHC2",162.14059345651
"SORT1",161.720136241205
"ROS1",161.26513797086
"RIMKLB",160.828580589645
"AFAP1-AS1",160.624606936916
"NQO1",160.601939491557
"NDNF",160.591926360508
"THEM6",160.579722915602
"CYP2F1",160.554846602046
"PRSS23",160.101108691144
"TFCP2L1",160.011065643899
"IGFBPL1",159.172644984951
"CD24",158.560559441938
"TMC4",158.390465028613
"KRTCAP3",157.361604113724
"NCKAP1",157.332460268443
"SCD",156.401535543493
"CXCL3",156.286019706425
"MT1E",156.229999506091
"S100A9",155.851832663867
"CLTRN",155.631288288821
"IRX2",154.149324227036
"NHERF2",153.65763536112
"NECTIN4",153.612913597005
"ACSM3",153.583400610965
"OVOL1",153.323611808481
"TNFSF13B",153.260012623612
"DUOXA2",152.279844164652
"TRIM2",152.06432382066
"AATK",151.912983211565
"CDC42EP4",151.558695071173
"NHSL3",151.254310992592
"VEPH1",151.095966772382
"TEAD1",150.5894383
"COL8A1",150.587761451865
"RND3",149.948065007354
"KITLG",149.61792328032
"SLC16A5",148.87878181283
"NTN4",148.65705533586
"TBC1D2",148.536981147967
"ZBTB16",148.450559744251
"CFH",148.406747745361
"SMPDL3A",148.182400695582
"HLA-U",147.983514279222
"ELAPOR1",147.83459878152
"VMO1",147.818656976722
"RGS3",147.635136394816
"MARVELD3",147.282296106389
"ZNF385B",146.998737686744
"DMBT1",146.645988749204
"GSTA4",146.537218836137
"PLAU",146.122994866619
"KLK10",145.700402332675
"SMANTIS",145.376656110788
"CLDN10",145.301399749321
"CCNJL",144.843279406701
"SELENOP",144.609992854593
"MMP28",144.504724195975
"TNFRSF21",144.06544083824
"CRIP2",143.713430302551
"MAPK10",143.49242998416
"MACROH2A2",143.305694774247
"RIN2",142.85737960135
"C4BPB",142.397142406198
"FMNL2",141.692808918193
"WWC2",141.014132536091
"ESRP1",140.738555325781
"HSD17B2",140.735591020619
"GGT5",140.634761316101
"KLK11",140.357536776714
"SNX7",140.355866144717
"BMP3",140.140359544483
"CGNL1",140.014548630625
"BATF2",139.520553006967
"MYH14",139.454294997478
"GALNT5",138.808701683644
"EPPK1",138.694001685216
"IRX5",138.387381212483
"NIBAN2",138.312128049352
"PARD3",138.097498825383
"EGLN3",138.063288895703
"IARS2",137.87819478204
"IGFBP7",137.841047536599
"FAM83A",137.739606890124
"BAIAP2L1",137.229567922398
"ISYNA1",136.736705710572
"GJB2",136.041805789597
"TMEM92",135.80236404304
"HHLA2",135.657595559689
"DUOXA1",135.549601406182
"ITGA2",135.33716389755
"KCTD14",135.09206359475
"LINC02889",134.960014797776
"SMAD1",134.855070117802
"PARVA",134.781054794234
"NECAB1",134.25437447643
"COQ8B",134.23700578343
"AIF1L",134.143828429312
"HPS3",133.963805965942
"FAM3B",133.701643163038
"VASN",133.566636863544
"YAP1",133.546115922616
"MRPL44",133.485319351949
"IGSF8",133.074417985134
"MST1R",132.667934500013
"SLC4A4",132.368169907671
"SCARF1",132.072170229205
"C2CD4B",132.062778509378
"CACHD1",131.71666109757
"SESTD1",131.441941614335
"CTNND1",131.181575194549
"EDN1",131.107828971267
"B3GNT5",131.035181097023
"MYRF",130.951689581483
"TINAGL1",130.905448246547
"B4GALT5",130.678611996133
"SOD3",130.544912611209
"ERICH2",130.211173371587
"CA9",130.020900153479
"CRYM",130.001336998854
"LAMC2",129.995136573958
"ALPL",129.963549534654
"ARPIN",129.816576644393
"FRY",128.903556462153
"ANPEP",128.460627103037
"ELF3",128.394744201691
"MUC5B-AS1",128.320986183306
"OAS3",128.304337784997
"PYGL",128.235653095509
"FLRT3",128.188563909503
"PLOD2",127.843624258119
"CYP1B1",127.794554929521
"TRIM29",127.749484757275
"EPDR1",127.554155330925
"NAALADL2",127.497524531621
"KDF1",127.382984243635
"FAM20A",127.337607871267
"C19orf33",127.166807512266
"PROS1",127.10435320354
"ECHDC3",126.550486095143
"IFT22",126.533296927285
"TMEM164",126.529677450374
"KRT4",126.382904848938
"HPN",126.204214421443
"SPIN1",126.078586152342
"KIF13A",125.918629021102
"PCYT2",125.763532316419
"FHL2",125.752182980053
"EPHB4",125.738276117898
"PTPN14",125.728267358627
"CDS1",125.529876275453
"KRT18",125.474159955717
"FGA",125.271831819859
"ANGPTL4",124.905629617299
"TPD52L1",124.90067244376
"KCNJ2",124.476021566574
"CYP24A1",124.406268794511
"CYB5A",124.275016621737
"GLB1L3",124.118238369424
"CDC42BPB",123.858438430231
"SSH3",123.814184841816
"TENT5B",123.766616362464
"FASN",123.673632252792
"GOLM1",123.579856017487
"NREP",123.448069255497
"ESAM",123.429963526702
"TMEM30B",123.403245205651
"SHTN1",123.205049165793
"HP",123.118343144997
"RMDN2",123.079470946726
"RARG",122.801276132146
"GALNT18",122.751392390661
"GLIS3",122.736530876586
"SLC12A7",122.611503188553
"ESRP2",122.597271708994
"ALDH3B1",122.59158356859
"CTTNBP2NL",122.366761828234
"MISP",122.214273294384
"ID1",122.080625333413
"RIPK4",122.014590680542
"ADGRF5",121.066649062825
"EHF",120.776158204293
"PKMYT1",120.501110869984
"ST3GAL4",120.451373888697
"RNF39",120.078425236071
"PPP1R12A-AS2",120.029636617318
"CMTM8",119.906196494432
"IFT81",119.824125019417
"EPHB3",119.410700060419
"KCNQ1",119.325902989719
"ID4",119.083559851853
"GRTP1",119.033465582329
"NR2F2-AS1",118.986868685354
"CHIA",118.850798028192
"PLA1A",118.243232328497
"IGFBP7-AS1",118.176541093525
"PPP1R1B",118.113079183084
"PTGFRN",118.006751589152
"DDR1",117.290766722268
"TUSC3",117.253493468562
"CCNO",117.013017420855
"PPL",116.861678400804
"FAT1",116.311584162977
"SH2D4A",116.244727027401
"IL1R1-AS1",116.147875418487
"SHROOM3",116.032484029163
"SAA2",115.877690756224
"FUT2",115.818364809361
"STEAP2",115.816545478725
"PDLIM4",115.315845129261
"RHPN1",114.881901248714
"SUSD2",114.679720710222
"FBXW9",114.615595445583
"CD276",114.319460903941
"TLR2",114.071425340955
"EVA1A",113.867449399657
"FNIP2",113.858815899646
"TMPRSS3",113.6678479768
"CCDC68",113.649292151294
"NFS1",113.645664470768
"IRS2",113.604997962681
"ANKRD22",113.517646751331
"HKDC1",113.0172831569
"DSC2",113.008784492239
"GJB1",112.937760469739
"C8orf34",112.74644422409
"SLC44A3",112.684133180236
"LZTS2",112.193558846709
"FDXR",112.034249499193
"SHE",111.912947744872
"DLK2",111.803437798879
"RNASE1",111.770759920905
"RHOV",111.750269517719
"ARC",111.652251490523
"PLEK2",111.481777265668
"NPDC1",111.447768240282
"COL27A1",111.016868760831
"TMEM150C",110.943677786141
"GATA6",110.904941482142
"SLCO4C1",110.615822004424
"SMARCA1",110.573755891169
"PAQR4",110.431703991203
"ARRDC2",110.396043830865
"ACSF2",110.366940023026
"PPIC-AS1",110.196125472103
"TMT1B",110.146176049128
"NFIX",109.948774085325
"B3GNT3",109.892959699894
"ATP10A",109.833143064993
"SYNE4",109.827733765423
"CACFD1",109.822432700916
"LYPLAL1",109.735647711031
"LINC02967",109.726007386755
"IGF1R",109.709851619356
"EIF1AY",109.699100852211
"LGALS4",109.567314156408
"PKP4",109.484049276247
"COLEC12",109.465274822086
"PCDH9",109.450460178396
"SERTAD4",109.328249339944
"TEAD3",109.274407045823
"ABO",108.787115735271
"IL1RAP",108.471164173628
"SLC22A18",108.317397712013
"HRH1",108.225614003741
"SPAG6",108.053117489031
"LY6E",107.817911240286
"BOK",107.790761354856
"RAPGEF5",107.78380549465
"ARHGAP44",107.709286908449
"WWC1",107.67703982026
"TRPV4",107.572103815655
"PCP4",107.517043681044
"INAVA",107.388299234183
"MARVELD2",107.304076033677
"LIFR",107.263391887118
"IFIT3",107.0716777632
"CLDN23",107.044213015039
"MUC21",106.945492389176
"ADORA2B",106.880214462088
"KRT17",106.871317183285
"THBD",106.837271084409
"CBLC",106.807883982086
"PAQR5",106.764858007667
"IQCE",106.643549865232
"FERMT1",106.570453139223
"ANXA4",106.498911675458
"SHB",106.444717110964
"LMAN2L",106.168884007438
"LRIG3",106.117285077478
"ZNF618",105.746242864027
"PRMT6",105.734441216052
"SPINT1-AS1",105.733325324313
"ATP11A",105.425067937281
"CIMAP3",105.419574658759
"FLNB-AS1",105.394804813917
"LGALS3BP",105.325897217557
"ULK2",105.162454236671
"GALNT14",104.974505628072
"SCNN1G",104.883734742163
"TMEM51",104.863357437415
"RNF128",104.854515738532
"GUCY1A1",104.848885682896
"PYCR3",104.631030023379
"SH3BP4",104.624745316349
"ARHGEF10L",104.259098435808
"DSG2",104.087326964765
"FBLN5",103.964263710173
"FAM83E",103.753159722101
"RAB27B",103.63094622045
"ME1",103.294621921369
"CAVIN3",103.187181737353
"TTTY14",103.153326729079
"DOCK1",103.050485534116
"ETS2",102.883238211818
"TSKU",102.853122546255
"HECTD3",102.70667346467
"ADAM9",102.535568050993
"CCDC152",102.449555007832
"PLBD1",102.388604503924
"ZNF626",102.222239205445
"CBR3-AS1",102.202917968922
"DPYD",102.146690164534
"DUOX1",102.070065835436
"CGN",102.028222419692
"PER3",102.014147872575
"AKR1C1",101.895339648021
"AP1S1",101.806067374549
"SYT8",101.786473171227
"PDK4",101.781539674878
"DNAAF5",101.701489584515
"MTUS1-DT",101.547223353491
"FSTL3",101.417906630073
"NIPAL2",101.244846547779
"SYDE2",101.219211868315
"BICC1",101.15121331745
"TRIQK",101.136907765362
"PPP2R3A",100.945007106069
"AADAC",100.831367829778
"P3H2",100.721274891668
"SCEL",99.9931819096757
"GRHL2",99.9667739152938
"ZWINT",99.9492767074776
"RAB32",99.8418131291496
"ME3",99.7064361549472
"SIPA1L2",99.6187857780054
"ATP13A2",99.5537939431483
"EHMT2",99.5128933440758
"P3H2-AS1",99.4350624492442
"SERPINB3",99.3120235497287
"KCNQ3",99.289525985469
"SERPING1",99.187230082796
"MAPK1",99.1448598143537
"RFX2",98.8889945413308
"PTPN12",98.8425943979135
"MANSC1",98.7785948752441
"ITPKC",98.732788904803
"TLR3",98.6957081016481
"RAB20",98.5978184978121
"SOX9",98.5723728731178
"ARHGAP42",98.5118445152671
"ADH1C",98.2650429450853
"TLE2",98.2355185307569
"TACC2",98.0509676304036
"CASC2",97.9574092346269
"SIX1",97.9456909260564
"CAPN13",97.8758331200517
"HSD17B2-AS1",97.7986625276077
"FAM50B",97.6229241740168
"CBR3",97.6118726824832
"MACROD2",97.5969096267133
"DGCR2",97.5816113777183
"EPHA4",97.5561422499278
"DDX39B",97.5294815771117
"BACE1",97.5258730379435
"MIR205HG",97.4838991352789
"MSH2",97.4220147387414
"KCTD3",97.2465426290273
"PPP1R16A",97.2211847270517
"PDGFC",97.1072718889112
"SDSL",97.0001850248918
"CYP27A1",96.7435352038554
"SFMBT1",96.6471765756478
"PTK7",96.6348963921512
"PGF",96.5803195465365
"TCF7L2",96.3340730011131
"RASAL2",96.3223718091081
"OR4F3",96.2152624072638
"USP43",96.131518156275
"TTC8",96.104067406546
"SCML1",96.0254175015252
"FBLN1",96.0168964229064
"SLC7A8",96.0050079868137
"ASAP2",95.8883324076535
"OBSL1",95.8375247908972
"RFNG",95.6374070833202
"LINC02888",95.6296732824237
"C10orf55",95.4463985871511
"AFAP1",95.4230375884943
"SPTBN2",95.3928711308291
"CXCL1",95.3914652344261
"KLF5",95.1394033065225
"THNSL2",95.086234962769
"KLHDC8B",94.9436354814489
"CCNB2",94.8951222594953
"MAGI1",94.871534688143
"NBPF1",94.8524402089738
"PELI2",94.8491450699446
"FNBP1L",94.8456716169372
"VSIG1",94.7431729933933
"APOH",94.6296605636611
"PPP2CB",94.553994321228
"NDN",94.5169204098441
"VCL",94.5125674053023
"PPM1H",94.3842646598254
"WDR77",94.3603630825146
"HLA-DOA",94.34727293184
"TOM1L1",94.2760469712312
"TANC2",94.23829238727
"CTDSPL",94.1763259185254
"PALLD",94.158875253375
"SPRY4",94.1094928664102
"RAMP1",94.0837702017319
"FGFR2",94.04447511346
"ETV4",94.0111419682814
"APOL4",93.8387188927657
"EMILIN2",93.8255350386937
"GLCE",93.7964223638226
"IRX3",93.7493425715171
"ERI2",93.655241659576
"RHBDL2",93.3732126394757
"SLC46A2",93.3420127640148
"MOCOS",93.3318102362486
"MAB21L4",93.2211925692135
"ANXA1",93.1818783754503
"PTPRU",93.1112064697577
"PLCH1",92.9073265890501
"NDRG2",92.8862736235272
"ARHGAP32",92.8254296592356
"SRGAP1",92.751412801499
"KDM5D",92.737360573252
"ZW10",92.7039090303744
"RHOC",92.5431759569225
"GSN",92.3755230951238
"GULP1",92.3426017807667
"SELENON",92.2754001058217
"ACOX2",92.2186176885122
"TRPM4",92.1205387836941
"GPX2",92.04921032596
"PROSER2",92.0322870386069
"PTPRZ1",92.0101083696821
"FMN1",91.9845369219871
"PCP4L1",91.9799391045122
"GGACT",91.9185753720014
"DPP4",91.901265921225
"LRRN4",91.8838932976303
"FUT3",91.8229348802852
"PROM1",91.674422805799
"CPD",91.6401658491512
"RCAN2",91.6260980352906
"SULT1C2",91.6170560009407
"ARFGEF3",91.6106937947622
"DDX3Y",91.5961475433823
"LINC01436",91.5888237584891
"PCSK9",91.5843109562944
"CHST3",91.5607505697657
"MYO1B",91.50674865997
"GABRE",91.5026704454455
"FA2H",91.4404359110511
"ADAMTS1",91.4109892715304
"SDC4",91.383157434759
"MEGF6",91.3488232832765
"TMEM144",91.2860069708333
"GSTA1",91.2814847545261
"WWTR1",91.1189604043409
"GNA14",91.0042163814783
"EDN2",90.9729526454548
"TMEM94",90.9705909979794
"ALOX15B",90.7986813257541
"FERMT2",90.7966826426801
"IQANK1",90.7472835850602
"TNKS1BP1",90.6727312048979
"PDLIM7",90.6183038853282
"AGRN",90.5193167583864
"CYP2S1",90.4301780112584
"S100A2",90.4239079121972
"LDOC1",90.3749971743674
"ERN2",90.2864608877332
"DDX60",90.1388002646384
"LURAP1L",90.0413614213071
"CYP1B1-AS1",89.9993977823616
"OPHN1",89.9402662565114
"CREB3L1",89.5960592978945
"DTX4",89.5899179176838
"EGFL7",89.557066878728
"CAPN5",89.5457138110129
"MBOAT2",89.4921631390483
"ARHGEF17",89.4622913909292
"RAB34",89.4460693263575
"GPC1",89.4372404525804
"TLCD2",89.3894370770239
"ANXA8",89.3804504737501
"BMP2",89.3390522547576
"ASRGL1",89.273422869327
"BTC",89.2338262847697
"ZNF503",89.1403333752375
"RNF227",88.9849806073761
"SLC27A2",88.8829781520121
"TLR5",88.8810322274326
"ZMYND10",88.7797371158242
"TMEM177",88.7263317626887
"POLD1",88.7197716890632
"APCDD1",88.5907311173917
"CES1",88.5380981470533
"SPINK5",88.5324965720711
"PORCN",88.3521949606959
"TF",88.3127958989384
"SPRED2",88.2765576421608
"CLDN3",88.2369247289439
"SYBU",88.2346534770489
"ALDH4A1",88.2279521507426
"FAH",88.202970189944
"QNG1",88.1899488099421
"BAIAP2-DT",87.9964155537101
"SEMA4C",87.6872903917082
"AJUBA",87.6814735278804
"GABRP",87.6622073444619
"EPS8L1",87.5582045683862
"GPRC5D-AS1",87.4617922873987
"CFAP263",87.4154261524666
"MICALL2",87.381999171027
"DANT2",87.3797063751586
"RBPMS-AS1",87.3071271107211
"MCM2",87.2612299716538
"SMIM3",87.2207287367407
"FAM174B",87.2187764265634
"NR0B2",87.1657440487048
"LARGE2",87.034486170451
"MPP7",86.9340791432831
"CYP2J2",86.6963544910126
"RHOD",86.524932783957
"CANT1P1",86.5052923750146
"KDM3B",86.3932711285639
"PPP1R3B",86.2649704675513
"PFN2",86.2581815085071
"ADGRG6",86.1658691098341
"PPP1R14D",86.1521685983731
"PTX3",86.148838298384
"RASSF9",85.9273590316367
"FAM184A",85.9193437389555
"SHROOM4",85.9065856130862
"FUT6",85.8649540308329
"PITPNM3",85.8647582430153
"LRATD1",85.8479042879469
"PRKAA2",85.8449640975347
"STOX2",85.838300192107
"JAG1",85.7466669778053
"HENMT1",85.6111269968328
"NRAP",85.5335156809475
"FBXL18",85.3869890900685
"FAM83H",85.3219223654556
"PTPN3",85.2922455041855
"DNAH2",85.2752644538645
"THBS1-AS1",85.269130400937
"IL18",85.1291036306847
"RFWD3",85.0823022376318
"ZNF90",85.0410389371057
"RHBDF1",84.8688529769783
"ERP27",84.826399386452
"PPARG",84.8094952432227
"ZNF205",84.7660216448794
"HSPA4L",84.7576252521143
"EFHD1",84.7468678172981
"C6orf141",84.7443019473277
"ALDH3B2",84.6866500035369
"RTL6",84.6128481635595
"AMN",84.4530373639056
"MICA",84.3229821478418
"BACE2",84.2637980520613
"CDKL2",84.0839539889287
"LRRK2-DT",84.0829429619351
"PLEKHS1",83.9918838233055
"DUOX2",83.8993023208114
"PLEKHA6",83.8770596359001
"CNKSR3",83.863264456072
"PCDH1",83.806107477551
"SLC26A6",83.6868239402776
"ZNF486",83.6823144143492
"LY6E-DT",83.6749837574107
"BACE1-AS",83.6659598405428
"EDIL3-DT",83.5734310822754
"HSPB8",83.4557123453838
"MUC15",83.445568206339
"PMP22",83.4064964482864
"CCSER1",83.4006477672325
"NCEH1",83.3969581065178
"CELSR2",83.3807838559188
"PLEKHM2",83.3562790484947
"CYP27B1",83.3444256731429
"ATP10B",83.3211576158334
"SLC43A3",83.3090482581771
"TMEM176B",83.1975664119642
"CRABP2",83.197127257319
"IL17RE",83.1450885272103
"ZBTB47",83.0806761804494
"SPA17",83.0279952757513
"LINC02351",83.0122374119575
"CHD9NB",82.8793798928918
"ALDH1B1",82.8699601208456
"POMK",82.7192143712805
"SERPINB11",82.6643511501726
"PCDH7",82.579843439768
"EPHB2",82.3512763287273
"SH3RF2",82.2958694733677
"CAMSAP2",82.2133096818791
"SOCS6",82.1900667283205
"LDHD",82.1637154157767
"GK5",82.1404744477412
"CH25H",82.0982408671516
"GGT7",82.0313196199075
"LAMB3",81.9711743652636
"CYP7B1",81.9587599214379
"VNN1",81.8819805967309
"ACVR1B",81.6158129211875
"PAK6",81.5142133813043
"TFAP2A",81.4403110007743
"ABCA13",81.1586526520658
"MFAP5",80.9665797178995
"SHQ1",80.9457677653185
"MMP10",80.9407001005425
"PXN",80.9337069594757
"LOXL1",80.8509780396991
"ARHGEF28",80.7531956811712
"FST",80.7018829201453
"APBB2",80.6975211997757
"WNT7B",80.6954599008001
"ARNT2",80.5621450946687
"PEBP4",80.3695937779033
"PITX1",80.3663250645521
"GRHL1",80.3219769093297
"DYNC2LI1",80.3185759614938
"NOD1",80.2922166114174
"LGR4",80.1880581893742
"GPR27",80.0887284934343
"TDRP",79.8927944727117
"BTBD2",79.8861398230476
"CYP39A1",79.8220916266187
"SCD5",79.7442692162729
"PTGS2",79.679326971331
"DNAJA4",79.5513741965559
"NYNRIN",79.5408902599849
"PSKH1",79.4316312024373
"WDR24",79.4103899115542
"SIX4",79.3817306311439
"OR4F2P",79.3437934636234
"BCAM",79.2497146142377
"GRAMD2A",79.2248956585295
"TBC1D16",79.2244288754634
"SLC28A2",79.2178616547546
"FGF9",79.178382817874
"GCNT3",79.0978298341985
"METTL27",79.0518236332509
"CEP15",79.0270933145246
"DPH6",78.9624822059503
"OTULINL",78.9621550325842
"FOXQ1",78.922993941841
"CDK20",78.9224852000347
"CDH3-AS1",78.801715719494
"FBXL2",78.7377108892351
"DTWD2",78.6031955088871
"ENPP5",78.5923039027803
"PYGO2",78.556274589056
"HS6ST2",78.5531953522048
"CDHR1",78.5172504774195
"DNAAF3",78.5047481835505
"GIPC1",78.366758722987
"SCFD2",78.2830737608926
"TFPI2",78.2734320098133
"LRP6",78.1536975756631
"MID1",78.0099316168306
"MELK",77.9046169730709
"GLYATL2",77.8856136162787
"NLN",77.8688254823158
"TRIP13",77.8299941282106
"TRIM21",77.7902773363447
"GJD3",77.6645926536808
"ZFY",77.5631103740108
"MUS81",77.552018940228
"ANOS1",77.551626279989
"CDHR4",77.5234072514675
"ZNF330",77.3568869421483
"DMRTA1",77.2999610399202
"SOWAHB",77.2366586481966
"RNASEL",77.2247774605871
"CXCL6",77.1760651686874
"KLHL23",77.1655000395208
"GPR143",76.9626690327363
"SMARCD1",76.9576500288704
"TMEM132A",76.9118465450112
"PABPN1",76.8989383627999
"ATP13A4-AS1",76.8648956484576
"RCBTB1",76.8348964309542
"SPRED1",76.7736809143857
"MS4A8",76.7355532261369
"RPE",76.7081081653326
"P3H4",76.6976170604123
"RAD51",76.6501449427969
"LRP5",76.6383937519188
"CASKIN2",76.5987623521774
"ZNF559",76.5663340849526
"SNX33",76.4234939247387
"PRSS22",76.3734343741764
"MICB-DT",76.360460772535
"TBL1XR1-AS1",76.3253572156126
"PLEKHA1",76.3179032074833
"SMARCD3",76.2811400337145
"KDR",76.2429036443078
"PIR",76.2277445414534
"MITF",76.2007250646616
"KIFC3",76.1812666200437
"ACY1",76.065540870948
"ELOVL6",75.9576918122011
"DMXL2",75.9467715487941
"RGL1",75.8654620239889
"UNC5CL",75.8484951619599
"GCSH",75.8361762669316
"TRPV1",75.8328420428202
"SCARA3",75.7692772869532
"C10orf95",75.7033725831856
"DIS3L2",75.6759445820136
"RMI2",75.6306722115248
"NGFR",75.6234627355499
"CITED4",75.5911268802314
"MKS1",75.5889539187986
"CLDN18",75.53250917506
"PLA2G3",75.5149967672434
"LONRF2",75.5001731945566
"TMEM104",75.4909813136454
"NKX3-1",75.4825615482785
"BTRC",75.2675917274178
"ERICH2-DT",75.2143965952221
"RAB15",75.180511484291
"LRMDA",75.1143149875882
"SSX2IP",75.0632039545175
"ALS2CL",75.0122350263133
"CTSD",75.0070165294287
"CLEC7A",74.898846955404
"DPP4-DT",74.8712134890499
"CFAP95",74.7154579079805
"CHL1",74.7102931127468
"PXMP4",74.6459845101785
"SGSM2",74.6249226256723
"GJD3-AS1",74.3902946647495
"SLC4A11",74.2440195104058
"ZMPSTE24-DT",74.2283519268222
"CCDC149",74.2095929026537
"CNN3",74.1959539551558
"POSTN",74.1756502558079
"VANGL1",74.1704163852469
"SIX2",74.1025580492029
"EMSLR",74.0457292199392
"MEGF11",74.015316127912
"DYNC2H1",74.0131025185742
"DCBLD2",74.0078614553923
"CDT1",73.9864535610402
"SLC19A1",73.9859222274049
"HLCS",73.9324827028849
"F3",73.9235116703839
"THAP10",73.8779325314503
"IFIT2",73.7881374788703
"LRRC20",73.7747095264803
"MSMB",73.7655003709936
"KRT15",73.7567614348013
"BCDIN3D",73.7242767252767
"LINC03073",73.6969667035765
"MAP1B",73.6698401017251
"EPHX3",73.5991871234052
"IPPK",73.5663044673375
"PNMA2",73.5274868097079
"DOCK6",73.4720758046395
"SERPINB4",73.413920549745
"PDE10A",73.4112424374315
"TXNRD3",73.3852861547228
"ZCCHC3",73.3413297019768
"REEP1",73.2874221680119
"LMO7DN",73.2418640123503
"LINC02202",73.2408484373921
"NOVA1",73.2324750122818
"PDGFRL",73.2260054429513
"CHST9",73.165215133775
"SNTB1",73.1244825111044
"ZNF257",73.1224136689613
"PAK4",73.0437681564975
"CD14",73.0234877455509
"KRT8P45",73.0114993378249
"GAS2L1",72.9976783720719
"LINC00323",72.9362370988168
"EHMT2-AS1",72.8566943678211
"LY6K",72.8214208372212
"USP21",72.8054344429311
"VIPR1",72.7389016357411
"FNDC10",72.7309961883036
"LINC01550",72.6191402623719
"CENPP",72.6120384628829
"ANKRD29",72.6060376009563
"CXCL14",72.5794572539057
"TAF1A",72.5400640495948
"BARX2",72.5038514690364
"TMEM176A",72.4621489459355
"TMEM231",72.4607308035858
"EXOC3L4",72.44033427207
"BEX3",72.4261486236884
"UNG",72.3186299762895
"STK32A",72.3112128715848
"XDH",72.2846624181845
"SHROOM1",72.2665499937316
"AQP5-AS1",72.2561742041921
"FSTL1",72.2246536077324
"NPHP1",72.214257184801
"TBX2",72.1474746228599
"DSEL",72.0553139522127
"PROM2",71.9798154568161
"F2RL1",71.9275172382315
"TRIM68",71.8438680559398
"FOXC1",71.7691313724582
"ZNF346",71.7545674986917
"TNFRSF19",71.6962465469418
"ANXA8L1",71.6720866952354
"ESYT3",71.5981187160904
"ADGRA3",71.5936049258269
"C1R",71.5928351785144
"TGFB1I1",71.5128879406135
"SMAD9",71.5066063463397
"SYNE1-AS1",71.492378884682
"ANKDD1B",71.434499463896
"ZXDC",71.2219983190382
"ZNF77",71.1497065688433
"RACGAP1",71.1265299599147
"SNX10",71.0931528537972
"NCS1",71.0931461188605
"PTPRD-DT",71.0899162240983
"SEMA3A",71.0370348517017
"ROBO3",71.004756161385
"LINC01123",70.9887475199807
"CELF2-AS2",70.9720738641812
"CHP2",70.9405681814825
"CA8",70.914631508655
"RABGAP1",70.9103354260175
"LDAF1",70.8936303805812
"CASP6",70.8059047554185
"SUSD1",70.7045857989268
"MUC3A",70.6978886115771
"SCIN",70.6978533225909
"ADCY6",70.6843822423717
"CCDC61",70.6727028650222
"CFAP251",70.6663247311115
"DBNDD1",70.6604670592876
"AMOTL1",70.5832760131348
"PLXNA2",70.566556095236
"GSDME",70.5411538129815
"CFAP221",70.5249218073453
"B3GNT8",70.5240568922724
"FOXRED2",70.4523997909187
"MCTP1",70.389364285736
"SDK2",70.3858672182502
"LINC01597",70.3508764089046
"CDH11",70.2660644629566
"GJB3",70.2094518343372
"SLC20A2",70.158741699153
"SPINT2",70.1035719594096
"DHDH",70.0995273039246
"FAT2",70.0482701447607
"SNHG9",69.9654085789662
"MIOS-DT",69.8071513159401
"S100A6",69.7873134596614
"ERRFI1-DT",69.719212577157
"MPDZ",69.718044640498
"IL17RC",69.7172711736144
"KYNU",69.6623195740533
"NSUN7",69.6595227542729
"TFF1",69.6592839170916
"EPHA2-AS1",69.6360132844658
"MGP",69.5796505664763
"LRRC75B",69.5730664997893
"ATOH8",69.4977556672508
"GLTPD2",69.4940117356462
"BAAT",69.4771219712973
"MARVELD1",69.4729538486969
"SMAD1-AS1",69.4397268575698
"SBK1",69.3021301868138
"GJB5",69.2286438924778
"L3MBTL4",69.1583573738627
"SULT2B1",69.1392886305538
"BMP4",69.0359169925637
"KNOP1",68.9989956034187
"SMAD7",68.9949639769025
"VSNL1",68.9805825181471
"APBB1",68.9180290208887
"ZG16B",68.8980710230766
"WDR35",68.8418458106219
"BCL9",68.6363526159452
"ARRB1",68.6269172430893
"BAHD1",68.5898018410741
"SPIRE2",68.5885189944227
"MMP14",68.5463946980417
"LRP2",68.5457901545256
"SLC2A10",68.4625028849626
"CDKL5",68.3757403266101
"RAPH1",68.3676393986792
"CD151",68.2980152623395
"LINC01705",68.2795556279924
"SALL2",68.24197888227
"DYSF",68.2322588144268
"ANKS1A",68.1953752439681
"ALS2",68.1495134240124
"PRRX2",68.1080462599784
"LAMA3",68.0926196238446
"CLDN2",68.0259042345642
"NUFIP1",67.9896304448016
"VWA2",67.9488349842535
"USP44",67.9482824586942
"PTPN13",67.9033649484964
"FMO2",67.8836044267306
"RGS12",67.8385573926164
"WIPF3",67.7435244405505
"KAZN",67.6742846550253
"HGD",67.635071981479
"PLCB1",67.6334893599219
"DYRK3",67.6267991306061
"STON2",67.5663085110317
"TBKBP1",67.4947363009816
"FYB2",67.4768522404069
"SRPX2",67.4326385959656
"PLXNB2",67.423755496676
"SHH",67.4012259581883
"TRIL",67.3963361194205
"PLPP3",67.3837090171117
"MMP13",67.3754405037733
"PXDN",67.2385555311208
"MKKS",67.2311070717256
"ANKRD50",67.1712344170959
"SERPINB5",67.169006652572
"TMEM190",67.1260906953795
"FPGT",67.1224570826046
"RGMA",67.1148041427517
"NUAK1",67.0842230992081
"SMC2",67.0372162814026
"FGFR3",67.0259762234001
"LLGL2",66.9828858249823
"DCN",66.9288889840644
"MAML3",66.862371889522
"PRR15",66.8480104244167
"TANC1",66.8163969201695
"HLA-A",66.8099610936423
"NFIC",66.7954492071745
"ICA1L",66.7646539408304
"PM20D2",66.7537781120565
"ITGA2-AS1",66.7142861513261
"NHS",66.6477952326604
"FMO5",66.6157211256151
"ARSJ",66.5914422264792
"GCNT4",66.586126439094
"CLCN6",66.5525434878653
"EREG",66.5224360939398
"CAPN12",66.4475271553516
"PRSS12",66.4369068066839
"LPCAT2",66.361959398316
"EPAS1",66.3391430013799
"DGCR5",66.1812379054094
"CELSR1",66.1804123689082
"WDSUB1",66.1473469886204
"PTK2",66.1265159927936
"PROX1",66.0970286950508
"SH3RF3",66.0773912082879
"GXYLT2",66.0095206898765
"IL33",66.0014443951221
"MS4A15",65.9600753308413
"ADAT3",65.9250672789806
"FAM241B",65.9050077989911
"SHROOM3-AS1",65.8718337687986
"LPAR3",65.8070513005907
"SLC22A18AS",65.7764465418454
"PPP1R26-AS1",65.7427697421409
"PLBD1-AS1",65.7081231935111
"PAXIP1-AS2",65.6255064664887
"RTKN2",65.4816793570483
"RAB4A-AS1",65.4773591484284
"PPM1L",65.4417039107953
"SNAI1",65.4237956201675
"CST6",65.3300586361713
"GPR39",65.3228456289006
"SFTPC",65.2960917791503
"ZNF397",65.2848013519168
"BGN",65.2777618210386
"ZNF483",65.2705786978174
"LRRC4",65.2385193625961
"CEP44",65.2368655658724
"LFNG",65.1936413542178
"ATP2C2-AS1",65.1905370410649
"PROCR",65.1878003547857
"HMCN1",65.1856162283622
"C1orf226",65.1796261074496
"SMIM6",65.1651495636069
"AIFM2",65.1202937118969
"E2F1",65.0872191123693
"ZNF687",65.0855193230996
"SNTN",65.0533388296109
"RNA5SP151",64.9813727003738
"ZDHHC1",64.977577041986
"SEMA5A",64.9529734627694
"DNAL4",64.917142664995
"RPS26P43",64.8822445214435
"SLC12A8",64.843493152842
"TRIM72",64.7803111023229
"LINC03052",64.7576243257218
"DOC2B",64.7001335668711
"UACA",64.6644470010142
"OPLAH",64.6457639564901
"C1orf115",64.6271311952933
"FES",64.6094279036208
"MET",64.5480942415984
"ENO1",64.4118865495963
"IFT70A",64.4026956308469
"STEAP3-AS1",64.2329301282621
"HYAL3",64.1865998368534
"FAM111B",64.178935594266
"LRP12",64.1719043859082
"PEX11A",64.1302287864817
"MUC13",64.0967132312905
"CLCA2",64.0789280820114
"BCL2L14",64.0362753516919
"ADRB1",64.0148113634279
"WNT2B",64.005878870648
"PSCA",64.0042261456782
"PHLDB1",63.873920460622
"IFT56",63.808081672425
"LOX",63.795300950413
"SF3B4",63.7869837637005
"PHOSPHO2",63.7461004081933
"SPATA6",63.7004056735094
"ARHGAP35",63.6892943988827
"ADIRF",63.6803566265458
"CCNB1IP1",63.6668160161393
"ZNF320",63.661691317557
"CUEDC1",63.6010807049152
"TMEM168",63.5984214563605
"CIMIP1",63.549040937601
"SERPINE2",63.5354002902052
"RTP4",63.5267500883475
"SOX2",63.4926289662235
"SLC1A1",63.3910276802814
"TRMT10A",63.3855411600937
"IRX6",63.3825410732059
"DAPK2",63.3715466502135
"POLR3B",63.3632362961375
"STAT6",63.2656359537979
"ACTBP1",63.241898341289
"PSKH2",63.1061126676165
"PALMD",63.100569891716
"SLC30A4-AS1",63.0883074140668
"ADCK1",63.0772810447544
"HHIP-AS1",63.05302661859
"HLF",63.0300707111603
"PGAP3",63.0240264964909
"SORBS2",62.901531734189
"MAST4",62.8692170995636
"HSD17B6",62.8349157641351
"ZNF703",62.8252104391589
"ZNF185",62.8196376494826
"HNF1B",62.6713437100131
"CARD6",62.6622740856757
"PPP1R14C",62.5778686000533
"TTC39B",62.5724927317973
"SPINK6",62.5576313064746
"LPAR1",62.5205763897194
"EPB41L3",62.4201512562609
"MDFI",62.3836184145198
"ENDOD1",62.3278081892439
"GALE",62.3077680576114
"CLGN",62.1902711177806
"MB",62.185181004276
"PALB2",62.1813022755115
"DOCK4",62.1328015847305
"DNAJC5",62.1003546914025
"DNAJB13",61.9419247013234
"JRK",61.9232576504601
"EFNA1",61.8480386984382
"MYEF2",61.80334411206
"BTBD3",61.792788761335
"CIT",61.7284820153896
"C11orf16",61.6831639637893
"DDX60L",61.676064308005
"DRC3",61.6356400350928
"NUDT6",61.6080079936928
"CFL1",61.6000104451975
"IRF6",61.5933491820586
"RNF215",61.5579568193708
"ROR1",61.5468545483947
"ZNF605",61.4502595167964
"MMP11",61.3790190511248
"GLB1L2",61.377301222442
"EFCAB12",61.3661768165989
"LRRIQ1",61.3659418217896
"CDYL2",61.136068285542
"FAM83D",61.0959504692642
"TBC1D4",61.0897957211803
"MAP6",61.0612781069161
"ACTN1-DT",61.043171332366
"RORC",61.0337496981967
"RARRES2",61.022286959767
"GJB6",61.0009124351966
"TMEM130",60.9964705899614
"AQP4-AS1",60.9697209762116
"DENND5A",60.8710367191608
"LINC02894",60.8626962373557
"SNCAIP",60.8373246369053
"PRUNE2",60.8256147377519
"EPN3",60.7084478615622
"DNAAF3-AS1",60.6866769884204
"RNU6-633P",60.6777313504903
"ENTPD3",60.6590334527317
"CIART",60.6586525781406
"SPATA17",60.5671863857898
"MLLT1",60.534223723092
"INTU",60.4337548424304
"PPFIBP1",60.3814997400578
"MUC16",60.3476413166564
"NOS1AP",60.2998374528362
"L2HGDH",60.295705683748
"CACNB3",60.2670430403523
"TRPM6",60.2469595675622
"FOXP2",60.2255187003375
"ADGRD1",60.1810570153158
"DLX3",60.167944549567
"LINC02410",60.1569821818103
"ARHGEF10",60.1508768644313
"ID3",60.1508116956603
"KAZALD1",60.1077520258746
"CERS6",60.0695133547968
"LNCOC1",60.0413365796112
"GNA15-DT",60.040436665033
"MMP15",60.0201954689803
"GINS4",60.0003540865785
"REPS2",59.9806535268539
"ZNF391",59.8954690157935
"PARD3B",59.8802304650063
"MAP3K6",59.8698065203792
"CDHR3",59.8596786092112
"NHSL1",59.845921012775
"HOPX",59.8315490793913
"S100A11",59.8221961495479
"ADAMTS9",59.8182761768482
"OXTR",59.8180091969475
"ZNF667-AS1",59.775392920348
"JPH1",59.6759935000015
"DIPK1B",59.6674018971094
"GCAWKR",59.6592763808478
"CEP41",59.6399169215837
"CABCOCO1",59.5416618759309
"RTL8B",59.5143397019829
"GNG12-AS1",59.5001677836815
"CENPL",59.4596711730988
"ERICH5",59.4565503932157
"CTSV",59.4420608460088
"IQCH",59.425062613736
"VTCN1",59.4068626742989
"PPP1R26",59.3951996962185
"ZNF613",59.3951457946746
"CCL2",59.3259610356503
"TSPAN14",59.2200118933551
"CPB2",59.1807941596358
"ZNF883",59.1760830692754
"ZNF414",59.1645220001004
"ZNF568",59.1011995935917
"LINC00543",59.099309069002
"TMEM171",59.0382539953176
"TEF",59.0066287341341
"LINC02610",58.9961079302714
"KDM4A",58.9860529595734
"GPAT3",58.9712057537811
"TST",58.9472427845289
"UNC5B",58.9163860978511
"RHOU",58.9095525677178
"TNFRSF11B",58.8505581010411
"TBX15",58.8224624187948
"APBB3",58.8089353700191
"ASAP3",58.8081610197188
"FBLN2",58.7980849759051
"NAT14",58.7802931764702
"SOX4",58.7529610044295
"CRISPLD1",58.7397580864587
"LINC00581",58.7031709406759
"LOXL2",58.6777186903122
"NEK11",58.575120169873
"ZNF268",58.5199714859921
"CEP112",58.5139867490127
"PPP1R14B-AS1",58.4914943427375
"KREMEN1",58.4687349106335
"LTBR",58.4570077905961
"CA12",58.3844554620597
"POC1A",58.3143178823275
"CFAP53",58.2916288025984
"FASTKD3",58.2146840233415
"KIF12",58.176273526352
"CC2D2A",58.0588910143214
"CFAP52",58.0137735394246
"POLR1A",57.9616221183161
"GCAT",57.9595149732222
"ATP8B1",57.8818971739571
"RANBP3-DT",57.8781444324757
"SMAD6",57.858435140246
"TRIM61",57.8084289652612
"MRI1",57.8035777624752
"MT-CO3",57.7753367077049
"KLHL25",57.769594619559
"SCN9A",57.728394423938
"PSD3",57.7151145163013
"CTF1",57.6942910848933
"PEX19",57.6679991044255
"HNF1A-AS1",57.6349529532177
"LINC01124",57.6298505478065
"ZNF79",57.6158221331183
"GPRIN2",57.5720407176218
"PGLYRP4",57.5131424752359
"PLS1",57.5106992936797
"C6orf47-AS1",57.4860197341792
"PTN",57.423716569001
"TRAPPC13",57.4220416084464
"DIP2C",57.389858051755
"PLEKHA7",57.3880219701345
"EEF1AKMT4",57.3820882720033
"PAXIP1",57.3124348395991
"AZGP1",57.2957897774645
"CIBAR1",57.2945865520028
"INPP1",57.2723183731594
"HNF4G",57.2415395915034
"ECM1",57.2364936207066
"LOXL4",57.2217828496623
"FAM124A",57.2196521599429
"RTN4IP1",57.185885098365
"PODNL1",57.1680998803061
"HEATR6-DT",57.1583726005902
"MUCL3",57.1576560221083
"LRRC43",57.1500563296243
"FJX1",57.1204919775483
"TNFSF13",57.0715397310355
"PTPDC1",57.0617907881622
"ABCC5",57.0176524204202
"NLGN4Y",56.9655791055688
"ARMC7",56.9306462231331
"AMZ2P2",56.9286111530184
"ST3GAL6",56.9143578179932
"TPPP3",56.8741495977336
"KANK2",56.8686892715255
"ZNF587P1",56.8602893540107
"EIF2B5",56.8187145212083
"FAM20C",56.8137140232699
"RILPL1",56.7934957486314
"GGT6",56.7524821243289
"COL12A1",56.7421065192442
"ADORA1",56.7419218992153
"NLE1",56.7415672652793
"TMTC4",56.738281111297
"ZBTB7C",56.736398431589
"STARD13-AS",56.7150781100765
"CPS1",56.7077595221372
"POU2F3",56.7047279821983
"MCCC1",56.7028946907306
"OBSCN",56.6991621448251
"WNT5A",56.6827463039816
"GRB10",56.5944233867479
"ELF3-AS1",56.5782316199668
"FAM107A",56.5774850130057
"MEGF8",56.5755564994344
"CEP89",56.4572678692103
"ZNF597",56.3507448054497
"CNTLN",56.343917785894
"FRK",56.2956036534217
"SVIL",56.2757195267849
"MECR",56.2220631885169
"HEATR6",56.1899409036389
"GDPD1",56.0837551509665
"CAPS",56.0584200802341
"NUDT12",56.0503312110727
"ZNF565",56.0497760670244
"FLYWCH1",56.0481947084862
"SOX13",56.0231553659542
"RHOBTB3",56.0161821799218
"ASIC1",55.9972416712222
"FEZ1",55.9820433278191
"RBM22P2",55.9076126055644
"IL13RA1",55.8946817087367
"ROGDI",55.8867437946786
"PLEKHB1",55.8546576832132
"BEND7",55.8238238548914
"HUNK",55.8083831217341
"UTP15",55.7802418742761
"DNALI1",55.7719690807938
"CICP14",55.7689513159202
"NSG1",55.7621561982568
"PEX26",55.7604325163319
"CCDC146",55.7419038038272
"UPK3B",55.7273139995797
"WWP1-AS1",55.6957460234943
"DAB2IP",55.6828642803392
"SLC29A4",55.5338880738414
"FAM227A",55.5252095338696
"PCLO",55.4965961327713
"TBL1Y",55.4406770041757
"ZNF823",55.3251634504189
"IQCK",55.314570827817
"IGSF9",55.2883569948338
"PLXNB1",55.2152376668763
"FBXL19-AS1",55.1768109081702
"ACMSD",55.1556182462638
"NME5",55.106273538365
"CDC42-AS1",55.0954928016999
"KCTD1",55.0405818395542
"COL21A1",55.0242699808166
"LRRC71",55.0080431084436
"NTN1",54.9937607061536
"LRIG3-DT",54.9873910250331
"LINC01106",54.9468958563283
"CXCL16",54.9366198996876
"CACNB4",54.9273213952896
"ARHGEF11",54.910033714104
"GNA15",54.9085301376002
"SYT17",54.8712868724882
"GTSE1",54.8481110457916
"CEP55",54.8172056192467
"LINC01220",54.8121451651145
"EPB41L4B",54.7886537407634
"SHROOM2",54.7877236602066
"ATP8A2",54.774754107141
"LIPT2",54.7492643758223
"RPP40",54.7341061742959
"CLIC6",54.7303582636103
"AFAP1L2",54.7200041878173
"ZNF718",54.7115640490111
"RPL23AP8",54.706361484243
"RANBP17",54.7052484455151
"PIK3C2G",54.6975773660892
"TUBB4BP8",54.6722065985845
"ADIRF-AS1",54.6648177355939
"LRP3",54.6233917219275
"ITSN1",54.5874625450349
"KDM4A-AS1",54.5864756023473
"PLA2G12B",54.5062579340177
"GAL3ST1",54.4838484130472
"PFKP",54.3533743769567
"LRP1",54.3416443294042
"LRRC26",54.3198672336169
"ACVRL1",54.3151335607395
"FOXP1-IT1",54.3089011883991
"BMPR1B",54.3005862187523
"LDAH",54.2984623613792
"AADACL2-AS1",54.2820086627885
"SNRPA1-DT",54.2626119526357
"GPR62",54.2460506912305
"AXIN2",54.1702980846783
"SLC6A1",54.0844655249916
"TRIM3",54.0681998252804
"POF1B",54.0107377291966
"ADAM15",53.9958393038643
"WDFY3",53.9564249728413
"ABL1",53.9225745712089
"FAM171B",53.8447443287447
"KHDRBS3",53.7877695245437
"ELOVL7",53.7221313542943
"MED18",53.7164632568515
"ZNF28",53.6907046715651
"HCAR1",53.6668194873106
"HOMER2",53.6392634574454
"PCDHAC2",53.637039002803
"AGBL2",53.5820952644159
"CGREF1",53.5625198199749
"PACERR",53.5428903330048
"WNT3",53.5423717675716
"MYBPHL",53.514911747645
"MYCL",53.489188437378
"ZNF396",53.4683174994355
"PTPRT",53.4498750865228
"ARHGAP29",53.4273539350615
"NKX2-8",53.3197338239292
"GPX8",53.2912048975428
"ZFP3",53.2847961178586
"PI3",53.2440494963976
"SMIM31",53.2382620087677
"ARHGAP40",53.1744812045658
"OSBPL5",53.1357409000295
"DLG3",53.1286950693819
"HHIP",53.0610294556837
"CCDC40",52.9627867703873
"TK1",52.9522385174521
"TNS2",52.9314704594647
"LRRIQ3",52.9152455966933
"SOX15",52.8862981458363
"FHDC1",52.8824405973091
"CCDC24",52.8622703842854
"ADAD2",52.8505982632157
"NEUROD1",52.8480699399717
"PLAT",52.8413948201775
"TJP1",52.8367022441087
"ZNF300",52.819755652081
"SPNS3",52.7951900431974
"GPR37",52.791198039096
"FCGR2A",52.7864017566377
"SCMH1",52.7833444295521
"FIGN",52.7788887630958
"PLSCR4",52.7753696257694
"IFT70B",52.7483109236449
"TNFRSF1A",52.7456090967678
"DSG2-AS1",52.7354580072684
"DIP2C-AS1",52.7265536017942
"CPE",52.695262653941
"KRT18P12",52.6918676713666
"CRAMP1",52.6420046886234
"RUSC2",52.6305089116384
"PDLIM2",52.626746531233
"ALKAL1",52.6227460030331
"PCF11-AS1",52.6008752493038
"ZNF827",52.5877372154184
"LINC02532",52.5867751811944
"NOS3",52.5780909001407
"GRTP1-AS1",52.5603275755919
"WTIP",52.5582308604517
"ANLN",52.5383952320855
"LEPR",52.5110542016809
"CATSPERG",52.4976807980578
"HYAL1",52.3395145369409
"FBXW10B",52.2909086476036
"ATP8B4",52.2422267873584
"DGKQ",52.2418878732765
"IL20RA",52.1853795581999
"DSP-AS1",52.1600228104605
"SLC28A2-AS1",52.1486006777379
"TPX2",52.1239800395401
"TPM1-AS",52.0981394831884
"RASSF7",52.0978129908207
"CDCA7",52.08494376109
"ZNF70",52.0316173216531
"KCNJ12",52.0150368514485
"TBC1D8B",52.0148426315371
"MST1P2",51.9910218576908
"FAM3D",51.9874251027572
"VWA3B",51.9682516372504
"CDC45",51.9166624999207
"LPCAT1",51.9145356579086
"AKAP12",51.9059646015661
"NR1H2",51.8823145504901
"STING1",51.8667394179808
"NAPEPLD",51.8533092066112
"FNTB",51.8121761412195
"EGFR-AS1",51.8018199924426
"MFSD9",51.7972992393085
"TEAD4",51.758146214892
"FAXC",51.7450306370391
"DDAH1",51.7267269847498
"STX1A",51.7116487848124
"SLC22A4",51.7074676224701
"HYKK",51.6949893916325
"MRM1",51.6850121462731
"ZNF736",51.6500437169891
"RHPN2",51.630268502706
"PRICKLE2",51.6185589524013
"TELO2",51.6029401644257
"LIG4",51.5879571522688
"RPL22P18",51.5724874606977
"NHLRC1",51.5204581697083
"LYPD2",51.4251387648048
"SLC15A1",51.417139034349
"SEMA3C",51.4119126747153
"TMEM86A",51.4087285275836
"LINC01460",51.3890605916531
"OTX1",51.3849055463079
"ZNF343",51.3390295557977
"DRGX",51.3329393283124
"ARHGAP23",51.3196855289914
"CPNE7",51.2538851024888
"AGER",51.2320442065406
"SERHL2",51.2048680456083
"SOWAHC",51.1718213967114
"PLD1",51.1682622831877
"GCLC-AS1",51.1673681973976
"FAM83B",51.1218171247184
"FILIP1",51.1139763154505
"LNC-LBCS",51.0850330435443
"KRT23",51.0680892988072
"LRRC27",51.0515917843311
"PCDHA12",51.0285789232212
"C6orf136",51.0166561593414
"MROH6",50.9938156808581
"SPANXA2-OT1",50.975582361464
"BFSP1",50.9600336718156
"MAP3K5",50.9442510914642
"SULF1",50.9145366755424
"DCST1-AS1",50.9089240245198
"TESC",50.8856538426248
"PALM3",50.8206699694581
"PDE6B",50.8066763984117
"ALPP",50.795567770417
"RASSF10",50.7697947713218
"SERTAD4-AS1",50.7655146794041
"ZNF595",50.7384399813717
"MAPRE3",50.7375060867379
"PPM1F",50.7333952458256
"HLA-DRB5",50.7001634497019
"MFSD6L",50.6962916294517
"ANTXR1",50.6890286460578
"CARD10",50.6845259279007
"SPATA18",50.6715409176753
"SKIDA1",50.6528639997387
"PHKB",50.6519453610175
"BMERB1",50.6372005290945
"BCL2L13",50.6165845004209
"XKRX",50.6112376968184
"MOSPD3",50.5619840300499
"LHX4",50.5448877131961
"ABCA12",50.5405346452438
"PTGR2",50.5385800975953
"MAP2",50.5283499372234
"RDH10-AS1",50.5013594435567
"STYK1",50.4942848323541
"GMFB",50.4916918645256
"LARP6",50.4527519110489
"ODAD4",50.448410768796
"RNPEP",50.3931881395862
"SKA3",50.3765384471611
"P2RY1",50.3759536180152
"NEK2",50.3668048083524
"PCNX3",50.3568579481782
"PBX1",50.3349032909456
"CD82",50.3247107053795
"NUP107",50.3133116102618
"ENTREP1",50.3050171359759
"DHFR2",50.2886535770689
"USP35",50.2266461701061
"GPR161",50.1662167802927
"ASB13",50.165147703259
"NUDT17",50.1144204536032
"PIDD1",50.0744822904064
"CYP2U1-AS1",49.9951587892396
"IL22RA1",49.9803764106442
"PDZD2",49.9600072642746
"MED20",49.9545553404002
"LRRC37B",49.9380036655248
"PRAF2",49.9361607336565
"AKR7A3",49.9333531079847
"ZNF114",49.923391298856
"ZNF829",49.8875961127583
"CFAP43",49.8741376535875
"TTC5",49.8338943628714
"ATG9B",49.7977163237653
"SH3PXD2B",49.7837145474473
"TOPBP1",49.7737017149603
"APPBP2",49.7521458865532
"LINC02984",49.716336432008
"CNN3-DT",49.6682188839654
"FCGBP",49.6445067110481
"ZCCHC14",49.629585866483
"CCL28",49.5926032051447
"FUT4",49.5918551293289
"SEZ6L2",49.5738200592841
"NEURL4",49.563047542746
"SLFNL1-AS1",49.5522492439941
"WDR72",49.5355497081501
"CEP131",49.5120445461599
"AP3S2",49.4554572410356
"LINC01355",49.4127469234874
"CFAP300",49.4059422869543
"REEP6",49.4012559310666
"MTSS2",49.3698660646701
"IL20RB",49.3460301995265
"TPST1",49.3277979963039
"TAX1BP3",49.285842511838
"FBXO17",49.2818053262907
"HLA-DRB1",49.2571203517004
"ENO1-AS1",49.20421827622
"MAPKBP1",49.1923345598402
"MICAL1",49.1880731809373
"TM4SF4",49.1656088181547
"MEIS2",49.1340179315963
"RPL31P47",49.1306344763164
"RIMKLA",49.1089131725057
"TFAP2A-AS1",49.0973645001869
"TEKT1",49.0245139430242
"AMBP",49.0244981523192
"ATP12A",49.0121400640126
"KIT",49.0034977858771
"BMP1",48.9984506422412
"MATCAP2",48.9931332378249
"GPC3",48.9900273262747
"LINC01426",48.9481180822891
"PLCB4",48.9244651548655
"PYROXD2",48.9064180761226
"GDAP1",48.8722420247615
"CAP2",48.8197614329693
"WDR90",48.8061503793939
"ALDH1A3",48.7765925291757
"ANXA2",48.7670041239307
"NT5E",48.7658402008374
"SPSB2",48.7647170269938
"MATN2",48.7232551983477
"PGC",48.7038627465053
"LGALS9",48.6864691460819
"IFTAP",48.6806389507569
"MSX1",48.6720784068674
"LINC01671",48.6706990764201
"CTU1",48.6585433743509
"ZFHX3",48.6432032865873
"ZDHHC16",48.6395438756336
"FTCDNL1",48.5899981398938
"SNHG22",48.5854805216602
"TRAIP",48.5708193713895
"CFAP90",48.5544000953132
"JAM3",48.5198362774546
"DRC12",48.4958433019648
"USP13",48.4864383286289
"BTBD3-AS1",48.4808124346734
"BYSL",48.4637298603504
"AZIN2",48.4308951475426
"LZTS3",48.4045916527515
"TSC22D1",48.3930722514157
"BCDIN3D-AS1",48.3728742974895
"ADRA2B",48.3563386740685
"SPAG8",48.3522550331977
"COL16A1",48.2968695444294
"LTBP2",48.2631508046627
"BICDL2",48.2607182285015
"DNAI2",48.2007038163701
"PGAP4",48.149537968169
"SSBP4",48.145800585556
"MIPOL1",48.1132213133579
"MIR31HG",48.1098439879317
"ERBB4",48.1085870796711
"INSYN2A",48.084786671587
"AHNAK2",48.0767331823025
"HCG20",48.0148345556468
"WDR31",48.0051271341433
"ECEL1",47.9825930421089
"MCM10",47.9693369037566
"DNAH5",47.9543511511837
"ZNF283",47.9478943422924
"CCNA2",47.93451784144
"TMEM51-AS1",47.9091712355975
"MID2",47.9034374483357
"SLC52A3",47.9029746922368
"TNFRSF12A",47.8978172079966
"FEZF1-AS1",47.8954241164968
"TIMELESS",47.8924000566132
"FGF12",47.8557903345398
"BCL2L15",47.8529159906802
"KRT80",47.8169768883252
"SEC14L6",47.7677396660682
"SPTB",47.7223459474457
"SLC52A1",47.7117833599757
"AQP3",47.6883377714511
"ANO5",47.6767068163341
"CAMK2N1",47.6745055062767
"WDR86",47.6346031691877
"TSC22D4",47.6149300661482
"ADAMTS14",47.6105924170044
"DLGAP1-AS1",47.5947578069176
"COSMOC",47.5738177041408
"MGAT3",47.5726410451449
"SERPINF1",47.5652567844557
"MMP1",47.5590620998758
"HYAL2",47.5264300559135
"LINC01508",47.4913369157016
"DPH1-AS1",47.4657468449496
"DPY19L2",47.4629321869109
"RAB31",47.4351749330814
"HSPBP1",47.4089100296622
"B3GNT6",47.3585632671579
"RAB36",47.3472199989523
"PRRG4",47.3251826697087
"CTPS1",47.3246801387913
"MESP2",47.3101413356771
"THSD4",47.1857582687956
"NBEAL1",47.1759487852125
"SPART",47.1079673026731
"DIAPH3",47.0822044335708
"KRT18P8",47.0658652847441
"TLN2",47.0637649588313
"MPIG6B",47.0545378565998
"NEK2-DT",47.0545080017544
"ZBTB37",47.0003573265559
"ANKRD33BP1",46.9881981569155
"COLCA1",46.9686774869036
"GABRB2",46.9578322802905
"KLK13",46.9438155128338
"CDIN1",46.8724217205124
"SLC26A4",46.868553706073
"TSPAN5-DT",46.8602743395171
"HPX",46.8211225265089
"ABCC6",46.8177075814169
"CTSK",46.8096987119825
"FAXDC2",46.8025648926293
"LINC00992",46.7642506478141
"TPRN",46.7456836867321
"FREM2",46.7354421032176
"ARMC3",46.7269350568225
"ARHGAP20",46.7002628471724
"THAP8",46.6669530490838
"CORO2A",46.6193542203987
"TTC23",46.6018323259056
"ZBTB9",46.5611614092806
"IQCA1",46.5112906665044
"TKT",46.4553707034144
"RBM15",46.4218620229194
"MUC5AC",46.416394732647
"LINC02038",46.3775970213504
"CKB",46.3758145370587
"CACTIN",46.3658506329717
"PCDHB5",46.3573068521185
"CSF3",46.3443977480392
"CLVS1",46.3380192627473
"RYR1",46.332172816082
"UGDH",46.328292974698
"VWDE",46.3017073746404
"MTM1",46.2792178889551
"ZNF69",46.2359723970983
"PTPRK",46.2177742821746
"NEURL3",46.2140499808843
"FBLIM1",46.1958370660048
"TMEM17",46.191945684729
"GLIS2",46.1881941422469
"TTLL10",46.174597641487
"KIF20A",46.164238698291
"SHANK2",46.1564712718291
"ZMYND15",46.1527908440016
"WDR49",46.1527179591398
"EVC2",46.1206023352592
"KIF18A",46.10947003728
"SPIDR",46.1036312542075
"MYH9-DT",46.0988618997906
"TRAF5",46.0424036858758
"DISP1",45.9866096299997
"WNK2",45.9829133691211
"NRG1",45.9744873874331
"CFAP45",45.9732514038093
"DDIT4L",45.966615252068
"RIN1",45.9513221437819
"AFDN-DT",45.94787333217
"SPOCK3",45.930409696241
"WDFY3-AS2",45.8859944540742
"MXRA5",45.8819435047442
"NUDT11",45.861591912056
"IER3-AS1",45.8479271762757
"ZNF775",45.8199141319114
"ACOT4",45.783781036952
"MEIS1",45.7320881837118
"MID1IP1",45.7311967522989
"ABCC9",45.7308113105382
"SLC25A47",45.7002385284512
"KCNC4",45.6068944366207
"CPEB2-DT",45.588942597505
"WWC2-AS2",45.583194746049
"MAZ",45.5462990201376
"DEPDC7",45.5242526852629
"STK39",45.506544816942
"PLEKHH2",45.4386365193703
"CCDC74BP1",45.3686267407542
"LINC02924",45.3665503509559
"DCDC2",45.3571323235948
"GSTA2",45.3316029113543
"LINC01139",45.2693422906724
"EYA2",45.2620287845649
"PC",45.2606911543167
"KIF26B",45.2572941459914
"TAB1",45.2034277676834
"DMRT3",45.2030562172946
"RAB7B",45.1902701621482
"TBX19",45.1483003268892
"TMEM129",45.1413071738932
"DNMT3A",45.1083194999875
"SLC26A9",45.101701188255
"ZNF726",45.097941432391
"PPP2R2B",45.0954654127594
"RNF152",45.0929552140582
"FAM83A-AS1",45.0914118031285
"GJA1",45.0859614903539
"OR2W6P",45.0574560169492
"MIR99AHG",45.048311658814
"PHF2",45.015589330806
"PANK1",44.9557539832728
"PRX",44.9540148699502
"MORN2",44.9522714752607
"FAAP100",44.9403618562704
"IL37",44.8967263405933
"MRC2",44.8805260426194
"SMAGP",44.8730002228913
"CHN2",44.8660039032405
"LINC02003",44.8397095649479
"MEGF9",44.8317653321658
"NEBL-AS1",44.8182436606779
"PTPRM",44.80958816639
"LRRCC1",44.7766394372635
"FSIP1",44.7496599156031
"RIBC2",44.7391326373326
"ITGA5",44.6736690664578
"INHBB",44.6694998818966
"PIH1D2",44.6651799253324
"EML1",44.6613725002259
"SGCE",44.6449027868717
"EFNB1",44.615785708417
"RAB4B",44.6116085260326
"ZNF785",44.5978029120237
"HACD1",44.5760601601324
"RPUSD2",44.5706780097538
"LOXL1-AS1",44.5683490216457
"LRRC45",44.5323734861762
"VSTM2L",44.5249295032169
"STC1",44.5205611480443
"TNS4",44.5117310008666
"UBXN10",44.4490576975875
"STIL",44.4459285683917
"PPP4R1-AS1",44.4439055154912
"ELOVL3",44.4299442942264
"KCNK5",44.4001827104486
"EFNA2",44.3936994571258
"FKBP10",44.3718646578448
"KIAA1614",44.3694991998566
"DZIP1",44.3481283294303
"MIR4713HG",44.3450821048512
"ZNF474",44.2820252079293
"DNA2",44.2535267648033
"FBXO38-DT",44.2407167381926
"KIF4A",44.2370124390048
"PRDM10-DT",44.2346311893679
"NDRG4",44.2251166503318
"DNAAF8",44.2240129338586
"OVOL2",44.2091186569054
"NAIF1",44.1897275704731
"PKIB",44.1893167025565
"ASS1P2",44.1835727287777
"LINC00578",44.1756219558967
"CAPN9",44.171553340542
"BEND5",44.1700248564131
"CPVL-AS2",44.1646990813096
"TGFBI",44.1641927452912
"NR2F6",44.1318656627588
"SLC22A3",44.1285426857491
"SLC5A1",44.1164320750354
"EVPLL",44.1069814036176
"RASGRF1",44.1011150352986
"HNRNPA1P40",44.061409853678
"ZNF234",44.0551164217148
"GFRA3",44.0532867255814
"ZNF717",44.0225576396117
"RAB17-DT",43.9971938474755
"CDH6",43.9912103091896
"NR6A1",43.985355690281
"GLTC1",43.9670170627013
"RPH3AL-AS2",43.9563016101002
"GBP7",43.8505087474343
"SP5",43.8025678683805
"NT5C",43.7959651878516
"SERPINB7",43.7694379702759
"CYP4F3",43.7536873231195
"C9orf40",43.7300474583764
"BDKRB2",43.7206469926315
"SLC9A5",43.6835619027761
"ACTRT3",43.6801685985495
"FGF13",43.6546626460878
"TMEM234",43.653812966275
"CEACAM5",43.6366270899963
"PROSER2-AS1",43.635066964414
"CRB3",43.631459749075
"MYBPC2",43.6300643443394
"FZD10-AS1",43.6186699836474
"TRUB1",43.6174834781922
"PPP1R9A-AS1",43.6159335265809
"DVL2",43.5812784172235
"LRFN4",43.5598234641108
"ADGRL2",43.5579067163986
"LINC02935",43.5534260005571
"TRIM45",43.5508999096853
"IQCC",43.5450210850798
"SOX11",43.5341018826447
"GRIP2",43.5191691143642
"ZC3H12C",43.5030189035767
"PPP1R1C",43.4896443939793
"CD2AP-DT",43.4883776106747
"RNU6-450P",43.4703644044327
"PCSK1",43.468889955136
"FRMD6",43.435034947144
"PKP2",43.4288987069671
"CRIPTO",43.400089898687
"LYSMD1",43.3787517521921
"DLGAP2",43.3666144189486
"ZNF138",43.3504911088354
"PTPN21",43.3440696411747
"CES4A",43.3434218150534
"ALDH7A1",43.3391500811428
"TNPO1-DT",43.3223147032317
"RPL32P26",43.2966213551472
"G2E3",43.2960745733189
"LINC01416",43.2938488225601
"MVB12A",43.2920599837384
"ZCWPW1",43.2523503712254
"NCAM2",43.2278591876657
"SRI-AS1",43.214041347743
"EGLN2",43.1894280638902
"KRT6A",43.1397388694914
"SAXO4",43.1193231727726
"HAVCR1",43.1123977202778
"SLC7A2",43.0276076946461
"SCUBE2",43.0145859048009
"RNF180",42.9773675009532
"KCTD18",42.9131765834039
"MEST",42.903377424077
"PCSK5",42.89920477358
"ZCCHC2",42.8907950016384
"EMID1",42.8860806842557
"DUSP23",42.8823233654473
"LINC02861",42.8463658942834
"FAM110C",42.8157682248287
"AK8",42.8146966474807
"KIF23",42.8102954649853
"APLP2",42.7740681141636
"PLCD3",42.7567564168983
"KLHL26",42.7498094602539
"SHF",42.7100819802437
"ZNF503-AS2",42.696584471503
"MLANA",42.6561357484883
"FOXN1",42.6557789782221
"KCTD11",42.6408529575466
"STAC2",42.6387488385353
"CCDC33",42.6367319725656
"HNRNPMP1",42.614312173883
"TACO1",42.6057260563037
"PYDC5",42.5779936586594
"ST14",42.5592339858755
"FOXA1",42.5522228709667
"MTMR11",42.5371488993603
"SCN1B",42.5314042517412
"RADX",42.5299964344057
"PPARGC1B",42.5101550150441
"LINC00294",42.4700358296334
"ZNF747-DT",42.4038710102898
"NPTN-IT1",42.3909057176495
"ATP5MC1P4",42.3886666206902
"GMPR",42.3781359104357
"UTP3",42.3660055756822
"MYOZ3",42.3279120682559
"FLT3LG",42.3217852678123
"CCDC194",42.3153070812459
"TMEM163",42.2932829244969
"CENPF",42.2855471139743
"PLEKHA4",42.2525821707533
"SMOC1",42.2162203581061
"LINC00930",42.1773367255024
"KLHL9",42.165305236083
"C5orf15",42.1620631417558
"NRCAM",42.1580096378432
"FOXE1",42.1566603978765
"NUP133",42.1257664242749
"NEK10",42.1160304717711
"CRYAB",42.1063555401924
"PACRG",42.0424209951533
"IFT172",42.0384583051268
"MOV10",42.021734738827
"GNAI1",42.0192794778685
"JAG2",41.9760407680963
"INKA2-AS1",41.9559946299106
"TYRO3",41.93931767669
"PLA2G4A",41.9278475006874
"KLF8",41.9166668162159
"STAP2",41.881752228526
"KBTBD12",41.8685739618948
"FZD6",41.8669939423824
"ATAT1",41.8527532659452
"MIR4458HG",41.8291709927826
"WDR86-AS1",41.8056507871763
"TRAM1L1",41.8046819489893
"KIF24",41.7957407569305
"LY6G6C",41.7945726804214
"EFEMP2",41.7833714414283
"TTLL1-AS1",41.7509234459871
"CNIH3",41.7383375469617
"ZNF503-AS1",41.7203916533743
"TFF3",41.6992339886948
"LINC00857",41.696880316081
"ACTR3B",41.6895375155124
"FRAS1",41.6162558270514
"PLCL1",41.6085680103154
"ANKRD65-AS1",41.602176165364
"LAMA1",41.595549632419
"ADAM12",41.5826907788218
"COL4A5",41.5809582886822
"ZNF525",41.5472656306288
"PIWIL4-AS1",41.546753473316
"WNK3",41.5394250446822
"HSPG2",41.5269762466415
"CAPN10",41.510131960081
"ZNF599",41.4919759008203
"ARHGAP22",41.460242924847
"CECR2",41.4537690945575
"FGF18",41.4383167758015
"DENND2B-AS1",41.4180240774555
"DIXDC1",41.4045908648422
"ATN1",41.3978631829997
"ATP2A2",41.3621130655767
"LINC02298",41.3393705550795
"KIF6",41.3333704433899
"SERPINE1",41.3203542059916
"ST3GAL3",41.3189163699208
"LINC01003",41.3130329951938
"CCNY-AS1",41.2409084454715
"MKLN1-AS",41.2386035429175
"CSRP2",41.2270403544428
"RDH13",41.1469905483737
"FANK1",41.1361480902117
"RUNX1",41.1280157070795
"SAMD9",41.1095170372991
"DNAH12",41.1087993874219
"TRIM16",41.1074619060883
"ADH7",41.1061400959566
"DNAH7",41.1040250047013
"PXDC1",41.0983059281043
"LYPD5",41.0974663809055
"SLC24A3-AS1",41.0935799185491
"ZNF691",41.0787265584895
"CATSPER2",41.0701554767415
"MBOAT7",41.055968447268
"PCDHA11",41.0535284889462
"AMOT",41.0138315518165
"IER3",41.0077464267318
"MYLK4",40.9997200496533
"ARHGAP42-AS1",40.9986695747013
"KIAA0319",40.9976465382492
"PID1",40.974616053714
"PRDX3P2",40.9585427426048
"NUP93",40.9433976343181
"GFRA1",40.9378140509447
"DGCR11",40.9367479775666
"GBP3",40.9174362780688
"SYT15B",40.8941590520684
"BAIAP2",40.880032553711
"KRT18P11",40.8561286106411
"FKBPL",40.8422044492954
"HMGB3",40.8269491789429
"UVRAG-DT",40.7956663598887
"ALDH2",40.7934643011283
"WARS1",40.7676742449839
"NAPRT",40.7580619032054
"CTNNB1",40.7405618906157
"EIF4EBP3",40.7200040826887
"ENTREP3",40.7169312843029
"ITGA10",40.711838385628
"ZMYND10-AS1",40.7106200850133
"STX19",40.6932061050468
"MYOZ3-AS1",40.665179168681
"CA11",40.6426638608946
"DMD",40.6410638658531
"MARK1",40.6291489212276
"CACNA1A",40.6265763105328
"CEBPA-DT",40.5393602507717
"PLXND1",40.5172144745409
"PLEC",40.5049112275586
"FUT1",40.4990797216538
"PRXL2B",40.4352293180132
"KCNK15",40.4130608104352
"FZD7",40.3974452302407
"CYP2A6",40.3909942957312
"LATS2",40.3889290862855
"TONSL",40.3421665508912
"INTS1",40.3404471802212
"ZNF256",40.321422839378
"MTARC1",40.3002133955885
"ACADSB",40.2872743781776
"LDLRAD1",40.2825410387408
"ZDHHC9",40.2641629453717
"CATSPERB",40.2580001020212
"HAP1",40.2546628006641
"ABLIM2",40.2428003571002
"FTLP14",40.2106457777454
"ARHGAP19",40.1808792501334
"LINC00960",40.1667471459248
"CDC42EP5",40.1639997254309
"PLS3-AS1",40.1577009931504
"LINC00899",40.1362896393627
"PLPPR1",40.093181591747
"DOCK4-AS1",40.0907890460475
"GALNT12",40.0747817140424
"NEURL1B",40.0616530634375
"MNX1-AS1",40.0431144642656
"MAGI2",40.0266465227703
"GRINA",40.0228337245454
"DAND5",40.0083218588393
"SIMC1",39.9988100074565
"SPDL1",39.9842885713242
"TRIM7",39.983191041745
"DMRT2",39.9332822725109
"CPAMD8",39.9033782906014
"LRRC56",39.8741321963865
"UBAC2",39.8331979821826
"JMJD1C-AS1",39.8329230222633
"IVD",39.8027252294562
"NAGS",39.7848883095616
"YPEL3-DT",39.7801010232788
"THBS3-AS1",39.771682156004
"ABI3BP",39.7041594723511
"ARK2C",39.6942287753515
"TMEM237",39.6932202442407
"ZNF180",39.6920324402863
"TJP3",39.6894607312721
"FGD1",39.6761156613374
"LINC02771",39.6577118855089
"LINC01315",39.6540439097318
"RAI14-DT",39.6435482347454
"ERI3",39.6306731349982
"KAAG1",39.5622078216452
"PMEL",39.5307114687446
"COL4A2",39.5255698890869
"ARTN",39.523858252889
"ARHGAP24",39.522032813054
"PLPP2",39.5021780305835
"PAX8",39.4996634998273
"PBK",39.4711932497739
"ETNK2",39.4467911162119
"CDK5R1",39.4461284726095
"MSX2",39.4202367439342
"C2orf15",39.3659116138813
"PPP1R14B",39.3648385716759
"MIR100HG",39.3309481981748
"HCRTR1",39.3027558911841
"LINC00278",39.2802839221653
"LINC02977",39.2674214382775
"MYOSLID",39.2391253436059
"LYPD1",39.2332367439018
"POLE2",39.2140295161429
"SPARCL1",39.2139102715641
"MIX23",39.1629142726335
"ZBTB18",39.1615712054992
"GLYCTK",39.1481340109234
"PIK3AP1",39.1370354187291
"TPM2",39.1248148205145
"SH2D3A",39.1137700470624
"PRKN",39.1091336167489
"PEG10",39.0996683279806
"LINC00863",39.0951997862306
"RMND1",39.0796781104083
"SRXN1",39.0783384466402
"SGPP2",39.0689707675073
"RNF145",39.0647260796532
"ATAD2",39.0601158354444
"ZNF436",39.0442813696912
"ALB",39.043643841457
"LPP",39.024400737887
"YBX1P4",39.017760607438
"BNIPL",39.0009464135967
"CFTR",38.9864145607074
"RAD17P1",38.9833374856307
"PKDCC",38.9236965093285
"GPR63",38.9157603347518
"ASPH",38.9144516664231
"AZU1",38.9142293998741
"SEMA3E",38.9080606760565
"STMND1",38.8968219970637
"CLIC2",38.8958972532001
"ANKRD27",38.8564607155343
"TYR",38.8265712311255
"ZC4H2",38.8205529516396
"SERPINA4",38.818353417143
"RHOBTB1",38.8145225447704
"METTL22",38.7981988716299
"SMIM2-AS1",38.7914406179915
"THSD7B",38.7620114032712
"DMAC1",38.7608875152135
"ZNF711",38.7481657241447
"BEAN1",38.7429326237876
"LINC02915",38.7373897137899
"POLR3A",38.7338321505276
"DNAH3",38.7315980991894
"DEGS2",38.7277544942982
"RCCD1",38.7085657052141
"TWIST2",38.7034744270455
"PHLDB2",38.6946298214084
"ESS2",38.6936341392044
"TREH",38.6623528383683
"ZNF573",38.6434908771439
"AK7",38.6354219494669
"RPL38P5",38.6284573435591
"MMP3",38.6207866904313
"SLC2A4RG",38.6205306089307
"MOBP",38.5478395903381
"SAMD12-AS1",38.542763874008
"KANK3",38.5113599112826
"H6PD",38.4783489047225
"FOXM1",38.4781255467268
"MAGI3",38.4615653843154
"MAPK8IP2",38.4439486750729
"PPIL3",38.4349370393973
"ZNF337",38.4183210410543
"MRPL12",38.3633661330606
"SLIT2",38.3285100272049
"NECTIN4-AS1",38.3145981336566
"NEK5",38.2751498520123
"TULP2",38.2515843224106
"MAPK12",38.2493397930829
"ODAD1",38.2301885945062
"NPTN",38.2267823827262
"FAM3D-AS1",38.2159674969852
"OSBPL7",38.2136428532405
"DSC3",38.199364798485
"NR3C2",38.1965927258375
"CSNK1G2",38.1754857968892
"RAB35-AS1",38.1577040701754
"C6orf47",38.1484029936354
"SERPINE3",38.1224284952003
"CCDC160",38.1094889662385
"THRB",38.096765311357
"ZNF578",38.0878100658898
"EHHADH",38.0824030785584
"UST",38.0821264051436
"PHLDA2",38.0674804861553
"RENO1",38.060419209924
"PCDHA13",38.0602582492716
"H2BC18",37.9839572312142
"FOLR3",37.9683403439534
"SLC18A2",37.9562194048349
"NFE2",37.946879779342
"MIR762HG",37.9310363670373
"RPL5P2",37.9260619293334
"TAT",37.8746634610846
"LURAP1L-AS1",37.8205651120068
"CKMT1B",37.7972093352997
"C15orf48",37.7957630826086
"PEAR1",37.7231030034538
"MTARC2",37.7194409046157
"RAB11FIP4",37.7188309709565
"MFSD4A",37.7052794620683
"MAPK7",37.6631005667545
"GDPD3",37.6450675086529
"THOC1",37.639995434322
"MAGEE1",37.6393070700519
"EPS8L2",37.6319935141494
"POLE",37.5886643904407
"ALOXE3",37.5353411488183
"PRDM11",37.5298724199774
"CIMIP2B",37.5291277600661
"ZNRF3-AS1",37.5130655448236
"KSR2",37.5114999689243
"PRRT1B",37.5048652828564
"ANKRD33BP8",37.4926286829259
"HBEGF",37.4811668937121
"EGOT",37.453344087658
"HSPA12A",37.4496065280488
"TGFB2",37.4411813846922
"EPN1",37.431195485688
"GGTLC1",37.3732731672968
"ALDH1L1",37.3581972228443
"TMEM229A",37.3568132200324
"MRFAP1L2",37.3467567355193
"ORC6",37.3262231248158
"LNX2",37.3023760237672
"DCST1",37.2715881862216
"MTX2",37.2664414189145
"MTBP",37.258676781263
"RBM11",37.2517465081358
"PLEKHG6",37.2390207288147
"C5",37.180842604734
"C1GALT1C1L",37.1639768096063
"SAMD13",37.1418569051007
"NRXN3",37.1268254586187
"MYO3A",37.117834753046
"PLEKHG4B",37.1134552359463
"GSE1",37.0995625904293
"ZBED2",37.096966165327
"WDCP",37.0942445344135
"MAST2",37.0838877532859
"RHNO1",37.0688817614437
"POU5F1",37.0505877793357
"LRRC42",37.0393302096132
"ALPG",37.0201163664685
"FGL1",37.0009437965384
"COBL",36.9838124687461
"EFCAB2",36.9664691773599
"LINC03014",36.937215539967
"EXOC3-AS1",36.9368644422156
"LYSMD2",36.9311419257995
"ASPM",36.9292017069275
"NT5M",36.9205285729301
"ORM1",36.9087571569587
"CHDH",36.906757592507
"TMEM256P2",36.8720164250878
"LINC01348",36.8406726997107
"CDK18",36.8362104875457
"LINC01932",36.8298692810645
"ITGA9",36.7954441813953
"TBC1D2B",36.7932655080815
"MCPH1",36.7799296474329
"ICAM5",36.7785910019603
"PPP4R1",36.7545018427185
"DTL",36.7370253979677
"ZNF8",36.732903635322
"TMC7",36.716335229913
"ERICH3",36.7094953174959
"ATP11C",36.6908876161565
"MUC20P1",36.6478931216789
"NECTIN3",36.6389609418337
"STOML3",36.6072837741892
"GADD45G",36.5922821430179
"NMNAT2",36.5649210025181
"MAPK15",36.5623869117754
"IGSF3",36.5620409071988
"ZNF584-DT",36.5288024422656
"ANO1-AS1",36.5265035528082
"KLHL35",36.5230016863577
"ISM1",36.4680465425609
"CKAP2L",36.4480461044433
"NUDT16-DT",36.4352011475575
"DNAJB7",36.373510137407
"THBS1",36.3315067231922
"LINC02848",36.3274438461138
"NDUFA9P1",36.2784604106813
"CCDC30",36.2341115654436
"HSF2",36.2263776350253
"CADPS2",36.213291832933
"CCDC85A",36.202359571165
"PSD4",36.1967655968224
"MME",36.1876031673693
"SLC24A3",36.1869663679451
"TSPAN9",36.1831795798838
"PBX3",36.1770417980399
"STARD4-AS1",36.1642568803828
"FEZF1",36.1546797733917
"PRB2",36.1084375575712
"WNT4",36.1070627119063
"DGAT2",36.0899717066968
"CYB5R3",36.0886017028773
"RPL26P6",36.082113242018
"LINC00621",36.0798361076234
"BCAR1",36.0786210421256
"TP63",36.0380292147998
"MRNIP-DT",36.0354316119004
"RRS1",36.0101646516308
"PDLIM5",36.0079106571223
"LINC02736",35.9975867417151
"CHST4",35.978868395227
"TSPAN7",35.9746369283925
"KBTBD11",35.9481688038487
"PRDM10",35.9426160119553
"DNAH6",35.9093820192009
"MFAP2",35.8830087534321
"ACKR4",35.8809510942764
"OSMR-DT",35.880192359287
"AK1",35.8769935930656
"DHRS3",35.8586347532638
"EFHC2",35.8548790225986
"RN7SL382P",35.8295034215883
"DCTPP1",35.808085702644
"GATA2-AS1",35.8014593112432
"CRNDE",35.7733751030656
"TMCO6",35.7508506918892
"ZNF862",35.7401958368527
"FLT4",35.7224007145304
"LINC02122",35.7121157094824
"ART5",35.7107860346841
"TOM1",35.6902133141166
"DKK1",35.6777116111092
"INPP5J",35.6635716399471
"ROM1",35.6617739256933
"NEBL",35.6598023561669
"TP53I11",35.6162277728835
"ZNF43",35.6154247174092
"ZNF608",35.6113050978978
"EDARADD",35.6088146983348
"PPP1R36",35.5953965571622
"SCAF1",35.5357183814549
"SNX32",35.5137011597059
"CSMD1",35.5002703987423
"CT83",35.4992608843774
"THBS3",35.4930017967695
"SPEF2",35.4889509085102
"ZNF585A",35.4854033201588
"HS6ST3",35.4617885386201
"PIGZ",35.4409234365629
"MYO6",35.4054170994011
"DIO2",35.3924012527157
"BAIAP2L2",35.3890259725457
"SLC10A2",35.3783327612395
"NRG2",35.3706315899253
"CCDC34",35.3663224860931
"NOS1",35.3514463175568
"AXL",35.3344336666226
"SEMA3B-AS1",35.32584337186
"AKAP7",35.308123346605
"CDK2AP1",35.2461966424929
"PTCH1",35.2287811082039
"MYO1E",35.2237216638069
"SLC5A8",35.1089106636123
"C21orf58",35.1056363889525
"FANCB",35.0945047394777
"MRE11",35.091403675798
"PARP3",35.0903694467519
"SNX10-AS1",35.0744130836217
"GLI3",35.0566926882727
"ENOSF1",35.0553361368566
"ZNF528-AS1",35.0548619316078
"UBR5-DT",35.0333513390319
"MYO5B",35.0309023327831
"SETMAR",34.9676812049609
"GUCY1B1",34.9601701816038
"TPRG1-AS1",34.9574044865048
"STOX1",34.956022311944
"SLC35G1",34.9527532445096
"TMEM81",34.9358299730501
"SRCIN1",34.9182281111108
"LPIN2",34.9144838890805
"DPH6-DT",34.9132182373676
"PLEKHG3",34.9097048604317
"SPRTN",34.872097150602
"LPAR5",34.8581919775075
"P4HA3",34.8532177542171
"ADISSP",34.8446524981084
"SMIM33",34.8440342961962
"SGSM1",34.8325751654912
"CCDC9B",34.8292697663308
"KATNIP",34.8253176390229
"AOPEP",34.803692151032
"MAGOH3P",34.8012200003096
"LUCAT1",34.7932623171598
"ST3GAL6-AS1",34.7654356397927
"WDR3",34.7305643688102
"TBC1D25",34.7147225913539
"KCNK17",34.7052198145835
"PDE9A",34.6917172267118
"LINC02981",34.6830760708986
"MRAS",34.6712686847296
"MTFR1L",34.6509218252527
"GDA",34.6241113481878
"ZNF629",34.6084827594649
"SPATA24",34.5882676826941
"FAM182B",34.5850698254275
"CMBL",34.5447846162758
"MIR181A2HG",34.528421963971
"ZFP14",34.5058180677047
"IL17C",34.5017612454754
"BRICD5",34.468736852424
"CYP2G2P",34.4649228848392
"IDH1-AS1",34.4603735172866
"PCED1CP",34.4550396391291
"PVR",34.4433283357049
"GATA6-AS1",34.4222372506937
"CYP2C18",34.4134310163105
"OTUD6B",34.4112492807265
"SYNPO",34.4077148831304
"CENPI",34.4032032748537
"RPL36AP44",34.383707706654
"TRAFD1",34.383479252265
"CDC20",34.3475879746302
"PCGF2",34.3291498611042
"GOLGA7B",34.2756229060611
"NTF3",34.2617704223513
"ZNF239",34.2540916555341
"HLA-DPA2",34.2391859786791
"FIZ1",34.2334171937997
"GAREM2",34.2018754725277
"TTC39A",34.1527898128563
"GARIN4",34.1359290756514
"PAX1",34.0946159661031
"ALKBH8",34.0869476877207
"OR14A2",34.0804351717513
"GRB14",34.078017033197
"HNRNPCP4",34.0761094752461
"C6orf118",34.0593552924012
"LINC03015",34.055931376401
"HOATZ",34.051746590596
"ARHGEF35-AS1",34.051092127663
"TTYH3",34.0367204503467
"MSL3B",34.0249276304505
"AADAT",34.0065194267592
"HSD17B1-AS1",33.9869933258821
"SUSD4",33.9842798848151
"CD74",33.9816448051599
"TCEA2",33.9626955895848
"DNAJC11",33.9429662639516
"LINC00240",33.9412270023847
"DOC2A",33.9390576392795
"CLDN12",33.9352040401746
"TPBG",33.9180416034586
"HPDL",33.9118380005189
"IL31RA",33.8869658656154
"PIP",33.8855899228192
"PLD5",33.8824875196632
"ZNF583",33.8728665633147
"STARD10",33.8724883775724
"VSIG10",33.8722651352922
"ELL3",33.8487102688981
"VPS13A-AS1",33.8060910118618
"KLRG2",33.799844409903
"LINC00524",33.7936547562015
"RPS7P15",33.7865326519662
"KDM7A-DT",33.7718408831265
"C6",33.7566153196221
"TUBA1C",33.7530287409741
"STK36",33.7418716497902
"PPFIA3",33.7240048450267
"SEMA4F",33.7142058124825
"TSNAX",33.7023040495218
"PPP1R3F",33.6772285146307
"CD101-AS1",33.6608019534755
"MT-CYB",33.6607987765252
"LARRPM",33.6596695872151
"REG1A",33.6020455818159
"EXO1",33.5933316371923
"CAPN6",33.5888903747266
"CT62",33.5690020065374
"FXYD3",33.5412464177062
"LCMT1-AS2",33.5298313725839
"ZNF114-AS1",33.4905633180458
"KCNK15-AS1",33.4398851275862
"NACC2",33.4155997897705
"TKFC",33.411755209378
"LINC01322",33.373962490199
"GINS1",33.3708335620421
"NOSTRIN",33.3483883477753
"STK32C",33.2877416795514
"HMOX1",33.2877057048393
"THOC5",33.2579958288841
"CLXN",33.2401302504079
"CENPB",33.2229662983719
"INTS5",33.1872099959896
"DHH",33.1791531881525
"CFAP144",33.171592943075
"COL5A1",33.1417728792973
"SLC6A9",33.1335377304114
"RIBC1",33.1306492581903
"AFAP1L1",33.1247739036633
"TNK1",33.1190813566085
"TOLLIP-DT",33.1132525044495
"NGFR-AS1",33.1022861635325
"OSBPL6",33.0837398530688
"PYCR2",33.0675170123303
"EPHA5-AS1",33.0533212384202
"ULK3",33.0292439146982
"TET1",33.0259736601802
"LMX1B",33.0256237050043
"RRS1-DT",33.019430881997
"ZNF888",33.0119974491422
"SCN1A-AS1",33.0052258510714
"TIPARP-AS1",33.0001569286793
"SLC66A2",32.9921791754635
"SLC35F3",32.966844271559
"GTF2IRD1",32.9533233009383
"RERG",32.9188374045685
"E2F8",32.9081089119179
"SLC5A5",32.8936426016323
"KIF15",32.8851626046544
"IHO1",32.8843038776814
"RBFOX1",32.8704162962902
"IRX2-DT",32.8514679569175
"LINC02864",32.8327447589356
"NPHS1",32.8185120126483
"ZNF14",32.8157461125785
"C9orf152",32.7952360392123
"ASCL2",32.7860909568799
"ZFYVE26",32.780054695939
"DIRAS3",32.7623903011303
"HNRNPA1P54",32.7558648104545
"MAP3K4",32.7500597872626
"CYTH3",32.7376721722991
"RBM47",32.7335076924354
"SLC37A1",32.7325553876488
"RPH3AL",32.7221112112097
"SLC25A27",32.7042159457572
"BAHCC1",32.6994020270835
"NTF4",32.6973767461982
"HNF4A",32.6962272350639
"CTBP2P2",32.6670525870111
"HLA-B",32.6533168303942
"ADH5",32.6362106394317
"LIF",32.6301529030992
"RP1",32.6245904621613
"S100A13",32.5955542819963
"ANO1",32.5936100692226
"ECT2",32.589914641983
"RPS2P41",32.5885827321878
"HESX1",32.5829899547849
"HSPA2",32.5647135062011
"CCDC51",32.5615469559245
"KDM7A",32.5271030878089
"TTC23L-AS1",32.5158343964128
"GPR153",32.5147578383363
"LRRC1",32.4969160047922
"MRPL2",32.4965857707956
"ZNF766",32.4960614861361
"CEBPB",32.4492370220894
"ZNF71",32.4337479949426
"ZG16",32.4331036678028
"SLAMF8",32.4288851415474
"CRTAC1",32.4089375901714
"UCN",32.3914875520995
"SNHG18",32.3808090855473
"SCARF2",32.3776558174639
"FAM229A",32.3761459699872
"GSDMC",32.3678314241856
"SPAG16-DT",32.3588504088176
"IL12RB2",32.3478146352178
"CCDST",32.3458502727581
"CCDC28B",32.342250742497
"LINC00437",32.333886564429
"ITGAV",32.3230992272566
"SARS2",32.3151952850688
"RBP1",32.3127943906447
"PIBF1",32.2907949051418
"ZFPM2-AS1",32.2668463204069
"HCFC1R1",32.2494307176205
"TEDC2",32.2477155477142
"RAB42",32.2430974260634
"BAG3",32.2382658483357
"STC2",32.2088930473428
"STYXL2",32.1968526575278
"DGKH",32.1851097567809
"ZBTB46",32.1806920844332
"OR2A5",32.1737576532708
"ZNF768",32.1706661580448
"ARL5C",32.1524203448487
"SDK1",32.1458301382638
"ACOT7",32.1372601846363
"FAM216A",32.1228427714722
"SRD5A3",32.1159743409016
"MUC20",32.1054792493056
"NOL3",32.1021772853369
"MIR762",32.0996322975222
"DANT1",32.0724900204564
"MAP4K3",32.0582454389243
"DAB2",32.0547841785648
"SEMA4B",32.0496845435949
"ANKRD30B",32.0493963331314
"LINC00370",32.0489464153447
"GSTCD",32.0370188616341
"MEIS3P1",32.0345354122269
"LINGO4",32.013170185635
"BARX1",31.9992581062759
"KCTD9P4",31.9760997159915
"STRADA",31.970596810736
"PAPSS2",31.9515297428725
"SLC27A3",31.9331993939887
"SEC24B-AS1",31.9303242294718
"RBMS1",31.9293919656888
"SULT6B1",31.9282700664173
"NEDD4",31.9042818870702
"RBM42",31.8920628892149
"LINC00939",31.8770307718264
"EXTL3",31.8676121910476
"C1RL",31.8599616856418
"ITGA7",31.8572717254086
"TMOD2",31.8540274580186
"CNGA4",31.8534676518478
"CASK-AS1",31.813287100677
"SGO2",31.807348611168
"PLA2G4F",31.7966502922833
"UGT1A6",31.7869948597174
"FAM215B",31.7769532173774
"RAB11FIP2",31.7736197845496
"GABBR1",31.7533876874254
"SAXO2",31.7400850699869
"EFCAB6-DT",31.7161615141067
"TMEM241",31.6816023398285
"LINC02897",31.6571714983891
"C17orf113",31.6319370273836
"CKMT2",31.625919067952
"LINC02471",31.6215343074962
"RNF217",31.620910701535
"ZNF584",31.6012630249165
"ZFP69",31.6009557347199
"STBD1",31.5833875924021
"FAM153A",31.5575923695107
"RASIP1",31.5319593919987
"LINC01291",31.5087396746261
"UCN2",31.5072319577579
"BPIFB9P",31.4816277952331
"NOXA1",31.4776084922302
"DIO3OS",31.470892853196
"SPATS2L",31.440244655115
"CYP26B1",31.4334824577376
"COMT",31.429849983041
"SPA17P1",31.4090165727336
"GRB7",31.398922910658
"HPGD",31.3887353127804
"MTNR1A",31.3679176516534
"C22orf23",31.3591770857798
"ZNF214",31.3260973088478
"TMCC1",31.3200716452139
"CD109",31.3177900698382
"ACSS2",31.2967956621091
"ST6GALNAC2",31.2793691958331
"PIAS3",31.2772321971547
"MAPKAPK3",31.2555013604518
"SST",31.2541977710789
"TGFA",31.2500112351081
"PROC",31.2452311196044
"DHRS13",31.2340509934105
"S100A5",31.2290697799298
"CRYBG2",31.2226649342507
"CPT1C",31.2166599539525
"PCYOX1L",31.204389880318
"PHLPP1",31.2028345889192
"UFSP1",31.2008429064861
"ZNF81",31.1639719448825
"ADAMTS10",31.1547752320344
"RPGRIP1L",31.1450795966484
"CLASP1-AS1",31.1394047878132
"WDR5B",31.1290989109247
"BRIP1",31.1258830763199
"NBL1",31.1189485997428
"MAMSTR",31.1065588217454
"ARHGEF16",31.1052979655967
"PPP6R1",31.1019237517284
"TKTL1",31.101326431944
"SCAND3",31.0989014389321
"NPM2",31.0943996714496
"NAV2-AS2",31.0842151585979
"ZNF500",31.0738558399613
"GAREM1",31.0624810359493
"PARS2",31.0524862458218
"CTIF",31.0237984707188
"PCDHGA2",31.0187068884031
"KEL",31.0161435858289
"ARSD-AS1",30.9717939316971
"NCAPG2",30.9618645589133
"RBFOX3",30.9493364641884
"CCN3",30.9311681880072
"FOXP1-AS1",30.9296716631124
"DZIP3",30.9191282324781
"MIRLET7IHG",30.9129070678127
"CAPSL",30.9089458813119
"BCL7A",30.8708401640066
"TYMSOS",30.8682498652697
"KCTD17",30.8297892736076
"TEAD2",30.8286740802953
"TNS1-AS1",30.8143879092085
"ADAMTSL3",30.7755378545504
"CYP2A13",30.7693465147044
"LINC02983",30.7302038903759
"NSMF",30.7247220195928
"ZNF778-DT",30.722455458246
"CFAP126",30.6810937158212
"PEG3",30.6765647251893
"LIFR-AS1",30.6470601009383
"A4GALT",30.6282938596924
"DBNDD2",30.6037068202985
"PTMS",30.5644280778255
"SECTM1",30.5625661221528
"ZSCAN32",30.5618677460316
"CHTF18",30.5595740668842
"ZNF287",30.5481699700902
"ATP13A4",30.5347506558636
"HLA-F",30.5300679338396
"HSPA1L",30.519610284785
"CRPPA",30.5116724780147
"RNF43",30.5085995878614
"SNX31",30.503806796143
"ACSM6",30.4998950745657
"EN2",30.4866368392189
"RPS20P15",30.4858633751159
"NOA1",30.4786951546701
"LINC01344",30.4571587663226
"AURKB",30.4553261971451
"EYA2-AS1",30.4526913751952
"ZNF470",30.4338185411345
"FAAP24",30.4246072188031
"FPASL",30.4103263008959
"LCIIAR",30.4081570425437
"CNNM1",30.4070909179919
"GPR87",30.3933176822802
"CSF1",30.3868835813673
"VIPR1-AS1",30.3786294845204
"RN7SL452P",30.3632070096347
"ROPN1L",30.3465197494759
"SRRM3",30.3442220865871
"IDO1",30.3410856071521
"PHACTR3",30.3142019158288
"NAT10",30.3020144664058
"FAM229B",30.245249373882
"TMEM74B",30.2296456279795
"HES2",30.2109894294718
"PGRMC1",30.1910770048589
"LIPT2-AS1",30.1677257304766
"MAP3K20",30.1577721916737
"PRR36",30.1173662423542
"SPECC1L",30.1070886552984
"KCTD13-DT",30.0919422678977
"SDC2",30.0770616239523
"ANKRD66",30.0498420615654
"FHIP1B",30.0358840683082
"GPX3",30.0336348955714
"TGFB2-AS1",30.0135912022072
"SLFNL1",29.9745717369821
"AGT",29.9671604661383
"GTF2H2C",29.9631436908003
"LINC00663",29.9600863718475
"LINC01569",29.9206504222838
"EPHA3",29.9093134690974
"BUB1B",29.9058387220011
"STEAP1",29.8783670705011
"ZNF704",29.8661104670775
"ALDH3A2",29.8489994904289
"GLIPR1L2",29.8333964125911
"TTC12",29.8271971708075
"IL12A",29.8215302590903
"FRMD4B",29.8129937521447
"TNK2-AS1",29.8084362998253
"PDSS1",29.8038198476913
"CDA",29.7878395212758
"C5orf34",29.7809374538663
"GABRB3",29.7726626697997
"SPATA6L",29.7690728311089
"FKTN",29.7626829676772
"GLOD5",29.7539794779359
"ANXA10",29.7492013688113
"CASC9",29.7447838583895
"SMC3P1",29.739371343383
"TDRD3",29.7376283580297
"PRKDC",29.7299902090447
"CYGB",29.7217256925995
"TFIP11-DT",29.7185886531636
"CD164L2",29.6918296855789
"PTCHD4",29.6628835638841
"CXorf58",29.6603657072267
"LINC02474",29.6490018073491
"SLC4A7",29.6316116533392
"CNMD",29.6181616928891
"MYO5C",29.606992287736
"TNFSF10",29.5983527741941
"B4GALNT3",29.5955901531338
"SLC8B1",29.5903776670658
"ACVR2A",29.586680512518
"AKR1C2",29.5729247875481
"GOLT1A",29.5645920003537
"MCIDAS",29.5604488354303
"MEIS3",29.5364775055322
"LINC01080",29.5230538773103
"NR2F1-AS1",29.5150056620343
"RUNX1-AS1",29.4902491709171
"INSL3",29.4827000757626
"KRT5",29.4680988524398
"CLCN4",29.4292343489833
"CFAP210",29.4258593318987
"SLC19A2",29.4201732560362
"SATL1",29.4196966195043
"ZSWIM4",29.4152923214423
"SYNDIG1L",29.3965196255091
"C2orf92",29.3861190074189
"BRINP1",29.3681717498224
"FAN1",29.3640973814683
"ELOCP33",29.3616319854568
"TUBB2B",29.3544402795129
"ALOX15",29.3521518166143
"ITGA9-AS1",29.3460900889248
"ANKRD35",29.3291764651699
"PKM",29.3269024990491
"KHK",29.3254506997787
"KRT88P",29.3194931075391
"CFAP65",29.317848319793
"CPNE8-AS1",29.3132541877108
"LINC02773",29.3050142604396
"RNU6-681P",29.3008515055326
"SBF2-AS1",29.2669063336595
"SLC6A6",29.2216743505151
"FABP6",29.220896349222
"ACY3",29.214617480465
"KLC4-AS1",29.19920625933
"ASS1P5",29.1941178059737
"VN1R12P",29.1778184655689
"RN7SKP239",29.1609647841149
"TRIM6",29.1561787287588
"FAM185A",29.1544418239991
"TIGD2",29.1500225506632
"PLA2R1",29.1460830839313
"PLAC4",29.1210017755848
"TACR2",29.1124761849634
"FARP1-AS1",29.0998972387997
"PRDM5",29.0995137583701
"PERP",29.095624742958
"PCA3",29.0888818182894
"KCNN2",29.0859372425321
"COL18A1",29.0839234626086
"PRDM16",29.0697841655127
"MRAP2",29.0408808432566
"ACP3",29.0397859682786
"ZNF750",29.0397270544102
"ACTR6",28.9758306235802
"SARM1",28.8899773602033
"MUTYH",28.8504810084003
"TBX1",28.8503211530952
"FBXL13",28.8469479982499
"LINC00665",28.8228078038198
"FKBP1B",28.8212164047475
"RUSC1",28.8182313281493
"HMSD",28.8170879333054
"ZNF319",28.8102561842966
"FAM83A-AS2",28.8038171641854
"MTUS1",28.8018612891605
"PITX1-AS1",28.7974328936459
"PCSK6",28.787924147394
"GMEB2",28.7804372622019
"DPP3",28.7721986229563
"IGF2BP2",28.7556163117892
"ADSS1",28.7522906906665
"HHLA1",28.7214497704084
"PAWR",28.7148100214761
"ABR",28.6967495275773
"LY6D",28.6843877283479
"CORO1B",28.6757169119345
"LINC01763",28.6754900848723
"GARNL3",28.668408674872
"TMX2P1",28.6611034019791
"TBX2-AS1",28.6512137331643
"SLC35E4",28.6314018434784
"ZNRF3",28.612360850466
"ZNF415P1",28.5985394161563
"PGLS-DT",28.5917439140017
"RGL3",28.5904267304002
"KLHDC9",28.5803395016787
"PLAGL1",28.5751227807751
"DOCK3",28.5490852895569
"COL4A6",28.5380066575537
"MRTO4",28.5360496735043
"GGCX",28.5359500025724
"ARRDC4",28.5342386912152
"NPAS2",28.5162786951998
"ARL10",28.507869302583
"TOMM40",28.5061357584318
"DEPDC1",28.4860450773542
"PPM1N",28.4846252038878
"COL8A2",28.4752035325067
"MYCN",28.4688483577869
"PKD2",28.4479464315035
"CFL1P5",28.4425578556072
"PZP",28.4322684514737
"EPHX1",28.4255543162587
"MYOZ1",28.4246530820755
"NPPC",28.416376477232
"PRMT1P1",28.4121010200992
"KATNAL2",28.4083870782633
"SMIM10",28.4045990370802
"CEP164",28.3765070488983
"ZWILCH",28.3762078553024
"HAUS4",28.3468493542068
"HGH1",28.3286128153434
"TPM1",28.3267798384003
"USP27X-DT",28.3183152622665
"STOM",28.2982011756908
"MAOB",28.2956520505768
"RGS17",28.27028673024
"NIPSNAP1",28.269811429113
"PARD3-DT",28.2636403445606
"JPT2",28.2373179703105
"TH2LCRR",28.2359986698134
"MAST4-AS1",28.2108264278495
"ACAN",28.2033095616418
"CMPK2",28.1988300229386
"PCOLCE2",28.1971269321166
"LRRC37A14P",28.1858594938113
"VANGL2",28.1369025687743
"PCDHB1",28.1347473325096
"BCAS3",28.1338632509545
"PRSS36",28.1229095427982
"CLCN7",28.0885256726142
"TRIM22",28.0719973797465
"UMODL1",28.0679830077755
"PLK4",28.0651493779067
"CCDC103",28.0344893244838
"KIAA1958",28.0205840506552
"PML",28.0075394734154
"DNAI1",28.0012147696625
"RNFT1-DT",27.99730651771
"CCDC60",27.9669627631626
"SPC25",27.9629626294232
"DDX51",27.9552475710554
"CYP3A5",27.9420483598462
"IQCN",27.9303349956965
"KRT8P33",27.9287171002144
"PHLDA3",27.9217335650846
"MAP3K21",27.8368225485287
"PITX3",27.8228391482847
"LITATS1",27.8206650981573
"ARSD",27.8021539549853
"KIFC1",27.7948285805983
"NFIA",27.7860977408548
"TNFSF11",27.7819384298699
"WASF3",27.7704339763908
"GAS7",27.7562308742673
"SLC24A5",27.7276628290878
"ITGB5",27.7256861551662
"NUMBL",27.7235534306684
"FHOD1",27.7222592791241
"CCDC71L",27.7008708253524
"MRPL30",27.6984971163739
"ACTN4",27.6895614468162
"ADGRG1",27.6840364253229
"CSRP3-AS1",27.677818156125
"PCNX2",27.6665950199162
"EDNRA",27.654853439044
"CCDC74A",27.6456008067874
"SRD5A3-AS1",27.6147925741915
"PROB1",27.6035208406298
"FGFBP1",27.5835081171413
"LINC01589",27.5685765303915
"PPP1R3D",27.5662374448682
"PKN3",27.5395929540233
"RABL6",27.5135934123141
"PLXDC2",27.495734964424
"RUFY1-AS1",27.4878677147126
"GPM6B",27.481433857741
"MT1M",27.4585670905691
"UBD",27.4357410252988
"SPEF1",27.4321449540337
"BEST4",27.4188652608727
"CIAPIN1P",27.4126827965967
"EPHA5",27.4052912274824
"VSIG10L",27.3661393777231
"LINC02086",27.3610422770596
"SYT2-AS1",27.3594956191468
"LINC01978",27.3578946496126
"CATSPER3",27.3538587517367
"MAGI1-IT1",27.3524172809307
"FAM181A",27.3364055799611
"CAMK1D",27.3302280352251
"PITPNM2",27.3095907941946
"TSGA10",27.2806588819251
"CDH26",27.2604521272039
"FOXK1",27.2531905671288
"LONP1",27.2338572806126
"OSR1",27.2260413163828
"EPC2",27.2146815536913
"FMOD",27.214150187993
"SLC25A43",27.2097155830728
"SYT15-AS1",27.2069080191196
"SNAPC1",27.203503680701
"KIRREL1",27.1948367915668
"USP19",27.1777119906703
"CCDC65",27.1658330908762
"GRK3",27.1502913154351
"LINC02035",27.142350939507
"SRD5A1",27.123192832695
"MIR34BHG",27.1208868431772
"DNER",27.1066974906677
"SPRING1",27.102912916702
"EPHX4",27.0752767479053
"LINC01612",27.0560626454764
"MED12L",27.0421658374486
"USP27X",27.0399908655024
"SMKR1",27.035301406688
"LINC02994",27.0006749307461
"NCKAP5L",27.0006584540629
"KCNJ5",26.9833320432348
"OAF",26.9783526387932
"CLUAP1",26.9375764501858
"BMP5",26.9181062669442
"TLE5",26.8767412374359
"RPS6KA2",26.8651964696072
"NRXN2",26.8645614279696
"KLF16",26.8494926404338
"CD82-AS1",26.8469701493828
"APC2",26.8338907829706
"MYO15B",26.826400196392
"TRMT12",26.8150886619571
"ECT2L",26.8006823820436
"TNFRSF11A",26.7967232629948
"TNFSF14",26.7769077794398
"SERPINH1P1",26.7762161117706
"RNF130",26.7754433624447
"EFNB2",26.7693101950927
"CHRM4",26.7601800635022
"FRMD3-AS1",26.7477650499197
"RNF175",26.740134741382
"HSD17B1",26.7294199134212
"OLFM1",26.727735217673
"TTC6",26.7225705414781
"PRADX",26.7039845052938
"LINC02768",26.6997588490103
"ZNF202",26.6979367273493
"ATF7",26.6868713467603
"SLCO3A1",26.681310685768
"SOX21-AS1",26.6729376642644
"HOXC9",26.668639136811
"PRSS54",26.6437840541961
"PDE4C",26.6420381093487
"SPACA9",26.6274005400473
"CSK",26.6250789332801
"ACYP1",26.6186838311629
"C1orf21-DT",26.5898753500979
"SLC25A21-AS1",26.589390771674
"P2RY6",26.5891000627607
"MAP7-AS1",26.5780319633302
"HROB",26.573341447712
"AK4",26.5714551770819
"RPS3AP12",26.5704277765632
"DTX2",26.566059739831
"GTPBP2",26.5547407348316
"CHST13",26.5445279172264
"RUFY1",26.5359946491182
"EPS8L3",26.532738540026
"TTLL6",26.5285994718799
"LSMEM2",26.5181901146156
"FCSK",26.5116943680234
"TREM2",26.5112914145438
"DPYD-AS1",26.5107887359671
"ZNF771",26.4847765127958
"SLC22A13",26.4835560376068
"LGR6",26.4781586012936
"UBL4A",26.4505980723971
"ZNF420",26.4504266977916
"PATZ1",26.4467816325986
"YAE1",26.4353423975883
"PTPN5",26.4236085046516
"CFAP418",26.3969201068323
"IDI2",26.3957615460282
"EPHA1-AS1",26.3875734185082
"CFAP141",26.3809704260665
"TCTN1",26.3736838862068
"SHLD1",26.3736481116919
"STX1B",26.3489587354069
"HNRNPA1P38",26.3349185039959
"ZNF467",26.3226482044067
"TMEM253",26.31432418423
"TMEM217",26.3111915418031
"TCEANC2",26.2974847680723
"MTCH1",26.2967374237248
"MROCKI",26.2921678709172
"LRRC14",26.275561011104
"SOX18",26.2682510752148
"TRPM5",26.26324660992
"CDR2L",26.2598519158493
"UEVLD",26.258541248636
"FOXD2-AS1",26.2568205202209
"CD81-AS1",26.2400826951304
"ZMAT1",26.2272829582196
"RAB5CP1",26.2135823333251
"IL1RN",26.2039701092958
"IDH1",26.1888555822828
"RYK",26.1844856994158
"RPL7AP39",26.1828290879857
"LINC02515",26.1623984859722
"SUCLA2",26.1511014754828
"HOXC11",26.144621717698
"SHCBP1",26.1441318750162
"TBRG4",26.1321711731098
"PLEKHG7",26.1196759010431
"EFS",26.1162884401412
"CTPS2",26.115915953538
"LINC02585",26.1028653321114
"HSP90AA5P",26.0849157453728
"CFAP92",26.080346991578
"ZNF598",26.0797718943181
"LINC02766",26.0623640307994
"MARK2",26.0438001621632
"MTTP",26.0393769168538
"GNAL",26.0317472181451
"MYCBPAP",26.0190858046144
"CAMK1G",26.0067070365335
"MLYCD",26.0025772096189
"TRMT9B",25.973180430401
"LINC02240",25.9292685191023
"CCDC154",25.9269501492115
"RN7SKP23",25.9248209777763
"EPCAM-DT",25.88943495968
"GAS1RR",25.8835442132554
"FAM135A-AS1",25.8768859922743
"MMAA",25.8765317685606
"PHB1P8",25.8703887575844
"MIR210HG",25.8606530062272
"SERPINI2",25.8584739731596
"LINC02091",25.8436492426708
"CFAP100",25.8262661300666
"LRAT",25.8232225971268
"SEMA3F",25.8206304934532
"RPL21P89",25.8172575225088
"TNPO2",25.8070810125881
"RNU6-190P",25.8008737126943
"MTAP",25.7980461398851
"LTA4H",25.7954418022868
"MAP2K5",25.7908471398645
"SV2C-AS1",25.779765301034
"RNF212",25.7759438767732
"TDRD10",25.772040602449
"LINC02253",25.7654996497215
"SEC22C",25.7634162312384
"LINC00261",25.7547533267269
"ZNF880",25.7516837549588
"MGLL",25.750409161847
"SLC49A3",25.7450426386658
"RBM26-AS1",25.7445869654421
"AHCYL2",25.7279946828773
"C4B-AS1",25.7244030029273
"FMNL1-AS1",25.69859063568
"MCU",25.6920201875854
"FAM193B",25.6871733440469
"SYT12",25.680577955761
"H4C9",25.6745153733484
"DNAH10",25.6589178283287
"NR2C1",25.6536536646253
"GTF2H5",25.6472801341315
"LSR",25.6472049837191
"SLC46A1",25.6457946355459
"ZNF436-AS1",25.635925219477
"KRT8P28",25.6335386691637
"RBFOX2",25.6145485231259
"ZNF449",25.6078686383708
"ARHGAP33",25.5966523831577
"ICA1",25.571011758413
"RPL29P26",25.5522023228152
"POLG2",25.5417747790475
"ZNF496-DT",25.5347170264851
"EPHA10",25.5267734608194
"SNCA-AS1",25.5266764714995
"PPP1R3C",25.511724719968
"CDC42BPG",25.4978352589179
"SLC22A15",25.4938273068382
"COL26A1",25.4817297813166
"LINC02160",25.4367898251566
"SLC16A13",25.434000367091
"ARMH1",25.4334777898729
"EPPIN",25.4303619383242
"CRB1",25.4282328002126
"GSTP1",25.4280253123615
"CCN4",25.4072653361367
"BCO1",25.4034552531854
"TMEM220-AS1",25.3999624453991
"TRIOBP",25.3547868649633
"TDRD5",25.3454950880679
"ZBTB4",25.337004935061
"AIDA",25.3365608553138
"UBAP1",25.3273803222063
"SCYL3",25.324594269658
"ERBB2",25.3239186813229
"NR2E3",25.3220096779863
"LINC00943",25.3103470543405
"SLC16A11",25.3016996399077
"CIB2",25.2998717299423
"UBXN8",25.2955400260012
"ANAPC2",25.2952690624915
"MCOLN3",25.2935205386959
"RNASEH2A",25.2811116564543
"CNGB1",25.2788902724769
"CFAP74",25.2632212677171
"TMEM212",25.2445012127889
"ADGRE2",25.22878888916
"ITGB4",25.2111152919184
"CD300LB",25.2085063761623
"DHCR24-DT",25.2032360672443
"ADAMTS7P5",25.2004116322658
"DOCK7-DT",25.1943598152735
"FAM221A",25.1764709097492
"PRELID3BP11",25.1536736453487
"FSTL4",25.1481035239665
"DOCK9",25.1350031517757
"KLHL8",25.1339909757218
"SVOPL",25.1155956815646
"RAG2",25.110073921578
"RGS17P1",25.093283672686
"PAK6-AS1",25.0678104632508
"ENO4",25.0606755848689
"CCDC74B",25.0520182650817
"BCL6",25.051421772247
"RALGAPA2",25.0308299779534
"ANKRD26",25.0245529566193
"HECW2",25.021075622554
"NDOR1",25.0208889047851
"FBXW12",24.9937129754092
"SLC25A21",24.9863380250028
"APOL1",24.9570989609448
"WWC2-AS1",24.9552712484701
"GLDN",24.9527702845658
"SERPINB6",24.9280296525216
"ZNF721",24.9133668363059
"BRD1",24.9132697988653
"NIPAL1",24.8870667787456
"TMEM61",24.8846544100516
"COL9A2",24.8707198021525
"C18orf63",24.865250147836
"ZNF227",24.8488093104705
"SIGMAR1",24.8298420648128
"SUOX",24.8193834180903
"LINC01482",24.8088878028369
"MCM8",24.7999622254042
"ERCC2",24.7965550928554
"FBXO24",24.7833378963667
"PIK3R3",24.7779863987775
"ELN-AS1",24.7733326297116
"ZFP36L1",24.7534920003963
"IER5L",24.7526927461782
"ELOA2",24.743219089415
"TOMM40P4",24.729666015043
"ASL",24.722189547458
"ASB15",24.718370783127
"VASP",24.7154442152305
"CDKL1",24.6935654439089
"NUP54",24.6894454936096
"ZNF630",24.6892881506195
"TNNC1",24.6862182237883
"EIF2B5-DT",24.6859287892762
"TFE3",24.6831571066213
"POLD2",24.67897304503
"PHKA1",24.6783777912788
"IRF2-DT",24.6737272187444
"PPA1",24.6712470028606
"PTGER3",24.666152908792
"NEDD4L",24.6650666639697
"RPA4",24.6625232256293
"SHISA4",24.6597513749496
"SNX24",24.6571510586819
"EBF4",24.6516073379182
"SOX2-OT",24.6276560679563
"C5AR2",24.6110827290139
"DNHD1",24.6090589346215
"USP32",24.6021163141169
"GJB4",24.5906462281763
"NRIP3-DT",24.58554036253
"FIRRM",24.5800998534367
"AFF3",24.5790614058399
"BLZF2P",24.5615898049806
"LINC01522",24.5590866727139
"RGS7",24.5517421727867
"LDB3",24.5390688617103
"FZD10",24.5375048909991
"TFR2",24.5324643467356
"ARPC1AP4",24.5099490279023
"MYRIP",24.4959320400746
"GMIP",24.4827743164537
"HES4",24.4790609613828
"LINC01619",24.4216820776956
"LINGO3",24.4157942713253
"DYNC2I2",24.4101636882707
"IGF2BP3",24.4047244707783
"ABCB6",24.4041426570061
"ZCCHC4",24.4023863123657
"TNNT2",24.3896871244776
"H4C12",24.3697811265059
"LINC00511",24.357144395323
"UTS2",24.354288473671
"LINC01476",24.3428570550479
"PDZK1",24.3336589904589
"LINC02803",24.3327886313155
"POLR1G",24.3301911354758
"CEP126",24.3223820179061
"CTNNBIP1",24.312295437992
"GPAM",24.3048633884469
"EPB41L1",24.2957567645546
"TNFRSF10B",24.2842659758462
"CSNK1G1",24.277818472367
"MPPE1",24.262248711527
"CAPN1",24.2585644664472
"WDR35-DT",24.2524037224334
"MEX3A",24.2509164165921
"ATP11A-AS1",24.2500000906399
"MVP-DT",24.2485484310113
"ZBED3",24.2464491416459
"FBXO15",24.2112630424988
"TIGD1",24.2014907110386
"CDH7",24.1938311189683
"EPB41L4A-DT",24.1897106632963
"UCA1",24.1801944871678
"CFAP298-TCP10L",24.1637023929171
"THY1-AS1",24.1549597039079
"LINC02625",24.1452034748413
"DDO",24.1383278688362
"H2AC16",24.1368812007337
"PTK6",24.1300989228342
"RPL7P19",24.1233798931265
"ADRA2A",24.1131770787863
"HIPK4",24.1099267211308
"FRY-AS1",24.1080180016864
"PLCD4",24.0995765099076
"IQUB",24.0950727264803
"INPP5A",24.092187454837
"SUMF1",24.0854565552131
"RAB38",24.0825226497196
"EXTL2",24.0798031152834
"GPD1",24.0743449121159
"TMPRSS13",24.0616891919509
"ACTB",24.0579695321905
"KPTN",24.0488419475635
"ZNF879",24.0434470828613
"KANSL3",24.0355340498208
"KSR1",24.0237136826994
"FNDC7",24.0044725218088
"INPP4B",23.9906989981804
"PDLIM1",23.9671701719199
"IVL",23.9597773234128
"RPL7P60",23.948362368259
"RNF113B",23.9180552657647
"MTF1",23.911322657173
"NPIPB15",23.8938610531129
"LINC00609",23.8831154219156
"ANKEF1",23.8819520572126
"PCDHA9",23.881469075649
"TGFBR2",23.8771666383908
"ITPK1",23.8771350528191
"FBXW10",23.8658223076589
"POR",23.8597814314681
"IMPDH2",23.859494470221
"PLAC8",23.8544578761181
"GLUL",23.844742436079
"DCDC1",23.837085126228
"KLHL5P1",23.8190568431093
"ACOT1",23.8182642998873
"LINC01515",23.8167447499774
"ZNHIT6",23.8095889693558
"PKP4-AS1",23.8035086105012
"TSPAN19",23.8024545882071
"SASS6",23.785175646772
"TESMIN",23.7809858790266
"RABL2A",23.7721008761775
"WNT7A",23.7708139044282
"SHOC1",23.744085300812
"FHIP1A-DT",23.7345256901931
"ADAP1",23.7232431573895
"FSCN1",23.7212229179148
"PLCH2",23.6926133474649
"PTHLH",23.6810949750723
"LASTR",23.6775012373339
"DPPA4P3",23.6767610015771
"APLP1",23.6728223456365
"TGM1",23.6385654588935
"LINC02583",23.6265293306612
"F2",23.6217821529379
"ZNF677",23.6123018293286
"ATOH7",23.6094093116494
"C10orf95-AS1",23.5974171740308
"SNX21",23.5883033818084
"SEC14L4",23.5818061824642
"LINC01002",23.5712585223162
"HIRA",23.5711708914319
"MFRP",23.5706000082724
"SPART-AS1",23.5698035732387
"SAXO3",23.5453714221214
"TMCO4",23.5451303443615
"ALKAL2",23.5429065129847
"PRR13P5",23.5410584485657
"SPP1",23.533454322002
"C16orf46-DT",23.5188034455199
"MIR9-1HG",23.5170989372652
"PYDC1",23.511290078586
"GATA2",23.5010573351928
"TTN-AS1",23.4513252133019
"LRRC31",23.4468856135112
"HOXA3",23.4345123142142
"GPRC5B",23.4262486626151
"ASGR2",23.4244313016477
"LONRF3",23.4208849581298
"WFDC8",23.4190190628742
"XKR5",23.4176501390788
"MXRA7",23.4156365596578
"HSF2BP",23.403442364452
"MDK",23.3848558341476
"BSG-AS1",23.3781670510293
"YBX3",23.3405655452323
"SNRPA",23.3369947547655
"TMTC2",23.3308736618019
"SNHG19",23.3174626681422
"DLGAP1",23.303249920361
"SYT15",23.2815928316476
"CREB3L4",23.2554316163177
"PLOD1",23.2444521693002
"SLC12A9",23.2345573027637
"RNF187",23.2135032194664
"ACOT11",23.2065537747369
"SMIM30",23.2040748286364
"ITIH2",23.2015834715351
"MATN4",23.1965370924893
"NBR2",23.1894919058935
"PRKCA-AS1",23.1867900500596
"PES1",23.183270618067
"PNPO",23.1702211389618
"CFAP276",23.1657770450387
"LIPC",23.1632058910461
"KRBA2",23.1625068503026
"KIF27",23.1598878918812
"TGS1",23.1592553176771
"ZFYVE16",23.1413663090445
"SLC5A9",23.1351748235142
"PPP2R2C",23.1211569439142
"ETNPPL",23.1091798570717
"NRIP1",23.1036986638007
"SLC4A2",23.0957381032215
"ELMO3",23.085715776168
"PSMD3",23.0541971871366
"PCDHB16",23.0421058095102
"N6AMT1",23.0406921364137
"FBXO45",23.0348123850321
"DAGLA",23.0325693613149
"CSTA",23.0311808323024
"PLA2G2A",23.0287201628141
"RASAL2-AS1",23.0270420532427
"TEX38",23.018680424446
"RNF185-AS1",22.9984867632282
"SYNM-AS1",22.991849854873
"NAP1L5P1",22.9864612994794
"IFT43",22.978709196994
"EIF2B2",22.9768823584506
"UBE2SP2",22.9739804039895
"LINC00853",22.9651385950305
"C11orf96",22.962363570497
"PABPN1P1",22.9491339840764
"SLC25A25-AS1",22.9462383031058
"TRAK1",22.9406787828112
"ADCY9",22.9263727562122
"GALC",22.9041512557631
"ACSL5",22.9017665605221
"ZNF485",22.8908387669031
"RNASEH1-DT",22.8662696042766
"SUV39H2-DT",22.8474797735788
"RRH",22.8235358511792
"EIF5-DT",22.8127674203261
"RAVER2",22.8043482296456
"TLE6",22.8004326148886
"LNCTAM34A",22.781361554785
"FGF14-AS2",22.761568344939
"LACTB2",22.7342235017061
"AGMO",22.7334031491145
"H3-7",22.724543982924
"RNF44",22.7144887648263
"OMG",22.7118861744465
"NLRP2",22.7068347296246
"GAS8-AS1",22.6967013052476
"SPAG17",22.6887836955917
"KLHDC7A",22.6839353865281
"NANOGP2",22.6761133877844
"TBC1D30",22.6739163830597
"HNRNPUL2",22.667044378366
"GJC1",22.6523493772558
"EIF5A",22.644865569669
"RMI1",22.6435917141423
"A2M",22.630194316588
"PBX2",22.6258105994926
"ONECUT2",22.6240420991153
"KIF18B",22.6110822849572
"DISP2",22.6045091094464
"DRD2",22.6017319229062
"GREB1L",22.5995356539869
"ZNF444",22.5962683930173
"CRYBG3",22.5929925478652
"ZNFX1",22.5745312170983
"PRR19",22.5729930808079
"ZFP3-DT",22.5560067211189
"ANKRD61",22.541885223791
"DHX40",22.5375930476222
"RN7SL180P",22.5346359111076
"CD9",22.5253173291827
"THNSL1",22.5184047146457
"CERS6-AS1",22.5174358834609
"ZNF473",22.516551292158
"FKBP9",22.5148039796834
"ADGRD1-AS1",22.5144843754085
"TGFB3",22.5116553513365
"MORN5",22.5049387180342
"GFAP",22.4848004820601
"LINC01088",22.4783083088053
"GATB",22.476206557279
"LINC01708",22.4611752496222
"LINC01740",22.4611752496222
"TYRP1",22.4462071448093
"CCT5",22.4461702577454
"NPHP3-AS1",22.4438660824271
"RNU6-1251P",22.4290747484142
"RHOT2",22.4186518501044
"PON1",22.4148678256225
"KRT27",22.4106535435285
"POLD3",22.3991619694142
"ZNF701",22.3947966620267
"TMEM213",22.3824437319582
"GDPD5",22.3786482958244
"REPIN1-AS1",22.3754086125884
"GHET1",22.3675883441918
"UTY",22.3669641476106
"SPR",22.3592434019222
"TFAP4",22.3513359896668
"TRIM31-AS1",22.3446483814337
"DYDC2",22.3441272044971
"TOE1",22.3388461197543
"RN7SKP292",22.3386195396227
"DAW1",22.3196031073642
"CTDP1-DT",22.3096201988623
"LINC01270",22.3039300286807
"ZNF547",22.3015521495979
"TMEM250",22.2959500502452
"ZNF730",22.2926116980372
"CFAP184",22.285978602644
"CLP1",22.2768428745066
"LGSN",22.2623464376377
"NPTXR",22.2511765362907
"CARMN",22.246640574266
"MRPS26",22.2163135512899
"CTDSP1",22.2052289896231
"MYO3B",22.2050331812999
"ENPP4",22.2045410690001
"ZNF470-DT",22.2015019828774
"PEX6",22.1826222055431
"HASPIN",22.1737108456486
"CCDC15",22.1650771716639
"ASGR1",22.1534960973672
"CNIH4",22.152487293585
"ACER3",22.145394277193
"RBM14",22.1359994108295
"MTA1",22.1290203167357
"CYP2D6",22.1165899748078
"GSR",22.1163367004201
"PPDPF",22.11342758575
"TSPYL5",22.109728618568
"XXYLT1",22.1039913993141
"LINC01750",22.078681354041
"RAB23",22.0758137385041
"LINC02875",22.0555918746339
"CD177",22.0547341285167
"NUP37",22.045298057025
"ZBTB45",22.0297645865499
"HNRNPA1P53",22.0291673192849
"XKR9",22.0275058976981
"LINC02348",22.006895504077
"SLC22A23",22.0050206836829
"EEF1B2P7",22.0025075196318
"RPL21P123",22.0019704320103
"TRIP6",21.9836822023323
"NUCB1",21.9822780193442
"ARHGEF4-AS1",21.977605068761
"C1QTNF6",21.9673248591633
"FOXP1-DT",21.9411110343446
"C3orf62",21.9357119082611
"MZF1",21.9202951800525
"AKR7L",21.8903861401413
"OCRL",21.8864312130061
"TMEM97",21.8643494575608
"NPY2R",21.8527103822524
"BMPR1B-DT",21.829445601631
"KNL1",21.8293951080419
"PCSK4",21.805266063687
"PGBD5",21.7958723481123
"BCS1L",21.787752221342
"ITPRID1",21.7699964178691
"A1CF",21.7644975703035
"LINC01994",21.7555068672552
"RAP1GAP2",21.7494979877172
"GLMN",21.7467021933101
"LINC01271",21.7442390695085
"SPAG16",21.7413273282517
"GSN-AS1",21.7397847546069
"INA",21.7267918734119
"RAB11FIP3",21.723158138045
"CBY1",21.7135302629306
"FAM110D",21.7044861959836
"CCDC137",21.6981889594291
"SSTR1",21.684698633651
"NEFL",21.684636536188
"GMEB1",21.6779232312881
"PCBD1",21.6755005590875
"DHX34",21.6660658588675
"HEBP1",21.6481307420667
"PHF10P2",21.6429734686152
"MSANTD2",21.6362158654385
"TMEM67",21.6316021287365
"NOTCH1",21.6234366891741
"SFRP1",21.5911688225296
"SCN1A",21.5910060119709
"PLRG1",21.5789792385484
"PCBP4",21.5744634236819
"MAGEA8-AS1",21.5637587727784
"RPL6P24",21.5520184254656
"RAB7A",21.5391655271665
"RUFY4",21.5370285264106
"TAF10",21.5370166996544
"EMP1",21.526488677379
"PSRC1",21.5197742800747
"PPP1R12C",21.5056568249946
"BOLA3P1",21.5024758583566
"ZNF737",21.4990219375706
"ABCB10",21.4949899408741
"CCDC15-DT",21.492753765345
"ZBED3-AS1",21.4890349310395
"ZNF329",21.488152007095
"THOC6",21.4836463364107
"KRT8P36",21.4801315364485
"VWA7",21.4697525097727
"NOTCH3",21.4500607321954
"POLR2E",21.4491287288534
"ABHD17AP6",21.4454072736358
"UBE2C",21.4430949064745
"APOD",21.4410221204567
"TSGA10IP",21.4372013473367
"LIMA1",21.4355717070605
"CHD1L",21.435284791049
"STK11IP",21.4226413846252
"XYLB",21.4140650528821
"TSPAN10",21.4122043170654
"HADH",21.4080871185492
"PPM1J-DT",21.4021761608723
"MINDY4",21.397651869927
"CHAF1B",21.3943179023105
"MIR600HG",21.3929745291
"BNIP3",21.3848341173308
"AKR7A2",21.3801466263106
"TRIM5",21.3786834745504
"PSEN2",21.3534011070746
"DOCK6-AS1",21.352499038321
"RHBDL1",21.3513654935451
"PCDHA10",21.3494889785056
"ZNF84",21.3303138062802
"UBASH3B",21.3281352530817
"LDHAL6EP",21.3118988185221
"PPIAP40",21.3024817824944
"LINC02137",21.2899761495965
"TUBB",21.2885554256829
"ATCAY",21.2747350501168
"OR10H5",21.2722246131902
"ENDOG",21.2680702186954
"FAM210B",21.26100831588
"ZFP57",21.2588916943616
"RNU6-1089P",21.2545313090042
"TTC23L",21.2398551957944
"PCMTD1-DT",21.2381739371007
"ZNF577",21.230920394104
"FMR1-IT1",21.2292979576646
"MOCS1",21.2256299501269
"DCK",21.2238038290475
"RPS2P52",21.223110731657
"SRGAP3",21.2183328727643
"SYTL4",21.206603088344
"ECRG4",21.2034285693525
"MCCC1-AS1",21.1981505108559
"ZNF484",21.197775380262
"MBD3",21.18758238563
"SPON1-AS1",21.1841730961215
"SOX7",21.1778077877666
"LHB",21.1776824343699
"GPALPP1",21.166404648889
"TFDP1P2",21.1502939147548
"HIBADH",21.1238616188203
"MEX3B",21.1083307833322
"LIPE",21.0871294791984
"TSPOAP1",21.0777131583811
"NRP2-AS1",21.0688441240967
"GUCY2C",21.0688096867221
"ATP5MC1P6",21.0516785520389
"WDR76",21.0511298548373
"MYO1B-AS1",21.0472344824551
"ATP1B1",21.0410224374059
"NHP2",21.0287757567797
"SCAF4",21.0235824877885
"SMIM10L2A",21.0060008067474
"TMEM150A",21.0044701666751
"POLR3DP1",20.9861452267393
"MAP3K10",20.9784796522248
"SRR",20.9607358462652
"SORCS2",20.956709621288
"MCM3",20.9249167625245
"COL6A2",20.9209725473843
"DNMBP-AS1",20.9153148293656
"NAALADL2-AS2",20.9150364159707
"DKK4",20.9110373236791
"COMMD4",20.9066875045137
"GRM5",20.9046788353686
"LINC01970",20.8988829193123
"RIN3",20.8909324244188
"LINC01836",20.8870563562153
"KRT8P46",20.8804652546996
"GAS2L3",20.8792450558705
"WDR82P2",20.853009928594
"ARNILA",20.8247190021234
"FECH",20.8151209407894
"NACC1",20.8135691124674
"NCOA7",20.7773554330841
"SLC35D3",20.7655722501907
"BRWD1-AS1",20.763129310899
"RIMKLBP2",20.7588270537802
"ZNF860",20.7583844061427
"PARP10",20.7534111870431
"CARS2",20.7525951086296
"CMTM4",20.7495966819359
"LY6G6F",20.7405147382834
"CENPQ",20.7291616335045
"SLC66A1",20.7230086525262
"PSTPIP2",20.7126150544895
"AKIP1",20.7086168716696
"NBPF3",20.7073929627316
"RGN",20.706350792491
"TBL3",20.7053088197738
"LINC02918",20.6960915035055
"DLX4",20.6930367320814
"BATF3",20.6887900180554
"ZBTB45P2",20.6883065964633
"PGAM1P7",20.6856032777152
"WDR81",20.683808780541
"CACTIN-AS1",20.6768897209778
"CLCN5",20.674627885258
"PCDHGB6",20.6738698087354
"RN7SL689P",20.670081949259
"PIP5K1A",20.6695946441316
"VKORC1L1",20.6563088696786
"FAM53A",20.6384897206293
"CDH15",20.6383202950333
"ARHGEF38",20.6211896567234
"LRP11",20.6187662583755
"PDPN",20.6170247948458
"ANKRD9",20.6139162702709
"FCN3",20.6106154308526
"TARBP1",20.591035940649
"RNF220",20.5883951048016
"GRID2IP",20.5801248166879
"PITPNM2-AS1",20.5446828613055
"GRM5-AS1",20.5425504403109
"CENPV",20.5332979734731
"LRG1",20.531059532563
"C7orf78",20.5309045824253
"SPATA17-AS1",20.5300886185898
"MORN4",20.5283766496563
"IL32",20.5246762943553
"RBM46",20.520023912021
"CTRL",20.5154007946982
"DOCK9-DT",20.5106845129693
"EIF3CL",20.5076797996112
"ACCS",20.4986821777281
"CDK10",20.4949394270675
"DCLK1",20.4856393423076
"KCNE1",20.4806624859049
"STX10",20.4672275282995
"POMGNT1",20.4616863523787
"NEO1",20.4613645324419
"UBQLN4",20.4575823635114
"PCED1A",20.4516682685425
"SMARCA4",20.4477991241437
"S1PR5",20.4366274939898
"MPDU1",20.4269637536987
"AXIN1",20.4196773833386
"ASPN",20.4101049641944
"MMEL1",20.3819688779782
"CCDC120",20.3808482154135
"PLA2G12A",20.3776343219632
"ARL8A",20.3762725479592
"SERPINB1",20.3738953541791
"CLEC19A",20.362192866929
"ANO7",20.3512843209722
"PPIAP51",20.35023476747
"GLIS3-AS2",20.3482684930906
"ACACA",20.3481335222461
"GEMIN5",20.3449864743145
"PPP4C",20.3366863561685
"PGLS",20.3268750953953
"HERC3",20.3234153673448
"SEPTIN14",20.3176855623822
"SEMA6D",20.3105517229607
"LENG9",20.2976006040016
"WDR18",20.297323741241
"IMPACT",20.293270857018
"RALGPS1",20.2922144809057
"MEAK7",20.2789671877005
"NLRX1",20.2664169757095
"HS3ST6",20.2636436501444
"SLC9A3-AS1",20.2529747471171
"FDXACB1",20.2443228302592
"RPSAP51",20.2336173041986
"IFNWP19",20.2287166345598
"LINC02562",20.2193627222648
"HDGF",20.2193295394297
"TM7SF3",20.216219506532
"LINC02489",20.1968350380592
"ZNF443",20.1824163094616
"CYP4A22-AS1",20.1809791429038
"GABBR2",20.1767643470754
"YOD1",20.1571752548811
"GTF2I",20.1560872363935
"FBF1",20.1475748966934
"FZD5",20.1444021123505
"DEK",20.1389299909233
"TCF19",20.1385935745347
"PRKG1-AS1",20.1321304223017
"MRPS28",20.1241460856569
"LPGAT1",20.1167848976579
"KLC3",20.1148682768336
"FBXO39",20.1147723649137
"TTC21B-AS1",20.1099728110341
"RNU6-942P",20.1090796932839
"MYL9",20.0792943633674
"CTNNA1",20.0754281684713
"FLVCR2",20.0745621199313
"TCEAL9",20.0579282897715
"INTS7",20.0534683988672
"DHDDS-AS1",20.0513378592079
"ATP6V1H",20.0445448552185
"BNIP3P17",20.0108770299661
"RAB12",20.008650024007
"LSINCT5",20.0032579627621
"GPC6",19.9976038146526
"CHD3",19.9923470564133
"NPNT",19.985443174903
"FOXP4",19.9807653606244
"MYO7A",19.9703095292114
"VHLL",19.9559629066939
"FOLH1",19.9512369875222
"LINC00944",19.9466381271518
"TAGLN2",19.9332900300096
"CELSR3",19.9214785031431
"VDAC1P13",19.9160758439819
"ZBTB5",19.9146712213296
"MRPL35P4",19.9085129805978
"LINC02478",19.9052695302958
"GNG11",19.9006662284198
"SMIM8",19.8929903110639
"ASAH1-AS1",19.8908221235124
"RXFP4",19.8811723168668
"TECPR2",19.8757173839127
"NKD1",19.8687418910778
"AFDN",19.8565204611255
"ADPRHL1",19.8550728108154
"POU3F1",19.8537302648333
"ADK",19.8529380940854
"PGBD4",19.8521514045507
"BLVRB",19.8431504080404
"NRGN",19.8412474117332
"PRKCZ",19.8366328637454
"PLPPR3",19.8275135707328
"KLHDC10",19.8067999625902
"CAPZA3",19.8044461802558
"PKD1-AS1",19.7982207193043
"SNX12",19.7979741770375
"DMTN",19.7962182808639
"RAC1",19.7940578727695
"NPM1P46",19.7932616088279
"CEP162",19.7913624175768
"HPSE",19.7877004319235
"FLOT1",19.7855900290406
"LTBP4",19.7712683834795
"TP53RK",19.7660179868006
"RN7SL648P",19.7646572951731
"NRBP2",19.7632927318882
"HAAO",19.7485705093431
"CEACAM1",19.746140202003
"PRKCG",19.743462485713
"FAM110A",19.7355587610943
"MGST2",19.7289553363994
"CSPG5",19.7231404552685
"SPRY1",19.7228729511966
"ZDHHC15",19.6984238521821
"SNRPA1P2",19.6936836957846
"GHR",19.6908347318435
"RPL34-DT",19.6800525329143
"HSD11B1",19.673225812401
"DYRK2",19.6647807234258
"LINC02939",19.6624626976954
"LANCL3",19.6522474835892
"TRPS1",19.6511276107302
"FSBP",19.6486796091087
"HJURP",19.6431922205769
"PCSK1N",19.6391556198886
"LINC02814",19.6306450959462
"ARAP3",19.6240164304584
"TMEM41A",19.6230553458779
"TMEM108-AS1",19.6199427363807
"CUBN",19.6160720723778
"DLGAP5",19.6086144678287
"SNCA",19.6060414930721
"RPS10P30",19.5826568109664
"LINC02893",19.5761621030987
"MEMO1",19.575078248801
"CLEC11A",19.570105402526
"PANX2",19.5585541829696
"LINC00624",19.5547660083033
"SEMA3B",19.5482902571911
"SDC3",19.5332774790814
"THRB-AS1",19.5295867188201
"LINC02449",19.5184499048264
"PCOLCE-AS1",19.517913774165
"ATRN",19.5088762486203
"CYB561",19.5078958936714
"ARL2",19.5043564531309
"FGD6",19.4957108314592
"RNU6-619P",19.4926474529214
"RAP1BP3",19.4887732956218
"RDM1",19.4637897235253
"HLA-DRA",19.4627068902649
"ZNF839P1",19.4590799857028
"MICU3",19.4525441955766
"MALRD1",19.4507719943614
"SURF6",19.4466553931745
"CHL1-AS2",19.4453081516314
"RPL5P9",19.4423630806745
"IL17RD",19.4394633407706
"RAET1E",19.4257759336146
"DNAAF10",19.4243995976239
"SUCLA2-AS1",19.4193603904378
"C5orf67",19.4186255800251
"GCM1",19.414765980286
"DSTN",19.4147071285037
"CLMP",19.4104473306458
"SNHG4",19.3935193941275
"NOP56P3",19.3925019093581
"CBS",19.3923153495174
"ELK1",19.3871465477873
"CMYA5",19.3845853593775
"CAMSAP3",19.3748380448908
"GATD1",19.3604550243512
"CRISPLD2",19.3461159669803
"UBA7",19.335358286109
"PLCG1-AS1",19.330232984256
"PTP4A1",19.326438585264
"CFD",19.3195691621038
"FRAT1",19.3174502866267
"GFUS",19.3136382207859
"MIR378D2HG",19.2883831376515
"NOM1",19.2873787573245
"SNX30",19.284318832076
"SNX30-DT",19.2778545724801
"BNIP3P11",19.267182607512
"TSPAN13",19.2644445514679
"LINC01933",19.2570560907346
"OCA2",19.2562411564387
"ZNF333",19.2494924611598
"SLC6A20",19.2494222815186
"NANOGP7",19.2462082786441
"ENG",19.2223853740279
"FAM111A-DT",19.2202579663858
"LINC02166",19.2154413223803
"GRK7",19.2044617018283
"C1QTNF3",19.1944924465797
"PIGO",19.1844678520017
"KIAA1549",19.1781036954676
"BCO2",19.1738337506849
"IRF2BP1",19.1688001175906
"LINC01770",19.1448846728532
"TSFM",19.1413512971374
"TTC39A-AS1",19.1408037996402
"FBXW8",19.1398822598125
"LINC02832",19.1366779232124
"HELT",19.1287855665159
"FAM110B",19.1147263335539
"CADM2",19.1130795542355
"ZSCAN22",19.1128003833513
"EPPIN-WFDC6",19.094197659502
"SOCS7",19.0661079183374
"SELE",19.0523058947221
"LINC00486",19.0326910639638
"KCTD15",19.0313368135991
"RAB19",19.0312180208556
"WDR12",19.0291304642324
"ZNRF1",19.0245355507342
"ZNF425",19.0192262634287
"HMGN2",19.0151358213665
"ZGLP1",19.0134663430433
"QSOX1",18.9910319326439
"SDHC",18.9903942341805
"NDUFB8P2",18.9882659198147
"C19orf47",18.9863765047892
"DIO3",18.9737795494866
"SYCP2",18.9724557199989
"FRMPD2",18.9720855989255
"RFESD",18.9701429077684
"SMIM47",18.9617980291908
"PCDHAC1",18.9430826825212
"CASC11",18.9345583988602
"RBBP4P2",18.9288115822856
"NRSN2",18.9169123707253
"LRIG1",18.9100366706255
"RPS29P17",18.892359012257
"PGBD2",18.8791344696261
"FHOD3",18.8790861135937
"GRPEL2-AS1",18.8720188986884
"RTN4R",18.8639674604772
"RBM12B",18.8555914256042
"MT3",18.8516135558007
"ITM2B",18.8425897128665
"RNASEH2B-AS1",18.8379846362505
"ZFHX4",18.8371303229929
"RBMS3-AS3",18.8343740524726
"HS1BP3",18.827188242378
"RN7SL849P",18.8259423995713
"LRATD2",18.8217448522415
"MIR320E",18.8160290516664
"LILRB3",18.8128899633521
"NTRK2",18.8000674308254
"RGP1",18.7949274072883
"STIM1",18.7905118953238
"SPACDR",18.7835081568669
"CD59",18.7765575141446
"TASP1",18.7650556343025
"GSC",18.7554381892791
"ZNF143",18.7501529466059
"SAMD4A-AS1",18.7486002664182
"NRG3",18.7444582056756
"CYFIP1",18.7326060818634
"NHSL2",18.7267437046758
"ECI1-AS1",18.7095392149335
"MIR9-2HG",18.6967886196482
"KRT18P35",18.685375652957
"TSPAN18",18.6817270284228
"C3orf80",18.6766295666253
"CTU2",18.6758772573317
"TEKT2",18.6749368094893
"RIDA",18.6725715377161
"ZBTB7A",18.6693398582755
"RIMBP2",18.6663325594665
"OSBPL1A",18.6607841490993
"GBA3",18.6460299257604
"LPAR6",18.6365008211934
"SCCPDH",18.6127839882942
"LINC00602",18.6054222867531
"C8orf88",18.5989383462223
"NLRP9",18.5814723479083
"SIRT5",18.5757605069838
"MVP",18.5671738456111
"LYRM4-AS1",18.5493427788191
"EBPL",18.5471615393362
"DHX33-DT",18.5448284212948
"FHIP2A",18.5297432017714
"GNPDA1",18.5272720196669
"HAL",18.5269406773672
"ELFN2",18.5265845474316
"UTP4",18.5260515644604
"SLMAP",18.5259893522688
"ZNF217-AS1",18.5246681878809
"RAI2",18.5089898741066
"ANO3",18.5044744959424
"RGS7BP",18.4949857831029
"MAP2K6",18.4922996539853
"CCNF",18.4922629061523
"THBS4",18.4866733107408
"RAP1GAP",18.4858422540551
"NDUFV2",18.4774805386305
"MFGE8",18.4670815863115
"C19orf44",18.4539394060864
"EPHA1",18.4534187196394
"PPIAP41",18.4500767727775
"WARS2-IT1",18.4475318307683
"NMU",18.4417972874976
"RNU6-179P",18.439876586035
"S1PR3",18.4163074127969
"MGAT4B",18.4162261065838
"GBP1P1",18.416013792449
"PEF1",18.4128481567586
"GALNTL6",18.4096004318808
"MEIS3P2",18.4035344966715
"ATAD2B",18.4003362155024
"HELZ2",18.3988718449692
"GLI2",18.397816837533
"LINC01389",18.3861400806141
"DNTTIP1",18.3766034495171
"RHOT1",18.3759716655985
"SNRPD3",18.3712547712646
"CDC25C",18.3655703185651
"PLSCR1",18.36142281194
"LINC03007",18.359077417702
"RPGR",18.3494852929356
"C1RL-AS1",18.344570730164
"C17orf75",18.344456327101
"LIG1",18.3372299088118
"PDCL3P2",18.3289783197244
"COL4A2-AS1",18.3268966222811
"MPL",18.3245756644579
"ABCC2",18.320599127908
"LINC00339",18.318761533479
"LINC02986",18.3182860364446
"TMEM92-AS1",18.3061352003369
"RPL36AP51",18.3053256013032
"NSRP1",18.3009750211768
"SRF",18.2923147457623
"LPO",18.2835525322211
"RRAS2P1",18.2785278639519
"IL1R2",18.2692608007961
"PERPP3",18.2465997316075
"KMT5C",18.2369780685632
"PIGS",18.2270011839893
"ZFY-AS1",18.2214974659564
"RDH5",18.2029449643638
"PIK3CB",18.2015302925852
"LASP1NB",18.2006924440072
"PPP1R13L",18.1954976671231
"ADCY1",18.1847210521355
"GPR176",18.1713363020738
"SCGB2A1",18.1673550079223
"DHX37",18.1589249977263
"PRPF19",18.1560624014991
"RBM10",18.1439367864157
"C3orf33",18.1393234713968
"RN7SKP137",18.1344771373947
"ORAI3",18.1317881004925
"ZNF821",18.1305591407339
"MIR3189",18.127006850381
"ATXN7L1",18.1190920283163
"TAF1A-AS1",18.1138334844813
"SLK",18.1064833447561
"PIGU",18.1042144137996
"LRRC34",18.1024837389616
"OR7E126P",18.0984611239947
"AGPAT2",18.0769102246835
"DHCR7",18.0623177292051
"ATP8B3",18.04590328102
"ARMCX1",18.0410096803646
"LINC00973",18.034379092432
"HSPD1P21",18.0311740635912
"FAM13A",18.0295951524911
"RPP14",18.0240220836521
"AK2",18.0213591200205
"PIWIL4",18.0178061941445
"BRI3BPP1",18.0176166850308
"METAP1D",18.0162812291702
"UQCC1",17.9678279466999
"ANO6",17.9643393460502
"ZBTB46-AS1",17.9636732782792
"PGLYRP3",17.96177249263
"PLVAP",17.9554848519544
"ANXA13",17.9341938718416
"RNF223",17.9219411522477
"NBPF20",17.9209116883432
"KIRREL2",17.9198397773935
"SPTLC3",17.9190905507107
"SLFN5",17.9179263493612
"PTPN20",17.9144868975686
"ZNF8-DT",17.9087241112193
"NUDT3",17.9080532610992
"ZNF273",17.9044256188651
"SLC20A1-DT",17.9041551634925
"ARHGAP8",17.8912542472709
"NUTF2",17.8892944111963
"ZFPM2",17.8844454702661
"TPH1",17.8674331731317
"MBIP",17.8474842978307
"TMEM254",17.8411765250796
"NUBP1",17.8376312051429
"HYMAI",17.8311674570647
"ADGRG2",17.8250778156679
"CA14",17.824207233395
"PPIP5K1",17.8162362155726
"PPP1R14BP3",17.8138929617365
"CLBA1",17.8122019653702
"PDE11A",17.8059942588057
"LINC02615",17.8047759435592
"HLA-DQA1",17.7863158867122
"YEATS2",17.7850515839768
"HORMAD1",17.7773742009789
"TRAPPC5",17.7768266243954
"STAT1",17.763034494837
"NPAS3",17.7543718031462
"SUPT7L",17.7512438438767
"DCLRE1A",17.7505341547039
"APEX2",17.7292733474299
"LINC00534",17.7253023996938
"PATL2",17.7088973729868
"ALX3",17.7025397667774
"ESAM-AS1",17.6977025563381
"ZNF93",17.680126653717
"MAP3K4-AS1",17.6638793545197
"RNF144A",17.6565391173449
"ZFYVE9",17.6444031709993
"TNNT1",17.642480780838
"IQCD",17.6337057394946
"PTPRD",17.62510262606
"MYOM1",17.6204863399925
"BMPR1A",17.6158377023963
"NUTM2G",17.5953906783672
"ZMYND12",17.5921223983513
"TMEM63A",17.5916570494435
"ST20-AS1",17.5865225984979
"CCDC148",17.5844782301177
"TOMM34",17.5680319819975
"ZNF607",17.5618312720016
"SLCO2B1",17.5600632672067
"SNRPB",17.5591983701394
"LRRC8D-DT",17.5580761479892
"TAF4",17.5537822849845
"YY1-DT",17.5336102139421
"PLA2G4E",17.5225257488299
"CCN6",17.5169320916157
"THY1",17.5068669322203
"H1-5",17.5060247675188
"OR10H1",17.5037723962159
"ZNF787",17.502501040892
"ABHD14B",17.4968773509181
"B3GNTL1",17.4946624611694
"KCNH4",17.4877749995967
"DEPTOR",17.4778225443674
"RPS12P16",17.4728805664252
"RAB13",17.4704094874914
"BRI3",17.466399333965
"ODAD2",17.4611398290703
"BORA",17.4508050363725
"TMTC3",17.4443721218089
"SAV1",17.4384206112877
"PA2G4",17.4366665230303
"RN7SL334P",17.4299952693957
"MYOCOS",17.4297432776295
"ADGRF4",17.4296449264797
"SCAMP4",17.4292376734277
"NDUFA5P3",17.4176089721624
"CEACAM19",17.4151798212286
"CTNS-AS1",17.408383022029
"PELI3",17.3934230402167
"LPP-AS2",17.3809551781635
"UGT8",17.3800280453602
"RNF141",17.3754998519813
"LINC02980",17.3703446687089
"CXCL5",17.3690511987838
"ITPKA",17.3655001049112
"OIT3",17.3649904563201
"NUP50P2",17.3518582161461
"KRT13",17.3436954541768
"CASC20",17.3435244968422
"METTL14-DT",17.3434010469742
"COL4A1",17.3261557345983
"TEX9",17.3171119635563
"DEPDC1B",17.307007934963
"CAMK2G-AS1",17.2998392138333
"FBP1",17.2995313441902
"HTATIP2",17.29914584016
"SLC16A9",17.2975265813207
"SNAPC4",17.294501572049
"NEMP2-DT",17.273673163297
"EIF3EP2",17.2717516389338
"WASF1",17.2694517720251
"SPATA21",17.2683418861556
"ANKFN1",17.2640998454016
"ZBTB45P1",17.2640085508618
"RPS15AP6",17.2624764598312
"RN7SL775P",17.2565443862803
"FAM83C-AS1",17.2554535015311
"FOXJ1",17.2421558914283
"CXCL11",17.2388382694044
"LIN37",17.2263866073624
"SLC2A13",17.2228808429943
"RN7SL55P",17.211646249119
"ADGRL3",17.2033647198858
"SRP72P2",17.1961428520332
"AGAP9",17.1910155107182
"GPX1",17.1874152595386
"SLC2A9-AS1",17.186023226407
"UBE2M",17.1832058911407
"EHBP1L1",17.1787281061319
"RYR2",17.1740702480309
"SLC35B2",17.1722795779804
"RAB5B",17.1656698835147
"ADAMTS9-AS2",17.1482956014648
"SLC11A2",17.1473257212987
"LINC02635",17.1453623863844
"NPIPB6",17.1430636582942
"FAM234B",17.1348426167008
"TMEM201",17.1305449522674
"HSPB1",17.1281531473288
"NLGN2",17.1233666537763
"MIR130AHG",17.121555869704
"PTGER1",17.1203217987114
"ISM2",17.1093539451514
"TUSC8",17.104346443791
"WASIR2",17.1036696218217
"FAM131B",17.0906993261037
"TYMS",17.0893146109111
"C5orf60",17.0890940481406
"CCDC17",17.0823688427266
"MMP25-AS1",17.0678326590327
"WEE2",17.0675849305787
"ARL13B",17.0571702661345
"COL22A1",17.0568352136472
"DUSP7",17.0472843886906
"PRMT7",17.0451830429717
"RCC2P6",17.0446551680596
"TMEM79",17.0305550405002
"DEFB1",17.0283864986757
"SGMS1",17.0254904627594
"CBR1",17.0254853595468
"DUSP9",17.0249526111785
"SLC2A1",17.0171833629361
"COILP1",17.0163859800367
"FBXL6",17.0090505998395
"UGT2B7",16.9959898403027
"GRAMD1A",16.9944214376253
"TAGLN",16.9890200354245
"GPR152",16.9813405413919
"MICA-AS1",16.9807340553505
"TMEM220",16.9794887297563
"PLEKHG5",16.9780198484025
"GGTLC2",16.9770627274316
"ZKSCAN3",16.9593644104044
"NFXL1",16.9480220623735
"WEE2-AS1",16.9417615351721
"ZFAND3",16.9395776487344
"OLA1",16.932024035813
"DUS3L",16.9302966464317
"ABCG8",16.9215098956634
"NELFA",16.908502317543
"SNRPCP16",16.9040914311144
"ELP1",16.9000001234476
"ELN",16.8995540751544
"ZBTB44-DT",16.8967439984479
"GSS",16.8732421186051
"ADRB3",16.8688130766488
"BSPRY",16.8509438809191
"DSCC1",16.8430799073694
"MRPS17",16.8408191226068
"SUCNR1",16.8392015287648
"RN7SL454P",16.8388808581961
"BCAT2",16.8310473380573
"MTHFD2L",16.8280158018007
"METTL17",16.8249479683242
"VPS13C-DT",16.8184775707762
"IFIT1",16.8142140552356
"GAL",16.8120579869884
"FAAP20",16.7971897049856
"TENM4",16.7868683794308
"COG2",16.7732029834587
"GAPDHP49",16.771824761162
"CBLN3",16.7709088917633
"SLC6A3",16.7665487931896
"PRODH",16.7648390823505
"LINC00487",16.7596670133148
"C12orf56",16.759661764464
"LINC01068",16.7578658003925
"PAXBP1-AS1",16.7489732766667
"RASA4B",16.7468008290865
"GAR1",16.743901284974
"LEPROT",16.7399356610339
"SYT11",16.7245022581274
"FLRT2",16.7219668550923
"DMRTA2",16.708678255308
"GHRH",16.6998543143931
"PFKFB4",16.6966667336312
"ZNF641",16.6912431713333
"CISH",16.6830502172153
"TMEM14EP",16.6826515709722
"SLC44A2",16.6790795420216
"IFITM10",16.6750416313093
"LINC00518",16.6653010444182
"MINDY4B",16.6637650800168
"CATIP",16.6493119915807
"YRDC",16.6330454207301
"MNS1",16.6299905774845
"IGSF9B",16.6234534011584
"CHCHD4",16.6122570077976
"NTAN1P2",16.6094952371897
"C7orf57",16.6093762136827
"ADHFE1",16.6071867480876
"TMEM229B",16.6027177465001
"TBX6",16.6003453650572
"TMEM106A",16.5885829073068
"RPS27AP8",16.5752319547168
"LYPD3",16.5741903179538
"ERLIN1",16.5698853008169
"CPSF4",16.5667804514501
"ZNF507",16.56409116956
"FLAD1",16.5610529388694
"CENPH",16.5515590023218
"RPS8P11",16.5444549111244
"CHMP5",16.5369346403042
"DSEL-AS1",16.5317190853203
"PLP1",16.5286769580668
"WDR4",16.5228079574834
"IL17REL",16.5055569502756
"VAMP8",16.4960141774088
"TNC",16.4792228787345
"STXBP2",16.4785657718882
"WBP1LP2",16.4774588668701
"HIGD1A",16.4771202323763
"PXN-AS1",16.4712233727716
"GHDC",16.4671017324361
"C19orf81",16.4662717890345
"DARS2",16.4652854994268
"MT1A",16.4582890003442
"MRPL42P4",16.456458487775
"GNGT1",16.4553910923632
"KRT8P13",16.4526419678187
"RNF148",16.4501739934105
"ARSH",16.4439464582968
"GPR75",16.442041948065
"ITPRID2",16.4361449377185
"CHEK2",16.4261897033462
"PTGFR",16.4218396506197
"LYRM7",16.4193972972936
"APPBP2-DT",16.4182369815326
"EXOSC7",16.4179448137096
"RBSN",16.4172525598444
"MMP2",16.3998893786102
"KRT18P61",16.3933587565513
"ZNF232",16.3848643671174
"EFCAB13-DT",16.3786288971637
"PPP1R12A-AS1",16.3771998842487
"SRI",16.3766814447058
"ALKBH3",16.3744143934067
"SELENOW",16.3713609859211
"MTND1P11",16.3701725714284
"HIP1R",16.3663089066772
"DACT2",16.363143575474
"SH3GL2",16.3615210117953
"HPCAL1",16.3477063281627
"CSTPP1",16.3446627552562
"RCOR1",16.3383584278975
"FBXO34",16.3350150818463
"SHC3",16.330370161841
"NFKBIL1",16.3230607430455
"TBCB",16.3229051333516
"ACKR2",16.3189335751885
"PXDNL",16.3139449760648
"ZNF284",16.3124602254275
"KCNE4",16.3119055136789
"GPI",16.309291964766
"ANKS6",16.2958608301037
"SLC25A29",16.2917578400207
"LINC00654",16.2857968225701
"EFCAB6",16.2838481973588
"USH1G",16.2710993220012
"PTCSC3",16.2679697255281
"DNPEP-AS1",16.2671946628551
"ICE2",16.2621835647786
"PARP9",16.2538361401387
"ZNF32",16.2478156562817
"FZD8",16.2430631607945
"BCAN",16.2428398641506
"EXD3",16.2325988578066
"DRG2",16.2305691733467
"CCDC171",16.2291116474294
"PRKAR1B",16.2259094271554
"ICA1-AS1",16.2168189421218
"LINC03040",16.2150417511017
"KIAA1614-AS1",16.1944942596975
"RPL10P4",16.1934775379195
"GPR61",16.1913571015439
"LINC01547",16.1870718494333
"NPR1",16.1822890937012
"CDH8",16.1693879550807
"LIPG",16.1470809002127
"FGD5",16.1401714253959
"EDA2R",16.1387850975984
"LINC02513",16.1348406433062
"PCOTH",16.1342815145129
"PRPH2",16.1301550158646
"P4HA2-AS1",16.1301352765057
"ABT1P1",16.1299277662289
"FKBP1A",16.1137378570685
"ESRRA",16.1081832782854
"MRM2",16.1035717154923
"ACTG1",16.1003546762292
"TP53I3",16.0910135974697
"STMN3",16.0909975363892
"LINC03107",16.0840054909876
"MIR194-2HG",16.0814656814198
"GLIPR1L1",16.0767891357205
"SLC9A1",16.0704882272084
"GIPC2",16.0608821992845
"FBXO2",16.060768315238
"DYNC2I1",16.0498029317852
"DPPA2P1",16.0474833583537
"MMS22L",16.044547822627
"LSG1",16.0346531361019
"LINC00472",16.0332453118411
"KYAT3",16.0240770485168
"ARHGEF34P",16.0179054916434
"GRM7",15.9989623478281
"ASB9",15.9963838981062
"EIF6",15.9812960667183
"PAICSP1",15.9751388579647
"KIF14",15.97093432291
"SNX19",15.9698366296907
"LINC00887",15.9687564614285
"VNN2",15.9637155832025
"DOK4",15.9566281978531
"EFCAB13",15.9548627320007
"LINC01937",15.9548281888816
"SAMMSON",15.9535872752294
"MEIOC",15.9424789272859
"CDY4P",15.9391012956117
"ATP1A1",15.9335109167279
"H1-6",15.926122538647
"TMEM121",15.9242200007625
"RPL35AP3",15.9242073995545
"CASZ1",15.9184175180137
"OR4F7P",15.9112206941058
"ZFP1",15.910727004716
"CFAP70",15.9020684327364
"PRMT3",15.8972183094894
"PM20D1-AS1",15.8869930771145
"POLDIP2",15.8854572409016
"ZCCHC14-DT",15.8848073064917
"RN7SL246P",15.8837560477816
"PCCA-AS1",15.8681110585583
"H3P5",15.8660729962001
"LINC02916",15.8643612035675
"RHPN1-AS1",15.8638582837752
"LINC02649",15.8636420063768
"PFN1",15.8589274437133
"BTF3P6",15.8513771554655
"NEK6",15.8442254183773
"NSDHL",15.8420828547004
"EGF",15.8312020599268
"RNU6-748P",15.8266969027464
"TRIM80P",15.8236478089599
"RPS2",15.8176650886144
"MFSD2A",15.8156550535886
"LNX1-AS1",15.7765511753083
"ITPK1P1",15.7725132140308
"NTHL1",15.7710855542951
"LDHAL6A",15.7708239746962
"APBA1",15.7675786013211
"BCL7C",15.7662976429651
"CCDC92",15.7648921352834
"WDR75",15.7624086924216
"ADGRF3",15.7491512205367
"TTC3P1",15.7427213322083
"MTURN",15.7414834581275
"DRAXIN",15.7366124290999
"RN7SKP160",15.7271088544253
"CNDP2",15.719784763071
"PI4K2B",15.7196376267359
"FAM200B",15.7118257398835
"RNA5SP203",15.7102552695009
"PELP1-DT",15.7082466977761
"MSI1",15.6961006351342
"CLIP1-AS1",15.6931007662464
"MESTIT1",15.6897244103327
"PSMA4",15.6859401922444
"PTTG1IP",15.6825220227978
"OCIAD2",15.678047010093
"SERP2",15.6773134328124
"S100A10",15.6715659401345
"RPL19P6",15.66354615123
"RN7SKP69",15.6588816770176
"SEMA3G",15.6558951719304
"NUCB1-AS1",15.6486894847252
"GRM8",15.6482180624891
"TMEM64",15.627588351205
"SNAP25-AS1",15.6273683018385
"RN7SL368P",15.6180998484939
"SLC25A1",15.6146485806294
"VAPA",15.6133322383388
"ZNF516-AS1",15.6110665502482
"LINC02700",15.6077322654853
"PRMT5-DT",15.605173213127
"ZNF83",15.6012403369866
"CABIN1",15.5981987258635
"TROAP",15.5903670657529
"ADAMTS7",15.5871820374076
"MPDU1-AS1",15.5845984982551
"RN7SL170P",15.5790806272426
"RNF24",15.5786537166259
"RSPH14",15.5751825564265
"THEM4",15.5607190235779
"RN7SL326P",15.5587799867716
"ATP13A3-DT",15.5574659554854
"ST3GAL5",15.5517280215109
"ACRV1",15.551263979135
"GLIS3-AS1",15.5501443532761
"MOK",15.5449695035446
"LRGUK",15.5397222621857
"GPD1L",15.5339215754108
"TMEM202-AS1",15.5144729626931
"NECTIN1-DT",15.507292289026
"RHBDD3",15.4968952045048
"NTNG1",15.4886572134753
"LINC00390",15.4852843104472
"INTS9",15.4821086773359
"ARF5",15.4588831741707
"SPON1",15.4581068226314
"MAGI2-AS3",15.4575780175744
"DTD2",15.4489304906373
"ZC3H3",15.4445304048844
"ORC5",15.4412498349315
"POU5F1B",15.4406526171055
"KCTD9",15.4400876396086
"PTGES2-AS1",15.4382981995839
"RPL21P95",15.4265064417795
"FAM133GP",15.4235043562223
"CYB561A3",15.4134440912622
"PLIN1",15.395951473268
"DOK7",15.392979283252
"LRRC49",15.3891058672618
"HDAC11-AS1",15.374010510625
"DRD1",15.3674322769535
"WDR87BP",15.3661092377536
"CDNF",15.3641677166481
"TUBAP9",15.3532343565293
"DYM-AS1",15.3433642541819
"FGGY",15.3413736177133
"UTP25",15.339699579153
"ROPN1L-AS1",15.3232480397529
"STAC3",15.3221554010041
"MDH2",15.3174531958416
"SNRPE",15.3172621377723
"MIR4307HG",15.3145107336645
"CRMP1",15.2968549061499
"SKIC8",15.2939822404434
"CYP21A2",15.2934475614749
"CDK4",15.2868614340045
"FUT8-AS1",15.2863378030856
"SLC45A2",15.2587091883686
"GADL1",15.253101741994
"UBE3D",15.2487421935664
"MIR3659HG",15.241726851326
"PFN4",15.2295048135159
"LYAR",15.2292966814331
"NARF-IT1",15.2175600228596
"UNC13B",15.2173860049238
"C16orf95-DT",15.2141171917116
"BBS7",15.2140399883331
"TRIM11",15.2124999785077
"TMEM25",15.2052426338092
"CETN3",15.2001065324103
"COPG2",15.1944768068871
"SERPIND1",15.1919185335991
"CACNB1",15.1899533991174
"NXT1-AS1",15.1865564903245
"UBAC2-AS1",15.1799446387173
"LINC03026",15.1752495909299
"DDA1",15.1732384694981
"MCF2L2",15.1692119167796
"ATP11B-DT",15.1658908030258
"CEP85",15.1381450241679
"KRT16",15.1304355849952
"PRKAG2-AS1",15.1278338442439
"TPM3P1",15.1258410681388
"SLC45A4",15.1195140164113
"CTSH",15.107917757657
"SCAT2",15.1013701960272
"PRKAR2A-AS1",15.10066124389
"PFKFB2",15.1002900987359
"ZNF66",15.0938644911074
"PPFIA4",15.0907104569676
"FAM193A",15.0840179438647
"PRKCH-AS1",15.0768983663413
"UNC93B1",15.0746847401546
"NDC1",15.0692121921084
"HOXD-AS2",15.0687919463027
"ABCC8",15.066452658579
"LINC00517",15.0640566295972
"MMP25",15.0565795995666
"TMPRSS11E",15.0558953793408
"MKI67",15.0453440070296
"ST13P19",15.0390753440034
"MYLK3",15.0356784449318
"CDSN",15.0327361279379
"FBXW5",15.0271043742154
"KRT18P37",15.0234331609359
"ATF3",15.0155111467656
"TAS1R1",15.0099819780306
"PHF24",15.0071850752977
"COX6B2",15.0061418076411
"RPL23AP55",15.0052589292307
"DENND4B",14.9918566206712
"TBX18",14.9843470583739
"C20orf144",14.982680909297
"VEGFA",14.9746438405469
"PLIN4",14.9698716644093
"GNAS-AS1",14.9584203616059
"PIN4P1",14.9534984720493
"RPL7P25",14.9526231318584
"EXD1",14.9421827743524
"NINJ2-AS1",14.9354981341481
"SNURF",14.9315966992546
"SAMD12",14.9182719845742
"NPPB",14.9145335607228
"GTF2A1-AS1",14.9137270255561
"SLC39A13",14.9120991290314
"AHR",14.9116989339401
"ESD",14.9091671619518
"LDHA",14.9022187116872
"RPL29P16",14.8855969106598
"RNY4P25",14.8820244788103
"LINC02608",14.8806220006882
"HIBCH",14.8611544672154
"SCAI",14.8507379907277
"EID2",14.8448532921447
"TMEM184B",14.8435865494402
"LDLRAD3",14.8363970000578
"ABTB2",14.8357869533186
"TLCD1",14.8317735361545
"RPS9P1",14.8235889478079
"LSM14B",14.8221421875457
"FOXC2",14.8187905633274
"SPMIP6",14.8127293363149
"RPL21P12",14.8052177618059
"LINC01572",14.7876832259886
"SAMD15",14.7767163126884
"PMVK",14.7740545133409
"SNORA33",14.7674680124568
"PSMD2",14.7673143120355
"HECTD2",14.7567856956802
"WDHD1",14.7490494272272
"ADM-DT",14.7456158171771
"RBMS3-AS2",14.7436116687519
"MARCHF5",14.7434149363543
"CATSPER2P1",14.7317855062517
"MRPL10",14.7300604696477
"POPDC3",14.7244727608034
"KATNAL1",14.7227829233413
"CEACAM3",14.7219032233461
"LINC01091",14.7188851430897
"COL17A1",14.7177800914129
"RNU6-529P",14.7118169692114
"CAMTA2-AS1",14.7081788112312
"KCNK7",14.6969536532212
"NBPF9",14.696026644713
"DHFR",14.6919916500957
"EVA1B",14.6859746608131
"HMGB1P29",14.6805092095118
"ZHX3",14.6720297211194
"AARD",14.6717180783209
"RHOBTB2",14.6658894384102
"FUCA1",14.6626681783549
"KIF3AP1",14.6612455659953
"ANXA2P2",14.6579736048852
"CTTN",14.6554234627137
"REEP4",14.645944846008
"RPL15P5",14.639172741884
"PTGES3L",14.6369887605029
"INTS15",14.6319649740897
"FANCE",14.625466587844
"MAPK3",14.6187042913921
"CPS1-IT1",14.6080238285943
"USB1",14.6040948724598
"SHANK2-AS1",14.595934173447
"CKMT1A",14.5907222004072
"RAB5C",14.5877810495068
"RUVBL2",14.5875655226417
"CFAP95-DT",14.5808380748143
"FN3K",14.5717629712406
"ERF",14.5686671236887
"UNC5A",14.566803404327
"ELAPOR2",14.5605823804465
"SDHAF3",14.5557038851523
"LDHAL6B",14.5480478038628
"BST2",14.546179037894
"PAX9",14.5447181464146
"BEND3P3",14.5416097243419
"UBE2V1P2",14.5415273649642
"GRIK2",14.5404780536753
"LINC01503",14.5311139691991
"LINC02365",14.5276032577929
"BDNF-AS",14.5163156126276
"RNU6-547P",14.514107347638
"CATSPERD",14.5108130955179
"RXYLT1-AS1",14.5016255211162
"RFPL1S",14.49337468376
"MED24",14.4838525842625
"RNU6-733P",14.4817657602292
"ST7-AS1",14.4809307297169
"MYL12-AS1",14.4775554988441
"MFSD4B-DT",14.4715817134673
"CREG1",14.4669978069547
"PACSIN3",14.4666582917167
"AQP7",14.4651162276076
"UVSSA",14.452799529959
"SIM2",14.4503314949603
"TTYH2",14.4479164647403
"LIX1",14.4462770926367
"NCALD",14.4421964021008
"VLDLR",14.4411702400192
"LSM3P5",14.4370738883915
"DDX41",14.4356959160417
"UBE2Q2P2",14.4325231543256
"CHKA-DT",14.42858552939
"FCGRT",14.4268774674486
"CLTA",14.4225763471384
"IFI44L",14.4218395266545
"BCL2L1-AS1",14.4212329429689
"ATPSCKMT",14.4122767942107
"CDKL3",14.4120840250741
"ZNF770",14.408723821585
"B4GALT2",14.4087054411525
"EPGN",14.4037214637341
"ZBTB22",14.3995666883323
"SLC25A34",14.3994024676085
"RNF133",14.397158211839
"TNIK",14.3932179708848
"LIMS2",14.3928953184743
"GOLGA2P8",14.3904825969053
"GNA14-AS1",14.3844510998026
"LINC02950",14.3644297600967
"SLC25A25",14.3593329338659
"LSM4",14.3520156321048
"THEM5",14.3518545811693
"RPL34P10",14.3469089432319
"DLG1-AS1",14.3467635194442
"HOXD3",14.3465944587332
"DCHS2",14.3408005232629
"PABPC1L",14.3397589409372
"RPS3AP25",14.3302345627691
"HIPK1-AS1",14.3200756370419
"POLR2H",14.3199555721876
"HIKESHIP3",14.3197279183532
"CCDC115",14.3082215937655
"C11orf71",14.2960391873788
"ZNF354C",14.2950050808939
"HNRNPA1P37",14.2918237300719
"TMED1",14.2911211927155
"STPG2",14.2873019149085
"RNF14P3",14.2786323223942
"NDFIP2",14.2772478009792
"DUSP18",14.2761744311688
"SCIRT",14.273702322225
"HHEX",14.2707164818232
"ZDHHC3",14.2534643135493
"VSIG8",14.251272915434
"SLC6A4",14.2436196971536
"USP51",14.2316625454503
"RIMOC1",14.2316052816717
"LIPE-AS1",14.2285652220365
"CLUHP6",14.2276729870116
"ANAPC10P1",14.2237166251695
"KICS2",14.2126743422235
"CA5B",14.2067182073546
"SLC11A1",14.1992745390484
"ZNF468",14.1901641916671
"PPP1R3G",14.1861068981013
"KCNE3",14.1795963964246
"ZNF454",14.1730964518859
"LNCNEF",14.1678896628848
"SALL4P7",14.165857711746
"SLC4A3",14.162851227024
"ZNF100",14.1545485670216
"FAM72B",14.1514343757872
"MMP24",14.151346090779
"AGFG1",14.1314456821536
"H3C4",14.1299037173218
"LRRN2",14.1271768973044
"TAFA4",14.1220624293097
"PIGN",14.1034538508669
"CLCNKB",14.1021967936269
"NKAIN3",14.0964081595192
"CSTB",14.0901228636658
"LINC02004",14.0891117571306
"LINC02197",14.0844556301468
"SLC38A7",14.0825715863298
"RPAP2P1",14.0821119695967
"PPP1R3B-DT",14.0792731329959
"RPL29P3",14.0721873982167
"XXYLT1-AS2",14.0662029997576
"CHRNA5",14.0622969078018
"HULC",14.0435693011745
"ZFAND3-DT",14.0427533219358
"ROBO1",14.040464204041
"GINS2",14.0259665810904
"COL1A1",14.0236042315309
"RN7SL265P",14.0188652587395
"RAB11FIP1P1",14.0138429031111
"MRPL13",14.0085961876002
"CDC23",13.9933212081829
"PSMG4",13.9909828997958
"KIF1C",13.9826657871128
"GCA",13.9824435305984
"TRIM41",13.9594802201719
"SMARCC1",13.9457728825879
"DCT",13.9403117761312
"GPR135",13.9377756362463
"LINC00484",13.9340925386823
"CCNB1",13.9340323076599
"CTSC",13.9292660872863
"CNOT8",13.9279289340239
"CHCHD5",13.9197466077417
"GET3",13.9172555170141
"MFAP3L",13.915981528999
"MPC1-DT",13.9151261855216
"HSD17B13",13.9047775827201
"LINC01900",13.8993998830101
"ZNF404",13.8915196761442
"LMBRD2",13.8899958897451
"COMETT",13.8889875425147
"TGFBRAP1",13.8804085695571
"MAP10",13.877654544074
"POP1",13.8625512351423
"C20orf204",13.8575071324595
"NIT2",13.8568713046708
"PRKACB-DT",13.8564525265266
"ATP2C1",13.8542393361437
"ZNF134",13.8528478046224
"TUBAP8",13.8492112970679
"CISD3",13.8364558206949
"HEY2",13.8313245713962
"BLTP3B-DT",13.8194232914161
"ETV7",13.8156098468133
"TAMM41",13.8001014732274
"TFAP2D",13.7986836023905
"VPS72",13.7948885577799
"MID1IP1-AS1",13.7868644220387
"MCAT",13.7866931628987
"KRTAP3-1",13.7862035111524
"ZNF582-DT",13.7862035111524
"MPP7-DT",13.7754265466456
"ENKD1",13.7711758933169
"PMS2",13.7709608459307
"DCAF12L1",13.768897911254
"CACYBPP1",13.7665032385814
"C1orf21",13.7644149687632
"DDX43",13.7564458300087
"EYA4",13.7537532911011
"MRPL46",13.7536199076534
"SNORD17",13.7370623700886
"DCAF11",13.7318146963675
"GALK2",13.7316670633841
"TPGS1",13.730270970544
"DOCK5",13.7222733256987
"TVP23A",13.7142009342118
"DNASE1",13.7137822267074
"CHRNA9",13.7123795522165
"RFX3",13.7098391000731
"HNRNPCL1",13.7058403718988
"MRPS30-DT",13.6821957648433
"LINC02866",13.6720742054756
"LINC02966",13.6674471883485
"PTPRG-AS1",13.6669250793724
"CEMP1",13.6668288593215
"WDR37",13.6618187830615
"KLF3P1",13.6530987440026
"RNU6-920P",13.6492474448933
"LRP4",13.64307139341
"SEC31B",13.6401435476612
"IL9RP3",13.6389890834924
"CSNK1G2P1",13.6329390172384
"ADCYAP1",13.608314949155
"SEPTIN7P1",13.6070401797175
"MMS19",13.6005697651822
"PLK1",13.600472370862
"RPL10P5",13.596071959555
"MIR6124",13.5959023550266
"LNX1",13.5956804093873
"PMEPA1",13.5927577503147
"CYCSP34",13.5726588607647
"OAS1",13.5725554006376
"TOP3B",13.5705034473589
"ERH",13.5673049873816
"TXN2",13.5553379807557
"TRABD2A",13.5493722805709
"ZNF512B",13.5478285258777
"CHERP",13.5467986815989
"SLC30A10",13.5439415159355
"S100P",13.5336372913768
"ZNF45",13.5291752694754
"SYN1",13.5282755136311
"HLA-F-AS1",13.5248804815517
"ASB17",13.5207062303824
"TMEM40",13.5190584941726
"LKAAEAR1",13.515339286135
"ENTPD5",13.5118254471633
"CCNT2-AS1",13.5085373433151
"MRPL4",13.5060586603569
"MED28-DT",13.4872635768651
"MCRIP2",13.4834375374513
"LIF-AS1",13.4825437763321
"DBP",13.4768297367434
"SPRYD4",13.4766323255146
"NOL6",13.4747782171594
"REDIC1",13.4746971380569
"CERNA1",13.4703262155686
"TOR4A",13.4682247448193
"AFG1L",13.4648104225024
"SUDS3P1",13.4597168507596
"EDNRB",13.4586618096368
"SPEG",13.4514247874052
"PHYHD1",13.4367893277927
"CRTC2",13.4351238427824
"LRRC37A16P",13.4274365017648
"SPMIP8",13.4270024239735
"TCF7L1-IT1",13.4216587817043
"CCDC124",13.4210550559374
"DFFA",13.4208586405003
"COMMD9",13.4129231010965
"TTLL8",13.4092178177791
"ARHGAP12",13.4038697268102
"RDH10",13.3981252715613
"ZNF219",13.3947543880342
"LINC02925",13.3856836059119
"IFNA1",13.3829601155473
"RNU7-151P",13.380702218726
"HNRNPA1P66",13.3765504655944
"GPATCH1",13.3695551328297
"GJB7",13.3652646663527
"SPC24",13.3643941239793
"USP2",13.3606918783139
"PSMB8-AS1",13.3551804480705
"BNIP3P5",13.3545269154741
"ZNF514",13.3511175489609
"TICRR",13.349879720624
"VWCE",13.3475246950883
"NRG4",13.3417868753685
"LDHC",13.3413425681544
"NDST1-AS1",13.3365695933999
"SLC25A39P1",13.3305077386662
"COPS7B",13.3297899094492
"FPGS",13.3267589301483
"FAM228B",13.3221395872739
"LRP2BP-AS1",13.3212228357653
"BEGAIN",13.3192564169512
"SLC2A8",13.3187755958288
"PEX5",13.317679047288
"MT-RNR2",13.3108144076824
"C19orf67",13.3004234080606
"FAM135A",13.2991022384962
"STOML1",13.2893994300266
"POLG-DT",13.2891175443343
"COPS4",13.2871966130052
"HOXB13",13.2726092453395
"AMDHD2",13.2670167579422
"U2AF2",13.2660785633207
"C8orf82",13.256834159536
"ZNF502",13.2535660167319
"DNAI3",13.2481082577327
"LINC02731",13.2442512147514
"GASAL1",13.2362599195367
"RPS5P3",13.225149848401
"TMEFF2",13.224920769961
"LINC02345",13.2213396435834
"SYCP2L",13.2129886560702
"HSD17B11",13.2115862041577
"SRSF1",13.2103674641986
"CORO6",13.208774550058
"ACP6",13.2050444287167
"ZNF516",13.2042338142551
"PNMA6A",13.1992330265539
"CCDC86",13.1986847503462
"GPX1P1",13.1963272594666
"PDE7B",13.1950879165097
"PCCA-DT",13.184590988685
"RNA5SP352",13.1832075792758
"CCDC170",13.1806142005532
"HAFML",13.1797907174779
"ACCSLP1",13.1790414601483
"TMEM254-AS1",13.1778800013569
"RASSF8-AS1",13.1759049761284
"DHX33",13.170518644457
"LMLN-AS1",13.1683199740614
"GHRLOS",13.1660218590405
"PRKCI",13.1653182626795
"SEC14L2",13.1649740046884
"C1orf198",13.164251578788
"DNAJB5-DT",13.1593310910122
"FAM234A",13.1575423267356
"ANKRD17-DT",13.1400505620378
"KLB",13.1323133603941
"NETO2",13.1287202828441
"DGKI",13.1245929999366
"CSF2",13.1176653901639
"SLC27A1",13.1117173787429
"ACOT2",13.1111566290518
"TSPYL4",13.1049670610303
"TIAM1-AS1",13.1044551804876
"POLRMTP1",13.0955006091982
"ZNF778",13.0949632130854
"RPL35AP17",13.0924388141251
"SENP6",13.0831558458044
"PPAN",13.0823586052609
"JTB-DT",13.0808064045923
"RN7SL840P",13.0784793480605
"HSPA14",13.0780481501864
"PARN",13.0663032828281
"ENPEP",13.0652550471583
"PCDHGB4",13.0649697731505
"TMEM132C",13.0614038065176
"ARL17A",13.0472653209742
"DND1",13.0447335144228
"WDR45B",13.0414777845607
"PELO",13.0402997833823
"CTSB",13.0402361089636
"TMEM191C",13.0390545943503
"ANXA11",13.0370105866553
"C12orf71BP",13.03245519461
"PROSER3",13.0265246100221
"CCND3",13.0258604125665
"POLQ",13.0206959186028
"TCIRG1",13.0075778110325
"PSME2P3",13.0052736160249
"ATP5MFP5",13.0031490752954
"FAM151A",12.9959773258766
"ST13P4",12.9935636096387
"HSF1",12.9871342264563
"ZMYND19P1",12.9839378087207
"PPIAP74",12.982456018574
"GPR162",12.9824254826331
"TBX20",12.9800859764777
"POLR2G",12.9786479519289
"ALDOA",12.9743411003419
"CAMK2G",12.9729193724718
"RNU6-574P",12.9718962164661
"MIRLET7BHG",12.9715260893022
"SRGAP2B",12.9672935074488
"ENDOV",12.9661838169227
"SUFU",12.9612100650713
"PROX1-AS1",12.9602679364547
"SFRP4",12.9572997178012
"SBK2",12.9505890353752
"MRPS21P9",12.945920782038
"MRPS27",12.9392419220827
"RNU6-1263P",12.9381275069155
"SLC41A3",12.9377712502649
"DYNC1LI2-DT",12.9362329548085
"SOCS2",12.933579832746
"MYL12A",12.9281682391561
"MAP3K20-AS1",12.9257591797376
"GHSR",12.9158325028522
"FAM227B",12.9133816392466
"OSGIN1",12.9128158193285
"GGCT",12.9098466332206
"NUP62CL",12.9040146246681
"STK32A-AS1",12.9021575077494
"OR10AD1",12.8977352109813
"GPATCH4",12.8931979152685
"HBA2",12.8855041794603
"LIMD1-AS1",12.8849774010425
"PURPL",12.8817744963036
"COQ6",12.8727653044234
"ARNT2-DT",12.8660858191672
"ZNF233",12.8646764824566
"IRX1",12.8632427342557
"LRRC46",12.8629695994916
"PCSK6-AS1",12.8576037438043
"BAX",12.8566392841753
"ACKR4P1",12.8557774376995
"ZFHX2",12.8548642702094
"RPL27P7",12.8430211375872
"TMEM88",12.8425114481515
"ONECUT1",12.8383647161831
"RSPO3",12.8246579734551
"EBNA1BP2",12.8206956398222
"SPATA46",12.8171402383182
"EGLN3P1",12.8150640873918
"KLHDC7B",12.8110913934648
"LINC01980",12.8058153281503
"RNU6ATAC32P",12.798475549029
"TLCD3B",12.7945736419411
"TNXB",12.7829793505637
"CIRBP-AS1",12.7718155036072
"ARFIP1",12.7676099383392
"PACS2",12.7658292045614
"PDXP",12.764780399397
"LINC01394",12.7607462001945
"POMGNT2",12.7498597609755
"DAPK1",12.7493119550583
"ARHGEF33",12.7492753739609
"TRAF2",12.7433499718116
"GYG2",12.7381359537297
"KCTD19",12.7368990506787
"MICD",12.734016579593
"S100A3",12.7325909707975
"GUCA1B",12.73169066856
"MRGPRD",12.7248601356053
"ZNF428",12.71483885613
"PKHD1",12.7083823685117
"NEK8",12.7065510292541
"BST1",12.7053463094941
"CCDC150",12.7033819065989
"PPP1R42",12.6818072799463
"LINC01267",12.6791781665268
"SERPINF2",12.6787566220439
"IFITM9P",12.6750165605928
"ZNF316",12.6722164116471
"DAAM2",12.6665432096893
"CLUH",12.6657950966408
"B3GALNT1",12.664002635621
"OR2A13P",12.6630790141607
"HMGN2P8",12.6630790141607
"LINC00491",12.6565063707774
"MLX",12.65159407212
"CAMTA1-DT",12.6496224870164
"TBC1D32",12.6476772638298
"TOMM22-DT",12.6421320141998
"RBM20",12.6413967232681
"MTHFS",12.6299174541225
"TESHL",12.6275864010269
"MAFK",12.6248400738374
"KRTCAP2",12.6233935429545
"HEATR1",12.6221344690951
"UBE2E1",12.6109027396239
"SRFBP1",12.6102591764696
"RC3H1-DT",12.6077362984383
"LINC01902",12.6018679004054
"DHRS1",12.6017708884345
"RPL27P5",12.5960062773118
"PRTFDC1",12.5921649978388
"AIMP2",12.5916888504144
"COL23A1",12.5896031469913
"PNKD",12.5878748900263
"LINC02055",12.5872441582259
"SHC4",12.5864979724359
"MED11",12.5852106007561
"NCLP2",12.5821987369562
"SHARPIN",12.5814213290766
"RNH1",12.5658868784518
"INPP5F",12.5654232474414
"TCEAL2",12.5643967577067
"GNAT2",12.5643864578526
"GALNT7-DT",12.5630299223566
"BPNT1",12.5601775784199
"ST3GAL1",12.5515084567262
"MCOLN1",12.5486780729476
"ECHS1",12.5462205811302
"PRXL2A",12.5383941901061
"SMYD5",12.5312021384903
"DDRGK1",12.5306696223779
"LINC01012",12.529970235119
"NDUFB4P8",12.5239958334737
"LYPLA2",12.5180751288181
"DEPTOR-AS1",12.5171591529184
"TMEM53",12.5120849822411
"NPC2",12.5088222609003
"SDCBP2",12.5088044503615
"AFG3L2",12.5078664210447
"RPL30P7",12.4996963196925
"GTF2I-AS1",12.4935749579151
"STS",12.4904447291133
"FTH1",12.4850274317782
"JPH2",12.4661708707212
"TRIM47",12.4626568582112
"NLGN1",12.4621599331906
"CDH24",12.4590719716525
"EHBP1",12.4588229294739
"CCDC6",12.4542330641409
"DNMT1",12.4517856148039
"BTN3A3",12.4491008162228
"STAC",12.4490726707592
"CYSLTR2",12.4486257436932
"CAPNS1",12.4466604686126
"LINC02542",12.444766491616
"FAM153CP",12.4439519116106
"RPL21P10",12.4423910446545
"MPV17L",12.4366007943488
"TTLL9",12.4352769771712
"PTPA",12.4221289920803
"ATP6V0E1P2",12.4205510181656
"LPIN3",12.4172712182843
"GIMAP1",12.4122172296869
"DNAJA3",12.40988561789
"KMT2D",12.4080415905042
"CCDC27",12.4072233319303
"NUCKS1",12.3985996963746
"ANK3-DT",12.3963909195118
"ZNF346-IT1",12.3924427408262
"HIP1",12.3855080765744
"RN7SL743P",12.3758465179835
"AMMECR1",12.3705762197799
"CBARP",12.3662778915696
"NADSYN1",12.361695748326
"IDH3A",12.3550515789402
"LINC00683",12.3509233308121
"DUBR",12.3464468683923
"MARK3P3",12.3447887879676
"PPP1R13B",12.3441241269501
"TTK",12.3380129742544
"ETF1P3",12.3237774800634
"AQP6",12.3166604571171
"MYC",12.3147398943123
"FAM225A",12.314360023961
"TBC1D13",12.3069052782511
"ALCAM",12.3056133855995
"ADAMTS3",12.3051439334695
"PDE3A",12.301347422087
"GPS2",12.300369312463
"PLAAT3",12.2981847797722
"OAS2",12.2944500757893
"ZFP2",12.2888767697701
"PALM",12.2828572399063
"NIPSNAP3A",12.2808830021655
"CRYBB3",12.2790853666358
"TMEM44",12.2780248752049
"ERCC5",12.2761426053107
"ARMC9",12.2754308551823
"ZIC2",12.2741220162526
"TROAP-AS1",12.2697233557765
"INHBC",12.2681654058814
"ACAD9",12.2670967193575
"PSMB5",12.2659176928751
"SPNS2-AS1",12.2611712407255
"WASL",12.2611002617817
"STON1",12.2459719220998
"SPATA31H1",12.2452234144169
"LINC02609",12.2397411283198
"FAM83F",12.2354774747364
"MMP12",12.2346356889456
"ATXN7L3",12.2330793437463
"TPGS2",12.2303441136699
"LINC02057",12.2303347711559
"LINC02826",12.2170289249764
"DYNC1H1",12.212276781206
"MSLNL",12.2117143161799
"TFAP2B",12.2041442724547
"HTR2B",12.2041202454988
"MSANTD3",12.2039252907642
"LINC02818",12.2029086324921
"FAAH",12.1958454912
"PELATON",12.1954350821634
"MINCR",12.1950565002263
"SNORA59A",12.1923739133441
"MIR4253",12.1796572149049
"LINC01214",12.1755742473424
"FZD4",12.1755004099947
"KDM8",12.1680960886777
"PROZ",12.1546625658401
"LDB1",12.1472596161752
"IZUMO1",12.1468565933737
"RPSAP18",12.1395190891961
"LDLRAD4-AS1",12.1327066476007
"TMEM141",12.1319473558813
"TTLL12",12.1234635452521
"CRY1",12.1096138934883
"HSPB6",12.1088006991754
"MSRB1",12.1084179444686
"NAV2-AS3",12.1053047115384
"CHMP4C",12.0989891500204
"CAMSAP1-DT",12.0964353205674
"MSMP",12.0951380970437
"SMPD3",12.0915840881456
"POU6F2",12.0910722712264
"SPRY4-AS1",12.0892946141715
"LINC02666",12.087429861049
"JARID2-DT",12.0809051952208
"FIGNL2",12.0809051952208
"SMS",12.0796995931543
"TINCR",12.0786645515067
"LBX2-AS1",12.0745127691434
"DLG1",12.0703416013807
"DSTNP1",12.0693063262122
"DEPDC5",12.0657091763623
"PAM",12.0642928497645
"SPRN",12.050015955978
"CD2AP",12.0499527829091
"SAP30L-AS1",12.0393659391985
"SLC38A2-AS1",12.0358850233488
"LRBA",12.0325838664841
"MIR924HG",12.0207932103292
"METRN",12.0196424747176
"NIFK-AS1",12.0159661353459
"NOL4L",12.0143377453757
"IFRD2",12.007625033179
"REP15",12.0014045848435
"RUNDC3A-AS1",12.0014045848435
"TSSC4",11.9932031575925
"ATAD3A",11.9854814138769
"AP1AR",11.9767468749235
"SRD5A2",11.9738695858516
"NUDT7",11.9685462188255
"MAGEF1",11.9666484136491
"SOSTDC1",11.9634600756546
"DCLRE1B",11.9629223533663
"WDR17",11.9614715542645
"LINC01752",11.9604286505589
"METTL13",11.9510465728988
"IFI6",11.9453968885195
"POLR2L",11.9406604456113
"SCAT1",11.9269611618559
"MFSD3",11.9243346463777
"ZNF362",11.9238959402264
"LINC00850",11.9222378759451
"C16orf95",11.9163347607416
"DIAPH1",11.915083921913
"LINC03124",11.9134477900844
"MFSD4A-AS1",11.9127961226293
"RPL21P26",11.911572111203
"MRPL28",11.9063364154288
"GRIK5",11.9059882999967
"SYNM",11.9037996032618
"ETV1",11.8915698624469
"SULT1A2",11.888610938497
"SHANK1",11.8873556430249
"GPSM1",11.8767663265533
"COPS3P1",11.8765615140691
"PCDHGB1",11.8763326917001
"VIL1",11.8704267950602
"PIP4K2B",11.8658091259821
"CPLANE1-AS1",11.8605757821538
"CLN8-AS1",11.8599152724371
"IL18BP",11.8574257833754
"HCAR2",11.8565721300444
"MUC6",11.851895111092
"ABCG5",11.8474463332648
"ULK4",11.8446736676768
"TMBIM1",11.8399530840009
"FGF22",11.8298639907954
"FMO4",11.8227005654674
"PRR5-ARHGAP8",11.8147232750805
"POLR2B",11.8112821989193
"CSTF3",11.8074312988663
"SZRD1",11.8010180210126
"PODXL",11.7987059677799
"CCT8P1",11.7974277943694
"CST1",11.7968271747407
"SLC7A2-IT1",11.796767514348
"AUNIP",11.7906750410455
"ABLIM1",11.7877891486053
"THRB-IT1",11.7868235898355
"GOLGA6A",11.7859839116603
"ALDH1L1-AS1",11.7851586542482
"DNAJC6",11.7842915531225
"PLA2G10",11.7835418079558
"THSD8",11.7680333820698
"ZFAND2A-DT",11.7655369480826
"HOOK1",11.7604382749535
"OR2D2",11.7551878496423
"ARF3",11.7519009976033
"PCDHB13",11.7388548079805
"LRP10",11.7356186315561
"PLAAT1",11.7330928332187
"CAHM",11.7311872746649
"UQCRC2",11.7257360835657
"KANSL1L-AS1",11.7220383941089
"AP1G2",11.7218537847252
"RPL36P12",11.7163010597581
"RAB1AP1",11.7141799915664
"IFT57",11.7107428645084
"H3C13",11.7097299957906
"MAP7",11.7071863307149
"LINC01011",11.7062076907917
"OPN3",11.7055046058546
"COA3",11.7034954508867
"CFAP77",11.7018186758768
"RCC2",11.6997852059973
"SLC52A2",11.6943516556339
"GHRL",11.6891198400088
"WNT3A",11.6828210397166
"ATG7",11.6818948812063
"SLC19A3",11.68108602369
"MTCO1P19",11.6803972150857
"COPS7A",11.6790488030605
"PICART1",11.6774257142024
"TLCD5",11.6689369719005
"CIITA",11.6683851486724
"THRB-AS2",11.6660547063754
"SMAD3",11.661959523262
"BID",11.6409825073984
"SHISA2",11.6377274313981
"NPIPB9",11.6326110777706
"MIER3",11.6324568704163
"ANGPTL5",11.6324063987721
"RAPSN",11.6275087529371
"WEE1",11.6237698540103
"CBX5",11.6185426359499
"MYL12B",11.6159838171825
"LRRC8E",11.611052238855
"PDXP-DT",11.6090959260732
"KCNQ1-AS1",11.6048122584736
"BBS5",11.6024772006068
"METTL15",11.5945946783008
"SSBP3",11.5921065230555
"TCF20",11.5885592212675
"SPATA31G1",11.5863184902015
"PKLR",11.5790977002092
"KLF4",11.5770318321681
"ZNF252P-AS1",11.571561107574
"KAT2A",11.5638027965418
"TBC1D19",11.5631925547536
"SPON2",11.5612514786439
"FAM217A",11.5592974424828
"HORMAD2-AS1",11.5507407422318
"MAP3K15",11.5493454843355
"C17orf99",11.5490323830194
"NT5DC4",11.5469453978966
"INSYN1-AS1",11.5352612059535
"PGD",11.5303381925104
"TRUB2",11.5298819907689
"AGL",11.5260413568944
"AHCY",11.5237611591533
"RNF126",11.521874947013
"NAT9",11.5163774784102
"TEDC1",11.5163198442186
"ZNF691-DT",11.510102629631
"BCOR",11.5089546244729
"MAPK11",11.5025572823281
"RNU6-971P",11.5024352848575
"RNU6-106P",11.5017104298309
"FBXO34-AS1",11.4900653883173
"ZNF566",11.4886880358696
"LGALS3",11.4842065149151
"CASP4",11.4838869965479
"NFIA-AS1",11.4831640103633
"ACTR3-AS1",11.4740133071374
"F11R",11.4720794852813
"EXOC6B",11.4654808489483
"RPS2P46",11.4595273289033
"CAV2",11.4581277725609
"FAM216B",11.4536195203492
"PFKP-DT",11.4525655636265
"PPP2R1A",11.4516768496156
"DUSP5P2",11.4467170788968
"PICK1",11.4411606927089
"SLC39A3",11.4399607410364
"RNU6-1331P",11.4399197138049
"TSR1",11.4380349378777
"MAP4",11.4379783324522
"SUGCT",11.4361870624432
"CA3",11.4359350423931
"CNFN",11.4336043194285
"LINC03048",11.4322018984168
"UBE2V2",11.430030296377
"DIS3L",11.4250540365901
"KIF16B",11.4202417018302
"DAG1",11.4164996474783
"ZNF445",11.4147156740401
"AXDND1",11.4123737196303
"PGAM1P4",11.4122488246905
"C1orf167-AS1",11.4067649255836
"VPS13C",11.4061993414384
"TALDO1",11.403877152996
"PCAT7",11.4032240206787
"FITM1",11.3968758258846
"ZNF318",11.3938634338116
"AP2B1",11.3861772128075
"LAMC1",11.3835303630867
"CD34",11.3815121087429
"ALG1L9P",11.3782288324959
"PRKCZ-AS1",11.3700650048894
"FANCM",11.3691132840204
"ARHGEF12",11.3689732706839
"CCN2",11.3688753647066
"UTP20",11.3677954896871
"TRIM60P17",11.3649605182841
"PPP1R11",11.3598543757514
"EHHADH-AS1",11.3590909785295
"RPL34P1",11.3590509711072
"GLRX5P3",11.3571905923343
"SLC25A37",11.3463757663516
"TNIP3",11.3444428128878
"KRT8P44",11.3420509849549
"SLC25A48-AS1",11.330112322033
"PRRG2",11.3231277956554
"TCTN2",11.3214724659444
"PHB1",11.3193583350505
"GSAP",11.3188764248547
"SATB2",11.3170278303651
"UGP2",11.3067568038003
"ZFYVE21",11.3064411503703
"KALRN",11.3035886444122
"RDH11",11.2918189818313
"NSUN3",11.2916416017042
"RCN2",11.2895960768044
"NECTIN1",11.2856930758177
"AP2M1",11.2851323751613
"PPP4R3B-DT",11.2825103328293
"THADA",11.2813152626787
"ADCY2",11.2763232540178
"CERS4",11.2752722907283
"FAM230I",11.2727711346092
"CCDC8",11.2709141793262
"TMEM47",11.270133215729
"LRRC52-AS1",11.2697906977491
"PPIAP16",11.2665505072935
"SCARNA5",11.2661986989408
"PEX7",11.2659862556062
"LINC01013",11.2643383412738
"PRDM12",11.2612493580149
"TMEM238",11.2594790269691
"ZAN",11.2567235345823
"LINC01811",11.2364296834232
"PICSAR",11.2356345692962
"RRP15",11.2351062822291
"ZNF22",11.2322905022091
"STAG1-DT",11.2316734370828
"FOXA3",11.2298091452371
"HSBP1",11.2262639310085
"SREBF1",11.2229600287142
"MED14",11.2217156441337
"FTH1P23",11.2165671888262
"SAMD1",11.2136597930468
"C5orf46",11.2108718305531
"KPNA7",11.2069390700827
"DLG4",11.2022894775509
"ILK",11.200205448203
"ITPK1-AS1",11.1996270051535
"TMEM246-AS1",11.199190067588
"UBTD2",11.1976449177839
"UPP1",11.1974396208447
"RAD9A",11.1969881469401
"CHGB",11.1945153549687
"ARID1A",11.1934371816032
"LSM11",11.1932963075601
"LINC01927",11.1868290064658
"LINC00710",11.1829698435715
"CDC37",11.1815426077954
"DDX11-AS1",11.1780270525569
"SETD1B",11.1768264325558
"MARCKSL1",11.1763824188594
"PADI1",11.1747457222562
"RND1",11.1699695750937
"MTDHP4",11.167974362737
"PABIR1",11.1664400919812
"PRKD1",11.1642858992726
"HERC6",11.1595998247848
"LINC02687",11.1560015612449
"CDIPT",11.1551738877175
"PELO-AS1",11.1504350418482
"ANKRD10-IT1",11.1474610371017
"LINC00900",11.1415860690199
"C11orf86",11.1399067739507
"ZNF708",11.1270924021647
"LINC02244",11.119592765686
"PDCL2P2",11.1181528325124
"TMEM267",11.117907187394
"RRAD",11.1078596318443
"RPL7L1P9",11.0998019646548
"EMILIN3",11.098173718893
"RPSAP6",11.0933204206135
"LMLN",11.0877512152013
"NOL11",11.0847710748438
"LINC01301",11.0819120410351
"XNDC1N",11.0806821912663
"ADAM20",11.0802958242177
"KRT39",11.0743065082572
"RHOB",11.073901100794
"FAM32CP",11.0666325715164
"ZFPL1",11.0661126737515
"FAT4",11.0640316076593
"RNA5SP449",11.0634600185276
"ITLN2",11.060910402805
"CERNA2",11.0602804292887
"UBE3B",11.0534678800672
"PTPN23",11.0475744296736
"ABHD16A",11.0372284920665
"B3GALT9",11.0332216235961
"FAM66B",11.0253569518047
"GLIPR1-AS1",11.0245477204808
"CFAP161",11.0182535445046
"PRSS57",11.0009009576947
"DLK1",10.9996089099438
"TMEM198B",10.9959328451991
"ZNF892",10.9904175525734
"RNASE7",10.9902913662583
"LINC01983",10.9893931554958
"TMEM262",10.9887443989361
"ZDHHC11",10.9771465508602
"CRACR2B",10.9707719696817
"ONECUT3",10.9691676954613
"ACSBG1",10.9628399305596
"KCNJ5-AS1",10.9546267011713
"ARL14EPP1",10.9540117728744
"SMIM14",10.9535721891439
"SNRPGP18",10.950744043888
"HTATSF1",10.9506604749758
"CDK5R2-AS1",10.949056845691
"MPRIP",10.9450545767131
"PLSCR2",10.9366272340199
"CMKLR2",10.9365261280296
"MIP",10.9350443562469
"FABP6-AS1",10.9346240643215
"ZNF277-AS1",10.9244835979998
"RNU2-11P",10.9234242837651
"MZF1-AS1",10.9228512284566
"RNY1P15",10.9125848325436
"FADD",10.9107283608796
"SPATA4",10.9086165747846
"RNF213-AS1",10.9079148556363
"HK1",10.9076795389495
"MRPS24",10.9049767221158
"C11orf91",10.8971545761128
"RXRB",10.8944833740229
"UNC5B-AS1",10.8867492242415
"C17orf114",10.8838848739655
"ADRB2",10.8774075995818
"SNORA70H",10.8765117535993
"GOLGA7B-DT",10.875110927866
"ERVK3-1",10.8669989477085
"STRN4",10.8653792451648
"NCOA4",10.8642966208517
"RAD23B",10.8579844282605
"CD63",10.8511539886425
"IQSEC2",10.8507880262902
"ATP6V0D2",10.8471111484566
"ZBTB20-AS2",10.8427159482087
"CEBPB-AS1",10.8408204254954
"RNU6-418P",10.8381075073095
"LINC03090",10.8340567931754
"OAZ2",10.8327978983547
"ALG10",10.8301223105141
"RPL26P27",10.8280490589301
"ART1",10.8256432786087
"SH2D1B",10.8248133444316
"SMN2",10.8203333177261
"TUBA1A",10.8178948456281
"HNRNPA1P16",10.8125570345148
"RPL36AP25",10.8093694922174
"TSPO",10.793590209582
"EFR3A",10.7901743248467
"ENKUR",10.787734925896
"ZNRF2P1",10.7805070422988
"PTPRO",10.7775590912333
"MLXIP",10.776913120643
"CYB5B",10.7739461447357
"HMGA1",10.7736746942663
"TOX-DT",10.7680656976385
"CDH1",10.7649998040731
"MRPS35",10.7649647283602
"TRAP1",10.764185150822
"CFAP46",10.7622965088339
"RNU2-5P",10.7587934553572
"RNU6-833P",10.7569108842735
"CYP27C1",10.7488643206497
"ABTB3",10.7452796201016
"GLB1L",10.7429397235689
"CCT3",10.7421748154126
"ASTN2",10.7363283518775
"BTBD6",10.7327417073875
"CBX4",10.7324990222557
"SYT2",10.7278006216242
"USPL1",10.7237596521465
"TMEM105",10.7218296637385
"ATG4D",10.7129740713719
"TSC22D1-AS1",10.7089253138324
"XAB2",10.7070042687961
"FANCC",10.6981749752299
"RPL17",10.6941556531009
"SCYL2",10.6876240323716
"DNM2",10.6871223762609
"TWNK",10.6791783302387
"TFCP2",10.6600504687957
"EI24",10.6591660377729
"PPP1R14A",10.6542464965066
"RNU7-111P",10.6537721859959
"NSMCE4A",10.6531577219878
"CTNS",10.6499484937438
"RASA4",10.6455938934064
"PIK3C2B",10.6433663225116
"ACTR1B",10.6410771535668
"DTX3L",10.6410352644444
"CEP57L1",10.6405442817599
"FGFR4",10.6390016498322
"RAB1B",10.6388198952555
"HMGN3-AS1",10.6372759900464
"RNF40",10.6366731610764
"TSPAN11",10.6313308703052
"CFAP61",10.626728550402
"TUBB3",10.6260515925316
"RCC1",10.6251465092053
"LAMB1",10.6224410176291
"GCN1",10.6140336299287
"MEFV",10.6124591534926
"PEX13",10.610845714947
"IFT140",10.6088075678473
"RRAS2",10.6049342786956
"ARHGAP39",10.6034114962327
"MIR3685",10.6028391598857
"CCNP",10.5962501833983
"G6PC3",10.5931475736361
"HGS",10.5915616008524
"DNAJC12",10.5808210954298
"ERMAP",10.5745279971894
"SWI5",10.5735030067166
"ABCA2",10.5710459257457
"SPDYE5",10.5688092157803
"GRPEL2",10.5646797273492
"GTF3C3",10.5619555026875
"HLA-C",10.5580868812929
"CPSF3",10.5572785420319
"SOBP",10.5544649462064
"CMTM1",10.552227178937
"MFSD10",10.5519384542463
"SELENOO-AS1",10.5489695940604
"NUDT9P1",10.5427964246022
"BTBD9",10.5426958305799
"LINC01596",10.5370384717323
"LINC00242",10.5335203045755
"XRCC3",10.5323370453239
"BTBD19",10.527489384841
"MIR1184-1",10.5252552846956
"HADHAP2",10.5178261810726
"DPH1",10.5153527676185
"TAP2",10.514079051039
"MT2A",10.5109776450745
"LINC00184",10.510539215564
"HSD3B7",10.5046476013221
"DGKD",10.5036005106649
"NCDN",10.4975303337737
"GASK1B",10.4963392272241
"ATIC",10.4947917576574
"PHETA2",10.4935863316667
"RNU2-59P",10.4929933256023
"KLF2-DT",10.4918443710317
"HDGFL3",10.4874795268816
"CCDC106",10.4826959969965
"FAM13A-AS1",10.4825346537787
"FBXL7",10.4766286630332
"LINC02323",10.4703844955931
"LRRC39",10.4686930371051
"APEH",10.4661366164354
"INO80E",10.4657456083318
"RN7SL217P",10.4550507915154
"FAM88E",10.451219191059
"RAB40C",10.4482156158876
"ZSCAN20",10.4469620662143
"OSBPL10",10.4456591066308
"DBN1",10.4431408018275
"CNNM4",10.4394226184116
"RNU105B",10.4380449094855
"RNF19B",10.433042313454
"RNF157-AS1",10.4301912418062
"HSPB9",10.4288357633938
"SNRPF-DT",10.4271108485738
"NKAPL",10.4231636547492
"MVB12B",10.4141962372567
"MSH5",10.4140726667441
"NFASC",10.4124724728464
"YBX1",10.4084943037607
"CAPN1-AS1",10.4071789923272
"TAT-AS1",10.4049032975143
"SCOC",10.4024409800338
"TGIF1",10.4019539974178
"CENATAC-DT",10.3954772442223
"SRRM2",10.3830668078233
"IL1RL2",10.3820152259457
"TAS2R62P",10.3794104048003
"LINC00862",10.3671636836853
"PEG13",10.3659394138282
"GPR158",10.3637775719373
"RNF125",10.3630329428966
"SLC25A10",10.3606937274773
"NAA25",10.3494983532806
"GBP4",10.3450379342273
"MTLN",10.3431489324149
"LINC02976",10.3374444852932
"COL7A1",10.3368845891243
"RPL6P6",10.3341877266562
"PRR13P2",10.334068668536
"SLC15A2",10.329229880911
"ASPG",10.3284674257494
"EFCAB11",10.3247150131462
"IGSF1",10.3169465027889
"DYNLT5",10.3140809507239
"EIF4A1P12",10.3140809507239
"LINC01290",10.3092553383506
"PDE6G",10.3067789824268
"LINC01090",10.3037788143262
"CLDN6",10.3034167066605
"TMEM45A",10.3000448564072
"UHMK1",10.2984675375376
"EHD4-AS1",10.291131968327
"RPS12P26",10.289131989099
"TRMT6",10.2870216547903
"RDH14",10.2865374874803
"TSPAN17",10.2854832521875
"ZC3H12A",10.2799417571773
"NUPR2",10.2776989633557
"SLC20A1",10.2714794283
"TPH2",10.2690081629171
"RGS11",10.2690081629171
"NUDC",10.265193519398
"SCEL-AS1",10.2608244960432
"ZFTA",10.2587568151113
"C2",10.2574266854995
"ACTG1P10",10.2561061142876
"TLCD3A",10.254624402474
"GDE1",10.2486689002337
"JHY",10.2484512361392
"RPRM",10.2474508635646
"HLA-DMB",10.2467723666768
"SLC35A3",10.2445820549103
"PRODH2",10.2436071199573
"DPPA2P4",10.2426076101858
"CYP2F2P",10.2385960523396
"NINJ2",10.2333484711097
"PKN1",10.2265544750585
"LINC01603",10.2186837139191
"LMOD2",10.2175905247619
"THUMPD2",10.2164142268931
"HEY1",10.2063380439438
"EEF1A1P33",10.2013205176125
"ARMCX5",10.201227601502
"POU6F2-AS2",10.199939395695
"COMMD2",10.1972254907612
"DKK3",10.1877369261856
"LINC01250",10.1861348437615
"SHISA3",10.1855955052862
"DOK6",10.1784771109306
"EXOSC2",10.1677489707136
"DUSP6",10.1605854244151
"LGALS7B",10.1603361865547
"SNORA15B-1",10.1595657506719
"MLST8",10.1563422985197
"CHST14",10.1527664989737
"MYD88",10.1507704678588
"SNPH",10.1496443281506
"ANAPC4",10.1426327005082
"MTG1",10.1401419091792
"TAF15",10.1374700929739
"CAPRIN2",10.1358672425657
"ZMYND11",10.1353972715187
"SLN",10.1329361606112
"LINC01094",10.1244969923823
"PELP1",10.1222260029042
"CNOT10",10.1118927842156
"CES2",10.1107512499974
"QKILA",10.1020218987475
"SYT1",10.1012575292737
"TMEM139",10.1000114673638
"RPSAP76",10.0952700228388
"ZZZ3",10.0783896680913
"STARD3NL",10.0768238899634
"ZBTB42",10.0762920817594
"SMO",10.0729747585024
"PTPRR",10.0702393144063
"ANKUB1",10.0617963212548
"CPPED1",10.0612362580846
"C1QBP",10.0596799729709
"SGO1-AS1",10.0592221799874
"TRIM8",10.0526611930786
"KLHDC3",10.0524296524274
"SORBS1",10.0495112831181
"SFXN5",10.0451193500891
"MT-ATP8",10.0417293351556
"AGMAT",10.0344796299091
"VGLL4",10.0301643359954
"IKZF2",10.023261536486
"KHSRP",10.0149245985349
"ITPA",10.0127967282724
"LINC00865",10.0071549631849
"ZNF45-AS1",10.0064076426306
"RNU6-136P",10.0001141243025
"KIF1A",9.99875382557806
"GAA",9.99079589649971
"MBTPS2",9.98851717989231
"AP2S1",9.98593102586661
"GPX4",9.98505715761118
"RC3H1",9.98117559326268
"UHRF1",9.9787849858536
"RN7SL284P",9.97755039864124
"LINC01659",9.97553882590736
"FBXL4",9.9754954558721
"GLS2",9.96907271601957
"CTDSP2",9.96491900082622
"CHAF1A",9.96269066015364
"CDK2",9.96173025367834
"PFKL",9.96019059788503
"NELL1",9.96004589020381
"GPT",9.9580668743726
"PDIA3",9.95716214400709
"AKR1E2",9.94704001405513
"DKKL1",9.94533270426399
"GPN1",9.94269298676397
"ARRDC3-AS1",9.94003469379719
"C1orf53",9.93912172395908
"PCGF1",9.9342149342844
"EPHA7",9.92270611036271
"C8G",9.91658269974435
"ADGRA2",9.91533501853896
"BBOF1",9.9139655450479
"LEKR1",9.91376197959281
"RMND5B",9.90042635731425
"IGF2BP2-AS1",9.89972289571764
"RPS18P14",9.89928897419307
"ITGAM",9.89914829350645
"TBC1D14",9.89886432242092
"CISD1",9.89730894282816
"BRF2",9.89511720857434
"COL11A1",9.89381739613045
"SAMD5",9.89308997306205
"MIB2",9.89188494338342
"MCC",9.88743887355744
"CMTM2",9.882596308012
"ROBO2",9.87978158899517
"NDUFS2",9.87397082158015
"MPLKIP",9.87303679175906
"RPS3AP8",9.86094783013139
"F8",9.85444915671327
"SENP8",9.85237382402143
"GPM6A",9.85007821384695
"FOXS1",9.84219790413016
"CSDC2",9.84217504281317
"SPO11",9.84175825553701
"COX15",9.84097114652687
"RTKN",9.83872799578302
"KLHL12",9.83863363035297
"ACOXL-AS1",9.83778222863442
"CLDN15",9.8314090937281
"CYP2C8",9.82687433478916
"C12orf76",9.82471823994322
"TGM4",9.8115559861336
"DACT3",9.79954856381937
"MIR324",9.79809331530122
"MIR3677HG",9.796630766473
"FGF14-IT1",9.79276353930702
"DSE",9.79092195877404
"WDR55",9.7870065615224
"TRIM8-DT",9.77953193552749
"RNA5SP265",9.77716664636901
"LINC02185",9.77054070373062
"HMGXB4",9.76736803189037
"ZNF324B",9.76640162378682
"AAMP",9.76256677976301
"TC2N",9.76220804711921
"HTR3A",9.76168825761851
"HMGB2P1",9.75011988545269
"KIAA2012",9.7477683064324
"DCLK2",9.74474937200751
"RPS3AP34",9.7398477571035
"TOR1A",9.73961481891176
"LINC02762",9.7382822377834
"SIAE",9.73565355913485
"BIRC5",9.731149964027
"MNX1",9.72662827044939
"ZNF248",9.71890960712601
"MITA1",9.71341527582365
"TFF2",9.70571218093132
"ODF2",9.70112641492153
"CD302",9.698162828765
"CLYBL-AS2",9.69689996727975
"FAM200C",9.6938252951359
"LAMTOR1",9.69197291175109
"MIR3150BHG",9.68955603147219
"TRIM54",9.6894017874229
"TAP1",9.68681143135194
"MIR4730",9.68245289751421
"SMG7-AS1",9.68198078026077
"SLC46A3",9.68180544033172
"ELMOD3",9.67942209697364
"NAV1",9.67905476506612
"VCF2",9.677324747766
"RBMX2",9.67513518077112
"MYO18A",9.66921727114552
"PDCD6",9.66873845629147
"PEX11B",9.66833983009026
"LINC01232",9.66824410227471
"PDGFA-DT",9.66801120003561
"ITGB1-DT",9.6674722436347
"ARHGEF38-IT1",9.66744079509632
"SNORA80E",9.66305854083163
"RPL8",9.65595544938776
"IL15",9.65503059463378
"NUTM1",9.65376604127745
"CASC15",9.65210479754353
"B3GAT1",9.65146404122397
"NME7",9.65112556558464
"KLHL41",9.64931268648654
"TSLP",9.64921000428815
"NUDT16",9.64700024584899
"LENG8-AS1",9.64589975765045
"STK32B",9.63695466095125
"NDUFB9P1",9.63289179871365
"PAFAH2",9.63051888835498
"MICAL2",9.62903400727306
"BTG3-AS1",9.62346086737255
"LINC02842",9.61995580464465
"ACKR3",9.61869185776468
"DUS4L-BCAP29",9.61456365256871
"PRORP",9.61332760979707
"SIGIRR",9.61185231814276
"SNORC",9.60578178318148
"DUX4L26",9.59491583505535
"BACH1-IT2",9.59468968615499
"GNB4",9.5926420870016
"SUCLG1",9.59152546779586
"ACTL10",9.58744804828668
"DLAT",9.58565871006566
"BCL6-AS1",9.58434953188543
"ADRA1B",9.58357773278871
"LANCL1",9.5791559780373
"SUPT16H",9.57765442675013
"BRF1",9.57742130224169
"SCAMP1",9.57529162556784
"C5orf24",9.56148562830111
"CD81",9.55697976651594
"WDR93",9.55448689218847
"TRIM74",9.5500852100832
"TRIM31",9.54802437714159
"CPM",9.53962505142458
"AHCYL1",9.53493851510926
"SYN3",9.53333532379445
"WASHC5-AS1",9.53328527774062
"MTCO2P21",9.52473103804803
"TM9SF5P",9.52370999701189
"CCRL2",9.52310742502182
"FARSA",9.51993125521459
"TMEM106C",9.51553426125109
"ZFP28-DT",9.51304434893438
"DCTN4",9.51257960185836
"CACNA1I",9.51107903858325
"ARAP1",9.50927153944726
"SAMM50",9.50881795604761
"TMPPE",9.5056257853114
"LINC00963",9.50418717361747
"ACLY",9.49935349971318
"A2ML1-AS1",9.49311225483069
"SOX8",9.49222449831634
"TTC19",9.48899648042047
"MTERF1",9.48160581619151
"PHB2",9.4757361002365
"RPS4XP1",9.47542591267276
"ARHGEF19",9.47360910807609
"TMEM14B-DT",9.4681997363795
"PGK1",9.46263078045146
"RXRA",9.46224370037856
"CXorf38",9.46159418800639
"GCNT1",9.459484748252
"CLIC3",9.45718691674037
"RNFT1",9.45603778625793
"LOXL2-AS1",9.45387100711198
"STAU2",9.44754046401599
"NFATC4",9.44422262393306
"TMEM184A",9.44209463427484
"HHATL",9.438672361866
"CDK16",9.43527470985913
"CCDC144NL-AS1",9.43445627139695
"LINC02109",9.4330227854531
"KPNA5",9.43152627818663
"PSMA2P1",9.42972922470198
"PDZD8",9.42451769127402
"PARP14",9.41617565162504
"SORBS2-AS1",9.40689956251784
"CFAP298",9.4031166065361
"CUL2",9.40166915465101
"SGSM3",9.39787257269997
"PSMC3IP",9.39574291105598
"PPIAP70",9.38879156357518
"P3H1",9.38762250162579
"AIMP1",9.38568872977804
"HOXA10",9.38546300056182
"PLET1",9.38201906149966
"MESP1",9.38147691773722
"GNA11",9.3798386047325
"PDLIM3",9.37904955705344
"BRME1",9.37790264512852
"EIF1AXP2",9.37655424208959
"HS2ST1",9.37284035347614
"INCA1",9.36805450375022
"STXBP5-AS1",9.36107845152576
"CCDC175",9.35924621811526
"RPA1",9.35839677324322
"CXXC4",9.35596024331102
"MED14OS",9.3547232953121
"MIF4GD",9.35090103140578
"BVES-AS1",9.35060678835354
"LILRA6",9.34946744812377
"VENTXP6",9.34628166567929
"TMEM9",9.34500486800914
"CEP68",9.33853139673464
"HSD17B14",9.3381522624062
"RPL5P34",9.33813698206775
"MTND6P4",9.33419828064812
"NSUN5",9.33357585911259
"ELAVL1",9.32639168499207
"MAP1S",9.32108320461991
"RPS21-DT",9.31844487138057
"ACTA2",9.31714206200008
"MED15",9.31125103765264
"LINC01176",9.3103194507653
"TMEM109",9.30866269020386
"TXNRD2",9.30587546907967
"UBE2D3P5",9.30510752329729
"INO80-AS1",9.30359003844256
"SLC18B1",9.28947806315411
"LRRC74B",9.28668045683447
"NOC2L",9.28285018071248
"CHCHD6",9.28082285733514
"FAHD2P1",9.27417877861463
"PPP1R35-AS1",9.26592774185934
"EEF1DP1",9.26419160306696
"RNU6-1016P",9.26369061852495
"SPIB",9.26136549121633
"RPS12P27",9.25906178974912
"FARP1",9.2577483572411
"MAPK10-AS1",9.24493132306077
"SMIM32",9.24343232409027
"GBP2",9.23993450115867
"CARMIL3",9.23432688870268
"DDX39B-AS1",9.23399313009601
"RAB44",9.23321769834523
"TIMM23B-AGAP6",9.2310184906535
"TFPI2-DT",9.23053492919668
"MAD2L1",9.22887618350809
"LIAT1",9.22622115680484
"OPA3",9.22196313707947
"ATP5F1B",9.21962746148562
"EIF4G1",9.21726908607147
"PSMB9",9.21689041540863
"PPIAP72",9.21423123935192
"AP1B1",9.20853128230646
"MRPL38",9.20680049885497
"PARD6B",9.20668645371539
"THOC1-DT",9.20657304102524
"LRRC61",9.19995991661459
"CPT2",9.19982557200913
"FUT11",9.19416084370755
"C11orf97",9.19321055401287
"PPA2",9.18775312040104
"DLGAP4",9.18650658949575
"PLEKHG4",9.18343422363844
"OVCH1-AS1",9.18241730152917
"PENK",9.17553289438297
"DSG3",9.17374589271648
"TMTC1",9.17050776925724
"MINDY2",9.16601754410616
"KRTAP1-1",9.16281283620697
"BLVRA",9.16267151128847
"PDCD2L",9.15905609608817
"PRPF4",9.15560297152164
"GORASP1",9.15526642994901
"LINC02739",9.15041081123715
"LINC02816",9.14837010657892
"MX1",9.14824925352462
"NR1H3",9.14378697576637
"MTCO1P12",9.14321970138462
"LRRC23",9.13959665102151
"RTN4RL1",9.13857843421834
"STX3",9.13047159377708
"QDPR",9.12552250654986
"SPEN-AS1",9.12495251172782
"SNRNP48",9.10908550742794
"PLCB3",9.10895577052073
"GSDMD",9.10479013391874
"DHX58",9.1030740672817
"REV3L-IT1",9.09937641772675
"ZNF580",9.09699205171263
"DCDC2B",9.09645508205824
"IL6",9.09626807573481
"SLC35E1P1",9.09119704267483
"DNAJC19P5",9.08146038752247
"PIMREG",9.06968778213032
"TRIM17",9.06515891034552
"MIR4754",9.06162325200202
"FAHD1",9.05968670141665
"DPY19L3-DT",9.05915746014902
"HK2",9.05912749850521
"PARM1-AS1",9.05801771108905
"ERC2",9.05795254856907
"IFITM1",9.05453593895088
"PPIAP54",9.05123738468895
"NBN",9.05096714411467
"FBXO28",9.05015459820497
"RPL15P12",9.04674996945751
"SKI",9.03604821352165
"FAF1-AS1",9.03442176116259
"HMGN3",9.03293414460622
"C14orf119",9.03287602142084
"NPY2R-AS1",9.03240957426261
"TM6SF1",9.02702241447113
"C2CD4D-AS1",9.02616292525538
"BSN",9.02390964344674
"PLGRKT",9.01081386196505
"TRIM59-IFT80",9.00111388400153
"RBMX2P3",8.99885755115939
"CCNB3",8.99853595026846
"KLF9",8.99836963036147
"RBM12B-DT",8.99574832524472
"NANOGNBP3",8.99457023697056
"SERTAD3",8.99302887653651
"AIFM1",8.99015652505551
"PEX5L",8.9875966140893
"MRPL42P2",8.98662667246719
"GRIA3",8.98662667246719
"SGSM2-AS1",8.98509803166279
"ATXN2L",8.98505895823169
"LIN9",8.98268244475539
"NEDD9",8.98217590843824
"TLDC2",8.97842480403915
"LUM",8.96468430427581
"ACIN1",8.96303909999873
"SPDYE17",8.96164034551827
"MTCH2",8.95818354446034
"PCOLCE",8.95128833653311
"RBPJL",8.95074933545403
"SGK3",8.94904628939879
"NBPF11",8.94075756893504
"ARRDC1",8.93459831237646
"BANF1",8.93313065957304
"ALKBH1",8.92921829467144
"MOSMO",8.92722273964198
"CYCSP35",8.92396021598849
"ALPK3",8.91727970949457
"BSN-DT",8.91232283757506
"PRC1-AS1",8.91076566612825
"PCDHGC3",8.90959415291622
"UBR4",8.90649053040137
"LINC03067",8.90374241534522
"SCHIP1",8.90278760374627
"ZNF668",8.89895498029908
"ARFGEF1",8.89772513760758
"PAFAH1B3",8.8946902265248
"MRTFB",8.88664488942386
"SAMD11P1",8.88577576643068
"FHL3",8.88433519691059
"ZNF30",8.88388831018147
"ZFP37",8.88372016087007
"INPP5E",8.88263453711659
"HS3ST5",8.88138182416825
"NID1",8.87782341986592
"C5AR1",8.87722421071054
"PLEKHH3",8.87174930773303
"PPIH",8.87005903920687
"COMMD7",8.86983759382676
"PLA2G6",8.86653021218447
"VSIG4",8.86303579201792
"GPRIN1",8.8587193210784
"ANKRD18B",8.85735298400794
"CLDN22",8.85725647183946
"CIPC",8.85180969722549
"RN7SL832P",8.84417194624294
"SAE1",8.84147215474694
"GEM",8.8390138174696
"RADIL",8.83737483986996
"POMT1",8.83667754114415
"CHIC1",8.8329050939627
"FAP",8.83217338359377
"AKAP14",8.83130467785234
"ZSCAN10",8.82974859199189
"MIR503HG",8.82963291865041
"ZNF141",8.82920866469217
"RPAIN",8.82472765219693
"SCPEP1",8.82423507236523
"VWA3A",8.82138046331209
"FZD2",8.82067268960526
"YWHAH-AS1",8.819695046781
"BRWD3",8.81844679520177
"AKT1",8.81528297124092
"GNPNAT1",8.81404665027802
"PRC1",8.80770937594163
"ECHDC2",8.80289995901235
"TBPL1P1",8.80287795901451
"TPT1P12",8.79986076069712
"APH1A",8.79891261723525
"MTHFD1L",8.7940621356656
"SLC39A4",8.79337437499597
"KIF13B",8.79273168694814
"AKR1B15",8.79021876136098
"CTSF",8.78844318931423
"DPH3P1",8.78431392930839
"THOC7",8.77891995313625
"DSCAM",8.77750065543393
"DOLK",8.77734754772713
"RN7SL559P",8.77662393951486
"DGLUCY",8.77055424491334
"C1orf216",8.7643617987908
"FABP2",8.76235154545465
"TPCN1",8.75943342171177
"HELLS",8.75744255627515
"GLYCTK-AS1",8.75688770050644
"FBXW4",8.75119515470483
"VIPAS39",8.74795573588574
"ADAMTSL4-AS2",8.73430761142074
"SPATA2",8.73427659307645
"ZFHX2-AS1",8.73371003751981
"MSN",8.72941514038408
"EFCAB8",8.72736962812855
"MAMLD1",8.71822660989432
"ZNF554",8.71673350983495
"ZNF263",8.70543380983159
"TMEM87A",8.70542740430518
"TRMT13",8.70465521436383
"ACOT13",8.69010681950925
"ENO3",8.68986775997861
"P4HA1",8.68712155217586
"DNAAF4",8.68368979072737
"RPS3P4",8.68165829044833
"LINC00482",8.68024525770454
"EVPL",8.67891643711866
"ECSIT",8.67772986332354
"ZNF783",8.67293310268681
"PRDX5",8.67254463434406
"RNU6-419P",8.66983960426068
"DRC7",8.66239612051296
"HOXD8",8.66163543056697
"ZNF606",8.66139654424379
"TARS2",8.66070796609029
"CEP250",8.65392298565495
"GNLY",8.65300210646402
"ELOCP21",8.64804402800349
"OLMALINC",8.64762723938298
"MED16",8.64387806660836
"EEF1E1",8.64253967445167
"HSD11B1L",8.64039162647691
"PKMYT1AR",8.63757309313443
"CERS2",8.63179250544651
"HNRNPA1P27",8.6308314242792
"RN7SKP114",8.62947812683582
"BOC",8.62393100975412
"RITA1",8.62326077937522
"CD160",8.62240093655567
"HACD4",8.6185980164176
"RN7SL419P",8.61595092729138
"PSMB8",8.60802572409134
"CIDEC",8.5996132456746
"HTR4",8.59932680207018
"FAM88D",8.5992849287886
"LAT",8.59919088727888
"PSME3",8.59493533958847
"KCNIP1-AS1",8.59374796888195
"RPS20P33",8.58930463251203
"CRTC1",8.58740412915575
"SLC4A1AP",8.5855575705021
"CSRP1",8.5835835557843
"YES1",8.58342575857571
"OTOGL",8.58001779975612
"GALNT7",8.57888310739444
"UBXN6",8.57776733548637
"MACROH2A1",8.57690936864896
"SCNM1",8.57541549102412
"SNF8",8.57513268511532
"KATNB1",8.5737160016313
"RPL21P15",8.57337832562138
"HSP90AB4P",8.56022189278734
"PNPLA6",8.55654639514291
"TNFAIP8L3",8.55602738747706
"OSTCP8",8.55401915130751
"MCRS1",8.55013858176507
"POT1",8.54639520466444
"NDNF-AS1",8.54342062316707
"RNU6-1327P",8.543343824212
"NOP16",8.54294653116479
"MIR1265",8.53963185334647
"ZNF311",8.53203918433998
"PTGES2",8.53070770050126
"VTRNA1-2",8.52948062683454
"IRAG1-AS1",8.52164445214307
"SLCO5A1",8.52117045001775
"RPL23AP34",8.51482302136283
"SNAPC5",8.51153684898509
"GNB2",8.50947933150497
"CARMIL2P1",8.5077965556925
"SPATA9",8.5077555672636
"HEXA-AS1",8.50673880805807
"COP1-DT",8.50574318485816
"RN7SKP153",8.50552003748999
"SQOR",8.50059749378884
"NKILA",8.49841739034145
"TANGO2",8.49737762019562
"LINC01963",8.49473903777502
"CCNY",8.49443988813823
"PDHA1P1",8.4931902271177
"ZNF280B",8.4918217810401
"POLR3F",8.49162845209786
"ATF1",8.49050711866184
"RN7SL381P",8.49042680128734
"COX7CP2",8.49030583667014
"PSMF1",8.48610771543543
"VPS9D1",8.47706218497316
"SCML2",8.47593118085144
"AP1G2-AS1",8.47306262687205
"PNPLA4",8.46961360426027
"EVC",8.46887548836936
"ANKRD13B",8.45690980365927
"PBLD",8.45594929068892
"PDE8B",8.44593660761703
"LINC01269",8.44445953231904
"C1QTNF1-AS1",8.44441378202535
"KIFAP3",8.44165771008533
"RPL21P88",8.43688342264873
"PPIA",8.43451841242611
"GXYLT1",8.42682783017326
"LINC00391",8.4255109735346
"SUCLG2",8.42445631196449
"HSCB",8.42226485649417
"SLC25A48",8.42081086719656
"DCUN1D4",8.4184171939208
"SAMD14",8.41785530893502
"USP38-DT",8.41403702362286
"NECAB3",8.4137603629948
"KCNQ4",8.412367234833
"WDPCP",8.41138018550134
"FLOT2",8.40755781322875
"MSANTD1",8.40708252235107
"DUSP19",8.40143883887418
"TMEM72-AS1",8.39947044131876
"RPL21P57",8.39831768642564
"RARB",8.39820912917292
"KIFBP",8.3934773184925
"LETMD1",8.3918007027344
"SAXO5",8.3811755459932
"SCRIB",8.37852653339157
"ZNF248-AS1",8.37718802607004
"AP4M1",8.37617129027426
"WBP1L",8.37551038892899
"PSME2P1",8.35393801187277
"FHAD1",8.35282490538242
"FBL",8.35152026475058
"ATP6V1A",8.350758656634
"PHOX2A",8.3503095027946
"KIF9-AS1",8.3471880686524
"MATR3P1",8.34470137619136
"MVK",8.34299775670112
"ZNF658",8.33545914779337
"GLUD2",8.33151601867898
"RPL32P32",8.32648952218556
"TUBA5P",8.32583182953319
"VEZF1",8.32569326882412
"ELOVL4",8.31806308945938
"RAB11A",8.30974760088216
"SNUPN",8.30774863662717
"CBX8",8.30691659450516
"C4orf36",8.30605072774818
"EIF2B1",8.30421090346383
"C22orf15",8.30392981418221
"TPM3P6",8.30206472152429
"CTNNA1-AS1",8.30190472500592
"ATXN10",8.30155999097189
"EMSY-DT",8.30020141201751
"RGMB",8.29944135392025
"TSR2",8.2970156168799
"SLC5A6",8.29032744344819
"PTCD2",8.2799033358576
"GAL3ST3",8.27755807671348
"LINC02679",8.27624982934651
"DPH7",8.2761563720069
"TXNDC9",8.27460121583652
"ADAM22",8.27384209063879
"EDAR",8.2714430463933
"NUDCP1",8.27084755351227
"KLHL30",8.26951627029598
"SYNGAP1-AS1",8.2661940166667
"RNA5SP475",8.26195015745523
"RPLP0P12",8.26091560045558
"NCCRP1",8.25584242608662
"GAPDHS",8.24765741437062
"LINC02604",8.24719101079344
"MAML2",8.24410711762632
"INO80",8.24107800806882
"MORC4",8.23822776361153
"RRM1-AS1",8.23642679622011
"RPS7P2",8.2328144321712
"MYCNOS",8.23251456301891
"THBS1-IT1",8.22631097559523
"PTDSS2",8.22252488289502
"FAM72D",8.22133493540755
"RPL6P13",8.21403616337873
"RN7SL543P",8.2135584431009
"HOXB7",8.2129403037022
"STK3",8.21275084481007
"ANKRD18A",8.20744564602257
"RPEP4",8.20739297939418
"PAM16",8.20352310084745
"NALF2",8.20242758491017
"HCG15",8.20063428039601
"ZNF620",8.19040392908106
"BANF1P1",8.18819894147622
"PAEP",8.18718350403647
"SPTSSA",8.1832950575594
"SNORD100",8.18289493465839
"SAMD11",8.18218781065801
"COQ7-DT",8.18147824414636
"SMTNL1",8.17081891904433
"ZNF385A",8.16965409287111
"MGARP",8.16800451684269
"LMCD1",8.1672436325479
"LINC03094",8.16301809684282
"KTN1-AS1",8.16248230119418
"LSM12P1",8.1609949396054
"AKAP1",8.15889807618398
"TEN1-CDK3",8.15612972727381
"MIR744",8.1537800775675
"KCNG3",8.15377350363393
"STK25",8.15247119080203
"FER",8.1459156780013
"CCNJ",8.14455885673897
"MAMDC2",8.14414098094625
"CIAPIN1",8.13771720329923
"PADI6",8.13641993256598
"LYPD6B",8.13632209844313
"TASOR",8.13490828305946
"CD99L2",8.13472802683874
"RCN1",8.13425536554877
"GPR137C",8.12828127649498
"CAPG",8.12481649789268
"LNCATV",8.12477141268965
"PARLP2",8.12353120945761
"ZNF174",8.12339731596348
"HCG14",8.11928540287971
"MIR624",8.11682133713392
"ERG28",8.11055215267229
"MIR659",8.09918957728953
"DYRK3-AS1",8.09720296158269
"GCC1",8.09507814758074
"PDP1",8.09496514510839
"PPM1F-AS1",8.09494683944733
"A3GALT2",8.09065965941375
"C3orf36",8.09065965941375
"SMCO4",8.08727498541056
"MIR1296",8.08683254681903
"PLPP6",8.08601729463727
"B4GAT1-DT",8.08474987730269
"RECQL5",8.08209247656881
"RPS17",8.07992594216227
"ALKBH4",8.07890512615664
"EXOC1",8.07817612364077
"STOML2",8.07680624777096
"RRP7A",8.07501092901513
"RN7SL263P",8.07378875585506
"SRGAP3-AS2",8.07359032045366
"GSTA3",8.07359032045366
"MIR4500HG",8.07033583791872
"GSTO1",8.06828428682536
"CDC7",8.06823308108984
"SRGAP2C",8.06530993777652
"BAG6",8.06203167534468
"SPINK13",8.05831077959404
"ZC3H7B",8.05776079069835
"ZNF727",8.04904815328109
"ALG12",8.0432851397461
"APOC3",8.04008269867284
"EMICERI",8.0386033386448
"ZNF117",8.03327217716074
"METTL26",8.03307424338765
"NAB2",8.03289168648573
"LINC00536",8.03189306720987
"TRMT10B",8.02524331833126
"RPL23AP30",8.02500890741376
"FAM167B",8.02328673632759
"SCP2",8.01950353725974
"HSDL2-AS1",8.01760261457487
"LINC00926",8.0159320117105
"ACADL",8.0156351944952
"TMUB1",8.0074510243571
"PPFIA1",8.00088791598455
"LINC00677",7.99868330005055
"VDAC1",7.99072509497165
"NAXD-AS1",7.98871552294191
"KCND3",7.98474152311358
"NPIPB5",7.98165143004568
"AP5B1",7.97949780719431
"MATN3",7.97805480967982
"LINC01079",7.97728154640524
"B4GAT1",7.97118485257183
"AMZ1",7.96761426652923
"NPL",7.96307531422152
"BDH1",7.95917213875113
"TUBA1B-AS1",7.95684157040437
"SRPK1",7.95569778134486
"SAC3D1",7.95255906989162
"BOLA2P3",7.95120244509624
"RWDD4P2",7.94764905821095
"NQO1-DT",7.94358053168657
"LINC02971",7.9404919836952
"SIGLEC10",7.94000538720653
"SMG5",7.93860978943742
"CKS1B",7.93495303792988
"LMCD1-AS1",7.93137033003782
"LGR4-AS1",7.92638040255982
"BCAS4",7.91874624107013
"MAGI1-AS1",7.91722239663687
"DUX4L34",7.91405548819772
"ABCA7",7.9084508085633
"XIAP",7.90702268345245
"ZNF506",7.89973366846134
"GMPR2",7.89652171412716
"BBS4",7.8963586228826
"FARS2",7.8958300353978
"TAOK2",7.89580494493364
"RNF20",7.89509335382785
"LHFPL7",7.89402141947497
"PNN-AS1",7.89268365576918
"IL6ST-DT",7.89131587966032
"ZNF22-AS1",7.89026999360838
"GOLGA6L7",7.88826536210518
"ZNF540",7.88720319458133
"WFDC3",7.88336743092593
"CEP20",7.88195926392764
"AJM1",7.88110372598341
"LINC01117",7.87831430946435
"RGS19",7.87724544220505
"TMED6",7.87458642938897
"ANKRD54",7.8729143518763
"PUS7L",7.8706460240217
"FAM47E",7.86933197843287
"STK31",7.86801118831624
"ZSCAN23",7.86709590052658
"C4B",7.86663062800821
"MINDY2-DT",7.86262824322659
"LINC02212",7.85825580995485
"OR2R1P",7.85797574471266
"B3GALT1-AS1",7.85425655553836
"SART3",7.85294828980324
"UQCRC1",7.85110995823565
"CLASRP",7.84813949457658
"NDST1",7.84750497009524
"KL",7.84530901091831
"RPL21P60",7.84167063759861
"SCNN1B",7.83828048994935
"METAP2",7.8362899097064
"SLC25A28-DT",7.82888803355095
"GCLC",7.82803828770248
"PNPLA2",7.82562071933884
"CBR4-DT",7.82432373500863
"IRX4",7.81499638131788
"JPT1",7.81378388801603
"ZMYND19",7.81253301105809
"SLC25A16",7.80915699623244
"VTA1",7.80801928351411
"CALB1",7.80788805460163
"ITPR3",7.80253890329097
"TMEM120A",7.80049901514057
"LRRC37A15P",7.80003070253325
"AMDHD1",7.79977917658585
"POLB",7.79968451955947
"RPS29P11",7.79172030862154
"NOC4L",7.78708173419757
"ZDHHC20-IT1",7.78552032078874
"MX1-AS1",7.77793981107763
"PLTP",7.77427198328559
"NDUFAB1",7.77377102747032
"EPB41L2",7.77337931774215
"GART",7.7723234037882
"AADACL2",7.76987261152139
"ZNRF2",7.7673101232301
"LINC01465",7.76636334988763
"NELFB",7.76465390279117
"MALSU1",7.7624447195809
"MCM7",7.76184324507345
"BDNF",7.75706072569524
"ZNF672",7.75451337847507
"USE1",7.75021858936243
"SLC25A11",7.74821619350781
"ZDHHC8",7.74774822271419
"PKN2-AS1",7.74333680517524
"DRAM1",7.74061159359801
"INSL4",7.74008778266095
"FKBP8",7.73935160919127
"PRSS27",7.73785555673455
"MRAP",7.73747111714595
"ARGFXP2",7.73547251206571
"INIP",7.73362115553508
"KIF3A",7.72922458656767
"NCBP2-AS1",7.72621368603624
"ZNF213",7.72540558647118
"BLTP3A",7.72138361804665
"ATG2A",7.72118989130694
"RFC2",7.71935589612097
"FGF2",7.71881717236123
"ATP1A1-AS1",7.7017571870465
"DNPEP",7.69593023938738
"MIR2276",7.695126360918
"SARDH",7.694914522555
"TRMT61A",7.69393358280271
"PSMB10",7.69250927493847
"LCAT",7.69241795847752
"FCHO2-DT",7.69136413248978
"DPF2",7.68610829900476
"DDIT4L-AS1",7.68543771075382
"PRR14",7.68230518775297
"BEST3",7.67863733407587
"RPL12P37",7.67761326323216
"VGLL3",7.67713677929273
"PECR",7.67461534869215
"SLURP2",7.66936173884984
"CATIP-AS1",7.66360040309742
"JMJD7-PLA2G4B",7.66346061089496
"MACF1",7.6561874947973
"RAD23A",7.65602116801128
"BDKRB1",7.6484028357074
"AP3M1",7.64512571577631
"TRIM56",7.63991393070843
"GRIA2",7.63841677348419
"CORO2B",7.63776918986664
"KIAA1671-AS1",7.636642358028
"CSPG4",7.63517437638161
"UMLILO",7.63450387731837
"LINC01971",7.62832570360364
"EXOC3L1",7.62156973625846
"RBCK1",7.61964136631815
"DGKZ",7.61836412460167
"GP5",7.61641085070379
"ARHGAP17",7.61457464350666
"TMEM161A",7.61232123791638
"VPS50",7.61155215056602
"BEST1",7.61132492473648
"RNU6-336P",7.60483330476282
"IPO4",7.60289330633362
"SAPCD1-AS1",7.60032737797416
"MEIS1-AS2",7.59955457604844
"MPST",7.59225514105059
"PRICKLE2-AS3",7.59153946217784
"LINC00311",7.59110686482382
"MTSS1",7.58959632142974
"TENT5A",7.58665964227782
"LINC02575",7.58563909405973
"SLC16A2",7.58423770041176
"VWA5A",7.5793746064068
"HSD17B4",7.57700069373035
"C2CD4A",7.57656665482754
"SHFL",7.57143414690356
"WNK4",7.57091620140663
"LTV1",7.56893389372891
"ETFB",7.55953926593561
"CFAP157",7.55730508442449
"ZNF563",7.55589766298528
"PMM1",7.55544434461615
"TTC23-AS1",7.55174430512994
"HNF1A",7.55173672401776
"NMRK2",7.54932679821072
"C1orf50",7.54379638308193
"TSHZ3",7.5430295535816
"PPP2R5A",7.53937676805765
"MTMR14",7.53687596742033
"HSPA6",7.52359951966248
"APRG1",7.52153039082788
"FHIP1A",7.5207383855001
"NDUFS8",7.52054756846389
"LRCH2",7.52047306091349
"RN7SKP80",7.52016858530357
"ZFAS1",7.51737713655392
"FAM81A",7.51278953401346
"NUP35",7.51275312852918
"C1orf122",7.50719541339431
"DPM2",7.5049588020154
"DIAPH3-AS1",7.5047717837994
"TMOD4",7.50177291769386
"ANKRD7",7.49701645085774
"CIR1P2",7.49677201838306
"KRBA1",7.4913395579538
"MIIP",7.48857315035314
"RNA5SP351",7.4885448580721
"CXCL1P1",7.48333725985566
"LINC02289",7.48245514057669
"COG7",7.4820898617486
"FTSJ3",7.47403790069374
"PRSS3",7.47343914942266
"ZEB1-AS1",7.47321564118404
"SPTBN1-AS2",7.46951051294475
"FAM86GP",7.45382022428296
"ZMPSTE24",7.45042771165511
"TEX2",7.44855200919653
"KIRREL3",7.44805685501423
"AVEN",7.44598897064994
"FAM245B",7.44499151280688
"LINC01424",7.44004870990387
"ZSWIM7",7.43271920713033
"TXNP1",7.42772786626105
"RSPRY1",7.42450859028655
"TTR",7.41306694393756
"SUPT3H",7.41281561932573
"LINC02236",7.41272811322754
"PHF23",7.40958372240762
"HDHD5",7.40491455268467
"FRGCA",7.40307656705373
"ACTR3C",7.40194204341028
"SP1",7.40057851742454
"MRPS9-AS1",7.39701305124018
"CD163",7.39548531308386
"UTP18",7.39271286709046
"WBP2",7.39057288354304
"HHAT",7.38846181637231
"GAPDH",7.38714569743266
"LBH",7.38644371127243
"SGMS1-AS1",7.3864060572354
"TSPAN2",7.38139636683445
"PRKCE",7.37782243609613
"POLE4",7.3731909553818
"IBSP",7.36788172207706
"HNRNPA1P4",7.36702352883649
"CNOT3",7.36377061772828
"THAP4",7.36309007205534
"LMNB1-DT",7.36176471719063
"TMEM184B-AS1",7.35940284084326
"RABL2B",7.35407631656314
"KARS1",7.35383177471112
"POMT2",7.35308958463456
"CFAP69",7.35289615720066
"BRD3",7.34992309399937
"FBXO25",7.3495806492349
"ZNF471",7.34386678116699
"SLC39A6",7.34273047434223
"LTBP3",7.33774890898352
"JMJD8",7.33081567842957
"WDR1",7.32819611896971
"SPECC1",7.32515803152862
"LINC02899",7.32158815737574
"NSMCE1-DT",7.31864821868698
"FAM169A-AS1",7.31350792447798
"MARK2P16",7.31208604071356
"AGAP6",7.3108436442129
"GPR37L1",7.30973975459143
"REXO4",7.30914836532369
"TAF6",7.30878327669139
"COL13A1",7.30227974777381
"SYNGAP1",7.29872201275923
"GATAD2A",7.29864518868687
"FBXW11",7.2986084087086
"NSMAF",7.29093491053916
"RGMB-AS1",7.29018842250765
"RNU6-91P",7.28498931529739
"PUF60",7.28187510157457
"TRIM24",7.28092245159248
"C19orf25",7.27802034352678
"BBS12",7.27678633235716
"RPS20P1",7.27563610287124
"PPRC1",7.27554465785528
"ARL4AP1",7.27384838306931
"USP2-AS1",7.27148111433714
"CAMSAP1",7.27121998821135
"SLIT1",7.26498878293785
"AVIL",7.26367727594178
"LINC02795",7.26265222688962
"FBXL20",7.26123744952313
"NCK2",7.25952095364842
"FGFR1",7.25950540513107
"C14orf132",7.2588938715208
"LTO1",7.25753556391898
"RPL17P50",7.25691745051071
"HNRNPA3",7.25087835158837
"PEX11G",7.25006763070323
"RPL21P85",7.24823678437935
"HMG20A",7.24707058067927
"ASAH2B",7.24688357817185
"TMEM102",7.2420937435806
"C2orf50",7.24072175459974
"NUTF2P6",7.23311247611484
"C1QL2",7.2322556877358
"ST13",7.21988268346479
"PADI2",7.21833990341293
"REM2",7.21150045586868
"FKBP6P1",7.20547159409502
"ANKS1B",7.20262855046508
"MRPL17",7.20198124332478
"CRB2",7.20196051688637
"ZNF575",7.20045830367914
"RNA5SP212",7.1979239069383
"LXN",7.1923435644384
"HOXA10-AS",7.18821216232164
"ARMC10P1",7.18781009095054
"MRPS30",7.18646666621137
"LINC01504",7.18502146775823
"GTF3C4",7.18333006087742
"P4HA2",7.18207960694363
"PHKA2",7.18033384278879
"MAPKAPK2",7.17859621346519
"OR7E100P",7.17848526038969
"ZSCAN31",7.17710226835524
"GNMT",7.17679207926841
"NAV2",7.17631489688694
"CCDC73",7.17532697605103
"BRPF3",7.17287759677058
"LRRC52",7.17153983542094
"CXXC4-AS1",7.16814934057126
"IL6-AS1",7.16601959042159
"RPSAP47",7.16118778934664
"DNAH14",7.15630392312737
"ATAD1",7.15509481457597
"ACSL3",7.15169215934652
"CYFIP2",7.14645107278487
"BCAN-AS2",7.14395483303083
"ZNF34",7.14342422220673
"MCF2L",7.14193076785619
"PSMB2",7.14180603163281
"FSIP2-AS1",7.13794051837407
"HIC2",7.13537728880313
"C3orf20",7.13243410385071
"DLGAP1-AS2",7.13189904477055
"LINC01725",7.13122206838192
"RPL7AP26",7.12733724943193
"BZW2",7.11663080151673
"H2AC17",7.1159841670728
"PTCH2",7.11107987113462
"GPR84-AS1",7.11004916699991
"GBE1",7.10958832069781
"PACRGL",7.10857109154227
"MMP19",7.10769507519293
"PRKACA",7.1028549021843
"SLC26A11",7.09886970790614
"LINC01873",7.09861584186577
"RNF103-CHMP3",7.094467437941
"SLC27A5",7.0930322064053
"SEMA6C",7.08721983056008
"ETAA1",7.07740414922605
"PLPP1",7.07436870353045
"ATPAF1",7.07109638785565
"RNA5SP457",7.07069646235088
"TBILA",7.06401149984677
"AGO3",7.05861310677519
"FANCD2OS",7.05714350828281
"NLRC3",7.05581360260303
"SEPTIN10",7.05573008357443
"SLC4A5",7.05265614578608
"LINC01537",7.05147697245686
"MYLK",7.04907610387665
"HNRNPAB",7.04753913783375
"CHMP3",7.04462855009558
"MYH7B",7.044397593148
"PLCZ1",7.04048755027194
"RPL7AP65",7.03843804311928
"MACROD1",7.03795780680907
"PTPN18",7.03791805974141
"ILF3",7.03663634204749
"MSANTD7",7.03623741464426
"TEC",7.03583728224292
"BOLA1",7.030237644686
"ENTPD2",7.02953994306363
"CDON",7.02936452851149
"CDK5",7.0265379649818
"KRT18P17",7.0236570239162
"DLC1",7.02195070070029
"SLC16A10",7.0180026527547
"XRN2",7.01412433210085
"RNU1-61P",7.0114694630367
"LINC02448",7.00539523418322
"FARSA-AS1",7.00534133113117
"ADCY5",7.00388272557214
"GOLGA8N",7.00241515939961
"RIMBP3B",7.00241515939961
"TMPO-AS1",7.00130708915965
"SLC7A4",7.00097999773186
"ALG6",6.99867695859788
"ARHGAP11A",6.9982276976583
"FBXL19",6.99469225001119
"FGD4",6.98855682600222
"CNTN3",6.98588375978629
"ARMC5",6.98375950659348
"MTPN",6.97731271420406
"PAGR1",6.97681396715933
"GSTM1",6.9736795223293
"RNU6-1098P",6.97229740025551
"MSMO1",6.97219615031102
"HAPLN3",6.97083898236486
"MIR4497",6.96978254005595
"MKNK1-AS1",6.96936633717616
"PLEKHM3",6.96670370820145
"CCDC3",6.96564327400014
"KRT8P41",6.96232748637071
"PDGFA",6.96040541044788
"ILDR1",6.95558963220559
"RBM19",6.95552665022193
"DLEC1",6.94978404352474
"NANOS3",6.94882761991714
"FABP3",6.94369669948796
"CDK8",6.93818058792037
"DCTN1-AS1",6.93065427425634
"C10orf143",6.93004797272742
"BPHL",6.92727487471167
"TACR3-AS1",6.92334415865631
"LGMN",6.91835913279801
"HDAC2-AS2",6.91682357111143
"PDCD5P1",6.9152522650979
"MRAP-AS1",6.9099258885015
"MADCAM1-AS1",6.90973713612535
"MCCD1",6.90784134363318
"CDC25B",6.90453862769743
"WAPL-DT",6.903627430822
"CICP16",6.89806594112817
"NEK4",6.89541300888804
"PDE1C",6.89418242548267
"MIR302CHG",6.88655364576243
"UGDH-AS1",6.88601634651071
"MLF1",6.88471947982951
"C1QTNF9",6.88438912987511
"ASF1B",6.87630322913807
"PIGPP2",6.8761208979454
"DIABLO",6.87013445549047
"QARS1",6.866562351127
"RAD50",6.85946024253945
"LINC02367",6.85852385509796
"TSHZ1",6.85713548091276
"PRAG1",6.84585405011628
"MRPS12",6.84222603490784
"FTH1P20",6.83679143426894
"GALNS",6.83417311621535
"SYCE2",6.83265639016333
"BAMBI",6.83202803697645
"RNF214",6.83178059672144
"ZKSCAN4",6.83114097208249
"RNU4-1",6.82870110612707
"LINC01010",6.82335419753356
"NEGR1",6.82242879603399
"BMP7",6.81836073145593
"CLTB",6.8153017567616
"PRR15-DT",6.81335628666555
"ACO1",6.81187792545944
"TMEM68",6.80705890438565
"COASY",6.80497666626488
"TMEM184C-DT",6.80367913355712
"PDE7B-AS1",6.79794615183694
"LINC00342",6.7954107116047
"G6PD",6.79531794832391
"SYT13",6.79449437461422
"NUP188",6.79435993223016
"LAP3",6.79316167628698
"NCLP1",6.7874191440433
"CYP2A7",6.7818927172095
"RN7SL753P",6.77368502531413
"LMO2",6.77193040894198
"ANO4",6.76954745360211
"RN7SL118P",6.76582070335259
"MAFB",6.76426436319
"HCG4B",6.7641055403154
"EPB41L5",6.76344807043813
"SRSF12",6.76237696762684
"GPD2",6.76067557682828
"VLDLR-AS1",6.75954849953601
"ANKDD1A",6.75789449318224
"CLCNKA",6.75758365138424
"MED1",6.75579704703967
"ITIH4-AS1",6.75451109550601
"SPRYD3",6.75107201085062
"ELOA-AS1",6.74976895528728
"SLC27A4",6.74796384814305
"SLC25A13",6.74737862865855
"SHISA5",6.74311532631582
"VIRMA-DT",6.74201222125184
"LINC01697",6.73421347108042
"SDCBP",6.73029260862213
"CDPF1",6.73001013189768
"TPD52L2",6.72951796318203
"TSPAN3",6.72900751776342
"SLC25A5-AS1",6.72834893381567
"SORBS3",6.72561828517659
"ASB6",6.72099666051937
"FOXO6-AS1",6.72019808834195
"IER5L-AS1",6.71957704050803
"MIR5698",6.7188871606482
"EQTN",6.71603196823355
"GRAPL",6.71342237642445
"XPR1",6.71244217636712
"RRP12",6.70833306444764
"OGFR",6.70792834604298
"ZNF839",6.70765530226011
"KIF5A",6.70472076398574
"SNRPCP3",6.70264559939939
"LMNB2",6.70247750516129
"GK4P",6.6928744703602
"B3GALT6",6.6859230939413
"SLC16A7",6.68409721577566
"GTF2H2",6.6822373260295
"DEUP1",6.68005879490114
"MSRB2",6.6770068861563
"RPL23AP67",6.67598292043307
"WDR97",6.67368043831786
"RGS16",6.67237093253176
"CFAP96",6.67197395951236
"GNG10",6.66939024407556
"CLDND2",6.66340075112493
"FBXO22",6.65907019946188
"REC114",6.65702595544703
"NXN",6.65519074441388
"GSTZ1",6.6464644805472
"CHL1-AS1",6.64620297837562
"PPM1G",6.63735999283897
"BAZ1A-AS1",6.63565149337556
"HPD",6.63142332197461
"SH3BP1",6.62939455369279
"IL17D",6.6291834737888
"SMIM15-AS1",6.62850944063259
"TAS2R15P",6.62751363946033
"SLITRK4",6.62413431834901
"CYLD-AS1",6.61979038698205
"RASL10B",6.61801223521546
"ARHGEF2-AS2",6.61602958324011
"MIR3074",6.60538899265016
"ANKRD45",6.60521097674742
"UVRAG",6.60401888113676
"FBN2",6.60030558574514
"MIR4258",6.59864311647332
"PUS1",6.59618464596511
"SEPTIN7-DT",6.59506683843718
"CCDC144A",6.59434814062281
"TTC28",6.58808362240053
"SPTBN5",6.58736623961535
"NPHP3",6.58688242695856
"MYO1C",6.58314285777869
"LAPTM4A-DT",6.58247572301918
"ADRA2C",6.58141513851094
"ICMT-DT",6.58024228911282
"TUBA1B",6.57988017029588
"ZNF888-AS1",6.57874515775276
"LINC00310",6.57481196476025
"LINC01644",6.57192541926086
"CETP",6.56672526476094
"USP53",6.56423707020563
"PRDM6",6.5602543998703
"ZNF710",6.55358531436783
"ZNF782",6.55134042571064
"ILKAP",6.55129401991917
"RWDD3",6.55002857447419
"ATP6V1G2",6.54910039151544
"LRP8",6.54478595992958
"NR1H4",6.54343227653077
"DLEU2L",6.54254053689679
"ATP5MFP6",6.53569699181708
"CYP1A2",6.53403692646965
"HEPHL1",6.53067359841335
"GLIDR",6.52963046656027
"NAALADL2-AS3",6.52360695326424
"RRP9",6.5221416239766
"ADAMTS6",6.51563672172221
"ETF1P2",6.51288528569905
"REST",6.51182951254593
"TMEM80",6.51180588206218
"ZXDA",6.51102481740848
"PHF14",6.50887332592511
"TSPAN31",6.50837127645642
"PRRT2",6.50666415597772
"CA13",6.50415963895464
"AGAP1",6.50331126227711
"ABHD17A",6.49984865464792
"SRP9",6.49947122553104
"LINC00506",6.49919214638863
"CD68",6.49787794220905
"SLC25A24",6.49547265481355
"PRPF3",6.49293195463622
"SLC36A1",6.48655185653115
"PRPF31",6.48036108600355
"NVL",6.47987366568287
"FMO1",6.47792176768186
"IGSF10",6.47493885825997
"OLR1",6.47179927844414
"EAPP",6.47161383470414
"LRRC73",6.47005368453672
"MRPS9",6.46976497205193
"RNU4ATAC18P",6.46968167223181
"PSMG1",6.46908791205958
"LHX2",6.46433567724546
"HSD17B12",6.45433614600412
"IP6K1",6.45331794490325
"SNX6",6.45101106268044
"LINC02669",6.45003888755993
"POLR2I",6.4475149917311
"RPL36P2",6.44655754885852
"CLTCL1",6.44138225436987
"C1orf159",6.43811192784919
"CDC34",6.437582816532
"UBP1",6.43613459091657
"ELFN1",6.43580019079134
"IFIT5",6.43575580139339
"MIA",6.43203748773631
"CFAP44",6.43107622308406
"OXR1-AS1",6.43054264829904
"ZNF140",6.43052755436224
"ARX",6.4300073961148
"VPS39-DT",6.42864025055278
"MTHFD1",6.42656907238468
"CRADD",6.42614710789377
"ZNF277",6.42071817462832
"RRM2",6.4150524721245
"MIR4665",6.41210125844519
"MAP3K5-AS1",6.40843826457275
"CTRB1",6.40785512340083
"PRDM6-AS1",6.40603377808664
"GRIN1",6.40112190926086
"WIF1",6.39996726712024
"PTGES3P4",6.39583458629543
"PCDHGC5",6.39401622920979
"TCEA1P4",6.3916380071241
"LDHB",6.39152703728225
"ACE",6.39051943130576
"REPIN1",6.38812211446813
"POLDIP3",6.38263993416106
"LRRC47",6.3815849065808
"MIR16-1",6.38149616770656
"RBM15B",6.38090172221732
"RRM1",6.37626022081262
"PLEKHA8P1",6.3724502524756
"SLC43A2",6.3665759501869
"IGFBP5",6.36630760636504
"OSBP",6.36595086273591
"AGPAT1",6.36121044827837
"PIGO-AS1",6.35686490886754
"TNFSF12",6.35683636353813
"NXNL2",6.35331310850658
"ADCY6-DT",6.35146453690705
"SLC4A8",6.34786868744611
"PDLIM7-AS1",6.34418879932746
"EIF4A1",6.34330990070527
"RAB26",6.33966016537108
"CCHCR1",6.33918545683962
"MCM5",6.33500409709793
"MRPL14",6.33494712811473
"RNA5SP190",6.33452434106055
"ETNK1-DT",6.33318828781806
"OSCP1",6.32979498987625
"TCAF1",6.32570689939191
"GRAMD1B",6.32253817334538
"CABP1",6.32205679401412
"HOXD9",6.32087455986549
"ANKRD49",6.32031791796492
"ZNF585B",6.31986632626793
"AOX1",6.31976625280599
"HAS3",6.31960209213734
"KRT78",6.31946535639729
"ZKSCAN2-DT",6.3186308360699
"ZNF296",6.31839203462834
"ZNF567",6.31447042455203
"LRRC24",6.31145702329343
"C13orf46",6.31035090175788
"ARAP2",6.31021432136308
"GRAMD2B",6.30896162773719
"RNU6-1243P",6.30867036925236
"FBXO8",6.30734801207325
"ALDH7A1P1",6.30582196104898
"SCGN",6.30364405769012
"INTS11",6.29849375522356
"SNX15",6.2969712178473
"KDM5B",6.29304752900906
"STYXL1",6.29252009866005
"ACTA2-AS1",6.29129982967328
"STX18-IT1",6.29096669369426
"WFDC5",6.29028536731736
"WIZ",6.28915303764044
"BOLA2-SMG1P6",6.28525159279298
"LIMK1",6.28428674207632
"CABP7-DT",6.27868942257028
"RBM33-DT",6.27752392993807
"HNRNPA1P52",6.27731708247276
"SNRK-AS1",6.27615287319434
"COL19A1",6.27345685284139
"SPTBN1",6.27181081196491
"DISC1",6.27121761218374
"RASD1",6.26196652332959
"HCFC1",6.25812911968233
"SOHLH2",6.25809140697307
"RNU6-123P",6.25745431783848
"LRRFIP1",6.24539919739272
"MIS18A",6.24509331608935
"TPRG1-AS2",6.24355969395207
"RAN",6.24253765975929
"PROSER1",6.24102298618724
"ABHD2",6.23560786113086
"RN7SL208P",6.2280924085815
"ASB14",6.22260020901941
"CYCSP52",6.2216877468693
"FEZ2",6.21398316607351
"NUDT14",6.21362604731893
"RNU6-79P",6.21192770248184
"TUBG2",6.21071126146103
"RBMS3-AS1",6.21040266894528
"RPS6KB2-AS1",6.20940167032368
"KRBOX1-AS1",6.20925203756931
"RNA5SP131",6.20741632113978
"CLK2",6.20527993125297
"BIN1",6.20398489731665
"APEX1",6.20376403392328
"PIH1D1",6.20227217537785
"UBIAD1",6.19636237693007
"BAZ1A",6.19378480669043
"CHRM3",6.19346141128132
"MTA3",6.19186333316635
"TNFRSF10B-AS1",6.19173060872957
"NGEF",6.18912275983958
"RSPH10B",6.18901013490559
"LINC03062",6.1869175841211
"TXNRD1",6.18395259846864
"LAP3P2",6.18263922777006
"LINC03060",6.18021420125378
"MIOX",6.17578319995074
"LINC03071",6.17160824800544
"KIAA0319L",6.17146136874889
"MIR3128",6.16828246171871
"ARVCF",6.16775443353029
"ARSDP1",6.16740361084336
"RAB5C-AS1",6.16656783123288
"XRCC6P2",6.16619385592497
"PSMC5",6.16488745924387
"NABP2",6.16404634851782
"AVPI1",6.16376745103394
"IHH",6.16284350492865
"CCDC190",6.16147788676454
"ELOA3DP",6.16147788676454
"ATP5MF",6.15599837677885
"PPP1R12B",6.15598268503252
"RBM12",6.15548741015563
"TBC1D8",6.15534306194884
"LPGAT1-AS1",6.15352416735529
"NPIPA5",6.15047421591884
"RNF167",6.15003506880614
"CSTF2",6.14923344201706
"DHX9",6.14694686692548
"DCUN1D5",6.145740579892
"OXCT1",6.1452736500946
"ANO8",6.14473686491393
"MOB1B",6.14421364883375
"RNF26",6.14129471419795
"NKIRAS2",6.12517796973066
"RPS10P13",6.1196701658413
"IDH3G",6.11932103388885
"FAM217B",6.11826839143411
"CCP110",6.11536883174846
"CEP192-DT",6.11464618749002
"RNF185",6.10988212525139
"DNAI4",6.10780991749673
"MFSD12",6.10763302456064
"BTBD9-AS1",6.10412341058958
"CIB1",6.10379943324608
"LGALS7",6.10094353175375
"CYB561D1",6.10018682304605
"LINC00499",6.09927829398295
"CRYZ",6.0973186104736
"CCT2",6.09307704560539
"LINC01133",6.09119531563414
"MPZ",6.08645888443347
"RN7SL81P",6.08476582096072
"NUP133-DT",6.08436344066321
"PAPLN-AS1",6.08423184567838
"RNVU1-33",6.08312328310033
"HRAS",6.08167360323451
"MDH1",6.08025881095948
"COL5A2",6.08010775714093
"TIMM21",6.07865999227772
"KCNG2",6.07291546444174
"ADAM32",6.06932529386855
"CDH8-AS1",6.06496958583382
"BPIFB2",6.06479553414973
"FBRSL1",6.06172143140419
"ZSCAN26",6.05923020350661
"PPME1",6.05646254686647
"RET",6.05479151348755
"DNAH9",6.05474278397555
"TMEM175",6.05407633786574
"CRAT",6.0526723702349
"ENSAP1",6.04936873321776
"PRKAR1A",6.04850073187463
"MCTS2",6.04831770551903
"SNORA40C",6.04334620003206
"ITGAEP1",6.04334620003206
"FAM237B",6.04334620003206
"SYNPO2",6.03990829410403
"CRIP3",6.03850523886979
"ASF1A",6.0383981731723
"FBXO6",6.03775728798672
"MICAL3",6.03753239459165
"TBC1D12",6.03406328521512
"BLOC1S1",6.03289000517217
"HNRNPA0",6.03273460189325
"MIR1271",6.0308122598282
"LARS1",6.02791717278021
"LINC00842",6.01487453113382
"PHACTR2",6.01462004083935
"COG4",6.01093128536798
"INCENP",6.00921001742192
"RNF157",6.0078181328284
"SLC30A2",6.00769531862395
"SLITRK6",6.00714132757249
"CHMP1A",6.00547548229849
"MRPL43",6.00384925648633
"CAPN2",6.00045069343407
"LINC01186",5.99380182971998
"FOS",5.99217209279387
"LINC01393",5.99141409813508
"SCGB1B2P",5.98653618020417
"RAI1-AS1",5.98564294276045
"RNF217-AS1",5.98344895653854
"NFE2L1-DT",5.98334114050373
"SIRPA",5.98188773830411
"PLCH1-AS2",5.98051098526264
"MTFR1",5.9799599351479
"DNM3",5.97972180580933
"SMIM19",5.97717313718456
"ASPA",5.9760888514697
"TUBB4A",5.97602491689923
"CEACAM16-AS1",5.96992800563624
"TULP3",5.96897149088571
"SERTAD1",5.96626401663027
"UQCC2",5.96585924984395
"RCC2-AS1",5.96564850128001
"GOT2",5.96533601359548
"TRIB3",5.96227290786935
"LAMB4",5.96181094100566
"HGSNAT",5.95769128637801
"LINC00880",5.95470897806127
"SMARCD2",5.95145389401083
"MTND5P28",5.94914391331677
"CCDC78",5.94893794901702
"TMBIM4",5.94646278785239
"FGF17",5.94058264073395
"FAM230H",5.94058264073395
"VPS16",5.93757939514302
"SNORA73B",5.93745925685428
"DNAJA4-DT",5.9291139838285
"PDF",5.9265761448223
"MRPL19",5.92445693215777
"HRG-AS1",5.92062423289431
"ARHGAP26",5.91299389462148
"PTPRG",5.91282750483765
"ALDH1A3-AS1",5.91254408041359
"LINC02716",5.9117207003482
"EPM2A",5.91028347866368
"HEYL",5.91027184248717
"PLXDC1",5.90911871906194
"SLC33A1",5.90721982846435
"CLPSL2",5.90699638807224
"EIF4H",5.90691368272065
"PHACTR4",5.90394585435004
"MAST4-IT1",5.89627531408152
"LGI4",5.89594658133497
"DUT",5.89552601504166
"PDZD9",5.89538936841408
"RHOQ",5.88927346312202
"RAB5CP2",5.88290878835114
"CACNA2D1",5.88205042225845
"MIF",5.88153169917323
"RCC1L",5.8810511637933
"GPAT2",5.87788318110855
"KLHL20",5.87605748149515
"CEP192",5.87551330913745
"CCDC43",5.87511622727464
"KCNV1",5.87166545262967
"STK24",5.87151545825501
"FLACC1",5.87113577365003
"PGAM1",5.86890438984081
"RPSAP11",5.86888078716444
"GPR89P",5.86703879284267
"FDX2",5.8604014162292
"AMH",5.85235752587749
"CR1L",5.84507084171366
"RPS26P15",5.84275714647151
"FBXO43",5.8400285123825
"POLR3C",5.8341698386408
"RETSAT",5.83100732966306
"PPP1R35",5.83045994646586
"C19orf18",5.82875941173282
"UBE2Q1-AS1",5.82528064831169
"TMEM165",5.82442599818768
"KDSR",5.8236606798279
"URI1",5.8216026062198
"COPB2-DT",5.81878873247967
"NIFKP1",5.8185647177906
"LMNTD1",5.8185647177906
"ARL14",5.81455179040399
"ARHGAP26-IT1",5.80897774224131
"LINC02882",5.8070593421152
"ZYX",5.80589566009139
"CAMK2D",5.8010606275264
"PPP4R3B",5.80089233923169
"TARBP2",5.8001590055804
"ZNF429",5.79672650175752
"RPS6KA1",5.79633676516706
"MIR7845",5.79465504124017
"LEMD2",5.7935301780857
"RAB3A",5.79234433554014
"NUDCD2",5.79211233749556
"HOMER3",5.79140351684146
"ELP4",5.7868602948907
"PIAS2",5.78450147823161
"NEIL2",5.78382866137405
"MYORG",5.7834711976314
"INTS3",5.78290153907592
"SLC35C2",5.78225572009028
"CST5",5.77549011532926
"LINC00907",5.7746024413922
"UBE2T",5.7738005599437
"CHCHD10",5.77036546773269
"LINC00671",5.76714421691971
"GGPS1",5.76523554445105
"USP12P1",5.76480863524153
"DDX19A",5.76357793782394
"SLC16A3",5.7616788064778
"EXT2",5.76049112937744
"NFE2L3",5.75668081347149
"SV2A",5.75000940139619
"LCT",5.74980702156357
"STARD13",5.74580639426775
"FOXD3-AS1",5.74416728294935
"DCTN2",5.74385740316475
"RNF2",5.74288333472158
"COQ5",5.74236097250323
"HOXC13",5.73831307840148
"COQ8A",5.73761536606337
"PPIE",5.73539488226764
"FBXL8",5.7348336962587
"RNU6-858P",5.7338232332551
"RN7SKP95",5.7338232332551
"RPS29P21",5.7338232332551
"HTR1F",5.72836209270374
"MICU1",5.72618383591612
"MT-ND1",5.72127504541711
"GRAPL-AS1",5.72062587133147
"PCCA",5.71345773277351
"FUCA1P1",5.70498482493436
"MAP2K1",5.70427386240668
"MGAT5",5.7037446584239
"KYAT1",5.7034637100773
"LYRM4",5.70191722994335
"SNX27",5.70167143174545
"PPIAP22",5.70151430228012
"TDRKH",5.70022085840938
"DMXL1-DT",5.69955351028972
"RNA5SP160",5.69697192973604
"LUNAR1",5.69110460059581
"TMEM106B",5.68752658569286
"CNTN4",5.68284894111943
"SNX18P9",5.68037347318542
"H4C1",5.67828373130451
"TMEM18-DT",5.67631679558911
"PEX14",5.6759686110486
"LINC00313",5.67564436162854
"ZNF57",5.67454557454389
"PIKFYVE",5.67375676731328
"NFAM1",5.67370743581997
"HDAC7",5.6736752459878
"PSMD9",5.6698002931966
"TTPA",5.66961667889415
"TAGLN2P1",5.66848140470211
"STYX",5.66649730661635
"FAM120A",5.665326132257
"MRPS10",5.6653156194864
"MRPS7",5.66473319651691
"RNU6-8",5.66452513909555
"TMX3",5.66369116680389
"CTNND2",5.6612483962266
"ADRM1",5.66050335589507
"KIF5B",5.65953130799256
"RN7SL499P",5.65746878691723
"PLAAT2",5.65668404007849
"MTHFD1P1",5.65432831600698
"POLR3GP1",5.65432831600698
"TYSND1",5.65255492981257
"CRTAP",5.64233736521675
"IMMP2L",5.63997516674409
"ATP5MFP4",5.63930379140294
"OR4D1",5.63521639829359
"TNFRSF14-AS1",5.63472826532407
"WWTR1-IT1",5.63318387659534
"ITGB5-AS1",5.62963619566272
"ST20",5.62865783558015
"ERLNC1",5.61894664713618
"LINC01880",5.61813020381677
"RAET1G",5.61813020381677
"HS6ST1P1",5.61625371132321
"PEMT",5.61310299668617
"LRRC37A3",5.61183574507417
"DUSP14",5.61070832682114
"HMBS",5.61040366695339
"DPP9-AS1",5.60873944190562
"ACAD8",5.60826742636466
"XG",5.60713868617419
"PRDM9",5.60353651922719
"SETP5",5.60349838010619
"FASTKD2",5.6026683263872
"MIR30B",5.60136838795381
"MRPL16",5.59993609687213
"MRPS15",5.59820508032365
"BTBD18",5.59439714967926
"TLL1",5.59146086275652
"SESN3",5.59100197293731
"PDE4D",5.5905273121027
"LRRC58",5.5904871010997
"BRSK2",5.58957610307269
"CDK5RAP2",5.58782634439592
"CTF2P",5.58195478331616
"LARP4B-DT",5.58159624169199
"ACBD7",5.57052184701532
"HDAC1",5.56978904641428
"SIPA1L1",5.56969889295354
"MYOC",5.56761247288398
"C15orf62",5.56543364426541
"RNA5SP146",5.56413484908717
"LNCSRLR",5.56353522110736
"ARMC10",5.55985724086846
"THPO",5.55852685293486
"EXOSC9",5.55645800147594
"TMEM30A-DT",5.55163385597843
"SLC39A13-AS1",5.54919472991474
"LINC03078",5.54797028180791
"SOCS4",5.54226764185455
"CD101",5.54139474459395
"ENOPH1",5.54080313191218
"HOXA-AS3",5.54063008287475
"CLEC10A",5.54026496853843
"NUP88",5.53929634686918
"IDSP1",5.53485849738055
"RPL17P9",5.53253155389587
"OR2B6",5.52793498289735
"PGM2L1",5.52693041913605
"PAPPA",5.52660941985743
"C1GALT1",5.52513647314544
"ZNF438",5.52487385537175
"GAS8",5.52216807339445
"MRPL33",5.52211554974899
"RPL34P21",5.51866068053072
"RC3H2",5.51525454658835
"BICRA",5.51438303323045
"MT-ND4",5.51426429686907
"CSPG4P11",5.51014607129108
"RPAP1",5.50917809262948
"CLCN1",5.50807780664619
"ZNF41",5.50622837278916
"MAPT",5.50599671904373
"NUMA1",5.50554128951735
"MAFG",5.50365236167376
"RPL6P10",5.50313780679788
"MCM3AP",5.50291062598879
"XAF1",5.49935531024988
"GET1",5.49193374191045
"SLC25A26",5.49186863500018
"CADM4",5.49150725896433
"CD163L1",5.49106284098271
"MAP3K19",5.48870272348209
"NAE1",5.48583795673839
"LINC02872",5.48356130316393
"ENPP1",5.48214796572774
"DCTN5",5.47985432109703
"FOXP3",5.47785855792063
"PPIL6",5.47401152753256
"FOXP4-AS1",5.47397491392537
"IFT80",5.47340734014596
"RPL26P29",5.46922091897767
"HAMP",5.46809170848508
"C8orf33",5.46640073530909
"ARMC6",5.46569401177189
"TRIM28",5.46154308145404
"RTL8A",5.45456845948059
"SHLD2",5.45423519794984
"DUT-AS1",5.45374848970617
"USP22",5.45360209062502
"LMF2",5.45306456114383
"ZMAT2",5.45042509918551
"FOXJ3",5.44911111537983
"MCM4",5.44590046673432
"GPR157",5.44510133154536
"CTBP1-AS",5.44340326514041
"ZBED5",5.43904963894633
"EGR2",5.43898108643174
"BICD2",5.43458561889746
"NLRP2B",5.43059282916067
"HMGCL",5.42933894590219
"PHF13",5.4278255877253
"DYNLT2B",5.42622941985573
"TLNRD1",5.425650480189
"RN7SKP269",5.42361722601809
"BCL11A",5.42123022283882
"CYP2D8P",5.42049746983187
"NIPA2",5.41812746998778
"FBXL12",5.41647193140174
"UBA6",5.41477353227982
"JOSD2",5.41356443989635
"LINC02551",5.41297495531688
"PAQR3",5.41121997213876
"ARL4A",5.41004216616516
"YIF1A",5.40790553371865
"MRPL57P8",5.40530577138485
"NUDCD1",5.40432878993173
"FAM151B",5.40033438962547
"GLRA1",5.39909461232848
"FHIP2B",5.39873991846317
"MTATP6P19",5.39582858988889
"PTPRN",5.38986975229808
"KRT18P15",5.38964934329475
"RALY-AS1",5.38857778091174
"NME6",5.38717723498169
"SSNA1",5.38711944344378
"CS",5.38625645362877
"USF3",5.38451133232526
"BCAP31",5.38441502650539
"CFAP100-DT",5.38054866082142
"FOXD2",5.37869375859106
"ANGPTL2",5.37621405901752
"FOXD3",5.37314614281585
"RPL9P32",5.37043087254536
"TSACC",5.36953018213077
"SLC25A44",5.3649768241889
"FRMPD4",5.36458604223322
"HMGN1P36",5.35829506480555
"MST1",5.35667781831401
"AP5M1",5.35630655738502
"DHRS4-AS1",5.35540647028124
"TOR1B",5.35298872472352
"FAF1",5.35151774476529
"MAN2C1",5.35135194603158
"CFAP20DC",5.34982372528996
"PAX3",5.34830132663849
"DGCR6L",5.34299602552092
"RNF225",5.34295711783116
"CEP72",5.34259717162868
"USP54",5.34159340266774
"BBC3",5.34149447329822
"RPL29",5.33982656394074
"CEMIP",5.33935272141834
"HNRNPA3P2",5.33750841565532
"MOAP1",5.33739104595501
"SYPL1",5.33644011780889
"HSPE1P5",5.33459246833371
"LINC03046",5.33442688867933
"FHIT",5.33274318428773
"ABI2",5.32919927225367
"FAM177B",5.32762918007243
"COX5BP6",5.32759740220764
"NUP155",5.32723518004948
"SELENOO",5.32217055925075
"REXO5",5.3215869119481
"MMP24OS",5.32054494207006
"RFX5",5.31876510724666
"TRAF4",5.31811261159261
"ARHGAP21",5.31669561704148
"C1orf54",5.31615642757952
"AGBL1",5.31082726660278
"TAC4",5.30949196403594
"RSRP1",5.30877578417474
"ATP8B1-AS1",5.30803712871458
"RPL7AP6",5.30714663896257
"ATAD3B",5.30585493648252
"PLAUR",5.30553931006396
"GABARAPL1-AS1",5.30472609459978
"RRAS",5.3029202813654
"USP18",5.29938464850122
"EXO5",5.29570912863993
"P2RY11",5.29376973254772
"SYT5",5.29372879215
"PSMA5",5.29016253434012
"RN7SL574P",5.28927751925216
"SERTAD2",5.28761699662018
"ARL2BPP10",5.28590328970104
"LIF-AS2",5.28278359480262
"SPACA4",5.28182748055843
"ZNF707",5.27975709753191
"TOP2A",5.27948502079719
"PPT2-EGFL8",5.27577528767766
"NHLRC2",5.27467524153786
"TMEM132D",5.27168425925264
"RN7SL663P",5.27064215138168
"RASSF4",5.26978866041927
"FAM89A",5.26759120354587
"HNRNPCL3",5.2666225266028
"PRR11-AS1",5.26357502285915
"YES1P1",5.2635178938149
"NPSR1",5.2628200081992
"ADAM23",5.25905074569266
"DHX32",5.25718194712387
"MIR505",5.25360178969136
"MAF1",5.25317560296252
"ATP6V0D1",5.24634133452302
"PINLYP",5.24463000615459
"CALCRL",5.23916795104212
"SRGAP2-AS1",5.23468217273344
"ZNF33CP",5.23468217273344
"SEMA6A-AS1",5.23040395237572
"SLC25A30",5.2301892214071
"MACC1",5.22891837101601
"S100B",5.22848194823179
"SPDYA",5.22441003737499
"KRT79",5.22410626609878
"SLC39A1",5.22374207352455
"C17orf50",5.21989588309578
"LAMA5",5.21793094183765
"RPL23AP65",5.21789901060732
"SPATA41",5.20917782004853
"PDRG1",5.20664191840124
"SLC1A2",5.20487848522596
"GALNT3",5.20409053883681
"ZNF818P",5.2015341280538
"HNRNPA3P5",5.20093440749666
"MIR4484",5.19863096382094
"AOX2P",5.19726006827012
"RNA5SP39",5.19726006827012
"ITPR1-DT",5.19616028135825
"ST3GAL3-AS1",5.19559214397368
"HDAC10",5.19540817888766
"SLC2A9",5.19154748245265
"MIR4668",5.19042423587773
"UBE2D3-AS1",5.18787262934025
"CMTM3",5.18763662603268
"RFTN2",5.185774386577
"SPATA31F3",5.18548773458627
"PNRC2",5.18499379774055
"TMDD1",5.18461598899498
"TMEM43",5.18055259677524
"RACK1",5.18005497021789
"TNKS2-DT",5.1784700422548
"CDC16",5.17637833291188
"RANBP1",5.17533159344054
"NUDT16L1",5.17526296301393
"PUM3",5.17478130509811
"KDSR-DT",5.1716253010364
"DAAM2-AS1",5.17040734578601
"NCOR2",5.16927092760309
"TPP1",5.16872283384854
"SUCLG2-DT",5.16671815924551
"PLEKHJ1",5.16441718532745
"IL36G",5.1622658559827
"ANXA2R-AS1",5.16183560697996
"ELAC2",5.16155133940453
"MIR3649",5.15618853018258
"LINC02970",5.15406552651154
"HTRA4",5.15079119864018
"MATCAP1",5.14659660795801
"GALNT4",5.14659065079897
"ENTPD6",5.14624836470788
"WASHC2C",5.14585943431656
"SLC16A6P1",5.1457250607003
"CYCSP5",5.14376668594116
"KLHL7-DT",5.13898800534554
"PEX12",5.13892703561983
"TPM3",5.13883518896617
"MIR3665",5.13792826882431
"PTRH1",5.13345046560182
"PRLR",5.13297531362763
"KCNC4-DT",5.12942207241525
"ADCY10",5.12606025792888
"CUX1",5.1250276203379
"CKAP5",5.12192198088166
"LINC02975",5.11693943657038
"HEATR5A",5.11641173578037
"KLHL15",5.11619697692222
"SUGT1-DT",5.11360113205414
"GAPDHP1",5.11325306171007
"DAPK3",5.11304158778332
"LDLRAD2",5.11214992115926
"ENTPD8",5.11104120215195
"HSPE1P3",5.10093296288039
"FAM88C",5.10017139983448
"CTAGE4",5.09990069493164
"PKD1",5.09696075140413
"LIAS",5.09645842936457
"B3GAT1-DT",5.09338096289819
"ATP5PO",5.09218792736549
"ACTR10",5.09188224884807
"ANKRD13D",5.09086031473163
"RPL7L1",5.08912606446524
"ANGPTL7",5.0879333658482
"MYL6B",5.08780131395205
"MYL6B-AS1",5.08631376514662
"AK5",5.08281968679518
"MTREX",5.0808678722755
"COX20P1",5.08071548946741
"RDUR",5.08005311290673
"SMIM41",5.07761592456082
"ATP5F1C",5.06759088470499
"GPR108",5.06498494295524
"QSER1",5.06118769043309
"LYPLA1",5.06084005297795
"SAP30L",5.05792192376233
"TIMM22",5.05788476543906
"RPUSD3",5.05485595071498
"RTEL1",5.05476526453705
"PTTG1",5.05309889952997
"DENND2A",5.05062969140349
"MTMR2",5.04949620464056
"RN7SL239P",5.04754524014955
"PTPRK-AS1",5.04734150530778
"CIAO1",5.04509972252335
"GTF2IP14",5.0447135397055
"SLC2A11",5.04421792528288
"SMIM36",5.03977703713961
"LRRC8B",5.03962819639991
"FAM131A",5.03937116861852
"ZBTB24-DT",5.03610943683685
"TSEN34",5.03481380166021
"WIPF2",5.03435757936644
"MIR5572",5.03339426190464
"SLC5A11",5.03339426190464
"MPP2",5.03339426190464
"WDR46",5.02547215690777
"GCC2-AS1",5.02300747292321
"MAN1B1-DT",5.02297287896198
"AP3D1",5.02051848069893
"ZNF774",5.02021297356136
"HPRT1",5.01943922180246
"EIF1P6",5.01688371033782
"HNRNPU",5.0150164241325
"PYCR1-AS1",5.01481601755767
"RPL23AP56",5.01013663408768
"HSPD1P11",5.00952675955489
"MBLAC2",5.00837037540749
"LBX2",5.00713438688158
"RPL29P32",5.00272849119178
"DOCK7",5.00015616619381
"TOMM20",5.00006420937211
"RLN3",4.99768952637376
"SLC35A2",4.99677639012712
"PDIA3P1",4.99465659440389
"BZW1P2",4.99433421063653
"SUMO3",4.99377107943428
"UMPS",4.99371664074596
"RIPK3",4.99234539687874
"VDAC3",4.98988045123475
"MAP3K2-DT",4.98564537464582
"TMEM185B",4.98531410565399
"BSG",4.9785387931734
"MAP3K13",4.97626564768956
"UBE2L6",4.97206575901331
"IFT46",4.97175822687192
"MYO9A",4.9650780704724
"ZNF574",4.96481775400486
"SLC9A2",4.9641424858917
"MRPL45",4.96400958764333
"PRPF40B",4.96270415897402
"BRD3OS",4.96115247068705
"AKT3",4.95882300049148
"MLLT3",4.95855267251141
"ADAMTSL5",4.95849541448844
"NFYC-AS1",4.95486459577258
"LINC02979",4.95419682596262
"TUBG1",4.95205572702677
"SCTR-AS1",4.95066686391707
"RGL2",4.94943743947983
"ZNF385C",4.94827700114129
"LINC00114",4.94794791461474
"BICRA-AS2",4.94764289098287
"NDRG3",4.94753241872635
"HEXD",4.94373070564908
"GTF3C5",4.94343000785793
"GEMIN6",4.9383709606046
"VN1R84P",4.93819806194718
"RAVER1",4.93386442017457
"MIR6165",4.93382246114535
"SBSPON",4.93283146252509
"MIDN",4.92955285880329
"FAM8A1",4.92893881770335
"TAF2",4.92457469255994
"FOXO6",4.92408141959867
"RN7SL74P",4.92232644658816
"SLC8A2",4.91992977907341
"PPIAP53",4.91788686976204
"THOC3",4.9131615140181
"PRRT3",4.9094372398684
"PACRG-AS3",4.9078592795738
"RTN3P1",4.90564589308865
"VILL",4.90507650527767
"RNF208",4.90163739637571
"LINC02066",4.89692216504663
"ATAD3C",4.89356404739311
"MRPS18B",4.89219038079108
"SERTAD3-AS1",4.891261765006
"CLUL1",4.88761855985438
"ZNF200",4.88186064503235
"MSTO1",4.8810187448859
"PSME2",4.879128381931
"BCR",4.87763166164555
"TM4SF19-AS1",4.87651123348838
"RIOX2",4.87418715130045
"VPS13D",4.87269440751083
"LINC01876",4.87049028417876
"SPMIP10",4.86936465362878
"COQ7",4.86932551006494
"TRAF7",4.86869480295132
"ZSCAN18",4.86852444688774
"PFAS",4.86813904645168
"GPBP1L1",4.86776408671724
"MIR4786",4.8639773189371
"ZNF845",4.86326829942019
"DHX35",4.86299825649191
"MBD1",4.86153890831362
"TMEM259",4.86072320519653
"URB1",4.85868421125988
"MEMO1P1",4.85765929358053
"NCBP2",4.8573620483474
"LINC02723",4.85680563077058
"YIF1B",4.85625987828627
"DPH2",4.85466325980051
"GLMP",4.85303184555432
"CENPN-AS1",4.84774425262675
"LINC00327",4.8465876227649
"MIR938",4.84366440477943
"COQ2",4.84300555830872
"ZNF696",4.84268717182194
"FBXO31",4.8419804024904
"IFITM2",4.83785247154909
"PDSS1P1",4.83748589938756
"SLC29A2",4.83730286825762
"BAZ1B",4.83665912345745
"HDAC11",4.83620142158166
"POGLUT2P1",4.83424905072617
"DTYMK",4.83400722023496
"KNSTRN",4.83312660816422
"RNF14",4.83158733198639
"HYDIN",4.83094634358872
"BOP1",4.82961883150139
"SMIM13",4.8281804244395
"VAMP1-AS1",4.82753336513586
"HOXA4",4.82463410772324
"VPS25",4.82203951971946
"ACSL1",4.82043579823201
"AFF4",4.81971504691197
"POLR3H",4.81634184335675
"ZNF571",4.81264669258353
"CAP1",4.81180457296019
"XACT",4.81167166039504
"KCNRG",4.80974430935723
"RPL7AP78",4.80808835661379
"TRIM60P19",4.80645007384082
"KIAA1191",4.80409458202361
"KRBOX5",4.8039779026947
"MIR1276",4.80014332783136
"ATL1",4.79969209197605
"UBL7-DT",4.79885070831054
"WASHC2A",4.79706265892585
"SPATA20",4.79200776710412
"MRPS25",4.79189709759636
"CLDN16",4.78959492631603
"SS18L1",4.78953925295835
"TRIM40",4.78676477300795
"CHFR-DT",4.78676477300795
"LINC01629",4.78676477300795
"TMED3",4.78610874690271
"AGXT2",4.78580202037729
"RGL4P1",4.78580202037729
"PLAAT5",4.78459397957496
"NAA20P1",4.78404722150337
"RNU6-807P",4.78368686185603
"ANXA7",4.7829523914391
"PATL1",4.78221621818652
"ARF1",4.78189911913335
"INAFM1",4.7811064397437
"PTER",4.77999862822132
"EEF1AKMT1",4.77916836909061
"PAICS",4.7733818716154
"GTF3C2-AS1",4.77068694508453
"DHX30",4.76999215393266
"SRRM5",4.76962957245915
"RBM12B-AS1",4.76774410847795
"BDH2",4.76736474102411
"RLN2",4.76724013457185
"TMC1",4.76219381567726
"THA1P",4.76216702839043
"CHML",4.76082234116466
"CELF1",4.75928249011123
"NRSN2-AS1",4.75381880630794
"STMN1",4.75130475652663
"MRPS16",4.74941678777474
"ATP6V1E1",4.74619787927619
"CNNM3",4.74559279933715
"RNU4-5P",4.74551191290229
"FBXL17",4.74151491730278
"ITGB3",4.73945033621873
"CALR",4.73689080259206
"MRPL24",4.73411924230538
"RETREG1",4.73387081611963
"ACTR3",4.73158840327576
"SNAPIN",4.73119616665337
"LINC00639",4.73082034436029
"SNRPF",4.73001973139867
"VPS45",4.72820045501816
"PMF1",4.72687297268272
"ARL6IP5",4.72040450807014
"PDCD11",4.72027933297393
"MAP7D2",4.71750074297758
"RNF13",4.71603351691564
"EFR3B",4.7148751326725
"ZNF358",4.71391389821521
"IL7",4.71366050716793
"SOCS2-AS1",4.71342019706352
"NECAP2",4.71145952760704
"CD33",4.70993662478377
"PCAT6",4.70693992129056
"FOXO3B",4.70638461214831
"ITPRIPL2",4.70625711651163
"RREB1",4.70527186174217
"SLC38A6",4.70471235076193
"TNFRSF10A-AS1",4.70385559835837
"PDE11A-AS1",4.70265834234185
"MARCHF7",4.70243701959774
"TMEM116",4.70190351768863
"TRIM63",4.70072194952772
"IPO13",4.69979918540835
"TFDP1",4.69620610704128
"ZFYVE19",4.69437272562289
"EIF4E2",4.69356749745041
"DHRS7B",4.69294163304014
"KDM3AP1",4.69051063086055
"TNFSF4",4.68780137478597
"MRPS11",4.68761127118654
"IP6K3",4.68739176736626
"TGOLN2",4.68709497095627
"ALMS1",4.686078132993
"ZNF891",4.68540131141658
"SHMT1",4.6852351348609
"CYP51A1-AS1",4.68184252129331
"ALG10B",4.68126326826815
"H2BC13",4.680091150427
"ATAD5",4.67952068769203
"APMAP",4.67885467688568
"LINC01376",4.67781365035068
"ZSCAN5A-AS1",4.67400209897724
"ZNF121",4.67374456255772
"ARHGEF2",4.66745903772411
"OAZ3",4.66417977421094
"KRCC1",4.66300061614507
"EIF3B",4.66297754701477
"TIMM50",4.66181808541953
"TEX261",4.66029316881704
"RANP1",4.65961886631081
"SOD2",4.65853459094964
"FCF1",4.65703346175771
"RBM41",4.65702651417256
"TSEN2",4.65641338373668
"EEFSEC",4.65600605818225
"COIL",4.65496995155622
"APIP",4.65423809226639
"RERE-AS1",4.65038972474693
"RPL23AP32",4.64908645218773
"FXR2",4.647781687133
"MTF2",4.64648627466415
"WDR25",4.64585501244644
"SMIM14-DT",4.64564801301722
"C1QTNF7",4.64555877915774
"RNF183",4.64555877915774
"ABCC4",4.64553634405247
"DOHH",4.64242194978858
"C5orf34-AS1",4.64058708044485
"PLXNA1",4.6392255496201
"FLII",4.63809085273885
"GALNT11",4.63174041265653
"LRRC9",4.62866118659126
"TMEM42",4.62706816002082
"TRMT1",4.62648986000712
"RAD21-AS1",4.62631543901829
"PRUNE1",4.62589693851657
"ZNF725P",4.62358683928321
"TGFBR1P1",4.62345993778706
"EXOSC10",4.62095585539769
"ZNF680",4.62066318936203
"XPO5",4.62033767833482
"SHLD3",4.61501413809076
"ADCK2",4.61384588409141
"TNPO1",4.61373351052217
"DDX59-AS1",4.61298694041822
"MAN1B1",4.61240367385474
"ALK",4.61209762876276
"LINC01397",4.60854681265555
"THTPA",4.60411600360845
"ESYT1",4.60396410018832
"LINC02940",4.59728311419347
"SLC25A5",4.59647482132598
"MEF2C-AS2",4.59570494255727
"PPP4R2P1",4.59436518854725
"MRPL42",4.59407191277471
"CBX1",4.59067613145235
"IPO7",4.58968059002571
"ST13P5",4.5873395151051
"PCID2",4.58727552566712
"C2CD3",4.58602518986548
"AMHR2",4.58155548688898
"ISOC2",4.57945894586263
"RBBP8",4.57892097695821
"TP53BP1",4.57677900628489
"PIGB",4.57623121991
"TMCC3",4.5752993539131
"BMT2",4.57416723349329
"MTCYBP3",4.57220061777016
"GUCD1",4.57179490330322
"CAPRIN1",4.57012336474967
"ANKRD20A1",4.56996136215235
"RN7SL108P",4.56840803526288
"HNRNPC",4.56254540858923
"KEAP1",4.56202720223702
"TP53",4.56120861825641
"LIMK2",4.55759801889947
"MRPL15",4.5551652122692
"PRPF8",4.55366622805755
"RPSAP5",4.55295782956013
"OIP5",4.55249258372598
"EGLN1",4.54978054202273
"NPR2",4.54923593083364
"RPS6KA4",4.54773006305468
"PSMD6-AS2",4.54592613631505
"FZD4-DT",4.54447276716546
"TDP2",4.54384249490824
"EIF3C",4.54137349497726
"RN7SL370P",4.53922655672668
"SMURF1",4.53832003447735
"IPP",4.53487023642121
"DHCR7-DT",4.53030228922853
"CNKSR1",4.52923557324852
"SLX4",4.52900014023567
"CASTOR1",4.52888985598445
"LINC02288",4.52814116416304
"RALGAPA1P1",4.52758674546376
"CNIH3-AS1",4.52674431671788
"RNU6-925P",4.52380651290312
"FRMD3",4.52376025020536
"CMKLR1",4.5187152017546
"HSDL2",4.51706466095741
"KHDC1",4.51705392958272
"COL20A1",4.511855843836
"DM1-AS",4.50997902101965
"ZNF281",4.5084007137394
"TMEM108",4.50748112117526
"SYCE1L",4.50405109183178
"VPS35",4.50275677464178
"SGTA",4.50273157950081
"FAM88F",4.50211291553548
"MKNK1",4.50030089883913
"NAGPA",4.5000009937122
"PAX8-AS1",4.49932429587374
"NEURL2",4.49920064511449
"HECTD4",4.49813331786852
"LINC02664",4.49803671608453
"EGILA",4.49560387052124
"OTUB1",4.49491242016027
"TMEM187",4.49166244323434
"SORL1",4.48883766136916
"TIMP1",4.48860643776481
"EXOC3",4.48764266606845
"CHKA",4.48709420828127
"ZNF556",4.48555486335179
"FKBP4",4.48545302800128
"TUSC2",4.48339631481434
"FUNDC1",4.48323242832402
"NBPF12",4.48306694462854
"SNHG7",4.48052174805344
"ABCA17P",4.47477539364982
"LCA5",4.47182931146209
"LINC02405",4.47150217424966
"RPL36AP15",4.46879206674564
"RNA5SP285",4.46879206674564
"MRPL49",4.46393897541259
"ZFP90",4.45820547829893
"TMEM62",4.45412090985459
"SNAPC2",4.45174952247527
"BROX",4.44868576190398
"LGALS2",4.44834335816628
"ARMH2",4.4466402568377
"C11orf98",4.44650299607898
"GBP1",4.44405657717914
"PRKAB2",4.44246446595277
"CATIP-AS2",4.43924905223237
"CD320",4.4387313546246
"ZFX-AS1",4.43826573681616
"SCUBE3",4.43504907596751
"RNA5SP149",4.43304840521426
"COX5BP3",4.43304840521426
"SLC30A1",4.43239843578602
"CAPN3",4.43230920398556
"LINC02990",4.42515099817806
"MNT",4.42209681242874
"COMMD8",4.42125827117753
"NCBP3",4.41835763826956
"CHD1-DT",4.41776434747837
"ETHE1",4.41463095563632
"PPM1D",4.41439143784903
"ZDHHC12",4.41266349999888
"CCDC125",4.41001289232788
"ARL4D",4.41000766215827
"MED30",4.40913618714445
"SURF2",4.40884004365707
"PLD2",4.4074117777043
"PRRC2A",4.40686716718632
"RN7SL148P",4.40611998733196
"OXSM",4.40446358394551
"STXBP4",4.40382460080953
"EIPR1",4.39620485661824
"CD63-AS1",4.39590685476606
"ACTR5",4.38641127664334
"PARPBP",4.38592801500856
"MTHFR",4.37933629762907
"HMBOX1",4.37785720900334
"ADAM21",4.37725414160597
"UBE2CP5",4.37725414160597
"LRFN1",4.37699282499296
"MIR708",4.37419641850129
"CROCC",4.3734515599558
"EFCAB15P",4.37106573996248
"RELL2",4.37002240601132
"SYNGR4",4.36983025018781
"BNIP3P15",4.36841539237524
"SPNS2",4.36808871388495
"PPT1",4.36230982328691
"MIR1260B",4.35976324023385
"TMEM232",4.35485348952188
"AIF1",4.35480717002199
"EFCAB10-AS1",4.35442856916058
"PCAT1",4.35398360694017
"BAZ2B-AS1",4.35262184479003
"SMC6",4.35177657836894
"NDUFV1",4.34891443029454
"ITFG2-AS1",4.34759510175716
"LBHD1",4.34536628071527
"TMEM182",4.344743808186
"PRSS53",4.34463140560544
"IZUMO4",4.34291776292095
"RNU7-181P",4.34286049953468
"PDS5A",4.34258970174561
"SH3D21",4.34144414479641
"NOS2",4.34026662215477
"MYCL-AS1",4.33907808789869
"PUSL1",4.33853196554272
"MAGED1",4.33666472767511
"GRK1",4.33480122577128
"IGHMBP2",4.33392064569432
"MIR4260",4.33376498950915
"RNU2-31P",4.33199157363888
"IKZF4",4.32819571270347
"SLC22A1",4.32066602476134
"RASAL1",4.31882748650739
"CNDP1",4.31698078425395
"SLC31A1",4.31584062601047
"LINC02177",4.31315488341591
"EMC1",4.31279655733395
"USP31",4.31191424479973
"CHRNA3",4.3117858010077
"PPP1R15B-AS1",4.3106740399862
"NOP14",4.30768598040047
"ZNF337-AS1",4.30629341260328
"CCT6A",4.30256917449862
"KAT7P1",4.3018019122799
"SMCR5",4.30088974276433
"ZSWIM9",4.29669356668893
"C2CD4D",4.29463875963993
"PSMA1",4.29446614072251
"RNF32-DT",4.29419638414184
"MMP21",4.29378994381791
"SANBR",4.29187901447657
"ODF2L",4.29186001988465
"VAMP3",4.29062400902913
"TUFM",4.29060890223116
"FAM72C",4.28671236433436
"RNA5SP364",4.28671236433436
"CAPS2",4.28618005034282
"AURKA",4.28336064270768
"RPS6KL1",4.28264704430282
"PNPLA3",4.28072908329583
"ARHGAP1",4.27999129876391
"ATP6V0E2",4.27984666116577
"CHUK",4.27685607864029
"SWSAP1",4.2754243350595
"SSRP1",4.27373639314998
"RAB5IF",4.27289989194906
"LINC01509",4.27101763452579
"CYC1",4.27023317859809
"PRAL",4.26933752476959
"RFC5",4.26818706166428
"MX2",4.26688766573883
"MINAR1",4.2666951310424
"TNNI3K",4.26648599018258
"LINC02927",4.26491894103893
"YBX1P10",4.26480875528648
"INF2",4.26443432969422
"OBI1",4.2629337345695
"PATJ",4.26071831228941
"MT1P1",4.25930053030123
"KIF26B-AS1",4.25922465290896
"RAB35",4.25908859956059
"PLK2",4.25686887714518
"ATP6V0A4",4.25429238451341
"SMPDL3B",4.25392955572507
"NANP",4.25113907051047
"MT-RNR1",4.24996243539101
"AREL1",4.24871764947685
"AGBL4",4.24793849794125
"ARHGEF5",4.24651928985597
"METTL2A",4.24607725786155
"NOMO3",4.24520901982211
"TMSB10",4.24457132763176
"TAPT1-AS1",4.24355213786207
"FURIN",4.24042017106193
"WAC-AS1",4.23997381909207
"PYCARD",4.2379443476349
"ZNF181",4.23756495607626
"RN7SL449P",4.23673280058299
"ZNRF2P3",4.23501637093351
"GPC5-AS2",4.23464900270666
"CENPO",4.23293147933979
"RNU6-674P",4.22811536959718
"ANKRD6",4.22680099232636
"NPEPL1",4.2230659719818
"RNU6-1079P",4.219682120235
"CYP2U1",4.21818455945957
"ZNF841",4.21805596381505
"PRTN3",4.21682760847676
"IFT88",4.21615627650012
"DCXR-DT",4.21294557999495
"DCUN1D3",4.21292703036694
"RBBP8NL",4.21274004700834
"HSALR1",4.212349171256
"GPBAR1",4.21057092430754
"COX6A1",4.20942853487052
"IQGAP3",4.20933962096846
"DAZAP1",4.20857107790468
"BET1L",4.20620132796334
"RIPK2",4.20422893599949
"CANT1",4.19934859175267
"MIR4316",4.19899431526521
"RASL12",4.19799098087792
"TSR3",4.1969638539547
"SOCS3-DT",4.19578006609946
"LINC02572",4.19543203901864
"DEXI",4.19361328859476
"SEMA6A",4.19216652508821
"SUMO2P17",4.19156029720598
"RPS15AP30",4.19079069947882
"MAGOH-DT",4.18984977363372
"SNX4",4.18924732578868
"LINC02709",4.18750919411452
"MIR4284",4.18749796787912
"BTBD8",4.18599269166391
"LINC00470",4.18491741268954
"PTPMT1",4.18381843635909
"C12orf43",4.18365494877007
"MAT2A",4.18247443131716
"RPL6P31",4.17911418221162
"HLA-DMA",4.17789987228943
"MIPEP",4.17448019587438
"PRDM8",4.17444718200082
"TMEM14A",4.17384061846553
"MFAP4",4.16994699532491
"LAMC1-AS1",4.16927200074876
"ZIC5",4.16927200074876
"RRAGC-DT",4.16835600666354
"CAD",4.1669276350177
"YEATS2-AS1",4.16422749308924
"FASTKD5",4.16199107955412
"STARD9",4.1594717326537
"NPRL2",4.15899092456384
"LINC02065",4.1566805012096
"SNRPGP1",4.1566805012096
"DYNLT1",4.15507197397002
"CDIP1",4.15368315257158
"TRRAP",4.15160605527496
"NAALAD2",4.15093819660817
"ZER1",4.14720570912581
"RIGI",4.14373355305653
"AP2A2",4.1430050133649
"ZNF106",4.14273090696993
"RN7SL465P",4.13748059992629
"ACTL7B",4.13748059992629
"ECPAS",4.13741254161623
"RIC8B",4.13556463781985
"FADS3",4.13492627664195
"EIF4EBP2",4.13205126467311
"ATP23",4.13075334999742
"DIP2B",4.12873104154347
"LINC01535",4.12623907626512
"NELFCD",4.12545370593694
"STAR",4.12449063985221
"EHBP1-AS1",4.12437547528786
"TSG101",4.12416065995578
"ZDHHC13",4.11963628724448
"CLCN3",4.11866855164427
"DPH5",4.11853892535574
"NPR3",4.11847990829495
"CYSRT1",4.11814412206789
"METAP1",4.11801801830713
"LAMA2",4.11787321232624
"UGCG",4.1171220496093
"SPOPL",4.1158463306789
"KLC2-AS2",4.11389346922084
"AKAP1-DT",4.11221854639837
"CCDC200",4.11146653928835
"PNMA8B",4.10882280490094
"MICOS10P2",4.1068728052952
"THRIL",4.10547224142458
"EML2",4.10505980256106
"RN7SL76P",4.10369956211936
"RPL26L1",4.10159461967165
"MIR4676",4.10058077570884
"POLR2A",4.10001694863469
"TOLLIP",4.09958754717996
"ZBTB41",4.09676801280685
"DALRD3",4.09536168505088
"NXT2",4.09432408374152
"TTLL11",4.09355180736704
"CDK1",4.0923688075954
"NME1",4.09048555741418
"PTBP3",4.08614828140917
"NR1I3",4.08562551463024
"BCL3",4.08380389031572
"UBE2E2",4.08357461625173
"TPTEP2",4.08342741902343
"CDKN2B",4.08268735442041
"RELL1",4.08237487519308
"NUP153",4.08228207220189
"ABCD1",4.07902235989053
"CPSF2",4.07762168117639
"FAM230F",4.07618113982835
"TMEM139-AS1",4.07533302840934
"RPL31P40",4.07400781411998
"CACNA1D",4.07374165503576
"LINC02454",4.07288015846475
"OSBPL11",4.07263566811847
"C1orf141",4.07219036646462
"MALT1-AS1",4.07058668184948
"IRS1",4.0697865395001
"RPL31P5",4.06796293727274
"RNU6-564P",4.06796293727274
"RNA5SP450",4.06713023693928
"KCNH3",4.0650964002232
"IBA57",4.06506158484915
"USP28",4.06359459841266
"TACC3",4.06248429284306
"TVP23CP2",4.06196424981445
"ELP6",4.05890937695745
"ARL9",4.05878231690034
"PRDM16-DT",4.05863382997553
"GTF2IRD2B",4.0579318840351
"YIPF4",4.05551764287351
"ZNF135",4.05138107689992
"ST3GAL5-AS1",4.04975514022273
"FOXD4L1",4.04519493556307
"EFHB",4.04402505643302
"SNX16",4.04162766226729
"ABCD3",4.04035986028079
"FIG4",4.03779845976371
"MAPKAP1",4.03528903069048
"URB1-AS1",4.03524266854112
"FUBP3",4.03462788099496
"POLR2C",4.03374958154049
"PSMG3-AS1",4.03365430748244
"TYMP",4.03175127242634
"SPG21",4.0282380634161
"LINC01234",4.02606171322007
"TBC1D10A",4.02050600792985
"DLEU7",4.01728432124712
"EIF5AL1",4.01653987131087
"CDKN1C",4.01633964079233
"PLA2G2C",4.01630575077569
"RRP8",4.01616634760535
"MARK2P8",4.01544680714787
"EIF1AX-AS1",4.01544680714787
"LY6G6D",4.01175691209501
"MTCO2P19",4.01081192661713
"SEC23IP",4.00881843252705
"TMIE",4.00765106825352
"MLF2",4.00763207677843
"CHCHD1",4.00669754973936
"AMPD2",4.00573354222463
"ZC3HC1",4.00210325537605
"GPS1",4.00035149429095
"PGAM5",3.99923405771825
"MLLT6",3.99915432102735
"RIIAD1",3.99899126237822
"SLC41A1",3.9965878252647
"SLC35A4",3.99525042139235
"TMEM14B",3.99339862644662
"MIER2",3.99179573238984
"LAMP5-AS1",3.98962052881137
"MFSD12-AS1",3.98890658937186
"H2BC16P",3.98879093364631
"PSMB3",3.98648345985382
"YIPF6",3.98553116438335
"PRRT3-AS1",3.98384432712596
"SHPK",3.97960552201532
"PFKM",3.97900184753666
"GARRE1",3.97641545255635
"RPP25",3.97459101218731
"RHBG",3.96996443467113
"FTH1P3",3.96818420302959
"RNU4-8P",3.96798974530695
"MAD2L1BP",3.96537262190645
"ARFGEF1-DT",3.96373636893967
"TOMM40L",3.96022217897804
"ADH6",3.95755714001971
"USP46-DT",3.95676669984054
"SMG1-DT",3.95659993020441
"MIR5695",3.95650473425208
"IER2",3.9551682950182
"MIR146B",3.95244274169644
"RCOR2",3.94877490492061
"NNAT",3.94799094131108
"SCO1",3.94769139245831
"FAM149A",3.94659279366411
"LINC01701",3.94598276467181
"NCAPG",3.94217432192151
"MAML1",3.94202838310363
"RCE1",3.94153369573278
"FAM86B1",3.94151278094781
"MTATP8P1",3.94105345412099
"IFFO2",3.93983609288109
"DMWD",3.93886150470999
"RPLP0P3",3.93792544458767
"GLOD4",3.93498252144634
"SLC39A5",3.92996420615521
"CHTOP",3.92763260110393
"LMBR1",3.92224640138524
"BTBD7",3.91749608873726
"GRHPR",3.91708020039804
"RNY1P10",3.91675245755882
"TIMMDC1",3.91161925503298
"LINC01121",3.90865295479281
"MAX",3.90853467057181
"DECR1",3.90812494125562
"MSANTD2-AS1",3.90783719253273
"CCDC183",3.90715736526473
"NCOA6",3.90640563505643
"FUS",3.90533255293407
"MIR561",3.90532023125511
"GATAD1",3.90477248209752
"FAM120C",3.90448163270281
"POLR3G",3.90401627506092
"NMI",3.90399337904571
"VPS13A",3.90334091667494
"ZBTB48",3.90329410452097
"RNU6-703P",3.90259375692992
"MCMBP",3.90140735905074
"RPA3",3.89710635834993
"SPDYE12",3.89383274159705
"MYLK-AS1",3.89372712075724
"CCL3L3",3.89286088954082
"CHRNB2",3.89222165465758
"RBX1",3.88911711187634
"PSMD1",3.88610650973702
"TTYH1",3.88570995813694
"ZNF793-AS1",3.8846344510172
"NUP160",3.88359151647629
"CLDN10-AS1",3.88295317025295
"BABAM2",3.88221765199606
"ADI1",3.88191671703262
"SLC38A8",3.8802126818722
"PER2",3.87995903910771
"PPP2R5D",3.87940957425789
"DPY30",3.87875805252541
"IRAIN",3.87794713251293
"GALNT6",3.87729378783446
"CCR5AS",3.87596431139246
"XRCC6",3.87588984142198
"SGSH",3.87508622993392
"YJU2",3.87465275989198
"SEPHS2",3.8736800294299
"YIPF7",3.87293802524428
"SNAP29",3.87081642149922
"MRPL37",3.86907930301819
"NAA10",3.86892558455993
"IL1B",3.86423467829954
"CENPX",3.86318052252686
"ABTB1",3.86250049454415
"PIP4P1",3.85972550667673
"RAB3GAP2",3.85949342211012
"CLPTM1",3.85891257979696
"HAT1",3.85803887922038
"AFMID",3.85497686275168
"RN7SL798P",3.85393253350808
"HSBP1L1",3.85362756349126
"ARHGEF18",3.85255797194262
"SOX6",3.84655835542802
"XPOT",3.84365868142821
"GOLM2",3.84243333413848
"RN7SKP271",3.84064503678264
"BMPR2",3.84050102345034
"ANKRD2",3.83985960149895
"RPL23AP12",3.83702568044927
"PCNA",3.83487561297829
"C2orf76",3.83476540682676
"CCNO-DT",3.83431786774452
"RPL13AP6",3.82995718724795
"DNAJC17",3.82780928181344
"RTL5",3.82700463251844
"RORB",3.82530211032873
"RUFY3",3.82239886369537
"B3GNT9",3.82152326555319
"SNTA1",3.81906535642713
"STX6",3.8164298811291
"ABCA1",3.81560408991325
"CASP1",3.8155599147952
"MIEF2",3.81167198351049
"DLD",3.81051285648993
"PDHX",3.80983241989027
"ADGRL1",3.8097583034518
"OCIAD1-AS1",3.80587316694075
"CIMIP2A",3.80422232662781
"SMARCA5-AS1",3.80273114823834
"TNFRSF14",3.80268876397142
"TMSB15B-AS1",3.80256015755112
"SEPTIN9",3.80025293363278
"HDAC4",3.7995588254359
"OR1I1",3.79824382241946
"COQ9",3.79819339417541
"ZDHHC7",3.79739951017875
"ACBD5",3.79522019719269
"ZNF37A",3.79281427139713
"IFI35",3.79250874100461
"RPL13",3.79117595112477
"CEL",3.78960653063378
"LRRC37A2",3.78856497897918
"AAGAB",3.78525415768931
"NDUFV2P1",3.78240820106273
"MIR1915HG",3.78175808217295
"TEX53",3.77922857089413
"TM9SF1",3.7772737031096
"PGS1",3.77612237747426
"NOB1",3.77507028646065
"CCNG1",3.7730894396469
"SART1",3.77259790550738
"TTF1",3.77255741453577
"CPNE3",3.77242622786397
"TMEM39B",3.77161865046217
"FEN1",3.77058959154649
"BTG3",3.76772117268547
"ADAMTS15",3.76716896825085
"PTPRN2",3.76206756370804
"ADAMTS4",3.76152061743399
"NMRAL1",3.7613318619773
"MAPK14",3.75716009727181
"PRH1",3.75667850054726
"SLC35E1",3.75657395055811
"HCP5",3.7565528853799
"AP1M1",3.75309598626182
"TMEM183A",3.75263037716628
"CAND1",3.75239891601704
"PPP1R8",3.75217143653628
"AKTIP",3.75163114809071
"PSMG3",3.75151709132715
"YJEFN3",3.75076387342748
"XAGE1B",3.7497277493371
"FADS2",3.74879022408057
"CATSPERE",3.74202577146044
"ZNF439",3.74025473636455
"MDC1-AS1",3.74012672278787
"TMEM14DP",3.73978732984832
"BRIX1",3.73895774337453
"CYB5D1",3.73842839553553
"SNORA77",3.73458589241272
"DDX49",3.73155613658044
"ABHD16B",3.73087859993059
"ERCC6L",3.72970154815843
"ZBTB11-AS1",3.72830439442435
"MIR646HG",3.72418427551266
"OTUD3",3.72247539181576
"METTL2B",3.72173812863888
"CDC42EP2",3.72029287298655
"RNU6-415P",3.71923714261877
"PIGG",3.71751344885765
"IPO9",3.713989544011
"EML3",3.71201450195215
"DDX39A",3.71145608132447
"PIMREGP1",3.71035310979518
"ZNF431",3.71031757380565
"OR10B1P",3.70948562112075
"RIMS1",3.70775343193972
"MICALL1",3.70209396964113
"SCRN3",3.69798599389572
"PALS2",3.69530681449296
"S100A8",3.69463391222161
"PITRM1",3.69454536850855
"BTBD16",3.69407640130462
"TNIP2",3.69355973411643
"CRELD1",3.69252632082155
"TMEM183BP",3.69108307018224
"SYNE1",3.68994722474408
"CCKBR",3.68582646182777
"PEDS1",3.68378405515733
"TLR7",3.68198695790447
"WDR87",3.6789719567928
"DPP9",3.67874367620686
"SCN3B",3.67482563404908
"LINC02932",3.67469940436002
"RNU6-1209P",3.6733349282298
"IDH3B",3.67278847384506
"POLR1B",3.67037028924106
"LINC01919",3.67034083073345
"E4F1",3.66723948241926
"SPANXC",3.66651375084143
"LINC00239",3.66639890181952
"NNT-AS1",3.66374565692793
"HPN-AS1",3.66167553343964
"OVCH1",3.66161183432671
"CDKN3",3.65863843117292
"MAP2K2",3.65710205744767
"TIMM13",3.65588889149966
"ASB16-AS1",3.65443032711995
"PANX3",3.65372588969798
"HTT",3.65111927280733
"ZNF217",3.65077137380595
"SPRYD7",3.65052003386757
"NPHP4",3.64685057724196
"SSUH2",3.64673868244287
"TMEM135",3.64644435238875
"CELF5",3.6433267808713
"RNU4-60P",3.64331332475913
"SAPCD2",3.64242954995801
"PDE5A",3.64216000292718
"DEPP1",3.64151109013629
"SLC35A1",3.64077695096249
"STXBP6",3.64072807258547
"CD46",3.64015939570618
"MIR342",3.63830105313848
"D2HGDH",3.63741792125373
"ING4",3.63329576929733
"TNNI3",3.63251487517784
"SH3YL1",3.63238282152874
"KCNIP3",3.63209360431091
"MPV17",3.62712321000048
"ARPC5",3.62498760612343
"ITGB2-AS1",3.62488200906989
"HAR1B",3.62480396067359
"RHCE",3.62412201615215
"NCAPGP1",3.62300317916673
"GLRX5",3.62155290806696
"SAMD4A",3.62071027455025
"FSIP2",3.61961928998006
"STAM",3.61908220040079
"PHLDB3",3.61638553920258
"SIPA1",3.6156559950378
"E2F2",3.61546116400721
"FTLP5",3.61362469389362
"MIR6071",3.6135827725969
"LPL",3.61331452352511
"ASB9P1",3.61289247477166
"MMACHCP1",3.61247445883167
"CC2D1B",3.61216573168237
"NOMO1",3.61198893567725
"MIR331",3.60889423086986
"SMCR8",3.6085634718582
"ARPC1A",3.60752999371476
"COPS5",3.60667716754637
"TTLL10-AS1",3.60581575403108
"MIR590",3.60564722199385
"PARP4",3.60556965704254
"RFK",3.60516539927566
"MTRR",3.60495467924693
"C18orf54",3.60292348575918
"HTT-AS",3.6027651368043
"ARL2-SNX15",3.60199437778681
"CPT1A",3.60167423453429
"TUBGCP2",3.60149431908398
"FH",3.59947912532302
"MIR3153",3.59901826674716
"AKAP11",3.59778946434498
"FAM27E3",3.59729685684938
"RNU6-23P",3.59570027269231
"SPDYE18",3.5947718642125
"SETD4-AS1",3.59419238209412
"PARP12",3.59201811863814
"TAF1B",3.59022052458756
"MYHAS",3.58880939251811
"AVL9",3.58720253908022
"CROCCP3",3.58562687743069
"FAM157D",3.5840347664586
"SPTLC2",3.58310408132813
"RPS2P55",3.57979228227156
"YBX1P2",3.57975902287466
"DARS1-AS1",3.57725620817308
"ABHD11",3.57506178958144
"TPI1",3.57292389108657
"NFE2L1",3.57203915950755
"GNAZ",3.57123558691657
"RCOR3",3.57093875875071
"NDUFB1",3.5709118221212
"PLA2G12AP1",3.56957911441985
"DHX15",3.56772963713721
"THUMPD3",3.56503634609653
"PPP1R13B-DT",3.56483417877171
"LNCRNA-IUR",3.5622648082389
"HNRNPLL",3.56038223502123
"TTC22",3.5599216549616
"KLHL38",3.55863604169758
"SAA4",3.55707327335592
"MAP3K9-DT",3.55678991083179
"WHSC1L2P",3.55655458916609
"ABCF3",3.55495306915877
"STUB1",3.55454703401624
"OXLD1",3.55213696178456
"CRLF3",3.55179561000169
"UNC119B",3.54736815448768
"HLX-AS1",3.54691295293696
"SEC23A-AS1",3.54673206934924
"CELF2",3.54635700512703
"MIR3681HG",3.54632122979122
"C3orf52",3.54520376402471
"CD47",3.54416177630478
"C2orf81",3.5420400898115
"CFAP299",3.54167586635443
"QRSL1",3.5414935733668
"YBX2P2",3.54144205886
"NNT",3.53938572388798
"NFATC2IP",3.53835164088988
"CNOT2",3.53816224229893
"SP2-AS1",3.53582296164589
"CDKAL1",3.53547734170484
"HMG20B",3.53482867554265
"ZFPM1",3.53233058181383
"ASH2L",3.53218232505503
"B3GALT1",3.52983983410005
"YDJC",3.5252988812589
"ING1",3.52340511129101
"UBLCP1",3.52323216718483
"SLC12A4",3.52281364790555
"PANK4",3.52270156256087
"HMGN2P5",3.52268232958002
"ZNF611",3.52254149034184
"IL17RA",3.5213829366149
"OTOA",3.52040883949437
"ACHE",3.5168887990429
"TCERG1",3.51644336512007
"LOLI1",3.51619025221448
"IDNK",3.51567763295087
"PDE4DIP",3.51229410524767
"DPCD",3.5102350285675
"PPP1CA",3.50928805530268
"ZNF197",3.50836690715217
"CCDC86-AS1",3.50518633695479
"SNRPCP9",3.50266531811305
"TCTA",3.50058348931399
"DSCAS",3.49825532555637
"ARAP1-AS1",3.49293234056846
"FAM182A",3.49146047592107
"SHBG",3.49119289630427
"CCNG2",3.49115545989194
"PXMP2",3.49035212918393
"OXT",3.49023796157857
"CNOT6",3.48787871985156
"NAPA",3.48499867314942
"FPR2",3.48438885009316
"RPL21P27",3.48372638551621
"FIBP",3.48288571279199
"CDK5RAP1",3.48101722768315
"CCDC144CP",3.47921822919043
"CES3",3.47264933124224
"STPG1",3.47068413517426
"P4HB",3.47042591617789
"RNU6-495P",3.47001341378844
"VSIG10L-AS1",3.46980350204446
"MIR548V",3.46978638240178
"DPP3-DT",3.46877357906696
"TMEM69",3.46712439056327
"IFT122",3.46437888385074
"PARAIL",3.46427278183883
"CDCA8",3.46367073493352
"CSNK1D",3.46162368757396
"ANKRD33BP9",3.46084358032227
"STARD3",3.45982365981204
"REEP3",3.45935477069755
"NFE2L2",3.45650758224167
"RERE",3.44906173190037
"LMNB1",3.4485806243687
"TMX1",3.44795160897037
"OLA1P1",3.44721271593142
"SNORA40B",3.44673157097511
"LINC02522",3.44673157097511
"OIP5-AS1",3.44668048898892
"GALNT10",3.4443201924087
"ECI2-DT",3.443352160514
"ASPHD1",3.44260424199106
"NANOS1",3.44082802508804
"MUCL1",3.44061379918247
"MAFF",3.44057746612158
"MON1A",3.44017643129383
"HNRNPL",3.4393741977755
"RETREG2",3.43884705819492
"DUS1L",3.43824161217508
"COP1",3.43755759682682
"TBRG1",3.43724609162833
"SFTPD-AS1",3.4331079310796
"PSME1",3.42999644950583
"SLBP",3.42849346553193
"MTCYBP43",3.42754598564717
"H2BC7",3.42613106320175
"ZNF764",3.42491484436497
"SMIM11",3.42413507452045
"VEGFB",3.42383791961904
"OCIAD1",3.42344692294224
"PUDP",3.42257346292995
"DNAJC2",3.42232464331136
"CEP70",3.4215214863084
"CTBP2",3.42133701944057
"ATP13A5",3.42019571766805
"HNRNPK-AS1",3.41886124683417
"CALM2P4",3.41841483366966
"C3orf18",3.41719713970936
"CFAP44-AS1",3.41681366128915
"KAT8",3.4158887348753
"SMAD1-AS2",3.41517888065609
"ACAD9-DT",3.41479775324014
"NPM3",3.4142276578375
"RAB14",3.40774888250032
"DLL4",3.40672792800749
"MYRF-AS1",3.40476770766341
"KCNQ1DN",3.40224962515062
"MAIP1",3.39899121650489
"LAMTOR5-AS1",3.39785824050983
"TTC39C-AS1",3.3901863476106
"JPH4",3.38683182088485
"BTF3-DT",3.38518158217739
"GUCA2A",3.38390322055338
"SCARB1",3.38244097259868
"RBP4",3.37918574184545
"NRXN2-AS1",3.37881612245063
"MCM3AP-AS1",3.37813770591749
"AP3M2",3.37778821769948
"EIF2B3",3.37775686134179
"USP25",3.377508665984
"ZNF302",3.37705000994745
"CHCHD3",3.37597022743973
"MTFR2P1",3.37091361461143
"NYAP2",3.37090391839032
"LINC01303",3.37034649268443
"RNU6-251P",3.36885891539624
"SMTNL2",3.36885891539624
"PARP4P3",3.36802465354955
"HLA-DPA1",3.36738683488632
"C10orf90",3.36553169314748
"SLC2A1-DT",3.36411156906915
"RNF138",3.36302251356769
"PPP1R9B",3.36153794001302
"EIF4HP1",3.3612196058859
"TBCD",3.3608225049402
"RN7SL47P",3.36007935903703
"ALDH16A1",3.35993211073584
"DPH5-DT",3.35932595476716
"RPUSD1",3.35914306699771
"IL12A-AS1",3.35879741040052
"SYNGR2",3.35770347714792
"KLF2P2",3.3572501275074
"VAV2",3.35331040785878
"RPL13AP26",3.35232378618964
"STN1",3.35224943676293
"IQGAP1",3.3519523063673
"TESK1",3.35150263085241
"DUSP12",3.35093166845709
"CAMTA1",3.34932525634342
"EIF3D",3.34860104164557
"PRODHLP",3.34678857642571
"PNLDC1",3.33865760359306
"ZNF675",3.3381613903614
"KHDC1-AS1",3.33794271288112
"NMNAT1",3.33672484757954
"ST7L",3.33503647586374
"FKBP15",3.33407443989489
"KIF1B",3.33253660831563
"PIP4K2C",3.32820177551219
"SMURF2",3.32578579087573
"ISLR",3.325435087333
"BRPF3-AS1",3.32381387832723
"MAP2K7",3.32185368361502
"MSRB3",3.32085491612287
"NET1",3.32020067197469
"CD24P4",3.31935666269376
"UXS1",3.31878983585649
"DUSP8",3.31672657911282
"LINC02150",3.31377876023806
"MATN1-AS1",3.31337288657699
"CFP",3.31214728873673
"GTPBP4",3.30991866755303
"GOT1-DT",3.309761305536
"WBP1",3.30879930968249
"WDR88",3.30822624123827
"AHDC1",3.30769943502496
"ELOA",3.30626734774958
"TBC1D7",3.3062458235464
"FKRP",3.30509241050748
"PERPP2",3.30397153819005
"FANCF",3.3029417779391
"SMAD5-AS1",3.30261441187539
"LARP4B",3.30229670087158
"ZNF518B",3.30211149384946
"FBRS",3.29945970272986
"ACTMAP",3.29843660788626
"CTBP1",3.29818650333772
"ARV1",3.29776271560505
"ACOX1",3.29752362156235
"ATL2",3.29447542353018
"DCTD",3.29351767076659
"TCP10L",3.29262475622873
"LINC01252",3.29117788133931
"ERAP1",3.29080845495127
"MRPS23",3.2891566681072
"KYNUP2",3.28869979695252
"MNDA",3.28742628795288
"COL11A2",3.28492163573981
"PPM1J",3.28319496996346
"RN7SL861P",3.2831839832347
"CARF",3.2799226807584
"ARHGEF35",3.27966230508246
"SRL",3.27915459893382
"EFNA3",3.27869791680872
"RPSA2",3.27806936349232
"TPK1",3.27716954305807
"ZSCAN5A",3.27713362698887
"RNF5",3.27623768769786
"CIDEB",3.27448022583792
"RRP1",3.2732995729153
"CNTNAP3",3.2707058954971
"PPP5C",3.26974043970616
"ARFIP2",3.26848082808364
"SYNE2",3.26827293146797
"SYCP3",3.26776150935256
"CHRNA7",3.26753164139138
"PRSS48",3.26675066237088
"PHF20L1",3.26550045792308
"TXK",3.2653151462634
"TMEM222",3.26333541546522
"ZNF497",3.26232117143101
"TSEN15",3.26000352782611
"BBS2",3.25999115134973
"LGALS8-AS1",3.25945476624542
"TIGD4",3.25890475607527
"EEF1A1P18",3.25823877688149
"MORC3",3.25651680566805
"RNU2-65P",3.25553227360716
"PGAM2",3.25495900228836
"TMEM184C",3.25005374753762
"ZCCHC8",3.24983765654014
"SLC10A5",3.24862344986476
"HMGB1P24",3.247766210659
"SLC35C1",3.24770308788092
"GRSF1",3.24690802905741
"BRWD1-IT1",3.24514789783218
"WDR36",3.24268683352772
"RNU1-134P",3.24117200889812
"PLAC8L1",3.24084357246724
"LINC01783",3.2381271171712
"TM2D1",3.23563615541261
"CPSF7",3.23547810515371
"CCDC181",3.23506120971693
"FRMD6-AS2",3.23446842664669
"NANOG",3.23422913258374
"SLC37A3",3.23136480255664
"RBM18",3.23117574285565
"ABCF2",3.23059624884983
"DHX57",3.23057734698998
"RNU6-727P",3.22941528955565
"CD109-AS1",3.22941528955565
"RAB40A",3.22941528955565
"FZD9",3.22909359225518
"CUL5",3.22475191458771
"SYDE1",3.22232435893776
"ATP9B",3.2219936844924
"TATDN1P1",3.22171104788682
"RAC1P2",3.22092155536303
"RBM38",3.21853765971089
"USP39",3.2159762279287
"EEF1A1-AS1",3.21570789504815
"VPS51",3.21560206792482
"CRYBG1",3.21361742572448
"TRIM7-AS2",3.21281745973125
"RAD18",3.21127720291431
"DFFB",3.20827097420409
"SPHK2",3.20532940394825
"UBQLN1-AS1",3.20327256669278
"ATP1A4",3.20108980045671
"NDUFB5",3.20084892157501
"STUB1-DT",3.20030744414532
"LINC00689",3.20017756847453
"B4GALNT4",3.19798488145901
"SF3A1",3.19442165797779
"MAB21L3",3.19235614281979
"LINC02878",3.19199706761105
"DEDD2",3.18964692975027
"SMARCE1P1",3.18758158876334
"YWHAB",3.18351608917929
"HERC4",3.18156563679817
"TRIM33",3.17739011272882
"NPM1P30",3.17652836880667
"CUL3",3.17624446421878
"ACP4",3.17545748916403
"NUMB",3.17401204031518
"IFT27",3.17376452003381
"PARP11",3.17364762401339
"KPNA3",3.17340799934373
"LINC01221",3.17334463865862
"ZSCAN12",3.17161248739077
"NUP58",3.16728926081016
"ATP6V0E2-AS1",3.16725961426631
"CHTF8",3.16565597808342
"DEFB4A",3.16482725078064
"LGALS8",3.16429495454687
"MBOAT1",3.16174971864338
"PSMA2",3.16131477316411
"CTDNEP1",3.15872257165379
"CHI3L2",3.15736236678062
"ATP13A1",3.15708446810395
"MT-TL1",3.15509713953544
"ESPNP",3.15399976549039
"RGSL1",3.15399976549039
"BCL2L12",3.15250740135348
"GNPDA2",3.15229020073869
"PRRG1",3.15211638262983
"HARS2",3.15106641125125
"HIF1A-AS3",3.1491780200615
"ZNF780A",3.14855702411669
"RBP5",3.14600467768572
"IPO8",3.14382135330849
"BMAL1",3.1435913423452
"CEP63",3.14354642754674
"GMPS",3.14093460143002
"HDX",3.14084041054228
"GLYR1",3.14080949844049
"RPRD1A",3.13874681030472
"RNU6-43P",3.13848779320304
"POLR2F",3.13790031434413
"CYP4F12",3.13635607476216
"FAM221B",3.13411594547023
"ATXN7",3.13360264593947
"HCCS-DT",3.13262997050488
"UQCR10",3.13245970955903
"FAM209B",3.13169374571515
"BEX4",3.12818054469228
"FAM186B",3.12775761603867
"PRDM4",3.12417803502345
"TRIAP1",3.12232837298307
"RNU4-85P",3.1199349651887
"TTC33",3.1151361494602
"DNM1L",3.11392541962621
"LSAMP",3.11275020093242
"CDCA5",3.11242987235605
"FTCD",3.1110624774252
"KIF9",3.11043996524595
"PDCD10",3.10973614284232
"FARSB",3.10892980885735
"TMEM183AP3",3.1065334481924
"KANSL1L",3.10489640488599
"LINC01852",3.10217172621644
"GIT1",3.10178036576901
"CETN2",3.10101283422433
"SYNPO2L",3.09993867991106
"MORF4L2-AS1",3.09771588511722
"PYCARD-AS1",3.09765659797531
"SNORA74B",3.09582012719375
"SLCO4A1-AS1",3.09579330014562
"CEP170B",3.09498680596946
"PTRHD1",3.09283167021272
"CCDC57",3.09044247331329
"TASOR2",3.08695047643546
"SBF2",3.08654506553759
"TXN",3.08646217946535
"AMD1P3",3.08625379205492
"ACO2",3.08435271196338
"LINC01456",3.08297266360595
"CHKB",3.08230774368471
"PITRM1-AS1",3.08185947110638
"ATP5PB",3.08161272468715
"COX10-DT",3.08113360878773
"DCAF10",3.08037013578826
"CASKP1",3.07843196748755
"HNRNPD",3.07770035727278
"PIGQ",3.07750485940071
"SOX10",3.0772436549015
"NEUROD2",3.07674867760714
"UBE2O",3.07638047088886
"ZNF341-AS1",3.07461636111695
"SPINDOC",3.0735460218009
"TTC31",3.07186307618699
"ACVR1",3.07141725202375
"EP400",3.06883719305313
"PTGES3P1",3.06517819643923
"EIF3I",3.06414162591393
"IFI44",3.06252597180205
"LAMTOR2",3.05941077809493
"RXYLT1",3.05920402072329
"NBPF14",3.05406128379731
"ARL4AP5",3.05318633843947
"EIF4EBP1P1",3.04922036130618
"MTND4LP13",3.04794766054578
"MAD2L2",3.0474391158313
"C1orf52",3.04713454154991
"SF3B3",3.04666134350954
"DPYD-AS2",3.04529151210293
"PHC1",3.04489567701398
"MORN3",3.04421006401001
"SLC45A4-AS1",3.04378361275563
"RGPD8",3.04374936062496
"INAVAP1",3.04368772526712
"TUBA4B",3.04354895226973
"MAVS",3.04280928631302
"POGLUT3",3.041502664804
"FLNC",3.03874396960658
"ETV5",3.03849910938248
"HDGFL2",3.0379407571737
"PSMA7",3.03762106756809
"LURAP1",3.03673145077472
"CCDC187",3.03665853231475
"RPL22P24",3.03523822297484
"ATP6V1D",3.03509672589926
"MEA1",3.03055296129958
"HERPUD2-AS1",3.02973855337986
"RPL21P72",3.02805931328593
"NUDT5",3.0272411535488
"METTL16",3.02711711249676
"SOCS5",3.02704557733006
"C7orf25",3.02631587428576
"ORM2",3.02528020663842
"NPSR1-AS1",3.02307401255731
"LINC03003",3.02293296357696
"LGALS9DP",3.01826218164982
"DVL1",3.01825574319008
"MLH1",3.01794554248403
"PLD3",3.01680219777611
"XK",3.01649096900434
"SIK3",3.01499155475427
"HSPA9",3.0145547482567
"PBDC1",3.01420703985474
"ZNF511",3.01414786795077
"LMAN2",3.0140383769749
"NAA20",3.01379837655041
"FNDC5",3.0123560533864
"OVGP1",3.01163051064855
"H3P16",3.01039281532755
"MZT1P1",3.00991970230216
"SNX18",3.00892056351191
"PLPPR2",3.00753621997119
"ZNF326",3.00711153648779
"ZNG1B",3.00642377806894
"ASCC2",3.00593972224362
"CROT",3.00549928128083
"TFG",3.00523863018996
"SLC35D2",3.00502507917948
"CRIM1-DT",3.00484844942297
"PLIN3",3.00441167767495
"DAP",3.00434241743453
"ARPC1B",3.00234505478402
"H2AX",2.99940658273814
"TET3",2.9991764126659
"SOX12",2.99772842942436
"LDLR",2.9956826783383
"ATP5F1A",2.99215879555243
"ATRIP",2.99215172819027
"MIR7106",2.9921316617107
"MCF2L-AS1",2.99040828336228
"ARMH3",2.9890205809914
"TIGD5",2.98778283057308
"LAPTM4A",2.98725253750665
"CNR1",2.98701704696066
"KRT8P10",2.98697274546283
"MFN2",2.98659802525996
"HAUS6",2.98597436209554
"TMOD3",2.98485983901892
"RPL7P21",2.98369402494852
"PPP2R1B",2.983253994126
"STRN",2.98251766297367
"MIR8066",2.978390457774
"TEDC2-AS1",2.97778731657733
"SPEN",2.97738344696813
"MCRIP1",2.97341818743172
"PPP3CB",2.96972362297688
"LINC02652",2.96923061239018
"TAF12-DT",2.9676894249344
"MGA",2.96726425442612
"SCYL1",2.96720495816255
"TPRKBP2",2.9670730052179
"RN7SL653P",2.96586569553172
"HRNR",2.96426047769087
"ZNF732",2.96380911486707
"LINC01819",2.96366005987323
"ECI1",2.96359302573239
"DMBX1",2.96356664402204
"MRPL36",2.96305841014628
"AGPAT5",2.96275737568201
"PDK3",2.96261235754561
"C2CD2",2.96220191398204
"SMIM15",2.95957162874408
"DAP-DT",2.9593905933849
"CYP11A1",2.95742330876961
"LINC00964",2.95669095505821
"BBLN",2.95668660615467
"SNAP47",2.95525298701593
"KMT5AP3",2.95504196216904
"MIR98",2.95499870573555
"ZNF146",2.95309167433931
"CTRC",2.95274629889318
"MIF-AS1",2.95137522611331
"ABCE1",2.95079905186208
"TAF12",2.95046433186884
"MTMR1",2.95022165501064
"GYS1",2.95012224355124
"ZSWIM8",2.94889931283435
"NIHCOLE",2.94810934774927
"XXYLT1-AS1",2.94783718596462
"CARD11",2.94776194521229
"WDR20",2.94758601636194
"NIFK",2.9473527029882
"VPS33A",2.94352201947856
"OR2H2",2.94295888267731
"GLRX3",2.94254187806824
"LINC01719",2.94096340545816
"OR51J1",2.94041261050931
"RNA5SP386",2.94041261050931
"MIR3193",2.94041261050931
"LYRM9",2.94031366750633
"KCTD16",2.93956666209217
"NPW",2.93784501815442
"NME2P1",2.9376136729849
"P2RX5-TAX1BP3",2.93544363659201
"BRAT1",2.93433662129451
"TMSB4Y",2.93304713787267
"MYLIP",2.92502796402255
"DNM1P41",2.9248073166323
"GPN3",2.92426393858093
"CARHSP1-DT",2.92386654326281
"AMIGO2",2.92363892488917
"SETD7",2.92238835161937
"ZNF569",2.92061277138128
"IL18R1",2.92049865014166
"ORAI1",2.92014378258752
"DNMBP",2.9179173008257
"H2BC6",2.91730965069511
"COPS6",2.91717863948986
"RTN3",2.91594208199129
"COG3",2.91475840632201
"LINC00607",2.91413597393658
"RPS10",2.91378320298175
"ZNF23",2.91350701431008
"MIEN1",2.91216503251414
"UBR1",2.91163575425045
"KIAA1549L",2.91122469806746
"KYNUP3",2.91105079860088
"FCHO2",2.90759572882611
"UAP1-DT",2.90734956891572
"ILF2",2.90722064180009
"SETDB1",2.90517806484159
"ACTG1P20",2.90312556866879
"C16orf96",2.90248708298689
"OR1F1",2.90228033836622
"ARL6IP1",2.90124283710534
"MT-TD",2.89916008063873
"PRDX3",2.89913240406699
"RNA5SP378",2.8986500943613
"B3GALT2",2.89744578888909
"C2-AS1",2.89559845006334
"JUNB",2.89542841464685
"MARCHF6-DT",2.89334933843709
"ARHGDIA",2.8922184854129
"RSPH9",2.89103764218227
"ECHDC1",2.8897184534803
"LACTB2-AS1",2.88816512801098
"CLIC1",2.8869103719792
"DTX2P1",2.88546760634503
"RN7SL111P",2.88538983228628
"CKMT2-AS1",2.88449024138236
"DNAH17-AS1",2.8841279981747
"ARL16",2.88293463118168
"ZDHHC5",2.88272357570817
"STAG2-AS1",2.88102883622184
"PLOD3",2.88040253341623
"NFATC1",2.87838237157727
"DNASE1L1",2.87579608200851
"FABP5P1",2.874622416899
"PSMA6",2.87285637223925
"HDAC2",2.87250906766722
"TET2-AS1",2.87230720608757
"JAZF1",2.87089792132653
"TMC6",2.87055291360604
"PAK1IP1",2.86969769381532
"MISP3",2.86900112376395
"TRIM51BP",2.86879193162093
"RPS2P29",2.86780532647027
"CLIP3",2.86729054005047
"VPS11",2.86683402412173
"ANGPTL6",2.8665413242066
"ZNF236",2.86623445740539
"KIAA1671",2.86540824492874
"LRRC28",2.86498253273914
"KMT2B",2.86426266274485
"HECTD2-AS1",2.86314704678631
"ZFAND5",2.86269200306029
"LINC01257",2.86258180790262
"PDIK1L",2.86168211169231
"KRT18P23",2.85983440149537
"RPL31P36",2.85958456981006
"SEC14L5",2.85903559297417
"SNHG17",2.85796916311689
"DNAJC10",2.85718045648645
"RTN4",2.85619951078504
"TEX41",2.85467120481519
"PHLDA1-AS1",2.85444719896609
"LRRC8D",2.85394467974197
"ADNP-AS1",2.8531579668674
"CRLS1",2.85306545265473
"RBMS2",2.8530253228526
"COMTD1",2.85156053737727
"HNRNPH3",2.84986072946677
"LINC00216",2.84912435394981
"SNHG29",2.84827204298589
"UNC45A",2.84822277717965
"SLC6A18",2.8467670770365
"TCF7",2.84617484291401
"RNF212B",2.8446236772807
"C18orf15",2.84396596735651
"PNMA1",2.84330227391465
"RAB11B",2.84263343877102
"RN7SL172P",2.84166246365137
"ACCSL",2.84147588193538
"BACH1-IT1",2.84118166510565
"PPP1R10",2.84058778133783
"ATP6V1B1",2.83947177849154
"MYH9",2.83797915168121
"UNC50",2.83730900689303
"AGAP2-AS1",2.83670968660266
"PLAC1",2.83517261605841
"LINC02637",2.83420864017243
"KAT5",2.83405585667828
"DNAJB5",2.83318777627684
"EEPD1",2.83236691725057
"B9D1",2.83077694714108
"WRNIP1",2.83005762790109
"TRAPPC12-AS1",2.82943805507154
"ZFAND6",2.8287956013987
"ANKRD13A",2.82876988969688
"TMSB4XP2",2.82830382300579
"ZNF837",2.82726109618237
"BICRA-AS1",2.82666607366835
"LINC02313",2.8248691744757
"SHCBP1L",2.82095393079974
"KBTBD4",2.82051093847296
"CACNG7",2.82017719135651
"MIR5006",2.81970881900509
"MIR454",2.81970881900509
"CASC8",2.816810489406
"GAL3ST4",2.81527133166695
"KRI1",2.81462323054716
"GTF2A2",2.81155160812093
"PRR5",2.81143972929729
"MATN1",2.80868173281225
"RN7SL306P",2.80838104883008
"SSBP2",2.80691060475627
"U2AF1",2.80558228729206
"UCKL1-AS1",2.80528417597988
"WASHC1",2.80494218617122
"RAB4A",2.80470212960205
"TRMT11",2.80062353312098
"SLC25A46",2.80012666442933
"LAMP1",2.79782697167978
"RPL17P18",2.79562787765652
"TMEM268",2.79534110865767
"MIR3650",2.79531538509886
"TWSG1",2.79461523096966
"ING2-DT",2.79447275340683
"SNORA74C-1",2.79425548325486
"DRAP1",2.79420502938868
"WWC3",2.79399014418816
"MRPS5",2.79262919986826
"TTC9",2.79194013537446
"MED12",2.79192242914059
"HIC1",2.78958480142069
"SLC25A22",2.78515236917657
"COX7B",2.78485918608658
"SNX1",2.78468108284799
"UBE2I",2.78363585382411
"MIR554",2.78281404581673
"MTA2",2.78270913793819
"LCMT1",2.78162698041658
"RAD54L",2.78111957058941
"RPP25L",2.78074084517701
"FAM83G",2.78041777314235
"SPDYE3",2.78020439811421
"KXD1",2.78013347899314
"FDX1",2.77879853934605
"HHIPL1",2.77850802937898
"SNCG",2.77490345080236
"COX11",2.77450300573412
"PDCD6-DT",2.77067216312953
"WNT5B",2.76859058810177
"SWAP70",2.76770803119755
"ZNF44",2.76754119674399
"MTCH1P2",2.76668523584979
"NUB1",2.76624971375952
"PHKG2",2.76519274192384
"RIT1",2.76476975168019
"ASMER1",2.76384292911658
"GPAA1",2.76294113215095
"PF4V1",2.76272177467974
"ZNF132",2.76236688866475
"HNRNPK",2.76126711147182
"OR4F28P",2.75746962109636
"TENT4B",2.7550353597003
"KRT8P11",2.75258504861459
"RPS26P28",2.75201270677161
"NUP210L",2.75096836010036
"BRCA1",2.75081482974425
"ARL5A",2.75050362223404
"SMC1A",2.75024420641609
"VIRMA",2.74949792107405
"ACD",2.74897910023259
"ARHGEF26",2.74820194573703
"WDR47",2.74806699808271
"CKAP4",2.74657073608952
"NIPSNAP2",2.74357277758961
"TNNI1",2.74182254956517
"NAA60",2.74157677013461
"NAA50",2.74065808996812
"SLC12A9-AS1",2.74024541024111
"SLC39A8",2.73963654435046
"P2RY14",2.7394601392735
"LRRC70",2.7394601392735
"RPL12P20",2.7355553957395
"HAS1",2.73554459502554
"TMEM256-PLSCR3",2.73506795068318
"MIR222HG",2.73443486013832
"SCOC-AS1",2.73293454923787
"UBE2R2",2.73221865525046
"RNF122",2.73127796045622
"C4A",2.72916380420937
"FKBP1C",2.72905978097982
"UBL5P2",2.72782885624703
"RNA5SP340",2.72643146393242
"TOGARAM2",2.72642057821909
"MANBAL",2.7260682793471
"AACS",2.72518084387828
"RFC4",2.72391778470596
"MIR3945HG",2.72087847406214
"FANCI",2.71949695938507
"BTF3L4P1",2.71823596571033
"ANKRD23",2.7179321259518
"MAEA",2.71734645569039
"PRMT1",2.7165861288397
"MTND5P11",2.71360908561835
"H3C15",2.71346567123122
"TFDP2",2.71311602409187
"CCDC97",2.7113824536467
"PWP2",2.71086019201949
"JAGN1",2.7041974199628
"LEFTY3P",2.70387315389319
"MUC2",2.70387315389319
"LINC02159",2.70084195074078
"INO80B",2.69884499680654
"KAT6A",2.69832815012285
"DPYD-IT1",2.69701490490567
"CEP43",2.69665048960772
"MAU2",2.69429182535258
"SLC12A5-AS1",2.69227144939546
"TTBK2",2.69078159913635
"H3-3A",2.68736531909291
"DNAJC19",2.68635829745083
"LRRC66",2.68485119316837
"CABP7",2.68297429332044
"SUMO2",2.68080640322245
"FAM181B",2.68046875725523
"GRPEL1",2.68033173511699
"CPEB1",2.67983002433188
"CEP97",2.6775543417192
"ENC1",2.67749477544605
"JTBP1",2.67497120843926
"DPYSL4",2.67352900200339
"URGCP",2.67339656140253
"AGAP3",2.67281446200258
"FAM222A",2.66967327601403
"SNRPD1",2.66956076523369
"DCAF13",2.66954518596912
"TBC1D5",2.66808309416822
"ADGB",2.66803917611541
"BAK1",2.66690711976408
"TRMO",2.66531927635215
"TNPO3",2.66058876921771
"SMIM12",2.66023756662689
"CDK19",2.65860719324242
"KRT8P39",2.65843022338345
"RWDD3-DT",2.65692569224148
"ZNF793",2.65432844633272
"RBM22",2.6530141590894
"TATDN1",2.65289389272067
"MYOM2",2.65169738476013
"EFCAB9",2.64724166448031
"HOXB9",2.64724166448031
"RNU7-34P",2.64643395322322
"CERS1",2.64643395322322
"ARAF",2.64212388903707
"DDAH2",2.64164749406592
"NPFFR1",2.6414283086481
"C5orf22",2.64131152709919
"SLC37A4",2.63962321937163
"CPQ",2.63929060635903
"GLIS2-AS1",2.63816562059579
"ARFRP1",2.63809025900828
"USP34",2.63621111628477
"EPG5",2.6348725536488
"LTBP1",2.63337620385915
"ANKRA2",2.63225985758556
"LGR5",2.63170900349224
"CEP170",2.6316126969956
"SMN1",2.63075621630304
"SLC7A10",2.62966446339542
"NPLOC4",2.62959732411295
"PTPN9",2.62891077336919
"UQCC3",2.626522287692
"LAMB2P1",2.62627145574695
"TUBB4B",2.62616587427866
"ATF6-DT",2.62609444231606
"DDX31",2.62558681251062
"SOD1-DT",2.62483823571561
"LINC01666",2.62451246787731
"DGAT1",2.62381219686195
"CEP135",2.62131693512061
"TMEM18",2.62059296330864
"ADCK5",2.62025609687251
"ATXN2-AS",2.61970055288805
"DCAKD",2.61841621917989
"BEST2",2.61834701892533
"ODF2-AS1",2.61773183471921
"ELDR",2.61625576960882
"ABHD17AP5",2.61625576960882
"SND1-DT",2.61307668022728
"NMNAT3",2.6129226919977
"COL6A6",2.61053448510987
"LINC02418",2.60926870380066
"CA10",2.60926870380066
"SPTAN1",2.60882984703253
"RNY3P14",2.60804328868936
"ARL4C",2.60738371460878
"ABL2",2.60550914748777
"YARS2",2.60548478724463
"PAIP1",2.60543004834924
"CARM1",2.60414566635093
"GABPB2",2.60332527176335
"ERAL1",2.60174733717931
"CPSF1",2.60127619740711
"N4BP3",2.60066235816008
"TENT2",2.59958512097093
"MIR4481",2.59852171378734
"C1QTNF9B",2.59725217569077
"LINC02026",2.59607344293771
"HNRNPR",2.59592211211416
"GRHL3",2.59523261955653
"FAM174C",2.59499644352824
"APOBEC2",2.59495599651233
"SMYD3",2.5930581413453
"SLC49A4",2.59224234679128
"FALEC",2.59141796096767
"FAM162A",2.58579542859712
"LINC01732",2.58440684473079
"NME3",2.58332820324773
"YY1",2.57766973907041
"RN7SL835P",2.57685341737819
"RTL10",2.57657016501356
"MAS1",2.57635977296455
"CHMP4B",2.57488291824679
"MIR200CHG",2.57467728555326
"MMACHC",2.57230669492093
"SUPT5H",2.57152673054681
"ZNF75D",2.57139221645591
"RPS27AP7",2.57078063538087
"GGA1",2.57051054520885
"MEN1",2.5702094115154
"HOOK2",2.56666132025064
"TIAL1",2.56652068127937
"LRSAM1",2.56578260994725
"APRT",2.56499818368661
"PYGB",2.56441897513403
"FOSL1",2.56302495861543
"RPS15AP10",2.562206792306
"THOC2",2.56125622352423
"FRAT2",2.56098365464148
"PARP1",2.56042163508735
"H2AC12",2.55916416311993
"ABHD13",2.55916219957449
"ANAPC7",2.55888117284193
"COL6A1",2.55817894812398
"SACS",2.5573496200871
"LINC03009",2.55678083045428
"PYGM",2.55666992304202
"HNRNPA2B1",2.55564138070939
"LIPM",2.55548550663014
"RBKS",2.55387018257375
"SPTBN1-AS1",2.55340987824905
"RANGAP1",2.55193988857625
"ANTKMT",2.55192924757594
"NISCH",2.55160451054285
"PRICKLE2-DT",2.54880811745118
"CLN6",2.54855378459464
"PDK2",2.54400323089746
"ZNF670",2.54318437527072
"TADA3",2.5429622282891
"EPHX2",2.54293046003757
"MTG2",2.54257376423726
"CEBPZOS",2.54201861356495
"PRR18",2.54129742864813
"ZNF593",2.5404634712762
"SDHD",2.53905004648375
"CPP",2.53899448779139
"ZKSCAN1",2.53892430478426
"TUBB2A",2.53858016266009
"EXOC6",2.53801591331414
"NUTM2B-AS1",2.53476037926765
"ZNF615",2.53417341562505
"TADA1",2.53347542232264
"PLEKHG2",2.53288948472536
"SRPX",2.5313787195877
"DPRXP4",2.53068390294126
"ZKSCAN7",2.52891606855236
"AAMDC",2.52811757955407
"STX18-AS1",2.52784654976671
"FAM199X",2.52746609711295
"CAND2",2.52653517956055
"RPIA",2.52496790417765
"CECR9",2.52451254119191
"CABLES2",2.52402493849545
"LINC03016",2.52309256703818
"LINC00205",2.52213932988023
"NARS1",2.52130003366862
"KRT18P10",2.52103181288976
"ARL6IP6",2.51834352699226
"XRCC5",2.51257299291625
"ADAMTS2",2.51223325676909
"LY75",2.51069677977341
"IRAK1BP1",2.50986747699265
"RBM25-AS1",2.50900278832875
"ARMC1",2.5079641923314
"RNF181",2.50783843923835
"CIBAR1P1",2.5067822121633
"SMARCAD1",2.5059479078086
"FER1L5",2.50518167341019
"ERCC6",2.50441742965602
"MMADHC-DT",2.50409168120049
"LINC01340",2.50369404314701
"EXOSC5",2.50311202808343
"EIF2AK2",2.50131356075815
"MIR326",2.50073467045563
"FLICR",2.5006476348588
"COMMD5",2.50013972824562
"SCARNA20",2.49994372933342
"CSMD2",2.49896233385242
"LDHBP1",2.49864756982929
"GPR82",2.49851684958214
"CYP2D7",2.49627831272187
"SLC39A10",2.49589433864015
"H3P39",2.4950618850425
"NQO2-AS1",2.4922056177371
"GNL1",2.4916316478576
"CCNYL1",2.49062749408592
"ID2-AS1",2.49023300714459
"RCCD1-AS1",2.48979920688336
"ARHGAP10",2.48888007805006
"DPY19L2P3",2.48867893479931
"ILVBL",2.48830588371998
"MARCHF2",2.48747610116699
"CAMKMT",2.48323216995849
"TRMT44",2.48219871885316
"RUVBL1",2.48191904719569
"HNRNPA3P6",2.48176576150357
"ERVMER34-1",2.4817582264257
"SHISAL1",2.48055421110063
"EEF2KMT",2.48053717207817
"GJA9",2.47994772097485
"RNF135",2.47871158235083
"DPP10-AS1",2.47856667945308
"MTND4LP30",2.47719294456006
"PRICKLE3",2.47705390505228
"EMC8",2.47444342382051
"KHDRBS1",2.47405835671356
"EPM2A-DT",2.47369564394902
"RNU6-388P",2.47337277087312
"CFAP73",2.47087165403484
"DENND2D",2.47007683604857
"ACAP3",2.46991687390593
"CCDC180",2.4697547032772
"PTCHD1",2.46872001565396
"AR",2.46789106803418
"SLC38A11",2.46708358999011
"DNAL1",2.46701680030781
"SYVN1",2.46699149206726
"CENPS",2.466412265737
"TM2D2",2.46505607099537
"SKP1",2.46253389629615
"CASKIN1",2.46202116047677
"LINC02076",2.46133068151949
"GPR18",2.46130854859218
"RNF11",2.45971862160146
"BMS1P14",2.45879898831193
"SPDYE14",2.45866857100576
"KPNA1",2.45625049659799
"FLCN",2.45598823099143
"KRT73",2.45534240169889
"NME4",2.45471031109155
"RMDN2-AS1",2.45431962072066
"KLC2",2.45409323750676
"PCM1",2.45237907787991
"SHQ1P1",2.44928787282658
"LINC02926",2.44928787282658
"MTMR10",2.44698952307363
"ALDH1L1-AS2",2.44604455391323
"TNFAIP1",2.4425244832636
"KCNJ14",2.44208114532168
"ZNF112",2.44193276343581
"SCAP",2.4417566622986
"SCRN1",2.44170458604546
"SHKBP1",2.44115054354385
"DUSP10",2.43997297605265
"AK4P3",2.43948786919726
"UBXN7-AS1",2.43762989605615
"RAD1",2.43751954664208
"CLIP4",2.43646108960264
"WFDC12",2.43612174045478
"MRS2",2.43353580211362
"PLK5",2.43235456694567
"HES1",2.43201680095005
"ORMDL2",2.43165445567177
"KRT8P32",2.43165218998935
"TRPC4AP",2.43155166653306
"CNTF",2.43133080862372
"UBE2SP1",2.42749740925301
"ALG3",2.4268535187473
"PRDX1",2.42557193299057
"RPS15AP19",2.42274825763694
"PRDX6",2.42240961352002
"CHRDL2",2.42160596386024
"MRPS15P1",2.42160596386024
"AGFG2",2.42158307784101
"ATP5MC3",2.41824783803403
"SMIM1",2.41805039122607
"RNF207",2.41640826569587
"NOL10",2.41576677393572
"MIR188",2.4152912422724
"BEND6",2.41235000571502
"PAPOLA-DT",2.4122138588755
"DNAH11",2.41114332795129
"LRRC8A",2.41095242050143
"NUDT8",2.4103982352983
"HINFP",2.40921623804631
"RNA5SP365",2.40906620112039
"TMPRSS11CP",2.40719457517329
"PLA2G15",2.40574256212331
"ARL6IP4",2.40324281983182
"BRK1",2.40289515180701
"SIK2",2.40251788414395
"PAK1",2.40228276414336
"SF3B6",2.40218336258216
"PCDHGA10",2.4017342640681
"TUBE1",2.40079420405271
"SERBP1",2.39975394298768
"MFSD1",2.39963732983886
"ZNF623",2.39783595334244
"TPI1P1",2.39777495310103
"CTSO",2.39739309675599
"DIDO1",2.39721362946418
"BCCIP",2.39527599074907
"LINC02824",2.39126136850934
"SYT7",2.39115433224588
"GK-AS1",2.38896867859624
"ACSL4",2.38880996600576
"GOLPH3L",2.38813068695056
"LRRC41",2.38683519969346
"RBBP4P1",2.38413198129406
"HOXC10",2.38341724294455
"LMO4",2.38159470463848
"TMEM169",2.38048310455745
"ABHD4",2.37878036692989
"ERAP2",2.37871040648356
"PHRF1",2.37861566813731
"FGF8",2.37749561483443
"ZMAT3",2.37612261728521
"GPR32P1",2.37491545807412
"AIFM3",2.37463437455205
"KDM1A",2.37450939317201
"MRGBP",2.373792376017
"E2F4",2.37267061997772
"TMCO1",2.37203999123923
"NPEPPS",2.36977839706083
"ATF6B",2.36908020021791
"RNU6-239P",2.36713402470821
"ZNF407-AS1",2.36662529864447
"LIMASI",2.36635226001378
"OTUD7B",2.36556566689618
"HIPK1",2.3646746822255
"LINC02912",2.36443434298759
"FAM151B-DT",2.36324062949828
"PPP2R2D",2.36309159424356
"IRF8",2.36302026849557
"FAM88B",2.3623089018851
"RPP21",2.36165551719344
"LARP7",2.36140963826888
"BAIAP3",2.35929136684245
"C1GALT1P1",2.3587358223913
"CTR9",2.35838536192189
"SF3B1",2.35806788313845
"POGLUT2",2.35667230629631
"PLB1",2.3560147077231
"NDUFB4P1",2.35460722105464
"RNU6-347P",2.35460722105464
"OLFM2",2.35435389900864
"NEIL1",2.35401173666368
"BTN3A1",2.3539524840629
"GCLM",2.35338806091334
"TMEM160",2.3520669760975
"LRRIQ4",2.3504966321647
"UMOD",2.34805475983214
"RAB11FIP1",2.34671158535623
"UBE2D3P2",2.34597946645195
"RPS6KB2",2.34444126123307
"LRRC57",2.34407108208121
"BANF1P4",2.34313483340085
"INTS10",2.342149260402
"PACSIN2",2.34145668233481
"MIR7854",2.34144530468258
"ANKRD13C",2.34105122739651
"SUCLG2P2",2.33931801422717
"AGPS",2.3382110398546
"TMEM123",2.33778212802636
"WSB2",2.33673019277501
"BCKDHA",2.33669004282747
"DCAF7",2.33395038931646
"BEX2",2.33376257425371
"SLC48A1",2.33265824703381
"SLC25A51",2.332185656477
"ZDHHC21",2.33165162229973
"CSNK2A2",2.33099314619601
"LRPPRC",2.32950527485368
"ERVE-1",2.32942146989662
"LINC02997",2.32914847286243
"CKM",2.32808909579903
"GREM1",2.32804759769879
"ZMYM4-AS1",2.32800126299104
"BLTP2",2.32637162634645
"CAPZB",2.32463974843086
"RMDN3",2.32333932211046
"SUMO1P3",2.3211184256281
"PSORS1C3",2.32045581714726
"MAFTRR",2.32045581714726
"HADHA",2.31962091591139
"LARP1",2.31933597825924
"TTC39C",2.31930926296659
"ACAA2",2.31900727781259
"EMG1",2.31830445797658
"RTL8C",2.3175227028131
"LIMD1",2.31652683289888
"VPS4B",2.3163688597439
"MBNL3",2.31513615947917
"TRANK1",2.31448193471547
"ANP32E",2.31344185305062
"NR2C2AP",2.31270258517873
"TJAP1",2.31189014910781
"ZBTB3",2.31154438011183
"NXF1",2.31073846030536
"LINC03122",2.30981706816392
"TNFRSF10D",2.30812114922103
"STX5",2.30696392695463
"IBTK",2.30623775288846
"NBPF15",2.30442644178698
"MRPL58",2.30437628294543
"ADM2",2.30428174755985
"PFDN1",2.3042558814442
"MSH3",2.30375900695319
"ADAM8",2.30340372934131
"NUP153-AS1",2.30332169185767
"DNAJC9-AS1",2.30281216321256
"B9D2",2.30257822708356
"MEIG1",2.30242533220679
"MMAB",2.30203574063726
"TMEM185A",2.30100881862138
"GLUD1",2.30000265889312
"GALT",2.29965493702249
"PKN2",2.29686042051908
"PPIL2",2.29547759872542
"FAM120B",2.29202346022495
"MIR93",2.29193800731371
"RNF6",2.2903114086217
"SOCS3",2.29001070202333
"HSFX4",2.28830910498232
"DDX56",2.28651707967761
"JCAD",2.28615123786572
"LMO7-AS1",2.28582438666306
"GIRGL",2.28527800090393
"TP53I13",2.28515430202914
"NTAN1",2.28479275421045
"TMSB4XP6",2.2845459852662
"PWWP2B",2.28448926619309
"LINC01704",2.2836773245617
"RNPEPL1",2.28342513027922
"FMC1",2.28256160265085
"PCIF1",2.28225947079828
"RASGRF2-AS1",2.2814850423583
"TOB2",2.28147532899323
"RPSAP8",2.281425063092
"CCT7",2.28076987135019
"PARM1",2.27994339202616
"POGK",2.27919950506716
"ZNF32-AS1",2.27803479763398
"MPC2",2.27706645699895
"FMO3",2.27696879474575
"PEPD",2.27663448049112
"MTND4P30",2.27597303185597
"GSTM5",2.27428910596626
"PNISR-AS1",2.27362574040232
"ASPSCR1",2.27346757704381
"COA5",2.2730024180025
"ATF2",2.27098848935578
"VPS52",2.27021146645277
"MRPS34",2.26846476665605
"LINC01359",2.26690169231968
"TRIM37",2.26649533027651
"CD46P1",2.26646329156618
"KANK4",2.26551931761673
"LINC01102",2.26551931761673
"RHO",2.26551931761673
"HTR3C",2.26551931761673
"GAD2",2.26551931761673
"GRIN2B",2.26551931761673
"ABITRAM",2.26539441549884
"SERPINB13",2.26476052033076
"PLEKHB2",2.26474468069796
"GAS2",2.26397637583406
"TBC1D9B",2.26396827158627
"HNRNPF",2.26273554098497
"MICOS10",2.26260808824304
"PHKG1",2.26191974030557
"SLC45A3",2.26073173919983
"FAM136A",2.26061694811795
"H2AZP2",2.25966198950789
"NPEPPSP2",2.25934204342526
"LINC01829",2.25771728821235
"FBXO7",2.25657306703394
"ORMDL3",2.25590123032374
"KLHL18",2.2540937392896
"RPL11P3",2.25239227562659
"C2CD6",2.25187005375843
"EXOC5P1",2.25105953405217
"PCTP",2.25089984674308
"NCKIPSD",2.24992867794104
"ID2",2.24906404462153
"KCNAB3",2.24843421549123
"TUBGCP4",2.2483861936676
"EYS",2.24708505092084
"TMEM225B",2.2469638424423
"CYB5D2",2.24288507545638
"TPMT",2.24257900790797
"TNFAIP8L1",2.24213822320102
"TMUB2",2.24183939376151
"SAP30",2.24112611932774
"RNU4-86P",2.24097151230796
"BLCAP",2.24028195827984
"KIF2C",2.2397814831738
"EIF3J-DT",2.23921654950557
"TIMM9P2",2.23885011340329
"RRM2B",2.23774953534321
"FRYL",2.23760768787887
"ZDHHC24",2.23612821673512
"YWHAQ",2.23561121878264
"OR2B3",2.23541710534601
"MEF2B",2.23541710534601
"TYK2",2.23518249737523
"PCBD2",2.23447528979811
"RPL36AP16",2.23405291019731
"ZNF74",2.23380427340758
"IL17RB",2.23032900136066
"COX6A1P2",2.22957810990789
"COG8",2.22832576998544
"LLPH-DT",2.22811623578817
"SLX9",2.22791458393186
"KCND3-AS1",2.22777143781265
"RN7SL524P",2.22620111243308
"CDC14A",2.2246384279949
"RTN4RL2",2.22348360524391
"SUDS3",2.22342443956298
"BAG1",2.22217488457627
"HDAC6",2.22089880896544
"LINC01703",2.22037272184168
"ARPC4",2.21819481322948
"PSMD4",2.21780681546995
"RANBP3",2.21767234781338
"CRYBA1",2.21718883170876
"RN7SL270P",2.21644608506839
"FAM222A-AS1",2.21545422689273
"NUP205",2.21438198956401
"CD99",2.21413981589526
"LINC02341",2.21401768432734
"NOXO1",2.21384826593051
"EML5",2.21373674037263
"UBE2R2-AS1",2.21321977747597
"ZNF76",2.21143304096816
"VPS35L",2.21109253315594
"ADPRS",2.20890769353351
"KCNJ9",2.20882318406585
"UBE2D3P1",2.2087648521398
"GTPBP3",2.20607912331257
"NAA40",2.20579892665041
"COQ4",2.20471264686481
"THRA",2.20392795914596
"DST",2.20363202891808
"MIR3936HG",2.20326977998094
"MRRF",2.20271577623285
"TTC32-DT",2.20142498998838
"NSD2",2.20124020109774
"PARGP1",2.19875884867597
"MFSD6",2.19847032200178
"DDX27",2.19838993831796
"RABGGTA",2.19754558880081
"NPM1P27",2.19532924727
"PDE8A",2.19402905737145
"EBI3",2.19374590540027
"ENOX1",2.19333951256133
"RNU6ATAC7P",2.1926288353727
"IFNGR1",2.19160571587251
"BAP1",2.19019691794607
"PI4K2A",2.19006666354797
"STAT5A",2.19003724335394
"FOXO4",2.18967370824753
"ALAS1",2.18960014199976
"INTS12",2.18897826383349
"AMMECR1L",2.18722887244498
"LINC02284",2.18719302197035
"ZNF695",2.18634079771704
"NARS2",2.18348812605007
"TAS2R20",2.18227029494101
"CYP4V2",2.18062369487306
"PTPRJ",2.17955433784496
"RELCH",2.17701866610327
"INTS14",2.17690637403557
"CCDC157",2.17632535451235
"KRT18P4",2.17442974975995
"HACD2",2.17396724830394
"VGLL2",2.17365981210708
"MBP",2.16749935151928
"LINC02067",2.16460231161946
"SAP18",2.16360437381661
"FAM20B",2.16227823530465
"IKBKB",2.16212087595892
"CFAP99",2.16053514645254
"KCNMB2-AS1",2.15899090001186
"HNRNPKP4",2.15889978661041
"TAS2R14",2.15819539063429
"ZNF799",2.1524863177114
"ZNF557",2.15129290151623
"FUT10",2.15026222112618
"LINC01607",2.14959302702901
"ZNF148",2.14765197880367
"TRMT2A",2.1473113540262
"SP3P",2.14497986232023
"RN7SL107P",2.14331297530462
"SMAD2",2.14316621710178
"EIF5AP4",2.14169939146582
"GADD45GIP1",2.14169769487081
"MTATP8P2",2.14155680672907
"HEATR9",2.14150467989602
"NDUFA6-DT",2.14025229890144
"ANXA5",2.13840802485201
"FRS2",2.13749430528088
"GPR89B",2.13746821936342
"VPS4A",2.13697473010938
"ZNF440",2.13582840507956
"KRT73-AS1",2.13541877305743
"THAP6",2.1350396349955
"ADH5P4",2.13263866414409
"ASXL2",2.13070473101004
"JADE3",2.13003706427338
"HSD17B7",2.12955613413129
"HMGN1P12",2.12816408624172
"SMIM10L2B-AS1",2.12816408624172
"MIR4480",2.12816408624172
"NLGN4Y-AS1",2.12816408624172
"EMC6",2.12694173793614
"CPNE9",2.12665798680419
"THOP1",2.12609810039936
"ZNF480",2.12597057371442
"WASF2",2.125890902088
"DENND1A",2.12570133859132
"XPNPEP3",2.1253760098379
"LRRC75A",2.12451134298623
"SAP130",2.12450700659788
"KLC4",2.12418696975652
"DMAC2",2.12324225371558
"ACER2",2.12312717717267
"SPG11",2.12309295842407
"BTN2A1",2.12257159255203
"APOL3",2.12191530026583
"PHLDA1",2.1218117318676
"MNAT1",2.12168761436826
"NAA38",2.12157203673692
"ZNF354B",2.12080123516105
"METTL23",2.11981934233021
"TUBB2BP1",2.11948843622175
"GBX2-AS1",2.1194329450629
"CXCL10",2.11941837656078
"EPN2",2.11921824409198
"UNC13D",2.1190369624089
"TTLL5",2.1170380697278
"ALG1",2.1136736494957
"SF3B2",2.11339275830631
"PYCR1",2.11189362591728
"ZNF254",2.11174368061383
"NDUFS1",2.1117381697167
"RPL36A",2.11077414052557
"DGCR6",2.11004088172146
"LINC01278",2.10881765753619
"SERBP1P5",2.10875662336847
"RHOA",2.10647374153608
"METTL5",2.10568472707021
"MAPK9",2.10455921054147
"SLC35G6",2.10449382726829
"WASHC4",2.10340281496978
"RPL19P5",2.10316463700304
"ZNF649-AS1",2.10050856494058
"DLL1",2.09811646866489
"LINC01917",2.09627148977786
"AHSA1",2.09489052897487
"GPR83",2.094616548053
"PRKCA",2.09348002181143
"MYCBP2",2.09283261780702
"MADD",2.09230181358162
"NADK",2.09130652280107
"TIGD6",2.09100621299141
"SLC45A1",2.08875652622638
"PIGA",2.08748735668688
"PPIG",2.087464609263
"PAQR8",2.08719331805505
"GARIN5A",2.08540621318143
"RN7SL713P",2.08428637704591
"RNPC3-DT",2.08304765770689
"CLCA4-AS1",2.08284928767737
"STAB1",2.08103924985012
"ANKHD1-DT",2.08103861201953
"PRKAB1",2.08002876059401
"S100A4",2.07795090345418
"F8A1",2.07772252055941
"COPS8",2.07631609334211
"NFYC",2.07417226774347
"AGA-DT",2.07326301464045
"DNAH10OS",2.07227819763673
"SPARC",2.07223717465187
"CEROX1",2.07214715224072
"CALM2",2.07063136171184
"TWF1P2",2.06973796333262
"MIR3939",2.06782079750423
"CPSF6",2.06695469327954
"DBI",2.06690728570264
"FAM118B",2.06674098430578
"CBY3",2.0665458854052
"PRR13P3",2.06406232360358
"ISG15",2.06220438416763
"HNRNPCP7",2.0619003211325
"SLC25A33",2.06111125457843
"RSPH1",2.06018219538746
"MCUB",2.05984331118784
"BRI3BP",2.05972869486159
"COX4I2",2.05806475104488
"IQCJ-SCHIP1-AS1",2.05784587622649
"ARHGAP31-AS1",2.05784587622649
"STX4",2.05521128273043
"PDZD7",2.05517019044751
"RNU6-945P",2.05455299843697
"CDKN2AIPNL",2.05397185035627
"PUS7",2.05221921505001
"RNU6-1283P",2.05185495390399
"MAPKAPK5-AS1",2.05115146607024
"ABHD15-AS1",2.05078716478025
"LINC01908",2.04850398861564
"LINC01839",2.04809297229834
"GRAMD1C",2.04807235779878
"SAYSD1",2.0455400601644
"TEP1",2.04486411917245
"MAB21L2",2.04436751419262
"SPACA6",2.04294207846781
"THAP12P7",2.04244580441978
"ZMYM3",2.04163909549282
"STRADB",2.04145565803875
"CSKMT",2.04128427744017
"DNAJC8",2.04102749055965
"CNN2",2.03859558241886
"LINC02560",2.03618033007639
"WDR41",2.03086189745286
"ACAD10",2.03001153351918
"THAP7-AS1",2.02907051212467
"TMEM223",2.02596628443797
"NDUFS5",2.02350823143472
"TP53TG1",2.02308677912126
"EPHB1",2.02305887289218
"CAMK1",2.02159477432879
"DHRS4",2.02120429482396
"CTSA",2.0210978279951
"RENBP",2.02051908439225
"SPMAP1",2.01994232810579
"PFN1P1",2.0191024593913
"MINPP1",2.01889195372588
"NKIRAS1",2.01887903401036
"GLB1",2.01860880194355
"KRT14",2.01805765596194
"SDHAF2",2.01769260800525
"PSMD13",2.0166762025871
"LINC01878",2.0164822426585
"GSK3A",2.0156579397253
"CTTNBP2",2.01510622202266
"LGALS12",2.01391146740804
"CSF3R",2.01086093453332
"ENTR1",2.00938530054001
"RPL23AP64",2.00806409217287
"MIR429",2.00571865128847
"RNU6-702P",2.00571865128847
"KIF19BP",2.00407749687019
"GON7",2.00277530911135
"AP3B1",2.00245276774763
"SEPSECS-AS1",2.00158825916578
"RNA5SP260",2.00139753892491
"POFUT2",2.00028701160213
"PKNOX1",2.00021170305934
"PHF3",1.99974339508027
"WDR44",1.99903746924041
"NDUFB3",1.99786970153575
"ST6GAL2",1.99743464559739
"ELF4",1.99663270028127
"NFYB",1.99517963043757
"BAALC-AS1",1.99467185983459
"NCMAP-DT",1.99401952577749
"GINS3",1.99296733648183
"UBE2D3",1.9894597575758
"FCER1G",1.98917137178984
"SEPHS1",1.98886356530526
"DTNBP1",1.9878791874277
"CDKN2AIP",1.98544676005221
"MRPS21",1.98489659085942
"FTOP1",1.98455555098841
"TAF6L",1.97906879811344
"KRT18P29",1.97900802213996
"PALS1",1.97753036639315
"LARGE1",1.97660169657007
"PHLDA1-DT",1.97640021488296
"CASC16",1.97485382547318
"ABCC1",1.97408093895068
"HOMER1",1.97224840172362
"MIR6126",1.97186590531251
"HMGN2P41",1.97137282058101
"MIR4527HG",1.97116710113169
"PCYOX1",1.97078822592725
"GOLGA7",1.96721283615253
"C2orf49-DT",1.9668844366742
"VPS37C",1.96440508688059
"SGK2",1.96434130047017
"ELOCP19",1.96403433846153
"RPL35AP16",1.96252968704223
"RN7SKP266",1.96212808942895
"AIPL1",1.96212808942895
"EXOG",1.96054570863317
"CYP51A1",1.96053451004503
"RLIMP1",1.95973703398057
"CCZ1",1.95929583639878
"RCAN3",1.9570468886471
"HADHB",1.95686346647312
"TMEM214",1.95627813352655
"RPSAP21",1.95523401861953
"PSMA2P2",1.95500098334791
"ATP2A1",1.95477167133047
"SRCAP",1.94897841798617
"GCNT7",1.94848040288506
"ARHGEF40",1.94807150231343
"FAM98C",1.94723278119927
"SEPHS1P4",1.94686575924464
"MALINC1",1.94666155240441
"LSM7",1.94656755141591
"ECH1",1.94650386689565
"ZNF182",1.94535184450157
"MRPL11",1.94502315737297
"HFM1",1.94465501136164
"TMEM131",1.9444332138261
"GLRB",1.94398051456647
"PYGO2-AS1",1.94389640059629
"KIAA0586",1.94079141465908
"USP6NL-AS1",1.94057110290375
"GDI1",1.94048095527895
"KLHL2",1.93971392764517
"NCOA5",1.93908719801777
"PTOV1-AS2",1.9372582974645
"TAFA5",1.93617606310252
"GDF11",1.93574765429222
"DNAJC30",1.93542089330464
"ARPC1AP3",1.9344963973087
"TAOK1",1.93143305893348
"FLYWCH2",1.93128224605161
"GFM2",1.93023215875181
"DNAJC14",1.92949766160738
"VEZT",1.92906131005623
"EXT1",1.92897839236153
"PTCRA",1.92851688575566
"CTDSPL2-DT",1.92819567258399
"MBNL1-AS1",1.92731526981828
"TIMMDC1-DT",1.92680449245571
"TMEM101",1.92615697141739
"MEPE",1.92577863668097
"DLX5",1.92577863668097
"RPS10P16",1.92476338920735
"POLR2K",1.92406184465548
"BNIP3L",1.92394891514889
"DOP1B",1.92214430894533
"OXSR1",1.92102357875681
"UTP14A",1.92101598211334
"ZNF16",1.92088543434046
"CELF6",1.92078725950003
"TP53BP2",1.92046088015126
"SLC31A2",1.91917135066818
"KCTD5",1.91822836614928
"STIP1",1.91714223055872
"LINC00526",1.91646353137161
"ZFP36",1.91634777130037
"ISG20L2",1.91516486275184
"FIP1L1",1.9139172822184
"ATP7B",1.91364312020946
"RNF10",1.9117464661303
"ASH1L-IT1",1.910191864817
"SHANK3",1.91003328139861
"BCL7B",1.90994312774762
"BBS10",1.909210609653
"RPL4",1.90872099074861
"MIR3682",1.90855188086566
"MC1R",1.905910301892
"EIF2AK1",1.90508663872981
"BIVM",1.90485400791043
"RNU6-694P",1.90362344347334
"CALML6",1.90327269111469
"LRRC69",1.9027256772382
"GJA5",1.90202092683314
"C1orf167",1.90180348498223
"SLC25A38",1.89982517849558
"ERLIN2",1.89937184840848
"JAKMIP2",1.89880972298369
"SIRPAP1",1.89880972298369
"PRR13",1.89704167251316
"LINC02078",1.8966533054524
"DNAJA2-DT",1.89659319831107
"RNU6-140P",1.89649164308732
"NMT1",1.89478439302242
"MAP7D1",1.89468223944803
"CHMP7",1.89150840401751
"SNTB2",1.89011738194592
"PHLPP2",1.89003094077284
"DDX23",1.88950449452245
"TNKS2",1.88887117029256
"PABPC4L",1.88875435652125
"RNU6-379P",1.88447721852047
"NPIPA1",1.8821533675796
"RRAGA",1.88206679479814
"EIF4ENIF1",1.88016038443364
"EFNB3",1.87929066953004
"MTRF1",1.87797714106681
"JOSD1",1.87638434899412
"MTCYBP18",1.87634620220051
"NUP85",1.8757037328218
"DAGLB",1.87488415511477
"BLMH",1.8746679681496
"CCDC47",1.87283434058711
"KNDC1",1.87277863484598
"HMGN2P6",1.87171279248049
"EFHD2",1.87164311649708
"RELA",1.87070850670006
"RAB3IP",1.87021818867569
"MAPK6-DT",1.87001414657969
"RFXANK",1.86803341815613
"MAPRE2",1.86702965787577
"NUDCD3",1.86571834138254
"OR7E128P",1.86562620826672
"CLYBL",1.86474174460599
"BMS1",1.8631963299056
"MYZAP",1.8620226772507
"SNIP1",1.86129760336914
"POLR1D",1.86098608129965
"HYI",1.86060632267816
"NIT1",1.85926516530984
"LINC01202",1.85863280261303
"RNF121",1.85729375502423
"CEACAM16",1.85710492364557
"JMJD4",1.85672129025334
"SPDYE6",1.85665864847146
"RNU6-1024P",1.85515002369036
"CDC20-DT",1.85506271930804
"TMEM219",1.85412890575799
"BLZF1",1.85364430042917
"CIST1",1.8534523418531
"CCDC142",1.8522604225169
"MLEC",1.85135449047044
"SMAD5",1.85019684221685
"SUMO1",1.84988064972727
"IGDCC3",1.84962257312723
"NPM1",1.84958396337058
"VPS41",1.84851850126457
"VDAC2",1.84732014680348
"LINC01277",1.84608219003894
"FKTN-AS1",1.84512996734618
"NDUFB1P2",1.84506190342607
"LINC02596",1.84506190342607
"METTL15P3",1.84506190342607
"LINC02821",1.84506190342607
"WDR83OS",1.84370870647536
"FGD5-AS1",1.84344052864125
"CYSTM1",1.84250166530436
"POLRMT",1.8411341953443
"CLCF1",1.83851066758976
"SETP10",1.83819094708041
"ZNF849P",1.83819094708041
"RHOQP1",1.83785437475817
"RN7SL178P",1.83751399341413
"RNU6-198P",1.83645617436222
"DNAH17",1.83565056402644
"PARP8",1.83457897329994
"PVRIG",1.83371482565121
"STPG3",1.83371482565121
"ANO9",1.83340572688165
"ATXN2",1.83104584003194
"DIO2-AS1",1.83057412384227
"PROK2",1.82935838187269
"MLLT11",1.82869639417257
"NEDD8P1",1.82869347213151
"HIF1A",1.82835681027902
"GOLGA6L10",1.82793687298596
"HCG11",1.82789332524564
"NDUFV2-AS1",1.82746025011431
"EMB",1.82622502049675
"RPL23AP52",1.82379738622867
"RPL29P20",1.82247281480227
"NOC3L",1.82126280214994
"LINC03033",1.82121377418941
"ZNF865",1.81989918563204
"BOD1",1.81969167695937
"DPPA3P1",1.81917301182902
"LSM6P2",1.81900796706931
"KIAA0930",1.81879000130295
"SNAI2",1.81712415157945
"CSNK2A3",1.81684696289121
"NSFL1C",1.81645427186636
"BPNT2",1.81455338159485
"OTULIN",1.81413864275288
"L1CAM",1.81205176736922
"PGM5P3-AS1",1.81118341870198
"BTBD1",1.81083219261727
"FBXO4",1.81013543884614
"SHOC2",1.80964796766187
"VMA21",1.80898419469999
"RNU7-38P",1.80880910595124
"S100A1",1.80757566215751
"NRM",1.80668138625175
"PREPL",1.80592643995325
"CIROP",1.80573581291834
"DECR2",1.80569619195213
"LINC03013",1.80522196592185
"GFM1",1.80399601976642
"DKC1",1.80385751911684
"SMG7",1.8012407586598
"USP33",1.80080759984509
"NUDT1",1.80051400717435
"RNF213",1.79972626063135
"RPS18P12",1.79929957874774
"PIM3",1.79906182708317
"SRSF10",1.79794278051558
"SUPT16HP1",1.79773723014618
"SPMAP2L",1.79654814408398
"LINC00456",1.7947921135178
"PLAGL2",1.7915390826591
"KDM3A",1.79065787969525
"CZIB",1.79004220105904
"MAGIX",1.78905537269943
"ZNF808",1.78824256899664
"DAP3",1.78782120771001
"THAP5P2",1.78761395676927
"DDX52",1.78726646339694
"KRT8P8",1.78669308988865
"ORC4",1.78606599992619
"OBI1-AS1",1.78591528432856
"LZTS1",1.78568398366929
"MAPK8IP3",1.78455589190225
"MILR1",1.78430736883119
"MIR374C",1.78381353790402
"HOXA-AS2",1.78347162246018
"ENDOU",1.78297689967607
"SUMF2",1.78292886131485
"ZC3H10",1.78264743380042
"PDE3A-AS1",1.78061443435896
"EIF4EBP1",1.78052375491274
"PSMA3",1.77928508546749
"FANCG",1.77614411051246
"HTR1D",1.77534403662212
"CLMN",1.77477601410194
"DNAJC13",1.77364658359188
"SND1-IT1",1.77321806259798
"KIF1C-AS1",1.77254117082505
"LINC02796",1.7718222409158
"RAPGEFL1",1.77143697419386
"PCGF7P",1.76751599983347
"LTB4R2",1.76666762798409
"STK38",1.76640806818651
"SLC35F6",1.76627191050761
"RFT1",1.76621602845487
"SH3GL1",1.76464068266592
"CTBP1-DT",1.76427265897381
"RPL8P3",1.76409548242331
"RNU4-16P",1.76405389417347
"RASSF8",1.76322787771602
"STAT3",1.76231074076892
"DOK1",1.76061888584477
"SLC9A6",1.75982696583242
"R3HDM4",1.75886599691698
"ANXA2P1",1.75872027893738
"RPP38-DT",1.75834669679488
"TRIP10",1.75809651004187
"UBE2MP1",1.75730492200296
"TRIM44",1.7561669910068
"SSB",1.75596598496443
"ELK4",1.75553694783724
"SPATA7",1.75488401954531
"KRT85",1.75485500514442
"G3BP1",1.75212349265135
"ZNF84-DT",1.75210607421071
"LINC02043",1.75197038440694
"PCDHB9",1.7517485317853
"NPM1P3",1.7517485317853
"AMT",1.75173713294478
"PDHA1",1.7509420859874
"HDDC2",1.75027926927112
"RPL7P11",1.75010803458925
"TCOF1",1.74805656316442
"APPL1",1.74755807525452
"BAK1P1",1.74726198443897
"LINC01089",1.74700288450869
"RN7SKP21",1.74521513489201
"GUK1",1.74124426669734
"PFN2-AS1",1.74119524452679
"CIAO2B",1.74067142316184
"LINC02181",1.74038438579942
"ABHD15",1.74008847929295
"GNS",1.73995844041382
"RPS2P4",1.73960986079795
"KIF17",1.7392784766642
"MIR1302-2HG",1.73891801984537
"TAC3",1.73870665961691
"LINC00676",1.73810595629246
"B3GNT7",1.73761314321005
"ZNF592",1.73749725732275
"KCNK12",1.73651174536811
"TRAF3IP2",1.73624825614075
"PSMB7",1.73619838270807
"ZRANB3",1.73593878451868
"RNF138P1",1.7337113891408
"MT-CO1",1.7324155708321
"HMGN1",1.73233690837083
"TBC1D10B",1.73083185265522
"LINC02044",1.730456948914
"ACAA2P1",1.73040236244563
"CENPN",1.72986875708093
"NUDT9",1.72823737554098
"CEP95",1.72719774769
"NT5C2",1.72621797531333
"HFE",1.72441480064489
"ISCA2P1",1.72242419519139
"MYCBP",1.72074472157278
"ADAMTSL2",1.7205234905787
"GNG13",1.72009076161457
"SNORD38C",1.71958527100215
"LINC02884",1.71785190022468
"MAPK13",1.71672004376272
"PCK2",1.71643847428757
"SF1-DT",1.71411361331688
"SET",1.71404877746455
"RPS26P47",1.71387473155163
"ADD3",1.71373719437492
"TMPRSS9",1.71254060925401
"LRRN4CL",1.71178039353883
"B3GNT4",1.7105034721066
"SAG",1.71035022514714
"WFDC13",1.70756931031837
"DYNLRB2",1.70714407154015
"TFPT",1.70683999773662
"ABHD12",1.70674036062013
"ACAT2",1.70498193924408
"GPAT4-AS1",1.70361092475677
"NTMT1",1.70197704355448
"WDR62",1.70078335376966
"FAM171A1",1.70016564780879
"TUBD1",1.69889900428483
"MIR320C1",1.69883780877434
"SMARCA5",1.69809573070971
"TRAPPC3",1.69727877517909
"FAM222B",1.69710214904268
"ZHX1",1.69687818697898
"TNRC18P1",1.69664949373737
"DCAF6",1.69649946377151
"SPOUT1",1.69527570649587
"NPAS2-AS1",1.6950450361504
"ADAT1",1.69420501098096
"VAMP2",1.69386768499229
"EMC10",1.6928997737965
"MOB2",1.69218575669165
"DIMT1",1.69179710151024
"GALK1",1.69013187090013
"TLE4",1.68841160157498
"LSM6",1.68621688305283
"LINC02516",1.68576094766084
"PSMD11",1.68503152549705
"PAK5",1.68376398658523
"VDAC2P5",1.67865507291357
"LARP1P1",1.67832304390272
"COMMD10",1.67754771824569
"CHADL",1.67736930373719
"MEAF6",1.6766271606689
"ANKRD10",1.67614818929401
"ZNF324",1.67594440476475
"CYB5R2",1.67424291694754
"AKAP10",1.67106128425715
"CACNA1B",1.66966739330635
"NASP",1.66892261072192
"NDUFB9",1.66854817525274
"RPL15P22",1.6672737360794
"ZNF593OS",1.66675427840003
"FNTA",1.66674929454176
"LEO1",1.66506860975759
"LINC01556",1.66392307918195
"NEPRO-AS1",1.66385832973403
"ZHX1-C8orf76",1.66357219993384
"SPDYE16",1.66331158877692
"ASB16",1.66296844957513
"PPIAP52",1.66232712642789
"TSSK6",1.66152365191405
"TIPIN",1.66068339197773
"GFER",1.65964054617335
"MT-ATP6",1.65887894181346
"SIDT2",1.65822891228701
"SPATA1",1.65815437361757
"SNORA24B",1.6580553015062
"UBE4A",1.65667368568096
"PRMT5",1.6564327683356
"CCDC197",1.65556775880029
"ZDHHC11B",1.65530469070915
"NEXMIF",1.6551029411479
"NT5DC2",1.65406245590298
"WWOX",1.65289970652454
"ZNF195",1.65227495012675
"LINC00174",1.65178146375538
"AFP",1.65101287857302
"ATP2B4",1.64985084616248
"SLC25A3",1.64957075966722
"KDM2A",1.64744851135195
"KIF25-AS1",1.64707701791109
"PANK1-AS1",1.64687784532294
"THYN1",1.64653060066164
"RNA5SP61",1.64644759198151
"FANCL",1.64524981361281
"EXOSC3",1.64293435143923
"CUEDC2",1.6420719048893
"CYP2B6",1.64134332243452
"RPL15P16",1.64123216243757
"HSF4",1.63882758165241
"DENND11",1.6384141478008
"YTHDF3",1.63722759948544
"ENY2",1.63596180207495
"MRPS18A",1.63561654461068
"SRSF11",1.6304815528558
"ZBTB17",1.62906631185281
"USP34-DT",1.62901445775349
"MIR3671",1.62860570033295
"MT1F",1.62559498738647
"PABPC5",1.62549822271097
"WDFY2",1.62537522142929
"XPO1",1.62356235281225
"CALM3",1.62306994863547
"SBF1",1.62274211636912
"SLC26A5",1.62058685442433
"MCPH1-AS1",1.62013962320968
"ENSA",1.61969044491875
"YPEL1",1.61818808483172
"LINC03043",1.61719402680908
"RPRD2",1.61714405598765
"RNA5SP429",1.61650971490285
"EMC3-AS1",1.61631143897254
"H3C8",1.61610636973446
"RPS18P13",1.61596663288761
"PAAF1",1.61542942993419
"GNG3",1.6147514270213
"HMGB1P1",1.61415253513542
"ADM",1.61411459766408
"DIAPH2-AS1",1.61393839655974
"MRPL21",1.61215504391333
"GDF2",1.61036155605967
"FOXG1-AS1",1.61036155605967
"PPP1CB-DT",1.61019258736308
"FBXL5",1.60991564763031
"POLG",1.60978210947535
"TRPM1",1.60734186541351
"CHMP4BP1",1.60619893774939
"GCHFR",1.6051287743708
"PIN4",1.60411037849491
"DEAF1",1.60272874651205
"RPL29P14",1.60171618142929
"LINC00632",1.6000516440825
"MRPL27",1.59709629545577
"CD2BP2-DT",1.59593293475056
"FN3KRP",1.59499190027487
"LHFPL6",1.59438622561622
"ARMCX2",1.59217365504932
"CYP2T1P",1.59095773731506
"POLA2",1.59050935905418
"TXNDC17",1.58948474234789
"C14orf39",1.5885016932423
"DMC1",1.58838372992514
"AGBL5-AS1",1.58770927277267
"HOXA5",1.58770927277267
"MAP2K4",1.58705637690285
"RNU6-724P",1.58673868917599
"GOLGA2P5",1.58673868917599
"KRT19P1",1.58653238226424
"DSCR9",1.58531472683559
"SPDYE10",1.58482806237095
"NOP9",1.58329611129932
"SLC25A36",1.58294847761664
"TM9SF3",1.58121093298872
"KRT8P43",1.57831773526448
"SCARNA18B",1.57793066042723
"PITX2",1.57754551041196
"NAIP",1.57724117764583
"ROCK2",1.5769550906537
"ABHD12B",1.57584166936373
"PRPF31-AS1",1.57498317303622
"DPY19L1",1.57490569796908
"CFAP36",1.57410195925675
"COX7A2L",1.57399870601725
"MON1B",1.57387777407024
"SCPPPQ1",1.57298603141622
"PCF11",1.57227764259614
"ZMIZ1-AS1",1.57222936421598
"UBE2A",1.5703528230523
"FADS1",1.56994425745248
"BICD1P1",1.56962410512804
"RN7SL752P",1.56962410512804
"MTCO3P19",1.56962410512804
"RSAD2",1.56917499057282
"SESN1",1.56769539473784
"MAP3K7",1.567418591814
"NES",1.56536513357135
"FOXP1",1.56516727655252
"TMEM14C",1.56457055666852
"EPSTI1",1.56213927332398
"RBBP7",1.56091543160402
"PINX1-DT",1.56034337488101
"THRSP",1.56009916109835
"GOLGA2",1.55979958354553
"YWHAE",1.55951545794555
"SEMA5B",1.55857932851502
"CAPN15",1.55843785369441
"LRRC37A4P",1.55800379310591
"PRICKLE1",1.55725873501022
"ZSCAN25",1.55707153997119
"SOX5",1.55704702090867
"NDFIP2-AS1",1.55658451361414
"RNA5SP466",1.55599378820545
"MT-ND4L",1.55586305620854
"RPL21P90",1.55575090351443
"LINC00601",1.55575090351443
"KRT18P18",1.5556416583611
"LATS2-AS1",1.55443155061496
"TOB1-AS1",1.5539293006718
"ZMYM1",1.55371037011195
"OSBPL9",1.55358813359
"SEPTIN8",1.55234046123019
"POP7",1.55199393053687
"GRXCR2",1.55143500330936
"CCAR2",1.55068745579502
"CLIC5",1.54976600316002
"SETX",1.54976360777844
"DYNC1LI2",1.54765705450132
"DBF4B",1.54756980110227
"PCBP2P2",1.54719436427374
"SEH1L",1.54678933193944
"CCS",1.54641704606469
"UPK1B",1.54472456335133
"VPS28",1.54287664386753
"LINC01909",1.54106334171787
"MTND6P18",1.54041631746448
"PMPCA",1.53935013884214
"CELF2-AS1",1.53926426987052
"CPNE2-DT",1.53808776197721
"RFLNA",1.5369018654231
"TIPRL",1.53688474936383
"TMED7-TICAM2",1.53612278222152
"H3C9P",1.53308915397433
"KREMEN2",1.53297998033439
"DUTP6",1.53243454650406
"MIR4512",1.53243454650406
"VDAC1P6",1.53232593225929
"ERFE",1.53228539684452
"THAP9-AS1",1.53219157972748
"TSPAN14-AS1",1.53106937815003
"OR11A1",1.53048250139492
"CCL25",1.53042954283127
"DDX20",1.53015632022825
"TUBA8",1.52870378434908
"ZNF492",1.52701053331795
"SFXN4",1.52655567220237
"MND1",1.52597468920814
"WDR73",1.52578811801683
"KIF21A",1.52551237670264
"RBM43",1.525035380344
"SGPL1",1.52351109276779
"UBAC1",1.52296399576859
"HID1",1.52282524554804
"PDCD6IP",1.51989134940314
"FOXN4",1.5196717925582
"LINC01807",1.51900752259867
"ANOS2P",1.51836999644215
"LUZP1",1.51722659297578
"DCTN6-DT",1.5171244535091
"MIR219A1",1.51711577022091
"RPL22",1.51590665007537
"RNU6-341P",1.51541612573679
"LINC02577",1.51531576740279
"NAXE",1.51471469578779
"DCAF4",1.51370227696726
"CCDC102B",1.51325420551495
"MAGOHB",1.51322722675485
"RFXAP",1.51305985597996
"RPS14P8",1.5119266881857
"EDC4",1.51084507236055
"SLC9A3",1.51037276740542
"RPL7AP70",1.51001049514239
"HEXA",1.50969196552416
"LRP2BP",1.50828886191297
"SNRPEP11",1.50823448371386
"GUCY2C-AS1",1.50696157570648
"PER1",1.50615369798836
"RAB11B-AS1",1.50536206404008
"ALPK1",1.50476102462921
"UBR7",1.50242161715667
"KCNJ8",1.50132750115372
"CUL9",1.50088935664394
"TSHZ2",1.4998928966387
"KCND1",1.49959975793816
"HYDIN2",1.49813803418059
"RPL17P40",1.4972144147655
"TEX54",1.49592778549339
"LINC00837",1.49345705111159
"DCP1A",1.49285819158371
"ELAVL3",1.49276776539752
"KRT8P49",1.48903738324478
"ST6GALNAC4P1",1.48898215702562
"DPY19L4",1.48763272369008
"TRIM26",1.4875822412538
"MYH10",1.48719823666966
"KLC1-AS1",1.48597607011471
"ZNF142",1.48581990141311
"APOA1",1.48513756367177
"ELAC1",1.48475349855667
"MTRFR",1.48230062940888
"RFKP3",1.48211702429272
"STX12",1.48159995703832
"FAM118A",1.4808678622759
"MAP3K7CL",1.48005493091384
"ACSM1",1.47786159405367
"MIR4727",1.47619686101673
"NT5C3AP2",1.47614223139144
"INO80C",1.47595028616623
"MPI",1.47529424072524
"ARHGEF7",1.47470147375434
"GLO1",1.47412327774693
"FAM161A",1.47373100069359
"CASK",1.47365825808974
"PDPR",1.47310971141055
"PRPF40A",1.47237796498272
"PRR22",1.47134413365118
"ZNF784",1.47096812751146
"VARS1",1.47060758136163
"UBE2S",1.47030403428766
"MRPL35P3",1.47016806551431
"PRKCH",1.46940123061704
"GBA2",1.46873861247752
"TAF9",1.46720764618979
"MED7",1.46592272765334
"SLC47A2",1.46586261435608
"LINC01968",1.46585591293009
"ECI2",1.46583203669101
"NDUFAF2",1.46568132115323
"ATG12P2",1.46456626095439
"SKIC3",1.46454618279539
"TRIM71",1.46423451297194
"TRERF1",1.46403355311087
"BEND3",1.46332439061255
"SNRPA1",1.46242917193571
"CFAP20",1.46098440770426
"ALYREF",1.45937410628379
"DDTL",1.45931884197676
"RPSAP61",1.45924923543702
"ABRAXAS1",1.45828605144711
"VDAC1P2",1.45756617067188
"MIR4273",1.45638063710596
"TPRA1",1.45593317309516
"ZNF335",1.45553585004374
"B3GALT5",1.45496019197342
"MIR1302-9HG",1.45472878385267
"TMEM203",1.45469229607666
"FRRS1",1.45354244327409
"ERCC4",1.4531164967796
"RSBN1",1.45293610958195
"ASIC4",1.45271327944854
"JKAMP",1.45254237842733
"ODR4",1.4519009199298
"PAQR9-AS1",1.45029442183879
"THAP12P2",1.44978804512387
"MME-AS1",1.44978804512387
"RPS18P8",1.44978804512387
"NRG3-AS1",1.44978804512387
"PSMD10P3",1.44978804512387
"MAB21L1",1.44978804512387
"GP2",1.44978804512387
"ABHD17AP7",1.44978804512387
"EIF3FP1",1.44952581175558
"WSB1",1.44907611770202
"P2RX6",1.44769694025151
"PAQR7",1.44719389728868
"SAMD4B",1.44611010728163
"HLA-DQB1-AS1",1.44471711877907
"CCDC13",1.44441661329317
"RPL7P41",1.44426324718466
"SPDYE7P",1.44287203574022
"TRMT2B",1.44195401542443
"LINC02593",1.44140008054264
"ZNF322",1.44120990590078
"SLC16A4",1.43979664444065
"ADAL",1.43951384979693
"SF3A3",1.43888215828783
"ATP5MF-PTCD1",1.43713807795238
"TJP2",1.43671241377428
"SLC9A8",1.43646641796374
"NSUN2",1.43602832980941
"PRMT5-AS1",1.43402497922084
"TRPC5OS",1.43368494694394
"CNTROB",1.43354042233902
"RBMS2P1",1.43327922059296
"TRABD-AS1",1.43203477221381
"TBCCD1",1.43190207456963
"UBE2H-DT",1.43115653726622
"PDCD2",1.43059610330486
"DERA",1.43042747611276
"MVD",1.43008012951421
"USP10",1.42927386142528
"CHFR",1.42867818978574
"APOBR",1.42851319427838
"TSPAN12",1.42772924215023
"PTPN23-DT",1.4269677592648
"CEND1",1.42609349086489
"MIR548AT",1.42562507493648
"COA1",1.42458813047188
"SERBP1P1",1.42450427184932
"HMGN2P4",1.42374174120497
"L3MBTL2",1.42374057622797
"PTAR1",1.42279871783128
"TOMM70",1.42174742634073
"COMMD6",1.42103396176851
"PHTF2",1.4199002577312
"SNRK",1.41974568897998
"RUSC1-AS1",1.4191367178266
"SSTR3",1.41630245046763
"GRAMD1A-AS1",1.41618522582546
"DUSP3",1.41483050824906
"CAAP1",1.41461005835191
"ZNF426",1.41409425557434
"CDK7",1.4089294627357
"RPL5P5",1.40867143027978
"ARL3",1.40822875085047
"AKAP8L",1.40820872944431
"PHYHIP",1.40726968860738
"IPO5",1.40707144409107
"TESC-AS1",1.40693016479666
"AMD1",1.40674289366255
"CIMAP1B",1.40631667560997
"ZNF652",1.40613733974683
"MIR4664",1.40582061690328
"TMX2",1.40534976650139
"DIS3",1.40510703756193
"AIG1",1.40363073349794
"RAP2C-AS1",1.40237675934229
"GID4",1.40227286084588
"GRN",1.40146175978245
"CICP28",1.40143442208459
"RN7SL37P",1.40067517033272
"UBE2J2",1.40016499032849
"DNAJB2",1.39928298340014
"TMEM60",1.39750628247214
"WFDC10B",1.39749835923989
"RPL7AP20",1.39488762337753
"NF2",1.39416399385162
"UBOX5-AS1",1.39410360318899
"FOXN3-AS1",1.39362801540036
"TCF3",1.39350389420701
"RNU6-768P",1.39309911823073
"PPP2R5E",1.39162058424771
"CCDC22",1.39151485724364
"HNRNPLP2",1.38996620486936
"SMG6",1.38915834032133
"PISD",1.38689432249914
"NME2",1.38614638260833
"CPLX1",1.38603732330081
"GSTT2B",1.38533145888319
"RNU6-268P",1.38532321684799
"GTF3C2",1.38433937032862
"BCAR3-AS1",1.38383509264517
"KRT18P1",1.38255047120446
"PIGF",1.38185958517414
"BNIP3P18",1.38106888230108
"GALM",1.38096065097361
"GOLIM4",1.38093134668145
"OSBPL2",1.37956378499773
"RRN3",1.37933229525925
"LYPLAL1-DT",1.37912414485183
"KLF2",1.37841617623026
"DPYSL3",1.37662435401514
"RMC1",1.37653504934614
"MFSD11",1.37557792119292
"VDAC1P4",1.37555778031334
"PRSS45P",1.37555778031334
"NFRKB",1.37494315224013
"CMPK1",1.3748579882018
"EIF5AP2",1.37461723255748
"XPNPEP1",1.37410976964667
"LAGE3",1.37403125131527
"TM9SF2",1.37326221092002
"CFAP410",1.37265257972523
"LINC01023",1.37177107656219
"AREG",1.37167459536777
"TYW3",1.37155496206345
"STMP1",1.37153000507208
"RPL5P4",1.37090380856783
"SDHB",1.37046580263814
"ZCWPW2",1.36964929575581
"FAM3A",1.36831396378751
"MTHFSD",1.3676267602522
"TTC27",1.36714982519842
"CFAP418-AS1",1.36680934629918
"MRPL22",1.36675720662145
"CC2D2B",1.36618642793302
"TANK-AS1",1.36407901180269
"RPL37P18",1.36169949555168
"RPL29P12",1.36066040504207
"DPM1",1.36032040840002
"PPIAP69",1.36021564630461
"DSCAML1",1.35965168684304
"SLC30A9",1.35685961416724
"CRCP",1.35646219008679
"RNF41",1.35525790052657
"CHPT1",1.35496897008792
"CSNK2B",1.35469056700279
"COMMD5P1",1.35460258856021
"SNAPC3",1.35367344586044
"PANK2",1.35313846898369
"SLC25A40",1.35290611073386
"EEA1",1.3523020716566
"GTF2H3",1.35147302430346
"AKAP13",1.3505432488995
"MIR7111",1.34979684942397
"RHBDD2",1.34930819550924
"GGA2",1.34878947068528
"VCAN",1.34829010504437
"TFAM",1.34823527416955
"MPND",1.34820729752531
"SHC1",1.34817776929353
"NDUFC2",1.34791997810727
"SMC2-DT",1.34652891673495
"RPL15P3",1.34626805909727
"EIF4G2",1.34506228330677
"ANAPC15",1.34454710639483
"L3MBTL4-AS1",1.34442495970296
"RILP",1.34429545867531
"TXNDC16",1.34366192652624
"NUP50-DT",1.34346629064077
"ELOCP2",1.34311858992806
"LSM12",1.34291930679614
"PRPF6",1.34178979444749
"GK",1.34103955297017
"KCNN4",1.3409573589938
"LEMD1-AS1",1.34025589505458
"MAPKAPK5",1.3401815666723
"SLC35E3",1.33751488653075
"ZC3H18",1.33716739448511
"LSM3",1.33692768285299
"MT1X",1.33494602190501
"PHGDH",1.33325284871464
"RNY4P36",1.33313056155179
"RAD51-AS1",1.33227359242176
"LINC01800",1.33157710768135
"RAB6D",1.33139355314183
"HMGN5",1.33133377259489
"PLEKHG1",1.33098282480619
"MROH1",1.33006447669777
"CYP4Z1",1.32958590052041
"TET2",1.32926017727218
"TRDMT1",1.32918897550759
"LRCH4",1.32628527918313
"PIN1",1.32556348234447
"CSAD",1.32501921595506
"PDPK1",1.32412391386183
"ABHD14A",1.32404945302476
"DNAJB14",1.32329886302531
"FBXO21",1.32327282382988
"MILIP",1.32232360809979
"LINC00641",1.3220263702854
"SNORD19",1.32144177768793
"CYP19A1",1.32144177768793
"SMCR2",1.32144177768793
"CLTC",1.32100783514716
"SLC26A4-AS1",1.32003137627483
"RPL15P14",1.31970240853887
"FBXL3",1.31844397217114
"DGCR8",1.31841625768068
"ACTL6A",1.31835721053433
"RNU6-1107P",1.31799363823869
"TIMM17A",1.31792402062183
"NKAPD1",1.31775705604631
"GNL2",1.31773037901165
"RPSA",1.31665486808532
"RNU6-307P",1.31274289249822
"USP1",1.3116027345872
"GAPDH-DT",1.31013901864594
"RPL7AP30",1.30979994182693
"B3GNT2",1.3061128255766
"SLA2",1.30547990580118
"PTOV1",1.3045398505923
"PNPT1",1.30402816545094
"CLINT1",1.30351469235397
"RPF2",1.30330186248819
"CMTR2",1.30143467688113
"M1AP",1.30024086544051
"SLC25A14",1.30007186748944
"SYNDIG1",1.30004760523631
"PITPNA",1.29878278695614
"MCM9",1.29726156092866
"RBM38-AS1",1.29726121091046
"GRWD1",1.29640154595556
"REV1",1.29608566524598
"RNU6-1217P",1.29526618941644
"ISG20L2P2",1.29526618941644
"MIR548AK",1.29526618941644
"LIPA",1.29472030577394
"RPL35AP2",1.29468471318336
"FLRT1",1.29381725203272
"RPL10P9",1.29341211860533
"MIR631",1.29240970029084
"BAD",1.29226804086044
"ARSK",1.29124713074263
"CNP",1.29118138803319
"USP38",1.29100997872158
"OAT",1.29079727468532
"MIR4434",1.28911512884553
"ARRB2",1.28861446176585
"EIF3H",1.28837183298738
"MANEAL",1.28760852874133
"COTL1",1.28744626069816
"COX20",1.2870098125981
"GALNT16-AS1",1.28685875766946
"NEB",1.28683145889887
"TSC22D2",1.28630262220799
"KCNB1",1.28549567541521
"HNRNPA1P51",1.28512187109623
"POC1B-AS1",1.28488793730781
"RPL12P12",1.28456956690671
"ZSCAN21",1.28417429454165
"SFXN3",1.28321868365915
"RXFP1",1.28287575002286
"EXD2",1.28185078030324
"MT-TS1",1.28093439274724
"NCBP2L",1.28075569324888
"HACE1",1.28062135949649
"GPR151",1.28038509441173
"TFB2M",1.27866731136469
"CXXC1",1.27857139367804
"CSPG4P12",1.2781574028238
"PGGT1B",1.27806408987921
"HOOK3",1.27774374179579
"MTNAP1",1.27765729834519
"CDR1",1.2774637201184
"CEP170P1",1.27653441215958
"RPL7P7",1.27486319646375
"OTOF",1.27484452876482
"YTHDF2",1.27376468654268
"CNPY3",1.27372950101151
"ANAPC10",1.27336968019051
"NDUFA12",1.27281843459765
"F13A1",1.27134133758131
"KCNH7",1.27097369302113
"NRF1",1.27028330657649
"BEND7-DT",1.27022208458234
"NEPRO",1.27006164315797
"PIWIL2-DT",1.26975842122052
"CHD9",1.2694957902473
"MAPK8IP1",1.26905836970379
"BCAR4",1.26839066957262
"PKIA",1.2683383695453
"MIR4717",1.26759078869731
"ZNF777",1.26461564697507
"KXD1-AS1",1.26408894040346
"MYBPC3",1.26386579424447
"TRHDE",1.26386579424447
"TRAM2-AS1",1.26361433497594
"USP37",1.26354592703914
"SIPA1L1-AS1",1.26207881684758
"DTX3",1.26207833949864
"LINC02958",1.26207833949864
"LPCAT3",1.26189764365938
"PJA1",1.2618912548754
"PCBP2-OT1",1.26185379973394
"HNRNPM",1.260545561436
"UROS",1.26052880627873
"PARK7",1.26016157249981
"GNAI2",1.25987915326052
"NAXD",1.25982780824496
"ZACN",1.25863365010661
"QRFP",1.25816868798291
"DNAJC9P1",1.25714595581728
"CDKN2D",1.25657378698826
"ZDHHC4",1.25487133895773
"VCP",1.25476404721798
"MREG",1.25409676155426
"ISCA2",1.25361939767236
"LVRN",1.25360954990479
"STK11",1.25336293369976
"RN7SL473P",1.25311183121983
"ATOSB",1.25106302944274
"POLR2MP1",1.25013810088255
"RAI1",1.24973811608252
"RGPD6",1.24947473828769
"WNT6",1.24947473828769
"FIBCD1-AS1",1.24947473828769
"LYNX1",1.2484741361209
"PERM1",1.24828821798716
"LBR",1.24787032994673
"ASXL1",1.24767329644718
"SMIM29",1.24720900767029
"NDUFA10",1.24714426006726
"MRPL3",1.2468170938726
"ZFP64",1.24676431527933
"EEF2",1.24676222980047
"RNU1-96P",1.24672975947516
"BIRC7",1.24672975947516
"LEMD1",1.24581067908194
"RPL32P27",1.24564900955858
"GAPDHP54",1.24538271384722
"UROD",1.24288608122006
"AASDHPPT",1.24262825351292
"YTHDF3-DT",1.2416866344416
"SPSB1",1.24151913927116
"C5orf63",1.24151453426406
"YBX1P1",1.24139282527714
"SIRT1",1.2407337946215
"AK9",1.24032225464936
"DOCK9-AS1",1.23995855314007
"SPMIP2",1.23872720825429
"SARS1",1.23513102793463
"TIA1",1.23475253837522
"DENND10",1.23466445503897
"TBC1D3P1-DHX40P1",1.23409620005447
"SLCO1C1",1.2326614417951
"C1orf131",1.22983807261243
"APBA3",1.22841102723408
"EFCAB6-AS1",1.22830515601314
"HLA-DQB1",1.22815507966408
"DPYSL5",1.22769340852483
"RNU6-1190P",1.22769340852483
"RN7SL823P",1.22769340852483
"SAMHD1",1.22751954634121
"MDC1",1.22612975456843
"NRBF2P3",1.22554274373486
"RNU6-628P",1.22540388358398
"EFCAB10",1.22480993139952
"NDUFAF8",1.22372596296225
"TRIR",1.22359034538544
"OR2V1",1.22220743609647
"TRNP1",1.22083230994495
"HNRNPA1",1.22069879918209
"TTL",1.21945165167012
"TBCA",1.21803008640126
"PSPN",1.21790029181788
"PI4KB",1.21761249238322
"ANKRD33BP5",1.21721269470805
"UBN1",1.21664754293548
"NUP107-DT",1.21661378302752
"MTRES1",1.21578365725523
"MCCC2",1.21416245918633
"DR1",1.21397367373539
"NUDCP2",1.21182066107513
"GDF7",1.21157182374908
"GOLGA8R",1.21157182374908
"TMEM191B",1.21093965984442
"DOT1L",1.21051329024726
"ATP6V1G1",1.20992406533588
"KLHL31",1.20970792719669
"RAMACL",1.20908842432656
"C8orf44",1.20888497585046
"IFITM3P4",1.2087966892514
"ST8SIA5-DT",1.20862930804723
"C2orf49",1.20848475308159
"RPL37",1.20769760315246
"MIR365A",1.20626643197366
"DHRS2",1.20516629585855
"SSPOP",1.20514652413911
"TRIT1",1.20498160164409
"SEPTIN2",1.20473742803553
"RPL12P14",1.20273764954856
"NAALADL2-AS1",1.20131582034228
"MIR6825",1.20097811083494
"UNC13A",1.20097656345763
"SNAP23",1.20031441165425
"PSMD6",1.1997701277083
"PA2G4P4",1.19933144573673
"CEP78",1.19916074402706
"ATP6AP2",1.19892525514439
"SFXN1",1.19798027643009
"CPSF4L",1.19691525785171
"IRGQ",1.19594061966813
"ARHGEF1",1.19567056069015
"MIR217HG",1.19459398875579
"CTNNBL1",1.19352826832925
"UTP11",1.19340567072739
"FDPSP3",1.19333926478322
"NGRN",1.19313170821935
"MOB3C",1.19248430736245
"H3P6",1.19214114463149
"SMARCC2",1.19148299667405
"PYY",1.19112248211702
"MIA2",1.19093405689809
"PCARE",1.19077464955016
"GPIHBP1",1.19077464955016
"SLC5A4-AS1",1.19077464955016
"SLC6A6P1",1.19077464955016
"RSPH10B2",1.19059322148254
"NDUFS6",1.18872941012001
"RN7SL105P",1.18786998487256
"BMP8B",1.18756493604121
"FAHD2B",1.18729020912557
"PHKA2-AS1",1.1862997696295
"LINC01170",1.18566943073456
"KCTD2",1.18441262320017
"UCA1-AS1",1.18314089920377
"MOB3B",1.18283505869258
"VASH2",1.18264913601951
"PILRB",1.18182594507796
"TOM1L2",1.18179879679143
"CDKN2A",1.18136789579179
"TTC38",1.18085208669631
"TEX264",1.18083615295613
"TECR",1.18035243261453
"RPL39P38",1.17934405387663
"BLTP3B",1.1792237339039
"AK4P1",1.17895017967217
"RAB3IL1",1.17893371890508
"C11orf52",1.1783487036154
"ZNF384",1.17820785473177
"ZNF807P",1.17792914395791
"MGAT4C",1.17789989033359
"PSME2P2",1.17765438309969
"PHETA1",1.17696147953523
"PIGT",1.1766331216527
"CLPB",1.17642247046173
"ATP5PD",1.17603519735487
"RNU2-10P",1.17513666167434
"MIR4795",1.17513666167434
"SNORD9",1.17513666167434
"POFUT1",1.17480804628514
"SNRPC",1.173787317028
"FOSL2-AS1",1.17302582228968
"SGK1",1.17250987738601
"PFKFB3",1.17223406962141
"TMEM50A",1.17185277438795
"TAF9B",1.1711566011789
"PPP2CA",1.17092588626322
"ITGA2B",1.17076155711017
"CDK12",1.17004698370683
"ENPP7P4",1.16986264082536
"MYO15A",1.1696644703744
"LINC03057",1.1692924839331
"CCDC82",1.16743663273759
"RAMAC",1.16660839423424
"PDZRN4",1.16640071672505
"VTN",1.16632900746281
"CAMLG",1.16555708513383
"SERINC5",1.16536891261683
"LINC03109",1.16448712442443
"SNORA74D",1.16395419143899
"JTB",1.16345059677148
"RNF170",1.1629759689007
"RPS10P18",1.16296751968317
"LINC01587",1.16219250554469
"AKT2",1.16008101463255
"EXOSC8",1.15995287149749
"ADD1",1.1594327728122
"NSD1",1.15713198704612
"CDK9",1.15698986275503
"ANKFY1",1.15606595033613
"ACAA1",1.15573137899944
"RN7SL30P",1.15444950495785
"KYNUP1",1.15432272075124
"WASHC5",1.15399570763315
"CCDC192",1.15353346124261
"RUNX1T1",1.15316285407214
"RALY",1.15230281967671
"TSPAN11-AS1",1.15229675967804
"MRPS2",1.15210462229284
"H2BC3",1.15174666405264
"TCF12",1.15150329441785
"ATG16L1",1.15134549501913
"RN7SL57P",1.151280372678
"HIGD1B",1.15124353057173
"ZNF334",1.1495679110038
"ZNF354A",1.14937990708495
"DOLPP1",1.1492947646127
"AKTIPP2",1.14883628563956
"RAP1A",1.14865816779951
"SNED1",1.148064310372
"C7orf50",1.14765711138309
"LEMD3",1.14748266262812
"LRP1B",1.1474028139439
"EIF2S1",1.14679559747569
"CHP1",1.14651417499547
"PFDN6",1.14632830708095
"NSUN4",1.14482905867052
"APOLD1",1.14475805254726
"DAZAP2",1.14456702894275
"NDUFA8",1.14376004056388
"GDI2",1.14262686971361
"DDHD2",1.14256890458558
"KLHL17",1.14140056574718
"ATP5F1D",1.14064057003719
"YBX2P1",1.13996366618329
"PPCS",1.13983934069721
"TIMM8A",1.13976579914234
"MT-ND2",1.13894440942218
"SLC10A3",1.13891698417714
"DDX46",1.13864595714874
"CYSLTR1",1.13744503687176
"SEMA4A",1.13660450373986
"PRR14L",1.13605419805692
"HDHD3",1.13600992308814
"OR2A1-AS1",1.13520485549569
"HLA-DPB1",1.13510963172996
"AP2A1",1.13486427006349
"ATP5F1CP1",1.13460249831153
"MRPS14",1.13379591046263
"NUFIP2",1.13359478567337
"LIG3",1.13287402468563
"RNF5P1",1.13276530641166
"ARHGAP28",1.13231725348748
"B4GALT1-AS1",1.13190634524189
"ARHGEF3",1.13135565124779
"WWP2",1.13083301852447
"TTC32",1.13055214071748
"SLCO5A1-AS1",1.13054608364733
"PAXX",1.13017858966577
"DUSP15",1.13004595230893
"ADGRV1",1.12971429388682
"IGBP1-AS2",1.12966198214195
"YBEY",1.12936869429214
"SMARCA2",1.12919957020992
"LINC02805",1.12888893603754
"DELE1",1.12821980291498
"LINC01668",1.12712094465435
"HSPA8P5",1.12708997780249
"EFCAB14",1.12705684165243
"USP47",1.12604664326124
"NDST2",1.12594347654665
"RAB1C",1.12543229018405
"FTH1P12",1.12466203790276
"MS4A2",1.12427090771199
"DARS1",1.12363428582798
"UBFD1",1.123237083949
"DCTN1",1.12229658664024
"NOP2",1.12164475112894
"BTNL12P",1.12065019960331
"RPL21P130",1.12065019960331
"LINC00667",1.12043750880932
"LCOR",1.12034991444428
"KLHL42",1.11998656455566
"UBE4B",1.11935636290902
"LCN12",1.11919691217949
"HSP90AB1",1.11886037638415
"CNTN5",1.11867251370397
"RN7SL481P",1.11742575451905
"DDIAS",1.11485611502535
"MAP4K5",1.11459475216621
"RBMXP2",1.11458342423198
"LPP-AS1",1.11402825609782
"FAM136DP",1.11402825609782
"BLVRBP1",1.11392289206594
"KPNA2P2",1.11384378748955
"TRIP4",1.11362185993809
"HCN3",1.11332186569849
"FOCAD-AS1",1.11308750575727
"ANKRD53",1.11305090812937
"NUP62",1.11278441037569
"COL25A1",1.11212135805797
"AK3",1.11173434665345
"ERP44",1.10954196858606
"AUTS2",1.10897901584632
"DNAJC8P4",1.10874725090927
"ABCC10",1.10706724603081
"PDLIM1P4",1.10689327071186
"R3HDM1",1.1063637832782
"RPS29P5",1.10583182758321
"ZFAND2B",1.10570198493254
"CEBPE",1.10548422903416
"CABYR",1.10282091114324
"ZBTB44",1.10252395618627
"SSBP3P1",1.10248816388481
"ELOVL2",1.10142563615354
"XRCC4",1.1002103023664
"RN7SL328P",1.09960975213465
"MICE",1.09865341394507
"TCF7L1",1.09702324340996
"UNC5C",1.09677296531838
"MIR1279",1.09662639831682
"RIC8A",1.09630152631083
"ARIH2",1.09621226347645
"LINC02054",1.09582958957485
"SLC9C1",1.09501647122776
"HMGA1P5",1.09364073299253
"MARK4",1.0931693533435
"IFT52",1.09191294509621
"GANAB",1.09188902380768
"IAH1",1.09170247734017
"LINC02765",1.09146750445601
"MYG1",1.09038236014336
"PTGES3",1.0903058426682
"TDGP1",1.08942435900788
"ATMIN",1.08898652156858
"MIR586",1.08871442596828
"OR10G7",1.08849372192486
"ZBTB11",1.08835564986231
"NONO",1.08727824811445
"SPATA2L",1.08577291657793
"MIR4256",1.08534523396015
"CDKL4",1.08534523396015
"CPO",1.08534523396015
"SCARNA7",1.08534523396015
"HMGN1P7",1.08534523396015
"NIPAL4",1.08534523396015
"MTCYBP20",1.08534523396015
"IGLON5",1.08534523396015
"KIAA2013",1.08396871861872
"SLC6A16",1.08344253497411
"PRG4",1.0832834870148
"HMGB1P11",1.08291163671661
"GMNN",1.08262728937956
"ASH1L",1.08152456277115
"LINC01833",1.08107031246067
"SLC9A3P3",1.08085791541227
"ELOBP4",1.08085791541227
"SELENOOLP",1.08085791541227
"GPN2",1.0801977305454
"ANKRD24",1.08005614403849
"CAMTA2",1.07987514638677
"MEPCE",1.07962322155727
"ATG101",1.07833237065352
"CCNB1IP1P1",1.07769124885953
"PRDX2",1.07764230499388
"ATG4B",1.07762204071984
"FBN3",1.0767782686621
"IPO7P2",1.0763451701238
"LRRC37A",1.07581955948179
"PI4KA",1.07543755686747
"MTND4P11",1.07459131227603
"LAGE3P1",1.07459131227603
"ZCRB1",1.07420143245987
"ZNF714",1.07269551727293
"C20orf96",1.07160785255572
"LINC01600",1.07121191925583
"SBF1P1",1.07121191925583
"PRKACG",1.07121191925583
"MRGPRE",1.07121191925583
"CIMAP1A",1.07121191925583
"ABCB10P1",1.07121191925583
"FBXL16",1.07071760790339
"ERCC8-AS1",1.06955721761037
"SAMD10",1.06894502964068
"TMEM209",1.06842755909283
"GLS",1.06817554225811
"PIGCP1",1.06798320453769
"ZNF638",1.06781593439535
"SFXN2",1.06633189539395
"MED27",1.06609073582199
"NEK7",1.06589548341832
"TXNL4AP1",1.06577037551444
"NAP1L1P3",1.06577037551444
"GJD2-DT",1.06577037551444
"LINC00687",1.06577037551444
"ZNF454-DT",1.06563401498214
"LHX5-AS1",1.06510367208039
"TWF2-DT",1.06380263680376
"TRIM62",1.06377800387986
"FAM81B",1.06377800387986
"RNU6-934P",1.06377800387986
"RNA5SP331",1.06377800387986
"COLGALT1",1.06220175677573
"TNFRSF10A",1.0621294636406
"FAM114A2",1.06155505793762
"SRGAP3-AS1",1.06062043594536
"SYNCRIPP1",1.06046436556877
"NFAT5",1.05729574546243
"HPS1",1.0572509692054
"PLLP",1.0568741536535
"FAM13B-AS1",1.05598236736853
"EIF3L",1.05565701208667
"SAAL1",1.05369501830363
"TMEM11-DT",1.05342051615326
"GAR1-DT",1.05242259930512
"SPOCK1",1.0522960310222
"PATJ-DT",1.05169651890567
"HBZ",1.05169651890567
"POC1B",1.05150775427309
"ERCC6L2",1.05127392821709
"TOR2A",1.05123059641819
"PHYKPL",1.05121916919716
"DSN1",1.04965957973321
"CLN3",1.0495825453582
"CCDC126",1.04742286463014
"SNORD70",1.04672363070506
"MUC19",1.04498114968066
"STAMBP",1.04496566309065
"RNF169",1.04224843084976
"MRPL9",1.04151033694198
"TADA2B",1.04109539593579
"LYPLA2P1",1.0408808381722
"DENR",1.03924170786694
"RER1",1.03877250109215
"ACBD6",1.03868997278888
"NIBAN3",1.03866830211737
"FOCAD",1.03827939408991
"SBNO2",1.03822190542358
"CC2D1A",1.03764394951433
"PRKCQ-AS1",1.03700681686722
"SUMO2P3",1.03680539793905
"TMEM41B",1.03618218118599
"MIR548AL",1.03547243548736
"PAX6",1.03547243548736
"MT-TS2",1.03523083620392
"SNX3",1.03473115024632
"PSAT1P3",1.03397615624446
"FAM8A6P",1.03264070754037
"ZC3H11A",1.03241014954271
"RNU6-946P",1.03219262360676
"DNAJA2",1.03196335541915
"EPC1-AS1",1.03158657820002
"XYLT2",1.03130374574604
"ZNF609",1.03093064039953
"SRP14P2",1.03082890549036
"ZCCHC17",1.0307478363867
"LSM5",1.02967271378615
"UBAP2",1.02821190040439
"MRPL50",1.02812675011662
"CCDC93",1.02812533570473
"WDR38",1.02806077252337
"ZNF843",1.02715089600864
"TWF2",1.02665712808722
"SEPSECS",1.02617977474083
"FTH1P11",1.02430624432296
"STRN3",1.023765598054
"HMGB1P31",1.02324360651643
"PNN",1.02296376186164
"KMT5A",1.02226381620963
"RNA5SP47",1.02185940336439
"C1orf162",1.02105524804755
"RPS26P6",1.02103677533634
"TMEM44-AS2",1.01953060243058
"SNRNP200",1.01951592682949
"ZNF18",1.01873410805586
"FAM224B",1.01766024069182
"ADAP2",1.01749636766945
"CYRIB",1.01646213395886
"H4C2",1.01639328435166
"LENG8",1.01629604872509
"AGAP14P",1.01598116084728
"RABEP2",1.01579557713097
"NKX6-1",1.01530168194135
"CARD19",1.01453632366258
"SIRT2",1.01425421276271
"TERF1P5",1.01347141613063
"RPL28",1.01311009833174
"BTBD10",1.01299304201123
"TRIM73",1.01225262526138
"RTEL1P1",1.01148932586189
"SNORA22B",1.01148932586189
"TRAPPC12",1.01130826833973
"ZNF544",1.01107905680074
"LINC02693",1.0097514000706
"ARPC5L",1.00973478746217
"MAP3K11",1.00967909251212
"FRMD8",1.009409712879
"ODAD3",1.00907950726417
"SIGLEC9",1.008930478351
"E2F6P3",1.00827204772443
"AAAS",1.0065944663818
"PRADC1P1",1.00619802718469
"LYPLA1P3",1.00572947782784
"EXOSC10-AS1",1.00562922532283
"LINC01134",1.00561263921412
"A2M-AS1",1.00436582433025
"GALNT1",1.00417548550651
"NAPG",1.00386881105451
"LRRTM2",1.00352282835044
"PTPN4",1.00336298242479
"RPS19P3",1.00303317480314
"ITIH5",1.00185758787644
"MIR573",1.00145097464286
"UBA1",1.00115844384784
"RPUSD4",1.00070319908186
"WASL-DT",0.999969344430739
"HNRNPA3P3",0.999544380419522
"SH2B1",0.999032808490343
"AGK",0.998660327671744
"KCNJ11",0.996976785857853
"MTCO3P12",0.996292928564966
"LENG1",0.996182139743635
"TRAPPC8",0.995919122699197
"DHODH",0.994840351709732
"IL15RA",0.994822068974525
"MIRLET7F2",0.994759375899651
"LINC02603",0.993580926765841
"HES6",0.993427279692868
"ZFP28",0.993263115444472
"YTHDC2",0.992053231750047
"PGGHG",0.991623299242743
"CCT4",0.991291439293405
"L3MBTL2-AS1",0.990655021722358
"LCA5L",0.990080297470807
"CLSTN1",0.989691354136579
"TMEM161B-DT",0.989607094330768
"IL19",0.989561148173949
"KCNG1",0.989103486167527
"ELAVL2",0.988997620746654
"LINC01226",0.988991888746168
"HLTF-AS1",0.988863636497754
"RUFY2",0.988705908666144
"CFAP97",0.98869069821258
"MASTL",0.988424709311381
"HELZ-AS1",0.987879458254605
"UTRN",0.986716222733128
"FXN",0.986539277466825
"DNAJC18",0.984680032003225
"ACTN2",0.983969539551294
"ZBTB20-AS5",0.983939043101318
"RN7SL531P",0.983553405252462
"KRT18P39",0.981391941522483
"RN7SL442P",0.980682720465359
"PRELID2",0.979554574667301
"RHBDL3",0.9789818671084
"KRT18P51",0.97889044595054
"MAFA-AS1",0.978811534793231
"MIGA1",0.978390337837342
"REL",0.977761442846306
"MFSD5",0.97767586248819
"NDUFAF3",0.977662735010691
"RPL23AP18",0.977140902211602
"RCN1P2",0.977002838900211
"USP14",0.975495507367656
"MINK1",0.975391337947255
"ANKRD20A4P",0.975125135438681
"TMEM87B",0.97323924784823
"SULT1B1",0.972151321552801
"NOVA1-DT",0.972151321552801
"CHD8",0.972121959217106
"PMS1",0.97047515913169
"ARK2N",0.970115160964325
"NUFIP1P1",0.969640635321453
"ZNF2",0.968167874734465
"ARPC3",0.967963954311874
"RFX7",0.967122081548648
"TMEM123-DT",0.96660036557352
"CORT",0.965301568546499
"SLC25A34-AS1",0.965301568546499
"RPL7L1P2",0.965301568546499
"LINC02300",0.965301568546499
"SLFN12",0.965217168985181
"RTCB",0.964267108471645
"EIF3G",0.963631572334508
"PGK1P1",0.963164279526642
"MRM3",0.963055924003149
"WDR19",0.962972583680196
"NRL",0.96201563231965
"HACD3",0.961829043093829
"RBPMS2",0.961708916578842
"WDFY1",0.961175750698184
"PARP4P2",0.960471061980085
"UBE2Q2P1",0.959930201324399
"SEMA4G",0.958788221996327
"TTC13",0.958690677967419
"MTND1P34",0.957786051305794
"EGLN3-AS1",0.957786051305794
"KIFAP3-AS1",0.95705311852106
"RLN1",0.956682343023713
"SDR42E1",0.956257331587149
"LHFPL5",0.955087015524081
"CLNS1A",0.954588822367146
"TOP1MT",0.95398304058196
"SAP30BP",0.95389080916332
"YTHDF2P1",0.952909356323667
"FAIM",0.951740411006865
"LINC02447",0.950659178148805
"TCAIM",0.950219643993372
"SCARNA21",0.950100693289024
"MTND4P32",0.949052973638457
"RNU6-90P",0.949052973638457
"LINC00881",0.948923595991783
"LINC01945",0.94884993998922
"LCN15",0.94884993998922
"PSMC2",0.948422552068642
"LZIC",0.947861002659738
"MRPL32P1",0.947148231036221
"RAP1AP",0.947148231036221
"AFTPH-DT",0.9463028992844
"ACTG1P9",0.946269545948232
"RPS15AP38",0.945974550818465
"BRDT",0.945682733926388
"PEX10",0.945668078172468
"ABHD6",0.945038659328888
"PTS",0.944015174903488
"M6PR",0.943165251492067
"ADIPOR1",0.942816240698922
"GP1BA",0.942707637711732
"RAE1",0.942566736685856
"TMEM38A",0.942412307659016
"LINC02883",0.941830878469885
"BLOC1S2",0.941656906505334
"ATP6V1C1",0.940937762266633
"TMEM9B",0.940298900719051
"GOLGA6B",0.939977475194163
"ZNF419",0.939829579831273
"APOO",0.93950731116456
"MAGED2",0.938663883142503
"KCTD12",0.938643098200009
"RNF114",0.938274854180491
"NAA15",0.937818565346437
"ABT1",0.937516446507822
"RN7SL67P",0.937407406337751
"B4GALT6",0.937174743584903
"OLAH",0.93716481195145
"ZSCAN9",0.93666992327701
"CCDC90B",0.93642161602006
"ESPL1",0.936201741116733
"VPS26B",0.936095507384436
"GDI2P2",0.93494113086602
"CMAS",0.934466198218008
"SNRNP27",0.934070962479219
"METTL6",0.933980887279474
"CRIPTOP2",0.933912059279883
"CHMP6",0.933789473417623
"OGDH",0.932516045393149
"LINC02922",0.931366179606159
"TRIM27",0.930847528484667
"NORAD",0.929795587392599
"JMJD7",0.92956158778546
"DMPK",0.929118772548288
"KBTBD3",0.929115574488173
"C1orf35",0.92828507592823
"CLK3",0.928010501352271
"SSBP1",0.927664252526939
"LINC02328",0.927517842323804
"DGKZP1",0.926241965204414
"HERC2P10",0.92506071805112
"LINC02784",0.924213206240701
"SIN3A",0.923804095192041
"MFSD13A",0.923713814964534
"MPHOSPH6",0.922997761010533
"SNX13",0.922841162165443
"RNU6-414P",0.922666029741941
"PRPS1P2",0.922666029741941
"PTP4A1P2",0.922666029741941
"CEMIP2",0.921838318200442
"DCP2",0.92164018063171
"LINC02569",0.921557521760431
"RNPS1",0.921202799254254
"DST-AS1",0.921134643815365
"RNU6-1038P",0.921134643815365
"TTLL4",0.920065363195124
"KPNB1",0.919232838772278
"GMCL2",0.918855008613675
"RPS6P25",0.918460587181313
"DDX12B",0.918290016354807
"RPL7AP50",0.916901602111257
"MICU2",0.916709241618765
"LINC01592",0.916644637835181
"RNU6-1099P",0.916036697170956
"THAP1",0.915596833597597
"NT5C3B",0.915401738449282
"RPS25P3",0.915257967785007
"PIGL",0.915240518110493
"DAZAP2P1",0.915207096835992
"H4C5",0.915074081431547
"KLHL13",0.914714963303765
"RNY4P10",0.913885782326289
"FAM201A",0.913790162741598
"ZFYVE27",0.913681680257802
"RNU6-1285P",0.913410687435329
"MRFAP1L1",0.912237631261609
"AUH",0.911931221227177
"DDX54",0.91160708415173
"BORCS7",0.910473386973104
"NOP56",0.91038265385145
"NDUFAF4P1",0.909919648541057
"ITGA11",0.909911413571459
"POLR1E",0.909858072477281
"MTA1-DT",0.909736066414078
"SLC12A5",0.909668654806138
"IRF2",0.90844908954715
"LYN",0.908151357639203
"DLEU1",0.907618942370022
"PITPNC1",0.907134675990021
"RARS1",0.906694575706546
"RNU6-1025P",0.906572236781675
"DGKA",0.906554502990375
"MAP1LC3A",0.906508995680451
"PRKAG2",0.906057048030992
"ATG14",0.905962143207743
"CLPX",0.905261422760011
"DTX2P1-UPK3BP1-PMS2P11",0.905238670464874
"UNC13C",0.904937299306676
"XAGE1A",0.904935049942586
"USP42",0.904663102505995
"GAS5-AS1",0.904609029810349
"GAPDHP67",0.904479589436276
"MIR124-1HG",0.904479589436276
"OR2J1",0.903060469711178
"ABHD8",0.902364065872733
"RPL21P118",0.901896172831681
"CAMK2B",0.900660065927278
"MIR4516",0.900645404903848
"APTR",0.899203003027596
"ANKRD30BP1",0.899169155230526
"HPF1",0.898319610680011
"RND2",0.898050825261719
"GOLGA8Q",0.897914332095946
"OMA1",0.897717347710713
"OR8B4",0.897714101751014
"HNRNPA1P41",0.897639215148072
"WAPL",0.897565436076069
"H2BC17",0.897144191794767
"HM13-IT1",0.896969208943261
"DPYSL2",0.896358899522194
"TCEAL8",0.89579532894669
"TMEM269",0.895675574455035
"GABPB1-AS1",0.895019251434588
"BRAP",0.894576052573799
"C16orf46",0.894550995064745
"SMYD4",0.894359218090176
"MYCBP2-AS1",0.894096158504921
"C15orf40",0.89396064146878
"IGFBP6",0.893729789339368
"NTRK1",0.893296384938309
"RPS13P5",0.89290397254489
"SMOX",0.89212941534148
"GPSM2",0.891569865909215
"FITM2",0.890403285862652
"GIGYF1",0.890006641074323
"UCHL5",0.88921176786771
"SVBP",0.888630597854968
"SUPT20H",0.888491738921566
"LINC03059",0.888247749755418
"PLXNB3",0.887249964473048
"RNU6-340P",0.885273821308002
"BUD13",0.88505201769809
"PGP",0.884593195801408
"CALM1P2",0.883970345167681
"RNU6-1212P",0.883970345167681
"GOLGA6C",0.883970345167681
"CGGBP1",0.883206829243475
"TRAPPC1",0.883158635611208
"RN7SL803P",0.883129281458354
"TARS1-DT",0.882877688004527
"DESI2",0.882496828935957
"MCCD1P1",0.882462577322061
"IGFALS",0.882462577322061
"RN7SL219P",0.882462577322061
"HMGN1P38",0.881290839951635
"RPF1",0.879720868517429
"GAK",0.879681422828845
"HDHD2",0.879470739746131
"SEC23A",0.879359014415174
"IRF3",0.878344248031152
"HRCT1",0.877625646379135
"SNX17",0.877477028365082
"BRD9",0.876984165791921
"HNRNPA1L3",0.876906660637357
"F8A3",0.87650617109638
"ADD3-AS1",0.876052481561327
"PUM1",0.875325166694352
"FXYD4",0.874833860989462
"TMEM115",0.873541194442735
"PSMD14",0.872403253308677
"INPPL1",0.872223119953451
"GLT8D1",0.871411667115037
"MYL6",0.871194480584992
"IK",0.870700243137302
"RSPH3",0.870480088976386
"BPGM",0.869759227648743
"ITFG2",0.868747312005826
"GOLPH3",0.868720925262924
"SDF4",0.868701799451676
"MFFP1",0.868572734690511
"LAG3",0.866701504157629
"GABPB1-IT1",0.866679145220173
"ZNF546",0.864734079269523
"ERCC3",0.863005340946414
"ICMT",0.862145491627987
"FCGR1A",0.861599505880137
"LLGL1",0.861243031432001
"TDRD7",0.860131575215325
"IGBP1",0.85987301714542
"VHL",0.859521541931888
"HMCN2",0.859433307597801
"NBEAL2",0.858951626247448
"GPT2",0.8586466089676
"TMEM30A",0.857148634585239
"RNU6-469P",0.855502882021182
"POLR2J",0.855111147715708
"RPL13A",0.854457409270394
"FAM120AOS",0.854259950599654
"RPS26P11",0.853288423627579
"SPIN4",0.852835169787905
"AMTN",0.852513907941708
"TMEM71",0.852354913108869
"MRPL48",0.851981057190579
"LINC02880",0.850899475315385
"NUP93-DT",0.850513287810274
"NCAPD3",0.850441810633612
"CCDC38",0.850233927716675
"MYO1H",0.849720249821674
"PDCL3P5",0.849205391159979
"RNA5SP159",0.84916196272487
"SNORA7B",0.84906936414409
"PPP3CA",0.849040367098964
"ZDHHC20",0.848829393216337
"GOLPH3-DT",0.848556332971145
"NCAPD2",0.848397054284876
"NCOR1",0.848009075633076
"LINC01842",0.847610512548976
"E2F6",0.84689667886484
"FDPS",0.846784496976959
"NFATC3",0.846379223603132
"PSMD7-DT",0.845807682853995
"PDE6A",0.845151886056452
"ARHGAP26-AS1",0.84482961479661
"DNAJC16",0.844241570452554
"CLIC4P2",0.84399827147804
"EARS2",0.843750543260853
"ADARB1",0.842949180446464
"NHSL1-AS1",0.84272227837627
"GLE1",0.841913911126851
"PPARD",0.841868662540685
"PBRM1",0.840952883437817
"YWHAH",0.839039989978994
"RPL37P2",0.838971568147881
"TMED7",0.83843726293838
"FBXW2",0.83754020113246
"KMT5B",0.837475737400375
"ASCC3",0.837420239404675
"HMGN1P37",0.837313369409205
"PLEKHM1",0.837141010335015
"RNLS",0.836918562089328
"VPS37A",0.835151935875282
"CUL4A",0.834446172525369
"DLST",0.833121736461185
"ABCA10",0.831868783778893
"KCNQ1OT1",0.831687555729851
"NUBPL",0.83162209392948
"KRT72",0.830397702855205
"PLCD1",0.829555198631277
"PDE12",0.828685512171876
"PPIL1",0.828217824010176
"SPPL2A",0.828165483752035
"SASH1",0.826736424007412
"NEURL1",0.826406318711726
"RNU7-159P",0.825269921047162
"SYNPR-AS1",0.824897108004416
"KATNBL1P4",0.824897108004416
"MIR4715",0.824897108004416
"ZNF687-AS1",0.824864138660907
"CYB5R1",0.823087058603666
"HDAC5",0.822309800243178
"ACP5",0.821284010145498
"PEBP1",0.821235017603845
"PSPC1-AS2",0.820399411261474
"PRPS1",0.820347391167339
"SSH1",0.820325609721317
"RAB10",0.820302931847079
"ANKRD17",0.820280737967529
"DENRP3",0.819958906222134
"MTND4P12",0.819263220141886
"HNRNPA1P35",0.818698088246472
"RNASEK-C17orf49",0.818211952416215
"EEF1DP8",0.818112288050898
"LINC02034",0.818039372256444
"RPL7P28",0.818039372256444
"EML4-AS1",0.817837746456807
"PPP3CB-AS1",0.817047660005437
"PRSS23-AS1",0.816977891800065
"SELENOF",0.816493157508437
"COG6",0.816399104033168
"ADAMTS13",0.816319732165267
"OR5AU1",0.816305716117701
"DNAJC21",0.81623543981924
"PRKCD",0.815978312342264
"ETFDH",0.815878869749177
"UBE2L5",0.815489660417532
"MYBBP1A",0.81541533530304
"MIR555",0.814537741243299
"ADM5",0.814376901359
"TWF1P1",0.814226584616169
"ADCY4",0.814128737544235
"JAZF1-AS1",0.814037667196101
"GOPC",0.813270232081127
"PTEN",0.812424480467381
"LINC01841",0.8118461786674
"EMC1-AS1",0.810451926820141
"LINC01189",0.81025409030569
"TREML4",0.810177456007028
"CNIH1",0.810171605564456
"IVNS1ABP",0.810108373848602
"SCN8A",0.809443859653925
"EDRF1",0.809341131660245
"LINC02130",0.809262463633333
"NUAK2",0.808048094492057
"UBA3",0.807693863888367
"PTCSC2",0.806814862280579
"OLFML3",0.806423767850459
"MINDY1",0.805359309540746
"LETM1",0.804535878791124
"PANDAR",0.803296142026795
"ANKRD16",0.802329379156019
"LINC02453",0.801940970368928
"OR7E154P",0.801463121502967
"SIRT4",0.801361305758087
"LRTOMT",0.801355625321076
"DYNLL2",0.800874534186346
"GTF2IRD2",0.800868988569301
"RN7SL160P",0.800669954470222
"NSL1",0.800605261675405
"ST3GAL2",0.800097248669478
"CSNK1A1",0.799822284434388
"MTCO2P2",0.799507276170439
"RNU7-79P",0.798488342948728
"ZNF407",0.797842700337655
"DHX29",0.796009562689905
"PTMA",0.795979453307795
"NOTCH4",0.795656583368245
"C1orf174",0.795419786539561
"C9orf85P2",0.794970733398614
"LRFN3",0.793968588288127
"RLF",0.793145263389084
"MYSM1",0.793067851695885
"RASGRP4",0.792723440848147
"SPMIP11",0.792178440155893
"RN7SL555P",0.792178440155893
"ATP6AP1",0.789644548635553
"PIK3CD-AS1",0.789577719384892
"ZNF208",0.789525760979441
"SMIM20",0.787299103917005
"USP30-AS1",0.787279190647829
"SNRPGP15",0.78725079147199
"MARK2P17",0.787141682075009
"LINC01574",0.787141682075009
"ZBTB46-AS2",0.787141682075009
"NDUFB2-AS1",0.78605729621678
"RNU6ATAC27P",0.785741522644408
"PLIN2",0.785619708551898
"THRAP3",0.785597072926268
"NDUFA5",0.785412828486129
"DMAC2L",0.783863016363695
"DLGAP1-AS3",0.783350923836807
"MGME1",0.783220051326609
"DEPDC4",0.781772279301642
"C4orf3",0.781137090616072
"MMRN2",0.780726215557359
"KLHL7",0.780616829938818
"ZNF875",0.780301954424234
"DYNLL1",0.780143193939422
"GTF3C2-AS2",0.779891444976353
"PENK-AS1",0.778653496376633
"DDHD1-DT",0.778413680946241
"RPL10AP6",0.777865278038391
"CAPZA2",0.777151423434977
"SUPV3L1",0.777115511351459
"NDUFS7",0.776814145120409
"DBNL",0.776771166612862
"LINC01646",0.776526402726467
"ETV5-AS1",0.776526402726467
"SLC25A1P1",0.776526402726467
"PLA2G10DP",0.776526402726467
"KRT33B",0.776192382119007
"TLN1",0.775701811243244
"LINC00092",0.774586487892064
"BFAR",0.77416448892598
"MARCKSL1P2",0.774147276112243
"SULT1A3",0.773280712811631
"PCDHA4",0.77244531332233
"SWINGN",0.77135455785437
"TMEM52",0.77057852099386
"BLOC1S5",0.769874022185709
"HEBP2",0.769284702934771
"MLXIPL",0.769158671334307
"TRADD",0.768488977923293
"LINC00824",0.76800887693078
"RPL13AP5",0.767902698617722
"REEP2",0.767505231461939
"ZYG11B",0.767167008959397
"IGSF6",0.76612303027267
"GLRX2",0.766046145868264
"C3orf38",0.765265935994194
"GRK2",0.765171326960462
"PXYLP1",0.765155791607227
"NT5C1B",0.765064974338735
"TXNDC12",0.76481236322701
"OXA1L",0.764141822842456
"ZNF280D",0.763873086687323
"RPP38",0.763780704704654
"CYP11B2",0.763672049623204
"PSMB6",0.76264109306228
"POLD4",0.760665811110183
"SNRNP40",0.760035807134429
"PITPNA-AS1",0.759834204769208
"SKP2",0.759241946069822
"CDK4P1",0.759053696357687
"QRSL1P2",0.759053696357687
"CD1E",0.759053696357687
"SERPINC1",0.759053696357687
"OR10AA1P",0.759053696357687
"LEMD1-DT",0.759053696357687
"TTC34",0.759053696357687
"LINC02819",0.759053696357687
"CLSTN2",0.759053696357687
"ACTN4P1",0.759053696357687
"PSAPL1",0.759053696357687
"BTNL9",0.759053696357687
"PCDHGB5",0.759053696357687
"OTP",0.759053696357687
"TAAR2",0.759053696357687
"TDRD6",0.759053696357687
"LRFN2",0.759053696357687
"LINC01015",0.759053696357687
"B3GALNT2P1",0.759053696357687
"TAS2R3",0.759053696357687
"OR2F1",0.759053696357687
"ZNF680P1",0.759053696357687
"HMGA1P1",0.759053696357687
"LINC00293",0.759053696357687
"PNPLA7",0.759053696357687
"DMRT1",0.759053696357687
"GAS2L1P1",0.759053696357687
"LINC01231",0.759053696357687
"MOGAT2",0.759053696357687
"OR52N5",0.759053696357687
"LINC02684",0.759053696357687
"LINC03031",0.759053696357687
"ALX1",0.759053696357687
"MTUS2-AS1",0.759053696357687
"LINC00382",0.759053696357687
"LINC00385",0.759053696357687
"HOMER2P1",0.759053696357687
"PRPF39-DT",0.759053696357687
"CBLN1",0.759053696357687
"DSC1",0.759053696357687
"TMEM59L",0.759053696357687
"GGN",0.759053696357687
"RN7SL833P",0.759053696357687
"MLC1",0.759053696357687
"TMEM121B",0.759053696357687
"ALDH6A1",0.758922920706289
"NAPA-AS1",0.758320093147121
"MIR5588",0.758310486889434
"ERCC1",0.758295222313137
"YBX3P1",0.757961106938804
"DVL3",0.75773422200115
"PRR12",0.757026386892547
"NDUFAF1",0.757014219115546
"TBCK",0.756940960106052
"MTPAP",0.756893993282305
"CLIP1",0.75663608598454
"NOL8",0.755418238185593
"NFIA-AS2",0.752459931939783
"MIR1303",0.752459931939783
"RPS26P58",0.751333343439999
"EP300-AS1",0.750909036544525
"RPS3",0.749947859484551
"GRID2",0.748591133206058
"ASTN1",0.748218798596958
"CFDP1",0.747128491218553
"HNRNPA1P36",0.746918074148596
"LINC00330",0.746738232700265
"GANC",0.746063777831126
"SMG9",0.745546564353887
"PTPRS",0.745319931117299
"ATG4C",0.745308505919765
"DDX28",0.745167752017295
"MKRN1",0.744898838148027
"TXNIP",0.744371481916294
"PSD",0.744102525020889
"SIGLEC1",0.74369238016453
"LINC02614",0.743519111810333
"LRIG2",0.743330748511373
"FKBP6",0.742677585066965
"CHST6",0.742016076874202
"TENM3-AS1",0.741564365857018
"PSPH",0.7409294896716
"API5",0.740403049640391
"MIR3121",0.740267901982404
"CFHR5",0.740113196942905
"UGT1A1",0.740113196942905
"LINC02493",0.740113196942905
"TRIM10",0.740113196942905
"GYG1P1",0.740113196942905
"LINC03054",0.740113196942905
"LINC00474",0.740113196942905
"BRD9P1",0.740113196942905
"TBX5",0.740113196942905
"MIR4522",0.740113196942905
"LINC02096",0.740113196942905
"TMEM221",0.740113196942905
"ISX",0.740113196942905
"SLC39A11",0.739595061223203
"POLR3K",0.739506190961547
"YPEL2",0.738374687564539
"GNB1L",0.737994893242918
"ADGRD2",0.737516099338237
"EFTUD2",0.7367685576725
"ANKRD36C",0.736662435220116
"MIR4646",0.736567046614997
"AUP1",0.735887250902647
"RAB43",0.734986414197241
"MEF2A",0.734982530170006
"THBS4-AS1",0.734610501639553
"PURA",0.734169498012895
"RPL36AP30",0.732952257835586
"CTBS",0.732760058395171
"CNGA3",0.732483762654557
"RDH12",0.732153568464104
"PPM1E",0.7321223020039
"ACTA1",0.731706357242441
"CYP46A1",0.7314822061121
"ACTBP2",0.73135853662907
"BOLL",0.73100062209571
"BAZ2B",0.730947667871013
"MCM6",0.730733602164886
"PDCD6IP-DT",0.730277050256613
"IER5",0.729968308922637
"FANCD2",0.729482659187932
"SMIM45",0.729413149786418
"PIGBOS1",0.729029271320869
"FTH1P8",0.728932848778918
"SUMO2P19",0.72828020155504
"BCYRN1",0.727656234144116
"LRRC25",0.726171123659823
"CUL7",0.72587099283087
"LINC02690",0.725850976206254
"GRK4",0.725333862661449
"TMEM63B",0.724862300442967
"MEG3",0.724449385144488
"NOTCH2",0.723899750789463
"ALDH1A2",0.72384061886229
"RNF216",0.723692887272496
"ZNF48",0.723647449705557
"MTERF3",0.723584709593683
"WDR26",0.723451526038383
"PMFBP1",0.723288422871772
"TMEM8B",0.723044001894677
"CNGA1",0.722539712739179
"RNU6-431P",0.720532727131144
"PLPBP",0.720302586715323
"VBP1",0.720155444291312
"UBE2D1",0.719896560002277
"CCAR1",0.719441547048858
"CAB39",0.718858789766493
"SNHG31",0.717968103693422
"SCAMP3",0.717769180190552
"FGF1",0.71696612518936
"FASTK",0.716631723805946
"NPC1",0.715791847932379
"POTEM",0.715214900366999
"GSTCD-AS1",0.714930353172556
"CHAC2",0.714104215659467
"PSMC6",0.714061011018851
"PHC1P1",0.71393426441194
"NDUFAF4",0.713807945177724
"CNOT7P2",0.713307671343554
"OR2A1",0.713307671343554
"RPL36AP27",0.713307671343554
"TSSK5P",0.713307671343554
"KDM4D",0.713307671343554
"SLC16A8",0.713307671343554
"LINC02487",0.712774566523439
"NFU1",0.71212836750992
"TAF3",0.71078491068851
"IRF7",0.710539625507886
"GFI1B",0.710371709130761
"MRPL32",0.710344047700858
"MYO1D",0.710338558441714
"EIF1B-AS1",0.709967913151005
"EVI5L",0.709888278861626
"TSBP1-AS1",0.709582027771971
"ZNF232-AS1",0.70878045598162
"PRCC",0.708076555835307
"MIR4279",0.707734920970121
"TAPT1",0.707598375443933
"PEX16",0.707366503923079
"DCUN1D2",0.707178790345546
"ZFR",0.706935681208626
"MIR5001",0.706876257298807
"DYNLL1P2",0.706518551967961
"CYB561D2",0.706208338754032
"PPP4R2P6",0.706109875993009
"KRT17P3",0.706103062847627
"SMIM7",0.706071243050307
"DRG1",0.705923000184332
"NALCN",0.704594490196207
"RPL14",0.703532607666903
"BCHE",0.702409476296083
"TMEM11",0.701976508095856
"TMEM126B",0.701959796888447
"SRC",0.701700790875431
"ROBO4",0.701400084684542
"RELA-DT",0.701230705319889
"PPIB",0.701077730386863
"MIR4733HG",0.700601701872225
"SNU13",0.700493522544162
"PACC1",0.700050547544878
"RTCA",0.699907815353868
"CLPTM1L",0.699584238384882
"MYNN",0.699457140435557
"RNASEK",0.69866908610729
"TRIM69",0.6981108924079
"ALG1L6P",0.698010918259028
"BCL10-AS1",0.697885973233003
"AK6",0.696918008109525
"EMC2",0.696560486924386
"NUDT10",0.695990597942958
"KBTBD11-OT1",0.695331498185222
"IRAK1",0.69470518346814
"RNU6-1301P",0.693912673648412
"IGHVII-78-1",0.693912673648412
"NLRC4",0.693870291605525
"THAP11",0.693757446740897
"PHF11",0.693449232258752
"CPXM1",0.693320576154319
"AP4B1-AS1",0.692278086007985
"JARID2",0.691331734602837
"BRCC3",0.691326150238796
"COX14",0.691291949295836
"CLHC1",0.691236302151174
"RPL7P26",0.690159229402026
"ALOX5",0.689718036163012
"INKA2",0.68949606882615
"DCTN6",0.688755334178917
"ELP3",0.687593036614709
"MIR6809",0.687145965378902
"SNN",0.686576617091371
"IREB2",0.685572877012855
"SPMIP3",0.684628346315545
"KMO",0.684569149139735
"FSD1",0.684310353845613
"DCXR",0.683815385272853
"MTX3",0.683499929179803
"SHPRH",0.683295810978185
"PTPRE",0.682963328765659
"FXYD2",0.682930106440433
"HSP90AB3P",0.682583865541938
"RPL21P19",0.68235814884164
"GAN",0.682193101574817
"TBC1D22B",0.682059588167962
"LAMTOR5",0.681962465659649
"SSU72-AS1",0.681955882785204
"ART3",0.681927688036033
"SH3BP2",0.68154756245427
"EIF4A2",0.681460128596477
"ATXN3",0.680911935184833
"LAMTOR3",0.680602808081806
"LINC01093",0.680552571350836
"CYP1A1",0.680059058456224
"RFX1",0.679681398865554
"PPP4R2P5",0.679380739526992
"GPC2",0.679380739526992
"LINC00563",0.679380739526992
"GCATP1",0.679380739526992
"CHCHD2P6",0.679017852411209
"ZMAT5",0.678243031330494
"MCFD2",0.677770363401736
"PSENEN",0.677431539834382
"TFIP11",0.677134691167445
"SLC22A5",0.677012587870542
"PEX2",0.676016636230367
"CTCFL",0.675625068854748
"TNRC18",0.675093118137611
"TBC1D22A-AS1",0.675052453842066
"INPP5K",0.674432115726798
"ZNF446",0.674296707535764
"ZBTB7B",0.674124690904602
"LINC01915",0.674111117058659
"CDK2AP2",0.673849230723142
"FOXD4L4",0.673812119603855
"PSMC4",0.673647133356372
"NCAPH2",0.672944028763264
"USP8P2",0.672595673218976
"KIF5C-AS1",0.672595673218976
"MS4A14",0.672595673218976
"GJA3",0.672595673218976
"HEPFAL",0.672595673218976
"CDHR2",0.671926786608022
"DPF1",0.671256910995339
"SIRLNT",0.670908531987009
"HAR1A",0.670505738358824
"PCBP1",0.669769177997718
"RPS26",0.669606575372438
"NEMP1",0.66934377723036
"RAB24",0.669277989596818
"SNHG16",0.668853306368597
"EBF2",0.668821218877655
"RP1L1",0.668821218877655
"MSL1",0.667685575867969
"MFHAS1",0.667392529028556
"MRPS35-DT",0.66730337711911
"SLC25A39",0.666862589543907
"PTBP1",0.666354564593167
"LAS1L",0.665954765461653
"RN7SL200P",0.665700602802272
"RGS5",0.665546106991429
"TSC2",0.664702545508044
"ANAPC16",0.66468341623908
"HMGB1",0.664591485644902
"LINC01939",0.664123864557485
"GPR156",0.664123864557485
"SEPTIN5",0.664123864557485
"B3GAT3",0.66299838513153
"LINC02198",0.662742306894802
"ARHGAP5",0.662221036801071
"EIF3M",0.661943705769588
"RN7SL523P",0.6614934467455
"PIGH",0.661030637287136
"RPS3AP47",0.660703749011001
"CD40",0.6606974594147
"RANBP6",0.660340488361354
"EXOC8",0.660120738215496
"ARIH1",0.660073029648165
"LINC02507",0.659026583442759
"SLC23A3",0.658970506236956
"ZNF367",0.658517436134092
"SP100",0.658234183016461
"GPC5",0.658233280096486
"ACOT8",0.657975533320133
"NDUFA4P1",0.657919608279061
"C10orf67-AS1",0.657563498855163
"CCDC81",0.657553219960596
"LRRTM4",0.656900338760359
"KBTBD11-AS1",0.656900338760359
"MIR3942",0.656900338760359
"TYRO3P",0.656900338760359
"DROSHA",0.656253468316598
"TIPARP",0.656051437728738
"SALL4P5",0.655914897325039
"LINC01474",0.655914897325039
"LINC00462",0.655914897325039
"SETP1",0.655914897325039
"ASPDH",0.655914897325039
"TXNL1",0.65457981054551
"DRAIC",0.653834779320609
"CLSPN",0.652787237167763
"NCSTN",0.651812151516681
"F5",0.651471288539649
"CDH17",0.651160389868332
"HCK",0.650578392342158
"C4orf54",0.650207946089888
"ABCA5",0.650160718416693
"GEMIN8",0.650120458132525
"GDPGP1",0.649929865443092
"NIF3L1",0.649856414727879
"ARL4AP2",0.649714565295368
"BZW1",0.64952030859726
"KCNQ5",0.6488002849187
"EZH1",0.648656660396262
"FANCA",0.647714140490851
"PCNP",0.64769555972135
"FKBP3",0.647124828975225
"POM121",0.647070089345986
"XRCC1",0.645619365611017
"IL6ST",0.645190928605109
"TNNI2",0.645031432180312
"ADSS2",0.644907242087364
"ZNF19",0.644507465303463
"ZFAND1",0.644414788254938
"NFKBIZ",0.644051857473621
"ZNF224",0.643940572189485
"POTEJ",0.643735782449127
"TMEM170B",0.642743727024234
"C21orf91",0.642493263218865
"WDR5B-DT",0.642223639221351
"ZNF616",0.642129074824911
"GATD1-DT",0.64200459367699
"SNX5",0.641754459255932
"PTGES3P3",0.641594963366329
"CENPT",0.640583055265942
"RNY4P17",0.640410071415341
"MIR298",0.640410071415341
"SEC62-AS1",0.640374155413469
"CNNM2",0.640276930386202
"FAM114A1",0.639950917735822
"RPS6KB1",0.639923324375718
"UBE2K",0.638645258515981
"EEF1A1P22",0.638557886872229
"LSM14A",0.638340681180196
"TM7SF2",0.637856345963779
"DUSP1",0.637081901619403
"PNCK",0.637051466854194
"ZSCAN5DP",0.637051466854194
"WDR43",0.636993420058311
"SDHA",0.636407862526746
"PFDN2",0.636116866536346
"IMMT",0.635736671483377
"MTND2P40",0.635437494219114
"SLC25A4",0.635409534744916
"PSMD14-DT",0.635123167457126
"MT1G",0.63469988541705
"SLAIN2",0.634638829343337
"BSDC1",0.634345309592876
"MRPL20-AS1",0.633517751630246
"TCEA1P2",0.633316217126892
"LDHAP7",0.633292442139293
"PDXK",0.632928645091988
"VPS53",0.632634619853278
"HIGD1AP1",0.632625318808606
"PHB1P20",0.63195318358051
"SLC10A1",0.631936908607448
"EIF2B4",0.631558520518558
"ECE1-AS1",0.631443932520105
"HSPD1P7",0.631392132610061
"RN7SL131P",0.631192313686112
"LINC01409",0.631170184621329
"IGSF21-AS1",0.630887363646337
"TRIM52",0.629601255759424
"SSBP3-AS1",0.629545906403302
"UBE2N",0.629008950180734
"MPRIPP1",0.628856381959801
"CACNA2D2",0.628831790492396
"DRD3",0.627709926552948
"DCAF12",0.627692432083889
"EIF4A2P4",0.626440572687996
"SNRPN",0.626434995463777
"RPSAP70",0.626289925826018
"CCDC116",0.62521599509226
"VRK3",0.625130760190634
"TCHP",0.625016295794994
"TMEM185AP1",0.624988222409379
"NWD1",0.623535582649463
"HSPA9P1",0.622554786944562
"PPM1B-DT",0.622079658917254
"TPRG1L",0.621704481729755
"SNX22",0.620896919688822
"NIPAL3",0.620867971785508
"HARS1",0.61921833042143
"EPHA6",0.619009601365165
"RPL5",0.618679598281
"MSH4",0.617670759246538
"GOLGA5",0.616873155221178
"SAXO1",0.61602787721773
"CLASP1",0.615941052997
"WARS2",0.615770841280991
"TMEM199",0.614623621770623
"SETD4",0.613762619420929
"MIR3181",0.613191817919125
"TRIP11",0.61278838873446
"SLC24A2",0.61190745919841
"LSM8",0.611517968837469
"LIPT1",0.611090117198011
"GPANK1",0.610762190541694
"GPR137",0.610254322244644
"C2orf74-AS1",0.609893766010092
"GSTK1",0.6098228531875
"ZSWIM3",0.609551309219773
"POMZP3",0.608983815016682
"NCLN",0.608645655340103
"DYM",0.608315431598646
"CACUL1",0.608051294743737
"ARL2BP",0.60787169593677
"LINC00705",0.607505370161203
"RN7SL681P",0.607195882029892
"FKBP7",0.607085371586217
"FARP2",0.606907771336564
"CXCL12",0.605923250201772
"MOCS2-DT",0.605594335779593
"NDUFB6",0.605279085740161
"ST13P15",0.60443172347572
"NCKAP5",0.604290503234503
"ANKH",0.604146659142697
"SKIC2",0.603981403117998
"URB2",0.603817330500796
"ANKRD13C-DT",0.603614529268103
"COL6A3",0.603580665858386
"ZC3H4",0.603569175662725
"RNF31",0.603506937786712
"HNRNPCP2",0.603481553136924
"ZNF850",0.602331912646404
"CBX3P3",0.602143678359409
"RAB33B-AS1",0.601857647780729
"DAXX",0.601612162776753
"DCAF16",0.601268146299513
"ARPC3P3",0.600559898323843
"RNU6-1100P",0.600384107897945
"SETD3",0.600339831015809
"LSM3P2",0.600176825252691
"TAX1BP1-AS1",0.599945691295763
"AARSD1",0.599385099343667
"PDAP1",0.599057867012987
"TMEM186",0.598371064935944
"METTL1",0.597569336113994
"DDX1",0.597522948138638
"DHX40P1",0.596141527817398
"IL34",0.59613415962339
"KRT18P38",0.595725267043401
"UPB1",0.595386073214389
"PLEKHH1",0.595332179802057
"SRSF10P1",0.595236341053995
"TSTD1",0.595079626750212
"CDC14B",0.594952488616734
"LINC00649",0.594901717003517
"CTXND2",0.594632932764556
"FAF2",0.594075949709339
"SRRD",0.594043311632452
"RPL21P63",0.593457202185892
"MTND4P9",0.593082875542644
"PAIP1P2",0.592569415074588
"PIK3CD",0.59211445560298
"WFDC1",0.591119742288529
"APPL2",0.590358581414074
"CCDC85B",0.590339378660652
"RPS6KA3",0.590323408845893
"ZNF133-AS1",0.589137976472174
"LINC02311",0.588816012135076
"MIR548AA2",0.588597203653787
"ARID1B",0.588067433100726
"LRRC36",0.587890063442894
"LINC01822",0.587698956002206
"LINC01856",0.587580338352202
"SLC3A1",0.587464775886042
"RPL7L1P5",0.587366958666748
"IGLV1-51",0.586803248896927
"C7",0.586583204903423
"SLC16A14",0.586221033949203
"REG1B",0.586177588801882
"LINC03082",0.586033780093015
"SLC1A6",0.584674960985926
"MIR933",0.583386119821053
"OR5M14P",0.583386119821053
"TONSL-AS1",0.583386119821053
"FABP12",0.583386119821053
"EIF4A1P9",0.583386119821053
"PPIAP58",0.583378521690873
"HPS6",0.58278114732157
"MIR6728",0.58277893815407
"KBTBD13",0.58277893815407
"PDZD4",0.58274101451509
"LCN1",0.58274101451509
"CEPT1",0.582538655425176
"RPL4P6",0.582214836584508
"PRRC1",0.582025103788312
"KRT8P14",0.58188163766438
"FAM106C",0.581634918725492
"EGR1",0.58117640450526
"ARMC8",0.580683930202632
"ABHD5",0.579836677926671
"EPHA8",0.579817677804864
"RPS20P13",0.579817677804864
"TRPV6",0.579817677804864
"GNAT3",0.579817677804864
"KCNB2",0.579817677804864
"FOXI2",0.579817677804864
"NUTM2HP",0.579817677804864
"MAT1A",0.579817677804864
"ZNF75BP",0.579817677804864
"BIRC6-AS1",0.5791866333703
"EXOC5",0.578716773189618
"SARNP",0.578615493948252
"TBCE",0.578431242569092
"PHIP",0.578313375907802
"LCORL",0.577649393217449
"KDM1B",0.577532836845548
"LINC02315",0.577142935806041
"ACSF3",0.576948161366834
"ERICH6-AS1",0.576852642147401
"SPTLC1",0.576729672740589
"POLE3",0.576623495802594
"GNAQP1",0.575798015250515
"NAAA",0.575393838274336
"TBPL1",0.575130257424355
"ECE1",0.574935070644955
"GABARAP",0.574300021265221
"ZC3H13",0.573876819099601
"PGBD1",0.573325769693059
"TRNAU1AP",0.573282969138813
"WDR5",0.572565568823369
"PCCB",0.571395116127178
"KCNJ13",0.571379817248337
"QRICH2",0.571044968924013
"MYB",0.570892350436595
"ABCC11",0.570811568949007
"EID1",0.570809429965277
"MC5R",0.569984452408684
"BCKDK",0.56975066231642
"PGAP6",0.569495196524939
"SCAF11",0.568278311283671
"GPRASP1",0.567522842817958
"GHITM",0.567364366273588
"HOXB6",0.56705707168963
"PRKRA",0.566494028231218
"ELOF1",0.566249836619781
"RAC3",0.565935380997993
"SLC25A30-AS1",0.56557185783171
"TMEM269-DT",0.565376478946084
"CTSZ",0.565313683253843
"CRIP1",0.564068684411105
"REXO1",0.563906480523563
"TMBIM6",0.563752323026913
"MBD5",0.563403529142059
"CKS1BP2",0.563352330852009
"LASP1",0.563118040131883
"ARSG",0.563059224360506
"FUBP1",0.562478386685394
"PKDREJ",0.562094009954445
"HINT1",0.561656372608416
"RN7SL336P",0.561355754667775
"KRT18P48",0.560476405363054
"SSBL2P",0.560421597878715
"PLA2G4C-AS1",0.559864336616517
"HMMR",0.559157165309281
"R3HDM2",0.559015511873119
"C19orf12",0.55798812940678
"ENO2",0.557834648409658
"GCH1",0.557755996260769
"AKIRIN1",0.557028611083409
"DNAJB12",0.55687408737508
"FBXO11",0.556064672994758
"RPL13P12",0.555837754059179
"CABLES1",0.555502324166949
"CACYBP",0.554711580925214
"WDR13",0.554656478277737
"BUB3",0.554308218764568
"COA4",0.554280894779366
"LINC00997",0.554035882205652
"COX4I1",0.55380540880081
"RMEL3",0.553553168328876
"VAPB",0.553321915131995
"TP73",0.553148943314631
"HEIH",0.552991287994828
"ZNF236-DT",0.551414059220998
"PDCL3",0.550340892157371
"IL11",0.550245078421103
"PCBP3",0.54967533863709
"UBE2F",0.548570802002551
"SDCCAG8",0.54710209637785
"CIBAR2",0.546199777079006
"LINC01593",0.54616134514518
"RPL36AP41",0.54616134514518
"TUBGCP3",0.544909994662804
"ASAH1",0.544743490042593
"UBXN2B",0.541433823153326
"BOLA3",0.541202004741841
"LPCAT4",0.541186181363291
"SRRT",0.541092442680502
"RBX1P2",0.541014725295467
"PRELID1P3",0.541014725295467
"HTR2A-AS1",0.541014725295467
"LINC01637",0.541014725295467
"POU2F1",0.539910865691408
"GRIP1",0.538931394544866
"KDM6B",0.538535331704489
"NPRL3",0.537969081467438
"AGO1",0.537677459936652
"VTRNA1-3",0.537629219807832
"RPL7P22",0.537547318109982
"LINC02728",0.537433583480299
"RPL37A-DT",0.537344855400986
"YWHAG",0.536889503571107
"CDCA4",0.536687934806887
"SCART1",0.536345197559983
"ZNF395",0.534058926439322
"SNRNP25",0.533848791633303
"TRIB2",0.53319805657903
"SLC7A6",0.532301241125101
"PPP1R21",0.532140542069094
"LARS2",0.531979885349852
"DHRS4L2",0.530981359437784
"ARL8B",0.530730610661691
"TTC1",0.529545522595438
"CCDC127",0.529435646493874
"LYRM2",0.528917198886932
"ZNF662",0.528908636425133
"RSU1",0.528866041028221
"SMU1P1",0.528743732793661
"ASIC3",0.5286275006714
"NUDT22",0.528563399169808
"RALB",0.528483592255643
"POLA1",0.527945732869595
"LSM2",0.527663946601623
"RBM3",0.52743332332805
"EIF3K",0.527082238340794
"ITGB3BP",0.527040258963043
"RPL7L1P14",0.525142432692864
"FTH1P16",0.524641446308274
"CWF19L1",0.524601509490656
"CDC6",0.524570052658427
"MAFA",0.524461922558606
"LINC00924",0.52441061175638
"RPS2P17",0.524297930787787
"ISOC1",0.523900512355579
"C2CD2L",0.522935212314276
"LEAP2",0.522456157404625
"GYG1",0.522344468460465
"LCLAT1",0.522291361696944
"SLC25A23",0.521817471718319
"SPAG9",0.521749261007808
"DNAJB1",0.521218161599308
"EIF4BP6",0.521100047634378
"SRSF7",0.521086892631599
"RFTN1",0.52005107918483
"CFAP119",0.519521742321173
"MAP4K4",0.519230187592308
"NIP7",0.518935148748823
"CNOT10-AS1",0.518668186511871
"FBXO27",0.517323230865169
"ZNF558",0.516476935681249
"KLF3-AS1",0.516383038186516
"SH3BP5L",0.51575604546588
"SIPA1L3",0.515746061520945
"LYG1",0.515589639540577
"TUB",0.515565101273841
"BZW1-AS1",0.515389774869652
"OR4F21",0.515360292798525
"MTND1P23",0.514525757533211
"RNF123",0.514026904544489
"GTF3C6P2",0.513874807732381
"USP5",0.513773055235417
"MAP3K3",0.513703761147642
"ATPAF2",0.51361884341586
"KCNH8",0.51340807124021
"ACTG1P12",0.51340807124021
"LINC02753",0.51340807124021
"WHAMMP2",0.51340807124021
"TMEM239",0.51340807124021
"DIAPH2",0.513084903493575
"GMPPA",0.512859149906199
"OR8R1P",0.512518969813494
"TMEM256P1",0.512518969813494
"MAP2K3",0.512118675506409
"YEATS4",0.511906157307168
"BANP",0.511823201695566
"METTL18",0.511276744741427
"TBCAP1",0.510830474624509
"SEC13",0.510494907750231
"HEXIM2",0.510398905526257
"CPOX",0.510303197101153
"MRTFA-AS1",0.510244257602981
"LINC00941",0.510198007419886
"GAPDHP25",0.509670276514249
"ASCC1",0.509590540108903
"HADHAP1",0.508858262162431
"ERI1",0.508096817599993
"TBCC",0.507338073184882
"ZNF653",0.507305547019418
"OFD1",0.506845999439125
"PPIAL4A",0.506327166491155
"ACTG1P15",0.506174395995931
"HSPE1P11",0.505878078137396
"EIF3LP2",0.505777200785762
"FAM111A",0.50531157514128
"GAS5",0.50506354346882
"P2RY2",0.504610580999329
"SC5D",0.504579177220371
"CRADD-AS1",0.504497974912577
"DYNLT3",0.504326996790406
"NONOP2",0.503435981278043
"SF3A3P1",0.503240590314005
"ATP6V1F",0.502858500358572
"RNU6-960P",0.502695738218297
"RBM17P4",0.502591740428452
"RWDD2A",0.502193393299338
"SSBL5P",0.501746999898854
"LINC01414",0.501606871876522
"MTMR3",0.501357451029395
"CPHL1P",0.500773990112781
"NAIPP4",0.500717363623744
"RHOXF1",0.500717363623744
"WFDC9",0.500717363623744
"NFYA",0.498464038199584
"RPS26P55",0.498327278763791
"KRT10-AS1",0.497953513651221
"CDC42-IT1",0.497503948120554
"MESD",0.497337358951923
"MATR3P3",0.497226910618254
"TRIM34",0.497099484075008
"WDR48",0.497090647743281
"BOK-AS1",0.49707218845684
"HERPUD2",0.49690494255159
"MIR422A",0.495312008007503
"C11orf54",0.495058862278751
"KLHL22",0.49481555537451
"COX17",0.494648615458066
"CLPP",0.494488303843489
"SV2B",0.493689736672186
"C6orf52",0.492985551660018
"SMARCAL1-AS1",0.492910418858779
"KLK8",0.492633974888811
"PDIA3P2",0.492524136630488
"FBXO3",0.492122597681944
"LDB2",0.492095890516409
"HLA-T",0.491660404237138
"CD2BP2",0.490402198517782
"AASDH",0.489910526267415
"KHNYN",0.489657085932185
"SLIRP",0.489650647582181
"STAG1",0.488946352930485
"IPCEF1",0.488725239086688
"CR1",0.488695961381494
"CRACDL",0.488654503116885
"RPS10P2",0.488283557573709
"SYTL1",0.488047087432831
"CHURC1",0.487845437816901
"NDUFC1",0.48781067875586
"SREBF2",0.487686941949068
"ITSN2",0.487107141102615
"RNA5SP497",0.486964957895801
"LINC00595",0.486498360737937
"KLHL29",0.486201266643523
"YKT6",0.485529244800199
"HOXC12",0.485522143239052
"DCAF1",0.485038707991525
"RPS2P54",0.484643834523143
"HUS1",0.484586377265721
"RPL3",0.483962726493245
"DDX5",0.481330335852881
"ZNF678",0.48130224710643
"ARID4B",0.48102799661575
"RNU6-509P",0.480806502554867
"MTND3P25",0.480806502554867
"SPANXB1",0.480806502554867
"HORMAD2",0.480806502554867
"KCTD6",0.480309521401425
"MAST3-AS1",0.480151703606413
"PIGM",0.480009304057012
"EIF4G3",0.479793269059717
"LINC00471",0.479599911338658
"CCNT1",0.479458425333686
"MPZL1",0.478915031451141
"SH2D4B",0.478590820490837
"APOC1",0.478094513348
"ASAP1",0.477875672111218
"NPB",0.477567398901828
"HNRNPCP9",0.477561079302103
"OR2T1",0.477561079302103
"LINC01647",0.477561079302103
"MTCO1P17",0.477561079302103
"SNORD13P3",0.477561079302103
"LINC02048",0.477561079302103
"HTRA3",0.477561079302103
"RASGEF1C",0.477561079302103
"SOD2-OT1",0.477561079302103
"MEP1A",0.477561079302103
"KIF25",0.477561079302103
"MIR892B",0.477561079302103
"LINGO2",0.477561079302103
"C10orf67",0.477561079302103
"RNU4ATAC6P",0.477561079302103
"RNA5SP368",0.477561079302103
"TRPC4",0.477561079302103
"LINC00384",0.477561079302103
"LINC00433",0.477561079302103
"LINC02248",0.477561079302103
"RNU6-1061P",0.477561079302103
"LOHAN2",0.477561079302103
"LINC-ROR",0.477561079302103
"MACROD2-AS1",0.477561079302103
"LINC00656",0.477561079302103
"VN1R78P",0.477561079302103
"TMPRSS6",0.477561079302103
"RPL18AP2",0.477561079302103
"ATP6V1FP2",0.477286524869413
"AATBC",0.476981494570002
"STPG4",0.47639184305768
"TMEM198",0.476330879907777
"SRP72P1",0.476073636241164
"SOWAHCP2",0.476073636241164
"MRPL23",0.475181894445032
"MZT2B",0.475007858682786
"CADPS",0.47494166538954
"TRA2B",0.474727965443906
"THAP7",0.474082932896545
"MAN2A1-DT",0.473989053823016
"LINC01526",0.473989053823016
"DPPA3P10",0.473989053823016
"MIR4766",0.473989053823016
"FZR1",0.473901380676351
"CHROMR",0.473876047865077
"TOP1",0.473524245822126
"GMCL1",0.473307819589339
"GMDS",0.472362869643887
"PAXBP1",0.472337512851391
"MBTD1",0.472007877291735
"EME2",0.471981600611885
"H3P36",0.471846883160167
"SOD1",0.471140759757091
"ELOC",0.470074660981852
"TMEM255B",0.469486393397013
"IP6K2",0.468638166409395
"SLC28A1",0.468632991826162
"GNAI3",0.46819991568314
"SLC1A5",0.467793104380476
"ARHGAP11A-SCG5",0.467736802212344
"ATP5MG",0.467416105989986
"SLC38A2",0.467262468044013
"RPL14P1",0.466643075468551
"KCMF1",0.466642987043754
"FAS",0.466476321014329
"SLC36A4",0.466312922367908
"ELF2",0.466101009404462
"CFAP58-DT",0.465843220710179
"BHLHE40-AS1",0.465645549727797
"ME2",0.465018619310158
"FLVCR1",0.464600789341401
"MMADHC",0.464304769238783
"STT3B",0.46423224593903
"CEBPZ",0.464156872614916
"ANP32A",0.462878723629888
"PRELID1",0.462682707679058
"LINC01418",0.462303842362761
"GBGT1",0.462188571069599
"EWSR1",0.462077284657164
"MSL2",0.461627136357722
"LINC02347",0.461044522333125
"MAN2A2",0.46086929651503
"TRPT1",0.460826724481319
"SNORD101",0.460782931251006
"LINC02827",0.460782931251006
"METTL25B",0.460779151933838
"RNU6-212P",0.460443050552187
"TNNC2",0.46016317409207
"ZNF639",0.460017457998475
"RNU6-1281P",0.459772832722614
"RFFL",0.458988149767808
"SH2D6",0.458796512592944
"CGB7",0.457716771717483
"ZNF646",0.457713532937425
"TRAK2",0.457454911170916
"PSMC3",0.456735455096065
"AMY1C",0.455947487702798
"TUBB8P11",0.454783373525336
"CYTH2",0.454642547802223
"LRRC78P",0.454508347855909
"ACAT1",0.454411022735724
"ZNF830",0.454351214300499
"NBPF17P",0.454185157947338
"LINC01864",0.454103753219789
"NDUFB7",0.454033352555706
"IL10",0.453943863137846
"PGM1",0.453400316067813
"CIZ1",0.453258643364044
"NID2",0.45267873818605
"RNA5SP233",0.452522102692717
"GAPDHP76",0.452522102692717
"HNRNPA1P14",0.452164719917859
"CNOT11",0.452009366272214
"SIN3B",0.451908446388236
"RPL35AP32",0.451777842483336
"EEF1A1P29",0.451300798433744
"MYBL2",0.451273138959505
"NBPF2P",0.450338973543145
"CFAP107",0.45029230486629
"SMPD4",0.45017731780307
"RNU6-1128P",0.449718493046494
"CCT8",0.449392604422054
"GASK1A",0.449289196589657
"KCTD13",0.449035344755992
"LINC00115",0.448679184573226
"RNU6-1310P",0.44847326380626
"LINC01730",0.448312619951762
"LINC01849",0.448148075092422
"RPL17P6",0.447798697415421
"FCF1P7",0.447638660990327
"METTL8",0.447135277786299
"MIR4269",0.447104601341653
"EXOC7",0.446847797913846
"SH3BGRL2",0.446632623303498
"BSCL2",0.445994210081084
"CCSAP",0.445982260270849
"KRT18P68",0.445962486214058
"MTCO1P40",0.445881235798218
"BRI3P1",0.44577252107304
"HMGN1P28",0.445213889317223
"KRT82",0.444946457097398
"UTP6",0.44479030413825
"ANAPC13",0.444578602476606
"MIRLET7G",0.444228998995134
"MIR6080",0.444068049103937
"NPM1P32",0.443722469028386
"ZNF207",0.443653207719137
"SZT2",0.443562293248355
"ST3GAL1-DT",0.443249559950991
"EEF1A1P23",0.442889505162094
"CDCA7L",0.442740263393355
"UBALD1",0.442738284385254
"ECD",0.442189658521671
"KAT14",0.442138604571951
"IMMP1L",0.440558139196397
"FAM149B1",0.440542560965304
"H4C4",0.440475128353923
"FCN1",0.440462265349623
"GNL3L",0.440356636826066
"SLC4A1",0.440171858077924
"ASTE1",0.439748804500662
"DNAH8",0.439124566508414
"GNPTAB",0.438640119801864
"WNT9A",0.438349712364912
"GAS6-AS1",0.43823884917547
"PUS10",0.438071126750933
"ARHGEF9",0.43793694942446
"CNBP",0.437671030035639
"RNU6-31P",0.437546087925511
"RPL32P1",0.437409685734239
"PRR3",0.43727429792212
"EWSAT1",0.437182918038107
"ANTXR2",0.43705794498023
"PNRC2P1",0.436611518676685
"GPR160P2",0.435747496768586
"NUDT19-DT",0.435208574344721
"RGS22",0.435014912591266
"EPS15L1",0.43463554581664
"SLC36A3",0.43462990389642
"FSD2",0.434521424996865
"RPL21P135",0.434161867250987
"WDR59",0.434029411972336
"RNU6-933P",0.433572547384515
"CCL15",0.433572547384515
"ADIG",0.433572547384515
"NHIP",0.433572547384515
"VPS26C",0.433089999167789
"OPN1SW",0.433067563212608
"LINC00608",0.433024104595845
"RNU6-470P",0.432629733096669
"B4GALT7",0.432592026500983
"STX18",0.432568304310913
"DAAM1",0.43250175299541
"LINC01767",0.4323839632761
"ZNF836",0.431993251279066
"DIPK2A",0.431953976741403
"GNA12",0.431706794828256
"TIE1",0.430974168480483
"PPP6R2",0.430952847379029
"SLC30A7",0.430928501485682
"TXNDC12-AS1",0.430718592992474
"PAICSP4",0.430451551339187
"SUPT4H1",0.430328909719245
"LINC01233",0.430232570063528
"ZNF692-DT",0.429744944937439
"RN7SKP224",0.429744944937439
"SNX9-AS1",0.429744944937439
"MIR603",0.429744944937439
"GPR160P1",0.429420877809417
"GAST",0.428977549535039
"MMADHCP2",0.42785367887872
"EEF1A1P30",0.427651562034749
"NRDC",0.427406338407185
"PKD1L2",0.427242681147935
"XBP1P1",0.426985318786669
"CRYGS",0.426596055321294
"LINC03121",0.426092039899186
"PRRX1",0.426092039899186
"FMN2",0.426092039899186
"PRKCZ-DT",0.426092039899186
"CRTC1P1",0.426092039899186
"GABRG1",0.426092039899186
"TARS2P1",0.426092039899186
"LINC02484",0.426092039899186
"KIF4B",0.426092039899186
"KCNMB1",0.426092039899186
"SH3TC2-DT",0.426092039899186
"PSD2-AS1",0.426092039899186
"OR2P1P",0.426092039899186
"MTND1P2",0.426092039899186
"PNMA6F",0.426092039899186
"GAGE10",0.426092039899186
"RPL21P132",0.426092039899186
"TCEAL6",0.426092039899186
"RDXP3",0.426092039899186
"LINC02099",0.426092039899186
"XKR4",0.426092039899186
"SLC18A1",0.426092039899186
"MEP1AP4",0.426092039899186
"LRRC55",0.426092039899186
"LINC01553",0.426092039899186
"LINC02668",0.426092039899186
"OR7E101P",0.426092039899186
"OR4N5",0.426092039899186
"TMCO5A",0.426092039899186
"VAT1L",0.426092039899186
"MTND5P33",0.426092039899186
"C1QTNF8",0.426092039899186
"SCRT2",0.426092039899186
"SALL4",0.426092039899186
"TPRX2",0.426092039899186
"GCM1P1",0.426092039899186
"MTFR2P2",0.426092039899186
"LARGE-IT1",0.426092039899186
"UBE3AP2",0.426092039899186
"GABARAPL2",0.425934839590267
"GDF5",0.42567438050479
"RNF115",0.425652826886512
"HNRNPA1P7",0.425147171142537
"MT-CO2",0.425129851438994
"MECOM-AS1",0.424237136906804
"PTH1R",0.424215672394364
"TLX3",0.424215672394364
"PGDP1",0.424215672394364
"ZNF73P",0.424215672394364
"LINC01058",0.424172869780525
"SLC39A14",0.423948584284615
"LINC01964",0.423526267945787
"HMGN2P18",0.422989306427073
"SDHDP6",0.422273780813154
"CRK",0.421917268013784
"CHRNG",0.421830817374108
"QTRT2",0.421573787104898
"MFAP3",0.421404559595236
"GPR89A",0.420910136169128
"TUG1",0.420876178311297
"RN7SL444P",0.42084321868507
"RNU6-565P",0.42084321868507
"RNU6-1318P",0.420765066845494
"SYNJ2-IT1",0.420765066845494
"CD4",0.420732033474635
"ZC3H11C",0.420547136985409
"RPL3L",0.420464607903377
"ACTBL2",0.420394314137543
"ADGRG3",0.420142560655988
"OFD1P7Y",0.420104443355579
"PODXL2",0.420012624526393
"LINC01748",0.419783808962335
"JRKL",0.419458289358823
"ORMDL1",0.419334456185131
"NDUFA11",0.418988670735694
"RPL7P17",0.418875583973825
"RPS3AP51",0.418782702208292
"ARPC4-TTLL3",0.418719121056829
"RSAD1",0.418266195664309
"MIR6761",0.41812417973272
"SMG1P5",0.41812417973272
"MYL12BP1",0.41799427382116
"HNRNPKP1",0.417777010514615
"SOCS1",0.417705818735948
"SLC25A32",0.41757266867662
"TMEM128",0.417220044037873
"CICP27",0.416749508485378
"EIF3F",0.416611742027231
"CERK",0.416285026647988
"TRMU",0.416181413392323
"DNAJC25",0.416136079070235
"ACYP2",0.415507259818151
"IGHV3-79",0.415491741681434
"SNRNP70",0.415340738545725
"RTRAF",0.415167604170319
"PA2G4P5",0.414920081096496
"KRT18P13",0.414697324100656
"CKS1BP3",0.413968832015026
"ITGB1",0.413647605626258
"LINC02754",0.413493166913645
"RPL31P10",0.41348549073723
"LCMT2",0.412611196675486
"TTF2",0.412528620970972
"ROR1-AS1",0.4124982683815
"UBE2Q1",0.412175955487973
"CASP8AP2",0.412130695870814
"SBNO1",0.411893304505232
"TIMP2",0.411867268939613
"MESTP1",0.411699333491804
"POLR1H",0.411248637276811
"CPLANE1",0.410733878991495
"DUS2",0.41054479125975
"LINC02891",0.41053830289526
"TRAPPC6B",0.410518396834675
"TMPO",0.410443435890531
"MGST3",0.410196298908943
"LINC00402",0.41015088841893
"AP4B1",0.410117662237835
"MRPL52",0.410003391612166
"PSMD8",0.40979888614071
"GSK3B",0.409579124477266
"RD3",0.409538714451324
"C1orf105",0.409538714451324
"GRM1",0.409538714451324
"NXPH3",0.409538714451324
"MYH1",0.409538714451324
"MIS18A-AS1",0.408835171436528
"BALR6",0.408759497977001
"LINC02531",0.408759497977001
"APOL5",0.408759497977001
"SNORA46",0.40830166105861
"CREB3",0.408062066940726
"RPL21P119",0.4073932998315
"SERF1A",0.407346974224043
"CTDP1",0.407343735658351
"SPINK4",0.407112516993993
"ARHGAP27",0.406974568466583
"BBOX1-AS1",0.406586414623136
"SLC25A12",0.405945355563532
"ELP5",0.405899680691385
"FRS3",0.405616029191896
"ATP5MC2P4",0.40395522353118
"ACOXL",0.403527684667865
"IFT25",0.403434781217794
"RPS5",0.403280453613418
"NDUFAF2P2",0.403193524638681
"DNMT3B",0.402375128791716
"TMEM134",0.40198326911076
"SERAC1",0.40180452086943
"H2AZ1-DT",0.401018718695565
"RBBP6",0.400776059367111
"DHPS",0.400767095605484
"LSMEM1",0.400593300730633
"BTF3L4",0.400128465112443
"EEF1A1P25",0.399748390171227
"HSPE1P27",0.397862204106085
"RPL31P63",0.39676692769916
"NICN2P",0.396756195864014
"SPATA13",0.396593594996806
"HERC1",0.39628884247065
"DPH3",0.3960994309859
"HSPB1P1",0.396025009955044
"CMTR1",0.395868324174681
"CLDND1",0.395759023122509
"GUCY2D",0.395732676906792
"SAT2",0.395662103377296
"IL20RB-AS1",0.395388914747596
"ATP6V0A2",0.395224856692373
"ILRUN",0.39510808606806
"AHCTF1",0.394858747147756
"LINC02275",0.394056460126571
"NLRP12",0.393863344999635
"LINC00937",0.393862539326497
"RPL10A",0.393791729261789
"DNAJC9",0.393719921882448
"MIR3143",0.393677381257334
"PTCD3",0.393012896287084
"DENND4C",0.392957418279106
"MT-TR",0.392615033611261
"RPL12P15",0.392449026020802
"IMPG1",0.392394275011721
"ALKBH3-AS1",0.392348325209537
"DELEC1",0.391652537220597
"METTL25",0.391071169851167
"CTRB2",0.390490154896113
"HYCC2",0.389968671108329
"SEM1",0.389388222946264
"MSH2-OT1",0.388249416571033
"PMS2P7",0.388249416571033
"MBD3L1",0.388249416571033
"MT-TV",0.388038386452084
"HAGLROS",0.387809463446917
"LINC00867",0.387507432777036
"FAM168A",0.38644554847278
"ZNF496",0.386170475867293
"HSPA8P8",0.384504298736637
"ST13P18",0.384276559756106
"ZRANB2-AS1",0.384167097482278
"TPTE2P5",0.383925839296195
"LINC01709",0.38371732969407
"CYS1",0.383601366862137
"SLC25A17",0.383494699872836
"DHX36",0.383371917137166
"ALDOC",0.383334896771232
"TSEN54",0.383270189074713
"ZNF692",0.382944474749871
"RING1",0.382417980850075
"ZNF155",0.382153394627515
"RNA5SP18",0.381347348722176
"KPNB1-DT",0.381314298587416
"MFSD8",0.381208853165238
"MED9",0.381049732527702
"CHPF2",0.38097876083618
"CELF4",0.380949941789572
"ESCO1",0.380601047625911
"HERC2",0.380572640349551
"VAC14",0.380503366044671
"EIF4A2P5",0.379604525341542
"UBE2D2",0.379101442970175
"ERCC8",0.378716864355687
"ADAM1B",0.378578211169943
"CEP350",0.37846411803007
"LINC01115",0.378284609146909
"OR7E130P",0.378284609146909
"RNU4-30P",0.378284609146909
"GAPVD1",0.377634246188346
"LINC02775",0.377484873293053
"FOXRED1",0.377032883535945
"SIVA1",0.376066615642526
"TAMALIN",0.375913619737492
"C1orf43",0.375417908619078
"HLA-W",0.37534360482505
"CEP104",0.375326584210716
"CACNA1E",0.374888117628363
"PCDH18",0.374771185516543
"VPS54",0.374589396773531
"CHMP2A",0.374547247928902
"C12orf60",0.374510209204798
"RPL32P16",0.373779098934949
"TNR",0.373605740498833
"RPL34P24",0.373538039134868
"NOLC1",0.373272736708509
"SNHG15",0.373036186211478
"RPL26P19",0.372919286290844
"PATL1-DT",0.371401344876671
"HSPA1A",0.371349819914263
"KRT8P7",0.371225373575775
"SCT",0.370745864966845
"SS18",0.370709874482543
"SMYD2",0.370633952479593
"LINC02999",0.370579195701774
"C2orf68",0.369592611708021
"COX7BP2",0.369431846283837
"SLC35B1",0.369393387346497
"TNFRSF10C",0.369366240998381
"JADE2",0.369235093731179
"FBXO46",0.368953137741078
"BPTF",0.368819311439246
"NOP14-AS1",0.368738857292428
"RNU2-70P",0.368626173241584
"FAM53B",0.368616836726849
"CKS2",0.368553496174353
"EEF2K",0.368376967642147
"NDUFA4",0.367743321715315
"CLN8",0.367590818497394
"TRABD",0.367407575403838
"SLC25A28",0.367278646381986
"SNRPA1P1",0.367184006525593
"VPS29",0.366366176353617
"CYCSP24",0.366268229656934
"KLC1",0.366242127636826
"RPL15",0.365745437524679
"RN7SL43P",0.365210478053144
"EAF1-AS1",0.364951241661981
"VDR",0.364686483166502
"TCEAL1",0.364659387441451
"SLC39A7",0.364426035881821
"PP1P",0.364335394868945
"H2AZ2",0.363825086933258
"TMEM91",0.36281466767676
"LINC00847",0.362595048373263
"RGS6",0.361828260599852
"ERICH3-AS1",0.361337767261426
"SLC22A14",0.361046911910483
"CPVL",0.360878216721789
"CSRNP2",0.360253915466869
"ANKLE2",0.360173728375688
"EPCIP",0.360068428674
"UXT-AS1",0.36006837945718
"RPL6P19",0.360005100497376
"MRFAP1",0.359667582238088
"ZNF853",0.359478573111045
"ATP6V0E1",0.358920337938662
"UQCR11",0.357513327350916
"HMGN1P4",0.356927765837145
"MSRB3-AS1",0.35605733792896
"EFL1",0.355534592107028
"H2BC21",0.35528056815185
"SMPD1",0.35511645515964
"IMP4",0.355041348580021
"PCNT",0.354745770290459
"ZNF689",0.354063735645513
"ATP6V0A1",0.353304020212596
"IRAK2",0.353021031655771
"RNU6-1138P",0.352608081534775
"FBXO9",0.352032463435343
"PP2D1",0.351752967242646
"THUMPD3-AS1",0.351664021778491
"SLC6A14P1",0.351246713441404
"PSMD10",0.351118828188591
"TESK2",0.350722488971919
"NPM1P35",0.35037397695492
"ELOB",0.350349136291399
"AGGF1",0.350090982275543
"NOSIP",0.350012771745861
"PANCR",0.349538731818235
"ST13P7",0.349328314135857
"AFG2B",0.349246215777737
"BRMS1",0.349181350930324
"SYCE1",0.348989709492109
"RPL24P2",0.348972440444118
"PIWIL2",0.348757767259528
"POLR3GL",0.348491798579691
"STK19",0.34839340099412
"PAIP1P1",0.348384700560644
"OSGEPL1-AS1",0.348193438837298
"LINC02433",0.348189780719227
"SMPD2",0.348187226747622
"KCTD21",0.348180283347596
"SI",0.347912911024866
"SEC24C",0.346989219532559
"SNRPEP4",0.346820660935966
"IFT74",0.346623543826696
"RRP36",0.346504359363985
"LINC00315",0.346384639609516
"SERGEF",0.346334916238118
"LINC01786",0.345901761134632
"LUC7L3",0.345344492557776
"HSPD1",0.345174842839951
"GPX1P2",0.345069278551032
"PIGP",0.344895674771478
"MFSD14A",0.344409371448161
"MPP3",0.344139323042524
"PTPN11",0.343839009908844
"SCN10A",0.343675722630374
"RN7SKP96",0.343675722630374
"EEF1A1P20",0.343675722630374
"LINC02208",0.343675722630374
"DNAAF9",0.342846861652269
"TMEM245",0.342423230070783
"MKRN2",0.342251858356662
"TINF2",0.342180715852337
"UBE3A",0.342156169338728
"RTF2",0.342069446068448
"UBL7",0.341797128610057
"DPY19L3",0.341456298631217
"RAP2B",0.340948872812025
"SUGP1",0.340678725499134
"VTRNA2-1",0.34066630439052
"ERGIC1",0.340658936049574
"TFAP2E-AS1",0.340405210902823
"ZZEF1",0.340380411710181
"MECP2",0.33901652352218
"AQP2",0.338947197454901
"LINC01608",0.33883842891884
"SLC22A7",0.338623713897536
"CDK13",0.338348115313478
"LINC01545",0.33815433005908
"PCSK7",0.33797130687719
"TPT1",0.337727830307109
"RN7SL672P",0.33759941292425
"POM121B",0.336838175140883
"COG1",0.336561412826799
"SNORD70B",0.336499625398557
"LINC02691",0.336499625398557
"SNORA38B",0.336499625398557
"RBFADN",0.336499625398557
"CCDC71",0.33619942929971
"MIR4746",0.335989645260159
"CYP4F11",0.335411956162625
"FAM161B",0.33537774469317
"GNG5",0.335218977252622
"SLC12A3",0.335093602456436
"C11orf58",0.335038974502449
"ARHGEF37",0.334999937783152
"DDX17",0.334817802082453
"MANF",0.334336195872197
"EGR3",0.334328727268024
"ZNF12",0.334231382450117
"DCAF17",0.334217027748335
"LINC01585",0.333305199242068
"CCDC178",0.333305199242068
"ZNF579",0.332426780086295
"ZNF728",0.332096252200855
"TUBA3D",0.331989323030469
"OR7E1P",0.331708487247953
"CCNQ",0.331628670266342
"TMEM38B",0.331095272614656
"RPS15AP1",0.330766846940137
"UBR3",0.330524231664078
"SMC5",0.330449154097688
"DET1",0.329792911159295
"SCAPER",0.329782694003678
"DHFRP1",0.328559014579546
"SNHG3",0.328388696704162
"SIRT7",0.328380003394913
"LRRD1",0.327845520868108
"CMTM6",0.327412786666852
"COPS8-DT",0.327308041332457
"GAPDHP60",0.326807388446638
"HMGN2P24",0.326799978994917
"FAAH2",0.326523078194492
"HNRNPA1P59",0.326092627092619
"NCOA1",0.325423819636317
"NXT1",0.325352890312848
"SLC35F5",0.325326361978217
"LINC01018",0.325121534799683
"CABP4",0.324911406230527
"EHD4",0.324325083259588
"PLXNA4",0.32431680015819
"NPIPB2",0.323923106895898
"NCK1",0.323898477341221
"FAM210A",0.323437451399107
"DDX59",0.323426875031036
"UCK1",0.323288364419543
"PANK3",0.3232128741985
"ZNF101",0.322528049573241
"NBEA",0.322196267927015
"ASB4",0.321874222335336
"KGD4",0.321267928144549
"MAP1A",0.321059667648298
"MRPL41",0.320839418108339
"SLC15A3",0.320798159337313
"SLC25A35",0.320636488620747
"MXD4",0.320610452189504
"TM9SF4",0.320594481059153
"MDM1",0.320232091050666
"SPDYE2B",0.320102648062794
"IGF2R",0.319345121800203
"TEX35",0.319245531753957
"DLG5",0.318531517007897
"FNTAP1",0.31814174136437
"WDTC1",0.317984310646935
"TMED8",0.317807061187245
"NOP53",0.31750465260139
"KIF22",0.317240181092815
"RIMS3",0.316573897774044
"KDELR3",0.316532296708537
"FKBP5",0.316106040273802
"CHMP2B",0.316043956783683
"NYAP1",0.315758981956479
"DPAGT1",0.315489754016713
"CYCSP55",0.313921594305351
"RPL12P19",0.313798163787224
"UFL1",0.313565363155522
"WDTC1-DT",0.313282422341724
"EML6",0.31295632579092
"LY6S-AS1",0.312281493694586
"EXO5-DT",0.312254618062625
"BCLAF1P2",0.311789545799468
"HELQ",0.311443902365089
"MRPL54",0.311405719019895
"ARMCX6",0.310607783139146
"FGR",0.310578912824104
"EDNRB-AS1",0.310159755581889
"NIM1K",0.309996317037041
"NRIP3",0.309929663300125
"ADPGK-AS1",0.30979552970681
"CDCA3",0.3096397670577
"TEPSIN",0.309349998248321
"GOLGA6L9",0.309280935709936
"SLC12A2",0.309094793073768
"GK3",0.308612971038492
"MRPL39",0.308577136408596
"IDH2",0.308477234550341
"RBM45",0.308357858265392
"PARP6",0.308271719308027
"SLC22A12",0.308063213813052
"ORC1",0.307830952049023
"TTC7A",0.307774285504626
"SND1",0.3074844005501
"DUS4L",0.307369590922629
"GTF3C6",0.306964008782958
"LINC01331",0.306787895203882
"C19orf53",0.306735358130632
"CRBN",0.306552217497843
"INTS6L-AS1",0.306366234948893
"MS4A4E",0.30591628795137
"TERF2",0.305366409841292
"MARS2",0.305104136021253
"IL27RA",0.30429072060417
"ZC3HAV1L",0.304236559657679
"DNPH1",0.304164409115972
"FBXO48",0.303251957183417
"CASP5",0.302905762484363
"MIR29B2CHG",0.302877960575253
"LINC00592",0.302569844919971
"FAM133CP",0.302336158677523
"NUDT5P1",0.302267795824289
"RSL1D1",0.302264118862597
"TMEM167B-DT",0.302207378177309
"GPATCH3",0.302049871818701
"CERT1",0.302005450547692
"PABIR2",0.301909519783654
"TRIM58",0.301736103415391
"ASB1",0.301523132805962
"FAM89B",0.301297436067044
"PRNP",0.300902328461111
"GAB2",0.300830572894499
"EIF4A1P4",0.300775414155633
"AGAP4",0.300657361516076
"MYBPC1",0.299728382053346
"PANK2-AS1",0.29970501828559
"NIPA1",0.299656266605916
"BLOC1S4",0.29949169864048
"UCHL3",0.299451846902824
"RNASE10",0.298098703291648
"TNRC6B",0.297645785311558
"GLTPP1",0.297550306365596
"LINC02828",0.29754763926611
"FAM78B",0.297409893855743
"AURKAIP1",0.297121031654782
"ERO1A",0.296984693939637
"TPCN2",0.296808525115934
"PDP2",0.296335657187169
"LAMP5",0.296282305511884
"DMAP1",0.296136857314892
"KRT76",0.296081614980065
"CD58",0.296025203247018
"TMEM95",0.296021142710607
"HMOX2",0.295885464360391
"CASP7",0.294981346465967
"IKZF5",0.294839738369789
"HNRNPH2",0.293449143877351
"CT70",0.293442578135917
"ZFHX3-AS1",0.292870928975837
"RASGEF1A",0.292270436835462
"FTH1P2",0.292206628801285
"DLGAP4-AS1",0.291837545494064
"EMC7",0.291036170759867
"SLTM",0.290860292797362
"ARMT1",0.290322726057998
"RBMXP5",0.290184012201336
"GATAD2B",0.289942782627999
"LRRC8C-DT",0.28964705706177
"PITPNB",0.28938967307991
"ZDHHC6",0.289182471261967
"TPM3P8",0.289101035520458
"TRAPPC14",0.289078415103316
"IL24",0.288989980255012
"CCDC168",0.28875406711393
"EIF3A",0.288617489493036
"PDCD5",0.287855308901499
"MAILR",0.287845062071126
"NUTM2F",0.287684804091446
"KASH5",0.287228746039466
"PIGX",0.287013600900172
"SNX11",0.286875584126945
"PFDN1P1",0.286633194210828
"GSPT1",0.286270827996838
"VPS33B",0.286221663447689
"NEDD8",0.286161632113993
"ZNHIT1",0.285737310513213
"OR7E37P",0.285059748099699
"RPS25P7",0.284978616910153
"HOXA9",0.284828774646191
"GTF2F1",0.284707816284202
"ALDOC-AS1",0.284374205780872
"LRRFIP2",0.284302130023749
"LINC02306",0.284140429763999
"COPA",0.283663347386846
"HSPE1P6",0.283557447702538
"LINC01063",0.283281957047011
"MT2P1",0.283148380845681
"PLEKHF1",0.283048183811024
"ACTR8",0.282987946935974
"MORF4L2",0.282920964390121
"RAD51B",0.28278272544402
"SFSWAP",0.282724020309506
"IFITM3P7",0.282714719304557
"IGFN1",0.282714719304557
"RPL36AP9",0.282714719304557
"CAPN14",0.282714719304557
"C2orf73",0.282714719304557
"LINC01923",0.282714719304557
"LINC01116",0.282714719304557
"H1-8",0.282714719304557
"FAM20BP1",0.282714719304557
"IL2",0.282714719304557
"SOWAHA",0.282714719304557
"LINC01149",0.282714719304557
"CNTNAP2-AS1",0.282714719304557
"TRBV7-6",0.282714719304557
"GHRHR",0.282714719304557
"FAM236C",0.282714719304557
"SINHCAFP3",0.282714719304557
"MROH5",0.282714719304557
"KCNC1",0.282714719304557
"OR52N4",0.282714719304557
"LINC02751",0.282714719304557
"LINC02953",0.282714719304557
"LINC01514",0.282714719304557
"TCERG1L",0.282714719304557
"JAKMIP3",0.282714719304557
"LINC02681",0.282714719304557
"LINC01475",0.282714719304557
"HNRNPABP1",0.282714719304557
"RPH3A",0.282714719304557
"LINC02419",0.282714719304557
"LINC02375",0.282714719304557
"ANKRD26P4",0.282714719304557
"SOX1-OT",0.282714719304557
"ZDHHC22",0.282714719304557
"COX5AP2",0.282714719304557
"LINC01551",0.282714719304557
"LINC02837",0.282714719304557
"ADAM33",0.282714719304557
"ANKRD60",0.282714719304557
"SEL1L2",0.282714719304557
"ATP4A",0.282714719304557
"SHROOM2P1",0.282714719304557
"KIDINS220",0.282670365651493
"PDZD11",0.282348701893616
"COQ3",0.281788643197271
"SHC2",0.281682000405138
"MIR3144",0.281539656350074
"MYO16-AS1",0.281539656350074
"C1QTNF1",0.281539656350074
"INPP5B",0.280937976129844
"WDR83",0.280272029154058
"RIMS2",0.279949770580492
"ADAM10",0.279522767792727
"PRRC2B",0.279386039150973
"SUMO2P1",0.279271144934291
"CEACAM7",0.279167501137925
"BAZ2A",0.278922607717006
"IDO2",0.278743019810356
"TMPRSS12",0.278693955475628
"RPL31",0.278647042610457
"DZIP1L",0.278554653180647
"ACP1",0.277748416846785
"RPL18",0.276997818781524
"SLC26A1",0.276965411252287
"RNF139-DT",0.276931076919283
"PPID",0.276051216306265
"XPO7",0.276040397036682
"HUWE1",0.276022311378195
"POLH",0.275133725208162
"AAR2",0.274583674582221
"EIF4E3",0.273901801958676
"TBXT",0.273878732691437
"SMNDC1",0.273285737136449
"JUND",0.273256950359895
"MRPL34",0.272565226737947
"CWC27",0.272516333754647
"DHRS11",0.272065637095212
"RPS26P38",0.272002599020376
"UNC93B5",0.27183041536264
"MIB1",0.271645081424584
"PABPC1P4",0.271477243035884
"PPP2CA-DT",0.27133564225887
"LINC02073",0.271053791463956
"ADSL",0.270858822044772
"ITGB1BP1",0.270651101656239
"WDR7",0.270545765334349
"TDP1",0.270528865385622
"BPIFA2",0.2700236658752
"LINC01118",0.269563714790723
"GINM1",0.269150899991291
"GNAO1",0.268667582160465
"HSD17B10",0.268461119566601
"HPGDS",0.268343860138904
"SNHG26",0.267815693596035
"URM1",0.267513587785619
"EHD3",0.26705639958856
"MTCO1P53",0.266881505861026
"BIN3",0.2668384130208
"ZNF213-AS1",0.266644072563905
"ARL17B",0.266604480206908
"ZFP41",0.266510423395707
"NUS1",0.266462067333648
"LINC02779",0.266443412132171
"ZNF674",0.266038603006825
"ZNF33A",0.265820159924759
"TMEM158",0.265510892287995
"HDAC8",0.265035676466831
"NT5DC1",0.264947717888012
"RABIF",0.264526698926221
"AMBRA1",0.264457947344043
"SNRPGP10",0.264367221771487
"PRNCR1",0.264162805115635
"CDC42EP3",0.263697640517271
"RNA5SP20",0.263655343534108
"RNU6-522P",0.263655343534108
"RBM22P4",0.263655343534108
"MIR3925",0.263655343534108
"BMPR1AP2",0.263655343534108
"RBMX",0.263458403846652
"LZTR1",0.263100169200317
"BBS1",0.26294204735602
"BNIP1",0.262820607040287
"SPPL3",0.26278993600415
"SIRPB1",0.262761470743307
"RNA5SP150",0.26245007556755
"RMDN1",0.262411723637913
"BAG5",0.262143354022775
"SLC13A3",0.261585456143349
"KIRREL1-IT1",0.261527284906271
"UQCC4",0.261380424601259
"RPGRIP1",0.261309761233205
"ST7-AS2",0.260832157169892
"LINC02350",0.260595913137607
"LINC02188",0.260477359978703
"MTND5P26",0.260346210231747
"THSD7A",0.260313337599598
"SSH2",0.26026783164621
"LINC01001",0.259980589436165
"KIZ",0.259627171500816
"LINC00559",0.259421563286635
"CCDC59",0.259334881110382
"WT1-AS",0.259315601950118
"EMC4",0.25923760699447
"LINC01433",0.259137096441909
"PGM2",0.258921236726369
"BECN1",0.258869320572801
"BRAF",0.258640315983213
"LHFPL4",0.258530298078927
"F7",0.258367151141964
"ZNF723",0.258115111465746
"COX8A",0.257978940162458
"TEX11",0.257610065351505
"PRMT2",0.257581200804844
"RABGGTB",0.257510698223923
"TPRG1",0.257391042288858
"NALCN-AS1",0.257384164251089
"LINC02373",0.25729157505902
"HYPK",0.257080010908154
"YTHDF1",0.256956095868422
"RPS12P10",0.2569201204233
"HEXIM1",0.256839810337748
"SLC6A7",0.25681532949324
"RPS4Y2",0.256791690827501
"LINC02435",0.25668659414955
"ING5",0.256606694896707
"EIF2D",0.256538010494197
"PLSCR3",0.256397723924784
"LINC01818",0.256288991998313
"FBLL1",0.256288991998313
"FAM167A",0.256288991998313
"MIR1299",0.256288991998313
"NXPE1",0.256288991998313
"RNU6-769P",0.256288991998313
"RNU6-288P",0.256288991998313
"POM121L4P",0.256288991998313
"TMEM179B",0.256254399592274
"REXO2",0.256105844258132
"THSD4-AS1",0.255624909418513
"SMIM10L1",0.255385013318253
"OR6N1",0.25531348308286
"DLG5-AS1",0.255247122849628
"RNU5B-2P",0.255229347652467
"OR4F16",0.255216394637174
"SNRPEP10",0.255130735601833
"TSPO2",0.255130735601833
"HOXA7",0.255130735601833
"RN7SL303P",0.255009049825984
"SLC24A4",0.254962863687962
"KRT18P26",0.254761090349895
"SNORA70B",0.254379220806942
"USH2A",0.254099301497748
"CCEPR",0.253948861533364
"SSR2",0.253746682248516
"RAB43P1",0.253619966357115
"PTP4A2P2",0.2536030531157
"CDH5",0.253000438076028
"GCGR",0.253000438076028
"MKRN2OS",0.252976403723523
"PRLH",0.252668573822059
"RNU6-448P",0.252668573822059
"PRPH",0.252668573822059
"OR6J1",0.252668573822059
"SMC4",0.252651494636469
"TSC1",0.25227944774569
"HEXIM2-AS1",0.252216093495642
"MUC17",0.252119721546595
"RGPD3",0.251870500702716
"LIN28A",0.251712502943072
"TRIM52-AS1",0.250756727150285
"ZC3H14",0.250657054069883
"ATP1A3",0.250309288142747
"MIR5585",0.250177892197806
"AFG2A",0.250140909441199
"TNFRSF8",0.249978130480222
"CYB5AP2",0.249978130480222
"MAP1LC3P",0.249978130480222
"BETALINC1",0.249978130480222
"PPP4R4",0.249798834820113
"SCO2",0.249167010065125
"RN7SL333P",0.248553780102353
"CELF3",0.248553780102353
"PDE4DIPP8",0.248553780102353
"LCE1C",0.248553780102353
"SLC35F3-AS1",0.248553780102353
"LINC01755",0.248553780102353
"KAZN-AS1",0.248553780102353
"PIK3CDP1",0.248553780102353
"PABPC1P6",0.248553780102353
"MIR562",0.248553780102353
"AK2P2",0.248553780102353
"CXCR1",0.248553780102353
"NAT8B",0.248553780102353
"POU3F3",0.248553780102353
"UICLM",0.248553780102353
"FANCD2P2",0.248553780102353
"SSX2IPP1",0.248553780102353
"ZIC1",0.248553780102353
"RNU1-100P",0.248553780102353
"MRPL42P6",0.248553780102353
"LINC00882",0.248553780102353
"CSP2",0.248553780102353
"PSMD12P1",0.248553780102353
"PPIAP73",0.248553780102353
"TM4SF18-AS1",0.248553780102353
"PPP4R2P4",0.248553780102353
"LINC02469",0.248553780102353
"GRXCR1",0.248553780102353
"LINC01095",0.248553780102353
"RNU4-14P",0.248553780102353
"TIFAB",0.248553780102353
"CDCA7P1",0.248553780102353
"RN7SL26P",0.248553780102353
"LINC00574",0.248553780102353
"LINC02519",0.248553780102353
"LINC03005",0.248553780102353
"CLEC2L",0.248553780102353
"INHBA-AS1",0.248553780102353
"CCDC201",0.248553780102353
"TAS2R16",0.248553780102353
"DUSP21",0.248553780102353
"PSMC2P2",0.248553780102353
"FER1L6",0.248553780102353
"SPATC1",0.248553780102353
"LINC01151",0.248553780102353
"LCNL1",0.248553780102353
"RNU6-1082P",0.248553780102353
"RPS4XP12",0.248553780102353
"CATSPER1",0.248553780102353
"LINC02752",0.248553780102353
"MIR3166",0.248553780102353
"KRT8P26",0.248553780102353
"OR7E117P",0.248553780102353
"PGA3",0.248553780102353
"OR52A1",0.248553780102353
"OR8G1",0.248553780102353
"OR9I1",0.248553780102353
"TH",0.248553780102353
"MRGPRF",0.248553780102353
"SLC6A5",0.248553780102353
"LINC02724",0.248553780102353
"LINC02763",0.248553780102353
"CICP9",0.248553780102353
"LINC02671",0.248553780102353
"EBF3",0.248553780102353
"EMX2OS",0.248553780102353
"LBX1-AS1",0.248553780102353
"LINC01163",0.248553780102353
"ANTXRL",0.248553780102353
"KRT2",0.248553780102353
"GPR182",0.248553780102353
"KRT89P",0.248553780102353
"MRPL2P1",0.248553780102353
"C1QTNF9-AS1",0.248553780102353
"MFAP1P1",0.248553780102353
"SSBP3P5",0.248553780102353
"SERPINA12",0.248553780102353
"IGHVIII-5-1",0.248553780102353
"RN7SKP17",0.248553780102353
"RNASE9",0.248553780102353
"FOXG1",0.248553780102353
"OR4Q3",0.248553780102353
"LINC02330",0.248553780102353
"FAM181A-AS1",0.248553780102353
"SNORD115-28",0.248553780102353
"CSPG4P10",0.248553780102353
"SPICP2",0.248553780102353
"OR4D2",0.248553780102353
"CD300LD",0.248553780102353
"ASXL3",0.248553780102353
"POM121L3P",0.248553780102353
"RAX2",0.248553780102353
"GIPC3",0.248553780102353
"COX16P1",0.248553780102353
"PCDH11Y",0.248553780102353
"LINC01310",0.248553780102353
"MLXP1",0.24836083476558
"LIPI",0.248280047194638
"ASS1P3",0.248245489269383
"RPS12P5",0.24823809681985
"PHAF1",0.248228858925908
"VN2R3P",0.247899476508716
"SMIM35",0.247899476508716
"TWF1",0.247793953754783
"BCORP1",0.247680383020131
"OXR1",0.247434644152812
"DCAF8-DT",0.247197962247287
"CHCHD2P5",0.246980925275929
"TRIM60P14",0.246980925275929
"PHYHIPL",0.246980925275929
"CLUHP3",0.246980925275929
"LINC02006",0.246569424603328
"DDB2",0.24653999104467
"CCSER2",0.246465476771287
"STAB2",0.246011159997347
"MAD2L1P1",0.245974023978281
"ADAD1P1",0.245657856523372
"ANKHD1-EIF4EBP3",0.245562991508251
"SIAH1",0.245224331399559
"NSA2",0.24515218829836
"RIF1",0.245135640970689
"LINC02087",0.244284688273858
"HELZ",0.244140164964574
"BNIP5",0.243991093413592
"PDGFRA",0.243959237279074
"GTPBP10",0.243936989685403
"TRAV41",0.243619645490529
"OR2A7",0.243575093583922
"DCUN1D1",0.243067000317596
"OGFRL1",0.242913913058262
"CGRRF1",0.242423055325149
"ANGEL1",0.242408145506621
"ARHGAP45",0.242038372775538
"PLAA",0.241953819479911
"DGUOK-AS1",0.241666439914061
"CCDC77",0.241432873839067
"AGAP12P",0.24111945984158
"RPL7AP60",0.24111945984158
"MXRA8",0.241101834495667
"PSMA6P1",0.241043891077598
"LINC00434",0.240338435965129
"C22orf31",0.240211033265881
"CCDC136",0.24001714460223
"ABHD17B",0.239437064818186
"SPPL2B",0.239290257876371
"AANAT",0.239144729777652
"FIS1",0.239016303855779
"PPIP5K2",0.238700180023285
"SETD6",0.238617625591269
"MYADM-AS1",0.238082465865429
"RPL36",0.238057423726793
"LDHAP1",0.237617534017925
"PGK1P2",0.237552037498063
"MIR1183",0.237416251319914
"DNM1P38",0.237416251319914
"RNF112",0.237416251319914
"FRG1EP",0.237416251319914
"LILRA2",0.237416251319914
"LMNTD2",0.237238802657821
"GEMIN7-AS1",0.237232121662238
"COA8",0.237217354808705
"LINC01883",0.237171052494031
"HNRNPA1P26",0.236686016471472
"METTL4",0.236515990465889
"SPDYE21",0.236489816836924
"IGBP1P4",0.236416981169589
"RBL1",0.236414642187534
"USP9X",0.236000812412148
"FTO",0.235837630112945
"NPIPA2",0.235068001148135
"SCMH1-DT",0.234690515515296
"SIRT3",0.234626764433323
"MZT1",0.234609659259595
"LINC02570",0.234497388150455
"CAGE1",0.234313826287848
"COX5B",0.23414668831677
"B3GAT3P1",0.234135306160612
"CRIP1P2",0.234090266967756
"UBQLN1",0.233918466698308
"SNHG32",0.233915863942186
"QSOX2",0.233840039912561
"UFD1",0.23379928009172
"PARD6G",0.233783122657838
"TMED2-DT",0.233424388038485
"UPF3AP3",0.233326531271535
"TRPS1-AS1",0.233063024692634
"MIR629",0.233063024692634
"RNU6-1005P",0.233063024692634
"PCDHB2",0.2329440422018
"KHDC3L",0.232926034938371
"TRAPPC4",0.232863482464416
"WIPI2",0.232622730200655
"PPARGC1A",0.232597861065888
"GJC2",0.232535619659394
"KRTAP5-2",0.232535619659394
"NUTM2B",0.232535619659394
"RNU6-19P",0.232535619659394
"MT-TF",0.232335738787929
"LINC02256",0.232121317140044
"GSTO3P",0.231778314964893
"CCDC13-AS1",0.231637724885512
"MAPT-AS1",0.231631043410008
"NEK9",0.231567987124832
"HMGN2P17",0.231357818113823
"RFX5-AS1",0.231311465494498
"TRMT112",0.231209834798838
"RBP7",0.231159180381119
"RN7SKP179",0.231159180381119
"OR1AA1P",0.231159180381119
"MKRN5P",0.231159180381119
"LINC02550",0.231159180381119
"MIRLET7A1HG",0.231144952759914
"IRF2BPL",0.230678373368303
"RBISP5",0.230615521239965
"TTBK2-AS1",0.230548410005482
"LARP4",0.229979010752577
"KIF7",0.229774089221495
"MAP9",0.229742435290968
"LINC02896",0.229680644226405
"IUR1",0.229063262466464
"GSTM4",0.228838700434019
"PCNPP1",0.228827058161492
"RN7SL475P",0.228817010516968
"DLX1",0.228817010516968
"ROPN1B",0.228817010516968
"FGFBP2",0.228817010516968
"TMEM272",0.228817010516968
"LINC01571",0.228817010516968
"UNC80",0.228804216778068
"PPM1L-DT",0.22860333262077
"CFAP20DC-DT",0.228524264148143
"ANGPTL1",0.22777953605457
"UGGT2",0.227406500618549
"SCG2",0.227378043528453
"SNORD15B",0.227378043528453
"LINC01152",0.227378043528453
"USP9YP14",0.227378043528453
"MYL5",0.227361319764578
"PREB",0.227348675374703
"GTF2H4",0.227062674239794
"CLEC5A",0.227062674239794
"SCX",0.227062674239794
"GGTA2P",0.227062674239794
"GAPLINC",0.227062674239794
"LINC01694",0.227062674239794
"MRPS17P1",0.226988282457928
"PEX3",0.226927595256764
"KRT18P65",0.226457610784655
"UQCRFS1-DT",0.226363259279074
"SIGLEC16",0.226267861757137
"LINC00958",0.226121131170199
"RNU6-927P",0.22581564258591
"APPAT",0.225115299315432
"BCKDHB",0.225103072929943
"GUSB",0.225021889856639
"RN7SL751P",0.22485606293437
"CCDC54-AS1",0.224830162716907
"RPS27P15",0.224813697284494
"TPR",0.224656752754652
"TCAF1P1",0.224305413782114
"CTDSPL2",0.223785247915815
"SREK1",0.223551789664823
"EED",0.223298215358956
"RPL7P6",0.223032886744446
"RPS4XP7",0.222960424689757
"RNU7-185P",0.222960424689757
"RN7SL42P",0.222960424689757
"OASL2P",0.222960424689757
"HMGN1P1",0.222960424689757
"GOLGA8UP",0.222960424689757
"MARCHF1",0.222924272428089
"THAP12P1",0.222924272428089
"WFIKKN1",0.222924272428089
"H4C8",0.222749766324755
"TCF23",0.222700809606464
"MIR6796",0.222700809606464
"DUX4L9",0.222666560372099
"KRT8P51",0.222602792841127
"GEMIN2",0.222526287811451
"FAM156B",0.222422004195185
"SYTL2",0.222211279628934
"HIKESHI",0.222146702450515
"WHAMMP3",0.221804392119646
"HIVEP3",0.221798925407914
"PTPRJ-AS1",0.221770761256145
"MAP4K3-DT",0.221760697106596
"CICP6",0.22170123063359
"PAPOLB",0.221643541565172
"SNORA20",0.221531857741541
"STAU1",0.221360770206169
"RPL32P18",0.221126404650803
"KLHL30-AS1",0.221117318905321
"RNU6-395P",0.220964528939612
"NDFIP1",0.220874522270587
"SEC14L3",0.220373273504418
"ZSWIM5",0.22026515655311
"HEPACAM",0.220131086507348
"PDIA5",0.220089263710698
"CTNNA1P1",0.219959304362346
"EPRS1",0.219650072753764
"ORC2",0.219629279069539
"TUBGCP5",0.219394546308882
"RPS24P8",0.219378713841899
"HSPE1P2",0.219217799769456
"APP-DT",0.219007197311803
"RNU4ATAC16P",0.21890363009198
"OR4F1P",0.218584150022394
"HCP5B",0.218584150022394
"YWHAZP5",0.218260572414445
"SLC4A9",0.218254520566363
"MFSD4B",0.218116647337882
"AURKAP2",0.218043528694591
"RETREG3",0.217686259213352
"CAMKK2",0.217439513988201
"TNK2",0.217035532382496
"TATDN2P2",0.216993912037037
"PRKAR2B-AS1",0.216919952219816
"ZNRD2",0.216882405140351
"FAM24B",0.216797371365665
"AP1S3",0.216559833013536
"SMUG1",0.216530951006895
"RNA5SP110",0.216026070036389
"PPATP1",0.216026070036389
"TMEM31",0.216026070036389
"PNMA6E",0.216026070036389
"RPH3AL-AS1",0.216026070036389
"FAM83C",0.216026070036389
"CHMP1B",0.215831795192667
"ZNF25",0.215769402266372
"DLG2",0.21573394163308
"PHTF1",0.21503610216279
"USP12",0.214366093915923
"ARFGAP2",0.214346185289937
"TAF8",0.214340758804914
"SMC3",0.214029140270675
"NDUFA4L2",0.213869655712405
"HAUS6P1",0.213802468046398
"KCNJ10",0.213679130498782
"NPM1P31",0.213634734818354
"ZNF441",0.213573753363677
"DYRK1B",0.213274224704321
"TAX1BP1",0.213251923074216
"UQCC5",0.213184402679336
"RHD",0.213056822940493
"TUBBP2",0.212940627270237
"H2AJ",0.212888133735839
"TSPEAR-AS1",0.212659200728561
"RALGAPB",0.212647038394051
"IWS1",0.212537254362663
"SDAD1",0.212490725785359
"ACADVL",0.212416955634696
"RN7SL364P",0.212151819968163
"RBL2",0.212043805179912
"POU5F1P6",0.212043800038055
"OTUD6B-AS1",0.211864969989961
"OSBPL8",0.211748708187221
"PTDSS1",0.211562047947526
"PPP2R5B",0.211346879119878
"PPM1A",0.211173590085225
"BGLAP",0.210960228494313
"PPAT",0.210916725622986
"EXOSC6",0.210489756800528
"APC",0.209811242175975
"SULT1C4",0.209695674112856
"C6orf62",0.208921816596754
"RIOK3",0.208792426286205
"XRCC6P4",0.208615537781762
"PRPS2",0.208445735770119
"KRT18P25",0.208410610269855
"AGPAT4",0.208082432464386
"NPM1P39",0.208021314511043
"BTBD10P1",0.207827701097506
"SUCO",0.207798677214816
"SAMM50P1",0.207704361341458
"TAF1L",0.207704361341458
"RN7SKP151",0.207704361341458
"PCDHA7",0.207679920030802
"DACT3-AS1",0.207613225386895
"CCDC112",0.207526526944227
"EEF1A1P8",0.207441719613206
"BIK",0.207302914691942
"FAM50A",0.206973173969302
"RNU1-109P",0.206875523424947
"GATC",0.20686157774095
"KIF2A",0.206238335408209
"SNORD6",0.206078462922644
"ZNRD2-DT",0.20582310115824
"ZNF226",0.205448438853657
"MRPL51",0.205255867477832
"ZNF322P1",0.205187543253978
"ZNF513",0.205010681908633
"LARP4P",0.204992195429475
"RBM8A",0.204635762372207
"CISD1P1",0.204596811945954
"THAP12",0.204519304473065
"NKAIN1",0.204392826244153
"RLIG1P1",0.204392826244153
"CCT5P1",0.204392826244153
"AIG1P1",0.204392826244153
"GFOD1-AS1",0.204392826244153
"HSPD1P16",0.204392826244153
"PIGCP2",0.204392826244153
"CNTNAP3B",0.204392826244153
"RTN2",0.204392826244153
"ARL5B",0.204121087515553
"NAP1L4",0.204077137041681
"COX10",0.204033106985891
"AFF4-DT",0.203981884171017
"RNU6-887P",0.203972009119158
"RPS15AP40",0.203972009119158
"TOMM20P4",0.203972009119158
"NUDT15",0.203142145944413
"CDH12",0.202928566634644
"SEPHS1P1",0.202928566634644
"MTDHP1",0.202928566634644
"RAD54B",0.202928566634644
"AKR1B10",0.2029267343558
"ZNF92",0.202880571534462
"ZDHHC2",0.202850482932874
"INSM2",0.2027575160755
"IGHE",0.2027575160755
"TSNARE1",0.202637356031402
"SP2",0.202464556508245
"ZBTB20",0.202330211181181
"LINC02582",0.202294455449548
"NAGA",0.202165486680658
"H3P47",0.202136246652992
"RB1-DT",0.20199544633242
"MICOS13",0.201834316149011
"SLFN13",0.201414909605964
"GKN2",0.201375923408442
"SLC50A1",0.201360048030881
"FN1-DT",0.201123884320933
"GIHCG",0.201005370453707
"NBPF8",0.2009007949274
"FIGLA",0.200813870767122
"CRPPA-AS1",0.200813870767122
"MRGPRF-AS1",0.200813870767122
"TMEM132D-AS1",0.200813870767122
"LOXHD1",0.200813870767122
"NTSR1",0.200813870767122
"CRYL1",0.200786891201217
"RUSF1",0.200311834530176
"TOP2B",0.200136060173023
"DDX10",0.200063205027098
"TTTY10",0.199853555577016
"CCL8",0.19967764948667
"NDUFB2",0.199390022443229
"LINC02605",0.199326191453629
"LINC00885",0.199318601483474
"RPRD1B",0.199074671122537
"GUCA1A",0.19904688828184
"STT3A",0.199036902579543
"MCUR1",0.198923085654969
"FTH1P7",0.198895792231463
"NPM1P40",0.198353928623321
"SRP19",0.198211608016604
"MED6",0.197857966884938
"CCDC90B-AS1",0.197754209396411
"FGB",0.197529060299146
"RAD21L1",0.197479119030398
"SCAND1",0.196746592667714
"DDI2",0.196657002833856
"XKR8",0.196625153837034
"SKA2P1",0.19612657090777
"RAMP2-AS1",0.196123192669346
"LMTK2",0.196087074684346
"PIK3R4",0.195843145385081
"NFKBIB",0.19549545953497
"MT-TI",0.195479685210712
"OR5B2",0.19539854064971
"LINC02552",0.194751959197035
"TP53RK-DT",0.194742440511802
"C11orf68",0.194695195156539
"MLLT10",0.194504240147446
"H2AC19",0.194471004376573
"GID8",0.194366854377573
"PCLAF",0.194325689063972
"LINC01654",0.194102311451338
"DUSP13B",0.194102311451338
"EMC3",0.193964293681803
"CHMP1B-AS1",0.19378205497189
"FAM41C",0.193766295193663
"NACA",0.193732101734828
"PEAK1",0.193022631773342
"PRCD",0.192612222619515
"SLC38A9",0.192565204628622
"CROCCP2",0.192272708581833
"CENPCP1",0.192272708581833
"NHERF1",0.192245200756745
"SPDYE2",0.192078706756685
"ARHGAP5-AS1",0.192031142718297
"EIF4A1P2",0.191777034589898
"KCTD20",0.191708468815209
"MYL11",0.191499374516715
"RPL27P6",0.191357809509787
"TES",0.19107052776089
"C3orf49",0.19077241464313
"MTND1P22",0.19077241464313
"MIR378H",0.19077241464313
"GPR101",0.19077241464313
"DNAAF6",0.19077241464313
"LINC03053",0.19077241464313
"GLRXP1",0.19077241464313
"FAM242A",0.19077241464313
"MIR4324",0.19077241464313
"CTXN1",0.19077241464313
"OFD1P17",0.190733784379941
"UPF3AP2",0.189861010710909
"RPSAP45",0.189812043658954
"MAPT-IT1",0.189721145678857
"ANO10",0.189392777876788
"GPR3",0.189311765758669
"PIP5K1C",0.189132403180119
"VPS9D1-AS1",0.189027436014845
"MTND4P35",0.188295675911834
"FOXB1",0.188050844131491
"LYPLA2P2",0.187979134830603
"TUBAP10",0.18765577711212
"DDX50",0.187053187692927
"MTIF2P1",0.186724079047607
"MARCHF11-AS1",0.186724079047607
"RPL37AP8",0.186724079047607
"RPS27P7",0.186723014685215
"APH1B",0.186555923590439
"RIOX1",0.186270516294658
"RN7SL134P",0.186184951105927
"BRWD1",0.185835199649707
"L3MBTL1",0.185745997531886
"UNC119",0.18558352655784
"IRS3P",0.185552163002521
"TTLL3",0.185494184828069
"RPL10P16",0.185422989160741
"RPL29P4",0.185067096969516
"SRSF6P2",0.185032908092455
"RPS2P7",0.184969755327578
"UBXN2A",0.184948798905943
"RAB6A",0.184660062481042
"SLC30A5",0.18447896692998
"DAP3P1",0.184233649157531
"TTLL1",0.184170467111197
"TILAM",0.183479726246578
"APTX",0.183171328810828
"AATF",0.182772364982717
"MGAM2",0.18261290162652
"DDX18P5",0.18261290162652
"SPATA13-AS1",0.18261290162652
"TRIM66",0.182610041965263
"USO1",0.182081288243267
"LINC00839",0.18172517348665
"MFF-DT",0.181559354889616
"ATG3",0.181479842353171
"MYO1G",0.181322044891803
"LINC02068",0.18122509174801
"CBX3P10",0.181034318373402
"RN7SKP36",0.181034318373402
"MIR6509",0.181034318373402
"OSBPL9P2",0.181034318373402
"IGSF5",0.181034318373402
"BCL2L2",0.181014964001948
"DCAF15",0.180850808489553
"PNKP",0.180640892215763
"FTH1P4",0.180611352038872
"LYSET",0.180378083477607
"COQ10A",0.180277214985456
"PCYT1A",0.180123479921319
"WBP11",0.180006726803872
"YWHAQP4",0.17979187640574
"ZGPAT",0.17974196833477
"SDR39U1",0.179525309805954
"BLACAT1",0.179437198402716
"TAF5",0.178973453457091
"LCTL",0.178891129355892
"MT-TK",0.178458503712255
"ZMIZ2",0.178400639847178
"ALDH18A1",0.178248895420618
"LINC00844",0.178248061071121
"CHCHD2",0.177782556999767
"RABGAP1L",0.177767746650898
"C2orf74",0.177596159029384
"RPS20P9",0.177434752447523
"AGAP10P",0.177414394319393
"ING2",0.177092542287616
"AAK1",0.177059335127006
"RPS7P10",0.176902737024149
"SLC25A41",0.176836998742932
"SOX5-AS1",0.176775572502934
"LTN1",0.176341715507758
"WASHC3",0.176329114472773
"CHRNB4",0.176315410696197
"PTP4A3",0.176220735471841
"AKAP3",0.176047354469359
"UBE2D4",0.176015767105066
"ZNF596",0.17598169063889
"CYCS",0.175882145463463
"KLF7-IT1",0.175877428554495
"TIMM29",0.175594995598032
"TOP1P1",0.175465276179422
"PSME2P6",0.175176709680191
"SSC4D",0.175020826758352
"ZNF654",0.174659067820055
"GLI4",0.174507156330791
"RSPH4A",0.174347229474182
"TCEAL5",0.174059405067758
"DONSON",0.173848499428401
"PIPOX",0.17354745986192
"ABI1",0.173309347676672
"MTATP6P1",0.173056681666611
"AMFR",0.172882871730546
"SNRPD2",0.172857773885536
"SLC5A2",0.172802849896592
"IRAG1",0.172565812546378
"MYRFL",0.172427426607584
"RBM17",0.172157981669685
"FAM32A",0.172136070815933
"LINC01635",0.172119770518675
"PRIM1",0.171936071085005
"YY2",0.171838268512808
"TBL1X",0.171762876038159
"RAD17",0.171596746499065
"PJVK",0.171548836166422
"GCC2",0.171365017861775
"RNU6-238P",0.17128816305311
"IMP3",0.170976397790228
"CHSY1",0.170584584290834
"AKAP8",0.170268945749326
"SH2B3",0.170135713350822
"ROMO1",0.170019605346761
"LACTB",0.169919725464452
"ACADM",0.169479796424685
"APOL2",0.16941834039535
"HSP90AA3P",0.169302086466349
"HEMK1",0.168881613625237
"COPE",0.168806775575899
"FBXO32",0.168202237386512
"ZBTB39",0.16811952282934
"COX6B1P3",0.168073146648963
"ZNF700",0.167638740722693
"OSTM1",0.166958149037813
"MCTP2",0.166483412611356
"ETS1",0.165918258406399
"GARS1-DT",0.165870162597059
"HSPE1",0.165084434245883
"SPINT3",0.164974034837656
"TTC36",0.164534598268261
"RPS2P1",0.164269176079524
"PAX7",0.164038239868826
"TMEM179",0.163862934624056
"ADGRL4",0.163687790678874
"PTGR3",0.163645962660575
"GAMT",0.163307238653312
"EBAG9",0.16329100249274
"MBNL1",0.16306387236244
"MIEF1",0.163031063370317
"ICAM1",0.162884840804922
"SFTPA3P",0.16282277627172
"OGDHL",0.162778201437378
"TBX5-AS1",0.162778201437378
"LINC02324",0.162603445276444
"RNPS1P1",0.162469083344983
"FLG",0.162276115074409
"GALNT17",0.161804493379083
"ATL3",0.161776336761599
"NDUFB10",0.161612790382356
"ATG9A",0.161577304740737
"ACSS3",0.16141556971933
"DPP7",0.161152507342253
"SUGT1",0.161130759685199
"TG",0.161002926799428
"GTF3C1",0.160925234381599
"FSCB",0.160902702981772
"MXD3",0.160829493588364
"LINC01949",0.160727429632571
"SNRPGP2",0.160583117504032
"MDGA1",0.160089311343663
"RPL13P6",0.160016430047142
"PCNPP5",0.159931456487128
"HSPA8",0.159805071696637
"ABHD17AP1",0.159521950818796
"PGM5",0.159484815761417
"HEG1",0.159130844459648
"TIMM10B",0.158988337558167
"LDHBP2",0.158803401158899
"LINC01204",0.158453013922268
"CLEC4F",0.158372622957165
"IRF1",0.158327108858739
"ZSWIM5P3",0.158284832836284
"PGR",0.158282342864909
"DIRAS1",0.158234527583304
"SPATA31D3",0.158175734508649
"MIR3149",0.15817136184134
"ASB15-AS1",0.158130140332537
"MYH6",0.158126005825384
"HMGCS1",0.157996565791709
"LINC02009",0.157944420541414
"CHMP5P1",0.157555064744715
"HS6ST1",0.157546986982056
"LGALS16",0.157080364442971
"ZNF624",0.156997865780319
"ELL2P1",0.15694852137468
"SCDP1",0.156925851743421
"LGALSL-DT",0.156720885345584
"NSMCE1",0.15617659278676
"WDR11",0.156153137005269
"SPOP",0.156123153625627
"ATXN8OS",0.155949720965192
"CWC22",0.15591549982383
"MAP1LC3C",0.155640216123024
"USP8",0.15563386121202
"RABGEF1",0.155605230687579
"GRIK3",0.155570040763406
"KRT8P21",0.155570040763406
"OR2L9P",0.155570040763406
"RNU6-609P",0.155570040763406
"RNU6-880P",0.155570040763406
"MTND5P19",0.155570040763406
"PROK1",0.155570040763406
"HMGB4",0.155570040763406
"GREM2",0.155570040763406
"OR6N2",0.155570040763406
"PPP1R11P1",0.155570040763406
"IL23R",0.155570040763406
"CICP21",0.155570040763406
"OR10J4",0.155570040763406
"CHD5",0.155570040763406
"OPTC",0.155570040763406
"LINC02790",0.155570040763406
"ARHGAP29-AS1",0.155570040763406
"LINC01247",0.155570040763406
"RPL22P8",0.155570040763406
"MTND5P29",0.155570040763406
"ABCB11",0.155570040763406
"TEX44",0.155570040763406
"MIR1302-4",0.155570040763406
"NMS",0.155570040763406
"LINC01159",0.155570040763406
"SIX3-AS1",0.155570040763406
"VTI1BP1",0.155570040763406
"GPR149",0.155570040763406
"CRADDP1",0.155570040763406
"MIR4791",0.155570040763406
"FOXL2NB",0.155570040763406
"MDFIC2",0.155570040763406
"WWP1P1",0.155570040763406
"RPL31P23",0.155570040763406
"NIP7P2",0.155570040763406
"RNU5B-3P",0.155570040763406
"GAP43",0.155570040763406
"KLHL25P1",0.155570040763406
"TTC14-DT",0.155570040763406
"CDYLP1",0.155570040763406
"LINC00690",0.155570040763406
"LINC02483",0.155570040763406
"SNX18P24",0.155570040763406
"TRMT112P1",0.155570040763406
"RPL31P25",0.155570040763406
"GASK1B-AS1",0.155570040763406
"LINC02355",0.155570040763406
"CHAER1",0.155570040763406
"UNC93B7",0.155570040763406
"CHSY3",0.155570040763406
"SLIT3-AS1",0.155570040763406
"CSPG4BP",0.155570040763406
"GJA10",0.155570040763406
"SDCBP2P1",0.155570040763406
"TRIM15",0.155570040763406
"ADGRF5-AS1",0.155570040763406
"RIPPLY2",0.155570040763406
"FRMD1",0.155570040763406
"COL9A1",0.155570040763406
"LINC02543",0.155570040763406
"FOXCUT",0.155570040763406
"HMGB3P21",0.155570040763406
"SGO1P2",0.155570040763406
"BLACE",0.155570040763406
"TRPV5",0.155570040763406
"TRGV9",0.155570040763406
"CICP24",0.155570040763406
"CALN1",0.155570040763406
"PRKAG2-AS2",0.155570040763406
"LINC01446",0.155570040763406
"UNCX",0.155570040763406
"RBMXL3",0.155570040763406
"APLN",0.155570040763406
"DCAF8L2",0.155570040763406
"HEPH",0.155570040763406
"H2AL1Q",0.155570040763406
"AWAT1",0.155570040763406
"RTL4",0.155570040763406
"SAGE4P",0.155570040763406
"LINC02243",0.155570040763406
"LINC00269",0.155570040763406
"FAM47DP",0.155570040763406
"COX6CP8",0.155570040763406
"RPL32P20",0.155570040763406
"C8orf74",0.155570040763406
"MROH4P",0.155570040763406
"IADEN",0.155570040763406
"SLC28A3",0.155570040763406
"SLC34A3",0.155570040763406
"KCNT1",0.155570040763406
"TMEM252-DT",0.155570040763406
"NAV2-AS5",0.155570040763406
"OR5D15P",0.155570040763406
"OR4A18P",0.155570040763406
"OR52B6",0.155570040763406
"OR8A1",0.155570040763406
"CYCSP26",0.155570040763406
"OR10G4",0.155570040763406
"ALX4",0.155570040763406
"MTATP6P15",0.155570040763406
"MTCO1P15",0.155570040763406
"OR56A1",0.155570040763406
"SMIM38",0.155570040763406
"GLYATL1",0.155570040763406
"CYCSP28",0.155570040763406
"OPCML",0.155570040763406
"GLULP3",0.155570040763406
"LINC02757",0.155570040763406
"LINC02711",0.155570040763406
"LINC02755",0.155570040763406
"LINC02740",0.155570040763406
"MYL6P3",0.155570040763406
"GDF10",0.155570040763406
"EIF4A1P8",0.155570040763406
"PHB2P1",0.155570040763406
"CFAP58",0.155570040763406
"SLC9A3P1",0.155570040763406
"C10orf105",0.155570040763406
"CHAT",0.155570040763406
"SLC18A3",0.155570040763406
"TECTB",0.155570040763406
"RGR",0.155570040763406
"OR13A1",0.155570040763406
"LINC02662",0.155570040763406
"ADARB2-AS1",0.155570040763406
"ADGRA1-AS1",0.155570040763406
"FAM170B-AS1",0.155570040763406
"SVOP",0.155570040763406
"ANKRD33",0.155570040763406
"NEUROD4",0.155570040763406
"TAS2R50",0.155570040763406
"A2MP1",0.155570040763406
"HOTAIR",0.155570040763406
"GYG1P2",0.155570040763406
"SNX19P2",0.155570040763406
"SMPD4P2",0.155570040763406
"LINC00442",0.155570040763406
"DCUN1D2-AS",0.155570040763406
"LINC00359",0.155570040763406
"TRAJ26",0.155570040763406
"LRFN5",0.155570040763406
"PRIMA1",0.155570040763406
"LINC02833",0.155570040763406
"LINC02290",0.155570040763406
"RHCG",0.155570040763406
"TUBAP11",0.155570040763406
"ST8SIA2",0.155570040763406
"VPS33B-DT",0.155570040763406
"ARHGDIG",0.155570040763406
"C16orf90",0.155570040763406
"EIF4BP5",0.155570040763406
"CES5A",0.155570040763406
"LINC02192",0.155570040763406
"LINC02138",0.155570040763406
"LINC02190",0.155570040763406
"LINC00917",0.155570040763406
"GNAO1-DT",0.155570040763406
"LINC02126",0.155570040763406
"ACTG1P24",0.155570040763406
"TMEM132E",0.155570040763406
"OOSP1P2",0.155570040763406
"TBC1D3P7",0.155570040763406
"BHLHA9",0.155570040763406
"OR1A1",0.155570040763406
"CHCT1",0.155570040763406
"RN7SL301P",0.155570040763406
"HOXB1",0.155570040763406
"ENTR1P1",0.155570040763406
"SKOR2",0.155570040763406
"TCF4-AS1",0.155570040763406
"SLC14A1",0.155570040763406
"LINC01443",0.155570040763406
"LINC01912",0.155570040763406
"MYLK2",0.155570040763406
"MYT1",0.155570040763406
"C20orf181",0.155570040763406
"LINC01713",0.155570040763406
"LINC01747",0.155570040763406
"PNMA8A",0.155570040763406
"RPS15AP36",0.155570040763406
"NLRP8",0.155570040763406
"HRC",0.155570040763406
"LINC01775",0.155570040763406
"CCDC188",0.155570040763406
"MTCO2P20",0.155570040763406
"NEK4P1",0.155570040763406
"VN1R7P",0.155570040763406
"LINC00945",0.155570040763406
"LINC00160",0.155570040763406
"CLEC14A",0.155464773661117
"ANP32B",0.155341163875317
"DLSTP1",0.154968437710933
"SLC25A38P1",0.154968437710933
"GAPDHP45",0.154968437710933
"MIR511",0.154968437710933
"RPL5P6",0.154762070749125
"ELOVL5",0.154734069227193
"NELFE",0.154718578728654
"LIMS1",0.154707478595346
"HLX",0.154558959551775
"BMS1P15",0.154414754594861
"CSDE1",0.154208764038806
"RNU6-28P",0.154096074668816
"C2CD4C",0.153879025776785
"DPP6",0.153864749472937
"FAM219A",0.153801654082553
"DHRS12",0.15376018656781
"TOX",0.153059441446543
"RPSAP29",0.152942743775485
"GDF9",0.152834047982756
"FCRL6",0.152797005146527
"RHOQP3",0.152797005146527
"PROP1",0.152797005146527
"UBE2HP1",0.152797005146527
"MAMDC2-AS1",0.152491567892751
"LTB4R",0.152448701270802
"UCKL1",0.152417657494366
"RPL7A",0.1522810025483
"RPSAP17",0.152275111204197
"VSTM2A",0.152249052266872
"VCF1",0.152172176055399
"IL12B",0.15173085179495
"PSMD4P1",0.151345552086137
"MT-TM",0.151225196781204
"PIGHP1",0.151218970489867
"CLEC12A-AS1",0.151218091402626
"YWHAZP3",0.151041039637166
"MIR3648-1",0.150383251163048
"KCTD7",0.150215266638386
"TRAPPC6A",0.150109415682333
"KRT18P33",0.149980368140397
"OR52E4",0.149980368140397
"CEP57L1P1",0.149980368140397
"RNU7-50P",0.14991870668786
"RSL1D1-DT",0.14982309392295
"TRAPPC2L",0.14980513286085
"LAMA4",0.149674475018719
"NME9",0.149181786602127
"ERP29",0.149120571923801
"PRKD2",0.148864645850684
"WASF4P",0.148756927590935
"PSORS1C1",0.148474515570707
"RPL18AP16",0.148404036420512
"PPIAP87",0.148165139067443
"WBP4",0.147806326726056
"TIMM8BP2",0.14753645788815
"RAB11FIP5",0.147378945375198
"LINC01618",0.147230000283282
"OGFOD2",0.147226786960453
"WHAMM",0.146962028405104
"KRT8P15",0.146848908184431
"RAMP3",0.146789293858072
"ABCA9-AS1",0.146533898603332
"XRRA1",0.146268191094162
"DXO",0.146225585276635
"DICER1-AS1",0.146129756403087
"MT-TP",0.146108728815985
"LINC01602",0.146040108172335
"CENPU",0.145936688835731
"EFCAB14-AS1",0.145788305786098
"CNPPD1",0.145534414921195
"CRTC3-AS1",0.145522293850334
"RPL19",0.145473006507289
"TCP1P3",0.145290217384935
"WDR91",0.145194963652446
"RPS8P10",0.145000685786051
"E2F3",0.144950342825104
"RPL6P3",0.144653978475774
"TNFSF18",0.144653978475774
"RNU6-3P",0.144653978475774
"LINC00428",0.144653978475774
"TNPO1P2",0.144653978475774
"LINC03085",0.144653978475774
"TAF1",0.144573000773952
"FAM245A",0.144536781887209
"FAM76A",0.14433518197757
"STX16",0.144320168770332
"GIT2",0.144114089155972
"BRD7P3",0.144089924800058
"LINC02422",0.14367171884145
"SYF2",0.143574683053326
"ILF3-DT",0.143549094717314
"EPB41",0.143237330722493
"MIR4432HG",0.14315579703127
"MED29",0.143064236109373
"ABCB9",0.142899111951013
"NPM1P21",0.142802184423437
"FAM98B",0.142685895446245
"ADAM17",0.142513294299275
"RIPPLY3",0.142489357071083
"CRMA",0.142471023473316
"PHF19",0.142361450118212
"MTMR7",0.142291204967029
"LINC02381",0.142215545319831
"CHID1",0.142203701101766
"HYLS1",0.142071105269493
"BCL2L2-PABPN1",0.142064446376688
"KIF20B",0.141902804749402
"PPP1R7",0.141756560137183
"KLF15",0.141751319327829
"BISPR",0.141736959538783
"RAC1P4",0.141666752648728
"CANX",0.141640697210329
"CD36",0.141522612003757
"ZCCHC10",0.141481739244923
"CDC73",0.141340859309361
"ATP5MC2",0.141242608051713
"SURF4",0.140973823761671
"ZYG11A",0.140794334696132
"HEATR5A-DT",0.140644234120431
"NGF",0.140482747582182
"RAB5A",0.140318222130446
"GRM2",0.140122371692586
"SF3A2",0.140004785656485
"FAM220CP",0.139989875280037
"WRAP73",0.139904443721477
"GPHN",0.139418066364307
"DHX9-AS1",0.139360274538088
"SNRPB2",0.139061813349872
"MTND6P3",0.138811186579553
"CDC14C",0.138701210709412
"LINC01521",0.138574079596638
"FAM66D",0.138427199802662
"PPP4R3A",0.138144288042572
"MAPRE1",0.137804644945716
"GPRC5D",0.137610050300443
"PRELP",0.137467493332496
"LINC02108",0.137467493332496
"FAM210CP",0.137467493332496
"TTC21A",0.136885160344705
"LGI3",0.136820291313005
"FDPSP2",0.136531342922972
"BBS9",0.136507461091063
"SLITRK5",0.136194161156991
"SH3GLB1",0.136162115179531
"PTGIS",0.136074618509365
"FAM133B",0.136067768460787
"LINC00320",0.135870525471831
"RLIG1",0.135786752367233
"CIC",0.135766196530484
"RPL35P2",0.135608498380763
"EIF3FP3",0.134914791978172
"FPR1",0.134391331005063
"IFITM3P5",0.133661581542653
"TCFL5",0.133622526804299
"NDUFS3",0.132948548735689
"ZNF722",0.132899355872974
"KCP",0.132688064864548
"ADAMTSL4",0.132507250005075
"CDC27",0.13247804358245
"ATXN7L3-AS1",0.132303209402285
"ZNF3",0.132153119303783
"PLP2",0.132128236376046
"RPL7AP31",0.132055995494416
"CCDC177",0.131570143681315
"KCTD21-AS1",0.131513241789198
"UBR5",0.13124452158414
"STX7",0.131217352378596
"ACOT9",0.130765469640193
"KLLN",0.130726951466149
"LINC01122",0.130699937174307
"HMGB1P4",0.130651302962826
"SFI1",0.13031583748768
"ARL1",0.130111086342735
"LINC02822",0.130106291979275
"SMIM10L2B",0.130030005877458
"USP45",0.129925738570354
"GAS6",0.129924684664249
"SF1",0.129446873638907
"ENGASE",0.129261022378127
"PRKCQ",0.129101583706606
"NCL",0.129016498441789
"DCLRE1C",0.128753111476885
"RPL29P33",0.128681056750644
"HNRNPKP2",0.128656549710921
"RALBP1",0.128577467723165
"USP49",0.128537128430774
"ARHGAP31",0.128418033170374
"ELMO2",0.128114339730793
"PCSK2",0.127897569175045
"LERFS",0.127666929208674
"PSMC1P1",0.127442358749296
"JADE1",0.12702683402525
"SRP14",0.126569849493203
"NDUFA5P12",0.126495809210777
"ZNF433-AS1",0.126322538489198
"TCP1",0.126285446227647
"ANAPC11",0.12615515589828
"TTC3-AS1",0.126065151273281
"IDUA",0.125929745469145
"LINC02987",0.125769356880134
"NAPB",0.125536661926347
"ALDH9A1",0.125364500100692
"ABCB10P3",0.125327294520351
"NAF1",0.124965339057848
"SDCBPP3",0.124418563304305
"TTC9C",0.124279839080428
"MTND4LP9",0.124264655657305
"SERBP1P6",0.124264655657305
"DUX4L28",0.124264655657305
"ALDOAP2",0.124264655657305
"NTM",0.124192722464254
"RPS7P3",0.123992544268372
"TMEM242",0.123914506891162
"SLC36A2",0.123865532615534
"RPL23AP57",0.123300833788567
"SLC39A9",0.123258766731749
"ZNG1E",0.123136996443585
"C6orf226",0.123020244643955
"MOB4",0.12293574220319
"ZNG1F",0.122898338941676
"FTSJ1",0.122208909881552
"LINC01564",0.12204975258318
"ERV3-1",0.121651511713264
"ZNF517",0.121336539839276
"AKR1C6P",0.121134866341774
"RPL5P3",0.120600922385589
"RPL37AP1",0.120500886414525
"TYW5",0.120388549654999
"IQCH-AS1",0.120234104872031
"TIMM8B",0.119876863364753
"FRA10AC1",0.119832125642574
"KLF10",0.119801542508091
"ACBD3",0.1197587685923
"FAM219B",0.11974268106557
"MTUS2",0.119729566817935
"TLE1P1",0.119310454369124
"TTC17",0.119106067697397
"PCMT1",0.119093964859059
"RNF4",0.118998468329837
"NIPBL",0.11853545317726
"PDCD7",0.118415563527319
"NDUFB4",0.118308635909849
"TMEM260",0.118105772616915
"SLC9A3R1-AS1",0.118097460635719
"FLVCR1-DT",0.118040859751411
"HDAC3",0.117157172107827
"TOR1AIP1",0.11710987729306
"FEM1B",0.116955942806026
"STK33",0.116542825063178
"CDCA4P4",0.116195190298475
"MRPL1",0.116107425420554
"SPATA32",0.116045351122563
"MAPK6",0.115870543771195
"TIGAR",0.11555661673668
"RPAP2",0.115336250018943
"GOSR1",0.115300339758212
"TRNT1",0.115116040810662
"CUL1",0.115037603953244
"PIK3C2A",0.114953185899315
"EPC1-AS2",0.114766018261621
"METTL14",0.114733253520774
"C9orf72",0.114578258517512
"OARD1",0.114213126293926
"SEPTIN11",0.114154811359154
"IPO8P1",0.113655776843404
"HNF4A-AS1",0.113635643200395
"PRPSAP1",0.113452628795239
"REPS1",0.113385087319791
"NCOA4P3",0.113241370612927
"GCFC2",0.113203710369548
"OSGEP",0.113068251739915
"SLC41A2",0.112916581075253
"RPS27AP19",0.112875616577204
"MFSD14B",0.112858486088195
"MTMR12",0.11282967887673
"HMGB3P6",0.112748950473949
"ST13P10",0.112720869735065
"DNAAF11",0.112683366895134
"RN7SL850P",0.112666351039883
"SUV39H1",0.112665019945287
"ZNF526",0.112550988788373
"TSPEAR",0.112543055673106
"KDELR2",0.112446103837212
"TYW1",0.112286432831623
"RPL13AP8",0.111853708543666
"PYM1",0.111809829824398
"PRKAR2A",0.111787884576157
"CTAGE11P",0.111648971148341
"HSPA12B",0.111648971148341
"RPL8P2",0.111648971148341
"MT-TG",0.111648971148341
"PRELID3BP1",0.11153606232991
"UGT3A1",0.11153606232991
"CARD11-AS1",0.11153606232991
"TAL2",0.11153606232991
"FAM21FP",0.11153606232991
"SYNM-AS2",0.11153606232991
"ARL15",0.111070075528208
"TXNP6",0.110839817517538
"GSTO2",0.110600041968166
"MLH3",0.110541073664743
"USP24",0.110215897990213
"ANGPT2",0.109864033025826
"SMARCAL1",0.109046709627291
"NLRP1",0.108987024548029
"ACTR1A",0.108783619287987
"SLC35A5",0.108670507706721
"RABEPK",0.108374303056283
"CIBAR1-DT",0.108120112107867
"SGF29",0.108053856009863
"TAFA2",0.107892867978134
"NPFF",0.107674181975852
"GON4L",0.107571825968225
"TMX4",0.107373066487571
"LACC1",0.107254917043668
"SH3BGRL",0.107252135515508
"XPO6",0.107124200748518
"AIRIM",0.106683461412981
"TTC4",0.106475777554082
"RSL24D1",0.106443818143672
"PFDN4",0.10641884554304
"COMMD1",0.106408455805361
"TOR1AIP2",0.106365040209387
"EPOR",0.105197886675387
"ABCD4",0.105172894028548
"KDELR1",0.105148257671572
"CKLF",0.105092565744551
"NUP98",0.104843952432726
"NPIPB12",0.104770673464897
"CNRIP1",0.104540968242047
"BTAF1",0.104387112903459
"ZNF621",0.104332885535828
"RNASEH2C",0.104303456787333
"RPS7P4",0.104217968379877
"ASB8",0.104169021819489
"HPS5",0.10392500690986
"RN7SKP150",0.103736755426779
"MRPS9-AS2",0.103676923409263
"IDI2-AS1",0.10363252939622
"SGIP1",0.103449241520649
"RBBP9",0.103278970127841
"ANXA2R-OT1",0.103246899951824
"CEBPG",0.103090008862504
"TFAP2E",0.102994542311541
"ACTBP12",0.102553718533906
"MRPL3P1",0.10241175632593
"PPP2R2A",0.101901396459916
"PAN2",0.101580726238486
"MSRA",0.101329536658291
"NAA30",0.101322562688436
"KANK1",0.101219349612057
"SLF2",0.101007238145344
"MED25",0.100636874030245
"POLR1C",0.100599203564873
"KTN1",0.100523327803204
"MIR181A1HG",0.100369508577622
"FNDC4",0.100236681893461
"CDKN2C",0.10023407386335
"ZNF648",0.0999650620203752
"ITPRID2-DT",0.0999650620203752
"FOXR2",0.0999650620203752
"POU3F4",0.0999650620203752
"LINC02963",0.0999650620203752
"CXADRP2",0.0999650620203752
"HSPA5P1",0.0998674495668402
"RTCA-AS1",0.0992262263014517
"WDR89",0.0991443088050232
"DDX19B",0.0989954312596406
"TMED10P1",0.0989643928191792
"ZNF622",0.0987469471408843
"OSTC",0.0986976298690785
"GPR55",0.0985471293525609
"SP4",0.0985171154579958
"ALG14",0.0982431163000808
"PLEKHF2",0.0981468436357869
"TMEM138",0.0980262402351191
"RNF34",0.097757669203173
"GOSR2",0.0977537597063352
"XRCC2",0.0971999245281347
"ARPC1AP2",0.0971940484925409
"FCHO1",0.0971681835463586
"PLIN5",0.0971410416232269
"PKD1L3",0.0971163578097233
"BNIP3P16",0.0971068201789806
"KIFC2",0.097050732369475
"TNRC6B-DT",0.0968851922775306
"ZCCHC9",0.0968758825999081
"TDRD1",0.0966296184901911
"GP6-AS1",0.0966261007246549
"FAR1",0.0964369092408741
"MRPL35",0.0964020442831942
"LINC00326",0.096161065236579
"LINC02301",0.0960100317718595
"FUNDC2",0.0959009027552049
"CSTF2T",0.0951647306742388
"SLAIN1",0.0951122195697047
"ZBTB20-AS1",0.0950350862904032
"FAM136BP",0.0948639399488186
"HNRNPA1P1",0.0948639399488186
"NPM1P12",0.0948639399488186
"MTCO1P11",0.0948639399488186
"SF3B4P1",0.0948639399488186
"HCCS",0.0947400691338665
"TAF11",0.0945783874658559
"HMGN4",0.0945684248877241
"LINC01762",0.0940206347572658
"EIF2A",0.0934792587069902
"LINC02777",0.0931316657117528
"ZNF969P",0.0930489972683822
"FAM27C",0.0929634170047935
"GORAB-AS1",0.092785437014496
"SULT1C3",0.0925123815975116
"CLASP2",0.0921872798589086
"KLF13",0.0920019116768546
"SPIN3",0.0917173878148611
"RWDD4",0.0915124597283599
"DHTKD1",0.0914400653169856
"ST7",0.0911068242695901
"PSMD5",0.0909678934772054
"PPARA",0.0906165030275016
"UPF3A",0.0905885455310814
"SSTR2",0.0904308476395431
"RGS14",0.0902758617156092
"RAD51C",0.0902311819583913
"OSGIN2",0.0901575388946963
"TMEM216",0.0900534388753055
"DPP8",0.0895654943705536
"HSPA4",0.0894464236862193
"RPS2P35",0.0893326897918702
"RBM44",0.0892693211976115
"PA2G4P1",0.0891956948627438
"KCNN1",0.0891353853645318
"LPAR2",0.089123514937521
"MON2",0.0891212636926392
"NEMP2",0.0889473753307571
"FAM223B",0.0888478428776625
"RNU7-49P",0.0885075935428296
"ABHD10",0.0884733311378116
"RPS18P9",0.0884704411167969
"CCDC66",0.0882158258137688
"PSMC1",0.0881379751417536
"PRAM1",0.088055905917215
"SLC25A6P2",0.087945836561102
"DTNA",0.087882986328359
"NRIR",0.0878498519293852
"ZCCHC7",0.0876694796362548
"RPL15P20",0.0875740100139687
"CPLX4",0.0875343871885432
"RPL35AP7",0.0874767409623996
"NPAP1",0.0873720722102944
"CIRBP",0.0872858895674949
"LINC02372",0.0870959654920131
"PRKCSH",0.0869556797288101
"ZNF813",0.0869397214233726
"LINC01299",0.0869268878468803
"P2RX3",0.0869268878468803
"NENF",0.0868170071100246
"SPAG7",0.0867606000468836
"C19orf73",0.0866221486122747
"TIMM23",0.0865203416405715
"GAPDHP40",0.0864661880800767
"FAM169A",0.086412487163783
"FAIM2",0.0862695341795758
"APOOP4",0.0861805007753158
"ELF2P2",0.0861805007753158
"BSX",0.0861805007753158
"DHX9P1",0.0861805007753158
"GOLGA6L1",0.0861805007753158
"HGF",0.0861680741642507
"INTS6-AS1",0.0861170618825801
"CACNG2-DT",0.0860721128341675
"C8orf76",0.0860183269110792
"MIR1244-2",0.0856441578855677
"N4BP1",0.0856144969745525
"CNTNAP2",0.0854965966778012
"DEGS1",0.0853746611335361
"NUDT21",0.0853554910559164
"RPL31P31",0.0852955207906336
"RPS20P24",0.0852955207906336
"CRIPTO3",0.085161298131162
"ARF4P1",0.085161298131162
"GPN3P1",0.085161298131162
"PRR13P4",0.085161298131162
"RNA5SP427",0.0851366078929549
"PKMP1",0.0850470953996554
"LEP",0.0849454894417805
"CICP23",0.0849342552638122
"OTUD7A",0.0848451199274029
"HMGN2P7",0.0846687017890074
"ALG1L3P",0.0845204912785213
"CREBL2",0.0844223631301102
"RPL27AP5",0.0844104403972824
"NLRC5",0.0842440770273727
"ZFP62",0.084239373288753
"ARAP1-AS2",0.0842352002370169
"RN7SL602P",0.0842017885708764
"RNU6-975P",0.0842017885708764
"HMGN2P36",0.0842017885708764
"OR8S1",0.0842017885708764
"RNU6-181P",0.0842017885708764
"EXOC2",0.084175994752556
"RERGL",0.0840995273915945
"ITGB2",0.0840506565164506
"GUF1",0.0840472470695909
"YARS1",0.0839787818517604
"IFITM3P3",0.083954481103366
"SRP14P1",0.0839284323548969
"UBE2E1-AS1",0.0839004420852255
"PHYH",0.0838951948323022
"MAFG-AS1",0.0838945792121079
"NEU4",0.0838878100837261
"TPRXL",0.0838878100837261
"KIF3C",0.0838616660132032
"GAPDHP61",0.0837306269277681
"EXTL3-AS1",0.0837240276868254
"MYH7",0.0836271141699269
"ZNF649",0.0836221012340773
"ISY1",0.0835557947975938
"MZT2A",0.0834904133931473
"BCAP29",0.0834258291862944
"RNU1-153P",0.0832178265767694
"OR7E157P",0.0832178265767694
"MIR6759",0.0831721094282946
"LINC02944",0.0831159311569755
"F10",0.0830738441690163
"RHOF",0.0830692305545942
"ZNF536",0.08296339867855
"SCNN1D",0.0828346093123404
"CYP4F24P",0.0827919407658477
"REL-DT",0.082650746240726
"ZBTB12BP",0.0824817970034847
"SNRPCP2",0.0824817970034847
"RNU6-761P",0.0824817970034847
"SPANXD",0.0824817970034847
"SPANXA2",0.0824817970034847
"RPLP1P13",0.0824817970034847
"MIR3175",0.0824817970034847
"SMG1P6",0.0824817970034847
"ACTN3",0.082418202296342
"LINC02280",0.0823785315699069
"GNPTG",0.082309777648673
"ANO7L1",0.0822658093085075
"LINC02503",0.0822658093085075
"PABPN1P2",0.0822658093085075
"KIAA0232",0.0822132845407118
"GTF2H1",0.0822072105628659
"RNF166",0.0821329063209386
"ELAVL4",0.0820904868077992
"KCNK2",0.0820904868077992
"AGBL4-IT1",0.0820904868077992
"LINC02787",0.0820904868077992
"LINC01682",0.0820904868077992
"LINC01645",0.0820904868077992
"LINC01346",0.0820904868077992
"MED28P8",0.0820904868077992
"LIN28AP1",0.0820904868077992
"GCG",0.0820904868077992
"REG3A",0.0820904868077992
"IGKV2D-23",0.0820904868077992
"MYO7B",0.0820904868077992
"MROH2A",0.0820904868077992
"YWHAQP5",0.0820904868077992
"CDKN2AIPNLP2",0.0820904868077992
"LINC01795",0.0820904868077992
"LINC01961",0.0820904868077992
"MED15P4",0.0820904868077992
"MESTP4",0.0820904868077992
"RPL6P7",0.0820904868077992
"RNU6-1317P",0.0820904868077992
"MEMO1P3",0.0820904868077992
"EIF4BP8",0.0820904868077992
"ATP2B2",0.0820904868077992
"MTND1P16",0.0820904868077992
"HNRNPA1P24",0.0820904868077992
"MORC1-AS1",0.0820904868077992
"RNU6-789P",0.0820904868077992
"SULT1D1P2",0.0820904868077992
"FSTL5",0.0820904868077992
"MICOS10P4",0.0820904868077992
"LINC01097",0.0820904868077992
"CDH9",0.0820904868077992
"PRELID3BP5",0.0820904868077992
"POU4F3",0.0820904868077992
"AHRR",0.0820904868077992
"TAF11L2",0.0820904868077992
"TERLR1",0.0820904868077992
"LINC02196",0.0820904868077992
"RPS4XP9",0.0820904868077992
"ADGRB3",0.0820904868077992
"RPL17P23",0.0820904868077992
"RPL9P18",0.0820904868077992
"TDRG1",0.0820904868077992
"FILNC1",0.0820904868077992
"CRHR2",0.0820904868077992
"EVX1",0.0820904868077992
"CYP3A7-CYP3A51P",0.0820904868077992
"EVX1-AS",0.0820904868077992
"CYP2W1",0.0820904868077992
"OR7L1P",0.0820904868077992
"GABRQ",0.0820904868077992
"CSAG1",0.0820904868077992
"NXF2B",0.0820904868077992
"NXF3",0.0820904868077992
"PAGE4",0.0820904868077992
"SNTG1",0.0820904868077992
"CSMD3",0.0820904868077992
"RNA5SP266",0.0820904868077992
"MIR4469",0.0820904868077992
"CDC42P3",0.0820904868077992
"MRPS16P1",0.0820904868077992
"DEFB131C",0.0820904868077992
"HSPA8P17",0.0820904868077992
"SOHLH1",0.0820904868077992
"ALDOB",0.0820904868077992
"CNTNAP3P5",0.0820904868077992
"EEF1A1P47",0.0820904868077992
"KRTAP5-3",0.0820904868077992
"OR5M13P",0.0820904868077992
"MRGPRX1",0.0820904868077992
"MS4A18",0.0820904868077992
"LINC02098",0.0820904868077992
"LINC02714",0.0820904868077992
"PDGFDDN",0.0820904868077992
"MTATP6P23",0.0820904868077992
"RPS3AP38",0.0820904868077992
"LINC02629",0.0820904868077992
"ANKRD30A",0.0820904868077992
"PCDH15",0.0820904868077992
"SPCS2P2",0.0820904868077992
"LNCAROD",0.0820904868077992
"LINC00838",0.0820904868077992
"LINC00836",0.0820904868077992
"SLC9B1P3",0.0820904868077992
"COL2A1",0.0820904868077992
"OR6C75",0.0820904868077992
"HOXC6",0.0820904868077992
"LACRT",0.0820904868077992
"LINC02411",0.0820904868077992
"LINC02396",0.0820904868077992
"LNCOG",0.0820904868077992
"C13orf42",0.0820904868077992
"SALRNA1",0.0820904868077992
"TCL1A",0.0820904868077992
"MIR337",0.0820904868077992
"NF1P7",0.0820904868077992
"MIR151B",0.0820904868077992
"RNU2-14P",0.0820904868077992
"LINC02318",0.0820904868077992
"TGM7",0.0820904868077992
"MKRN3",0.0820904868077992
"PLA2G4B",0.0820904868077992
"ADAMTS7P3",0.0820904868077992
"GOLGA6EP",0.0820904868077992
"CICP25",0.0820904868077992
"ACSM5",0.0820904868077992
"CACNA1H",0.0820904868077992
"MGAT5B",0.0820904868077992
"KRTAP9-8",0.0820904868077992
"TBC1D3P3",0.0820904868077992
"TBC1D3P5",0.0820904868077992
"ALOX12P1",0.0820904868077992
"C1QL1",0.0820904868077992
"RNU6-1289P",0.0820904868077992
"RAX",0.0820904868077992
"LINC01882",0.0820904868077992
"LINC01887",0.0820904868077992
"LINC01723",0.0820904868077992
"RN7SKP140",0.0820904868077992
"OR7C2",0.0820904868077992
"COL5A3",0.0820904868077992
"VSTM1",0.0820904868077992
"KLK3",0.0820904868077992
"BNIP3P19",0.0820904868077992
"ZNF497-AS1",0.0820904868077992
"LINC02841",0.0820904868077992
"SRIP3",0.0820904868077992
"LINC00229",0.0820904868077992
"RPL3P1",0.0820904868077992
"LINC00113",0.0820904868077992
"LINC01687",0.0820904868077992
"CALCR",0.082090282985277
"RNU6-759P",0.0820841798480452
"STEAP1B-AS1",0.0820758921728405
"SFPQ",0.0820442328160613
"CSTF1",0.0819342320800067
"MIR4673",0.0819103503912764
"LRRC19",0.0818913990818763
"NR2C2",0.0818740958021909
"MTFMT",0.0816885792708441
"CNOT7",0.0816685984065456
"NCOA4P4",0.0816570613310881
"SNORA80C",0.0816570613310881
"LINC00111",0.0814941873428887
"ESRRAP1",0.0812354620296957
"SDHAF4",0.081206965125339
"MPEG1",0.0810340519028837
"C1orf56",0.0808005082750834
"NANOGP8",0.0807627638037154
"PSMC1P3",0.0806543185566534
"RPL15P18",0.0804754477353224
"CD300LF",0.0803814872742485
"KCNQ5-DT",0.0802846678372872
"NARF",0.080237168203559
"UBAP2L",0.0801771505821821
"CDCA4P3",0.0800297928083229
"CLRN2",0.0800297928083229
"RNU6-482P",0.0800297928083229
"LHX6",0.0800297928083229
"CRYBB2",0.0799777836069347
"YBX1P6",0.0799713770554904
"C6orf89",0.0798170651943062
"ZNF729",0.0797493656389297
"LINC01309",0.0797468252210165
"CLCN2",0.0797346065269541
"CCT6P2",0.0797114671691275
"UQCRFS1P1",0.0796959091771165
"RPS26P13",0.0796942149919983
"RPL17P5",0.0796688565979028
"PTPRA",0.0796615223006314
"TEX30",0.0795034485081509
"PTMAP2",0.0793979563030274
"KRT8P40",0.0791727455999356
"KRT8P42",0.079066967271793
"RN7SL488P",0.0789920363486602
"FAM133EP",0.0789920363486602
"SAP30P1",0.0789920363486602
"MIR1289-1",0.0789920363486602
"FABP7",0.0788357250932787
"DDT",0.0788214141067857
"CSRNP3",0.0788132402857073
"PSMB1",0.0785854136250988
"FAM225B",0.0784744699271392
"STK35",0.0784554254473842
"FEM1AP2",0.0783390604625639
"NGF-AS1",0.0783229907493609
"MPHOSPH10",0.078246908524265
"CHST5",0.078210196559493
"INTS2",0.0780434344193977
"CHM",0.0779504641621278
"EIF3E",0.0779359934947998
"ANGPT1",0.0778656202904137
"FNBP1P1",0.0777880689729424
"OR2A15P",0.077762706490827
"ALG1L12P",0.077762706490827
"LINC02645",0.077762706490827
"RNU6-196P",0.077762706490827
"KRTDAP",0.077762706490827
"RNU6-791P",0.0776130855214561
"RNU6-128P",0.0776130855214561
"RPS26P2",0.0776130855214561
"FRG1DP",0.0776130855214561
"RPL17P43",0.0776028915601027
"RPL7P52",0.0775226856177628
"OTUD4",0.0774863888877586
"FGFBP3",0.0774498540003821
"ZNF267",0.0774166656740325
"HLA-P",0.077294080611216
"NEPNP",0.0772229007885019
"RNA5SP38",0.0772219080082403
"RPS5P8",0.0771989377043226
"MPG",0.077186936281777
"EEF1A1P13",0.0771666749981283
"RPS27P6",0.0771140780264946
"CA3-AS1",0.0769881816386344
"CNTN2",0.0769724004439453
"TMEM243",0.076900613647941
"HK2-DT",0.0768809348344906
"DDX42",0.0768745050998401
"GBA1",0.0768176559001653
"IER3IP1",0.0767484862424634
"PHB1P3",0.07674438979096
"MTND5P12",0.0767243732347112
"MIR616",0.0767006256263745
"FRG1GP",0.0766282210377733
"VARS2",0.0765539866777542
"MSL3-DT",0.0765539866777542
"XGY1",0.0765539866777542
"LINC02558",0.0765539866777542
"CREG2",0.0765163798216402
"GRIPAP1",0.0764908876142267
"ATP6V1C2",0.076411774415952
"TARID",0.0762902776352716
"B3GALNT2",0.0762190154736199
"RNU6-48P",0.0761982056175865
"TRIM9",0.0761797307919145
"TBCAP3",0.0761422128128807
"MIR103A1",0.0761422128128807
"ARMCX7P",0.0761422128128807
"HCFC1-AS1",0.0761422128128807
"CTAGE7P",0.0761422128128807
"RPL36P17",0.0761422128128807
"SLC7A14-AS1",0.0760950643419424
"TRIP12",0.0760731871093315
"LINC01743",0.0760518231503589
"BNIP3P45",0.0760518231503589
"SLC8A1-AS1",0.0760518231503589
"RN7SL300P",0.0760518231503589
"LINC02428",0.0760518231503589
"RHOXF2",0.0760518231503589
"OR7E12P",0.0760518231503589
"TP53TG3D",0.0760518231503589
"RNA5SP440",0.0760518231503589
"EEF1A1P7",0.0760518231503589
"SUN1",0.0758883830663267
"TACR1",0.0758310471816265
"TIRAP-AS1",0.075739437145896
"PABPC4-AS1",0.0757085535904608
"RBAKDN",0.0756824315424317
"RPL7AP14",0.075565663157602
"ODC1",0.0754948486199406
"RN7SL16P",0.0754179348181839
"LINC01284",0.0754179348181839
"BLID",0.0754179348181839
"CLEC4M",0.0754179348181839
"RPL35AP38",0.0754179348181839
"CNIH2",0.0753390368268062
"ZNF670-ZNF695",0.0753309451888528
"TMED2",0.0752983431931696
"RBISP3",0.075219239933025
"MHENCR",0.0751468800484294
"ARHGAP27P1-BPTFP1-KPNA2P3",0.0751283218739908
"HAGHL",0.0751016929335334
"MT-ND5",0.0750852967352901
"C1D",0.0749654166909511
"DCBLD1",0.0748798914803651
"GTF2IP23",0.074871377260284
"IAPP",0.074871377260284
"GOLGA8T",0.074871377260284
"MIR1272",0.074871377260284
"RNA5SP53",0.0748609358112456
"YWHAEP5",0.0748609358112456
"MIR3176",0.0748609358112456
"MIX23P3",0.0748609358112456
"CHORDC1P4",0.0748609358112456
"NUTM2A",0.074834590108393
"KLF2P3",0.074796380743771
"RNU6-758P",0.074796380743771
"RNU1-19P",0.074507305328173
"MIR4529",0.074507305328173
"RN7SL718P",0.074507305328173
"RPL23AP4",0.074507305328173
"KRT18P31",0.0744940138889673
"KBTBD6",0.0744454687715954
"RNA5SP399",0.0744249716999576
"HIPK3",0.0743951154494826
"LINC02235",0.0743784208198716
"CACNG5",0.0743064851361444
"KRT3",0.0742675327445459
"MRPL18",0.0742518837673575
"HNRNPA3P10",0.0741629084627402
"RN7SL698P",0.0741221651160996
"TMEM151B",0.0740672925778003
"RGS20",0.074039604762034
"SNORA37",0.0740245719609837
"TRIM38",0.0740227117534406
"SNRPCP13",0.0739930186758595
"IZUMO2",0.0738809576766201
"METTL9",0.0737654843533003
"RAB3GAP1",0.0737194898792365
"ARIH2OS",0.073658925231616
"TMEM249",0.0736025957123771
"KRT8P38",0.0736025957123771
"SNORD124",0.0736025957123771
"SMAD4",0.073569914740639
"BNIP3P37",0.0735047785630832
"ZRANB2",0.0734864415752446
"STXBP3",0.0734779529132888
"RPL7P24",0.0734202520403918
"RPS13P2",0.0733791821922067
"FNDC1",0.0733688187315154
"JMJD1C",0.0733651674021715
"RPL7P23",0.0733432556489194
"L3HYPDH",0.0733289495291876
"B4GALNT2",0.0731300133739177
"CCDC92B",0.0731281401553734
"RNU1-3",0.0728564729384479
"CNTN4-AS2",0.0728564729384479
"ATG10-IT1",0.0728564729384479
"OR2A14",0.0728564729384479
"ARL13A",0.0728564729384479
"RN7SKP273",0.0728564729384479
"RNU6-908P",0.0728564729384479
"PPFIA2",0.0728564729384479
"ELK2BP",0.0728564729384479
"CACNG8",0.0728564729384479
"RPL3P7",0.0727733735280993
"LINC02014",0.072684323446439
"NSA2P4",0.0725965969823938
"MYO19",0.0725039763994582
"GTPBP1",0.0724467837633439
"LINC02413",0.0724381038613456
"ST8SIA3",0.0724373386072503
"WDR33",0.0724334292812415
"RPL31P16",0.072376683017237
"IPMK",0.0723450765885729
"SLF1",0.0722096444565861
"RBM7",0.0721114844791442
"ZFAND2A",0.0720380039952939
"ST20-MTHFS",0.0719718824593721
"PIGFP1",0.0719583649135813
"JUN",0.0718698471207646
"GPATCH8",0.0718255232692318
"NPIPA6",0.0717377792455181
"LINC01846",0.0716777160869495
"MYT1L",0.0714375740253866
"MMGT1",0.0710506664268829
"FBN1",0.0708150285624964
"GABRR1",0.0707733591111226
"STEEP1",0.070496959983942
"SCRN2",0.0704922730210795
"RNU6ATAC29P",0.0704067936318445
"PCDHB3",0.0704067936318445
"RNA5SP305",0.0704067936318445
"VEZF1P1",0.0703995487988899
"RNU6-230P",0.0703995487988899
"RPL32P21",0.0703995487988899
"LINC02561",0.0703995487988899
"KCNC3",0.0703399130812309
"VRK2",0.0703024040432143
"LAPTM4BP2",0.0702360136965979
"INVS",0.0700246436358052
"MAN2B2",0.0698929102748898
"HMGN2P21",0.0696632180551681
"RNU6-1321P",0.069609178718396
"SUPT4H1P1",0.0696081195970885
"STXBP5L",0.0695804812474863
"BRCC3P1",0.0695665000346859
"OR6Y1",0.0694225634560135
"RPL7P18",0.0694225634560135
"RPL34P35",0.0694225634560135
"DNAH1",0.0693014258723291
"CICP22",0.0692971129105574
"BCRP6",0.0692971129105574
"NT5C1A",0.0691862712854208
"CBX3",0.0691539490301581
"RNU6-886P",0.0689856842928884
"ATP5MC2P3",0.0689474045346236
"TMEM33",0.0689387335413399
"TEX51",0.0689345823995515
"UBTD2P1",0.0689345823995515
"LINC01194",0.0689345823995515
"CAPZA1P1",0.0689345823995515
"FNDC3CP",0.0689345823995515
"LINC02746",0.0689345823995515
"TFDP1P3",0.0689345823995515
"RNU6-767P",0.0689345823995515
"RPS26P54",0.0689345823995515
"ASNSP6",0.0689345823995515
"RPS10P3",0.0688117755066663
"RPL34P6",0.0688036990922199
"ERCC6L2-AS1",0.0687954852479994
"RNU4-78P",0.06877806506454
"C14orf178",0.0687668555330882
"LINC02676",0.0687039206656986
"RNU6-1161P",0.0686034143863805
"ARF4",0.06853392838918
"LUC7L2",0.0683936626903957
"BET1",0.0683813284649463
"ABCB5",0.0683053432063887
"LINC02021",0.0681831896465761
"CACNA1G",0.0681769594067708
"RETREG1-AS1",0.0681566780026493
"GAPDHP63",0.0681342547354788
"POU2F1-DT",0.0681261807782595
"ZNF26",0.0679932778872694
"KLHDC2",0.0678692396030966
"PPP1R14BP2",0.0678366088875478
"CINP",0.067831650487135
"LRRC51",0.0677585674783577
"NFX1",0.0675997071529685
"S100PBP",0.0675279969903012
"LANCL2",0.0674703724610336
"PACRG-AS1",0.0674614596843163
"ENTPD7",0.0674545219424095
"KRT18P21",0.0673316587933656
"NF1",0.0672662838641961
"CHCHD3P3",0.0672415851442297
"MICOS10P3",0.0672161458778596
"CDC37L1-DT",0.0671526386183986
"GGNBP2",0.0667134916907006
"CSE1L-DT",0.0666363779475535
"SIRT6",0.0665897090244669
"FAM174A",0.0664370750976829
"RPL32P37",0.0664012299903409
"H3P44",0.0663641309541494
"HNRNPA3P17",0.0663563928052609
"MIR3927",0.0663307383509421
"NCAM1",0.0663307383509421
"MIR3173",0.0662701364529035
"NQO2",0.0660830336941915
"KPNB1P1",0.0660660254945574
"CDH2",0.0660660254945574
"POM121C",0.0659757309557592
"NPM1P18",0.0659666413709658
"MYL12BP3",0.0659471289605459
"RN7SL351P",0.0659071119649061
"CDH4",0.0658570293324853
"TXNDC11-AS1",0.0658386723301062
"MIPEPP1",0.0657758322769493
"RINT1",0.0656386314108472
"MTCL2",0.0656051757951562
"RFX3-DT",0.0653571437546091
"WBP1P1",0.0653196504065164
"LINC01438",0.0653196504065164
"RPSAP44",0.0653196504065164
"PMS2P9",0.0653196504065164
"RNU6-249P",0.0653196504065164
"RORA-AS2",0.0653196504065164
"MT1B",0.0653196504065164
"RNU6-467P",0.0653196504065164
"BBX",0.0652492958675047
"SRSF3",0.065227598084502
"EXTL1",0.0652229242682848
"SPOPL-DT",0.0650872601084225
"TTC7B",0.0649920057987259
"PTRH2",0.0649151545835869
"HSD11B2",0.0648850528666238
"PTMAP10",0.0648411670086604
"EOLA2-DT",0.064794252909692
"NAB1",0.064683475913653
"CAP1P2",0.0646744082250155
"CILK1",0.0646404085230196
"GCSHP2",0.0646366141505722
"UBE3C",0.064624216421737
"ARPC3P1",0.0641401305133377
"LINC02249",0.0641171071578557
"PMS2P11",0.0640835641928809
"NECAP1P1",0.0640835641928809
"ST18",0.0640835641928809
"RNU6-918P",0.0640835641928809
"SNRPCP14",0.0640835641928809
"RPS28P1",0.0640835641928809
"ABCC6P2",0.0640835641928809
"NASPP1",0.0639762628105571
"NOG",0.0638002788076934
"YWHAZP10",0.0637388276787305
"HNRNPUP1",0.0634293008499071
"COX7BP4",0.0634215083243823
"SRM",0.0634044113657083
"PSMA2P3",0.0633881506146875
"SINHCAFP2",0.063179706060536
"RPS6P2",0.0628206904905379
"DQX1",0.0628206904905379
"HMGN2P20",0.0628206904905379
"LINC03086",0.0628206904905379
"SFT2D1",0.0628162364125498
"ZNF805",0.0624492726330425
"ZNF518A",0.0623932495488059
"GOLGA4-AS1",0.0623460364482367
"GBP6",0.0623383842946835
"RPL36AP12",0.0623337668212893
"SLC25A20P1",0.0623337668212893
"EEF1A1P31",0.0623337668212893
"CARNMT1",0.0622534050190604
"TRMT112P6",0.0621838813026981
"USP40",0.0621629876695437
"COPB2",0.062160054902463
"UAP1",0.0620632816296839
"SATB1",0.061858471223717
"PTCHD3P1",0.0615762638449562
"GSKIP",0.0615357788693879
"NBAS",0.0613285298314332
"SYNJ2BP",0.0611457020304625
"SREK1IP1",0.0610691481427386
"RRP1B",0.060798837305946
"CCZ1B",0.0606612822341689
"ROCK1",0.0600079348424642
"PHF21A",0.0599584530618299
"TMEM30BP1",0.059859598138926
"ZNF724",0.0598531390930058
"SSU72",0.0595406616990394
"ZMYM4",0.0594955263228523
"NBPF10",0.0594552991586724
"CALCOCO2",0.0594432603369514
"COPZ1",0.0593812299738684
"NIBAN1",0.0593156849010972
"ATG5",0.0592039089740361
"ZBTB6",0.0590984608720466
"SESN2",0.0587871820239259
"SYS1",0.0587608030354731
"MIR5195",0.0586955579988166
"MPV17L2",0.0586638839662298
"SENP7",0.0585463252749803
"ANKZF1",0.0584880991036989
"AKR1C5P",0.0581984252991181
"ASS1P9",0.0581885977527069
"CUL4B",0.0578203899098391
"CEP295",0.057806855987982
"PQBP1",0.0577917182020651
"NUTM2A-AS1",0.057777618355794
"MANCR",0.0576709192085029
"SLC4A10",0.0574470092848978
"TCEA1",0.0573965615150347
"ACSL6",0.0573485927662031
"ETNK1",0.0572808969060477
"ADRA1A",0.0571494294465383
"ZNF408",0.057081690941147
"SMOC2",0.0570469506063376
"MIR9-3HG",0.0570469506063376
"KRT18P28",0.0569852077386804
"NRXN1-DT",0.0569324120127126
"CHRNA10",0.056806388225358
"LINC02482",0.0567073608653853
"TPMTP1",0.0566661201371121
"JAM2",0.0565916154167791
"PEX1",0.0565631771639584
"GAPDHP71",0.0565597835858595
"SAMD3",0.0564847320256694
"RPL37P23",0.0564384681654038
"PFKFB1",0.0564153138055025
"POGLUT1",0.0563869948408525
"KRT18P16",0.0562434862710222
"LINC01435",0.0562036822755543
"RPS3AP49",0.0561949291994338
"LINC02452",0.0561934771293444
"CLOCK",0.056178743158805
"MASP2",0.056087532135205
"COL15A1",0.0560778274929847
"RN7SL204P",0.0560727610284727
"MOB1A",0.0560266419681208
"OR2W1-AS1",0.0558468474357859
"RPL13AP7",0.0558430213617394
"CSRNP1",0.0558159791677959
"SECISBP2",0.0556394844622298
"RN7SL121P",0.0555969264643531
"DOCK8-AS2",0.0554074838458727
"MPP4",0.055358003080101
"IL5RA",0.0553557820277804
"LGI2",0.0553516378365512
"RNF222",0.0553516378365512
"ADGRE1",0.0553204299819645
"SPRR4",0.0552939653210854
"DBX2-AS1",0.0552712318490408
"MIR1343",0.0552482573042382
"CEACAM20",0.0552482573042382
"MT-TL2",0.0552271137416732
"BHLHE40",0.0551947260535966
"AMPH",0.0551901300553225
"GPX6",0.0551426570042779
"HSPE1P4",0.0551146347311484
"RPL23AP26",0.0550575558776976
"INE1",0.0550242831557748
"H3P43",0.0548558380256622
"ACSM2A",0.0548558380256622
"RPLP0P10",0.0548464733460941
"CARD9",0.0548244469853906
"LINC02895",0.054819312119118
"LINC02466",0.054819231983866
"MTCO1P23",0.0548032307545676
"PCBP1-AS1",0.0546941221756634
"IFNL3P1",0.0546624288786959
"SUMO1P4",0.0546615851842503
"RPL21P52",0.0546557899483127
"SENP1",0.0544064830066385
"GRIN3A",0.054380208966757
"SLC6A17-AS1",0.0543297547824147
"LHX9",0.0543297547824147
"SPATA45",0.0543297547824147
"BRINP2",0.0543297547824147
"RNU6-750P",0.0543297547824147
"RN7SKP285",0.0543297547824147
"FGFR3P6",0.0543297547824147
"PADI3",0.0543297547824147
"CCDC185",0.0543297547824147
"LCE1D",0.0543297547824147
"CELA3B",0.0543297547824147
"UBE2U",0.0543297547824147
"C1orf185",0.0543297547824147
"LCE2C",0.0543297547824147
"TMEM82",0.0543297547824147
"RGS4",0.0543297547824147
"SLC1A7",0.0543297547824147
"LDC1P",0.0543297547824147
"MTOR-AS1",0.0543297547824147
"LINC01688",0.0543297547824147
"VAV3-AS1",0.0543297547824147
"LINC02607",0.0543297547824147
"LMX1A-AS1",0.0543297547824147
"LINC01036",0.0543297547824147
"LINC01779",0.0543297547824147
"TPO",0.0543297547824147
"LINC01867",0.0543297547824147
"RPL23AP28",0.0543297547824147
"ZSWIM2",0.0543297547824147
"IQCA1-AS1",0.0543297547824147
"RN7SL414P",0.0543297547824147
"NMUR1",0.0543297547824147
"RPS17P7",0.0543297547824147
"HNRNPA1P61",0.0543297547824147
"DCDC2C",0.0543297547824147
"RPL27P8",0.0543297547824147
"LINC01823",0.0543297547824147
"LINC01956",0.0543297547824147
"LINC01412",0.0543297547824147
"MYCNUT",0.0543297547824147
"LINC01954",0.0543297547824147
"LCORLP1",0.0543297547824147
"ZIC4",0.0543297547824147
"MASP1",0.0543297547824147
"MTAPP1",0.0543297547824147
"MIR26A1",0.0543297547824147
"DSTNP4",0.0543297547824147
"SALL4P6",0.0543297547824147
"ITIH3",0.0543297547824147
"DAZL",0.0543297547824147
"IQCJ",0.0543297547824147
"ZDHHC19",0.0543297547824147
"LINC02045",0.0543297547824147
"LINC02271",0.0543297547824147
"SNX18P25",0.0543297547824147
"TACR3",0.0543297547824147
"LINC02477",0.0543297547824147
"HSBP1P2",0.0543297547824147
"MRPL22P1",0.0543297547824147
"AMBN",0.0543297547824147
"CSN2",0.0543297547824147
"KCNIP4",0.0543297547824147
"RNU1-45P",0.0543297547824147
"LINC00616",0.0543297547824147
"F11-AS1",0.0543297547824147
"LINC02172",0.0543297547824147
"LINC02432",0.0543297547824147
"FRG1-DT",0.0543297547824147
"LINC00603",0.0543297547824147
"EGFLAM",0.0543297547824147
"PCBP2P3",0.0543297547824147
"ARL14EPL",0.0543297547824147
"FAM170A",0.0543297547824147
"LINC01947",0.0543297547824147
"C9",0.0543297547824147
"SMIM23",0.0543297547824147
"TMEM183AP6",0.0543297547824147
"EGFLAM-AS2",0.0543297547824147
"LINC02982",0.0543297547824147
"OLIG3",0.0543297547824147
"SLC17A4",0.0543297547824147
"ACTG1P18",0.0543297547824147
"OR2A4",0.0543297547824147
"ESDP1",0.0543297547824147
"PRRT1",0.0543297547824147
"OPN5",0.0543297547824147
"LINC03066",0.0543297547824147
"FNDC1-AS1",0.0543297547824147
"TAB2-AS1",0.0543297547824147
"GSTA10P",0.0543297547824147
"SNORD65C",0.0543297547824147
"SNORA5C",0.0543297547824147
"HMGN2P11",0.0543297547824147
"PRRT4",0.0543297547824147
"CFAP144P1",0.0543297547824147
"RPL7AP72",0.0543297547824147
"NDUFB3P5",0.0543297547824147
"ESX1",0.0543297547824147
"IMPDH1P2",0.0543297547824147
"DRP2",0.0543297547824147
"MTFR1P1",0.0543297547824147
"OR13H1",0.0543297547824147
"XAGE3",0.0543297547824147
"DGAT2L6",0.0543297547824147
"TLR8",0.0543297547824147
"HMGB1P23",0.0543297547824147
"SOD1P3",0.0543297547824147
"CARS1P2",0.0543297547824147
"BAALC",0.0543297547824147
"KCNK9",0.0543297547824147
"SMARCE1P4",0.0543297547824147
"CHRNA2",0.0543297547824147
"ADAM7",0.0543297547824147
"LINC03093",0.0543297547824147
"TRIB1AL",0.0543297547824147
"BHLHE22-AS1",0.0543297547824147
"LINC02237",0.0543297547824147
"LINC01627",0.0543297547824147
"CNN2P2",0.0543297547824147
"SPATA31A3",0.0543297547824147
"MIR602",0.0543297547824147
"NALT1",0.0543297547824147
"LINC00587",0.0543297547824147
"FAM242F",0.0543297547824147
"LINC02758",0.0543297547824147
"NOX4",0.0543297547824147
"CARD18",0.0543297547824147
"PKNOX2",0.0543297547824147
"OR51A2",0.0543297547824147
"OR51P1P",0.0543297547824147
"MRGPRX13P",0.0543297547824147
"OR5F1",0.0543297547824147
"OR5AR1",0.0543297547824147
"OR5B12",0.0543297547824147
"IZUMO1R",0.0543297547824147
"SLC22A25",0.0543297547824147
"LINC01488",0.0543297547824147
"DGAT2-DT",0.0543297547824147
"MRGPRG-AS1",0.0543297547824147
"ARHGAP19-SLIT1",0.0543297547824147
"HMGB3P8",0.0543297547824147
"MTCO2P23",0.0543297547824147
"PRPF38AP2",0.0543297547824147
"OPN4",0.0543297547824147
"MIR4679-1",0.0543297547824147
"OR7E110P",0.0543297547824147
"H2AZP5",0.0543297547824147
"PNLIP",0.0543297547824147
"LINC02672",0.0543297547824147
"NEURL1-AS1",0.0543297547824147
"ST8SIA6-AS1",0.0543297547824147
"LINC00502",0.0543297547824147
"KRT127P",0.0543297547824147
"SOAT2",0.0543297547824147
"RNU6-247P",0.0543297547824147
"LRTM2",0.0543297547824147
"OR10AE3P",0.0543297547824147
"OR6C69P",0.0543297547824147
"MIR26A2",0.0543297547824147
"GAU1",0.0543297547824147
"RPL30P12",0.0543297547824147
"RNU7-120P",0.0543297547824147
"CACNA1C-IT3",0.0543297547824147
"MARK2P12",0.0543297547824147
"HNRNPA1P31",0.0543297547824147
"NALF1-IT1",0.0543297547824147
"PCDH8",0.0543297547824147
"RNU6-55P",0.0543297547824147
"CYCSP33",0.0543297547824147
"LINC00427",0.0543297547824147
"LINC00460",0.0543297547824147
"FAM230C",0.0543297547824147
"LINC00331",0.0543297547824147
"WDR95P",0.0543297547824147
"ATP5F1AP4",0.0543297547824147
"NCOA4P1",0.0543297547824147
"GRAMD4P3",0.0543297547824147
"SERPINA10",0.0543297547824147
"IGHVII-1-1",0.0543297547824147
"DACT1",0.0543297547824147
"OR11H12",0.0543297547824147
"LINC02490",0.0543297547824147
"ITGAD",0.0543297547824147
"C16orf78",0.0543297547824147
"ARHGAP23P1",0.0543297547824147
"CDH13-AS1",0.0543297547824147
"UNC45B",0.0543297547824147
"KRT31",0.0543297547824147
"OR1E1",0.0543297547824147
"KRT36",0.0543297547824147
"MIR6865",0.0543297547824147
"KRT26",0.0543297547824147
"LINC01992",0.0543297547824147
"LINC01477",0.0543297547824147
"MEP1B",0.0543297547824147
"DYNAPP3",0.0543297547824147
"LINC01893",0.0543297547824147
"LINC01029",0.0543297547824147
"RPL27AP9",0.0543297547824147
"RNU1-55P",0.0543297547824147
"MKRN7P",0.0543297547824147
"LBP",0.0543297547824147
"KIZ-AS1",0.0543297547824147
"R3HDML-AS1",0.0543297547824147
"LINC01728",0.0543297547824147
"LINC01523",0.0543297547824147
"LINC01726",0.0543297547824147
"MTDHP2",0.0543297547824147
"CABP5",0.0543297547824147
"ZNF628-DT",0.0543297547824147
"GALP",0.0543297547824147
"KCNA7",0.0543297547824147
"OR2Z1",0.0543297547824147
"TEX101",0.0543297547824147
"CEACAM18",0.0543297547824147
"FAM187B",0.0543297547824147
"MAG",0.0543297547824147
"ZIM2",0.0543297547824147
"BNIP3P22",0.0543297547824147
"RGS9BP",0.0543297547824147
"TSPY24P",0.0543297547824147
"PARP4P1",0.0543297547824147
"SLC5A4",0.0543297547824147
"RNU6-225P",0.0543297547824147
"TUBA3GP",0.0543297547824147
"RNU6-375P",0.0543297547824147
"CPMER",0.0543297547824147
"PHF21B",0.0543297547824147
"LINC00898",0.0543297547824147
"TPTE",0.0543297547824147
"LINC01695",0.0543297547824147
"LRRC3-DT",0.0543297547824147
"DNASE2",0.0542651625866218
"LINC02719",0.0542485260846292
"SLC13A4",0.0542444663315928
"COX7A2P2",0.0541373513553884
"LINC02232",0.0541373513553884
"MTND4P24",0.0541373513553884
"RPL7L1P16",0.0541373513553884
"LINC02176",0.0541373513553884
"RHEB",0.0540726774945484
"POMP",0.0540627512471167
"RPL21P20",0.0540302306225982
"FREM1",0.0538532554467768
"ESCO2",0.0537990973430659
"GOT1",0.0537892435814966
"RAP1GDS1",0.0537556118303602
"JAK1",0.0537347268375841
"SCN7A",0.0536961100932396
"IFNA4",0.0536571824040409
"CBLB",0.0536510303958165
"OSTF1",0.0534908732877446
"ADAMTS9-AS1",0.0534784525242709
"RBM28",0.0534711476443529
"MARCHF4",0.0534416552673376
"RNU6-25P",0.0534416552673376
"ASB3",0.0533954913691828
"CDKN2A-AS1",0.0533155883010109
"CSNK1G2-AS1",0.0532171557794058
"RNU6ATAC38P",0.0531046192306266
"HNRNPA1P12",0.0530382882094958
"RARA",0.0528096112987895
"GET4",0.0525933851108596
"OR9H1P",0.0525363837602055
"LINC02046",0.0525363837602055
"MFFP2",0.0525363837602055
"SLC22A9",0.0525363837602055
"MBD3L3",0.0525007077986932
"TMEM147-AS1",0.0524453558712465
"TIMM44",0.0520459191916218
"LINC00304",0.0519478555955832
"NFIL3",0.0519346192315275
"SELENOI",0.0519105986785171
"PAQR9",0.0519014236419199
"PRRC2C",0.0517577965442561
"CCDC122",0.0516557624130525
"HACL1",0.0516527122478092
"PREP",0.0515858595288829
"PTENP1-AS",0.0515726045894804
"CD55",0.0515251759232586
"RPS26P41",0.0512957833838482
"BORCS8",0.0512851338066308
"RPS26P20",0.0512611369901508
"UQCRQ",0.051156432451407
"RNF207-AS1",0.0508875270437505
"GSDMB",0.0508613848555182
"RNU4-21P",0.0508157307502105
"CDC27P1",0.0508157307502105
"LINC01213",0.0508157307502105
"PNMA6B",0.0508157307502105
"SUPT20HL2",0.0508157307502105
"UBE2L3",0.0507290761766165
"GAS6-DT",0.0504853826337716
"PLCE1",0.0504776302254286
"SMDT1",0.0502948590788322
"ALG1L2",0.0502672736495778
"ATP5MC2P2",0.0501714296015047
"CDC42SE1",0.050154183474691
"RNF7",0.0501404590608652
"PDE4A",0.0501046965518738
"FDPSP7",0.0500981247531028
"RPL14P3",0.0499433344750308
"ARPC2",0.0499315785436046
"ZCRB1P1",0.0497012259200508
"FABP5P7",0.0495171733369314
"TMEM131L",0.0495090108997267
"SRRM2-AS1",0.0494984637434645
"EIF4E",0.0494820260588677
"YJU2B",0.0492217078844109
"NKTR",0.0491643559414761
"ZFHX4-AS1",0.049027386933383
"RPL17P36",0.0490131740342616
"NPAT",0.0490111966540852
"RN7SKP9",0.0489151224947673
"DFFBP1",0.0487453624406979
"DDC",0.048734717293763
"TMEM50B",0.0487344769315091
"RPL29P11",0.0487040590572514
"ELMOD2",0.0486794006616097
"METTL21A",0.0485923849997273
"SYCP1",0.048476328063773
"LINC01941",0.048476328063773
"THRAP3P1",0.048476328063773
"RNU7-74P",0.048476328063773
"PTPN11P3",0.048476328063773
"RN7SL709P",0.048476328063773
"HNRNPCP6",0.048476328063773
"RPL7AP2",0.048476328063773
"RIMKLBP1",0.048476328063773
"CBFA2T2",0.0484722665609038
"SNX25",0.0484653082589713
"PRPF38A",0.0483854929307676
"NOP53-AS1",0.0483846196269077
"AP1G1",0.0483559757525532
"RBM34",0.0482846334778147
"CCDC80",0.0482235543328146
"SH3GLB2",0.0481161547721837
"ICAM4-AS1",0.0481034132633994
"MOCS2",0.0480737388570915
"PITHD1",0.0479942845899792
"TEX10",0.0479272605333226
"MTND2P28",0.047766143338053
"SMARCE1",0.0476393723692158
"MYH8",0.0476127986625279
"TTC21B",0.047539927465493
"RPL36P6",0.0475280563088062
"NFKB2",0.0473809503310387
"ZFYVE28",0.047374036099581
"TERF1",0.0473704485847674
"PDHB",0.0471837779378996
"MED28",0.047119782886743
"TSNAXIP1",0.0470854196389542
"UIMC1",0.047055389976935
"RSRC2",0.0469670446702101
"ZBTB34",0.0469202214823013
"NDUFA5P11",0.0468916627786412
"TARDBP",0.0468456314631408
"ZPLD1",0.0467492692536804
"PGAM4",0.0465996567984387
"GRIN3B",0.0465297575975872
"LINC00336",0.0464605643783386
"PSIP1P1",0.0464142422608086
"ACP2",0.0463082389834025
"EIF4A1P10",0.0462521743327655
"OGFOD1",0.0461486933374525
"POTEI",0.0460696855337194
"IMPG2",0.046023193853728
"PI15",0.0459120144167448
"SUMO2P6",0.0458992090158372
"HABP4",0.0454078668802834
"SP110",0.0453981076088778
"P2RX4",0.0453008520788289
"TMSB4XP8",0.0450715964839559
"C4orf46",0.0449778527479307
"FBXL15",0.0449617076246451
"RAD54L2",0.0449521539994998
"H3C6",0.0449203744787677
"BABAM1",0.0448929125515144
"RPS2P5",0.0448044849608778
"USP20",0.0448037714153207
"STK40",0.0447984098606962
"HMGB1P9",0.0447827827206935
"RPL10",0.0446982321849443
"NPAS4",0.0445404463848591
"FDX1P1",0.0445404099559079
"HNRNPA1P20",0.0445169048748323
"TMT1AP1",0.0445069984850648
"DBET",0.0444995837529991
"YAF2",0.0444478004419214
"NINJ1",0.0443546120423353
"POU2AF3",0.0442075004734921
"RPS28P5",0.0441262510658064
"BTF3L4P2",0.0441262510658064
"CCDC137P1",0.0441262510658064
"KRT18P42",0.0441262510658064
"ELK1P1",0.0441262510658064
"RNU6-1085P",0.0441262510658064
"NODAL",0.0441262510658064
"RN7SL198P",0.0441262510658064
"RNU6-7",0.0441262510658064
"OR4F6",0.0441262510658064
"MYL6P5",0.0441262510658064
"KDM5A",0.0440804544880025
"DDX24",0.0440431241119926
"JAK2",0.0439944294410165
"AZI2",0.0439708913386881
"MED26",0.0435168824110108
"TIGD7",0.04334792127083
"PWWP2A",0.0433127868444137
"RPL36AP26",0.0431149113178733
"RAB2A",0.0429681500763757
"RNFT1P3",0.0429009484138974
"PCDH17",0.0426524749980281
"RBFA",0.0425812421655067
"AARS2",0.0425595525570725
"USF2",0.0423782774410292
"MYH11",0.0423684701251374
"SERF1B",0.041921067576659
"CCDC183-AS1",0.0418732436630354
"CBL",0.0417447376822417
"MIR7-3HG",0.0417386500480243
"EAF1",0.0417152353052763
"RPL21P129",0.0416861936055246
"NHERF4",0.0416386340114052
"RPL35P10",0.0415539659456991
"MCTS1",0.0415206100944939
"ZC2HC1C",0.041321616177657
"ALAD",0.041217247299241
"TRAPPC11",0.0411927986447492
"TMEM127",0.0410611499867246
"SRSF9",0.0410327606496469
"GGH",0.0410315088496953
"CRYZL1",0.0408801454227354
"RTEL1-TNFRSF6B",0.0408375382269902
"RAB40B",0.0407924359760292
"ZNF789",0.0407768637387121
"PSMC1P9",0.0406707199559678
"ESRRG",0.0406634669434343
"PSMA6P2",0.0406600472986022
"LCAL1",0.0405652987792474
"MT-ND6",0.0405433334233044
"RPS12P4",0.0404957332893528
"TOMM7",0.0404079544384615
"YIPF2",0.0401916124689712
"NECAB2",0.0401784133348577
"DHRS7",0.04008576519472
"ARHGAP11B",0.0399609893407943
"RN7SKP203",0.0399083328624532
"IGF2",0.0399083328624532
"KRT18P47",0.0399083328624532
"EIF4A2P1",0.0399083328624532
"RNU6-698P",0.0399083328624532
"ZSCAN1",0.0399083328624532
"SREK1IP1P1",0.0399083328624532
"CHIT1",0.0398703184771674
"DNAJC5G",0.0398703184771674
"GSTM2P1",0.0398703184771674
"EGFL8",0.0398703184771674
"RPL15P9",0.0398703184771674
"SPDYE9",0.0398703184771674
"SLC22A11",0.0398703184771674
"FAM99A",0.0398703184771674
"PSMB11",0.0398703184771674
"PTCD2P1",0.0398703184771674
"UFM1P2",0.0398703184771674
"GDAP1L1",0.0398703184771674
"LINC03075",0.0397291126983709
"MPPE1P2",0.0396573174580917
"NCBP2AS2",0.0395247444491651
"SNW1",0.0394449668248315
"CCDC88B",0.0394282711237843
"ITPKB",0.0394252546020799
"XIAPP1",0.039332437515528
"TCN2",0.0392369862020608
"RPS6KA5",0.0391812859233184
"STRBP",0.0391774580753205
"HIRIP3",0.0389243459651111
"RPL31P61",0.0387068756729456
"RPS7P1",0.0383106655040333
"MIR4485",0.0382459877980315
"SPIRE1",0.038209687557297
"MAN1C1",0.0381549044524493
"ZMYND8",0.0380817941237406
"LINC02613",0.0379702225623163
"TCEAL4",0.0379588094657575
"DYNC1LI1",0.0377171336704139
"CRNKL1",0.0375437351882114
"FAM174A-DT",0.0375016429077076
"ADPGK",0.037500474502985
"VCPIP1",0.0374784717388769
"RAB39B",0.0374372050384759
"FAM168B",0.0373344972365489
"DESI1",0.0371384089962294
"TMEM120B",0.0371142161122515
"HLA-S",0.0371018424559322
"CRKL",0.0370655475438706
"CIAO3",0.036938765211589
"HINT2",0.0369179903727749
"RPL15P11",0.0365058418482848
"INTS13",0.0364998996472055
"UBE2G2",0.0364915004468546
"RPSAP19",0.0363995895277482
"PABPC4",0.0363828601016811
"CREB1",0.0363186350122079
"CIAO2A",0.0362988615180832
"SNRPGP9",0.0362779595273921
"ATP6V0B",0.0362660045361872
"ACBD3-AS1",0.0361836512497716
"NBDY",0.0361764600092646
"TAFAZZIN",0.0361417792155523
"SGCB",0.0359799861013793
"TOMM22",0.0359714357451528
"RAD51AP1P1",0.0359501543205287
"HSP90AB2P",0.0359501543205287
"HOTTIP",0.0359501543205287
"LINC02639",0.0359501543205287
"ACTG1P11",0.0359501543205287
"NAA35",0.0354696511084916
"KHDC4",0.0354276997460373
"AKR1C4",0.0354134121825153
"AMYP1",0.0353777482841521
"ZPR1",0.0353524055554345
"SYT3",0.0352665752463182
"ATP8A1",0.0349591151475033
"ADCY3",0.0349434031647222
"COPG1",0.034594732981436
"TMEM132B",0.0345740207239926
"SNHG8",0.0343849916434835
"OR4F29",0.0342067599339783
"HMGN2P23",0.0342067599339783
"RNF228",0.0342067599339783
"LINC02217",0.0342067599339783
"CHTF8P1",0.0342067599339783
"ATP5PDP2",0.0342067599339783
"OR5AS1",0.0342067599339783
"ATP6V0C",0.0342067599339783
"STMN3P1",0.0342067599339783
"PIRAT1",0.0337561627986645
"R3HCC1L",0.0337166240654191
"WAC",0.0336040625656385
"LHFPL3",0.0333043450181118
"RMND5A",0.0332516475100704
"ICE1",0.0331586790841669
"TMED9",0.0329759435891228
"BCL10",0.0327517746194945
"FOXH1",0.0322900061984163
"ELANE",0.0321009098416454
"IGDCC4",0.0320209790023537
"PANX1",0.0319066929583256
"LINC01623",0.0317263766142487
"CSNK2A1",0.0317146229209561
"SEC22A",0.0313715474108378
"RPL29P15",0.031369443105745
"ATP9A",0.031238518242877
"GTF3A",0.0311558334084698
"RN7SL670P",0.0311552302758781
"HDDC3",0.0311406324842871
"KCNJ6",0.0310896127834399
"TRMT10C",0.0309280961982693
"MRPL40",0.0308947514504959
"LINC01338",0.0308655235487074
"FAM223A",0.0308655235487074
"CCNQP3",0.0308655235487074
"PPIAP50",0.0308655235487074
"IKBKB-DT",0.0308345863522387
"PIK3R2",0.0307446852433518
"HAGH",0.0306017121369132
"GLIS1",0.0305446373860232
"LINC02505",0.0305446373860232
"UBXN11",0.0304944104011179
"CASR",0.0304528918043719
"KAT6B",0.0302761240736503
"SEC16A",0.0302626883082612
"CBX3P5",0.0300869679227627
"SRSF4",0.0300590122796304
"SRARP",0.0299964393631099
"EEF1A1P6",0.029878938809569
"HAX1",0.0298753879254254
"EEF1A1P19",0.0298472361244168
"SNORA66",0.0298367158339538
"LLPH",0.0296223817901706
"ERICH1",0.0295717805337042
"ZNF746",0.0295132868815927
"ZNF581",0.0294053743685684
"UBE2E3",0.0292962902317684
"RNASEH2B",0.0291599321323374
"RALA",0.0291180303348705
"COQ10B",0.0290481919566582
"ESYT2",0.0290406893540525
"RHOQ-AS1",0.0289321950635666
"HS3ST3B1",0.0288748943442651
"SLC30A6-DT",0.0287588990017795
"LGMNP1",0.0287480844809805
"HEXB",0.0286194108615715
"RNF8",0.028616180190545
"CNPY2-AS1",0.0283559395559577
"TTI1",0.0283500646748779
"CCDC159",0.0282667314860436
"NFATC2IP-AS1",0.0282630051011299
"SERINC3",0.028166036256258
"RPL12P17",0.0281132022985676
"STAG3L5P-PVRIG2P-PILRB",0.0280480201752191
"SH3GL1P3",0.0279910225760209
"SLC30A6",0.0277397651024652
"BRD7",0.0277228854543926
"NAMPT-AS1",0.0277118046621746
"C18orf32",0.0277103908605757
"QTRT1",0.0276968107006266
"CDK5RAP3P1",0.0276820328845854
"MAGED4",0.0273287715853793
"HLA-E",0.027307422098488
"CYCSP45",0.0272607893863319
"MITD1",0.0272524471214941
"CYREN",0.027128480007605
"AP5S1",0.0270887990513286
"PSIP1",0.0270296330274104
"EDDM13",0.0268486852946632
"UBTF",0.0268034176849046
"PRKRIP1",0.0267592675615368
"MPHOSPH9",0.0266561516472534
"IMPA1",0.0266065148343923
"H2AC20",0.0265550399771636
"MCPH1-DT",0.0265071729892326
"ATRAID",0.0264086633748621
"DHX38",0.0263306827721546
"ARR3",0.0262264241475246
"UBA6-DT",0.0262102095696965
"NDUFB4P12",0.0261619972892146
"GPS2P1",0.0260813028638176
"LINC02030",0.0259123764862528
"PPP1R12A",0.0257754325060061
"CENPW",0.0257749129325024
"DTD1",0.0256056864516415
"PRELID1P6",0.0254823745131958
"OSTCP4",0.0253987911911995
"CAT",0.0253206258326977
"LINC02764",0.0252342440030356
"NDUFA9",0.0251094835045385
"TOB1",0.0248830154916297
"TOX4",0.0248434877047622
"FBXO44",0.0247179392524484
"TACC1",0.0246671837934487
"PPT2",0.0244962857099469
"TMSB4XP1",0.0244897219757821
"GORASP2",0.0243941128032223
"MIOS",0.024269309844538
"PTP4A2",0.0242275803628226
"COL14A1",0.0241670954015374
"MTND6P10",0.0240279371739551
"LINC02149",0.0240279371739551
"DCTN3",0.0239566111885044
"COPS2",0.0236783559954071
"DACH1",0.0234581080124261
"PRDM15",0.0233156469859579
"ASNSD1",0.0232183173888681
"LIN54",0.0232111773060434
"SUGP2",0.0230509396036027
"BRPF1",0.0230412143715356
"MORF4L1",0.0228263196807645
"SPAG1",0.0227332161486658
"RIC1",0.022648510162995
"CHEK1",0.0225238574072336
"PTMAP11",0.022521041102849
"PIK3IP1",0.022460888130021
"NHEJ1",0.02229958181251
"AKR1A1",0.022202626587969
"MPC1",0.0220120425061219
"LINC01820",0.0219284968814692
"APOL6",0.0219047935971788
"LINC00923",0.0218870198382479
"HNRNPA3P1",0.0217648047249856
"IARS1",0.0217582626756703
"SH3BGR",0.0217205513595809
"CDC26",0.0216382705061731
"DNAJB6",0.0215988906620407
"IFI16",0.0215930303374354
"OR2AT4",0.0215597179678972
"NDRG1",0.0213162374261116
"USP4",0.0212924500713127
"MED21",0.0211951627791854
"SBNO1-AS1",0.0211942340654209
"SIKE1",0.0210675805991074
"CHASERR",0.0208524646395081
"RGPD4",0.0208103768576222
"PRANCR",0.0207865872433143
"BTF3",0.0206303846125657
"GLTP",0.0201520753484874
"ANKMY2",0.0201255551582892
"ALG8",0.0200341104092596
"RTF1",0.0200127000855073
"PANTR1",0.0199759288464437
"CHRAC1",0.0199670619216302
"SGPP1",0.0199136510920541
"CWF19L2",0.0198426817072394
"AEBP2",0.0198272959635041
"POLR3D",0.0198090341800706
"CISD2",0.0197489072724214
"SLC7A1",0.0195368959196099
"H4C11",0.0195304453592402
"MTR",0.0195248062441482
"EBP",0.0195170271178597
"ZBTB14",0.0194702947856352
"TRMT5",0.0193669074489229
"MAT2B",0.0192813195226564
"PPP3R1",0.0192642348811324
"LINC03006",0.0192433230908171
"IKBKG",0.0192425486446545
"CPLX2",0.0192349124854919
"LINC01440",0.0192349124854919
"G3BP2",0.0192207331913155
"LINC02598",0.0191483080072374
"ZBTB40",0.0191444112719994
"TRAF3IP1",0.0190072399534456
"GNPAT",0.0189923685816883
"JPX",0.018890564136409
"ST13P3",0.0188077971442328
"HAUS5",0.0187186015904218
"FOSL2",0.018563310813586
"EIF4A1P7",0.0184976104286999
"CA2",0.018422343861305
"BPIFC",0.0184106716034236
"ZNHIT2",0.0183159517859817
"HNRNPA1P28",0.018283303274546
"SFR1",0.0182357604615359
"FAM43A",0.0182086443981772
"WDR82",0.0181741233869085
"FGFRL1",0.0181143257592423
"PSMD7",0.0181136997048598
"SENP3",0.0180421329311336
"RPSAP54",0.0178950810351748
"SLCO4A1",0.0178846463652764
"TBC1D22A",0.0178736423716539
"PDK4-AS1",0.0178545293590944
"CHORDC1",0.0178339844815938
"LINC01031",0.0177796518492732
"H1-12P",0.0176142307008436
"SNX8",0.0175067087367376
"ASLP1",0.0174853693523226
"SON",0.0174157611036881
"EPIC1",0.017287199779147
"RAMP2",0.0171431012806497
"NTN5",0.0170319146485708
"SELENOH",0.0170209745284557
"SINHCAFP1",0.0169480186560551
"TMEM143",0.0169415491541373
"MKNK2",0.0169132826969832
"NRIP2",0.016759684653107
"WFS1",0.0165406374593443
"RDX",0.0165003968615021
"RBM23",0.0163474547766673
"CDK11B",0.0162896012059866
"SLX1A-SULT1A3",0.0162894377276633
"C10orf88",0.0162300362222477
"HMGA1P4",0.0161725201438961
"CMTM7",0.0161184911949667
"PORCN-DT",0.0159461657811977
"TIMM10",0.0159002111025376
"NRDE2",0.0158861751515915
"PCGF6",0.0158367848931533
"JDP2",0.0158015867101465
"NACAD",0.0157491304794695
"CHRNB1",0.0156728415443628
"SEC11A",0.015536047302392
"TBL2",0.0155102097036329
"ZNF747",0.0154322075735846
"LINC00571",0.0154090623237027
"GTF2F2",0.0153538963970272
"SQLE",0.0153463653377832
"KANSL1",0.0151662828648849
"SNORA80B",0.0151445014018046
"WDR54",0.0150080167227145
"RASSF3",0.0149741780592274
"MAP3K2",0.0149630952992603
"PRAMEF1",0.014934739045181
"KCND2",0.014934739045181
"SETD5",0.0149298560836155
"UBE2W",0.0148903830512051
"EEF1A1P4",0.014850637235872
"ZNF91",0.0148283887383077
"ASPHD2",0.014632074169016
"EPS15-AS1",0.0144014622248395
"ARNT",0.0143656135430209
"PDXDC1",0.0142613984099094
"MIR1244-4",0.0141756404778414
"PRXL2C",0.0140690261182961
"ETF1",0.0140408724789092
"EOGT-DT",0.0140288049234962
"ELP2",0.0139596933869227
"CHMP3-AS1",0.0139508391556386
"MDFIC",0.0139506740582786
"IFT122P2",0.0139274547595868
"LIMD2",0.0138994006908738
"RECQL",0.0138752794032316
"CASD1",0.0136014850362506
"UBA2",0.0135689573440844
"ZNF528",0.013564918490062
"SETP14",0.0135541067484318
"BCL2L1",0.0135217139929368
"BTG1-DT",0.0135113617592638
"UPF1",0.0134971992358964
"GPR35",0.013453384853556
"AMN1",0.0134144418357432
"MAP3K5-AS2",0.0133966637090803
"SMAD3-DT",0.0133862774679804
"COX7C",0.0133276100476641
"OTOP3",0.0132342965045881
"EXOSC1",0.0131572873038555
"TMA7",0.0131390855994424
"CMC2",0.0129996000554038
"TMEM205",0.0129867138705423
"PRKAA1",0.0129093810056759
"CUTC",0.0128521707395639
"NARF-AS2",0.0127948488780456
"CPNE6",0.0127379817557875
"TNS3",0.0127048910967356
"RPL5P1",0.0125806449366833
"RN7SL182P",0.0124891835041078
"INTS6",0.0124620361774774
"MR1",0.0124186503032927
"TRIM14",0.0124049186105767
"PDIA6",0.0123563653462533
"AP5Z1",0.0123502202229787
"WDR6",0.01229505427997
"LINC01664",0.0122323248767995
"SAT1-DT",0.0122289470716042
"UBE2V1",0.0120944556531021
"DNAJC7",0.0120087593742539
"SENP2",0.0118953307766603
"MTCO2P12",0.0118859228188786
"SCARB2",0.0118809993075219
"DUSP22",0.0118718884165699
"ATXN1L",0.0118635774021462
"TRMT1L",0.0118486104775985
"ANAPC5",0.0117898321535573
"PIGK",0.0117873766793177
"ARCN1",0.0117400389979826
"SLC35F1",0.0116504700619681
"HAUS2",0.0115545518807268
"UPRT",0.0114977242584555
"PGAP1",0.0114166455494097
"MBD4",0.0113672001327141
"SLC8A1",0.0112847628147791
"RALGAPA1",0.0112236535985299
"MPRIP-AS1",0.0112091324629355
"UCHL1",0.0111166722924319
"SYNCRIP",0.0111096365040751
"RSF1",0.0110873497417895
"RPL17P52",0.0110264874509788
"INPP5B-AS1",0.0109790094019037
"GEMIN4",0.0109577746254774
"DGUOK",0.0109288770591947
"ZNF24",0.0108939490538133
"APOOL",0.0108561487344342
"LHPP",0.0107299038449386
"COPS9",0.0107029500167887
"TRIM65",0.0105679386079474
"KANSL2",0.0105544076230091
"LINC01837",0.0104684935459005
"LDLRAD4",0.0104599276160124
"C19orf38",0.0104417775604999
"SNRPG",0.0104142851513873
"RBM5",0.0103988471890469
"XPO4",0.0100873138661633
"LINC02241",0.0100586106290403
"VPS26A",0.00999329836357379
"PICALM",0.00995354811346545
"RWDD4P1",0.00993250384201282
"HNRNPCP3",0.00988262559852666
"AKT1S1",0.00987800198656455
"PHPT1",0.00976668543555131
"PRAME",0.00973809412182349
"ZNG1A",0.00957580488780157
"EIF4BP3",0.00937682458666891
"ATP5MJ",0.00917293211856872
"SYNGR2P1",0.00914288629365045
"PKIG",0.00913499491466074
"RPS27P13",0.00912584176956572
"TRMT61B",0.00904901924415323
"SLC35G2",0.00899633907348005
"C9orf50",0.00899602961813303
"DYNC1I2",0.00898882874607967
"SEC31A",0.00892819457081382
"SUPT6H",0.00891390999301164
"MYOT",0.00891240747471066
"RO60",0.008840188642774
"PUS1-AS1",0.00869240057588568
"WDR53",0.0086556393104248
"RHOG",0.00860674086001809
"CYP7A1",0.00857509503921901
"HEATR4",0.00853506960430438
"LINC02156",0.00843719575038205
"NAGK",0.00841322194609769
"ETFBKMT",0.00835821250933514
"YIPF3",0.00829822426360532
"SFT2D3",0.00829435556976419
"PNO1",0.00826253801006809
"MOGS",0.00823785458972194
"GNB1",0.00814321033716177
"TPM3P5",0.00809718993461214
"CDRT4",0.00808950187225083
"SLC15A4",0.00803082916146979
"LNPK",0.00797660632590395
"DCPS",0.00796915876256442
"RCHY1",0.00787902918058061
"CDK7P1",0.00786820878168983
"CCDC18-AS1",0.00779907978284655
"TXLNG",0.0077607337602829
"VTI1B",0.00773028385936678
"RP9",0.00772423305310643
"ZNF276",0.00768573270912391
"RNU5E-10P",0.007454224384291
"FAM156A",0.0074170497479679
"NDUFS4",0.00738218661554838
"COPS3",0.00737683752544319
"RPL12P6",0.00727162020279005
"INPP4A",0.00726966830528167
"AQR",0.00720704869793019
"IRAK4",0.00720394068056073
"METTL3",0.00718927932659222
"CPNE1",0.00718436328718686
"OGG1",0.00713198400047619
"SETD2",0.00695882829644329
"KDM4C",0.00693695085737106
"PSMG2",0.0069098577647356
"H2BC6-AS1",0.00680536614012558
"ZNF664",0.00678971754529466
"RPL35",0.00678436927608725
"MXI1",0.00672832740625839
"RIOK1",0.0066985558028007
"ASAH2",0.00643436199735146
"LIN52",0.00636901010984516
"OXER1",0.00623373624650273
"RNU6-1092P",0.0062288888578766
"LINC00987",0.00622819057166389
"UPK2",0.00621063309907976
"IDI1",0.00620765705238187
"PGAP2",0.00615984385735876
"IPO9-AS1",0.00606869124295243
"LAMA5-AS1",0.00606028137721468
"DICER1",0.00604448904807748
"OPTN",0.00602882820767437
"DDN-AS1",0.00601221342688526
"UQCRFS1",0.00598595178753203
"TEKTIP1",0.00593551089016957
"ATP5PF",0.00592658888462076
"PAG1",0.00592295402654242
"CCNI",0.00592270686777729
"PLA2G1B",0.00584931465002074
"PRKCIP1",0.00568154109771603
"SPAG5",0.0056700041402763
"TPSG1",0.00558308357229724
"GVQW3",0.00554968705770912
"SKIL",0.00552606655438112
"ZNF282",0.00551236001918654
"ATP5MC1",0.00550620736748361
"RPL15P17",0.00548552722401324
"GBP5",0.00543058393311986
"ABCB8",0.00542923658332368
"DNAJA1",0.0053375228101073
"WDR64",0.00530634217514591
"STPG2-AS1",0.00530634217514591
"DBR1",0.00530538699404156
"PLEKHA3",0.00529484198559526
"HMGB1P48",0.00528137549045459
"LINC01492",0.00524994267288113
"EMC9",0.0051477727680536
"CHST11",0.00507681819484114
"TTN",0.00499915386887618
"MIR133A1HG",0.00498332249541408
"TXNL4A",0.0049795686157976
"SH3PXD2A",0.00494083459920228
"COX6C",0.00484376134742363
"ZNF10",0.00476648151891784
"GALNT2",0.00472330758108812
"LINC02211",0.0046256917582295
"HNRNPUL1",0.00457797373504165
"LMNA",0.00455766289332439
"ZNF564",0.00455762940658674
"SURF1",0.00451926099398719
"COA7",0.0045143929308922
"LINC02806",0.00450559460726553
"SUMO2P21",0.00447076942078512
"FEM1A",0.00442548502651528
"ARF6",0.00440627869937428
"LINC00968",0.00440140804007155
"HELB",0.00439659827948305
"DHX16",0.00437999297782782
"CSE1L",0.00433244152584616
"RPS9",0.00432924800556291
"IFI30",0.00432163505894296
"GPSM3",0.00430657825497001
"UQCRFS1P2",0.00422277538970826
"NUDT19",0.0041838375741012
"PARD6A",0.00413555178509176
"RPL24P8",0.0041335744442091
"ZNF512",0.00412461406122809
"NBR1",0.00404530929763404
"PDE6D",0.00403567868814858
"ZNF532",0.00399472541435
"FAM204A",0.00399015890900297
"MORC2-AS1",0.00398122388155352
"DPP10",0.00395997671314296
"LAMC3",0.00395997671314296
"RORA",0.0039366298251803
"ITGB8",0.00385028816252271
"MRPL20",0.0038379687311297
"LINC00967",0.00380381144516012
"RPL23AP43",0.00379558598352539
"L3MBTL3",0.00376361852935524
"COX6B1",0.00372395067222556
"PHF20",0.0036783167421723
"ZNF286A",0.00363661713815338
"U2SURP",0.0036346473432881
"RCL1",0.00362319473085141
"RABEP1",0.0035977311711643
"RASGRF2",0.00355961985974634
"VTI1A",0.00355342160445124
"CCDC14",0.00348544046556776
"LINC02492",0.00341927137945149
"RBMXP1",0.00341927137945149
"MED17",0.00341834630226111
"UXT",0.00339776890858382
"BCAS3-AS1",0.00327949942390507
"TRIM4",0.00327265801388802
"MORF4",0.00326758333678252
"NEU1",0.00325074397492698
"KRT86",0.00323144906148185
"DDX3ILA1",0.00322691834117736
"VWA5B2",0.00322478427454772
"ATXN7L3B",0.0032124793217224
"CDC123",0.00315524602503318
"SNHG11",0.00304949330954804
"KLHL36",0.00303891889152139
"HNRNPD-DT",0.00300990660974024
"IRF9",0.00300100129641404
"RPL26L1-AS1",0.00296329518080543
"TXLNA",0.00295929761659127
"GPAT4",0.00295630999743234
"NRARP",0.00294265599701072
"TRIM39",0.00294121387381949
"DDOST",0.00292285184781858
"CACNA1C",0.00290695053142564
"FAM91A3P",0.00288685876716208
"ZNF274",0.00287268989611006
"EEF1A1P9",0.00278627304031556
"SVIP",0.00277552161285381
"SEC24B",0.00276099278006421
"HSPD1P5",0.00275910777695932
"PIK3IP1-DT",0.00275571252741177
"NOL7",0.00274711987564443
"MIR34AHG",0.00273877108708964
"SLX4IP",0.00272690066140975
"CLK4",0.00272276413890647
"EML4",0.00270546676237748
"RPL13AP25",0.00269368468969286
"HISLA",0.00269324610234389
"MYOM3",0.00268098001395878
"TPT1P9",0.00266191932142582
"DYRK1A",0.00265217936042314
"CARNMT1-AS1",0.00262151857511366
"GPR180",0.00261619875962462
"NEMF",0.00259014277495758
"CLCC1",0.0025582822392758
"EEF1DP7",0.00253678223973899
"HECTD1",0.00251590503094573
"ULK1",0.00251198905590361
"AGO2",0.00244752577311728
"RPL12P42",0.00240388123928179
"PDE7A",0.00239396253775344
"AP3S1",0.00237898974333694
"OR7A17",0.00237452858844152
"TMEM200B",0.00236775818478802
"EIF4EP1",0.00235707165824857
"ATP5IF1",0.00231849523577628
"HILPDA",0.00231587005600393
"RPL13AP24",0.00231190149059703
"ABCG2",0.00227794031268682
"WNK1",0.00227145129989967
"LINC02929",0.00226194683470388
"ZNF682",0.00224125307286962
"TSPYL2",0.00221273278355497
"GPR155",0.00220892387331663
"WRN",0.00219750671660029
"HINT3",0.00218398419082113
"CCDC91",0.00216524160569438
"RNF146",0.00212497423292167
"MXRA7P1",0.00210539180618215
"DENND6A",0.00210124947931322
"SLC29A1",0.00209918984438496
"ENEMAL",0.00206787083134924
"ABHD1",0.0020507308046247
"ARHGEF39",0.00204672718001319
"RARA-AS1",0.00202723607153365
"TRIM32",0.00202334569275068
"TSHZ3-AS1",0.00202208558059141
"CNST",0.00201684801869033
"ZNF394",0.00199119767289905
"LINC02863",0.0019860854174148
"MTDH",0.00197911658942451
"YWHAZP2",0.00191951066341168
"EFNA4",0.00191297207648892
"ZNF610",0.00191260900214787
"LINC02335",0.00189989961867721
"DIRC3",0.00187044825563883
"CD96",0.00183253237440104
"HNRNPA1P30",0.00177778487873854
"TMEM212-AS1",0.00177277781865811
"PTOV1-AS1",0.00174523566484148
"CBLIF",0.00172776899817408
"CCNDBP1",0.00172265439334916
"RPS23",0.00171633699427095
"SLC47A1",0.00165554712067699
"NSMCE2",0.00163452721333325
"FBXO16",0.00161309008298499
"LYRM1",0.00159916424256614
"OPA1-AS1",0.00156183791791425
"RN7SKP237",0.00155159089532979
"PPHLN1",0.0014882766550939
"TMEM147",0.00148263045500891
"RPS15P5",0.00148078264310602
"ZDHHC12-DT",0.00147977795246823
"LINC02394",0.00144426932512817
"SLC35B4",0.00144004415133397
"SERINC1",0.00140391720841126
"DMTF1",0.00140390675346245
"MORC2",0.00139249830025059
"LITAF",0.00136752159979496
"GOLGA8A",0.00132978528395375
"STAM2",0.00131012187563963
"LNMICC",0.00119067976245172
"LDHAP5",0.00119037795365185
"LINC00529",0.00116540244158884
"CCNT2",0.00115762453570845
"DDX4",0.00114873147488428
"ZNF560",0.00114873147488428
"MED13",0.00113416194458111
"DCHS1",0.00113052271255577
"SLC7A6OS",0.00112604885215983
"CBX7",0.00111596065702649
"GEMIN7",0.00108351714682508
"RN7SL587P",0.00107524264423966
"MSH6",0.00107032898584615
"B4GALT1",0.00106494813469652
"TMX4-AS1",0.0010598411548405
"ZNF460-AS1",0.00103888463142924
"RPL10AP2",0.00100521651696802
"RPS3AP6",0.00100078581398935
"CALM2P3",0.000985336996911119
"SOAT1",0.00097748139060473
"VDAC3P1",0.000975746466375378
"COLGALT2",0.0009366291468834
"MAGOH",0.000905014636175202
"CHST12",0.000899992876403132
"MIR17HG",0.000899494121340342
"EFHC1",0.000899055646692562
"ANKRD52",0.000859586390410537
"BCRP4",0.000851576467923569
"BTF3P10",0.000781060065140407
"PNRC1",0.000776047233155559
"TOMM5",0.000752296429034997
"SDCBP2-AS1",0.000749124543115752
"FAM117B",0.000740215668322881
"RPL21P98",0.000703478834225116
"SCAF8",0.000693442555902219
"RPP30",0.00068381341522392
"KIF3B",0.000679062887823387
"INO80D-AS1",0.000672380012943815
"ZNF549",0.000656249975886888
"SMG1P2",0.000654116614155205
"APOBEC3F",0.00064634566732221
"ARFGEF2",0.000637152890552313
"RLIM",0.000581791979525301
"CORIN",0.00056559495365659
"SYNPO2L-AS1",0.000565161157637414
"NCOA2",0.000538592763529331
"LETM2",0.000527315985567935
"LAMTOR4",0.00050888957121556
"SNHG20",0.000471892459308484
"MRPL57",0.00046108572375342
"LINC01991",0.000446237076751879
"GFPT2",0.000442628683338008
"ZNF430",0.000439242529902614
"RPL3P2",0.000399780656623333
"TNFAIP8L2",0.000397524684444008
"ZNF524",0.000387393707326825
"H2AZ1",0.000387327717068448
"MIR3661",0.000385917025103958
"MAP3K14-AS1",0.000385035259336833
"LINC00393",0.000374177808989574
"NUP50",0.000372923059129139
"CDC42EP3-AS1",0.000369546561416361
"WDR70",0.00036308871348625
"ARFGAP1",0.000350726144190062
"LINC02019",0.000340195213046878
"DCAF8L1",0.000330123507750544
"DCX",0.000330123507750544
"SRSF2",0.000317040167156298
"IMPDH1P10",0.000311374211762288
"SCARNA18",0.00030958544077259
"HYOU1",0.000309145181520939
"SMG8",0.000291028699099539
"CNTRL",0.000290923281303394
"IFT20",0.000273795172194284
"ALG1L15P",0.000272222784288554
"DMXL1",0.00026045314437344
"PAXIP1-DT",0.000237970755487589
"DYNLL1P1",0.000235746250105065
"IQCB1",0.000232036443554274
"FABP5",0.000230226015285015
"MAN1A2",0.000227429515372928
"SLC44A5",0.000226245535134009
"ZC3H6",0.000220683448104412
"GATM",0.000209600348287503
"UNKL",0.000208610668060252
"LINC02018",0.000196657316699961
"CD80",0.000187412693990326
"EIF3LP3",0.000181496826147091
"LINC00698",0.000169822323519206
"AMPD3",0.000168740499350769
"VPS39",0.000160741981843199
"CD164",0.000139645448921267
"MKX",0.000138197896369423
"H4C15",0.000137978254260202
"SPATA33",0.000136558525110843
"RPL10P1",0.00012711907719562
"TCEAL3",0.000126055098069348
"ELOVL1",0.000123132235486358
"UBE2Q2",0.000121810215030327
"SLC5A3",0.00011984367943489
"RP2",0.000116234252352376
"RPL5P29",0.000111308565341221
"NXT1P1",0.000110919837397316
"RPL26P36",9.97154440310943e-05
"RPS3AP21",9.78961638542485e-05
"STK26",9.73224068169496e-05
"PART1",8.90896174248524e-05
"GOLGA1",7.79787890693515e-05
"RPS3AP44",7.56235039563561e-05
"ITFG1",6.68593536163926e-05
"NPIPB8",6.16208480725137e-05
"MUL1",5.94161751100814e-05
"OTX2",5.68955036746635e-05
"SPG7",5.47016388205284e-05
"PWWP3A",5.43831787423243e-05
"HIGD2A",4.8802663488068e-05
"MIR137HG",3.72172460736609e-05
"MTX1",3.66961453799688e-05
"SS18L2",3.51332528223906e-05
"MIR1972-2",3.44901211890839e-05
"P4HTM",3.42282089702748e-05
"ZNF606-AS1",3.10306228064811e-05
"KIAA1328",2.80077904857866e-05
"HYOU1-AS1",2.68279639615293e-05
"RPS3AP33",2.52011889300025e-05
"KLF3",2.12245159846225e-05
"SLC6A8",2.10199207833286e-05
"TBC1D23",1.75626649235078e-05
"SCLY",1.70380838593279e-05
"CDK8P2",1.35854646127128e-05
"ADNP",5.90207308966871e-06
"IGFLR1",3.85021928927804e-06
"LIN7B",3.04144688374068e-06
"YIPF5",2.68740445100953e-06
"TIMM9",2.61329904136859e-06
"MACO1",2.31839275091247e-06
"MGAT1",5.75901875438365e-07
"SRP68",3.59214784536063e-08
"RPL21P21",0
"EEF1DP6",0
"LINC02782",0
"LINC02781",0
"MTCYBP45",0
"PGAM1P11",0
"DISP3",0
"RPL10P17",0
"PPIAP34",0
"AJAP1",0
"LINC01756",0
"PLA2G5",0
"FTLP18",0
"ZBTB8B",0
"LINC02810",0
"HNRNPFP1",0
"GUCA2B",0
"RPS29P6",0
"SHMT1P1",0
"ACTL8",0
"GJA4",0
"FCF1P6",0
"RPL6P1",0
"DLGAP3",0
"TMA16P2",0
"CZIB-DT",0
"LAMTOR5P1",0
"KLF17",0
"RPL23AP85",0
"GTF2F2P2",0
"KLF18",0
"GAPDHP51",0
"C1orf87",0
"RNFT1P2",0
"COX6A1P1",0
"ADH5P2",0
"RPL29P5",0
"ANGPTL3",0
"NDUFS5P3",0
"RPL13AP9",0
"ST6GALNAC5",0
"COX6CP13",0
"PDE4B-AS1",0
"NEGR1-IT1",0
"MROH7",0
"PGBD4P8",0
"MTND2P30",0
"SLC25A6P3",0
"HMGB1P18",0
"HNRNPA1P64",0
"PHKA1P1",0
"MTCO1P21",0
"KATNBL1P2",0
"HMGB1P45",0
"MTCO3P21",0
"TBCAP2",0
"BARHL2",0
"SNX7-DT",0
"OOSP1P1",0
"RPS20P5",0
"RPL21P23",0
"MTND3P21",0
"DNAJA1P5",0
"LINC01787",0
"MTATP6P13",0
"LINC02868",0
"SLC6A17",0
"GAPDHP64",0
"SEPTIN2P1",0
"LINC02788",0
"VPS25P1",0
"MTND5P20",0
"NEFHP1",0
"FTLP17",0
"HIGD1AP12",0
"TSHB",0
"PSMC1P12",0
"RPS15AP9",0
"UBE2WP1",0
"TXNP3",0
"RPS29P29",0
"LINC02799",0
"PPIAP7",0
"OR10AE1P",0
"NR1H5P",0
"PFN1P12",0
"MTATP6P14",0
"NKAIN1P1",0
"TLCD4-RWDD3",0
"FMO11P",0
"FDPSP1",0
"LINC01720",0
"CNN2P10",0
"MTCO1P14",0
"RXRG",0
"PRELID1P7",0
"OR10J5",0
"EEF1A1P14",0
"GPA33",0
"NR5A2",0
"ISCUP1",0
"HNRNPA1P46",0
"TFDP1P1",0
"BRINP3",0
"ATP5MC2P1",0
"LMX1A",0
"FMO10P",0
"MIPEPP2",0
"SRP14P4",0
"RPL7AP21",0
"PRR13P1",0
"RPL7AP82",0
"LMX1A-AS2",0
"LINC01035",0
"LINC00210",0
"LINC01653",0
"OR2L6P",0
"RPL4P2",0
"RGS18",0
"MORF4L1P7",0
"TGFB2-OT1",0
"TUBB8P10",0
"CLPTM1LP1",0
"RPS3AP9",0
"RPL23AP22",0
"RPL10AP5",0
"PTP4A1P7",0
"SLC4A1APP2",0
"RSL24D1P4",0
"BPNT2P1",0
"LINC01735",0
"LINC01710",0
"GAPDHP75",0
"CCNQP1",0
"TRNT1P1",0
"RPL23AP16",0
"RGS21",0
"RAC1P7",0
"RPL31P13",0
"NXNP1",0
"CHCHD4P5",0
"GAPDHP29",0
"DPY19L4P1",0
"MAEL",0
"LINC01691",0
"LINC01363",0
"FEN1P1",0
"NMNAT1P2",0
"VDAC1P10",0
"LINC01677",0
"PDC",0
"MIR4689",0
"RN7SL614P",0
"RNU6-1265P",0
"RNA5SP40",0
"MIR34A",0
"RNU6-110P",0
"RNU6-176P",0
"MIR552",0
"RNU6-605P",0
"MIR4255",0
"RNU6-636P",0
"RNA5SP43",0
"RNU6-753P",0
"MIR6732",0
"MIR6733",0
"RNU2-30P",0
"RNU6-969P",0
"RNU6-1026P",0
"MIR6079",0
"MIR5581",0
"RNU7-62P",0
"RNU6-1177P",0
"RN7SKP19",0
"RNU2-15P",0
"RNU4-88P",0
"RNA5SP23",0
"MIR7156",0
"RN7SL62P",0
"RNU6-503P",0
"RN7SL854P",0
"RNU7-8P",0
"RNA5SP22",0
"RNA5SP52",0
"SNORD3G",0
"RNA5SP50",0
"RN7SL392P",0
"RNA5SP51",0
"RN7SL440P",0
"MIR30E",0
"MIR30C1",0
"RNU6-125P",0
"RNU6-695P",0
"MIR378G",0
"RNU4-75P",0
"MIR7852",0
"RNU1-130P",0
"RNU6-965P",0
"MIR320B1",0
"RN7SKP272",0
"RNA5SP56",0
"MIR942",0
"RNU4ATAC8P",0
"RNA5SP55",0
"RNA5SP533",0
"RNU6-352P",0
"RNU6-41P",0
"RNU5F-6P",0
"RNU6-983P",0
"RNU6-716P",0
"RNU1-141P",0
"RNU6-778P",0
"RNU2-12P",0
"SNORA16B",0
"MIR1255B2",0
"SCARNA3",0
"RN7SL299P",0
"MIR3119-1",0
"RNU6-570P",0
"MIR3119-2",0
"SNORA14B",0
"MIR4671",0
"RNU6-465P",0
"MIR205",0
"RN7SL668P",0
"RN7SL344P",0
"RNA5SP80",0
"RNU6-1205P",0
"RNA5SP73",0
"RN7SKP156",0
"RNA5SP65",0
"RNA5SP62",0
"RNU5A-8P",0
"MIR3122",0
"RNA5SP63",0
"RN7SKP98",0
"RNA5SP77",0
"RN7SKP12",0
"MIR3124",0
"RNU6-1240P",0
"RPS4XP4",0
"FAM43B",0
"MIR6084",0
"ZNF101P2",0
"MIR1278",0
"LINC01758",0
"SGO1P1",0
"RN7SL538P",0
"LRRC7-AS1",0
"RN7SL242P",0
"CASP3P1",0
"EEF1A1P48",0
"SEPTIN14P12",0
"MRPS21P3",0
"THAP12P8",0
"RFKP1",0
"HNRNPA1P42",0
"MIR3123",0
"APCS",0
"CRPP1",0
"CRP",0
"SLAMF9",0
"MIR4254",0
"RNU6-817P",0
"MIR92B",0
"RNU6-586P",0
"RNU4ATAC4P",0
"DNAJB6P4",0
"RNU6-1031P",0
"OR10J6P",0
"RNU6-828P",0
"RN7SL731P",0
"CENPS-CORT",0
"NSA2P1",0
"RPL35AP5",0
"KRT8P29",0
"MIR1182",0
"LINC01144",0
"MIR3916",0
"RNA5SP82",0
"VN1R17P",0
"GCSAML",0
"OR2G2",0
"OR2G3",0
"OR3D1P",0
"RNU6-991P",0
"ADH5P3",0
"RANP5",0
"SCARNA2",0
"SCARNA4",0
"MIR6738",0
"ARHGEF2-AS1",0
"PMF1-BGLAP",0
"MIR9-1",0
"FOXE3",0
"F13B",0
"PLA2G2F",0
"OLFM3",0
"SBF1P2",0
"RNU5E-1",0
"RNU5E-4P",0
"MIR6729",0
"RN7SL649P",0
"RNU6-777P",0
"RPL23AP89",0
"MIR7846",0
"MIR4632",0
"MIR5187",0
"RRM2P2",0
"RNU6-481P",0
"RN7SL261P",0
"GJA8",0
"RNU1-129P",0
"RNU6-1211P",0
"RNU6-809P",0
"TMCO2",0
"SNRPFP2",0
"MIR3917",0
"RNU6-369P",0
"MIR5584",0
"RNU5D-1",0
"SNORD55",0
"SNORD38B",0
"RNU5E-6P",0
"PPIAP35",0
"OSTCP5",0
"ZBTB40-IT1",0
"MIR6127",0
"MIR4684",0
"MT1HL1",0
"RNU6-949P",0
"CHMP1AP1",0
"RNU6-424P",0
"RPEP3",0
"RNU6-1245P",0
"SCARNA1",0
"PDE4DIPP9",0
"MIR3675",0
"RNU1-5P",0
"MIR3972",0
"HHIPL2",0
"ATP6V1E1P1",0
"HAUS4P1",0
"GAPDHP58",0
"HSD3B1",0
"GAPDHP32",0
"HSD3BP3",0
"GAPDHP27",0
"GAPDHP33",0
"LINC00622",0
"HSD3BP5",0
"HMGCS2",0
"PFN1P9",0
"NOTCH2P1",0
"ADAM30",0
"INSRR",0
"RN7SL831P",0
"RN7SKP270",0
"RPS21P1",0
"MTCYBP14",0
"MTND6P14",0
"MTND4P10",0
"MTND4LP21",0
"MTND3P8",0
"MTCO3P46",0
"MIR6737",0
"OR13Z1P",0
"OR13Z2P",0
"OR13Z3P",0
"RN7SL654P",0
"RPL29P6",0
"RPL13AP10",0
"MRPL57P1",0
"RPS23P9",0
"KCNA10",0
"OR11I1P",0
"RNU6-1297P",0
"RNU1-114P",0
"RNVU1-17",0
"RNVU1-23",0
"RNVU1-18",0
"RNU1-143P",0
"ENO1P1",0
"MIR6735",0
"RN7SL657P",0
"ACTG1P4",0
"KIAA1191P3",0
"HMGB1P26",0
"RNF186",0
"PLA2G2E",0
"RN7SL304P",0
"OR2M7",0
"OR14C36",0
"KRT8P47",0
"RN7SL479P",0
"OR2T3",0
"OR2T5",0
"OR2AS2P",0
"OR2AS1P",0
"LCE3B",0
"LCE3A",0
"LCE2D",0
"LCE2B",0
"LCE2A",0
"PRAMEF15",0
"PRAMEF14",0
"PRAMEF17",0
"LPCAT2BP",0
"GAPDHP46",0
"PRKAR1AP1",0
"MMP23B",0
"CD1A",0
"HMGN1P5",0
"OR10T2",0
"OR10T1P",0
"EI24P2",0
"OR10R3P",0
"OR10R1P",0
"RN7SL788P",0
"PDCL3P6",0
"DNAJC19P7",0
"MIR320B2",0
"RNU6-1008P",0
"MIR4742",0
"AKR1B1P1",0
"DNAJB6P6",0
"SNORA55",0
"HPCAL4",0
"RNU7-121P",0
"YBX1P9",0
"RPS3AP7",0
"RN7SKP165",0
"CDKN2AIPNLP1",0
"MIR6878",0
"MIR4257",0
"RNU6-1042P",0
"UBE2D3P3",0
"LINC02809",0
"MIR3620",0
"MIR6742",0
"MIR4666A",0
"RNA5SP19",0
"RNA5SP162",0
"CLDN19",0
"TSSK3",0
"RNU6ATAC35P",0
"LINC01352",0
"RPL7AP81",0
"RN7SL464P",0
"RPL30P1",0
"KCND3-IT1",0
"ITPKB-AS1",0
"RPS27P5",0
"GLRX5P2",0
"RNU6-608P",0
"RNA5SP44",0
"HSPE1P8",0
"CCNT2P1",0
"RNA5SP54",0
"RNU7-57P",0
"PSMD8P1",0
"RNU6-1309P",0
"CYCSP51",0
"OR10J2P",0
"OR10J7P",0
"OR10J9P",0
"RPL7AP16",0
"DAB1",0
"HSPD1P14",0
"FAM133FP",0
"ZNF847P",0
"SNAP47-AS1",0
"PRAMEF28P",0
"PRAMEF27",0
"PRAMEF34P",0
"PRAMEF35P",0
"HNRNPCL2",0
"HNRNPCL4",0
"AMIGO1",0
"RNU6V",0
"MIR197",0
"AKR7A2P1",0
"HNRNPA1P63",0
"RNA5SP79",0
"RN7SL837P",0
"NENFP1",0
"RN7SL466P",0
"ARPC3P2",0
"FDPSP8",0
"SNORD45C",0
"SNORD45A",0
"SNORD45B",0
"MIR6734",0
"MIR4677",0
"FABP7P1",0
"HAPLN2",0
"BCAN-AS1",0
"MIR4421",0
"MIR6500",0
"CFL1P2",0
"RNU6-877P",0
"LINC01342",0
"RPL23AP90",0
"MIR553",0
"SNORD21",0
"RNU6-970P",0
"RNU6-210P",0
"RN7SKP123",0
"SH2D5",0
"RNU7-200P",0
"MIR1256",0
"RNU4-57P",0
"RNU1-74P",0
"LRRC53",0
"FPGT-TNNI3K",0
"BRWD1P1",0
"RNA5SP41",0
"RNA5S1",0
"RNA5S2",0
"RNA5S3",0
"RNA5S4",0
"RNA5S5",0
"RNA5S6",0
"RNA5S7",0
"RNA5S8",0
"RNA5S9",0
"RNA5S10",0
"RNA5S11",0
"RNA5S12",0
"RNA5S13",0
"RNA5S14",0
"RNA5S15",0
"RNA5S16",0
"RNA5S17",0
"DUSP5P1",0
"RNVU1-30",0
"FAM91A2P",0
"RNU1-68P",0
"RNU6-704P",0
"RNA5SP75",0
"RPL13AP11",0
"RNU6-1304P",0
"LEFTY1",0
"MIR6741",0
"LEFTY2",0
"NDUFA3P3",0
"RNU6-537P",0
"MIR765",0
"RN7SL612P",0
"RNU5F-8P",0
"OLFML2B",0
"TTC24",0
"IL20",0
"DNASE2B",0
"OR2L3",0
"OR2M4",0
"PRAMEF9",0
"OR2T35",0
"OR10K2",0
"KPLCE",0
"LCEP2",0
"LCEP1",0
"LCE1F",0
"LCE1E",0
"AMY1A",0
"OR2L5",0
"SYPL2",0
"RNU6-180P",0
"RN7SKP276",0
"SNORA73A",0
"SNORD99",0
"SNORA61",0
"SNORA44",0
"SNORA16A",0
"RNU11",0
"AMY2A",0
"RNA5SP74",0
"UBA5P1",0
"RPL12P45",0
"EFCAB14P1",0
"RN7SL824P",0
"HMGB3P9",0
"RNU4-59P",0
"H3P3",0
"OR10X1",0
"OR2T27",0
"OR6K1P",0
"OR6K3",0
"OR2AQ1P",0
"OR10J3",0
"HSD17B7P1",0
"OR11L1",0
"OR2W3",0
"OR2AJ1",0
"CLK3P2",0
"OR2X1P",0
"OR2L8",0
"TLR12P",0
"OR2T6",0
"OR2M1P",0
"OR2M5",0
"OR2M2",0
"GM2AP2",0
"CYCSP53",0
"GABRD",0
"TBC1D3P6",0
"HSPB7",0
"OR2T8",0
"ZBTB2P1",0
"OR6F1",0
"OR14K1",0
"OR2T12",0
"OR2T33",0
"RN7SL432P",0
"RNY1P13",0
"OR2T29",0
"MIR6859-1",0
"MIR1302-2",0
"OR4F5",0
"OR2G6",0
"OR2T2",0
"OR13G1",0
"OR1C1",0
"OR2M3",0
"OR2T10",0
"OR2T11",0
"OR10Z1",0
"LINC01788",0
"RNU6-884P",0
"RPL23AP20",0
"BECN2",0
"CFL1P4",0
"TUBB8P6",0
"MIR3117",0
"PLPPR4",0
"TRIM67",0
"OR2T4",0
"INSL5",0
"OR6P1",0
"SLC2A7",0
"OR6K2",0
"LCE4A",0
"RNU1-6P",0
"ACTRT2",0
"MIR4251",0
"RN7SL386P",0
"RNU6-1022P",0
"CELA3A",0
"RN7SL186P",0
"RNU6-776P",0
"MPHOSPH6P1",0
"MIR4418",0
"AVPR1B",0
"RPL22P4",0
"FAM72A",0
"MIR6769B",0
"IKBKE-AS1",0
"HMGN3P1",0
"CRNN",0
"LCE5A",0
"CRCT1",0
"LCE3E",0
"LCE3D",0
"UBE2V2P4",0
"MIR3605",0
"RN7SKP16",0
"RN7SL44P",0
"RNU4-27P",0
"SNORA63C",0
"ASCL5",0
"RPL36AP11",0
"MIR3115",0
"RNU6-135P",0
"LCE1B",0
"LCE6A",0
"SMCP",0
"LINC01527",0
"SPRR3",0
"SPRR1B",0
"SPRR2D",0
"SPRR2A",0
"SPRR2B",0
"SPRR2E",0
"SPRR2F",0
"SPRR2G",0
"CADM3",0
"OR10J1",0
"FCER1A",0
"MYOM3-AS1",0
"CRIP1P3",0
"MIR1295A",0
"MIR1295B",0
"ETV3L",0
"NUCKS1P1",0
"RNA5SP42",0
"C1orf94",0
"ANKRD34A",0
"RNVU1-6",0
"RNU6-1071P",0
"NUDT4P2",0
"TEX46",0
"RNU6-723P",0
"RNU4-61P",0
"RPL21P25",0
"AGBL4-AS1",0
"ZNF859P",0
"MTND2P29",0
"CFL1P3",0
"RNA5SP529",0
"PFN1P6",0
"MIR4424",0
"TCHHL1",0
"RPTN",0
"RNVU1-14",0
"RN7SL165P",0
"RPL12P13",0
"OSTCP2",0
"CATSPER4",0
"DMRTB1",0
"RNU7-95P",0
"BTBD6P1",0
"MIR378F",0
"RPL36P5",0
"DNM3-IT1",0
"MIR214",0
"MIR3120",0
"MIR199A2",0
"RNU6-157P",0
"RN7SKP55",0
"RNU6-947P",0
"RNU6-999P",0
"RNU1-132P",0
"DNAJC19P8",0
"H3-4",0
"ABCA4",0
"NPPA",0
"KISS1",0
"CYP4A22",0
"ARL5AP3",0
"MIR1262",0
"OR2B11",0
"H3C14",0
"SEC16B",0
"HNRNPA3P14",0
"ARID3BP1",0
"ST13P20",0
"LCE3C",0
"UBE2V1P8",0
"RPL23AP17",0
"PKP1",0
"MIR5191",0
"RNU6-501P",0
"MIR1231",0
"MIR6739",0
"MIR6736",0
"RNU7-70P",0
"NUTF2P4",0
"RNVU1-19",0
"MIR215",0
"MIR194-1",0
"MIR664A",0
"SNORA36B",0
"SNX2P1",0
"AURKAP1",0
"XRCC6P3",0
"RPLP0P5",0
"P3R3URF-PIK3R3",0
"P3R3URF",0
"HMGB3P10",0
"STUM",0
"RN7SKP195",0
"MIR4428",0
"ZP4",0
"RPS3AP11",0
"RNU6-536P",0
"PPIAL4C",0
"PPIAL4D",0
"PPIAL4E",0
"PPIAL4F",0
"PPIAL4G",0
"PPIAL4H",0
"MYOG",0
"MYBPH",0
"RN7SL277P",0
"RNA5SP66",0
"RNU6-731P",0
"TAL1",0
"RNU7-13P",0
"LENEP",0
"APOBEC4",0
"AKNAD1",0
"LINC00626",0
"SUMO1P2",0
"UBE2FP3",0
"TMIGD3",0
"RNU6-792P",0
"ADORA3",0
"RNA5SP45",0
"LINC01140",0
"MIR4711",0
"TCHH",0
"LINC03108",0
"ACO2P2",0
"KPRP",0
"RNA5SP59",0
"LINC01686",0
"RGS8",0
"LACTBL1",0
"PYHIN5P",0
"RAD1P2",0
"MIR4735",0
"CFHR3",0
"ADORA2BP1",0
"NHLH1",0
"RNU4-42P",0
"SPRR1A",0
"MIR7856",0
"CLCA1",0
"CLCA4",0
"CDCA4P2",0
"MIR4753",0
"PFN1P8",0
"RNU1-151P",0
"RNU6-1171P",0
"NUDT4B",0
"RN7SKP88",0
"RNU2-38P",0
"PDE4DIPP10",0
"PFN1P10",0
"BMP8B-AS1",0
"LHX8",0
"LHX8-AS1",0
"RNU6-622P",0
"MIR4423",0
"PLPPR5",0
"RNU6-121P",0
"VDAC1P9",0
"MIR4654",0
"MIR556",0
"C1orf220",0
"RNA5SP69",0
"RNA5SP76",0
"RN7SL431P",0
"MIR190B",0
"SNORA58B",0
"GAPDHP20",0
"LRRC37A12P",0
"MIR551A",0
"TP73-AS3",0
"TP73-AS2",0
"LDHAP2",0
"MIR1537",0
"RNU6-968P",0
"RNU6ATAC18P",0
"MIR6730",0
"AADACL3",0
"PRAMEF12",0
"PRAMEF11",0
"PRAMEF30P",0
"PRAMEF2",0
"PRAMEF4",0
"PRAMEF10",0
"RNU6-1072P",0
"PRAMEF29P",0
"PRAMEF6",0
"PRAMEF13",0
"RNU6-771P",0
"PRAMEF33",0
"AADACL4",0
"PRAMEF7",0
"PRAMEF5",0
"PRAMEF8",0
"PRAMEF20",0
"LRRC38",0
"LINC01555",0
"PRAMEF19",0
"RPL22P6",0
"ZBED6",0
"MIR6068",0
"RNA5SP49",0
"RPSAP65",0
"ATP6V1G3",0
"MIR181B1",0
"MIR181A1",0
"RNU6-1062P",0
"RNU6-662P",0
"RNU6-1248P",0
"PHB1P11",0
"CICP5",0
"RNU6-1319P",0
"MIR4426",0
"RN7SKP126",0
"TRIM67-AS1",0
"RNU7-80P",0
"COX6B1P7",0
"MRPS18BP1",0
"TMEM275",0
"LELP1",0
"PRR9",0
"RPLP0P4",0
"LORICRIN",0
"RNU6-160P",0
"S100A12",0
"LAPTM4BP1",0
"S100A15A",0
"S100A7A",0
"S100A7P1",0
"S100A7",0
"S100A7L2",0
"C1QTNF12",0
"MIR6726",0
"RN7SL480P",0
"RNU2-17P",0
"MIR6727",0
"MIR6808",0
"MTCO1P38",0
"MTCYBP15",0
"MTND6P15",0
"MTND5P18",0
"TMEM274P",0
"MIR5697",0
"RNU6-693P",0
"RNU1-154P",0
"PRAMEF25",0
"RPL7AP18",0
"RPL21P24",0
"ATP6V0E1P4",0
"HSPE1P24",0
"CFL1P6",0
"C1orf127",0
"RNU6-1176P",0
"MRPS21P1",0
"RPS29P7",0
"CFHR1",0
"CFHR4",0
"FCGR3B",0
"MIR135B",0
"LINC02942",0
"CR1-AS1",0
"RNA5SP534",0
"CFAP97P1",0
"RNU6-171P",0
"PBX1-AS1",0
"RNU6-755P",0
"MIR5008",0
"CICP26",0
"SNRPEP7",0
"SPRR5",0
"OR2AK2",0
"OR6K6",0
"PRSS38",0
"OR10R2",0
"OR2L13",0
"LCE7A",0
"NOTCH2NLR",0
"OR14L1",0
"PRAMEF18",0
"CLEC20A",0
"TAS1R2",0
"CFHR2",0
"AKR1D1P1",0
"LINC01699",0
"RNA5SP70",0
"RN7SKP229",0
"CAMTA1-AS3",0
"RNU1-8P",0
"MIR1290",0
"MEF2AP1",0
"NPHS2",0
"RNU5F-2P",0
"RNU6-291P",0
"RPL39P6",0
"UBE2V2P3",0
"DPPA2P2",0
"MIR1976",0
"RN7SL679P",0
"RNU7-29P",0
"WBP1LP7",0
"NEXN-AS1",0
"RNU6-1102P",0
"MIR8083",0
"GEMIN2P1",0
"KCNH1",0
"WBP1LP6",0
"CICP3",0
"RNU6-1199P",0
"RNU6-747P",0
"GYG1P3",0
"MIR4422",0
"SMIM42",0
"RNU1-7P",0
"RPL23AP19",0
"RNU6-304P",0
"CA6",0
"RN7SL451P",0
"VN1R5",0
"MIR5087",0
"RNVU1-21",0
"RNVU1-1",0
"RNU1-155P",0
"RNVU1-3",0
"CYCSP4",0
"EIF4A1P11",0
"COX5BP8",0
"MIR4252",0
"FAM163A",0
"RN7SL230P",0
"RPSAP16",0
"YWHAQP9",0
"HNRNPA1P6",0
"PGBP",0
"FMO9P",0
"OR2T32P",0
"OR2L1P",0
"ZNF731P",0
"OR2W5P",0
"PDZK1P1",0
"H2BP2",0
"CHIAP2",0
"PRAMEF36P",0
"PDE4DIPP7",0
"H2BC19P",0
"H2BC20P",0
"DDX11L1",0
"OR4G11P",0
"CROCCP4",0
"MST1L",0
"SLC35E2A",0
"LINC01145",0
"KMT2CP2",0
"PDE4DIPP4",0
"MGAT4FP",0
"SEPTIN7P13",0
"NBPF25P",0
"CLCA3P",0
"GTF2IP20",0
"H2BP1",0
"PPIEL",0
"MTMR9LP",0
"FCGR1BP",0
"GBA1LP",0
"FAAHP1",0
"EMBP1",0
"LINC00869",0
"SEPTIN14P21",0
"LINC01347",0
"PDE4DIPP6",0
"RNU6-1208P",0
"MIR6731",0
"RNU4-28P",0
"MICOS10-NBL1",0
"HTR6",0
"RUNX3-AS1",0
"MIR4425",0
"LINC02793",0
"RNU6-487P",0
"LARP7P1",0
"SEC22B4P",0
"RNA5SP536",0
"RPL7AP15",0
"TRABD2B",0
"LINC02794",0
"CYP46A4P",0
"SKINT1L",0
"PPP1R8P1",0
"SOD2P1",0
"HES3",0
"MIR200B",0
"MIR200A",0
"UBE2V1P13",0
"GAPDHP24",0
"CDCP2",0
"YPEL5P1",0
"RNU6-152P",0
"MIR4794",0
"UBL4B",0
"TTLL7-IT1",0
"TXN2P1",0
"ST6GALNAC3",0
"RNU6-161P",0
"RNU4-77P",0
"MIR4427",0
"CYP4Z2P",0
"CYP4A11",0
"CYP4A26P",0
"CYP4A43P",0
"CYP4A27P",0
"CYP4A44P",0
"NBPF19",0
"CAPNS1P1",0
"BSND",0
"TMEM240",0
"RSPO1",0
"ACTN4P2",0
"RNU6-584P",0
"LINC01343",0
"ERI3-IT1",0
"H3P2",0
"TUBBP10",0
"PODN",0
"HIGD1AP11",0
"EIF2S2P5",0
"RPS3AP10",0
"RNA5SP64",0
"FAM78B-AS1",0
"MIR921",0
"FMO7P",0
"ENTR1P2",0
"TNN",0
"RPS29P4",0
"LINC01657",0
"MIR6740",0
"RFKP5",0
"RN7SKP49",0
"SNRPD2P2",0
"TSNAX-DISC1",0
"LYPD8",0
"MIR29C",0
"MIR29B2",0
"ACTG1P21",0
"RNA5SP21",0
"RPL23AP23",0
"SLC25A24P1",0
"NBPF5P",0
"NBPF6",0
"ST13P21",0
"RPL7L1P21",0
"THAP3P1",0
"PIN1P1",0
"RPL31P11",0
"HDAC1P2",0
"MND1P1",0
"PUDPP2",0
"SLC25A3P1",0
"RPS10P7",0
"ACTG1P25",0
"SLC44A3-AS1",0
"PFN1P2",0
"KIF28P",0
"CYMP",0
"BTNL10P",0
"MROH3P",0
"UOX",0
"MGAT4EP",0
"CRYZL2P",0
"GFOD3P",0
"ZPLD2P",0
"GNRHR2",0
"CALR4P",0
"PRAMEF26",0
"PRAMEF32P",0
"DIO1",0
"HNRNPA3P12",0
"MIR4781",0
"COX7BP3",0
"LINC01648",0
"MIR4420",0
"RN7SKP91",0
"RN7SL371P",0
"SELENOWP1",0
"RPL21P22",0
"EEF1A1P46",0
"RNU6-40P",0
"C1orf232",0
"RN7SL269P",0
"MRPS10P1",0
"SIGLEC30P",0
"RNA5SP67",0
"RNA5SP68",0
"DYNLL1P3",0
"REN",0
"MIR4422HG",0
"ELOCP18",0
"TXNP2",0
"TNR-IT1",0
"ACKR1",0
"RNA5SP46",0
"LINC01633",0
"RNA5SP72",0
"FTH1P25",0
"MIR761",0
"TSEN15P2",0
"RN7SL290P",0
"RPL17P8",0
"TMCC2-AS1",0
"RNU2-19P",0
"PDE4DIPP2",0
"OR14I1",0
"LYPD9P",0
"AHCYP8",0
"DPT",0
"LINC00970",0
"ATP1A2",0
"CASQ1",0
"ELOCP20",0
"RN7SL420P",0
"NLRP3",0
"RPL31P12",0
"RNU6-1246P",0
"RLIMP2",0
"RNU6-403P",0
"AVPR1B-DT",0
"RPL6P2",0
"LINC01780",0
"RNU1-75P",0
"HAO2",0
"HAO2-IT1",0
"HSD3B2",0
"GAPDHP74",0
"GAPDHP23",0
"RNA5SP57",0
"RNVU1-22",0
"LINC01362",0
"RN7SL583P",0
"RPL36AP10",0
"RNU6-725P",0
"KRT18P32",0
"LINC00538",0
"LINC01760",0
"LINC01761",0
"RPL26P9",0
"MIR2682",0
"MIR137",0
"NFU1P2",0
"GOT2P1",0
"MTCO2P34",0
"RN7SKP291",0
"RNU6-830P",0
"PIGQP1",0
"RPSAP20",0
"MIR557",0
"MIR4695",0
"MIR3116-1",0
"MIR3116-2",0
"RPS15AP7",0
"L1TD1",0
"RNU6-371P",0
"RNU7-123P",0
"RNU5A-5P",0
"BCAS2P2",0
"GPR88",0
"RPL7AP17",0
"ISCA1P2",0
"TMEM78",0
"SETP9",0
"ITLN1",0
"MIR3658",0
"CELA2A",0
"SCARNA21B",0
"RNU7-179P",0
"CD24P1",0
"RSC1A1",0
"TEX50",0
"LINC02961",0
"RNY4P16",0
"CD5L",0
"MRPS21P2",0
"NAP1L4P1",0
"MIR548AC",0
"RNU7-183P",0
"MCRIP2P2",0
"LINC01398",0
"CIMAP2",0
"LINC01307",0
"DNM3OS",0
"LINC01778",0
"NTRAS",0
"MMEL1-AS1",0
"LINC02574",0
"LINC02772",0
"LINC01360",0
"LINC01757",0
"LINC01680",0
"LINC01753",0
"LINC02869",0
"USH2A-AS1",0
"LINC01745",0
"LINC01739",0
"LINC02812",0
"LINC02238",0
"CAMTA1-AS2",0
"LINC01702",0
"KCNH1-IT1",0
"GRHL3-AS1",0
"SPATA42",0
"LINC02783",0
"LINC02798",0
"LINC01361",0
"LINC02786",0
"LINC01356",0
"LINC01364",0
"LINC02801",0
"LINC02769",0
"LINC01698",0
"LINC01349",0
"FHAD1-AS1",0
"CYMP-AS1",0
"LINC01675",0
"LINC02770",0
"LINC01776",0
"LINC01685",0
"LINC02817",0
"LINC02813",0
"BRINP3-DT",0
"CNIH3-AS2",0
"PLPPR5-AS1",0
"LINC01738",0
"LINC01350",0
"LINC02567",0
"LINC03126",0
"SMYD3-AS1",0
"LRP8-DT",0
"LINC02778",0
"LINC02792",0
"USH2A-AS2",0
"GNB1-DT",0
"CSMD2-AS1",0
"RNF186-AS1",0
"LINC02800",0
"LINC02774",0
"LINC01696",0
"LYPLAL1-AS1",0
"LINC01741",0
"LINC01661",0
"LINC01222",0
"LINC01632",0
"LINC01676",0
"LINC01345",0
"MICOS10-DT",0
"LINC01784",0
"LINC03102",0
"LINC01774",0
"LINC02591",0
"LINC02791",0
"LINC01707",0
"LINC02802",0
"LINC01672",0
"LINC01777",0
"PHC2-AS1",0
"DEPDC1-AS1",0
"LINC01142",0
"TMEM51-AS2",0
"LINC02789",0
"RGS5-AS1",0
"ELAVL4-AS1",0
"LINC01525",0
"CAMTA1-AS1",0
"LINC01724",0
"LINC01768",0
"LINC01736",0
"CAMTA1-IT1",0
"LINC02808",0
"RNU6-510P",0
"MIR3659",0
"FAM138A",0
"MIR6859-2",0
"NHLH2",0
"HNRNPA1P43",0
"LINC01649",0
"LINC00272",0
"TEDDM2P",0
"CADM3-AS1",0
"VCAM1",0
"HNRNPA1P68",0
"MPTX1",0
"EEF1GP7",0
"OAZ1P1",0
"FTH1P22",0
"CHIAP3",0
"KMT2CP3",0
"RPL7AP19",0
"TUBB8P9",0
"CBX1P3",0
"UBBP2",0
"RPL23AP25",0
"GEMIN8P4",0
"MTX1LP",0
"RPS7P5",0
"MSTO2P",0
"PDE4DIPP1",0
"PFN1P4",0
"MKRN8P",0
"HSD3BP4",0
"NBPF7P",0
"NDUFS5P2",0
"HSPA7",0
"PDE4DIPP3",0
"FCGR1CP",0
"RPL22P5",0
"SRGAP2D",0
"HMGN2P19",0
"LCEP4",0
"LCEP3",0
"LINC00302",0
"MMP23A",0
"CHIAP1",0
"RPS27AP6",0
"AIMP1P2",0
"NBPF18P",0
"OR6K4P",0
"OR6K5P",0
"OR6R1P",0
"FAM131C2P",0
"OR4G4P",0
"EIF1AXP1",0
"SPRR2C",0
"LINC01641",0
"KMT2CP1",0
"DRD5P2",0
"SPTLC1P4",0
"PFN1P3",0
"RPL32P6",0
"H3P1",0
"H2BC27P",0
"SEC22B2P",0
"RPL29P7",0
"UQCRBP2",0
"NBPF13P",0
"SEC22B3P",0
"CROCCP5",0
"SLAMF6P1",0
"PRAMEF31P",0
"H3P4",0
"PDE4DIPP5",0
"SEPTIN14P17",0
"RPL23AP24",0
"CICP7",0
"NDUFA5P10",0
"ABHD17AP3",0
"GCSHP5",0
"SLC25A24P2",0
"WASH7P",0
"HSD3BP1",0
"C4BPAP1",0
"MT1XP1",0
"DDX11L17",0
"WASH9P",0
"RPL35AP6",0
"LINC01341",0
"C1orf202",0
"FMO6P",0
"GPR199P",0
"LINC02767",0
"LINC00303",0
"CHRM3-AS1",0
"LINC01650",0
"SNTG2",0
"LINC02973",0
"MSGN1",0
"EIPR1-IT1",0
"HS1BP3-IT1",0
"CDK8P1",0
"NTSR2",0
"LINC02850",0
"RPS16P2",0
"RPS13P4",0
"LINC01866",0
"SLC25A5P2",0
"RPL37P11",0
"FTH1P6",0
"LHCGR",0
"LINC01318",0
"ZFYVE9P2",0
"FBXL12P1",0
"FSHR",0
"RPS13P3",0
"PGAM1P6",0
"PRKCE-AS1",0
"DNAJB12P1",0
"RPL37P13",0
"PSMC1P10",0
"RPL26P15",0
"MTND4P25",0
"RPS15AP15",0
"ST6GALNAC2P1",0
"MTND5P27",0
"PPIAP64",0
"LRRTM4-AS1",0
"ELOBP3",0
"TPT1P11",0
"REG3G",0
"LINC03050",0
"LINC01809",0
"SMIM7P1",0
"MTND6P7",0
"DRD5P1",0
"RPL37P10",0
"RPL12P18",0
"LYARP1",0
"SUCLA2P2",0
"RPL26P13",0
"LSM3P3",0
"FABP1",0
"EVA1A-AS",0
"ANKRD11P1",0
"ZNF863P",0
"MTCYBP7",0
"MRPL50P1",0
"ANAPC1P3",0
"CRLF3P3",0
"CHMP4AP1",0
"NDUFB4P7",0
"DHFRP3",0
"CCDC12P1",0
"RBX1P1",0
"ABCD1P5",0
"CIB4",0
"CTBP2P5",0
"LDHAP3",0
"PSAT1P2",0
"CAPZBP1",0
"RPL21P36",0
"RPL37P12",0
"GGCTP3",0
"RPL22P11",0
"NKAIN1P2",0
"ILRUNP1",0
"DUXAP1",0
"CIMIP2C",0
"MTCYBP39",0
"ANAPC1P5",0
"RSL24D1P2",0
"CENPNP1",0
"MTND1P29",0
"ST6GAL2-IT1",0
"SLC5A7",0
"PPIAP63",0
"MTND4P26",0
"KNOP1P3",0
"BBIP1P1",0
"AMANZI",0
"ACTR3BP2",0
"DPP10-AS2",0
"IGKV1OR2-1",0
"SMYD1",0
"NT5C1B-RDH14",0
"NXPH2",0
"EIF2S2P7",0
"MTCO1P43",0
"NCKAP5-IT1",0
"SRSF3P5",0
"CRYGGP",0
"EN1",0
"GACAT1",0
"XIAPP3",0
"MTND1P28",0
"YY1P2",0
"STON1-GTF2A1L",0
"AHCYP4",0
"MTND6P9",0
"SDHCP3",0
"ISCA1P6",0
"PPP1R2P5",0
"DRC1",0
"GAPDHP57",0
"MRPS18BP2",0
"MTCYBP9",0
"DSTNP5",0
"RPL9P13",0
"RPSAP23",0
"ACTP1",0
"KCNJ3",0
"COPRSP1",0
"SLC6A14P3",0
"MTND2P22",0
"IGKV1OR2-2",0
"RPS21P2",0
"LRRC57P1",0
"C2orf80",0
"MTCO1P44",0
"RPS15AP13",0
"RPS16P3",0
"CBY1P1",0
"TBR1",0
"MTND2P19",0
"EDDM3CP",0
"RPSAP27",0
"MTCO1P7",0
"LINC01832",0
"ALDH7A1P2",0
"BMS1P19",0
"PPIAP66",0
"RPL27AP4",0
"EXTL2P1",0
"MTCO1P45",0
"MTND1P27",0
"LINC01854",0
"RPL17P15",0
"RPS20P12",0
"KRT18P46",0
"LINC01790",0
"LY75-CD302",0
"TPT1P2",0
"MTND2P20",0
"HSPE1P9",0
"MYO3B-AS1",0
"MTCO2P7",0
"ELOAP1",0
"SRSF3P6",0
"IDI1P1",0
"VPS26CP1",0
"MDH1B",0
"PPIAP65",0
"PSMD14P1",0
"MTND4P28",0
"MTATP6P7",0
"RNF14P1",0
"SMC4P1",0
"MTND5P30",0
"OR7E28P",0
"GTF2A1L",0
"LINC01826",0
"RPL5P8",0
"MTCO3P7",0
"LINC03097",0
"NCKAP5-AS1",0
"FAM124B",0
"LINC01920",0
"PPIAP67",0
"VWC2L",0
"XIRP2-AS1",0
"GLULP6",0
"MED15P5",0
"SLC44A3P1",0
"VWC2L-IT1",0
"HNRNPA1P47",0
"IMPDH1P7",0
"MTCO3P43",0
"MYL1",0
"ENSAP3",0
"DNAJC17P1",0
"SEC61GP1",0
"MTND3P15",0
"TBC1D8-AS1",0
"LINC01789",0
"MTND3P10",0
"RPS15AP14",0
"CRYGA",0
"MTND4LP14",0
"CRLF3P1",0
"CEP19P1",0
"CRYGB",0
"OR7E89P",0
"TERF1P6",0
"RPL7P61",0
"RPS17P8",0
"FABP5P10",0
"GSTM3P2",0
"RPL19P4",0
"AHCTF1P1",0
"AHCYP5",0
"ATP5PBP4",0
"TEKT4P3",0
"LINC02991",0
"MYL6BP1",0
"ARPC1BP1",0
"MTND4P27",0
"MTND6P8",0
"RPL21P38",0
"MTCYBP8",0
"SNF8P1",0
"RPL3P5",0
"MTND5P22",0
"RNF11P1",0
"MTATP6P26",0
"H3P9",0
"LINC01935",0
"LINC03116",0
"KRT18P19",0
"KCTD5P1",0
"MIR7515",0
"RN7SKP168",0
"MIR548S",0
"MIR7158",0
"RN7SL140P",0
"RNU6-1288P",0
"RNU6-961P",0
"RN7SKP112",0
"RN7SKP27",0
"RNU6-1215P",0
"MIR4262",0
"MIR3681",0
"MIR4757",0
"RNU6-843P",0
"RNA5SP88",0
"MIR3125",0
"RNA5SP87",0
"RN7SL610P",0
"RNA5SP90",0
"RNU6-1117P",0
"MIR548AD",0
"RNU4-63P",0
"RNU4-49P",0
"RN7SL361P",0
"MIR4432",0
"RNU1-32P",0
"RNU6-634P",0
"RNU6-221P",0
"RNU6-282P",0
"RNU6-612P",0
"RN7SL51P",0
"MIR4431",0
"MIR548BA",0
"RNU6-439P",0
"RNA5SP98",0
"RNU6-827P",0
"RN7SL201P",0
"RNU6-685P",0
"RNU6-812P",0
"RN7SKP164",0
"RNA5SP99",0
"RNU6-1312P",0
"MIR4780",0
"MIR4771-1",0
"RNA5SP100",0
"RNU6-775P",0
"MIR5696",0
"RNU4-84P",0
"RNU2-63P",0
"RNU2-41P",0
"MIR4265",0
"MIR4266",0
"RNU7-46P",0
"RNU6-259P",0
"RN7SL635P",0
"RNU7-190P",0
"RNU6-675P",0
"MIR4435-2",0
"VTRNA2-2P",0
"RN7SKP102",0
"RNA5SP102",0
"RN7SKP141",0
"RNA5SP103",0
"RNA5SP104",0
"RN7SKP286",0
"MIR7157",0
"RNU6-904P",0
"RNU6-579P",0
"RN7SKP154",0
"RNU6-546P",0
"RNU6-1001P",0
"RNA5SP107",0
"RN7SL423P",0
"RN7SKP93",0
"RNU6-580P",0
"RNA5SP108",0
"RNU6-627P",0
"RN7SL283P",0
"RNA5SP105",0
"RNU6-182P",0
"RN7SL813P",0
"MIR4437",0
"MIR548AE1",0
"RNU6-915P",0
"RN7SKP42",0
"RNU6-989P",0
"RNU6-1045P",0
"MIR4774",0
"RNU6-766P",0
"RNA5SP117",0
"MIR4438",0
"MIR1258",0
"RNU2-21P",0
"SNORA70I",0
"RN7SL807P",0
"RNU6-624P",0
"MIR4268",0
"MIR5702",0
"RNU6-451P",0
"MIR3130-1",0
"MIR3130-2",0
"RN7SL834P",0
"RN7SL32P",0
"RNU6-1051P",0
"MIR3133",0
"RNU6-169P",0
"KCNF1",0
"RPL6P4",0
"RNU6-1081P",0
"AIDAP1",0
"PPIAP60",0
"LINC03037",0
"HEBP2P1",0
"RPLP0P7",0
"HMGB1P27",0
"NME2P2",0
"PPIAP62",0
"RN7SL817P",0
"PPFIA1P1",0
"UGT1A11P",0
"UGT1A13P",0
"UGT1A9",0
"RPL17P11",0
"UGT1A2P",0
"TRPM8",0
"RNU6-127P",0
"RNU6-939P",0
"RNU6-1116P",0
"MRPL50P2",0
"NECAP1P2",0
"TAF13P2",0
"HMGA1P8",0
"INO80B-WBP1",0
"MRPL53",0
"TLX2",0
"G6PC2",0
"UBE2V1P6",0
"RPL23AP33",0
"MIR1245A",0
"MIR1245B",0
"MIR3606",0
"CCDC140",0
"SNORD94",0
"MIR4779",0
"UBE2F-SCLY",0
"ESPNL",0
"MIR1244-1",0
"RPL28P2",0
"MIR1471",0
"NRBF2P6",0
"ECEL1P3",0
"ALPI",0
"CHRND",0
"BNIP3P46",0
"RNU6-1132P",0
"RNA5-8SP5",0
"MIR663B",0
"FAM201B",0
"RNU6-175P",0
"YBX1P7",0
"MIR4433B",0
"MIR4433A",0
"RPL23AP37",0
"RN7SKP43",0
"RNU6-848P",0
"GPR148",0
"CYCSP8",0
"ARHGAP42P1",0
"SSBP3P2",0
"MTCYBP10",0
"MTND5P23",0
"MTND4P21",0
"MTND3P18",0
"MTCO3P18",0
"MTATP6P4",0
"MTCO1P18",0
"MTND2P18",0
"MTND1P26",0
"MED15P3",0
"NOC2LP2",0
"RHOQP2",0
"MIR4784",0
"DAPL1",0
"UGT1A4",0
"CFC1",0
"RNU1-93P",0
"MIR4777",0
"SNORA75",0
"SNORD20",0
"SNORD82",0
"RNU2-22P",0
"AQP12B",0
"AGXT",0
"TANAR",0
"RN7SKP152",0
"RNU6-642P",0
"CDK5R2",0
"FEV",0
"CRYBA2",0
"MIR375",0
"MIR3131",0
"RN7SL764P",0
"MIR153-1",0
"RESP18",0
"RPL22P10",0
"SRSF3P4",0
"TUBA3E",0
"KRT18P52",0
"RPL7P13",0
"MTCO1P42",0
"MIR8485",0
"RNA5SP111",0
"MAPRE1P3",0
"RNU7-9P",0
"RNU6-964P",0
"RNU6-1027P",0
"RNY4P19",0
"RNA5SP121",0
"SNRPGP8",0
"UBQLN4P2",0
"CDPF1P1",0
"CSP1",0
"RNU6-111P",0
"RPSAP28",0
"NAT8",0
"RNU6-986P",0
"RNU6-1275P",0
"USP12P2",0
"RPS29P8",0
"GPAA1P1",0
"MIR4267",0
"MIR4436B1",0
"ACTR1AP1",0
"MIR4436B2",0
"MIR4440",0
"MIR4441",0
"MIR2467",0
"TXNP5",0
"C2orf66",0
"HNRNPA3P15",0
"CFAP144P2",0
"IL1RL1",0
"SDR42E1P5",0
"MIR4772",0
"SLC9A4",0
"SEPHS1P6",0
"RN7SL717P",0
"MIR1301",0
"TRIM64FP",0
"TRIM43",0
"UBTFL3",0
"RNU6-1029P",0
"HSPE1-MOB4",0
"PTCHD3P2",0
"NSA2P5",0
"RNU6-1006P",0
"RPEP5",0
"RNA5SP112",0
"STUB1P1",0
"MIR4444-1",0
"MIR6512",0
"H3P7",0
"RPS26P18",0
"RPL21P35",0
"OR9S24P",0
"OR5S1P",0
"OTOS",0
"BRD7P6",0
"TGFA-IT1",0
"MIR4261",0
"RN7SL66P",0
"MIR3132",0
"INHA",0
"RN7SKP213",0
"DNAJB6P3",0
"RPL23P4",0
"RPS29P10",0
"RNU6-1145P",0
"RNU7-113P",0
"SLC7A15P",0
"RNA5SP86",0
"RPL5P7",0
"LINC01960",0
"RPSAP24",0
"RN7SL65P",0
"LRRC2P1",0
"NEU2",0
"CHRNA1",0
"RNU6-851P",0
"RN7SL96P",0
"SOS1-IT1",0
"RN7SKP38",0
"MIR9500",0
"RPL23AP31",0
"MIR4439",0
"DIRC1",0
"RN7SL604P",0
"SNORA36C",0
"RPL22P12",0
"BMP10",0
"GKN1",0
"MIR3126",0
"RNA5SP96",0
"RNU6-1216P",0
"CTNNA2-AS1",0
"GNA13P1",0
"RNU6-561P",0
"MIR4264",0
"MIR8080",0
"RBM7P1",0
"LRRTM1",0
"CTNNA2",0
"RNA5SP109",0
"RPL31P15",0
"RNU6-1122P",0
"MIR4773-2",0
"MIR4773-1",0
"RN7SL124P",0
"MIR3127",0
"MOGAT1",0
"RRAS2P2",0
"ACSL3-AS1",0
"TOR1BP1",0
"TVP23BP2",0
"COX20P2",0
"MTCO2P16",0
"MTATP6P16",0
"MTCO3P16",0
"MTND3P16",0
"MTND4LP16",0
"MTND4P29",0
"MTND5P31",0
"ENO1P4",0
"RNU6-651P",0
"RPS2P16",0
"UBE2V1P11",0
"RNU6-440P",0
"RN7SL856P",0
"SUCLA2P3",0
"ZFP91P1",0
"RPS26P19",0
"LINC01594",0
"SETD6P1",0
"WASF1P1",0
"SULT1C2P2",0
"GMCL1P2",0
"RNU6-1049P",0
"DNAJB1P1",0
"RNA5SP97",0
"RNU2-9P",0
"FAM8A3P",0
"LYPD6",0
"RPL17P13",0
"RNU6-601P",0
"FAM237A",0
"ANKRD30BL",0
"RNU6-312P",0
"RNU6-762P",0
"RNU6-1206P",0
"RPL17P10",0
"RN7SKP66",0
"RNU6-1048P",0
"RN7SL455P",0
"RNU6-566P",0
"KRT8P52",0
"RPL7P14",0
"RPL23AP36",0
"RPL12P16",0
"RN7SKP83",0
"SAP18P2",0
"RNU6ATAC19P",0
"MRPL45P1",0
"RNU6-1168P",0
"RNU6-1007P",0
"RPL38P6",0
"SPMIP9",0
"IGKJ2",0
"RPL23AP92",0
"RN7SL470P",0
"MIR1285-2",0
"RPL39P15",0
"RNU6-436P",0
"HOXD13",0
"HOXD12",0
"HOXD11",0
"HOXD10",0
"MIR10B",0
"HOXD4",0
"MIR7704",0
"RPSAP25",0
"CYCSP7",0
"RALBP1P2",0
"ASDURF",0
"RNU6-512P",0
"MIR128-1",0
"TM4SF20",0
"MIR5703",0
"NDUFB4P4",0
"RPS2P15",0
"SMARCE1P6",0
"PPIL1P1",0
"RTP5",0
"FAM240C",0
"CICP10",0
"RPL23AP88",0
"MIR6811",0
"DES",0
"VN1R18P",0
"RNU4-48P",0
"UGT1A3",0
"UGT1A8",0
"UGT1A5",0
"UGT1A7",0
"IGKV2D-38",0
"IGKV3D-34",0
"IGKV6D-21",0
"IGKV2D-19",0
"IGKV2D-14",0
"ASPRV1",0
"MIR4783",0
"GPR17",0
"SPEGNB",0
"SNRPEP5",0
"MIR558",0
"MIR4765",0
"SCARNA6",0
"RPL39P14",0
"RN7SL40P",0
"H3P8",0
"MTCO2P17",0
"MTATP6P17",0
"MTCO3P17",0
"MTND3P17",0
"MTND4LP17",0
"MTCO1P54",0
"RNU7-81P",0
"TTC39DP",0
"RN7SL210P",0
"AQP12A",0
"XIRP2",0
"KCNK3",0
"RNU7-104P",0
"EVX2",0
"UGT1A10",0
"RNU6-1140P",0
"PRR30",0
"IGKV1OR2-9",0
"IGKV2OR2-10",0
"IGKV2OR2-7D",0
"IGKV3OR2-5",0
"IGKV2OR2-7",0
"IGKV2OR2-8",0
"IGKV1OR2-11",0
"MIR5590",0
"NDUFB4P6",0
"GCSHP3",0
"SNORD51",0
"SNORA41",0
"RN7SKP200",0
"ATP5POP1",0
"HMGN1P6",0
"RN7SKP260",0
"ACER2P1",0
"RNU1-133P",0
"MIR6513",0
"MIR6810",0
"MIR26B",0
"RNU7-148P",0
"CTAGE14P",0
"RN7SL359P",0
"RNU6-997P",0
"RN7SL113P",0
"IL18RAP",0
"CROCC2",0
"RAD51AP2",0
"LIMS3",0
"SDHDP5",0
"RNU6-629P",0
"CYCTP",0
"RNU5E-9P",0
"VAX2",0
"ATP6V1B1-AS1",0
"RNU6-137P",0
"CHORDC1P1",0
"RN7SL575P",0
"SLC2AXP1",0
"FABP7P2",0
"RNU7-138P",0
"RNU7-176P",0
"RPL39P16",0
"RNA5SP113",0
"RN7SL267P",0
"RNU6-107P",0
"LINC01805",0
"RNU6-100P",0
"PDE1A",0
"NRAL",0
"MIR1246",0
"RNU6ATAC14P",0
"PSMB3P2",0
"RPL31P14",0
"RNA5SP120",0
"FABP5P14",0
"TNP1",0
"UBTFL5",0
"TRIM43B",0
"NPM1P33",0
"RNU6-474P",0
"CNN2P11",0
"GXYLT1P7",0
"CNN2P8",0
"LINC01966",0
"METAP2P1",0
"RNU7-2P",0
"RPL17P12",0
"OTX2P2",0
"PABPC1P2",0
"LINC01911",0
"RNU6-692P",0
"RNU6-715P",0
"RNA5SP106",0
"LIMS4",0
"PRPS1P1",0
"CYP2C56P",0
"RNU6-542P",0
"RPS24P7",0
"POLR2DP1",0
"IL36A",0
"IL1F10",0
"RNU6-1180P",0
"IL36RN",0
"GKN3P",0
"SCYGR9",0
"PHF5AP5",0
"CXCR2",0
"RNA5SP84",0
"MIR4429",0
"RNU2-13P",0
"RN7SL674P",0
"PROKR1",0
"MANEALP1",0
"RPL23P5",0
"MSTN",0
"UBE2V1P14",0
"RRN3P4",0
"MTCYBP11",0
"MTND6P11",0
"MTND5P24",0
"MTND4P22",0
"MTND4LP12",0
"MTND3P9",0
"MTCO3P5",0
"MTATP6P5",0
"MTCO2P5",0
"RPSAP26",0
"MIR5192",0
"RN7SL297P",0
"RTRAFP1",0
"SLC30A6P1",0
"RNU1-38P",0
"GCKR",0
"MIR4263",0
"SNRPGP7",0
"RNA5SP89",0
"SNORD53",0
"SNORD53B",0
"RN7SKP119",0
"MIR559",0
"RPL29P8",0
"RNU6-187P",0
"RNU7-96P",0
"RNU6-370P",0
"FAM228A",0
"RNU6-433P",0
"RNU6-640P",0
"MIR149",0
"RN7SL632P",0
"RPL21P33",0
"RNA5SP95",0
"RNU4-73P",0
"TMSB10P1",0
"RNU7-127P",0
"GBX2",0
"RNU1-31P",0
"NDUFB4P5",0
"SCYGR2",0
"SCYGR5",0
"SCYGR7",0
"SCYGR8",0
"SPATA3",0
"SCYGR1",0
"SCYGR3",0
"SCYGR6",0
"RNA5SP114",0
"RNU7-147P",0
"H2ACP2",0
"CYP4F32P",0
"RNU6-1320P",0
"SOWAHCP5",0
"TEKT4",0
"MTCO1P48",0
"MTCO3P45",0
"RPS24P6",0
"LINC01914",0
"RNU5E-7P",0
"RPLP1P5",0
"RN7SL104P",0
"RPL21P32",0
"RPL23AP35",0
"MED28P3",0
"DPRXP1",0
"MIR2355",0
"MOB4P1",0
"CD207",0
"RN7SL341P",0
"RPL11P1",0
"AQP7B",0
"SCYGR10",0
"SCYGR4",0
"HSPA8P6",0
"CRYGFP",0
"MEAF6P1",0
"PKP4P1",0
"RNA5SP118",0
"SNAI1P1",0
"RPL21P30",0
"RNU7-172P",0
"RFX8",0
"RPS6P3",0
"PRCPP1",0
"RNU7-182P",0
"NIFKP9",0
"RNU6-1147P",0
"KMT2CP5",0
"SLC9B1P2",0
"HTR5BP",0
"FAR2P2",0
"CYP4F62P",0
"NBEAP2",0
"CDRT15P3",0
"FAR2P4",0
"ECEL1P2",0
"CYP4F30P",0
"FAR2P3",0
"MED15P9",0
"ALMS1P1",0
"REG1CP",0
"SULT1C5P",0
"SLC19A4P",0
"MALLP2",0
"BIRC6-AS2",0
"GPAT2P1",0
"ZNF285CP",0
"AOX3P",0
"OR7E91P",0
"ANAPC1P1",0
"ANKRD20A8P",0
"PLGLA",0
"BMS1P23",0
"LINC01881",0
"LSP1P4",0
"CT75",0
"FAHD2CP",0
"CXCR2P1",0
"RPL7L1P10",0
"RPL17P14",0
"RN7SKP283",0
"WDR4P2",0
"RPL30P2",0
"RPS27P10",0
"RNA5SP119",0
"MTND2P23",0
"MTCO1P46",0
"MIR548F2",0
"VDAC2P4",0
"RNU6-763P",0
"RNU6-1290P",0
"RPL21P31",0
"PLAC9P1",0
"RPL22P7",0
"RAB6C-AS1",0
"RAB6C",0
"SSBP3P6",0
"ARHGAP42P2",0
"PRKAG3",0
"OR6B2",0
"COLEC11",0
"ALLC",0
"GAPDHP48",0
"PRSS40A",0
"AMER3",0
"MTA3P1",0
"RNU6-932P",0
"PTP4A1P1",0
"CCDC148-AS1",0
"HNRNPDLP2",0
"RN7SL393P",0
"RPL7AP22",0
"RNU6-234P",0
"NPM1P48",0
"RNU6-649P",0
"G3BP1P1",0
"RN7SKP178",0
"PPIAP68",0
"SIX3",0
"RN7SKP103",0
"TDRD15",0
"RNU6-951P",0
"RACK1P2",0
"VIT",0
"RNU6-577P",0
"TMEM178A",0
"ATP5F1BP1",0
"RPL34P8",0
"CENPNP2",0
"MIR4771-2",0
"RNU6-360P",0
"RPL9P14",0
"RNA5SP116",0
"CRYGEP",0
"CRYGD",0
"CRYGC",0
"SMIM39",0
"DBIL5P2",0
"FUNDC2P2",0
"HNRNPA1P57",0
"RPL38P2",0
"PAFAH1B1P2",0
"ATP5F1AP2",0
"DNAJB3",0
"RPS4XP5",0
"GPAA1P2",0
"MYADML",0
"VINAC1P",0
"PRORSD1P",0
"AHSA2P",0
"FAM95A",0
"OR6B3",0
"RNU2-39P",0
"EMX1",0
"NOTO",0
"EGR4",0
"MIR3129",0
"E2F3P2",0
"RN7SL820P",0
"CBX3P6",0
"UPP2",0
"MIR4435-1",0
"RPS14P5",0
"ANAPC1P4",0
"MIR4785",0
"MIR4776-2",0
"MIR4776-1",0
"POTEF-AS1",0
"RPL30P3",0
"LINC01946",0
"IL36B",0
"DLX2",0
"DLX2-DT",0
"ELF2P4",0
"ACTG1P22",0
"RN7SKP281",0
"RPL23AP29",0
"TUBAP13",0
"DNAJA1P2",0
"PHB1P4",0
"PGBD4P5",0
"FAM178B",0
"SEPHS1P7",0
"MALLP1",0
"RN7SL251P",0
"RN7SL126P",0
"TMEM247",0
"AHCYP3",0
"LINC01831",0
"LINC01103",0
"RPL23AP27",0
"HMGB3P11",0
"ASB18",0
"NUTF2P8",0
"RN7SL117P",0
"RN7SL516P",0
"RNU6-958P",0
"RN7SKP208",0
"MIR217",0
"MIR216A",0
"MIR216B",0
"RNA5SP93",0
"RNU6-508P",0
"RNA5SP94",0
"RNU6-473P",0
"CFC1B",0
"PRSS40B",0
"LINC02631",0
"MIR5000",0
"RNU6-105P",0
"SMPD4BP",0
"RNU6-617P",0
"LINC01087",0
"GRAMD4P8",0
"ARPP19P2",0
"HMGN2P22",0
"NANOGNBP1",0
"SRMP3",0
"DYNLT3P2",0
"RPL14P6",0
"RPL21P34",0
"MARCO",0
"RN7SL468P",0
"MIR6888",0
"CAPZA1P2",0
"RPS3AP13",0
"RPS29P9",0
"RNU6-664P",0
"MIR4775",0
"GPR45",0
"ASIC4-AS1",0
"GAL3ST2",0
"LINC01796",0
"LINC01813",0
"LINC01304",0
"RGPD4-AS1",0
"GALNT13-AS1",0
"LINC01815",0
"LINC01381",0
"SATB2-AS1",0
"KIAA2012-AS1",0
"ANKRD44-DT",0
"LINC01143",0
"LINC01850",0
"LINC01824",0
"SILC1",0
"LINC00276",0
"HECW2-AS1",0
"LINC01107",0
"LINC01907",0
"MIR7515HG",0
"LINC01794",0
"LINC01953",0
"SNTG2-AS1",0
"LINC01802",0
"LINC01851",0
"NCKAP5-AS2",0
"LINC01825",0
"LINC01877",0
"DPP10-AS3",0
"LINC01886",0
"LINC01614",0
"LINC01173",0
"LCT-AS1",0
"GCSIR",0
"LINC01804",0
"CMKLR2-AS",0
"LINC01888",0
"RAPGEF4-AS1",0
"UBE2E3-DT",0
"LINC01936",0
"LINC01865",0
"LINC01965",0
"GACAT3",0
"GRASLND",0
"KCNH7-AS1",0
"SCHLAP1",0
"MAPRE3-AS1",0
"LINC01792",0
"LINC01812",0
"LINC01913",0
"LINC01931",0
"PRKD3-DT",0
"LINC02862",0
"LINC02612",0
"LINC01803",0
"LINC01817",0
"LINC01875",0
"LINC01827",0
"ODC1-DT",0
"PPP1R21-DT",0
"AGAP1-IT1",0
"LINC02993",0
"LINC01810",0
"LINC02611",0
"EML6-AS1",0
"LINC01891",0
"LINC01808",0
"LINC01305",0
"LINC01249",0
"ZEB2-AS1",0
"GPC1-AS1",0
"CNTNAP5-DT",0
"PCGEM1",0
"LINC01874",0
"LINC01870",0
"LINC01958",0
"LINC01830",0
"LINC01884",0
"LINC02923",0
"LINC01868",0
"LINC01104",0
"LINC01120",0
"SH3RF3-AS1",0
"LINC01918",0
"MIR4430",0
"ATP6V0E1P3",0
"RNA5SP91",0
"RNA5SP92",0
"SNORA10B",0
"RNU6ATAC37P",0
"MIR4778",0
"MEIS1-AS3",0
"LINC01797",0
"DNMT3AP1",0
"LINC01628",0
"MIR1302-3",0
"WASH2P",0
"RPL23AP7",0
"RNU6-744P",0
"MIR4782",0
"LINC01101",0
"USP21P2",0
"IFITM3P9",0
"CYCSP6",0
"IGSF3P2",0
"ANAPC1P6",0
"CHEK2P3",0
"HIGD1AP4",0
"RAD52P1",0
"LLPHP3",0
"USP21P1",0
"RPL10P6",0
"GAPDHP59",0
"OR7E90P",0
"UGT1A12P",0
"NEK2P4",0
"NF1P8",0
"MED15P8",0
"KLF2P4",0
"ECEL1P1",0
"DIS3L2P1",0
"HIGD2AP1",0
"KRT8P30",0
"OR7E102P",0
"TRIM51JP",0
"TIMM8AP1",0
"RPL31P17",0
"SMIM12P1",0
"KLF2P1",0
"CYP4F27P",0
"FAR2P1",0
"PDSS1P2",0
"MRPL36P1",0
"PTGES3P2",0
"UQCRHP2",0
"SEPTIN14P2",0
"KMT2CP4",0
"RPSAP22",0
"OR7E46P",0
"OR7E62P",0
"SNX18P14",0
"RPL6P5",0
"RPL31P30",0
"EEF1E1P1",0
"ANAPC1P2",0
"RPS20P10",0
"KRTCAP2P1",0
"PGM5P4",0
"FAM138B",0
"DDX11L2",0
"ACRP1",0
"LINC02936",0
"RNA5SP101",0
"TRIM43CP",0
"IGKV2OR2-1",0
"IGKV2OR2-2",0
"IGKV1OR2-3",0
"GPAT2P2",0
"RN7SL313P",0
"SPP2",0
"LANCL1-AS1",0
"LINC01127",0
"LINC01248",0
"LINC01191",0
"RPL23AP39",0
"CIAO2AP1",0
"RPL31P20",0
"RPSAP32",0
"FECHP1",0
"RPL21P17",0
"ARPP21-AS1",0
"RPS8P6",0
"PNPT1P1",0
"SDAD1P3",0
"RPL34P11",0
"LINC02011",0
"RPL39P18",0
"KRT8P18",0
"RPL36AP17",0
"SAP18P3",0
"LINC02033",0
"HINT2P1",0
"CYCSP12",0
"POLE4P1",0
"CDC42P7",0
"RFC3P1",0
"HSPA8P18",0
"CNTN6",0
"NUP210P2",0
"COX6CP10",0
"HMGB3P12",0
"CRB3P1",0
"NBPF21P",0
"MTARC2P1",0
"CNN2P6",0
"MARK2P14",0
"RPL23AP38",0
"RHBDF1P1",0
"VENTXP4",0
"H3P11",0
"GNAT1",0
"ZNF652P1",0
"DLEC1P1",0
"RPL7AP23",0
"SPATA12",0
"VPS51P4",0
"RPS12P6",0
"CSNKA2IP",0
"PROS2P",0
"TCEAL8P1",0
"RPL17P17",0
"MTCO2P6",0
"HNRNPA3P8",0
"HMGB1P38",0
"ICE2P2",0
"RPEP2",0
"OR7E121P",0
"TMEM183AP5",0
"RPL21P41",0
"PSMC1P6",0
"WDR82P1",0
"UNC93B3",0
"OSBPL9P1",0
"SRRM1P2",0
"NDUFA5P5",0
"RARRES2P1",0
"HYDINP1",0
"AGGF1P3",0
"MRPS17P3",0
"HSPE1P19",0
"CLUHP10",0
"TUBBP11",0
"EZRP1",0
"LINC02070",0
"MTCO1P6",0
"ACTR3P3",0
"DUSP12P1",0
"NDUFA4P2",0
"FEZF2",0
"GUCA1C",0
"H3P12",0
"BRD7P7",0
"RAP1BP2",0
"RPL14P2",0
"ZNF90P1",0
"COX6CP6",0
"ST13P14",0
"RPS10P10",0
"KRT8P35",0
"UBE2Q2P9",0
"GAPDHP50",0
"DPPA2",0
"HMGB1P36",0
"NFYBP1",0
"UBL5P3",0
"C3orf85",0
"OR7E66P",0
"PPIAP15",0
"ZFAND2AP1",0
"RPL10P7",0
"CCDC137P2",0
"COPS8P2",0
"NPM1P17",0
"RPL27P9",0
"RPLP0P8",0
"DIMT1P1",0
"GM2AP1",0
"HMGN2P25",0
"SOX14",0
"SDHBP1",0
"RLIG1P2",0
"FKBP1AP4",0
"HMGN1P10",0
"VN2R1P",0
"KCNAB1-AS1",0
"RPL21P71",0
"AFF4P1",0
"SLC9A9-AS1",0
"MRE11P1",0
"SYNPR",0
"LINC02010",0
"MTCO3P38",0
"CYCSP56",0
"SLC9A9-AS2",0
"NPM1P28",0
"RPS6P4",0
"KLF7P1",0
"WDR70P1",0
"TOMM22P6",0
"MTND3P7",0
"LARP7P4",0
"EEF1B2P8",0
"SPATA16",0
"MCUR1P2",0
"MTND4P17",0
"SDHDP3",0
"TMEM38BP1",0
"HMGN2P26",0
"SLC2A2",0
"SLITRK3",0
"SLC31A1P1",0
"TPT1P3",0
"MTND4LP10",0
"BZW1P1",0
"RPS17P10",0
"DDX5P1",0
"RTP1",0
"RPL7AP25",0
"LINC01014",0
"ACTG1P23",0
"RPL28P1",0
"MTCH2P1",0
"PCBP2P4",0
"EIF2AK1P1",0
"RPL32P8",0
"NGRNP1",0
"SNRNP40P1",0
"RPL21P42",0
"EI24P1",0
"PPIAP75",0
"ADIPOQ-AS1",0
"EEF1A1P45",0
"TRIM42",0
"EI24P6",0
"LINC01209",0
"DDX50P2",0
"RPL19P2",0
"KCNAB1-AS2",0
"MTAPP2",0
"LINC02041",0
"KLF3P2",0
"RPS29P3",0
"PYDC2",0
"ATP13A5-AS1",0
"ENAHP1",0
"PLCH1-AS1",0
"GMNC",0
"SMCO1",0
"RPL7AP24",0
"PRICKLE1P1",0
"NAA50P2",0
"GAPDHP47",0
"RNU6-1194P",0
"RN7SKP144",0
"RNU4ATAC17P",0
"RNU6-905P",0
"RN7SL147P",0
"RN7SL120P",0
"MIR3135A",0
"RNU6-822P",0
"MIR3714",0
"MIR466",0
"MIR548AY",0
"RNU6-815P",0
"RNU6-243P",0
"RNA5SP127",0
"RN7SKP227",0
"MIR128-2",0
"RNU6-235P",0
"MIR4272",0
"RN7SL863P",0
"RNU6-139P",0
"RNA5SP134",0
"RN7SL647P",0
"RNU7-119P",0
"MIR1324",0
"RN7SKP284",0
"RNU6-739P",0
"RN7SL271P",0
"RNU6-281P",0
"RNU6-873P",0
"MIR3923",0
"RNU2-28P",0
"RN7SKP61",0
"RNU6-1129P",0
"MIR548AB",0
"MIR3921",0
"RNU6-1236P",0
"RNU6ATAC15P",0
"RNU6-712P",0
"MIR4445",0
"RNU6-461P",0
"RNU6-1127P",0
"RNU1-43P",0
"RNU6-823P",0
"MIR7110",0
"RNU6-1284P",0
"RNA5SP142",0
"RN7SL715P",0
"RNA5SP144",0
"RNU6-425P",0
"RN7SKP46",0
"RN7SKP177",0
"RNU7-82P",0
"MIR569",0
"RNU6-637P",0
"MIR1263",0
"MIR7977",0
"SNORA63D",0
"RN7SKP40",0
"RNU6-486P",0
"RNU6-505P",0
"RNU1-70P",0
"MIR944",0
"RNA5SP147",0
"RNU4-4P",0
"MIR4789",0
"RNU6-1233P",0
"RNU4-91P",0
"SNORA63E",0
"RNA5SP148",0
"RNU6-1109P",0
"ADGRG7",0
"GMFBP1",0
"ABRAXAS1P1",0
"RNU6-865P",0
"CPA3",0
"MED28P2",0
"ABCF2P1",0
"FAM136CP",0
"RPL32P7",0
"RNU6-1256P",0
"HMGB3P14",0
"HMGN1P9",0
"HMGB3P13",0
"DPPA4P2",0
"KY",0
"RNU6-1174P",0
"RNA5SP141",0
"CYCSP11",0
"MIR378B",0
"H2BP3",0
"ATOSBP1",0
"MIR568",0
"MIR4796",0
"YBX1P3",0
"EIF4E2P2",0
"STRIT1",0
"PABPC1P10",0
"ZNF80",0
"RPS15AP16",0
"MARK2P6",0
"LINC01327",0
"MIR5002",0
"RPL7P15",0
"MIR4442",0
"MIR1224",0
"EEF1AKMT4-ECE2",0
"CAMK2N2",0
"SNORD66",0
"TEDDM3P",0
"PPP2R2DP1",0
"RNU6-1227P",0
"PRSS50",0
"MRPL57P3",0
"DDTP1",0
"RPL18AP7",0
"RPL29P34",0
"MTHFD2P7",0
"CPN2",0
"LRRC15",0
"RNU6-1101P",0
"RPL23AP93",0
"RNF10P1",0
"UBTFL8",0
"CD24P5",0
"MIR4790",0
"RN7SL553P",0
"RNU1-62P",0
"MTCO3P47",0
"WNT5A-AS1",0
"ERC2-IT1",0
"MIR3938",0
"RN7SKP45",0
"RNA5SP133",0
"H1-8P1",0
"RN7SL418P",0
"EIF2S2P2",0
"RN7SKP212",0
"RNU6-726P",0
"GCNT1P3",0
"RNA5SP130",0
"BSN-AS1",0
"AMIGO3",0
"COX6CP14",0
"RPL38P1",0
"HMGB1P30",0
"RNU6-1105P",0
"GPS2P2",0
"SNORD2",0
"SNORA63B",0
"MIR1248",0
"SNORA81",0
"SNORA63",0
"SNORA4",0
"ATP5MC1P3",0
"FOXL2",0
"PRR23B",0
"PRR23C",0
"RPL7L1P7",0
"BPESC1",0
"PISRT1",0
"RBP2",0
"PTOV1P1",0
"PPDPFP1",0
"MIR198",0
"SUGT1P2",0
"TIMP4",0
"MTCO1P5",0
"GSTM5P1",0
"RNA5SP123",0
"RNU6-377P",0
"HMGN1P8",0
"PLSCR4P1",0
"RNU6-428P",0
"MIR15B",0
"RNU7-136P",0
"RPL6P8",0
"KRT8P25",0
"PARLP1",0
"RN7SL762P",0
"RN7SL397P",0
"CRIP1P1",0
"ABHD14A-ACY1",0
"ALDOAP1",0
"MIR135A1",0
"RPL29P9",0
"UROC1",0
"C3orf22",0
"RNA5SP138",0
"METTL5P2",0
"SF3A2P1",0
"RCC2P4",0
"RNU6-646P",0
"LINC02025",0
"MIR5688",0
"CADM2-AS2",0
"CADM2-AS1",0
"MIR6890",0
"C3orf84",0
"CLRN1",0
"NPHP3-ACAD11",0
"HSPA8P19",0
"RNU6-787P",0
"RN7SL482P",0
"MIR6829",0
"PPP4R2P2",0
"PPP4R2P3",0
"ARL8BP1",0
"SNORA7A",0
"IFT122P1",0
"GCSHP6",0
"MIR4271",0
"RNA5SP136",0
"U2SURPP1",0
"ECE2",0
"RNU6ATAC6P",0
"RNU6-678P",0
"RNA5SP140",0
"H3P13",0
"PEX5L-AS1",0
"UQCRHP4",0
"CPB1",0
"AGTR1",0
"WDR53P1",0
"RALBP1P1",0
"HTD2",0
"LINC02051",0
"AHSG",0
"FETUB",0
"HRGP1",0
"DNAJC19P4",0
"CNTN4-AS1",0
"JMJD4P1",0
"GP9",0
"ISY1-RAB43",0
"SDHDP4",0
"NRBF2P2",0
"RNU6-488P",0
"RNU6-511P",0
"RPL35AP8",0
"RN7SL567P",0
"KLHL40",0
"CYP8B1",0
"HNRNPA1P22",0
"IQCF1",0
"IQCF2",0
"RN7SL504P",0
"IQCF5-AS1",0
"IQCF5",0
"MIR885",0
"SOCS5P3",0
"RNU6-454P",0
"MIR4270",0
"RN7SL110P",0
"MIR6872",0
"PERPP1",0
"RN7SKP222",0
"FGF12-AS1",0
"FGF12-AS2",0
"FGF12-AS3",0
"RNU1-20P",0
"TREX1",0
"MIR6823",0
"MIR711",0
"MIR6824",0
"MIR4793",0
"TLR9",0
"OR5K1",0
"TMEM207",0
"PLSCR5",0
"NR1I2",0
"MRPS10P2",0
"SPMIP3P1",0
"RN7SL870P",0
"HIGD2AP2",0
"RPL15P6",0
"LILRA2P1",0
"RPS12P7",0
"RFKP6",0
"MIR1226",0
"VPS26BP1",0
"RPS27P30",0
"RN7SL664P",0
"SNRPFP4",0
"RNU7-128P",0
"MIR4443",0
"FCF1P2",0
"MIR2115",0
"RN7SL321P",0
"RPL6P9",0
"RNA5SP143",0
"RN7SKP25",0
"RNU7-47P",0
"RAD23BP1",0
"RNU6-138P",0
"OR5H8",0
"POU5F1P7",0
"OR5H1",0
"OR5H14",0
"OR5H4P",0
"OR5H6",0
"FLT1P1",0
"UQCRC2P1",0
"CCR3",0
"RTP3",0
"RPS25P4",0
"MIR6083",0
"RNU6-143P",0
"ENO1P3",0
"APOOP2",0
"POU1F1",0
"MIR548I1",0
"RPS3AP14",0
"SNRPCP11",0
"FBRSL1P1",0
"ARPC1AP1",0
"ARGFX",0
"FBXO40",0
"RETNLB",0
"FRG2C",0
"EFCC1",0
"ARPP21",0
"MIR6826",0
"RNA5SP145",0
"SETP11",0
"P2RY13",0
"P2RY12",0
"MIR5186",0
"TOPAZ1",0
"MIR548AQ",0
"MIR1284",0
"RPL35AP9",0
"GPR79",0
"MIR3919",0
"RPS2P19",0
"C9orf78P1",0
"SNORA58",0
"MIR5704",0
"PSMC2P1",0
"HNRNPA1P17",0
"RNA5SP139",0
"RNU2-37P",0
"RUVBL1-AS1",0
"FAM76AP1",0
"SPINK8",0
"OR5H15",0
"KCNMB2",0
"TAFA1",0
"PRDX5P1",0
"HSP90AB5P",0
"NIPA2P2",0
"RN7SL294P",0
"MIR4444-2",0
"MYLKP1",0
"ATP5MC2P5",0
"SNORA6",0
"SNORA62",0
"NFU1P1",0
"HTR3C2P",0
"HTR3E",0
"MIR4448",0
"HTR3D",0
"KRT18P43",0
"RNA5SP132",0
"IQCF6",0
"RPSAP69",0
"RPL18AP9",0
"CHCHD4P4",0
"CSTBP1",0
"EIF3KP2",0
"RN7SL216P",0
"RNA5SP125",0
"CFL1P7",0
"RNA5SP126",0
"H3P10",0
"MIR5193",0
"CAMKV",0
"ACTL11P",0
"HNRNPA1P23",0
"RNU6-26P",0
"RNU6-342P",0
"ROPN1",0
"DCLK3",0
"DNAJB8",0
"SPTSSB",0
"OTOL1",0
"TMEM229BP1",0
"NLGN1-AS1",0
"RN7SKP234",0
"ANAPC15P2",0
"OR5BM1P",0
"RPL39P17",0
"PRR3P1",0
"RNU6-621P",0
"RNU6-821P",0
"SEPTIN14P3",0
"MIR4797",0
"RBISP6",0
"RPL31P19",0
"RNU7-10P",0
"PDCL3P3",0
"RNU6-670P",0
"CAP1P1",0
"RNU6-386P",0
"VDAC1P7",0
"RNU6-217P",0
"RNU6-882P",0
"SLC6A1-AS1",0
"CCR8",0
"HNRNPA1P21",0
"CENPPP1",0
"MIR6822",0
"XIRP1",0
"CX3CR1",0
"GALNT15",0
"RPL23AP41",0
"RPL31P21",0
"PHF5AP7",0
"RNU4-56P",0
"RN7SL411P",0
"PGAM1P3",0
"ZNF619",0
"RPL5P10",0
"MRPS31P1",0
"RN7SKP58",0
"RPL36P20",0
"GEMIN2P2",0
"RPL7AP83",0
"TPMTP2",0
"CCK",0
"EIF4BP4",0
"MIR8060",0
"RBBP4P7",0
"RNU6-1094P",0
"RPL18AP8",0
"RCC2P5",0
"CDV3P1",0
"TPTE2P7",0
"OR5AC1",0
"OR5AC2",0
"OR5H2",0
"OR5K4",0
"OR5K3",0
"UBFD1P1",0
"RPL21P40",0
"NIFKP7",0
"RPL21P137",0
"SMIM11P2",0
"CD200R1P1",0
"VPS26AP1",0
"ATP5PBP8",0
"RNY3P13",0
"TRH",0
"VPS51P10",0
"OR7E129P",0
"EVA1CP6",0
"SNRPCP8",0
"PSMG3P1",0
"RN7SL229P",0
"RNF13P1",0
"ACTBP16",0
"RPL32P10",0
"MATR3P2",0
"RNU6-4P",0
"FAUP2",0
"A4GNT",0
"CAV3",0
"RN7SL145P",0
"LRRC3B",0
"CHRD",0
"RNA5SP129",0
"MIR5092",0
"DNAJB6P7",0
"RNU6-232P",0
"MIR3137",0
"RN7SL36P",0
"ACAP2-IT1",0
"RPL31P22",0
"RNU6ATAC24P",0
"RN7SL73P",0
"RPL31P64",0
"CABYRP1",0
"LINC02017",0
"ARHGEF26-AS1",0
"NDUFS6P1",0
"DONSONP1",0
"CRIPTOP6",0
"RPS27P11",0
"KIAA1143P2",0
"RN7SKP265",0
"RNA5SP137",0
"SNORD19B",0
"SNORD19C",0
"AK3P7",0
"AKTIPP1",0
"MUSTN1",0
"STIMATE-MUSTN1",0
"MIR8064",0
"OR7E55P",0
"EVA1CP5",0
"SNRPCP10",0
"RPS3AP15",0
"RPS10P4",0
"CTDNEP1P1",0
"MTND5P15",0
"ASS1P7",0
"RN7SKP52",0
"SDHAP2",0
"SMBD1P",0
"DTWD1P1",0
"RN7SKP124",0
"RN7SL724P",0
"TRMT112P5",0
"RPS27P12",0
"IQCF3",0
"FGD5P1",0
"SDHAP1",0
"OR5AC4P",0
"NMRAL2P",0
"COL6A4P1",0
"FRG2FP",0
"FAM157A",0
"RPL32P3",0
"OR7E122P",0
"INHCAP",0
"FAM86JP",0
"CIDECP1",0
"FAM86HP",0
"ALG1L1P",0
"SNHG33",0
"ANKRD18DP",0
"OR7E22P",0
"FAM86DP",0
"MIR5787",0
"SLC38A3",0
"RNU6-1181P",0
"RNF7P1",0
"RNU6-108P",0
"RNU6-483P",0
"RNU6ATAC26P",0
"ZNF501",0
"MIR564",0
"CLEC3B",0
"ATP2B2-IT1",0
"ATP2B2-IT2",0
"SLC6A11",0
"VENTXP7",0
"ZNF385D",0
"ZNF385D-AS1",0
"ZNF385D-AS2",0
"FCF1P3",0
"MTND4P16",0
"MTND4LP3",0
"MTND3P6",0
"MTCO3P35",0
"MTATP6P22",0
"MTND5P16",0
"MTND6P6",0
"MTCO1P35",0
"MTND2P14",0
"RNU6-1308P",0
"PTPN11P1",0
"CCDC54",0
"XCR1",0
"YWHAQP10",0
"MRPS36P1",0
"GRM7-AS2",0
"RN7SKP296",0
"LINC02013",0
"CCT6P4",0
"MTCO1P29",0
"MTCO2P29",0
"MIR5682",0
"RNU6-315P",0
"MIR6828",0
"RNU6-856P",0
"RNU6ATAC16P",0
"SDHAP4",0
"MIR922",0
"EIF4EP3",0
"RPL7L1P8",0
"PLA2G10P1",0
"SNRPB2P1",0
"MTERF1P1",0
"MIR548BB",0
"TMED2P1",0
"PPIAP71",0
"FCRL4P1",0
"RRBP1P2",0
"RANP7",0
"RPL24P7",0
"RNU6-922P",0
"RNU6-788P",0
"ARL4AP4",0
"LINC00691",0
"NPM1P23",0
"RNA5SP135",0
"MIR3136",0
"CD200R1L",0
"RNU7-19P",0
"RNU6-557P",0
"RNU2-64P",0
"GPATCH11P1",0
"RNU6-1270P",0
"SUSD5",0
"NICN1",0
"CACNA2D3",0
"RNU7-73P",0
"MIR28",0
"RPL35AP10",0
"CDK2AP1P1",0
"RTP2",0
"HSPD1P6",0
"RPL39P5",0
"PSMD10P2",0
"KRT8P12",0
"NUP210P1",0
"BOLA2P2",0
"RPSAP31",0
"PDCL3P4",0
"MTHFD2P1",0
"RPL23AP49",0
"TPM4P2",0
"HMGB1P5",0
"TMEM30CP",0
"CDHR18P",0
"PRSS46P",0
"PRSS43P",0
"PRSS44P",0
"PRSS42P",0
"NRADDP",0
"IQCF4P",0
"C3orf86P",0
"CYP2AB1P",0
"SLC66A1LP",0
"NUDT16L2P",0
"LRRC77P",0
"TM4SF18",0
"RNU6ATAC4P",0
"MYL3",0
"OR5K2",0
"RPL38P4",0
"RPL19P7",0
"ACTG1P13",0
"ARHGEF28P1",0
"MIR4787",0
"MIR7976",0
"IQCJ-SCHIP1",0
"PRR23E",0
"PRR23E2P",0
"RNU6-1047P",0
"PRR20G",0
"COL6A4P2",0
"RNU6-507P",0
"RNU6-720P",0
"EIF3JP2",0
"RPL32P9",0
"YTHDF3P1",0
"OR7E93P",0
"OR7E53P",0
"OR7E97P",0
"VPS51P6",0
"SYPL1P1",0
"DYNLL1P5",0
"RPL9P15",0
"RNU6-348P",0
"MTCO1P58",0
"TMEM212-IT1",0
"FGFR3P4",0
"RNU6-1120P",0
"RN7SL703P",0
"PSMG3P2",0
"ZCCHC10P1",0
"AADACP1",0
"ATP5MGP5",0
"MAP6D1",0
"ABCC5-AS1",0
"HTR3E-AS1",0
"LINC01840",0
"RN7SL215P",0
"LINC02012",0
"LINC01326",0
"RN7SKP298",0
"PSAT1P4",0
"CBX1P5",0
"RN7SL815P",0
"RNU5E-8P",0
"RNU6-1200P",0
"LINC03051",0
"DRG1P2",0
"LINC00903",0
"RN7SL582P",0
"TUSC7",0
"MIR4447",0
"RNU1-30P",0
"ATP6V0CP2",0
"NECTIN2P1",0
"ACVR2B-AS1",0
"SCN5A",0
"THOC7-AS1",0
"GAPDHP39",0
"RPL23AP40",0
"HMGN2P13",0
"KIAA1328P1",0
"LINC02877",0
"RNU6-901P",0
"SEC13P1",0
"SUMO2P10",0
"RN7SL296P",0
"TM4SF19-DYNLT2B",0
"RNU6-910P",0
"RNU6-1279P",0
"RN7SL434P",0
"ZDHHC1P1",0
"LINC02000",0
"LINC01471",0
"LINC01472",0
"LINC02052",0
"LINC01998",0
"PLS1-AS1",0
"LINC01487",0
"TERC",0
"LINC01100",0
"LINC00606",0
"LINC00636",0
"LINC00635",0
"LINC00488",0
"PYDC2-AS1",0
"DNAJB8-AS1",0
"LINC01967",0
"LINC02022",0
"LINC02028",0
"LINC00501",0
"LINC02005",0
"LRRC3B-AS1",0
"LINC02040",0
"SRGAP3-AS4",0
"CACNA2D3-AS1",0
"CD200R1L-AS1",0
"LINC01391",0
"LINC01210",0
"ZIC4-AS1",0
"LARS2-AS1",0
"LINC02029",0
"CFAP20DC-AS1",0
"PEX5L-AS2",0
"CCDC39-AS1",0
"LINC01208",0
"LINC01988",0
"LINC02037",0
"LINC02024",0
"LINC02031",0
"RARB-AS1",0
"LINC01205",0
"LINC01986",0
"LINC02050",0
"LINC00870",0
"GRM7-AS3",0
"GRM7-AS1",0
"LINC01985",0
"CLSTN2-AS1",0
"LINC01192",0
"LINC02016",0
"LINC00692",0
"LINC02053",0
"LINC02077",0
"UBE2E2-DT",0
"CCDC13-AS2",0
"IGSF11-AS1",0
"PDZRN3-AS1",0
"TMCC1-DT",0
"LINC00901",0
"LSAMP-AS1",0
"LINC02027",0
"ESRG",0
"LINC02023",0
"VN1R21P",0
"RNA5SP124",0
"MIR8076",0
"MIR4446",0
"CD200LP",0
"LINC02084",0
"LINC01981",0
"LINC00994",0
"PRICKLE2-AS2",0
"PRDX3P4",0
"IGBP1P3",0
"VN1R20P",0
"RPS18P6",0
"KRT18P34",0
"RPL22P1",0
"TVP23CP3",0
"TMED10P2",0
"ARB2BP",0
"CYCSP10",0
"ACTG1P1",0
"GAPDHP36",0
"HRGP2",0
"OR5H5P",0
"OR5H3P",0
"OR5H7P",0
"RPS24P9",0
"BCL2L12P1",0
"RPL7P16",0
"RPL13AP27",0
"UBA52P4",0
"PSMC1P7",0
"RPS24P10",0
"DNAJB1P2",0
"ENPP7P3",0
"RPS16P4",0
"LSP1P2",0
"ENPP7P2",0
"RPL36P7",0
"NDUFAF4P3",0
"RPS25P5",0
"IMPDH1P8",0
"METTL15P1",0
"MYLKP2",0
"OR7E29P",0
"COX6A1P5",0
"DPPA2P3",0
"FAM151AP1",0
"EGFEM1P",0
"RNU2-20P",0
"MIR551B",0
"RPSAP33",0
"RPL21P43",0
"LINC02082",0
"RNU6-367P",0
"MIR138-1",0
"ERVH-1",0
"CPZ",0
"WEE1P1",0
"DRD5",0
"ECM1P2",0
"VPS51P18",0
"HMX1",0
"RFPL4AP3",0
"OR7E84P",0
"OR7E86P",0
"MTCO3P44",0
"LINC02270",0
"MTCO3P27",0
"RPS3AP17",0
"OR7E85P",0
"MTCO3P42",0
"MTND3P24",0
"HMGN1P11",0
"MTND4LP22",0
"MTCYBP16",0
"SNX18P23",0
"MTCO3P28",0
"TECRL",0
"SRIP1",0
"THAP12P9",0
"MESTP3",0
"RPS26P24",0
"UGT2B10",0
"KCTD8",0
"HMGB1P44",0
"MTND3P5",0
"MTND6P16",0
"HNRNPA1P67",0
"SEC63P2",0
"CABS1",0
"SMR3B",0
"SLIRPP2",0
"COX7B2",0
"UGT2B11",0
"LARP1BP1",0
"GK2",0
"LINC00575",0
"MTND3P22",0
"SMR3A",0
"PRDX4P1",0
"NPM1P41",0
"PPBPP1",0
"HMGA1P2",0
"LINC02619",0
"MTND5P4",0
"MTCO3P39",0
"MTND5P13",0
"LINC01217",0
"ATP5F1EP1",0
"PABPC1P7",0
"IGBP1P5",0
"DDX3P3",0
"HNRNPA1P56",0
"LINC01216",0
"MTND5P5",0
"LINC01218",0
"MTND4LP31",0
"COL25A1-DT",0
"DYNLL1P6",0
"PGAM4P2",0
"DKK2",0
"MRPS33P3",0
"PIMREGP2",0
"NDUFS5P5",0
"RPL6P14",0
"ACTR3BP4",0
"SETP20",0
"FKBP4P1",0
"TUBB4BP5",0
"TTC39CP1",0
"LTV1P1",0
"UGT2A3",0
"NDST4",0
"SPOPLP3",0
"H3P15",0
"SPOPLP2",0
"GAPDHP56",0
"TERF1P3",0
"LINC02479",0
"CWH43",0
"TECRP2",0
"NDST3",0
"RBM48P1",0
"HNRNPA3P13",0
"PDHA2",0
"KIAA1191P1",0
"EIF3KP3",0
"LINC02262",0
"DUTP8",0
"SAR1AP3",0
"SPOPLP1",0
"MTCYBP44",0
"OPRPN",0
"TMEM248P1",0
"PGBD4P4",0
"TPI1P4",0
"KRT18P54",0
"SLC10A6",0
"CRYZP2",0
"COX5BP1",0
"RPS3AP19",0
"PCDH10",0
"MAPRE1P2",0
"RNF150",0
"LINC02429",0
"RPS23P2",0
"PES1P1",0
"SERF1AP1",0
"R3HDM2P1",0
"MTCYBP17",0
"LINC02511",0
"EEF1GP8",0
"YWHAEP4",0
"STMN1P2",0
"BTF3P13",0
"PTPN11P5",0
"MTATP6P9",0
"GLRA3",0
"JADRR",0
"RPL31P26",0
"LINC02431",0
"ADAM20P2",0
"EEF1A1P21",0
"LINC02512",0
"NPY1R",0
"TSEN2P1",0
"MTND6P17",0
"LINC01179",0
"MTND2P33",0
"FABP5P12",0
"PRMT5P1",0
"RPL21P48",0
"MTCO2P9",0
"FBLP1",0
"ASS1P8",0
"NPY5R",0
"NDUFB2P1",0
"MTHFD2P4",0
"ADAM29",0
"ASB5",0
"NDUFB5P1",0
"LINC02504",0
"MTCO1P9",0
"CLDN24",0
"MARK2P4",0
"RPL35AP12",0
"TRIML1",0
"MTND5P9",0
"TOMM22P4",0
"AKIRIN2P1",0
"LINC02514",0
"PHB1P14",0
"RPL6P11",0
"ICE2P1",0
"ADAM20P3",0
"MTND4P8",0
"RPS23P4",0
"ZFP42",0
"MTND3P3",0
"TKTL2",0
"NWD2",0
"MTCO3P9",0
"LINC02496",0
"ATP5MGP4",0
"ANP32CP",0
"RPL7AP27",0
"LINC02437",0
"DPP3P1",0
"HSPE1P23",0
"GPM6A-DT",0
"RN7SKP113",0
"MIR548I2",0
"RNA5SP154",0
"RNA5SP156",0
"RNU6-578P",0
"RN7SKP170",0
"MIR572",0
"SNORA75B",0
"RNU6-420P",0
"RNA5SP157",0
"RN7SL101P",0
"MIR4275",0
"RNU7-126P",0
"MIR1255B1",0
"RNU6-573P",0
"MIR4801",0
"RNU6-931P",0
"RNU6-412P",0
"RN7SL193P",0
"RN7SKP199",0
"RNU6-158P",0
"MIR8053",0
"MIR548AG1",0
"RNU6-1325P",0
"RNU6-699P",0
"RNU6-191P",0
"RNU1-63P",0
"RNA5SP527",0
"RNU6ATAC5P",0
"RNU4ATAC9P",0
"RNU6-499P",0
"RNU6-774P",0
"RN7SKP48",0
"MIR575",0
"RNU6-615P",0
"RNU6-1059P",0
"MIR4451",0
"RN7SKP28",0
"RNU6-462P",0
"RNU6-551P",0
"RNU6-34P",0
"RNU6-635P",0
"SNORA24",0
"MIR576",0
"MIR1255A",0
"RNU6-948P",0
"RNU6-119P",0
"RNU6-550P",0
"RNU1-89P",0
"RNU6-224P",0
"RN7SL808P",0
"RNA5SP166",0
"RNU7-197P",0
"RNU6-1230P",0
"RNA5SP167",0
"RNA5SP165",0
"RN7SKP253",0
"MIR4799",0
"RN7SL254P",0
"MIR548G",0
"RNU4-79P",0
"RN7SKP188",0
"RNA5SP170",0
"RNU6ATAC13P",0
"RN7SKP105",0
"MIR6082",0
"RN7SL776P",0
"RNA5SP171",0
"RNA5SP173",0
"MIR4454",0
"RNU6-335P",0
"RNU6-1053P",0
"RNU6-479P",0
"RNU2-34P",0
"RNU2-66P",0
"RN7SKP67",0
"RNU2-44P",0
"MIR4276",0
"RNU6-173P",0
"RNU1-51P",0
"RNU6-838P",0
"MIR4449",0
"SNORA26",0
"RN7SKP275",0
"ADAD1",0
"RNU6-668P",0
"APELA",0
"FAM218BP",0
"TRIM60",0
"RNU6-520P",0
"RNU6-784P",0
"RNU6-891P",0
"ALG1L14P",0
"USP17L10",0
"USP17L11",0
"USP17L12",0
"USP17L13",0
"USP17L17",0
"USP17L18",0
"USP17L23",0
"USP17L5",0
"USP17L27",0
"USP17L28",0
"USP17L29",0
"USP17L30",0
"DEFB108F",0
"RNA5SP153",0
"DEFB130D",0
"USP17L20",0
"USP17L21",0
"USP17L22",0
"USP17L24",0
"USP17L25",0
"USP17L26",0
"USP17L14P",0
"USP17L16P",0
"USP17L19",0
"USP17L9P",0
"USP17L6P",0
"LINC02173",0
"GIMD1",0
"RNU6-1196P",0
"MYOZ2",0
"MIR548T",0
"RNU6-1096P",0
"HAND2",0
"NACAP5",0
"KRT18P63",0
"RN7SL311P",0
"RNU6-506P",0
"RNU6-1074P",0
"PFDN1P2",0
"MIR2054",0
"NUP58P1",0
"RPL17P20",0
"RN7SL492P",0
"RN7SL357P",0
"RNU6-998P",0
"UBE2CP3",0
"SULT1D1P",0
"CSN1S1",0
"STATH",0
"HTN1",0
"PRR27",0
"HTN3",0
"RNU6-1187P",0
"MIR5591",0
"MIR4452",0
"GABRA2",0
"RNU6-746P",0
"LRRC34P2",0
"FCF1P8",0
"OR7E85BP",0
"UNC93B8",0
"VPS51P7",0
"ENPP7P10",0
"EFL1P2",0
"RNU2-40P",0
"MIR5705",0
"RNU1-44P",0
"POU4F2",0
"USP17L15",0
"BTF3L4P4",0
"PALLD-AS1",0
"HIGD1AP13",0
"MIR3945",0
"TRPC6P7",0
"MIR4455",0
"RNU6-351P",0
"RN7SL89P",0
"RNU6-553P",0
"SCARNA22",0
"MIR943",0
"NAT8L",0
"RPS15AP17",0
"RPL21P47",0
"RNU2-16P",0
"NKX1-1",0
"MIR95",0
"GMPSP1",0
"RNU6-112P",0
"NCOA4P2",0
"PYURF",0
"PIGY",0
"PIGY-DT",0
"RN7SKP244",0
"IQCM",0
"RPSAP34",0
"ZACNP1",0
"EXOC7P1",0
"ASIC5",0
"TDO2",0
"FTH1P21",0
"RNU6-35P",0
"RN7SL275P",0
"RNF14P2",0
"RNU6-205P",0
"ZBED1P1",0
"RPL7L1P13",0
"MIR297",0
"RNU6-289P",0
"RPL36AP23",0
"CCDC34P1",0
"TUBB8P3",0
"RPL36AP19",0
"AP1AR-DT",0
"RNU6-204P",0
"RPL7AP29",0
"SLC25A14P1",0
"RPL30P5",0
"RPL38P3",0
"RNU6-410P",0
"RN7SL424P",0
"RN7SL822P",0
"METTL5P3",0
"KPNA2P1",0
"RPSAP39",0
"PIMREGP4",0
"CCKAR",0
"LINC02928",0
"NDUFB4P9",0
"MGAT4D",0
"UCP1",0
"RN7SL152P",0
"KRT19P3",0
"C4orf17",0
"NMNAT1P4",0
"C4orf51",0
"TTC29",0
"RPL32P13",0
"ANK2-AS1",0
"MIR1243",0
"MIR8082",0
"RN7SL184P",0
"RNU1-138P",0
"RNU1-36P",0
"RPL31P24",0
"RNU6-818P",0
"RNU6ATAC31P",0
"RNU6-1298P",0
"MIR4274",0
"DSPP",0
"RN7SL728P",0
"RPL21P49",0
"FTH1P24",0
"RNA5SP161",0
"RNU6-197P",0
"SDAD1-AS1",0
"CXCL9",0
"RPL36P8",0
"FAM47E-STBD1",0
"SNX5P1",0
"RNU6-1000P",0
"RPL36AP18",0
"MIR367",0
"MIR302D",0
"MIR302A",0
"MIR302C",0
"MIR302B",0
"GET1P1",0
"DMP1",0
"NPFFR2",0
"UGT2B29P",0
"UGT2B17",0
"UGT2B15",0
"RNU6-145P",0
"MIR4450",0
"MIR548AH",0
"OR7E103P",0
"OTOP1",0
"LINC02260",0
"RPL6P12",0
"UGT2A2",0
"CCDC158",0
"RNU6-907P",0
"RNU4-33P",0
"VPS51P13",0
"RPL5P13",0
"LSM3P4",0
"MIR7849",0
"HNRNPA1P55",0
"PF4",0
"RN7SL218P",0
"REELD1",0
"HGFAC",0
"MIR3688-1",0
"MIR3688-2",0
"ODAM",0
"FDCSP",0
"LTO1P1",0
"DEFB131A",0
"NEUROG2",0
"RPL23AP94",0
"ATP5MGP3",0
"HNRNPA1P65",0
"TMEM271",0
"PDE6B-AS1",0
"MIR378D1",0
"RNA5SP158",0
"MIR574",0
"RNU7-194P",0
"ZBTB8OSP1",0
"RNA5SP168",0
"AK4P6",0
"MMRN1",0
"RN7SKP248",0
"KRT19P6",0
"MIR578",0
"SCGB1D5P",0
"NOL8P1",0
"RNU6-1252P",0
"RNU4-87P",0
"RNU6-1055P",0
"RPS7P6",0
"COX6B1P5",0
"MIR4800",0
"SPICP5",0
"PMPCAP1",0
"MTND1P19",0
"RACK1P3",0
"RNA5SP164",0
"ATOH1",0
"SMARCAD1-DT",0
"HMGB3P15",0
"RPL35AP11",0
"PHOX2B",0
"RNU1-49P",0
"HMGB1P28",0
"ATP1B1P1",0
"RPS7P7",0
"CCNL2P1",0
"RN7SKP82",0
"LINC02383",0
"RN7SL691P",0
"TRIM75",0
"LINC02600",0
"RNU4-64P",0
"GC",0
"RNA5SP163",0
"MIR1973",0
"PSME2P4",0
"MRPS33P2",0
"DUTP7",0
"RNU6-836P",0
"RNU6-1195P",0
"UCHL1-DT",0
"MIR3138",0
"RNA5SP155",0
"RAF1P1",0
"FAM90A26",0
"GYPA",0
"RN7SKP235",0
"NKX3-2",0
"MIR5091",0
"RPL32P12",0
"RNY1P14",0
"RNU6-310P",0
"RN7SL446P",0
"MIR3140",0
"MIR4453",0
"SLC10A4",0
"ZAR1",0
"RNU5E-3P",0
"RN7SL253P",0
"RNU6-1054P",0
"RNU6-582P",0
"CRACD",0
"BIN2P1",0
"KLKB1",0
"SLC25A31",0
"FOSL1P1",0
"RNU6-1336P",0
"RPL9P16",0
"RNU6-853P",0
"NSA2P6",0
"OR7E94P",0
"JAKMIP1-DT",0
"PPBPP2",0
"GTF2IP12",0
"SEPTIN7P14",0
"RN7SL552P",0
"WDFY3-AS1",0
"TMPRSS11GP",0
"RNU6-95P",0
"MTND2P41",0
"TMPRSS11F",0
"TMPRSS11BNL",0
"TMPRSS11B",0
"WDR77P1",0
"RNU7-11P",0
"RNU6-1112P",0
"MIR4798",0
"RN7SKP30",0
"PDCL2",0
"RNU6-276P",0
"EXOC1L",0
"RNU6-652P",0
"FGF5",0
"GLDCP1",0
"ZNF876P",0
"MIR571",0
"ZNF519P4",0
"UGT2B28",0
"UGT2B25P",0
"UGT2B24P",0
"UGT2B4",0
"UGT2A1",0
"PRKG2",0
"PRKG2-AS1",0
"RNU5A-2P",0
"RPL30P6",0
"FAM177A1P1",0
"RNU7-149P",0
"MIR3684",0
"ADH1A",0
"ADH1B",0
"MIR218-1",0
"MIR7978",0
"KCNIP4-IT1",0
"DUX4",0
"MIR4802",0
"AFM",0
"F11",0
"RNA5SP152",0
"MLLT10P2",0
"TUBB7P",0
"RNA5SP174",0
"RNA5SP175",0
"FRG2",0
"AGGF1P1",0
"CLUHP4",0
"DUX4L8",0
"DUX4L7",0
"DUX4L6",0
"DUX4L5",0
"DUX4L4",0
"DUX4L1",0
"DUX4L3",0
"DUX4L2",0
"RNU6-284P",0
"CHORDC1P3",0
"BNIP3P41",0
"AIDAP2",0
"ZEB2P1",0
"CIBAR1P2",0
"HSP90AA4P",0
"MRPL42P1",0
"GUSBP5",0
"SYT14P1",0
"FTLP10",0
"RPSAP36",0
"ABCA11P",0
"PCNAP1",0
"CSN1S2AP",0
"CETN4P",0
"TMED11P",0
"VAMP9P",0
"ST3GAL1P1",0
"GNRHR",0
"TMPRSS11D",0
"TMPRSS11A",0
"EVA1CP2",0
"FAM86EP",0
"MTND2P31",0
"C9orf78P2",0
"LINC01085",0
"RN7SKP13",0
"CCNHP1",0
"MIR1305",0
"RPL22P13",0
"IFITM3P1",0
"MIR1269A",0
"RPS23P3",0
"RN7SL205P",0
"ELL2P2",0
"LINC01256",0
"AARS1P1",0
"SNORD73B",0
"SNORD73A",0
"RNU6-1282P",0
"RN7SKP35",0
"VEGFC",0
"RN7SKP136",0
"NEIL3",0
"RNA5SP172",0
"RNA5SP169",0
"PPBP",0
"MRPS36P2",0
"RNU7-192P",0
"RPSAP35",0
"NT5C3AP1",0
"GSX2",0
"PPIAP76",0
"LINC02498",0
"LNCPRESS2",0
"LINC01098",0
"LINC01396",0
"LINC02353",0
"SLIT2-IT1",0
"PCDH10-DT",0
"LINC02357",0
"FAM218A",0
"LINC02276",0
"LINC02500",0
"LINC02480",0
"LINC02377",0
"SNHG27",0
"LINC02501",0
"LNX1-AS2",0
"LINC02434",0
"LINC02267",0
"LINC01262",0
"LINC02374",0
"LINC00613",0
"LINC02364",0
"LINC02264",0
"LINC02171",0
"LINC02266",0
"LINC02509",0
"LINC01365",0
"LINC02499",0
"LINC02502",0
"LINC01258",0
"LINC02360",0
"IL21-AS1",0
"PCAT4",0
"LINC02382",0
"LINC02473",0
"LINC00290",0
"UNC5C-AS1",0
"LINC02475",0
"LINC02269",0
"LINC02174",0
"LINC02233",0
"LINC02380",0
"LINC02506",0
"LINC02379",0
"LINC01259",0
"LINC02438",0
"LINC02945",0
"ADGRL3-AS1",0
"LINC02283",0
"PRDM8-AS1",0
"LINC02462",0
"LINC02497",0
"LINC02835",0
"LINC02436",0
"LINC00955",0
"LINC02510",0
"HAND2-AS1",0
"LINC02261",0
"LINC02517",0
"LINC02485",0
"LINC02472",0
"LINC01096",0
"LINC02265",0
"LINC02272",0
"MIR577",0
"RCC2P8",0
"LINC00682",0
"OR7E83P",0
"ENPP7P11",0
"RPL15P7",0
"EVA1CP1",0
"OR7E35P",0
"UGT2B27P",0
"FAM86MP",0
"RBMXP4",0
"RPF2P2",0
"UGT2B26P",0
"ANKRD20A17P",0
"RPL6P16",0
"APOBEC3AP1",0
"RPS14P7",0
"NUDT19P5",0
"VTI1BP2",0
"FAM86KP",0
"OR7E111FP",0
"TECRP1",0
"LYPLA1P2",0
"CHCHD2P7",0
"UNC93B4",0
"OR7E99P",0
"OR7E43P",0
"UGT2A3P7",0
"KLHL2P1",0
"H3P14",0
"OR7E163P",0
"OR7E162P",0
"SEPTIN14P4",0
"NDUFS5P4",0
"RPL23AP84",0
"ALG1L7P",0
"ENPP7P9",0
"RPL7AP28",0
"RPL21P50",0
"LINC03074",0
"LINC00498",0
"LINC00989",0
"LINC02494",0
"LINC01099",0
"ADAMTS16",0
"LINC02145",0
"MTCO1P31",0
"MARCHF11",0
"MTCO1P30",0
"HMGB3P3",0
"RPL32P14",0
"ALG3P1",0
"MTCO2P30",0
"UBE2V1P12",0
"HPRT1P2",0
"MARK2P5",0
"PTPN11P4",0
"MTND6P2",0
"HSPD1P15",0
"LINC02146",0
"ANKH-DT",0
"ISL1",0
"ADH5P5",0
"GCSHP1",0
"RPL21P56",0
"AK4P2",0
"LINC02120",0
"GCNT1P2",0
"UQCRBP3",0
"ADAMTS12",0
"LINC02225",0
"CDH18",0
"HMGB1P47",0
"RAB3C",0
"SUCLG2P4",0
"RPS17P11",0
"UBL5P1",0
"HAPLN1",0
"PPIAP78",0
"KRT18P56",0
"CCNB3P1",0
"NT5ELP",0
"RPL5P15",0
"RPS27AP9",0
"RPS2P25",0
"LINC02118",0
"RPL13AP14",0
"MFSD4BP1",0
"HNRNPKP5",0
"MTND5P10",0
"ANKRD34B",0
"PPIAP79",0
"MTCO1P22",0
"C1GALT1P2",0
"HMGB3P16",0
"DPPA3P12",0
"CRLF3P2",0
"MTCO3P22",0
"HMGN1P14",0
"RACK1P1",0
"RPL5P14",0
"LINC02215",0
"NREP-AS1",0
"TRPC6P6",0
"LSP1P3",0
"B3GNTL1P1",0
"RPL17P21",0
"RPL21P55",0
"HMGN1P13",0
"BOLA3P3",0
"RPS17P2",0
"MTND4LP5",0
"ZCCHC10P2",0
"MRPL49P1",0
"PGAM1P1",0
"MEGF10",0
"HCN1",0
"MRPS35P2",0
"HMGN1P15",0
"MTCYBP22",0
"HSPE1P10",0
"LYSETP1",0
"BCL9P1",0
"ATP5PFP4",0
"LINC02214",0
"MTND3P19",0
"GZMAP1",0
"LSM2P2",0
"RPSAP37",0
"RPEP1",0
"MTCO2P24",0
"TILRLS",0
"CATSPER2P2",0
"IL9",0
"LINC02161",0
"MTND6P22",0
"GJA1P1",0
"PRR16",0
"TPT1P5",0
"ATG10-AS1",0
"RBBP4P6",0
"ESM1",0
"PRELID3BP8",0
"ACTBP4",0
"OR7H2P",0
"TRPC7-AS2",0
"TOMM40P3",0
"MEIKIN",0
"BHMT",0
"FTH1P9",0
"TRPC6P9",0
"TRPC6P2",0
"MINAR2",0
"RPL7L1P4",0
"SELENOTP2",0
"AK3P4",0
"HNRNPA3P7",0
"MTCO1P24",0
"PGAM5P1",0
"ARL2BPP5",0
"MRPS5P3",0
"CTBP2P4",0
"RPL35AP15",0
"MARK2P11",0
"EEF1A1P50",0
"LSM1P2",0
"HMGB1P21",0
"ARGFXP1",0
"NAMPTP2",0
"ATP6V0E1P1",0
"LINC02995",0
"MRPL57P6",0
"RPL23AP44",0
"RPL21P59",0
"HAND1",0
"CKS1BP5",0
"BTG4P1",0
"IL3",0
"GABRA1",0
"RPL12P22",0
"HMGN2P27",0
"RPL7AP33",0
"FTMT",0
"BTNL8",0
"RPS29P12",0
"NKX2-5",0
"TMEM69P2",0
"ARPP19P1",0
"EEF1GP2",0
"BTNL3",0
"RPL36AP20",0
"RPL12P21",0
"C5orf52",0
"MCTP1-AS1",0
"IL4",0
"RPL13AP13",0
"HSPA8P4",0
"SEMA5A-AS1",0
"ARL2BPP4",0
"INTS6P1",0
"ECSCR",0
"C1QTNF2",0
"MTCYBP37",0
"TMEM174",0
"RPS15AP18",0
"RN7SKP73",0
"MIR4458",0
"RNU1-76P",0
"SNORD123",0
"RNA5SP177",0
"MIR4636",0
"MIR887",0
"RNU6-679P",0
"RNA5SP178",0
"RNU6-660P",0
"RN7SL58P",0
"RNU4-43P",0
"RNU6-374P",0
"RN7SKP207",0
"RNU6-378P",0
"MIR579",0
"RNU6-358P",0
"RNU6-760P",0
"RNU6-909P",0
"RNU7-130P",0
"RNU1-150P",0
"RNU6-480P",0
"RNU6-1296P",0
"RNU6-272P",0
"MIR581",0
"RN7SL801P",0
"RNA5SP185",0
"RNA5SP182",0
"RNU6ATAC2P",0
"MIR449A",0
"MIR449B",0
"MIR449C",0
"RNU6-299P",0
"MIR5687",0
"RN7SL169P",0
"RNU6-294P",0
"RNU6-913P",0
"MIR4803",0
"RNU7-196P",0
"RNU4-11P",0
"RN7SL378P",0
"RN7SKP295",0
"RNU6-620P",0
"MIR3660",0
"RN7SKP34",0
"MIR4280",0
"RNU6-804P",0
"RNY3P1",0
"SNORD138",0
"RN7SL802P",0
"MIR548P",0
"RNU6-1119P",0
"RN7SKP62",0
"RN7SKP68",0
"RNU4-90P",0
"RNU6-47P",0
"RN7SKP230",0
"RN7SKP57",0
"RNA5SP188",0
"RNU1-140P",0
"RNU6-644P",0
"RN7SL711P",0
"MIR548F3",0
"SNORA13",0
"RNU6-752P",0
"RNU6-373P",0
"RNU6-701P",0
"MIR5706",0
"RNU7-53P",0
"RNU6-718P",0
"RNA5SP189",0
"MIR4460",0
"RNU6-290P",0
"RNU4-69P",0
"RNU6ATAC10P",0
"RNA5SP191",0
"MIR5197",0
"RN7SL87P",0
"RN7SKP246",0
"RNU7-156P",0
"RNU6-588P",0
"RN7SL655P",0
"MIR378A",0
"MIR3142",0
"MIR146A",0
"RNU6-164P",0
"RNU6-260P",0
"RN7SL868P",0
"MIR1294",0
"RN7SKP60",0
"RNU6-500P",0
"RNA5SP200",0
"RNU6-209P",0
"MIR8056",0
"RNU6-168P",0
"MIR5003",0
"RNU1-17P",0
"MIR8089",0
"RNU6-525P",0
"MIR340",0
"RNU6-1036P",0
"SLC34A1",0
"PFN3",0
"RPS20P4",0
"SLC9A3-OT1",0
"MIR4456",0
"BRD9P2",0
"SPICP4",0
"SPCS2P3",0
"RNU6-572P",0
"SNORA74A",0
"RNA5SP195",0
"RN7SKP64",0
"RNU5B-4P",0
"RNU6-732P",0
"MIR584",0
"RN7SKP145",0
"HTR1A",0
"NMUR2",0
"TRPC7",0
"MIR4278",0
"RN7SKP79",0
"GNL3LP1",0
"GABRA6",0
"GABRA6-AS1",0
"GLRXP3",0
"ZNF474-AS1",0
"PCDHA1",0
"PCDHA2",0
"PCDHA3",0
"PCDHA5",0
"PCDHA6",0
"PCDHA8",0
"PCDHA14",0
"RN7SL339P",0
"RPSAP71",0
"SNORA70J",0
"RPL10P8",0
"MIR3912",0
"FOXI1",0
"KRT18P41",0
"IGIP",0
"ZRSR2P1",0
"GABRG2",0
"RBISP2",0
"RNU7-75P",0
"CIR1P1",0
"MIR3141",0
"RNU6-661P",0
"RPL35AP14",0
"RANBP3L",0
"PRELID3BP6",0
"TUBAP14",0
"FOXO1B",0
"SNORD63B",0
"SNORD63",0
"FOXD1",0
"FOXD1-AS1",0
"LINC01386",0
"RN7SKP232",0
"RNA5SP198",0
"RNU6-923P",0
"RXFP3",0
"C1QTNF3-AMACR",0
"FHP2",0
"RN7SL684P",0
"SNCB",0
"MIR4281",0
"EIF4E1B",0
"UGT3A2",0
"MIR580",0
"RNU6-1305P",0
"NADK2-AS1",0
"MIR6830",0
"MIR3936",0
"RNU6-363P",0
"RNA5SP196",0
"RN7SL791P",0
"RNU6-456P",0
"RN7SL541P",0
"KRT8P48",0
"PPP2R2B-IT1",0
"FNDC9",0
"NIPAL4-DT",0
"RN7SL646P",0
"RN7SKP70",0
"PRDX2P3",0
"RNA5SP181",0
"NENFP3",0
"RPL29P13",0
"ARSI",0
"RPS27AP18",0
"IL5",0
"LINC01861",0
"RNA5SP199",0
"RNU6-556P",0
"H2BL1P",0
"MIR4804",0
"RPL35AP13",0
"CTDNEP1P2",0
"CHP1P1",0
"RN7SL782P",0
"RN7SKP122",0
"CUL1P1",0
"RPS27P14",0
"RN7SL616P",0
"SLC27A6",0
"MIR4633",0
"NACAP6",0
"PDCD6-AHRR",0
"TAS2R1",0
"MIR548AE2",0
"EIF3KP1",0
"RNU7-175P",0
"SUMO2P5",0
"CARTPT",0
"RPL21P58",0
"FABP5P6",0
"TUBAP15",0
"HMHB1",0
"OR2Y1",0
"PCDHGA1",0
"PCDHGA3",0
"PCDHGA4",0
"PCDHGB2",0
"PCDHGA5",0
"PCDHGB3",0
"PCDHGA7",0
"PCDHGA8",0
"PCDHGA9",0
"PCDHGA12",0
"PCDHGB9P",0
"RN7SL68P",0
"PCDHGC4",0
"RPS27AP10",0
"MIR4638",0
"SNORD96A",0
"SNORD95",0
"RNU6-705P",0
"DCANP1",0
"NKD2",0
"MIR4635",0
"RNA5SP192",0
"CDX1",0
"IL13",0
"RN7SKP148",0
"RNU6-226P",0
"HRH2",0
"ATP6V1G1P6",0
"RNU6-183P",0
"PCDHB6",0
"PCDHB7",0
"PCDHB10",0
"PCDHB11",0
"PCDHB12",0
"PCDHB14",0
"PCDHB15",0
"SLC25A2",0
"CDC42P5",0
"SHISAL2B",0
"RNU6-1148P",0
"WNT8A",0
"RNU6-460P",0
"RNU6-888P",0
"RNU6-658P",0
"RNU6-1330P",0
"CTXN3",0
"HMGN1P16",0
"MARCOL",0
"SPINK14",0
"BCLAF1P1",0
"RN7SL153P",0
"OR1X1P",0
"MROH2B",0
"GOLGA5P1",0
"CFAP53P1",0
"TENM2",0
"RNU6-477P",0
"MIR378E",0
"SNORD72",0
"RNU7-161P",0
"RNU4ATAC2P",0
"LINC01845",0
"VWA8P1",0
"RN7SKP251",0
"SUMO2P4",0
"SNORA50D",0
"APOOP1",0
"GARIN3",0
"HK3",0
"OR1X5P",0
"MIR4637",0
"RNU6-1232P",0
"YBX1P5",0
"PDGFRL2P",0
"ATP6V1G1P5",0
"RNA5SP197",0
"RPL21P54",0
"ANKRD31",0
"RNU6-680P",0
"SLC25A5P9",0
"SAP18P1",0
"RNA5SP186",0
"PDCD5P2",0
"RNU6ATAC36P",0
"CRHBP",0
"SNORA47",0
"HMGB1P35",0
"RPS2P24",0
"RTRAFP2",0
"RNU6-308P",0
"GPR150",0
"DBIP2",0
"LINC01337",0
"RNA5SP183",0
"HNRNPH1P3",0
"ZNF475",0
"NEUROG1",0
"MIR5692C1",0
"CAMK2A",0
"GRM6",0
"RN7SKP157",0
"MIR2277",0
"NR2F1",0
"RNU1-39P",0
"SLC6A19",0
"MIR4457",0
"MTCO2P32",0
"MIR6075",0
"CDH12P1",0
"ACOT12",0
"LINC02222",0
"OR2AI1P",0
"CICP15",0
"MTCYBP35",0
"MIR6131",0
"PMCHL1",0
"NBPF22P",0
"PMCHL2",0
"PCDHB17P",0
"PCDHB18P",0
"PCDHB19P",0
"CEP192P1",0
"AACSP1",0
"SDHAP3",0
"ZNF300P1",0
"SEPTIN14P5",0
"GTF2H2B",0
"NAIPP1",0
"WSPAR",0
"TSSK1B",0
"RNU4ATAC13P",0
"DDX18P4",0
"CSNK1A1P3",0
"RNU6-402P",0
"RNU6-429P",0
"MIR6499",0
"RN7SL177P",0
"GRIA1",0
"PGBD4P3",0
"SPINK7",0
"SPINK9",0
"RN7SKP89",0
"MIR9-2",0
"LINC02218",0
"H3P17",0
"H3P19",0
"H3P20",0
"H3Y1",0
"H3P22",0
"MIR874",0
"MIR3655",0
"ANKRD33B-AS1",0
"SLIT3",0
"SLIT3-AS2",0
"MIR218-2",0
"MIR585",0
"PPIAP77",0
"PRELID3BP4",0
"MIR6831",0
"MIR1229",0
"KCNIP1",0
"RN7SL623P",0
"PLCXD3",0
"RPL7AP32",0
"RPL6P15",0
"MIR1289-2",0
"RNU7-180P",0
"ABLIM3",0
"IL17B",0
"LNPPS",0
"MIR143",0
"MIR145",0
"MSANTD5",0
"SLC2A3P1",0
"MIR103B1",0
"RNU6-738P",0
"CDH12P3",0
"NDUFB4P2",0
"MIR582",0
"RNU6-806P",0
"RPL31P8",0
"CAB39P1",0
"KRT8P31",0
"VTRNA1-1",0
"RPLP1P6",0
"HMGB3P22",0
"PDZPH1P",0
"FBXL21P",0
"PCDHGB8P",0
"ATP6AP1L",0
"NPY6R",0
"RN7SL629P",0
"RNU6-606P",0
"PCDHB8",0
"TAF11L5",0
"TAF11L3",0
"TAF11L7",0
"TAF11L8",0
"TAF11L13",0
"TAF11L4",0
"TAF11L6",0
"TAF11L10",0
"TAF11L9",0
"TAF11L14",0
"SETP22",0
"RNU1-73P",0
"H3P24",0
"RNU2-49P",0
"DDX43P1",0
"WBP1LP4",0
"TAF11L11",0
"TAF11L12",0
"RN7SL814P",0
"YTHDF1P1",0
"MTCYBP40",0
"RNU6-540P",0
"RPS3AP22",0
"H3P23",0
"RNA5SP176",0
"EGFLAM-AS3",0
"RNU6-484P",0
"GDNF",0
"EGFLAM-AS4",0
"KCTD9P5",0
"RNA5SP179",0
"RPL19P11",0
"DUX4L51",0
"RPSAP38",0
"RNA5SP180",0
"DCAF13P2",0
"RN7SKP133",0
"FTH1P10",0
"PDCD6P1",0
"MIR4277",0
"HMMR-AS1",0
"RPL5P16",0
"MIR3977",0
"ST13P12",0
"RNA5SP187",0
"LDHBP3",0
"CCT7P2",0
"RN7SL255P",0
"RNU6-334P",0
"HMGB1P22",0
"RN7SKP117",0
"HSPD1P18",0
"HNRNPA1P13",0
"ANKRD49P3",0
"RNA5SP193",0
"RNU6-236P",0
"PSD2",0
"PCDHB1-AS1",0
"HIGD1AP3",0
"MIR4634",0
"IRGM",0
"NAIPP3",0
"GUSBP3",0
"GUSBP18",0
"GUSBP1",0
"SALL4P1",0
"LNCBRM",0
"RNU6-381P",0
"FGF10",0
"FGF10-AS1",0
"RN7SL383P",0
"LINC02102",0
"LINC01950",0
"ADAMTS19-AS1",0
"LINCADL",0
"LINC02121",0
"ADAMTS16-DT",0
"LINC02220",0
"THOC3-AS1",0
"LINC02112",0
"LINC02221",0
"LINC02106",0
"LINC02103",0
"IRX4-AS1",0
"LINC01411",0
"MARCHF11-DT",0
"LINC02100",0
"EGFLAM-AS1",0
"LINC02058",0
"LINC02143",0
"LINC01366",0
"LINC01944",0
"ERBIN-DT",0
"LINC02239",0
"LINC02900",0
"CEP72-DT",0
"JAKMIP2-AS1",0
"LINC02105",0
"LINC02213",0
"GSCAR",0
"LINC02230",0
"LINC02223",0
"LINC02996",0
"TENM2-AS1",0
"LINC02199",0
"LINC03123",0
"LINC01951",0
"LINC01848",0
"CAPSL-DT",0
"LINC01938",0
"TRPC7-AS1",0
"SEMA6A-AS2",0
"LINC02117",0
"LINC01470",0
"KCNIP1-OT1",0
"LINC01385",0
"LINC02147",0
"CDH18-AS1",0
"LINC02488",0
"LINC02144",0
"LINC02116",0
"ISL1-DT",0
"LINC02104",0
"LINC01333",0
"LINC02142",0
"LINC02148",0
"LINC02123",0
"LINC01019",0
"LINC02162",0
"ACSL6-AS1",0
"LINC01377",0
"LINC01962",0
"LINC00604",0
"LINC02114",0
"LINC01020",0
"FABP5P5",0
"MIR583",0
"RNU6-524P",0
"LINC02061",0
"HMGN1P17",0
"OTULIN-DT",0
"LINC01455",0
"TRMT112P2",0
"KRT18P45",0
"SPZ1",0
"RBMX2P5",0
"RNU6-211P",0
"RPL37P25",0
"HSPB3",0
"PTP4A1P4",0
"GUSBP7",0
"GUSBP9",0
"SEPHS2P1",0
"RPL23AP45",0
"RPL36P11",0
"PRELID3BP7",0
"GUSBP17",0
"OCLNP1",0
"CDH12P4",0
"SEM1P1",0
"GUSBP15",0
"H3P18",0
"H3P21",0
"GUSBP14",0
"NAIPP2",0
"SETP21",0
"POLD2P1",0
"HMGB3P17",0
"NIFKP2",0
"GUSBP13",0
"CDH12P2",0
"GUSBP19",0
"GUSBP8",0
"LINC02113",0
"GGCTP1",0
"TRIM7-AS1",0
"GUSBP16",0
"FOXF2-DT",0
"RPL5P20",0
"EEF1E1-BLOC1S5",0
"RPL21P61",0
"BLOC1S5-TXNDC5",0
"SPTLC1P2",0
"PIP5K1P1",0
"TOMM5P1",0
"RPL6P18",0
"HDGFL1",0
"RPL6P17",0
"RPL7AP36",0
"ISG20L2P1",0
"RPL13P",0
"OR2U2P",0
"TFB2MP1",0
"OR2J4P",0
"ZNF90P2",0
"RBM24",0
"DDX18P3",0
"FOXF2",0
"UQCRFS1P3",0
"RPL21P62",0
"OR2G1P",0
"JARID2-AS1",0
"IMPDH1P9",0
"HNRNPA1P58",0
"RPL29P17",0
"E2F4P1",0
"WBP1LP12",0
"PGK2",0
"NANOGP3",0
"RPL37P15",0
"PRR11P1",0
"TIAL1P1",0
"MTMR9P1",0
"RBBP4P4",0
"CRISP2",0
"LAP3P1",0
"GCNT1P4",0
"RPS15AP20",0
"POU3F2",0
"NDUFA5P9",0
"NPM1P38",0
"RUNX2-AS1",0
"GLYATL3",0
"RPL35P3",0
"PRDX2P4",0
"SUMO2P8",0
"LAMA4-AS1",0
"TXNP7",0
"EEF1GP6",0
"GAPDHP41",0
"EIF4EBP2P3",0
"SMARCE1P2",0
"RPL31P32",0
"MCHR2",0
"BDH2P1",0
"DHFRP5",0
"GFRAL",0
"SOCS5P5",0
"ANKRD39P1",0
"CBX3P9",0
"RPL31P28",0
"LINC02857",0
"PRSS35",0
"KRASP1",0
"RPL5P19",0
"EEF1A1P36",0
"RPL35AP18",0
"RPL7AP35",0
"KRT18P22",0
"RPS17P5",0
"SIM1-AS1",0
"RPL23AP48",0
"SLC25A6P6",0
"BTF3L4P3",0
"TNPO3P2",0
"FCF1P10",0
"RPL21P66",0
"RPL31P33",0
"LIN28B",0
"YAP1P3",0
"KRT18P50",0
"EEF1A1P42",0
"CALHM6-AS1",0
"NDUFAB1P1",0
"TINAG",0
"HTR1E",0
"NPM1P10",0
"GAPDHP73",0
"FUT9",0
"CALHM6",0
"FAM136FP",0
"LINC02524",0
"TUBB4BP7",0
"RPSAP42",0
"RFPL4B",0
"RPA3P2",0
"TAAR6",0
"FTH1P26",0
"NDUFS5P1",0
"PPP1R14BP5",0
"TRAPPC3L",0
"ALDH8A1",0
"MTCYBP36",0
"MEMO1P2",0
"MTCO3P31",0
"C11orf98P2",0
"MTATP6P25",0
"RPL12P23",0
"PHB1P1",0
"MTHFD2P2",0
"MTND4LP19",0
"TINAG-AS1",0
"ATF1P1",0
"NUDT19P3",0
"RAET1L",0
"TUBB8P2",0
"HMGB3P19",0
"HSPD1P10",0
"MTCO1P56",0
"RPL26P20",0
"SSR1P1",0
"CYP51A1P3",0
"SNRPEP6",0
"LDHAL6FP",0
"RAET1M",0
"VIP",0
"EEF1DP5",0
"MTND3P20",0
"HMGB1P13",0
"RPSAP40",0
"COX6A1P3",0
"KLHL32",0
"H3P27",0
"RPS24P12",0
"NIP7P3",0
"COX5BP2",0
"TAAR4P",0
"MTND4LP20",0
"MTCO2P31",0
"MTRES1P1",0
"RPL21P64",0
"CLNS1AP1",0
"MTND4P13",0
"ZC2HC1B",0
"RPL31P29",0
"TAAR7P",0
"RPL10P10",0
"AK4P5",0
"HMGB1P17",0
"CACYBPP3",0
"RPL17P24",0
"RPL23AP46",0
"CTAGE13P",0
"SSXP10",0
"NMBR-AS1",0
"RPL7P27",0
"DNAJA1P4",0
"MTATP6P31",0
"RPL36P10",0
"FEM1AP3",0
"HNRNPDP2",0
"RAB1AP2",0
"RPSAP72",0
"RN7SL352P",0
"MIR6720",0
"MIR3691",0
"RNU6ATAC21P",0
"RN7SL554P",0
"RNU6-793P",0
"MIR548A1",0
"RN7SL332P",0
"RNA5SP204",0
"RNU6-263P",0
"RNU6-1060P",0
"RN7SKP240",0
"RNA5SP205",0
"RNU6-801P",0
"RNU6-150P",0
"RNU6-930P",0
"RN7SL273P",0
"RNU1-54P",0
"RNU6-754P",0
"MIR5685",0
"RNU7-65P",0
"RNU1-136P",0
"RN7SL580P",0
"RNA5SP208",0
"RNU6-1023P",0
"RNU7-66P",0
"RNU6-261P",0
"MIR548U",0
"RNU6-84P",0
"RNU6-155P",0
"RNU6-1338P",0
"RNA5SP209",0
"RNU6-280P",0
"RN7SKP256",0
"RNA5SP210",0
"RNU6-248P",0
"RN7SL643P",0
"RN7SL415P",0
"MIR4643",0
"MIR548AI",0
"RN7SL509P",0
"RNU4-66P",0
"RN7SL797P",0
"RNU7-48P",0
"RNU6-1299P",0
"MIR2113",0
"RNU6-1106P",0
"MIR4464",0
"RNU6-344P",0
"RNU6-1163P",0
"RNU6-214P",0
"RN7SKP18",0
"RNU6-897P",0
"RN7SKP163",0
"RNA5SP215",0
"RNU6-1226P",0
"RN7SKP51",0
"RN7SKP56",0
"RNU6-253P",0
"MIR588",0
"RNU6-200P",0
"RNU4-76P",0
"RNU6-475P",0
"RNU1-18P",0
"MIR3662",0
"RNU6-1222P",0
"MIR548B",0
"RNU6-194P",0
"RNU7-152P",0
"RN7SKP211",0
"RNU6-896P",0
"RNA5SP225",0
"RNU2-8P",0
"RNU4-7P",0
"RNU6-300P",0
"RNA5SP224",0
"RN7SKP106",0
"MIR1202",0
"RN7SL564P",0
"MIR4644",0
"SNORD28B",0
"RNA5SP221",0
"DNAJC19P6",0
"RN7SKP110",0
"RNU1-33P",0
"TCF21",0
"RN7SK",0
"RN7SL244P",0
"RNU6-464P",0
"SOD1P1",0
"IQCB2P",0
"OR2W2P",0
"OR2B7P",0
"OR2B8P",0
"RPLP2P1",0
"OR2W4P",0
"MIR7161",0
"UNC93A",0
"SIM1",0
"GPR31",0
"PRDM13",0
"IYD",0
"SLC22A16",0
"RN7SL617P",0
"MIR4645",0
"SERPINB8P1",0
"RNA5SP201",0
"RNU6-391P",0
"RNU1-11P",0
"LINC02530",0
"GPR53P",0
"OR2H5P",0
"TMEM183AP1",0
"SNORD32B",0
"RPL13AP",0
"MOG",0
"RPL23AP1",0
"HCG9P5",0
"RPL7AP7",0
"GCNT2P1",0
"GCM2",0
"HNRNPH1P1",0
"SNORA29",0
"RN7SL403P",0
"MIR4282",0
"KNOP1P4",0
"PGAM1P10",0
"RBPMS2P1",0
"PAICSP3",0
"DPPA5",0
"OOEP-AS1",0
"RPS6P8",0
"RNA5SP211",0
"RNU6-527P",0
"RPL21P65",0
"RNU6-117P",0
"MIR587",0
"RNU6-1115P",0
"RNU6-824P",0
"MIR1273C",0
"CLDN20",0
"NOX3",0
"RN7SKP186",0
"DDR1-DT",0
"MIR4640",0
"HCG21",0
"NAPGP2",0
"RNU6-1133P",0
"C6orf15",0
"PSORS1C2",0
"POLR2LP1",0
"RNU6-153P",0
"GNG5P1",0
"HNRNPA1P49",0
"RPS6KA2-IT1",0
"MIR1913",0
"KCNK16",0
"LNCDAT",0
"RN7SL221P",0
"PKMP5",0
"NRN1",0
"MIR7853",0
"MIR5683",0
"SNAPC5P1",0
"VTA1P1",0
"SMIM15P2",0
"MTCH1P1",0
"RPSAP43",0
"RNA5SP213",0
"LINC02536",0
"MRPS17P5",0
"GSTA11P",0
"NCR2",0
"MIR4641",0
"SLC17A1",0
"SLC17A3",0
"H2AC3P",0
"H2BP5",0
"H3P26",0
"H1-1",0
"RPL15P4",0
"ATP6V1G2-DDX39B",0
"SNORD117",0
"SNORD84",0
"SNORA38",0
"MIR6832",0
"LY6G6F-LY6G6D",0
"MSH5-SAPCD1",0
"RNU6-850P",0
"WASF5P",0
"LINC02571",0
"MIR6891",0
"RNU6-283P",0
"FGFR3P1",0
"ATP6V0CP3",0
"RN7SKP299",0
"RNA5SP219",0
"NHEG1",0
"CAPN11",0
"NPM1P51",0
"PRICKLE4",0
"SNORD48",0
"SNORD52",0
"CHP1P2",0
"RNA5SP226",0
"RNU6-730P",0
"RN7SL366P",0
"MICC",0
"TMPOP1",0
"MIR877",0
"TOMM6",0
"RN7SKP204",0
"MIR3692",0
"RNU6-786P",0
"RNU6-906P",0
"MIR4462",0
"PNPLA1",0
"MIR3135B",0
"HLA-Z",0
"RPL27AP7",0
"HNRNPA3P4",0
"MYB-AS1",0
"MIR548A2",0
"RN7SL183P",0
"SPACA1",0
"ACTBP8",0
"AP3S1P1",0
"RNU6-502P",0
"H3C11",0
"RNU7-26P",0
"OR2B2",0
"ETF1P1",0
"MIR6721",0
"MIR6833",0
"RNU6-603P",0
"RPL7P4",0
"RN7SL353P",0
"NUP50P4",0
"HMGB1P39",0
"MIR4463",0
"UBE2V1P15",0
"RNU1-34P",0
"SCUBE3-AS1",0
"TULP1",0
"RPL36P9",0
"MIR5690",0
"PLA2G7",0
"MIR1236",0
"RNA5SP206",0
"H2AC7",0
"H3C5P",0
"H4C6",0
"H4C7",0
"COPS5P1",0
"RPL17P26",0
"RNU6-626P",0
"OSTCP6",0
"FTH1P15",0
"MRPL30P1",0
"SLC17A2",0
"HCRTR2",0
"OOEP",0
"RPS6KA2-AS1",0
"RNY4P20",0
"RN7SKP268",0
"HSPA8P15",0
"RNU6-813P",0
"RPS12P14",0
"FAM162B",0
"GPRC6A",0
"RPS29P13",0
"RNA5SP214",0
"RFX6",0
"RNA5SP220",0
"MIR3668",0
"MIR4465",0
"MIR548H5",0
"SELENOKP2",0
"RN7SKP245",0
"RNA5SP217",0
"RPL5P18",0
"CRISP1",0
"DEFB114",0
"DEFB113",0
"DEFB110",0
"DEFB112",0
"RNA5SP223",0
"NANOGP11",0
"OR12D2",0
"UBDP1",0
"MAS1L",0
"RPS17P1",0
"OR5V1",0
"OR12D3",0
"ZNF70P1",0
"MIR6873",0
"MIR6834",0
"SMIM40",0
"OR14J1",0
"RPL12P47",0
"RPL34P14",0
"RPL35AP4",0
"MIR5004",0
"MTCYBP4",0
"HSPE1P21",0
"BTBD10P2",0
"CCT7P1",0
"RAET1E-AS1",0
"PKMP3",0
"SNORD50B",0
"SMIM11P1",0
"RNU4-72P",0
"RNU4-12P",0
"CYCSP17",0
"RPS26P29",0
"OR2H1",0
"OR2J2",0
"OR10C1",0
"METTL24",0
"KRT18P64",0
"DUTP5",0
"TAAR1",0
"GPR6",0
"RPS7P8",0
"RNU4-70P",0
"TYMSP1",0
"RN7SL173P",0
"TRIM26BP",0
"TRIM39-RPP21",0
"HLA-N",0
"HCG19P",0
"UBQLN1P1",0
"RPL8P1",0
"RSL24D1P1",0
"H4C10P",0
"H2BC14",0
"CNN3P1",0
"RNU6-861P",0
"RPL5P21",0
"MTCO3P1",0
"HLA-DQB3",0
"PXT1",0
"TAAR5",0
"MYCT1",0
"ZNF603P",0
"ZKSCAN8P2",0
"TOB2P1",0
"VN1R11P",0
"RPL10P2",0
"POM121L2",0
"VN1R10P",0
"MCFD2P1",0
"CD83P1",0
"RNU6-471P",0
"RNY3P15",0
"ST13P16",0
"RNU6-444P",0
"BTNL2",0
"GPR166P",0
"PI16",0
"HLFP1",0
"CCNG1P1",0
"RBM11P1",0
"RNU6-302P",0
"ARMC12",0
"CMPK1P1",0
"CLPSL1",0
"CLPS",0
"KILH",0
"CALHM4",0
"RNU6-437P",0
"MTHFD2P3",0
"MRPL42P3",0
"RNY3P11",0
"PRELID1P2",0
"SREK1IP1P2",0
"OR1F12P",0
"NR2E1",0
"RNU6-1144P",0
"RPL36AP24",0
"RNU6-770P",0
"RN7SKP209",0
"CGA",0
"RCN1P1",0
"MIR206",0
"LINCMD1",0
"MIR133B",0
"IL17A",0
"GJE1",0
"SAPCD1",0
"MUC22",0
"TAAR8",0
"TAAR9",0
"TMEM217B",0
"RNU6-250P",0
"KATNBL1P5",0
"RPL21P68",0
"RNU6-987P",0
"RNU1-88P",0
"RN7SL234P",0
"FABP12P1",0
"SUMO4",0
"GUCA1ANB-GUCA1A",0
"PAGE4P1",0
"H2AC1",0
"H2BC1",0
"GLP1R",0
"ANKRD18EP",0
"MLN",0
"ANKRD36P2",0
"MIR7159",0
"MIR1275",0
"KIAA0408",0
"GRM4",0
"KRT18P9",0
"MIR6835",0
"MTCL3",0
"TTBK1",0
"H3P28",0
"MIR4466",0
"BECN1P2",0
"RPS10-NUDT3",0
"ATP6V1FP1",0
"OR2H4P",0
"OR2N1P",0
"OR2B4P",0
"TAAR3P",0
"PRIM2BP",0
"HLA-V",0
"TCP10L3",0
"CYP21A1P",0
"H2AC10P",0
"DEFB133",0
"HLA-DRB6",0
"ZNF602P",0
"RAET1K",0
"ZSCAN12P1",0
"GSTA9P",0
"HLA-L",0
"BTN2A3P",0
"HLA-DPB2",0
"ZNF204P",0
"H2AC2P",0
"TCP10L2",0
"MIR548AJ1",0
"SMLR1",0
"DBIP1",0
"FUNDC2P3",0
"RNA5SP222",0
"LUADT1",0
"YAP1P1",0
"DDX39BP1",0
"HLA-J",0
"PLG",0
"RPS29P32",0
"RNA5SP218",0
"RNU6-1286P",0
"RNU4-35P",0
"GUSBP2",0
"POM121L6P",0
"IL22RA2",0
"RPL21P67",0
"ARG1",0
"ENPP3",0
"RNU4-18P",0
"TFGP1",0
"DNAJC2P1",0
"SLC22A2",0
"LPAL2",0
"LPA",0
"NUDT19P4",0
"B3GNTL1P2",0
"RN7SKP116",0
"RNU1-105P",0
"FCF1P5",0
"NACAP7",0
"RN7SL11P",0
"MIR3934",0
"MIR4642",0
"NPM1P36",0
"DHFRP6",0
"TUBB3P1",0
"NKAIN2",0
"NCOA7-AS1",0
"ATP5PBP6",0
"MLIP",0
"ERHP2",0
"RNU6-411P",0
"MIR30C2",0
"MIR30A",0
"NGRNP2",0
"CIMIP3",0
"SEPTIN14P6",0
"PRELID1P1",0
"ZPR1P1",0
"RPS3AP23",0
"VDAC1P8",0
"GAPDHP72",0
"RPL7AP37",0
"KATNBL1P6",0
"PPP1R2P1",0
"SELENOKP3",0
"DHFRP2",0
"DPRXP2",0
"OFCC1",0
"TEX56P",0
"ADGRF2P",0
"LY6G6E",0
"CMAHP",0
"VNN3P",0
"POLR1HASP",0
"GGNBP1",0
"GSTA5",0
"RNU6-653P",0
"CCDC162P",0
"TUBBP9",0
"ADCY10P1",0
"CLVS2",0
"SUMO2P12",0
"RN7SKP293",0
"OR12D1",0
"FNDC1-IT1",0
"SPTLC1P3",0
"EEF1B2P5",0
"RNF182",0
"MRPL35P1",0
"RNU7-133P",0
"LINC01108",0
"MARK2P18",0
"HMGN2P28",0
"CRIPTOP4",0
"RNA5SP202",0
"MTCO2P33",0
"RN7SL471P",0
"OR2AD1P",0
"OR2W1",0
"SAR1AP1",0
"WBP1LP8",0
"HTR1B",0
"RPS6P7",0
"MEI4",0
"KHDRBS2",0
"LINC02549",0
"RNU1-64P",0
"THAP12P5",0
"RN7SL128P",0
"E2F3-IT1",0
"RNU6-141P",0
"C4A-AS1",0
"HCG24",0
"TREML1",0
"TREML3P",0
"RNA5SP207",0
"TREML5P",0
"TREM1",0
"RNU6-643P",0
"RPL32P15",0
"RNU6-293P",0
"MDH1P2",0
"MIR4639",0
"RNU6-1114P",0
"CHCHD2P4",0
"CT69",0
"LINC03002",0
"LINC00243",0
"UST-AS2",0
"LINC01276",0
"TDRD6-AS1",0
"LINC00951",0
"TMEM242-DT",0
"SIMALR",0
"LINC02529",0
"DNAH8-DT",0
"TRDN-AS1",0
"ELOVL2-AS1",0
"MLIP-AS1",0
"LINC02526",0
"LINC02919",0
"LINC02534",0
"LINC01611",0
"CDYL-AS1",0
"LINC01016",0
"UST-AS1",0
"HCG22",0
"LINC02527",0
"ADGB-DT",0
"CCDC28A-AS1",0
"LINC02540",0
"LINC02525",0
"LINC01626",0
"LINC02539",0
"LINC03004",0
"SCAT8",0
"LINC02829",0
"PACRG-AS2",0
"LINC02533",0
"DNAH8-AS1",0
"HEY2-AS1",0
"LINC02523",0
"MIR548A1HG",0
"LINC02521",0
"HCG9",0
"LINC01512",0
"RN7SL502P",0
"RN7SL748P",0
"RNU2-61P",0
"PNRC1-DT",0
"RNU2-45P",0
"COX11P1",0
"OR2E1P",0
"GPX5",0
"ZBED9-AS1",0
"COX8CP1",0
"RPSAP2",0
"DINOL",0
"RPL7L1P20",0
"MIR5689",0
"MRPL48P1",0
"GUSBP4",0
"POM121L14P",0
"LINC00680",0
"GAPDHP15",0
"PBOV1",0
"SMIM28",0
"MIR3145",0
"RN7SL811P",0
"MYMX",0
"MIR4647",0
"TCTE1",0
"SPATS1",0
"MIR6780B",0
"RNU6-1113P",0
"SLC25A51P1",0
"TPI1P3",0
"CYP2AC1P",0
"HMGB3P18",0
"NGRNP4",0
"NBAT1",0
"ATP5MFP2",0
"ZDHHC20P1",0
"IFITM4P",0
"HCG4",0
"MICG",0
"RPSAP41",0
"EIF3EP1",0
"CNN2P9",0
"RBISP4",0
"GSTA6P",0
"H2AC5P",0
"UQCRHP1",0
"EXOSC8P1",0
"BTN1A1P1",0
"MKRN6P",0
"TNXA",0
"STK19B",0
"RCC2P7",0
"NAA40P1",0
"RPS3AP24",0
"HLA-DPA3",0
"RPL29P1",0
"BTF3P7",0
"HLA-H",0
"HLA-DRB9",0
"SUMO2P13",0
"ANKRD18FP",0
"TPT1P4",0
"PTCHD3P3",0
"GSTA7P",0
"GSTA12P",0
"H2BC2P",0
"HLA-K",0
"DDX39BP2",0
"MCCD1P2",0
"HMGA1P7",0
"VN1R13P",0
"RPL7AP34",0
"PSMC1P11",0
"PPIAP29",0
"RPL23AP47",0
"ARPC3P5",0
"LINC02537",0
"LNCPOIR",0
"LINC02518",0
"OR7E59P",0
"PER3P1",0
"MEOX2",0
"CYP3A54P",0
"CCNB2P1",0
"NXPH1",0
"THRAP3P3",0
"EVA1CP3",0
"RBMX2P4",0
"NPM1P11",0
"GAPDHP68",0
"GTF3AP5",0
"PRPS1L1",0
"TWIST1",0
"SNRPCP19",0
"RPS26P30",0
"PSMC1P2",0
"EEF1A1P27",0
"HECW1",0
"ZPBP",0
"RRBP1P1",0
"ROBO2P1",0
"VN1R33P",0
"RPL31P35",0
"VWC2",0
"POM121L12",0
"GNL2P1",0
"HMGN1P19",0
"ARAFP2",0
"GTF2IP9",0
"RPS17P13",0
"RNF138P2",0
"SLC25A1P2",0
"RPL7P31",0
"MTATP6P21",0
"MTCO1P57",0
"SEPTIN14P1",0
"SEPTIN14P24",0
"ZNF90P3",0
"COX6A1P7",0
"BSNDP4",0
"ARF1P1",0
"NCAPD2P1",0
"EIF4A1P13",0
"DDX43P2",0
"SLC66A2P1",0
"SAPCD2P4",0
"RPL7P30",0
"CICP8",0
"RAC1P9",0
"SOCS5P1",0
"DDX43P3",0
"EEF1A1P28",0
"TEX47",0
"TAC1",0
"RPL7AP40",0
"MOGAT3",0
"ARAFP3",0
"HAUS6P3",0
"VPS51P2",0
"AP1S2P1",0
"RPL21P74",0
"VSTM2A-OT1",0
"HINT1P2",0
"DYNLL1P7",0
"LUARIS",0
"GTF3AP6",0
"LINC03012",0
"ATP5PBP2",0
"ZNF716",0
"EIF3IP1",0
"SNX2P2",0
"RPS10P14",0
"RSL24D1P3",0
"RPL13AP16",0
"GRPEL2P3",0
"LINC02903",0
"MYL6P4",0
"RPL3P8",0
"NAT16",0
"RAC1P6",0
"COX6A1P6",0
"FMC1-LUC7L2",0
"SUMO2P14",0
"PRSS37",0
"RPL7AP42",0
"CYCSP19",0
"MTCO3P41",0
"TRBV6-2",0
"DLX6",0
"ERHP1",0
"PPP1R2P6",0
"ZNF619P1",0
"RPL21P76",0
"CCZ1P1",0
"SKP1P1",0
"PAICSP6",0
"TRBV8-1",0
"RCC2P3",0
"RPL17P27",0
"MTND4P3",0
"CAPZA1P5",0
"TRBV6-4",0
"OR2Q1P",0
"SLC16A1P1",0
"TRBV3-1",0
"TRBV7-3",0
"RABGEF1P2",0
"TRBV8-2",0
"BUB3P1",0
"TRPC6P8",0
"TAS2R6P",0
"PRSS58",0
"AKR1D1",0
"TAS2R5",0
"HMGN1P18",0
"MTCO1P55",0
"IMPDH1P3",0
"RPL7P59",0
"POLR2DP2",0
"MTND2P5",0
"EI24P4",0
"TRBV1",0
"TRBV7-1",0
"RPL21P73",0
"EIF4EP4",0
"DPY19L4P2",0
"SNRPGP3",0
"RPS3AP28",0
"MRM3P2",0
"MIR4656",0
"MIR3683",0
"RNU6-534P",0
"RN7SKP228",0
"RNU1-15P",0
"RN7SL542P",0
"RNU6-1103P",0
"MIR550A1",0
"MIR550B1",0
"RNU6-438P",0
"MIR550A2",0
"MIR550B2",0
"RN7SL132P",0
"SNORA20B",0
"MIR1200",0
"MIR3943",0
"RNU7-35P",0
"RNU6-575P",0
"SNORA5A",0
"SNORA5B",0
"SNORA9",0
"RN7SKP218",0
"RN7SL292P",0
"RNU2-29P",0
"RNU1-14P",0
"RNU6-1125P",0
"RNU6-1052P",0
"RNU6-1335P",0
"RNU6-417P",0
"SNORA22",0
"SNORA15B-2",0
"RNU6-912P",0
"RNA5SP231",0
"RNU6-973P",0
"RNU6-313P",0
"RNA5SP234",0
"RNU6-849P",0
"RN7SKP129",0
"RNU6-956P",0
"RN7SKP104",0
"MIR5692A1",0
"MIR5692C2",0
"RNA5SP235",0
"RNU6-532P",0
"RNU6-364P",0
"RN7SL478P",0
"RNU7-188P",0
"MIR591",0
"RN7SL252P",0
"RNA5SP236",0
"SNORA25B",0
"RNU6-581P",0
"RN7SKP277",0
"RNA5SP241",0
"RNU6-517P",0
"MIR4653",0
"RNA5SP237",0
"RNU1-29P",0
"RNA5SP240",0
"MIR3654",0
"RNU6-797P",0
"RN7SKP223",0
"MIR4468",0
"RNU6-911P",0
"RNU1-58P",0
"RNU4-74P",0
"RNA5SP247",0
"RNA5SP248",0
"RNU6-267P",0
"RN7SKP174",0
"THUMPD3P1",0
"SUGCT-AS1",0
"PPP1R3A",0
"RPL36P13",0
"RNA5SP238",0
"MIR3666",0
"RN7SL496P",0
"LINC01450",0
"TAS2R38",0
"RNU6-102P",0
"UPK3BP1",0
"RBAK-RBAKDN",0
"MIR106B",0
"MIR4658",0
"PVRIG2P",0
"MIR6840",0
"RNU6-393P",0
"MIR3609",0
"MIR1285-1",0
"TUBB3P2",0
"TAS2R4",0
"RN7SKP187",0
"MTND5P8",0
"NPM1P14",0
"ASB10",0
"IQCA1L",0
"UFC1P1",0
"MAGI2-AS1",0
"MAGI2-AS2",0
"RNU6-337P",0
"RNU6-530P",0
"NUP35P2",0
"TRPC6P10",0
"TMX1P1",0
"RNU6-719P",0
"MIR653",0
"MIR489",0
"MGAM",0
"CTAGE6",0
"RNU6-1254P",0
"RPL31P38",0
"GIMAP1-GIMAP5",0
"GIMAP3P",0
"BET1P1",0
"RNA5SP239",0
"MIR6132",0
"MTND4P6",0
"MTCYBP6",0
"RN7SL771P",0
"RNU6-85P",0
"MIR335",0
"CCT8L1P",0
"RPL36AP28",0
"CYP3A51P",0
"CYP3A7",0
"CYP3A137P",0
"CYP3A52P",0
"GJC3",0
"DUTP3",0
"RANP2",0
"MIR548F4",0
"RNU6-1184P",0
"RNA5SP249",0
"RN7SL456P",0
"RN7SL72P",0
"RNU6-863P",0
"RABGEF1P3",0
"PPIAP81",0
"RPL36AP29",0
"LRRC72",0
"MIR6874",0
"SDHDP2",0
"MIR4649",0
"RNA5SP230",0
"MYL7",0
"VPS37D",0
"TMEM270",0
"RNU7-27P",0
"RNU7-54P",0
"EFCAB3P1",0
"MIR5090",0
"MIR4467",0
"UPK3BL1",0
"MIR4283-1",0
"TNRC18P3",0
"SLC29A4P1",0
"PHKG1P4",0
"SEPTIN7P15",0
"GPCPD1P1",0
"MTATP6P8",0
"MTCO3P10",0
"MTND4LP32",0
"MTND4P4",0
"MTND5P6",0
"MTND6P29",0
"GUSBP10",0
"MTND1P4",0
"MTND2P6",0
"MTCO1P10",0
"MTCO2P10",0
"MTATP6P10",0
"MTCO3P4",0
"MTND4P5",0
"MTND5P7",0
"MTCYBP5",0
"MIR3147",0
"VN1R28P",0
"SAPCD2P2",0
"TVP23CP1",0
"NIPA2P1",0
"PTTG1IP2",0
"TRBV10-1",0
"TRBV11-1",0
"TRBV12-1",0
"TRBV10-2",0
"TRBV11-2",0
"TRBV12-2",0
"TRBV7-4",0
"TRBV5-4",0
"TRBV6-6",0
"TRBV7-5",0
"TRBV6-7",0
"TRBV5-6",0
"TRBV6-8",0
"TRBV7-7",0
"TRBV7-9",0
"TRBV13",0
"TRBV10-3",0
"TRBV11-3",0
"TRBV12-4",0
"TRBV12-5",0
"LINC01448",0
"CRYZP1",0
"S100A11P1",0
"RPS29P16",0
"RN7SKP86",0
"ABCB4",0
"HNRNPA1P9",0
"MIR4657",0
"MIR6837",0
"MIR6838",0
"MIR1302-6",0
"HDAC9-AS1",0
"NPM1P13",0
"RN7SKP130",0
"INHBA",0
"HMGN2P30",0
"WBP1LP1",0
"TRBD1",0
"TRBJ1-1",0
"TRBJ1-2",0
"TRBJ1-3",0
"TRBJ1-4",0
"TRBV30",0
"OR9P1P",0
"LLCFC1",0
"LYPLA1P1",0
"RNU6-296P",0
"RNU6-11P",0
"HYAL6P",0
"HYAL4",0
"ACTL6B",0
"EPO",0
"RN7SL750P",0
"MIR6875",0
"RN7SL549P",0
"RPS29P15",0
"RPL31P34",0
"RNU6-177P",0
"IMP3P2",0
"RNA5SP242",0
"RNA5SP243",0
"FLNC-AS1",0
"ODCP",0
"CYCSP20",0
"RNY1P11",0
"DGKB",0
"RNA5SP227",0
"MTCYBP42",0
"SNORD93",0
"DCAF13P1",0
"RNU6-392P",0
"LARP1BP2",0
"MIR490",0
"RNU6-1272P",0
"MSL3P2",0
"MZT1P2",0
"RNU6-206P",0
"RNU7-154P",0
"RPL31P37",0
"MIR4285",0
"TFAMP1",0
"LNCRI",0
"MIR4655",0
"MIR6836",0
"NGRNP3",0
"RN7SL556P",0
"OCM",0
"INMT-MINDY4",0
"TAS2R39",0
"TAS2R40",0
"RN7SL535P",0
"HINT1P1",0
"MIR6892",0
"TAS2R60",0
"TAS2R41",0
"PAICSP5",0
"RNU6-162P",0
"CREB3L2-AS1",0
"AK3P3",0
"OR9A4",0
"RNU6-241P",0
"CICP20",0
"RNU6-326P",0
"IGFBP1",0
"FTLP15",0
"RNA5SP229",0
"EEF1DP4",0
"GCNT1P5",0
"OR6B1",0
"FERD3L",0
"RNF14P4",0
"TAS2R2P",0
"OR2AO1P",0
"NOBOX",0
"PPIAP83",0
"RNU6ATAC40P",0
"OR2A25",0
"OR2A41P",0
"OR2A12",0
"LINC00244",0
"MNX1-AS2",0
"GCK",0
"RPL32P17",0
"C7orf33",0
"RNU7-20P",0
"RN7SL569P",0
"RNY4",0
"RNY3",0
"RNY1",0
"RNU6-650P",0
"COX6B1P1",0
"RN7SL377P",0
"RN7SL625P",0
"PHB1P6",0
"PMS2P13",0
"PMS2P10",0
"SPDYE20P",0
"RN7SKP54",0
"NHP2P2",0
"HOXA2",0
"HOXA6",0
"MIR196B",0
"HOXA11",0
"HOXA13",0
"RPL7AP77",0
"TRIM50",0
"RNU6-1080P",0
"HSPA8P16",0
"SEMA3D",0
"PHB1P15",0
"SPDYE19P",0
"OR2F2",0
"H2BK1",0
"ZNF479",0
"SPAM1",0
"ZNF679",0
"TRIM60P18",0
"VN1R40P",0
"BNIP3P42",0
"BNIP3P44",0
"MIR6839",0
"VN1R42P",0
"GIMAP8",0
"NEUROD6",0
"PPP1R17",0
"RNU6-1229P",0
"SNORA22C",0
"PPP1R14BP4",0
"RNU7-143P",0
"CLK2P1",0
"FCF1P1",0
"TPM3P4",0
"ABCF2P2",0
"RNU6-1198P",0
"CCL26",0
"CCL24",0
"MIR4651",0
"URGCP-MRPS24",0
"RASA4EP",0
"UPK3BL3P",0
"ABCF2-H2BK1",0
"MIR4648",0
"VGF",0
"SP8",0
"CYP3A43",0
"SUN3",0
"TMEM178B",0
"PRSS2",0
"RUNDC3B",0
"RNU6-1322P",0
"SPDYE11",0
"SPDYE13",0
"SPDYE15",0
"GTF3C6P3",0
"TMSB4XP3",0
"MIR550A3",0
"S100A11P2",0
"GBX1",0
"FOXL3",0
"MARK2P10",0
"MIR548N",0
"WNT2",0
"ASZ1",0
"ANKRD49P4",0
"CFTR-AS1",0
"MIR671",0
"SPDYE8",0
"STRA8",0
"GRIFIN",0
"GDI2P1",0
"RNU6-1136P",0
"RN7SKP198",0
"LRRC17",0
"RN7SL416P",0
"SAP25",0
"RPL6P20",0
"VN1R37P",0
"VN1R38P",0
"SAPCD2P1",0
"ZNF735",0
"OR9A1P",0
"BMPER",0
"RNU6-1328P",0
"MIR4650-1",0
"PPIAP80",0
"TRGJ2",0
"TRGJP",0
"TRGJP1",0
"TRGVA",0
"TRGV8",0
"TRGV7",0
"TRGV6",0
"TRGV5P",0
"TRGV1",0
"TRGC1",0
"RN7SL845P",0
"RNU6-1091P",0
"TRBV14",0
"TRBV15",0
"TRBV16",0
"TRBV17",0
"TRBV18",0
"TRBV21-1",0
"TRBV22-1",0
"TRBV23-1",0
"TRBV25-1",0
"TRBVA",0
"TRBV26",0
"TRBVB",0
"TRBV27",0
"TRBV28",0
"PGBD4P1",0
"BANF1P5",0
"SNORA80D",0
"RN7SL7P",0
"HEPACAM2",0
"MIR29B1",0
"RNU6-1010P",0
"RAD23BP2",0
"OCM2",0
"TRIM60P16",0
"SEPTIN7P5",0
"PHKG1P2",0
"SLC29A4P2",0
"MIR4283-2",0
"NMD3P1",0
"SLC25A1P3",0
"VN1R34P",0
"ARAFP1",0
"VN1R35P",0
"VN1R36P",0
"TUBBP6",0
"RNU6-389P",0
"CICP11",0
"RNU6-1126P",0
"CICP12",0
"GPR141BP",0
"NME8",0
"MIR6133",0
"NMD3P2",0
"OR10AC1",0
"GIMAP5",0
"CNPY1",0
"SMIM10L3",0
"RNA5SP244",0
"MIR182",0
"MIR96",0
"MIR183",0
"RNA5SP245",0
"UPK3BL2",0
"ADCYAP1R1",0
"INTS4P2",0
"ZNF733P",0
"TCAF2P1",0
"MOXD2P",0
"OR9A3P",0
"OR9N1P",0
"OR10AH1P",0
"STAG3L5P",0
"GTF2IP7",0
"OR6W1P",0
"SLC23A4P",0
"OR2A3P",0
"OR2A20P",0
"OR2A9P",0
"NSUN5P2",0
"STAG3L3",0
"STAG3L2",0
"FKBP6P2",0
"PMS2CL",0
"GTF2IRD2P1",0
"CCT6P3",0
"GTF2IP1",0
"POLR2J4",0
"NUPR2P1",0
"STAG3L1",0
"FKBP9P1",0
"ZNF890P",0
"PMS2P3",0
"ZNF815P",0
"ZNF767P",0
"DPY19L2P4",0
"FAM185BP",0
"CCT6P1",0
"DPY19L2P1",0
"RABGEF1P1",0
"DPY19L2P2",0
"RP9P",0
"NSUN5P1",0
"SBDSP1",0
"STAG3L4",0
"PMS2P4",0
"PMS2P1",0
"GTF2IRD1P1",0
"SEPTIN7P2",0
"GTF2IP13",0
"MTHFD2P5",0
"PAXBP1P1",0
"CHN2-AS1",0
"NANOGP4",0
"RPL6P21",0
"EEF1A1P26",0
"MIR592",0
"GRM8-AS1",0
"MYL10",0
"MIR3146",0
"CPA1",0
"RNU6-1097P",0
"NPC1L1",0
"RNU6-215P",0
"FSCN3",0
"PAX4",0
"MIR3914-1",0
"MIR3914-2",0
"MIR153-2",0
"MIR595",0
"MIR5707",0
"THAP5P1",0
"PMS2P2",0
"MARK2P13",0
"ALDH7A1P3",0
"TRPC6P3",0
"GALNTL5",0
"RN7SKP280",0
"SSU72L6",0
"COPG2IT1",0
"RNA5SP246",0
"TSGA13",0
"KLF14",0
"RN7SKP75",0
"RNA5SP232",0
"MIR593",0
"MIR129-1",0
"EPS15P1",0
"RPL13AP17",0
"FABP5P3",0
"TPI1P2",0
"GTF2IP4",0
"ZNRF2P2",0
"CDHR17P",0
"TMBIM7P",0
"PRSS3P3",0
"PRSS59P",0
"ZBED10P",0
"BICDL3P",0
"BRWD1P3",0
"OR9A2",0
"OR6V1",0
"RN7SL851P",0
"CRYGN",0
"MIR3907",0
"RNU6-604P",0
"RNU6-1154P",0
"FAM180A",0
"RNU6-223P",0
"SSMEM1",0
"PCMTD1P3",0
"TPT1P7",0
"INTS4P1",0
"RPL7AP38",0
"HMGB3P20",0
"HOXA11-AS",0
"HNRNPA1P73",0
"TRGV11",0
"TRGVB",0
"TRGV10",0
"RN7SL83P",0
"SNORA15",0
"CCNJP1",0
"KRT8P20",0
"RNU6-832P",0
"MTCO2P25",0
"MTCO1P25",0
"RNU6-229P",0
"RPL10P11",0
"RN7SL869P",0
"RN7SL35P",0
"SNRPBP1",0
"GRM3",0
"RNU6-274P",0
"STEAP2-AS1",0
"MIR4652",0
"NDUFAF4P2",0
"RNA5SP228",0
"RPL7AP41",0
"NPVF",0
"TSEN15P3",0
"NCF1B",0
"AOAH-IT1",0
"FAM220A",0
"OR2A2",0
"EEF1GP1",0
"LINC02830",0
"RPL31P39",0
"PPIAP93",0
"RNU6-1104P",0
"PNPT1P2",0
"CASTOR3P",0
"LINC02860",0
"LINC02854",0
"POU6F2-AS1",0
"LINC01007",0
"LINC01162",0
"PRKAR1B-AS2",0
"CPVL-AS1",0
"LINC01392",0
"LINC03010",0
"HECW1-IT1",0
"MIR3147HG",0
"LINC03017",0
"LINC03076",0
"CT66",0
"LINC03095",0
"EN2-DT",0
"NFE4",0
"HILPDA-AS1",0
"GRM3-AS1",0
"ZNF775-AS1",0
"LINC01449",0
"LINC00972",0
"LINC02476",0
"LINC01022",0
"LINC02587",0
"LINC02838",0
"LINC01447",0
"SDK1-AS1",0
"PTPRN2-AS1",0
"HTR5A-AS1",0
"SLC26A5-AS1",0
"DLX6-AS1",0
"FAM131B-AS1",0
"LINC02902",0
"LNCPRESS1",0
"MYH16",0
"OR2AE1",0
"AZGP1P1",0
"RPS27P16",0
"RNU6-92P",0
"MIR339",0
"MMD2",0
"RNU1-82P",0
"UNC93B2",0
"ALG1L5P",0
"OR7E39P",0
"OR7E136P",0
"RPL23P8",0
"DPY19L1P1",0
"FAM86LP",0
"VN1R31P",0
"VN1R32P",0
"SEPTIN7P4",0
"SLC25A5P3",0
"PHKG1P1",0
"DGAT2L7P",0
"NCOR1P3",0
"GTF2IP5",0
"OR7E7P",0
"OR7E38P",0
"CDC26P1",0
"SRSF8CP",0
"CAPZA1P4",0
"RPL7AP43",0
"CCT4P1",0
"RASA4DP",0
"GUSBP12",0
"RPL23AP95",0
"RPSAP73",0
"RPL12P10",0
"PMS2P12",0
"TTC4P1",0
"DPY19L1P2",0
"PMS2P8",0
"PMS2P14",0
"PMS2P6",0
"PMS2P5",0
"HNRNPA1P8",0
"YWHAEP1",0
"SEPTIN7P3",0
"NCF1C",0
"STRADBP1",0
"ATP5PBP3",0
"ZNF734P",0
"TNRC18P2",0
"PSPHP1",0
"VN1R25P",0
"RBM22P3",0
"AZGP1P2",0
"GUSBP6",0
"MTND4P2",0
"MTND4LP2",0
"MTND3P2",0
"MTCO3P8",0
"MTATP6P18",0
"MTCO2P8",0
"MTCO1P8",0
"MTND2P4",0
"AGK-DT",0
"PPP2R3B",0
"RPL14P5",0
"MTND6P12",0
"DRAXINP1",0
"VCX2",0
"ANAPC15P1",0
"NOLC1P1",0
"IL3RA",0
"P2RY8",0
"MTCYBP12",0
"RPS27AP20",0
"RPL6P30",0
"SLC25A6",0
"AMELX",0
"DHRSX-IT1",0
"DHRSX",0
"RARRES2P3",0
"ASMTL",0
"FAM9CP1",0
"RPL24P9",0
"HIKESHIP1",0
"GOT2P7",0
"FAM9A",0
"LINC00685",0
"GRPR",0
"TMSB10P2",0
"BEND2",0
"RPL35AP37",0
"CLDN7P1",0
"UBE2E4P",0
"MDM4P1",0
"BRK1P1",0
"SRSF2P1",0
"KLHL34",0
"SMPX",0
"SYTL5",0
"LINC01283",0
"METTL1P1",0
"SC4MOP",0
"PLLPP1",0
"HMGB1P16",0
"TNIP2P1",0
"S100G",0
"MKI67P1",0
"H2AP",0
"MOB1AP2",0
"SIAH1P1",0
"RPP40P1",0
"FAM47B",0
"CTNNBL1P1",0
"YBX1P8",0
"PYY3",0
"NANOGP10",0
"NFYCP1",0
"CCNYL5",0
"MAGEB10",0
"ITIH6",0
"ZFRP1",0
"FAM236B",0
"NDP",0
"YWHAZP7",0
"AKAP4",0
"YWHAZP8",0
"KPNA4P1",0
"RPL19P20",0
"HNRNPDP1",0
"PHKA1-AS1",0
"SMIM15P1",0
"NDP-AS1",0
"RPL23AP83",0
"PSMA5P1",0
"KRT8P27",0
"SFR1P2",0
"HNRNPH3P1",0
"PSMA1P1",0
"PCNPP4",0
"XAGE2",0
"TPMTP4",0
"SAR1AP4",0
"FGF16",0
"P2RY10BP",0
"CPXCR1",0
"HMGN1P34",0
"SETP4",0
"MTND2P25",0
"CTDSPL2P1",0
"CALM1P1",0
"CORO1CP1",0
"EIF3MP1",0
"UBE2V1P7",0
"CYCSP43",0
"UBE2V1P9",0
"PABPC1L2A",0
"SRIP2",0
"EEF1A1P15",0
"COPS8P1",0
"SHC1P1",0
"EDA",0
"STAU2P1",0
"HNRNPA1P25",0
"PPATP2",0
"HNRNPDLP3",0
"FCF1P9",0
"RPS29P28",0
"TEX101P1",0
"B3GNT2P1",0
"KLHL4",0
"CAPZA1P3",0
"RPL6P29",0
"WBP11P3",0
"USP37P1",0
"RPS7P14",0
"FOXN3P2",0
"ATG4AP1",0
"BUD31P2",0
"PAICSP7",0
"MRPS22P1",0
"RNF19BPX",0
"RTL3",0
"POMPP1",0
"BRAFP1",0
"SERBP1P4",0
"USP12PX",0
"PDK1P2",0
"TGIF2LX",0
"ACTR3P2",0
"DLGAP5P2",0
"KIF4CP",0
"OOEPP1",0
"HMGB1P32",0
"GTF3C6P1",0
"TRAPPC13P1",0
"CSGALNACT2P1",0
"HK2P1",0
"BRDTP1",0
"LRRFIP2P1",0
"NDUFA5P7",0
"TEX13B",0
"HNRNPDLP1",0
"C3orf49P1",0
"VDAC1P3",0
"XRCC6P5",0
"MAGEE2",0
"CCNB1IP1P3",0
"NT5DC1P1",0
"SERPINA7P1",0
"RPL34P36",0
"AP2B1P1",0
"ARHGAP6",0
"MYCLP2",0
"TATDN2P1",0
"AWAT2",0
"TUSC2P2",0
"TUBAP6",0
"ACTRT1P1",0
"EIF3JP1",0
"SNX3P1X",0
"TPT1P13",0
"KRT8P17",0
"MDH1P1",0
"MTCYBP31",0
"CYLC1",0
"VEZTP1",0
"RIPPLY1",0
"MTND4P31",0
"PGAM4P1",0
"FDPSP5",0
"DPRXP6",0
"MTND6P13",0
"TMEM230P1",0
"NLRP7P1",0
"IMPDH1P4",0
"RPL22P22",0
"RRM2P3",0
"PCNAP3",0
"PRPF4BP1",0
"DCAF12L2",0
"COX6CP12",0
"OTUD6A",0
"UBE2V1P16",0
"PNPLA10P",0
"SPRYD7P1",0
"GEMIN8P3",0
"RPS7P13",0
"MAGEC2",0
"VKORC1P1",0
"DUTP4",0
"FERP1",0
"PHF5AP4",0
"OR11Q1P",0
"BTG3P1",0
"CYCSP44",0
"H2BP8",0
"TFDP3",0
"SNURFL",0
"MTND4LP1",0
"OR5BH1P",0
"YAP1P2",0
"SPANXN3",0
"CT47A12",0
"KRT18P44",0
"HAX1P1",0
"CNOT7P1",0
"TUBB4AP1",0
"ORC1P1",0
"SKP2P1",0
"PWWP3B",0
"LINC01282",0
"SRD5A1P1",0
"CTDSPL2P2",0
"ASB12",0
"CT47A11",0
"UFM1P1",0
"ZIC3",0
"RPL32P35",0
"RPL3P12",0
"RPL7L1P11",0
"SPANXN1",0
"MAGEC3",0
"TRMT1P1",0
"OR11N1P",0
"HSFX1",0
"CMC4",0
"AFF2-IT1",0
"M6PRP1",0
"PGBD4P6",0
"ZFYVE9P1",0
"MAGEA8",0
"CT47A7",0
"HNRNPH1P2",0
"MTND1P33",0
"RBMX2P2",0
"MAGEA11",0
"GPR50",0
"FAM226B",0
"PASD1",0
"MTCYBP38",0
"MAGEA7P",0
"RPL36AP52",0
"MTND2P39",0
"ELL2P4",0
"VGLL1",0
"ANKRD11P2",0
"MAGEC1",0
"NAB1P1",0
"HNRNPCP10",0
"HDGFP1",0
"PRR32",0
"TCERG1P1",0
"CXorf51B",0
"HMGB3P30",0
"SETP8",0
"CBX1P1",0
"TJAP1P1",0
"EEF1GP5",0
"RUVBL2P1",0
"NDUFB5P2",0
"CSGALNACT2P2",0
"IL13RA2",0
"CD84P1",0
"PKMP2",0
"HMGN2P48",0
"RPL21P134",0
"SLIRPP1",0
"NAP1L3",0
"SLC6A14P2",0
"OR5AW1P",0
"OR13K1P",0
"MIR651",0
"SNORA48B",0
"MIR4770",0
"MIR548AX",0
"RNU6-146P",0
"RN7SL658P",0
"MIR548AM",0
"RNA5SP499",0
"RN7SKP183",0
"RNU6-133P",0
"RNU6-641P",0
"RNU6-591P",0
"RNU6-49P",0
"MIR548AJ2",0
"RNU6-1087P",0
"MIR3937",0
"RNU7-164P",0
"RNU6-1124P",0
"RNU6-630P",0
"RNU6-50P",0
"SNORA11",0
"MIR532",0
"MIR500A",0
"MIR362",0
"MIR501",0
"MIR500B",0
"MIR660",0
"MIR502",0
"RN7SL799P",0
"MIR223",0
"MIR8088",0
"MIR4536-2",0
"MIR676",0
"RNU6-562P",0
"MIR4536-1",0
"RNA5SP509",0
"MIR4328",0
"RN7SL790P",0
"MIR1321",0
"RNU2-26P",0
"RNU6-332P",0
"RNA5SP510",0
"MIR548M",0
"MIR384",0
"MIR325",0
"RNU1-112P",0
"RNA5SP508",0
"MIR361",0
"RNU6-974P",0
"RNU6-345P",0
"RNU6-493P",0
"RNU6-394P",0
"RN7SKP194",0
"RNU6-309P",0
"RNU6-648P",0
"SNORA35B",0
"RNU6-555P",0
"RN7SL379P",0
"RNU6-1323P",0
"MIR548AN",0
"RNU6-154P",0
"MIR3672",0
"RNU6-1015P",0
"RN7SKP31",0
"MIR934",0
"RN7SKP149",0
"RNA5SP517",0
"RNA5SP516",0
"MIR514A2",0
"MIR514A1",0
"RN7SKP81",0
"MIR320D2",0
"RN7SL325P",0
"MIR892C",0
"MIR514A3",0
"MIR890",0
"RNU6-985P",0
"MIR888",0
"MIR892A",0
"MIR891B",0
"RNU1-115P",0
"MIR510",0
"MIR891A",0
"MIR4330",0
"RN7SKP267",0
"RN7SKP189",0
"MIR513C",0
"MIR513B",0
"MIR513A1",0
"MIR513A2",0
"MIR506",0
"MIR507",0
"MIR508",0
"MIR514B",0
"MIR509-2",0
"MIR509-3",0
"MIR509-1",0
"RNU6-382P",0
"RN7SL785P",0
"SNORA11C",0
"NPM1P49",0
"LINC01560",0
"MIR4769",0
"SMSP1",0
"RPL7P57",0
"ITGB1BP2",0
"SOCS6P1",0
"PHF10P1",0
"SRD5A2P1",0
"MIR1184-2",0
"MIR1184-3",0
"H2AB3",0
"AMD1P2",0
"DPH3P2",0
"VAMP7",0
"ELOCP24",0
"TRPC6P1",0
"DDX11L16",0
"OPN1LW",0
"OPN1MW",0
"TEX28P1",0
"TEX28P3",0
"SNORA70",0
"MIR6858",0
"RN7SL697P",0
"ATF4P2",0
"FMN2P1",0
"RPL7P58",0
"RNU1-142P",0
"BMI1P1",0
"RAB9B",0
"RNA5SP511",0
"H2BP9",0
"ELF2P1",0
"SLC25A53P1",0
"LIMK2P1",0
"FRMPD4-AS1",0
"RPL17P49",0
"RN7SKP290",0
"TLR8-AS1",0
"RBM22P6",0
"RBM22P7",0
"SSX14P",0
"SSX11P",0
"SSX7",0
"RNA5SP504",0
"SSX15P",0
"S100A11P10",0
"S100A11P8",0
"SSX21P",0
"SPANXN5",0
"PPIHP2",0
"QTRT1P1",0
"RNU1-57P",0
"RN7SL93P",0
"MIR766",0
"CBX1P4",0
"MIR4768",0
"NHS-AS1",0
"CHP1P3",0
"FAM136GP",0
"PABPC1L2B",0
"SSX2B",0
"FAM236A",0
"ZNF157",0
"RNA5SP502",0
"SHISA5P1",0
"RN7SL15P",0
"GEMIN7P1",0
"RN7SL144P",0
"RPS15AP39",0
"RNU6-202P",0
"FABP5P15",0
"RNU6-854P",0
"RN7SL460P",0
"SSX19P",0
"S100A11P9",0
"SSX3",0
"SSX4",0
"RNU6-800P",0
"VEGFD",0
"MIR6895",0
"MIR6894",0
"KDM5C-IT1",0
"RPSAP62",0
"MPV17L2P1",0
"MIR6857",0
"TIPINP1",0
"VTRNA3-1P",0
"RPS17P17",0
"SOX3",0
"RN7SL687P",0
"SRPK3",0
"MIR3202-1",0
"MIR3202-2",0
"MIR718",0
"RPL36A-HNRNPH2",0
"NUTF2P7",0
"RNU1-56P",0
"CXorf65",0
"PABPC1P3",0
"RNU6-330P",0
"RN7SL291P",0
"DIPK2B",0
"E2F6P4",0
"KRT18P49",0
"GAGE2E",0
"GAGE12B",0
"SALL1P1",0
"PAGE1",0
"MIR2114",0
"RPL7P56",0
"RPL22P23",0
"TCEAL3-AS1",0
"HSPB1P2",0
"ZNF630-AS1",0
"RNU6-707P",0
"SSX13P",0
"S100A11P5",0
"RNA5SP503",0
"SSX20P",0
"S100A11P7",0
"TNMD",0
"RAD21P1",0
"SPIN2P1",0
"RNU6-935P",0
"SPRING1P2",0
"ARHGAP36",0
"RN7SL191P",0
"NXF2",0
"TMSB15A",0
"CTHRC1P1",0
"BMX",0
"INE2",0
"RNU5F-7P",0
"SETP15",0
"PAGE2B",0
"PAGE2",0
"MTCO1P52",0
"MTND2P24",0
"MTND1P30",0
"MIR4329",0
"RN7SL266P",0
"OR3B1P",0
"PNKDP1",0
"RNA5SP514",0
"AGKP2",0
"AP1M2P1",0
"FRMD8P1",0
"CKS1BP6",0
"PCYT1B",0
"H2BP7",0
"PCYT1B-AS1",0
"SCARNA23",0
"PAFAH1B2P1",0
"RN7SL91P",0
"WASH6P",0
"ARHGEF9-IT1",0
"BTF3P8",0
"PAGE5",0
"TAF7L",0
"SSX1",0
"RN7SL712P",0
"AKR1B1P8",0
"AGTR2",0
"SALL4P2",0
"IRS4",0
"PLCXD1",0
"CTAG1A",0
"XPNPEP2",0
"CHRDL1",0
"FCF1P4",0
"GLUD1P9",0
"RNU6-496P",0
"HMGB1P12",0
"ATP1B4",0
"RNU7-37P",0
"H3P46",0
"GLRX5P1",0
"MGAT2P2",0
"CT45A3",0
"CT45A6",0
"CT45A2",0
"CT45A8",0
"CT45A9",0
"CXorf66",0
"RN7SL727P",0
"MIR652",0
"MIR3978",0
"SNORD96B",0
"AMMECR1-IT1",0
"SOWAHD",0
"SNORA69",0
"MIR1587",0
"RPS11P7",0
"RNU6-894P",0
"RNA5SP501",0
"NPM1P8",0
"MIR3915",0
"MIR548F5",0
"DMD-AS3",0
"RN7SL667P",0
"RNU6-504P",0
"RNU6-1225P",0
"AKIRIN1P2",0
"RNU6-245P",0
"SSX5",0
"MAGEB18",0
"MAGEB5",0
"ATXN7L3P1",0
"MRRFP1",0
"EGFL6",0
"RPL30P15",0
"MIR6086",0
"RN7SKP20",0
"RNU4-52P",0
"RN7SL262P",0
"MAGEA9",0
"CT47A10",0
"CT47A9",0
"CT47A8",0
"CT47A6",0
"CT47A5",0
"CT47A4",0
"CT47A3",0
"CT47A2",0
"HSFX2",0
"CT55",0
"ETDA",0
"ETDC",0
"RNA5SP515",0
"CROCCP1",0
"WDR4P1",0
"ZNF622P1",0
"FOXN3P1",0
"H3P45",0
"RNU6-589P",0
"BEND7P1",0
"GPRASP3",0
"GAPDHP77",0
"MFN1P1",0
"KCNE5",0
"RPS5P7",0
"H2AB2",0
"TREX2",0
"AKR7A2P2",0
"COBLP1",0
"GYG2-AS1",0
"ARSF",0
"RN7SL578P",0
"RPS24P21",0
"MTND6P32",0
"MTCYBP32",0
"RNU6-1130P",0
"GPR119",0
"CYTH1P1",0
"MAGEB2",0
"MAGEB4",0
"PLCE1P1",0
"MIR224",0
"MIR452",0
"FRMPD3",0
"FXYD6P3",0
"SHISA5P2",0
"UHRF2P1",0
"DDX3P1",0
"DDX3P2",0
"RPL32P36",0
"CLIC4P3",0
"TRMT2B-AS1",0
"TMEM35A",0
"YWHAQP8",0
"SPACA5B",0
"STARD8",0
"MAGEB3",0
"CXorf49B",0
"OPN1MW2",0
"MAGEA9B",0
"FAM236D",0
"ACTRT1",0
"CXorf49",0
"CTAG1B",0
"CTAG2",0
"PAGE3",0
"SSX4B",0
"CT47A1",0
"MPC1L",0
"DMRTC1B",0
"ZBED1",0
"MIR6089",0
"LINC00102",0
"MRPL32P2",0
"ZFP92",0
"H2BW1",0
"CT45A10",0
"PCDH11X",0
"PNMA3",0
"DMRTC1",0
"FAM133A",0
"F9",0
"RNU6ATAC23P",0
"FATE1",0
"MAGEA4",0
"RPSAP60",0
"TPMTP3",0
"SNORA11E",0
"SNORA11D",0
"RNU6-203P",0
"RPSAP63",0
"GPC3-AS1",0
"LARP1BP3",0
"GPR173",0
"FMR1NB",0
"RNA5SP524",0
"MAGEA10",0
"FRMD7",0
"ASS1P4",0
"GAGE12C",0
"GAGE12D",0
"GAGE12F",0
"GAGE12E",0
"GAGE12G",0
"GAGE12H",0
"GAGE2A",0
"GAGE1",0
"GAGE12J",0
"GAGE13",0
"MAGEA3",0
"MAGEA2B",0
"MAGEA12",0
"MAGEA2",0
"MAGEA6-DT",0
"PNMA5",0
"PPIAP91",0
"MORF4L1P5",0
"PRXL2CP1",0
"RPL7P54",0
"LPAR4",0
"NT5DC1P2",0
"RPL36AP54",0
"MIR450B",0
"MIR450A1",0
"MIR450A2",0
"MIR542",0
"MIR503",0
"MIR424",0
"RPL21P133",0
"RPS7P12",0
"RNU4-44P",0
"RPL37P24",0
"RPL7AP71",0
"NYX",0
"GPR34",0
"DACH2",0
"ATXN3L",0
"VCX3B",0
"VCX3A",0
"FAM47A",0
"XIAP-AS1",0
"RNU6-122P",0
"PARD6BP1",0
"ZIK1P1",0
"HSPA8P20",0
"NPM1P34",0
"AVPR2",0
"PRRG3",0
"CNGA2",0
"FABP5P13",0
"KRT18P53",0
"SHOX",0
"RPS27AP17",0
"MIR4767",0
"CT47B1",0
"HAPSTR2",0
"MAGEA6",0
"MAGED4B",0
"SSX2",0
"VCX",0
"SERTM2",0
"RNU6-1189P",0
"RNU12-2P",0
"MYCLP1",0
"GJA6P",0
"RS1",0
"RN7SL48P",0
"RNU6-1056P",0
"RNU6-29P",0
"ERAS",0
"SNORA11G",0
"SNRPEP9",0
"RNU6-30P",0
"RNU6-587P",0
"HMGN1P33",0
"CLDN34",0
"RPS26P56",0
"RNA5SP513",0
"SNORA36A",0
"MIR664B",0
"SNORA56",0
"SMIM9",0
"ARL5AP1",0
"CXorf51A",0
"SPACA5",0
"CT45A7",0
"SPIN2A",0
"MIR23C",0
"RNU6-98P",0
"HS6ST2-AS1",0
"USP26",0
"IGBP1-AS1",0
"RN7SL581P",0
"RNA5SP507",0
"P2RY4",0
"RAB41",0
"TRAPPC2LP1",0
"RNY4P23",0
"RNU4-81P",0
"RNU6-320P",0
"RNU6-972P",0
"SNORD61",0
"DPRXP7",0
"CCDC121P1",0
"FBLIM1P1",0
"TEX13C",0
"MIR3690",0
"RNA5SP498",0
"TPT1P14",0
"NPM1P9",0
"GRPEL2P2",0
"BLOC1S2P1",0
"CCT4P2",0
"NANOGP9",0
"RTL9",0
"FAM47C",0
"FTH1P29",0
"NUDT19P6",0
"LINC03098",0
"MRPS17P9",0
"RNY3P16",0
"EIF5P2",0
"SLC7A3",0
"MAGEA1",0
"PWWP4",0
"CT47C1",0
"TNPO3P1",0
"SSU72P1",0
"HTR2C",0
"RPL36AP53",0
"SNORA35",0
"MIR764",0
"MIR1912",0
"MIR1264",0
"MIR1298",0
"MIR448",0
"RPS26P57",0
"RN7SL190P",0
"FAM9C",0
"RNU7-69P",0
"CHCHD2P1",0
"TUBB4BP3",0
"RPL12P43",0
"SAGE3P",0
"CT45A1",0
"MGAT2P1",0
"CT45A5",0
"RPSAP59",0
"TCP11X1",0
"TCP11X2",0
"RPL18AP15",0
"RNA5SP512",0
"RPS6KA6",0
"MIR548I4",0
"MCF2",0
"SPANXN4",0
"MAGEB16",0
"TENT5D",0
"OPN1MW3",0
"H2AL3",0
"MAGEB6B",0
"SPANXA1",0
"TEX28",0
"TMSB15C",0
"NR0B1",0
"RNU7-56P",0
"RPL12P49",0
"RNU4-6P",0
"SLC35C2P1",0
"CBX1P2",0
"RNU6-616P",0
"HMGB3P31",0
"RHOXF2B",0
"SFR1P1",0
"RNU6-1078P",0
"TPT1P15",0
"RN7SL388P",0
"CITED1",0
"RNU6-383P",0
"CXXC1P1",0
"TMLHEP1",0
"SSX8P",0
"SSX9P",0
"SSX6P",0
"FSIP2LP",0
"TCP11X3P",0
"CA5BP1",0
"NXF5",0
"NXF4",0
"CSAG4",0
"MAGEA5P",0
"CD99P1",0
"RHOXF1P1",0
"SNORD3E",0
"WASHC3P1",0
"NOX1",0
"NSA2P3",0
"MAGEA13P",0
"KRT8P6",0
"H2AQ1P",0
"MIR504",0
"TPM2P1",0
"ZCCHC12",0
"RNU6-1044P",0
"CDX4",0
"MORF4L1P6",0
"RPL7P53",0
"ATP5MKP1",0
"BMP2KL",0
"MIR421",0
"MIR374B",0
"MIR545",0
"MIR374A",0
"ZCCHC13",0
"RPS6P26",0
"LNX2BP",0
"H2BW2",0
"MIR6134",0
"RNA5SP500",0
"MIR4666B",0
"PIGFP3",0
"BEX1",0
"IL1RAPL2",0
"PHB1P10",0
"RPL18AP14",0
"TEX13A",0
"KCTD9P2",0
"RNU6-207P",0
"SERPINA7",0
"UBE2NL",0
"PPIAP90",0
"MIR363",0
"MIR92A2",0
"MIR19B2",0
"MIR20B",0
"MIR18B",0
"MIR106A",0
"CRLF2",0
"XAGE5",0
"RPL12P50",0
"RNA5SP525",0
"GABRA3",0
"RNU6-764P",0
"MIR105-1",0
"MIR767",0
"MIR105-2",0
"NAP1L6P",0
"INGX",0
"MRFAP1P1",0
"DENND10P1",0
"VENTXP1",0
"C4orf46P2",0
"NKAPP1",0
"MAP2K4P1",0
"PFN5P",0
"ECMXP",0
"GLRA4",0
"CHMP1B2P",0
"RNU6-434P",0
"OTC",0
"CRIPTOP1",0
"BAG1P1",0
"FTLP16",0
"UBTFL11",0
"RNU7-7P",0
"CPSF1P2",0
"RNU6-421P",0
"NCKAP1P1",0
"HMGN1P35",0
"MAGEA3-DT",0
"CSAG2",0
"CSAG3",0
"MFFP3",0
"MIR221",0
"MIR222",0
"SRSF6P1",0
"MED28P4",0
"DDX53",0
"PDCL2P1",0
"EEF1A1P40",0
"RNU2-68P",0
"ETS2P1",0
"AMZ2P3",0
"PPP4R3C",0
"RDXP2",0
"PPP1R11P2",0
"RAB40AL",0
"NUDT19P2",0
"TCEAL7",0
"AKAP17A",0
"ASMT",0
"RBBP8P1",0
"CSF2RA",0
"CBLL2",0
"ARL5AP5",0
"MMADHCP1",0
"RNU6-867P",0
"LINC01203",0
"LINC03099",0
"ASMTL-AS1",0
"ACE2-DT",0
"FGF13-AS1",0
"FMR1-AS1",0
"IRS4-AS1",0
"LINC00106",0
"LINC01281",0
"LINC03070",0
"LINC02601",0
"MIR325HG",0
"LINC02931",0
"LINC00891",0
"MIR223HG",0
"LINC01546",0
"MIR106AHG",0
"PABPC1L2B-AS1",0
"PABPC5-AS1",0
"L1CAM-AS1",0
"MAGEB17-AS1",0
"SYP-AS1",0
"LINC00629",0
"LINC01201",0
"PLXNB3-AS1",0
"LINC03114",0
"UBE2DNL",0
"PPEF1-AS1",0
"LINC02968",0
"RHOXF1-AS1",0
"GPR50-AS1",0
"MAGEA4-AS1",0
"FRMPD3-AS1",0
"LINC03112",0
"LINC02154",0
"WASIR1",0
"IL9R",0
"EZHIP",0
"LINC01496",0
"CENPVL3",0
"CENPVL2",0
"CENPVL1",0
"IPO7P1",0
"UQCR10P1",0
"GTPBP6",0
"FTH1P14",0
"MKRN4P",0
"NLRP3P1",0
"OR2AF1P",0
"MCRIP2P1",0
"NAP1L4P2",0
"RHOG2P",0
"TEX28P2",0
"SOCS5P4",0
"RANP4",0
"CNEP1R1P1",0
"S100A11P6",0
"SSX18P",0
"PPIAP89",0
"IKBKGP1",0
"RPSAP14",0
"VN1R110P",0
"FTHL18P",0
"AKAP17BP",0
"MEMO1P4",0
"RHOXF1P2",0
"H2BW3P",0
"HMGB1P15",0
"FTH1P28",0
"FTH1P19",0
"FTH1P27",0
"H2AL1MP",0
"RPL23AP54",0
"TMEM97P2",0
"BTF3P3",0
"OR6R2P",0
"EIF4EP5",0
"LINC03023",0
"WBP1LP3",0
"MTND6P19",0
"MRPL49P2",0
"DNAJB6P2",0
"HSPA8P13",0
"CCT3P1",0
"RPL10P18",0
"MTND5P41",0
"RPL17P33",0
"RPL23P10",0
"MTCYBP19",0
"PSME2P5",0
"VENTXP5",0
"MTND6P20",0
"SNX18P27",0
"IDI1P2",0
"COX6B1P4",0
"ENTPD4-DT",0
"MAP2K1P1",0
"ATP6V1G1P2",0
"MAPK6P4",0
"PSAT1P1",0
"RFPL4AP7",0
"CYCSP22",0
"BUD31P1",0
"KCTD9P6",0
"ZMAT4",0
"NEFM",0
"PDCL3P1",0
"IGLV8OR8-1",0
"MRPL9P1",0
"IFITM8P",0
"REXO1L5P",0
"RLIG1P3",0
"DPPA3P9",0
"REXO1L11P",0
"RPL13AP18",0
"HIGD1AP18",0
"REXO1L8P",0
"SLC2A13P1",0
"ACTBP6",0
"MMP16",0
"TPM3P3",0
"PRDM14",0
"RPS15AP25",0
"HAUS1P3",0
"JCHAINP1",0
"REXO1L4P",0
"STAU2-AS1",0
"TRIM60P15",0
"IRF5P1",0
"DCAF4L2",0
"RPL6P23",0
"RPS4XP10",0
"REXO1L12P",0
"RPS29P2",0
"HSPA8P11",0
"TMEM69P1",0
"REXO1L10P",0
"RALYL",0
"UFM1P3",0
"CYP4F44P",0
"GAPDHP30",0
"BRIX1P1",0
"RPL10AP3",0
"RPL7L1P17",0
"CHRNB3",0
"MTND2P38",0
"SRSF3P2",0
"KCNS2",0
"MTCO2P4",0
"EYA1",0
"DNAJC5B",0
"BTF3P1",0
"NPM1P52",0
"REXO1L9P",0
"RPL30P10",0
"SUMO2P18",0
"SDCBPP2",0
"RPS12P15",0
"RPL31P41",0
"RPSAP48",0
"REXO1L2P",0
"MTND1P5",0
"NRBF2P4",0
"SUMO2P20",0
"FER1L6-AS1",0
"MRPS36P3",0
"LINC01181",0
"EEF1A1P37",0
"NDUFS5P6",0
"MTND1P7",0
"ARF1P3",0
"RPL29P18",0
"CYCSP23",0
"RPL17P31",0
"NDUFA5P2",0
"LINC03084",0
"RPS20P20",0
"MTCO1P4",0
"RPL30P16",0
"TRMT10BP1",0
"PRXL2AP2",0
"NACAP10",0
"PPIAP86",0
"TRAPPC2P2",0
"ATP5PFP3",0
"PGAM1P13",0
"BHLHE22",0
"NDUFB9P3",0
"TMCC1P1",0
"RPS26P35",0
"PTCSC1",0
"PREX2",0
"RPL36AP31",0
"RPSAP74",0
"IMPDH1P6",0
"KRT8P4",0
"RPL32P4",0
"GML",0
"TMX1P2",0
"H2AZP7",0
"ZNHIT1P1",0
"RSPO2",0
"RPL21P78",0
"SLURP1",0
"ADCY8",0
"MAPK6P1",0
"KNOP1P5",0
"DNAJC8P3",0
"RFPL4AP5",0
"RPL21P79",0
"RPL19P14",0
"MTCO1P47",0
"TRIM55",0
"CRH",0
"HAS2",0
"DUTP2",0
"RPL35AP19",0
"RN7SKP159",0
"RN7SL318P",0
"RNA5SP251",0
"RN7SL474P",0
"RNU7-153P",0
"RNU6-397P",0
"MIR383",0
"RNU4-71P",0
"MIR3148",0
"RN7SL621P",0
"RNU6-1218P",0
"MIR548H4",0
"RNA5SP258",0
"RN7SL457P",0
"RNU6-528P",0
"RNU6-533P",0
"SNORD65B",0
"RNU6-295P",0
"RN7SKP32",0
"RNU6-356P",0
"SNORD13",0
"RNA5SP531",0
"RN7SKP294",0
"MIR548AO",0
"RNU6-895P",0
"RNU6-819P",0
"RNA5SP267",0
"RNU6-596P",0
"RNU6-13P",0
"RN7SL675P",0
"RNU1-101P",0
"RN7SKP29",0
"MIR124-2",0
"RN7SL19P",0
"RNU6-656P",0
"RN7SL203P",0
"RNA5SP271",0
"RNA5SP269",0
"RNA5SP270",0
"RNU2-54P",0
"RNA5SP272",0
"MIR8084",0
"MIR5708",0
"RNU6-1040P",0
"RNU6-1172P",0
"RNU6-690P",0
"MIR378D2",0
"RN7SL685P",0
"RNU6-1220P",0
"SNORD3H",0
"RNA5SP274",0
"RN7SL41P",0
"SNORA72",0
"SNORD77B",0
"RNU6ATAC8P",0
"RNU6-914P",0
"RNU6-1224P",0
"MIR5680",0
"RNA5SP275",0
"RNA5SP276",0
"RNU6-12P",0
"RN7SKP155",0
"RNU7-67P",0
"RN7SL228P",0
"RN7SL826P",0
"MIR2053",0
"RN7SKP226",0
"RNU6-875P",0
"MIR548AZ",0
"MIR548D1",0
"MIR548AA1",0
"RNU4-83P",0
"RNU4-37P",0
"MIR1208",0
"MIR1302-7",0
"RNU6-442P",0
"NPBWR1",0
"C8orf17",0
"MIR1205",0
"RNVU1-32",0
"MIR1206",0
"RNU4-25P",0
"MIR1207",0
"LINC00208",0
"RNA5SP264",0
"LINC02886",0
"HIGD1AP6",0
"PKMP4",0
"DPPA3P7",0
"STMN2",0
"MIR5681A",0
"MIR5681B",0
"MIR2052",0
"MTND4LP26",0
"TARDBPP4",0
"RN7SL135P",0
"MIR6841",0
"RN7SKP206",0
"MIR3686",0
"MTRF1LP2",0
"MIR7112",0
"MIR6848",0
"SCRT1",0
"MIR939",0
"MIR1234",0
"MIR6849",0
"NATP",0
"GPR20",0
"RN7SL323P",0
"SNORD54",0
"MOS",0
"RNU1-124P",0
"VN1R46P",0
"AFG3L2P1",0
"POTEA",0
"RNU6-104P",0
"PPDPFL",0
"TCF24",0
"RNA5SP268",0
"CCDC166",0
"MIR937",0
"MIR6845",0
"MIR661",0
"MIR6846",0
"MIR6847",0
"C8orf44-SGK3",0
"PTTG3P",0
"SNORD87",0
"TRHR",0
"MAPK6P5",0
"MIR7705",0
"RNU6ATAC41P",0
"AURKBP1",0
"RPS17P14",0
"SNORD38D",0
"RPL3P10",0
"RNU6-285P",0
"RPL17P30",0
"MIR6844",0
"MIR4662B",0
"MIR4662A",0
"MRS2P1",0
"RPL21P77",0
"MRPL57P7",0
"RN7SKP85",0
"MSL3P3",0
"MIR599",0
"MIR875",0
"RN7SL350P",0
"MIOXP1",0
"UBE2Q2P10",0
"GOLGA2P1",0
"OR7E96P",0
"VPS51P16",0
"MIR548I3",0
"RPS3AP31",0
"SNRPCP17",0
"MIR4288",0
"RNA5SP259",0
"RPL36AP32",0
"RPL12P24",0
"HMGB1P46",0
"NKX2-6",0
"RN7SKP175",0
"POU5F1P2",0
"ADI1P2",0
"RPL5P24",0
"KCNU1",0
"MIR6850",0
"RPL19P13",0
"SLC35G5",0
"RN7SL293P",0
"RNU6-1084P",0
"VPS51P12",0
"RNA5SP253",0
"DEFB108D",0
"USP17L7",0
"MIR3674",0
"MIR596",0
"MIR7160",0
"DEFB135",0
"DPYS",0
"DCSTAMP",0
"MIR548A3",0
"MIR8055",0
"MIR4659A",0
"MIR4659B",0
"GATA4",0
"RPL26P26",0
"RNA5SP254",0
"DEFB108E",0
"ZNF705CP",0
"FAM90A25P",0
"ENPP7P6",0
"OC90",0
"MIR3610",0
"CHILL1",0
"MIR6893",0
"GDF6",0
"C8orf89",0
"RPS20P21",0
"DSTNP3",0
"RPS3AP32",0
"RNU6-1197P",0
"RPL34P17",0
"HMGB1P19",0
"MIR4663",0
"UBA52P5",0
"RNA5SP256",0
"FAM86B2",0
"STMN4",0
"PMP2",0
"FABP9",0
"FABP4",0
"NIPA2P4",0
"RPS26P34",0
"SLC10A5P1",0
"USP17L2",0
"RNA5SP261",0
"RNA5SP262",0
"RNA5SP263",0
"RNU6-663P",0
"MTND1P6",0
"MTND2P32",0
"RANP9",0
"RNU6-519P",0
"RNU6-869P",0
"RNU11-4P",0
"CCAT2",0
"MIR151A",0
"RNA5SP278",0
"ZNF705D",0
"FGF20",0
"LINC02933",0
"PTMAP15",0
"MIR4661",0
"SLC26A7",0
"COX6B1P6",0
"MIR3150B",0
"MIR3150A",0
"RNU6-665P",0
"RNU6-144P",0
"ZYXP1",0
"PPM1AP1",0
"RPL32P19",0
"RNU6-607P",0
"GOT1L1",0
"RPL12P48",0
"RNU6-988P",0
"RNU6-323P",0
"PPIAP84",0
"RNU5A-3P",0
"MIR6842",0
"GULOP",0
"MIR6843",0
"RNU6-1086P",0
"MIR3622B",0
"MIR3622A",0
"RNU6-1276P",0
"SCARA5",0
"MIR4287",0
"RPL5P22",0
"RNU6-178P",0
"RNU1-148P",0
"MIR5194",0
"RNU6-1255P",0
"RNU6-1324P",0
"RNU2-71P",0
"SLC25A51P3",0
"CKS1BP7",0
"RNU11-6P",0
"RN7SL308P",0
"HMGB1P41",0
"SNRPCP6",0
"VPS51P8",0
"OR7E125P",0
"FAM90A4P",0
"USP17L1",0
"USP17L4",0
"ZNF705G",0
"DEFB103B",0
"DEFB104B",0
"DEFB106B",0
"DEFB107B",0
"PRR23D1",0
"FAM90A6P",0
"VPS51P15",0
"VPS51P9",0
"PRR23D2",0
"DEFB107A",0
"DEFB106A",0
"DEFB104A",0
"DEFB103A",0
"ZNF705B",0
"DEFB108A",0
"USP17L8",0
"USP17L3",0
"SYBU-AS1",0
"FAM90A23",0
"FAM90A22",0
"FAM90A7",0
"FAM90A8",0
"FAM90A9",0
"FAM90A17",0
"FAM90A18",0
"FAM90A19",0
"FAM90A14",0
"FAM90A16",0
"FAM90A10",0
"SPAG11A",0
"VTA1P2",0
"IARS2P1",0
"CNBD1",0
"C8orf90",0
"ZNF572",0
"RN7SL806P",0
"RNU1-35P",0
"RNU6-756P",0
"MIR486-1",0
"MIR486-2",0
"RN7SL149P",0
"ASNSP1",0
"OR7E161P",0
"IMPA1P1",0
"ALG1L13P",0
"ZNF252P",0
"ADAM24P",0
"RN7SKP97",0
"MIR4470",0
"C4orf46P3",0
"AK3P2",0
"LY6H",0
"DEFA1B",0
"DEFA3",0
"DEFA5",0
"VPS51P14",0
"PRR13P7",0
"LY6L",0
"TMEM276-ZFTRAF1",0
"OPRK1",0
"MIR1204",0
"RNU105C",0
"RN7SL250P",0
"SOX17",0
"TRMT112P7",0
"RPL7L1P18",0
"HPYR1",0
"MIR6876",0
"GNRH1",0
"NAT2",0
"RPL35P6",0
"DEFA11P",0
"DEFA7P",0
"DEFB4B",0
"SPAG11B",0
"FAM90A21P",0
"RNU6-1213P",0
"RNU7-174P",0
"MIR3151",0
"MTND2P7",0
"MTCO1P49",0
"DEFB130B",0
"FAM135B",0
"MIR30D",0
"LINC01591",0
"ENPP7P1",0
"RNU6-842P",0
"MTND4P7",0
"RNA5SP255",0
"C8orf48",0
"DEFB109C",0
"FAM86B3P",0
"RPL23AP96",0
"DEFA6",0
"DEFA4",0
"DEFA9P",0
"DEFA10P",0
"DEFA1",0
"DEFB109B",0
"DEFB108C",0
"DEFB105B",0
"LINC02949",0
"MIR4660",0
"RNU7-55P",0
"RNU6-1151P",0
"RNU6-526P",0
"MIR597",0
"MIR124-1",0
"LINC03022",0
"RNU6-729P",0
"PRSS55",0
"MIR4286",0
"RNA5SP252",0
"PINX1",0
"MIR1322",0
"MIR598",0
"DEFB109D",0
"FAM90A2P",0
"RPL23AP53",0
"RPL37P6",0
"REXO1L1P",0
"REXO1L6P",0
"RPS20P22",0
"TPT1P8",0
"TUBBP1",0
"SDAD1P1",0
"DEFB131E",0
"RPL10P19",0
"SDR16C6P",0
"TDH",0
"SMPD5",0
"RPL17P29",0
"RNA5SP273",0
"RN7SKP231",0
"DEFB131D",0
"DEFB130A",0
"RPS3AP35",0
"VPS51P19",0
"OR7E8P",0
"OR7E10P",0
"MIR5692A2",0
"MIR3926-1",0
"MIR3926-2",0
"FAM90A3",0
"FAM90A15",0
"FAM90A13",0
"FAM90A5",0
"FAM90A11",0
"FAM90A12",0
"FAM90A20",0
"RNU6-220P",0
"FAM90A24",0
"MIR4472-1",0
"RN7SL260P",0
"ADGRB1",0
"RPS27AP13",0
"CRIPTOP5",0
"C1GALT1P3",0
"NARS1P2",0
"DEFB136",0
"DEFB134",0
"ADAM3A",0
"RPL7AP80",0
"ADAM5",0
"ADAM18",0
"LINC03042",0
"MIR4471",0
"RN7SKP249",0
"DUXAP2",0
"NACA4P",0
"RN7SL563P",0
"RNU6-892P",0
"LZTS1-AS1",0
"RNA5SP257",0
"SMILR",0
"CDK5P1",0
"LINC01111",0
"LINC03018",0
"LINC03024",0
"TDH-AS1",0
"NRG1-IT3",0
"BAALC-AS2",0
"XKR4-AS1",0
"LINC01298",0
"LINC03044",0
"LINC02844",0
"LINC03020",0
"LINC02849",0
"HAS2-AS1",0
"LINC02855",0
"MIR124-2HG",0
"LINC01609",0
"ASTILCS",0
"LINC01300",0
"LINC02947",0
"LINC00051",0
"LINC03019",0
"LINC00681",0
"LINC02847",0
"LINC02599",0
"LINC02153",0
"LINC02948",0
"DLGAP2-AS1",0
"SQLE-DT",0
"LINC01288",0
"LINC02209",0
"LINC02906",0
"LINC02845",0
"PDE7A-DT",0
"ADAM7-AS2",0
"LINC00588",0
"NRG1-IT1",0
"FAM66E",0
"FER1L6-AS2",0
"LINC02839",0
"LINC01419",0
"RN7SL396P",0
"RNA5SP277",0
"HRURF",0
"MIR320A",0
"RNU7-102P",0
"RN7SKP135",0
"LINC01289",0
"PTPN11P2",0
"PPIAP85",0
"RNU4-50P",0
"SEPTIN14P8",0
"RPL29P19",0
"ASNSP4",0
"REXO1L3P",0
"HSPE1P14",0
"ZNF317P1",0
"SERPINA15P",0
"SEPTIN10P1",0
"SUB1P1",0
"RPS20P23",0
"OR7E158P",0
"SNRPCP15",0
"DEFT1P2",0
"PRR23D3P",0
"DEFA8P",0
"DEFT1P",0
"DEFB109A",0
"PRSS52P",0
"ALG1L11P",0
"OR7E15P",0
"RPL30P9",0
"LINC01030",0
"H3P29",0
"RPS29P33",0
"JKAMPP1",0
"PABPC1P11",0
"RPS27AP14",0
"SUMO2P2",0
"AKAP8P1",0
"RPL31P42",0
"MTCO3P30",0
"LINC01242",0
"CLIC4P1",0
"GARIN3P1",0
"HMGB3P23",0
"NOP56P2",0
"CHCHD4P3",0
"HMGN2P16",0
"BOLA3P4",0
"ASS1P12",0
"KCTD9P3",0
"RBPJP6",0
"FTLP4",0
"ATP5F1AP1",0
"ATP5F1AP10",0
"FKBP4P7",0
"LYPLA2P3",0
"CDCA7P2",0
"RPL21P84",0
"FKBP4P6",0
"FOXB2",0
"SDR42E1P2",0
"MTCO3P40",0
"ATP5MFP3",0
"SLC28A3-AS1",0
"RPS20P25",0
"FOXD4L3",0
"ATP5F1AP7",0
"FAM74A7",0
"RPL21P83",0
"DNAJB5P1",0
"MTCO1P51",0
"CDRT15P7",0
"SDR42E1P4",0
"PA2G4P6",0
"OR7E31P",0
"SDR42E1P3",0
"MTND3P4",0
"LINC00583",0
"IL6RP1",0
"RBPJP2",0
"RPL7AP46",0
"CYLC2",0
"OR7E116P",0
"LINC02578",0
"MTND2P9",0
"TUBB4BP6",0
"ARL2BPP7",0
"BNIP3P4",0
"IGKV1OR-2",0
"KRT18P66",0
"FKBP4P8",0
"DEPDC1P2",0
"HNRNPA1P15",0
"PHB1P7",0
"RPL36AP6",0
"HMGN2P32",0
"RPS15AP27",0
"SPATA31A6",0
"RPS27AP15",0
"MYO5BP3",0
"CDRT15P5",0
"CCSER2P1",0
"GAS1",0
"KRT18P36",0
"ZYG11AP1",0
"MSANTD3-TMEFF1",0
"RPL32P22",0
"LINC01243",0
"STK33P1",0
"TMEFF1",0
"MTATP6P30",0
"CHCHD4P2",0
"HSPE1P28",0
"RPL36P14",0
"ACTG1P19",0
"OLFML2A",0
"KRT18P24",0
"SPATA31B1P",0
"RFC5P1",0
"CAVIN4",0
"MTND2P8",0
"DDX10P2",0
"RPS19P6",0
"NFYCP2",0
"RNA5SP279",0
"RNU6-1073P",0
"MIR101-2",0
"RNU2-47P",0
"RN7SL98P",0
"RNU6-246P",0
"SCARNA8",0
"RNU6-264P",0
"RNU6-14P",0
"RN7SKP120",0
"RMRPP5",0
"RNU6-677P",0
"RNA5SP530",0
"RN7SL565P",0
"MIR4477A",0
"RN7SL343P",0
"RNU6-1293P",0
"RN7SL422P",0
"RN7SKP59",0
"RNU6-1303P",0
"RN7SKP242",0
"RNU2-36P",0
"RNU4-29P",0
"RN7SKP264",0
"RNU6-1228P",0
"MIR4290",0
"MIR4291",0
"MIR4289",0
"RN7SKP87",0
"RNU6-996P",0
"RNU6-329P",0
"RNU6-492P",0
"RNA5SP291",0
"RN7SL659P",0
"RNU6-1064P",0
"MIR7702",0
"RNU6-855P",0
"RNA5SP293",0
"RNU6-432P",0
"RNY4P18",0
"RNA5SP294",0
"RNA5SP295",0
"RN7SL430P",0
"MIR147A",0
"RNU6-710P",0
"RNU4-82P",0
"MIR455",0
"MIR181A2",0
"MIR181B2",0
"NRON",0
"MIR4669",0
"SNORA65",0
"MIR3911",0
"MIR3960",0
"MIR2861",0
"CCIN",0
"RNU4-53P",0
"MIR219A2HG",0
"MIR219A2",0
"MIR219B",0
"GLULP4",0
"SYF2P2",0
"RNU6-984P",0
"RPL21P82",0
"MTATP6P29",0
"MTCO3P29",0
"MTND3P23",0
"MTND4LP7",0
"MTND4P15",0
"BEND3P2",0
"MIR3651",0
"MIR4670",0
"MIR7-1",0
"MIR4667",0
"RN7SL22P",0
"MIR6852",0
"MIR6853",0
"NDUFA5P4",0
"SPAAR",0
"PGAM1P2",0
"OR2S2",0
"MIR4473",0
"MIR4474",0
"RPL7AP48",0
"MIR491",0
"SNORA30B",0
"MIR7114",0
"RNU6-86P",0
"EIF1P1",0
"RNU6-829P",0
"MIR548AU",0
"RN7SL181P",0
"TRPC6P4",0
"TRMT112P4",0
"FYTTD1P1",0
"PPP3R2",0
"H3P31",0
"RN7SL100P",0
"RNA5SP280",0
"RPL36AP34",0
"TMEM252",0
"DENRP4",0
"PTGDS",0
"TMEM210",0
"RNF224",0
"SLC25A6P5",0
"MIR8081",0
"RN7SKP77",0
"RNA5SP292",0
"RPL7AP44",0
"RNU2-46P",0
"RNA5SP289",0
"PARK7P2",0
"RPL36AP35",0
"ACTL7A",0
"MIR32",0
"MIR6856",0
"FIBCD1",0
"RN7SL159P",0
"RBM17P1",0
"RN7SL640P",0
"SPATA31A1",0
"SKP1P3",0
"FKBP4P2",0
"SDR42E1P1",0
"ATP5F1AP8",0
"RBPJP5",0
"RN7SL763P",0
"MEP1AP1",0
"RNU6-1269P",0
"SLC46A2-AS1",0
"MUPP",0
"OR1K1",0
"KRT18P67",0
"SNORD90",0
"MIR600",0
"RNU6-820P",0
"LSM1P1",0
"MIR126",0
"SNORA17B",0
"SNORA17A",0
"LCN10",0
"LCN6",0
"MIR6722",0
"ATP6V1G1P3",0
"MIR4292",0
"MIR4479",0
"C9orf163",0
"IZUMO3",0
"SPATA31A5",0
"FRMPD1",0
"RN7SKP171",0
"RNU7-124P",0
"RNU6-881P",0
"SNORD62A",0
"SNORD62B",0
"FAM74A3",0
"MIR2278",0
"MIR6081",0
"MIR23B",0
"MIR27B",0
"MIR24-1",0
"RNA5SP288",0
"RNA5SP296",0
"MIR4672",0
"PAPPA-AS2",0
"SNORA70C",0
"RN7SKP128",0
"RN7SKP125",0
"MIR4478",0
"TEX48",0
"CDCA4P1",0
"CER1",0
"RNU6-1260P",0
"LDHAP4",0
"UBE2V1P10",0
"EIF3JP3",0
"TRBV21OR9-2",0
"TRBV22OR9-2",0
"TRBV23OR9-2",0
"TRBV24OR9-2",0
"TRBV25OR9-2",0
"TRBV26OR9-2",0
"TRBV29OR9-2",0
"RNU4ATAC11P",0
"SNORD121B",0
"SNORD121A",0
"RN7SL187P",0
"RN7SL726P",0
"MIR204",0
"PIGUP1",0
"RPL35AP21",0
"OR13F1",0
"OR13C4",0
"OR13C8",0
"OR13D2P",0
"OR13C5",0
"OR13C2",0
"OR13C9",0
"OR13I1P",0
"OR13D3P",0
"GPR21",0
"FRRS1L",0
"MIR3152",0
"RN7SKP258",0
"RAP1BP1",0
"PSMC3P1",0
"ENHO",0
"CNTFR",0
"CCL27",0
"CCL19",0
"SPATA31F1",0
"MIR6877",0
"LCN1P1",0
"LCN1P2",0
"SNORD24",0
"SNORD36B",0
"SNORD36A",0
"SNORD36C",0
"TCEA1P1",0
"VN1R51P",0
"RNU6-798P",0
"OR13C6P",0
"OR2AM1P",0
"RNU6-1020P",0
"RNA5SP281",0
"SNRPCP1",0
"MIR548AW",0
"MIR1302-9",0
"FOXD4",0
"RNU7-171P",0
"VTI1BP4",0
"KCNV2",0
"RN7SL560P",0
"RNA5SP284",0
"MIR4477B",0
"OR1J1",0
"OR1J2",0
"OR1J4",0
"OR1L1",0
"TLK1P1",0
"VDAC1P11",0
"YRDCP1",0
"RNU6-669P",0
"FBP2",0
"AHCYP2",0
"RNU2-50P",0
"DNAJC25-GNG10",0
"RNU6-1013P",0
"GPRACR",0
"RN7SL665P",0
"OR2K2",0
"RNU2-25P",0
"RN7SL592P",0
"CDK2AP2P1",0
"MYO5BP1",0
"RN7SL5P",0
"IMP3P1",0
"RN7SL722P",0
"RN7SL787P",0
"RNU6-368P",0
"IFNNP1",0
"IFNB1",0
"IFNWP4",0
"IFNW1",0
"IFNA21",0
"OR1L3",0
"LINC02843",0
"OR13J1",0
"ELF2P3",0
"SPATA31E1",0
"MIR6851",0
"GLT6D1",0
"LCN9",0
"OR1L8",0
"MIR601",0
"MIR7150",0
"PIGFP2",0
"SPATA31C2",0
"ARMC8P1",0
"TCEA1P3",0
"VN1R48P",0
"FAM220BP",0
"RNU6-765P",0
"C11orf98P1",0
"AK4P4",0
"IL11RA",0
"FAM240B",0
"MIR199B",0
"MIR3154",0
"RN7SL75P",0
"NANOGP5",0
"RPL7P33",0
"LINC02907",0
"SOCS5P2",0
"OBP2A",0
"MIR4674",0
"IGKV1OR9-1",0
"FOXD4L5",0
"FRG1KP",0
"IGKV1OR-3",0
"RN7SKP24",0
"ARID3C",0
"NR5A1",0
"IFNA17",0
"IFNWP5",0
"IFNA14",0
"IFNA22P",0
"IFNA5",0
"IFNA20P",0
"IFNA2",0
"IFNA11P",0
"IFNA12P",0
"IFNA8",0
"IFNWP2",0
"MIR31",0
"H3P30",0
"IFNE",0
"STRA6LP",0
"MIR1302-8",0
"RNU6-538P",0
"RNU6-1193P",0
"CYP4F25P",0
"RPL35AP22",0
"KHSRPP1",0
"RN7SL151P",0
"TUBB8P1",0
"ERVFRD-3",0
"UBA52P6",0
"RPL36AP33",0
"MIR3621",0
"HMGN2P31",0
"RNF152P1",0
"IFNK",0
"CTAGE12P",0
"KCTD10P1",0
"MIR876",0
"MIR873",0
"ME2P1",0
"PCNPP2",0
"RNA5SP290",0
"RN7SL794P",0
"RN7SKP225",0
"OR13C3",0
"OR13D1",0
"RN7SL544P",0
"RBPJP7",0
"RN7SKP191",0
"UBE2V1P4",0
"MIR6855",0
"MIRLET7A1",0
"MIRLET7F1",0
"MIRLET7D",0
"SPATA31A7",0
"IFNA13",0
"TLR4",0
"FAM163B",0
"DBH",0
"MYMK",0
"CNN2P3",0
"GXYLT1P6",0
"CYP4F33P",0
"RNU6-599P",0
"SNX18P5",0
"CNN2P4",0
"RNU6-714P",0
"SNX18P2",0
"ADGRF5P2",0
"DIRAS2",0
"MIR6854",0
"RNU6-1035P",0
"RNA5SP287",0
"SPATA31D4",0
"SPATA31D2P",0
"SPATA31D1",0
"RNU6-156P",0
"RNU6-559P",0
"MTND6P5",0
"MTCO2P11",0
"MTATP6P11",0
"MTCO3P11",0
"MTND4P14",0
"MTND5P14",0
"TCF3P1",0
"EIF4A1P3",0
"BMS1P10",0
"ATP8B5P",0
"LINC00475",0
"PRSS47P",0
"FAM120A2P",0
"ZNF658B",0
"FAM95B1",0
"CTSL3P",0
"OR13C1P",0
"SPATA31F2P",0
"CELP",0
"MFSD14CP",0
"LRRC37A5P",0
"CDRT15P6",0
"FBP2P1",0
"NPAP1P9",0
"PAEPP1",0
"ANKRD20A2P",0
"CYP4F59P",0
"ANKRD20A3P",0
"ANKRD20A7P",0
"ANKRD19P",0
"CNTNAP3P7",0
"SPATA31D5P",0
"FGF7P3",0
"CLCN3P1",0
"REXO6P",0
"OR2S1P",0
"COL5A1-AS1",0
"MIR3689C",0
"MIR3689A",0
"MIR3689D1",0
"MIR3689B",0
"MIR3689D2",0
"MIR3689E",0
"MIR3689F",0
"FCN2",0
"CARM1P1",0
"DNLZ",0
"HSD17B3",0
"RNU6-1160P",0
"NSA2P7",0
"SPATA31C1",0
"RNU4ATAC15P",0
"OTX2P1",0
"RBM22P5",0
"H3P32",0
"TRBV20OR9-2",0
"ECM1P1",0
"PES1P2",0
"RPL3P11",0
"ATP5PDP3",0
"NME2P3",0
"ADIPINT",0
"OR1L4",0
"OR1L6",0
"OR5C1",0
"OBP2B",0
"RNU6ATAC",0
"CNTNAP3C",0
"RN7SL462P",0
"RNU5D-2P",0
"BARHL1",0
"MTND2P11",0
"RMRP",0
"FAM74A6",0
"FAM74A4",0
"RPL12P25",0
"PTENP1",0
"GAS2L1P2",0
"MAP1LC3BP1",0
"GXYLT1P4",0
"TOPORSLP",0
"CUTALP",0
"TXNDC8",0
"RNU6-1039P",0
"OR1B1",0
"CCL21",0
"GTF3AP1",0
"RN7SL123P",0
"RPS3AP54",0
"TUBBP5",0
"FAM157B",0
"RNU6-785P",0
"OR4F8BP",0
"RN7SL570P",0
"C9orf57",0
"DPP3P2",0
"RNA5SP286",0
"RN7SKP47",0
"RPSAP75",0
"RNU6-445P",0
"MIR4475",0
"MIR4540",0
"MIR4476",0
"FRG1HP",0
"PGM5P2",0
"FOXD4L6",0
"STPG3-AS1",0
"PAICSP2",0
"MIR3910-1",0
"IFNA6",0
"IFNWP15",0
"IFNWP9",0
"IFNA7",0
"IFNA10",0
"IFNWP18",0
"IFNA16",0
"CYP1D1P",0
"HEMGN",0
"RNU4-15P",0
"LHX2-AS1",0
"FAM242E",0
"FAM242D",0
"LINC02846",0
"PRRX2-AS1",0
"LINC02834",0
"LINC02692",0
"HSD17B3-AS1",0
"LINC01613",0
"BNC2-AS1",0
"LINC01241",0
"LMX1B-DT",0
"PGM5-AS1",0
"LINC01239",0
"BARX1-DT",0
"LINC01230",0
"LINC02247",0
"BANCR",0
"LINC01451",0
"LINC03041",0
"FAM74A1",0
"FAM138C",0
"LINC01235",0
"CYP4F26P",0
"PTPRD-AS1",0
"TPD52L3",0
"RN7SL25P",0
"RPSAP49",0
"RNA5SP283",0
"PTGER4P2",0
"MYO5BP2",0
"ADGRF5P1",0
"LINC02957",0
"FGF7P6",0
"RBM17P2",0
"PTGER4P3",0
"CNTNAP3P2",0
"RAB28P3",0
"AQP7P4",0
"FGF7P5",0
"RBM17P3",0
"AQP7P1",0
"RPS6P12",0
"BMS1P11",0
"BMS1P9",0
"PPIAP88",0
"CDK2AP2P3",0
"RAB28P4",0
"RPL31P43",0
"AQP7P2",0
"CDC20P1",0
"ACNATP",0
"RAB28P1",0
"RPL7AP49",0
"CDRT15P14",0
"SNX18P8",0
"GXYLT1P3",0
"AQP7P5",0
"PRDX1P1",0
"SUGT1P1",0
"PRSS3P4",0
"HMGB1P37",0
"SUGT1P4",0
"SUGT1P4-STRA6LP-CCDC180",0
"DDX11L5",0
"FRG1JP",0
"OR1H1P",0
"RPL7AP45",0
"FAM27B",0
"NPAP1P7",0
"CTSLP8",0
"YWHABP1",0
"BMS1P12",0
"BMS1P13",0
"AQP7P3",0
"ANKRD18CP",0
"SNX18P4",0
"CDRT15P12",0
"ZFAND6P1",0
"RPL7AP76",0
"FGF7P7",0
"RAB28P2",0
"SNX18P7",0
"CYP4F60P",0
"FGF7P4",0
"OR7E109P",0
"OR7E108P",0
"RPSAP9",0
"RPL7AP47",0
"RPL35AP20",0
"IL9RP1",0
"CDK2AP2P2",0
"FGF7P8",0
"CNTNAP3P1",0
"IGKV1OR9-2",0
"CNTFR-AS1",0
"NFIB-AS1",0
"LINC01388",0
"H3P33",0
"RBMXL2",0
"CYCSP25",0
"SYT9",0
"LINC02745",0
"DNAAF11P1",0
"WIZP1",0
"PAUPAR",0
"DBX1",0
"BBOX1",0
"LUZP2",0
"LEISA1",0
"OR4C13",0
"GTF2IP11",0
"OR4C14P",0
"THAP12P4",0
"OR4A49P",0
"OR2BH1P",0
"MTND5P21",0
"CBX3P8",0
"TRIM51DP",0
"OR4A19P",0
"PHKG1P3",0
"OR5L2",0
"OR10AF1P",0
"OR5D14",0
"OR4A21P",0
"OR4A1P",0
"LINC02735",0
"OR4A7P",0
"OR4A6P",0
"LINC02707",0
"OR5D13",0
"OR9Q1",0
"OR4C16",0
"OR5B10P",0
"OR4R3P",0
"OR5D17P",0
"KRT18P14",0
"OR10W1",0
"OR10AK1P",0
"OR5B17",0
"OR4A5",0
"RPL12P31",0
"OR4A8",0
"CIR1P3",0
"GLYAT",0
"TRIM48",0
"CCDC179",0
"OR10V3P",0
"SLC17A6-DT",0
"OR5W1P",0
"OR10Q2P",0
"OR5I1",0
"OR5W2",0
"EIF4A2P3",0
"OR10V1",0
"OR10Y1P",0
"ZFP91-CNTF",0
"RPL7AP56",0
"LRRC4C",0
"TRIM51",0
"OR5BC1P",0
"OR10V2P",0
"HNRNPRP2",0
"RPL7AP58",0
"EEF1G",0
"OR5D16",0
"FIBIN",0
"OR5B19P",0
"LINC01616",0
"OR5L1",0
"WEE2P1",0
"UBTFL10",0
"FGF3",0
"ANKRD33BP7",0
"TRIM53BP",0
"MTND4LP18",0
"H3P34",0
"TRIM77",0
"COX6A1P4",0
"CBX3P7",0
"MTMR12P1",0
"HPRT1P3",0
"DDI1",0
"MMP8",0
"MMP27",0
"ASS1P13",0
"TOMM20P1",0
"HMGN2P38",0
"SCARNA9",0
"VSTM5",0
"TRIM49",0
"RPA2P3",0
"TRPC6",0
"UBTFL2",0
"MTND6P25",0
"TMPRSS5",0
"ELMOD1",0
"HNRNPA1P60",0
"ARL6IP1P3",0
"METTL5P4",0
"PKNOX2-DT",0
"LINC02697",0
"RPS27P20",0
"PHB1P16",0
"RPL23AP62",0
"SLC17A6",0
"TRPC6P5",0
"LINC01395",0
"TMEM225",0
"SPATA19",0
"PPP1R10P1",0
"ELOCP22",0
"TSPAN18-AS1",0
"PKNOX2-AS1",0
"MIR6744",0
"MIR4299",0
"MIR8070",0
"RNA5SP332",0
"MIR302E",0
"MIR4486",0
"MIR4694",0
"RNU6-783P",0
"RNA5SP338",0
"RN7SL240P",0
"MIR8054",0
"RNU6-99P",0
"MIR3973",0
"RNU6-365P",0
"RN7SKP158",0
"MIR8068",0
"MIR3162",0
"RN7SKP192",0
"MIR6860",0
"RNU6-544P",0
"RNU7-59P",0
"MIR5579",0
"MIR4300",0
"RNU6-16P",0
"RN7SL223P",0
"RN7SL222P",0
"SNORA25",0
"RN7SKP53",0
"SNORA32",0
"SNORA1",0
"SNORA8",0
"SNORD5",0
"SNORA18",0
"MIR1304",0
"SNORA40",0
"RN7SKP115",0
"MIR4693",0
"MIR4490",0
"MIR1261",0
"RNA5SP349",0
"MIR4493",0
"RNU4-23P",0
"RNU6-321P",0
"MIR8052",0
"RN7SL167P",0
"RNU6-1156P",0
"MIR4697",0
"RN7SKP121",0
"RN7SKP279",0
"SNORD15A",0
"RN7SL786P",0
"KCNK4-CATSPERZ",0
"CATSPERZ",0
"MIR7155",0
"MIR1237",0
"MIR192",0
"MIR194-2",0
"MIR6749",0
"GPHA2",0
"MIR6879",0
"OR51C4P",0
"OR51F3P",0
"OR51F4P",0
"OR51N1P",0
"OR52Y1P",0
"OR52R1",0
"OR51A6P",0
"OR51G1",0
"OR51A3P",0
"OR52J2P",0
"OR52J3",0
"OR52E2",0
"OR52E1",0
"OR52S1P",0
"OR52E3P",0
"OR52J1P",0
"HBB",0
"HBG2",0
"HBE1",0
"OR51AB1P",0
"OR51B4",0
"OR51B3P",0
"OR51B6",0
"TMEM258P1",0
"OR51Q1",0
"OR51K1P",0
"OR51A10P",0
"OR52D1",0
"UBQLN3",0
"UBQLNL",0
"OLFM5P",0
"OR52H2P",0
"OR52T1P",0
"TRIM6-TRIM34",0
"OR52U1P",0
"OR56B1",0
"OR52N3P",0
"OR52E6",0
"OR52E7P",0
"HBG1",0
"MRGPRG",0
"NDUFA5P8",0
"NDUFA5P1",0
"ENPP7P15",0
"SNRPCP5",0
"RPS3AP39",0
"GLYATL1P1",0
"GLYATL1P4",0
"GLYATL1B",0
"SLC25A47P1",0
"RN7SL435P",0
"OR5AN2P",0
"OR5BR1P",0
"OR10D1P",0
"OR8F1P",0
"OR8G7P",0
"SLC5A4P1",0
"SNORA52",0
"RNU6-876P",0
"OR10D4P",0
"HSPB2",0
"HSPB2-C11orf52",0
"PPIHP1",0
"RNU6-893P",0
"MRPS36P4",0
"RPS12P21",0
"RPS6P16",0
"MIR4298",0
"MIR7847",0
"MIR675",0
"OR4C50P",0
"OR4C46",0
"OR4C7P",0
"OR4R2P",0
"OR4A4P",0
"OR4A3P",0
"OR4A2P",0
"OR52L1",0
"KRT18P58",0
"RNA5SP329",0
"OR56A7P",0
"OR52X1P",0
"OR56B4",0
"OR52L2P",0
"OR52Z1P",0
"OR5AK1P",0
"OR5BQ1P",0
"RNU6ATAC12P",0
"OR8B7P",0
"OR8B6P",0
"OR8B5P",0
"OR8C1P",0
"OR8X1P",0
"OR8A2P",0
"OR8B10P",0
"OR8A3P",0
"OR52Q1P",0
"SLC37A2",0
"ELF5",0
"NLRP14",0
"RNU6-1306P",0
"RNU6-45P",0
"RNU6-72P",0
"MIR3165",0
"RPEP6",0
"COX6CP18",0
"SNORA54",0
"RN7SKP50",0
"RNU7-28P",0
"RNU6ATAC33P",0
"MIR7154",0
"FBLIM1P2",0
"MIR4688",0
"RNA5SP345",0
"RPL32P25",0
"TMEM151A",0
"CD248",0
"RNU1-84P",0
"MIR611",0
"MIR1908",0
"MIR6746",0
"MYOD1",0
"NXPE2P1",0
"RN7SL828P",0
"HSPE1P18",0
"OR5AK4P",0
"OR5AO1P",0
"OR5BP1P",0
"PRG3",0
"PRG2",0
"RNU1-91P",0
"LINC02701",0
"DEFB108B",0
"RNA5SP342",0
"DEFB131B",0
"INSC",0
"SCN4B",0
"MIR6755",0
"SETP17",0
"PTP4A1P6",0
"GNG5P3",0
"IMMP1LP1",0
"ATP5MGP1",0
"HIGD1AP5",0
"MRGPRX12P",0
"MRGPRX4",0
"SAA2-SAA4",0
"RNA5SP333",0
"RNA5SP334",0
"OR7E5P",0
"OR5F2P",0
"OR5J1P",0
"OR8I4P",0
"OR5BN2P",0
"OR8H3",0
"OR5BN1P",0
"OR8K4P",0
"OR5J7P",0
"OR5J2",0
"OR8V1P",0
"OR4V1P",0
"OR4P1P",0
"OR5D2P",0
"VN2R9P",0
"OR9L1P",0
"OR9I3P",0
"OR9I2P",0
"OR5BL1P",0
"OR10Q1",0
"OR9G3P",0
"MIR6128",0
"OR9G2P",0
"OR5G1P",0
"OR5G4P",0
"OR5G3",0
"NAA50P1",0
"OR8J2",0
"OR8I1P",0
"FAM8A2P",0
"OR8K2P",0
"OR5BB1P",0
"OR4D8P",0
"OR4D11",0
"OR4D7P",0
"OR5B1P",0
"OR5B15P",0
"OR8U1",0
"OR8L1P",0
"OR5AL2P",0
"OR5AL1",0
"OR5M4P",0
"OR5M9",0
"OR5M7P",0
"OR5M6P",0
"OR5M5P",0
"MIR210",0
"DRD4",0
"LINC02547",0
"OR4A12P",0
"OR4A9P",0
"OR4X7P",0
"OR4A10P",0
"OR4A17P",0
"OR4A13P",0
"OR4A50P",0
"RPL7AP55",0
"RNU6-943P",0
"OR10G6",0
"OR10G5P",0
"OR10G9",0
"OR10D5P",0
"MIR130A",0
"MIR6748",0
"RNU2-2P",0
"SNORD22",0
"SNORD30",0
"SNORD28",0
"SNORD27",0
"SNORD26",0
"SNORD25",0
"YPEL4",0
"RN7SKP243",0
"RNA5SP343",0
"KCNJ1",0
"RNU6-1238P",0
"PTPRCAP",0
"COX6CP5",0
"TUB-AS1",0
"RPL35AP26",0
"LYVE1",0
"SNORD97",0
"HMGB1P42",0
"TBCEL-TECTA",0
"KCNA4",0
"FSHB",0
"GAPDHP70",0
"FAM99B",0
"KRTAP5-6",0
"MIR4487",0
"RN7SL652P",0
"FAM180B",0
"P4HA3-AS1",0
"RNA5SP341",0
"RN7SKP259",0
"RN7SL605P",0
"PPIAP42",0
"SCN2B",0
"OR8G3P",0
"MIR6503",0
"MS4A12",0
"MS4A13",0
"TUBB4BP4",0
"NDUFB11P1",0
"PGAM1P9",0
"RPS3AP42",0
"SNRPGP16",0
"MTNR1B",0
"RPL26P31",0
"RPL12P30",0
"RPS3AP41",0
"PATE1",0
"PATE2",0
"PATE3",0
"PATE4",0
"DDX25",0
"NAP1L1P1",0
"RNU6-1143P",0
"MIR4687",0
"HNRNPA1P76",0
"RPS29P20",0
"SHANK2-AS3",0
"MIR3664",0
"RBMXP3",0
"EIF2S2P6",0
"RPL7AP54",0
"SNORA70E",0
"WBP1LP10",0
"RNU6-447P",0
"SCGB1C1",0
"MIR6743",0
"NLRP6",0
"IFITM5",0
"RN7SL838P",0
"SF3A3P2",0
"RNU1-21P",0
"OR6M3P",0
"DLG2-AS2",0
"LDHAL6DP",0
"HNRNPA1P72",0
"RNU6-1292P",0
"CCDC89",0
"RNU6-126P",0
"NDUFC2-KCTD14",0
"DCHS1-AS1",0
"LRRC32",0
"OMP",0
"RNA5SP346",0
"ELOBP2",0
"RNA5SP330",0
"MIR5691",0
"PGA5",0
"LRRC10B",0
"MIR6747",0
"SNORA57",0
"HNRNPUL2-BSCL2",0
"RN7SL259P",0
"TP53AIP1",0
"MRGPRX3",0
"OR5AN1",0
"OR51L1",0
"OR8J1",0
"OR8D4",0
"OR4S2",0
"OR8H2",0
"OR4D9",0
"OR56A4",0
"OR52A5",0
"OR8D1",0
"OR5B3",0
"OR52N1",0
"OR5M3",0
"OR8B8",0
"CASP1P1",0
"OR2AL1P",0
"ABCG4",0
"RNU6-262P",0
"MIR6756",0
"MIR6752",0
"CABP2",0
"OR7E145P",0
"OR7E11P",0
"EVA1CP4",0
"SLC22A6",0
"PTTG1P2",0
"TUBAP7",0
"RPL29P22",0
"OR9G1",0
"NCR3LG1",0
"SDHCP4",0
"RPL29P21",0
"USH1C",0
"OLFML1",0
"OR5P4P",0
"OR5P1P",0
"APOA5",0
"APOA4",0
"OR56A3",0
"OR51M1",0
"OR51I2",0
"OR52K2",0
"OR52K1",0
"OR52M2P",0
"RN7SL12P",0
"C1QBPP2",0
"FTLP6",0
"RNU6-874P",0
"ZNF123P",0
"OR52M1",0
"C11orf40",0
"OR5M1",0
"OR5AM1P",0
"OR5M12P",0
"OR51F2",0
"OR8B3",0
"OR8B2",0
"OR10A3",0
"OR5A1",0
"OR51G2",0
"OR5T1",0
"ART2BP",0
"OR6A2",0
"OR51D1",0
"OR51E1",0
"OR2AG2",0
"OR10G8",0
"OR51A4",0
"MIR6754",0
"KRTAP5-7",0
"KRTAP5-8",0
"KRTAP5-9",0
"KRTAP5-10",0
"KRTAP5-13P",0
"KRTAP5-14P",0
"OR7E87P",0
"VPS51P11",0
"OR8J3",0
"OR5AZ1P",0
"OR5BD1P",0
"RNU6-899P",0
"OR51A9P",0
"OR51E2",0
"YWHABP2",0
"SNORA3A",0
"RPL21P96",0
"MTCO3P15",0
"MTCO2P15",0
"MTND2P26",0
"MTND1P36",0
"OR10A5",0
"OR4D5",0
"OR5D18",0
"OR8K1",0
"OR8I2",0
"OR4A16",0
"OR8G5",0
"PGA4",0
"OR9Q2",0
"OR2AG1",0
"OR4C15",0
"OR51T1",0
"OR8D2",0
"OR5M10",0
"OR6T1",0
"OR6X1",0
"OR8B12",0
"OR5M11",0
"OR5M8",0
"OR6M1",0
"OR4C11",0
"TBX10",0
"OR10AG1",0
"OR51I1",0
"OR51B2",0
"OR52H1",0
"OR5T2",0
"OR5AP2",0
"OR4D6",0
"MIR3167",0
"KIRREL3-AS3",0
"CYCSP29",0
"RNU6-654P",0
"MS4A6E",0
"OR52N2",0
"OR2AT1P",0
"ZDHHC20P3",0
"SNORD14B",0
"RNU6-593P",0
"MIR6716",0
"SLC22A24",0
"OR51S1",0
"TMA16P1",0
"MIR612",0
"SNRPGP19",0
"MIR4690",0
"MIR4489",0
"RN7SL309P",0
"OR5P2",0
"RNU6-1175P",0
"H2AZP4",0
"MIR548K",0
"VSIG10L2",0
"KRTAP5-4",0
"KRTAP5-11",0
"WNT11",0
"OR8H1",0
"SPICP1",0
"OR10A6",0
"OR51V1",0
"OR8K3",0
"OR9G4",0
"APLNR",0
"OR5P3",0
"MIR3159",0
"MIR4491",0
"RNU2-60P",0
"MIR34B",0
"MIR34C",0
"BTG4",0
"MRGPRX6P",0
"MRGPRX5P",0
"MRGPRX11P",0
"MRGPRX10P",0
"MRGPRX9P",0
"MRGPRX2",0
"OR5T3",0
"OR52E5",0
"ASCL3",0
"OR51F1",0
"RNA5SP350",0
"RPS17P15",0
"POU2AF2",0
"RPS2P39",0
"C1QTNF5",0
"DUXAP5",0
"LINC02956",0
"FGF19",0
"DNAJB6P5",0
"FGF4",0
"MIR4492",0
"RN7SL688P",0
"FOXR1",0
"NLRP10",0
"CKS1BP4",0
"RPL32P24",0
"RNU6-311P",0
"INS-IGF2",0
"MIR483",0
"IGF2-AS",0
"INS",0
"MIR4686",0
"RNU6-878P",0
"NXPE2",0
"MIR6751",0
"HIGD1AP10",0
"RNU2-23P",0
"MTND1P35",0
"TRIM49D1",0
"TRIM49D2",0
"TRIM53AP",0
"TRIM49C",0
"ANKRD33BP10",0
"UBTFL1",0
"TRIM64",0
"FXYD6-FXYD2",0
"AKR1B1P3",0
"RN7SL188P",0
"RN7SKP90",0
"KCNK4",0
"SPDYC",0
"VPS51P5",0
"XNDC1N-ZNF705EP-ALG1L9P",0
"MTRF1LP1",0
"RPS29P19",0
"CLDN25",0
"RNU6-1123P",0
"NECTIN1-AS1",0
"OR5AK3P",0
"KRTAP5-5",0
"ST13P11",0
"KDM4E",0
"BUD13P1",0
"BGLT3",0
"SLC22A10",0
"CHST1",0
"RNU7-23P",0
"MIR3163",0
"ANKRD33BP2",0
"TRIM51CP",0
"TRIM49B",0
"ANKRD33BP3",0
"TRIM64C",0
"UBTFL7",0
"RNU6-46P",0
"RPS3AP40",0
"VPS51P17",0
"MIR7113",0
"MIR4691",0
"MIR6753",0
"RN7SL778P",0
"TRIM51G",0
"ZNF705EP",0
"MIR3161",0
"OR4B1",0
"OR4B2P",0
"OR4X2",0
"OR4X1",0
"TOMT",0
"OR52E8",0
"RSF1-IT1",0
"OR51C1P",0
"OR10D3",0
"OR4A15",0
"OR56B2P",0
"OR5D3P",0
"OR10S1",0
"MIR6745",0
"MADD-AS1",0
"MIR129-2",0
"PHB1P2",0
"CASP12",0
"PTH",0
"RPL39P26",0
"CENPUP1",0
"RNU6-216P",0
"OR2AT2P",0
"NPM1P50",0
"HSPD1P13",0
"RNU4-55P",0
"RNU6-277P",0
"RN7SKP287",0
"CTBP2P6",0
"MIR670",0
"OR52P1",0
"RPL29P23",0
"OR8G2P",0
"RNU6-256P",0
"MIR125B1",0
"MIRLET7A2",0
"MIR100",0
"RNU4ATAC10P",0
"RNU4ATAC5P",0
"GRM5P1",0
"NOX4P1",0
"OR4C1P",0
"OR9M1P",0
"TRIM51HP",0
"TRIM64DP",0
"FOLH1B",0
"OR51F5P",0
"OR51A8P",0
"OR51H2P",0
"OR52A4P",0
"HBBP1",0
"OR52B5P",0
"OR10N1P",0
"OR8B1P",0
"OR8B9P",0
"DEFB130C",0
"SAA3P",0
"SLC25A51P4",0
"OR5AQ1P",0
"OR5BE1P",0
"OR5G5P",0
"OR2AH1P",0
"OR5M2P",0
"ENPP7P8",0
"OR6M2P",0
"GUCY2EP",0
"CARD17P",0
"OR10AB1P",0
"OR5BA1P",0
"GLYATL1P2",0
"OR7E14P",0
"TSSC2",0
"TRPC2",0
"FAM86C2P",0
"SEPTIN7P11",0
"GVINP1",0
"CASP4LP",0
"FAUP4",0
"FAM86C1P",0
"OR52B2",0
"OR52W1",0
"C11orf42",0
"RANP3",0
"RN7SKP297",0
"MIR4696",0
"RPL36AP38",0
"CALCP",0
"CALCA",0
"OR7E41P",0
"OR4C9P",0
"OR4R1P",0
"OR4A47",0
"OR4A46P",0
"OR4A40P",0
"OR4A43P",0
"OR4A45P",0
"OR4A41P",0
"OR4A42P",0
"OR4A44P",0
"MIR6090",0
"ETS1-AS1",0
"HEPN1",0
"NTM-IT",0
"OPCML-IT2",0
"OPCML-IT1",0
"MIR5582",0
"SNORD67",0
"RNU6-560P",0
"MOB4P2",0
"OR7E2P",0
"HNRNPCP8",0
"XIAPP2",0
"OR4S1",0
"OR4C3",0
"OR4C5",0
"OR4C2P",0
"TRIM77BP",0
"UBTFL9",0
"MS4A19P",0
"OR51H1",0
"RPL15P15",0
"OR52K3P",0
"OR52I1",0
"OR56A5",0
"PDE2A",0
"MIR139",0
"RNU7-105P",0
"PDE2A-AS1",0
"RPS12P20",0
"MIR4692",0
"OR4C12",0
"OR4C48P",0
"OR4C45",0
"OR4C49P",0
"RNU6-592P",0
"OOSP3",0
"SRD5A3P1",0
"SSU72L5",0
"SSU72L2",0
"SSU72P6",0
"SSU72L4",0
"SSU72L3",0
"OR52B4",0
"OR52B3P",0
"OR51R1P",0
"OR52P2P",0
"RNA5SP535",0
"RNU6-952P",0
"MMP20",0
"RNU7-187P",0
"NCAM1-AS1",0
"TTC12-DT",0
"ANKK1",0
"MIR4301",0
"RNU2-35P",0
"KDM4F",0
"OOSP1",0
"OOSP4A",0
"OOSP4B",0
"OOSP2",0
"MS4A3",0
"WTAPP1",0
"KRT18P59",0
"UNC93B6",0
"ZNF75CP",0
"RPL26P30",0
"PGAM1P8",0
"XNDC1CP",0
"SRSF8BP",0
"RPL31P46",0
"RPLP0P2",0
"THEM7P",0
"OR55B1P",0
"ACTE1P",0
"SLC22A20P",0
"DOC2GP",0
"COX8BP",0
"LINC00301",0
"OR1S2",0
"OR1S1",0
"OR52I2",0
"OR4P4",0
"RN7SL23P",0
"MIR4488",0
"RNU6-376P",0
"HNRNPA3P9",0
"MIR3920",0
"KIAA1191P2",0
"PLS1P1",0
"C11orf87",0
"TFAMP2",0
"RPSAP50",0
"OR6Q1",0
"ATP5PBP5",0
"SAE1P1",0
"RPL34P23",0
"SNORD14D",0
"SNORD14C",0
"PHB1P17",0
"PTGDR2",0
"MIR8087",0
"RNA5SP339",0
"CBX3P1",0
"MIR610",0
"ATP5MGP8",0
"RPL12P46",0
"RASSF10-DT",0
"RNA5SP336",0
"RNA5SP337",0
"AKTIPP3",0
"MED28P5",0
"LINC02553",0
"RNA5SP347",0
"MIR6073",0
"RPL7AP79",0
"RPL34P22",0
"SCGB1D1",0
"SCGB1D2",0
"SCGB2A2",0
"SCGB1D4",0
"PPP1R1AP1",0
"RNA5SP344",0
"MTCYBP41",0
"CSRP3",0
"PCNAP4",0
"NAV2-IT1",0
"RNA5SP335",0
"HMGB1P40",0
"MIR670HG",0
"LINC02952",0
"LINC02873",0
"LINC02749",0
"LINC02748",0
"LINC02761",0
"LINC02713",0
"LINC02989",0
"ARL14EP-DT",0
"LINC02702",0
"LINC02727",0
"LINC02548",0
"MRPL23-AS1",0
"LINC01219",0
"LRP4-AS1",0
"LINC02688",0
"LINC02720",0
"LINC02546",0
"LINC03096",0
"RIC3-DT",0
"STIM1-AS1",0
"LINC02699",0
"LINC02712",0
"ARHGEF17-AS1",0
"LINC02685",0
"FBXO3-DT",0
"LINC02682",0
"LINC02744",0
"LINC01493",0
"LINC02743",0
"HNRNPKP3",0
"FXYD6-AS1",0
"NTM-AS1",0
"IGSF22-AS1",0
"LINC02584",0
"LINC02726",0
"MMP20-AS1",0
"H19",0
"LINC02703",0
"LINC02742",0
"LINC02760",0
"KRTAP5-AS1",0
"LINC02704",0
"LINC02683",0
"LINC02756",0
"LINC02759",0
"LINC02689",0
"LINC02747",0
"TSKU-AS1",0
"LINC02730",0
"LINC02718",0
"LINC02710",0
"LINC01495",0
"LNC-RHL1",0
"SORL1-AS1",0
"PDE2A-AS2",0
"LINC01499",0
"LINC02698",0
"LINC02737",0
"JRKL-AS1",0
"LINC02705",0
"NAV2-AS4",0
"MPPED2-AS1",0
"SLC1A2-AS2",0
"KIRREL3-AS2",0
"LINC02708",0
"LINC02729",0
"NDUFV1-DT",0
"LINC02695",0
"RNU6-44P",0
"RAB39A",0
"TRIM51FP",0
"TYRL",0
"FADS2B",0
"PPIAP43",0
"BAK1P2",0
"OR51A1P",0
"RPS24P14",0
"WARS1P1",0
"RPL36AP39",0
"OR8Q1P",0
"FOLR1P1",0
"OR5E1P",0
"ARPC3P4",0
"RPL7AP57",0
"RDXP1",0
"C1DP5",0
"GVINP2",0
"CASP1P2",0
"CCND2P1",0
"ART2P",0
"MRGPRX7P",0
"COX7CP3",0
"SETP16",0
"BCAS2P1",0
"COPS8P3",0
"TRIM51EP",0
"TRIM64EP",0
"TRIM53CP",0
"ALG1L8P",0
"ENPP7P7",0
"OR7E13P",0
"TREHP1",0
"LINC02750",0
"LINC02545",0
"LINC02733",0
"LINC02706",0
"CHCHD3P1",0
"HSP90AB7P",0
"MTND1P37",0
"HMGN1P20",0
"MTND2P16",0
"ZNF33BP1",0
"ACTR3BP5",0
"PABPC1P12",0
"RPS24P13",0
"ZNF37CP",0
"ST8SIA6",0
"CHEK2P5",0
"FXYD6P1",0
"SLC39A12",0
"AMD1P1",0
"FTLP19",0
"PTF1A",0
"RPL36AP55",0
"HIRAP1",0
"CTSLP2",0
"MKX-AS1",0
"MRPL50P4",0
"MRPS35P3",0
"UBE2V2P1",0
"SNRPEP8",0
"MRLN",0
"NEK4P3",0
"MRPS21P5",0
"THAP12P3",0
"NDUFA8P1",0
"LINC01520",0
"FARSBP1",0
"GRID1",0
"RSU1P3",0
"WARS2P1",0
"EIF2S2P3",0
"NPAP1P3",0
"ABCD1P2",0
"CYP2C19",0
"LINC02628",0
"MKNK2P1",0
"CYP26C1",0
"SMARCE1P7",0
"RPLP1P10",0
"KSR1P1",0
"RPL7P37",0
"MRPL35P2",0
"RPL17P35",0
"DNTT",0
"MAPKAPK5P1",0
"SNRPGP6",0
"MTND4P18",0
"TOMM22P5",0
"CYP2C61P",0
"RPL21P91",0
"RPS6P15",0
"IGKV1OR10-1",0
"TIMM9P1",0
"PNLIPRP3",0
"HMGN2P34",0
"LYZL1",0
"PTGES3P5",0
"CYP26A1",0
"FAM13C",0
"RAD1P1",0
"ANXA2P3",0
"TMEM26",0
"BTF3P15",0
"RPL19P16",0
"RPL12P26",0
"HMX3",0
"DUX4L24",0
"PRLHR",0
"FRG2B",0
"SLC25A18P1",0
"NTAN1P1",0
"LINC01153",0
"LINC02661",0
"KCNK18",0
"NKX1-2",0
"DUX4L14",0
"DUX4L20",0
"RARRES2P2",0
"DUX4L25",0
"DUX4L23",0
"SAR1AP2",0
"AGGF1P2",0
"DUX4L15",0
"DUX4L29",0
"DUX4L21",0
"GPR26",0
"DUX4L11",0
"CLUHP5",0
"ARMS2",0
"DUX4L10",0
"PPIAP38",0
"DUX4L12",0
"NIP7P1",0
"ZNF488",0
"DUX4L22",0
"DUX4L13",0
"RPS26P39",0
"CCDC172",0
"BTBD7P2",0
"EMX2",0
"RPL34P19",0
"HMGB1P7",0
"RNU6-576P",0
"MIR6078",0
"RNU6-163P",0
"RNU6-889P",0
"MIR6072",0
"RNA5SP299",0
"RNA5SP300",0
"RNA5SP303",0
"RNU6-1141P",0
"MIR548Q",0
"RN7SKP219",0
"RNA5SP306",0
"RNU6-413P",0
"RNA5SP304",0
"RN7SKP132",0
"MIR604",0
"RNU6-632P",0
"RN7SL825P",0
"RN7SKP220",0
"RNU7-22P",0
"RN7SL398P",0
"RNU6-1118P",0
"RNA5SP312",0
"MIR605",0
"RNA5SP318",0
"RN7SKP196",0
"RNU6-543P",0
"MIR3924",0
"RNU6-325P",0
"RNU6-478P",0
"RN7SKP238",0
"RNA5SP322",0
"MIR346",0
"RNU6-129P",0
"MIR4678",0
"RNA5SP324",0
"RNU2-43P",0
"RN7SKP278",0
"RNA5SP326",0
"RNU5B-6P",0
"RNU6-463P",0
"RNU6-1165P",0
"MIR3663",0
"RNU6-839P",0
"MIR3158-1",0
"MIR3158-2",0
"MIR609",0
"RNU6-728P",0
"MIR378C",0
"MIR3941",0
"LINC01165",0
"EIF4BP2",0
"LUZP4P1",0
"RNU6-15P",0
"LINC03089",0
"RPL9P21",0
"ANKRD1",0
"RNU6-740P",0
"DDX18P6",0
"RPL35AP24",0
"SNORA74C-2",0
"RNA5SP317",0
"LINC02621",0
"RN7SL591P",0
"ZNF365",0
"ALDH7A1P4",0
"MIR4297",0
"EBF3-AS1",0
"LINC01561",0
"MIR4675",0
"MTND1P21",0
"MRM3P1",0
"MIR1915",0
"RNU6-306P",0
"NPS",0
"RNU6-490P",0
"RNU2-24P",0
"RNU7-12P",0
"RPL7AP8",0
"RNU6-1274P",0
"MIR607",0
"HMGN2P35",0
"CALML5",0
"CALML3",0
"RN7SL445P",0
"NRBF2P5",0
"RPL12P28",0
"RNA5SP323",0
"FFAR4",0
"RAB11AP1",0
"RPSAP7",0
"RPS15AP29",0
"MARCKSL1P1",0
"ST13P13",0
"RPEL1",0
"RNU11-3P",0
"MIR1307",0
"HDAC1P1",0
"RNU6-657P",0
"DDX20P1",0
"RNA5SP297",0
"RNA5SP298",0
"RN7SL754P",0
"ATP5MC1P8",0
"COX6CP15",0
"RNA5SP321",0
"MBL2",0
"RN7SL453P",0
"FAM25C",0
"RPL7P34",0
"LIPF",0
"NAPGP1",0
"RCBTB2P1",0
"LIPN",0
"RNU6-598P",0
"EEF1A1P39",0
"DNM1P17",0
"GOLGA2P6",0
"RN7SL241P",0
"MIR7162",0
"CCND3P1",0
"HNRNPA1P32",0
"RN7SL63P",0
"SNRPGP12",0
"HMGB3P5",0
"RNU6-571P",0
"ACTBP14",0
"RPS12P17",0
"RNU6-883P",0
"BMS1P4-AGAP5",0
"RNA5SP320",0
"ZSWIM8-AS1",0
"C10orf71",0
"RPL35AP23",0
"RPL23AP61",0
"RPS15AP28",0
"ATP5MC1P7",0
"MTND2P15",0
"MTND1P20",0
"RNU6-666P",0
"RNU6-452P",0
"LINC02673",0
"TRIAP1P1",0
"PTCHD3",0
"RPL11P4",0
"RN7SL644P",0
"RPS25P9",0
"RNA5SP309",0
"SPTLC1P1",0
"RPS15AP5",0
"AK3P5",0
"MTND4LP11",0
"RPL7AP53",0
"RNU6-687P",0
"NEFMP1",0
"MIR548F1",0
"GAPDHP21",0
"RNY3P12",0
"NPAP1P2",0
"PGGT1BP2",0
"BMS1P21",0
"DPY19L2P5",0
"C1DP3",0
"NUTM2D",0
"IFIT6P",0
"IFIT1B",0
"SLC16A12",0
"RNU6-805P",0
"SNX19P4",0
"RN7SKP241",0
"RNA5SP310",0
"HNRNPA1P33",0
"NPY4R",0
"RNU6-697P",0
"CDH23-AS1",0
"MIR7152",0
"TPRX1P1",0
"RPS12P18",0
"MBL3P",0
"RNU6-780P",0
"CYP2C58P",0
"RPL7AP52",0
"CYP2C9",0
"MTND4P20",0
"CYP2C59P",0
"CYP2C60P",0
"PAWRP1",0
"MIR1287",0
"MIR4685",0
"LINC02620",0
"SORCS3",0
"MIR4682",0
"NACAP2",0
"MAPK6P6",0
"RNU7-107P",0
"RN7SL78P",0
"MIR608",0
"MIR8086",0
"ZNF101P1",0
"RPSAP10",0
"RN7SKP39",0
"TPRKBP1",0
"RNU6-1067P",0
"RNU6-270P",0
"RPL5P28",0
"UTF1",0
"VENTX",0
"MIR202",0
"ZNF511-PRAP1",0
"CALY",0
"BANF1P2",0
"PRAP1",0
"HMGB1P50",0
"HMX2",0
"AGAP11",0
"FAM25A",0
"RN7SL733P",0
"ADGRA1",0
"MIR6715B",0
"MIR6715A",0
"ARL6IP1P2",0
"RNU6-811P",0
"RN7SL314P",0
"TMEM161BP1",0
"VN1R53P",0
"YY1P1",0
"PPIAP32",0
"RNA5SP301",0
"MIR107",0
"MIR5100",0
"RNU6ATAC11P",0
"RPL5P26",0
"COX6CP17",0
"RNU6-535P",0
"RN7SKP167",0
"MIR5699",0
"CTNNA3",0
"RPL7AP51",0
"MIR7151",0
"AKR1B10P1",0
"RPL21P92",0
"RNU6-1250P",0
"RN7SL394P",0
"DNAJC19P1",0
"RNU6-523P",0
"RN7SL220P",0
"POU5F1P5",0
"AGAP5",0
"LBX1",0
"FAM25G",0
"LIPK",0
"SNORD3J",0
"RNU7-193P",0
"MIR3157",0
"RNU6-271P",0
"NPM1P25",0
"RPS26P40",0
"TBATA",0
"TLX1",0
"CALHM3",0
"SH3PXD2A-AS1",0
"MED6P1",0
"MLDHR",0
"RNA5SP311",0
"OR6L2P",0
"OR7M1P",0
"OR6L1P",0
"RN7SKP202",0
"LINC02640",0
"KRT19P4",0
"FXYD6P2",0
"MYPN",0
"NUTM2E",0
"LRRTM3",0
"RN7SKP288",0
"RNA5SP327",0
"MIR4680",0
"MIR548E",0
"BMS1P7",0
"RPS6P14",0
"COX7BP6",0
"RPL13AP19",0
"MIR3611",0
"PTCD2P2",0
"MIR4679-2",0
"NUDT13",0
"SNORA11F",0
"EIF4A2P2",0
"RNU1-65P",0
"GPR15LG",0
"LRIT2",0
"LRIT1",0
"RPL12P29",0
"ADIPOR1P1",0
"EBLN1",0
"RPL31P45",0
"COMMD3-BMI1",0
"RNU6-709P",0
"UBE2V1P5",0
"MIR2110",0
"RNU6-794P",0
"RNU6-1167P",0
"RN7SL248P",0
"RNU6-1244P",0
"MIR4483",0
"RNU7-165P",0
"LYZL2",0
"NUP35P1",0
"RPL23P11",0
"SS18L2P1",0
"RNU6-847P",0
"RNU6-193P",0
"PRDX2P2",0
"RN7SL384P",0
"RPL5P25",0
"BTBD7P1",0
"RPL36AP36",0
"UCMA",0
"RBISP1",0
"RPL32P23",0
"RN7SKP78",0
"MIR3155A",0
"MIR3155B",0
"SDCBPP1",0
"RNU6-1231P",0
"CYP17A1",0
"BORCS7-ASMT",0
"AS3MT",0
"RPL22P17",0
"MIR936",0
"MIR4294",0
"FAM170B",0
"LRRC18",0
"MTND4P19",0
"TACC1P1",0
"MTND1P18",0
"PNLIPRP1",0
"SPMIP5",0
"RPL5P27",0
"RNU6-1266P",0
"IMPDH1P5",0
"GNAI2P2",0
"RNU6-1090P",0
"PNLIPP1",0
"PNLIPRP2",0
"NKX2-3",0
"EBAG9P1",0
"NANOGP6",0
"RNU2-72P",0
"NKX6-2",0
"RNA5SP308",0
"NUTF2P5",0
"MIR4293",0
"TPT1P10",0
"PRPF38AP1",0
"MARK2P15",0
"RPS27P1",0
"GAPDHP28",0
"SLC39A12-AS1",0
"AIFM1P1",0
"RN7SL846P",0
"HSD17B7P2",0
"CCNYL2",0
"BMS1P2",0
"FAM238C",0
"FAM25EP",0
"FAM25BP",0
"CFL1P1",0
"LINC00993",0
"ODAD2P1",0
"CTSLP3",0
"GLUD1P2",0
"CCNYL4",0
"PTPN20CP",0
"FAM21EP",0
"GLUD1P3",0
"SEPTIN7P9",0
"BMS1P1",0
"SVIL-AS1",0
"MIR4295",0
"MIR4296",0
"MRPS21P6",0
"NEUROG3",0
"RN7SL847P",0
"PAX2",0
"HTR7",0
"PGGT1BP1",0
"MIX23P2",0
"RNA5SP307",0
"LINC03028",0
"FAM238A",0
"FAM238B",0
"HSPA8P3",0
"RPL15P13",0
"RNU6-1121P",0
"LINC02626",0
"DUSP29",0
"RPS26P42",0
"BUB1P1",0
"CLRN3",0
"HOGA1",0
"C10orf62",0
"SFRP5",0
"MIR6507",0
"ARL5AP2",0
"RPL7P36",0
"CPN1",0
"CYP2C23P",0
"TPM4P1",0
"SNORA12",0
"PHB1P9",0
"RNU6-422P",0
"PKD2L1",0
"RPL39P25",0
"MIR606",0
"RN7SL518P",0
"RNU6-673P",0
"RNA5SP325",0
"RNU6-1095P",0
"C10orf53",0
"RPS3AP37",0
"SNORD98",0
"SNORA19",0
"MIR4681",0
"LRRC37A6P",0
"PIPSL",0
"ZNF37BP",0
"PHACTR2P1",0
"BEND3P1",0
"MBL1P",0
"GUCY2GP",0
"FRMPD2B",0
"SPADH",0
"DUSP13A",0
"C10orf120",0
"CUZD1",0
"C10orf88B",0
"FAM24A",0
"RNA5SP315",0
"VN1R54P",0
"CUBNP1",0
"RSU1P1",0
"DUXAP3",0
"RNU6-885P",0
"RPS12P2",0
"ZNF519P1",0
"DYDC1",0
"RPS7P9",0
"RPS27P18",0
"RNU2-42P",0
"GNG10P1",0
"FANK1-AS1",0
"RNA5SP328",0
"SNRPD2P1",0
"RN7SKP143",0
"SPRING1P1",0
"UQCRHP3",0
"ELOCP30",0
"GJD4",0
"MIR4683",0
"ELOCP3",0
"CUX2P1",0
"EIF2AP4",0
"LINC02622",0
"TMEM72",0
"DUXAP4",0
"CEP164P1",0
"RSU1P2",0
"ANKRD54P1",0
"MIR3156-1",0
"RNU6-1207P",0
"CUBNP2",0
"OR6D1P",0
"RNU6-441P",0
"MTND5P42",0
"ATE1OSP",0
"WNT8B",0
"RNU6-1075P",0
"RNU2-18P",0
"LINC00701",0
"JAKMIP3-AS1",0
"ZNF25-DT",0
"SLIT1-AS1",0
"LINC02660",0
"LINC02636",0
"PLCE1-AS2",0
"LINC02654",0
"LINC00703",0
"LINC00709",0
"LINC02651",0
"LINC01518",0
"LINC02643",0
"CELF2-DT",0
"LINC02670",0
"LINC02881",0
"LINC02623",0
"LINC02633",0
"MIR3663HG",0
"TLX1NB",0
"C10orf71-AS1",0
"LINC01375",0
"LINC01164",0
"LINC01264",0
"LINC02870",0
"SLC18A2-AS1",0
"LINC01519",0
"KCNMA1-AS2",0
"LINC02667",0
"SLC16A12-AS1",0
"LINC00700",0
"LINC02647",0
"CALML3-AS1",0
"MACORIS",0
"LINC02658",0
"LINC03036",0
"TMEM26-AS1",0
"LINC02650",0
"LINC02675",0
"LINC02646",0
"LINC02674",0
"SORCS3-AS1",0
"LINC03029",0
"TCERG1L-AS1",0
"HSPA12A-AS1",0
"LINC01516",0
"GPR158-AS1",0
"LINC02644",0
"LINC01166",0
"TEX36-AS1",0
"ARHGAP22-IT1",0
"IATPR",0
"LINC00841",0
"LINC02659",0
"LINC00706",0
"LINC02665",0
"LINC02627",0
"LINC02663",0
"GRID1-AS1",0
"LINC02630",0
"LINC00708",0
"PCAT5",0
"LINC02632",0
"CYP26C1-DT",0
"RPL34P20",0
"MIR202HG",0
"AKR1C7P",0
"UCN3",0
"FRMD4A-AS1",0
"KRT8P37",0
"PABPC1P8",0
"CTSLP1",0
"DUSP8P1",0
"PPIAP39",0
"RPL23AP60",0
"TRAF6P1",0
"XRCC6P1",0
"IL9RP2",0
"SHLD2P3",0
"RHEBP2",0
"AGAP7P",0
"MARK2P9",0
"CTSLP6",0
"C1DP2",0
"C1DP4",0
"ANTXRLP1",0
"PLD5P1",0
"ORMDL1P1",0
"RHEBP1",0
"AGAP13P",0
"OR7E26P",0
"DCLRE1CP1",0
"PFN1P11",0
"FAF2P1",0
"CTSLP4",0
"CUBNP3",0
"ANKRD30BP3",0
"RPL12P27",0
"RPL26P28",0
"LINC02641",0
"FAM138D",0
"DDX11L8",0
"KCNA5",0
"OR7E149P",0
"OR7E140P",0
"GAPDHP31",0
"CLEC1A",0
"A2ML1-AS2",0
"GDF3",0
"DDX55P1",0
"OR7E148P",0
"CLEC4D",0
"RPL7P40",0
"APOBEC1",0
"OTUD4P1",0
"A2ML1",0
"RPL21P100",0
"HIGD1AP8",0
"SLC15A5",0
"GYS2",0
"CLEC6A",0
"DPPA3",0
"SUPT4H1P2",0
"TIMM17BP1",0
"SYT10",0
"PSMC1P8",0
"NANOGNB",0
"RPL7AP74",0
"AK6P2",0
"CLUHP8",0
"MRPS36P5",0
"DUX4L27",0
"TUBB8P4",0
"KRT126P",0
"MTND2P17",0
"RPS3P6",0
"GAPDHP44",0
"NF1P12",0
"LINC02461",0
"CELA1",0
"KRT125P",0
"KLF17P1",0
"RSL24D1P5",0
"MTND1P24",0
"HNRNPA1P69",0
"ARL2BPP2",0
"LNCHR1",0
"NAV3",0
"SPIC",0
"SNRPGP20",0
"DUX4L52",0
"NSA2P2",0
"CCER1",0
"KRT1",0
"NTAN1P3",0
"RPL21P104",0
"LINC02426",0
"AK6P1",0
"KRT8P19",0
"KRT77",0
"PPFIA2-AS1",0
"RPL23AP68",0
"SZRD1P1",0
"PIGAP1",0
"LINC00615",0
"RPL21P106",0
"SNX5P2",0
"LINC02392",0
"HAUS8P1",0
"C12orf75-AS1",0
"MYF6",0
"DYNLL1P4",0
"RPL7P43",0
"GLULP5",0
"CYCSP30",0
"WSCD2",0
"RPL13AP21",0
"LRRC10",0
"MYF5",0
"SRRM4",0
"SETP7",0
"NENFP2",0
"GALNT9",0
"PRXL2AP1",0
"KRT18P60",0
"PRELID2P1",0
"YPEL5P3",0
"VPS51P3",0
"RPS6P20",0
"KRT18P20",0
"RPS26P45",0
"SLC17A8",0
"LINC02460",0
"RPL17P37",0
"LINC02393",0
"TBX3",0
"ANHX",0
"CASC18",0
"RNU6-275P",0
"RN7SKP161",0
"RNU7-60P",0
"RNU6-837P",0
"RNU6-545P",0
"MIR3974",0
"RN7SL38P",0
"RNU6-318P",0
"RNA5SP357",0
"RNA5SP360",0
"RNA5SP356",0
"RNA5SP358",0
"RNA5SP359",0
"RNU6-472P",0
"MIR1293",0
"RNU6-333P",0
"RNU6-400P",0
"RNU6-871P",0
"RNU6-279P",0
"RNU4-20P",0
"MIR1228",0
"RNU6-595P",0
"RNU1-83P",0
"MIR6125",0
"RN7SL804P",0
"MIR6757",0
"RN7SKP172",0
"MIR3913-1",0
"RNA5SP363",0
"RN7SL737P",0
"MIR3913-2",0
"RNU7-4P",0
"MIR617",0
"MIR618",0
"MIR4699",0
"RNU6-808P",0
"MIR4495",0
"RN7SL88P",0
"RN7SL483P",0
"RNA5SP367",0
"RNU4-24P",0
"RNU6-1183P",0
"RNU5E-5P",0
"RNU4-41P",0
"RNA5SP369",0
"MIR7844",0
"RN7SL330P",0
"RNU6-735P",0
"MIR4303",0
"RNU6-101P",0
"RNY1P16",0
"RNU6-172P",0
"RN7SL630P",0
"RNU6-1068P",0
"MIR4472-2",0
"MIR1302-1",0
"RNA5SP371",0
"MIR620",0
"RN7SKP263",0
"RN7SKP11",0
"RN7SL865P",0
"RNA5SP372",0
"RNA5SP376",0
"MIR3612",0
"RNU6-717P",0
"RN7SL508P",0
"MIR3922",0
"MIR135A2",0
"LINC00940",0
"CACNA1C-IT1",0
"HNRNPA1P34",0
"VDAC2P2",0
"RN7SKP216",0
"OSTF1P1",0
"RNU6-879P",0
"MIR6758",0
"ARHGEF25",0
"B4GALNT1",0
"RNU6-1083P",0
"RNU6-713P",0
"MTCH2P2",0
"RPS4XP15",0
"IL31",0
"PPIAP8",0
"RNU6-485P",0
"RNU4-65P",0
"AVPR1A",0
"KCNC2",0
"RN7SL441P",0
"MIRLET7I",0
"NDFIP1P1",0
"ZKSCAN7P1",0
"EPYC",0
"IMMP1LP2",0
"RPL29P24",0
"RPL11P5",0
"RNU6-600P",0
"WNT10B",0
"RNU6-940P",0
"RNU6-781P",0
"RN7SL380P",0
"RNU7-1",0
"MIR200C",0
"MIR141",0
"SCARNA12",0
"RN7SL734P",0
"RNU6-1271P",0
"FGF23",0
"GSTP1P1",0
"RNU6-1203P",0
"MIR6505",0
"MIR3908",0
"SNORA9B",0
"RPL27P12",0
"RARS1P1",0
"HMGB1P49",0
"RN7SKP15",0
"HMGA2-AS1",0
"MIR6074",0
"RPL21P18",0
"RNA5SP362",0
"RN7SL69P",0
"RN7SL391P",0
"TMEM119",0
"MIR4496",0
"LINC01559",0
"RNU6-590P",0
"RN7SKP162",0
"KERA",0
"LINC02909",0
"CENPUP2",0
"RNU4-67P",0
"TUBB4BP1",0
"RNU4-32P",0
"RN7SKP250",0
"CCDC62",0
"MIR4304",0
"PSMB3P1",0
"RNU6-558P",0
"OR6C70",0
"OR6C64P",0
"RNU6-343P",0
"SNORD59A",0
"SP7",0
"MIR3198-2",0
"RN7SL390P",0
"RNU6-950P",0
"MIR148B",0
"RN7SL744P",0
"GPR84",0
"SCARNA10",0
"SCARNA11",0
"MIR7851",0
"TMEM233",0
"RN7SKP197",0
"MIR1178",0
"RPL35AP30",0
"RNA5SP370",0
"RNU6-1009P",0
"RNU5A-7P",0
"ATP6V1E1P3",0
"RASSF3-DT",0
"CLEC4C",0
"RPL7P39",0
"RNU6ATAC42P",0
"RNU6-166P",0
"APOOP3",0
"RPL35AP29",0
"RNA5SP377",0
"RPS6P21",0
"RNU6-1017P",0
"MIR6763",0
"LRCOL1",0
"P2RX2",0
"RNA5SP379",0
"MIR3652",0
"RNU7-106P",0
"RN7SKP261",0
"AKIRIN1P1",0
"PPDPFP2",0
"MESDP1",0
"RNU6-494P",0
"RN7SL387P",0
"RPL29P25",0
"C1QL4",0
"MIR6762",0
"LHX5",0
"APOF",0
"APONP",0
"SLCO1B1",0
"SPX",0
"RPL35AP27",0
"MIR4701",0
"RNA5SP375",0
"MIR8072",0
"MIR6502",0
"RN7SKP166",0
"OSBPL9P5",0
"OSBPL9P4",0
"RAB11AP2",0
"OR2AP1",0
"OR6C2",0
"GLT8D2",0
"MIR492",0
"RPL21P136",0
"MIR613",0
"STX8P1",0
"RN7SL769P",0
"OR6C4",0
"H3P35",0
"CHCHD3P2",0
"OR6C7P",0
"OR6C73P",0
"OR6C76",0
"ASS1P14",0
"OR6C72P",0
"OR6C6",0
"OR6C5P",0
"C12orf54",0
"RPS10P20",0
"LALBA",0
"OR9K2",0
"OR9R1P",0
"MIR614",0
"RNA5SP366",0
"GARIN6",0
"MIR3657",0
"MIR6861",0
"RN7SKP71",0
"IQSEC3P1",0
"FGF6",0
"CLEC12B",0
"SLCO1A2",0
"TMEM52B",0
"RPL17P38",0
"ASCL4",0
"ATF7-NPFF",0
"RPL31P51",0
"NTS",0
"BRI3P2",0
"RPS15AP32",0
"IFT57P1",0
"RNU4-54P",0
"RNA5SP355",0
"RPL29P27",0
"OR6C3",0
"OR6C74",0
"PDE6H",0
"OR10P1",0
"RN7SKP134",0
"MIR4700",0
"ARF1P2",0
"CCNG2P1",0
"OR6C1",0
"CLEC1B",0
"RNU6-1077P",0
"RPS27P24",0
"RNU6-1004P",0
"MIR4498",0
"RPS20P31",0
"RNU6-700P",0
"GOT2P3",0
"NPM1P7",0
"LINC02390",0
"GCNAP1",0
"KLRF2",0
"CLEC2A",0
"CLEC12A",0
"RNU6-327P",0
"NANOGNBP2",0
"RNU4ATAC12P",0
"PPIAP44",0
"RNU5F-4P",0
"RPL31P50",0
"INHBE",0
"KCNA6",0
"KCNA1",0
"RNU6-87P",0
"RNU6-1273P",0
"RN7SL519P",0
"HIGD1C",0
"POU5F1P3",0
"GCSHP4",0
"FAM90A1",0
"CLEC4A",0
"ZNF705A",0
"KRT83",0
"KRT84",0
"KRT90P",0
"KRT75",0
"KRT6B",0
"KRT71",0
"KRT74",0
"KRT128P",0
"TAS2R7",0
"TAS2R8",0
"TAS2R9",0
"TAS2R13",0
"MIR4698",0
"MIR4494",0
"MIR6880",0
"RNU6-834P",0
"POLR2KP1",0
"PARK7P1",0
"HIGD1AP9",0
"MIR196A2",0
"HOXC8",0
"MIR615",0
"RNU7-103P",0
"RPL23AP14",0
"RNU6-1315P",0
"TSPAN9-IT1",0
"PRMT8",0
"RNU6-174P",0
"OR5BS1P",0
"TAS2R10",0
"KNOP1P2",0
"BORCS8P1",0
"SNORA49",0
"RPL39P28",0
"HNRNPA1P70",0
"IL26",0
"IL22",0
"HOXC5",0
"TAS2R19",0
"TAS2R31",0
"TAS2R63P",0
"TAS2R46",0
"TAS2R43",0
"TAS2R30",0
"SLC6A12",0
"MIR920",0
"KNOP1P1",0
"RN7SL793P",0
"MIR1252",0
"DSTNP2",0
"OR6U2P",0
"OR6C71P",0
"OR6C66P",0
"DEFB109F",0
"FAM86FP",0
"OR7E47P",0
"KRT87P",0
"EP400P1",0
"TAS2R64P",0
"RERG-IT1",0
"RERG-AS1",0
"METTL8P1",0
"POC1B-GALNT4",0
"RNU6-148P",0
"MREGP1",0
"RNU6-1088P",0
"RNU1-146P",0
"PHB1P18",0
"CCDC184",0
"OR5BK1P",0
"OR5BT1P",0
"OR5BJ1P",0
"OR8S21P",0
"OR8T1P",0
"RPL21P99",0
"NANOGP1",0
"GSG1",0
"AK3P6",0
"NLRP9P1",0
"TMEM132D-AS2",0
"TAS2R42",0
"PRB3",0
"PRB4",0
"PRB1",0
"RPL35AP28",0
"ELOCP32",0
"RNU7-170P",0
"LDHAL6CP",0
"MKRN9P",0
"SLC9A7P1",0
"RPL13P5",0
"RPSAP52",0
"RPL22P19",0
"KRT19P2",0
"HTR7P1",0
"PHB1P19",0
"RPL30P11",0
"PGAM1P5",0
"CBX3P4",0
"PAFAH1B2P2",0
"RPS27P25",0
"SLC26A10P",0
"OR9K1P",0
"MRPS18CP4",0
"RNU6-491P",0
"ANO2",0
"MIR6760",0
"RNA5SP373",0
"HSPA8P14",0
"RNU6-1329P",0
"DPPA3P5",0
"TTC41P",0
"HOXC-AS2",0
"GLYCAM1",0
"LINC02402",0
"CACNA1C-AS4",0
"CACNA1C-AS3",0
"SULT6B2P",0
"RNU1-149P",0
"LRRC34P1",0
"RPS27P22",0
"LINC02566",0
"DCD",0
"VDAC1P5",0
"OR10U1P",0
"OR10A7",0
"OR6C65",0
"RN7SKP65",0
"RPS6P22",0
"MRPS6P4",0
"LINC02444",0
"RPL6P25",0
"RNU1-117P",0
"UBE2L2",0
"SLCO1B3",0
"SLCO1B3-SLCO1B7",0
"SLCO1B7",0
"MIR1251",0
"ART4",0
"RPL21P103",0
"RN7SKP262",0
"MIR4302",0
"ITPR2-AS1",0
"RNA5SP354",0
"DBX2",0
"RACGAP1P1",0
"SSBL3P",0
"RNA5SP361",0
"MARK3P1",0
"OR11M1P",0
"SNORA2C",0
"MIR1291",0
"SNORA2A",0
"SNORA2B",0
"RN7SKP289",0
"KLRC4-KLRK1",0
"KLRC3",0
"IFITM3P6",0
"ADI1P3",0
"STBD1P1",0
"LINC01479",0
"KLRC2",0
"KLRC1",0
"SLC25A39P2",0
"KLRA1P",0
"HSPE1P12",0
"ADAM1A",0
"SLC25A3P2",0
"MIR619",0
"DAO",0
"RNU6-361P",0
"RNU7-94P",0
"RPL31P48",0
"RNU6-1012P",0
"VENTXP3",0
"RN7SL176P",0
"MIR1827",0
"LINC01486",0
"LINC02617",0
"LINC03056",0
"HOXC-AS3",0
"LINC02389",0
"LINC02400",0
"LINC02231",0
"LINC01498",0
"LINC00485",0
"LINC02439",0
"LINC02441",0
"LINC02388",0
"LINC00508",0
"LINC00507",0
"SLC6A12-AS1",0
"LINC02417",0
"LINC02823",0
"LINC02406",0
"CAPS2-AS1",0
"LINC02378",0
"LRP1-AS",0
"CEP83-DT",0
"LINC02425",0
"LINC00477",0
"LINC01490",0
"RMST",0
"LINC02385",0
"LINC01489",0
"LINC01405",0
"LINC01404",0
"FIGNL2-DT",0
"LINC02555",0
"LINC02414",0
"LINC02468",0
"LINC00934",0
"CABP1-DT",0
"LINC02820",0
"TRHDE-AS1",0
"LINC02440",0
"LINC02404",0
"LINC02874",0
"LINC02445",0
"HOXC-AS1",0
"HOXC13-AS",0
"LINC02459",0
"LINC02424",0
"LINC02387",0
"CISTR",0
"LINC02403",0
"C12orf42-AS1",0
"SLC4A8-AS1",0
"LINC00942",0
"LINC02386",0
"LINC02442",0
"LINC02369",0
"LINC02368",0
"LINC02409",0
"GALNT9-AS1",0
"LINC02420",0
"FAM242C",0
"LINC02421",0
"LINC02464",0
"TBX3-AS1",0
"LINC02972",0
"LINC02258",0
"LINC02955",0
"LINC02458",0
"LINC02401",0
"LINC02359",0
"LINC02825",0
"FAM32EP",0
"NDUFA5P6",0
"HSPE1P20",0
"LINC02376",0
"COPS5P2",0
"CLLU1-AS1",0
"DDX12P",0
"NIFKP3",0
"WASH8P",0
"TUBB8P5",0
"ZNF970P",0
"VTI1BP3",0
"RPL7AP9",0
"RPL10P13",0
"YWHAQP7",0
"KRT17P8",0
"BTG1P1",0
"RPL13AP23",0
"RPL36P15",0
"OOEPP2",0
"RPL7P38",0
"RPL13AP20",0
"ALG1L10P",0
"PPIAP45",0
"BRWD1P2",0
"GNAI2P1",0
"EEF1B2P4",0
"NACAP8",0
"PCNPP3",0
"KDM2B-DT",0
"MIR7107",0
"STMN1P1",0
"RNU6-1069P",0
"RPL12P32",0
"IQSEC3-AS1",0
"LINC02415",0
"LSP1P1",0
"RPL17P51",0
"HSPD1P9",0
"MTCO3P2",0
"RPS20P32",0
"FABP3P2",0
"LINC00562",0
"RPS21P8",0
"TIMM9P3",0
"GPR12",0
"MTUS2-AS2",0
"ZNF646P1",0
"RPP40P2",0
"GAMTP2",0
"GNG5P5",0
"FHP1",0
"FREM2-AS1",0
"POLR3KP1",0
"SLC25A5P4",0
"PRR20FP",0
"DNAJA1P1",0
"ELL2P3",0
"LINC00374",0
"RPL37P21",0
"ERICH6B",0
"LINC00547",0
"KLHL1",0
"LINC01442",0
"HNF4GP1",0
"RPL12P34",0
"HMGN2P39",0
"PLA2G12AP2",0
"COX4I1P2",0
"FGFR1OP2P1",0
"NPM1P22",0
"NIPA2P5",0
"RPL31P53",0
"RPL18AP17",0
"HSPD1P8",0
"RPL21P111",0
"MTCL1P1",0
"PRR20B",0
"VDAC1P12",0
"RPS3AP52",0
"CTAGE16P",0
"LINC00333",0
"PRR20D",0
"PRR20E",0
"MTND4P1",0
"MTCO2P3",0
"OR7E111P",0
"RPL31P54",0
"CBY2",0
"UBE2D3P4",0
"WASF3-AS1",0
"LINC00377",0
"BCAS2P3",0
"RABEPKP1",0
"ANKRD26P2",0
"POU4F1",0
"OLFM4",0
"ARF4P3",0
"CCT5P2",0
"PRR20A",0
"LINC01078",0
"SNRPFP3",0
"SRSF1P1",0
"RPL21P110",0
"LINC00440",0
"RPS12P24",0
"HIGD1AP2",0
"SERTM1",0
"ELOCP23",0
"MTND5P3",0
"VENTXP2",0
"ATP6V1G1P7",0
"ARF4P4",0
"SRGNP1",0
"GAPDHP34",0
"FTLP8",0
"DDX6P2",0
"LINC00351",0
"LINC00383",0
"LINC00353",0
"PEX12P1",0
"PRR20C",0
"TCEAL4P1",0
"NUS1P4",0
"RPL27AP8",0
"NUS1P3",0
"SOX1",0
"MYO16",0
"RPL7AP61",0
"DPPA3P3",0
"AKR1B1P4",0
"SPACA7",0
"RIOK3P1",0
"LINC01043",0
"LINC01044",0
"SSR1P2",0
"RPL7L1P1",0
"NALF1",0
"RPL7P45",0
"TRIM60P13",0
"AZU1P1",0
"BNIP3P7",0
"MOB1AP1",0
"LINC01040",0
"TIMM8BP1",0
"MLNR",0
"GRPEL2P1",0
"MIR4499",0
"RNU5A-4P",0
"RNA5SP26",0
"RNU6-56P",0
"RN7SKP1",0
"RNY3P9",0
"RN7SKP2",0
"RNA5SP27",0
"RN7SL700P",0
"RN7SL618P",0
"MIR5007",0
"RN7SKP6",0
"RNA5SP30",0
"RNY4P29",0
"MIR3169",0
"RNU7-88P",0
"RNY3P5",0
"RN7SL375P",0
"RN7SL761P",0
"RNU6-80P",0
"RNY1P8",0
"RNU4-10P",0
"RNU6-66P",0
"RNY3P10",0
"RN7SL571P",0
"RNA5SP33",0
"RNU6-61P",0
"RNU6-54P",0
"RNY3P7",0
"RNU6-77P",0
"RNY3P3",0
"RNU6-38P",0
"RNU6-67P",0
"RN7SL60P",0
"SNORD31B",0
"MIR1267",0
"NME1P1",0
"MTND3P1",0
"DDX39AP1",0
"IPMKP1",0
"RFESDP1",0
"BASP1P1",0
"HMGA1P6",0
"RNY3P4",0
"RNU6-58P",0
"TATDN2P3",0
"SDAD1P4",0
"PPP1R26P1",0
"MIR3613",0
"MIR15A",0
"RPL34P26",0
"RNA5SP28",0
"RNA5SP29",0
"RPL5P31",0
"PRELID3BP2",0
"MIR5693",0
"ZAR1L",0
"IFIT1P1",0
"NDE1P2",0
"SMAD9-IT1",0
"LAMTOR3P1",0
"RPL29P28",0
"EIF4A1P5",0
"CSNK1A1L",0
"CTAGE3P",0
"RN7SL288P",0
"RN7SKP5",0
"ABITRAMP1",0
"RNU2-6P",0
"RNU6-68P",0
"PPP1R2P4",0
"FKBP1AP3",0
"SIAH3",0
"LINC00555",0
"BIVM-ERCC5",0
"POLR2KP2",0
"SGCG",0
"SNORA31B",0
"HTR2A",0
"RNY4P28",0
"TARDBPP2",0
"RNA5SP31",0
"EIF4A1P6",0
"RNU6-71P",0
"PSMC1P13",0
"SLITRK1",0
"COL4A2-AS2",0
"MIR3168",0
"RN7SL597P",0
"MORF4L1P4",0
"RAC1P3",0
"RNU6-57P",0
"RN7SL515P",0
"RNU6-74P",0
"KARS1P1",0
"RPS28P8",0
"MAPK6P3",0
"PSMA6P4",0
"KRR1P1",0
"LINC00556",0
"RNU2-7P",0
"RANP8",0
"CNOT4P1",0
"PPIAP27",0
"RNU4-9P",0
"RPS12P23",0
"IPPKP1",0
"ELOBP1",0
"RNU6-78P",0
"RN7SL741P",0
"RNY1P3",0
"RXFP2",0
"EEF1DP3",0
"RNY1P4",0
"SCAND3P1",0
"PHB1P13",0
"RNY4P30",0
"CTAGE10P",0
"RNY4P9",0
"DAOA-AS1",0
"UTP14C",0
"THSD1P1",0
"RN7SL320P",0
"SNRPGP11",0
"MIR4703",0
"RNU6-65P",0
"RNY1P6",0
"RN7SL413P",0
"CCDC70",0
"ATP8A2P3",0
"PRUNE1P1",0
"THAP12P6",0
"PARP1P1",0
"ARHGEF7-IT1",0
"TEX29",0
"BTF3P11",0
"RPL7P44",0
"MYCBP2-AS2",0
"ATP11AUN",0
"METTL21C",0
"OXGR1",0
"RNY4P24",0
"HNRNPA1L2",0
"LINC00554",0
"NDUFA12P1",0
"ASNSP3",0
"NPM1P4",0
"GSX1",0
"PLUT",0
"RNU6-73P",0
"PDX1",0
"LINC01039",0
"CFL1P8",0
"MIR4306",0
"RNA5SP25",0
"H2BP6",0
"FNTAP2",0
"RNU6-59P",0
"RN7SL766P",0
"LINC00400",0
"RPL36P19",0
"ENOX1-AS1",0
"MIR8075",0
"RNU1-16P",0
"SLC25A15P2",0
"CYCSP32",0
"RN7SL166P",0
"FABP5P2",0
"RAC1P8",0
"LINC01074",0
"LINC00459",0
"RPL32P28",0
"SQSTM1P1",0
"RNU6-81P",0
"LINC00355",0
"NFYAP1",0
"STARP1",0
"MIR548X2",0
"MIR4704",0
"LINC00561",0
"RNU6-53P",0
"POM121L13P",0
"LRRC63",0
"PCDH20",0
"IRX1P1",0
"ANKRD20A10P",0
"RNY1P7",0
"RPL26P34",0
"RASA3-IT1",0
"CFAP97D2",0
"MIR548AR",0
"MIR4502",0
"CLCP2",0
"RPL23AP97",0
"LINC01055",0
"RNU6-83P",0
"RPS6P23",0
"HSP90AB6P",0
"RN7SKP7",0
"RNY1P5",0
"KARS1P2",0
"ATP4B",0
"ANKRD20A19P",0
"SPACA7BP",0
"LINC00431",0
"TPTE2P3",0
"MRPS31P4",0
"OR7E156P",0
"OR7E104P",0
"MRPS31P5",0
"TPTE2P1",0
"MIPEPP3",0
"SPTLC1P5",0
"RN7SL810P",0
"TOMM22P3",0
"STARD13-IT1",0
"MIR759",0
"LONRF2P2",0
"LINC00388",0
"FEM1AP4",0
"LINC00387",0
"FAM207BP",0
"GXYLT1P1",0
"CNN2P12",0
"ZNF965P",0
"SNX18P26",0
"LINC00328-2P",0
"RHOT1P3",0
"RNU6-76P",0
"USP24P1",0
"GTF2IP3",0
"RNA5SP24",0
"CENPIP1",0
"RPL21P109",0
"RPL35AP31",0
"RPS10P21",0
"ARL11",0
"FGF14",0
"RNU1-24P",0
"HMGB3P7",0
"MIR2681",0
"LIPT1P1",0
"RNY1P2",0
"MIR4705",0
"RPL39P29",0
"KATNBL1P1",0
"CHCHD2P8",0
"RNU6-82P",0
"RN7SL49P",0
"RN7SKP3",0
"PABPC3",0
"MIR623",0
"HMGB3P4",0
"CCR12P",0
"LNCARGI",0
"CCDC169-SOHLH2",0
"CCDC169",0
"MIR1297",0
"MIR621",0
"ACOD1",0
"RNA5SP34",0
"FAR1P1",0
"KRT18P27",0
"MIR622",0
"RNU6-75P",0
"LINC00410",0
"BRK1P2",0
"HNRNPA1P29",0
"GPC6-AS2",0
"RNA5SP35",0
"GPC6-AS1",0
"RNA5SP36",0
"RN7SL585P",0
"SOX21",0
"BRD7P5",0
"RPL21P112",0
"LINC00557",0
"RNU6-62P",0
"RNY3P8",0
"RNY4P27",0
"MEMO1P5",0
"RN7SL164P",0
"MIR4501",0
"AMMECR1LP1",0
"TPTE2P2",0
"RPL21P107",0
"LINC00567",0
"CCNA1",0
"H2ACP1",0
"TUBA3C",0
"METTL21EP",0
"RNU4ATAC3P",0
"FABP5P4",0
"GPC5-IT1",0
"MIR548AS",0
"GPC5-AS1",0
"PTMAP5",0
"PCDH8P1",0
"ARL2BPP3",0
"LINC00367",0
"RPS4XP16",0
"ESRRAP2",0
"TULP3P1",0
"GUCY1B2",0
"CDX2",0
"URAD",0
"RN7SL272P",0
"TPTE2P6",0
"PSPC1P2",0
"PHF2P2",0
"MYO16-AS2",0
"LINC01067",0
"RPL35P9",0
"PPIAP24",0
"LINC00373",0
"RPL29P29",0
"PTPN2P2",0
"MEDAG",0
"TEX26",0
"RNY1P1",0
"RNU6-63P",0
"RPL21P108",0
"LINC00347",0
"RN7SKP8",0
"MIR3170",0
"LINC00552",0
"LINC00452",0
"ARHGEF7-AS1",0
"RN7SKP10",0
"LINC00396",0
"RN7SL783P",0
"MIR8073",0
"TXNL1P1",0
"UBBP5",0
"LIN28AP2",0
"MIR4500",0
"LINC00397",0
"TET1P1",0
"PPIAP23",0
"MIR17",0
"MIR18A",0
"MIR19A",0
"MIR20A",0
"MIR19B1",0
"MIR92A1",0
"MIR4305",0
"RNY4P14",0
"CDKN2AIPNLP3",0
"RNU6-64P",0
"PRDX2P1",0
"SNORD102",0
"SNORA27",0
"RNU6-70P",0
"VWA8-AS1",0
"LINC00540",0
"LINC00375",0
"LINC01069",0
"LINC01075",0
"LINC00404",0
"LINC00446",0
"LINC00415",0
"LINC01046",0
"LINC00345",0
"LINC00362",0
"F10-AS1",0
"LINC01054",0
"PRECSIT",0
"LINC00399",0
"LINC02344",0
"LINC02338",0
"LINC00564",0
"LINC00424",0
"LINC00448",0
"LINC00572",0
"LINC00454",0
"LINC02333",0
"ARHGEF7-AS2",0
"LINC00368",0
"LINC01049",0
"LINC00408",0
"LINC00297",0
"LINC00430",0
"LINC00411",0
"LINC01072",0
"LINC00395",0
"LINC00349",0
"LINC00544",0
"LINC00348",0
"DIAPH3-AS2",0
"LINC01198",0
"LINC00380",0
"LINC00378",0
"LINC02343",0
"LINC00379",0
"LINC00392",0
"LINC01077",0
"ENOX1-AS2",0
"LINC00398",0
"TEX26-AS1",0
"LINC01066",0
"LINC01053",0
"LINC00463",0
"LINC01034",0
"LINC01065",0
"FGF14-AS1",0
"LINC00354",0
"LINC00332",0
"CLYBL-AS1",0
"LINC02336",0
"LINC01038",0
"LINC01047",0
"LINC00364",0
"LINC01050",0
"LINC00421",0
"LINC01048",0
"LINC00358",0
"LINC00376",0
"LINC00365",0
"LINC02334",0
"LINC00566",0
"LINC00550",0
"LINC02342",0
"STK24-AS1",0
"NRAD1",0
"MIR8079",0
"SUGT1P3",0
"PCDH9-AS1",0
"RNU7-87P",0
"PCDH9-AS2",0
"PCDH9-AS3",0
"LINC02337",0
"LINC01052",0
"LINC03032",0
"IGSF3P1",0
"PRDX3P3",0
"BCRP9",0
"COX7CP1",0
"PWWP2AP1",0
"OR7E33P",0
"OGFOD1P1",0
"RPL7AP73",0
"NUS1P2",0
"OR7E36P",0
"OR7E155P",0
"PPIAP28",0
"SLC25A15P3",0
"GAPDHP52",0
"PPP1R2P10",0
"GAPDHP22",0
"PPIAP26",0
"CYP4F34P",0
"ANKRD20A9P",0
"PSPC1P1",0
"PPIAP25",0
"ATP5MC1P5",0
"ANKRD26P3",0
"BNIP3P6",0
"TRDJ1",0
"TRDV2",0
"TRAJ60",0
"TRDD1",0
"TRAJ49",0
"TRDJ3",0
"TRDD3",0
"TRAJ48",0
"TRAJ59",0
"TRAJ61",0
"TRAJ58",0
"TRDJ4",0
"TRDJ2",0
"TRAJ56",0
"KIAA1143P1",0
"ARHGAP16P",0
"TRDD2",0
"TRAJ53",0
"KRT8P2",0
"TRAJ52",0
"TRAJ55",0
"TRDV3",0
"LINC02307",0
"KRT8P1",0
"TRAJ51",0
"RPS3AP46",0
"PSMA3P1",0
"PPIAP5",0
"TRAJ57",0
"RPL17P2",0
"SIX6",0
"SCOCP1",0
"GPHB5",0
"KCNH5",0
"PARP1P2",0
"AKR1B1P5",0
"PTTG1P1",0
"TUBBP3",0
"RPL23AP71",0
"GTF3AP2",0
"RPL9P6",0
"CYCSP1",0
"RPL21P8",0
"SLC35F4",0
"FTH1P13",0
"OR7E159P",0
"EIF3LP1",0
"TRAJ50",0
"FKBP1BP1",0
"CAP2P1",0
"RAB42P1",0
"ENSAP2",0
"UBA52P3",0
"CYB5AP5",0
"MTCYBP27",0
"EEF1A1P2",0
"YWHAQP1",0
"CKS1BP1",0
"OR7K1P",0
"ARMH4",0
"MTND5P35",0
"CHORDC2P",0
"RPL23AP10",0
"IGHVIII-16-1",0
"IGHVIII-22-2",0
"IGHVII-30-1",0
"IGHVII-15-1",0
"IGHVIII-11-1",0
"IGHVII-26-2",0
"IGHVII-30-21",0
"PEBP1P1",0
"IGHV3-33-2",0
"GLRXP2",0
"IGHVIII-25-1",0
"IGHVIII-38-1",0
"OR7E105P",0
"SLC20A1P2",0
"IGHVII-33-1",0
"IGHVIII-13-1",0
"HOMER2P2",0
"FOXN3-AS2",0
"IGHVII-22-1",0
"IGHVII-28-1",0
"RNU6-458P",0
"RNU1-27P",0
"RN7SL660P",0
"MIR3171",0
"RNU6-1261P",0
"RNA5SP385",0
"RNU6-301P",0
"MIR5580",0
"MIR4708",0
"RN7SL598P",0
"RN7SKP99",0
"MIR5586",0
"RNU1-28P",0
"RNU6-552P",0
"MIR625",0
"RNU6-976P",0
"RNU6ATAC28P",0
"MIR4709",0
"RNU7-30P",0
"SNORA11B",0
"RN7SKP107",0
"RN7SKP255",0
"RN7SL714P",0
"RNU2-33P",0
"TRAJ40",0
"TRAJ39",0
"TRAJ37",0
"TRAJ35",0
"TRAJ34",0
"TRAJ29",0
"TRAJ28",0
"TRAJ27",0
"TRAJ25",0
"TRAJ24",0
"TRAJ22",0
"TRAJ21",0
"TRAJ20",0
"TRAJ19",0
"TRAJ18",0
"TRAJ16",0
"TRAJ14",0
"TRAJ13",0
"TRAJ12",0
"TRAJ11",0
"TRAJ10",0
"TRAJ9",0
"TRAJ8",0
"TRAJ7",0
"TRAJ6",0
"TRAJ3",0
"TRAJ2",0
"TRAJ1",0
"OR6E1P",0
"CMTM5",0
"BRD7P1",0
"RN7SKP205",0
"LINC02287",0
"CHGA",0
"CYB5AP3",0
"RPL36AP4",0
"COX6CP11",0
"ZFP64P1",0
"METTL5P1",0
"RNU6-689P",0
"HIF1AP1",0
"RNU4ATAC14P",0
"SERPINA5",0
"SERPINA3",0
"ADIPOR1P2",0
"RNU6ATAC9P",0
"OR4U1P",0
"OR4L1",0
"RNA5SP380",0
"OR4T1P",0
"PSMB7P1",0
"GTF2IP22",0
"OR11G1P",0
"OR11P1P",0
"OR11H6",0
"OR11H7",0
"SNORA79B",0
"SNORD126",0
"RPPH1",0
"RNA5SP382",0
"KLHL33",0
"RNASE11-AS1",0
"OR6S1",0
"RANBP20P",0
"EDDM3DP",0
"EDDM3A",0
"EDDM3B",0
"RNASE2",0
"RN7SL189P",0
"SLC39A2",0
"MIR6717",0
"TPPP2",0
"RNASE13",0
"CKAP2P1",0
"RNU6-252P",0
"SMARCE1P3",0
"HMGB3P26",0
"RPL10AP1",0
"TRMT61A-DT",0
"RNU7-160P",0
"RNU4-68P",0
"TGFB3-AS1",0
"LBHD2",0
"RPL21P13",0
"RPL17P4",0
"CEND1P1",0
"MIR4710",0
"RNU4-22P",0
"RNU4-92P",0
"MPPE1P1",0
"RNU6-597P",0
"RNU6-1162P",0
"EIF2S2P1",0
"RNU7-116P",0
"MIR2392",0
"MIR770",0
"MIR493",0
"MIR665",0
"MIR431",0
"MIR433",0
"MIR127",0
"MIR432",0
"MIR136",0
"SNORD112",0
"MIR370",0
"SNORD113-1",0
"SNORD113-2",0
"SNORD113-3",0
"SNORD113-4",0
"SNORD113-5",0
"SNORD113-6",0
"SNORD113-7",0
"SNORD113-8",0
"SNORD113-9",0
"SNORD114-1",0
"SNORD114-2",0
"SNORD114-3",0
"SNORD114-4",0
"SNORD114-5",0
"SNORD114-6",0
"SNORD114-7",0
"SNORD114-9",0
"SNORD114-10",0
"SNORD114-11",0
"SNORD114-12",0
"SNORD114-13",0
"SNORD114-14",0
"SNORD114-15",0
"SNORD114-16",0
"SNORD114-17",0
"SNORD114-18",0
"SNORD114-19",0
"SNORD114-20",0
"SNORD114-21",0
"SNORD114-22",0
"SNORD114-23",0
"SNORD114-24",0
"SNORD114-25",0
"SNORD114-26",0
"SNORD114-27",0
"SNORD114-28",0
"SNORD114-29",0
"SNORD114-30",0
"SNORD114-31",0
"MIR379",0
"MIR411",0
"MIR299",0
"MIR380",0
"MIR1197",0
"MIR323A",0
"MIR758",0
"MIR329-1",0
"MIR329-2",0
"MIR494",0
"MIR1193",0
"MIR543",0
"MIR495",0
"MIR376C",0
"MIR376A2",0
"MIR654",0
"MIR376B",0
"MIR376A1",0
"MIR300",0
"MIR1185-1",0
"MIR1185-2",0
"MIR381",0
"MIR487B",0
"MIR539",0
"MIR889",0
"MIR544A",0
"MIR655",0
"MIR487A",0
"MIR382",0
"MIR134",0
"MIR668",0
"MIR485",0
"MIR323B",0
"MIR154",0
"MIR496",0
"MIR377",0
"MIR541",0
"MIR409",0
"MIR412",0
"MIR369",0
"MIR410",0
"MIR656",0
"POTEG",0
"RNU6-1268P",0
"ARHGAP42P4",0
"OR4N2",0
"OR11K2P",0
"OR4H12P",0
"OR4N1P",0
"OR4K6P",0
"DHRS4L1",0
"MIR7703",0
"RNA5SP383",0
"NEDD8-MDP1",0
"SNORD8",0
"RN7SL650P",0
"RNU6-366P",0
"HMGB1P14",0
"HSBP1P1",0
"HNRNPCP1",0
"RPL9P5",0
"C14orf180",0
"CCDC198",0
"RBBP4P5",0
"OR10G1P",0
"UBE2NP1",0
"TRAV1-1",0
"OR10G2",0
"TRAV1-2",0
"ARL6IP1P1",0
"TRAV2",0
"TRAV3",0
"RPL4P1",0
"HMGN2P2",0
"GPRASP3P1",0
"RPL17P3",0
"NMNAT1P1",0
"SNORA79",0
"UNGP3",0
"MIR5694",0
"RNA5SP387",0
"COX7A2P1",0
"RN7SL369P",0
"RPL21P9",0
"RN7SL213P",0
"RNU7-93P",0
"PHKBP2",0
"RN7SKP257",0
"IGHV7-40",0
"IGHVII-40-1",0
"LINC00221",0
"IGHVIV-44-1",0
"IGHVII-44-2",0
"IGHVII-46-1",0
"IGHVIII-47-1",0
"IGHVII-49-1",0
"IGHVII-51-2",0
"IGHVII-53-1",0
"IGHV3-57",0
"VESTAR",0
"RPS26P49",0
"CMA1",0
"CTSG",0
"FXNP1",0
"RNA5SP388",0
"RPS26P48",0
"RNU6-921P",0
"HMGN1P3",0
"RPS29P1",0
"SYF2P1",0
"UBE2CP1",0
"RPL12P5",0
"SERPINA6",0
"SERPINA11",0
"SERPINA9",0
"ESRRB",0
"RN7SKP193",0
"MIR4504",0
"SYNJ2BP-COX16",0
"RNU2-51P",0
"TTC9-DT",0
"RN7SL77P",0
"RN7SKP108",0
"COX5AP1",0
"RPL7AP4",0
"ABI1P1",0
"RN7SL706P",0
"RPL7AP5",0
"DNAJC8P1",0
"RPS3AP4",0
"KRT18P6",0
"NUTF2P2",0
"ILF2P2",0
"OR4K2",0
"OR4M1",0
"OR4K14",0
"OR4K1",0
"OR10G3",0
"NF1P4",0
"NF1P11",0
"CHURC1-FNTB",0
"MIR4706",0
"CCDC196",0
"FAM204DP",0
"MIR1260A",0
"RN7SKP92",0
"RPL26P3",0
"RNU6-864P",0
"RNU11-5P",0
"RNU6-1234P",0
"NUP50P1",0
"MIR7855",0
"OR11H4",0
"HIGD1AP17",0
"RPL21P5",0
"RNU6-541P",0
"LINC02329",0
"MIR7843",0
"RPL36P3",0
"OR11G2",0
"NGB",0
"RNASE3",0
"TRAV6",0
"TRAV7",0
"TRAV9-1",0
"TRAV10",0
"TRAV11",0
"TRAV12-1",0
"TRAV12-2",0
"TRAV8-4",0
"TRAV8-5",0
"TRAV13-2",0
"TRAV9-2",0
"TRAV15",0
"TRAV8-6",0
"TRAV16",0
"TRAV18",0
"TRAV20",0
"TRAV22",0
"TRAV23DV6",0
"TRDV1",0
"TRAV24",0
"TRAV26-1",0
"TRAV8-7",0
"TRAV27",0
"TRAV28",0
"TRAV30",0
"TRAV31",0
"TRAV32",0
"TRAV33",0
"TRAV26-2",0
"TRAV35",0
"TRAV36DV7",0
"TRAV37",0
"TRAV38-2DV8",0
"TRAV39",0
"TRAV40",0
"ATP6V1G1P1",0
"MIR4539",0
"MIR4507",0
"MIR4538",0
"IGHD1-26",0
"IGHD5-24",0
"IGHD4-23",0
"IGHD3-22",0
"IGHD1-20",0
"IGHD6-19",0
"IGHD5-18",0
"IGHD4-17",0
"IGHD3-16",0
"IGHD1-14",0
"IGHD6-13",0
"IGHD5-12",0
"IGHD4-11",0
"IGHD2-8",0
"IGHD1-7",0
"IGHD6-6",0
"IGHD5-5",0
"IGHD4-4",0
"IGHD1-1",0
"IGHVIII-2-1",0
"IGHVIII-5-2",0
"RNA5SP389",0
"IGHVII-62-1",0
"IGHVII-65-1",0
"SLC20A1P1",0
"IGHVII-67-1",0
"IGHVIII-67-2",0
"IGHVIII-67-3",0
"IGHVIII-67-4",0
"IGHV2-70",0
"IGHVII-74-1",0
"IGHVIII-82",0
"PROX2",0
"COX4I1P1",0
"RPL36AP1",0
"RN7SL461P",0
"RNU6-1204P",0
"MIR6765",0
"COPDA1",0
"H1-8P2",0
"VASH1-DT",0
"RN7SL356P",0
"LRRC74A",0
"RN7SL530P",0
"VSX2",0
"VRTN",0
"SUB1P2",0
"STK16P1",0
"RNU6ATAC30P",0
"RN7SL3",0
"RN7SL2",0
"RNU6-189P",0
"MIR6076",0
"PDLIM1P1",0
"RPL23AP70",0
"DPRXP3",0
"RPL9P3",0
"SYT16",0
"OR4K15",0
"OR4Q2",0
"ATP5MC1P2",0
"NT5CP2",0
"NT5CP1",0
"NDUFB8P1",0
"RNU6-240P",0
"MIR4505",0
"LINC02274",0
"NOXRED1",0
"RNU6-273P",0
"COX8C",0
"RNU6-1258P",0
"RPL21P6",0
"TBPL2",0
"MIR4503",0
"RNU6-1046P",0
"MIR208A",0
"MIR208B",0
"RNU6-1277P",0
"SNORD127",0
"RNASE12",0
"RNU1-47P",0
"RD3L",0
"RN7SL634P",0
"MIR203A",0
"MIR203B",0
"SETP2",0
"RNU6-1291P",0
"TMEM183AP4",0
"MIR1247",0
"RN7SL586P",0
"MIR4707",0
"RNU6-244P",0
"MIR4309",0
"RN7SL546P",0
"RNA5SP384",0
"RPL32P29",0
"SRMP2",0
"RNU6-398P",0
"NEK2P1",0
"RNU6-1239P",0
"NBEAP5",0
"OR11H13P",0
"CDRT15P13",0
"NBEAP6",0
"MIR6764",0
"MIR345",0
"SERPINA2",0
"ZFAND2AP2",0
"H3P37",0
"SERPINA13P",0
"OR4K16P",0
"OR11H5P",0
"DPPA3P2",0
"ADAM20P1",0
"ADAM6",0
"MED15P1",0
"BMS1P17",0
"OR4K5",0
"IL25",0
"OR4E1",0
"RPA2P1",0
"RPS15AP3",0
"MIR548Y",0
"OR11H2",0
"MIR4506",0
"RPL21P7",0
"RPL36AP2",0
"RPPH1-2P",0
"RPL13AP3",0
"NDUFB4P11",0
"RAP2CP1",0
"MED15P6",0
"BNIP3P1",0
"DUXAP9",0
"ADAM21P1",0
"SERTAD4BP",0
"TEX21P",0
"SRP54-AS1",0
"RNASE11",0
"DOCK11P1",0
"RRAGAP1",0
"LINC02294",0
"MIR4307",0
"MIR3171HG",0
"LINC02326",0
"GPR33",0
"RNU6-602P",0
"RNU6-455P",0
"YWHAZP1",0
"RNU6-297P",0
"RPL18P1",0
"RPL3P3",0
"TDRD9",0
"RNU6-684P",0
"TMEM63C",0
"RNU7-51P",0
"LINC01148",0
"LINC02296",0
"SHLD2P2",0
"SCARNA13",0
"TCL1B",0
"LINC03058",0
"ARHGAP42P5",0
"LINC02297",0
"SSBP3P4",0
"RPL22P20",0
"NF1P10",0
"DUXAP10",0
"DPPA5P4",0
"LINC02304",0
"LINC02331",0
"LINC02309",0
"LINC02295",0
"MIR493HG",0
"LRFN5-DT",0
"LINC02285",0
"LINC02320",0
"LINC02303",0
"LINC00871",0
"NUBPL-DT",0
"LINC02281",0
"LINC00519",0
"FLRT2-AS1",0
"LINC00911",0
"LINC02286",0
"LINC02277",0
"RNASE2CP",0
"LINC00648",0
"LINC02292",0
"LINC01467",0
"LINC00523",0
"LINC02321",0
"LINC02305",0
"LINC00644",0
"LINC02325",0
"FLVCR2-AS1",0
"LINC02299",0
"LINC02279",0
"KIF26A-DT",0
"LINC02293",0
"TTC7B-AS1",0
"LINC02317",0
"LINC01297",0
"DDX18P1",0
"PPIAP4",0
"RPL12P7",0
"ATP5MC1P1",0
"RPL3P4",0
"GRAMD4P4",0
"PTBP1P",0
"LINC02314",0
"PCNX4-DT",0
"LINC00605",0
"OR11H3P",0
"OR11J6P",0
"MPHOSPH10P5",0
"OR4M2-OT1",0
"OR4N3P",0
"IGHV1OR15-3",0
"SERPINE4P",0
"NF1P2",0
"RPL5P32",0
"ZNF519P3",0
"OR4H6P",0
"HNRNPA1P71",0
"DNAAF4-CCPG1",0
"OR11K1P",0
"OR4Q1P",0
"SALRNA2",0
"SKOR1",0
"HNRNPA1P45",0
"MESTP2",0
"MAP2K5-DT",0
"GEMIN8P1",0
"KRT8P9",0
"BUB1B-PAK6",0
"PLCB2",0
"PLCB2-AS1",0
"TBC1D21",0
"SALRNA3",0
"HNRNPA1P5",0
"NPM1P43",0
"HCN4",0
"CNOT6LP1",0
"FKBP1AP2",0
"CPLX3",0
"LIPC-AS1",0
"RPL21P14",0
"LINC02204",0
"LMAN1L",0
"MTND5P40",0
"ZNF444P1",0
"DCAF13P3",0
"CRABP1",0
"SUMO2P15",0
"THRAP3P2",0
"RPL7L1P15",0
"TUBAP4",0
"SH3GL3",0
"KRT8P24",0
"TUBAP12",0
"NMNAT1P5",0
"MIR5701-3",0
"RNU6-631P",0
"RN7SL106P",0
"RNA5SP390",0
"MIR3118-4",0
"MIR4509-1",0
"MIR4510",0
"RNU6-1014P",0
"RN7SKP101",0
"RNU1-119P",0
"RN7SKP139",0
"RNA5SP394",0
"RN7SL307P",0
"RNU6-94P",0
"MIR4712",0
"RN7SL494P",0
"RNU2-53P",0
"RN7SL568P",0
"SNORD3P1",0
"RNA5SP397",0
"MIR2116",0
"RNU4-80P",0
"RNU6-1",0
"RNU6-745P",0
"RN7SL429P",0
"MIR6882",0
"RNU6-380P",0
"MIR4513",0
"RNU6-401P",0
"RNU6-1339P",0
"MIR3713",0
"RN7SKP217",0
"MIR1179",0
"RNU6-185P",0
"MIR7-2",0
"MIR3529",0
"MIR1469",0
"RN7SKP254",0
"RNU2-3P",0
"SNORD116-29",0
"SNORD116-30",0
"PWAR1",0
"DMAC1P1",0
"SNORD115-1",0
"SNORD115-2",0
"SNORD115-3",0
"SNORD115-4",0
"SNORD115-5",0
"SNORD115-6",0
"SNORD115-7",0
"SNORD115-8",0
"SNORD115-10",0
"SNORD115-11",0
"SNORD115-12",0
"SNORD115-13",0
"SNORD115-14",0
"SNORD115-15",0
"SNORD115-16",0
"SNORD115-17",0
"SNORD115-18",0
"SNORD115-19",0
"SNORD115-20",0
"SNORD115-21",0
"SNORD115-22",0
"SNORD115-23",0
"SNORD115-24",0
"SNORD115-25",0
"SNORD115-26",0
"SNORD115-27",0
"SNORD115-29",0
"SNORD115-30",0
"SNORD115-31",0
"SNORD115-32",0
"SNORD115-33",0
"SNORD115-34",0
"SNORD115-35",0
"SNORD115-36",0
"SNORD115-37",0
"SNORD115-38",0
"SNORD115-39",0
"SNORD115-40",0
"SNORD115-41",0
"SNORD115-42",0
"SNORD115-43",0
"SNORD115-44",0
"SNORD115-45",0
"SNORD115-46",0
"SNORD115-48",0
"SNORD109B",0
"RNU6-554P",0
"RNU6-610P",0
"RNU6-353P",0
"RNU6-354P",0
"HNRNPA1P44",0
"RNU6-18P",0
"DNM1P31",0
"RN7SL185P",0
"RN7SL539P",0
"GOLGA6L23P",0
"RN7SL214P",0
"RN7SL331P",0
"UBE2Q2P8",0
"RN7SL417P",0
"CSPG4P5",0
"UBE2Q2P11",0
"POTEB",0
"DEPDC1P1",0
"RPL32P2",0
"MIR1233-1",0
"RLBP1",0
"MIR6766",0
"MIR9-3",0
"RNU6-953P",0
"MIR147B",0
"SNORA41B",0
"DPPA5P2",0
"AHCYP7",0
"RNA5SP395",0
"RN7SL354P",0
"RPL32P30",0
"MIR549A",0
"ANP32BP3",0
"RNU6-339P",0
"RNU6-796P",0
"RN7SL796P",0
"RN7SL628P",0
"RN7SL82P",0
"ATP5PDP1",0
"MIR7973-2",0
"MIR7973-1",0
"SCG3",0
"RPL36AP43",0
"RNA5SP393",0
"MIR4310",0
"CYCSP38",0
"RNU6-132P",0
"MRPL15P1",0
"ARPIN-AP3S2",0
"MIR5094",0
"MIR5009",0
"RNU6-667P",0
"SLC51B",0
"CILP",0
"RNU6-686P",0
"MIR4508",0
"MAGEL2",0
"RNU6-741P",0
"MIR1266",0
"RPSAP55",0
"SNRPCP18",0
"MIR628",0
"RNU6-1169P",0
"UBE2CP4",0
"RPL21P116",0
"FGF7",0
"TUBBP8",0
"NCAPGP2",0
"PYGO1",0
"LINGO1",0
"RN7SL484P",0
"RNA5SP402",0
"CERS3-AS1",0
"RNU6-322P",0
"RPS24P16",0
"RN7SL363P",0
"AP3B2",0
"SCARNA15",0
"RPL21P115",0
"RNU6-231P",0
"MIR548AP",0
"RNA5SP400",0
"RNU6-1108P",0
"RNU6-1332P",0
"RNU6-966P",0
"RNU1-78P",0
"TERB2",0
"INSYN1",0
"COX6CP4",0
"TPST2P1",0
"MIR8063",0
"MIR630",0
"RN7SL853P",0
"HIGD2B",0
"NPM1P42",0
"FABP5P8",0
"MIR4515",0
"BNC1",0
"MIR626",0
"MIR1302-10",0
"MIR6859-3",0
"CD24P2",0
"RNU6-1287P",0
"HMGB1P33",0
"RNU6-466P",0
"MIR211",0
"TMEM202",0
"MIR3174",0
"NDUFA3P4",0
"SH2D7",0
"ENTREP2",0
"ANKRD63",0
"RNU6-449P",0
"HNRNPA1P74",0
"DNM1P5",0
"MIR1233-2",0
"LINC02252",0
"BCAR1P1",0
"RN7SL584P",0
"GOLGA6L4",0
"SCARNA14",0
"RPL9P25",0
"SNORD18C",0
"SNORD18B",0
"SNORD16",0
"SNORD18A",0
"RN7SL286P",0
"GREM1-AS1",0
"GOLGA8H",0
"GOLGA8F",0
"ABCB10P4",0
"RN7SL719P",0
"GOLGA8M",0
"MIR4311",0
"RNA5SP392",0
"PHGR1",0
"TGM5",0
"OR4M2",0
"RPL7P5",0
"H3P40",0
"GOLGA6L2",0
"GOLGA8G",0
"GOLGA6L25",0
"GOLGA6L26",0
"GOLGA6L24",0
"MIR6085",0
"MIR190A",0
"SCG5",0
"OR4F4",0
"RN7SL536P",0
"PLA2G4D",0
"RNU1-77P",0
"GOLGA6L9-AS1",0
"CYCSP2",0
"RN7SL497P",0
"RN7SL278P",0
"GOLGA8J",0
"RN7SL673P",0
"RN7SL469P",0
"DNM1P30",0
"RNU6-17P",0
"RN7SL196P",0
"RN7SL346P",0
"TTLL13",0
"RN7SL736P",0
"RPL21P114",0
"RPL21P117",0
"RNA5SP396",0
"RNU6-516P",0
"RN7SL376P",0
"IGHV4OR15-8",0
"IGHV1OR15-4",0
"SPATA31E3P",0
"RN7SL545P",0
"MPHOSPH10P9",0
"RN7SL495P",0
"GOLGA6L22",0
"PPIAP47",0
"MIR4313",0
"RN7SL319P",0
"DNM1P49",0
"RN7SL510P",0
"GOLGA8S",0
"OR4N4",0
"MIR8067",0
"GOLGA8K",0
"FTLP20",0
"EGLN1P1",0
"RN7SL238P",0
"MIR4509-2",0
"MIR4509-3",0
"RPL31P6",0
"FAM149B1P1",0
"RN7SKP181",0
"SEPHS1P2",0
"MIR4312",0
"SPESP1",0
"RN7SL209P",0
"OR4F15",0
"WBP1LP5",0
"SNORD13D",0
"NDUFB10P1",0
"RNU6-844P",0
"MIR4713",0
"EIF4EBP2P2",0
"KRT8P50",0
"MIR7706",0
"RN7SL489P",0
"RN7SL327P",0
"MIR627",0
"CARS1P1",0
"ELMO2P1",0
"GOLGA8DP",0
"SORD2P",0
"CSPG4P13",0
"GOLGA6FP",0
"COMMD4P1",0
"UBE2Q2P16",0
"GOLGA2P7",0
"DNM1P51",0
"STRCP1",0
"ULK4P2",0
"UBE2Q2P13",0
"DNM1P46",0
"OR4G2P",0
"WASH3P",0
"DDX11L9",0
"CHEK2P2",0
"WHAMMP4",0
"ADAMTS7P1",0
"UBE2Q2P6",0
"GOLGA2P10",0
"GOLGA6L17P",0
"ULK4P3",0
"GOLGA8EP",0
"HERC2P2",0
"GOLGA8IP",0
"ULK4P1",0
"GOLGA6L5P",0
"LINC00933",0
"PDCD6IPP2",0
"EFL1P1",0
"HERC2P9",0
"SCAND2P",0
"OR4F13P",0
"ADAMTS7P4",0
"DNM1P47",0
"GOLGA2P11",0
"DNM1P34",0
"ISLR2",0
"STRA6",0
"MIR6881",0
"MIR4714",0
"HNRNPA1P62",0
"PDCD6IPP1",0
"TVP23BP1",0
"RNA5SP391",0
"MED28P6",0
"RN7SL487P",0
"PGPEP1L",0
"GOLGA6D",0
"GAPDHP55",0
"GJD2",0
"H3P38",0
"RNU6-188P",0
"ALDH1A2-AS1",0
"AQP9",0
"MTCO3P23",0
"MTND3P12",0
"MTND5P32",0
"MTCYBP23",0
"EIF5A2P1",0
"DUXAP6",0
"NPM1P5",0
"ENO1P2",0
"NOX5",0
"RPL29P30",0
"HMGN2P46",0
"ACTG1P17",0
"CSNK1A1P1",0
"H2AZ2P1",0
"ANP32BP1",0
"PPIAP46",0
"TMCO5B",0
"MIR184",0
"ANKRD34C",0
"GCOM1",0
"SMAD3-AS1",0
"EPB42",0
"LINC01581",0
"LONRF2P4",0
"GRAMD4P6",0
"POTEB3",0
"MIR3118-3",0
"NF1P9",0
"MIR5701-2",0
"LINC02203",0
"OR11K1BP",0
"OR1Q1BP",0
"OR4H6BP",0
"OR4M2B",0
"OR4N4C",0
"OR4N3BP",0
"PWRN2",0
"SNORD107",0
"PWAR5",0
"SNORD64",0
"SNORD108",0
"SNORD109A",0
"SNORD116-1",0
"SNORD116-2",0
"SNORD116-3",0
"SNORD116-4",0
"SNORD116-5",0
"SNORD116-6",0
"SNORD116-7",0
"SNORD116-8",0
"SNORD116-9",0
"SNORD116-10",0
"SNORD116-11",0
"SNORD116-12",0
"SNORD116-13",0
"SNORD116-14",0
"SNORD116-15",0
"SNORD116-16",0
"SNORD116-17",0
"SNORD116-18",0
"SNORD116-19",0
"SNORD116-20",0
"SNORD116-21",0
"SNORD116-22",0
"SNORD116-23",0
"SNORD116-24",0
"SNORD116-25",0
"SNORD116-26",0
"SNORD116-27",0
"SNORD116-28",0
"ANP32AP1",0
"RNU6-1280P",0
"RN7SL677P",0
"RNA5SP401",0
"LINC01582",0
"FAM169BP",0
"RPL18P11",0
"GOLGA6GP",0
"RNU6-549P",0
"AGBL1-AS1",0
"SPATA8-AS1",0
"SPATA8",0
"PWRN4",0
"LINGO1-AS2",0
"LINGO1-AS1",0
"C15orf32",0
"SMASR",0
"FAM138E",0
"PAQR5-DT",0
"LINC02349",0
"SKOR1-AS1",0
"FBN1-DT",0
"SCG5-AS1",0
"LINC01413",0
"NTRK3-AS1",0
"LINC02255",0
"LINC02852",0
"LINC00052",0
"LINC01491",0
"ATP10A-DT",0
"LINC00927",0
"LINC01584",0
"RYR3-DT",0
"CTXN2-AS1",0
"LINC03080",0
"LINC02853",0
"LINC02568",0
"LINC00929",0
"LINC02250",0
"LINC03065",0
"LINC01169",0
"LINC02251",0
"CARMAL",0
"POLGARF",0
"RNU6-978P",0
"SLC20A1P3",0
"IGHD5OR15-5A",0
"IGHD4OR15-4A",0
"IGHD3OR15-3A",0
"IGHD2OR15-2A",0
"IGHD1OR15-1A",0
"FAM30B",0
"HERC2P3",0
"GOLGA6L6",0
"MPHOSPH10P4",0
"RN7SL759P",0
"SPATA31E2P",0
"IGHV1OR15-6",0
"NBEAP1",0
"RNU6-498P",0
"LONRF2P3",0
"GRAMD4P5",0
"MIR3118-2",0
"POTEB2",0
"RNU6-749P",0
"ZNF519P2",0
"MIR5701-1",0
"LINC01193",0
"OR11J2P",0
"OR11J5P",0
"IGHD5OR15-5B",0
"IGHD4OR15-4B",0
"IGHD3OR15-3B",0
"IGHD2OR15-2B",0
"IGHD1OR15-1B",0
"FAM30C",0
"BCAR1P2",0
"RN7SL400P",0
"NBEAP4",0
"RNU6-1235P",0
"GPR176-DT",0
"BMF-AS1",0
"RPL7AP75",0
"DNM1P33",0
"DNM1P32",0
"MPHOSPH10P2",0
"DNM1P50",0
"HMGN2P47",0
"HMGN2P40",0
"OR4G6P",0
"GABARAPL3",0
"FSCN1P1",0
"MPHOSPH10P3",0
"HERC2P1",0
"HERC2P11",0
"MPHOSPH10P6",0
"HERC2P6",0
"HMGN1P26",0
"ISCA1P4",0
"HERC2P7",0
"UBE2Q2P12",0
"NIFKP8",0
"GOLGA6L3P",0
"DNM1P28",0
"RPL36AP45",0
"NIFKP4",0
"COMMD4P2",0
"GOLGA8CP",0
"NF1P1",0
"BMS1P16",0
"LINC01579",0
"NHLRC4",0
"LINC02152",0
"HS3ST4",0
"LINC01195",0
"CYCSP39",0
"HS3ST2",0
"LINC01177",0
"PCMTD1P2",0
"DUX4L46",0
"DUX4L47",0
"PPP1R1AP2",0
"DUX4L45",0
"TCERG1P2",0
"TMF1P1",0
"LINC00273",0
"RPL23AP72",0
"SPRING1P3",0
"HSPE1P16",0
"CCL17",0
"CAPNS2",0
"NPAP1L",0
"RPS27P27",0
"LINC02141",0
"PLA2G10GP",0
"CNTNAP4",0
"DPPA3P11",0
"HSPE1P7",0
"RPL7AP63",0
"HCCAT5",0
"LINC02135",0
"DUXAP11",0
"FOXL1",0
"VN2R10P",0
"TMPOP2",0
"FOXF1",0
"GNPATP",0
"MIR6859-4",0
"MIR6769A",0
"RNU6-1340P",0
"MIR548W",0
"RNA5SP405",0
"RNA5-8SP2",0
"RNU4-58P",0
"RNU6-21P",0
"RN7SKP76",0
"RNA5SP430",0
"RN7SKP233",0
"RNA5SP433",0
"MIR4719",0
"CLDN9",0
"RNU1-125P",0
"RNU1-22P",0
"OR1F2P",0
"RPL7L1P19",0
"OR2C1",0
"MTND1P8",0
"CORO7-PAM16",0
"SNORA30",0
"TMEM265",0
"NDUFA3P6",0
"ENPP7P14",0
"LINC02164",0
"RPS3AP48",0
"SNRPCP20",0
"LINC01570",0
"MIR8065",0
"RNU7-99P",0
"RNU6-457P",0
"RNU6-328P",0
"MT4",0
"MT1CP",0
"MIR6862-1",0
"IL27",0
"MIR6862-2",0
"MIR4721",0
"MIR4517",0
"SLX1B-SULT1A4",0
"SLC7A5P1",0
"GPR139",0
"SULT1A4",0
"MT1H",0
"SEPTIN12",0
"TNP2",0
"PRM3",0
"PRM2",0
"PRM1",0
"MIR548H2",0
"RNU6-1191P",0
"MIR4720",0
"MIR6504",0
"RN7SL279P",0
"RPS27P26",0
"DUXB",0
"RN7SL520P",0
"RNA5SP403",0
"RNA5SP404",0
"IMPDH1P11",0
"RN7SL493P",0
"MIR3935",0
"HBM",0
"HBZP1",0
"HBAP1",0
"HBA1",0
"HBQ1",0
"RNU6-359P",0
"MIR6773",0
"RNU6-1262P",0
"RPL35AP33",0
"RNU4-36P",0
"RNA5SP432",0
"COX6A2",0
"AHSP",0
"VN1R64P",0
"VN1R65P",0
"KRBOX5P1",0
"VN1R66P",0
"LINC00254",0
"RNU6ATAC25P",0
"TEKT5",0
"MTCYBP33",0
"MTND6P33",0
"MTND4P34",0
"MTND4LP24",0
"MTND3P13",0
"MTCO3P24",0
"MTATP6P24",0
"CCNYL7",0
"SUB1P4",0
"MIR3177",0
"MIR6767",0
"MIR6768",0
"NTN3",0
"MIR3178",0
"MIR6506",0
"MIR484",0
"MIR662",0
"SNORD68",0
"CLEC18C",0
"RNA5SP426",0
"HMGB3P32",0
"MTCH2P3",0
"MIR6772",0
"RNU6-20P",0
"ACTG1P16",0
"RNY4P3",0
"RPL10P14",0
"MIR138-2",0
"MIR6863",0
"RPS24P17",0
"CFAP69P1",0
"RPL23AP91",0
"MIR328",0
"RN7SKP118",0
"RNU1-123P",0
"MIR3179-2",0
"MIR3670-2",0
"MIR3180-2",0
"MIR6511A2",0
"MIR6770-2",0
"MIR6511A3",0
"MIR1538",0
"LNCPTCTS",0
"RNU6-213P",0
"RNU7-61P",0
"RNU6-416P",0
"RNU6-1043P",0
"RN7SL645P",0
"PLA2G10FP",0
"LINC02179",0
"ZNF423",0
"ADAM3B",0
"MRPS21P7",0
"MRPS21P8",0
"RPL34P29",0
"MIR6771",0
"CKLF-CMTM1",0
"BEAN1-AS1",0
"SNORA3C",0
"EIF1P4",0
"PDILT",0
"C16orf92",0
"RNU6-269P",0
"RNU6-1110P",0
"RNU6-103P",0
"SNORA50A",0
"RNU6-1155P",0
"RN7SL143P",0
"GEMIN8P2",0
"RPL12P36",0
"RPL7P46",0
"C16orf82",0
"PRDM7",0
"ACSM2B",0
"RNU6-944P",0
"RNU7-63P",0
"TLE7",0
"RNU6-208P",0
"SNORA70D",0
"SNORD71",0
"PHB1P21",0
"MTCH2P4",0
"SLC6A2",0
"CLEC3A",0
"KRT8P22",0
"RPS3P7",0
"RNA5SP431",0
"RPS26P52",0
"LINC02186",0
"MIR1273H",0
"CACNG3",0
"RNU7-24P",0
"RPL39P31",0
"RBM22P13",0
"IGHV1OR16-3",0
"ABHD17AP8",0
"COX6CP16",0
"MIR5093",0
"LINC02890",0
"SOD1P2",0
"SALL1",0
"PPIAP49",0
"RNU6-237P",0
"RNU6-898P",0
"RNU6-22P",0
"DERPC",0
"SNORA10",0
"SNORA64",0
"SNORA78",0
"RNF151",0
"MIR1225",0
"PERCC1",0
"LINC01567",0
"TMEM114",0
"MIR8058",0
"MIR3182",0
"LARP7P2",0
"NRN1L",0
"DPEP3",0
"KARS1P3",0
"DPEP2NB",0
"PLA2G10EP",0
"MIR3179-1",0
"MIR5189",0
"ZFPM1-AS1",0
"MIR4722",0
"RN7SL274P",0
"RNU7-125P",0
"RNU6-159P",0
"RNU6-1241P",0
"RNA5SP425",0
"MIR1910",0
"RNU1-103P",0
"RPL10AP12",0
"MIR6774",0
"SLC7A5P2",0
"CCNYL1B",0
"MIR193B",0
"RN7SKP176",0
"MTCYBP28",0
"RN7SKP190",0
"ACTR3BP3",0
"PABPC1P13",0
"ABCD1P3",0
"FAM153DP",0
"IGHV2OR16-5",0
"BCAP31P2",0
"IGHV1OR16-2",0
"IGHV3OR16-10",0
"IGHV1OR16-4",0
"RN7SKP142",0
"COX6CP1",0
"UBL5P4",0
"TIPINP2",0
"RPS3AP2",0
"PTX4",0
"PRSS41",0
"NPIPA7",0
"PABPN1L",0
"TP53TG3",0
"CPHXL2",0
"RNA5SP428",0
"BOLA2",0
"RN7SL557P",0
"AQP8",0
"MIR6511B1",0
"MIR3180-5",0
"SNORD60",0
"MIR3677",0
"MIR940",0
"LINC00235",0
"MIR5587",0
"PRR35",0
"DDX11L10",0
"MT1JP",0
"MT1IP",0
"ABCA3P1",0
"PLA2G10CP",0
"SNX29P2",0
"PDXDC2P",0
"FRG2KP",0
"PDPK2P",0
"URAHP",0
"TUBB8P7",0
"HERC2P4",0
"RRN3P3",0
"OTOAP1",0
"PDPR2P",0
"HERC2P5",0
"SLC6A10P",0
"HERC2P8",0
"TMEM231P1",0
"SMG1P1",0
"RRN3P1",0
"SMG1P3",0
"MT1DP",0
"MPHOSPH10P1",0
"MT1L",0
"SMG1P7",0
"MIR140",0
"CLEC18A",0
"NPIPB14P",0
"TP53TG3F",0
"CHEK2P6",0
"BMS1P8",0
"ENPP7P13",0
"ABHD17AP9",0
"TP53TG3C",0
"PLA2G10IP",0
"NPIPA8",0
"PKD1P4",0
"MIR6511A4",0
"PKD1P5",0
"MIR6770-3",0
"MIR3180-3",0
"MIR3670-3",0
"MIR3179-3",0
"MIR3670-4",0
"MIR3179-4",0
"ABCC6P1",0
"MIR3670-1",0
"MIR3180-1",0
"PKD1P3",0
"MIR6511A1",0
"MIR6770-1",0
"NPIPP1",0
"MIR6511B2",0
"MIR3180-4",0
"PRSS30P",0
"RNU6-355P",0
"MIR4718",0
"RPL35AP34",0
"NPIPB7",0
"ANKRD26P1",0
"RNU6-845P",0
"CKBP1",0
"RBM22P12",0
"VN1R67P",0
"VN1R3",0
"RPL23AP86",0
"MTND4LP25",0
"CA7",0
"TPSB2",0
"TPSAB1",0
"TPSD1",0
"PRSS29P",0
"TPSP2",0
"SSTR5",0
"APOOP5",0
"PPIAP48",0
"RPS27AP16",0
"RPS2P45",0
"CASP16P",0
"ABCA15P",0
"CENPBD1P",0
"CDIPTOSP",0
"FBXL9P",0
"AFG3L1P",0
"SULT1A1",0
"UBE2FP2",0
"RPS15AP34",0
"PKD1P6",0
"GREP1",0
"MEIOB",0
"NPIPA9",0
"CES1P1",0
"TP53TG3E",0
"TP53TG3B",0
"CCNYL3",0
"CLUHP11",0
"NAMPTP3",0
"VPS35P1",0
"VN1R68P",0
"VN1R69P",0
"SLC25A1P4",0
"RARRES2P5",0
"FGFR3P5",0
"AGGF1P8",0
"RARRES2P9",0
"AGGF1P9",0
"C2orf69P4",0
"FRG2GP",0
"AGGF1P4",0
"RARRES2P7",0
"C2orf69P3",0
"FRG2DP",0
"RARRES2P10",0
"AGGF1P6",0
"C2orf69P2",0
"TP53TG3HP",0
"RARRES2P8",0
"AGGF1P7",0
"C2orf69P1",0
"C1QL1P1",0
"KIF18BP1",0
"RNA5SP406",0
"RNA5SP407",0
"RNA5SP408",0
"RNA5SP409",0
"LINC02167",0
"RNA5SP410",0
"RNA5SP411",0
"RNA5SP412",0
"RNA5SP413",0
"RNA5SP414",0
"RNA5SP415",0
"RNA5SP416",0
"RNA5SP417",0
"RNA5SP418",0
"RNA5SP419",0
"RNA5SP420",0
"RNA5SP421",0
"RNA5SP422",0
"RNA5SP423",0
"VN1R70P",0
"MOCS1P1",0
"KLF8P1",0
"RNU6-257P",0
"UNGP1",0
"CASC22",0
"MTND5P34",0
"RN7SL841P",0
"RNU4-46P",0
"CEDORA",0
"DYNLRB2-AS1",0
"LINC01227",0
"LINC02191",0
"LINC02140",0
"LINC01566",0
"LINC02132",0
"LINC02124",0
"LINC02131",0
"LINC02189",0
"LINC02858",0
"LINC02129",0
"LINC00922",0
"LINC01229",0
"LINC02175",0
"LINC02134",0
"SSTR5-AS1",0
"LINC02178",0
"MMP2-AS1",0
"LINC02169",0
"LINC01082",0
"ARLNC1",0
"LINC02133",0
"FOXC2-AS1",0
"LINC02165",0
"LINC02180",0
"LINC02136",0
"ATP2A1-AS1",0
"LINC02183",0
"LINC03064",0
"LINC02184",0
"MPHOSPH6-DT",0
"LINC02139",0
"SLX1A",0
"C4orf46P1",0
"WASH4P",0
"BCAP31P1",0
"HMGN2P3",0
"RPL18P13",0
"VPS51P1",0
"GAPDHP35",0
"PLA2G10KP",0
"PLA2G10HP",0
"CA5AP1",0
"PLA2G10JP",0
"PKD1P1",0
"NCOA5LP",0
"ATP5F1AP3",0
"PLA2G10BP",0
"SCML2P2",0
"NPIPB10P",0
"CHEK2P7",0
"TP53TG3GP",0
"FRG2JP",0
"RARRES2P6",0
"FRG2HP",0
"FRG2IP",0
"LINC02125",0
"RNU7-90P",0
"RNU7-71P",0
"RYKP1",0
"RPS16P8",0
"SYPL1P2",0
"G6PC1",0
"TMIGD1",0
"VN1R71P",0
"B4GALNT2P1",0
"AOC2",0
"RPS2P48",0
"RPL5P33",0
"KIF2B",0
"NME1-NME2",0
"ATG12P1",0
"PRELID3BP3",0
"LINC02071",0
"ARL2BPP8",0
"RPL7P48",0
"PDLIM1P3",0
"ISCA1P3",0
"MARCHF10",0
"LINC02594",0
"TMEM100",0
"RNU6-468P",0
"RNU6-990P",0
"RNU6-1267P",0
"RNA5SP526",0
"MIR423",0
"RNU6-287P",0
"MIR6781",0
"MIR3184",0
"MIR8059",0
"MIR6129",0
"RNU6-928P",0
"RNA5SP445",0
"MIR634",0
"RN7SKP14",0
"RNU7-155P",0
"PTGES3L-AARSD1",0
"RPSAP67",0
"RPL17P41",0
"RN7SL622P",0
"FBXO36P1",0
"MIR635",0
"NDUFB4P3",0
"CCDC182",0
"RN7SKP94",0
"TBC1D3P4",0
"YWHAEP2",0
"SENP3-EIF4A1",0
"SNORA48",0
"SNORD10",0
"SNORA67",0
"OR1D5",0
"OR1P1",0
"OR1E3",0
"RPS29P22",0
"MIR4723",0
"MIR22",0
"HNRNPA1P19",0
"OLA1P2",0
"RNU6-1178P",0
"RNASEH1P1",0
"SPECC1P2",0
"SPPL2C",0
"STH",0
"RNU6-1313P",0
"MIR4740",0
"MIR3186",0
"TSEN15P1",0
"SPEM1",0
"SPEM2",0
"SPEM3",0
"FGF11",0
"ALOXE3P1",0
"ALOX12B",0
"MIR4314",0
"HES7",0
"MIR6883",0
"SNORD118",0
"MIR4521",0
"ODF4",0
"RNU7-43P",0
"CCDC42",0
"PIK3R6",0
"RPL19P18",0
"NPM1P45",0
"RCVRN",0
"MYH13",0
"MYH2",0
"MYH3",0
"PIRT",0
"RNU6-1065P",0
"RPL15P21",0
"RN7SL601P",0
"SHISA6",0
"RNU11-2P",0
"ARHGAP44-AS1",0
"MIR1269B",0
"HS3ST3A1",0
"MIR548H3",0
"CDRT15",0
"RPL23AP76",0
"CDRT7",0
"RNU6-24P",0
"SNORD1C",0
"SNORD1B",0
"SNORD1A",0
"RNU6-227P",0
"MIR636",0
"SCARNA16",0
"MIR6516",0
"CYCSP40",0
"SMCO4P1",0
"RN7SL819P",0
"RPL6P26",0
"KIF18B-DT",0
"TEX19",0
"HEXD-IT1",0
"NARF-AS1",0
"MIR4731",0
"RNU6-799P",0
"RN7SL792P",0
"MAPK8IP1P1",0
"RN7SL656P",0
"MIR1180",0
"LINC02094",0
"MIR6786",0
"MIR4738",0
"TEN1",0
"RN7SL33P",0
"MIR6776",0
"MIR1253",0
"RNU6-1158P",0
"MIR3614",0
"MSX2P1",0
"EPX",0
"ANKRD40CL",0
"H3P41",0
"RPS12P28",0
"SNORD42B",0
"SNORD4A",0
"SNORD42A",0
"SNORD4B",0
"RPL31P58",0
"CALM2P1",0
"MIR6868",0
"OR1D3P",0
"RNU2-58P",0
"MIR301A",0
"OVCA2",0
"MIR132",0
"MIR212",0
"MCUR1P1",0
"RN7SL624P",0
"SMG6-IT1",0
"SNORD91B",0
"SNORD91A",0
"ACE3P",0
"RPL31P57",0
"MIR3064",0
"MIR5047",0
"KPNA2P3",0
"MIR3678",0
"RNU6-938P",0
"MIR632",0
"LINC02075",0
"TXNP4",0
"RNU6-955P",0
"TM4SF5",0
"ATP6V0CP1",0
"MIR5010",0
"ATP5MGP7",0
"RNU1-80P",0
"UBE2V2P2",0
"RNU6-625P",0
"RNU7-97P",0
"HCRT",0
"SPECC1-DT",0
"KCTD9P1",0
"RNU6-258P",0
"RNU6-1057P",0
"DHRS7C",0
"ASIC2",0
"RNA5SP443",0
"KRT222",0
"KRT224P",0
"KRT24",0
"KRT25",0
"KRT28",0
"KRT12",0
"KRT20",0
"GH1",0
"SCN4A",0
"SNORD104",0
"SNORA50C",0
"PPY",0
"RNU6-131P",0
"MIR6782",0
"LHX1",0
"MIR2909",0
"MYADML2",0
"NOTUM",0
"MIR6780A",0
"RPS4XP17",0
"RNU6-840P",0
"ATP5MGP6",0
"KRTAP17-1",0
"KRT33A",0
"KRT41P",0
"KRT37",0
"MIR6785",0
"MIR657",0
"MIR3065",0
"MIR338",0
"MIR1250",0
"PVALEF",0
"MIR3183",0
"TRARG1",0
"MIR4525",0
"SUMO2P7",0
"SGCA",0
"USP32P4",0
"RPL36AP47",0
"RNU7-52P",0
"RPS23P7",0
"RNU6-446P",0
"SHC1P2",0
"RN7SL507P",0
"RNU6-453P",0
"FAM171A2",0
"RN7SL258P",0
"MIR378J",0
"RNU6-489P",0
"MIR451A",0
"MIR451B",0
"MIR144",0
"MIR4732",0
"FADS6",0
"OTOP2",0
"RNU6-362P",0
"RN7SL573P",0
"OR1D2",0
"OR1AC1P",0
"OR1E2",0
"MIR195",0
"MIR497",0
"SLC2A4",0
"YBX2",0
"KCNJ16",0
"TBC1D3E",0
"OR1A2",0
"TBC1D3C",0
"TBC1D3",0
"RN7SL716P",0
"SNRPGP17",0
"MIR4729",0
"RNU4-13P",0
"KRTAP3-3",0
"KRTAP3-2",0
"KRTAP3-4P",0
"KRTAP1-5",0
"KRTAP1-3",0
"KRTAP2-3",0
"KRTAP2-4",0
"KRTAP2-5P",0
"KRTAP4-11",0
"KRTAP4-12",0
"KRTAP4-5",0
"KRTAP4-4",0
"KRT40",0
"ZNF29P",0
"ZNF286A-TBC1D26",0
"TBC1D26",0
"E2F3P1",0
"TOMM20P2",0
"SNORD7",0
"RN7SL138P",0
"MIR4733",0
"SEC24AP1",0
"MIR4524B",0
"MIR4524A",0
"SNRPGP4",0
"KRT43P",0
"KRT32",0
"MIR6510",0
"KRT9",0
"KRT35",0
"BTBD17",0
"RNA5SP448",0
"MIR4739",0
"ENPP7",0
"CBX2",0
"RN7SL79P",0
"MIR4724",0
"MIR193A",0
"MIR4725",0
"MIR365B",0
"LINC02080",0
"RNU6-1264P",0
"BTF3P14",0
"MIR4315-1",0
"RDM1P1",0
"RPSAP66",0
"RNU6-623P",0
"RN7SL606P",0
"RPL36AP46",0
"RN7SL448P",0
"RPLP1P11",0
"RPL22P21",0
"RNU6-314P",0
"MIR1288",0
"SNORD49B",0
"SNORD49A",0
"SNORD65",0
"KRTAP2-1",0
"KRTAP4-8",0
"KRTAP1-4",0
"CSHL1",0
"POLR3KP2",0
"KRTAP16-1",0
"GSG1L2",0
"SPDYE4",0
"MIR4726",0
"RNU6-866P",0
"KCNH6",0
"MIR633",0
"TRMT112P3",0
"DNAJB6P8",0
"CDK3",0
"GPR142",0
"SLC35G3",0
"MIR6864",0
"NPTX1",0
"RPL32P31",0
"RPL31P7",0
"MIR1268B",0
"RNA5SP438",0
"CCL7",0
"CCL11",0
"CCL13",0
"TBC1D28",0
"RNU1-108P",0
"RNU1-52P",0
"RNVU1-34",0
"RNU6-518P",0
"RPL35AP35",0
"MYL4",0
"RNU7-186P",0
"ITM2BP1",0
"CPDP1",0
"WDR45BP1",0
"SCGB1C2",0
"OR1G1",0
"RN7SL236P",0
"TMEM235",0
"NEK4P2",0
"RNASEH1P2",0
"RNU6-405P",0
"RN7SL620P",0
"SRP68P1",0
"COTL1P1",0
"RNU6ATAC3P",0
"MIR5089",0
"RPRML",0
"KRTAP4-3",0
"KRTAP4-2",0
"KRTAP4-1",0
"KRTAP4-17P",0
"KRTAP9-2",0
"KRTAP9-3",0
"KRTAP9-4",0
"KRTAP9-11P",0
"KRTAP9-10P",0
"KRTAP29-1",0
"CSH2",0
"GH2",0
"KRTAP9-6",0
"KRTAP9-7",0
"TBC1D3G",0
"TBC1D3H",0
"RNU6-1192P",0
"TBC1D3F",0
"TBC1D3JP",0
"RNA5SP439",0
"MTND6P35",0
"MTCYBP13",0
"MTND1P15",0
"MTND2P13",0
"NMTRS-TGA3-1",0
"MTATP6P3",0
"MTCO3P13",0
"CSH1",0
"SLC13A2",0
"MPO",0
"MIR142",0
"MIR4736",0
"KRTAP4-6",0
"IGBP1C",0
"KRTAP4-9",0
"TBC1D3K",0
"KRTAP4-7",0
"OR1R1P",0
"KRTAP2-2",0
"TMEM238L",0
"KRTAP4-16",0
"TNFSF12-TNFSF13",0
"RPL21P4",0
"BRCA1P1",0
"RNU2-1",0
"CHAD",0
"RPL39P33",0
"PDLIM1P2",0
"KCNJ18",0
"SOST",0
"CFAP97D1",0
"CD300LG",0
"TVP23C-CDRT4",0
"RPL9P2",0
"LYZL6",0
"CCL16",0
"CCL14",0
"CCL15-CCL14",0
"CCL23",0
"TBC1D3B",0
"TBC1D3I",0
"KCNJ2-AS1",0
"RNU4-34P",0
"MIR4523",0
"RNU6-711P",0
"RNU6-1034P",0
"SRP68P3",0
"FAM106B",0
"LGALS9B",0
"TNPO1P3",0
"MIR6778",0
"GPR179",0
"SPACA3",0
"MIR10A",0
"HOXB5",0
"HOXB8",0
"MIR196A1",0
"MIR3615",0
"KRT17P5",0
"KRT16P1",0
"NOS2P2",0
"USP32P2",0
"PYY2",0
"PPY2P",0
"ZNF286B",0
"TBC1D27P",0
"OR1D4",0
"TBC1D3P2",0
"YWHAEP7",0
"OR3A4P",0
"KRT42P",0
"UBBP4",0
"LRRC37A11P",0
"NOS2P1",0
"USP32P1",0
"KRT16P6",0
"KRT16P2",0
"KRT17P1",0
"KRT17P4",0
"AOC4P",0
"CCDC144NL",0
"NPEPPSP1",0
"TRIM16L",0
"KRT223P",0
"USP32P3",0
"NOS2P3",0
"KRT16P3",0
"KRT17P6",0
"KRT17P7",0
"LINC00674",0
"RN7SL756P",0
"MIR548D2",0
"MIR6787",0
"RNU2-4P",0
"RNU6-1137P",0
"MIR2117HG",0
"MIR2117",0
"RNU6-406P",0
"MEOX1",0
"CD300H",0
"CRHR1",0
"MIR6784",0
"RNA5SP442",0
"RN7SL399P",0
"LINC02563",0
"RNA5SP444",0
"GARS1P1",0
"RNU6-1249P",0
"CEP295NL",0
"RN7SL405P",0
"MIR6783",0
"RNU6-298P",0
"RNU6-1134P",0
"OR3A1",0
"CA4",0
"SEPTIN7P12",0
"H3P42",0
"KRTAP9-1",0
"RNU6-233P",0
"FAM187A",0
"TBC1D3P1",0
"MIR4737",0
"RN7SL800P",0
"WEE1P2",0
"RPL23AP87",0
"KRT16P4",0
"RPL29P2",0
"MAGOH2P",0
"RPL21P122",0
"RNF126P1",0
"RDM1P5",0
"RPL12P38",0
"SH3GL1P1",0
"KRT18P55",0
"DBIL5P",0
"LINC02210",0
"TCAM1P",0
"H1-9P",0
"WFDC21P",0
"KRTAP9-9",0
"KIAA0753",0
"RNA5SP435",0
"MIR4520-1",0
"MIR4520-2",0
"ALOX15P1",0
"RPL23AP73",0
"OR3A2",0
"OR3A3",0
"RNY4P13",0
"H2BN1",0
"WSCD1",0
"RN7SL774P",0
"SNORD3D",0
"RPL32P33",0
"RN7SKP180",0
"ALOX12P2",0
"SP6",0
"MRPL45P2",0
"TBC1D29P",0
"SMURF2P1",0
"SH3GL1P2",0
"LRRC37BP1",0
"RN7SL316P",0
"C17orf78",0
"SNORA21B",0
"SNORA21",0
"HSF5",0
"LINC02210-CRHR1",0
"PLEKHM1P1",0
"MIR4315-2",0
"RN7SL404P",0
"RDM1P4",0
"AMZ2P1",0
"RNA5SP446",0
"CACNG4",0
"CACNG1",0
"RNA5SP447",0
"SNORA59B",0
"SLC47A1P1",0
"MTND1P14",0
"NMTRQ-TTG12-1",0
"MTND2P12",0
"MTCO1P39",0
"SLC47A1P2",0
"HOXB-AS2",0
"HOXB-AS4",0
"RN7SL426P",0
"ZSWIM5P1",0
"RNA5SP436",0
"SPECC1P1",0
"CD300C",0
"COX6B1P2",0
"PRAC1",0
"PRAC2",0
"MIR3185",0
"RN7SL125P",0
"RNU1-42P",0
"GIP",0
"RNU6-826P",0
"CD300E",0
"MIR152",0
"RNU6-1201P",0
"MIR1203",0
"TCAP",0
"PNMT",0
"MIR4728",0
"KRT8P34",0
"ZPBP2",0
"LRRC3C",0
"GSDMA",0
"CDRT8",0
"LINC00670",0
"LINC02074",0
"LINC01180",0
"LINC01497",0
"LINC02079",0
"LINC01976",0
"LINC02089",0
"LINC01987",0
"LINC00868",0
"LINC01979",0
"HID1-AS1",0
"FAM27E5",0
"LINC01982",0
"LINC01989",0
"TMEM132E-DT",0
"LINC01028",0
"LINC01563",0
"MIR365BHG",0
"LINC01996",0
"LINC02093",0
"MARCHF10-DT",0
"ABR-AS1",0
"SEPTIN9-DT",0
"FAM215A",0
"CACNA1G-AS1",0
"MIR21",0
"MIR6777",0
"MIR33B",0
"BRI3P3",0
"MIR6884",0
"MIR6866",0
"MIR6867",0
"RNA5SP441",0
"RPL23AP75",0
"GTF2IP6",0
"RDM1P3",0
"CDRT15P1",0
"NSFP1",0
"PTP4A2P1",0
"HSD17B1P1",0
"RPL7AP64",0
"SPDYE22P",0
"TBC1D26-AS1",0
"NCOR1P2",0
"FTLP13",0
"RPS26P8",0
"FTLP12",0
"NOS2P4",0
"KRTAP9-12P",0
"YWHAEP3",0
"KRT16P5",0
"COTL1P2",0
"RPL29P31",0
"MSANTD3P1",0
"SPICP3",0
"BPTFP1",0
"RPL36AP48",0
"CDRT15P2",0
"IL6STP1",0
"LINC01999",0
"CDRT15L2",0
"ZSWIM5P2",0
"LINC02088",0
"LINC01975",0
"RNA5SP434",0
"CD300LD-AS1",0
"LINC01892",0
"LINC01928",0
"SLC25A3P3",0
"COP1P1",0
"COX6CP3",0
"RPS4XP18",0
"PPIAP57",0
"BOD1P2",0
"LINC01543",0
"AKAIN1",0
"RPS8P3",0
"NPM1P1",0
"ZBTB7C-AS1",0
"RPS24P18",0
"RIT2",0
"POLR3GP2",0
"HRH4",0
"MAPK4",0
"ATP7BP1",0
"RPSAP57",0
"ZBTB7C-AS2",0
"RPLP0P11",0
"MRPS5P4",0
"ARIH2P1",0
"HMGN1P31",0
"RPIAP1",0
"BOD1L2",0
"WDR7-OT1",0
"MC4R",0
"LINC01903",0
"RPL31P9",0
"LINC03111",0
"CTBP2P3",0
"BDP1P",0
"CDH20",0
"MTL3P",0
"RPL30P14",0
"LINC02565",0
"RPS2P6",0
"NRBF2P1",0
"AIDAP3",0
"NPM1P2",0
"GALR1",0
"ZNF521",0
"LINC02974",0
"SCML2P1",0
"AKR1B10P2",0
"PLEKHB2P1",0
"SDHCP1",0
"CBLN2",0
"KRT8P5",0
"LINC01898",0
"HNRNPA1P11",0
"EIF4A3P1",0
"PRPF19P1",0
"LINC01910",0
"LARP7P3",0
"RPL12P40",0
"RPL17P45",0
"LINC01916",0
"LINC01922",0
"SLC25A51P2",0
"NFE2L3P1",0
"RN7SKP72",0
"RNU6-349P",0
"RN7SL282P",0
"RN7SL50P",0
"MIR4317",0
"RNU6-916P",0
"RNU6-903P",0
"RN7SL97P",0
"MIR302F",0
"RNU6-408P",0
"MIR3975",0
"MIR3929",0
"MIR4318",0
"MIR924",0
"MIR5583-2",0
"MIR5583-1",0
"RNU6-1242P",0
"RN7SKP182",0
"RNA5SP454",0
"RNA5SP455",0
"MIR187",0
"MIR4743",0
"MIR4527",0
"RNU6-706P",0
"RNU6-708P",0
"RNA5SP458",0
"RNU6-737P",0
"RNU6-116P",0
"RN7SL342P",0
"RNA5SP456",0
"RNU4-17P",0
"RNU6-567P",0
"MIR5011",0
"RNU6-142P",0
"RNU6-1037P",0
"RN7SL705P",0
"RN7SL795P",0
"MIR548AV",0
"RNU6-39P",0
"RNU6-655P",0
"RPL31P59",0
"IGLJCOR18",0
"RPL21P127",0
"BOD1P1",0
"RNU6-1131P",0
"DSG4",0
"RN7SKP44",0
"MIR4744",0
"RPL17-C18orf32",0
"MIR1539",0
"SNORD58C",0
"SNORD58A",0
"SNORD58B",0
"RNU1-46P",0
"RNA5SP459",0
"RPL21P126",0
"RNU6-742P",0
"RSL24D1P11",0
"LINC01897",0
"HMGN1P30",0
"MIR122",0
"MIR3591",0
"SNORA108",0
"RPL9P31",0
"RNU6-219P",0
"RNU2-69P",0
"MIX23P1",0
"PMM2P1",0
"MIR6788",0
"RPL21P128",0
"RNU6-120P",0
"EXOGP1",0
"ANKRD62",0
"RNU6-324P",0
"PMM2P2",0
"PPIAP56",0
"CIDEA",0
"RNU6-170P",0
"MLECP1",0
"MIR4319",0
"MIR5190",0
"MIR4526",0
"RN7SL362P",0
"SNRPCP4",0
"RNU7-25P",0
"RNU6-857P",0
"DSG1",0
"RNU6-167P",0
"PSMA8",0
"RNA5SP453",0
"ASXL3-DT",0
"DYNAPP2",0
"DYNAP",0
"NOL4",0
"DIPK1C",0
"RN7SL551P",0
"SERPINB12",0
"RNU7-129P",0
"PRELID3A",0
"THEMIS3P",0
"AKR1B1P6",0
"SLC25A6P4",0
"MIR8078",0
"BOLA2P1",0
"LINC01904",0
"KATNBL1P3",0
"SALL3",0
"CETN1",0
"RN7SKP146",0
"LRRC30",0
"LINC03101",0
"LONRF2P1",0
"GRAMD4P7",0
"POTEC",0
"RNU6-1021P",0
"OR4K8P",0
"SNX19P3",0
"VN1R74P",0
"GTF2IP8",0
"RNU6-1210P",0
"MIR3156-2",0
"LINC01906",0
"RN7SL862P",0
"PIGPP4",0
"TXNDC2",0
"RPS27P28",0
"STARD6",0
"MIR133A1",0
"MIR1-2",0
"RNA5SP451",0
"TOMM20P3",0
"RPS4XP19",0
"RNU5F-3P",0
"MIR3976",0
"TMEM200C",0
"GRP",0
"GLUD1P4",0
"RN7SKP26",0
"RNY4P37",0
"RNU6-1278P",0
"ELOA3BP",0
"ELOA3P",0
"SERPINB2",0
"RPL12P39",0
"SCARNA17",0
"ADAD1P2",0
"MIR4320",0
"RN7SL310P",0
"STK25P1",0
"MC2R",0
"RPL36AP49",0
"FRG2LP",0
"SERPINB10",0
"RPL17P44",0
"SLC35G4",0
"MIR7153",0
"GAD3P",0
"ROCK1P1",0
"NPIPB1P",0
"RNU6-346P",0
"RPL26P35",0
"RNU6-316P",0
"RHOT1P1",0
"CYP4F35P",0
"TERF1P2",0
"RN7SL39P",0
"MIR6718",0
"RNU6-831P",0
"GAPDHP66",0
"ELOCP27",0
"VN1R76P",0
"MIR4528",0
"DYNAPP1",0
"RPL7AP67",0
"MRO",0
"HNRNPA3P16",0
"RPL17P46",0
"SS18L2P2",0
"RSL24D1P9",0
"RPS10P27",0
"KIAA0895LP1",0
"ADGRA3P1",0
"CBX3P2",0
"CXADRP3",0
"ELOA3CP",0
"LRRC37A7P",0
"OACYLP",0
"ZNF271P",0
"RN7SL401P",0
"SMIM21",0
"CCND3P2",0
"ZNF516-DT",0
"ARL2BPP1",0
"RNA5SP461",0
"BNIP3P3",0
"RNU6-721P",0
"RNU6ATAC20P",0
"RNU6-1032P",0
"UBE2CP2",0
"MIR4741",0
"MIR8057",0
"ATP6V1E1P2",0
"UBA52P9",0
"PA2G4P3",0
"WBP11P1",0
"LINC01538",0
"SLC25A52",0
"RNU6-1050P",0
"RNU5A-6P",0
"RNA5SP452",0
"RNU6-435P",0
"MIR320C2",0
"LINC01926",0
"LINC01544",0
"LINC01415",0
"GACAT2",0
"LINC01444",0
"GTSCR1",0
"LINC01254",0
"LINC02856",0
"LINC01541",0
"LINC01925",0
"LINC01899",0
"LINC01905",0
"ARHGAP28-AS1",0
"DLGAP1-AS4",0
"MIR122HG",0
"LINC00668",0
"LINC01478",0
"LINC01929",0
"LINC01895",0
"LIVAR",0
"DSG1-AS1",0
"LINC01896",0
"LINC01255",0
"PCAT18",0
"DLGAP1-AS5",0
"NETO1-DT",0
"GREB1L-DT",0
"LINC02564",0
"LINC01924",0
"LINC00305",0
"TCF4-AS2",0
"PPIAP14",0
"FAM32DP",0
"WBP2P1",0
"LINC01894",0
"SDHDP1",0
"FGF7P1",0
"SMUG1P1",0
"NF1P5",0
"RPL23AP77",0
"LINC01387",0
"DEFB129",0
"DYNLT3P1",0
"EEF1A1P34",0
"DEFB125",0
"SRSF10P2",0
"INSM1",0
"LIN28AP3",0
"DEFB128",0
"DEFB126",0
"RPL7P2",0
"EIF4E2P1",0
"PA2G4P2",0
"RPL7AP13",0
"PGAM3P",0
"RPS11P1",0
"PCMTD1P7",0
"PDYN-AS1",0
"CFTRP2",0
"CST2",0
"CFTRP3",0
"DUX4L35",0
"DEFB127",0
"DUX4L32",0
"DUX4L33",0
"DEFB115",0
"CST2P1",0
"CST9L",0
"LINC01734",0
"WFDC10A",0
"DHX35-DT",0
"WFDC11",0
"CDC27P3",0
"RPL35AP",0
"ATG3P1",0
"CDH22",0
"CFAP61-AS1",0
"MC3R",0
"RPL13P14",0
"CBLN4",0
"DKKL1P1",0
"GAPDHP53",0
"CST9LP2",0
"CSTP2",0
"PHACTR3-AS1",0
"LINC01056",0
"LINC01429",0
"ANAPC13P1",0
"DOK5",0
"HIGD1AP16",0
"RPL17P1",0
"SCP2D1",0
"BHLHE23",0
"RPSAP1",0
"FRG2EP",0
"AGGF1P10",0
"EDN3",0
"RPL7P3",0
"PIEZO1P1",0
"LLPHP1",0
"MRPS11P1",0
"RN7SL547P",0
"RN7SL607P",0
"RN7SKP111",0
"RNU6-1257P",0
"RN7SL690P",0
"RNU1-23P",0
"RNA5SP528",0
"MIR4755",0
"RNU6-937P",0
"RNU6-639P",0
"RNA5SP532",0
"RN7SL116P",0
"RN7SL680P",0
"RNU7-144P",0
"RNU7-6P",0
"RNU6-497P",0
"RNA5SP487",0
"MIR3194",0
"RNU6-929P",0
"RNU4ATAC7P",0
"RNU7-141P",0
"MIR1-1",0
"MIR133A2",0
"RN7SKP33",0
"MIR4758",0
"RNU6-563P",0
"SYS1-DBNDD2",0
"NDUFB4P10",0
"LINC01711",0
"STX16-NPEPL1",0
"MIR296",0
"MRPS16P2",0
"GDF5-AS1",0
"C20orf173",0
"RPL36P4",0
"RPL37P1",0
"RN7SL156P",0
"RPS3AP3",0
"RPS27AP3",0
"RN7SL443P",0
"RNU6-743P",0
"EIF4EBP2P1",0
"RPL27AP",0
"GTSF1L",0
"CST9",0
"OTOR",0
"R3HDML",0
"MIR124-3",0
"MIR3196",0
"NKAIN4",0
"MIR4326",0
"RNU6-994P",0
"HIGD1AP15",0
"RPL23AP6",0
"SDAD1P2",0
"RNU1-94P",0
"XKR7",0
"RNA5SP481",0
"CCM2L",0
"RNA5SP482",0
"RSL24D1P6",0
"MIR1825",0
"RNA5SP483",0
"TGIF2-RAB5IF",0
"AVP",0
"RNU6-1019P",0
"UBE2V1P1",0
"RNU6-384P",0
"ATP5MFP7",0
"ZNF877P",0
"RNU6-192P",0
"RPL15P1",0
"RNU7-137P",0
"GGCTP2",0
"RN7SL14P",0
"RNU2-56P",0
"RN7SKP74",0
"ACTG1P3",0
"MIR6869",0
"SIRPB2",0
"RNU6-917P",0
"SIRPD",0
"TVP23BP3",0
"FTLP1",0
"TCEAL9P1",0
"RPL31P2",0
"RN7SL666P",0
"PPIAP21",0
"PROKR2",0
"RNA5-8SP7",0
"GNRH2",0
"BANF2",0
"RNU2-52P",0
"MIR6871",0
"RPL23AP81",0
"RN7SL615P",0
"RPL7AP12",0
"PRNT",0
"IDI1P3",0
"RPF2P1",0
"RNA5SP484",0
"ADI1P1",0
"RPL12P11",0
"RNU6-1018P",0
"RNA5SP485",0
"HNRNPA1P3",0
"SPINT5P",0
"SNAP23P1",0
"SLCO4A1-AS2",0
"ARF4P2",0
"HMGB3P2",0
"DEFB132",0
"RPL39P",0
"SNORD12C",0
"SNORD12B",0
"SNORD12",0
"PSMD10P1",0
"CST4",0
"MIR3617",0
"SPINT4",0
"RPL13P2",0
"TNFRSF6B",0
"RPL19P1",0
"C20orf141",0
"TCF15",0
"SPATA25",0
"TPM3P2",0
"PIGPP3",0
"RNU7-173P",0
"SRMP1",0
"RNA5SP486",0
"RNU7-92P",0
"PEDS1-UBE2V1",0
"RN7SL636P",0
"COX6CP2",0
"CST11",0
"SLC25A6P1",0
"PARAL1",0
"OCSTAMP",0
"TGM3",0
"TGM6",0
"SNORA71E",0
"SNORA60",0
"MIR548O2",0
"RPS3P2",0
"SLC32A1",0
"MIR1257",0
"MIR3195",0
"C20orf202",0
"CCNB1IP1P2",0
"SUMO1P1",0
"MIR4756",0
"MIR499A",0
"MIR499B",0
"RNU6-407P",0
"PCK1",0
"HSPD1P19",0
"MIR6812",0
"CCN5",0
"SUN5",0
"BPIFB6",0
"PUDPP3",0
"BPIFB4",0
"SOCS2P1",0
"RPL12P3",0
"BPIFB5P",0
"DENRP1",0
"ITCH-IT1",0
"KRT18P3",0
"GCNT1P1",0
"RNA5SP476",0
"MIR3192",0
"RPL21P3",0
"RN7SL638P",0
"RNU6ATAC34P",0
"DUXAP7",0
"DTD1-AS1",0
"MIR4325",0
"RPL39P39",0
"DEFB121",0
"DEFB123",0
"DEFB124",0
"REM1",0
"SEMG1",0
"SEMG2",0
"DEFB116",0
"RPL31P3",0
"HAUS6P2",0
"RNA5SP480",0
"DEFB117",0
"DEFB118",0
"DEFB119",0
"KANK1P1",0
"RN7SL498P",0
"TARDBPP1",0
"FGFR3P3",0
"GFRA4",0
"MIR3646",0
"NPBWR2",0
"IL9RP5",0
"CICP4",0
"IQSEC3P3",0
"CYB5AP4",0
"SSTR4",0
"RNA5SP478",0
"MIR6813",0
"RPS18P1",0
"MIR941-1",0
"MIR941-2",0
"MIR941-3",0
"MIR941-4",0
"MIR941-5",0
"MIR1914",0
"MIR647",0
"PPIAP17",0
"RPLP0P1",0
"RNU6-278P",0
"RPS3P1",0
"AIMP1P1",0
"RN7SL864P",0
"RNU6-228P",0
"RNF11P2",0
"RNU6-1159P",0
"RNU6-115P",0
"CST13P",0
"CSTP1",0
"ZNF285DP",0
"BPIFA4P",0
"DEFB122",0
"PPP4R1L",0
"FRG1CP",0
"RNU6ATAC17P",0
"RN7SL594P",0
"MED28P7",0
"BSNDP1",0
"BSNDP2",0
"EEF1A2",0
"LINC00489",0
"HSPBAP1P1",0
"HAO1",0
"PHKBP1",0
"RPL36P1",0
"RN7SKP184",0
"PPIAP10",0
"RNU7-14P",0
"HMGB3P1",0
"NEFHP2",0
"PTPRT-AS1",0
"RN7SKP100",0
"RPS4XP2",0
"FER1L4",0
"ZNF663P",0
"KCNQ2",0
"WFDC6",0
"RN7SL197P",0
"SNRPFP1",0
"RNU6-919P",0
"RPS21P7",0
"RNA5SP474",0
"MIR646",0
"MTCO2P1",0
"MIR4533",0
"MIR548AG2",0
"SIRPG-AS1",0
"RN7SL561P",0
"PDYN",0
"LINC01751",0
"LINC01706",0
"MIR8062",0
"MIR6870",0
"FAT1P1",0
"LINC02871",0
"LINC01722",0
"RNU6-27P",0
"RNU1-131P",0
"CST12P",0
"CST8",0
"CFTRP1",0
"BSNDP3",0
"NCOR1P1",0
"MIR663A",0
"RN7SKP185",0
"RN7SL237P",0
"KIAA1755",0
"HSPE1P1",0
"MIR3616",0
"LINC03079",0
"ERP29P1",0
"MRPS33P4",0
"ZNF840P",0
"C20orf203",0
"SNORA71A",0
"SNORA71C",0
"SNORA71D",0
"TMC2",0
"MIR1292",0
"SNORD110",0
"SNORA51",0
"SNORD86",0
"SNORD56",0
"SNORD57",0
"BMP7-AS1",0
"LINC00028",0
"LINC01431",0
"LINC01370",0
"LINC01427",0
"LINC00686",0
"SCP2D1-AS1",0
"APCDD1L-DT",0
"LINC00851",0
"RIPOR3-AS1",0
"LINC01733",0
"LINC03083",0
"STK4-DT",0
"LINC00659",0
"LINC01718",0
"MIR663AHG",0
"LINC01620",0
"MIR1-1HG",0
"NOL4L-DT",0
"LINC01749",0
"LINC01432",0
"LINC00658",0
"ISM1-AS1",0
"LINC01746",0
"LINC01441",0
"LINC00237",0
"LINC01742",0
"PLCB1-IT1",0
"PTPRT-DT",0
"NKX2-4",0
"GSTM3P1",0
"NKX2-2",0
"NKX2-2-AS1",0
"LINC01727",0
"VSX1",0
"VTCN1P1",0
"RNU6-147P",0
"SCREEM1",0
"TRERNA1",0
"BBLNP1",0
"CST9LP1",0
"RPS27AP2",0
"MLLT10P1",0
"FRG1BP",0
"RARRES2P11",0
"PIEZO1P2",0
"RPS10P5",0
"VN1R108P",0
"SIRPB3P",0
"NIPAL1P1",0
"LINC01716",0
"RPS4XP3",0
"RNU6-1146P",0
"PTMAP6",0
"OR4F8P",0
"WBP1LP11",0
"ZNRF4",0
"CYP4F10P",0
"OR7A11P",0
"CYP4F8",0
"OR7A3P",0
"OR7A15P",0
"CASP14",0
"BORCS8-MEF2B",0
"VN1R80P",0
"CYP4F22",0
"USHBP1",0
"VN1R79P",0
"VN1R82P",0
"CPSF6P1",0
"BNIP3P28",0
"ZNF209P",0
"BNIP3P32",0
"KRT18P40",0
"BNIP3P36",0
"VN1R90P",0
"TM6SF2",0
"BNIP3P35",0
"BNIP3P8",0
"CDC42EP3P1",0
"BNIP3P31",0
"RPL7AP10",0
"BNIP3P30",0
"ERVK-28",0
"BNIP3P33",0
"VN1R91P",0
"BNIP3P29",0
"ZNF98",0
"MTDHP5",0
"BNIP3P40",0
"VN1R85P",0
"ZNF92P2",0
"BNIP3P38",0
"HAPLN4",0
"MTDHP3",0
"RPS4XP20",0
"VN1R92P",0
"CHST8",0
"TAF9P3",0
"RPS4XP23",0
"RAB4B-EGLN2",0
"SNX6P1",0
"IRGC",0
"CYP2A7P2",0
"COX7A1",0
"BNIP3P34",0
"BSPH1",0
"RPL36P16",0
"KLK2",0
"MIA-RAB4B",0
"PSG7",0
"VN1R88P",0
"VN1R81P",0
"LINC01782",0
"CHCHD2P3",0
"RPS4XP21",0
"RNU6-2",0
"MIR1302-11",0
"MIR7850",0
"RNU6-782P",0
"MIR1470",0
"RN7SL70P",0
"RNU6-1028P",0
"RNA5SP469",0
"RNA5-8SP4",0
"RNU6-967P",0
"RNA5SP471",0
"RNA5SP472",0
"RN7SL154P",0
"ACP7",0
"MSRB1P1",0
"IFNL4P1",0
"MIR4530",0
"RPS29P24",0
"RPS29P25",0
"GAPDHP38",0
"MIR6791",0
"MIR4745",0
"MIR3187",0
"NANOS2",0
"MIR769",0
"PGLYRP1",0
"IGFL3",0
"TGIF1P1",0
"UBE2L4",0
"SNORD23",0
"MIR4750",0
"MIR4751",0
"GPR32",0
"SNORD88B",0
"SNORD88A",0
"SNORD88C",0
"CYP4F36P",0
"ZNF861P",0
"CTBP2P7",0
"RN7SL192P",0
"MIR6886",0
"PSG6",0
"SYCN",0
"IFNL2",0
"FGF21",0
"RNU6-317P",0
"LINC00904",0
"ZNF792",0
"MIR6887",0
"MIR6515",0
"TMEM150B",0
"GARIN5B",0
"MIR6805",0
"SSC5D",0
"SBK3",0
"RN7SKP109",0
"RFPL4AL1",0
"RFPL4AP1",0
"RN7SL477P",0
"OR7D1P",0
"OR7E18P",0
"OR7H1P",0
"UBXN2AP1",0
"VN2R17P",0
"SLC25A36P1",0
"RDH8",0
"MIR5589",0
"PPAN-P2RY11",0
"SNORD105",0
"SNORD105B",0
"MIR4322",0
"RPL39P34",0
"SELENOKP1",0
"RN7SL34P",0
"ERICH4",0
"SIGLEC8",0
"SIGLEC12",0
"SIGLEC6",0
"SIGLEC29P",0
"RPL9P33",0
"SPACA6-AS1",0
"MIR99B",0
"MIRLET7E",0
"MIR125A",0
"FPR3",0
"NOVA2",0
"RNA5SP468",0
"MIR6799",0
"MIR6800",0
"MIR4749",0
"FXYD1",0
"MIR4999",0
"RPL18AP13",0
"RPS12P32",0
"CNN1",0
"PTH2",0
"SLC17A7",0
"SNORD32A",0
"SNORD33",0
"SNORD34",0
"SNORD35A",0
"SNORD35B",0
"MIR150",0
"COX6CP7",0
"MIR5088",0
"TSKS",0
"RNU6-841P",0
"TMEM145",0
"ERVV-2",0
"MIR6798",0
"NTF6A",0
"NTF6G",0
"NTF6B",0
"CGB5",0
"RN7SL708P",0
"VN1R6P",0
"RPL39P36",0
"OSTCP3",0
"RN7SL317P",0
"MIR512-1",0
"MIR512-2",0
"MIR1323",0
"MIR498",0
"MIR520E",0
"MIR515-1",0
"MIR519E",0
"MIR520F",0
"MIR515-2",0
"MIR519C",0
"MIR1283-1",0
"MIR520A",0
"MIR526B",0
"MIR519B",0
"MIR525",0
"MIR523",0
"MIR518F",0
"MIR520B",0
"MIR518B",0
"MIR526A1",0
"MIR520C",0
"MIR518C",0
"MIR524",0
"MIR517A",0
"MIR519D",0
"MIR521-2",0
"RNU6-803P",0
"MIR520D",0
"MIR517B",0
"MIR520G",0
"MIR516B2",0
"MIR526A2",0
"MIR518E",0
"MIR518A1",0
"RNU6-980P",0
"MIR518D",0
"MIR516B1",0
"MIR518A2",0
"MIR517C",0
"MIR520H",0
"RNU6-982P",0
"MIR521-1",0
"RNU6-751P",0
"MIR522",0
"MIR519A1",0
"MIR527",0
"MIR516A1",0
"MIR1283-2",0
"RNU6-1041P",0
"MIR516A2",0
"MIR519A2",0
"MIR1909",0
"RPL23AP78",0
"MIR7108",0
"MIR639",0
"RN7SL337P",0
"RN7SL842P",0
"MIR8077",0
"CEACAMP2",0
"CEACAM8",0
"CEACAMP1",0
"MIR6792",0
"RETN",0
"EXOSC3P2",0
"ISCA1P7",0
"BNIP3P26",0
"CD209",0
"SNORD41",0
"MIR5684",0
"MIR6794",0
"MIR6795",0
"RNU6-195P",0
"MIR24-2",0
"MIR27A",0
"MIR23A",0
"MIR181C",0
"MIR181D",0
"MIR1199",0
"RN7SL231P",0
"GDF1",0
"MIR1238",0
"LSM2P1",0
"MIR638",0
"MIR199A1",0
"MIR6793",0
"MIR4323",0
"RN7SL836P",0
"MIR642B",0
"OR7A5",0
"CGB2",0
"NXNL1",0
"FUT5",0
"RNA5SP462",0
"MIR6885",0
"MIR6790",0
"MIR3940",0
"ACSBG2",0
"RNU6-1307P",0
"MIR4752",0
"RTBDN",0
"OR10H2",0
"GFY",0
"OR10H3",0
"OR7E24",0
"OR7A10",0
"CIMAP1D",0
"APOC4",0
"APOC4-APOC2",0
"APOC2",0
"RPS2P53",0
"RPS29P23",0
"MTCO1P27",0
"MTCO2P27",0
"PPIAP20",0
"RNU6-165P",0
"HMGN1P32",0
"MIR371A",0
"MIR371B",0
"MIR372",0
"MIR373",0
"MIR935",0
"CACNG6",0
"RN7SL155P",0
"ZNF763",0
"RNA5SP464",0
"RNA5SP465",0
"RSL24D1P8",0
"RNA5SP467",0
"ZNF625-ZNF20",0
"ZNF625",0
"RPS16P9",0
"OR1M1",0
"OR7G1",0
"OR7G15P",0
"OR7G3",0
"OR7D2",0
"ELOCP29",0
"OR7E16P",0
"OR7D4",0
"OR7A18P",0
"F2RL3",0
"SHISA7",0
"PNMA8C",0
"C19orf85",0
"MEX3D",0
"CGB8",0
"CGB3",0
"ZNF816-ZNF321P",0
"VN1R2",0
"RNU6-902P",0
"KLK9",0
"KLK12",0
"SIGLEC7",0
"SIGLEC20P",0
"SIGLEC21P",0
"LIM2",0
"C19orf84",0
"NIFKP6",0
"SIGLECL1",0
"TARM1",0
"LILRA5",0
"VN1R104P",0
"LILRA4",0
"LINC02959",0
"HNRNPDLP4",0
"RN7SL526P",0
"RN7SL202P",0
"MIR637",0
"SNORD37",0
"CREB3L3",0
"KLF1",0
"VN1R93P",0
"BNIP3P39",0
"TYMSP2",0
"OR5AH1P",0
"MIR1227",0
"MIR6789",0
"MIR4321",0
"LEUTX",0
"MBD3L5",0
"MBD3L4",0
"MBD3L2",0
"GNG8",0
"ZNF667",0
"ELSPBP1",0
"ZNF99",0
"IGFL4",0
"IGFL1P1",0
"RPL12P41",0
"IGFL1",0
"OR7G2",0
"OR4F17",0
"ERVV-1",0
"CLEC4G",0
"IFNL3",0
"HCN2",0
"TSPAN16",0
"RPL32P34",0
"RN7SL525P",0
"MIR6807",0
"MCEMP1",0
"RN7SL322P",0
"SPRED3",0
"NFILZ",0
"PPIAP59",0
"KLK5",0
"KLK6",0
"KLK7",0
"OSCAR",0
"KLK4",0
"MIR8061",0
"VN1R105P",0
"KIR3DL3",0
"KIR2DL3",0
"KIR2DP1",0
"KIR2DL1",0
"KIR3DP1",0
"RNU6-222P",0
"NLRP5",0
"ZSCAN5B",0
"MIR5196",0
"FFAR1",0
"UPK1A",0
"RNU6-9",0
"CGB1",0
"SHD",0
"TMIGD2",0
"GPR4",0
"MIR330",0
"SNORA68",0
"RPL36AP50",0
"IGFL1P2",0
"HIF3A",0
"RNU6-924P",0
"ZSCAN4",0
"MIR4747",0
"RNU6-1223P",0
"RN7SL150P",0
"SUNO1",0
"RPS3AP50",0
"AKR1B1P7",0
"RPL21P131",0
"FAM187B2P",0
"DNAJC19P2",0
"DNAJC19P3",0
"LYPD4",0
"DMRTC2",0
"MIR6797",0
"ERFL",0
"MIR7974",0
"TPRX1",0
"RPL31P60",0
"ZSCAN5C",0
"SELENOV",0
"VN1R4",0
"MIR3191",0
"EIF5AP3",0
"MIR641",0
"MIR7-3",0
"MIR6801",0
"MIR643",0
"DPPA5P1",0
"ZNF534",0
"BNIP3P9",0
"BNIP3P10",0
"IFNL4",0
"KIR2DS4",0
"MIR6806",0
"RNA5SP473",0
"ZNF132-DT",0
"RNU6-1337P",0
"RN7SL693P",0
"SNX33P1",0
"PMIS2",0
"CEACAMP7",0
"PSG11",0
"CEACAMP8",0
"PSG2",0
"CEACAMP9",0
"PSG3",0
"PSG8",0
"CEACAMP6",0
"PSG1",0
"OR1AB1P",0
"OR4G1P",0
"OR7A1P",0
"CYP4F23P",0
"CYP2G1P",0
"OR7A2P",0
"OR7E19P",0
"ZNF542P",0
"ZNF137P",0
"ZNF788P",0
"OR7E25P",0
"SIGLEC22P",0
"KLKP1",0
"KIR3DX1",0
"FAM90A28P",0
"ZNF781",0
"CEACAMP3",0
"CLEC4OP",0
"CYP2B7P",0
"SIGLEC17P",0
"APOC1P1",0
"C3P1",0
"ZNF56P",0
"NAPSB",0
"ZNF812P",0
"PSG10P",0
"RPS29P27",0
"LGALS14",0
"CLC",0
"ZNF559-ZNF177",0
"SBSN",0
"ZNF177",0
"NDUFA3P1",0
"ZNF285",0
"ZNF229",0
"ZNF285BP",0
"CEACAM22P",0
"IGSF23",0
"MIR4531",0
"MIR8085",0
"CCER2",0
"ERVK9-11",0
"PPP5D1P",0
"HNRNPMP2",0
"ACTL9",0
"RFPL4A",0
"BNIP3P14",0
"GNG14",0
"MIR3188",0
"RN7SL513P",0
"ADGRE4P",0
"MBD3L2B",0
"ANGPTL8",0
"RPL7AP69",0
"USP29",0
"ZIM3",0
"DPPA3P8",0
"DUXA",0
"MIR6088",0
"BOLA3P2",0
"OR1M4P",0
"WASH5P",0
"CCNYL6",0
"IPO5P1",0
"TPM3P9",0
"RPL17P47",0
"ZNF321P",0
"BIRC8",0
"LILRP2",0
"ZNF702P",0
"TMEM277P",0
"TEX14BP",0
"C19orf48P",0
"KIR3DL1",0
"VN2R19P",0
"MIR7975",0
"PTPRH",0
"TMEM86B",0
"MIR6804",0
"MIR6802",0
"MIR6803",0
"RPS29P30",0
"CALR3",0
"SMIM46",0
"MIR640",0
"CILP2",0
"SEPTIN14P19",0
"CICP19",0
"RNU6-1076P",0
"SPMAP2",0
"ZNF887P",0
"ZNF833P",0
"ZNF491",0
"BNIP3P20",0
"ZNF826P",0
"MIR1270",0
"BNIP3P23",0
"FIGLAP1",0
"RNU6-1179P",0
"GOLGA2P9",0
"RN7SL860P",0
"RAD54L2P1",0
"VN1R87P",0
"MAN1A2P1",0
"RNA5SP470",0
"RN7SL340P",0
"VSTM2B",0
"FFAR3",0
"GPR42",0
"RN7SL491P",0
"MIR8074",0
"SIGLEC10-AS2",0
"SIGLEC31P",0
"ZIM2-AS1",0
"SMIM17",0
"SIGLEC24P",0
"YPEL5P4",0
"RPS29P26",0
"LGALS13",0
"CENPBD2P",0
"RNU6-993P",0
"PTGIR",0
"VN1R83P",0
"ZNF222-DT",0
"ZNF30-AS1",0
"SEC1P",0
"SMIM24",0
"SMIM44",0
"CYP4F2",0
"PTPRS-AS1",0
"MIR1181",0
"PSG8-AS1",0
"UPK1A-AS1",0
"LINC02965",0
"FAM138F",0
"LINC00905",0
"LIM2-AS1",0
"HOMER3-AS1",0
"LINC01532",0
"PCAT19",0
"LINC01533",0
"ZNF426-DT",0
"LINC01595",0
"ILVBL-AS1",0
"LINC01785",0
"CBARP-DT",0
"LINC01224",0
"IGFL2-AS1",0
"HAUS5-DT",0
"LINC01872",0
"PSG11-AS1",0
"LINC01859",0
"LINC01766",0
"LINC03103",0
"LINC00661",0
"MIMT1",0
"PSG5",0
"PSG4",0
"PSG9",0
"CEACAMP10",0
"CEACAMP11",0
"CEACAMP4",0
"ZNF8-ERVK3-1",0
"VN1R1",0
"VN1R107P",0
"OR4G3P",0
"RPL23AP2",0
"CYP2A7P1",0
"CYP2T3P",0
"CEACAMP5",0
"CRIPTOP7",0
"RPL10P15",0
"TMEM167AP2",0
"OR7A8P",0
"RPL23AP80",0
"VN1R96P",0
"TPRG1LP1",0
"SIGLEC27P",0
"RPL7P51",0
"CLEC4GP1",0
"RPL28P5",0
"SIGLEC18P",0
"LETM1P2",0
"LILRP1",0
"SCGB2B3P",0
"SLC6A21P",0
"MARK2P21",0
"HNRNPA1P10",0
"VN1R95P",0
"CD177P1",0
"RPS12P31",0
"RN7SL789P",0
"SLC7A9",0
"RN7SKP22",0
"ZNF92P1Y",0
"SERBP1P2",0
"TSPY12P",0
"DUX4L19",0
"OFD1P3Y",0
"RBMY2HP",0
"ELOCP35",0
"SLC9B1P1",0
"USP12PY",0
"KDM5DP1",0
"DUX4L17",0
"PRY",0
"ZNF736P6Y",0
"TUSC2P1",0
"PUDPP1",0
"CDRT15P10",0
"PRY2",0
"OFD1P8Y",0
"RNF19BPY",0
"TSPY23P",0
"TUBB1P2",0
"ACTR3BP1",0
"RPS24P1",0
"RCC2P2",0
"ZNF736P8Y",0
"BPY2",0
"MTND1P12",0
"CTBP2P1",0
"MTND6P1",0
"PABPC1P5",0
"TSPY22P",0
"RCC2P1",0
"DUX4L18",0
"ZNF736P11Y",0
"OFD1P9Y",0
"BPY2DP",0
"CHEK2P1",0
"RBMY2UP",0
"ZNF886P",0
"ELOCP8",0
"OFD1P16Y",0
"TTTY25P",0
"ASS1P6",0
"SNX18P1Y",0
"MED14P1",0
"ZNF885P",0
"ARSFP1",0
"ZNF736P7Y",0
"SURF6P1",0
"ANKRD20A6P",0
"RBMY2KP",0
"TSPY21P",0
"TTTY19",0
"TTTY4",0
"MXRA5Y",0
"DUX4L16",0
"MTCYBP1",0
"USP9YP17",0
"TTTY17A",0
"AGPAT5P1",0
"FAM41AY1",0
"ELOCP15",0
"TRIM60P3Y",0
"MTND1P1",0
"PRRC2CP1",0
"ZNF736P10Y",0
"CDY12P",0
"MTND2P3",0
"CDY13P",0
"RBMY1KP",0
"TTTY5",0
"RBMY1D",0
"USP9YP24",0
"UBE2V1P3",0
"FAM8A4P",0
"TRIM60P8Y",0
"MED13P1",0
"RNU6-303P",0
"RN7SL702P",0
"RNA5SP520",0
"RNA5SP521",0
"RNU6-109P",0
"RNU6-184P",0
"HSFY2",0
"GPM6BP2",0
"USP9YP2",0
"ELOCP14",0
"PRYP6",0
"XKRYP2",0
"USP9YP10",0
"RNU1-41P",0
"MTCYBP2",0
"RNU6-255P",0
"GAPDHP19",0
"CLUHP1",0
"TAF9P1",0
"CDY5P",0
"ELOCP36",0
"ACTG1P2",0
"USP9YP23",0
"USP9YP27",0
"RNU1-128P",0
"TRAPPC2P3",0
"ELOCP6",0
"CDY6P",0
"USP9YP7",0
"USP9YP6",0
"CDY7P",0
"USP9YP34",0
"USP9YP32",0
"CDY8P",0
"ELOCP12",0
"TRAPPC2P8",0
"USP9YP15",0
"RNU1-95P",0
"USP9YP16",0
"ELOCP26",0
"CDY9P",0
"TAF9P2",0
"CLUHP2",0
"RNA5SP522",0
"RNA5SP523",0
"TUBB1P1",0
"ELOCP13",0
"OFD1P4Y",0
"RNU1-48P",0
"USP9YP5",0
"XKRYP1",0
"PRYP5",0
"ELOCP7",0
"USP9YP1",0
"GPM6BP1",0
"RAB9AP4",0
"TRAPPC2P7",0
"HSFY1",0
"TGIF2LY",0
"RBMY1F",0
"CDY2A",0
"ZNF736P3Y",0
"TRIM60P9Y",0
"RN7SKP282",0
"RNU6-941P",0
"RNU6-521P",0
"GOT2P5",0
"ATP5PFP1",0
"TRIM60P10Y",0
"ZNF736P2Y",0
"TRIM60P11Y",0
"ZNF736P1Y",0
"ZNF736P5Y",0
"BPY2C",0
"TTTY4C",0
"DAZ4",0
"CDY2B",0
"RNU6-1334P",0
"SRY",0
"TOMM22P2",0
"NAP1L1P2",0
"EEF1A1P41",0
"SFPQP1",0
"VCY",0
"DAZ3",0
"DAZ1",0
"AMELY",0
"DAZ2",0
"AGKP1",0
"RBMY1E",0
"CDY22P",0
"ELOCP17",0
"OFD1P18Y",0
"TRAPPC2P4",0
"RAB9AP3",0
"USP9YP20",0
"RNU1-40P",0
"USP9YP21",0
"XKRYP6",0
"PRYP4",0
"ELOCP11",0
"CDY23P",0
"USP9YP26",0
"HSFY8P",0
"RNU6-1314P",0
"CYCSP48",0
"VCY1B",0
"PNPLA4P1",0
"TBL1YP1",0
"HSFY4P",0
"GAPDHP17",0
"TMEM167AP1",0
"TOMM22P1",0
"NEFLP1",0
"PRORY",0
"TSPY14P",0
"RBMY1HP",0
"TTTY13",0
"ELOCP5",0
"CDY10P",0
"USP9YP3",0
"USP9YP8",0
"CDY11P",0
"HSFY6P",0
"USP9YP18",0
"CDY14P",0
"ELOCP16",0
"XKRYP3",0
"USP9YP25",0
"USP9YP29",0
"RNU1-97P",0
"RAB9AP1",0
"TRAPPC2P9",0
"OFD1P11Y",0
"PRYP3",0
"RNU2-57P",0
"SNX3P1Y",0
"RPL26P37",0
"ELOCP9",0
"CDY15P",0
"XKRYP4",0
"USP9YP13",0
"USP9YP11",0
"TTTY3B",0
"USP9YP12",0
"RNU1-86P",0
"RAB9AP5",0
"TRAPPC2P10",0
"OFD1P12Y",0
"ELOCP10",0
"CDY1B",0
"CDY17P",0
"USP9YP35",0
"USP9YP31",0
"CDY18P",0
"RN7SL818P",0
"UBE2Q2P4Y",0
"LINC00265-2P",0
"CICP2",0
"RBMY2XP",0
"TTTY17B",0
"TRIM60P5Y",0
"ZNF736P12Y",0
"TTTY4B",0
"BPY2B",0
"ZNF736P4Y",0
"RBMY2YP",0
"CICP1",0
"LINC00265-3P",0
"UBE2Q2P5Y",0
"GOLGA2P3Y",0
"RN7SL725P",0
"CDY19P",0
"USP9YP36",0
"USP9YP33",0
"CDY20P",0
"ELOCP34",0
"OFD1P13Y",0
"TRAPPC2P5",0
"RAB9AP2",0
"USP9YP30",0
"RNU1-107P",0
"TTTY3",0
"USP9YP9",0
"USP9YP19",0
"XKRYP5",0
"CYCSP49",0
"SLC25A15P1",0
"CCNQP2",0
"CDY1",0
"RBMY1J",0
"RBMY1B",0
"RBMY1A1",0
"RFTN1P1",0
"RBMY2FP",0
"RBMY2BP",0
"TTTY11",0
"ARSLP1",0
"OFD1P6Y",0
"TTTY9A",0
"XKRY",0
"XKRYP7",0
"HSFY3P",0
"TAB3P1",0
"RBMY2EP",0
"GOLGA2P2Y",0
"TXLNGY",0
"GYG2P1",0
"CDY3P",0
"USP9YP22",0
"USP9YP4",0
"ELOCP4",0
"TTTY20",0
"TSPY4",0
"FAM197Y7",0
"FAM197Y6",0
"TSPY8",0
"TSPY3",0
"RBMY2CP",0
"RBMY2DP",0
"ZNF736P9Y",0
"FAM197Y8",0
"PRKY",0
"FAM197Y5",0
"TSPY1",0
"FAM197Y4",0
"TSPY9",0
"FAM197Y3",0
"FAM197Y2",0
"TSPY10",0
"FAM197Y1",0
"TSPY25P",0
"TSPY16P",0
"TTTY22",0
"TSPY18P",0
"RBMY2OP",0
"RBMY2QP",0
"TSPY20P",0
"TSPY5P",0
"RNA5SP518",0
"RNA5SP519",0
"DUX4L31",0
"PCMTD1P1",0
"CDC27P2",0
"RNA5-8SP6",0
"DLGAP5P1",0
"TTTY23B",0
"TSPY2",0
"FAM197Y9",0
"TSPY19P",0
"LINC00280",0
"TSPY17P",0
"TTTY23",0
"TTTY2B",0
"TTTY1B",0
"TTTY7",0
"TTTY8B",0
"TTTY16",0
"TTTY12",0
"TTTY2",0
"TTTY7B",0
"TTTY6",0
"TTTY17C",0
"TTTY6B",0
"SEPTIN14P23",0
"FAM224A",0
"FAM41AY2",0
"TTTY1",0
"LINC00279",0
"TTTY18",0
"TTTY8",0
"HSFY7P",0
"RBMY2AP",0
"STSP1",0
"RBMY2JP",0
"HSFY5P",0
"RBMY2WP",0
"USP9YP28",0
"PRYP1",0
"OFD1P1Y",0
"PRYP2",0
"RNASEH2CP1",0
"XGY2",0
"PPP1R12BP2",0
"REREP1Y",0
"GPR143YP",0
"OFD1P15Y",0
"REREP2Y",0
"PPP1R12BP1",0
"ANKRD36P1",0
"OFD1P2Y",0
"OFD1P5Y",0
"TTTY9B",0
"RBMY2TP",0
"OFD1P10Y",0
"GOLGA6L11P",0
"DNM1P24",0
"CSPG4P2Y",0
"CSPG4P3Y",0
"SEPTIN14P22",0
"CSPG4P4Y",0
"CSPG4P1Y",0
"DNM1P48",0
"GOLGA6L16P",0
"TPTE2P4",0
"RBMY1A3P",0
"TSPY7P",0
"TSPY6P",0
"TSPY15P",0
"RBMY3AP",0
"RBMY2NP",0
"TSPY13P",0
"TSPY11P",0
"RBMY2GP",0
"ACTR3BP7",0
"BNIP3P2",0
"ZNRF3-IT1",0
"ACO2P1",0
"ENTHD1",0
"MRPS18CP6",0
"COX5BP7",0
"GTSE1-DT",0
"PVALB",0
"PDGFB",0
"MPPED1",0
"RPL35AP36",0
"SKP1P4",0
"SCUBE1-AS1",0
"RNA5SP494",0
"RNU6-1066P",0
"RN7SKP169",0
"MIR5739",0
"SNORD83A",0
"MIR6821",0
"SNORD83B",0
"SNORD43",0
"MIR4535",0
"MIR3201",0
"RN7SKP214",0
"IGLCOR22-1",0
"CPSF1P1",0
"IGLCOR22-2",0
"IGLVIVOR22-2",0
"RN7SL305P",0
"RPS3AP55",0
"MIR548J",0
"RPL39P41",0
"SPECC1L-ADORA2A",0
"ARL5AP4",0
"CRIP1P4",0
"MIR3200",0
"EIF4HP2",0
"PPP1R26P4",0
"E2F6P1",0
"CELSR1P1",0
"RPL28P6",0
"DNAJA1P6",0
"SLC25A18",0
"RHEBP3",0
"MIR4764",0
"SNORA50B",0
"FAM136EP",0
"YME1L1P1",0
"ARHGAP42P3",0
"USP10P3",0
"SSBP3P3",0
"RN7SKP221",0
"HMGN2P10",0
"RNU6ATAC22P",0
"RN7SL162P",0
"RPL8P5",0
"MIR4761",0
"MIR185",0
"MIR3618",0
"MIR1306",0
"MIR6816",0
"SNORA77B",0
"KRT18P62",0
"RN7SL168P",0
"GP1BB",0
"MIR1286",0
"MIR33A",0
"MIR378I",0
"SNORD13P1",0
"RNU7-167P",0
"MIR3909",0
"MIR6069",0
"CACNG2",0
"CIMIP4",0
"RNU6-900P",0
"MIR6820",0
"MIR4534",0
"MIR301B",0
"MIR130B",0
"RN7SL280P",0
"KLHL12P1",0
"GSTT3P",0
"RNU6-810P",0
"RNU6-1219P",0
"RASL10A",0
"SNORD125",0
"NEFH",0
"SLC39A1P1",0
"SDC4P",0
"RPS29P31",0
"PRDX3P1",0
"TSSK2",0
"GSC2",0
"GGTLC5P",0
"PPP1R26P3",0
"ATP5PFP2",0
"BCRP8",0
"GALR3",0
"MIR658",0
"IGLVIVOR22-1",0
"MIR6817",0
"MIR649",0
"MTCO1P20",0
"MTATP6P20",0
"MTCO3P20",0
"MTCYBP34",0
"MTND1P10",0
"TERF2IPP1",0
"CLCP1",0
"SYCE3",0
"CLDN5",0
"RIMBP3C",0
"RNA5SP493",0
"IGLVI-68",0
"IGLV10-67",0
"IGLVIV-66-1",0
"IGLVIV-65",0
"IGLVIV-64",0
"IGLVIV-59",0
"IGLVV-58",0
"BMP6P1",0
"IGLVI-56",0
"IGLV5-52",0
"ASH2LP2",0
"IGLVI-42",0
"ASH2LP1",0
"ASH2LP4",0
"SHISA8",0
"HMGN2P9",0
"SULT4A1",0
"PNPLA5",0
"TRMT112P8",0
"RASD2",0
"MRPS16P3",0
"MIR6819",0
"OR11H1",0
"GSTT4",0
"BBLNP2",0
"MIRLET7A3",0
"MIR4763",0
"MIRLET7B",0
"RNU6-513P",0
"RNU12",0
"RFPL2",0
"RPL31P62",0
"RPL32P5",0
"FAM32BP",0
"RN7SL843P",0
"LINC02557",0
"POM121L7P",0
"E2F6P2",0
"SLC9A3P2",0
"ABHD17AP4",0
"PPP1R26P5",0
"LINC01651",0
"SUSD2P1",0
"RN7SKP63",0
"RN7SKP210",0
"FAM246C",0
"IGLV3-26",0
"IGLVVI-25-1",0
"IGLVVI-22-1",0
"RNU6-331P",0
"MIR6889",0
"RN7SL704P",0
"MCHR1",0
"RN7SL385P",0
"TPTEP2-CSNK1E",0
"KCNJ4",0
"FAM246A",0
"MIR3199-1",0
"MIR3199-2",0
"RN7SL757P",0
"MN1",0
"MIR1281",0
"POTEH",0
"POTEH-AS1",0
"RNU6-816P",0
"MIR650",0
"IGLV3-7",0
"IGLV3-4",0
"MIR5571",0
"IGLJ1",0
"IGLC1",0
"IGLJ4",0
"IGLJ6",0
"IGLJ7",0
"POM121L9P",0
"BCRP3",0
"GGT3P",0
"LRP5L",0
"P2RX6P",0
"PRAMENP",0
"CECR7",0
"USP41P",0
"FAM247A",0
"SMPD4P1",0
"GGT2P",0
"POM121L1P",0
"RRP7BP",0
"BCRP2",0
"RPL23AP82",0
"TMEM191A",0
"CRYBB2P1",0
"AP1B1P1",0
"AP1B1P2",0
"GGTLC3",0
"PI4KAP1",0
"RN7SKP131",0
"SUSD2P2",0
"FAM246B",0
"CA15P2",0
"PPP1R26P2",0
"GUSBP11",0
"MIR1249",0
"UPK3A",0
"MIR4762",0
"C22orf42",0
"RFPL1",0
"RN7SL633P",0
"RPS15AP37",0
"SNRPNP2",0
"MIR3928",0
"RNA5SP496",0
"RN7SL20P",0
"RNU6-201P",0
"ETFRF1P1",0
"DRICH1",0
"TRNT1P2",0
"MOV10L1",0
"POM121L15P",0
"SLC25A5P1",0
"LINC01399",0
"PI4KAP2",0
"C22orf46P",0
"SERHL",0
"TUBA3FP",0
"RNU6-409P",0
"ANP32BP2",0
"RPL6P28",0
"RFKP4",0
"RNU6-338P",0
"H2AZP6",0
"MIR7109",0
"SEZ6L-AS1",0
"RNA5SP495",0
"CPT1B",0
"RPS25P10",0
"CES5AP1",0
"ZDHHC8BP",0
"RPL35P8",0
"MIR3667",0
"BMS1P22",0
"DUXAP8",0
"NEK2P2",0
"MED15P7",0
"MIR6818",0
"MIR3619",0
"ABCD1P4",0
"PABPC1P9",0
"SLC9B1P4",0
"ACTR3BP6",0
"CHEK2P4",0
"KCNMB3P1",0
"CCT8L2",0
"TPTEP1",0
"SLC25A15P5",0
"ANKRD62P1-PARP4P3",0
"ANKRD62P1",0
"VWFP1",0
"XKR3",0
"HSFY1P1",0
"GPM6BP3",0
"ZNF402P",0
"MTND1P17",0
"IGKV1OR22-5",0
"IGKV2OR22-3",0
"IGKV3OR22-2",0
"IGKV1OR22-1",0
"GAB4",0
"IL9RP6",0
"LINC01640",0
"LINC01656",0
"LINC00207",0
"PCAT14",0
"CECR3",0
"FAM230E",0
"SYN3-AS1",0
"LARGE1-AS1",0
"LINC01639",0
"LINC02885",0
"LINC01634",0
"LINC01311",0
"PSLNR",0
"LINC00895",0
"FAM230A",0
"FAM230D",0
"FAM230J",0
"LINC02554",0
"LINC01665",0
"FAM247B",0
"FAM230G",0
"RN7SKP252",0
"RPL5P35",0
"MGAT3-AS1",0
"FAM230B",0
"NBEAP3",0
"FRG1FP",0
"HMGB1P10",0
"GGTLC4P",0
"POM121L10P",0
"GAPDHP37",0
"BCRP7",0
"CA15P1",0
"RFPL4AP6",0
"TSSK1A",0
"IGLL3P",0
"GOLGA2P4",0
"BCRP1",0
"IGLL4P",0
"BCRP5",0
"POM121L8P",0
"CSF2RBP1",0
"GRAMD4P2",0
"CCDC188BP",0
"NF1P6",0
"FABP5P11",0
"VN1R9P",0
"CYCSP41",0
"OR4K11P",0
"CTBP2P10",0
"RBPMSLP",0
"MIR548XHG",0
"FDPSP6",0
"CTBP2P9",0
"CHODL-AS1",0
"TUBAP1",0
"ZNF299P",0
"SNX19P1",0
"SLC25A15P4",0
"IGHV1OR21-1",0
"MSANTD2P1",0
"C1QBPP1",0
"LINC00317",0
"LINC01689",0
"KRT18P2",0
"KRTAP25-1",0
"RPSAP68",0
"EEF1A1P1",0
"CLDN17",0
"RPL37P3",0
"THUMPD1P1",0
"PPIAP1",0
"LLPHP2",0
"KRTAP24-1",0
"NCSTNP1",0
"RPS3AP1",0
"EIF4A1P1",0
"LINC00307",0
"RNGTTP1",0
"OR4K12P",0
"RPSAP64",0
"TPT1P1",0
"CLDN8",0
"LINC02943",0
"HUNK-AS1",0
"LINC00308",0
"SNX18P12",0
"NIPA2P3",0
"FDX1P2",0
"SPATA20P1",0
"PSMA6P3",0
"MAPK6P2",0
"ZNF355P",0
"BNIP3P43",0
"VN1R8P",0
"GTF2IP2",0
"ADAMTS5",0
"SNRPGP13",0
"MIR6724-2",0
"MIR6724-3",0
"RNA5-8SN3",0
"MIR6724-4",0
"RNA5-8SN1",0
"MIR6724-1",0
"RNA5-8SN2",0
"MIR3118-1",0
"RNU6-286P",0
"RN7SL52P",0
"RNU6-113P",0
"RN7SKP147",0
"RNU6-772P",0
"RNU2-55P",0
"RNU1-139P",0
"RNU4-45P",0
"MIR3156-3",0
"RN7SKP236",0
"RN7SL163P",0
"MIR155",0
"MIR6130",0
"RNA5SP489",0
"MIR4759",0
"MIR548X",0
"RNU6-614P",0
"RN7SL740P",0
"SNORA80A",0
"UMODL1-AS1",0
"RPL34P3",0
"EZH2P1",0
"MIR802",0
"PPP1R2P2",0
"RPL23AP3",0
"RNU6-992P",0
"EXOSC3P1",0
"RNA5SP490",0
"OR7E23P",0
"HLCS-IT1",0
"RNA5SP491",0
"DPRXP5",0
"MRPL20P1",0
"RNU6-696P",0
"TMEM97P1",0
"MYL6P1",0
"RNU6-859P",0
"RNU6-1150P",0
"H2AZP1",0
"MIR5692B",0
"MRPL51P2",0
"MTCO1P3",0
"COL18A1-AS1",0
"MIR6815",0
"RNU6-954P",0
"NF1P3",0
"PPP6R2P1",0
"RNA5SP488",0
"PCBP2P1",0
"METTL21AP1",0
"RNF6P1",0
"GET1-SH3BGR",0
"MIR6508",0
"MYL6P2",0
"RPS26P4",0
"MIR4760",0
"DSCAM-IT1",0
"YRDCP3",0
"MIR3197",0
"PCSEAT",0
"MIR6814",0
"RNA5SP492",0
"RNU6-1149P",0
"RSPH1-DT",0
"RPL31P1",0
"H2BC12L",0
"MIR6070",0
"DNMT3L",0
"DNMT3L-AS1",0
"AIRE",0
"LRRC3",0
"KRTAP10-1",0
"KRTAP10-2",0
"KRTAP10-3",0
"KRTAP10-5",0
"KRTAP10-6",0
"KRTAP10-7",0
"KRTAP10-8",0
"KRTAP10-10",0
"KRTAP10-11",0
"KRTAP12-4",0
"KRTAP12-3",0
"KRTAP12-2",0
"IMMTP1",0
"KRTAP12-1",0
"KRTAP12-5P",0
"KRTAP10-13P",0
"LINC00163",0
"LINC00165",0
"PCBP3-AS1",0
"FTCD-AS1",0
"OLIG2",0
"OLIG1",0
"POTED",0
"KRTAP8-2P",0
"KRTAP8-3P",0
"KRTAP8-1",0
"KRTAP7-1",0
"KRTAP11-1",0
"KRTAP19-8",0
"MTRES1P2",0
"FBXW11P1",0
"HMGN1P2",0
"ERVH48-1",0
"KRTAP10-9",0
"KRTAP10-4",0
"RNU6-396P",0
"MIR6501",0
"RN7SL678P",0
"KRTAP26-1",0
"KRTAP27-1",0
"KRTAP13-6P",0
"KRTAP13-2",0
"MIR4327",0
"KRTAP13-1",0
"KRTAP13-5P",0
"KRTAP15-1",0
"KRTAP19-1",0
"KRTAP19-2",0
"KRTAP19-3",0
"KRTAP19-4",0
"KRTAP19-5",0
"KRTAP19-9P",0
"KRTAP19-10P",0
"KRTAP19-11P",0
"KRTAP19-6",0
"KRTAP19-7",0
"KRTAP22-2",0
"KRTAP6-3",0
"KRTAP22-1",0
"KRTAP20-1",0
"KRTAP20-4",0
"KRTAP20-2",0
"KRTAP20-3",0
"KRTAP21-3",0
"KRTAP21-4P",0
"KRTAP21-2",0
"KRTAP21-1",0
"KRTAP23-1",0
"KRTAP13-3",0
"RNU6-426P",0
"VDAC2P1",0
"RPS26P5",0
"SNORD74B",0
"MIR99A",0
"MIRLET7C",0
"MIR125B2",0
"RNU1-98P",0
"KRTAP13-4",0
"KRTAP6-2",0
"KRTAP6-1",0
"BNAT1",0
"MTND6P21",0
"USF1P1",0
"BAGE2",0
"ANKRD30BP2",0
"ABCC13",0
"COL6A2-DT",0
"GRAMD4P1",0
"CXADRP1",0
"LONRF2P5",0
"MIR8069",0
"FEM1AP1",0
"TERF1P1",0
"FAM207CP",0
"GXYLT1P2",0
"CNN2P7",0
"ZNF114P1",0
"CYP4F29P",0
"SNX18P13",0
"ANKRD20A11P",0
"RHOT1P2",0
"POLR2CP1",0
"GAPDHP16",0
"RBMX2P1",0
"LINC02920",0
"BACH1-IT3",0
"GRIK1-AS1",0
"RNU6-926P",0
"KRTAP10-12",0
"RPL12P9",0
"DSCR4-IT1",0
"DSCR10",0
"LINC01667",0
"NCOR1P4",0
"SSR4P1",0
"CYCSP42",0
"RNU6-1326P",0
"RAD23BP3",0
"ATP5MFP1",0
"TRPM2-AS",0
"KCNE2",0
"SNX18P10",0
"MTCO1P1",0
"MIR3648-2",0
"CDRT15P9",0
"LINC00314",0
"CYYR1",0
"CRYAA",0
"CBR1-AS1",0
"LINC01683",0
"CYYR1-AS1",0
"LINC01670",0
"LINC02573",0
"SAMSN1-AS1",0
"PDE9A-AS1",0
"LINC00316",0
"LINC03105",0
"DSCAM-AS1",0
"LINC01673",0
"DSCR8",0
"LINC03104",0
"LINC01690",0
"LINC01674",0
"LINC00479",0
"LINC01548",0
"LINC00189",0
"LINC00112",0
"LINC00161",0
"LINC00159",0
"LINC01425",0
"LINC00319",0
"BACE2-IT1",0
"CDRT15P8",0
"RPL39P40",0
"RPL37P4",0
"FGF7P2",0
"ANKRD20A18P",0
"ERLEC1P1",0
"MTCYBP21",0
"RPL23P2",0
"C21orf140",0
"SMIM34",0
"MT-TH",0
"MAFIP",0
"RNA5-8SN4",0
"RNA5-8SN5",0
"PMM2",-6.21308922566712e-10
"B3GALT4",-6.17404863647767e-07
"EVL",-6.39756250074842e-07
"ABRACL",-6.88450369302009e-07
"RNASEH1",-8.18515941367625e-07
"BAG4",-1.36233060169578e-06
"QRFPR",-3.75502035699834e-06
"APAF1",-3.77979680007943e-06
"BTN2A2",-4.50603781980034e-06
"MOSPD2",-6.73359543729688e-06
"YLPM1",-7.47499593170033e-06
"RPL7AP11",-1.07617943836806e-05
"RBM25",-1.26043931705802e-05
"TMA16",-1.2770281735795e-05
"PIERCE1",-1.56343056421846e-05
"RAD21",-1.6294310561094e-05
"ATP6V0D1-DT",-1.64012137935895e-05
"SNORA1B",-1.71463368607567e-05
"EDEM2",-1.72086307658907e-05
"STX17",-2.07304423709249e-05
"RPS19P7",-2.27361804186183e-05
"TMEM109-DT",-2.65269667233927e-05
"SPIN2B",-3.10624436913917e-05
"RPS8",-3.58269738092446e-05
"CSRP1-AS1",-3.60693404557908e-05
"ATP5F1EP2",-4.01429895509362e-05
"SRP9P1",-4.36078407957144e-05
"CCPG1",-4.86786695244333e-05
"MANBA",-5.13895865674148e-05
"KIF11",-5.20628322891847e-05
"ATG16L2",-5.40860898631517e-05
"NAGLU",-5.50050876911929e-05
"LINC02930",-5.7601591715337e-05
"MRPS22",-6.57948619843411e-05
"YWHAZP4",-7.29159190225248e-05
"CYBC1",-7.60043884716136e-05
"SPHK1",-8.37264968673209e-05
"FKBP2",-9.30116407727547e-05
"PRKX",-9.37584049008863e-05
"ATR",-0.00010540002403615
"CYB5R4",-0.000113938431443114
"FSCN2",-0.000119629774801631
"MSR1",-0.000128888958534995
"ZNF644",-0.000135186934102433
"CCDC110",-0.000141815580684918
"CACNA2D4",-0.000143544399962957
"IMPDH1",-0.000146448646252154
"HMGCR",-0.000147447643505043
"BUB1",-0.000149143608902998
"POTEKP",-0.000152205485007793
"LINC02887",-0.000162551739082739
"TVP23B",-0.000162728679711633
"CPEB3",-0.000162969522132045
"ZDHHC18",-0.000165171825801019
"UCP2",-0.000168190881662878
"ITFG1-AS1",-0.000170238650720235
"PPOX",-0.000172608796978191
"KRR1",-0.000181525507972196
"CSNK1E",-0.00018576682112077
"DYNLRB1",-0.000192279919336245
"TMED10",-0.000199557381543396
"LMOD3",-0.000201878743022321
"DDX21",-0.000208903794735101
"EIF4BP7",-0.000216228265712064
"EIF1B",-0.000232804433881771
"TPM4P3",-0.00023324590985842
"MRPL55",-0.000233908593501551
"NAP1L1",-0.000236478956284735
"OR10A2",-0.000238600381318077
"GORAB",-0.000243080367699602
"USP50",-0.000247015017922531
"PPP1CC",-0.000250063211726148
"EXOC3L2",-0.00025106948547466
"IGHV1-68",-0.000251522207515887
"BCORL1",-0.000251772651183725
"IL4R",-0.000259048525689319
"LRPAP1",-0.000262617772707597
"RPS12",-0.000264505459695216
"RN7SL8P",-0.000276460226099771
"GRIN2A",-0.000276811518981501
"MIR4259",-0.000293718147235386
"GIGYF2",-0.000318340948462934
"PVT1",-0.0003318548304706
"TFEB",-0.000343715744676874
"ASB7",-0.000352206984294369
"PPP2R3C",-0.000369994876940403
"SCAMP2",-0.000373710776310139
"LSM1",-0.000376698722380429
"RPS27P2",-0.000382126146789706
"ATF7IP2",-0.000382173880228625
"NCF2",-0.000387820316271058
"GDPD2",-0.000389095246004533
"ATP7A",-0.000398891314188199
"ABCA9",-0.000398998294970836
"MBD6",-0.000400596296536942
"TMEM183AP2",-0.000401352403247222
"APCDD1L",-0.000404052538594921
"ABRAXAS2",-0.000407433577196819
"EEF1A1P24",-0.000415805678000476
"PIAS4",-0.00043412100165984
"ANKRD11",-0.0004453744658655
"SNHG30",-0.000464959400043377
"MIR589",-0.000477728815630879
"MAGT1",-0.00048065455534528
"OXNAD1",-0.000489570053666012
"SH3TC2",-0.000501791529678873
"GLG1",-0.000516311767427297
"TAF13",-0.000518058255450353
"IFNGR2",-0.00054699240610754
"PIP5KL1",-0.000547629162059775
"ANKIB1",-0.00055608722103388
"SYNGR1",-0.00056175801992737
"ANK2",-0.00057351692098896
"DCAF4L1",-0.000583714139997319
"MT-TQ",-0.000590747315212189
"KRBOX4",-0.000605930717990386
"RANGRF",-0.000607249393056453
"TMSB4X",-0.00062679090511821
"PHF7",-0.000629039907095961
"PCMTD2",-0.000634460588793411
"RPS27P17",-0.000639106264507265
"TGFBR3L",-0.000687148871247726
"GLT1D1",-0.000706788933670945
"TSPOAP1-AS1",-0.000711833094501781
"SLC25A5P8",-0.000718157977484758
"CCDC102A",-0.000720885469472156
"NICOL1",-0.000736450569660118
"C1orf146",-0.000743472919350246
"PPWD1",-0.000761319549313387
"NUP42",-0.00077851461067717
"RPL7P9",-0.000778662946182136
"COPB1",-0.000792544352911035
"FFAR2",-0.000793372986834815
"ROR2",-0.000793701978450056
"UBXN1",-0.000822849991285718
"LONP2",-0.000831855208035692
"KLF7",-0.000844425054370794
"ITGBL1",-0.000845296126363026
"ZNF676",-0.000859927399458252
"RUBCNL",-0.000868333277404858
"CCDC138",-0.000908442727045427
"HLA-G",-0.000914492026224646
"PRADC1",-0.00093568663308527
"NOL9",-0.000951378851565016
"SCN11A",-0.000967072839846268
"ATP5F1E",-0.000969620549364409
"COA1P1",-0.00100095050539588
"LAIR1",-0.0010074725756561
"C16orf86",-0.00103284937581651
"SIDT1",-0.00104335918854678
"ILDR2",-0.00105511038458448
"LINC01955",-0.00107869974816274
"EOGT",-0.00111213617829602
"ITGB1P1",-0.00111456397730245
"UBE2Z",-0.00114187106182822
"TSPAN5",-0.00115288502202598
"TARS1",-0.00115347270163822
"VDAC1P1",-0.00115385641137531
"HAPSTR1",-0.00120186600728634
"ZDHHC17",-0.00121102434671784
"TBX4",-0.00123430847401906
"RPS26P31",-0.00124767534658615
"NMRK1",-0.00126009600971192
"MACIR",-0.00130195505361252
"TGFBR1",-0.00133642487365896
"EEIG1",-0.00134037385192831
"RELB",-0.00135419516413729
"MTCO1P2",-0.00135958617244081
"POLM",-0.00136101084508862
"PAK2",-0.00136617121821352
"ZNF432",-0.00136770306572559
"TNFRSF10A-DT",-0.00139122068087974
"MIR488",-0.00143192750272477
"ZNF487",-0.00143785486203182
"LMOD1",-0.00145158026024919
"ERGIC2",-0.00145446697846881
"MPP1",-0.00147152189527898
"POLL",-0.0014724228223621
"ELK3",-0.00148981129503888
"COX19",-0.00150695852735054
"KLHL24",-0.0015210221985591
"SLC38A10",-0.00152970932875081
"RPL7P47",-0.00153045795971506
"NOP58",-0.00153675110701517
"LGALS9C",-0.00164499832134542
"FBLN7",-0.00170940193369341
"IRF2BP2",-0.00172905320318077
"FNBP4",-0.00175498915494134
"WNT1",-0.00178391831349434
"CERS3",-0.00178391831349434
"LINC02559",-0.00178391831349434
"MYPOP",-0.00178411944787341
"ZNF681",-0.00178470247529002
"RNU6-199P",-0.00179902773356726
"RMB8AP1",-0.00180800728263392
"BMAL2-AS1",-0.00181667631917154
"RPL39L",-0.00182398460996352
"PSMC1P4",-0.00182689857655438
"TBCEL",-0.00183561158608901
"MYG1-AS1",-0.00185854804733997
"EDF1",-0.00188701568886461
"F12",-0.0019096694502341
"SAFB2",-0.0019863075984471
"MORN1",-0.00198891798339298
"TDRD12",-0.00202751822058165
"CENPA",-0.00203319313968389
"RRAGAP1-AS1",-0.00203996922643132
"ILRUN-AS1",-0.0020461971394252
"NACA2",-0.00206085185658886
"GGT8P",-0.00210680667790603
"EDEM3",-0.00211361134401094
"CDADC1",-0.00213507075219715
"MINDY3",-0.00215610142513293
"CBLL1-AS1",-0.00216324981536274
"POLR2M",-0.00217647499519828
"LINC01973",-0.00218313325189564
"H2AZP3",-0.00218727889636052
"NRAV",-0.00219005986047227
"RAB28",-0.00221378146567334
"SHISA9",-0.00224993383680118
"TSN",-0.00226501836369687
"LINC01588",-0.00227470503630017
"CENPC",-0.0023220661063734
"MAGEB1",-0.00233207610321762
"CD93",-0.00233865317357366
"MIR1282",-0.00236696884284396
"MSNP1",-0.00237421364823406
"MUSK",-0.00237922351298196
"ADAMTS17",-0.00238137756382583
"ZC3H12B",-0.00239155730572905
"PPIAP13",-0.00241696038325444
"PIP5K1P2",-0.00243799008652529
"KIF5C",-0.00244192500975413
"POP4",-0.00247347878999556
"SRP72",-0.00248564839875018
"RPL5P23",-0.0025377967527221
"ATP6V1B2",-0.00256826873871429
"STAG3",-0.00260128967950256
"CBR4",-0.00260777310509447
"ATOX1",-0.00261252334817332
"NRBP1",-0.00262551022654962
"CCNE1",-0.00263884085419245
"TRBV5-7",-0.00266108607780998
"CHD1",-0.00267715719950701
"MPPED2",-0.00267978949319232
"PLAAT4",-0.00275724847473991
"H2BC26",-0.00279784712148757
"RASSF5",-0.00280290305703163
"C9orf43",-0.00280349238295528
"TNKS",-0.00282563227142396
"CEACAM4",-0.00283832476573725
"DNAJC8P2",-0.00286747224714427
"JUN-DT",-0.00287229559871313
"CDC5L",-0.0028784004816033
"PEA15",-0.00288318977039692
"ADAMTSL1",-0.0028859218880196
"MTATP6P2",-0.00289345218536851
"EPC1",-0.00291978984644036
"VIPR2",-0.00295577861419175
"PRSS16",-0.00296091351501829
"CIP2A",-0.00297544629426504
"PIP4P2",-0.00301421187235763
"CCDC191",-0.00301715901078207
"STAT4-AS1",-0.00306551538540251
"RNU6-6P",-0.0030764074955741
"B2M",-0.00308427620549466
"HOMEZ",-0.00313075206228555
"ACVR1C",-0.00317359266903191
"LINC01339",-0.0032566814239514
"GRIA4",-0.00325903750371582
"CACNA1S",-0.0032682945232393
"LINC00570",-0.0032682945232393
"OR4E2",-0.0032682945232393
"AARS1",-0.00327518999698253
"NDUFAF7",-0.00331782583612911
"LINC00412",-0.00337124124784269
"AP4E1",-0.00342963991520425
"ACTBP9",-0.00345935575712534
"LINC00630",-0.00354416738737069
"RPL7L1P22",-0.00356107235715311
"RPSAP56",-0.00356587325724977
"ZNF800",-0.00356829378762803
"SRSF3P1",-0.00358463887919923
"VPS18",-0.003607608874728
"CFL2",-0.00361266976205318
"COA6-AS1",-0.00361390983993392
"PPP6C",-0.00362953392658219
"RBBP4",-0.0036454601991729
"ATP11B",-0.00366796409383333
"NR1D1",-0.00370506018318727
"CCDC25",-0.00371681969154328
"NUS1P1",-0.00378049111662016
"TERF1P4",-0.00381079517526661
"JMJD6",-0.00383526016955875
"MRPS18CP7",-0.00393319696592082
"BICD1",-0.00394996003722911
"ETFA",-0.00398442933953474
"UBQLN2",-0.00405299541586306
"ZNF576",-0.00407947307499314
"RPLP0P9",-0.00409554066645825
"ZNF415",-0.004127946696174
"AIP",-0.00414679928512366
"PRELID1P5",-0.00424322538966203
"PPIL4",-0.00425052803620268
"PWP1",-0.00427188947899989
"RPS3AP29",-0.00430749598105285
"UBXN7",-0.00436476057538952
"ZC3HAV1",-0.0043779846080675
"WTAPP2",-0.0043950807407753
"ZNF773",-0.00447448717487888
"TPBGL-AS1",-0.0044777126609702
"ARGLU1-DT",-0.00448440845786887
"FLT1",-0.0044906722832049
"BRD10",-0.00450594286249847
"ZFP30",-0.00451588363942781
"ZNG1DP",-0.00451741775239884
"LONRF1",-0.00460230297966886
"PTMAP1",-0.00462555162694425
"OGFR-AS1",-0.00464273637756031
"RRAGB",-0.00465796208851345
"AKR1C8",-0.00465871361049967
"TNFAIP2",-0.00478224759712679
"CHPF",-0.00489088682478571
"LINC01060",-0.00489384706223857
"HPS1-AS1",-0.00492355571555513
"MSL3",-0.00495765824790866
"MCEE",-0.00496608857103488
"KIAA1143",-0.0049688971314116
"MTO1",-0.00496924509650091
"MAST3",-0.00502507319186117
"GPKOW",-0.00502590787302655
"RN7SL745P",-0.00511278347291596
"LINC02717",-0.00511685869660233
"FOXJ2",-0.00512446481708005
"RNU6-32P",-0.00518671892495045
"MIGA2",-0.00520635034955243
"IBA57-DT",-0.00527992603845313
"MRPS18C",-0.00532070118236482
"STIM2-AS1",-0.00533715528307982
"TUBAP2",-0.00536730831791379
"UQCRH",-0.00538136945129811
"GABRR2",-0.00548415561043651
"RPL23AP42",-0.00557000901934586
"FMR1",-0.00557232207006219
"NUDT4",-0.00562387602843026
"DAOA",-0.00569388139295946
"RBM39P1",-0.00569828564542972
"RUNDC1",-0.00570796039259728
"RB1",-0.00572605964138154
"LINC02831",-0.00576398568128503
"PIGV",-0.00578602180892907
"RPS19BP1",-0.00594561757335879
"SNX2",-0.00595094148553484
"CNOT4",-0.00599544033818552
"SMG1P4",-0.00615520629503959
"TRIM46",-0.00616936549345695
"BEX5",-0.00623156681535594
"SLC25A1P5",-0.00625425705918583
"PDIA4",-0.00627898895759869
"SETSIP",-0.0063237015833659
"NPM1P24",-0.00632954024573433
"PITPNM1",-0.00633922345476856
"CHKB-DT",-0.00637368108219813
"SMTN",-0.00638574693371307
"RCAN2-DT",-0.00645938244097367
"ATF4P4",-0.00652691561007209
"C6orf120",-0.00654589884906652
"RAB33B",-0.00654734279508143
"STRAP",-0.00660342557349446
"LINC00265",-0.00664278581078601
"FMNL3",-0.00665622141180849
"GAS2L2",-0.00668493687546684
"SLC12A6",-0.0067105251261582
"PSMD12",-0.00681821455815445
"CMSS1",-0.00682594946071426
"AMZ2",-0.00687281010822729
"CRIPT",-0.00687947881534485
"LINC01473",-0.00691752576022147
"CLEC2B",-0.0069485397067869
"HNRNPA1P39",-0.00713220446743613
"PCNX4",-0.00714221668512511
"GOLGA3",-0.00716919753063606
"SECISBP2L",-0.00720600657097686
"EEF1A1P5",-0.0072341071049305
"PHF5A",-0.00732497600277671
"ANKRD34C-AS1",-0.00743096777258321
"SETD1A",-0.00755405293809763
"NAP1L5",-0.00762305513964275
"ZNF169",-0.00763173895157843
"RAG1",-0.00763369688198037
"TMEM230",-0.00766295963092612
"FKBP14-AS1",-0.00777781821595936
"NUF2",-0.00782513472687674
"PMPCB",-0.00782770578627331
"MFF",-0.00784168155385649
"ALKBH5",-0.00786024186866284
"ZBED4",-0.00787660794256783
"B3GLCT",-0.00788049195581357
"RHBDF2",-0.00792571144622667
"RPL21P39",-0.0079548583384357
"NOTCH2NLB",-0.0079781277435383
"OSR2",-0.00809404507998623
"ANKRD33BP6",-0.0081089377451427
"CDR2-DT",-0.00820930240446587
"MIR644A",-0.0082610906198545
"MBTPS1",-0.00830573258296817
"HNRNPDL",-0.0083334268700194
"GNA13",-0.0083494002096682
"TMEM192",-0.00839084245902111
"MBNL2",-0.0084259909414907
"SNHG5",-0.00842763108642398
"SPATA22",-0.00846418093695661
"RPL13AP22",-0.0085403097096204
"SRSF5",-0.00856058652448002
"UBL3",-0.00858480457091149
"RILPL2",-0.00860201557280372
"SYT9-AS1",-0.00861092894499553
"C16orf87",-0.00861259193673224
"SMARCE1P5",-0.00862299409309527
"DMGDH",-0.00869735336573206
"ZFP91",-0.00888698000957678
"EIF2S2",-0.00889901595878743
"AHNAK",-0.00890913982639781
"DHX8",-0.00891792334431923
"LINC02960",-0.00896983590110318
"DTWD1",-0.00904689915699036
"TAF7",-0.00905796771674365
"LINC01070",-0.00922679968549643
"FAM133DP",-0.00948853982122097
"TBC1D3D",-0.00953121283419301
"DNAJB6P1",-0.0097169757606499
"CYP2R1",-0.00972073573805562
"USP6NL",-0.00976954800028662
"RPL10P3",-0.00992108943121257
"BRCA2",-0.0099577554181216
"LINC02370",-0.0100070238627857
"CKAP2LP1",-0.0101360970190378
"ANG",-0.0101724766993016
"PAF1",-0.0104884750481542
"UBL5",-0.0108139691272514
"NOP10",-0.0108284684513641
"DRG1P1",-0.0108646247719823
"UNC79",-0.0110327642189931
"ATP10D",-0.0110789644009675
"INTS4",-0.011148802669678
"AGBL5",-0.0111659377510933
"ZRANB2-DT",-0.0113811446167874
"SLC7A14",-0.0114022504868107
"SFT2D2",-0.0114080798198337
"GPX7",-0.0115513515457746
"EMD",-0.011615548508634
"OSTCP1",-0.0116170144788199
"NDUFA3",-0.0116173003849058
"RPL31P49",-0.0116356332915509
"MSANTD4",-0.0116389406946645
"ARHGAP18",-0.0116764622152526
"UFC1",-0.0116778284169048
"MIS18BP1",-0.0117278545074252
"RDH16",-0.0117451223597488
"RPL37A",-0.0118400850828201
"C1GALT1C1",-0.0119482016136422
"SMU1",-0.0119485145896855
"QRICH1",-0.0120252676446061
"EEF1A1P35",-0.0120403032997219
"SUV39H2",-0.0120555462986198
"SNHG12",-0.0120680216328718
"ZBTB43",-0.0121722432698618
"NPIPB3",-0.0122268951257065
"LINC00642",-0.0124585969947026
"RPL30",-0.012497269242108
"MIR497HG",-0.0125539904464879
"GPR107",-0.0125869751897291
"PLXNA3",-0.0125894794356476
"LINC02201",-0.012620301651289
"STKLD1",-0.0126366351886578
"GSEC",-0.0126913826921255
"GRIK1",-0.0127219191103813
"PPIAP55",-0.012860900988089
"MYBL1",-0.0128811039292175
"PHC3",-0.0129176288666279
"PLCE1-AS1",-0.0130547498720386
"TMEM196",-0.0130782641895695
"RPL21P87",-0.0132272278090896
"AJUBA-DT",-0.0132579638709259
"RAB18",-0.0133785244644153
"RPL34P33",-0.0134048985875572
"RRBP1",-0.0134260426703814
"TRGJP2",-0.0134344197023154
"TLK2",-0.0135465610611494
"CARHSP1",-0.0135885498264875
"LY6S",-0.0137783627856679
"HSPD1P2",-0.0137880429039453
"HAUS7",-0.0139486005975749
"IGSF11",-0.0140335899681368
"HVCN1",-0.0142371499414567
"DZANK1",-0.0142551902429426
"CCDC186",-0.0142945348157659
"PIK3CA",-0.0143573744020634
"CNOT9",-0.0144439089069197
"CTCF",-0.0145548028722231
"DDX55",-0.0151145537332322
"PPIAP19",-0.0151537061763033
"CFLAR-AS1",-0.0151966588948865
"COX17P1",-0.0152196224632633
"RPL7AP66",-0.015244575719576
"HSPD1P1",-0.0152866552809295
"TLK2P1",-0.0153344832701221
"LINC00921",-0.0153737332893082
"YY1AP1",-0.0154041821738793
"PMAIP1",-0.0155946192456554
"TK2",-0.0157941508559124
"THUMPD1",-0.0158304734419828
"DTHD1",-0.0158643487554056
"MIR567",-0.0158893205975394
"PRELID3BP10",-0.0159264562088875
"FZD1",-0.0159601517107298
"RPS4XP22",-0.0159983417007456
"SDF2",-0.0160633156327476
"MTMR4",-0.0161022315602167
"ZMYM5",-0.0161503742226764
"UFM1",-0.0161707486634448
"EIF2S2P4",-0.0164579360087859
"ZFYVE1",-0.0164627066892746
"CPTP",-0.0165122971827264
"OGFOD3",-0.0165265792826635
"SNRNP35",-0.0166819373981111
"ZNF600",-0.016715839641177
"PRPF39",-0.016778384021634
"TAPBP",-0.0167958430977743
"KPNA2",-0.0168958835354538
"PARP16",-0.0169040398289665
"KIF19",-0.0169819844894892
"GARIN1A",-0.0170221530561168
"RINL",-0.0170284672271489
"TUBB8P8",-0.0171651205706993
"RPL7P42",-0.0171801803480596
"GIN1",-0.0176753198180655
"TMEM248",-0.0177033795592847
"ATF5",-0.0177117410225017
"RPS3AP5",-0.0177678749333331
"ZNF844",-0.0178697189117587
"STX5-DT",-0.0180554567692544
"RPSAP4",-0.0180682622218392
"RNA5SP216",-0.0182503600470555
"TMT1A",-0.0183582447436684
"TNRC6C",-0.01859855413462
"EFCAB7",-0.0186113194430477
"PAFAH1B1",-0.0186726686375071
"LRRC37A17P",-0.0187567486656103
"GBF1",-0.0188754289828877
"GMPPB",-0.0189230865292957
"TLE1",-0.0189875499990943
"PARP2",-0.0190273382006351
"CLEC16A",-0.0190500693416153
"RPL7P1",-0.0190564146110717
"RPS24",-0.0192955084566396
"RPL23AP59",-0.0193164148983537
"MIR101-1",-0.0193215368098583
"AFF1",-0.0194731093028211
"KMT5AP2",-0.0195185628318306
"CENATAC",-0.0195718134102339
"SLC12A2-DT",-0.019677674572422
"TPBGL",-0.0200127037814998
"RAB22A",-0.0200889280254081
"SLC2A3P2",-0.0201291441957822
"N4BP2",-0.0205098578891077
"ADNP2",-0.0207578219066066
"LOH12CR2",-0.0208981740072594
"UGGT1",-0.02092812740104
"LINC01605",-0.0209711042640562
"RPSAP15",-0.0209767984768156
"CREB5",-0.0212127088308614
"LTB",-0.021231993593484
"UMAD1",-0.0212417126940355
"KCNQ5-AS1",-0.0214568513543545
"FBXL14",-0.0214710804216175
"TOP3A",-0.0215422322355497
"MORF4L2P1",-0.0222109036273896
"SLC4A1APP1",-0.0222185044082495
"PRIM2",-0.0223465586465738
"TOMM20L",-0.0225129116607227
"PTK2B",-0.0226672179867418
"COX5A",-0.0227444138178911
"LINC01791",-0.022871685091639
"CCDC12",-0.0232063518636918
"KPNA6",-0.0232643567893319
"WIPI1",-0.0234509991887809
"EP300",-0.0237059815384633
"SLC35E2B",-0.02375007588462
"PHF12",-0.02381799695268
"OCEL1",-0.0239465932525056
"ACTG2",-0.0240284747484137
"SERF2",-0.0240377473075586
"TPT1P6",-0.0241895487583092
"RPL8P4",-0.0242061040519303
"SUZ12",-0.024348222800869
"PRSS21",-0.0243636055083047
"SEMA3F-AS1",-0.0244351759186326
"TFRC",-0.024456199640794
"PDC-AS1",-0.0245943797732643
"RPL30P4",-0.024690996884612
"GFPT1",-0.0248850153403255
"SYNJ1",-0.024942910581794
"NT5C3A",-0.0249632604226038
"ALDH5A1",-0.0250886096422009
"RELN",-0.0252332124879464
"NPAS1",-0.0252625133008932
"MAP3K1",-0.025277231283637
"RECQL4",-0.0256109965374322
"VPS36",-0.0256429248629657
"RPS3AP26",-0.0256863903112069
"PYROXD1",-0.0256995892382009
"RNU6-1164P",-0.0260130579506152
"MAP1LC3B2",-0.0261036996118256
"CDS2",-0.0261085695257003
"FTLP2",-0.0262550280930872
"PLEKHN1",-0.0264918745203446
"NDUFA7",-0.0265906893695211
"C5orf58",-0.0266155003797344
"NANS",-0.0266774158764606
"SYNJ2",-0.0268069222035517
"CARINH",-0.0270179557634028
"IKBKE",-0.0270746297748734
"BTN3A2",-0.0272064166245144
"TRIM13",-0.0272446828523442
"CTNNAL1",-0.0276131917827724
"EIF5A2",-0.0276223735905844
"BATF",-0.0277265136981436
"ACTR2",-0.0278768778654264
"MGRN1",-0.0279608092995967
"FDFT1",-0.0281241734826331
"FYCO1",-0.0282625888146824
"DCP1B",-0.0283423267192478
"CMC1",-0.0283608744353181
"RFC3",-0.028485773589926
"RPS27AP11",-0.0287887616555753
"RAF1",-0.0289357436302153
"PLPP4",-0.0291722759404265
"RPL18AP3",-0.0292580253482472
"NDUFA2",-0.0293004039254483
"AMY1B",-0.029312626696131
"ST6GALNAC4",-0.0293377849776658
"ERMP1",-0.0293414592745421
"LINC00640",-0.0296621811440531
"TRIM25",-0.0299476095645488
"LINS1",-0.0299649252982975
"ESPN",-0.03035366405019
"STIM2",-0.0304355724478943
"KBTBD2",-0.0306939320862395
"KLHDC1",-0.0307005580525804
"H2AC25",-0.0307043347665689
"DPM3",-0.0311898496865011
"POLH-AS1",-0.0312059445424044
"VPS13B-DT",-0.0313777770682476
"FARS2-AS1",-0.0314558017801542
"KCNAB2",-0.0315766883146859
"LINC01621",-0.0316267576810097
"LINC01737",-0.0317916305590584
"MAL-AS1",-0.0317916305590584
"LINC01857",-0.0317916305590584
"OR7E21P",-0.0317916305590584
"LINC02430",-0.0317916305590584
"SULT1E1",-0.0317916305590584
"RNU2-48P",-0.0317916305590584
"LINC00492",-0.0317916305590584
"LINC02229",-0.0317916305590584
"CRISP3",-0.0317916305590584
"CPA4",-0.0317916305590584
"LUZP4",-0.0317916305590584
"CYP11B1",-0.0317916305590584
"LINC00678",-0.0317916305590584
"RPS3AP43",-0.0317916305590584
"RPL23AP69",-0.0317916305590584
"KCNK13",-0.0317916305590584
"KCNK10",-0.0317916305590584
"LINC02157",-0.0317916305590584
"CASC17",-0.0317916305590584
"ASH2LP3",-0.0317916305590584
"IGLVVII-41-1",-0.0317916305590584
"RCBTB2",-0.0319895063438149
"TBC1D20",-0.0320370898990402
"RPL7P10",-0.0320566708032887
"BTF3P9",-0.0320727648045272
"ST7-OT4",-0.0321268004069854
"MRPS31",-0.0322859244969073
"NETO1",-0.0323785383586291
"SLC25A5P7",-0.0324343441514822
"KBTBD7",-0.0324937368927298
"ASB11",-0.0327262835220834
"SULT2A1",-0.0328096935859522
"SHMT2",-0.033231935074806
"ANKRD46",-0.0336655564103142
"RPS2P28",-0.0336781931689983
"RPS27P23",-0.0336882872649903
"SLC29A3",-0.0339272685866576
"LATS1",-0.0339475725270093
"SNORA28",-0.033969885633799
"FAUP1",-0.0341020797033147
"PXK",-0.034181337211986
"LINC01168",-0.0343108869134807
"CCDC9",-0.0343872899630838
"ZNF655",-0.0344453063457806
"PRKAR2B",-0.0346823818425509
"ACTR2P1",-0.0348494541701703
"RPS27P9",-0.034929547886168
"PLA2G4E-AS1",-0.0349805513131014
"AKIRIN2",-0.0351205589014598
"ZBED5-AS1",-0.0351255575680397
"HM13",-0.0352399387817409
"ERBIN",-0.0352481669534674
"RNF149",-0.035392434466645
"EEF1AKMT3",-0.0354922916259385
"TEFM",-0.0356987743296389
"RNF139",-0.0358793452548245
"BCL9L",-0.0358971448636259
"NTAQ1",-0.0360675521673424
"SUSD6",-0.0363275236001895
"MDS2",-0.0365194134149219
"SPHKAP",-0.0365194134149219
"HMGB1P25",-0.0365194134149219
"LINC01798",-0.0365194134149219
"HRG",-0.0365194134149219
"FAM240A",-0.0365194134149219
"RN7SL517P",-0.0365194134149219
"LINC02032",-0.0365194134149219
"LINC02358",-0.0365194134149219
"ARL2BPP6",-0.0365194134149219
"LINC02115",-0.0365194134149219
"LINC02064",-0.0365194134149219
"RNU7-157P",-0.0365194134149219
"BMP15",-0.0365194134149219
"CPA6",-0.0365194134149219
"KIRREL3-AS1",-0.0365194134149219
"CYCSP27",-0.0365194134149219
"PAMR1",-0.0365194134149219
"LINC02655",-0.0365194134149219
"H1-7",-0.0365194134149219
"GAPDHP69",-0.0365194134149219
"OR4K13",-0.0365194134149219
"RNU6-835P",-0.0365194134149219
"LINC02308",-0.0365194134149219
"OR4F14P",-0.0365194134149219
"SIGLEC11",-0.0365194134149219
"MTATP6P27",-0.0365194134149219
"IGLVI-63",-0.0365194134149219
"LRRC37A9P",-0.0365346191142424
"TMEM9B-AS1",-0.0367385851259556
"RPS3AP16",-0.0368380991479781
"SEC11B",-0.0368390043262284
"PTMAP3",-0.036860081000968
"PPIAP3",-0.0368641389447086
"RPS7",-0.0369329537305246
"RPL5P11",-0.0370154891827499
"POU5F2",-0.0370536247145606
"BOLA2B",-0.0370989375221156
"RPS17P9",-0.0371449122608158
"LHFPL3-AS1",-0.037161690674789
"RNU6-33P",-0.0372012361593033
"GABRG3",-0.037258512720938
"CEP83",-0.0372640990515146
"LINC01445",-0.0373325189197718
"ZP3",-0.0373918588289077
"RHBDD1",-0.0375067189542634
"OR13E1P",-0.0375369558815473
"FZD3",-0.0375648229279984
"RPL34P31",-0.0376667498527145
"RPL17P16",-0.0376990372525923
"SFXN4P1",-0.0377925953490865
"LINC00520",-0.0378837409827409
"BACH1-AS1",-0.037890626445049
"KMT2C",-0.0379149107487396
"PHF8",-0.0379583558580867
"GNE",-0.0380977031038473
"C18orf21",-0.0381060498145207
"TMEM263",-0.0382790894254843
"PIERCE2",-0.0383202787130006
"GMDS-DT",-0.0383547723007264
"BTF3P5",-0.0386828482819464
"SPCS2P1",-0.0386876653842595
"CDYL",-0.0388973216410468
"FAM85B",-0.0389225444254095
"DNAJC1",-0.0391059556201623
"ATP5ME",-0.039183278899602
"RPL36AP37",-0.0392160712328
"C12orf75",-0.0392251098583107
"RPN1",-0.0393047840629822
"BVES",-0.0393375471884749
"MRTFA",-0.0397704281701678
"ZNHIT3",-0.03978631222594
"EEF1B2P6",-0.0398636252363238
"RUNDC3A",-0.0399121582389745
"THORLNC",-0.0399586768670377
"ZBTB10",-0.0400558971912635
"SLC38A1",-0.0402226768700721
"ZNF253",-0.0403924965115603
"RBM15-AS1",-0.0408460586436913
"SH3BGRL3",-0.0409523991918434
"C1QB",-0.0409979691676524
"NDUFB11",-0.0410325305834501
"LRRC37A13P",-0.0411871971516218
"HSPD1P4",-0.0412303336091471
"EFCAB5",-0.0414302223642214
"NKRF",-0.0414950281722368
"RIMS4",-0.0419182358891362
"FTX",-0.0419380073756669
"OGFRP1",-0.0420704482912615
"ZNF7",-0.0422603207260627
"LINC02015",-0.0422626699089464
"TCTN3",-0.0424291948091641
"SEC63",-0.0425060564601566
"NPIPA3",-0.0425085056714218
"SPSB3",-0.042572140449584
"GPR19",-0.0427655828200565
"HTATSF1P1",-0.0427808482816398
"RNY1P12",-0.0428055492663033
"BACH2",-0.0431052965430514
"WDR74",-0.0431348240996668
"ZKSCAN5",-0.0432808732313064
"PPEF2",-0.0434873960079497
"CENPJ",-0.0435335010263377
"TTC3",-0.043676500588109
"MS4A7",-0.0436996620816315
"KLC2-AS1",-0.0437326384071466
"LTC4S",-0.0439140970299486
"APOBEC3B",-0.0447973174684008
"IGKV2D-36",-0.0448083817912259
"TRBV5-2",-0.0448083817912259
"LINC02092",-0.0448083817912259
"PRPF18",-0.044900676786084
"PIAS1",-0.0449714044430965
"SYMPK",-0.045279913761501
"SIAH2-AS1",-0.0457892437966048
"MTMR8",-0.0458222863227943
"RNA5SP319",-0.0460751721759975
"ZBBX",-0.0461191784247089
"DNASE1L3",-0.0461322649119917
"PLBD2",-0.0462072836498729
"SOX9-AS1",-0.0462313915653592
"C22orf39",-0.0462848099197277
"MIER1",-0.0466139061800755
"ANP32D",-0.0466780712539887
"EME1",-0.0466949777227601
"UNC5D",-0.046767172628845
"SOX5P1",-0.046935417727803
"NUTF2P3",-0.046935417727803
"MS4A5",-0.046935417727803
"MIR1268A",-0.046935417727803
"MIR4519",-0.0469910783308451
"TRIM35",-0.0470016949035821
"ADAR",-0.0471193677464838
"ACTBP7",-0.0471425043141415
"TSBP1",-0.0471695022876593
"RPL34P18",-0.0475868600034402
"PTCHD1-AS",-0.048552624949428
"TMOD1",-0.048577194416079
"PAPPA2",-0.0487562865249209
"SYN2",-0.0487562865249209
"LINC02219",-0.0487562865249209
"CDCA3P1",-0.0487562865249209
"MTCO1P28",-0.0487562865249209
"CYP51A1P2",-0.0488405592105757
"MBTPS1-DT",-0.0491126951216373
"RTN1",-0.0491315479099297
"ZFR2",-0.0492029653659751
"SAFB",-0.0492275791011964
"RPL12P2",-0.0492278036555129
"LINC02228",-0.0492282818020549
"PURG",-0.0492282818020549
"PIANP",-0.0492282818020549
"IGLVI-38",-0.0492282818020549
"SOS1",-0.0495387209367363
"NKAP",-0.0495426406858554
"PIEZO1",-0.0495582589841283
"RPL12P35",-0.0496733254550671
"NRSN1",-0.0496855968286981
"ZNF160",-0.0497499077650659
"TMEM167B",-0.0497870170037444
"CDH13",-0.0498053363163349
"MAP9-AS1",-0.0499077322864867
"TTC28-AS1",-0.0502031581069131
"ZNF451-AS1",-0.0502387583070816
"PSMB4",-0.0504331355171652
"SEC23B",-0.0508599078919514
"CACYBPP2",-0.0510037034289061
"DCAF5",-0.0511627993960088
"GOT2P2",-0.0516000538279435
"XPC-AS1",-0.0516131534663886
"RPSAP3",-0.0522190890617782
"FOSB",-0.0525359230604125
"ZNF20",-0.0526579162686895
"HSPA1B",-0.0526661617194863
"CYLD-AS2",-0.0528391395160153
"H2AC21",-0.0532449057147317
"ERGIC3",-0.0532462295887611
"CNNM3-DT",-0.0533507267711414
"RPS23P8",-0.05343842289378
"RPL9",-0.0535165415294536
"MTND5P2",-0.0535350427134763
"ADO",-0.0537615094074687
"AICDA",-0.0540180651501378
"CHCHD2P9",-0.0542078749914895
"DAD1",-0.0542935476531639
"HR",-0.054601397777202
"SEMA6B",-0.0546248238658084
"RPS15P9",-0.0548631378487462
"CDKN2B-AS1",-0.0549414615049199
"MTERF4",-0.0551445938358647
"MACC1-AS1",-0.0559128041710884
"FXYD6",-0.0559822605608061
"KTI12",-0.0560052244515032
"MRPL47",-0.0561089744236689
"RNF19A",-0.05634570894629
"RPL34P9",-0.0564036202840579
"CLNK",-0.0564036202840579
"MTHFD2P6",-0.0564036202840579
"KHDC1P1",-0.0564036202840579
"BMPR1AP1",-0.0564036202840579
"PRL",-0.0564036202840579
"LINC00533",-0.0564036202840579
"MTND6P24",-0.0564036202840579
"DGKK",-0.0564036202840579
"RPL36P18",-0.0564036202840579
"PBX3-DT",-0.0564036202840579
"OR4C4P",-0.0564036202840579
"DMBT1L1",-0.0564036202840579
"LINC02653",-0.0564036202840579
"LINC02463",-0.0564036202840579
"SNORD115-47",-0.0564036202840579
"SNRPEP3",-0.0564036202840579
"KRT34",-0.0564036202840579
"LINC00029",-0.0564036202840579
"KLK14",-0.0564036202840579
"LILRA1",-0.0564036202840579
"PABPC1P1",-0.0564594817452736
"RPL30-AS1",-0.0565149260377019
"BDP1",-0.0565826499558778
"PCDH12",-0.0565965697431175
"GPCPD1",-0.0568999343262727
"MDN1",-0.0569633673877138
"HNRNPRP1",-0.0569759218009748
"MTERF2",-0.0572402272024306
"DUSP11",-0.0572405282901364
"BORCS5",-0.0577130794553259
"RIPK1",-0.057919473051208
"PRELID3B",-0.0579841422980421
"UAP1L1",-0.057991453926762
"TRDN",-0.0583295901152882
"SLC1A2-AS1",-0.0583295901152882
"MIR3976HG",-0.0583295901152882
"OR2L2",-0.0583545085954715
"MAT2AP1",-0.0583545085954715
"LINC02008",-0.0583545085954715
"OR7E106P",-0.0583545085954715
"IGHV3OR16-12",-0.0583545085954715
"LINC02128",-0.0583545085954715
"TIMM23B",-0.0584666928981893
"REV3L",-0.0585621862981063
"ZNF541",-0.058623108537229
"NSUN6",-0.0587781910175629
"RPL21P2",-0.0588787036764299
"C8B",-0.0588886652216647
"ATP13A3",-0.058951062233011
"ANGEL2",-0.0591714877479096
"CSTL1",-0.0591947433116544
"GLRX3P2",-0.059369298692077
"TIMM17B",-0.0594651058239962
"NDUFB1P1",-0.0595533529544754
"LEF1-AS1",-0.0595612780887279
"OS9",-0.0596020945896288
"PPP1R15A",-0.0596116635614885
"DDR2",-0.0597478559368961
"CHST7",-0.0597589830041622
"RPS27A",-0.0599605027220527
"ANKHD1",-0.0605731663674805
"C1QTNF7-AS1",-0.0610156916856153
"LRRN3",-0.061259005054044
"LIN7A",-0.061259005054044
"LINC00445",-0.061259005054044
"RPS6KC1",-0.0612843689069009
"INO80D",-0.0613254032777471
"RPS3AP20",-0.0618292615802216
"MARK2P19",-0.0620371004162173
"SRBD1",-0.0620824750500303
"RPL32",-0.0621498677436936
"EPB41L1-AS1",-0.0624441678447816
"PET100",-0.0625473518479528
"EEF1B2P2",-0.062991787984354
"VWA5B1",-0.0629978621025658
"LRRC59",-0.0632661086574717
"FIGNL1",-0.0640873936075509
"RPS15A",-0.0641681522811368
"LRRC40",-0.064328704076275
"SIX5",-0.0644595710424909
"ZRANB1",-0.0645779956720434
"RPL30P13",-0.0646046139378191
"ITGAE",-0.0647252022499679
"DTX1",-0.0649933299441694
"TRAPPC9",-0.065168177334303
"AHI1-DT",-0.0652005097622535
"PACS1",-0.0652215485723652
"LINC02606",-0.0652928637742278
"SLC9B1",-0.065560765953006
"PSME4",-0.0655738947615245
"RAB1A",-0.0657374497933497
"CSGALNACT2",-0.0657660594172782
"LIX1L-AS1",-0.0657901330948946
"SRSF8",-0.0659578633916295
"RNPC3",-0.0660903688203574
"PRDM4-AS1",-0.0661127492349363
"RPL15P8",-0.0662033657945464
"TERF2IP",-0.0662297071223275
"MTMR6",-0.0666498029788234
"RPL26",-0.0669176609861444
"CES1P2",-0.0670299677843162
"DBT",-0.0670908604101312
"NR4A2",-0.0675441134381404
"KRIT1",-0.0676692469083241
"SLC30A3",-0.0678030976695342
"LDLRAP1",-0.068235280450844
"TIALD",-0.068619219898007
"C2orf78",-0.0690037881305407
"LINC02624",-0.0690265551824869
"RNU6-1333P",-0.0693327671715376
"ACTBP11",-0.0694360881520514
"CWC15",-0.0695647520805671
"ZNF614",-0.069721490446464
"YPEL3",-0.0697771766998291
"RPS27AP1",-0.0697790649830596
"MTCO2P22",-0.0698188373489905
"CSNK1G3",-0.0698598887386194
"RASSF1-AS1",-0.0700671101081488
"LETR1",-0.0703089985575319
"PCDHB4",-0.0706084425320728
"BRD4",-0.0707320878699859
"KAT7",-0.0711177733364
"CDC25A",-0.0712084634285718
"ALKBH2",-0.071217939215414
"RNF32",-0.0715214824144003
"LINC00664",-0.0715975311681117
"SLC51A",-0.071750844732909
"SLC35B3",-0.0718969028459295
"RTL1",-0.0719817865528891
"CDK15",-0.0720573957370682
"MYO9B",-0.0720851244870479
"ZBTB47-AS1",-0.0725860564583385
"PAPLN",-0.072616029641932
"RPL27AP3",-0.0727959682117552
"ATP1B3P1",-0.0728744733871274
"MMD",-0.0730078704426274
"FAM66A",-0.0732279500520255
"PTBP2",-0.0732655364573867
"KANSL1-AS1",-0.0732888427263471
"MUC7",-0.0733708493974096
"IGKV1OR1-1",-0.0736625846077617
"HSPE1P25",-0.0736625846077617
"YRDCP2",-0.0736625846077617
"MEG8",-0.0739539264319899
"ATF4P1",-0.0740072880365781
"SHLD2P1",-0.0740072880365781
"RNU6-860P",-0.0741391592438136
"IGHD2-15",-0.0741391592438136
"CHRM5",-0.0741391592438136
"CCNL2",-0.0742214300367402
"GNAS",-0.0743210590172918
"EEF1A1",-0.0743713227322151
"MAPRE1P1",-0.0744426016750696
"PSEN1",-0.0745842240374527
"POU6F1",-0.0746888849777152
"KCNH2",-0.074922999014665
"RABL3",-0.0749919835238845
"MED10",-0.0754319960886369
"PARG",-0.07558328031396
"ADARB2",-0.0759242405503007
"ZNF33B",-0.0763015444287806
"EHD1",-0.0764603125420576
"SOS2",-0.0764610196585609
"HSP90AA6P",-0.0768441359719534
"IFI27L1",-0.0769722242902237
"AKAP6",-0.0769749378602905
"RAD9B",-0.0770843281843541
"C5orf47",-0.0771753353366914
"SERPINB8",-0.0773361809040588
"LINC01610",-0.0776509537046348
"RANBP1P1",-0.0776922666150605
"PHF10",-0.0780220784582496
"OSER1",-0.0780349108464978
"HCG4P8",-0.0781729102169227
"STAG2",-0.0782683200359917
"PIK3R1",-0.0783936686734646
"ZNF72BP",-0.0784178957216027
"IGLVIV-53",-0.0784178957216027
"WHRN",-0.0784497478021755
"TNS2-AS1",-0.0786405233838013
"APOB",-0.0786414789432823
"MARF1",-0.0788734709165017
"TNRC6A",-0.0788910685673876
"RGS10",-0.079276310857937
"CYCSP46",-0.0794396668595402
"LILRB5",-0.079489040959775
"C17orf58",-0.0795011663032477
"TOP6BL",-0.0797904512338247
"GALNT13",-0.0800087404819358
"AMD1P4",-0.0800590208158972
"LINC01005",-0.0800590208158972
"PPEF1",-0.0800590208158972
"ZNF519",-0.0806233764957882
"ADAMTS19",-0.0807355937353044
"ANO3-AS1",-0.0807355937353044
"RNU6-977P",-0.0808122980459906
"TBC1D31",-0.0808521586739903
"OR7A19P",-0.0809480058073328
"LINC01132",-0.0811509646924026
"CCNE2",-0.0811726705354469
"TNFSF9",-0.0813546755689293
"MTND5P17",-0.0814696718378118
"IL9RP4",-0.0815900144639767
"TSTD3",-0.0819694471633417
"DDX6",-0.0821370052182542
"ID2B",-0.082372936299765
"KCNG4",-0.082379643193827
"IGKV1D-32",-0.0825035482478794
"SNORD115-9",-0.0825035482478794
"MIDEAS-AS1",-0.0825339680398593
"RBM26",-0.083060914237477
"ITGB8-AS1",-0.0831099096526873
"IGKV2D-10",-0.0831732286713156
"SLFN14",-0.083415759672439
"KCNMA1",-0.0837926037292686
"COL1A2",-0.0840263112593377
"LINC01266",-0.0842029340326823
"LRRFIP1P1",-0.0842179769487565
"ADAT2",-0.0846879957510643
"PAPPA-AS1",-0.085317146651123
"RPS23P10",-0.0853567927939467
"RPL7P20",-0.0853567927939467
"CALCB",-0.0853567927939467
"RPL31P44",-0.0853567927939467
"TRAV34",-0.0853567927939467
"IGHD7-27",-0.0853567927939467
"IGHJ1P",-0.0853567927939467
"IGLV4-69",-0.0853567927939467
"MIA3",-0.0854015846255931
"MKLN1",-0.0855917012193329
"CDHR5",-0.085647132623045
"COL28A1",-0.0862144889534724
"NCBP1",-0.0865511165750175
"MED13L",-0.0869106439436123
"EIF1P2",-0.087082245873379
"OR2C3",-0.087082245873379
"HAUS1P1",-0.087082245873379
"RPL17P25",-0.087082245873379
"RNU6-1247P",-0.087082245873379
"R3HDM2P2",-0.087082245873379
"ZP3P2",-0.087082245873379
"NPY",-0.087082245873379
"CBLL1P1",-0.087082245873379
"LINC03113",-0.087082245873379
"NPAP1P4",-0.087082245873379
"RNU7-21P",-0.087082245873379
"LINC00457",-0.087082245873379
"RPS10P29",-0.087082245873379
"TMPRSS15",-0.087082245873379
"LINC02901",-0.0874304141223743
"TMEM89",-0.087500073139701
"PAPSS1",-0.0875034436282297
"ZNF674-AS1",-0.0875346815665382
"GDAP2",-0.0876840900264204
"CRELD2",-0.0877881447374742
"KIAA0087",-0.0879456102029897
"THBS2-AS1",-0.0881283501875848
"RPLP2",-0.0881961486765582
"H2BC10",-0.0882545329142974
"ZNF594",-0.0883519662345883
"CA1",-0.0884289610213353
"RPS21P4",-0.0887573484727069
"LINC01801",-0.0888166692340139
"RPL34P27",-0.0889304704385164
"WBP11P2",-0.0889574262979603
"TMEM167A",-0.089070362529761
"FBH1",-0.0895515561549585
"RPS21",-0.0897009149323967
"ZNF266",-0.0897958020751104
"LINC01141",-0.0901375594690109
"TCF25",-0.0904249536677416
"HSPA8P9",-0.0909437875304218
"DLEU2",-0.0909457120405168
"EYA3",-0.0913395129991774
"EEF1A1P38",-0.0913502392582236
"MEF2C-AS1",-0.0916317076011134
"RPL7P12",-0.0918328479885497
"GNRHR2P1",-0.0918328479885497
"IGHV3-32",-0.0918328479885497
"SUMO2P16",-0.0918981260460476
"MS4A10",-0.0918981260460476
"IGHEP1",-0.0918981260460476
"ATP5MK",-0.0919583671460949
"OR10K1",-0.0921655303658357
"SETP6",-0.0921655303658357
"EI24P3",-0.0922379032864636
"IGHVII-60-1",-0.0922379032864636
"LINC02508",-0.0922531075501912
"RNU6-959P",-0.0922881749772798
"CBX5P1",-0.0922881749772798
"ALAS2",-0.0922881749772798
"H2AC14",-0.092886520903238
"ARMC2",-0.0931235151812928
"TMCO3",-0.0933649589949797
"ADGRB3-DT",-0.0933825802928452
"ZNF280A",-0.0933825802928452
"IGLV3-24",-0.0933825802928452
"DSTYK",-0.0934585311836254
"PDS5B",-0.0934896560374765
"SREBF2-AS1",-0.0937169043587746
"CSPP1",-0.0939772731370438
"RPL6P27",-0.0939861952670831
"DIP2A-IT1",-0.0939861952670831
"CASP8",-0.0941131188364906
"SNORA53",-0.094473244221079
"CIAO2AP2",-0.0944892583307025
"CKAP2",-0.0946529871809709
"MANSC4",-0.0948803456721592
"PLD6",-0.09498921288938
"GTF2E1",-0.0950362703304038
"SOX30",-0.0950865875505561
"API5P1",-0.0950865875505561
"IGHV8-51-1",-0.0950865875505561
"OSBPL9P3",-0.0951182685602132
"OR4D10",-0.0951182685602132
"OR7E4P",-0.0951182685602132
"LINC02741",-0.0951182685602132
"SETP3",-0.0951182685602132
"TMEM236",-0.0952772797395219
"CRX",-0.0954098805459465
"PGAM1P12",-0.0954845013461647
"ZDHHC20P2",-0.0955550748701281
"SLC26A3",-0.0956791645343702
"HADHBP1",-0.0956791645343702
"RN7SL627P",-0.0956791645343702
"TRBJ1-6",-0.0959318681059493
"NGDN",-0.096437121968828
"DNAJC4",-0.0966046383147338
"OTOG",-0.0967111653870035
"APOBEC3B-AS1",-0.0970271996192885
"ST8SIA5",-0.0970706138582246
"PNPLA8",-0.0970738884327173
"LINC01280",-0.0970781247194518
"HMBOX1-IT1",-0.0971375781141579
"LINC02535",-0.0973329898425801
"PCDH19",-0.0975295640801728
"RPL23AP66",-0.0975295640801728
"SGSM3-AS1",-0.0975621055698815
"CUX2",-0.0975987031845497
"RN7SL784P",-0.0975987031845497
"ISCA1P1",-0.0977373741664482
"NPM1P29",-0.097851826538851
"FUZ",-0.0980501435905012
"GGT4P",-0.0980528624417473
"DDHD1",-0.0984950094831573
"RPL24P6",-0.0985544843973976
"RPL13P4",-0.0986096781792852
"OR2J3",-0.0990723570458541
"BMS1P3",-0.0990723570458541
"LINC01531",-0.0990723570458541
"LINC00226",-0.0991139716583839
"MIR6779",-0.0991139716583839
"CDKN1A",-0.0992974896880477
"RNU6-1170P",-0.0995941835072348
"NDUFB9P2",-0.099625121313957
"BTF3P2",-0.0997505628975995
"IDS",-0.0997920089917672
"RPL23AP15",-0.0998112354374979
"RNU6-242P",-0.0998112354374979
"NABP1",-0.0999382023739573
"YWHAZ",-0.100024499022814
"FAM177A1",-0.100026950786987
"RPS16P5",-0.100266735369872
"LIMS1-AS1",-0.100478299292067
"RNU6-539P",-0.100478299292067
"SOCS2P2",-0.100478299292067
"LILRB2",-0.100648805334206
"FCAMR",-0.100649111826865
"OR2T7",-0.100649111826865
"OVAAL",-0.100649111826865
"MTCO2P18",-0.100649111826865
"IGKV3D-25",-0.100649111826865
"UBTFL6",-0.100649111826865
"API5P2",-0.100649111826865
"LINC01940",-0.100649111826865
"ADIPOQ",-0.100649111826865
"TAGLN3",-0.100649111826865
"ACTR6P1",-0.100649111826865
"RN7SL335P",-0.100649111826865
"ADH4",-0.100649111826865
"RPPH1-3P",-0.100649111826865
"RPS23P5",-0.100649111826865
"LECT2",-0.100649111826865
"ZNF366",-0.100649111826865
"RN7SL408P",-0.100649111826865
"GSTA8P",-0.100649111826865
"HTR5A",-0.100649111826865
"MTND1P31",-0.100649111826865
"STK24P1",-0.100649111826865
"FTHL17",-0.100649111826865
"BLOC1S6P1",-0.100649111826865
"IL1RAPL1",-0.100649111826865
"DEFB105A",-0.100649111826865
"LNCARSR",-0.100649111826865
"SLC6A15",-0.100649111826865
"FAM204CP",-0.100649111826865
"HCFC2P1",-0.100649111826865
"LINC00558",-0.100649111826865
"IGHVIII-26-1",-0.100649111826865
"KIF26A",-0.100649111826865
"LINC01081",-0.100649111826865
"AGGF1P5",-0.100649111826865
"RNU2-32P",-0.100649111826865
"PSMD7P1",-0.100649111826865
"LINC02002",-0.100649111826865
"MYOCD-AS1",-0.100649111826865
"SYT4",-0.100649111826865
"BPIFA3",-0.100649111826865
"B3GALT5-AS1",-0.100649111826865
"MADCAM1",-0.100860038271075
"RPL13AP2",-0.100901972220004
"ITIH1",-0.101149828034531
"DNM1P35",-0.101433406063138
"INTS9-AS1",-0.101439508084801
"PINK1-AS",-0.101460171971473
"PSTK",-0.10149892777455
"SEMA4D",-0.101564061868516
"PTMAP4",-0.101639880519319
"NIPSNAP3B",-0.101717209288264
"LMBRD1",-0.101821707100857
"IFIH1",-0.10232165054184
"IDH1P1",-0.102592416163046
"RHOJ",-0.102592416163046
"MFN1",-0.102783917003431
"CASP9",-0.103171572362503
"RPS2P32",-0.103185217515574
"HSPBAP1",-0.103439984399165
"CDC42P4",-0.103478229279046
"GUCY2F",-0.103478229279046
"NPM1P26",-0.103641272489506
"RPL6",-0.103781462531044
"TMEM208",-0.103793200215654
"ZSCAN2-AS1",-0.103816849519572
"CD1B",-0.103828830575716
"C8A",-0.103828830575716
"QRSL1P1",-0.103828830575716
"RPL36AP14",-0.103828830575716
"RPL21P70",-0.103828830575716
"FBXO36-IT1",-0.103828830575716
"CDRT15P4",-0.103828830575716
"TEX55",-0.103828830575716
"CPNE4",-0.103828830575716
"SHOX2",-0.103828830575716
"LINC01997",-0.103828830575716
"LINC00620",-0.103828830575716
"ARHGEF3-AS1",-0.103828830575716
"LINC02042",-0.103828830575716
"LINC01972",-0.103828830575716
"RARRES2P4",-0.103828830575716
"CDH10",-0.103828830575716
"SLCO6A1",-0.103828830575716
"SNAP91",-0.103828830575716
"MCHR2-AS1",-0.103828830575716
"MAGEB17",-0.103828830575716
"RN7SL395P",-0.103828830575716
"ADAM2",-0.103828830575716
"SNX18P3",-0.103828830575716
"OR1N1",-0.103828830575716
"RN7SL596P",-0.103828830575716
"LINC02725",-0.103828830575716
"PGR-AS1",-0.103828830575716
"LINC00858",-0.103828830575716
"RNU6-36P",-0.103828830575716
"PTPRQ",-0.103828830575716
"HNRNPA1P18",-0.103828830575716
"IGHVIII-76-1",-0.103828830575716
"OR11J7P",-0.103828830575716
"RN7SL428P",-0.103828830575716
"GABRA5",-0.103828830575716
"GABRG3-AS1",-0.103828830575716
"RHPN2P1",-0.103828830575716
"KRT17P2",-0.103828830575716
"KCNQ2-AS1",-0.103828830575716
"MEIOSIN",-0.103828830575716
"VSTM2B-DT",-0.103828830575716
"LINC01700",-0.103828830575716
"COL18A1-AS2",-0.103828830575716
"CNTD1",-0.103835662277123
"EIF4BP1",-0.103966227528887
"EBLN3P",-0.104075704233773
"RPL34P34",-0.10415964597184
"CHRM2",-0.104325765198459
"RANBP9",-0.104346944725695
"SEC61A1",-0.104442459955396
"GPNMB",-0.104556436320701
"BHMT2",-0.104624122197972
"CYLD",-0.104692189702149
"RSPH6A",-0.104780487415462
"NDUFAF6",-0.104812320140215
"KLHL10",-0.104903853964852
"TBL1XR1",-0.104955403555093
"EID3",-0.105005395770743
"LINC02648",-0.105116545974494
"CPEB1-AS1",-0.105279859556473
"LINC02715",-0.105353907681214
"H3C12",-0.105390489152821
"CNTN1",-0.105543087775564
"INSR",-0.105575820442464
"TMEM126A",-0.105674956785483
"EMCN",-0.10579605577365
"BARD1",-0.106021003825867
"UHRF2",-0.106099566887764
"ATG13",-0.106243723277002
"NFKB1",-0.106369901274897
"C11orf24",-0.106638459966865
"ZC3H11B",-0.106735212312289
"VWF",-0.107162986184362
"RPS10P9",-0.107246473577408
"GFOD1",-0.107319420505853
"WWC3-AS1",-0.107377715613607
"CCNL1",-0.107437738773462
"PLCG1",-0.10745307207143
"DUSP16",-0.1077387437482
"MT-TT",-0.107998892884995
"ZSWIM6",-0.108307786187495
"CALHM5",-0.108513639744368
"ZNF260",-0.108629369915035
"RPL12P33",-0.108981965600929
"PDZRN3",-0.109032448219685
"SLC2A6",-0.109157009926544
"VCAN-AS1",-0.109328020917736
"SMIM27",-0.109596185817059
"RN7SL285P",-0.109861893836157
"CENPM",-0.110410644062788
"SGO1",-0.110820566083373
"RPL4P4",-0.110847215666912
"NAMA",-0.110915606912149
"SNX29",-0.111124372635983
"MRPS33",-0.111191383602946
"FRG1",-0.111378968898315
"HPS4",-0.111447874089374
"RPS3A",-0.111460081918749
"PTAFR",-0.11178295966186
"ALG5",-0.111882251004097
"BUD23",-0.111959089343306
"ZNF765",-0.112999152340869
"CHIC2",-0.113186279360494
"EEF1A1P12",-0.11367169014637
"PINK1",-0.114144044992007
"ARL6",-0.114341934435312
"TMF1",-0.114548051867642
"PHF6",-0.114596428782234
"NMT2",-0.114971007726135
"POLN",-0.115010209629987
"OPA1",-0.115159859707781
"SF3B5",-0.115318610175446
"SNX14",-0.115340838822958
"NUP210",-0.115627546536211
"EPHB6",-0.11564034046966
"TMEM154",-0.115868605379972
"LINC02205",-0.115900720110662
"HLCS-AS1",-0.116135283039519
"SINHCAF",-0.116153976540086
"ZNF543",-0.116645634025552
"RABGAP1L-AS1",-0.116666752607119
"LINC00589",-0.116732553766919
"RWDD2B",-0.11707083695828
"SIGLEC15",-0.117373080659672
"TMEM65",-0.117833196314469
"GABARAPL1",-0.118387583855354
"AFTPH",-0.118711545651941
"SVEP1",-0.118724956421543
"TULP4",-0.118789277320576
"UTP23",-0.118834585609652
"C14orf93",-0.119117895699929
"GOLGB1",-0.119289624276202
"SRRM1",-0.119342496743109
"TCP1P1",-0.119620920672855
"SMCHD1",-0.119622382270818
"CHCHD2P2",-0.11966914473991
"TMLHE",-0.120013752034251
"VAT1",-0.120067086958301
"RPL21P53",-0.120161808429671
"CDC42P6",-0.120269224138562
"DIP2A",-0.120356240450435
"ZC2HC1A",-0.120933473613527
"PPP4R2",-0.121287315469746
"TICAM2-AS1",-0.121917829270035
"RPL17P34",-0.122075417683524
"ZNF383",-0.122263163868143
"PPTC7",-0.122572239785092
"TBP",-0.123527018797683
"TMEM70",-0.123661531837293
"DLG3-AS1",-0.123674856930544
"RNGTT",-0.123967884739499
"SPATA3-AS1",-0.124156724663316
"AQP11",-0.124662305182868
"OR14A16",-0.124842154492829
"HJV",-0.124842154492829
"HSD3BP2",-0.124842154492829
"RN7SL18P",-0.124842154492829
"RNPC3P1",-0.124842154492829
"MIR1468",-0.124842154492829
"SLEAR",-0.124842154492829
"LINC00596",-0.124842154492829
"RSPO4",-0.124842154492829
"PIWIL3",-0.124842154492829
"PRKAG1",-0.125158128168356
"TUT1",-0.1252630528504
"RPL38",-0.125325214055546
"LINC02259",-0.125585301512823
"TBC1D22A-DT",-0.125867140196442
"NDE1",-0.12621392323287
"GPR78",-0.126514560089524
"PSPC1",-0.127121451286493
"ZC3H7A",-0.127230961575151
"CFAP57",-0.127308187581989
"TMEM117",-0.127729258908593
"GRK3-AS1",-0.127786922350866
"AGPAT3",-0.128169522699173
"SNORA84",-0.128184080757812
"IPO11",-0.128235267277541
"SMCO2",-0.128754137819992
"BCLAF3",-0.128795516694829
"STK17A",-0.129640938468479
"TATDN3",-0.130147599764942
"LINC00662",-0.13048539260594
"RPL5P17",-0.131140136497158
"FAM9B",-0.131140136497158
"OR51B5",-0.131140136497158
"RFX4",-0.131140136497158
"MTND4P33",-0.131140136497158
"WFIKKN2",-0.131140136497158
"OR10H4",-0.131140136497158
"REEP5",-0.131359070903037
"RPL7P32",-0.131482546330293
"RPS20P14",-0.131483135434619
"CDC40",-0.131621840264421
"ATRX",-0.131755670058092
"BRD7P2",-0.131881336721062
"GNB5",-0.131989278410703
"EEF1GP4",-0.132265705288284
"GNL3",-0.132368884513078
"OSBPL10-AS1",-0.132377032774086
"CXXC5-AS1",-0.132721176425716
"HNRNPA1P50",-0.13295503450167
"PDCL3P7",-0.132957073611301
"BIRC2",-0.133277042018884
"ITGA6",-0.1335263134581
"RPL5P30",-0.13425092186821
"DRAM2",-0.135146002731238
"C15orf61",-0.135244190945572
"BOD1L1",-0.135314974793162
"NHLRC3",-0.135456020074589
"C1DP1",-0.135704721700721
"SETDB2",-0.135870093151025
"HLTF",-0.135950302188293
"NAV2-AS1",-0.136033267682468
"RNF111",-0.136177578277405
"PAK3",-0.136232352583991
"FAM87B",-0.136562575788242
"LINC02946",-0.136562575788242
"MORC1",-0.136562575788242
"NBPF26",-0.137140845232827
"PPIAP37",-0.137972926491381
"C6orf163",-0.137972926491381
"EEF1A1P49",-0.137972926491381
"ATRNL1",-0.137972926491381
"RPS3AP36",-0.137972926491381
"CLEC4E",-0.137972926491381
"WBP1P2",-0.138017416035117
"PKD1P2",-0.138149229124165
"HTRA2",-0.13849170007139
"GTPBP8",-0.138789293920477
"ZNF184",-0.139100627950015
"C12orf42",-0.139236697801757
"ITPRIP",-0.139673773446431
"ITPR3-AS1",-0.139961094662982
"LZTFL1",-0.140163198036014
"RPL7P8",-0.140306934371678
"RNU7-195P",-0.14032586616033
"RPS8P4",-0.140349907368396
"ANKRD39",-0.140763275457395
"ATXN1",-0.140891001536492
"PLCXD2",-0.141688505203902
"ARID2",-0.141775094473019
"BUD31",-0.141922099356573
"ZNF493",-0.142290848576524
"ZC3H15",-0.142338937912913
"BTF3P4",-0.142409213628475
"UBA52",-0.142677671384322
"RB1CC1",-0.143333693984815
"SKP1P2",-0.143433716272063
"STRC",-0.143495745393083
"SUN2",-0.143684769369565
"PIGW",-0.143991680493343
"ZFX",-0.144418554997869
"ZEBTR",-0.145090462112534
"ATP8A2P2",-0.145090462112534
"MYH4",-0.145090462112534
"EFCAB3",-0.145090462112534
"NXPH4",-0.145151562362191
"SSR1",-0.145702262617999
"PPIF",-0.14588627003087
"COX16",-0.146034541147529
"HSPA8P7",-0.146412604341012
"CCL20",-0.147194009540123
"ULBP1",-0.147514645825285
"SPTY2D1",-0.14820309872921
"RPS4XP6",-0.14884097435525
"DNAJB11",-0.148949090883581
"ZMYM2",-0.149014617924092
"ETFRF1",-0.149061285639535
"TNFRSF25",-0.149684017958871
"FCMR",-0.150136750662547
"ATP1B3",-0.150172380562059
"LINC00458",-0.150646795035447
"ANK1",-0.150688115362697
"CASC23",-0.150869913485154
"PRR11",-0.150909502672954
"ATE1",-0.151666493850124
"ACE2",-0.152048258384572
"LINC01400",-0.152114275418458
"TAFA3",-0.152398697103073
"LYSMD4",-0.152849940864719
"AQP10",-0.152867386162167
"LRTM1",-0.152867386162167
"RPA2P2",-0.152867386162167
"RNA5SP353",-0.152867386162167
"PRSS33",-0.152867386162167
"TMED4",-0.152964772923849
"TSTD2",-0.153274916538718
"ZIK1",-0.153513460236847
"SEPTIN7P6",-0.153572721788304
"PARL",-0.153992424177005
"PPP1R2",-0.154229773505145
"NAP1L4P3",-0.154539337147096
"SEC61G",-0.15504278424943
"SNHG21",-0.155078201388867
"RPS28P7",-0.155108810993621
"NDUFV3",-0.155159942510625
"RNU4ATAC",-0.155559565101368
"LINC01237",-0.155613324677276
"ARID4A",-0.156401925284399
"STK16",-0.156582397893949
"NDUFAF5",-0.156947602194849
"PUS3",-0.157361003817575
"REX1BD",-0.157713897502033
"ARG2",-0.157972312966784
"ZNF846",-0.157999550780601
"COX7A2",-0.158301712338527
"PABPC1",-0.158567316215832
"F8A2",-0.159330780955715
"TMPRSS7",-0.159500789708644
"MTND2P21",-0.159668579231136
"CNTNAP5",-0.159668579231136
"RPS2P18",-0.159668579231136
"LINC00879",-0.159668579231136
"GABRB1",-0.159668579231136
"LRIT3",-0.159668579231136
"MTX2P1",-0.159668579231136
"RN7SL720P",-0.159668579231136
"OR4A11P",-0.159668579231136
"OR4A48P",-0.159668579231136
"LINC02686",-0.159668579231136
"MDGA2",-0.159668579231136
"RPL31P56",-0.159668579231136
"BPIFB3",-0.159668579231136
"BRD8",-0.159847388484963
"WDR45",-0.159943692487589
"RNU7-41P",-0.160003054292789
"MTIF2",-0.160157093164471
"SBDS",-0.160527445240543
"ELK2AP",-0.160784646158436
"BMAL2",-0.161807287678008
"BMS1P20",-0.16202992356115
"CRTC3",-0.162199234759204
"MAP1LC3B",-0.162208274716698
"SPAG5-AS1",-0.163023454512685
"COLQ",-0.163065948680903
"HAUS3",-0.163390965121251
"RPS9P2",-0.163432462089122
"CHRNA6",-0.163594570730123
"RPS28",-0.163612419668761
"MARK3",-0.163633728029142
"TBC1D24",-0.163853083917672
"LINC03011",-0.163887347029168
"VPS13B",-0.164970947344651
"TMEM276",-0.165002087524719
"RNVU1-24",-0.165654893624168
"MIR4436A",-0.165654893624168
"CFAP91",-0.165654893624168
"NECTIN3-AS1",-0.165654893624168
"RPL35P4",-0.165654893624168
"RPL36AP40",-0.165654893624168
"MYO18B-AS1",-0.165654893624168
"GCDH",-0.165797414948013
"UPF3B",-0.166838636668675
"NOMO2",-0.167046786552834
"NDUFAF2P1",-0.167107888364489
"GRK5",-0.167309186792095
"IGKV3D-31",-0.167316615104665
"KIAA0040",-0.167489730271763
"VSTM4",-0.167868051534548
"USP11",-0.167887692530029
"EIF1AX",-0.16806173023932
"RPL34P16",-0.168080298995585
"HSPA8P1",-0.168472695795446
"RPS28P4",-0.168655651530329
"TATDN2",-0.16891361329726
"LINC01287",-0.16899348639455
"KNG1",-0.169616762683268
"ALOX12",-0.169715932083591
"DNAJC22",-0.170056424355076
"BNIP2",-0.171169926488837
"EVI5",-0.171240934504188
"FKBP14",-0.17162720302076
"HBS1L",-0.171912475541866
"RPL31P18",-0.172413839170908
"EDRF1-DT",-0.172416611834787
"NEK1",-0.172550762718257
"PARTICL",-0.172629411110177
"RPL7L1P3",-0.172771132239935
"SETBP1",-0.173793498586534
"BLOC1S3",-0.173891988909106
"ZMIZ1",-0.173946336269736
"ASS1P1",-0.174011177086089
"PPM1M",-0.174663419027889
"MYREM",-0.176753174134473
"HES5",-0.176853856483353
"PPP1R2B",-0.176946880965867
"SNORA3B",-0.177294343710468
"PADI4",-0.177315255888472
"RN7SL372P",-0.177315255888472
"RPA3P1",-0.177315255888472
"LINC01853",-0.177315255888472
"GABRR3",-0.177315255888472
"LINC02278",-0.177315255888472
"RNA5SP184",-0.177315255888472
"ETDB",-0.177315255888472
"MAJIN",-0.177315255888472
"MRPL40P1",-0.177315255888472
"KRT38",-0.177315255888472
"HIKESHIP2",-0.177315255888472
"BCLAF1",-0.177432818662277
"PNISR",-0.177664562438384
"SGCZ",-0.178085059152574
"DOP1A",-0.178336755765591
"HSPD1P3",-0.178339231114534
"TRPM3",-0.178426373799492
"LINC01275",-0.179046111605617
"NMD3",-0.17956214532468
"RPL11",-0.180448118944023
"ZNF124",-0.180712297813782
"MYH15",-0.18071597078761
"RAB3D",-0.180840718716493
"LINC03068",-0.181086037878835
"RPL12P8",-0.181243946664933
"OR4K17",-0.181348786178293
"SEPTIN7",-0.181357264674124
"SDE2",-0.181457882562562
"ZNF962P",-0.181677528242135
"PAN3-AS1",-0.181781030588732
"ZNF772",-0.182494818882998
"MIR1244-3",-0.18252742193025
"SLU7",-0.182566417230973
"ZNF225",-0.183042176010731
"PKD2L2",-0.183564871198572
"ALG13",-0.184396395130927
"ATP6V0CP4",-0.184847909427211
"LINC02395",-0.185233312571629
"SYAP1",-0.186658964155001
"ATXN7L2",-0.186846339308516
"AKAP9",-0.186907925302648
"INSIG2",-0.18698667241921
"TPD52",-0.187084755224672
"ARPP19",-0.187163609451276
"TGDS",-0.187523319594138
"RBMS1P1",-0.18765627593259
"HSP90B3P",-0.187823745183721
"CTTN-DT",-0.187901039443637
"IFI27L2",-0.187966602666192
"RPS24P19",-0.187968692234769
"RPL41P5",-0.188044225403981
"AGAP2",-0.188681216789103
"ETV6",-0.188782660197582
"CHD2",-0.188918320400584
"ATG10",-0.188992614377122
"FTH1P5",-0.189322574966119
"AOC1",-0.189496800610692
"TGFB1",-0.189711555306171
"LY6G5B",-0.189741933337892
"MIR22HG",-0.189844783453744
"ZC3H8",-0.190560073731348
"ST13P6",-0.190807294327916
"RPS15AP12",-0.19094256393126
"RNU6-10P",-0.191431848562948
"LAYN",-0.191582547186763
"RPL36AP21",-0.191939163105356
"GABPB1",-0.192478092468624
"RNFT2",-0.193033523901982
"PUM2",-0.193732085386968
"IST1",-0.194315445162712
"LINC02332",-0.194481946236671
"MIR548O",-0.194811351703335
"WWP1",-0.194987867472711
"EIF5P1",-0.195116146625015
"FBXO42",-0.196227221367748
"CDC42SE2",-0.196230555487574
"VAV1",-0.196519810448162
"RPS6",-0.196883229872881
"USP7",-0.197199068344646
"TMEM44-AS1",-0.197967203080501
"CAPZA1",-0.198021413394074
"RPL12",-0.198527027911018
"HSPH1",-0.198734166169498
"PPP6R3",-0.198750514649506
"LINC02465",-0.198983650555342
"TRAM1",-0.1991183538184
"LINC02327",-0.199223795831473
"TBK1",-0.19999525597829
"OVOL1-AS1",-0.200179795114317
"FTH1P1",-0.200445401212805
"CALU",-0.200785166152905
"NUBP2",-0.200809775153382
"RASGRP2",-0.201392178371542
"POLR2J3",-0.201668810025419
"CREBBP",-0.202228298070462
"ZNF749",-0.2025541537754
"FUNDC2P1",-0.203204262666987
"DDB1",-0.20335186123284
"GOLGA8VP",-0.203633770549122
"ZBTB25",-0.204059994953807
"ACOX3",-0.204145977152744
"NLGN3",-0.204189023955049
"FAM13B",-0.204442628998665
"USP16",-0.204983949455526
"LNCTSI",-0.205512017962451
"PTMAP9",-0.206016086800697
"GPR68",-0.206543170081427
"MAK",-0.206874598712537
"RNY4P7",-0.206992022012814
"ARID3B",-0.207821776807342
"MAPK8",-0.208297853442867
"TMC8",-0.208569109031467
"VKORC1",-0.208979135299495
"SNX9",-0.209104293619383
"FAM3C",-0.209462028757198
"PIK3C3",-0.20980750007181
"LINC02450",-0.210243335879505
"SRP14-DT",-0.211107744632353
"RNASET2",-0.211612344549178
"CBLL1",-0.212539347199517
"SLC44A1",-0.212750705487923
"GARS1",-0.212781047193852
"RPL3P13",-0.213189959646003
"DDX19A-DT",-0.213588070748243
"YWHAZP6",-0.214023059880143
"RBM43P1",-0.214142122196461
"CPA2",-0.214142122196461
"LINC02721",-0.214142122196461
"TAF9BP2",-0.214142122196461
"ZDHHC20P4",-0.214142122196461
"QKI",-0.214585040863281
"DPRX",-0.215268730200112
"DNAJA1P3",-0.21550041338345
"UBN2",-0.215655610703299
"XPA",-0.215691151924068
"RPL22P16",-0.215932623576437
"HP1BP3",-0.216613304673157
"SLC2A14",-0.216658677405109
"ENOX2",-0.217026641437775
"ARHGAP11A-DT",-0.218604451568677
"SRPRA",-0.218851222651697
"ZNF131",-0.219371867584113
"RPS27L",-0.219877168931508
"TOGARAM1",-0.219882404688404
"SEC24D",-0.220268316047742
"MYDGF",-0.220812798062912
"COX18",-0.220854371083179
"RNU7-85P",-0.221533386719383
"ADRA1D",-0.221533386719383
"TOX4P1",-0.221871539150238
"CNPY2",-0.222059600164828
"PURB",-0.222324317654
"TAB2",-0.223092084816709
"VMP1",-0.223197593414955
"DMTF1-AS1",-0.22357382198839
"LINC02616",-0.224185459955082
"LINC02941",-0.224185459955082
"TMEM184CP1",-0.224185459955082
"BRS3",-0.224185459955082
"PINCR",-0.224185459955082
"LINC02312",-0.224185459955082
"IGF2BP1",-0.224185459955082
"LINC00469",-0.224185459955082
"LINC01834",-0.224185459955082
"RPL21P121",-0.224196197888481
"RPS27P29",-0.224277488384009
"PPM1B",-0.224349375985923
"CALM1",-0.224655545421941
"STX8",-0.22533727828905
"LINC00173",-0.226337934366104
"TMEM39A",-0.226597318865464
"RNU6ATAC39P",-0.227800541061626
"GPR146",-0.228397277999987
"ZNF816",-0.228769294852315
"OXCT1-AS1",-0.228969654058013
"MTOR",-0.229721615623014
"SPOCD1",-0.229839912436192
"NOTCH2NLA",-0.230212708222263
"CHORDC1P5",-0.230489432197529
"PLGLB1",-0.230489432197529
"RPL21P45",-0.230489432197529
"SYTL3",-0.231197635479209
"CBX6",-0.231564715349528
"STIMATE",-0.231647749041603
"TEK",-0.231933719235393
"RARS2",-0.232469541396172
"IGHVII-43-1",-0.233189405680394
"CYTL1",-0.233228415240833
"CTAGE1",-0.233240495732127
"CORO7",-0.233918879327022
"LRCH1",-0.234196001915377
"ZNF469",-0.234439053927089
"RANP6",-0.234724950472808
"DDX11",-0.234919210366203
"BMP2K",-0.23512333149274
"LINC00466",-0.235254410668575
"NPM1P19",-0.23530611560969
"CYTH1",-0.235799289772287
"RPS10P28",-0.235955865397623
"RPL4P3",-0.236373137243181
"RAC1P5",-0.236628150136069
"ARHGAP11B-DT",-0.236746915802163
"GLIPR2",-0.237428116313607
"UBA52P7",-0.23752237400632
"TEX13D",-0.237619238863404
"BRSK1",-0.237619238863404
"NMB",-0.238154506525217
"EIF2AK4",-0.238945407038464
"STIP1P3",-0.238964420881728
"POP5",-0.238995428435372
"ULBP2",-0.239066335920985
"PRKG1",-0.2390985145982
"GAD1",-0.239772505503989
"CD38",-0.239899283077131
"FHL1P1",-0.24006480020537
"NBPF4",-0.240509690908628
"MTCYBP29",-0.240509690908628
"RNASE8",-0.240509690908628
"RNU6-1186P",-0.240509690908628
"RDM1P2",-0.240774366357986
"KRT10",-0.241060128597123
"GDPD4",-0.241154159278243
"ZNF317",-0.241480596698878
"RPL35P5",-0.242106374419057
"SKA2",-0.242303601977385
"RPL21P93",-0.242426096959839
"MIR570",-0.242483357360018
"HMGB3P27",-0.242739357063784
"LARP1B",-0.242751626774392
"SLC9C2",-0.242998005053981
"N4BP2L2",-0.243440554237551
"CWC25",-0.243555491552229
"RPL22P14",-0.243614046341284
"RPL12P4",-0.243792378255453
"RORB-AS1",-0.244084732088169
"CCDC88C",-0.244420019328333
"CCM2",-0.24507751049128
"CRYZL2P-SEC16B",-0.245908631385663
"CARD8-AS1",-0.246273038583783
"LIX1L",-0.246445949827295
"COMMD3",-0.246487638971483
"FAM242B",-0.246629026683897
"SKA1",-0.247445771737152
"RPL39P3",-0.247522575690316
"RBM5-AS1",-0.247819356634132
"IL6R",-0.247874700328196
"BPI",-0.247951852261624
"TCF12-DT",-0.248018282661097
"GDNF-AS1",-0.248182718059893
"GPRASP2",-0.248183419263951
"SRSF9P1",-0.248699903702883
"SCLT1",-0.248776511540553
"GGA3",-0.248798546514528
"ABALON",-0.248862911937786
"PKD2L2-DT",-0.249081397170241
"AP4S1",-0.250202450534859
"ALKBH7",-0.250392271000844
"RASL11A",-0.251426707706782
"MAP3K12",-0.252206708467818
"ANKRD40",-0.252300696012304
"STARD4",-0.252461217339707
"LINC02917",-0.252560270395012
"PLCXD2-AS1",-0.253406300909675
"HNRNPLP1",-0.253406300909675
"LINC02282",-0.253406300909675
"KIR3DL2",-0.253406300909675
"IGLVV-66",-0.253406300909675
"ALG2",-0.253554654226663
"LINC00896",-0.253762133873795
"FBXO33",-0.253866945629027
"FBXO38",-0.254939777609311
"HDAC9",-0.255229600289402
"SEC61A2",-0.255865815691878
"TBX18-AS1",-0.256686021161524
"KDM5C",-0.257265624756719
"RN7SL619P",-0.257877608933927
"CASP2",-0.258536824811325
"C17orf67",-0.258778786194716
"SEC61G-DT",-0.259121186579854
"EIF4A3",-0.259224987926019
"CFAP206",-0.259242550442741
"CASC6",-0.259242550442741
"HPSE2",-0.259242550442741
"ZNF971P",-0.259242550442741
"TBC1D1",-0.25944641071687
"RABGAP1L-IT1",-0.259518374489261
"MARCHF9",-0.259902143547193
"METRNL",-0.260369046611751
"LINC02978",-0.26060939036514
"TEDDM1",-0.260624459582659
"ST13P2",-0.260624459582659
"NMNAT1P3",-0.260624459582659
"CSN3",-0.260624459582659
"PHOX2B-AS1",-0.260624459582659
"PLN",-0.260624459582659
"RPL7P29",-0.260624459582659
"RPL36AP5",-0.260624459582659
"MTND1P3",-0.260624459582659
"RRM2P4",-0.260624459582659
"RN7SL732P",-0.260624459582659
"HDGFL3P1",-0.260624459582659
"EIF4BP9",-0.260624459582659
"SUPT20HL1",-0.260624459582659
"PTP4A1P5",-0.260624459582659
"RN7SL302P",-0.260624459582659
"LINC01150",-0.260624459582659
"TRIM64B",-0.260624459582659
"COX7CP4",-0.260624459582659
"TUNAR",-0.260624459582659
"LINC02291",-0.260624459582659
"RPL15P19",-0.260624459582659
"LINC01583",-0.260624459582659
"ANKS4B",-0.260624459582659
"MACROD2-IT1",-0.260624459582659
"LINC01524",-0.260624459582659
"LINC01684",-0.260624459582659
"XPC",-0.261210575610996
"KLHL21",-0.262371880573787
"TCP11L1",-0.262518188212963
"MIR4300HG",-0.262952241208869
"RPL9P28",-0.263032487714655
"PRP4K",-0.263323948621975
"FBXO36",-0.263416690282041
"H2BC12",-0.26442218129341
"RPL7AP62",-0.264641019820109
"CDCA2",-0.264833522639643
"DNAAF2",-0.264856580716742
"SLC25A20",-0.265420729506104
"LINC03000",-0.265480751345057
"MIR3918",-0.266337508765396
"PPIAP31",-0.267829068484483
"CCDC174",-0.268149009251841
"RNA5SP60",-0.268450246463787
"GTF2F2P1",-0.268450246463787
"IFT74-AS1",-0.268450246463787
"GATA5",-0.268450246463787
"LINC00504",-0.2684740299404
"MLF1-DT",-0.269503307648465
"YIPF1",-0.270504438741829
"RPL35P1",-0.270860711814221
"SRPK2P",-0.271403920357348
"PGM5P4-AS1",-0.273176310560768
"LINC01816",-0.273467710879823
"R3HCC1",-0.273511664143916
"UPF2",-0.273625305681855
"TPT1-AS1",-0.274345557658708
"DEF8",-0.274469973865779
"EIF3J",-0.274593296483769
"ITPRIPL1",-0.275253490322937
"RGPD5",-0.275780127791444
"LINC02200",-0.276226295420771
"GAPDHP26",-0.276226295420771
"LINC02455",-0.276226295420771
"GALR2",-0.276226295420771
"RPS23P1",-0.27627507720725
"DIAPH1-AS1",-0.276351325132389
"ASTN2-AS1",-0.276460900852087
"DAPK1-IT1",-0.27688698404659
"RPL23AP63",-0.27768361729589
"CCDC63",-0.27768361729589
"DYNC1I1",-0.277738393213395
"BRD7P4",-0.277864749887708
"ESF1",-0.27787971768051
"FCAR",-0.278572306544906
"NPM1P47",-0.279021507063252
"RPS15AP11",-0.279167713554925
"N4BP2L1",-0.27925219612966
"RSBN1L",-0.279575530370262
"MYO1F",-0.280866760507103
"SPANXN2",-0.281360970862274
"HMGCLL1",-0.281822614414922
"LTK",-0.282723542165901
"ALOX15P2",-0.282808852177362
"SNORD11B",-0.283163087355771
"FAM66C",-0.283354829377644
"CDK13-DT",-0.283701176549264
"ZNF251",-0.28384832045967
"MIR3134",-0.283955347229312
"IGLJ5",-0.284017754472331
"MMP26",-0.284124057559108
"CYP4F9P",-0.28538263844938
"MIR7848",-0.285795448306663
"GEN1",-0.286224846818326
"TBX22",-0.286838183529425
"SLC7A13",-0.286838183529425
"CHRM1",-0.286838183529425
"FAM90A27P",-0.286838183529425
"RN7SL812P",-0.286838183529425
"KRT18P5",-0.286838183529425
"PLEKHA3P1",-0.287105933334496
"CDC42P2",-0.288042468160374
"RASA4CP",-0.288042468160374
"C1QTNF4",-0.288042468160374
"RUSF1-DT",-0.288042468160374
"CACNA2D1-AS1",-0.288158789598013
"RPL7P55",-0.288158789598013
"RNU6-399P",-0.288158789598013
"LINC01228",-0.288158789598013
"STARD7",-0.288347453395873
"ZNF660",-0.289444663188466
"RNU6-88P",-0.28950531307698
"TRAJ36",-0.28950531307698
"TRAV17",-0.28950531307698
"RNU7-45P",-0.290209392794005
"LINC02865",-0.290217449477425
"RPL10L",-0.290217449477425
"RNU6-5P",-0.290222420995899
"RN7SL233P",-0.290222420995899
"RN7SL589P",-0.29115479446061
"TRAJ23",-0.29115479446061
"FAM91A1",-0.291807074105762
"SNHG25",-0.291827644078785
"RPL15P2",-0.29194350880099
"LINC01624",-0.292267075431212
"PAPOLG",-0.292428124854382
"GSK3B-DT",-0.292529674216294
"LINC02397",-0.292705159778181
"GZF1",-0.292711715857582
"FAM241A",-0.293351445655887
"LAMTOR3P2",-0.293392054019245
"DNTTIP2",-0.293727488956685
"DYNLT4",-0.293775165797595
"ENOPH1P1",-0.294122772470426
"BICD1-AS1",-0.294412879328771
"NRK",-0.294471336821765
"IGKV2OR22-4",-0.294574972808521
"NKPD1",-0.294604111198421
"RN7SL503P",-0.294692978778087
"OR5A2",-0.294692978778087
"RBP3",-0.295377035706964
"LINC02182",-0.295377035706964
"RN7SL505P",-0.295716753697589
"CHCHD2P11",-0.295716753697589
"TRAV38-1",-0.295716753697589
"FAM131B-AS2",-0.296244117173294
"FAM186A",-0.296660807578248
"DDC-AS1",-0.296715138024548
"RNU6-1237P",-0.297088520086716
"LINC02101",-0.297088520086716
"RBBP4P3",-0.297088520086716
"MIR3910-2",-0.297088520086716
"EMILIN1",-0.297284070883293
"AKR1B1P2",-0.297834675879419
"LINC02412",-0.297834675879419
"RBM22P1",-0.297834675879419
"SORCS1",-0.29792519638131
"MYL12AP1",-0.298367979564118
"TEX15",-0.298367979564118
"NLRP4",-0.298367979564118
"SCFD1",-0.298796738842859
"SNORD38A",-0.298824123310683
"C4orf50",-0.299352021205882
"MIR6719",-0.300612771897347
"SLC25A53",-0.300881259870833
"RN7SL4P",-0.300931472759947
"IMMP1LP3",-0.300931472759947
"LINC00352",-0.300931472759947
"MOCS3",-0.300937169594911
"KDM2B",-0.300963797005977
"LRWD1",-0.300965079632039
"LINC01712",-0.301085445777933
"SLC13A1",-0.301085445777933
"POC5",-0.302211771802212
"CLIC1P1",-0.302220608707616
"TRIML2",-0.302884463277012
"H3Y2",-0.302884463277012
"TMEM215",-0.302884463277012
"RNA5SP374",-0.302884463277012
"LINC01549",-0.302884463277012
"LINC02319",-0.303041732114994
"EPB41L4A",-0.303138513193244
"CTAGE15",-0.303263556189276
"MIR548H1",-0.303349038356183
"SNRPEP2",-0.303585380481904
"TRPM7",-0.303904468174542
"OPRD1",-0.304211677331435
"CHST15",-0.3043645476646
"HDLBP",-0.304743953544939
"SERBP1P3",-0.304860157394706
"RNU4-47P",-0.304860157394706
"GATD3",-0.305245935148288
"ANKRD42",-0.305360517257341
"GALNT16",-0.305552307925217
"MIR4511",-0.305684275918343
"DTWD1P2",-0.305776675833167
"RPS5P2",-0.306491793534741
"SP3",-0.306510178879314
"CACNA1F",-0.306845076033689
"CYP51A1P1",-0.307418269710788
"MALT1",-0.30794179299078
"TDG",-0.308216730017669
"LINC02111",-0.30822575088142
"CHRFAM7A",-0.30822575088142
"RNF25",-0.308289872338087
"FOXN2",-0.308874841443784
"GSTT2",-0.308877503879044
"PTP4A1P3",-0.309174784756135
"SLC16A1",-0.309228146182801
"GLRX",-0.309510465490716
"GOLGA4",-0.309897061650568
"PEF1-AS1",-0.310053273939895
"LOXL3",-0.310374207589788
"MIR3680-2",-0.311538224356525
"CTAGE8",-0.311540984084324
"HDC",-0.312180921096885
"SLC2A12",-0.312208923806742
"LINC01285",-0.313692691782398
"STARD7-AS1",-0.315642257477906
"RPLP0",-0.315989774357944
"THAP3",-0.317469873338558
"B4GALT3",-0.317754469733999
"PRIMPOL",-0.3177808573679
"DNAJC19P9",-0.317938573138661
"STRIP1",-0.319759828740444
"CXXC5",-0.319775871919368
"PTMAP8",-0.320035586118529
"LINC00334",-0.320120489701111
"ATOX1-AS1",-0.320841372960825
"RAP1B",-0.320865277065844
"LSP1P5",-0.321135147226782
"IGSF21",-0.321199629771447
"FMO8P",-0.321199629771447
"SYT6",-0.321199629771447
"KCNT2",-0.321199629771447
"RNA5SP48",-0.321199629771447
"APOA2",-0.321199629771447
"DAB1-AS1",-0.321199629771447
"RFKP2",-0.321199629771447
"ACSL3P1",-0.321199629771447
"KRBOX1",-0.321199629771447
"FREM3",-0.321199629771447
"LINC02268",-0.321199629771447
"RPL6P32",-0.321199629771447
"LINC01957",-0.321199629771447
"OR2U1P",-0.321199629771447
"MAS1LP1",-0.321199629771447
"COL11A2P1",-0.321199629771447
"TREML2",-0.321199629771447
"LINC01615",-0.321199629771447
"LIN28B-AS1",-0.321199629771447
"RNU6-114P",-0.321199629771447
"MIR1911",-0.321199629771447
"GATA1",-0.321199629771447
"AARSD1P1",-0.321199629771447
"GFRA2",-0.321199629771447
"VXN",-0.321199629771447
"LINC01606",-0.321199629771447
"BNC2",-0.321199629771447
"NPAP1P6",-0.321199629771447
"MRGPRX8P",-0.321199629771447
"OR52B1P",-0.321199629771447
"RPS2P36",-0.321199629771447
"CALHM1",-0.321199629771447
"LINC00702",-0.321199629771447
"TUBAL3",-0.321199629771447
"OR6C68",-0.321199629771447
"GALNT8",-0.321199629771447
"RNU1-104P",-0.321199629771447
"LINC02339",-0.321199629771447
"OR4K4P",-0.321199629771447
"SLC8A3",-0.321199629771447
"SLC12A1",-0.321199629771447
"LINC02127",-0.321199629771447
"ARHGEF15",-0.321199629771447
"SLC13A5",-0.321199629771447
"CHRNA4",-0.321199629771447
"HRH3",-0.321199629771447
"XPOTP1",-0.321199629771447
"MTCO1P59",-0.321199629771447
"KLK15",-0.321199629771447
"ACR",-0.321199629771447
"FRG2MP",-0.321199629771447
"MTND5P1",-0.321199629771447
"IGKV1OR2-6",-0.321739495380419
"ZBTB20-AS4",-0.321739495380419
"ERC1",-0.322093564442178
"ENAM",-0.322113755400226
"IGKV2D-18",-0.322199867207403
"RPL17P7",-0.322508825912991
"CNOT1",-0.322886653935391
"RPL31P4",-0.32292386631619
"LINC02049",-0.323841975006906
"GLP2R",-0.323916047372752
"OR2V2",-0.323937676454712
"COMP",-0.324006465205437
"RPS2P2",-0.324076220276082
"LINC01821",-0.324079726702939
"LINC02840",-0.324101620554361
"UBQLN4P1",-0.324409932022072
"ASS1P11",-0.324645933139211
"FOXO1",-0.324932011098783
"ATP5PBP7",-0.325160173098106
"TLK1",-0.325876220403183
"OR7C1",-0.326320554681401
"RNU4-26P",-0.326853017133778
"LINC02408",-0.326973175745224
"FHL5",-0.327256960843866
"NLGN4X",-0.327256960843866
"RAC1P1",-0.327256960843866
"LINC01638",-0.327256960843866
"TANGO6",-0.327686167042253
"GRIN2C",-0.327865413748258
"EZR-AS1",-0.328398477405635
"ARSB",-0.328581187959246
"VPS37B",-0.329195484827559
"INAFM2",-0.329401756349363
"G2E3P1",-0.329649772319011
"LAMP2",-0.32995802675867
"ANXA9",-0.330036132335396
"PLEKHD1",-0.330221881620872
"PDGFRB",-0.330812595274755
"SELP",-0.331732088891255
"MIS12",-0.331746502568566
"LINC03088",-0.331803859946081
"SELL",-0.334049886461953
"EIF1AD",-0.334306675378408
"TOPORS",-0.334952109228628
"CUPIN1P",-0.336058104655918
"TUBB6",-0.336286307988761
"EEF1D",-0.336289057050457
"ACTBP15",-0.336305233627595
"TTI2",-0.336920443372813
"BAG2",-0.338449855268831
"TUBB8B",-0.338885090427728
"NT5DC3",-0.339687413260958
"TCN1",-0.340169830853132
"DTNB",-0.340606563616907
"RPL21P37",-0.341169931382575
"RPS27P8",-0.341212255038192
"TCP11",-0.341213881860161
"SENP5",-0.34278355368502
"ANXA6",-0.343086387053738
"SPATC1L",-0.34317678301247
"LINC01554",-0.344468603522032
"LINC01187",-0.344821208600588
"RESF1",-0.344864458468461
"TTLL2",-0.344998133724698
"CPHXL",-0.344998133724698
"SACM1L",-0.34509255145383
"AOX3P-AOX2P",-0.345208619445849
"LNP1",-0.345233470388836
"ABRAXAS1P2",-0.345328308723636
"RPL21P51",-0.345541375906948
"CAMKK1",-0.345775820403062
"JAKMIP1",-0.345873479405291
"RPS27P3",-0.346314965401853
"TPST2",-0.346859487589817
"LINC02039",-0.347410068334976
"HSPA5",-0.347654924600349
"KATNA1",-0.347733593398507
"MED4",-0.34867397695286
"RPS14",-0.349479505821965
"CCDC163",-0.351145406670485
"SMIM26",-0.351350285253331
"CCDC85C",-0.351722368139964
"PHF1",-0.35196006638741
"KIF21B",-0.35228849360463
"RYR3",-0.352296842752492
"H3-3A-DT",-0.352337223320143
"ADGRG4",-0.352580843965656
"GPATCH11",-0.353734229225923
"DYNC1I2P1",-0.354040322941976
"LINC02694",-0.355510165108633
"CICP13",-0.35772201182258
"SCAMP5",-0.357890936499764
"UQCRHL",-0.35794753936526
"MIR3679",-0.358525747822536
"COL6A5",-0.35952864051683
"SPATA2P1",-0.360416876256251
"EOLA2",-0.361934532789006
"ACBD4",-0.362417844345199
"LEPROTL1",-0.362438956405329
"SLC23A2",-0.363799001270695
"C2CD5",-0.36389138233078
"DAP3P2",-0.364449788180189
"SLC38A4",-0.364819872118531
"CHMP4A",-0.365892219794638
"ZSCAN2",-0.366367369846012
"RSRC1",-0.369721076827078
"MRPL20-DT",-0.370537503277002
"ACSS1",-0.370759352011706
"RFC1",-0.370927279781179
"ZSWIM1",-0.370930180085877
"FRMD4A",-0.371183536030505
"TFB1M",-0.372621227451229
"BANK1",-0.37314768506264
"PRPF38B",-0.373655555598662
"UQCRB",-0.373683701114759
"DDX6P1",-0.373784426875406
"SLITRK2",-0.373784426875406
"LINC01507",-0.373784426875406
"LINC00840",-0.373784426875406
"EIF4EP2",-0.373846973131381
"KMT2E-AS1",-0.374057436512394
"CCDC134",-0.374180290292398
"RPS4XP11",-0.3743309111758
"DDX18",-0.374853997878201
"LINC00954",-0.375173826399067
"RPS20P2",-0.375461374803635
"KCNMA1-AS1",-0.375973513137091
"MAGEH1",-0.376730805406908
"SIAH2",-0.377418670912664
"LINC02216",-0.377679856703749
"ABHD3",-0.378298113778413
"TAF1C",-0.37835396972829
"FAR2",-0.379286476665761
"TTC14",-0.380244159340907
"PWRN1",-0.380420387217228
"SARAF",-0.383287196016278
"RYBP",-0.383805637843726
"LINC01828",-0.384730516183986
"LINC01517",-0.385336756017721
"SYK",-0.386653343733407
"SLC25A5P6",-0.388457609338578
"WDR11-DT",-0.389408661222898
"LINC01378",-0.389530586762174
"ARB2A",-0.389547272974878
"PCBP2",-0.390245677852815
"B4GALT4-AS1",-0.390476408078135
"FAM192BP",-0.39069479837983
"CTBP2P8",-0.390902426197202
"BRD2",-0.392279100229261
"HMGB1P20",-0.393177029703317
"SMAP1",-0.393426252249019
"FASTKD1",-0.393723898188892
"IGKV1D-22",-0.393883857755636
"USP3",-0.396649262749545
"PAIP2B",-0.397033898768471
"OTUD5",-0.39744647576558
"ZNF350",-0.397450279822759
"FOXN3",-0.399219033040197
"NDUFA13",-0.400156255698346
"USP12-AS1",-0.401612334454066
"CDC37L1",-0.402164058197506
"FOXO3",-0.402455470577291
"ZKSCAN7-AS1",-0.403567762520127
"TYW1B",-0.404000290064802
"MTCL1",-0.404645846032416
"LRR1",-0.405441276081741
"NAA80",-0.405921434410594
"MYO1D-DT",-0.406832589228423
"CENPE",-0.407287049938473
"CALML4",-0.407508531521752
"ALKBH6",-0.407508699127167
"NUDT2",-0.407592083780815
"HSD17B8",-0.40806153697088
"MPZL3",-0.408196883452839
"GPATCH2",-0.408387759685844
"HAUS1",-0.410464960602861
"SLC25A45",-0.411470968410862
"BASP1-AS1",-0.411672003762646
"CSGALNACT2-DT",-0.411849313014923
"EBLN2",-0.414123615176605
"DEDD",-0.414418801776771
"SEC22B",-0.416356533009583
"TOMM40P1",-0.417690894285938
"RPL24",-0.417782344571903
"PAN3",-0.418355737091864
"ITPR1",-0.41838794197255
"EEF1A1P11",-0.41896522546636
"CTXN2",-0.419359127145582
"CPEB2",-0.420507966864894
"INTS8",-0.420968870692388
"ZFP82",-0.421135745266163
"RAB27A",-0.42122589159588
"PSMC1P5",-0.421587214183153
"GPER1",-0.422085447586726
"WRAP53",-0.42331771042069
"SLC43A1",-0.423829757611901
"EIF2S3",-0.424046746756863
"OSGEPL1",-0.424839230751037
"MIR16-2",-0.424960881682081
"PAFAH1B2",-0.425239602762392
"ADA",-0.425633947069579
"PCP2",-0.426019273275073
"ARHGEF4",-0.426086260436262
"CFAP68",-0.426540122016634
"CERS5",-0.426658078955057
"MYO18B",-0.426936683119606
"MIR193BHG",-0.427157172034157
"MGMT",-0.427724971550113
"MTCYBP24",-0.427749822571244
"KCTD4",-0.427749822571244
"ZGRF1",-0.427800382043049
"ZSCAN30",-0.430223832300271
"ABHD18",-0.430683471780833
"LINC00366",-0.431614605326477
"ISCA1",-0.431696753889051
"TMLHE-AS1",-0.431731378625996
"SEPTIN7P7",-0.432809514559479
"RPL4P5",-0.433507620538033
"PSAP",-0.43423428568861
"GGTA1",-0.435326030226621
"FLYWCH1P1",-0.435759785170596
"LINC01206",-0.435759785170596
"LINC01625",-0.435759785170596
"TRPA1",-0.435759785170596
"OR5AP1P",-0.435759785170596
"LINC02097",-0.435759785170596
"ATP6AP1-DT",-0.436323155052113
"LINC00623",-0.436828711797421
"MTFP1",-0.437062790944256
"RNA5SP302",-0.437855726179766
"MYOSLID-AS1",-0.438056313525651
"FNDC8",-0.43822311031522
"FUT8",-0.438391582604075
"RPS27P21",-0.439111416921438
"RNF38",-0.440011036635937
"MAD1L1",-0.441381271354806
"GLRA2",-0.442307035222424
"SPICE1",-0.443715572064188
"B4GALT4",-0.445298813925316
"HSPD1P12",-0.446603549507028
"BEND4",-0.448500157701329
"LINC00363",-0.449361133106598
"GARIN1B",-0.450180071516336
"RPL5P12",-0.45020264034776
"RPL27",-0.450557872591662
"RPS27P4",-0.451309820010996
"TMEM181",-0.45160198977565
"HMCES",-0.452057942765765
"PET100P1",-0.452743410348062
"PCMTD1",-0.453109817833794
"RPL39",-0.453198634335863
"LINC02242",-0.453321940201446
"H4C13",-0.454933377866185
"CUTA",-0.45517435405214
"ZNF814",-0.455335067812972
"TEX22",-0.45745910115399
"USP3-AS1",-0.458167401420068
"RBMXL1",-0.458906697023837
"SNORD14E",-0.459607471293701
"RNA5SP128",-0.459776200946635
"BLTP1",-0.463256842879087
"SLC22A17",-0.46489272680209
"POLR2J2",-0.466480572689787
"SRRM1P3",-0.46833132787607
"GFOD2",-0.470308155916175
"FLNA",-0.470359459308826
"MAN2A1",-0.472848414220521
"ASH1L-AS1",-0.473607673797668
"ELL",-0.474226261114368
"PNP",-0.474652571047561
"RPS7P11",-0.475402860862546
"BNIP3P27",-0.475808047544108
"KBTBD6-DT",-0.476380745150656
"RPL23A",-0.477740616310294
"PPP1R27",-0.478725587801741
"EDC3",-0.478975615982018
"SNORD56B",-0.482258782123219
"TRD-AS1",-0.48250425110101
"SSBL6P",-0.482872201636314
"STAMBPL1",-0.484335880936074
"NSMCE3",-0.485960035090226
"KDM6A",-0.486438501987956
"CREBZF",-0.486786883195116
"SPMIP1",-0.487443052597516
"TPRKB",-0.4876090612481
"FGD3",-0.487858964852852
"UQCRB-AS1",-0.489583306036622
"TIRAP",-0.490133702650724
"TVP23C",-0.490154562216207
"IGHV3OR16-11",-0.490794814365954
"NUSAP1",-0.491456188335747
"RAB21",-0.491850259177013
"PARD6G-AS1",-0.491916670894484
"ACER1",-0.492676752677548
"CHKB-CPT1B",-0.492979228715238
"LINC01506",-0.494008266470882
"PKIA-AS1",-0.495920939957593
"EMSY",-0.497218015070475
"PSAT1",-0.500864093323775
"RHOXF1P3",-0.500919525222627
"IGLV3-30",-0.501048356638639
"MTRF1L",-0.501395706154196
"CCDC121",-0.501502709465351
"SDR9C7",-0.502283870289862
"SP140L",-0.503789898316045
"PHOSPHO1",-0.504718915798493
"SLC66A3",-0.504913513829657
"ZNF345",-0.505108775724781
"LUC7L",-0.506777359995289
"NCK1-DT",-0.507091450013529
"CDK11A",-0.507971250514764
"RPS18P5",-0.508122051471955
"MORF4L1P1",-0.508343290650906
"FREY1",-0.508530078288109
"TRAJ30",-0.508530078288109
"KLHL5",-0.509356494652111
"LINP1",-0.509863852564601
"LINC01586",-0.510365377610823
"TRAPPC10",-0.510530039714951
"HYCC1",-0.510609943973044
"APBB1IP",-0.51163923777714
"TLE3",-0.511805190295232
"NADK2",-0.514621781191427
"OR51A5P",-0.514915599175948
"RPS8P5",-0.515140104571999
"PLK3",-0.515164814366401
"SIGLEC14",-0.515309806373322
"MRPL53P1",-0.51546137452976
"LINC00251",-0.517117899742911
"LINC02366",-0.517117899742911
"UCP3",-0.517667896869323
"E2F5",-0.518343066000601
"CHD6",-0.518435566889199
"LINC02245",-0.518913636079983
"ANKRD42-DT",-0.519922411196129
"PPIAP6",-0.521249795907943
"SCAMP1-AS1",-0.521299636178995
"FAM53C",-0.521927737561279
"FOXK2",-0.522172449552553
"MTFR2",-0.522959566888745
"CDH16",-0.523670883171547
"IGFL2",-0.524431138692866
"CENPK",-0.525611837417493
"HNRNPA1P2",-0.526039742703193
"MIDEAS",-0.526479952936306
"LIN7C",-0.527616672644465
"TRIM23",-0.528326376756893
"SIRPG",-0.528940568384885
"CD1C",-0.529041059132254
"TNFRSF1B",-0.529258195777501
"TRGJ1",-0.529446903813446
"PRKX-AS1",-0.529446903813446
"TRAV8-3",-0.529446903813446
"LINC01721",-0.529446903813446
"HMGA2",-0.529569835096149
"RBIS",-0.529869860062118
"NPM1P6",-0.530338283073839
"BCAR3",-0.5305868680535
"RPL12P1",-0.531645290370596
"ATG12",-0.531790485455012
"ZDHHC14",-0.533879089665517
"LINC00652",-0.536237278136819
"ZNF35",-0.536484841036702
"PLD4",-0.536677781968998
"PPFIBP2",-0.536820517024642
"RAB29",-0.536953099276311
"H2AC9P",-0.537307735100902
"DPPA3P6",-0.537307735100902
"CCNK",-0.537821408168205
"GNG5B",-0.537999473274115
"CD44-DT",-0.538559959985622
"SLC10A7",-0.539031139092538
"CCDC32",-0.540070230800207
"CBFB",-0.540173924064044
"TMEM218",-0.540555302737969
"HAUS1P2",-0.541060654154858
"LY6G5C",-0.541541922168245
"MCF2L2P1",-0.541670848920972
"ZSCAN29",-0.542084656007494
"KCTD10",-0.542187446198107
"THBS2",-0.542206105801736
"MROH8",-0.542310499513592
"RALGDS",-0.542314203740004
"IGHV3OR16-15",-0.54331646720762
"IGLV3-31",-0.543544201596212
"RPL23AP11",-0.543667962650407
"GABPA",-0.544910064894322
"EFHD2-AS1",-0.544930908628832
"HOXC4",-0.545335489779628
"CEP85L",-0.545941215501182
"PIN1-DT",-0.547953968281679
"RPS15AP24",-0.548368404149198
"IGHV3OR16-17",-0.549372557422511
"H3-5",-0.550773179901528
"RPS3AP53",-0.550840918190435
"BIN2P2",-0.550840918190435
"CDK17",-0.552450175829878
"RN7SL211P",-0.55247886366202
"RNA5SP78",-0.552744769102641
"RNU6-1214P",-0.552744769102641
"ELOCP31",-0.552744769102641
"GLCCI1-DT",-0.553248544180304
"SLC22A8",-0.553997172786081
"GTF2B",-0.554655365193689
"CLLU1",-0.555620634793294
"KCNK6",-0.555688634446401
"RNU6-583P",-0.555827420255455
"FTLP3",-0.556233678244116
"THSD1",-0.556673047834925
"TRBV29-1",-0.557461161783218
"ZNF761",-0.558449495305712
"DIS3L-AS1",-0.559615204812294
"NDUFA6",-0.560386109613394
"COL24A1",-0.560410872055914
"TRBJ2-6",-0.561072441930016
"NRXN1",-0.561457942913898
"POLK",-0.561629733016174
"ATF4P3",-0.562544685887808
"IGHV1OR15-9",-0.564638775777106
"ALG9",-0.565238186000335
"CARD16",-0.566165961027231
"RNA5SP460",-0.567783993805655
"A1BG",-0.567783993805655
"MIR4280HG",-0.569370356351379
"TRAJ54",-0.570159041369862
"LINC00645",-0.571697503382852
"ANKRD55",-0.572255376120685
"DDX50P1",-0.572362343743348
"CCDC83",-0.572810715478075
"C1QL3",-0.573694409730577
"MAP7D3",-0.573814455879863
"IGKV2-10",-0.57458529381761
"DYTN",-0.575089026128602
"ADAMTS8",-0.575089026128602
"LINC02914",-0.575089026128602
"GOLGA8O",-0.575089026128602
"PRPSAP2",-0.575628700679671
"SERP1",-0.576294944608524
"H2BC9",-0.576314941140054
"TMEM256",-0.576719154741347
"IKBIP",-0.578769346598774
"DND1P1",-0.579621694589603
"SLC5A10",-0.579667718106391
"GTF2A1",-0.58013460435961
"CAV1",-0.580493777075815
"SLC25A15",-0.581334349562394
"SELENOT",-0.581571138718024
"RNF17",-0.581881600787159
"LINC02938",-0.5819211185017
"MEF2D",-0.582028757717062
"RASA2",-0.583762491928398
"DNAJC27-AS1",-0.585383856910472
"CEP76",-0.585631189890652
"ZNF688",-0.586035418955325
"RNMT",-0.586443858622256
"LCE1A",-0.586936879746502
"VWA8",-0.587116140021405
"MAD2L1-DT",-0.588438807388565
"HMGA1P3",-0.588954692418892
"PTPN2",-0.59023422328401
"GAPDHP65",-0.591220522823278
"PHACTR2-AS1",-0.59137162304961
"CHD4",-0.591655251783192
"ZNF582",-0.592105604840764
"CMIP",-0.592275205189381
"HIVEP2-DT",-0.592327696654123
"VPS8",-0.594428478637526
"LYST",-0.594536519379225
"XRN1",-0.596399335980131
"EIF5B",-0.597584346802692
"ING3",-0.598138487060147
"JPT1P1",-0.599341169141211
"IL23A",-0.599711212629746
"ZNF627",-0.599802674734086
"GM2A",-0.600122199311198
"RPS13",-0.600427910938039
"PPP1CB",-0.601096913991379
"SETD9",-0.601650856091952
"TRAJ4",-0.601890038116371
"APLF",-0.601915745603115
"MIR3944",-0.603119974315579
"KAT2B",-0.603813682985541
"IGKV2-19",-0.605369349578832
"ARHGAP4",-0.605939015300415
"RPL35A",-0.606214780370188
"CHUK-DT",-0.608878295010351
"LINC03125",-0.609306319600745
"ZNF790-AS1",-0.610551890523997
"SH3D19",-0.611152238321646
"ARRDC3",-0.611820063150802
"OR5B21",-0.612577572681525
"COPRS",-0.61298466063745
"CXCR5",-0.613003462245277
"ZNF350-AS1",-0.614912897575594
"LINC02780",-0.616233846337779
"CYP3A4",-0.616233846337779
"PTPN6",-0.61632156111105
"MTND4P23",-0.618245491193482
"SNHG1",-0.618728226419942
"TPPP",-0.620647773489235
"EPM2AIP1",-0.623873071414907
"COLEC10",-0.62523636778762
"PDSS2",-0.625729807798767
"CCDC18",-0.629866658542717
"LINC01565",-0.630491215350721
"FAM131C",-0.63114504227279
"CCDC195",-0.63114504227279
"EEF1GP3",-0.63114504227279
"LINC02538",-0.63114504227279
"CICP17",-0.63114504227279
"LHX3",-0.63114504227279
"LINC03025",-0.63114504227279
"TRAJ33",-0.63114504227279
"MIR4514",-0.63114504227279
"LINC02207",-0.63114504227279
"LINC02194",-0.63114504227279
"PGBD4P2",-0.63114504227279
"JCADP1",-0.63114504227279
"CTSS",-0.63133185973512
"ZDHHC23",-0.632362177093704
"CADM1",-0.634330926509412
"MAF1P1",-0.63599292249249
"TRBV12-3",-0.63599292249249
"RAB30-DT",-0.642245213311494
"HLA-DOB",-0.642659120623568
"DHDDS",-0.643792429251959
"LINC01501",-0.644899469617466
"CCDC26",-0.644992087057699
"TPM3P7",-0.645194960100022
"RPSAP12",-0.646381655972383
"LINC01622",-0.647996625625359
"MYADM",-0.64843445304083
"CDH23",-0.64878482547794
"IDH2-DT",-0.650297820190288
"COCH",-0.650350401562474
"C2CD5-AS1",-0.650881821051798
"C1QA",-0.651532466836194
"PILRA",-0.651564496308505
"ABCA8",-0.652627267712036
"B3GAT2",-0.652646466125723
"CBFA2T3",-0.6533311833222
"ENTPD1-AS1",-0.653523800281065
"MAPK1IP1L",-0.65503687220805
"ROCR",-0.655458732012053
"GLDC",-0.657090538015434
"MIR1972-1",-0.657108300450957
"SLC16A6",-0.65771761646151
"DDIT3",-0.65797482006854
"SPTA1",-0.659331729343456
"CD83",-0.660000353101243
"RNU6-548P",-0.660026677494318
"ATP5MGP2",-0.663571807899701
"RPS3AP30",-0.66385607062326
"NSD3",-0.66480557919365
"ITPR2",-0.664810524261253
"RN7SL608P",-0.664872704556554
"RRN3P2",-0.665775218608966
"STX2",-0.667007551040403
"COBLL1",-0.66810628480842
"SLC30A4",-0.670128103962006
"CFAP47",-0.67067362186168
"SAR1B",-0.674247819552217
"CASP10",-0.675616643728486
"PABIR3",-0.676156320996816
"RASSF6",-0.676566664148391
"TEX12",-0.678460153993241
"CD44",-0.68077636133965
"CEP19",-0.68183322941092
"ANAPC1",-0.682454606177641
"RNF103",-0.682581937879917
"NCAPH",-0.684122851981158
"C4orf33",-0.685386481779692
"LINC02063",-0.687658701124239
"GRK6",-0.687921045642452
"DNM1",-0.688764468914383
"HM13-AS1",-0.689425406615718
"RNU7-169P",-0.690677725391018
"ZNF275",-0.693478477198202
"CHST10",-0.698690657050345
"IDE",-0.700914045324296
"ZNF550",-0.701789133889916
"DNASE1L2",-0.70692426887644
"GPR137B",-0.707159107222687
"TECTA",-0.709178722760176
"EEF1A1P44",-0.709766771100864
"OR4K3",-0.710312754936524
"CCDC107",-0.714581823710456
"RWDD1",-0.714798082834273
"SDC1",-0.717175444080616
"IGHVIII-44",-0.718449059700841
"ICAM4",-0.720791784701703
"HSPA5-DT",-0.721258484055941
"CDAN1",-0.721684702040526
"MUC20-OT1",-0.726957869752305
"POLR3E",-0.727717971881724
"EPS15",-0.727938060270855
"SGCEP1",-0.729768936312933
"ILF2P1",-0.729768936312933
"HTR3B",-0.729768936312933
"OR4K7P",-0.729768936312933
"ANKRD20A21P",-0.729768936312933
"USP36",-0.731206657380062
"UQCRBP1",-0.732479722265202
"ZNF790",-0.734002510443785
"ZFP69B",-0.73507455937832
"RPN2",-0.735172821823115
"SP9",-0.738052323452046
"ARMCX5-GPRASP2",-0.738052323452046
"OVCH2",-0.73880258782953
"EIF1",-0.739788354836961
"NTRK3",-0.740486170712226
"WDR45P1",-0.7406970445776
"CEP120",-0.740974752815681
"ATF6",-0.741488231572892
"TCP11L2",-0.741808380636839
"DUX4L37",-0.742107463785703
"MED4-AS1",-0.745276614665912
"LINC00343",-0.745470787370317
"RPL22P2",-0.745738940691722
"VRK1",-0.74660318111712
"RPL7",-0.748803498492177
"ANKS3",-0.748820707406161
"MCMDC2",-0.75032836632183
"SERINC4",-0.752932316892695
"LINC02470",-0.754063514039798
"GKAP1",-0.755497705342878
"ARRDC1-AS1",-0.755804390385939
"LINC01806",-0.75593022911176
"ACTR2P2",-0.759066731040647
"BORCS6",-0.759465189621137
"MIR25",-0.759702515789594
"FAU",-0.761448019122326
"NR4A1",-0.761913166795419
"SNHG10",-0.762234802962353
"RPS19P1",-0.762903256511732
"LINC02457",-0.763607921865113
"MARCHF8",-0.76587248856881
"CDO1",-0.766086508180309
"MBOAT4",-0.767413299334748
"RPL36AP8",-0.7702345433227
"FAM3C2P",-0.770487307394975
"NDUFB8",-0.771286452363202
"EEIG2",-0.77464744157576
"LINC02354",-0.775831517423993
"IGHV3-37",-0.777710505401176
"FAM117A",-0.778504909849057
"UBOX5",-0.779072699436956
"CD72",-0.779125711569547
"FLG2",-0.77945731065422
"UNK",-0.780014220739133
"BACH1",-0.780248298101093
"BASP1",-0.78063805542075
"MIR3160-2",-0.782987218757522
"OR52V1P",-0.785092470224825
"UPF3AP1",-0.786114185391254
"CYP20A1",-0.786142747212562
"SERPINB9P1",-0.786243140268681
"DENND1B",-0.786438961708904
"POU5F1P4",-0.78769307571769
"WHAMMP1",-0.791058851977772
"KNTC1",-0.791107636338391
"CCR2",-0.791928997927516
"CCBE1",-0.792062153982125
"MARS1",-0.794216621208193
"SAP30-DT",-0.794900495964259
"RPS26P3",-0.798097921874254
"MEG9",-0.799325959508174
"NIPBL-DT",-0.8002050591621
"OST4",-0.800376260401862
"RBM39",-0.80041445692049
"MAN2B1",-0.801779344093279
"ZNF85",-0.803953417397973
"TP53INP2",-0.806109235836588
"LSM10",-0.8088161015919
"MAGEB6",-0.810106794555355
"ZBTB20-AS3",-0.810719930964723
"RAB8A",-0.81279722597311
"SRP54",-0.816854913392557
"RPL3P9",-0.816939240338444
"ASIP",-0.817097267790967
"MARCHF6",-0.817385181762386
"NEK3",-0.818025781493944
"RPL13P8",-0.818633185742243
"WNT9B",-0.82121382220068
"RPE65",-0.823281874499871
"RPS3AP27",-0.825453569054527
"RN7SKP247",-0.826663736643286
"OR8K5",-0.826663736643286
"RPS29P14",-0.827174188848319
"RNU7-140P",-0.827300056543651
"PLCL2-AS1",-0.827611976106417
"MED22",-0.827795958906903
"RBPJ",-0.828294807143432
"GYPB",-0.832789932369608
"TRAJ17",-0.833303426080005
"TCL6",-0.833303426080005
"LINC00974",-0.834258948399064
"UBA5",-0.834751281973032
"MT-ND3",-0.835786458309226
"TRAF6",-0.836565010762673
"SDF2L1",-0.836955654346026
"OSM",-0.837434035097004
"ERMARD",-0.838113139114017
"MT-TN",-0.8406669478399
"SLC3A2",-0.843244743812127
"COA6",-0.844413874665819
"SUB1P3",-0.845730391399464
"HCG18",-0.847607724298205
"RNU6-613P",-0.849135175649607
"PRH2",-0.849254519045523
"ZNF548",-0.85246697169472
"PANO1",-0.853532271677948
"SYNC",-0.853787080068497
"ADIPOR2",-0.854147123509513
"ARMCX4",-0.855901199851939
"KMT5AP1",-0.856370394186647
"MCM8-AS1",-0.858576566277863
"RN7SKP4",-0.858609559884443
"RPSAP46",-0.859330408710886
"C2orf72",-0.860523638967899
"RPL22L1",-0.860741018085916
"RIPOR2",-0.862637061873895
"DENND3-AS1",-0.862804537138573
"MAMDC4",-0.863630484532733
"TRAJ38",-0.866034449553649
"RN7SL577P",-0.866034449553649
"MTND1P9",-0.866034449553649
"NAMPTP1",-0.872477343885824
"RASSF1",-0.872676830860178
"REC8",-0.873379094573952
"SRPK2",-0.87393700179321
"LINC01885",-0.875987669108348
"CSRP2P2",-0.875987669108348
"LYZL4",-0.875987669108348
"TEKTL1",-0.875987669108348
"LINC01838",-0.875987669108348
"RPL21P29",-0.876550937834075
"IFNAR2",-0.877839011787104
"NSF",-0.878330937182008
"SEPTIN6",-0.878375197949329
"SULF2",-0.879084251566972
"MPHOSPH8",-0.879401361334509
"TRIM36",-0.879649303741722
"CEP290",-0.879923045183422
"PTCD1",-0.8805292677026
"CIB3",-0.881253563854945
"DENND5B",-0.881603244804732
"MON2-AS1",-0.881701537674505
"GSPT2",-0.883645576175556
"PBX2P1",-0.884736291296057
"KRTAP5-1",-0.884736291296057
"LMO1",-0.884736291296057
"RNU6-957P",-0.884757508864308
"ZBTB12",-0.884757508864308
"DNAJC15",-0.885384071060648
"PTMAP12",-0.888549364918748
"SMG1",-0.888560048288826
"IGKV6D-41",-0.888744506471932
"MIR6750",-0.888744506471932
"LINC02951",-0.889138411018894
"LYSMD3",-0.890364482061307
"PSME3IP1",-0.892253073127999
"EEF1B2",-0.893271723483494
"CERNA3",-0.896498376772754
"TMEM266",-0.897283263738049
"YAE1-DT",-0.900108702541519
"OR7E115P",-0.90104162403323
"SH3TC1",-0.901768739140525
"KRAS",-0.901842892881969
"GAPT",-0.902563433097408
"SYNRG",-0.902687987032815
"RN7SL735P",-0.903391462455985
"RNU6-1153P",-0.903505158444947
"MED8-AS1",-0.904804254664072
"USP30",-0.906915377960532
"ABCF1",-0.908829632899457
"ALG11",-0.911382220769173
"MGAT4A",-0.913397110830016
"IGHV3-75",-0.913637046092121
"IGKV1D-35",-0.914493083483105
"BBS7-DT",-0.914493083483105
"RPS14P4",-0.915013389404127
"RNU6-1300P",-0.91562943337395
"MIR4716",-0.91562943337395
"PRR7",-0.916923365803821
"ZNF212",-0.917198812876711
"RIMBP3",-0.917521902055637
"TRAV8-1",-0.918518544842194
"MIR3190",-0.918880527756538
"ANKMY1",-0.918950948136952
"PAOX",-0.920506949344582
"CTC1",-0.921686837758456
"SNHG28",-0.926832498383087
"OR2T34",-0.926832498383087
"TPM4",-0.928324757398748
"BMP8A",-0.929118378313723
"DDIT4",-0.929336527348695
"LSS",-0.929765828403929
"ZMYM6",-0.930258706963822
"SPDYE1",-0.930505169614207
"SRGAP3-AS3",-0.931535445966384
"RIPOR1",-0.932572381730278
"MRPL37P1",-0.934591709573936
"NTNG2",-0.937271032547955
"RPL36AP7",-0.937472697067635
"IFNLR1",-0.937612640939308
"LARGE-AS1",-0.938546744253667
"MED31",-0.938678875597343
"PCGF5",-0.93878143009132
"DYRK4",-0.939104494150603
"OR4C10P",-0.940312614280624
"H4P1",-0.941022928944615
"MT-TW",-0.941275166511342
"OR13C7",-0.941391261314212
"HRK",-0.944068659619612
"CLDN11",-0.944983346035005
"IGHV3OR16-16",-0.945039748157829
"DISC1-IT1",-0.945500524319722
"PAFAH1B1P1",-0.949274809939759
"LINC01714",-0.950008516723832
"TRO",-0.950330813917972
"GATA3-AS1",-0.95303851237351
"RNU6-130P",-0.953660477424506
"MDP1",-0.955191722397527
"RPL24P4",-0.955680147891492
"SLC5A12",-0.956285725058429
"CARMIL1",-0.956376654878987
"MTHFD2",-0.957971665536062
"PRSS3P1",-0.96474198904843
"PRSS1",-0.96474198904843
"MIR548Z",-0.96474198904843
"MIR548C",-0.96474198904843
"TRA2A",-0.966209838460219
"APOM",-0.967232488691691
"RPS16",-0.96729883881017
"PRSS56",-0.967767392458448
"TRAJ46",-0.969150688066425
"SIGLEC10-AS1",-0.969150688066425
"KLF4P1",-0.969378375659154
"CCL4L2",-0.974586970552834
"KRT18P7",-0.975719537053366
"MFAP1",-0.976129512720734
"CITED2",-0.977521402279946
"RPS17P16",-0.977920744743466
"PAIP2",-0.977985543367338
"TMEM230P2",-0.978732863573658
"RBM6",-0.981566568115933
"MT-TE",-0.984413865195652
"FAM167A-AS1",-0.987349527229493
"SNX29P1",-0.990568146656525
"NDEL1",-0.995161125878089
"TSPAN33",-0.996886565310253
"TM2D3",-0.997818926767471
"IL17F",-1.0010662492423
"RPS18",-1.00157155600115
"CLEC9A",-1.00163673741814
"ZNF442",-1.00304031844232
"IGSF22",-1.00646278057765
"SELENOM",-1.00938869687798
"CCDC167",-1.01039797042908
"DGKG",-1.01100393156101
"HCG25",-1.01123077539582
"NSRP1P1",-1.01562400325626
"LRRC4B",-1.0198855095723
"MRNIP",-1.02114383530729
"LINC01744",-1.02157336188388
"ARL8BP2",-1.02701676019056
"RN7SL122P",-1.02701676019056
"ADD2",-1.02701676019056
"MYT1L-AS1",-1.02701676019056
"MYG1P1",-1.02701676019056
"PRR23A",-1.02701676019056
"HHATL-AS1",-1.02701676019056
"SPSB4",-1.02701676019056
"LINC01324",-1.02701676019056
"RPL17P19",-1.02701676019056
"SETP12",-1.02701676019056
"IL21",-1.02701676019056
"RAB9BP1",-1.02701676019056
"RHAG",-1.02701676019056
"OSTM1-AS1",-1.02701676019056
"FAM87A",-1.02701676019056
"FUT7",-1.02701676019056
"DBH-AS1",-1.02701676019056
"MIR4290HG",-1.02701676019056
"OR51B8P",-1.02701676019056
"GRIK4",-1.02701676019056
"OPALIN",-1.02701676019056
"PRR4",-1.02701676019056
"LINC02361",-1.02701676019056
"OTX2-AS1",-1.02701676019056
"ACSM5P1",-1.02701676019056
"CDH19",-1.02701676019056
"AURKC",-1.02701676019056
"ZNF684",-1.03033160549155
"ADGRE5",-1.03154428518476
"UBR2",-1.03338853614016
"RNU1-72P",-1.03358401311121
"RAD51D",-1.03826669716147
"SNHG14",-1.03828967889272
"GSG1L",-1.03881544374588
"TEX36",-1.04094270731006
"MIR5188",-1.04096676130496
"LINC02346",-1.0413245341717
"ANXA2R",-1.0415171535355
"RPA2",-1.04230245440965
"IGHV3-30-2",-1.04287659751117
"DERL2",-1.0435207231339
"ATF4",-1.04389550047896
"EOLA1-DT",-1.04634047215859
"DOCK10",-1.04767247213334
"TUBA4A",-1.04915902571152
"ATP5PDP4",-1.06384272035246
"RASA1",-1.06487189063272
"RAP2C",-1.06760212168432
"RABAC1",-1.06868443726874
"IGHV7-34-1",-1.06999635297672
"HMGB1P6",-1.07391242040004
"ZNF669",-1.07519039155517
"ITCH",-1.0790497236968
"CCT6B",-1.07952340519359
"IQSEC1",-1.08107192642663
"POGZ",-1.08179601552415
"HPRT1P1",-1.08179869883998
"MXD1",-1.0818758048449
"RPL21P11",-1.08331662659879
"USP15",-1.08421834584946
"F2R",-1.08461657396744
"PIK3CA-DT",-1.08466555404093
"EEF1A1P32",-1.08505460162526
"RPS27AP5",-1.08567433363808
"PPIAP36",-1.08934300177019
"NUP214",-1.08961107559968
"LRIF1",-1.0901181777153
"ZNF292",-1.09056909420275
"ANKRD36BP1",-1.09440669158089
"HSP90AA1",-1.09567148486737
"DENND5B-AS1",-1.09644472072739
"NMBR",-1.09690953381774
"RPL21P125",-1.10478492268544
"KLRF1",-1.10590715024473
"LINC02556",-1.10596094745619
"GSTM2",-1.10705561365365
"NDUFA1",-1.10772284060343
"YME1L1",-1.10964368340355
"MARCKS",-1.1166501408716
"FXYD5",-1.11838507503781
"CDC42P1",-1.12087889118903
"SPIN4-AS1",-1.12760320844726
"TAF5L",-1.12988259273975
"SHISAL2A",-1.1301579479949
"SEC63P1",-1.13028226528332
"TBC1D15",-1.13064884776911
"SCAANT1",-1.13175546274338
"ZNF347",-1.13558174246197
"CASC19",-1.13879724124502
"PRKD3",-1.1407346272861
"CCNC",-1.14615409933568
"NRBF2",-1.14659279865423
"C16orf74",-1.1492254329327
"GAB1",-1.14932736956022
"SLC35F2",-1.14972048409148
"TUBB8",-1.15679022403316
"PGPEP1",-1.15956711797193
"BCL11B",-1.16577475595114
"PCGF3",-1.16717043376076
"MT-TC",-1.16903558317345
"EXOSC4",-1.17049802450533
"SPTBN4",-1.17271982248664
"RNU7-77P",-1.17706344196644
"GRIN2D",-1.17900230073708
"OTUB2",-1.17915675947001
"EPB41L4A-AS1",-1.17959495881278
"NAT1",-1.18424121610645
"C9orf78",-1.18497305847976
"PRCP",-1.18537166157065
"UFD1-AS1",-1.18782711019836
"RPLP0P6",-1.19043159978257
"MPHOSPH10P7",-1.19271379294258
"TGIF2",-1.19403044209769
"RAB28P5",-1.19491559489383
"RPS27AP12",-1.19508206023084
"SRGAP2",-1.19677723531805
"HIPK2",-1.19972289661185
"ERICD",-1.20368840925357
"GADD45B",-1.20522301922247
"MIR2052HG",-1.20604855206495
"GPR85",-1.20936753820277
"ZBTB8OS",-1.2113257103727
"SATB1-AS1",-1.21345871419613
"VAX1",-1.21432097153156
"NEDD1",-1.21677965782446
"POTEE",-1.21962487944291
"LINC01428",-1.21968220148073
"GAPDHP14",-1.22035550595918
"IGKV1D-27",-1.22105166975827
"ADGRB2",-1.22175523601605
"RNU6-1311P",-1.2243179164593
"GTF2E2",-1.22470741716415
"PRR34",-1.22484313612566
"KATNBL1",-1.22629094379294
"SCUBE1-AS2",-1.22676078338834
"SIL1",-1.22699743568416
"RN7SKP173",-1.22779998728051
"AEN",-1.22797768186715
"OR8U3",-1.23110325918003
"RPL21P46",-1.23163464554167
"AKNA",-1.23171370216635
"RAP1BL",-1.23189763705739
"FAT3",-1.23445526881436
"CHD7",-1.23803744175678
"DDX10P1",-1.24114342634563
"RBM27",-1.2439488282799
"RN7SL472P",-1.24491699621852
"TEX52",-1.24789448046689
"LINC01423",-1.24789448046689
"MYOCD",-1.24909146905693
"MDN1-AS1",-1.24962931835199
"SH3BP5-AS1",-1.25117909888861
"TMEM19",-1.25214078866026
"RNVU1-28",-1.25427644419472
"TMEM255A",-1.25722245573888
"ABCC12",-1.26120923033499
"RNU6-42P",-1.26222197011519
"ZBTB2",-1.2626150887369
"SRA1",-1.26348077922185
"RAD52",-1.26369608448181
"H2BC15",-1.26470853455484
"UBBP3",-1.26572077559154
"BCAT1",-1.26689624128493
"GPR141",-1.26760631066159
"FTL",-1.27117072375451
"FXR1",-1.2727525537989
"DNAJC3-DT",-1.27280799239018
"C15orf39",-1.27395513972584
"PLEKHO2",-1.27554700972316
"ETV3",-1.275589539896
"RNU7-3P",-1.2803373318227
"RNU6-266P",-1.28340152393529
"PCGF3-AS1",-1.28458132053739
"YTHDC1",-1.28497804489989
"RBM4B",-1.28677118120859
"KIAA0513",-1.28753345277021
"VAC14-AS1",-1.29256349479502
"LINC01643",-1.29490788373335
"FEM1C",-1.29646138519256
"LINC03106",-1.29786653167359
"XKR6",-1.29968553781214
"GSTM3",-1.30029872074479
"CALB2",-1.30129184296884
"SH3BP5",-1.30558480042395
"TMEM59",-1.30740871925047
"OSBP2",-1.30757101530425
"EDRF1-AS1",-1.31291014614765
"SAMD8",-1.31458181160308
"TRBV20-1",-1.31619256559507
"UBE2G1",-1.3175700118396
"PTPRVP",-1.31801358766113
"TLCD4",-1.32413278054371
"STXBP5",-1.32485711144619
"NLRP13",-1.32671145507314
"ZNF570",-1.32874866582629
"IFRD1",-1.33170508494457
"ESR2",-1.33741185684218
"LHFPL2",-1.3379562797109
"G2E3-AS1",-1.34146804027557
"MIR760",-1.34310614202167
"PCDHGA11",-1.34310614202167
"OR1N2",-1.34310614202167
"GCNA",-1.34486019642418
"LINC00200",-1.34946481910832
"IFNL1",-1.34946481910832
"MIR425",-1.35424303326657
"CDK5RAP3",-1.3543249383719
"TXNL4B",-1.35613295774644
"RPL34",-1.35807970195524
"NACA3P",-1.35874240804327
"PLAC9",-1.36263272600368
"ZNF136",-1.36545073034836
"TAOK3",-1.36700178085363
"SRP14P3",-1.36920965276853
"TPTE2-AS1",-1.36959636625732
"HIF1AN",-1.36966648503382
"ADGRL1-AS1",-1.37337604434834
"RPL23AP74",-1.37470145218166
"RPS3P3",-1.37492305403596
"MIR563",-1.37703027601104
"ZBTB33",-1.3777072201999
"DCST2",-1.38068766508382
"EIF4B",-1.3809136634716
"PTGS1",-1.3817330191765
"PPP1R18",-1.38464750661597
"RPS25",-1.38586929901564
"AEBP1",-1.38739417591099
"RNU6-611P",-1.38827174134633
"IQSEC3",-1.38952533184184
"OSBPL3",-1.39004434250392
"ZSCAN16",-1.39044337770208
"KMT2A",-1.39277706773695
"ITGAX",-1.39645462647217
"RPS4XP14",-1.39662618730847
"RNU6-476P",-1.39721474583882
"HPR",-1.39847715243233
"LINC02322",-1.39917619531175
"IGHJ2P",-1.40343659500936
"SLC35D1",-1.40717235697808
"MSI2",-1.40877587692673
"RABGGTBP1",-1.41201949633693
"IGHV3-54",-1.41244075806165
"RPS20",-1.41248071436565
"ZNF510",-1.41483171839149
"SIMC1P1",-1.41498102855026
"LINC02934",-1.41991150120367
"IGLV3-17",-1.42130201576451
"LINC03021",-1.42206052627007
"IGKV2-38",-1.4226037060849
"NAA16",-1.42368714853485
"ZNF75A",-1.42645636775576
"FGFR1OP2",-1.42845978139822
"CCNH",-1.43114184767761
"CARS1",-1.4326877609242
"RNF168",-1.43606572315192
"DERL1",-1.44228778066788
"RPL7P50",-1.44279920023198
"LINC01539",-1.44682296871166
"CD1D",-1.44786689449872
"KLHL3",-1.45394066281074
"TUT7",-1.45836266893979
"CFAP54",-1.46063802296321
"KMT2E",-1.46444509305347
"SAGE2P",-1.47012773563337
"MIR320D1",-1.47012773563337
"CCDC144BP",-1.47012773563337
"MAPK8IP3-AS1",-1.4720714700406
"RNU6-647P",-1.47598768518926
"KLHDC4",-1.47782718989807
"PROCA1",-1.47785654470291
"TUBB1",-1.48066913344939
"POLR1F",-1.48360146759105
"CDC20B",-1.48408753272365
"RNU6-890P",-1.48502786329382
"ADPRH",-1.48676002999404
"TUBG1P",-1.48771032183739
"RPL17P39",-1.4909950964924
"H2AC18",-1.49257856787893
"FAM98A",-1.49314331807237
"RAD51AP1",-1.49321881838748
"CORO1C",-1.49616398811643
"CEP57",-1.49674837677125
"RNU6-757P",-1.50145598946369
"LINC00971",-1.50167877121263
"H2BC4",-1.50417201708646
"TRPC1",-1.50436649522725
"LINC03077",-1.50436649522725
"SLC16A14P1",-1.50436649522725
"OR51A7",-1.50436649522725
"C12orf71",-1.50436649522725
"IFITM3P8",-1.50798044462628
"KLHL28",-1.51029307385031
"RNF216P1",-1.51036357676658
"ANKRD33B",-1.5126360882871
"NCAL1",-1.51358687700511
"NFKBIE",-1.5160807081532
"UBAP1L",-1.51614197901113
"C1QC",-1.52261521496144
"H1-10-AS1",-1.52503827838781
"ALG13-AS1",-1.52525011379422
"CLIP2",-1.52563725674745
"RPL7L1P12",-1.52927651724891
"ADAM28",-1.53366028135133
"ZNF17",-1.53399610340364
"FUCA2",-1.53879502123862
"SYT14",-1.54349137108003
"ASB2",-1.55188274317832
"MRC1",-1.55218643030305
"RNU6-218P",-1.55258036549225
"MUC12",-1.55350143487008
"LINC02151",-1.55559710669829
"PLEKHA2",-1.55658204809654
"TECPR1",-1.56032235112497
"ACVR2B",-1.5605831548576
"PIGC",-1.56176941311284
"GABPAP",-1.56236071448459
"PREX1",-1.56249976196592
"TRBJ2-4",-1.56491480875035
"FN1",-1.56835960764987
"ZNF587",-1.56838289577619
"VSIR",-1.56861043258796
"ARID5B",-1.56971568412615
"PRKXP1",-1.57261991310225
"TAPBPL",-1.57333512185444
"EZR",-1.584897333561
"AMACR",-1.58838627204495
"C12orf57",-1.59104507991143
"RNU6-995P",-1.59496714320871
"VAV3",-1.59960391102011
"E2F7",-1.60448202593287
"USP6",-1.60477713233843
"INSIG1-DT",-1.60595705776812
"DCAF8",-1.60601490721018
"MARCHF3",-1.60992816702159
"RPL6P22",-1.61320708473736
"COG5",-1.61572415090751
"NINL",-1.61671007996947
"COPZ2",-1.62818931286137
"SEZ6L",-1.62910400061951
"TADA2A",-1.63628696838374
"TIFA",-1.63906809984228
"ZP3P1",-1.64462085043244
"ZNF791",-1.64577509634413
"BANF1P3",-1.64648118988026
"RPL21P120",-1.64767703157069
"ANKRD36BP2",-1.64793064283339
"RPS12P3",-1.65250106057566
"RICTOR",-1.65314006766124
"ERVW-1",-1.65377989270013
"RNU7-84P",-1.65734403046711
"RNU6-795P",-1.65734403046711
"ATP6V1G1P4",-1.65734403046711
"RPL17P22",-1.65853976156545
"NDUFB10P2",-1.65853976156545
"RN7SL338P",-1.65897124442828
"ST8SIA4",-1.66865679657311
"COX5BP4",-1.67063140807152
"RN7SKP37",-1.67063140807152
"GPBP1",-1.67327680186155
"RNU6-645P",-1.67367030900526
"ATOSA",-1.67632806810739
"CNEP1R1",-1.67662893710615
"RNU6-37P",-1.67790073520534
"RPS11P5",-1.67894189968751
"RNU6-682P",-1.67994057199757
"SQSTM1",-1.68478626997308
"USP48",-1.68965021746195
"TNF",-1.69108045380117
"IGHD2-21",-1.69187983994956
"GIPR",-1.69283118657846
"WTAP",-1.69397430983849
"BET1-AS1",-1.6963780410072
"AZIN1",-1.69711150922103
"MBD2",-1.69888076945456
"RNU7-40P",-1.69904979311614
"MYO1A",-1.70075349582125
"ARGLU1",-1.70701004731461
"RPS23P6",-1.71056510514416
"HERC5",-1.71156055540501
"RASL11B",-1.71578114879452
"LINC02988",-1.71935830733934
"TOP3BP1",-1.72006390333394
"LINC00612",-1.72266970708597
"LINC01410",-1.72282260733469
"CHAMP1",-1.72481415879905
"PPIAP82",-1.72757480260899
"ZUP1",-1.72765088777272
"BTG1",-1.7278726966545
"FAM200A",-1.72799738895521
"MAST1",-1.73296444373609
"CTAGE9",-1.73318455833049
"NR4A1AS",-1.73377105698281
"GPR132",-1.73669960838406
"EEF1AKMT2",-1.73802077235998
"LINC03100",-1.73874088845176
"CPLANE2",-1.73914626337482
"THAP5",-1.74118131614452
"UBE2H",-1.74250520938024
"NR3C1",-1.74463862626168
"MIR4734",-1.75224663150662
"ABCB7",-1.75504338028155
"TENM3",-1.75883288782665
"ZBTB38",-1.75936958271426
"MIR6514",-1.75956084317891
"NECAP1",-1.76059943335932
"LINC01901",-1.76216174862226
"ANGPT4",-1.76216174862226
"TP53TG5",-1.76267757737968
"LINC00494",-1.77214081817951
"SLC1A4",-1.77303462974142
"S1PR2",-1.78042357789806
"ADAMTS18",-1.78398663738949
"EEF1A1P3",-1.78758532883226
"SAT1",-1.78768949603259
"H1-10",-1.7923877669801
"SLC16A1-AS1",-1.79386063735295
"RPS4XP8",-1.80125415069644
"OSER1-DT",-1.80282599801148
"BNIP3P25",-1.80360181194429
"HMGB2",-1.80391405078532
"ZNF133",-1.80469644588548
"C12orf50",-1.80524138690919
"PLSCR5-AS1",-1.80619040343748
"IGHV1OR16-1",-1.80619040343748
"RNY1P9",-1.80619040343748
"MIR4537",-1.80781662103315
"PPIAP9",-1.80864903571172
"KIAA1210",-1.8104999639496
"DUSP4",-1.81532868350135
"EIF1P7",-1.81998398164155
"ARMCX3-AS1",-1.82757711126903
"RPL18P10",-1.83017099828727
"IGKV2-36",-1.83484846127284
"NOTCH2NLC",-1.83544407490996
"CNBD2",-1.83563750223768
"LINC02069",-1.84638746162672
"RNU4-51P",-1.84856390976601
"FYTTD1",-1.84929917085818
"ARSA",-1.84979795646233
"RSKR",-1.85245773650088
"RNU7-110P",-1.85306312543493
"THEMIS",-1.85306312543493
"SNORD13E",-1.86715242972213
"MDM2",-1.86789163982926
"ULBP3",-1.86816237659915
"RRAGC",-1.86883417386308
"EIF1P3",-1.87146280235069
"CYBA",-1.87354157630523
"SH2D3C",-1.87412033093078
"WT1",-1.87550460095825
"CCDC39",-1.87556206935184
"ZBTB21",-1.87802767532834
"KRT6C",-1.87866988476901
"PAPOLA",-1.88048938550002
"TAB3",-1.88297204797463
"TICAM1",-1.88340133751236
"CLK1",-1.88493076220952
"CARS1-AS1",-1.8850480877727
"RAPGEF2",-1.88606676693784
"TRIB1",-1.88787335467718
"RPAP3",-1.88797329260138
"MIR148A",-1.89081155381876
"TAB3-AS1",-1.89209171696907
"RNU4-39P",-1.89588322735201
"ARL14EP",-1.90442803068142
"MYADM-AS2",-1.90458973114403
"IGLV3-29",-1.90616612757502
"RN7SL600P",-1.90909892736579
"TRIO",-1.90931853361686
"TBXA2R",-1.9122747337131
"EIF1P5",-1.91281686679866
"PSMD6-AS1",-1.91288805631246
"PET117",-1.91508876561157
"KPNA4",-1.92866826781633
"MED8",-1.93036819108646
"NLRP11",-1.93188521339494
"H2BC5",-1.93272292686582
"APOBEC3C",-1.93627559720613
"ZXDB",-1.94021572895742
"FAM76B",-1.94177251583819
"INTS6L",-1.94583523932861
"RNF113A",-1.9493070995088
"RPL41P1",-1.95061166899323
"KLHDC7B-DT",-1.95488964179472
"MIR191",-1.9588379462983
"MEF2C",-1.95984635392004
"GOT2P6",-1.96112189490986
"ZNF562",-1.96181368231266
"IGKV1D-42",-1.96409171406629
"RPL19P21",-1.96422543308808
"TCAF2C",-1.96876410200528
"PRTG",-1.97492035920094
"IGHV3-29",-1.97538353524028
"TRAJ41",-1.9763464725595
"TMEM263-DT",-1.97762930850381
"JMY",-1.98144718466802
"RPLP1",-1.98244130312177
"PRKACB",-1.9858733639807
"CREBRF",-1.98624946059398
"SRPRB",-2.00101206658254
"BMI1",-2.00128112776911
"STAT2",-2.0047214621742
"MIR4453HG",-2.00654716386875
"ASS1P10",-2.00811466007482
"CCDC117",-2.01351104731162
"TMEM170A",-2.01650806837537
"RN7SL809P",-2.02466018366425
"PCDHGB7",-2.02833350056507
"DNAJB4",-2.02916185146005
"LINC02898",-2.03035206520676
"SIDT1-AS1",-2.03055638404359
"NOP56P1",-2.04253096707275
"TOMM20L-DT",-2.04756044097
"RPL22P3",-2.05016361024507
"ZNF552",-2.05157322208143
"RN7SL683P",-2.05171486961698
"NPLP1",-2.05535376225948
"LINC02020",-2.05535376225948
"NAA11",-2.05535376225948
"CDRT15P11",-2.05535376225948
"SGCD",-2.05535376225948
"EPIST",-2.05535376225948
"LINC02520",-2.05535376225948
"EEDP1",-2.05535376225948
"TRPC5",-2.05535376225948
"OR5AK2",-2.05535376225948
"LINC02423",-2.05535376225948
"LINC00920",-2.05535376225948
"RN7SL45P",-2.05535376225948
"LHX1-DT",-2.05535376225948
"LINC01858",-2.05535376225948
"TOMM40P2",-2.05535376225948
"DSCR4",-2.05535376225948
"LRRC7",-2.05666826961309
"AHI1",-2.05879181803717
"LINC01530",-2.06314589657044
"APOA1-AS",-2.06750107119736
"IGHV3-50",-2.07304681668927
"AKR1B1",-2.07326281820083
"ZNF175",-2.07481782220504
"ZNF706",-2.07665230288538
"H3-3B",-2.07949266457166
"LRCH3",-2.08675986084139
"USP7-AS1",-2.08745776352523
"C9orf85",-2.09038797152651
"RNY3P2",-2.09257511607417
"CFLAR",-2.09528895090578
"CLMAT3",-2.09691556468111
"HIVEP1",-2.10040887362019
"OAZ1",-2.10186600022056
"ZNF529-AS1",-2.1035509908694
"TRDC",-2.1063795370969
"UCK2",-2.10855814089472
"GUCY1A2",-2.1126584056193
"CTCF-DT",-2.11454772654549
"NCAN",-2.11457867224152
"NDC80",-2.12067751203668
"RNU7-18P",-2.12182457402219
"SMC1B",-2.12296336680055
"MIR3142HG",-2.12314526410372
"WWOX-AS1",-2.1234528496008
"LINC00845",-2.12772185877059
"LINC02732",-2.12911537660157
"TMEM35B",-2.12979867328706
"GP6",-2.13547025226432
"KLRC4",-2.13913785982554
"NRAS",-2.14155323686278
"MMP17",-2.1439118015916
"IGHV3OR16-9",-2.14444641719349
"PPP1R37",-2.15620733569467
"CAST",-2.17248962585949
"HMGN2P15",-2.17853256679381
"RPS2P44",-2.18022051029406
"LINC00628",-2.183606152317
"C17orf100",-2.19078620768014
"TIGD3",-2.19279983711549
"UBC",-2.1943999657298
"CADM1-AS1",-2.19660076553514
"TUT4",-2.20183037171354
"ZHX2",-2.21060965277943
"BMS1P4",-2.21253115989281
"H2AB1",-2.21398657400246
"CLSTN3",-2.21517477223826
"RPL18A",-2.21832734823233
"ZNF551",-2.22569232644653
"MIR642A",-2.22651984496451
"DBF4P3",-2.22925148445167
"PGM3",-2.22993423524137
"APOE",-2.23191493239638
"RPL21P113",-2.23689170679558
"AGTPBP1",-2.2381207074203
"LINC01562",-2.24141370257786
"MIR8071-1",-2.24154939606185
"SNORA31",-2.24207489178455
"ABCG1",-2.24366072647896
"HMGB3P24",-2.24384035833547
"HARBI1",-2.24588340893365
"LINC01138",-2.2466387118143
"RNU4-31P",-2.24915373469914
"PEBP1P2",-2.25040261272667
"ADPRM",-2.26194171927511
"RBBP5",-2.26312751387376
"LINC01630",-2.26808806459829
"CPB2-AS1",-2.26828665143128
"TERT",-2.27119334986225
"PSMA3-AS1",-2.27375893340523
"TANK",-2.2767634562152
"ETV7-AS1",-2.27884778615749
"ATF7IP",-2.27936952144643
"SCIMP",-2.28225926210473
"H2AZ2-DT",-2.28254465863984
"ANKAR",-2.28345553688971
"C3AR1",-2.2834754667633
"ZDHHC4P1",-2.29142008010712
"ERLEC1",-2.2919965130652
"APOBEC3G",-2.29506615471037
"PKD1L1-AS1",-2.29665673003868
"TTPAL",-2.29754266190239
"SPMIP7",-2.3026500017708
"GOSR2-DT",-2.30905597635812
"MAP4K2",-2.30951524575816
"LST1",-2.31857139087267
"INPP5D",-2.32169904673373
"DANCR",-2.32946874105852
"TBC1D9",-2.32996941852994
"OGA",-2.33176791485842
"FAHD2A",-2.33360614614793
"ERVFRD-1",-2.33572200914353
"LINC00938",-2.340003758627
"DNAAF1",-2.34022364197113
"HCAR3",-2.34089289331546
"TBC1D17",-2.3418152667051
"IFNAR1",-2.34611791922863
"ERVK13-1",-2.34862395540231
"TENT4A",-2.35045722019382
"HAUS8",-2.35455910576506
"FAM107B",-2.35895409799966
"CCDC28A",-2.36140520212262
"LINC00928",-2.36280180117768
"ERMN",-2.36553691312972
"IGLC4",-2.36652005587082
"POLR2D",-2.36905409251725
"MROH7-TTC4",-2.37223790822624
"HSP90AA2P",-2.37412749277535
"LINC02316",-2.37666137494688
"SEC24A",-2.393420558265
"POU2F2",-2.39398638139946
"CASQ2",-2.40108058496109
"SPRY3",-2.40449329524603
"TRAPPC2",-2.40691164573485
"EXOC4",-2.41401361285001
"DUSP5-DT",-2.41639601016255
"LINC00910",-2.41800042698629
"ZNG1C",-2.42456940413891
"PPM1K",-2.42948401218203
"ARHGDIB",-2.43374184435373
"BICRAL",-2.43387081017443
"ANKRD36",-2.44148420582295
"RIOK2",-2.44296817675954
"CD44-AS1",-2.44809896586747
"LINC02356",-2.44916523789872
"RPL21P80",-2.45410341379284
"CRLF1",-2.45630474568205
"RPL21P28",-2.4677122865578
"DYNLL2-DT",-2.47390564053632
"RNA5SP194",-2.47438658117006
"ICOSLG",-2.48069651824901
"PPP1R15B",-2.49976016631549
"ZNF451",-2.50363048437839
"RNU6-862P",-2.50702344586264
"ZKSCAN8P1",-2.50839717974899
"CASC3",-2.50922142275927
"ABCA6",-2.51164895047243
"GCSAM",-2.51257974353105
"DENND4A",-2.51384424047442
"ITIH4",-2.52103368377097
"POLI",-2.52800296465804
"NOL12",-2.54397281035927
"TDRKH-AS1",-2.54539004444614
"SLC38A4-AS1",-2.54608381914941
"ABRA",-2.54716625425467
"SMIM18",-2.54948178579319
"SRSF6",-2.55060269132766
"TRBJ2-3",-2.55290152492123
"H3P25",-2.55412974707178
"NPIPB4",-2.55768952011995
"PHAX",-2.55816130321092
"MAP3K9",-2.55967673537935
"OR10J8P",-2.56461261185085
"CTXND1",-2.56461261185085
"BNIP3P13",-2.56461261185085
"ZNF529",-2.56699572835777
"RPS4X",-2.56892119967508
"SNHG6",-2.57411685991801
"MLKL",-2.57497897093435
"TLE1-DT",-2.57586002308246
"MISFA",-2.57723916197033
"CDR2",-2.59279600724042
"MOSPD1",-2.59296354679212
"ZNF852",-2.5931590991257
"PHB1P5",-2.60411860011774
"RUNX3",-2.61014441817309
"IGHV3-76",-2.61172684529568
"GLIPR1",-2.61241187739467
"RNVU1-4",-2.61308128296334
"DGKE",-2.61683926829057
"RPS27",-2.62060483077003
"NPIPB13",-2.62130408805982
"LINC02443",-2.62241584324187
"SLC14A2-AS1",-2.62269053256547
"IGLV7-35",-2.62269053256547
"VASH1",-2.63296468395509
"RPL31P52",-2.63479129905705
"CALHM2",-2.64245808597901
"SEBOX",-2.65134770186406
"CCNJP2",-2.65562425411371
"GABRA4",-2.65855897098627
"PTPN1",-2.66398836113507
"CLIC4",-2.66935287938617
"IGLV3-15",-2.67160560463997
"TSPYL1",-2.67243417536098
"OR56B3P",-2.67490865975567
"LINC00906",-2.67490865975567
"ZNF587B",-2.68114899411325
"EID2B",-2.68194591829437
"CELA2B",-2.69609008379879
"MRPS31P2",-2.70035113573751
"RGPD1",-2.70325409198891
"TMA7B",-2.7047628703356
"SEC61B",-2.70508144162788
"PCNX1",-2.70526478788559
"NKX6-3",-2.71440842691922
"RNU6-659P",-2.71440842691922
"ECM2",-2.71762545394498
"RPSAP13",-2.71815335185802
"VAMP4",-2.71951138991446
"PLPP7",-2.72416454720413
"PEAK3",-2.7263180134609
"DENND6B",-2.72954081696787
"EIF2S3B",-2.73290291050445
"MIR544B",-2.74308203778511
"ERO1B",-2.7468551855221
"TRAJ45",-2.74733466103795
"TTC36-AS1",-2.7580845880791
"RNU1-1",-2.761476967305
"ZNF341",-2.7615724954359
"IGLV10-54",-2.76178414903372
"EEF1A1P17",-2.76334406988393
"KHDC1L",-2.77776349826709
"GPR155-DT",-2.78081994984987
"OBSCN-AS1",-2.78202994744927
"RASGRP1",-2.80453818271799
"GPR174",-2.80530026176323
"KIAA1586",-2.80697004621132
"PIWIL1",-2.80707470289293
"SLC17A5",-2.8196455517524
"LINC01215",-2.82655505315025
"RNU6-89P",-2.82768678237668
"TRBJ2-2P",-2.83032194635634
"NFKBID",-2.83231844076267
"PLEKHO1",-2.83240914705652
"LMTK3",-2.83481939899312
"CERKL",-2.83563693457138
"EAF2",-2.83764479423644
"RRAGD",-2.84083907595788
"HSPA13",-2.85124900724649
"PIEZO2",-2.86767126856821
"TM4SF19",-2.87408694625089
"ZNF628",-2.87566647657583
"TRAPPC2B",-2.88123332956661
"RNU7-134P",-2.88249563465182
"SLC25A19",-2.88420249637267
"FNIP1",-2.89602345924499
"IGHV5-78",-2.90981403502249
"TARS3",-2.91142243811923
"RN7SL174P",-2.91236026131437
"SNORA23",-2.91236026131437
"LINC01500",-2.94290117921162
"H4C3",-2.94855315142653
"MEX3C",-2.95377181560284
"TPP2",-2.96350791460867
"PDCL",-2.96789541889311
"CHCHD7",-2.97763638533604
"KCNMA1-AS3",-2.98682221353862
"RN7SL199P",-2.99327102282126
"NPY4R2",-3.00364780149282
"FBXO30",-3.00492882038537
"FNDC11",-3.01674815380915
"TMEM140",-3.02306625694936
"IL10RB-DT",-3.02451717264267
"DOCK8",-3.02869566152823
"SFRP2",-3.03130540669624
"IRF5",-3.03295505085354
"H1-3",-3.03765165520149
"FNDC3A",-3.04041109891733
"RNU4-89P",-3.04195551549793
"ARHGEF18-AS1",-3.04219647440826
"PPP3CC",-3.04557314831164
"MED19",-3.0471290051131
"SMYD3-IT1",-3.04817537706796
"RNU1-4",-3.04824083738877
"RBM33",-3.04914390353893
"ATG2B",-3.05639999585989
"ST6GALNAC6",-3.0637650154097
"SRP14P5",-3.06626028127944
"ZNF460",-3.06777419129021
"AGRP",-3.07396241276993
"TMSB15B",-3.0843088150481
"NOCT",-3.08460114682431
"PMCH",-3.08621517666821
"ATP5PBP1",-3.08699055881102
"AKAP13-AS1",-3.08700673574823
"COL10A1",-3.08756753893305
"INSIG1",-3.10784581812129
"RPL21P1",-3.10932310684669
"ELF1",-3.11324892107594
"TRAV13-1",-3.11474115859157
"DNAJC28",-3.1239556700033
"SLX1B",-3.13492017898316
"TMEM107",-3.13711964628636
"GRAMD4",-3.1401342105282
"NTMT2",-3.14047139588728
"LILRB1-AS1",-3.1440624839541
"TAF1D",-3.14548655479693
"LINC02481",-3.14574012274824
"PBX4",-3.15050440796526
"UQCC6",-3.15236231526074
"ELMO1-AS1",-3.15272118108768
"TRIM36-IT1",-3.15506112118041
"KRT18P57",-3.15598621581098
"SNORA14A",-3.15793824204566
"TRBJ2-5",-3.16185052575586
"NUCB2",-3.16355889806673
"SAGE1",-3.16582996736835
"PRR7-AS1",-3.16662409334097
"HSP90B2P",-3.16738682312485
"LYNX1-SLURP2",-3.1683938118129
"POTEF",-3.17258347559134
"DENND1C",-3.17716418992874
"PPP2R5CP",-3.17733781648677
"CD274",-3.18168994893373
"LINC01847",-3.18694258520541
"TUFMP1",-3.1907498461177
"LINC00598",-3.19194339659767
"CDH13-AS2",-3.19271016198654
"TMSB4XP4",-3.19349532322456
"RC3H1-IT1",-3.19679053879209
"PRDM2",-3.19992579394227
"RNU6-1135P",-3.2021577525263
"MAK16",-3.20504608042346
"LINC01678",-3.2053216687906
"EOMES",-3.21791516777607
"ANKRD12",-3.23646267201293
"HMGB1P8",-3.23705576253989
"IL2RA",-3.23880674416332
"KANTR",-3.24217623035575
"BUD13-DT",-3.24359112480748
"SNORD111B",-3.24398921351451
"ANKRD20A5P",-3.24725172873132
"ATXN1-AS1",-3.26107052611701
"MIR1302-5",-3.26464908044365
"NEXN",-3.26746469926512
"BNIP3P24",-3.26746476721033
"TIAM1",-3.28195826493255
"RANBP2",-3.28227566803988
"SELENOTP1",-3.29346918239955
"RPL41",-3.30383208879898
"ZNF780B",-3.30451384188301
"FGD2",-3.3070208185678
"LRRK1",-3.3112576195947
"UFSP2",-3.31224542566585
"RPL21P69",-3.31423177330695
"TNFAIP6",-3.31600512331887
"KCNIP2-AS1",-3.31970622533131
"RPL7AP3",-3.3257322505465
"PLPP5",-3.3277025016342
"CACNB2",-3.33095282455103
"RSF1-IT2",-3.34717889274318
"ARL4AP3",-3.34717889274318
"ADAMTS20",-3.34717889274318
"KRT8P23",-3.34717889274318
"FENDRR",-3.34717889274318
"ZNF567-DT",-3.35311956109438
"FBXO47",-3.35509713982788
"CRY2",-3.36581660263143
"RPL23P6",-3.36722428544156
"HIGD1AP14",-3.36817468467441
"LINC01312",-3.37048466594512
"NUP43",-3.37762573326388
"ZNF416",-3.38394080170523
"OLA1P3",-3.38605130144718
"MICB",-3.39369490892493
"LINC01772",-3.39474382799009
"ARID5A",-3.39811160686337
"FRZB",-3.40481306584612
"LINC01128",-3.40544636201833
"LINC02047",-3.40782709527701
"SLC14A2",-3.40782709527701
"C11orf65",-3.41225519664354
"LINC02168",-3.41635796963825
"ZBTB1",-3.41683161983024
"RN7SL141P",-3.43823858913894
"LINC02541",-3.44019334185621
"TRAJ5",-3.44235639941168
"RNU6-1152P",-3.44611040615483
"HNRNPH1",-3.45001928369023
"IGKV3-34",-3.45854786464595
"EEF1A1P10",-3.46297822364387
"SPAST",-3.46935222451433
"LEF1",-3.48257832696671
"MS4A4A",-3.50032019317469
"ZNF713",-3.50201419289011
"ZNF566-AS1",-3.51416380580327
"C4BPAP2",-3.5183662312502
"LIX1-AS1",-3.52845348038577
"ITGAL-AS1",-3.5356570256956
"CD8B2",-3.54137587473633
"MIATNB",-3.55327282817436
"CNOT6L",-3.5547966340628
"PRDX6-AS1",-3.55934263741006
"KIN",-3.56037116123317
"ENPP7P5",-3.56142875812638
"TTLL7",-3.5641535397554
"RN7SL225P",-3.56562283717031
"INKA1",-3.56821889065323
"OR2A42",-3.57205470112604
"AOC3",-3.58591450166406
"PJA2",-3.5866912505169
"IGKV2D-26",-3.5971364127379
"RNU6-514P",-3.61163700072924
"C14orf28",-3.61398506272049
"GLCCI1",-3.62347768171621
"LYZ",-3.62976912062122
"C9orf153",-3.64326322796999
"RPS27P19",-3.65030299810992
"TAF4B",-3.65395241135705
"RNU6-1003P",-3.6554306660928
"KLF11",-3.65558416737745
"MT1P3",-3.6569101395158
"CHAC1",-3.66356867549639
"PHF5AP3",-3.66423323253681
"DAPP1",-3.66522999263081
"CASP3",-3.66894787119631
"OASL",-3.67141006133553
"CNR2",-3.67647668720421
"SEL1L3",-3.67813723933911
"MIR3198-1",-3.67822810914937
"TUFT1",-3.67853057465875
"CLN5",-3.68312879203974
"LINC02656",-3.68550000687159
"SIGLEC5",-3.68550000687159
"MRS2P2",-3.69079789350793
"MIR5700",-3.69693547318084
"PASK",-3.6996706484628
"NGLY1",-3.71164623174632
"TMEM258",-3.71995111203768
"CT45A11P",-3.72850112161041
"RHEBL1",-3.73434448274688
"RASA3",-3.73817915011315
"NOPCHAP1",-3.74329554366168
"ZEB1",-3.74648893147485
"MTMR9",-3.74700033421976
"BBIP1",-3.75160076935879
"ZNF410",-3.75637703409213
"SAR1A",-3.76273454181668
"TCF4",-3.76855933993853
"RNY4P34",-3.78238091832563
"SLC7A11-AS1",-3.78484195477657
"STAT5B",-3.78873030507757
"CARD14",-3.79197152612408
"CORO1A-AS1",-3.79691963765278
"FAM184B",-3.8114953954193
"BNIP3P47",-3.81532745981161
"FAR1-IT1",-3.81635745239938
"SSU72L1",-3.82402874721315
"MIR103B2",-3.82806743653016
"RANBP10",-3.83353271447941
"TRIM59",-3.83958464585088
"ZBTB49",-3.85321120634177
"ZNF490",-3.85330106738993
"USP46",-3.85507766577084
"HBP1",-3.85726882782062
"RBM4",-3.87311485502329
"DEF6",-3.88643078787045
"CREB3L2",-3.89396255357896
"ZNF211",-3.89689947868987
"ATP5MGL",-3.90025968709495
"EZH2",-3.90092610999016
"DNAJC3",-3.90292528554326
"BLOC1S6",-3.90361067782636
"KDM4B",-3.91178708440929
"SEPTIN7P8",-3.91215625419932
"TMEM88B",-3.92125189553192
"UBE2FP1",-3.92298977732123
"BFSP2-AS1",-3.92638345564287
"IGKV1D-37",-3.92838488830724
"LCMT1-AS1",-3.93822779258289
"TRAF3",-3.94853732953425
"RNA5SP477",-3.97428549016948
"ST6GAL1",-3.97865004026202
"MIR23AHG",-3.99026225685622
"TMEM161B",-3.99228273272126
"RORA-AS1",-3.99261250594627
"ZNF230-DT",-4.00239126535008
"GPR160",-4.00794453522349
"RASA2-IT1",-4.01032388992991
"CCR9",-4.01038530255369
"FCHSD2",-4.01480795811752
"EPCIP-AS1",-4.01649866480594
"NDUFA3P2",-4.01734192851797
"MGAT2",-4.02375271636943
"HEATR5B",-4.02896737944625
"ARMCX3",-4.03056801223344
"RNU6-118P",-4.03150911998565
"IGHV3-63",-4.04716604115856
"SNORD111",-4.05579827664065
"ALG9-IT1",-4.06881748967205
"MERTK",-4.07722603020726
"TMED5",-4.08131910783874
"PPP1R3E",-4.08935887742887
"RN7SL447P",-4.09822552907057
"RN7SL459P",-4.09840210565448
"ATP2B3",-4.10597936497662
"LINC02908",-4.10884873743764
"PGRMC2",-4.10975632182318
"COQ10BP2",-4.11710939109193
"PPIAP33",-4.12057313653753
"TLK2P2",-4.12242134674166
"RN7SL521P",-4.12612658272511
"TLR1",-4.13943449566244
"NCF4",-4.14008397069245
"IGHD6-25",-4.14810356580381
"ARHGEF6",-4.14958555213473
"MIR3164",-4.15392711725554
"LINC02680",-4.1669650830728
"ZNF786",-4.16875512574143
"BCAS1",-4.16879679691063
"ATP1B3-AS1",-4.17173317462973
"THG1L",-4.17175878846771
"YWHAQP6",-4.17305788438352
"HMGXB3",-4.18215803238049
"STAM-DT",-4.18505081297674
"MFSD2B",-4.18591601610177
"TTC16",-4.20762196847063
"SNORD3C",-4.20896431462334
"H1-2",-4.23163416809835
"ZP2",-4.23420588509066
"RNU6-1294P",-4.23425514697713
"PTPRB",-4.23849935475179
"RPS4XP13",-4.24603215472721
"IGKV2D-40",-4.24632168615773
"RN7SL692P",-4.2469585535031
"NDUFAF4P4",-4.25427682592731
"ZNF107",-4.25602678875625
"MIF4GD-DT",-4.25692404106964
"QRSL1P3",-4.26986994991434
"ZNF561",-4.27029322401035
"NSG2",-4.28619285683331
"G0S2",-4.29222945777017
"IGKV3-31",-4.29863171179248
"ZNF671",-4.31429623931117
"TXNDC11",-4.3172209877597
"NR1D2",-4.31734881231985
"HSD11B1-AS1",-4.32117092390098
"SLC26A8",-4.32257860796572
"GK-IT1",-4.35741586253967
"ATP2B1",-4.35815727484921
"SEC62",-4.36778707289656
"LINC01765",-4.36900155686848
"LMF1",-4.37814861145369
"EMP2P1",-4.38423071861533
"IGHV3-36",-4.39041603664251
"TCEANC",-4.39335174709722
"B3GALNT1P1",-4.39807686090427
"GPATCH2L",-4.40980857911798
"CDV3",-4.41165235534296
"SRMS",-4.41554050807479
"LINC00539",-4.42401150004825
"IQGAP2",-4.43791868719303
"IGLVI-20",-4.43924542961824
"NR4A3",-4.44253314852455
"ZNF699",-4.46814225748332
"TRAF3IP2-AS1",-4.47908375832913
"CEP250-AS1",-4.48998900603775
"NCR1",-4.49651876369794
"HSDL1",-4.51112444891639
"RN7SL558P",-4.52253645114626
"RAPGEF6",-4.52544606744903
"MIR4650-2",-4.55797876419244
"RNVU1-2",-4.56373027856846
"RPL7P49",-4.56530706448187
"HOXB2",-4.5746293616225
"KLRD1",-4.57573439138094
"DDN",-4.5780882452876
"RNU1-67P",-4.59048902620589
"SUB1",-4.60137483180167
"RNF216-IT1",-4.61397738783524
"MIR3160-1",-4.61491721138673
"TRAJ31",-4.61714394995368
"KIAA0825",-4.62210732568124
"MAP3K8",-4.62827594274624
"EEF1B2P3",-4.63234927037228
"PELI1",-4.64378239148829
"TAGAP-AS1",-4.64499125452407
"BHLHA15",-4.65810383650743
"ANKRD37",-4.66110300404177
"RHOA-IT1",-4.66844483600277
"SDHAF1",-4.67141074948378
"MCOLN2",-4.67251111794392
"SPCS2P4",-4.67313244195437
"BRMS1L",-4.67710990119271
"RNVU1-27",-4.68083539257494
"LMF1-AS1",-4.68521963536349
"FRMD5",-4.69199973553453
"UBBP1",-4.69322616798344
"MIX23P5",-4.69365458627614
"CYB5RL",-4.70064850167532
"KLF12",-4.70128644162357
"IGHV7-27",-4.72402383290076
"ZNF223",-4.72622272886163
"FAM106A",-4.73115374294373
"MIR186",-4.74227782644839
"IGKV1D-17",-4.76128773462851
"ZNF230",-4.77376369882049
"LMBR1L",-4.79453655526588
"RNU5F-1",-4.80807691103804
"ZRSR2",-4.80888270426853
"SLC7A7",-4.82237893837109
"AGBL5-IT1",-4.82404786444896
"PNPP1",-4.82750220242383
"SUCLA2P1",-4.82750220242383
"OR1Q1",-4.82750220242383
"LGI1",-4.82750220242383
"SMIM5",-4.82753353670991
"MMP9",-4.82763925702377
"ACOT6",-4.83543679417103
"CSF1R",-4.83749321389654
"SLC24A1",-4.85576518920539
"ZCCHC24",-4.87749515002697
"TAB3-AS2",-4.8843508732666
"CNGB3",-4.88477943717615
"SDHCP2",-4.88740851959566
"MUC12-AS1",-4.88773854300679
"RPL9P29",-4.89422730971089
"IGHV1-58",-4.90370506371401
"RPL21P86",-4.90634622397571
"GLYR1P1",-4.90709832937563
"EIF5",-4.90800850757215
"AGA",-4.91337098042202
"HCFC2",-4.92623314648631
"R3HDM2-DT",-4.93259120863726
"WBP2NL",-4.93313500799767
"FCGR3A",-4.93712232704237
"LINC03110",-4.94955308055534
"MFSD13B",-4.9511367906191
"TIMD4",-4.95882034547364
"STK17B",-4.96355145555995
"PLA2G4C",-4.96980577006942
"H2AC6",-4.98308976147334
"KCNAB1",-5.00505912899798
"C2orf42",-5.03645237873654
"SH2D2A",-5.04491323665936
"SNAI3",-5.07156041886345
"H3C3",-5.07221376824865
"SLC2A3P4",-5.08701996262045
"TUBGCP6",-5.09141731898784
"AMER1",-5.09488194166257
"TMEM273",-5.09530782250623
"LINC01483",-5.09923762994975
"RABGAP1L-DT",-5.10159833351571
"CPEB4",-5.10214001833958
"ATP6V1E2",-5.12290117075784
"IGKV2-23",-5.1242894729461
"UBE2B",-5.12524071453904
"SYP",-5.12563866166244
"CALCOCO1",-5.152066122616
"DBTP1",-5.17282261370235
"LINC02226",-5.18242536277503
"HSPA2-AS1",-5.18385914955711
"NCF4-AS1",-5.19048178315328
"IQCG",-5.20071569475751
"ZNF264",-5.20449107678061
"HOXB-AS3",-5.20614121486652
"CUL4AP1",-5.21549611180827
"FBXO10",-5.22223770188522
"ARFGAP3",-5.22919794551415
"MAP3K14",-5.24855351727948
"CDK6",-5.25062109893324
"ZNF417",-5.25977798103069
"ZP1",-5.2756645668372
"LRRC14B",-5.288323451567
"MCL1",-5.29018271186802
"C2orf69",-5.29114811931366
"NLK",-5.29171577050058
"RAP2A",-5.29540080879569
"SPMIP4",-5.32171824487307
"COL4A3",-5.32962316286795
"STRIP2",-5.33543358370015
"MAL",-5.3380053206486
"SSBL4P",-5.3535556262016
"TRAV19",-5.35577190024185
"MIR3680-1",-5.37464035525496
"IGHV3OR15-7",-5.38470274523938
"NEAT1",-5.39437911694998
"VPREB1",-5.41629305894277
"TRAJ47",-5.42000776328944
"RNU6-1111P",-5.42688247768542
"FCHSD1",-5.43465344812275
"RAB2B",-5.43875265006229
"ZNF295-AS1",-5.44375457478586
"IL10RB",-5.46444934170136
"LINC02734",-5.47944873404599
"PRR5L",-5.48288797954664
"MIR6775",-5.48516551121177
"CGAS",-5.49966748787729
"ATP1B2",-5.51426321417057
"VAMP5",-5.52208221069025
"GGT1",-5.54364897406197
"BTN1A1",-5.54703200011368
"TXNDC15",-5.5512541606294
"LINC00957",-5.55347412715034
"JSRP1",-5.55871641746452
"UBE2QL1",-5.56052495220821
"RN7SL329P",-5.56077152463722
"CCDC50",-5.5715974661866
"PPIAP11",-5.58163336501708
"ORC3",-5.58485461301419
"NFKBIA",-5.58785788046879
"RNU4-40P",-5.60489792837635
"P3H3",-5.60563164823749
"HIVEP2",-5.608031960818
"SDR42E2",-5.6107247846262
"SLC7A11",-5.61905725082657
"POT1-AS1",-5.63092891618434
"NUP210P3",-5.64456496028104
"PPP2R5C",-5.67043660267199
"SPCS1",-5.67647823707189
"PLXNC1",-5.68743880903744
"KISS1R",-5.71026422407459
"RPS26P59",-5.71425775703176
"SPATS2",-5.71978535359537
"RPL21P75",-5.72620268836153
"SNORA68B",-5.73062304828232
"H2BC11",-5.73572644936671
"TOR3A",-5.74796124651061
"SAMD7",-5.75194558696279
"TMC3-AS1",-5.75333225680898
"SPCS2",-5.7673295528529
"RN7SL738P",-5.79087208913986
"FNDC3B",-5.79770258400284
"ACAD11",-5.8163782482742
"SLC17A9",-5.82092384332411
"FABP5P9",-5.83910027392373
"KLRK1",-5.84451643362004
"NHP2P1",-5.85294468218246
"RAC2",-5.86266861183303
"HSFX3",-5.86985313040129
"MMUT",-5.88752700013287
"SIK1",-5.89083818143869
"PPP1R1A",-5.91724798347841
"WDR27",-5.92288215546419
"LINC02391",-5.94381774728757
"RUBCN",-5.95180797550597
"SEC14L1",-5.96446740789742
"AIM2",-5.97068850571586
"SKAP1-AS1",-5.97225004607363
"GRB2",-5.97858979370073
"ARMC2-AS1",-5.98190435309425
"ANKRD44",-5.98773854136536
"MATR3",-6.01118200596601
"MIR4308",-6.0220377848671
"KCNMB4",-6.02869980819606
"MED28P1",-6.03194688787156
"PAH",-6.05143503899674
"ZNF527",-6.05742836154066
"NXPE3",-6.07311519391948
"CCR1",-6.0941258273894
"DBF4",-6.10206433026172
"TRBV2",-6.11621945493792
"LNPEP",-6.12958788753224
"IGLV1-41",-6.15308811267676
"RNY4P6",-6.15660963572649
"ZNF561-AS1",-6.16525274670525
"RTTN",-6.16736396437765
"MRPS6",-6.18194805527553
"RN7SL760P",-6.18755866773107
"TMEM204",-6.19702986109893
"C8orf58",-6.20373222653037
"H3C2",-6.23878872964166
"LIME1",-6.24116847246508
"TIAM2",-6.24546306959928
"DIPK1A",-6.2469197912274
"S1PR1",-6.25240319521936
"TRAJ44",-6.25930837807209
"FERMT3",-6.26565772212647
"RPL29P35",-6.27176894863323
"RIC3",-6.2783461462457
"ZFP36L2",-6.28078548280962
"RN7SL1",-6.28282564161733
"AMY2B",-6.32811868501965
"CLEC18B",-6.34471807704314
"LINC00919",-6.35309291161476
"CCDC141",-6.35687206060336
"FUOM",-6.36045358364825
"MCAM",-6.36466494803857
"LMAN1",-6.37119837508841
"ZNF665",-6.3744791305801
"SNED1-AS1",-6.37474948617129
"IGLC5",-6.38487828682062
"SPNS1",-6.39160372390289
"MIR648",-6.40681201725688
"SLC9B2",-6.46210960089239
"ARHGAP15-AS1",-6.47396222738159
"RNA5SP479",-6.4785888731495
"GRK6P1",-6.50549078088092
"ZNF589",-6.50921314992586
"ERN1",-6.51020567074709
"CIDECP2",-6.51085162430409
"BLM",-6.52617669228435
"SCN2A",-6.53233734357074
"LINC00309",-6.53429928476873
"MYL2",-6.54315215429787
"RNVU1-8",-6.58297607933948
"GREB1",-6.58980412654938
"MSS51",-6.59086415047978
"IGLV5-37",-6.60238106221515
"RNU6-531P",-6.61412480420035
"CCDC7",-6.62302234109095
"RPL23AP50",-6.63178516875972
"VOPP1",-6.6426587451569
"HLA-DQB2",-6.64306380081918
"SAPCD2P3",-6.66667188662425
"GTDC1",-6.67308483835889
"ACTC1",-6.67321488936288
"LINC03008",-6.67410572351698
"THAP9",-6.68081275233295
"AKT3-IT1",-6.68203001301326
"RNU6-936P",-6.68741887578314
"GADD45A",-6.6917192217407
"AGBL3",-6.71543221311247
"PTTG2",-6.74136999468327
"SELENOS",-6.74217674205512
"LINC03034",-6.74614626066626
"ANKRD44-AS1",-6.75195480134545
"IGKV1D-43",-6.75216850756812
"SLC30A8",-6.76701841388502
"TENT5C-DT",-6.77180761042901
"RBM48",-6.78177057541523
"ARHGAP27P2",-6.78243366025142
"FNBP1",-6.78331109406569
"LRRC8C",-6.79510819678157
"H4C16",-6.79605706835166
"PBXIP1",-6.80962521492571
"FYN",-6.81791899679949
"SKAP2",-6.83450736871112
"SNORA70F",-6.84098373781526
"DENND3",-6.84656506010766
"CDC37P2",-6.84662537679702
"TNNT3",-6.8470123945499
"SLC1A3",-6.85470479150863
"RCN3",-6.85562404827893
"UBALD2",-6.85797047604713
"TMEM74",-6.85966387294856
"RNU6-618P",-6.87061064441177
"EML2-AS1",-6.893208156632
"PPM1K-DT",-6.89343262748908
"ZNF398",-6.90301223623625
"AGO4",-6.91744328077427
"LYL1",-6.93662536602427
"LINC01076",-6.95253459854278
"SSR3",-6.96533213459458
"WDR5-DT",-6.97022793404141
"BCL2L11",-6.97308944362236
"CCND2",-6.97866968804649
"LINC00892",-7.01793998628608
"OVOL3",-7.02762766663398
"PPCDC",-7.03279951615881
"FUNDC2P4",-7.0436931344947
"RNU6-790P",-7.06101267090863
"ASTL",-7.09240421746441
"MBLAC1",-7.09422766723903
"UBE2J1",-7.10566756508092
"LINC01160",-7.1230337447861
"RNA5SP122",-7.14767957366023
"LINC00158",-7.15739375841173
"KCNS1",-7.16828797003786
"UBB",-7.16836084748794
"TRGV2",-7.18155886558915
"ZNNT1",-7.18263922458128
"UTS2R",-7.18783352359138
"TRAV14DV4",-7.24403623225962
"EEF1A1P16",-7.24690455477516
"PPIAP2",-7.25968058844038
"SLC9A7",-7.26375456239999
"SACS-AS1",-7.26833707899464
"LINC02059",-7.27321865034512
"SLC38A5",-7.28820188626613
"CPXM2",-7.28971276884462
"RNU6-430P",-7.30330650823736
"OR4C6",-7.33665815309654
"TERB1",-7.33848454495735
"ZFAND4",-7.35561323616582
"RNA5SP282",-7.36717307033946
"WNT16",-7.36981502064395
"ATP8B2",-7.38144766427355
"PDXDC2P-NPIPB14P",-7.40575333179428
"ATG4A",-7.45025027808588
"LINC02811",-7.45369483201654
"JPH3",-7.46968581589297
"CLECL1P",-7.47947579459193
"MT-TY",-7.49717758319518
"CAPN10-DT",-7.51148060181499
"RNU6-1188P",-7.51329557573074
"RNU6-254P",-7.52107577757834
"RAB9A",-7.52508932394624
"HCST",-7.55128141061244
"S1PR4",-7.55444537040925
"PHB1P12",-7.59243235175729
"LINC00322",-7.59284909918243
"SNRPGP14",-7.59916308437094
"BIRC3",-7.60256556993752
"PLEKHA8",-7.60568652348162
"PHACTR1",-7.62955314126452
"CCL3",-7.63237396971962
"C6orf58",-7.67129605744239
"NAALADL1",-7.69303111682821
"RPL17P48",-7.69444133656058
"POPDC2",-7.7446376718921
"RPTOR",-7.75593510435071
"HEATR3-AS1",-7.76970028997929
"RNU6-319P",-7.77471039223101
"PRELID1P4",-7.77536461820209
"ENTPD4",-7.79049889203063
"MIA2-AS1",-7.81184069712384
"IGLV3-13",-7.81320445581559
"MTIF3",-7.81812464431177
"TCAF2",-7.84906405536532
"RN7SL566P",-7.88704471451581
"SLC7A5",-7.88854961359949
"ADCY7",-7.89263943540163
"GPLD1",-7.90161517639433
"PIP4K2A",-7.90440302309792
"ZNF304",-7.912956358157
"PARVB",-7.95182546475246
"HDHD5-AS1",-7.95919966588279
"STARD5",-7.95965342834844
"SPI1",-7.96832737840595
"SOCAR",-8.00525627054946
"LINC02352",-8.0055710847192
"DUSP2",-8.01208474127767
"IL6R-AS1",-8.02044698528944
"CCL3-AS1",-8.02512412617557
"SMARCB1",-8.04676768374987
"H4C14",-8.04817732881021
"SNORD3B-2",-8.08569400923824
"FBXO41",-8.11386074420066
"RPSAP53",-8.1182870466235
"LGALSL",-8.1305759824587
"PLAG1",-8.13689273873075
"ZNF804B",-8.17940909468641
"VIM-AS1",-8.19088948404413
"TRGC2",-8.22249935511376
"C17orf49",-8.22911010997893
"IGLV3-2",-8.23041133710605
"CCDC88A",-8.2697709751842
"LINC03072",-8.27179883183351
"TRAV8-2",-8.27479565517206
"ZNF709",-8.28016498426038
"MIR548L",-8.29489105476762
"UTS2B",-8.2966804084435
"WNT10A",-8.29737941505906
"SH3KBP1",-8.30263318679375
"ANKRD44-IT1",-8.3155398406754
"TRGV3",-8.32137429615779
"ANKRD49P1",-8.32511089113348
"SNORD3B-1",-8.34489461144656
"MICALL2-DT",-8.35447730544785
"IGLV3-32",-8.37242303459589
"RPAP3-DT",-8.40760331080586
"S100Z",-8.4084411648145
"UFL1-AS1",-8.41103385103597
"MIR4435-2HG",-8.41281752280468
"ENTPD1",-8.41474039537772
"DNAI7",-8.4210169147182
"MTND1P32",-8.42650759568558
"OTUD1",-8.44026112338173
"ARHGAP25",-8.46673224757131
"CORO1A",-8.51612575773346
"LINC01320",-8.51932052226156
"RPL13AP12",-8.52137485888434
"SNAP25",-8.52602696482123
"MTCP1",-8.52683178008435
"PDE1B",-8.53532263870046
"KCNIP2",-8.55390210231058
"ORAI2",-8.55583691228778
"RN7SL268P",-8.5562270920449
"DENND2C",-8.5646814987514
"IGLV1-62",-8.57375627128325
"RNF2P1",-8.57670525947225
"CD19",-8.58200510477817
"INSL6",-8.58739808664615
"CHRNE",-8.61106005965927
"PLGLB2",-8.63557197146449
"RPL23",-8.67880784546555
"WAS",-8.69712951419755
"GYPE",-8.70878045294753
"TRAV5",-8.70937367900328
"ZNF710-AS1",-8.71266984627446
"EOLA1",-8.74071148972316
"ASNS",-8.74338379929774
"DOCK8-AS1",-8.75263273171359
"USP8P1",-8.7539611737254
"TNFAIP8",-8.75507179152589
"CD247",-8.793317662559
"ZNF280C",-8.81480946058184
"RNU7-115P",-8.83483557417059
"RPS11",-8.84163227605594
"RNU6-1011P",-8.8485897582102
"PIM1",-8.8607154599819
"H2AC11",-8.86562910577733
"HSH2D",-8.8711457592859
"PIK3CD-AS2",-8.90634543687779
"LINC01843",-8.90952729213556
"DENND6A-DT",-8.95565294726999
"MIR29A",-8.96027678452692
"FXYD7",-8.96707281854646
"RNVU1-2A",-8.9813083928111
"DDX3X",-9.00165732665666
"VOPP1-DT",-9.01478100280693
"RNU4-38P",-9.03111660485925
"RPL10P12",-9.07084520556371
"CDK6-AS1",-9.07132054471102
"PDGFD",-9.10811391900722
"TMCO1-AS1",-9.1174069314581
"DUSP28",-9.1348804746125
"LGALS1",-9.14028931978324
"TRBV19",-9.22447119170295
"RPS15P4",-9.22995864871189
"LINC01754",-9.23992897962355
"HSP90B1",-9.26247718820161
"CCR5",-9.26910396796889
"CEP152",-9.28572467826305
"RGL4",-9.2908927546071
"RELT",-9.32753584080717
"ERG",-9.32995632290213
"LMNTD2-AS1",-9.36178899222448
"ANKRD36B",-9.37084832663977
"IGHD2-2",-9.41733509388186
"NCMAP",-9.4203241471384
"ZNF24TR",-9.43231364969924
"LINC01505",-9.43760317934705
"DNAJC24",-9.46159383357341
"LRRC2",-9.47271621037515
"RNU6-390P",-9.47422669584318
"RBM14-RBM4",-9.48152760314757
"NOD2",-9.48449698205743
"GIMAP2",-9.49305511464203
"BCAS2",-9.49692304444805
"CCL22",-9.51036162917325
"ACRBP",-9.53043390252562
"GNG7",-9.5415273360865
"EIF2AK3-DT",-9.5448383005463
"LRIG2-DT",-9.55682117265032
"ATM",-9.57588117253204
"OR10A4",-9.58069623842442
"SV2C",-9.58204638690699
"RNU2-27P",-9.59886953375741
"LITAFD",-9.60168502907866
"SAP30BP-AS1",-9.6906448124156
"MIR4482",-9.70851749549294
"ELL2",-9.73129919234134
"HOXB3",-9.73202476189966
"N4BP2L2-IT2",-9.73533172216125
"GAPDHP62",-9.73591108019865
"SMARCA2-AS1",-9.74164812447989
"RN7SL402P",-9.78245435466112
"VMAC",-9.80961103888444
"RBAK",-9.81074227981974
"RPL13AP15",-9.81371503523898
"LINC01977",-9.81762801706903
"RNU4-62P",-9.81913194490563
"PTPN22",-9.8399999708078
"SGTB",-9.8556683307481
"CR2",-9.8876332158066
"MIR1277",-9.90489393769521
"ETV2",-9.91204143522962
"SLFN11",-9.93554706869001
"RIPOR3",-9.95482778175702
"LINC02579",-9.96880340985104
"RPL7P35",-9.984652944555
"ZNF555",-9.99567520156999
"HYI-AS1",-10.0356345098816
"CAMP",-10.0672571907069
"CCND2-AS1",-10.0702531679296
"NEUROG2-AS1",-10.097910848031
"WIPF1",-10.0997304883829
"GOLT1B",-10.1292099136342
"ZNF594-DT",-10.1303611696721
"SCN3A",-10.1573531391416
"RAPGEF4",-10.1594076503664
"MIR645",-10.1839541949533
"AP1S2",-10.1923512016413
"CIR1",-10.1990690266636
"GARIN2",-10.208853139043
"IGHV3OR16-7",-10.2269043600252
"ACTG1P14",-10.2399840703287
"HSPE1P22",-10.2542158582021
"ZNF189",-10.2582946897134
"LYG2",-10.2694923630496
"HSPE1P13",-10.2891785626938
"RNA5SP37",-10.3155636956515
"INMT",-10.3292968994708
"LINC01273",-10.3304737800033
"CDC42",-10.3307577211325
"CDC37P1",-10.3378543365942
"VIM",-10.3867510057587
"ZNF740",-10.400366555731
"ACAP2",-10.4065078238595
"RPL3P6",-10.4081058175135
"CCDC88C-DT",-10.4150427664855
"RPL12P44",-10.4181087791644
"MAPK8IP1P2",-10.4518982510055
"RPL9P30",-10.4678575226515
"ZNF697",-10.5344022626765
"FSD1L",-10.5390835240023
"PRMT9",-10.5392489642093
"RNU6-722P",-10.5451092442778
"GRK5-IT1",-10.5455736263621
"SNORA71B",-10.5622015336017
"RNU6-387P",-10.5885920866779
"OPRL1",-10.6338060944466
"IGHV3-73",-10.639462226443
"RNVU1-15",-10.6405015786642
"DCC",-10.6518247270629
"RPL21P16",-10.6548412940195
"H3C10",-10.6733842616511
"ABAT",-10.7198286115485
"NLRP7",-10.7485435749871
"RNA5SP115",-10.7573693704339
"LINC01126",-10.7681725724379
"SERPINI1",-10.772003977407
"ZFC3H1",-10.7740815182112
"TRBV5-3",-10.7867529680471
"SLC25A5P5",-10.8028962161346
"RPS26P22",-10.83177497891
"MIR103A2",-10.8553142735377
"ZFTRAF1",-10.8819615424839
"NPTX2",-10.9487906961932
"DBF4P1",-10.9492460611975
"ADGRE3",-10.9689396982905
"IGKV2D-30",-10.9758565681219
"IGLV4-3",-11.0364647955524
"SUSD3",-11.073734356069
"EMP3",-11.0771791952085
"GOLGA8B",-11.0834578632504
"UBASH3A",-11.1086512031408
"RN7SL28P",-11.1129599649273
"MORF4L1P3",-11.1166014146066
"CASTOR2",-11.1170999966293
"POLHP1",-11.1391782876233
"DOK3",-11.1513299770012
"SPCS3",-11.1692512180215
"IRAG2",-11.2218155507901
"LINC02363",-11.2743672073017
"CTH",-11.2799155705971
"OXA1L-DT",-11.2875940060393
"RNU6-672P",-11.2962959257044
"ZNF586",-11.3058023865134
"IL2RB",-11.3244848625295
"H2AC15",-11.3650814677208
"FCRLB",-11.3781737411751
"XCL1",-11.3790621880559
"CCDC69",-11.3862734859686
"ISCU",-11.395563619987
"CA5A",-11.403167056742
"IGHV3-42",-11.4277538285538
"OMD",-11.4300512538432
"MED23",-11.4651601284038
"SZT2-AS1",-11.4658625366731
"RPL21P97",-11.4737677795346
"ABCD2",-11.4894488490833
"SLC2A5",-11.4945042749129
"ZNF235",-11.5255601448476
"RPL27A",-11.527967068336
"ADAMDEC1",-11.5295208519959
"MDM4",-11.5954343507288
"ZNF571-AS1",-11.6545409054866
"SNX20",-11.6608228458606
"SEPTIN4-AS1",-11.6935923358713
"PTPN2P1",-11.7287120883757
"NAMPT",-11.7499137866695
"HCG27",-11.7769164981317
"ITM2C",-11.7945520338102
"BCL6B",-11.8030938646458
"KNCN",-11.8177846638147
"RHEX",-11.8316013404122
"LINC01943",-11.8403063906497
"HTATSF1P2",-11.8513572997827
"NIN",-11.8552722400176
"TMC3",-11.8582614733094
"RPL23AP58",-11.8741166195406
"IGHV3-60",-11.8753651446409
"SNORD11",-11.9283778381022
"FCGR2C",-11.9502282793334
"CSTF3-DT",-11.9791359730376
"KRT81",-11.9879822484728
"PACSIN1",-11.9969312526871
"OXCT2P1",-12.0321906899984
"RPL21P44",-12.0364486601429
"RNVU1-7",-12.0493569943011
"FBXO5",-12.0904865609356
"JMJD1C-AS2",-12.0966882619478
"RASGEF1B",-12.1249572333301
"RPL41P2",-12.1565817570849
"EEF1DP2",-12.1747353222102
"ST8SIA1",-12.1938742021677
"LINC00299",-12.2161991410182
"STK4",-12.2162191684024
"MTND5P25",-12.2238214427878
"RPL36AP13",-12.2410056261937
"SNORA70G",-12.2482818674098
"CLEC17A",-12.2600778915922
"TEKT3",-12.3000705475759
"TPTE2",-12.3471061757683
"LINC00467",-12.3663702114816
"RUNX2",-12.3773222074981
"ZNF530",-12.3916874250217
"CYP2E1",-12.4098944197395
"SYNGR3",-12.4224515590753
"RALGPS2-AS1",-12.429169511007
"DISC1FP1",-12.4446900853186
"SPCS3-AS1",-12.4622053524386
"PDE6C",-12.4765326230137
"LINC01948",-12.4982076924962
"SELPLG",-12.5134986423554
"TRBJ2-1",-12.5369891260762
"PLCL2",-12.5482387250038
"ERICH6",-12.5493804086286
"OXCT2",-12.5709663887524
"FHL1",-12.6003764869555
"LTA",-12.6131912144658
"TRAJ32",-12.6154090905312
"WDFY4",-12.6155470595808
"TAS1R3",-12.6219453977368
"ZNF804A",-12.6437462486665
"APOBEC3D",-12.6572895082972
"BOLA3-DT",-12.6691112144229
"MS4A6A",-12.7169310951612
"MRPS18AP1",-12.7245505417697
"TBC1D3L",-12.7351663996205
"YPEL5",-12.744292457568
"H3C7",-12.7577698292585
"SRP68P2",-12.7710048533123
"VAMP1",-12.819047329675
"SMAP2",-12.8598226304085
"YPEL5P2",-12.8712850998805
"SLC2A3",-12.8805412449677
"TEKT4P2",-12.8876648667963
"ELFN1-AS1",-12.8923452222263
"RNVU1-31",-12.9101568368979
"FBXW4P1",-12.9125590022533
"CAB39L",-12.9139826044036
"FAM78A",-12.9513293057658
"QPRT",-12.9527001917937
"FAM209A",-12.9710786890333
"ZBTB8A",-12.9756355655389
"SMCO3",-12.981197054646
"TRAM2",-13.006025638828
"ABI3",-13.0236332735632
"FERRY3",-13.0457790478815
"ACAP1",-13.0653466807123
"CYRIA",-13.0817403915658
"TRAV4",-13.084140486695
"SAMD9L",-13.0921595420574
"SVIL2P",-13.1891300144453
"C11orf98P3",-13.2085818624345
"PPP1R16B",-13.2529614011928
"SNORD89",-13.2535820112904
"IGHV2-26",-13.2763717044913
"STK10",-13.3477273863776
"ITGA6-AS1",-13.3931001264109
"CNPY4",-13.3934814543573
"RN7SL130P",-13.4026492103015
"LAIR2",-13.4071287146606
"DLL3",-13.4237160502861
"CPA5",-13.4731687909601
"LINC02227",-13.4844174655979
"VCPKMT",-13.4855279555479
"PARVG",-13.5706090926656
"RNU2-62P",-13.5918503201758
"HNRNPA3P11",-13.7742562255789
"TSPYL6",-13.7807178403331
"FILIP1L",-13.8549912242006
"DTNB-AS1",-13.8926735536009
"SEPTIN1",-13.9132674558414
"PDCD4",-13.9148568694864
"CCL5",-14.0293533800678
"KLHL14",-14.0318882033845
"SSPN",-14.038650700128
"MIR4518",-14.0496679237842
"LINC01511",-14.0669340502779
"SLCO2A1",-14.1000563387868
"FCRL1",-14.1192531733357
"FBXW7",-14.1460670307507
"PKD1L1",-14.1801709312574
"RNU4-2",-14.2057258525335
"LHFPL1",-14.229646679853
"U2AF1L4",-14.2342632425282
"BLNK",-14.333387777175
"LRRN1",-14.3533111475288
"FBXW7-AS1",-14.3844744000493
"TICAM2",-14.4224775180792
"LCN8",-14.4268300472014
"APBA2",-14.4540400724209
"RN7SL127P",-14.4592822328659
"RPL9P7",-14.4662859333362
"ARHGAP30",-14.4758286527515
"SNX25P1",-14.5167458204948
"ASCL1",-14.5399245498857
"MYO5A",-14.5625267481872
"LINC01679",-14.5660295501455
"SLC23A1",-14.5989890638
"EHMT1",-14.6203970592376
"SELENOK",-14.8777204675671
"LINC02416",-14.8784385466183
"ZNF331",-14.8902963186771
"TRBJ1-5",-14.9489979185648
"HEATR3",-14.9628442678325
"OGT",-15.0187407888259
"CD37",-15.0338143162357
"GYPC",-15.0343518444004
"LPIN1",-15.0386415027959
"GPRIN3",-15.0414606554234
"LINC02576",-15.0442494151675
"DPF3",-15.0534943025677
"DDX47",-15.0812283923229
"ZNF225-AS1",-15.1295041408195
"TRAV29DV5",-15.1566899397264
"CDKN1B",-15.1801506328537
"LINC01717",-15.1883196391676
"RNA5SP505",-15.323489701957
"TLR6",-15.3253828320653
"BIRC6",-15.3270085452171
"IGKV2-40",-15.3315974379541
"KLK1",-15.3469752888192
"ZNF776",-15.3563386723337
"NCOA3",-15.3649102845612
"ZNF473CR",-15.3864492635886
"APOBEC3H",-15.396660346586
"CARMIL2",-15.4892301518542
"GNB3",-15.5014405194287
"HMGB1P51",-15.5042000024188
"H2AC13",-15.5192722815484
"ABCB1",-15.6355121736934
"LINC00852",-15.6583269739542
"MYEOV",-15.6682803650443
"ADA2",-15.6701969640997
"LINC00324",-15.7025616471657
"PDCD1LG2",-15.7077000696623
"IGHV1OR15-2",-15.7338233521532
"TRBJ2-2",-15.7736274908965
"RPS29",-15.7915396448332
"BMP2K-DT",-15.7935470427683
"PCDHGA6",-15.8439587583311
"LINC01863",-15.9085702568915
"MIR6077",-15.9163203152311
"ZNF418",-15.9311989196898
"USF1",-15.9414038956384
"RPS15",-15.9569328819235
"MARK2P3",-15.9605550631318
"TGFBRAP1-AS1",-15.9877566438812
"FAM204BP",-16.0192139731818
"RNU6-97P",-16.0460633384188
"ITPRIP-AS1",-16.0543197773409
"RNF32-AS1",-16.1137494052372
"PAQR6",-16.1589199054072
"RNA5SP437",-16.1605636770885
"SETBP1-DT",-16.209758785804
"LINC02964",-16.2252656842833
"BCL2",-16.2514160029783
"E2F5-DT",-16.3218346949834
"JDP2-AS1",-16.3348173894974
"SFMBT2",-16.3610135653565
"DUTP1",-16.3653495741862
"IGBP1P1",-16.440590742503
"PRR29",-16.4481387320262
"WAKMAR2",-16.4748201039623
"FMNL1",-16.4809140427861
"AMER2",-16.493218266948
"NPIPB11",-16.5551523735623
"IGHV3-6",-16.5617335145648
"LIPJ",-16.5970651801482
"EDEM1",-16.6225474563711
"ARID3A",-16.6253103292683
"CNTNAP1",-16.6286521590034
"STK38L",-16.6566220943654
"FBXL22",-16.6704179184471
"MOB3A",-16.6729545252812
"LINC01480",-16.6837718809943
"OSTN",-16.7037512926341
"TERF1P7",-16.7303401225865
"ITPKB-IT1",-16.733624196241
"OR2D3",-16.7935713213024
"XBP1",-16.799780174999
"FOXI3",-16.8322230287243
"MIR4748",-16.8454052588491
"OPRM1",-16.8699393015956
"HMGB1P3",-16.9009007932318
"TRPM2",-16.9445386750798
"GLI1",-16.9686191480277
"HOXB4",-17.0538015875476
"GIMAP6",-17.1466772685853
"AKAP5",-17.1861877288775
"RAPGEF1",-17.2163167213228
"IGKV3-25",-17.2837642625205
"IGLV3-16",-17.28607626678
"SNORD46",-17.2908604136979
"LINC01993",-17.3011096948504
"TXNDC5",-17.3196847080397
"COL9A3",-17.330127013049
"ACSM4",-17.365566009735
"VDAC2P3",-17.4110976425931
"HSPE1P26",-17.4172507270185
"C21orf91-OT1",-17.4209170284271
"ZBTB24",-17.4309698999651
"ZFAT-AS1",-17.435204273215
"KIR2DL4",-17.4380619784879
"IL21R-AS1",-17.4444385850667
"ZFAT",-17.517169651083
"TTC9B",-17.5231244012003
"ANKLE1",-17.5523061293567
"SEZ6",-17.5723971288973
"MIAT",-17.5823693561147
"QPCT",-17.6334318892966
"TRAV12-3",-17.6660242517177
"RNU5B-1",-17.680946138756
"SEC14L1P1",-17.7729761803625
"IGLV3-22",-17.8001600059866
"MATK",-17.8233101923136
"RN7SL749P",-17.8604836679158
"ICAM2",-17.8878032536309
"ATP8A1-DT",-17.9233406196131
"PARP11-AS1",-17.9421146921029
"SEL1L",-18.0016718846857
"SEMA7A",-18.0396851277172
"EVI2A",-18.0870232492472
"SKAP1-AS2",-18.1593785819695
"RFLNB",-18.1790677902731
"CCNI2",-18.2075063561458
"PHEX",-18.2192013117224
"FKBP1AP1",-18.2922525758058
"EIF3EP4",-18.3083003859654
"LINC00525",-18.3253518039827
"PRPF19-DT",-18.3319940587273
"SLC6A13",-18.338577225187
"RGS2",-18.4003439448692
"NOC2LP1",-18.4654360964759
"LINC00423",-18.6381054436125
"BTF3P12",-18.6443383087777
"CAPN7",-18.6741882974695
"RNU6-1157P",-18.6937204650534
"TGFBR3",-18.8013586907642
"ZCCHC18",-18.8072695008462
"LINC01781",-18.8236929858487
"SEC11C",-18.8647941934822
"IGLV7-43",-18.8709477664193
"LNROP",-18.876398947917
"TRGV4",-18.9034937968706
"TWSG1-DT",-18.9780576138881
"ZNF461",-18.9835790736569
"PRR29-AS1",-18.9918325508541
"SEPTIN4",-19.0129723806916
"DPEP1",-19.1126555386614
"NELL2",-19.3152120499459
"SUGT1P4-STRA6LP",-19.3700601463602
"ELOCP28",-19.3909588953613
"SLC25A42",-19.398766357788
"RN7SL767P",-19.4556829052055
"DUSP8P5",-19.4877057275343
"ITCH-AS1",-19.4905556311665
"LINC02836",-19.5002398044328
"SCRG1",-19.5099756851534
"MFNG",-19.5140601811774
"LRRC2-AS1",-19.5294351296929
"GPR52",-19.5578460658287
"CD180",-19.5729980919356
"IL1A",-19.6126543295626
"CD7",-19.6620672113981
"GLA",-19.6828805707106
"TNFAIP3",-19.6900608470973
"CARD8",-19.6915442411376
"BMP6",-19.7602371122694
"PRDX4",-19.7868724808334
"LINC01692",-19.7883474975047
"IGHV3OR16-6",-19.8055794807114
"RN7SL827P",-19.8152131426764
"IGLV11-55",-19.8324028125257
"LINC01990",-19.8792604176973
"CARNS1",-19.920446208554
"CD244",-19.9480999678751
"ITK",-19.9556159870858
"IKZF3",-20.0272899284428
"TRAJ42",-20.0354050815439
"IGHV3-25",-20.0466710456704
"RPS19",-20.0538088238993
"ZNF683",-20.0609256196591
"RAB6B",-20.0869130004718
"HUS1B",-20.0875992247183
"DNAJB9",-20.1159641592905
"CALM2P2",-20.1797320766927
"COL3A1",-20.2454273114059
"ZBTB8OSP2",-20.2517623935974
"CENATACP1",-20.2576996549274
"SDS",-20.259520282212
"RNU1-2",-20.313412588813
"TRAV25",-20.334696740288
"CNKSR2",-20.3926341839281
"ITGAL",-20.411025590747
"LINC02273",-20.4446104616177
"IGKV1OR2-118",-20.4531316832978
"SLC26A2",-20.4922790627186
"ZNF382",-20.5175652902001
"H3C1",-20.5338183335518
"SUZ12P1",-20.61164016461
"NATD1",-20.7442120825642
"ATP2B1-AS1",-20.7604690556344
"DPPA4",-20.7654533554073
"MAP4K1-AS1",-20.9196277681826
"IL12RB1",-20.9362101200266
"FCRL4",-20.9661752073578
"ZNF878",-21.0157267115688
"TNPO1P1",-21.0464096950628
"IGLV2-33",-21.0653991763746
"CD200",-21.0879955909211
"MIR8071-2",-21.1035927845351
"RNVU1-29",-21.1915694465539
"MTND2P2",-21.2391990899762
"TRBV7-2",-21.2735858708557
"PAX5",-21.3534387161339
"SCGB2B2",-21.3738098991939
"RASGRP3",-21.4213092515216
"IGKV1-32",-21.4298384073598
"RPL32P11",-21.5323140736979
"HMGN1P24",-21.5620143576356
"GATA3",-21.6202117191238
"RNU6-979P",-21.7200779337136
"TRBV4-2",-21.8446189805714
"PIP5K1B",-21.9108512487841
"FXNP2",-21.9597686961802
"ZKSCAN8",-21.9606101951768
"BTF3P16",-21.9657473625936
"RNU6-60P",-21.9734065649374
"EPOP",-21.9921752727256
"CD27-AS1",-21.9938136400482
"BTG2",-22.0104512911094
"TMEM244",-22.0251314151138
"HECA",-22.1514761009819
"ARHGAP9",-22.1937142422757
"ZNF433",-22.2340025330951
"PYHIN1",-22.2409371278889
"LINC01354",-22.2493134766358
"SNORD92",-22.3406561356757
"LINC-PINT",-22.365694016984
"TEX14",-22.3709862343133
"CLDN14",-22.3992757099222
"TRBV6-5",-22.4430908923834
"UBXN4",-22.493534483871
"PFDN5",-22.5118363862243
"LINC01934",-22.5145248803362
"IGHV7-56",-22.5289353767459
"ENPP6",-22.6495621470696
"ADAM7-AS1",-22.6500186721557
"SNAI3-AS1",-22.6592121246745
"EPN2-AS1",-22.708269590427
"COL4A4",-22.7383131528815
"IGLL1",-22.7617777593058
"ADAM11",-22.8323861930407
"SENCR",-22.8975099296586
"PCED1B",-22.9564600138833
"CHN1",-22.9756973085512
"MIR3139",-22.9857273425859
"PTH2R",-23.0303161708339
"TRBJ2-7",-23.0311157360968
"LINC02195",-23.1341618788797
"CCL1",-23.1616740686901
"KLRG1",-23.2179752064699
"MRPS6P2",-23.3216930315679
"IGKV1OR2-108",-23.3582829406715
"TOX2",-23.3675954881049
"MSC-AS1",-23.4239755393206
"TMEM200A",-23.4924992267213
"PDCD1",-23.5362463251245
"ARRDC5",-23.5927492926806
"KLRK1-AS1",-23.6161022516217
"ZNF250",-23.6702570696805
"IGHD3-3",-23.7458628265626
"CNN2P1",-23.8546510137061
"LINC02937",-23.9988985883657
"PRKAR1B-AS1",-24.060649375567
"S1PR1-DT",-24.1567443419665
"CD300A",-24.1799708615582
"KLF6",-24.2086565496099
"IGKV1-22",-24.2365235274581
"NRTN",-24.2915412630174
"IL4I1",-24.2991013896002
"SNORD69",-24.4324225396027
"HTR1DP1",-24.4808155878688
"IGHEP2",-24.4937031228802
"RAPGEF3",-24.5608047386395
"FCRL3",-24.6123159228482
"TNIP1",-24.6334143409662
"LINC01890",-24.6461906253445
"GFI1",-24.6740337487246
"QPCTL",-24.7010500739377
"KCNMB3",-24.7381069927386
"RPL4P7",-24.7846661050105
"ASAP1-IT2",-24.8426644577423
"RALGPS2",-24.9094080184439
"ADTRP",-24.9226732965429
"ADORA2A-AS1",-24.9505359950712
"THAP2",-25.1809261285206
"CD22",-25.1986461058953
"RNU5A-1",-25.2715503280082
"HLMR1",-25.3293097737295
"ACACB",-25.421076410487
"ANKRD28",-25.4362455091496
"LINC00996",-25.4374810830344
"AIRN",-25.5422582181531
"RN7SL146P",-25.5448186050422
"ADORA2A",-25.6942690220212
"TYROBP",-25.7334966766478
"IGKV1D-13",-25.8197036668078
"MAN1A1",-25.8566971929454
"TRBV9",-25.8676987447162
"TRAJ43",-25.8863452862964
"IGLV2-34",-25.8975796983334
"ODF1",-25.916456820426
"ALDH1L2",-25.9218642622225
"TRBV5-5",-25.9807226352328
"RPL17P28",-25.9867898510393
"SLFN12L",-26.0635210376108
"GPR171",-26.0742747843645
"AOAH",-26.1060474186514
"ISG20",-26.1406259974105
"SCYL2P1",-26.1506193002191
"UBA52P8",-26.2045799043348
"PECAM1",-26.2097915384677
"PRND",-26.2331121834178
"IGKV2D-24",-26.3227943284311
"IGHD3-10",-26.361579711197
"SPAG4",-26.4284199968542
"IGHD3-9",-26.443753906329
"GRAP",-26.4717562563618
"HLA-DQA2",-26.5975060608562
"C1orf74",-26.7049696061543
"ENPP7P12",-26.8857225808589
"SMIM43",-26.8995578920119
"KBTBD8",-26.9288687868317
"IGLV1-36",-26.9512074752236
"H2AC4",-27.0332552482784
"CSGALNACT1",-27.033347939518
"RNU6-1093P",-27.0338806718715
"CRYBA4",-27.1809144542541
"TRAV21",-27.2308529888748
"SWT1",-27.2393752899345
"ANKRD49P2",-27.2656917620492
"TMCC2",-27.2984974636814
"ZNF831",-27.3373289592605
"PPIAP30",-27.3599324628874
"C2orf88",-27.5095030924368
"PTGER4",-27.6897845967233
"MOXD1",-27.740389847183
"PTGDR",-27.7433496441398
"IGHJ1",-27.7831047527839
"TRAC",-27.8361101641449
"RFPL3S",-27.8580328470314
"FGGY-DT",-27.9623732891903
"CD200R1",-28.000730099978
"GAPDHP43",-28.009733707448
"CAMK4",-28.1423389865909
"PALM2AKAP2",-28.1530256537104
"GNGT2",-28.4150452472318
"LINC02446",-28.504094532964
"TENT5C",-28.5469878913369
"DENRP2",-28.6817653943698
"ZSCAN16-AS1",-28.765239242434
"ITGB7",-28.868723833127
"DOK2",-28.8941031791738
"NAP1L2",-28.9087789113683
"MROH9",-28.9313474789779
"IGLV3-12",-29.0060352866215
"DUSP5",-29.0423267550921
"A1BG-AS1",-29.1868127485025
"LINC00861",-29.2708179240068
"DUX4L50",-29.3628036306514
"ZNF835",-29.4600393691669
"NXPE4",-29.5544560595443
"TP53INP1",-29.5739129965327
"GOLM2P1",-29.6082659843991
"ZNF154",-29.697857343006
"SH2B2",-29.7917749052838
"IGHV3-16",-29.9493181313864
"SEPTIN3",-29.9853524141349
"IDH3B-DT",-29.9907600718028
"FOLR2",-29.998780132151
"ZEB2",-30.0486106058376
"LINC00222",-30.1124960948714
"CD84",-30.5348177665052
"IGHV3-43",-30.5365458856736
"IGKV2-4",-30.5997949960596
"RPL21P81",-30.6122470892004
"FICD",-30.6656128850423
"PRSS51",-30.7987301810574
"RNU6-638P",-30.8250562538569
"RNASE4",-30.8446318319117
"ZNF738",-30.8530520901832
"TESPA1",-30.8586757131437
"HOXB-AS1",-30.8845491545716
"SLC9A9",-31.0021420545393
"RGCC",-31.0036774166331
"ZNF165",-31.1597263398027
"TSSK4",-31.1740122222518
"TRAF3IP3",-31.2964151259966
"HELLPAR",-31.4209635557351
"HDAC4-AS1",-31.4986192070912
"SPN",-31.5020219221727
"BTD",-31.5412119019374
"TBXAS1",-31.6052702956792
"CRYBB1",-31.6623760047742
"EIF2AK3",-31.695255743897
"PDCD4-AS1",-31.7906203877178
"DPEP2",-31.8646970534778
"PIK3R5-DT",-31.9364645509717
"MSRA-DT",-31.9941187732038
"REG4",-32.0389805608665
"NPM1P37",-32.0700617317579
"PRR33",-32.0936601431515
"PIMREGP3",-32.1095323058728
"SASH3",-32.16514237882
"DUSP26",-32.1897158021907
"PSTPIP1",-32.256843046196
"FASLG",-32.2650397813164
"LINC00528",-32.3378651520846
"IGHA2",-32.401125640948
"MAF",-32.4467978959996
"KLHL11",-32.4867509135283
"CTHRC1",-32.4921353623625
"CREM",-32.5259876659828
"JAK3",-32.5303385252744
"CCR6",-32.6086333857797
"ALMS1-IT1",-32.6106995693254
"PDIA2",-32.6402438341117
"CHRM3-AS2",-32.7024794815282
"GZMA",-32.7692172437219
"IGLC7",-32.8079061127584
"LPXN",-32.8802025633323
"IGHJ3P",-32.9982671246733
"LINC02580",-33.0203961420742
"MT-TA",-33.0213997416863
"SPINK2",-33.0669631246596
"HBD",-33.1962812290959
"FAM193B-DT",-33.2923691584089
"KCNA2",-33.3210743660695
"ALPK2",-33.3464611048119
"C11orf21",-33.3529477892708
"TSC22D3",-33.3577532549102
"RPS26P21",-33.6772739133454
"PLEK",-33.6972774322946
"WARS2-AS1",-33.7461377446202
"RECK",-34.0615095958423
"RAB3B",-34.0903442701155
"DYNLT2",-34.151626612505
"HCLS1",-34.220239027687
"ICAM3",-34.3265880522458
"PDK1",-34.3519572239537
"TLL2",-34.3860990238206
"TENM1",-34.5923624306463
"IGLV2-28",-34.6077362513465
"ZNF215",-34.6347498659948
"TRBV6-1",-34.7952632163837
"CD3E",-34.8100717902015
"KLHDC8A",-34.8464230557274
"INSYN2B",-34.863248769116
"SH2D1A",-34.9247071560121
"ITGA4",-34.9257865008721
"CERCAM",-34.9912221552353
"GZMH",-35.0467699116067
"IL16",-35.1449613671309
"SNORD3A",-35.235642095532
"ZNF222",-35.2886392856622
"BTG2-DT",-35.3595206920387
"RAB37",-35.4963431711794
"IGHV3OR16-8",-35.5092579151796
"CCDC87",-35.5228824240564
"RPL21P94",-35.6018934159771
"CD40LG",-35.6783742290029
"LINC01871",-35.7565177264171
"STEAP1B",-35.7833938429436
"ZBTB26",-35.8799912284027
"LAPTM5",-35.8818160968646
"NPM1P20",-36.021066737846
"DOCK11",-36.1625487195441
"LAT2",-36.3102607772628
"PHF5AP1",-36.3521742031407
"LY86-AS1",-36.4786205335421
"IGLV2-18",-36.5196529406831
"FCER2",-36.7307876440383
"RAD17P2",-36.7329668464786
"TRPV2",-36.73825507551
"RGS9",-36.7440521905312
"PGLYRP2",-36.7884085419293
"MANEA",-36.9528275431207
"RNU6-1316P",-36.9528339802303
"TFEC",-37.0000220918438
"IGHV3-19",-37.019712215447
"CD28",-37.2666982702078
"PALD1",-37.3502526312135
"TRBV24-1",-37.6919762671773
"ZAP70",-37.7740501830476
"POU2AF1",-37.810325493074
"GZMM",-37.8387165020061
"CCR4",-37.8796905115456
"LINC01485",-37.9276710775475
"SCML4",-38.0103318040067
"AFF2",-38.1061882797817
"ESR1",-38.3526477143929
"ADAM19",-38.3545156843708
"IQSEC3-AS2",-38.469284873906
"SLAMF6",-38.527578919395
"LINC02371",-38.5489395595806
"CRACR2A",-38.5524911050251
"LINC02456",-38.582593949434
"BCL2A1",-38.6476658790712
"IGKV3D-7",-38.6886656733481
"MELTF",-38.7066466765154
"SEPTIN7P10",-38.714670532873
"RNVU1-25",-38.9008026847981
"CTLA4",-38.9183252223985
"NFATC2",-39.0069526777089
"RAB8B",-39.014462868
"ZKSCAN2",-39.356166270268
"CD6",-39.3966474568208
"SERPINB9",-39.5405561009945
"BICDL1",-39.6554095850412
"TNFSF8",-39.7289561596697
"OGN",-39.7975333845181
"IGHV7-81",-39.8895273057932
"CRTAM",-39.9525348051717
"LCDR",-39.9806453714095
"ZNF221",-39.9817447464509
"SCUBE1",-40.0152979113629
"PTGER2",-40.1347813468906
"CHODL",-40.1761278346102
"CD70",-40.1898625879362
"CKAP2-DT",-40.212193322438
"GRAP2",-40.25993804802
"VPS11-DT",-40.3034175938427
"RAB30",-40.3848231073196
"RAB33A",-40.6826269728179
"LSP1",-40.704517229819
"DBF4P2",-40.8203078844045
"SIT1",-40.850074712537
"LINC01147",-40.8841265337921
"CCL18",-40.9406193381888
"ZNF652-AS1",-41.0285027051453
"FAM157C",-41.0801400158898
"NEU3",-41.1354852290834
"LCP2",-41.2135179341297
"KLHL6",-41.231449352839
"CIMAP1C",-41.2341248516317
"TGIF2P1",-41.3261057484053
"CHST2",-41.443512273993
"IGHV3-64",-41.4493290531845
"GIMAP4",-41.6719363483747
"GPR25",-41.8399308278241
"TUBB4BP2",-41.9262958745665
"PDE3B",-42.0798519151358
"CYBB",-42.1309633259496
"TIGIT",-42.3060031779836
"FDPSP4",-42.3575452514487
"CD226",-42.3757872326638
"TBX21",-42.4460098553723
"CCL4",-42.496821494816
"TXLNB",-42.5113486542059
"RPL21",-42.5672646291204
"RPS3AP18",-42.5716759491934
"IGHV3-47",-42.6156672354089
"XYLT1",-42.9423817079798
"ITGA8",-43.0436424406446
"GZMK",-43.2712525466144
"LINC01942",-43.4446285218979
"CMPK1P2",-43.5193634208898
"GTSF1",-43.7210769364986
"HOTAIRM1",-43.7327892982034
"TNFRSF4",-43.7827950547297
"NUDT18",-43.8179202457032
"MIR142HG",-44.3248551331245
"RNU6-151P",-44.3676896292441
"BMF",-44.4224690386187
"IL7R",-44.5457265650276
"LINC02985",-44.572740083235
"TRGV5",-44.6315249345566
"IGHV3OR16-13",-44.7120144724993
"TSPAN32",-44.81352332407
"STAT4",-44.8152365960276
"TRAT1",-44.8498673699465
"ODAPH",-44.8696762770816
"IFFO1",-44.961206691255
"IGLC6",-44.9991763811106
"POMC",-45.0528515782667
"AMPD1",-45.0559974331094
"GPR15",-45.2610330862159
"GIMAP7",-45.9290783812115
"LINC00582",-45.9307979008904
"LINC03047",-46.0312646071703
"CASS4",-46.0827192425639
"ZBP1",-46.0940594282536
"RN7SKP127",-46.1048562839954
"BTK",-46.2351202168307
"IGKV2-14",-46.2367035530206
"CSF2RB",-46.4367068549727
"H2BC8",-46.5514133529367
"ALOX5AP",-46.6944847117113
"NRROS",-46.7813294861674
"RGPD2",-46.9123910771406
"ENPP2",-47.0068622751333
"TASL",-47.0954997054873
"HAVCR2",-47.1659920645099
"LINC02954",-47.2365575558997
"PCHILR",-47.2859180774045
"TLR10",-47.3524269174242
"LINC02642",-47.3807475789259
"LINC00426",-47.4034137334278
"TAF5LP1",-47.5795442839139
"TAF9BP1",-47.5948461510297
"TSIX",-47.9766452035085
"GAPDHP2",-48.3595597685873
"SNORD14A",-48.4762550269042
"BCL2L10",-48.8115971796221
"GPR22",-48.8765355000769
"BTLA",-48.9823992858362
"BFSP2",-49.0605347900806
"P2RX7",-49.1305232254865
"MANEA-DT",-49.1655920901284
"MYL12BP2",-49.324660517121
"RFPL3",-49.4081556279364
"MFSD1P1",-49.4672531629085
"FAM53B-AS1",-49.5507896899909
"NCR3",-49.6147417917663
"TAGAP",-49.679397834082
"TRPC3",-49.8603738872501
"KCNN3",-50.0913358203083
"ATP2A3",-50.2173195475536
"IGHV1OR15-1",-50.2620458716276
"CPED1",-50.3618839922168
"TRBV5-1",-50.419014121718
"ZDBF2",-50.4555655240507
"IGHV1-12",-50.7659967223268
"EEF1B2P1",-50.7792934316077
"LINC02090",-51.0219590908108
"RNVU1-26",-51.0966693342744
"IGHD",-51.2048690377078
"MEI1",-51.2140846174074
"IGHV3-65",-51.284085232716
"IGF1",-51.2991429803209
"BLK",-51.3350037960403
"LILRB4",-51.5357917528949
"SLC1A3-AS1",-51.6081522111412
"SAMSN1",-51.6444407555937
"LINC01182",-51.8536747265519
"IGKV1D-8",-52.0951851558739
"XCL2",-52.2495165512734
"CEP128",-52.2832376619944
"FIRRE",-52.603450676752
"IGHV3-71",-52.6277101782156
"PIM2",-53.158466193391
"LINC01484",-53.3066553887307
"PIK3R5",-53.7440779064911
"KLHL6-AS1",-53.8094205798357
"JAML",-53.9961649882481
"PM20D1",-54.0578429595443
"VPREB3",-54.1182228850095
"GPR65",-54.2324710149515
"IGKV1-35",-54.6689609809808
"GNG4",-54.8489150654176
"TSHR",-54.9523177380077
"ELMO1",-55.0704163072052
"IGKV1D-33",-55.1680732127396
"ADAMTSL4-AS1",-55.6428244289014
"GPR183",-55.677827474623
"LINC00513",-55.702037037912
"IKZF1",-55.763100935073
"NCF1",-55.7789321762393
"CCR10",-56.0070266408208
"LY86",-56.2064628386165
"RASAL3",-56.473616520751
"MAP4K1",-56.5970270606099
"TNFRSF18",-56.7499320568857
"CYTIP",-57.0148639124088
"DOCK2",-57.1069409916056
"TNFRSF9",-57.1745974554334
"DERL3",-57.4393735056235
"IFNG",-57.4994673971083
"TRG-AS1",-57.569582863344
"C17orf107",-57.5785717475211
"XIST",-57.7860100889169
"FCRLA",-57.824891418561
"IGHV5-10-1",-57.8829049833033
"FYB1",-58.5674709702562
"LINC02384",-58.6327128069859
"SNRPGP5",-58.6726717121382
"TBC1D10C",-58.7200974517797
"SYNE3-AS1",-58.826876758224
"PEBP1P3",-59.0650323079891
"PRKCB",-59.0811516760608
"FLT3",-59.209308776708
"OSTN-AS1",-59.4022394246977
"CYTOR",-59.4762864352538
"C16orf54",-59.5891937427007
"IGHV2-70D",-59.7583725833555
"SRGN",-59.8070417040478
"CD5",-59.8765333477608
"PIF1",-60.0339056600699
"LINC02362",-60.119038539506
"LINC01502",-60.283882919775
"RGS13",-60.3804526360215
"MELTF-AS1",-60.6405185113232
"ISL2",-60.6426427171343
"IGHV1-69-2",-61.008489334761
"MB21D2",-61.1653162367158
"MIXL1",-62.1812940910351
"PKHD1L1",-62.2565559239626
"IGHV4-80",-62.5488776563937
"IGKV2D-28",-62.6697430441598
"IGHV3-35",-62.8041353559427
"IGLV1-50",-62.8217931957549
"H1-4",-62.9843218717156
"IL21R",-63.0263712860902
"DHRS9",-63.3906920719783
"RCSD1",-63.523420757756
"IGHV3-62",-63.5322379679421
"F2RL2",-63.5486821084958
"SLA",-63.6239231489613
"SKAP1",-63.8605146750928
"EBF1",-63.8819794253557
"TRBV4-1",-64.0402620106202
"ZC3H12D",-64.4291215286885
"H2AC8",-65.0125278680448
"CD2",-65.1246331031826
"GNG2",-65.1295656301762
"IGKV3D-11",-65.7244812341698
"SYNE3",-65.8870658045554
"CEACAM21",-66.070718971722
"MIR3667HG",-66.1893441195461
"LINC01353",-66.4604991283577
"KLRB1",-66.7609320253978
"IGKV6-21",-66.950359551195
"IL2RG",-67.0552991981071
"LINC02427",-67.2075965857325
"FKBP11",-67.8536427199348
"CD8B",-68.4256368770307
"GAPDHP42",-68.4586023090713
"LINC00877",-68.5101079125879
"IGHV1-17",-68.6180921326445
"LY96",-69.3132189950299
"CTSW",-69.5601506983008
"IGHV2-5",-69.8379023093568
"LCP1",-70.4286580780788
"RPL36AL",-70.4537732834524
"IGLV3-6",-70.6396416573635
"P2RX5",-70.9546617176146
"NUGGC",-71.5921793310589
"IGKV1-37",-71.7200301920893
"CD86",-71.8332938153873
"HOXA1",-71.8396533048364
"IGHV1-45",-72.2408494190676
"GAB3",-72.9725607597087
"IGHG4",-73.4400457046599
"RNASE6",-73.7394916842952
"LCK",-74.058157497555
"DNAJC27",-74.2850158628579
"PRF1",-74.8152502580077
"ICOS",-74.8409317502275
"IGHV3-22",-75.5697579683589
"NCKAP1L",-75.9507921558833
"CD3D",-76.317423909594
"APOBEC3A",-76.5451052444073
"FLI1",-76.6546938762329
"IGHV3-52",-77.1763703583308
"IGKV1-17",-77.7163555287859
"BHLHE41",-77.736766274172
"PRDM1",-78.1720053393954
"NKG7",-78.2555733910546
"ADGRG5",-78.9808202617997
"IGLV3-25",-79.0987477165929
"IGLV8-61",-80.0761214900024
"IGKV3OR2-268",-80.2246273444076
"CDK14",-80.2442678622082
"IGHV1-24",-80.2496293918817
"IFNG-AS1",-80.6784686618312
"GZMB",-80.9700892666542
"LINC01681",-81.2475900198482
"IGLV2-5",-82.3816941079064
"IGKV1D-39",-82.4019050508721
"CXCR6",-82.4235389408879
"PLCG2",-82.898464912469
"IGLV9-49",-83.1870842396463
"MS4A1",-83.2197535815865
"SPOCK2",-83.7265814547593
"RASSF2",-83.8967572775061
"BIN2",-84.2216049313656
"CYTH4",-84.3054184080472
"LILRB1",-84.4915687842033
"PARP15",-85.0669188899409
"MSC",-85.3899729103072
"ZBTB32",-86.5803962391642
"STX11",-86.8040856251139
"PLA2G2D",-87.6190521591348
"IGHV3-41",-88.0668164907275
"IGKV7-3",-88.075903756149
"IGLV5-45",-89.2563633991053
"C3orf70",-89.429757298678
"IGLV5-48",-91.2726024298562
"IGKV2-24",-91.969607495063
"TRAF1",-92.1500831102146
"IGLV3-27",-92.3856593083559
"CD3G",-93.7389181747708
"IGHV6-1",-93.9038199965088
"HERPUD1",-93.9104667214125
"IGLV3-9",-93.9443035595827
"IGHV3-72",-94.1481083816937
"CXCR3",-94.4332359443893
"TALAM1",-94.4639040203638
"IGHV1-14",-95.2905168601698
"MALAT1",-95.5491674450987
"IGKV2-30",-95.5827690026558
"P2RX1",-95.6345584516471
"CST7",-96.071179673454
"IGKV1-6",-96.1194958623569
"CD8A",-97.4752777041181
"IGHV1-67",-97.5860190612217
"STAP1",-98.9058437204821
"CPNE5",-99.5002659141848
"ARHGAP15",-100.361597739467
"IGHV3-20",-100.395248415483
"FCRL2",-100.688016242291
"TNFRSF13C",-101.409339433454
"IGKV5-2",-102.022286239928
"FMNL1-DT",-102.409612796075
"TRPV3",-103.924313299416
"CXCL13",-103.977318181466
"IGHV7-4-1",-104.023702368665
"IGHV3-13",-104.070534755778
"IGHV3-64D",-104.175777060375
"CD27",-105.708428959553
"TRBC1",-106.066161378063
"PPP1R2C",-106.932362755631
"SP140",-107.445024621176
"IGKV3D-15",-108.169237549571
"IGKV1D-12",-108.814991903717
"IGHV3-48",-108.877300647677
"P2RY10",-109.190350214127
"IGKV2-18",-110.803616497821
"IGHV3-38",-111.528771690759
"IGKV3D-20",-113.032016648305
"FCGR2B",-114.65610434583
"THEMIS2",-114.840879832379
"CLEC2D",-115.596571995407
"IGKV1-13",-115.979296484672
"FAM30A",-118.143342000933
"TNFRSF13B",-118.409705160693
"CD79B",-119.707682347715
"TNFRSF17",-121.173856712165
"IGHV3-53",-122.166020279476
"PCED1B-AS1",-123.66244724636
"CCR7",-123.844656052246
"SLAMF1",-124.29188365123
"IGHJ2",-124.788811504991
"CD48",-124.803553451244
"TRBC2",-125.052037989975
"IGHV1-2",-125.649271705933
"PTPN7",-125.749710835547
"EVI2B",-125.871508568648
"PTPRC",-126.554831778877
"IGLV6-57",-126.98107927179
"PNOC",-127.803958779656
"CD53",-129.894244211822
"GMFG",-130.790899558828
"CD52",-131.702547343006
"IGHV4-61",-134.349499309504
"IGKJ3",-135.714526084882
"KCNA3",-136.654476175107
"IGHV4-55",-137.524976769534
"IGKV1D-16",-140.222781412469
"IGHV3-66",-144.738954757523
"IGHV3-11",-147.138342741729
"CD69",-147.690004607886
"IGHV1-69D",-147.9121023563
"LAX1",-149.813028804865
"IGHV3-69-1",-149.984116042739
"ITM2A",-152.297654286708
"IGHV5-51",-153.262380416872
"IGLV4-60",-155.965459414239
"CD79A",-156.193878884071
"IGKV3-7",-159.03039658369
"IGLV2-23",-159.775735326054
"IGHV3-49",-159.865058126429
"IGLJ3",-160.823190776267
"IL10RA",-161.924295060526
"TMEM156",-161.993627565773
"IGKV2-26",-164.185547809195
"IGHV4-28",-165.069821875665
"FGL2",-165.690333535078
"IGKV1-5",-165.692454497325
"IGHV1-46",-169.303208168726
"IGLVI-70",-170.200047863436
"IGHV1-69",-173.002812607976
"IGKV2D-29",-175.26988291208
"IGHJ3",-175.960872220072
"CXCR4",-176.705560423716
"IGLV2-8",-177.713422874655
"IGLV7-46",-178.253101540345
"IGKJ4",-180.127533446191
"IGLV1-47",-184.963452111425
"IGLJ2",-186.844145424654
"IGKV2-29",-189.100026328617
"IGKV1-33",-190.754579460229
"IGHV1-3",-191.286453067495
"IGHV3-21",-191.953211927795
"IGKV1-8",-192.34749876669
"IGHV3-33",-196.067469487066
"IGLV3-19",-196.628841356454
"IGLV1-40",-197.35812570029
"IGHV4-31",-197.629153427959
"IGLV2-11",-197.946323747646
"IGHV3-74",-198.39922655497
"IGKV1-16",-198.803133572573
"IGHV3-30",-199.595696221427
"IGKV1-12",-199.754487384467
"IGLL5",-199.911396198871
"IGLV1-44",-200.704361585794
"IGLV3-10",-201.221267135088
"PIK3CG",-203.693185645722
"IRF4",-204.949860327941
"MIR155HG",-205.101535705047
"IGKJ5",-206.519262550223
"IGHV1-18",-208.080390771453
"SSR4",-210.164917173022
"IGKV1-9",-211.471735467449
"IGHV4-4",-211.522050286423
"LY9",-211.819084532554
"RGS1",-212.202296822448
"IGKV2-28",-214.829454453133
"IGHV4-34",-215.420423129265
"IGHV3-7",-215.568851429044
"IGLV3-21",-216.132786633988
"IGKJ1",-216.241368318793
"IGLV2-14",-217.887456441058
"IGHJ5",-219.747468563833
"PDE4B",-221.57412057
"IGHV4-59",-222.107190397739
"IGHV3-15",-223.807163153891
"IGHJ6",-226.416762511585
"IGHV4-39",-229.366159021346
"FCRL5",-230.308381876767
"IGKV1-27",-236.052237595466
"IGHV3-23",-236.107838178218
"RHOH",-239.412031474377
"IGKV1-39",-246.542417719065
"IGKV3-11",-254.446860381037
"IGLC3",-265.308192695383
"IGLV3-1",-265.987270038391
"IGKV3-20",-268.072280480324
"IGKV3-15",-271.65484727355
"IGHGP",-280.946325219315
"SLAMF7",-282.624274827378
"IGHJ4",-286.232218769878
"IGLC2",-309.34182056073
"IGKV4-1",-310.630084942409
"IGHA1",-324.665466842302
"MZB1",-361.233372181013
"IGHG3",-377.194615667345
"IGHM",-390.376137126281
"IGHG2",-390.771347297961
"IGHG1",-460.868541910644
"JCHAIN",-472.222526953233
"IGKC",-603.565911036614
